site,Time,ghi_clear_mcclear,dni_clear_mcclear,dhi_clear_mcclear,bhi_clear_mcclear,ghi_extra_mcclear
LSA,2021-01-01 00:00:00,0.4601,0.0,0.3721,0.0879,1.3512
LSA,2021-01-01 01:00:00,109.3335,567.4307,32.5089,76.8246,165.8875
LSA,2021-01-01 02:00:00,327.8954,893.5429,60.16,267.7354,418.5251
LSA,2021-01-01 03:00:00,517.0029,994.1518,75.601,441.4019,624.1381
LSA,2021-01-01 04:00:00,650.9222,1035.3746,85.4163,565.5059,768.719
LSA,2021-01-01 05:00:00,718.0912,1046.6736,91.7811,626.3102,842.4166
LSA,2021-01-01 06:00:00,715.0122,1043.8314,92.0267,622.9855,840.2086
LSA,2021-01-01 07:00:00,642.0542,1026.443,86.0973,555.9569,762.2437
LSA,2021-01-01 08:00:00,503.4815,977.4694,76.5202,426.9614,613.8326
LSA,2021-01-01 09:00:00,312.1287,864.6559,60.9739,251.1548,405.0857
LSA,2021-01-01 10:00:00,95.6029,496.0177,31.106,64.4969,150.2234
LSA,2021-01-01 11:00:00,0.064,0.0,0.0599,0.0041,0.2295
LSA,2021-01-01 12:00:00,0.0,0.0,0.0,0.0,0.0
LSA,2021-01-01 13:00:00,0.0,0.0,0.0,0.0,0.0
LSA,2021-01-01 14:00:00,0.0,0.0,0.0,0.0,0.0
LSA,2021-01-01 15:00:00,0.0,0.0,0.0,0.0,0.0
LSA,2021-01-01 16:00:00,0.0,0.0,0.0,0.0,0.0
LSA,2021-01-01 17:00:00,0.0,0.0,0.0,0.0,0.0
LSA,2021-01-01 18:00:00,0.0,0.0,0.0,0.0,0.0
LSA,2021-01-01 19:00:00,0.0,0.0,0.0,0.0,0.0
LSA,2021-01-01 20:00:00,0.0,0.0,0.0,0.0,0.0
LSA,2021-01-01 21:00:00,0.0,0.0,0.0,0.0,0.0
LSA,2021-01-01 22:00:00,0.0,0.0,0.0,0.0,0.0
LSA,2021-01-01 23:00:00,0.0,0.0,0.0,0.0,0.0
LSA,2021-01-02 00:00:00,0.3945,0.0,0.3522,0.0423,1.262
LSA,2021-01-02 01:00:00,103.9571,494.9388,35.6105,68.3465,165.0306
LSA,2021-01-02 02:00:00,320.7002,852.1517,65.1419,255.5583,418.144
LSA,2021-01-02 03:00:00,511.0955,976.3817,77.2121,433.8833,624.3253
LSA,2021-01-02 04:00:00,647.7239,1037.0502,80.6045,567.1194,769.5282
LSA,2021-01-02 05:00:00,718.1694,1064.8528,79.8679,638.3015,843.859
LSA,2021-01-02 06:00:00,718.1592,1071.6621,77.0293,641.1299,842.2521
LSA,2021-01-02 07:00:00,647.7649,1058.7216,72.4482,575.3167,764.8156
LSA,2021-01-02 08:00:00,511.3482,1017.1985,65.0141,446.3341,616.8239
LSA,2021-01-02 09:00:00,319.8307,910.0182,53.5392,266.2915,408.3589
LSA,2021-01-02 10:00:00,100.1549,538.9637,29.3954,70.7595,153.622
LSA,2021-01-02 11:00:00,0.1165,0.0,0.1047,0.0119,0.3954
LSA,2021-01-02 12:00:00,0.0,0.0,0.0,0.0,0.0
LSA,2021-01-02 13:00:00,0.0,0.0,0.0,0.0,0.0
LSA,2021-01-02 14:00:00,0.0,0.0,0.0,0.0,0.0
LSA,2021-01-02 15:00:00,0.0,0.0,0.0,0.0,0.0
LSA,2021-01-02 16:00:00,0.0,0.0,0.0,0.0,0.0
LSA,2021-01-02 17:00:00,0.0,0.0,0.0,0.0,0.0
LSA,2021-01-02 18:00:00,0.0,0.0,0.0,0.0,0.0
LSA,2021-01-02 19:00:00,0.0,0.0,0.0,0.0,0.0
LSA,2021-01-02 20:00:00,0.0,0.0,0.0,0.0,0.0
LSA,2021-01-02 21:00:00,0.0,0.0,0.0,0.0,0.0
LSA,2021-01-02 22:00:00,0.0,0.0,0.0,0.0,0.0
LSA,2021-01-02 23:00:00,0.0,0.0,0.0,0.0,0.0
LSA,2021-01-03 00:00:00,0.3717,0.0,0.3291,0.0426,1.1831
LSA,2021-01-03 01:00:00,104.4393,501.8698,35.3873,69.052,164.3019
LSA,2021-01-03 02:00:00,323.7284,864.6718,64.5508,259.1776,417.8981
LSA,2021-01-03 03:00:00,515.9346,984.946,78.1383,437.7964,624.6514
LSA,2021-01-03 04:00:00,653.1687,1036.4762,85.7237,567.445,770.4764
LSA,2021-01-03 05:00:00,723.8227,1056.361,89.4506,634.3721,845.4371
LSA,2021-01-03 06:00:00,722.64,1054.4326,90.1739,632.4661,844.4249
LSA,2021-01-03 07:00:00,649.6725,1030.2363,87.7788,561.8937,767.5072
LSA,2021-01-03 08:00:00,510.2935,972.6957,81.1121,429.1813,619.9233
LSA,2021-01-03 09:00:00,316.585,844.2355,67.0282,249.5567,411.7273
LSA,2021-01-03 10:00:00,98.0899,463.6203,35.2849,62.805,157.1025
LSA,2021-01-03 11:00:00,0.1675,0.0,0.1571,0.0104,0.5694
LSA,2021-01-03 12:00:00,0.0,0.0,0.0,0.0,0.0
LSA,2021-01-03 13:00:00,0.0,0.0,0.0,0.0,0.0
LSA,2021-01-03 14:00:00,0.0,0.0,0.0,0.0,0.0
LSA,2021-01-03 15:00:00,0.0,0.0,0.0,0.0,0.0
LSA,2021-01-03 16:00:00,0.0,0.0,0.0,0.0,0.0
LSA,2021-01-03 17:00:00,0.0,0.0,0.0,0.0,0.0
LSA,2021-01-03 18:00:00,0.0,0.0,0.0,0.0,0.0
LSA,2021-01-03 19:00:00,0.0,0.0,0.0,0.0,0.0
LSA,2021-01-03 20:00:00,0.0,0.0,0.0,0.0,0.0
LSA,2021-01-03 21:00:00,0.0,0.0,0.0,0.0,0.0
LSA,2021-01-03 22:00:00,0.0,0.0,0.0,0.0,0.0
LSA,2021-01-03 23:00:00,0.0,0.0,0.0,0.0,0.0
LSA,2021-01-04 00:00:00,0.3405,0.0,0.3037,0.0368,1.1146
LSA,2021-01-04 01:00:00,102.5679,500.5909,33.7769,68.7911,163.7027
LSA,2021-01-04 02:00:00,317.9088,855.2598,61.7084,256.2004,417.788
LSA,2021-01-04 03:00:00,506.603,970.7468,74.7998,431.8031,625.1163
LSA,2021-01-04 04:00:00,641.585,1021.0591,81.7952,559.7899,771.5631
LSA,2021-01-04 05:00:00,711.027,1040.103,85.1544,625.8726,847.1498
LSA,2021-01-04 06:00:00,710.3428,1041.1505,84.1584,626.1844,846.7252
LSA,2021-01-04 07:00:00,639.7175,1024.5515,78.9381,560.7794,770.3167
LSA,2021-01-04 08:00:00,504.1007,977.9088,70.5444,433.5562,623.1287
LSA,2021-01-04 09:00:00,315.4727,867.1281,57.4117,258.061,415.1886
LSA,2021-01-04 10:00:00,100.6916,512.6377,31.3609,69.3307,160.6625
LSA,2021-01-04 11:00:00,0.2504,0.0,0.2242,0.0262,0.8371
LSA,2021-01-04 12:00:00,0.0,0.0,0.0,0.0,0.0
LSA,2021-01-04 13:00:00,0.0,0.0,0.0,0.0,0.0
LSA,2021-01-04 14:00:00,0.0,0.0,0.0,0.0,0.0
LSA,2021-01-04 15:00:00,0.0,0.0,0.0,0.0,0.0
LSA,2021-01-04 16:00:00,0.0,0.0,0.0,0.0,0.0
LSA,2021-01-04 17:00:00,0.0,0.0,0.0,0.0,0.0
LSA,2021-01-04 18:00:00,0.0,0.0,0.0,0.0,0.0
LSA,2021-01-04 19:00:00,0.0,0.0,0.0,0.0,0.0
LSA,2021-01-04 20:00:00,0.0,0.0,0.0,0.0,0.0
LSA,2021-01-04 21:00:00,0.0,0.0,0.0,0.0,0.0
LSA,2021-01-04 22:00:00,0.0,0.0,0.0,0.0,0.0
LSA,2021-01-04 23:00:00,0.0,0.0,0.0,0.0,0.0
LSA,2021-01-05 00:00:00,0.3197,0.0,0.2784,0.0413,1.0566
LSA,2021-01-05 01:00:00,102.3085,525.2335,30.8015,71.5071,163.2338
LSA,2021-01-05 02:00:00,316.0664,870.3262,55.5037,260.5627,417.8142
LSA,2021-01-05 03:00:00,502.8525,974.7121,69.0016,433.851,625.7202
LSA,2021-01-05 04:00:00,636.3997,1014.34,79.4643,556.9353,772.7877
LSA,2021-01-05 05:00:00,705.2219,1025.0831,87.0552,618.1667,848.996
LSA,2021-01-05 06:00:00,704.4421,1020.8038,88.7232,615.7189,849.1514
LSA,2021-01-05 07:00:00,634.0938,1000.6939,84.2564,549.8373,773.2416
LSA,2021-01-05 08:00:00,499.1479,948.8592,76.1485,422.9995,626.4374
LSA,2021-01-05 09:00:00,312.0949,834.0945,61.6552,250.4397,418.74
LSA,2021-01-05 10:00:00,100.287,486.9207,33.092,67.195,164.2991
LSA,2021-01-05 11:00:00,0.3398,0.0,0.3041,0.0357,1.1493
LSA,2021-01-05 12:00:00,0.0,0.0,0.0,0.0,0.0
LSA,2021-01-05 13:00:00,0.0,0.0,0.0,0.0,0.0
LSA,2021-01-05 14:00:00,0.0,0.0,0.0,0.0,0.0
LSA,2021-01-05 15:00:00,0.0,0.0,0.0,0.0,0.0
LSA,2021-01-05 16:00:00,0.0,0.0,0.0,0.0,0.0
LSA,2021-01-05 17:00:00,0.0,0.0,0.0,0.0,0.0
LSA,2021-01-05 18:00:00,0.0,0.0,0.0,0.0,0.0
LSA,2021-01-05 19:00:00,0.0,0.0,0.0,0.0,0.0
LSA,2021-01-05 20:00:00,0.0,0.0,0.0,0.0,0.0
LSA,2021-01-05 21:00:00,0.0,0.0,0.0,0.0,0.0
LSA,2021-01-05 22:00:00,0.0,0.0,0.0,0.0,0.0
LSA,2021-01-05 23:00:00,0.0,0.0,0.0,0.0,0.0
LSA,2021-01-06 00:00:00,0.3032,0.0,0.267,0.0362,1.0093
LSA,2021-01-06 01:00:00,101.8702,511.4206,32.106,69.7642,162.8965
LSA,2021-01-06 02:00:00,317.1785,858.7703,59.8938,257.2847,417.9773
LSA,2021-01-06 03:00:00,507.3731,974.3626,72.957,434.4161,626.4629
LSA,2021-01-06 04:00:00,644.8312,1029.8002,78.3089,566.5223,774.1497
LSA,2021-01-06 05:00:00,716.9896,1053.7477,80.0143,636.9752,850.9745
LSA,2021-01-06 06:00:00,717.6161,1052.4827,80.8565,636.7596,851.7017
LSA,2021-01-06 07:00:00,646.5667,1025.6561,80.75,565.8166,776.28
LSA,2021-01-06 08:00:00,509.8055,966.1093,76.6884,433.1172,629.8471
LSA,2021-01-06 09:00:00,320.0824,846.1437,63.8567,256.2257,422.3788
LSA,2021-01-06 10:00:00,104.6647,501.0388,34.7322,69.9325,168.0096
LSA,2021-01-06 11:00:00,0.4659,0.0,0.4083,0.0576,1.509
LSA,2021-01-06 12:00:00,0.0,0.0,0.0,0.0,0.0
LSA,2021-01-06 13:00:00,0.0,0.0,0.0,0.0,0.0
LSA,2021-01-06 14:00:00,0.0,0.0,0.0,0.0,0.0
LSA,2021-01-06 15:00:00,0.0,0.0,0.0,0.0,0.0
LSA,2021-01-06 16:00:00,0.0,0.0,0.0,0.0,0.0
LSA,2021-01-06 17:00:00,0.0,0.0,0.0,0.0,0.0
LSA,2021-01-06 18:00:00,0.0,0.0,0.0,0.0,0.0
LSA,2021-01-06 19:00:00,0.0,0.0,0.0,0.0,0.0
LSA,2021-01-06 20:00:00,0.0,0.0,0.0,0.0,0.0
LSA,2021-01-06 21:00:00,0.0,0.0,0.0,0.0,0.0
LSA,2021-01-06 22:00:00,0.0,0.0,0.0,0.0,0.0
LSA,2021-01-06 23:00:00,0.0,0.0,0.0,0.0,0.0
LSA,2021-01-07 00:00:00,0.2962,0.0,0.2544,0.0418,0.9377
LSA,2021-01-07 01:00:00,105.6723,558.6353,30.0315,75.6408,162.6916
LSA,2021-01-07 02:00:00,325.7111,912.0031,52.441,273.27,418.2778
LSA,2021-01-07 03:00:00,517.9147,1019.4412,62.9243,454.9904,627.3443
LSA,2021-01-07 04:00:00,656.791,1065.1963,69.7028,587.0881,775.6481
LSA,2021-01-07 05:00:00,730.1928,1083.2101,73.7783,656.4145,853.0838
LSA,2021-01-07 06:00:00,732.1294,1083.6392,74.4638,657.6656,854.3741
LSA,2021-01-07 07:00:00,662.2772,1066.3579,71.6902,590.587,779.4295
LSA,2021-01-07 08:00:00,525.9363,1020.7943,65.9825,459.9539,633.3549
LSA,2021-01-07 09:00:00,335.5969,922.0264,54.5222,281.0746,426.1022
LSA,2021-01-07 10:00:00,115.0727,607.5132,31.1415,83.9311,171.7912
LSA,2021-01-07 11:00:00,0.6707,2.8255,0.5075,0.1632,1.8842
LSA,2021-01-07 12:00:00,0.0,0.0,0.0,0.0,0.0
LSA,2021-01-07 13:00:00,0.0,0.0,0.0,0.0,0.0
LSA,2021-01-07 14:00:00,0.0,0.0,0.0,0.0,0.0
LSA,2021-01-07 15:00:00,0.0,0.0,0.0,0.0,0.0
LSA,2021-01-07 16:00:00,0.0,0.0,0.0,0.0,0.0
LSA,2021-01-07 17:00:00,0.0,0.0,0.0,0.0,0.0
LSA,2021-01-07 18:00:00,0.0,0.0,0.0,0.0,0.0
LSA,2021-01-07 19:00:00,0.0,0.0,0.0,0.0,0.0
LSA,2021-01-07 20:00:00,0.0,0.0,0.0,0.0,0.0
LSA,2021-01-07 21:00:00,0.0,0.0,0.0,0.0,0.0
LSA,2021-01-07 22:00:00,0.0,0.0,0.0,0.0,0.0
LSA,2021-01-07 23:00:00,0.0,0.0,0.0,0.0,0.0
LSA,2021-01-08 00:00:00,0.2925,0.0,0.2522,0.0403,0.9173
LSA,2021-01-08 01:00:00,105.7598,537.2763,32.679,73.0808,162.6202
LSA,2021-01-08 02:00:00,328.3423,897.8031,58.8813,269.461,418.716
LSA,2021-01-08 03:00:00,523.0058,1011.2101,70.8912,452.1146,628.3643
LSA,2021-01-08 04:00:00,662.5757,1058.7683,77.7737,584.8021,777.2822
LSA,2021-01-08 05:00:00,735.429,1076.5543,81.3126,654.1163,855.3225
LSA,2021-01-08 06:00:00,734.6696,1070.2639,82.9458,651.7238,857.1667
LSA,2021-01-08 07:00:00,660.6201,1039.1866,82.5494,578.0707,782.6874
LSA,2021-01-08 08:00:00,521.2189,977.394,78.1012,443.1177,636.9582
LSA,2021-01-08 09:00:00,331.1483,870.2766,63.3783,267.77,429.9072
LSA,2021-01-08 10:00:00,114.1176,565.6215,34.1959,79.9217,175.641
LSA,2021-01-08 11:00:00,0.8167,4.6371,0.6422,0.1746,2.3638
LSA,2021-01-08 12:00:00,0.0,0.0,0.0,0.0,0.0
LSA,2021-01-08 13:00:00,0.0,0.0,0.0,0.0,0.0
LSA,2021-01-08 14:00:00,0.0,0.0,0.0,0.0,0.0
LSA,2021-01-08 15:00:00,0.0,0.0,0.0,0.0,0.0
LSA,2021-01-08 16:00:00,0.0,0.0,0.0,0.0,0.0
LSA,2021-01-08 17:00:00,0.0,0.0,0.0,0.0,0.0
LSA,2021-01-08 18:00:00,0.0,0.0,0.0,0.0,0.0
LSA,2021-01-08 19:00:00,0.0,0.0,0.0,0.0,0.0
LSA,2021-01-08 20:00:00,0.0,0.0,0.0,0.0,0.0
LSA,2021-01-08 21:00:00,0.0,0.0,0.0,0.0,0.0
LSA,2021-01-08 22:00:00,0.0,0.0,0.0,0.0,0.0
LSA,2021-01-08 23:00:00,0.0,0.0,0.0,0.0,0.0
LSA,2021-01-09 00:00:00,0.2805,0.0,0.246,0.0345,0.9056
LSA,2021-01-09 01:00:00,104.2997,534.8088,31.5089,72.7907,162.6831
LSA,2021-01-09 02:00:00,323.8153,887.2314,57.2258,266.5895,419.2923
LSA,2021-01-09 03:00:00,516.6625,998.822,69.1981,447.4644,629.5225
LSA,2021-01-09 04:00:00,656.1484,1049.3378,75.1872,580.9613,779.051
LSA,2021-01-09 05:00:00,729.8411,1069.9065,77.9271,651.914,857.689
LSA,2021-01-09 06:00:00,732.001,1070.193,78.0993,653.9017,860.0773
LSA,2021-01-09 07:00:00,662.4715,1050.39,75.7156,586.7559,786.0514
LSA,2021-01-09 08:00:00,526.6809,1001.508,70.1333,456.5476,640.6539
LSA,2021-01-09 09:00:00,337.0738,897.9466,58.2823,278.7914,433.7908
LSA,2021-01-09 10:00:00,118.0897,587.404,33.7315,84.3582,179.5559
LSA,2021-01-09 11:00:00,1.0302,7.411,0.7883,0.2418,2.8979
LSA,2021-01-09 12:00:00,0.0,0.0,0.0,0.0,0.0
LSA,2021-01-09 13:00:00,0.0,0.0,0.0,0.0,0.0
LSA,2021-01-09 14:00:00,0.0,0.0,0.0,0.0,0.0
LSA,2021-01-09 15:00:00,0.0,0.0,0.0,0.0,0.0
LSA,2021-01-09 16:00:00,0.0,0.0,0.0,0.0,0.0
LSA,2021-01-09 17:00:00,0.0,0.0,0.0,0.0,0.0
LSA,2021-01-09 18:00:00,0.0,0.0,0.0,0.0,0.0
LSA,2021-01-09 19:00:00,0.0,0.0,0.0,0.0,0.0
LSA,2021-01-09 20:00:00,0.0,0.0,0.0,0.0,0.0
LSA,2021-01-09 21:00:00,0.0,0.0,0.0,0.0,0.0
LSA,2021-01-09 22:00:00,0.0,0.0,0.0,0.0,0.0
LSA,2021-01-09 23:00:00,0.0,0.0,0.0,0.0,0.0
LSA,2021-01-10 00:00:00,0.2918,0.0,0.2472,0.0446,0.9026
LSA,2021-01-10 01:00:00,107.2348,568.1027,30.3729,76.8619,162.8804
LSA,2021-01-10 02:00:00,329.8617,918.1299,53.6379,276.2238,420.006
LSA,2021-01-10 03:00:00,524.2174,1024.6019,64.3208,459.8966,630.8174
LSA,2021-01-10 04:00:00,664.3396,1070.1642,70.3983,593.9413,780.9524
LSA,2021-01-10 05:00:00,738.2817,1087.6263,73.6136,664.6681,860.1807
LSA,2021-01-10 06:00:00,740.462,1086.8822,73.9901,666.4719,863.1027
LSA,2021-01-10 07:00:00,670.7654,1068.0037,71.52,599.2455,789.5177
LSA,2021-01-10 08:00:00,534.5565,1021.5171,66.1658,468.3907,644.4384
LSA,2021-01-10 09:00:00,344.6909,923.3611,55.5606,289.1303,437.7492
LSA,2021-01-10 10:00:00,123.6079,621.661,33.3016,90.3063,183.5323
LSA,2021-01-10 11:00:00,1.3119,9.4124,0.9459,0.366,3.4886
LSA,2021-01-10 12:00:00,0.0,0.0,0.0,0.0,0.0
LSA,2021-01-10 13:00:00,0.0,0.0,0.0,0.0,0.0
LSA,2021-01-10 14:00:00,0.0,0.0,0.0,0.0,0.0
LSA,2021-01-10 15:00:00,0.0,0.0,0.0,0.0,0.0
LSA,2021-01-10 16:00:00,0.0,0.0,0.0,0.0,0.0
LSA,2021-01-10 17:00:00,0.0,0.0,0.0,0.0,0.0
LSA,2021-01-10 18:00:00,0.0,0.0,0.0,0.0,0.0
LSA,2021-01-10 19:00:00,0.0,0.0,0.0,0.0,0.0
LSA,2021-01-10 20:00:00,0.0,0.0,0.0,0.0,0.0
LSA,2021-01-10 21:00:00,0.0,0.0,0.0,0.0,0.0
LSA,2021-01-10 22:00:00,0.0,0.0,0.0,0.0,0.0
LSA,2021-01-10 23:00:00,0.0,0.0,0.0,0.0,0.0
LSA,2021-01-11 00:00:00,0.3032,0.0,0.2497,0.0535,0.9086
LSA,2021-01-11 01:00:00,109.0439,582.4116,30.516,78.5279,163.2147
LSA,2021-01-11 02:00:00,333.4135,923.2807,55.1645,278.249,420.8593
LSA,2021-01-11 03:00:00,528.733,1024.062,68.0567,460.6763,632.2509
LSA,2021-01-11 04:00:00,669.118,1064.9662,76.5113,592.6067,782.9874
LSA,2021-01-11 05:00:00,742.7361,1077.8271,82.0198,660.7163,862.7977
LSA,2021-01-11 06:00:00,741.7892,1063.3907,87.2579,654.5314,866.2424
LSA,2021-01-11 07:00:00,666.5692,1019.4817,91.737,574.8322,793.0854
LSA,2021-01-11 08:00:00,526.4733,944.1179,90.5594,435.9139,648.3101
LSA,2021-01-11 09:00:00,334.926,817.4174,76.0201,258.9059,441.7804
LSA,2021-01-11 10:00:00,117.3563,495.7395,42.2619,75.0944,187.568
LSA,2021-01-11 11:00:00,1.3947,6.6334,1.164,0.2308,4.1382
LSA,2021-01-11 12:00:00,0.0,0.0,0.0,0.0,0.0
LSA,2021-01-11 13:00:00,0.0,0.0,0.0,0.0,0.0
LSA,2021-01-11 14:00:00,0.0,0.0,0.0,0.0,0.0
LSA,2021-01-11 15:00:00,0.0,0.0,0.0,0.0,0.0
LSA,2021-01-11 16:00:00,0.0,0.0,0.0,0.0,0.0
LSA,2021-01-11 17:00:00,0.0,0.0,0.0,0.0,0.0
LSA,2021-01-11 18:00:00,0.0,0.0,0.0,0.0,0.0
LSA,2021-01-11 19:00:00,0.0,0.0,0.0,0.0,0.0
LSA,2021-01-11 20:00:00,0.0,0.0,0.0,0.0,0.0
LSA,2021-01-11 21:00:00,0.0,0.0,0.0,0.0,0.0
LSA,2021-01-11 22:00:00,0.0,0.0,0.0,0.0,0.0
LSA,2021-01-11 23:00:00,0.0,0.0,0.0,0.0,0.0
LSA,2021-01-12 00:00:00,0.2693,0.0,0.2552,0.0141,0.9236
LSA,2021-01-12 01:00:00,99.6965,443.2567,37.4072,62.2892,163.6859
LSA,2021-01-12 02:00:00,318.3258,818.0308,70.3999,247.9259,421.8514
LSA,2021-01-12 03:00:00,512.9107,945.6597,86.1731,426.7376,633.8212
LSA,2021-01-12 04:00:00,653.804,1000.0576,95.6523,558.1517,785.1537
LSA,2021-01-12 05:00:00,728.6831,1020.9039,100.8097,627.8734,865.5372
LSA,2021-01-12 06:00:00,730.7916,1014.9399,103.7101,627.0814,869.4932
LSA,2021-01-12 07:00:00,659.9152,981.28,104.0729,555.8423,796.7506
LSA,2021-01-12 08:00:00,522.438,911.804,98.8469,423.5911,652.2649
LSA,2021-01-12 09:00:00,332.4641,784.0091,81.6707,250.7933,445.8804
LSA,2021-01-12 10:00:00,116.8021,460.4694,45.2735,71.5285,191.6592
LSA,2021-01-12 11:00:00,1.5824,6.6826,1.3597,0.2227,4.8083
LSA,2021-01-12 12:00:00,0.0,0.0,0.0,0.0,0.0
LSA,2021-01-12 13:00:00,0.0,0.0,0.0,0.0,0.0
LSA,2021-01-12 14:00:00,0.0,0.0,0.0,0.0,0.0
LSA,2021-01-12 15:00:00,0.0,0.0,0.0,0.0,0.0
LSA,2021-01-12 16:00:00,0.0,0.0,0.0,0.0,0.0
LSA,2021-01-12 17:00:00,0.0,0.0,0.0,0.0,0.0
LSA,2021-01-12 18:00:00,0.0,0.0,0.0,0.0,0.0
LSA,2021-01-12 19:00:00,0.0,0.0,0.0,0.0,0.0
LSA,2021-01-12 20:00:00,0.0,0.0,0.0,0.0,0.0
LSA,2021-01-12 21:00:00,0.0,0.0,0.0,0.0,0.0
LSA,2021-01-12 22:00:00,0.0,0.0,0.0,0.0,0.0
LSA,2021-01-12 23:00:00,0.0,0.0,0.0,0.0,0.0
LSA,2021-01-13 00:00:00,0.28,0.0,0.2664,0.0135,0.9476
LSA,2021-01-13 01:00:00,101.1812,442.9466,38.5265,62.6547,164.2945
LSA,2021-01-13 02:00:00,324.2273,832.3785,71.1297,253.0976,422.9823
LSA,2021-01-13 03:00:00,523.3958,968.4335,85.1283,438.2675,635.5276
LSA,2021-01-13 04:00:00,668.2193,1028.2274,92.5857,575.6336,787.4501
LSA,2021-01-13 05:00:00,746.5878,1054.7432,95.6886,650.8992,868.3973
LSA,2021-01-13 06:00:00,750.9359,1053.6389,97.3829,653.5529,872.8524
LSA,2021-01-13 07:00:00,680.6951,1025.0337,97.3369,583.3582,800.5104
LSA,2021-01-13 08:00:00,542.3812,963.5297,92.1175,450.2637,656.2997
LSA,2021-01-13 09:00:00,348.0198,836.5178,77.9701,270.0498,450.046
LSA,2021-01-13 10:00:00,124.6495,503.9011,45.5562,79.0933,195.8027
LSA,2021-01-13 11:00:00,1.977,10.7405,1.6035,0.3734,5.5933
LSA,2021-01-13 12:00:00,0.0,0.0,0.0,0.0,0.0
LSA,2021-01-13 13:00:00,0.0,0.0,0.0,0.0,0.0
LSA,2021-01-13 14:00:00,0.0,0.0,0.0,0.0,0.0
LSA,2021-01-13 15:00:00,0.0,0.0,0.0,0.0,0.0
LSA,2021-01-13 16:00:00,0.0,0.0,0.0,0.0,0.0
LSA,2021-01-13 17:00:00,0.0,0.0,0.0,0.0,0.0
LSA,2021-01-13 18:00:00,0.0,0.0,0.0,0.0,0.0
LSA,2021-01-13 19:00:00,0.0,0.0,0.0,0.0,0.0
LSA,2021-01-13 20:00:00,0.0,0.0,0.0,0.0,0.0
LSA,2021-01-13 21:00:00,0.0,0.0,0.0,0.0,0.0
LSA,2021-01-13 22:00:00,0.0,0.0,0.0,0.0,0.0
LSA,2021-01-13 23:00:00,0.0,0.0,0.0,0.0,0.0
LSA,2021-01-14 00:00:00,0.3541,0.0,0.2816,0.0725,1.0244
LSA,2021-01-14 01:00:00,113.3994,609.3361,30.6353,82.7642,165.0413
LSA,2021-01-14 02:00:00,344.8375,958.8784,53.4638,291.3737,424.2519
LSA,2021-01-14 03:00:00,546.2239,1063.1023,63.9956,482.2282,637.3696
LSA,2021-01-14 04:00:00,691.3854,1106.0603,70.3258,621.0596,789.8749
LSA,2021-01-14 05:00:00,768.6554,1122.0155,73.8237,694.8317,871.3757
LSA,2021-01-14 06:00:00,770.9373,1114.5085,76.8105,694.1268,876.3173
LSA,2021-01-14 07:00:00,698.1056,1082.519,79.0106,619.095,804.3618
LSA,2021-01-14 08:00:00,557.0253,1020.1672,77.3288,479.6965,660.4111
LSA,2021-01-14 09:00:00,360.0827,899.2164,67.426,292.6567,454.2736
LSA,2021-01-14 10:00:00,132.7796,579.6362,41.4416,91.338,199.9952
LSA,2021-01-14 11:00:00,2.4305,17.7584,1.7923,0.6383,6.441
LSA,2021-01-14 12:00:00,0.0,0.0,0.0,0.0,0.0
LSA,2021-01-14 13:00:00,0.0,0.0,0.0,0.0,0.0
LSA,2021-01-14 14:00:00,0.0,0.0,0.0,0.0,0.0
LSA,2021-01-14 15:00:00,0.0,0.0,0.0,0.0,0.0
LSA,2021-01-14 16:00:00,0.0,0.0,0.0,0.0,0.0
LSA,2021-01-14 17:00:00,0.0,0.0,0.0,0.0,0.0
LSA,2021-01-14 18:00:00,0.0,0.0,0.0,0.0,0.0
LSA,2021-01-14 19:00:00,0.0,0.0,0.0,0.0,0.0
LSA,2021-01-14 20:00:00,0.0,0.0,0.0,0.0,0.0
LSA,2021-01-14 21:00:00,0.0,0.0,0.0,0.0,0.0
LSA,2021-01-14 22:00:00,0.0,0.0,0.0,0.0,0.0
LSA,2021-01-14 23:00:00,0.0,0.0,0.0,0.0,0.0
LSA,2021-01-15 00:00:00,0.3456,0.0,0.298,0.0475,1.0769
LSA,2021-01-15 01:00:00,108.118,530.6418,34.3549,73.7631,165.9266
LSA,2021-01-15 02:00:00,335.4683,897.9082,61.2674,274.2008,425.66
LSA,2021-01-15 03:00:00,535.3607,1016.6586,72.572,462.7887,639.3463
LSA,2021-01-15 04:00:00,679.824,1068.062,78.0468,601.7772,792.4268
LSA,2021-01-15 05:00:00,757.0513,1089.3689,79.9571,677.0942,874.4703
LSA,2021-01-15 06:00:00,759.2231,1080.5286,83.433,675.7901,879.8854
LSA,2021-01-15 07:00:00,686.36,1040.5068,88.2448,598.1152,808.3016
LSA,2021-01-15 08:00:00,546.2224,966.9805,88.4243,457.7981,664.5958
LSA,2021-01-15 09:00:00,352.6709,841.924,76.0158,276.6551,458.5599
LSA,2021-01-15 10:00:00,131.3502,539.0998,44.6625,86.6877,204.2333
LSA,2021-01-15 11:00:00,2.7114,17.3153,2.0726,0.6387,7.3525
LSA,2021-01-15 12:00:00,0.0,0.0,0.0,0.0,0.0
LSA,2021-01-15 13:00:00,0.0,0.0,0.0,0.0,0.0
LSA,2021-01-15 14:00:00,0.0,0.0,0.0,0.0,0.0
LSA,2021-01-15 15:00:00,0.0,0.0,0.0,0.0,0.0
LSA,2021-01-15 16:00:00,0.0,0.0,0.0,0.0,0.0
LSA,2021-01-15 17:00:00,0.0,0.0,0.0,0.0,0.0
LSA,2021-01-15 18:00:00,0.0,0.0,0.0,0.0,0.0
LSA,2021-01-15 19:00:00,0.0,0.0,0.0,0.0,0.0
LSA,2021-01-15 20:00:00,0.0,0.0,0.0,0.0,0.0
LSA,2021-01-15 21:00:00,0.0,0.0,0.0,0.0,0.0
LSA,2021-01-15 22:00:00,0.0,0.0,0.0,0.0,0.0
LSA,2021-01-15 23:00:00,0.0,0.0,0.0,0.0,0.0
LSA,2021-01-16 00:00:00,0.329,0.0,0.3152,0.0138,1.1408
LSA,2021-01-16 01:00:00,99.1874,399.4721,41.7436,57.4438,166.9509
LSA,2021-01-16 02:00:00,318.5435,766.9066,82.7957,235.7478,427.2064
LSA,2021-01-16 03:00:00,514.7596,889.5746,108.4654,406.2942,641.4564
LSA,2021-01-16 04:00:00,655.9012,928.0922,131.2309,524.6703,795.1039
LSA,2021-01-16 05:00:00,730.806,932.2538,149.2218,581.5842,877.679
LSA,2021-01-16 06:00:00,737.7292,934.212,151.0202,586.709,883.5537
LSA,2021-01-16 07:00:00,675.869,933.9908,136.4614,539.4075,812.3266
LSA,2021-01-16 08:00:00,545.1827,900.3721,116.5214,428.6613,668.8503
LSA,2021-01-16 09:00:00,356.4228,808.814,88.3639,268.0588,462.9015
LSA,2021-01-16 10:00:00,135.5619,536.8527,48.2327,87.3292,208.5137
LSA,2021-01-16 11:00:00,3.2296,22.2823,2.378,0.8517,8.3287
LSA,2021-01-16 12:00:00,0.0,0.0,0.0,0.0,0.0
LSA,2021-01-16 13:00:00,0.0,0.0,0.0,0.0,0.0
LSA,2021-01-16 14:00:00,0.0,0.0,0.0,0.0,0.0
LSA,2021-01-16 15:00:00,0.0,0.0,0.0,0.0,0.0
LSA,2021-01-16 16:00:00,0.0,0.0,0.0,0.0,0.0
LSA,2021-01-16 17:00:00,0.0,0.0,0.0,0.0,0.0
LSA,2021-01-16 18:00:00,0.0,0.0,0.0,0.0,0.0
LSA,2021-01-16 19:00:00,0.0,0.0,0.0,0.0,0.0
LSA,2021-01-16 20:00:00,0.0,0.0,0.0,0.0,0.0
LSA,2021-01-16 21:00:00,0.0,0.0,0.0,0.0,0.0
LSA,2021-01-16 22:00:00,0.0,0.0,0.0,0.0,0.0
LSA,2021-01-16 23:00:00,0.0,0.0,0.0,0.0,0.0
LSA,2021-01-17 00:00:00,0.3671,0.0,0.3384,0.0287,1.2163
LSA,2021-01-17 01:00:00,102.7547,422.112,42.0258,60.7289,168.1142
LSA,2021-01-17 02:00:00,329.5955,808.6238,79.9218,249.6736,428.8905
LSA,2021-01-17 03:00:00,534.4126,955.7501,96.023,438.3896,643.699
LSA,2021-01-17 04:00:00,684.1577,1022.5482,103.8055,580.3522,797.9045
LSA,2021-01-17 05:00:00,766.1512,1053.6691,106.1759,659.9753,880.9991
LSA,2021-01-17 06:00:00,772.4559,1054.6619,107.1341,665.3218,887.3194
LSA,2021-01-17 07:00:00,702.5047,1026.101,106.664,595.8406,816.4337
LSA,2021-01-17 08:00:00,563.102,964.2212,100.7522,462.3498,673.1714
LSA,2021-01-17 09:00:00,367.0108,843.2718,84.5315,282.4793,467.2949
LSA,2021-01-17 10:00:00,139.9882,539.8988,50.1592,89.829,212.8332
LSA,2021-01-17 11:00:00,3.6722,22.9725,2.7098,0.9624,9.3703
LSA,2021-01-17 12:00:00,0.0,0.0,0.0,0.0,0.0
LSA,2021-01-17 13:00:00,0.0,0.0,0.0,0.0,0.0
LSA,2021-01-17 14:00:00,0.0,0.0,0.0,0.0,0.0
LSA,2021-01-17 15:00:00,0.0,0.0,0.0,0.0,0.0
LSA,2021-01-17 16:00:00,0.0,0.0,0.0,0.0,0.0
LSA,2021-01-17 17:00:00,0.0,0.0,0.0,0.0,0.0
LSA,2021-01-17 18:00:00,0.0,0.0,0.0,0.0,0.0
LSA,2021-01-17 19:00:00,0.0,0.0,0.0,0.0,0.0
LSA,2021-01-17 20:00:00,0.0,0.0,0.0,0.0,0.0
LSA,2021-01-17 21:00:00,0.0,0.0,0.0,0.0,0.0
LSA,2021-01-17 22:00:00,0.0,0.0,0.0,0.0,0.0
LSA,2021-01-17 23:00:00,0.0,0.0,0.0,0.0,0.0
LSA,2021-01-18 00:00:00,0.4355,0.0,0.3667,0.0688,1.3034
LSA,2021-01-18 01:00:00,110.2235,528.333,36.4327,73.7908,169.4168
LSA,2021-01-18 02:00:00,335.6354,858.1813,70.5724,265.063,430.7119
LSA,2021-01-18 03:00:00,535.3869,972.1281,87.9049,447.482,646.0729
LSA,2021-01-18 04:00:00,681.7403,1031.0123,94.4117,587.3286,800.8269
LSA,2021-01-18 05:00:00,760.6992,1056.613,96.227,664.4722,884.4284
LSA,2021-01-18 06:00:00,765.8779,1053.8495,98.0815,667.7964,891.1797
LSA,2021-01-18 07:00:00,696.9952,1023.1418,99.7409,597.2543,820.6195
LSA,2021-01-18 08:00:00,559.8185,960.9838,95.9662,463.8523,677.5555
LSA,2021-01-18 09:00:00,367.2744,847.1613,80.9916,286.2828,471.7367
LSA,2021-01-18 10:00:00,143.2319,560.5057,48.7527,94.4791,217.1886
LSA,2021-01-18 11:00:00,4.1655,26.8719,3.0086,1.157,10.4778
LSA,2021-01-18 12:00:00,0.0,0.0,0.0,0.0,0.0
LSA,2021-01-18 13:00:00,0.0,0.0,0.0,0.0,0.0
LSA,2021-01-18 14:00:00,0.0,0.0,0.0,0.0,0.0
LSA,2021-01-18 15:00:00,0.0,0.0,0.0,0.0,0.0
LSA,2021-01-18 16:00:00,0.0,0.0,0.0,0.0,0.0
LSA,2021-01-18 17:00:00,0.0,0.0,0.0,0.0,0.0
LSA,2021-01-18 18:00:00,0.0,0.0,0.0,0.0,0.0
LSA,2021-01-18 19:00:00,0.0,0.0,0.0,0.0,0.0
LSA,2021-01-18 20:00:00,0.0,0.0,0.0,0.0,0.0
LSA,2021-01-18 21:00:00,0.0,0.0,0.0,0.0,0.0
LSA,2021-01-18 22:00:00,0.0,0.0,0.0,0.0,0.0
LSA,2021-01-18 23:00:00,0.0,0.0,0.0,0.0,0.0
LSA,2021-01-19 00:00:00,0.462,0.0,0.3847,0.0773,1.402
LSA,2021-01-19 01:00:00,112.35,568.6403,32.4043,79.9457,170.8584
LSA,2021-01-19 02:00:00,341.2554,919.2198,56.004,285.2514,432.6697
LSA,2021-01-19 03:00:00,542.542,1030.5311,66.4982,476.0438,648.5767
LSA,2021-01-19 04:00:00,688.9037,1077.973,72.4737,616.4301,803.8689
LSA,2021-01-19 05:00:00,768.6226,1097.6675,75.4856,693.137,887.9643
LSA,2021-01-19 06:00:00,773.4291,1091.1908,78.7996,694.6295,895.1314
LSA,2021-01-19 07:00:00,703.0076,1057.8402,82.2004,620.8072,824.8809
LSA,2021-01-19 08:00:00,564.9783,994.6611,81.692,483.2864,681.9994
LSA,2021-01-19 09:00:00,372.9859,886.7683,70.716,302.27,476.2237
LSA,2021-01-19 10:00:00,149.0681,618.0485,44.0644,105.0036,221.5768
LSA,2021-01-19 11:00:00,4.8364,37.8251,3.156,1.6805,11.6138
LSA,2021-01-19 12:00:00,0.0,0.0,0.0,0.0,0.0
LSA,2021-01-19 13:00:00,0.0,0.0,0.0,0.0,0.0
LSA,2021-01-19 14:00:00,0.0,0.0,0.0,0.0,0.0
LSA,2021-01-19 15:00:00,0.0,0.0,0.0,0.0,0.0
LSA,2021-01-19 16:00:00,0.0,0.0,0.0,0.0,0.0
LSA,2021-01-19 17:00:00,0.0,0.0,0.0,0.0,0.0
LSA,2021-01-19 18:00:00,0.0,0.0,0.0,0.0,0.0
LSA,2021-01-19 19:00:00,0.0,0.0,0.0,0.0,0.0
LSA,2021-01-19 20:00:00,0.0,0.0,0.0,0.0,0.0
LSA,2021-01-19 21:00:00,0.0,0.0,0.0,0.0,0.0
LSA,2021-01-19 22:00:00,0.0,0.0,0.0,0.0,0.0
LSA,2021-01-19 23:00:00,0.0,0.0,0.0,0.0,0.0
LSA,2021-01-20 00:00:00,0.4995,0.0,0.4365,0.0631,1.5705
LSA,2021-01-20 01:00:00,109.5131,504.1453,37.249,72.264,172.4389
LSA,2021-01-20 02:00:00,335.2014,853.6382,68.7314,266.47,434.7632
LSA,2021-01-20 03:00:00,536.0117,973.9504,84.03,451.9816,651.2087
LSA,2021-01-20 04:00:00,683.9365,1030.9818,91.9088,592.0276,807.0284
LSA,2021-01-20 05:00:00,765.3673,1055.9783,95.708,669.6593,891.6042
LSA,2021-01-20 06:00:00,770.8112,1045.1307,102.3738,668.4374,899.1717
LSA,2021-01-20 07:00:00,699.5814,998.3674,110.3917,589.1896,829.2145
LSA,2021-01-20 08:00:00,559.713,915.4681,111.5815,448.1314,686.4996
LSA,2021-01-20 09:00:00,365.5432,783.7483,95.278,270.2653,480.7525
LSA,2021-01-20 10:00:00,143.0633,496.3248,55.763,87.3003,225.9947
LSA,2021-01-20 11:00:00,4.8824,25.3402,3.707,1.1754,12.8645
LSA,2021-01-20 12:00:00,0.0,0.0,0.0,0.0,0.0
LSA,2021-01-20 13:00:00,0.0,0.0,0.0,0.0,0.0
LSA,2021-01-20 14:00:00,0.0,0.0,0.0,0.0,0.0
LSA,2021-01-20 15:00:00,0.0,0.0,0.0,0.0,0.0
LSA,2021-01-20 16:00:00,0.0,0.0,0.0,0.0,0.0
LSA,2021-01-20 17:00:00,0.0,0.0,0.0,0.0,0.0
LSA,2021-01-20 18:00:00,0.0,0.0,0.0,0.0,0.0
LSA,2021-01-20 19:00:00,0.0,0.0,0.0,0.0,0.0
LSA,2021-01-20 20:00:00,0.0,0.0,0.0,0.0,0.0
LSA,2021-01-20 21:00:00,0.0,0.0,0.0,0.0,0.0
LSA,2021-01-20 22:00:00,0.0,0.0,0.0,0.0,0.0
LSA,2021-01-20 23:00:00,0.0,0.0,0.0,0.0,0.0
LSA,2021-01-21 00:00:00,0.5581,1.506,0.484,0.0741,1.7162
LSA,2021-01-21 01:00:00,112.9356,512.2468,38.5224,74.4131,174.1578
LSA,2021-01-21 02:00:00,347.6267,895.6409,66.2856,281.3412,436.9912
LSA,2021-01-21 03:00:00,554.6031,1017.4487,80.6462,473.9569,653.9675
LSA,2021-01-21 04:00:00,703.9155,1056.4993,94.7846,609.1309,810.3033
LSA,2021-01-21 05:00:00,785.3787,1068.4232,104.9085,680.4702,895.3453
LSA,2021-01-21 06:00:00,793.9911,1070.2767,106.2894,687.7017,903.2975
LSA,2021-01-21 07:00:00,728.8956,1062.329,98.8214,630.0742,833.6172
LSA,2021-01-21 08:00:00,593.2629,1027.3177,87.6936,505.5693,691.0527
LSA,2021-01-21 09:00:00,398.3571,944.9076,70.4585,327.8986,485.3199
LSA,2021-01-21 10:00:00,166.3559,709.12,43.2989,123.0569,230.4395
LSA,2021-01-21 11:00:00,6.8317,66.3214,3.7087,3.1229,14.1813
LSA,2021-01-21 12:00:00,0.0,0.0,0.0,0.0,0.0
LSA,2021-01-21 13:00:00,0.0,0.0,0.0,0.0,0.0
LSA,2021-01-21 14:00:00,0.0,0.0,0.0,0.0,0.0
LSA,2021-01-21 15:00:00,0.0,0.0,0.0,0.0,0.0
LSA,2021-01-21 16:00:00,0.0,0.0,0.0,0.0,0.0
LSA,2021-01-21 17:00:00,0.0,0.0,0.0,0.0,0.0
LSA,2021-01-21 18:00:00,0.0,0.0,0.0,0.0,0.0
LSA,2021-01-21 19:00:00,0.0,0.0,0.0,0.0,0.0
LSA,2021-01-21 20:00:00,0.0,0.0,0.0,0.0,0.0
LSA,2021-01-21 21:00:00,0.0,0.0,0.0,0.0,0.0
LSA,2021-01-21 22:00:00,0.0,0.0,0.0,0.0,0.0
LSA,2021-01-21 23:00:00,0.0,0.0,0.0,0.0,0.0
LSA,2021-01-22 00:00:00,0.6856,2.6463,0.5298,0.1558,1.8759
LSA,2021-01-22 01:00:00,119.9696,591.1707,35.6626,84.3071,176.0145
LSA,2021-01-22 02:00:00,354.8714,922.7387,64.1303,290.7411,439.3525
LSA,2021-01-22 03:00:00,561.0853,1030.8109,78.5848,482.5005,656.8511
LSA,2021-01-22 04:00:00,711.6803,1079.2551,86.6707,625.0096,813.6912
LSA,2021-01-22 05:00:00,793.737,1098.4233,91.0177,702.7192,899.1849
LSA,2021-01-22 06:00:00,799.415,1090.7728,95.1081,704.3069,907.5056
LSA,2021-01-22 07:00:00,728.268,1056.4208,98.0583,630.2097,838.0857
LSA,2021-01-22 08:00:00,587.2109,991.3537,95.6332,491.5778,695.6558
LSA,2021-01-22 09:00:00,390.2971,881.3255,81.1213,309.1758,489.9229
LSA,2021-01-22 10:00:00,160.8982,618.9322,50.2006,110.6976,234.9082
LSA,2021-01-22 11:00:00,6.8023,49.827,4.3457,2.4566,15.564
LSA,2021-01-22 12:00:00,0.0,0.0,0.0,0.0,0.0
LSA,2021-01-22 13:00:00,0.0,0.0,0.0,0.0,0.0
LSA,2021-01-22 14:00:00,0.0,0.0,0.0,0.0,0.0
LSA,2021-01-22 15:00:00,0.0,0.0,0.0,0.0,0.0
LSA,2021-01-22 16:00:00,0.0,0.0,0.0,0.0,0.0
LSA,2021-01-22 17:00:00,0.0,0.0,0.0,0.0,0.0
LSA,2021-01-22 18:00:00,0.0,0.0,0.0,0.0,0.0
LSA,2021-01-22 19:00:00,0.0,0.0,0.0,0.0,0.0
LSA,2021-01-22 20:00:00,0.0,0.0,0.0,0.0,0.0
LSA,2021-01-22 21:00:00,0.0,0.0,0.0,0.0,0.0
LSA,2021-01-22 22:00:00,0.0,0.0,0.0,0.0,0.0
LSA,2021-01-22 23:00:00,0.0,0.0,0.0,0.0,0.0
LSA,2021-01-23 00:00:00,0.6911,1.5318,0.6003,0.0908,2.1044
LSA,2021-01-23 01:00:00,113.2632,486.9263,41.3844,71.8788,178.0082
LSA,2021-01-23 02:00:00,343.2473,841.0464,76.1194,267.1278,441.8459
LSA,2021-01-23 03:00:00,547.5933,966.88,92.692,454.9012,659.8578
LSA,2021-01-23 04:00:00,696.7371,1023.8509,101.0972,595.64,817.1897
LSA,2021-01-23 05:00:00,778.088,1047.8861,104.6324,673.4556,903.1202
LSA,2021-01-23 06:00:00,784.7159,1047.8175,104.845,679.8709,911.7931
LSA,2021-01-23 07:00:00,716.3644,1024.3857,101.9103,614.454,842.6167
LSA,2021-01-23 08:00:00,579.4539,971.142,94.7188,484.735,700.3054
LSA,2021-01-23 09:00:00,386.2032,864.2501,79.9554,306.2478,494.5583
LSA,2021-01-23 10:00:00,159.5586,593.657,51.0926,108.466,239.3981
LSA,2021-01-23 11:00:00,7.1157,46.3013,4.7262,2.3895,17.0125
LSA,2021-01-23 12:00:00,0.0,0.0,0.0,0.0,0.0
LSA,2021-01-23 13:00:00,0.0,0.0,0.0,0.0,0.0
LSA,2021-01-23 14:00:00,0.0,0.0,0.0,0.0,0.0
LSA,2021-01-23 15:00:00,0.0,0.0,0.0,0.0,0.0
LSA,2021-01-23 16:00:00,0.0,0.0,0.0,0.0,0.0
LSA,2021-01-23 17:00:00,0.0,0.0,0.0,0.0,0.0
LSA,2021-01-23 18:00:00,0.0,0.0,0.0,0.0,0.0
LSA,2021-01-23 19:00:00,0.0,0.0,0.0,0.0,0.0
LSA,2021-01-23 20:00:00,0.0,0.0,0.0,0.0,0.0
LSA,2021-01-23 21:00:00,0.0,0.0,0.0,0.0,0.0
LSA,2021-01-23 22:00:00,0.0,0.0,0.0,0.0,0.0
LSA,2021-01-23 23:00:00,0.0,0.0,0.0,0.0,0.0
LSA,2021-01-24 00:00:00,0.7902,3.9632,0.6448,0.1454,2.3224
LSA,2021-01-24 01:00:00,117.9675,558.9637,35.8495,82.1179,180.138
LSA,2021-01-24 02:00:00,348.9515,902.7051,60.9091,288.0424,444.4698
LSA,2021-01-24 03:00:00,551.11,1013.0369,72.3732,478.7369,662.9854
LSA,2021-01-24 04:00:00,697.5345,1057.1564,79.7687,617.7659,820.7962
LSA,2021-01-24 05:00:00,776.9695,1073.2799,84.0036,692.9659,907.1484
LSA,2021-01-24 06:00:00,786.1158,1077.845,83.3094,702.8064,916.1567
LSA,2021-01-24 07:00:00,724.3485,1071.9862,77.8556,646.4929,847.207
LSA,2021-01-24 08:00:00,593.6675,1042.9236,69.882,523.7855,704.9984
LSA,2021-01-24 09:00:00,403.2455,963.0836,59.3093,343.9362,499.2233
LSA,2021-01-24 10:00:00,173.7864,727.6357,40.7392,133.0472,243.9068
LSA,2021-01-24 11:00:00,8.8391,80.6673,4.6253,4.2138,18.5263
LSA,2021-01-24 12:00:00,0.0,0.0,0.0,0.0,0.0
LSA,2021-01-24 13:00:00,0.0,0.0,0.0,0.0,0.0
LSA,2021-01-24 14:00:00,0.0,0.0,0.0,0.0,0.0
LSA,2021-01-24 15:00:00,0.0,0.0,0.0,0.0,0.0
LSA,2021-01-24 16:00:00,0.0,0.0,0.0,0.0,0.0
LSA,2021-01-24 17:00:00,0.0,0.0,0.0,0.0,0.0
LSA,2021-01-24 18:00:00,0.0,0.0,0.0,0.0,0.0
LSA,2021-01-24 19:00:00,0.0,0.0,0.0,0.0,0.0
LSA,2021-01-24 20:00:00,0.0,0.0,0.0,0.0,0.0
LSA,2021-01-24 21:00:00,0.0,0.0,0.0,0.0,0.0
LSA,2021-01-24 22:00:00,0.0,0.0,0.0,0.0,0.0
LSA,2021-01-24 23:00:00,0.0,0.0,0.0,0.0,0.0
LSA,2021-01-25 00:00:00,0.906,4.8633,0.7067,0.1993,2.5563
LSA,2021-01-25 01:00:00,120.6971,575.304,36.0062,84.691,182.4029
LSA,2021-01-25 02:00:00,351.443,897.6364,63.3913,288.0517,447.2225
LSA,2021-01-25 03:00:00,553.6584,1001.228,78.0889,475.5695,666.2317
LSA,2021-01-25 04:00:00,701.2499,1044.7719,87.8406,613.4092,824.5082
LSA,2021-01-25 05:00:00,781.7645,1059.8253,94.2454,687.519,911.2664
LSA,2021-01-25 06:00:00,790.7671,1063.38,93.8937,696.8734,920.5934
LSA,2021-01-25 07:00:00,727.6288,1056.3807,86.9129,640.7159,851.8535
LSA,2021-01-25 08:00:00,595.5342,1025.0538,77.1274,518.4067,709.7317
LSA,2021-01-25 09:00:00,404.9865,946.1041,63.9277,341.0588,503.9149
LSA,2021-01-25 10:00:00,176.411,720.0248,42.6147,133.7962,248.4315
LSA,2021-01-25 11:00:00,9.6508,83.8006,5.0126,4.6383,20.1048
LSA,2021-01-25 12:00:00,0.0,0.0,0.0,0.0,0.0
LSA,2021-01-25 13:00:00,0.0,0.0,0.0,0.0,0.0
LSA,2021-01-25 14:00:00,0.0,0.0,0.0,0.0,0.0
LSA,2021-01-25 15:00:00,0.0,0.0,0.0,0.0,0.0
LSA,2021-01-25 16:00:00,0.0,0.0,0.0,0.0,0.0
LSA,2021-01-25 17:00:00,0.0,0.0,0.0,0.0,0.0
LSA,2021-01-25 18:00:00,0.0,0.0,0.0,0.0,0.0
LSA,2021-01-25 19:00:00,0.0,0.0,0.0,0.0,0.0
LSA,2021-01-25 20:00:00,0.0,0.0,0.0,0.0,0.0
LSA,2021-01-25 21:00:00,0.0,0.0,0.0,0.0,0.0
LSA,2021-01-25 22:00:00,0.0,0.0,0.0,0.0,0.0
LSA,2021-01-25 23:00:00,0.0,0.0,0.0,0.0,0.0
LSA,2021-01-26 00:00:00,1.0928,9.6319,0.7723,0.3205,2.878
LSA,2021-01-26 01:00:00,127.0327,641.717,32.7823,94.2505,184.8016
LSA,2021-01-26 02:00:00,361.3636,947.9484,55.4701,305.8935,450.1022
LSA,2021-01-26 03:00:00,564.6265,1040.4033,67.9973,496.6292,669.5945
LSA,2021-01-26 04:00:00,712.0566,1076.0028,77.3065,634.7501,828.3231
LSA,2021-01-26 05:00:00,792.0026,1086.2045,83.9827,708.0198,915.4713
LSA,2021-01-26 06:00:00,800.0446,1085.5822,84.9803,715.0643,925.1
LSA,2021-01-26 07:00:00,735.6409,1074.4022,80.2407,655.4003,856.553
LSA,2021-01-26 08:00:00,602.1982,1039.5605,72.7855,529.4127,714.5023
LSA,2021-01-26 09:00:00,410.9315,960.6403,61.4114,349.5201,508.6305
LSA,2021-01-26 10:00:00,181.5535,741.6616,41.698,139.8556,252.97
LSA,2021-01-26 11:00:00,10.6966,95.2652,5.2774,5.4192,21.7474
LSA,2021-01-26 12:00:00,0.0,0.0,0.0,0.0,0.0
LSA,2021-01-26 13:00:00,0.0,0.0,0.0,0.0,0.0
LSA,2021-01-26 14:00:00,0.0,0.0,0.0,0.0,0.0
LSA,2021-01-26 15:00:00,0.0,0.0,0.0,0.0,0.0
LSA,2021-01-26 16:00:00,0.0,0.0,0.0,0.0,0.0
LSA,2021-01-26 17:00:00,0.0,0.0,0.0,0.0,0.0
LSA,2021-01-26 18:00:00,0.0,0.0,0.0,0.0,0.0
LSA,2021-01-26 19:00:00,0.0,0.0,0.0,0.0,0.0
LSA,2021-01-26 20:00:00,0.0,0.0,0.0,0.0,0.0
LSA,2021-01-26 21:00:00,0.0,0.0,0.0,0.0,0.0
LSA,2021-01-26 22:00:00,0.0,0.0,0.0,0.0,0.0
LSA,2021-01-26 23:00:00,0.0,0.0,0.0,0.0,0.0
LSA,2021-01-27 00:00:00,1.2817,12.0118,0.8348,0.4469,3.1809
LSA,2021-01-27 01:00:00,131.9047,678.3964,31.919,99.9857,187.3327
LSA,2021-01-27 02:00:00,369.4195,971.9503,53.7795,315.6399,453.1072
LSA,2021-01-27 03:00:00,574.4537,1058.2203,66.668,507.7858,673.0714
LSA,2021-01-27 04:00:00,722.4089,1088.7021,77.0251,645.3838,832.2379
LSA,2021-01-27 05:00:00,802.2374,1095.0054,84.9908,717.2466,919.7601
LSA,2021-01-27 06:00:00,811.7628,1096.634,85.7029,726.0599,929.6733
LSA,2021-01-27 07:00:00,750.2766,1094.0292,79.1178,671.1588,861.3022
LSA,2021-01-27 08:00:00,618.5389,1069.7347,70.1222,548.4167,719.3072
LSA,2021-01-27 09:00:00,425.6415,998.9003,58.8688,366.7727,513.3673
LSA,2021-01-27 10:00:00,191.4575,788.0693,40.8764,150.5811,257.52
LSA,2021-01-27 11:00:00,12.298,114.4598,5.6312,6.6668,23.4192
LSA,2021-01-27 12:00:00,0.0,0.0,0.0,0.0,0.0
LSA,2021-01-27 13:00:00,0.0,0.0,0.0,0.0,0.0
LSA,2021-01-27 14:00:00,0.0,0.0,0.0,0.0,0.0
LSA,2021-01-27 15:00:00,0.0,0.0,0.0,0.0,0.0
LSA,2021-01-27 16:00:00,0.0,0.0,0.0,0.0,0.0
LSA,2021-01-27 17:00:00,0.0,0.0,0.0,0.0,0.0
LSA,2021-01-27 18:00:00,0.0,0.0,0.0,0.0,0.0
LSA,2021-01-27 19:00:00,0.0,0.0,0.0,0.0,0.0
LSA,2021-01-27 20:00:00,0.0,0.0,0.0,0.0,0.0
LSA,2021-01-27 21:00:00,0.0,0.0,0.0,0.0,0.0
LSA,2021-01-27 22:00:00,0.0,0.0,0.0,0.0,0.0
LSA,2021-01-27 23:00:00,0.0,0.0,0.0,0.0,0.0
LSA,2021-01-28 00:00:00,1.3567,12.1516,0.9658,0.3909,3.5679
LSA,2021-01-28 01:00:00,130.0168,636.7362,33.9997,96.0171,189.9947
LSA,2021-01-28 02:00:00,365.8439,948.3952,55.4225,310.4215,456.2353
LSA,2021-01-28 03:00:00,570.7351,1045.0645,66.3745,504.3607,676.66
LSA,2021-01-28 04:00:00,719.878,1082.9384,74.6187,645.2593,836.2499
LSA,2021-01-28 05:00:00,801.6765,1095.7858,80.3253,721.3511,924.1296
LSA,2021-01-28 06:00:00,809.8182,1092.8029,82.4927,727.3256,934.3102
LSA,2021-01-28 07:00:00,743.7045,1073.9015,80.9638,662.7406,866.0982
LSA,2021-01-28 08:00:00,608.5319,1030.3108,76.4108,532.121,724.1434
LSA,2021-01-28 09:00:00,416.6319,946.7014,65.6176,351.0143,518.1226
LSA,2021-01-28 10:00:00,187.4691,732.7234,44.6127,142.8564,262.0792
LSA,2021-01-28 11:00:00,12.5026,103.6173,6.2321,6.2705,25.1988
LSA,2021-01-28 12:00:00,0.0,0.0,0.0,0.0,0.0
LSA,2021-01-28 13:00:00,0.0,0.0,0.0,0.0,0.0
LSA,2021-01-28 14:00:00,0.0,0.0,0.0,0.0,0.0
LSA,2021-01-28 15:00:00,0.0,0.0,0.0,0.0,0.0
LSA,2021-01-28 16:00:00,0.0,0.0,0.0,0.0,0.0
LSA,2021-01-28 17:00:00,0.0,0.0,0.0,0.0,0.0
LSA,2021-01-28 18:00:00,0.0,0.0,0.0,0.0,0.0
LSA,2021-01-28 19:00:00,0.0,0.0,0.0,0.0,0.0
LSA,2021-01-28 20:00:00,0.0,0.0,0.0,0.0,0.0
LSA,2021-01-28 21:00:00,0.0,0.0,0.0,0.0,0.0
LSA,2021-01-28 22:00:00,0.0,0.0,0.0,0.0,0.0
LSA,2021-01-28 23:00:00,0.0,0.0,0.0,0.0,0.0
LSA,2021-01-29 00:00:00,1.5014,12.1658,1.0734,0.428,3.9481
LSA,2021-01-29 01:00:00,131.3932,625.3706,35.7139,95.6793,192.7861
LSA,2021-01-29 02:00:00,368.5955,940.3354,58.4631,310.1324,459.4844
LSA,2021-01-29 03:00:00,574.9153,1040.4243,69.9089,505.0065,680.3577
LSA,2021-01-29 04:00:00,724.8079,1079.7393,78.1343,646.6736,840.3562
LSA,2021-01-29 05:00:00,806.9973,1093.4395,83.5532,723.4441,928.5768
LSA,2021-01-29 06:00:00,816.6939,1095.7185,83.6049,733.089,939.0074
LSA,2021-01-29 07:00:00,753.2188,1087.3339,78.3538,674.865,870.9377
LSA,2021-01-29 08:00:00,620.0538,1056.834,70.6182,549.4357,729.0081
LSA,2021-01-29 09:00:00,427.917,985.2855,59.348,368.5691,522.8939
LSA,2021-01-29 10:00:00,196.1065,786.9241,40.9379,155.1687,266.6454
LSA,2021-01-29 11:00:00,14.198,130.2299,6.1856,8.0124,27.0402
LSA,2021-01-29 12:00:00,0.0,0.0,0.0,0.0,0.0
LSA,2021-01-29 13:00:00,0.0,0.0,0.0,0.0,0.0
LSA,2021-01-29 14:00:00,0.0,0.0,0.0,0.0,0.0
LSA,2021-01-29 15:00:00,0.0,0.0,0.0,0.0,0.0
LSA,2021-01-29 16:00:00,0.0,0.0,0.0,0.0,0.0
LSA,2021-01-29 17:00:00,0.0,0.0,0.0,0.0,0.0
LSA,2021-01-29 18:00:00,0.0,0.0,0.0,0.0,0.0
LSA,2021-01-29 19:00:00,0.0,0.0,0.0,0.0,0.0
LSA,2021-01-29 20:00:00,0.0,0.0,0.0,0.0,0.0
LSA,2021-01-29 21:00:00,0.0,0.0,0.0,0.0,0.0
LSA,2021-01-29 22:00:00,0.0,0.0,0.0,0.0,0.0
LSA,2021-01-29 23:00:00,0.0,0.0,0.0,0.0,0.0
LSA,2021-01-30 00:00:00,1.7431,18.0754,1.1423,0.6008,4.4168
LSA,2021-01-30 01:00:00,135.9888,667.731,33.4289,102.5599,195.705
LSA,2021-01-30 02:00:00,374.9113,964.2966,54.7264,320.1849,462.8523
LSA,2021-01-30 03:00:00,583.1223,1060.3154,65.4342,517.688,684.1617
LSA,2021-01-30 04:00:00,735.9089,1102.9957,71.8214,664.0875,844.5538
LSA,2021-01-30 05:00:00,820.7521,1120.5876,75.5401,745.212,933.0986
LSA,2021-01-30 06:00:00,830.4236,1118.1802,78.3097,752.1138,943.7618
LSA,2021-01-30 07:00:00,764.0372,1095.6909,79.9138,684.1235,875.8176
LSA,2021-01-30 08:00:00,627.1121,1048.292,78.1199,548.9922,733.8982
LSA,2021-01-30 09:00:00,431.1198,958.9637,68.7737,362.346,527.6785
LSA,2021-01-30 10:00:00,196.5518,739.8293,47.4988,149.053,271.2165
LSA,2021-01-30 11:00:00,14.5871,117.0903,7.1012,7.4858,28.9424
LSA,2021-01-30 12:00:00,0.0,0.0,0.0,0.0,0.0
LSA,2021-01-30 13:00:00,0.0,0.0,0.0,0.0,0.0
LSA,2021-01-30 14:00:00,0.0,0.0,0.0,0.0,0.0
LSA,2021-01-30 15:00:00,0.0,0.0,0.0,0.0,0.0
LSA,2021-01-30 16:00:00,0.0,0.0,0.0,0.0,0.0
LSA,2021-01-30 17:00:00,0.0,0.0,0.0,0.0,0.0
LSA,2021-01-30 18:00:00,0.0,0.0,0.0,0.0,0.0
LSA,2021-01-30 19:00:00,0.0,0.0,0.0,0.0,0.0
LSA,2021-01-30 20:00:00,0.0,0.0,0.0,0.0,0.0
LSA,2021-01-30 21:00:00,0.0,0.0,0.0,0.0,0.0
LSA,2021-01-30 22:00:00,0.0,0.0,0.0,0.0,0.0
LSA,2021-01-30 23:00:00,0.0,0.0,0.0,0.0,0.0
LSA,2021-01-31 00:00:00,1.8727,14.6905,1.3398,0.5329,4.882
LSA,2021-01-31 01:00:00,134.5439,595.001,40.9322,93.6117,198.7498
LSA,2021-01-31 02:00:00,373.4439,902.113,71.2685,302.1754,466.3368
LSA,2021-01-31 03:00:00,582.6586,1005.2678,88.8441,493.8145,688.0696
LSA,2021-01-31 04:00:00,736.0093,1049.3981,100.8183,635.191,848.8398
LSA,2021-01-31 05:00:00,820.6163,1064.5062,109.0446,711.5717,937.6917
LSA,2021-01-31 06:00:00,828.5795,1052.3682,116.9163,711.6631,948.5702
LSA,2021-01-31 07:00:00,758.9288,1011.5601,123.4735,635.4553,880.7349
LSA,2021-01-31 08:00:00,617.6834,937.2567,123.0153,494.6682,738.8109
LSA,2021-01-31 09:00:00,420.349,828.7426,104.0037,316.3453,532.4739
LSA,2021-01-31 10:00:00,189.6044,607.3383,64.2985,125.3059,275.7903
LSA,2021-01-31 11:00:00,14.5227,88.106,8.6501,5.8725,30.9044
LSA,2021-01-31 12:00:00,0.0,0.0,0.0,0.0,0.0
LSA,2021-01-31 13:00:00,0.0,0.0,0.0,0.0,0.0
LSA,2021-01-31 14:00:00,0.0,0.0,0.0,0.0,0.0
LSA,2021-01-31 15:00:00,0.0,0.0,0.0,0.0,0.0
LSA,2021-01-31 16:00:00,0.0,0.0,0.0,0.0,0.0
LSA,2021-01-31 17:00:00,0.0,0.0,0.0,0.0,0.0
LSA,2021-01-31 18:00:00,0.0,0.0,0.0,0.0,0.0
LSA,2021-01-31 19:00:00,0.0,0.0,0.0,0.0,0.0
LSA,2021-01-31 20:00:00,0.0,0.0,0.0,0.0,0.0
LSA,2021-01-31 21:00:00,0.0,0.0,0.0,0.0,0.0
LSA,2021-01-31 22:00:00,0.0,0.0,0.0,0.0,0.0
LSA,2021-01-31 23:00:00,0.0,0.0,0.0,0.0,0.0
LSA,2021-02-01 00:00:00,2.0017,12.6237,1.5643,0.4375,5.4483
LSA,2021-02-01 01:00:00,131.5659,521.7333,47.2922,84.2737,201.9185
LSA,2021-02-01 02:00:00,368.575,840.119,84.5344,284.0406,469.9355
LSA,2021-02-01 03:00:00,578.3961,957.6071,104.955,473.4412,692.0785
LSA,2021-02-01 04:00:00,732.6192,1011.4247,117.0329,615.5862,853.2111
LSA,2021-02-01 05:00:00,817.9949,1032.9641,123.8754,694.1194,942.3528
LSA,2021-02-01 06:00:00,824.3231,1014.1417,134.7818,689.5413,953.4292
LSA,2021-02-01 07:00:00,750.9376,952.9543,148.6173,602.3203,885.6863
LSA,2021-02-01 08:00:00,606.6317,856.9347,150.8917,455.74,743.7433
LSA,2021-02-01 09:00:00,408.5662,728.476,127.4707,281.0955,537.2777
LSA,2021-02-01 10:00:00,181.0117,490.2921,76.9586,104.0531,280.365
LSA,2021-02-01 11:00:00,14.0511,59.1517,9.9006,4.1505,32.9249
LSA,2021-02-01 12:00:00,0.0,0.0,0.0,0.0,0.0
LSA,2021-02-01 13:00:00,0.0,0.0,0.0,0.0,0.0
LSA,2021-02-01 14:00:00,0.0,0.0,0.0,0.0,0.0
LSA,2021-02-01 15:00:00,0.0,0.0,0.0,0.0,0.0
LSA,2021-02-01 16:00:00,0.0,0.0,0.0,0.0,0.0
LSA,2021-02-01 17:00:00,0.0,0.0,0.0,0.0,0.0
LSA,2021-02-01 18:00:00,0.0,0.0,0.0,0.0,0.0
LSA,2021-02-01 19:00:00,0.0,0.0,0.0,0.0,0.0
LSA,2021-02-01 20:00:00,0.0,0.0,0.0,0.0,0.0
LSA,2021-02-01 21:00:00,0.0,0.0,0.0,0.0,0.0
LSA,2021-02-01 22:00:00,0.0,0.0,0.0,0.0,0.0
LSA,2021-02-01 23:00:00,0.0,0.0,0.0,0.0,0.0
LSA,2021-02-02 00:00:00,2.1734,11.8674,1.7282,0.4452,6.0523
LSA,2021-02-02 01:00:00,131.9991,502.4233,49.2075,82.7916,205.2093
LSA,2021-02-02 02:00:00,370.5145,837.8261,84.66,285.8545,473.646
LSA,2021-02-02 03:00:00,582.0621,967.5142,100.696,481.3661,696.1856
LSA,2021-02-02 04:00:00,737.4825,1027.158,108.8475,628.635,857.6646
LSA,2021-02-02 05:00:00,824.2417,1054.7246,111.7323,712.5094,947.0789
LSA,2021-02-02 06:00:00,834.7389,1055.0544,113.5505,721.1884,958.3356
LSA,2021-02-02 07:00:00,768.1393,1028.874,114.2778,653.8615,890.6688
LSA,2021-02-02 08:00:00,630.3646,973.5927,109.6551,520.7094,748.6926
LSA,2021-02-02 09:00:00,435.3914,884.9172,91.7085,343.6829,542.0872
LSA,2021-02-02 10:00:00,203.4581,684.7365,58.7454,144.7128,284.9383
LSA,2021-02-02 11:00:00,17.6754,117.8199,9.3196,8.3558,35.0026
LSA,2021-02-02 12:00:00,0.0,0.0,0.0,0.0,0.0
LSA,2021-02-02 13:00:00,0.0,0.0,0.0,0.0,0.0
LSA,2021-02-02 14:00:00,0.0,0.0,0.0,0.0,0.0
LSA,2021-02-02 15:00:00,0.0,0.0,0.0,0.0,0.0
LSA,2021-02-02 16:00:00,0.0,0.0,0.0,0.0,0.0
LSA,2021-02-02 17:00:00,0.0,0.0,0.0,0.0,0.0
LSA,2021-02-02 18:00:00,0.0,0.0,0.0,0.0,0.0
LSA,2021-02-02 19:00:00,0.0,0.0,0.0,0.0,0.0
LSA,2021-02-02 20:00:00,0.0,0.0,0.0,0.0,0.0
LSA,2021-02-02 21:00:00,0.0,0.0,0.0,0.0,0.0
LSA,2021-02-02 22:00:00,0.0,0.0,0.0,0.0,0.0
LSA,2021-02-02 23:00:00,0.0,0.0,0.0,0.0,0.0
LSA,2021-02-03 00:00:00,2.6562,22.515,1.8118,0.8444,6.685
LSA,2021-02-03 01:00:00,142.0944,621.2126,40.5671,101.5273,208.6201
LSA,2021-02-03 02:00:00,381.9104,920.9073,65.9278,315.9826,477.4658
LSA,2021-02-03 03:00:00,589.3904,1013.8424,82.2714,507.119,700.388
LSA,2021-02-03 04:00:00,739.5745,1042.2574,98.3488,641.2257,862.1971
LSA,2021-02-03 05:00:00,821.7322,1046.8463,110.8343,710.8979,951.8666
LSA,2021-02-03 06:00:00,830.8215,1044.2549,113.1514,717.6702,963.2861
LSA,2021-02-03 07:00:00,766.1526,1034.2122,105.1277,661.025,895.6791
LSA,2021-02-03 08:00:00,631.5216,999.4949,93.5519,537.9697,753.6558
LSA,2021-02-03 09:00:00,439.5934,926.3831,76.6659,362.9275,546.9
LSA,2021-02-03 10:00:00,208.8178,736.377,51.4209,157.3969,289.5082
LSA,2021-02-03 11:00:00,19.2654,142.3106,8.9984,10.267,37.1011
LSA,2021-02-03 12:00:00,0.0,0.0,0.0,0.0,0.0
LSA,2021-02-03 13:00:00,0.0,0.0,0.0,0.0,0.0
LSA,2021-02-03 14:00:00,0.0,0.0,0.0,0.0,0.0
LSA,2021-02-03 15:00:00,0.0,0.0,0.0,0.0,0.0
LSA,2021-02-03 16:00:00,0.0,0.0,0.0,0.0,0.0
LSA,2021-02-03 17:00:00,0.0,0.0,0.0,0.0,0.0
LSA,2021-02-03 18:00:00,0.0,0.0,0.0,0.0,0.0
LSA,2021-02-03 19:00:00,0.0,0.0,0.0,0.0,0.0
LSA,2021-02-03 20:00:00,0.0,0.0,0.0,0.0,0.0
LSA,2021-02-03 21:00:00,0.0,0.0,0.0,0.0,0.0
LSA,2021-02-03 22:00:00,0.0,0.0,0.0,0.0,0.0
LSA,2021-02-03 23:00:00,0.0,0.0,0.0,0.0,0.0
LSA,2021-02-04 00:00:00,3.0592,29.1183,1.9623,1.0968,7.4111
LSA,2021-02-04 01:00:00,147.2057,654.1375,39.2836,107.9221,212.1488
LSA,2021-02-04 02:00:00,389.5691,945.7111,62.4581,327.1109,481.3924
LSA,2021-02-04 03:00:00,598.9623,1039.5078,75.6192,523.3432,704.6829
LSA,2021-02-04 04:00:00,750.5493,1072.8597,86.7467,663.8026,866.8055
LSA,2021-02-04 05:00:00,833.5501,1081.5884,95.0914,738.4587,956.7125
LSA,2021-02-04 06:00:00,842.0143,1072.8792,100.6075,741.4068,968.2775
LSA,2021-02-04 07:00:00,775.2285,1046.1339,102.5251,672.7034,900.714
LSA,2021-02-04 08:00:00,637.7498,992.3501,99.707,538.0428,758.6299
LSA,2021-02-04 09:00:00,443.3383,904.1976,85.7594,357.5789,551.7135
LSA,2021-02-04 10:00:00,210.9959,704.5177,57.674,153.3219,294.0727
LSA,2021-02-04 11:00:00,20.1526,134.2182,10.1589,9.9937,39.3019
LSA,2021-02-04 12:00:00,0.0,0.0,0.0,0.0,0.0
LSA,2021-02-04 13:00:00,0.0,0.0,0.0,0.0,0.0
LSA,2021-02-04 14:00:00,0.0,0.0,0.0,0.0,0.0
LSA,2021-02-04 15:00:00,0.0,0.0,0.0,0.0,0.0
LSA,2021-02-04 16:00:00,0.0,0.0,0.0,0.0,0.0
LSA,2021-02-04 17:00:00,0.0,0.0,0.0,0.0,0.0
LSA,2021-02-04 18:00:00,0.0,0.0,0.0,0.0,0.0
LSA,2021-02-04 19:00:00,0.0,0.0,0.0,0.0,0.0
LSA,2021-02-04 20:00:00,0.0,0.0,0.0,0.0,0.0
LSA,2021-02-04 21:00:00,0.0,0.0,0.0,0.0,0.0
LSA,2021-02-04 22:00:00,0.0,0.0,0.0,0.0,0.0
LSA,2021-02-04 23:00:00,0.0,0.0,0.0,0.0,0.0
LSA,2021-02-05 00:00:00,3.3222,28.987,2.1425,1.1796,8.1488
LSA,2021-02-05 01:00:00,147.1644,635.9523,40.6346,106.5298,215.7935
LSA,2021-02-05 02:00:00,386.0908,916.4417,66.3978,319.6931,485.4233
LSA,2021-02-05 03:00:00,593.7845,1012.4485,80.6127,513.1719,709.0673
LSA,2021-02-05 04:00:00,745.9103,1054.1156,89.9314,655.9789,871.4867
LSA,2021-02-05 05:00:00,829.994,1069.2466,95.9846,734.0094,961.6134
LSA,2021-02-05 06:00:00,840.5244,1066.0165,99.8213,740.7031,973.3063
LSA,2021-02-05 07:00:00,776.5331,1044.2932,101.0748,675.4584,905.7704
LSA,2021-02-05 08:00:00,641.6219,996.472,97.7122,543.9097,763.6121
LSA,2021-02-05 09:00:00,446.9663,904.866,85.7009,361.2654,556.5251
LSA,2021-02-05 10:00:00,212.4024,688.0502,59.9175,152.485,298.6295
LSA,2021-02-05 11:00:00,20.7582,126.4177,11.0116,9.7467,41.5557
LSA,2021-02-05 12:00:00,0.0,0.0,0.0,0.0,0.0
LSA,2021-02-05 13:00:00,0.0,0.0,0.0,0.0,0.0
LSA,2021-02-05 14:00:00,0.0,0.0,0.0,0.0,0.0
LSA,2021-02-05 15:00:00,0.0,0.0,0.0,0.0,0.0
LSA,2021-02-05 16:00:00,0.0,0.0,0.0,0.0,0.0
LSA,2021-02-05 17:00:00,0.0,0.0,0.0,0.0,0.0
LSA,2021-02-05 18:00:00,0.0,0.0,0.0,0.0,0.0
LSA,2021-02-05 19:00:00,0.0,0.0,0.0,0.0,0.0
LSA,2021-02-05 20:00:00,0.0,0.0,0.0,0.0,0.0
LSA,2021-02-05 21:00:00,0.0,0.0,0.0,0.0,0.0
LSA,2021-02-05 22:00:00,0.0,0.0,0.0,0.0,0.0
LSA,2021-02-05 23:00:00,0.0,0.0,0.0,0.0,0.0
LSA,2021-02-06 00:00:00,3.426,22.2393,2.5136,0.9124,9.0112
LSA,2021-02-06 01:00:00,143.6756,550.4466,48.7639,94.9117,219.5521
LSA,2021-02-06 02:00:00,381.5101,846.1231,83.359,298.1511,489.5559
LSA,2021-02-06 03:00:00,591.9422,964.6125,99.4162,492.526,713.5383
LSA,2021-02-06 04:00:00,748.4309,1030.8075,103.0978,645.3331,876.2373
LSA,2021-02-06 05:00:00,836.6738,1065.5322,101.1632,735.5106,966.5659
LSA,2021-02-06 06:00:00,849.6067,1077.2014,97.0267,752.58,978.3691
LSA,2021-02-06 07:00:00,786.3958,1067.8071,91.7361,694.6597,910.845
LSA,2021-02-06 08:00:00,652.4893,1035.8359,83.4575,569.0317,768.5994
LSA,2021-02-06 09:00:00,457.4546,955.3954,72.7524,384.7022,561.3323
LSA,2021-02-06 10:00:00,220.6105,744.9702,53.6763,166.9342,303.1765
LSA,2021-02-06 11:00:00,22.8242,152.2626,10.8994,11.9248,43.8608
LSA,2021-02-06 12:00:00,0.0,0.0,0.0,0.0,0.0
LSA,2021-02-06 13:00:00,0.0,0.0,0.0,0.0,0.0
LSA,2021-02-06 14:00:00,0.0,0.0,0.0,0.0,0.0
LSA,2021-02-06 15:00:00,0.0,0.0,0.0,0.0,0.0
LSA,2021-02-06 16:00:00,0.0,0.0,0.0,0.0,0.0
LSA,2021-02-06 17:00:00,0.0,0.0,0.0,0.0,0.0
LSA,2021-02-06 18:00:00,0.0,0.0,0.0,0.0,0.0
LSA,2021-02-06 19:00:00,0.0,0.0,0.0,0.0,0.0
LSA,2021-02-06 20:00:00,0.0,0.0,0.0,0.0,0.0
LSA,2021-02-06 21:00:00,0.0,0.0,0.0,0.0,0.0
LSA,2021-02-06 22:00:00,0.0,0.0,0.0,0.0,0.0
LSA,2021-02-06 23:00:00,0.0,0.0,0.0,0.0,0.0
LSA,2021-02-07 00:00:00,3.5084,15.6028,2.8491,0.6593,9.9348
LSA,2021-02-07 01:00:00,139.0461,455.7567,57.5866,81.4595,223.4223
LSA,2021-02-07 02:00:00,378.1408,789.6826,96.5793,281.5615,493.7876
LSA,2021-02-07 03:00:00,590.6531,924.6447,115.4309,475.2221,718.093
LSA,2021-02-07 04:00:00,747.4514,982.7885,128.649,618.8024,881.0541
LSA,2021-02-07 05:00:00,836.0217,1008.265,136.249,699.7727,971.5665
LSA,2021-02-07 06:00:00,850.4537,1021.8214,132.6452,717.8085,983.4626
LSA,2021-02-07 07:00:00,789.6245,1025.7084,118.4847,671.1398,915.9346
LSA,2021-02-07 08:00:00,657.177,1005.6454,101.0801,556.0969,773.5887
LSA,2021-02-07 09:00:00,463.6271,943.212,80.828,382.799,566.1323
LSA,2021-02-07 10:00:00,228.2145,771.6908,53.8344,174.3801,307.7117
LSA,2021-02-07 11:00:00,25.485,185.8599,10.862,14.623,46.2154
LSA,2021-02-07 12:00:00,0.0,0.0,0.0,0.0,0.0
LSA,2021-02-07 13:00:00,0.0,0.0,0.0,0.0,0.0
LSA,2021-02-07 14:00:00,0.0,0.0,0.0,0.0,0.0
LSA,2021-02-07 15:00:00,0.0,0.0,0.0,0.0,0.0
LSA,2021-02-07 16:00:00,0.0,0.0,0.0,0.0,0.0
LSA,2021-02-07 17:00:00,0.0,0.0,0.0,0.0,0.0
LSA,2021-02-07 18:00:00,0.0,0.0,0.0,0.0,0.0
LSA,2021-02-07 19:00:00,0.0,0.0,0.0,0.0,0.0
LSA,2021-02-07 20:00:00,0.0,0.0,0.0,0.0,0.0
LSA,2021-02-07 21:00:00,0.0,0.0,0.0,0.0,0.0
LSA,2021-02-07 22:00:00,0.0,0.0,0.0,0.0,0.0
LSA,2021-02-07 23:00:00,0.0,0.0,0.0,0.0,0.0
LSA,2021-02-08 00:00:00,5.2159,56.605,2.7989,2.417,10.9246
LSA,2021-02-08 01:00:00,168.2785,753.9995,37.7552,130.5234,227.4021
LSA,2021-02-08 02:00:00,418.1425,1007.8174,57.5567,360.5858,498.1158
LSA,2021-02-08 03:00:00,632.7162,1092.3661,67.991,564.7253,722.7281
LSA,2021-02-08 04:00:00,789.2847,1129.0659,74.3786,714.9061,885.934
LSA,2021-02-08 05:00:00,875.8869,1143.134,78.1611,797.7258,976.6119
LSA,2021-02-08 06:00:00,885.9109,1141.0474,79.871,806.0399,988.5835
LSA,2021-02-08 07:00:00,818.683,1122.981,79.4405,739.2426,921.0358
LSA,2021-02-08 08:00:00,679.5381,1083.4264,76.1998,603.3383,778.577
LSA,2021-02-08 09:00:00,479.6606,1005.2031,68.0271,411.6335,570.9227
LSA,2021-02-08 10:00:00,237.7367,814.7256,50.7658,186.9708,312.2328
LSA,2021-02-08 11:00:00,27.4725,195.8744,11.5925,15.88,48.6176
LSA,2021-02-08 12:00:00,0.0,0.0,0.0,0.0,0.0
LSA,2021-02-08 13:00:00,0.0,0.0,0.0,0.0,0.0
LSA,2021-02-08 14:00:00,0.0,0.0,0.0,0.0,0.0
LSA,2021-02-08 15:00:00,0.0,0.0,0.0,0.0,0.0
LSA,2021-02-08 16:00:00,0.0,0.0,0.0,0.0,0.0
LSA,2021-02-08 17:00:00,0.0,0.0,0.0,0.0,0.0
LSA,2021-02-08 18:00:00,0.0,0.0,0.0,0.0,0.0
LSA,2021-02-08 19:00:00,0.0,0.0,0.0,0.0,0.0
LSA,2021-02-08 20:00:00,0.0,0.0,0.0,0.0,0.0
LSA,2021-02-08 21:00:00,0.0,0.0,0.0,0.0,0.0
LSA,2021-02-08 22:00:00,0.0,0.0,0.0,0.0,0.0
LSA,2021-02-08 23:00:00,0.0,0.0,0.0,0.0,0.0
LSA,2021-02-09 00:00:00,5.0778,38.4249,3.305,1.7728,11.9545
LSA,2021-02-09 01:00:00,159.6913,622.2458,48.439,111.2523,231.4885
LSA,2021-02-09 02:00:00,405.1803,903.4966,78.4074,326.7729,502.5372
LSA,2021-02-09 03:00:00,618.5115,1004.8281,95.3001,523.2115,727.4403
LSA,2021-02-09 04:00:00,774.5745,1049.4478,106.106,668.4685,890.8729
LSA,2021-02-09 05:00:00,860.8888,1065.912,112.9275,747.9613,981.6981
LSA,2021-02-09 06:00:00,868.8012,1050.5479,122.5339,746.2673,993.7278
LSA,2021-02-09 07:00:00,797.3968,1001.6295,133.9158,663.481,926.1452
LSA,2021-02-09 08:00:00,653.4559,918.9933,137.6075,515.8484,783.5613
LSA,2021-02-09 09:00:00,451.6429,797.6748,121.3442,330.2987,575.7004
LSA,2021-02-09 10:00:00,214.9284,567.9148,80.5962,134.3322,316.7375
LSA,2021-02-09 11:00:00,23.8384,102.4047,14.9558,8.8826,51.0301
LSA,2021-02-09 12:00:00,0.0,0.0,0.0,0.0,0.0
LSA,2021-02-09 13:00:00,0.0,0.0,0.0,0.0,0.0
LSA,2021-02-09 14:00:00,0.0,0.0,0.0,0.0,0.0
LSA,2021-02-09 15:00:00,0.0,0.0,0.0,0.0,0.0
LSA,2021-02-09 16:00:00,0.0,0.0,0.0,0.0,0.0
LSA,2021-02-09 17:00:00,0.0,0.0,0.0,0.0,0.0
LSA,2021-02-09 18:00:00,0.0,0.0,0.0,0.0,0.0
LSA,2021-02-09 19:00:00,0.0,0.0,0.0,0.0,0.0
LSA,2021-02-09 20:00:00,0.0,0.0,0.0,0.0,0.0
LSA,2021-02-09 21:00:00,0.0,0.0,0.0,0.0,0.0
LSA,2021-02-09 22:00:00,0.0,0.0,0.0,0.0,0.0
LSA,2021-02-09 23:00:00,0.0,0.0,0.0,0.0,0.0
LSA,2021-02-10 00:00:00,5.298,34.3248,3.6649,1.633,13.1108
LSA,2021-02-10 01:00:00,157.0658,574.8355,51.9798,105.086,235.6806
LSA,2021-02-10 02:00:00,399.137,859.8506,85.0585,314.0786,507.0504
LSA,2021-02-10 03:00:00,610.6571,968.9076,102.5336,508.1234,732.2276
LSA,2021-02-10 04:00:00,765.6343,1020.6743,111.5745,654.0598,895.8687
LSA,2021-02-10 05:00:00,851.4471,1042.4413,115.8716,735.5756,986.8228
LSA,2021-02-10 06:00:00,859.2891,1028.0417,124.9577,734.3314,998.8929
LSA,2021-02-10 07:00:00,788.5107,976.1393,138.0929,650.4178,931.2601
LSA,2021-02-10 08:00:00,646.374,889.8246,143.479,502.895,788.5388
LSA,2021-02-10 09:00:00,446.1447,760.358,128.3349,317.8098,580.4635
LSA,2021-02-10 10:00:00,211.2577,518.6088,86.1974,125.0602,321.224
LSA,2021-02-10 11:00:00,23.6978,82.5451,16.1894,7.5084,53.5367
LSA,2021-02-10 12:00:00,0.0,0.0,0.0,0.0,0.0
LSA,2021-02-10 13:00:00,0.0,0.0,0.0,0.0,0.0
LSA,2021-02-10 14:00:00,0.0,0.0,0.0,0.0,0.0
LSA,2021-02-10 15:00:00,0.0,0.0,0.0,0.0,0.0
LSA,2021-02-10 16:00:00,0.0,0.0,0.0,0.0,0.0
LSA,2021-02-10 17:00:00,0.0,0.0,0.0,0.0,0.0
LSA,2021-02-10 18:00:00,0.0,0.0,0.0,0.0,0.0
LSA,2021-02-10 19:00:00,0.0,0.0,0.0,0.0,0.0
LSA,2021-02-10 20:00:00,0.0,0.0,0.0,0.0,0.0
LSA,2021-02-10 21:00:00,0.0,0.0,0.0,0.0,0.0
LSA,2021-02-10 22:00:00,0.0,0.0,0.0,0.0,0.0
LSA,2021-02-10 23:00:00,0.0,0.0,0.0,0.0,0.0
LSA,2021-02-11 00:00:00,5.5909,30.8621,4.0667,1.5242,14.3464
LSA,2021-02-11 01:00:00,156.4328,542.1937,54.8573,101.5755,239.9755
LSA,2021-02-11 02:00:00,399.1827,853.3835,84.1099,315.0728,511.6518
LSA,2021-02-11 03:00:00,612.7635,977.9425,96.3008,516.4627,737.0862
LSA,2021-02-11 04:00:00,770.4086,1033.1748,104.3482,666.0604,900.9175
LSA,2021-02-11 05:00:00,860.1804,1059.6271,108.292,751.8883,991.9819
LSA,2021-02-11 06:00:00,872.8173,1059.7539,111.6845,761.1327,1004.0751
LSA,2021-02-11 07:00:00,806.8804,1033.8427,114.1958,692.6846,936.3768
LSA,2021-02-11 08:00:00,668.8918,980.4813,111.6066,557.2852,793.5063
LSA,2021-02-11 09:00:00,470.6201,885.5208,98.169,372.4511,585.2089
LSA,2021-02-11 10:00:00,232.3771,677.8793,69.0247,163.3524,325.6899
LSA,2021-02-11 11:00:00,28.6316,150.9301,15.14,13.4916,56.0848
LSA,2021-02-11 12:00:00,0.0,0.0,0.0,0.0,0.0
LSA,2021-02-11 13:00:00,0.0,0.0,0.0,0.0,0.0
LSA,2021-02-11 14:00:00,0.0,0.0,0.0,0.0,0.0
LSA,2021-02-11 15:00:00,0.0,0.0,0.0,0.0,0.0
LSA,2021-02-11 16:00:00,0.0,0.0,0.0,0.0,0.0
LSA,2021-02-11 17:00:00,0.0,0.0,0.0,0.0,0.0
LSA,2021-02-11 18:00:00,0.0,0.0,0.0,0.0,0.0
LSA,2021-02-11 19:00:00,0.0,0.0,0.0,0.0,0.0
LSA,2021-02-11 20:00:00,0.0,0.0,0.0,0.0,0.0
LSA,2021-02-11 21:00:00,0.0,0.0,0.0,0.0,0.0
LSA,2021-02-11 22:00:00,0.0,0.0,0.0,0.0,0.0
LSA,2021-02-11 23:00:00,0.0,0.0,0.0,0.0,0.0
LSA,2021-02-12 00:00:00,6.8112,50.414,4.269,2.5422,15.6656
LSA,2021-02-12 01:00:00,169.5012,641.5093,49.2302,120.271,244.3706
LSA,2021-02-12 02:00:00,416.8463,919.3969,74.892,341.9543,516.3388
LSA,2021-02-12 03:00:00,630.6573,1020.351,88.2162,542.4411,742.0131
LSA,2021-02-12 04:00:00,786.7296,1063.3379,97.1904,689.5391,906.016
LSA,2021-02-12 05:00:00,873.4203,1080.3584,102.564,770.8563,997.1719
LSA,2021-02-12 06:00:00,880.5521,1066.8252,110.0695,770.4826,1009.2708
LSA,2021-02-12 07:00:00,807.7032,1021.2832,119.3178,688.3854,941.4921
LSA,2021-02-12 08:00:00,663.9828,945.5538,122.7142,541.2686,798.4611
LSA,2021-02-12 09:00:00,463.5967,831.001,110.8316,352.7651,589.9342
LSA,2021-02-12 10:00:00,226.8835,608.3243,77.529,149.3544,330.1331
LSA,2021-02-12 11:00:00,28.1249,123.0325,16.677,11.448,58.6722
LSA,2021-02-12 12:00:00,0.0,0.0,0.0,0.0,0.0
LSA,2021-02-12 13:00:00,0.0,0.0,0.0,0.0,0.0
LSA,2021-02-12 14:00:00,0.0,0.0,0.0,0.0,0.0
LSA,2021-02-12 15:00:00,0.0,0.0,0.0,0.0,0.0
LSA,2021-02-12 16:00:00,0.0,0.0,0.0,0.0,0.0
LSA,2021-02-12 17:00:00,0.0,0.0,0.0,0.0,0.0
LSA,2021-02-12 18:00:00,0.0,0.0,0.0,0.0,0.0
LSA,2021-02-12 19:00:00,0.0,0.0,0.0,0.0,0.0
LSA,2021-02-12 20:00:00,0.0,0.0,0.0,0.0,0.0
LSA,2021-02-12 21:00:00,0.0,0.0,0.0,0.0,0.0
LSA,2021-02-12 22:00:00,0.0,0.0,0.0,0.0,0.0
LSA,2021-02-12 23:00:00,0.0,0.0,0.0,0.0,0.0
LSA,2021-02-13 00:00:00,7.0098,41.4697,4.8341,2.1756,17.073
LSA,2021-02-13 01:00:00,166.6157,563.5462,57.9573,108.6585,248.8637
LSA,2021-02-13 02:00:00,416.1261,868.9353,89.2758,326.8503,521.1085
LSA,2021-02-13 03:00:00,633.9917,991.0883,103.1971,530.7946,747.0051
LSA,2021-02-13 04:00:00,793.2864,1045.0023,111.4697,681.8168,911.1607
LSA,2021-02-13 05:00:00,882.5287,1069.7639,114.9378,767.5909,1002.3896
LSA,2021-02-13 06:00:00,894.319,1072.4381,115.5487,778.7703,1014.4767
LSA,2021-02-13 07:00:00,827.7832,1054.0306,113.4046,714.3785,946.6028
LSA,2021-02-13 08:00:00,688.5899,1010.4423,106.8512,581.7387,803.4
LSA,2021-02-13 09:00:00,485.4282,909.4326,96.1862,389.242,594.6368
LSA,2021-02-13 10:00:00,239.7197,674.0842,72.3857,167.334,334.5517
LSA,2021-02-13 11:00:00,30.951,149.0527,16.9582,13.9928,61.2965
LSA,2021-02-13 12:00:00,0.0,0.0,0.0,0.0,0.0
LSA,2021-02-13 13:00:00,0.0,0.0,0.0,0.0,0.0
LSA,2021-02-13 14:00:00,0.0,0.0,0.0,0.0,0.0
LSA,2021-02-13 15:00:00,0.0,0.0,0.0,0.0,0.0
LSA,2021-02-13 16:00:00,0.0,0.0,0.0,0.0,0.0
LSA,2021-02-13 17:00:00,0.0,0.0,0.0,0.0,0.0
LSA,2021-02-13 18:00:00,0.0,0.0,0.0,0.0,0.0
LSA,2021-02-13 19:00:00,0.0,0.0,0.0,0.0,0.0
LSA,2021-02-13 20:00:00,0.0,0.0,0.0,0.0,0.0
LSA,2021-02-13 21:00:00,0.0,0.0,0.0,0.0,0.0
LSA,2021-02-13 22:00:00,0.0,0.0,0.0,0.0,0.0
LSA,2021-02-13 23:00:00,0.0,0.0,0.0,0.0,0.0
LSA,2021-02-14 00:00:00,7.8073,48.1708,5.1294,2.6779,18.5372
LSA,2021-02-14 01:00:00,170.8655,600.3394,53.9306,116.935,253.4521
LSA,2021-02-14 02:00:00,415.9167,883.0561,80.9224,334.9942,525.9579
LSA,2021-02-14 03:00:00,626.7767,984.7921,95.8284,530.9484,752.0589
LSA,2021-02-14 04:00:00,779.0709,1021.0134,108.9807,670.0903,916.3483
LSA,2021-02-14 05:00:00,862.9578,1031.6156,118.63,744.3278,1007.6312
LSA,2021-02-14 06:00:00,872.6071,1025.2809,123.9663,748.6409,1019.6895
LSA,2021-02-14 07:00:00,806.4578,1000.1159,124.6546,681.8032,951.7057
LSA,2021-02-14 08:00:00,669.184,947.3004,120.0987,549.0853,808.3201
LSA,2021-02-14 09:00:00,472.6151,851.71,105.2903,367.3249,599.3143
LSA,2021-02-14 10:00:00,236.5869,645.6643,74.5603,162.0265,338.9435
LSA,2021-02-14 11:00:00,31.8521,147.966,17.5491,14.303,63.9189
LSA,2021-02-14 12:00:00,0.0,0.0,0.0,0.0,0.0
LSA,2021-02-14 13:00:00,0.0,0.0,0.0,0.0,0.0
LSA,2021-02-14 14:00:00,0.0,0.0,0.0,0.0,0.0
LSA,2021-02-14 15:00:00,0.0,0.0,0.0,0.0,0.0
LSA,2021-02-14 16:00:00,0.0,0.0,0.0,0.0,0.0
LSA,2021-02-14 17:00:00,0.0,0.0,0.0,0.0,0.0
LSA,2021-02-14 18:00:00,0.0,0.0,0.0,0.0,0.0
LSA,2021-02-14 19:00:00,0.0,0.0,0.0,0.0,0.0
LSA,2021-02-14 20:00:00,0.0,0.0,0.0,0.0,0.0
LSA,2021-02-14 21:00:00,0.0,0.0,0.0,0.0,0.0
LSA,2021-02-14 22:00:00,0.0,0.0,0.0,0.0,0.0
LSA,2021-02-14 23:00:00,0.0,0.0,0.0,0.0,0.0
LSA,2021-02-15 00:00:00,8.3196,46.3269,5.6427,2.6769,20.1451
LSA,2021-02-15 01:00:00,170.7257,569.5076,57.6272,113.0985,258.1334
LSA,2021-02-15 02:00:00,413.9204,849.394,88.47,325.4505,530.8842
LSA,2021-02-15 03:00:00,625.6274,961.9283,103.0397,522.5877,757.1713
LSA,2021-02-15 04:00:00,781.1107,1015.4655,110.4862,670.6246,921.5753
LSA,2021-02-15 05:00:00,868.0955,1040.1196,113.3881,754.7073,1012.8936
LSA,2021-02-15 06:00:00,879.8379,1043.335,113.8395,765.9984,1024.9056
LSA,2021-02-15 07:00:00,815.4457,1026.13,111.9632,703.4825,956.7977
LSA,2021-02-15 08:00:00,679.8949,984.0341,106.0127,573.8822,813.2189
LSA,2021-02-15 09:00:00,483.8728,899.3676,93.0779,390.7949,603.9643
LSA,2021-02-15 10:00:00,246.3733,704.6305,67.9637,178.4096,343.3067
LSA,2021-02-15 11:00:00,34.8697,178.224,17.4443,17.4254,66.6283
LSA,2021-02-15 12:00:00,0.0,0.0,0.0,0.0,0.0
LSA,2021-02-15 13:00:00,0.0,0.0,0.0,0.0,0.0
LSA,2021-02-15 14:00:00,0.0,0.0,0.0,0.0,0.0
LSA,2021-02-15 15:00:00,0.0,0.0,0.0,0.0,0.0
LSA,2021-02-15 16:00:00,0.0,0.0,0.0,0.0,0.0
LSA,2021-02-15 17:00:00,0.0,0.0,0.0,0.0,0.0
LSA,2021-02-15 18:00:00,0.0,0.0,0.0,0.0,0.0
LSA,2021-02-15 19:00:00,0.0,0.0,0.0,0.0,0.0
LSA,2021-02-15 20:00:00,0.0,0.0,0.0,0.0,0.0
LSA,2021-02-15 21:00:00,0.0,0.0,0.0,0.0,0.0
LSA,2021-02-15 22:00:00,0.0,0.0,0.0,0.0,0.0
LSA,2021-02-15 23:00:00,0.0,0.0,0.0,0.0,0.0
LSA,2021-02-16 00:00:00,8.7462,41.164,6.2666,2.4796,21.8521
LSA,2021-02-16 01:00:00,170.7408,529.8008,62.9356,107.8052,262.9047
LSA,2021-02-16 02:00:00,415.8095,829.7636,94.4101,321.3994,535.8842
LSA,2021-02-16 03:00:00,630.303,960.2005,104.714,525.5891,762.339
LSA,2021-02-16 04:00:00,788.473,1027.5052,105.6654,682.8076,926.8383
LSA,2021-02-16 05:00:00,878.9715,1066.8895,100.4545,778.517,1018.1732
LSA,2021-02-16 06:00:00,893.1371,1080.9061,95.2171,797.92,1030.1221
LSA,2021-02-16 07:00:00,829.2258,1070.4976,91.208,738.0178,961.8759
LSA,2021-02-16 08:00:00,694.1349,1039.202,84.3951,609.7398,818.0936
LSA,2021-02-16 09:00:00,496.1384,958.1909,76.449,419.6894,608.5846
LSA,2021-02-16 10:00:00,254.5283,756.6823,60.796,193.7323,347.6396
LSA,2021-02-16 11:00:00,37.2827,202.0062,17.228,20.0547,69.368
LSA,2021-02-16 12:00:00,0.0,0.0,0.0,0.0,0.0
LSA,2021-02-16 13:00:00,0.0,0.0,0.0,0.0,0.0
LSA,2021-02-16 14:00:00,0.0,0.0,0.0,0.0,0.0
LSA,2021-02-16 15:00:00,0.0,0.0,0.0,0.0,0.0
LSA,2021-02-16 16:00:00,0.0,0.0,0.0,0.0,0.0
LSA,2021-02-16 17:00:00,0.0,0.0,0.0,0.0,0.0
LSA,2021-02-16 18:00:00,0.0,0.0,0.0,0.0,0.0
LSA,2021-02-16 19:00:00,0.0,0.0,0.0,0.0,0.0
LSA,2021-02-16 20:00:00,0.0,0.0,0.0,0.0,0.0
LSA,2021-02-16 21:00:00,0.0,0.0,0.0,0.0,0.0
LSA,2021-02-16 22:00:00,0.0,0.0,0.0,0.0,0.0
LSA,2021-02-16 23:00:00,0.0,0.0,0.0,0.0,0.0
LSA,2021-02-17 00:00:00,10.3504,63.5548,6.4365,3.9139,23.6622
LSA,2021-02-17 01:00:00,183.1306,627.3262,55.0434,128.0872,267.7632
LSA,2021-02-17 02:00:00,430.9101,900.3391,79.3675,351.5426,540.9548
LSA,2021-02-17 03:00:00,645.0886,1008.8427,89.1701,555.9185,767.5587
LSA,2021-02-17 04:00:00,802.1652,1059.4727,93.9364,708.2287,932.1339
LSA,2021-02-17 05:00:00,890.3031,1083.8584,95.0299,795.2733,1023.4665
LSA,2021-02-17 06:00:00,901.5618,1085.1632,96.1107,805.4511,1035.3353
LSA,2021-02-17 07:00:00,835.0535,1064.1111,97.2138,737.8397,966.9371
LSA,2021-02-17 08:00:00,696.9829,1019.6289,94.7725,602.2104,822.9415
LSA,2021-02-17 09:00:00,497.9001,933.4554,85.8587,412.0413,613.173
LSA,2021-02-17 10:00:00,256.8531,739.6787,65.1456,191.7074,351.9405
LSA,2021-02-17 11:00:00,38.6934,202.229,18.2382,20.4552,72.1356
LSA,2021-02-17 12:00:00,0.0,0.0,0.0,0.0,0.0
LSA,2021-02-17 13:00:00,0.0,0.0,0.0,0.0,0.0
LSA,2021-02-17 14:00:00,0.0,0.0,0.0,0.0,0.0
LSA,2021-02-17 15:00:00,0.0,0.0,0.0,0.0,0.0
LSA,2021-02-17 16:00:00,0.0,0.0,0.0,0.0,0.0
LSA,2021-02-17 17:00:00,0.0,0.0,0.0,0.0,0.0
LSA,2021-02-17 18:00:00,0.0,0.0,0.0,0.0,0.0
LSA,2021-02-17 19:00:00,0.0,0.0,0.0,0.0,0.0
LSA,2021-02-17 20:00:00,0.0,0.0,0.0,0.0,0.0
LSA,2021-02-17 21:00:00,0.0,0.0,0.0,0.0,0.0
LSA,2021-02-17 22:00:00,0.0,0.0,0.0,0.0,0.0
LSA,2021-02-17 23:00:00,0.0,0.0,0.0,0.0,0.0
LSA,2021-02-18 00:00:00,11.3143,66.6357,7.0657,4.2486,25.5788
LSA,2021-02-18 01:00:00,186.913,623.5938,57.3232,129.5898,272.7062
LSA,2021-02-18 02:00:00,435.903,899.5651,81.1199,354.7831,546.0928
LSA,2021-02-18 03:00:00,650.1397,1006.9642,91.3217,558.8179,772.8269
LSA,2021-02-18 04:00:00,806.0953,1050.8015,99.4131,706.6823,937.4586
LSA,2021-02-18 05:00:00,893.0535,1069.4706,103.9716,789.0818,1028.7703
LSA,2021-02-18 06:00:00,903.5873,1067.6176,106.8529,796.7344,1040.5424
LSA,2021-02-18 07:00:00,836.8334,1045.661,107.7028,729.1306,971.9786
LSA,2021-02-18 08:00:00,698.5089,999.5601,104.4249,594.084,827.7602
LSA,2021-02-18 09:00:00,499.8367,914.2214,93.1551,406.6816,617.7275
LSA,2021-02-18 10:00:00,259.5191,726.5297,68.9961,190.523,356.2078
LSA,2021-02-18 11:00:00,40.3972,205.6386,19.2724,21.1248,74.9287
LSA,2021-02-18 12:00:00,0.0,0.0,0.0,0.0,0.0
LSA,2021-02-18 13:00:00,0.0,0.0,0.0,0.0,0.0
LSA,2021-02-18 14:00:00,0.0,0.0,0.0,0.0,0.0
LSA,2021-02-18 15:00:00,0.0,0.0,0.0,0.0,0.0
LSA,2021-02-18 16:00:00,0.0,0.0,0.0,0.0,0.0
LSA,2021-02-18 17:00:00,0.0,0.0,0.0,0.0,0.0
LSA,2021-02-18 18:00:00,0.0,0.0,0.0,0.0,0.0
LSA,2021-02-18 19:00:00,0.0,0.0,0.0,0.0,0.0
LSA,2021-02-18 20:00:00,0.0,0.0,0.0,0.0,0.0
LSA,2021-02-18 21:00:00,0.0,0.0,0.0,0.0,0.0
LSA,2021-02-18 22:00:00,0.0,0.0,0.0,0.0,0.0
LSA,2021-02-18 23:00:00,0.0,0.0,0.0,0.0,0.0
LSA,2021-02-19 00:00:00,12.6451,80.1793,7.399,5.2461,27.6055
LSA,2021-02-19 01:00:00,192.5721,644.9553,56.998,135.5741,277.7306
LSA,2021-02-19 02:00:00,440.8318,894.6068,84.8218,356.01,551.295
LSA,2021-02-19 03:00:00,654.5188,991.2561,100.4233,554.0956,778.1403
LSA,2021-02-19 04:00:00,810.382,1033.0824,111.3818,699.0002,942.809
LSA,2021-02-19 05:00:00,896.6699,1048.9111,118.4546,778.2153,1034.0812
LSA,2021-02-19 06:00:00,906.5865,1045.3201,122.2741,784.3124,1045.7401
LSA,2021-02-19 07:00:00,839.3359,1022.2543,122.5373,716.7986,976.9975
LSA,2021-02-19 08:00:00,700.1125,973.4584,117.9041,582.2084,832.5474
LSA,2021-02-19 09:00:00,500.39,882.7656,104.5164,395.8735,622.2462
LSA,2021-02-19 10:00:00,259.2687,687.4519,76.4616,182.8071,360.4402
LSA,2021-02-19 11:00:00,40.9696,190.1612,20.9183,20.0513,77.7214
LSA,2021-02-19 12:00:00,0.0,0.0,0.0,0.0,0.0
LSA,2021-02-19 13:00:00,0.0,0.0,0.0,0.0,0.0
LSA,2021-02-19 14:00:00,0.0,0.0,0.0,0.0,0.0
LSA,2021-02-19 15:00:00,0.0,0.0,0.0,0.0,0.0
LSA,2021-02-19 16:00:00,0.0,0.0,0.0,0.0,0.0
LSA,2021-02-19 17:00:00,0.0,0.0,0.0,0.0,0.0
LSA,2021-02-19 18:00:00,0.0,0.0,0.0,0.0,0.0
LSA,2021-02-19 19:00:00,0.0,0.0,0.0,0.0,0.0
LSA,2021-02-19 20:00:00,0.0,0.0,0.0,0.0,0.0
LSA,2021-02-19 21:00:00,0.0,0.0,0.0,0.0,0.0
LSA,2021-02-19 22:00:00,0.0,0.0,0.0,0.0,0.0
LSA,2021-02-19 23:00:00,0.0,0.0,0.0,0.0,0.0
LSA,2021-02-20 00:00:00,13.1928,69.482,8.4482,4.7446,29.7456
LSA,2021-02-20 01:00:00,191.5433,583.0195,66.1119,125.4314,282.8333
LSA,2021-02-20 02:00:00,440.6317,843.1595,101.4479,339.1838,556.558
LSA,2021-02-20 03:00:00,658.4277,959.7456,117.7024,540.7253,783.4954
LSA,2021-02-20 04:00:00,819.9644,1024.3459,122.4802,697.4841,948.1817
LSA,2021-02-20 05:00:00,911.543,1058.9004,121.4958,790.0472,1039.3958
LSA,2021-02-20 06:00:00,926.2784,1072.7196,117.1119,809.1665,1050.9254
LSA,2021-02-20 07:00:00,863.0339,1068.1597,110.0457,752.9882,981.9912
LSA,2021-02-20 08:00:00,726.4717,1042.067,99.7442,626.7275,837.3008
LSA,2021-02-20 09:00:00,526.2958,977.0843,85.3594,440.9364,626.7275
LSA,2021-02-20 10:00:00,280.8993,816.1232,62.9644,217.9349,364.6366
LSA,2021-02-20 11:00:00,48.0311,275.9568,19.2582,28.7729,80.5804
LSA,2021-02-20 12:00:00,0.0,0.0,0.0,0.0,0.0
LSA,2021-02-20 13:00:00,0.0,0.0,0.0,0.0,0.0
LSA,2021-02-20 14:00:00,0.0,0.0,0.0,0.0,0.0
LSA,2021-02-20 15:00:00,0.0,0.0,0.0,0.0,0.0
LSA,2021-02-20 16:00:00,0.0,0.0,0.0,0.0,0.0
LSA,2021-02-20 17:00:00,0.0,0.0,0.0,0.0,0.0
LSA,2021-02-20 18:00:00,0.0,0.0,0.0,0.0,0.0
LSA,2021-02-20 19:00:00,0.0,0.0,0.0,0.0,0.0
LSA,2021-02-20 20:00:00,0.0,0.0,0.0,0.0,0.0
LSA,2021-02-20 21:00:00,0.0,0.0,0.0,0.0,0.0
LSA,2021-02-20 22:00:00,0.0,0.0,0.0,0.0,0.0
LSA,2021-02-20 23:00:00,0.0,0.0,0.0,0.0,0.0
LSA,2021-02-21 00:00:00,15.7819,102.6923,8.6333,7.1486,32.002
LSA,2021-02-21 01:00:00,207.3007,692.8787,57.2525,150.0482,288.0111
LSA,2021-02-21 02:00:00,459.5073,928.5871,82.8412,376.6661,561.8785
LSA,2021-02-21 03:00:00,674.7646,1018.5474,97.1431,577.6214,788.8887
LSA,2021-02-21 04:00:00,831.0021,1057.2935,106.8729,724.1292,953.5731
LSA,2021-02-21 05:00:00,916.7087,1071.3677,112.9937,803.7151,1044.7109
LSA,2021-02-21 06:00:00,925.7103,1067.2281,116.354,809.3563,1056.0953
LSA,2021-02-21 07:00:00,857.3391,1044.765,116.6811,740.6581,986.9572
LSA,2021-02-21 08:00:00,716.4331,997.6663,112.5019,603.9312,842.0184
LSA,2021-02-21 09:00:00,512.9778,901.1416,102.5683,410.4094,631.1697
LSA,2021-02-21 10:00:00,266.7577,689.1058,78.9183,187.8394,368.7957
LSA,2021-02-21 11:00:00,43.8802,189.5245,23.0338,20.8464,83.459
LSA,2021-02-21 12:00:00,0.0,0.0,0.0,0.0,0.0
LSA,2021-02-21 13:00:00,0.0,0.0,0.0,0.0,0.0
LSA,2021-02-21 14:00:00,0.0,0.0,0.0,0.0,0.0
LSA,2021-02-21 15:00:00,0.0,0.0,0.0,0.0,0.0
LSA,2021-02-21 16:00:00,0.0,0.0,0.0,0.0,0.0
LSA,2021-02-21 17:00:00,0.0,0.0,0.0,0.0,0.0
LSA,2021-02-21 18:00:00,0.0,0.0,0.0,0.0,0.0
LSA,2021-02-21 19:00:00,0.0,0.0,0.0,0.0,0.0
LSA,2021-02-21 20:00:00,0.0,0.0,0.0,0.0,0.0
LSA,2021-02-21 21:00:00,0.0,0.0,0.0,0.0,0.0
LSA,2021-02-21 22:00:00,0.0,0.0,0.0,0.0,0.0
LSA,2021-02-21 23:00:00,0.0,0.0,0.0,0.0,0.0
LSA,2021-02-22 00:00:00,15.1931,71.052,9.9826,5.2104,34.3776
LSA,2021-02-22 01:00:00,194.936,545.6689,73.4583,121.4777,293.2607
LSA,2021-02-22 02:00:00,439.894,786.1984,117.3383,322.5556,567.2528
LSA,2021-02-22 03:00:00,654.7145,901.8645,138.9927,515.7219,794.3166
LSA,2021-02-22 04:00:00,814.5513,973.094,143.7977,670.7535,958.9799
LSA,2021-02-22 05:00:00,904.2423,1011.215,141.4005,762.8418,1050.0234
LSA,2021-02-22 06:00:00,917.4477,1024.1903,136.6284,780.8192,1061.2469
LSA,2021-02-22 07:00:00,853.3387,1014.51,130.2987,723.04,991.8929
LSA,2021-02-22 08:00:00,716.6028,980.6399,119.5664,597.0364,846.6982
LSA,2021-02-22 09:00:00,517.0122,903.3413,102.9352,414.077,635.5715
LSA,2021-02-22 10:00:00,273.8574,723.1961,75.4169,198.4405,372.9168
LSA,2021-02-22 11:00:00,47.5032,225.5853,22.6513,24.8518,86.3551
LSA,2021-02-22 12:00:00,0.0,0.0,0.0,0.0,0.0
LSA,2021-02-22 13:00:00,0.0,0.0,0.0,0.0,0.0
LSA,2021-02-22 14:00:00,0.0,0.0,0.0,0.0,0.0
LSA,2021-02-22 15:00:00,0.0,0.0,0.0,0.0,0.0
LSA,2021-02-22 16:00:00,0.0,0.0,0.0,0.0,0.0
LSA,2021-02-22 17:00:00,0.0,0.0,0.0,0.0,0.0
LSA,2021-02-22 18:00:00,0.0,0.0,0.0,0.0,0.0
LSA,2021-02-22 19:00:00,0.0,0.0,0.0,0.0,0.0
LSA,2021-02-22 20:00:00,0.0,0.0,0.0,0.0,0.0
LSA,2021-02-22 21:00:00,0.0,0.0,0.0,0.0,0.0
LSA,2021-02-22 22:00:00,0.0,0.0,0.0,0.0,0.0
LSA,2021-02-22 23:00:00,0.0,0.0,0.0,0.0,0.0
LSA,2021-02-23 00:00:00,16.8051,83.9622,10.4584,6.3467,36.8749
LSA,2021-02-23 01:00:00,202.2792,586.5935,69.87,132.4092,298.5788
LSA,2021-02-23 02:00:00,448.9439,825.7331,106.9316,342.0123,572.6776
LSA,2021-02-23 03:00:00,662.6327,930.3484,127.0126,535.6201,799.7756
LSA,2021-02-23 04:00:00,819.7175,984.6432,136.9917,682.7258,964.3986
LSA,2021-02-23 05:00:00,906.855,1009.3475,141.2802,765.5749,1055.3301
LSA,2021-02-23 06:00:00,916.2668,1009.049,142.9098,773.357,1066.3777
LSA,2021-02-23 07:00:00,847.3853,984.3618,141.9484,705.437,996.7961
LSA,2021-02-23 08:00:00,707.4062,934.0295,135.169,572.2372,851.3383
LSA,2021-02-23 09:00:00,508.8806,853.002,115.11,393.7707,639.9314
LSA,2021-02-23 10:00:00,270.5598,687.9391,79.7977,190.7621,376.999
LSA,2021-02-23 11:00:00,48.0091,217.2452,23.498,24.5111,89.247
LSA,2021-02-23 12:00:00,0.0,0.0,0.0,0.0,0.0
LSA,2021-02-23 13:00:00,0.0,0.0,0.0,0.0,0.0
LSA,2021-02-23 14:00:00,0.0,0.0,0.0,0.0,0.0
LSA,2021-02-23 15:00:00,0.0,0.0,0.0,0.0,0.0
LSA,2021-02-23 16:00:00,0.0,0.0,0.0,0.0,0.0
LSA,2021-02-23 17:00:00,0.0,0.0,0.0,0.0,0.0
LSA,2021-02-23 18:00:00,0.0,0.0,0.0,0.0,0.0
LSA,2021-02-23 19:00:00,0.0,0.0,0.0,0.0,0.0
LSA,2021-02-23 20:00:00,0.0,0.0,0.0,0.0,0.0
LSA,2021-02-23 21:00:00,0.0,0.0,0.0,0.0,0.0
LSA,2021-02-23 22:00:00,0.0,0.0,0.0,0.0,0.0
LSA,2021-02-23 23:00:00,0.0,0.0,0.0,0.0,0.0
LSA,2021-02-24 00:00:00,18.9319,107.2482,10.5808,8.3511,39.4963
LSA,2021-02-24 01:00:00,212.5541,664.4426,60.855,151.6991,303.9619
LSA,2021-02-24 02:00:00,460.7925,895.5945,86.4604,374.3321,578.1492
LSA,2021-02-24 03:00:00,673.1912,987.088,101.0261,572.1652,805.2623
LSA,2021-02-24 04:00:00,828.1618,1027.1921,111.7109,716.4509,969.8259
LSA,2021-02-24 05:00:00,913.9329,1042.5587,118.8728,795.06,1060.6277
LSA,2021-02-24 06:00:00,924.3586,1044.0674,119.9964,804.3622,1071.4845
LSA,2021-02-24 07:00:00,858.6105,1032.2233,115.0403,743.5702,1001.6645
LSA,2021-02-24 08:00:00,721.1907,997.861,106.5199,614.6708,855.9371
LSA,2021-02-24 09:00:00,523.7318,928.9548,92.0316,431.7002,644.2484
LSA,2021-02-24 10:00:00,283.6159,770.7849,68.2,215.416,381.0417
LSA,2021-02-24 11:00:00,52.783,269.6433,22.3406,30.4424,92.1965
LSA,2021-02-24 12:00:00,0.0,0.0,0.0,0.0,0.0
LSA,2021-02-24 13:00:00,0.0,0.0,0.0,0.0,0.0
LSA,2021-02-24 14:00:00,0.0,0.0,0.0,0.0,0.0
LSA,2021-02-24 15:00:00,0.0,0.0,0.0,0.0,0.0
LSA,2021-02-24 16:00:00,0.0,0.0,0.0,0.0,0.0
LSA,2021-02-24 17:00:00,0.0,0.0,0.0,0.0,0.0
LSA,2021-02-24 18:00:00,0.0,0.0,0.0,0.0,0.0
LSA,2021-02-24 19:00:00,0.0,0.0,0.0,0.0,0.0
LSA,2021-02-24 20:00:00,0.0,0.0,0.0,0.0,0.0
LSA,2021-02-24 21:00:00,0.0,0.0,0.0,0.0,0.0
LSA,2021-02-24 22:00:00,0.0,0.0,0.0,0.0,0.0
LSA,2021-02-24 23:00:00,0.0,0.0,0.0,0.0,0.0
LSA,2021-02-25 00:00:00,20.1202,105.5771,11.6112,8.509,42.2439
LSA,2021-02-25 01:00:00,215.2109,642.0966,65.8239,149.387,309.4064
LSA,2021-02-25 02:00:00,464.8925,877.825,94.2056,370.6869,583.6639
LSA,2021-02-25 03:00:00,680.2432,980.5184,107.555,572.6882,810.7729
LSA,2021-02-25 04:00:00,839.1702,1034.5294,113.1397,726.0305,975.2582
LSA,2021-02-25 05:00:00,928.6176,1062.0352,114.2676,814.3499,1065.9132
LSA,2021-02-25 06:00:00,941.6832,1071.4746,111.9277,829.7555,1076.5651
LSA,2021-02-25 07:00:00,877.2728,1064.424,106.5035,770.7692,1006.496
LSA,2021-02-25 08:00:00,740.1582,1036.7323,97.9671,642.1911,860.493
LSA,2021-02-25 09:00:00,539.933,972.1305,85.0418,454.8912,648.5215
LSA,2021-02-25 10:00:00,294.6932,816.7261,64.3317,230.3615,385.0445
LSA,2021-02-25 11:00:00,56.7392,304.7494,22.1611,34.5781,95.1588
LSA,2021-02-25 12:00:00,0.0,0.0,0.0,0.0,0.0
LSA,2021-02-25 13:00:00,0.0,0.0,0.0,0.0,0.0
LSA,2021-02-25 14:00:00,0.0,0.0,0.0,0.0,0.0
LSA,2021-02-25 15:00:00,0.0,0.0,0.0,0.0,0.0
LSA,2021-02-25 16:00:00,0.0,0.0,0.0,0.0,0.0
LSA,2021-02-25 17:00:00,0.0,0.0,0.0,0.0,0.0
LSA,2021-02-25 18:00:00,0.0,0.0,0.0,0.0,0.0
LSA,2021-02-25 19:00:00,0.0,0.0,0.0,0.0,0.0
LSA,2021-02-25 20:00:00,0.0,0.0,0.0,0.0,0.0
LSA,2021-02-25 21:00:00,0.0,0.0,0.0,0.0,0.0
LSA,2021-02-25 22:00:00,0.0,0.0,0.0,0.0,0.0
LSA,2021-02-25 23:00:00,0.0,0.0,0.0,0.0,0.0
LSA,2021-02-26 00:00:00,24.5486,165.2087,11.1994,13.3492,45.1196
LSA,2021-02-26 01:00:00,236.0516,775.7079,54.4155,181.636,314.9088
LSA,2021-02-26 02:00:00,491.5948,980.3787,74.1059,417.4889,589.2183
LSA,2021-02-26 03:00:00,708.5097,1060.4788,84.9501,623.5597,816.3039
LSA,2021-02-26 04:00:00,866.3865,1096.3751,92.4492,773.9373,980.6924
LSA,2021-02-26 05:00:00,953.5142,1111.0389,97.0249,856.4893,1071.1837
LSA,2021-02-26 06:00:00,962.5358,1108.2723,99.8402,862.6956,1081.6166
LSA,2021-02-26 07:00:00,892.7151,1087.9398,100.7211,791.994,1011.2885
LSA,2021-02-26 08:00:00,749.942,1046.3688,97.9318,652.0102,865.0046
LSA,2021-02-26 09:00:00,545.5528,970.9423,87.9579,457.5949,652.7498
LSA,2021-02-26 10:00:00,297.7875,807.3009,67.453,230.3345,389.0069
LSA,2021-02-26 11:00:00,58.0581,297.3905,23.6119,34.4462,98.0997
LSA,2021-02-26 12:00:00,0.0,0.0,0.0,0.0,0.0
LSA,2021-02-26 13:00:00,0.0,0.0,0.0,0.0,0.0
LSA,2021-02-26 14:00:00,0.0,0.0,0.0,0.0,0.0
LSA,2021-02-26 15:00:00,0.0,0.0,0.0,0.0,0.0
LSA,2021-02-26 16:00:00,0.0,0.0,0.0,0.0,0.0
LSA,2021-02-26 17:00:00,0.0,0.0,0.0,0.0,0.0
LSA,2021-02-26 18:00:00,0.0,0.0,0.0,0.0,0.0
LSA,2021-02-26 19:00:00,0.0,0.0,0.0,0.0,0.0
LSA,2021-02-26 20:00:00,0.0,0.0,0.0,0.0,0.0
LSA,2021-02-26 21:00:00,0.0,0.0,0.0,0.0,0.0
LSA,2021-02-26 22:00:00,0.0,0.0,0.0,0.0,0.0
LSA,2021-02-26 23:00:00,0.0,0.0,0.0,0.0,0.0
LSA,2021-02-27 00:00:00,25.9063,180.3107,10.8964,15.01,48.125
LSA,2021-02-27 01:00:00,235.61,787.7162,48.4249,187.1851,320.4655
LSA,2021-02-27 02:00:00,484.4303,977.1743,64.3149,420.1154,594.8084
LSA,2021-02-27 03:00:00,695.3906,1051.6605,72.5597,622.8309,821.8517
LSA,2021-02-27 04:00:00,848.771,1085.6521,77.8113,770.9597,986.1249
LSA,2021-02-27 05:00:00,933.0528,1099.7227,80.738,852.3148,1076.4362
LSA,2021-02-27 06:00:00,941.7277,1100.3103,80.8705,860.8572,1086.6366
LSA,2021-02-27 07:00:00,874.2444,1087.8962,78.2555,795.9889,1016.0401
LSA,2021-02-27 08:00:00,736.0302,1057.5273,73.5163,662.514,869.4704
LSA,2021-02-27 09:00:00,538.5793,999.5991,64.6161,473.9632,656.9324
LSA,2021-02-27 10:00:00,299.0617,869.5622,49.565,249.4967,392.9286
LSA,2021-02-27 11:00:00,61.6283,372.8458,18.7996,42.8288,101.1085
LSA,2021-02-27 12:00:00,0.0,0.0,0.0,0.0,0.0
LSA,2021-02-27 13:00:00,0.0,0.0,0.0,0.0,0.0
LSA,2021-02-27 14:00:00,0.0,0.0,0.0,0.0,0.0
LSA,2021-02-27 15:00:00,0.0,0.0,0.0,0.0,0.0
LSA,2021-02-27 16:00:00,0.0,0.0,0.0,0.0,0.0
LSA,2021-02-27 17:00:00,0.0,0.0,0.0,0.0,0.0
LSA,2021-02-27 18:00:00,0.0,0.0,0.0,0.0,0.0
LSA,2021-02-27 19:00:00,0.0,0.0,0.0,0.0,0.0
LSA,2021-02-27 20:00:00,0.0,0.0,0.0,0.0,0.0
LSA,2021-02-27 21:00:00,0.0,0.0,0.0,0.0,0.0
LSA,2021-02-27 22:00:00,0.0,0.0,0.0,0.0,0.0
LSA,2021-02-27 23:00:00,0.0,0.0,0.0,0.0,0.0
LSA,2021-02-28 00:00:00,27.3688,181.5268,11.7334,15.6354,51.2615
LSA,2021-02-28 01:00:00,238.1293,774.025,50.9562,187.1732,326.0728
LSA,2021-02-28 02:00:00,486.4474,962.2869,68.6198,417.8276,600.4308
LSA,2021-02-28 03:00:00,697.5519,1040.3181,76.8985,620.6535,827.4128
LSA,2021-02-28 04:00:00,851.5397,1079.9749,79.9934,771.5463,991.5527
LSA,2021-02-28 05:00:00,936.3334,1098.5011,80.4157,855.9177,1081.6677
LSA,2021-02-28 06:00:00,945.4589,1102.0381,78.8924,866.5665,1091.6229
LSA,2021-02-28 07:00:00,878.3881,1091.593,75.6333,802.7549,1020.749
LSA,2021-02-28 08:00:00,740.5715,1063.8479,70.4365,670.135,873.8892
LSA,2021-02-28 09:00:00,542.3528,1003.4509,63.2254,479.1274,661.0685
LSA,2021-02-28 10:00:00,300.9992,861.55,50.9613,250.0379,396.8095
LSA,2021-02-28 11:00:00,62.4239,357.4037,20.2751,42.1488,104.126
LSA,2021-02-28 12:00:00,0.0,0.0,0.0,0.0,0.0
LSA,2021-02-28 13:00:00,0.0,0.0,0.0,0.0,0.0
LSA,2021-02-28 14:00:00,0.0,0.0,0.0,0.0,0.0
LSA,2021-02-28 15:00:00,0.0,0.0,0.0,0.0,0.0
LSA,2021-02-28 16:00:00,0.0,0.0,0.0,0.0,0.0
LSA,2021-02-28 17:00:00,0.0,0.0,0.0,0.0,0.0
LSA,2021-02-28 18:00:00,0.0,0.0,0.0,0.0,0.0
LSA,2021-02-28 19:00:00,0.0,0.0,0.0,0.0,0.0
LSA,2021-02-28 20:00:00,0.0,0.0,0.0,0.0,0.0
LSA,2021-02-28 21:00:00,0.0,0.0,0.0,0.0,0.0
LSA,2021-02-28 22:00:00,0.0,0.0,0.0,0.0,0.0
LSA,2021-02-28 23:00:00,0.0,0.0,0.0,0.0,0.0
LSA,2021-03-01 00:00:00,29.6546,194.4854,12.4305,17.2241,54.5305
LSA,2021-03-01 01:00:00,244.5589,787.4226,51.0029,193.556,331.7271
LSA,2021-03-01 02:00:00,494.2596,975.084,66.7127,427.5469,606.0817
LSA,2021-03-01 03:00:00,704.9802,1048.2992,75.1861,629.7941,832.9836
LSA,2021-03-01 04:00:00,857.133,1079.3889,81.4833,775.6497,996.9723
LSA,2021-03-01 05:00:00,939.9183,1090.9115,85.4385,854.4797,1086.8756
LSA,2021-03-01 06:00:00,947.6832,1090.3346,86.0214,861.6619,1096.5729
LSA,2021-03-01 07:00:00,879.9854,1077.9666,83.2357,796.7496,1025.4132
LSA,2021-03-01 08:00:00,741.58,1047.3812,78.1605,663.4195,878.2597
LSA,2021-03-01 09:00:00,543.0097,983.6172,70.1581,472.8517,665.1577
LSA,2021-03-01 10:00:00,301.5811,837.5325,55.8858,245.6954,400.6494
LSA,2021-03-01 11:00:00,63.3373,344.8096,21.9395,41.3978,107.1109
LSA,2021-03-01 12:00:00,0.0,0.0,0.0,0.0,0.0
LSA,2021-03-01 13:00:00,0.0,0.0,0.0,0.0,0.0
LSA,2021-03-01 14:00:00,0.0,0.0,0.0,0.0,0.0
LSA,2021-03-01 15:00:00,0.0,0.0,0.0,0.0,0.0
LSA,2021-03-01 16:00:00,0.0,0.0,0.0,0.0,0.0
LSA,2021-03-01 17:00:00,0.0,0.0,0.0,0.0,0.0
LSA,2021-03-01 18:00:00,0.0,0.0,0.0,0.0,0.0
LSA,2021-03-01 19:00:00,0.0,0.0,0.0,0.0,0.0
LSA,2021-03-01 20:00:00,0.0,0.0,0.0,0.0,0.0
LSA,2021-03-01 21:00:00,0.0,0.0,0.0,0.0,0.0
LSA,2021-03-01 22:00:00,0.0,0.0,0.0,0.0,0.0
LSA,2021-03-01 23:00:00,0.0,0.0,0.0,0.0,0.0
LSA,2021-03-02 00:00:00,31.3172,199.8009,13.0252,18.2919,57.9327
LSA,2021-03-02 01:00:00,247.9075,788.0427,50.9034,197.004,337.4246
LSA,2021-03-02 02:00:00,497.7596,975.6342,65.7647,431.9949,611.7574
LSA,2021-03-02 03:00:00,708.7972,1047.9482,74.7277,634.0695,838.5607
LSA,2021-03-02 04:00:00,861.5887,1077.1901,82.96,778.6287,1002.3807
LSA,2021-03-02 05:00:00,945.2374,1087.3591,89.0747,856.1627,1092.0568
LSA,2021-03-02 06:00:00,952.8759,1083.2876,92.5261,860.3498,1101.4845
LSA,2021-03-02 07:00:00,883.8709,1064.5698,93.0523,790.8187,1030.0312
LSA,2021-03-02 08:00:00,743.7908,1025.4938,90.6057,653.1851,882.5808
LSA,2021-03-02 09:00:00,544.1505,955.0789,81.9366,462.2138,669.1992
LSA,2021-03-02 10:00:00,302.4148,804.8298,63.7409,238.6739,404.448
LSA,2021-03-02 11:00:00,64.2226,322.8227,24.4597,39.7629,110.1694
LSA,2021-03-02 12:00:00,0.0,0.0,0.0,0.0,0.0
LSA,2021-03-02 13:00:00,0.0,0.0,0.0,0.0,0.0
LSA,2021-03-02 14:00:00,0.0,0.0,0.0,0.0,0.0
LSA,2021-03-02 15:00:00,0.0,0.0,0.0,0.0,0.0
LSA,2021-03-02 16:00:00,0.0,0.0,0.0,0.0,0.0
LSA,2021-03-02 17:00:00,0.0,0.0,0.0,0.0,0.0
LSA,2021-03-02 18:00:00,0.0,0.0,0.0,0.0,0.0
LSA,2021-03-02 19:00:00,0.0,0.0,0.0,0.0,0.0
LSA,2021-03-02 20:00:00,0.0,0.0,0.0,0.0,0.0
LSA,2021-03-02 21:00:00,0.0,0.0,0.0,0.0,0.0
LSA,2021-03-02 22:00:00,0.0,0.0,0.0,0.0,0.0
LSA,2021-03-02 23:00:00,0.0,0.0,0.0,0.0,0.0
LSA,2021-03-03 00:00:00,35.0784,215.983,14.8217,20.2567,61.469
LSA,2021-03-03 01:00:00,262.2629,808.3442,56.8256,205.4373,343.1617
LSA,2021-03-03 02:00:00,520.2174,999.0902,73.5201,446.6973,617.4543
LSA,2021-03-03 03:00:00,735.1749,1068.0076,84.4715,650.7034,844.1406
LSA,2021-03-03 04:00:00,887.425,1088.9769,95.7218,791.7032,1007.7745
LSA,2021-03-03 05:00:00,968.2217,1091.2465,104.5509,863.6708,1097.2087
LSA,2021-03-03 06:00:00,968.6405,1070.4634,114.2528,854.3877,1106.3553
LSA,2021-03-03 07:00:00,889.0576,1023.9766,124.4417,764.6158,1034.6013
LSA,2021-03-03 08:00:00,740.8723,955.5029,128.6525,612.2198,886.8514
LSA,2021-03-03 09:00:00,537.7943,867.3144,115.1713,422.623,673.1924
LSA,2021-03-03 10:00:00,296.5197,711.8237,82.8358,213.6839,408.2055
LSA,2021-03-03 11:00:00,62.7555,267.2172,28.8896,33.8659,113.2334
LSA,2021-03-03 12:00:00,0.0,0.0,0.0,0.0,0.0
LSA,2021-03-03 13:00:00,0.0,0.0,0.0,0.0,0.0
LSA,2021-03-03 14:00:00,0.0,0.0,0.0,0.0,0.0
LSA,2021-03-03 15:00:00,0.0,0.0,0.0,0.0,0.0
LSA,2021-03-03 16:00:00,0.0,0.0,0.0,0.0,0.0
LSA,2021-03-03 17:00:00,0.0,0.0,0.0,0.0,0.0
LSA,2021-03-03 18:00:00,0.0,0.0,0.0,0.0,0.0
LSA,2021-03-03 19:00:00,0.0,0.0,0.0,0.0,0.0
LSA,2021-03-03 20:00:00,0.0,0.0,0.0,0.0,0.0
LSA,2021-03-03 21:00:00,0.0,0.0,0.0,0.0,0.0
LSA,2021-03-03 22:00:00,0.0,0.0,0.0,0.0,0.0
LSA,2021-03-03 23:00:00,0.0,0.0,0.0,0.0,0.0
LSA,2021-03-04 00:00:00,38.5783,276.7873,12.7057,25.8725,65.14
LSA,2021-03-04 01:00:00,266.1065,862.3679,44.6071,221.4995,348.9347
LSA,2021-03-04 02:00:00,516.9343,1015.1816,59.0251,457.9092,623.1689
LSA,2021-03-04 03:00:00,727.7698,1074.5048,68.4353,659.3344,849.7197
LSA,2021-03-04 04:00:00,879.3207,1098.7957,75.7945,803.5262,1013.1509
LSA,2021-03-04 05:00:00,961.7681,1106.8138,81.2363,880.5317,1102.3287
LSA,2021-03-04 06:00:00,969.0413,1102.1827,85.1168,883.9246,1111.1832
LSA,2021-03-04 07:00:00,899.9664,1083.5159,87.1866,812.7799,1039.1218
LSA,2021-03-04 08:00:00,759.3787,1045.5552,86.3891,672.9896,891.0704
LSA,2021-03-04 09:00:00,558.3527,978.6367,78.7816,479.571,677.137
LSA,2021-03-04 10:00:00,314.2956,837.5672,61.5555,252.7401,411.9215
LSA,2021-03-04 11:00:00,70.3743,365.0798,24.768,45.6063,116.2585
LSA,2021-03-04 12:00:00,0.0,0.0,0.0,0.0,0.0
LSA,2021-03-04 13:00:00,0.0,0.0,0.0,0.0,0.0
LSA,2021-03-04 14:00:00,0.0,0.0,0.0,0.0,0.0
LSA,2021-03-04 15:00:00,0.0,0.0,0.0,0.0,0.0
LSA,2021-03-04 16:00:00,0.0,0.0,0.0,0.0,0.0
LSA,2021-03-04 17:00:00,0.0,0.0,0.0,0.0,0.0
LSA,2021-03-04 18:00:00,0.0,0.0,0.0,0.0,0.0
LSA,2021-03-04 19:00:00,0.0,0.0,0.0,0.0,0.0
LSA,2021-03-04 20:00:00,0.0,0.0,0.0,0.0,0.0
LSA,2021-03-04 21:00:00,0.0,0.0,0.0,0.0,0.0
LSA,2021-03-04 22:00:00,0.0,0.0,0.0,0.0,0.0
LSA,2021-03-04 23:00:00,0.0,0.0,0.0,0.0,0.0
LSA,2021-03-05 00:00:00,31.2876,101.6568,20.6567,10.6309,68.9459
LSA,2021-03-05 01:00:00,235.2063,528.5153,93.898,141.3083,354.74
LSA,2021-03-05 02:00:00,484.1953,762.9808,135.37,348.8253,628.8975
LSA,2021-03-05 03:00:00,699.1555,882.0435,153.3787,545.7767,855.2949
LSA,2021-03-05 04:00:00,856.6403,952.0273,156.1106,700.5298,1018.5066
LSA,2021-03-05 05:00:00,943.6699,991.4406,150.8151,792.8547,1107.4142
LSA,2021-03-05 06:00:00,954.8096,1010.0554,140.9184,813.8912,1115.9662
LSA,2021-03-05 07:00:00,889.6794,1011.0654,127.7216,761.9578,1043.5912
LSA,2021-03-05 08:00:00,752.9756,991.8088,111.4623,641.5132,895.2368
LSA,2021-03-05 09:00:00,552.8413,923.5477,97.0194,455.8219,681.0321
LSA,2021-03-05 10:00:00,307.1632,751.2905,77.2896,229.8736,415.5962
LSA,2021-03-05 11:00:00,67.2703,286.0413,29.902,37.3682,119.3588
LSA,2021-03-05 12:00:00,0.0,0.0,0.0,0.0,0.0
LSA,2021-03-05 13:00:00,0.0,0.0,0.0,0.0,0.0
LSA,2021-03-05 14:00:00,0.0,0.0,0.0,0.0,0.0
LSA,2021-03-05 15:00:00,0.0,0.0,0.0,0.0,0.0
LSA,2021-03-05 16:00:00,0.0,0.0,0.0,0.0,0.0
LSA,2021-03-05 17:00:00,0.0,0.0,0.0,0.0,0.0
LSA,2021-03-05 18:00:00,0.0,0.0,0.0,0.0,0.0
LSA,2021-03-05 19:00:00,0.0,0.0,0.0,0.0,0.0
LSA,2021-03-05 20:00:00,0.0,0.0,0.0,0.0,0.0
LSA,2021-03-05 21:00:00,0.0,0.0,0.0,0.0,0.0
LSA,2021-03-05 22:00:00,0.0,0.0,0.0,0.0,0.0
LSA,2021-03-05 23:00:00,0.0,0.0,0.0,0.0,0.0
LSA,2021-03-06 00:00:00,35.7571,144.0344,20.4624,15.2947,72.9373
LSA,2021-03-06 01:00:00,252.2337,641.9481,78.8955,173.3382,360.5741
LSA,2021-03-06 02:00:00,505.7447,878.2026,100.7838,404.9609,634.6366
LSA,2021-03-06 03:00:00,720.2928,983.8089,107.695,612.5978,860.8628
LSA,2021-03-06 04:00:00,875.1691,1033.3396,110.6127,764.5563,1023.8387
LSA,2021-03-06 05:00:00,960.2123,1058.8346,109.2181,850.9943,1112.4624
LSA,2021-03-06 06:00:00,970.0239,1069.4161,104.2002,865.8237,1120.702
LSA,2021-03-06 07:00:00,904.0246,1066.6681,96.345,807.6796,1048.0078
LSA,2021-03-06 08:00:00,766.4999,1046.4845,86.2005,680.2993,899.3495
LSA,2021-03-06 09:00:00,564.6241,976.1952,79.8743,484.7498,684.8775
LSA,2021-03-06 10:00:00,315.7804,797.0309,69.825,245.9554,419.2293
LSA,2021-03-06 11:00:00,70.7752,314.0094,29.3902,41.385,122.4615
LSA,2021-03-06 12:00:00,0.0,0.0,0.0,0.0,0.0
LSA,2021-03-06 13:00:00,0.0,0.0,0.0,0.0,0.0
LSA,2021-03-06 14:00:00,0.0,0.0,0.0,0.0,0.0
LSA,2021-03-06 15:00:00,0.0,0.0,0.0,0.0,0.0
LSA,2021-03-06 16:00:00,0.0,0.0,0.0,0.0,0.0
LSA,2021-03-06 17:00:00,0.0,0.0,0.0,0.0,0.0
LSA,2021-03-06 18:00:00,0.0,0.0,0.0,0.0,0.0
LSA,2021-03-06 19:00:00,0.0,0.0,0.0,0.0,0.0
LSA,2021-03-06 20:00:00,0.0,0.0,0.0,0.0,0.0
LSA,2021-03-06 21:00:00,0.0,0.0,0.0,0.0,0.0
LSA,2021-03-06 22:00:00,0.0,0.0,0.0,0.0,0.0
LSA,2021-03-06 23:00:00,0.0,0.0,0.0,0.0,0.0
LSA,2021-03-07 00:00:00,39.2942,161.0738,21.9643,17.3299,77.0247
LSA,2021-03-07 01:00:00,260.5431,641.1761,85.1724,175.3706,366.4334
LSA,2021-03-07 02:00:00,514.908,853.1582,117.9687,396.9392,640.3828
LSA,2021-03-07 03:00:00,732.001,957.5439,131.4274,600.5735,866.4201
LSA,2021-03-07 04:00:00,890.2681,1018.4896,132.3378,757.9304,1029.1444
LSA,2021-03-07 05:00:00,977.067,1052.1976,127.15,849.917,1117.4711
LSA,2021-03-07 06:00:00,984.8259,1059.7577,122.7731,862.0528,1125.3889
LSA,2021-03-07 07:00:00,913.3294,1042.8385,119.8989,793.4305,1052.3704
LSA,2021-03-07 08:00:00,769.7257,1004.5065,113.1881,656.5375,903.4077
LSA,2021-03-07 09:00:00,562.9678,916.5701,104.7791,458.1888,688.6725
LSA,2021-03-07 10:00:00,311.8244,722.8147,86.1111,225.7133,422.8207
LSA,2021-03-07 11:00:00,69.5149,263.4436,33.7968,35.718,125.5233
LSA,2021-03-07 12:00:00,0.0,0.0,0.0,0.0,0.0
LSA,2021-03-07 13:00:00,0.0,0.0,0.0,0.0,0.0
LSA,2021-03-07 14:00:00,0.0,0.0,0.0,0.0,0.0
LSA,2021-03-07 15:00:00,0.0,0.0,0.0,0.0,0.0
LSA,2021-03-07 16:00:00,0.0,0.0,0.0,0.0,0.0
LSA,2021-03-07 17:00:00,0.0,0.0,0.0,0.0,0.0
LSA,2021-03-07 18:00:00,0.0,0.0,0.0,0.0,0.0
LSA,2021-03-07 19:00:00,0.0,0.0,0.0,0.0,0.0
LSA,2021-03-07 20:00:00,0.0,0.0,0.0,0.0,0.0
LSA,2021-03-07 21:00:00,0.0,0.0,0.0,0.0,0.0
LSA,2021-03-07 22:00:00,0.0,0.0,0.0,0.0,0.0
LSA,2021-03-07 23:00:00,0.0,0.0,0.0,0.0,0.0
LSA,2021-03-08 00:00:00,41.3456,170.6744,22.3763,18.9693,81.2478
LSA,2021-03-08 01:00:00,264.3862,665.4507,79.5486,184.8376,372.3145
LSA,2021-03-08 02:00:00,517.6035,882.7054,103.0404,414.5631,646.1326
LSA,2021-03-08 03:00:00,731.4321,978.2314,113.9201,617.5119,871.9636
LSA,2021-03-08 04:00:00,885.8103,1021.2787,121.6393,764.171,1034.4207
LSA,2021-03-08 05:00:00,970.5258,1041.4631,125.1469,845.3788,1122.4376
LSA,2021-03-08 06:00:00,977.837,1042.4757,125.9132,851.9238,1130.0245
LSA,2021-03-08 07:00:00,907.0411,1024.479,123.9781,783.0629,1056.6771
LSA,2021-03-08 08:00:00,764.7787,984.8076,117.9076,646.8712,907.4102
LSA,2021-03-08 09:00:00,561.1145,905.9678,105.8296,455.2849,692.4166
LSA,2021-03-08 10:00:00,314.3629,738.1895,82.4567,231.9062,426.3703
LSA,2021-03-08 11:00:00,72.384,292.0135,32.6632,39.7207,128.6576
LSA,2021-03-08 12:00:00,0.0,0.0,0.0,0.0,0.0
LSA,2021-03-08 13:00:00,0.0,0.0,0.0,0.0,0.0
LSA,2021-03-08 14:00:00,0.0,0.0,0.0,0.0,0.0
LSA,2021-03-08 15:00:00,0.0,0.0,0.0,0.0,0.0
LSA,2021-03-08 16:00:00,0.0,0.0,0.0,0.0,0.0
LSA,2021-03-08 17:00:00,0.0,0.0,0.0,0.0,0.0
LSA,2021-03-08 18:00:00,0.0,0.0,0.0,0.0,0.0
LSA,2021-03-08 19:00:00,0.0,0.0,0.0,0.0,0.0
LSA,2021-03-08 20:00:00,0.0,0.0,0.0,0.0,0.0
LSA,2021-03-08 21:00:00,0.0,0.0,0.0,0.0,0.0
LSA,2021-03-08 22:00:00,0.0,0.0,0.0,0.0,0.0
LSA,2021-03-08 23:00:00,0.0,0.0,0.0,0.0,0.0
LSA,2021-03-09 00:00:00,43.4049,172.818,23.713,19.6919,85.6061
LSA,2021-03-09 01:00:00,265.8862,644.223,84.275,181.6112,378.2137
LSA,2021-03-09 02:00:00,516.3569,847.596,114.6169,401.7401,651.8828
LSA,2021-03-09 03:00:00,730.0343,948.4042,127.011,603.0233,877.4903
LSA,2021-03-09 04:00:00,886.3929,1007.6832,128.0732,758.3198,1039.6648
LSA,2021-03-09 05:00:00,972.5426,1040.672,123.631,848.9116,1127.3596
LSA,2021-03-09 06:00:00,981.791,1052.277,117.9453,863.8457,1134.6073
LSA,2021-03-09 07:00:00,913.6215,1044.423,111.7711,801.8504,1060.9268
LSA,2021-03-09 08:00:00,773.7819,1017.0976,102.6318,671.15,911.3562
LSA,2021-03-09 09:00:00,571.8649,953.2763,90.3333,481.5316,696.1093
LSA,2021-03-09 10:00:00,325.6171,806.6753,70.868,254.7491,429.8779
LSA,2021-03-09 11:00:00,78.4138,357.1293,30.1212,48.2926,131.7914
LSA,2021-03-09 12:00:00,0.0,0.0,0.0,0.0,0.0
LSA,2021-03-09 13:00:00,0.0,0.0,0.0,0.0,0.0
LSA,2021-03-09 14:00:00,0.0,0.0,0.0,0.0,0.0
LSA,2021-03-09 15:00:00,0.0,0.0,0.0,0.0,0.0
LSA,2021-03-09 16:00:00,0.0,0.0,0.0,0.0,0.0
LSA,2021-03-09 17:00:00,0.0,0.0,0.0,0.0,0.0
LSA,2021-03-09 18:00:00,0.0,0.0,0.0,0.0,0.0
LSA,2021-03-09 19:00:00,0.0,0.0,0.0,0.0,0.0
LSA,2021-03-09 20:00:00,0.0,0.0,0.0,0.0,0.0
LSA,2021-03-09 21:00:00,0.0,0.0,0.0,0.0,0.0
LSA,2021-03-09 22:00:00,0.0,0.0,0.0,0.0,0.0
LSA,2021-03-09 23:00:00,0.0,0.0,0.0,0.0,0.0
LSA,2021-03-10 00:00:00,45.9079,177.8821,25.0899,20.818,90.0991
LSA,2021-03-10 01:00:00,270.7172,644.3699,86.269,184.4482,384.1279
LSA,2021-03-10 02:00:00,521.9808,846.7544,116.905,405.0758,657.63
LSA,2021-03-10 03:00:00,735.7291,945.5211,130.5077,605.2214,882.997
LSA,2021-03-10 04:00:00,891.3038,1000.9295,133.9277,757.376,1044.874
LSA,2021-03-10 05:00:00,976.467,1030.3597,131.9056,844.5613,1132.2349
LSA,2021-03-10 06:00:00,984.3321,1039.248,127.3295,857.0026,1139.1353
LSA,2021-03-10 07:00:00,914.5259,1029.1914,120.8174,793.7084,1065.1179
LSA,2021-03-10 08:00:00,773.2449,998.8288,110.9456,662.2993,915.2446
LSA,2021-03-10 09:00:00,571.408,933.3646,97.2044,474.2035,699.7501
LSA,2021-03-10 10:00:00,326.1903,786.7412,75.5386,250.6517,433.3433
LSA,2021-03-10 11:00:00,79.5866,347.2044,31.927,47.6595,134.8861
LSA,2021-03-10 12:00:00,0.0,0.0,0.0,0.0,0.0
LSA,2021-03-10 13:00:00,0.0,0.0,0.0,0.0,0.0
LSA,2021-03-10 14:00:00,0.0,0.0,0.0,0.0,0.0
LSA,2021-03-10 15:00:00,0.0,0.0,0.0,0.0,0.0
LSA,2021-03-10 16:00:00,0.0,0.0,0.0,0.0,0.0
LSA,2021-03-10 17:00:00,0.0,0.0,0.0,0.0,0.0
LSA,2021-03-10 18:00:00,0.0,0.0,0.0,0.0,0.0
LSA,2021-03-10 19:00:00,0.0,0.0,0.0,0.0,0.0
LSA,2021-03-10 20:00:00,0.0,0.0,0.0,0.0,0.0
LSA,2021-03-10 21:00:00,0.0,0.0,0.0,0.0,0.0
LSA,2021-03-10 22:00:00,0.0,0.0,0.0,0.0,0.0
LSA,2021-03-10 23:00:00,0.0,0.0,0.0,0.0,0.0
LSA,2021-03-11 00:00:00,46.7073,160.853,27.1099,19.5975,94.7259
LSA,2021-03-11 01:00:00,271.7578,625.5445,89.3158,182.442,390.0536
LSA,2021-03-11 02:00:00,524.8043,850.4667,113.9258,410.8785,663.3711
LSA,2021-03-11 03:00:00,738.5444,956.3633,122.3158,616.2287,888.4809
LSA,2021-03-11 04:00:00,892.5208,1009.0695,124.8266,767.6942,1050.0458
LSA,2021-03-11 05:00:00,976.2551,1036.7545,122.3888,853.8663,1137.0612
LSA,2021-03-11 06:00:00,983.2809,1043.3701,119.0436,864.2372,1143.6066
LSA,2021-03-11 07:00:00,913.2601,1030.1853,115.2652,797.9949,1069.2493
LSA,2021-03-11 08:00:00,772.0002,996.4606,108.1178,663.8824,919.0748
LSA,2021-03-11 09:00:00,569.7495,925.5323,96.7522,472.9972,703.3386
LSA,2021-03-11 10:00:00,324.3221,770.4877,76.5664,247.7558,436.7665
LSA,2021-03-11 11:00:00,79.3385,332.0566,32.8047,46.5338,138.0469
LSA,2021-03-11 12:00:00,0.0,0.0,0.0,0.0,0.0
LSA,2021-03-11 13:00:00,0.0,0.0,0.0,0.0,0.0
LSA,2021-03-11 14:00:00,0.0,0.0,0.0,0.0,0.0
LSA,2021-03-11 15:00:00,0.0,0.0,0.0,0.0,0.0
LSA,2021-03-11 16:00:00,0.0,0.0,0.0,0.0,0.0
LSA,2021-03-11 17:00:00,0.0,0.0,0.0,0.0,0.0
LSA,2021-03-11 18:00:00,0.0,0.0,0.0,0.0,0.0
LSA,2021-03-11 19:00:00,0.0,0.0,0.0,0.0,0.0
LSA,2021-03-11 20:00:00,0.0,0.0,0.0,0.0,0.0
LSA,2021-03-11 21:00:00,0.0,0.0,0.0,0.0,0.0
LSA,2021-03-11 22:00:00,0.0,0.0,0.0,0.0,0.0
LSA,2021-03-11 23:00:00,0.0,0.0,0.0,0.0,0.0
LSA,2021-03-12 00:00:00,48.7064,155.1981,29.3511,19.3552,99.4857
LSA,2021-03-12 01:00:00,272.6218,585.4905,99.2565,173.3653,395.9876
LSA,2021-03-12 02:00:00,523.9218,797.3726,135.1642,388.7575,669.1028
LSA,2021-03-12 03:00:00,737.7344,902.7864,152.038,585.6964,893.9389
LSA,2021-03-12 04:00:00,892.7882,959.4979,158.8233,733.9648,1055.1774
LSA,2021-03-12 05:00:00,977.0973,988.2777,159.3062,817.7911,1141.8362
LSA,2021-03-12 06:00:00,983.5328,993.5738,156.9255,826.6072,1148.0194
LSA,2021-03-12 07:00:00,911.7775,976.4702,152.066,759.7115,1073.3195
LSA,2021-03-12 08:00:00,768.3664,935.3406,142.179,626.1874,922.8455
LSA,2021-03-12 09:00:00,563.764,849.3441,126.8614,436.9026,706.8739
LSA,2021-03-12 10:00:00,316.4746,668.1705,98.8144,217.6602,440.1469
LSA,2021-03-12 11:00:00,75.805,249.4071,39.4824,36.3226,141.204
LSA,2021-03-12 12:00:00,0.0,0.0,0.0,0.0,0.0
LSA,2021-03-12 13:00:00,0.0,0.0,0.0,0.0,0.0
LSA,2021-03-12 14:00:00,0.0,0.0,0.0,0.0,0.0
LSA,2021-03-12 15:00:00,0.0,0.0,0.0,0.0,0.0
LSA,2021-03-12 16:00:00,0.0,0.0,0.0,0.0,0.0
LSA,2021-03-12 17:00:00,0.0,0.0,0.0,0.0,0.0
LSA,2021-03-12 18:00:00,0.0,0.0,0.0,0.0,0.0
LSA,2021-03-12 19:00:00,0.0,0.0,0.0,0.0,0.0
LSA,2021-03-12 20:00:00,0.0,0.0,0.0,0.0,0.0
LSA,2021-03-12 21:00:00,0.0,0.0,0.0,0.0,0.0
LSA,2021-03-12 22:00:00,0.0,0.0,0.0,0.0,0.0
LSA,2021-03-12 23:00:00,0.0,0.0,0.0,0.0,0.0
LSA,2021-03-13 00:00:00,54.6812,209.529,28.5925,26.0887,104.4314
LSA,2021-03-13 01:00:00,283.8297,645.1606,91.2575,192.5722,401.9266
LSA,2021-03-13 02:00:00,531.308,818.9412,128.96,402.348,674.8221
LSA,2021-03-13 03:00:00,741.1495,902.2319,152.1189,589.0306,899.3682
LSA,2021-03-13 04:00:00,893.1947,946.6062,165.2932,727.9016,1060.2664
LSA,2021-03-13 05:00:00,974.8031,965.0854,172.5031,802.3,1146.5579
LSA,2021-03-13 06:00:00,979.0868,958.4118,178.254,800.8329,1152.3722
LSA,2021-03-13 07:00:00,905.5397,925.9813,181.9092,723.6306,1077.3273
LSA,2021-03-13 08:00:00,760.045,865.6209,177.6005,582.4445,926.5562
LSA,2021-03-13 09:00:00,553.8289,763.2972,158.7249,395.1039,710.3559
LSA,2021-03-13 10:00:00,307.358,574.4442,118.0732,189.2847,443.4846
LSA,2021-03-13 11:00:00,73.2958,197.0213,43.8774,29.4184,144.3272
LSA,2021-03-13 12:00:00,0.0,0.0,0.0,0.0,0.0
LSA,2021-03-13 13:00:00,0.0,0.0,0.0,0.0,0.0
LSA,2021-03-13 14:00:00,0.0,0.0,0.0,0.0,0.0
LSA,2021-03-13 15:00:00,0.0,0.0,0.0,0.0,0.0
LSA,2021-03-13 16:00:00,0.0,0.0,0.0,0.0,0.0
LSA,2021-03-13 17:00:00,0.0,0.0,0.0,0.0,0.0
LSA,2021-03-13 18:00:00,0.0,0.0,0.0,0.0,0.0
LSA,2021-03-13 19:00:00,0.0,0.0,0.0,0.0,0.0
LSA,2021-03-13 20:00:00,0.0,0.0,0.0,0.0,0.0
LSA,2021-03-13 21:00:00,0.0,0.0,0.0,0.0,0.0
LSA,2021-03-13 22:00:00,0.0,0.0,0.0,0.0,0.0
LSA,2021-03-13 23:00:00,0.0,0.0,0.0,0.0,0.0
LSA,2021-03-14 00:00:00,59.1387,240.1706,28.6019,30.5368,109.4687
LSA,2021-03-14 01:00:00,294.0978,701.2701,81.9146,212.1831,407.8673
LSA,2021-03-14 02:00:00,543.3121,881.5272,106.3744,436.9377,680.5259
LSA,2021-03-14 03:00:00,751.8828,958.7435,122.116,629.7668,904.7661
LSA,2021-03-14 04:00:00,901.1724,989.3738,136.4534,764.7191,1065.3103
LSA,2021-03-14 05:00:00,980.8386,998.4521,146.9997,833.8389,1151.2242
LSA,2021-03-14 06:00:00,986.5148,1002.2109,145.5802,840.9346,1156.6632
LSA,2021-03-14 07:00:00,917.7944,1001.1403,132.4098,785.3846,1081.2716
LSA,2021-03-14 08:00:00,778.401,980.6646,116.2364,662.1646,930.206
LSA,2021-03-14 09:00:00,577.5614,918.4042,100.5169,477.0446,713.7841
LSA,2021-03-14 10:00:00,332.2981,767.6202,79.6072,252.6909,446.7794
LSA,2021-03-14 11:00:00,85.4975,346.9124,35.3154,50.1821,147.5064
LSA,2021-03-14 12:00:00,0.0,0.0,0.0,0.0,0.0
LSA,2021-03-14 13:00:00,0.0,0.0,0.0,0.0,0.0
LSA,2021-03-14 14:00:00,0.0,0.0,0.0,0.0,0.0
LSA,2021-03-14 15:00:00,0.0,0.0,0.0,0.0,0.0
LSA,2021-03-14 16:00:00,0.0,0.0,0.0,0.0,0.0
LSA,2021-03-14 17:00:00,0.0,0.0,0.0,0.0,0.0
LSA,2021-03-14 18:00:00,0.0,0.0,0.0,0.0,0.0
LSA,2021-03-14 19:00:00,0.0,0.0,0.0,0.0,0.0
LSA,2021-03-14 20:00:00,0.0,0.0,0.0,0.0,0.0
LSA,2021-03-14 21:00:00,0.0,0.0,0.0,0.0,0.0
LSA,2021-03-14 22:00:00,0.0,0.0,0.0,0.0,0.0
LSA,2021-03-14 23:00:00,0.0,0.0,0.0,0.0,0.0
LSA,2021-03-15 00:00:00,52.5801,119.7831,36.3146,16.2656,114.6355
LSA,2021-03-15 01:00:00,271.1986,470.819,124.7341,146.4645,413.8066
LSA,2021-03-15 02:00:00,521.8585,686.4343,177.6158,344.2426,686.2112
LSA,2021-03-15 03:00:00,739.0485,818.1741,197.2402,541.8082,910.1298
LSA,2021-03-15 04:00:00,898.5326,911.7012,189.7328,708.7998,1070.3068
LSA,2021-03-15 05:00:00,986.3663,972.9363,170.0037,816.3625,1155.8331
LSA,2021-03-15 06:00:00,995.4411,999.9595,152.8652,842.5759,1160.8912
LSA,2021-03-15 07:00:00,925.8394,993.6948,143.0366,782.8027,1085.1512
LSA,2021-03-15 08:00:00,784.6952,966.2961,129.2641,655.4312,933.7943
LSA,2021-03-15 09:00:00,581.1878,895.8195,113.2733,467.9145,717.158
LSA,2021-03-15 10:00:00,333.3086,735.2687,89.043,244.2656,450.0312
LSA,2021-03-15 11:00:00,85.9528,320.2878,38.7286,47.2242,150.6793
LSA,2021-03-15 12:00:00,0.0,0.0,0.0,0.0,0.0
LSA,2021-03-15 13:00:00,0.0,0.0,0.0,0.0,0.0
LSA,2021-03-15 14:00:00,0.0,0.0,0.0,0.0,0.0
LSA,2021-03-15 15:00:00,0.0,0.0,0.0,0.0,0.0
LSA,2021-03-15 16:00:00,0.0,0.0,0.0,0.0,0.0
LSA,2021-03-15 17:00:00,0.0,0.0,0.0,0.0,0.0
LSA,2021-03-15 18:00:00,0.0,0.0,0.0,0.0,0.0
LSA,2021-03-15 19:00:00,0.0,0.0,0.0,0.0,0.0
LSA,2021-03-15 20:00:00,0.0,0.0,0.0,0.0,0.0
LSA,2021-03-15 21:00:00,0.0,0.0,0.0,0.0,0.0
LSA,2021-03-15 22:00:00,0.0,0.0,0.0,0.0,0.0
LSA,2021-03-15 23:00:00,0.0,0.0,0.0,0.0,0.0
LSA,2021-03-16 00:00:00,60.5214,180.3315,35.9508,24.5705,119.9302
LSA,2021-03-16 01:00:00,291.3972,579.6345,109.9284,181.4687,419.7413
LSA,2021-03-16 02:00:00,542.435,771.1628,153.022,389.4129,691.8751
LSA,2021-03-16 03:00:00,757.305,881.0076,170.499,586.806,915.4565
LSA,2021-03-16 04:00:00,914.379,956.6064,166.9697,747.4093,1075.2534
LSA,2021-03-16 05:00:00,1000.0039,1005.0889,152.927,847.0769,1160.3829
LSA,2021-03-16 06:00:00,1005.991,1017.7891,144.8174,861.1736,1165.0544
LSA,2021-03-16 07:00:00,932.2778,996.421,144.0327,788.2451,1088.9652
LSA,2021-03-16 08:00:00,786.9277,951.9286,138.2327,648.695,937.3203
LSA,2021-03-16 09:00:00,579.9312,863.1261,126.4439,453.4872,720.4776
LSA,2021-03-16 10:00:00,329.7631,681.1752,101.0309,228.7322,453.2399
LSA,2021-03-16 11:00:00,84.094,268.0,43.249,40.845,153.8269
LSA,2021-03-16 12:00:00,0.0,0.0,0.0,0.0,0.0
LSA,2021-03-16 13:00:00,0.0,0.0,0.0,0.0,0.0
LSA,2021-03-16 14:00:00,0.0,0.0,0.0,0.0,0.0
LSA,2021-03-16 15:00:00,0.0,0.0,0.0,0.0,0.0
LSA,2021-03-16 16:00:00,0.0,0.0,0.0,0.0,0.0
LSA,2021-03-16 17:00:00,0.0,0.0,0.0,0.0,0.0
LSA,2021-03-16 18:00:00,0.0,0.0,0.0,0.0,0.0
LSA,2021-03-16 19:00:00,0.0,0.0,0.0,0.0,0.0
LSA,2021-03-16 20:00:00,0.0,0.0,0.0,0.0,0.0
LSA,2021-03-16 21:00:00,0.0,0.0,0.0,0.0,0.0
LSA,2021-03-16 22:00:00,0.0,0.0,0.0,0.0,0.0
LSA,2021-03-16 23:00:00,0.0,0.0,0.0,0.0,0.0
LSA,2021-03-17 00:00:00,64.7762,203.6692,36.5566,28.2196,125.3509
LSA,2021-03-17 01:00:00,298.8602,610.6557,105.3665,193.4937,425.6682
LSA,2021-03-17 02:00:00,548.4675,793.0482,144.7182,403.7493,697.5144
LSA,2021-03-17 03:00:00,760.1758,888.1814,165.1136,595.0623,920.7437
LSA,2021-03-17 04:00:00,913.5268,944.523,171.9333,741.5935,1080.1481
LSA,2021-03-17 05:00:00,995.9435,973.8958,171.5808,824.3627,1164.8716
LSA,2021-03-17 06:00:00,1001.8837,986.1021,164.168,837.7158,1169.1517
LSA,2021-03-17 07:00:00,931.2202,982.3265,151.1495,780.0706,1092.7126
LSA,2021-03-17 08:00:00,789.2595,957.6014,134.1843,655.0752,940.7838
LSA,2021-03-17 09:00:00,586.5411,895.6146,114.1566,472.3845,723.7425
LSA,2021-03-17 10:00:00,340.7035,754.2418,86.8999,253.8035,456.4056
LSA,2021-03-17 11:00:00,92.0153,357.8653,38.6846,53.3306,157.0177
LSA,2021-03-17 12:00:00,0.0,0.0,0.0,0.0,0.0
LSA,2021-03-17 13:00:00,0.0,0.0,0.0,0.0,0.0
LSA,2021-03-17 14:00:00,0.0,0.0,0.0,0.0,0.0
LSA,2021-03-17 15:00:00,0.0,0.0,0.0,0.0,0.0
LSA,2021-03-17 16:00:00,0.0,0.0,0.0,0.0,0.0
LSA,2021-03-17 17:00:00,0.0,0.0,0.0,0.0,0.0
LSA,2021-03-17 18:00:00,0.0,0.0,0.0,0.0,0.0
LSA,2021-03-17 19:00:00,0.0,0.0,0.0,0.0,0.0
LSA,2021-03-17 20:00:00,0.0,0.0,0.0,0.0,0.0
LSA,2021-03-17 21:00:00,0.0,0.0,0.0,0.0,0.0
LSA,2021-03-17 22:00:00,0.0,0.0,0.0,0.0,0.0
LSA,2021-03-17 23:00:00,0.0,0.0,0.0,0.0,0.0
LSA,2021-03-18 00:00:00,67.1953,203.0474,38.2691,28.9262,130.9409
LSA,2021-03-18 01:00:00,304.536,620.5447,104.822,199.714,431.5842
LSA,2021-03-18 02:00:00,558.0648,823.9743,134.7477,423.3171,703.1264
LSA,2021-03-18 03:00:00,770.33,925.8118,146.2958,624.0342,925.9889
LSA,2021-03-18 04:00:00,921.0128,977.0419,150.0716,770.9412,1084.9886
LSA,2021-03-18 05:00:00,1000.5224,1002.8274,147.9891,852.5333,1169.2976
LSA,2021-03-18 06:00:00,1002.678,1002.3267,147.7259,854.9521,1173.1818
LSA,2021-03-18 07:00:00,927.5861,975.8989,149.4171,778.1689,1096.3928
LSA,2021-03-18 08:00:00,781.6107,925.2943,145.6596,635.951,944.1841
LSA,2021-03-18 09:00:00,577.7328,842.5726,130.8513,446.8814,726.9526
LSA,2021-03-18 10:00:00,333.3382,685.571,100.2995,233.0388,459.5284
LSA,2021-03-18 11:00:00,89.01,297.3974,43.3948,45.6153,160.1623
LSA,2021-03-18 12:00:00,0.0,0.0,0.0,0.0,0.0
LSA,2021-03-18 13:00:00,0.0,0.0,0.0,0.0,0.0
LSA,2021-03-18 14:00:00,0.0,0.0,0.0,0.0,0.0
LSA,2021-03-18 15:00:00,0.0,0.0,0.0,0.0,0.0
LSA,2021-03-18 16:00:00,0.0,0.0,0.0,0.0,0.0
LSA,2021-03-18 17:00:00,0.0,0.0,0.0,0.0,0.0
LSA,2021-03-18 18:00:00,0.0,0.0,0.0,0.0,0.0
LSA,2021-03-18 19:00:00,0.0,0.0,0.0,0.0,0.0
LSA,2021-03-18 20:00:00,0.0,0.0,0.0,0.0,0.0
LSA,2021-03-18 21:00:00,0.0,0.0,0.0,0.0,0.0
LSA,2021-03-18 22:00:00,0.0,0.0,0.0,0.0,0.0
LSA,2021-03-18 23:00:00,0.0,0.0,0.0,0.0,0.0
LSA,2021-03-19 00:00:00,79.2476,326.411,33.5192,45.7283,136.6236
LSA,2021-03-19 01:00:00,328.0472,767.9219,79.5387,248.5085,437.486
LSA,2021-03-19 02:00:00,580.6246,928.2923,100.4999,480.1247,708.7082
LSA,2021-03-19 03:00:00,790.5537,995.6335,115.7706,674.7831,931.1895
LSA,2021-03-19 04:00:00,938.933,1018.6656,131.3541,807.579,1089.7729
LSA,2021-03-19 05:00:00,1016.6688,1022.4163,143.8153,872.8535,1173.6592
LSA,2021-03-19 06:00:00,1018.6013,1017.0657,147.6912,870.91,1177.1434
LSA,2021-03-19 07:00:00,944.2096,1001.475,142.6641,801.5455,1100.0049
LSA,2021-03-19 08:00:00,798.5831,964.4156,133.2466,665.3365,947.5211
LSA,2021-03-19 09:00:00,590.8833,877.0349,123.1098,467.7736,730.1081
LSA,2021-03-19 10:00:00,338.6371,687.5023,102.6146,236.0224,462.6086
LSA,2021-03-19 11:00:00,89.762,276.1959,46.3319,43.4301,163.2787
LSA,2021-03-19 12:00:00,0.0215,0.0,0.0208,0.0006,0.0907
LSA,2021-03-19 13:00:00,0.0,0.0,0.0,0.0,0.0
LSA,2021-03-19 14:00:00,0.0,0.0,0.0,0.0,0.0
LSA,2021-03-19 15:00:00,0.0,0.0,0.0,0.0,0.0
LSA,2021-03-19 16:00:00,0.0,0.0,0.0,0.0,0.0
LSA,2021-03-19 17:00:00,0.0,0.0,0.0,0.0,0.0
LSA,2021-03-19 18:00:00,0.0,0.0,0.0,0.0,0.0
LSA,2021-03-19 19:00:00,0.0,0.0,0.0,0.0,0.0
LSA,2021-03-19 20:00:00,0.0,0.0,0.0,0.0,0.0
LSA,2021-03-19 21:00:00,0.0,0.0,0.0,0.0,0.0
LSA,2021-03-19 22:00:00,0.0,0.0,0.0,0.0,0.0
LSA,2021-03-19 23:00:00,0.0,0.0,0.0,0.0,0.0
LSA,2021-03-20 00:00:00,76.2147,242.2708,40.5205,35.6942,142.4256
LSA,2021-03-20 01:00:00,318.9139,662.2254,100.4536,218.4603,443.3706
LSA,2021-03-20 02:00:00,570.8248,853.3597,125.2716,445.5532,714.2569
LSA,2021-03-20 03:00:00,777.861,921.3539,149.825,628.036,936.3428
LSA,2021-03-20 04:00:00,922.2056,927.3123,183.5639,738.6416,1094.4989
LSA,2021-03-20 05:00:00,996.381,913.7309,213.0763,783.3047,1177.9548
LSA,2021-03-20 06:00:00,996.8114,901.3362,222.0282,774.7832,1181.0358
LSA,2021-03-20 07:00:00,923.1705,888.6568,209.2196,713.9509,1103.5483
LSA,2021-03-20 08:00:00,778.7034,850.2721,189.6516,589.0518,950.7945
LSA,2021-03-20 09:00:00,574.218,769.3134,161.9655,412.2525,733.2089
LSA,2021-03-20 10:00:00,328.5798,604.3284,119.693,208.8868,465.6464
LSA,2021-03-20 11:00:00,88.2935,245.4495,49.2698,39.0236,166.3675
LSA,2021-03-20 12:00:00,0.0476,0.0,0.0463,0.0013,0.1998
LSA,2021-03-20 13:00:00,0.0,0.0,0.0,0.0,0.0
LSA,2021-03-20 14:00:00,0.0,0.0,0.0,0.0,0.0
LSA,2021-03-20 15:00:00,0.0,0.0,0.0,0.0,0.0
LSA,2021-03-20 16:00:00,0.0,0.0,0.0,0.0,0.0
LSA,2021-03-20 17:00:00,0.0,0.0,0.0,0.0,0.0
LSA,2021-03-20 18:00:00,0.0,0.0,0.0,0.0,0.0
LSA,2021-03-20 19:00:00,0.0,0.0,0.0,0.0,0.0
LSA,2021-03-20 20:00:00,0.0,0.0,0.0,0.0,0.0
LSA,2021-03-20 21:00:00,0.0,0.0,0.0,0.0,0.0
LSA,2021-03-20 22:00:00,0.0,0.0,0.0,0.0,0.0
LSA,2021-03-20 23:00:00,0.0,0.0,0.0,0.0,0.0
LSA,2021-03-21 00:00:00,79.5801,243.0855,43.0152,36.565,148.344
LSA,2021-03-21 01:00:00,323.056,647.1899,106.737,216.319,449.2348
LSA,2021-03-21 02:00:00,575.6995,834.5524,136.3286,439.3708,719.7696
LSA,2021-03-21 03:00:00,786.9967,926.2025,151.3458,635.6509,941.4467
LSA,2021-03-21 04:00:00,937.8428,969.9924,161.2266,776.6163,1099.1647
LSA,2021-03-21 05:00:00,1017.8333,989.8598,165.6524,852.1809,1182.1832
LSA,2021-03-21 06:00:00,1021.701,995.7104,162.5551,859.1459,1184.8577
LSA,2021-03-21 07:00:00,949.2515,988.3958,152.2994,796.9521,1107.0227
LSA,2021-03-21 08:00:00,805.3885,960.1505,137.8289,667.5596,954.0043
LSA,2021-03-21 09:00:00,599.7579,889.2195,121.3702,478.3877,736.2555
LSA,2021-03-21 10:00:00,349.9535,730.9965,96.4841,253.4694,468.6424
LSA,2021-03-21 11:00:00,98.2317,339.4532,44.9119,53.3198,169.4292
LSA,2021-03-21 12:00:00,0.078,0.0,0.0768,0.0012,0.3043
LSA,2021-03-21 13:00:00,0.0,0.0,0.0,0.0,0.0
LSA,2021-03-21 14:00:00,0.0,0.0,0.0,0.0,0.0
LSA,2021-03-21 15:00:00,0.0,0.0,0.0,0.0,0.0
LSA,2021-03-21 16:00:00,0.0,0.0,0.0,0.0,0.0
LSA,2021-03-21 17:00:00,0.0,0.0,0.0,0.0,0.0
LSA,2021-03-21 18:00:00,0.0,0.0,0.0,0.0,0.0
LSA,2021-03-21 19:00:00,0.0,0.0,0.0,0.0,0.0
LSA,2021-03-21 20:00:00,0.0,0.0,0.0,0.0,0.0
LSA,2021-03-21 21:00:00,0.0,0.0,0.0,0.0,0.0
LSA,2021-03-21 22:00:00,0.0,0.0,0.0,0.0,0.0
LSA,2021-03-21 23:00:00,0.0,0.0,0.0,0.0,0.0
LSA,2021-03-22 00:00:00,75.0047,166.9402,48.8838,26.1209,154.3759
LSA,2021-03-22 01:00:00,306.3574,503.9668,134.7567,171.6007,455.0754
LSA,2021-03-22 02:00:00,556.2618,695.9579,186.4221,369.8397,725.2435
LSA,2021-03-22 03:00:00,770.9634,817.136,206.1836,564.7798,946.4987
LSA,2021-03-22 04:00:00,928.079,909.0549,196.4526,731.6263,1103.7682
LSA,2021-03-22 05:00:00,1013.4666,971.1442,173.8792,839.5874,1186.3429
LSA,2021-03-22 06:00:00,1019.8538,999.0315,154.6338,865.22,1188.6084
LSA,2021-03-22 07:00:00,947.6221,993.7851,143.4291,804.193,1110.4277
LSA,2021-03-22 08:00:00,804.6288,968.7445,128.5459,676.0829,957.1506
LSA,2021-03-22 09:00:00,601.0455,906.4873,111.3574,489.688,739.2481
LSA,2021-03-22 10:00:00,354.1842,766.2994,87.2623,266.9218,471.597
LSA,2021-03-22 11:00:00,102.4739,387.5418,41.8949,60.579,172.4643
LSA,2021-03-22 12:00:00,0.1275,0.0,0.123,0.0045,0.4823
LSA,2021-03-22 13:00:00,0.0,0.0,0.0,0.0,0.0
LSA,2021-03-22 14:00:00,0.0,0.0,0.0,0.0,0.0
LSA,2021-03-22 15:00:00,0.0,0.0,0.0,0.0,0.0
LSA,2021-03-22 16:00:00,0.0,0.0,0.0,0.0,0.0
LSA,2021-03-22 17:00:00,0.0,0.0,0.0,0.0,0.0
LSA,2021-03-22 18:00:00,0.0,0.0,0.0,0.0,0.0
LSA,2021-03-22 19:00:00,0.0,0.0,0.0,0.0,0.0
LSA,2021-03-22 20:00:00,0.0,0.0,0.0,0.0,0.0
LSA,2021-03-22 21:00:00,0.0,0.0,0.0,0.0,0.0
LSA,2021-03-22 22:00:00,0.0,0.0,0.0,0.0,0.0
LSA,2021-03-22 23:00:00,0.0,0.0,0.0,0.0,0.0
LSA,2021-03-23 00:00:00,75.0884,142.7754,52.0418,23.0466,160.5181
LSA,2021-03-23 01:00:00,304.6061,463.9514,143.986,160.6202,460.8893
LSA,2021-03-23 02:00:00,557.8737,675.6031,195.5816,362.2921,730.676
LSA,2021-03-23 03:00:00,775.1134,808.0635,213.3425,561.7709,951.4964
LSA,2021-03-23 04:00:00,932.9598,899.8355,205.3499,727.61,1108.3079
LSA,2021-03-23 05:00:00,1018.8622,963.3651,182.66,836.2021,1190.4326
LSA,2021-03-23 06:00:00,1024.6554,988.1819,165.6871,858.9683,1192.2872
LSA,2021-03-23 07:00:00,950.6852,976.4761,157.6271,793.0581,1113.7631
LSA,2021-03-23 08:00:00,805.6202,943.0141,144.8801,660.7401,960.2336
LSA,2021-03-23 09:00:00,599.9229,870.9214,127.1149,472.8081,742.1873
LSA,2021-03-23 10:00:00,351.4628,718.5992,99.0197,252.4432,474.511
LSA,2021-03-23 11:00:00,101.0317,342.8884,46.2369,54.7948,175.4736
LSA,2021-03-23 12:00:00,0.1683,0.0,0.1649,0.0035,0.6373
LSA,2021-03-23 13:00:00,0.0,0.0,0.0,0.0,0.0
LSA,2021-03-23 14:00:00,0.0,0.0,0.0,0.0,0.0
LSA,2021-03-23 15:00:00,0.0,0.0,0.0,0.0,0.0
LSA,2021-03-23 16:00:00,0.0,0.0,0.0,0.0,0.0
LSA,2021-03-23 17:00:00,0.0,0.0,0.0,0.0,0.0
LSA,2021-03-23 18:00:00,0.0,0.0,0.0,0.0,0.0
LSA,2021-03-23 19:00:00,0.0,0.0,0.0,0.0,0.0
LSA,2021-03-23 20:00:00,0.0,0.0,0.0,0.0,0.0
LSA,2021-03-23 21:00:00,0.0,0.0,0.0,0.0,0.0
LSA,2021-03-23 22:00:00,0.0,0.0,0.0,0.0,0.0
LSA,2021-03-23 23:00:00,0.0498,0.0,0.0485,0.0013,0.2075
LSA,2021-03-24 00:00:00,89.7637,261.1452,48.0418,41.7219,166.62
LSA,2021-03-24 01:00:00,336.2249,653.4728,109.227,226.9979,466.6733
LSA,2021-03-24 02:00:00,588.7576,842.3276,134.5001,454.2574,736.064
LSA,2021-03-24 03:00:00,798.7729,940.0143,142.2049,656.568,956.4376
LSA,2021-03-24 04:00:00,947.5393,991.2456,142.6767,804.8626,1112.7819
LSA,2021-03-24 05:00:00,1025.459,1018.9555,137.6128,887.8462,1194.4513
LSA,2021-03-24 06:00:00,1026.1964,1021.7053,134.8752,891.3212,1195.8936
LSA,2021-03-24 07:00:00,950.0438,1000.181,134.8296,815.2141,1117.0287
LSA,2021-03-24 08:00:00,803.8608,957.399,130.4524,673.4084,963.2535
LSA,2021-03-24 09:00:00,598.2379,878.399,119.2042,479.0337,745.0736
LSA,2021-03-24 10:00:00,351.0886,722.016,95.7353,255.3533,477.3851
LSA,2021-03-24 11:00:00,101.8883,342.1953,46.3543,55.534,178.4579
LSA,2021-03-24 12:00:00,0.2314,0.0,0.2276,0.0038,0.8823
LSA,2021-03-24 13:00:00,0.0,0.0,0.0,0.0,0.0
LSA,2021-03-24 14:00:00,0.0,0.0,0.0,0.0,0.0
LSA,2021-03-24 15:00:00,0.0,0.0,0.0,0.0,0.0
LSA,2021-03-24 16:00:00,0.0,0.0,0.0,0.0,0.0
LSA,2021-03-24 17:00:00,0.0,0.0,0.0,0.0,0.0
LSA,2021-03-24 18:00:00,0.0,0.0,0.0,0.0,0.0
LSA,2021-03-24 19:00:00,0.0,0.0,0.0,0.0,0.0
LSA,2021-03-24 20:00:00,0.0,0.0,0.0,0.0,0.0
LSA,2021-03-24 21:00:00,0.0,0.0,0.0,0.0,0.0
LSA,2021-03-24 22:00:00,0.0,0.0,0.0,0.0,0.0
LSA,2021-03-24 23:00:00,0.1295,0.0,0.125,0.0044,0.4925
LSA,2021-03-25 00:00:00,103.1305,397.0606,40.6948,62.4357,172.7043
LSA,2021-03-25 01:00:00,358.2155,797.6561,79.3332,278.8823,472.4243
LSA,2021-03-25 02:00:00,609.0334,950.7108,93.0682,515.9653,741.405
LSA,2021-03-25 03:00:00,815.7535,1017.3217,101.5891,714.1644,961.3199
LSA,2021-03-25 04:00:00,961.3326,1042.3511,111.3213,850.0113,1117.1885
LSA,2021-03-25 05:00:00,1036.7299,1049.9733,118.3637,918.3661,1198.3976
LSA,2021-03-25 06:00:00,1034.9369,1037.6892,126.4546,908.4824,1199.4269
LSA,2021-03-25 07:00:00,955.8989,1003.851,134.7965,821.1024,1120.2245
LSA,2021-03-25 08:00:00,806.4952,946.9669,137.8169,668.6784,966.2108
LSA,2021-03-25 09:00:00,600.5704,867.8719,125.4478,475.1227,747.9078
LSA,2021-03-25 10:00:00,355.6323,731.9796,95.5812,260.0511,480.2203
LSA,2021-03-25 11:00:00,106.0869,374.8847,45.5892,60.4977,181.4181
LSA,2021-03-25 12:00:00,0.3145,0.0,0.2981,0.0164,1.1426
LSA,2021-03-25 13:00:00,0.0,0.0,0.0,0.0,0.0
LSA,2021-03-25 14:00:00,0.0,0.0,0.0,0.0,0.0
LSA,2021-03-25 15:00:00,0.0,0.0,0.0,0.0,0.0
LSA,2021-03-25 16:00:00,0.0,0.0,0.0,0.0,0.0
LSA,2021-03-25 17:00:00,0.0,0.0,0.0,0.0,0.0
LSA,2021-03-25 18:00:00,0.0,0.0,0.0,0.0,0.0
LSA,2021-03-25 19:00:00,0.0,0.0,0.0,0.0,0.0
LSA,2021-03-25 20:00:00,0.0,0.0,0.0,0.0,0.0
LSA,2021-03-25 21:00:00,0.0,0.0,0.0,0.0,0.0
LSA,2021-03-25 22:00:00,0.0,0.0,0.0,0.0,0.0
LSA,2021-03-25 23:00:00,0.2389,0.0,0.2305,0.0084,0.8977
LSA,2021-03-26 00:00:00,102.9234,349.1171,46.6749,56.2485,178.7675
LSA,2021-03-26 01:00:00,352.6604,708.4919,101.6935,250.967,478.139
LSA,2021-03-26 02:00:00,600.8591,850.5558,135.6732,465.1859,746.6962
LSA,2021-03-26 03:00:00,809.8832,931.509,151.8657,658.0175,966.1414
LSA,2021-03-26 04:00:00,960.9639,986.6266,152.6183,808.3455,1121.5261
LSA,2021-03-26 05:00:00,1041.0314,1017.6651,147.4862,893.5453,1202.2708
LSA,2021-03-26 06:00:00,1045.6689,1031.9243,139.1904,906.4786,1202.8867
LSA,2021-03-26 07:00:00,974.6685,1031.2078,128.6151,846.0534,1123.3507
LSA,2021-03-26 08:00:00,832.1921,1012.7791,115.0455,717.1466,969.1061
LSA,2021-03-26 09:00:00,626.0353,954.2498,101.4643,524.571,750.6908
LSA,2021-03-26 10:00:00,373.7715,814.5964,82.8606,290.911,483.0174
LSA,2021-03-26 11:00:00,114.2564,442.0582,43.0759,71.1805,184.355
LSA,2021-03-26 12:00:00,0.4106,0.0,0.3725,0.0381,1.3974
LSA,2021-03-26 13:00:00,0.0,0.0,0.0,0.0,0.0
LSA,2021-03-26 14:00:00,0.0,0.0,0.0,0.0,0.0
LSA,2021-03-26 15:00:00,0.0,0.0,0.0,0.0,0.0
LSA,2021-03-26 16:00:00,0.0,0.0,0.0,0.0,0.0
LSA,2021-03-26 17:00:00,0.0,0.0,0.0,0.0,0.0
LSA,2021-03-26 18:00:00,0.0,0.0,0.0,0.0,0.0
LSA,2021-03-26 19:00:00,0.0,0.0,0.0,0.0,0.0
LSA,2021-03-26 20:00:00,0.0,0.0,0.0,0.0,0.0
LSA,2021-03-26 21:00:00,0.0,0.0,0.0,0.0,0.0
LSA,2021-03-26 22:00:00,0.0,0.0,0.0,0.0,0.0
LSA,2021-03-26 23:00:00,0.4082,0.6621,0.3812,0.027,1.4225
LSA,2021-03-27 00:00:00,110.3736,369.5334,49.5757,60.7979,184.8062
LSA,2021-03-27 01:00:00,369.6519,751.1508,100.1664,269.4855,483.8145
LSA,2021-03-27 02:00:00,625.4316,909.7576,124.0048,501.4268,751.9349
LSA,2021-03-27 03:00:00,837.8275,986.8438,137.1654,700.662,970.8997
LSA,2021-03-27 04:00:00,989.0877,1025.3164,145.4879,843.5999,1125.7933
LSA,2021-03-27 05:00:00,1068.2992,1042.802,149.3006,918.9987,1206.0698
LSA,2021-03-27 06:00:00,1069.6521,1044.793,148.7323,920.9199,1206.2728
LSA,2021-03-27 07:00:00,993.015,1031.5049,143.8343,849.1807,1126.4075
LSA,2021-03-27 08:00:00,843.9292,997.954,134.6082,709.321,971.9399
LSA,2021-03-27 09:00:00,632.4843,929.945,119.0748,513.4094,753.4233
LSA,2021-03-27 10:00:00,377.221,788.999,93.5661,283.6549,485.7776
LSA,2021-03-27 11:00:00,116.1028,422.0883,47.1131,68.9898,187.2699
LSA,2021-03-27 12:00:00,0.5247,0.9945,0.4737,0.051,1.7223
LSA,2021-03-27 13:00:00,0.0,0.0,0.0,0.0,0.0
LSA,2021-03-27 14:00:00,0.0,0.0,0.0,0.0,0.0
LSA,2021-03-27 15:00:00,0.0,0.0,0.0,0.0,0.0
LSA,2021-03-27 16:00:00,0.0,0.0,0.0,0.0,0.0
LSA,2021-03-27 17:00:00,0.0,0.0,0.0,0.0,0.0
LSA,2021-03-27 18:00:00,0.0,0.0,0.0,0.0,0.0
LSA,2021-03-27 19:00:00,0.0,0.0,0.0,0.0,0.0
LSA,2021-03-27 20:00:00,0.0,0.0,0.0,0.0,0.0
LSA,2021-03-27 21:00:00,0.0,0.0,0.0,0.0,0.0
LSA,2021-03-27 22:00:00,0.0,0.0,0.0,0.0,0.0
LSA,2021-03-27 23:00:00,0.5788,0.9671,0.5494,0.0293,2.0658
LSA,2021-03-28 00:00:00,108.6467,323.9318,53.6247,55.022,190.8169
LSA,2021-03-28 01:00:00,360.7332,682.4562,112.6738,248.0595,489.4476
LSA,2021-03-28 02:00:00,611.6117,838.7637,145.7636,465.8481,757.1185
LSA,2021-03-28 03:00:00,820.434,917.1694,165.6454,654.7885,975.5928
LSA,2021-03-28 04:00:00,968.6219,957.4268,177.4774,791.1445,1129.9885
LSA,2021-03-28 05:00:00,1045.243,974.2596,183.5094,861.7336,1209.7939
LSA,2021-03-28 06:00:00,1043.646,970.1675,185.6391,858.0069,1209.585
LSA,2021-03-28 07:00:00,963.9841,944.7252,183.6204,780.3637,1129.3951
LSA,2021-03-28 08:00:00,813.1873,894.4835,174.951,638.2363,974.7129
LSA,2021-03-28 09:00:00,604.0361,811.7397,153.7198,450.3162,756.1065
LSA,2021-03-28 10:00:00,355.4507,659.7137,116.0343,239.4164,488.5019
LSA,2021-03-28 11:00:00,106.61,310.7229,53.8649,52.7451,190.1636
LSA,2021-03-28 12:00:00,0.5579,0.8469,0.5328,0.025,2.0257
LSA,2021-03-28 13:00:00,0.0,0.0,0.0,0.0,0.0
LSA,2021-03-28 14:00:00,0.0,0.0,0.0,0.0,0.0
LSA,2021-03-28 15:00:00,0.0,0.0,0.0,0.0,0.0
LSA,2021-03-28 16:00:00,0.0,0.0,0.0,0.0,0.0
LSA,2021-03-28 17:00:00,0.0,0.0,0.0,0.0,0.0
LSA,2021-03-28 18:00:00,0.0,0.0,0.0,0.0,0.0
LSA,2021-03-28 19:00:00,0.0,0.0,0.0,0.0,0.0
LSA,2021-03-28 20:00:00,0.0,0.0,0.0,0.0,0.0
LSA,2021-03-28 21:00:00,0.0,0.0,0.0,0.0,0.0
LSA,2021-03-28 22:00:00,0.0,0.0,0.0,0.0,0.0
LSA,2021-03-28 23:00:00,0.8254,1.7786,0.7703,0.055,2.8854
LSA,2021-03-29 00:00:00,112.9724,343.3071,53.6401,59.3323,196.7964
LSA,2021-03-29 01:00:00,365.2998,700.3771,107.872,257.4277,495.0353
LSA,2021-03-29 02:00:00,614.4056,855.1699,136.0101,478.3955,762.2446
LSA,2021-03-29 03:00:00,821.2297,932.0797,152.3004,668.9293,980.2189
LSA,2021-03-29 04:00:00,968.0042,970.8326,162.4051,805.5992,1134.1106
LSA,2021-03-29 05:00:00,1044.0146,987.4687,167.4621,876.5526,1213.4424
LSA,2021-03-29 06:00:00,1042.9911,983.7173,170.174,872.8172,1212.8229
LSA,2021-03-29 07:00:00,964.9018,959.2935,170.0196,794.8823,1132.314
LSA,2021-03-29 08:00:00,815.9645,911.4821,163.4667,652.4978,977.4259
LSA,2021-03-29 09:00:00,605.6329,817.8362,149.7143,455.9186,758.7413
LSA,2021-03-29 10:00:00,353.0223,636.1848,120.0696,232.9528,491.1914
LSA,2021-03-29 11:00:00,104.3738,274.0285,56.676,47.6978,193.0372
LSA,2021-03-29 12:00:00,0.6528,0.8002,0.6236,0.0292,2.4143
LSA,2021-03-29 13:00:00,0.0,0.0,0.0,0.0,0.0
LSA,2021-03-29 14:00:00,0.0,0.0,0.0,0.0,0.0
LSA,2021-03-29 15:00:00,0.0,0.0,0.0,0.0,0.0
LSA,2021-03-29 16:00:00,0.0,0.0,0.0,0.0,0.0
LSA,2021-03-29 17:00:00,0.0,0.0,0.0,0.0,0.0
LSA,2021-03-29 18:00:00,0.0,0.0,0.0,0.0,0.0
LSA,2021-03-29 19:00:00,0.0,0.0,0.0,0.0,0.0
LSA,2021-03-29 20:00:00,0.0,0.0,0.0,0.0,0.0
LSA,2021-03-29 21:00:00,0.0,0.0,0.0,0.0,0.0
LSA,2021-03-29 22:00:00,0.0,0.0,0.0,0.0,0.0
LSA,2021-03-29 23:00:00,1.0882,2.4695,1.0084,0.0798,3.7789
LSA,2021-03-30 00:00:00,116.54,354.2632,53.687,62.853,202.7411
LSA,2021-03-30 01:00:00,371.3672,732.4042,98.9016,272.4656,500.5747
LSA,2021-03-30 02:00:00,622.0074,902.9936,113.1097,508.8976,767.3105
LSA,2021-03-30 03:00:00,829.5077,989.3128,115.7678,713.7399,984.7759
LSA,2021-03-30 04:00:00,977.0818,1035.024,114.6141,862.4677,1138.158
LSA,2021-03-30 05:00:00,1054.6831,1061.0931,109.4366,945.2466,1217.0144
LSA,2021-03-30 06:00:00,1055.2576,1067.1001,105.4678,949.7898,1215.9867
LSA,2021-03-30 07:00:00,978.8719,1053.2831,103.53,875.3419,1135.1644
LSA,2021-03-30 08:00:00,832.7147,1022.2592,98.8417,733.873,980.0798
LSA,2021-03-30 09:00:00,626.4309,956.0646,92.1876,534.2433,761.3287
LSA,2021-03-30 10:00:00,377.1974,816.6655,78.4726,298.7248,493.8474
LSA,2021-03-30 11:00:00,120.3234,455.4813,43.7981,76.5253,195.8919
LSA,2021-03-30 12:00:00,0.8555,3.2443,0.7533,0.1022,2.8168
LSA,2021-03-30 13:00:00,0.0,0.0,0.0,0.0,0.0
LSA,2021-03-30 14:00:00,0.0,0.0,0.0,0.0,0.0
LSA,2021-03-30 15:00:00,0.0,0.0,0.0,0.0,0.0
LSA,2021-03-30 16:00:00,0.0,0.0,0.0,0.0,0.0
LSA,2021-03-30 17:00:00,0.0,0.0,0.0,0.0,0.0
LSA,2021-03-30 18:00:00,0.0,0.0,0.0,0.0,0.0
LSA,2021-03-30 19:00:00,0.0,0.0,0.0,0.0,0.0
LSA,2021-03-30 20:00:00,0.0,0.0,0.0,0.0,0.0
LSA,2021-03-30 21:00:00,0.0,0.0,0.0,0.0,0.0
LSA,2021-03-30 22:00:00,0.0,0.0,0.0,0.0,0.0
LSA,2021-03-30 23:00:00,1.5992,8.4665,1.299,0.3002,4.7866
LSA,2021-03-31 00:00:00,133.2261,517.2227,43.2393,89.9868,208.6479
LSA,2021-03-31 01:00:00,393.4703,861.3045,71.0441,322.4262,506.0627
LSA,2021-03-31 02:00:00,641.7656,990.3494,80.348,561.4175,772.314
LSA,2021-03-31 03:00:00,846.4465,1051.4119,84.279,762.1675,989.2621
LSA,2021-03-31 04:00:00,991.2654,1081.0701,86.8748,904.3906,1142.1296
LSA,2021-03-31 05:00:00,1066.2344,1095.2781,87.1983,979.036,1220.5096
LSA,2021-03-31 06:00:00,1064.8577,1094.933,87.2531,977.6046,1219.0762
LSA,2021-03-31 07:00:00,987.254,1079.9546,87.0303,900.2238,1137.947
LSA,2021-03-31 08:00:00,840.1534,1049.2437,84.5076,755.6458,982.6753
LSA,2021-03-31 09:00:00,633.7386,992.0314,77.5528,556.1857,763.8699
LSA,2021-03-31 10:00:00,385.862,876.8823,64.0751,321.7869,496.4708
LSA,2021-03-31 11:00:00,128.159,549.4386,37.1533,91.0057,198.7286
LSA,2021-03-31 12:00:00,1.0633,6.0665,0.8421,0.2212,3.2176
LSA,2021-03-31 13:00:00,0.0,0.0,0.0,0.0,0.0
LSA,2021-03-31 14:00:00,0.0,0.0,0.0,0.0,0.0
LSA,2021-03-31 15:00:00,0.0,0.0,0.0,0.0,0.0
LSA,2021-03-31 16:00:00,0.0,0.0,0.0,0.0,0.0
LSA,2021-03-31 17:00:00,0.0,0.0,0.0,0.0,0.0
LSA,2021-03-31 18:00:00,0.0,0.0,0.0,0.0,0.0
LSA,2021-03-31 19:00:00,0.0,0.0,0.0,0.0,0.0
LSA,2021-03-31 20:00:00,0.0,0.0,0.0,0.0,0.0
LSA,2021-03-31 21:00:00,0.0,0.0,0.0,0.0,0.0
LSA,2021-03-31 22:00:00,0.0,0.0,0.0,0.0,0.0
LSA,2021-03-31 23:00:00,2.1799,16.9806,1.5277,0.6522,5.907
LSA,2021-04-01 00:00:00,142.3074,597.4269,38.3108,103.9966,214.5134
LSA,2021-04-01 01:00:00,401.4689,898.2302,62.1489,339.32,511.4966
LSA,2021-04-01 02:00:00,645.4346,1003.1414,73.0992,572.3353,777.2526
LSA,2021-04-01 03:00:00,845.037,1044.8439,84.0503,760.9868,993.6757
LSA,2021-04-01 04:00:00,984.9057,1055.8322,98.2267,886.679,1146.0243
LSA,2021-04-01 05:00:00,1055.3671,1053.3586,110.6594,944.7077,1223.9274
LSA,2021-04-01 06:00:00,1052.1066,1046.99,114.4648,937.6418,1222.0916
LSA,2021-04-01 07:00:00,975.2728,1035.0651,109.9215,865.3513,1140.6624
LSA,2021-04-01 08:00:00,829.4703,1005.9619,102.6974,726.7729,985.2134
LSA,2021-04-01 09:00:00,626.2962,951.541,90.7884,535.5078,766.366
LSA,2021-04-01 10:00:00,382.3875,840.6399,72.0696,310.3179,499.0629
LSA,2021-04-01 11:00:00,127.6817,521.8181,40.0011,87.6806,201.5483
LSA,2021-04-01 12:00:00,1.2034,7.107,0.9662,0.2373,3.6831
LSA,2021-04-01 13:00:00,0.0,0.0,0.0,0.0,0.0
LSA,2021-04-01 14:00:00,0.0,0.0,0.0,0.0,0.0
LSA,2021-04-01 15:00:00,0.0,0.0,0.0,0.0,0.0
LSA,2021-04-01 16:00:00,0.0,0.0,0.0,0.0,0.0
LSA,2021-04-01 17:00:00,0.0,0.0,0.0,0.0,0.0
LSA,2021-04-01 18:00:00,0.0,0.0,0.0,0.0,0.0
LSA,2021-04-01 19:00:00,0.0,0.0,0.0,0.0,0.0
LSA,2021-04-01 20:00:00,0.0,0.0,0.0,0.0,0.0
LSA,2021-04-01 21:00:00,0.0,0.0,0.0,0.0,0.0
LSA,2021-04-01 22:00:00,0.0,0.0,0.0,0.0,0.0
LSA,2021-04-01 23:00:00,2.8297,27.6839,1.7801,1.0496,7.1379
LSA,2021-04-02 00:00:00,150.5654,651.8519,35.7619,114.8035,220.3347
LSA,2021-04-02 01:00:00,411.9016,929.6051,57.2051,354.6965,516.8738
LSA,2021-04-02 02:00:00,657.3915,1024.874,68.7773,588.6142,782.1242
LSA,2021-04-02 03:00:00,860.0352,1070.884,76.0779,783.9573,998.015
LSA,2021-04-02 04:00:00,1003.6137,1094.6003,80.6993,922.9144,1149.8412
LSA,2021-04-02 05:00:00,1077.2871,1104.3502,83.543,993.7441,1227.2673
LSA,2021-04-02 06:00:00,1073.7474,1095.8727,89.3578,984.3896,1225.033
LSA,2021-04-02 07:00:00,993.0751,1067.7578,97.6872,895.3879,1143.3108
LSA,2021-04-02 08:00:00,842.7242,1021.0934,102.5256,740.1985,987.6948
LSA,2021-04-02 09:00:00,635.6522,956.8215,95.1411,540.5111,768.8179
LSA,2021-04-02 10:00:00,389.0854,846.7803,74.7945,314.2909,501.6248
LSA,2021-04-02 11:00:00,131.6965,535.0862,41.1938,90.5027,204.3521
LSA,2021-04-02 12:00:00,1.4139,9.9618,1.0942,0.3197,4.132
LSA,2021-04-02 13:00:00,0.0,0.0,0.0,0.0,0.0
LSA,2021-04-02 14:00:00,0.0,0.0,0.0,0.0,0.0
LSA,2021-04-02 15:00:00,0.0,0.0,0.0,0.0,0.0
LSA,2021-04-02 16:00:00,0.0,0.0,0.0,0.0,0.0
LSA,2021-04-02 17:00:00,0.0,0.0,0.0,0.0,0.0
LSA,2021-04-02 18:00:00,0.0,0.0,0.0,0.0,0.0
LSA,2021-04-02 19:00:00,0.0,0.0,0.0,0.0,0.0
LSA,2021-04-02 20:00:00,0.0,0.0,0.0,0.0,0.0
LSA,2021-04-02 21:00:00,0.0,0.0,0.0,0.0,0.0
LSA,2021-04-02 22:00:00,0.0,0.0,0.0,0.0,0.0
LSA,2021-04-02 23:00:00,3.4552,32.1598,2.1448,1.3104,8.5288
LSA,2021-04-03 00:00:00,155.2739,649.8799,38.1948,117.0791,226.1085
LSA,2021-04-03 01:00:00,418.0289,926.9374,60.4764,357.5525,522.1914
LSA,2021-04-03 02:00:00,664.5356,1025.1903,71.74,592.7956,786.9267
LSA,2021-04-03 03:00:00,868.2532,1073.4296,78.612,789.6412,1002.2787
LSA,2021-04-03 04:00:00,1012.5746,1098.1672,83.1013,929.4733,1153.5793
LSA,2021-04-03 05:00:00,1086.7455,1108.8988,85.6775,1001.0679,1230.5292
LSA,2021-04-03 06:00:00,1083.813,1104.6543,88.659,995.154,1227.9004
LSA,2021-04-03 07:00:00,1003.8711,1084.6501,91.8073,912.0638,1145.8931
LSA,2021-04-03 08:00:00,854.0494,1047.9731,92.2085,761.8408,990.1206
LSA,2021-04-03 09:00:00,645.0453,982.5236,87.77,557.2754,771.2267
LSA,2021-04-03 10:00:00,394.0513,853.6669,75.0439,319.0074,504.1573
LSA,2021-04-03 11:00:00,132.8916,513.7103,44.0503,88.8412,207.1407
LSA,2021-04-03 12:00:00,1.5673,8.6896,1.2634,0.3039,4.6605
LSA,2021-04-03 13:00:00,0.0,0.0,0.0,0.0,0.0
LSA,2021-04-03 14:00:00,0.0,0.0,0.0,0.0,0.0
LSA,2021-04-03 15:00:00,0.0,0.0,0.0,0.0,0.0
LSA,2021-04-03 16:00:00,0.0,0.0,0.0,0.0,0.0
LSA,2021-04-03 17:00:00,0.0,0.0,0.0,0.0,0.0
LSA,2021-04-03 18:00:00,0.0,0.0,0.0,0.0,0.0
LSA,2021-04-03 19:00:00,0.0,0.0,0.0,0.0,0.0
LSA,2021-04-03 20:00:00,0.0,0.0,0.0,0.0,0.0
LSA,2021-04-03 21:00:00,0.0,0.0,0.0,0.0,0.0
LSA,2021-04-03 22:00:00,0.0,0.0,0.0,0.0,0.0
LSA,2021-04-03 23:00:00,3.6407,21.5536,2.6956,0.9451,9.9888
LSA,2021-04-04 00:00:00,148.0477,513.9246,51.5652,96.4825,231.832
LSA,2021-04-04 01:00:00,405.5018,804.4974,91.2659,314.2359,527.447
LSA,2021-04-04 02:00:00,649.8971,915.2542,116.9742,532.9229,791.6581
LSA,2021-04-04 03:00:00,852.2083,974.4052,131.8065,720.4018,1006.4651
LSA,2021-04-04 04:00:00,995.4344,1009.9974,137.3172,858.1172,1157.2377
LSA,2021-04-04 05:00:00,1068.0493,1026.1859,138.7103,929.3391,1233.7124
LSA,2021-04-04 06:00:00,1065.8179,1027.8218,137.2579,928.5599,1230.6942
LSA,2021-04-04 07:00:00,988.9789,1015.1,133.0625,855.9165,1148.4097
LSA,2021-04-04 08:00:00,842.223,983.5638,125.0956,717.1273,992.4916
LSA,2021-04-04 09:00:00,638.1324,930.7175,108.5958,529.5366,773.5934
LSA,2021-04-04 10:00:00,394.6011,832.2795,82.4546,312.1465,506.6617
LSA,2021-04-04 11:00:00,137.4785,539.9283,44.5586,92.9199,209.9149
LSA,2021-04-04 12:00:00,1.8868,13.9727,1.4008,0.486,5.2029
LSA,2021-04-04 13:00:00,0.0,0.0,0.0,0.0,0.0
LSA,2021-04-04 14:00:00,0.0,0.0,0.0,0.0,0.0
LSA,2021-04-04 15:00:00,0.0,0.0,0.0,0.0,0.0
LSA,2021-04-04 16:00:00,0.0,0.0,0.0,0.0,0.0
LSA,2021-04-04 17:00:00,0.0,0.0,0.0,0.0,0.0
LSA,2021-04-04 18:00:00,0.0,0.0,0.0,0.0,0.0
LSA,2021-04-04 19:00:00,0.0,0.0,0.0,0.0,0.0
LSA,2021-04-04 20:00:00,0.0,0.0,0.0,0.0,0.0
LSA,2021-04-04 21:00:00,0.0,0.0,0.0,0.0,0.0
LSA,2021-04-04 22:00:00,0.0,0.0,0.0,0.0,0.0
LSA,2021-04-04 23:00:00,4.7239,33.3387,3.175,1.549,11.552
LSA,2021-04-05 00:00:00,162.6393,592.7524,50.0474,112.5918,237.5022
LSA,2021-04-05 01:00:00,430.8003,886.1462,81.3672,349.433,532.6382
LSA,2021-04-05 02:00:00,682.3155,998.0574,97.5062,584.8093,796.3163
LSA,2021-04-05 03:00:00,888.8506,1053.1512,106.7522,782.0984,1010.5732
LSA,2021-04-05 04:00:00,1034.2994,1081.6908,111.9472,922.3522,1160.8157
LSA,2021-04-05 05:00:00,1108.0364,1094.0382,114.1897,993.8467,1236.817
LSA,2021-04-05 06:00:00,1104.3569,1093.3898,113.8019,990.555,1233.4146
LSA,2021-04-05 07:00:00,1023.6143,1079.6636,110.7995,912.8148,1150.8615
LSA,2021-04-05 08:00:00,872.1981,1049.4253,104.8876,767.3105,994.8087
LSA,2021-04-05 09:00:00,660.0714,987.2207,96.0812,563.9902,775.9191
LSA,2021-04-05 10:00:00,404.6647,857.77,80.627,324.0377,509.1386
LSA,2021-04-05 11:00:00,139.1412,522.7575,47.0224,92.1188,212.6755
LSA,2021-04-05 12:00:00,2.0422,11.8645,1.5979,0.4443,5.7491
LSA,2021-04-05 13:00:00,0.0,0.0,0.0,0.0,0.0
LSA,2021-04-05 14:00:00,0.0,0.0,0.0,0.0,0.0
LSA,2021-04-05 15:00:00,0.0,0.0,0.0,0.0,0.0
LSA,2021-04-05 16:00:00,0.0,0.0,0.0,0.0,0.0
LSA,2021-04-05 17:00:00,0.0,0.0,0.0,0.0,0.0
LSA,2021-04-05 18:00:00,0.0,0.0,0.0,0.0,0.0
LSA,2021-04-05 19:00:00,0.0,0.0,0.0,0.0,0.0
LSA,2021-04-05 20:00:00,0.0,0.0,0.0,0.0,0.0
LSA,2021-04-05 21:00:00,0.0,0.0,0.0,0.0,0.0
LSA,2021-04-05 22:00:00,0.0,0.0,0.0,0.0,0.0
LSA,2021-04-05 23:00:00,4.7792,22.2308,3.6761,1.1031,13.2155
LSA,2021-04-06 00:00:00,149.9329,449.9565,61.2857,88.6472,243.1165
LSA,2021-04-06 01:00:00,403.9189,733.3844,111.2159,292.703,537.7628
LSA,2021-04-06 02:00:00,646.1234,851.1666,143.9883,502.1351,800.8999
LSA,2021-04-06 03:00:00,846.5637,914.0413,164.508,682.0557,1014.6014
LSA,2021-04-06 04:00:00,988.3109,949.1932,175.9895,812.3214,1164.3126
LSA,2021-04-06 05:00:00,1059.5385,962.8002,182.2664,877.2721,1239.8429
LSA,2021-04-06 06:00:00,1054.9468,958.1035,184.5679,870.379,1236.0619
LSA,2021-04-06 07:00:00,974.8591,934.5152,182.5486,792.3105,1153.2488
LSA,2021-04-06 08:00:00,825.1798,887.3762,174.1822,650.9976,997.0726
LSA,2021-04-06 09:00:00,613.8931,787.1133,161.5248,452.3683,778.2045
LSA,2021-04-06 10:00:00,360.4128,591.9353,133.3273,227.0854,511.5889
LSA,2021-04-06 11:00:00,113.3669,250.2346,65.9568,47.4101,215.423
LSA,2021-04-06 12:00:00,1.799,3.1613,1.6809,0.1181,6.3549
LSA,2021-04-06 13:00:00,0.0,0.0,0.0,0.0,0.0
LSA,2021-04-06 14:00:00,0.0,0.0,0.0,0.0,0.0
LSA,2021-04-06 15:00:00,0.0,0.0,0.0,0.0,0.0
LSA,2021-04-06 16:00:00,0.0,0.0,0.0,0.0,0.0
LSA,2021-04-06 17:00:00,0.0,0.0,0.0,0.0,0.0
LSA,2021-04-06 18:00:00,0.0,0.0,0.0,0.0,0.0
LSA,2021-04-06 19:00:00,0.0,0.0,0.0,0.0,0.0
LSA,2021-04-06 20:00:00,0.0,0.0,0.0,0.0,0.0
LSA,2021-04-06 21:00:00,0.0,0.0,0.0,0.0,0.0
LSA,2021-04-06 22:00:00,0.0,0.0,0.0,0.0,0.0
LSA,2021-04-06 23:00:00,4.7103,9.8927,4.1863,0.524,14.9766
LSA,2021-04-07 00:00:00,132.3138,257.5889,78.9843,53.3295,248.6722
LSA,2021-04-07 01:00:00,371.9385,513.5815,163.8031,208.1354,542.8184
LSA,2021-04-07 02:00:00,611.3072,649.3113,225.3593,385.9479,805.4069
LSA,2021-04-07 03:00:00,818.1674,758.5101,248.7086,569.4587,1018.549
LSA,2021-04-07 04:00:00,972.5319,862.3826,231.4491,741.0828,1167.7279
LSA,2021-04-07 05:00:00,1055.6799,942.029,194.6523,861.0276,1242.7898
LSA,2021-04-07 06:00:00,1058.308,975.7779,169.5457,888.7623,1238.6365
LSA,2021-04-07 07:00:00,981.3776,964.6796,161.4831,819.8945,1155.5725
LSA,2021-04-07 08:00:00,835.311,933.3496,148.9227,686.3882,999.2842
LSA,2021-04-07 09:00:00,628.4484,858.0917,134.2695,494.1789,780.4505
LSA,2021-04-07 10:00:00,378.8472,698.838,110.8261,268.0211,514.0134
LSA,2021-04-07 11:00:00,125.9528,355.5115,59.7187,66.2341,218.1578
LSA,2021-04-07 12:00:00,2.1431,5.9709,1.9091,0.234,6.9494
LSA,2021-04-07 13:00:00,0.0,0.0,0.0,0.0,0.0
LSA,2021-04-07 14:00:00,0.0,0.0,0.0,0.0,0.0
LSA,2021-04-07 15:00:00,0.0,0.0,0.0,0.0,0.0
LSA,2021-04-07 16:00:00,0.0,0.0,0.0,0.0,0.0
LSA,2021-04-07 17:00:00,0.0,0.0,0.0,0.0,0.0
LSA,2021-04-07 18:00:00,0.0,0.0,0.0,0.0,0.0
LSA,2021-04-07 19:00:00,0.0,0.0,0.0,0.0,0.0
LSA,2021-04-07 20:00:00,0.0,0.0,0.0,0.0,0.0
LSA,2021-04-07 21:00:00,0.0,0.0,0.0,0.0,0.0
LSA,2021-04-07 22:00:00,0.0,0.0,0.0,0.0,0.0
LSA,2021-04-07 23:00:00,5.5675,14.2719,4.7832,0.7843,16.8322
LSA,2021-04-08 00:00:00,145.8835,341.7811,73.7752,72.1084,254.1668
LSA,2021-04-08 01:00:00,401.7849,673.2148,126.4555,275.3294,547.8031
LSA,2021-04-08 02:00:00,651.6772,849.2177,143.7787,507.8985,809.836
LSA,2021-04-08 03:00:00,856.9835,943.851,146.3215,710.6619,1022.4147
LSA,2021-04-08 04:00:00,1000.6655,991.8141,145.8855,854.78,1171.0612
LSA,2021-04-08 05:00:00,1074.3184,1018.8961,140.4734,933.8449,1245.6578
LSA,2021-04-08 06:00:00,1071.2094,1022.7324,137.2374,933.972,1241.1387
LSA,2021-04-08 07:00:00,991.706,1003.7355,136.4071,855.2989,1157.8333
LSA,2021-04-08 08:00:00,843.2496,965.2238,131.4127,711.8369,1001.4443
LSA,2021-04-08 09:00:00,636.4829,894.0197,120.1815,516.3014,782.658
LSA,2021-04-08 10:00:00,388.6732,755.2413,98.2737,290.3996,516.4128
LSA,2021-04-08 11:00:00,133.7216,428.1763,54.7016,79.02,220.8805
LSA,2021-04-08 12:00:00,2.5191,10.8523,2.0882,0.4309,7.6188
LSA,2021-04-08 13:00:00,0.0,0.0,0.0,0.0,0.0
LSA,2021-04-08 14:00:00,0.0,0.0,0.0,0.0,0.0
LSA,2021-04-08 15:00:00,0.0,0.0,0.0,0.0,0.0
LSA,2021-04-08 16:00:00,0.0,0.0,0.0,0.0,0.0
LSA,2021-04-08 17:00:00,0.0,0.0,0.0,0.0,0.0
LSA,2021-04-08 18:00:00,0.0,0.0,0.0,0.0,0.0
LSA,2021-04-08 19:00:00,0.0,0.0,0.0,0.0,0.0
LSA,2021-04-08 20:00:00,0.0,0.0,0.0,0.0,0.0
LSA,2021-04-08 21:00:00,0.0,0.0,0.0,0.0,0.0
LSA,2021-04-08 22:00:00,0.0,0.0,0.0,0.0,0.0
LSA,2021-04-08 23:00:00,8.2164,60.3351,4.8357,3.3807,18.8252
LSA,2021-04-09 00:00:00,178.5202,641.1526,47.8993,130.6209,259.5979
LSA,2021-04-09 01:00:00,441.1186,901.8293,71.6926,369.426,552.715
LSA,2021-04-09 02:00:00,685.4589,1003.9532,82.7294,602.7294,814.1857
LSA,2021-04-09 03:00:00,885.6961,1054.1344,88.9939,796.7022,1026.1978
LSA,2021-04-09 04:00:00,1026.2957,1079.3732,93.0894,933.2062,1174.3119
LSA,2021-04-09 05:00:00,1097.0121,1090.2791,94.9624,1002.0497,1248.4471
LSA,2021-04-09 06:00:00,1092.61,1089.3844,95.2627,997.3473,1243.569
LSA,2021-04-09 07:00:00,1013.4119,1076.468,93.9407,919.4712,1160.0316
LSA,2021-04-09 08:00:00,865.2729,1048.4159,90.2169,775.056,1003.5538
LSA,2021-04-09 09:00:00,658.0372,990.3963,84.5205,573.5167,784.8276
LSA,2021-04-09 10:00:00,408.3063,869.1269,73.307,334.9994,518.7875
LSA,2021-04-09 11:00:00,146.6736,554.2469,45.5649,101.1087,223.5913
LSA,2021-04-09 12:00:00,3.0547,20.6866,2.2271,0.8276,8.2615
LSA,2021-04-09 13:00:00,0.0,0.0,0.0,0.0,0.0
LSA,2021-04-09 14:00:00,0.0,0.0,0.0,0.0,0.0
LSA,2021-04-09 15:00:00,0.0,0.0,0.0,0.0,0.0
LSA,2021-04-09 16:00:00,0.0,0.0,0.0,0.0,0.0
LSA,2021-04-09 17:00:00,0.0,0.0,0.0,0.0,0.0
LSA,2021-04-09 18:00:00,0.0,0.0,0.0,0.0,0.0
LSA,2021-04-09 19:00:00,0.0,0.0,0.0,0.0,0.0
LSA,2021-04-09 20:00:00,0.0,0.0,0.0,0.0,0.0
LSA,2021-04-09 21:00:00,0.0,0.0,0.0,0.0,0.0
LSA,2021-04-09 22:00:00,0.0,0.0,0.0,0.0,0.0
LSA,2021-04-09 23:00:00,8.7811,55.1936,5.5058,3.2752,20.8717
LSA,2021-04-10 00:00:00,178.6498,603.3953,52.6203,126.0295,264.9638
LSA,2021-04-10 01:00:00,441.3609,879.0652,77.6087,363.7522,557.5527
LSA,2021-04-10 02:00:00,686.0849,992.5809,86.5845,599.5004,818.4551
LSA,2021-04-10 03:00:00,885.5975,1045.9156,91.8176,793.7799,1029.8977
LSA,2021-04-10 04:00:00,1024.6418,1069.5386,96.9217,927.7202,1177.4802
LSA,2021-04-10 05:00:00,1093.8463,1078.6371,99.7768,994.0695,1251.1581
LSA,2021-04-10 06:00:00,1088.3151,1076.1208,100.6704,987.6447,1245.928
LSA,2021-04-10 07:00:00,1008.5161,1061.6267,99.5129,909.0031,1162.1685
LSA,2021-04-10 08:00:00,860.2395,1031.3186,95.7809,764.4586,1005.6135
LSA,2021-04-10 09:00:00,654.1226,971.7081,89.5478,564.5748,786.9603
LSA,2021-04-10 10:00:00,406.3097,849.5279,77.125,329.1847,521.1385
LSA,2021-04-10 11:00:00,146.643,538.047,47.3239,99.3191,226.2906
LSA,2021-04-10 12:00:00,3.2884,20.491,2.4172,0.8712,8.995
LSA,2021-04-10 13:00:00,0.0,0.0,0.0,0.0,0.0
LSA,2021-04-10 14:00:00,0.0,0.0,0.0,0.0,0.0
LSA,2021-04-10 15:00:00,0.0,0.0,0.0,0.0,0.0
LSA,2021-04-10 16:00:00,0.0,0.0,0.0,0.0,0.0
LSA,2021-04-10 17:00:00,0.0,0.0,0.0,0.0,0.0
LSA,2021-04-10 18:00:00,0.0,0.0,0.0,0.0,0.0
LSA,2021-04-10 19:00:00,0.0,0.0,0.0,0.0,0.0
LSA,2021-04-10 20:00:00,0.0,0.0,0.0,0.0,0.0
LSA,2021-04-10 21:00:00,0.0,0.0,0.0,0.0,0.0
LSA,2021-04-10 22:00:00,0.0,0.0,0.0,0.0,0.0
LSA,2021-04-10 23:00:00,9.7363,59.2888,6.0547,3.6816,23.0025
LSA,2021-04-11 00:00:00,180.5495,592.6312,54.7309,125.8186,270.2612
LSA,2021-04-11 01:00:00,440.0309,852.0143,84.3778,355.6531,562.3135
LSA,2021-04-11 02:00:00,682.3915,958.2823,100.355,582.0364,822.6423
LSA,2021-04-11 03:00:00,881.1376,1012.0502,109.8527,771.2849,1033.5132
LSA,2021-04-11 04:00:00,1020.4331,1039.938,115.4803,904.9528,1180.5652
LSA,2021-04-11 05:00:00,1090.1268,1051.7786,118.2086,971.9182,1253.7902
LSA,2021-04-11 06:00:00,1084.3165,1048.0476,120.1041,964.2124,1248.2158
LSA,2021-04-11 07:00:00,1003.3826,1028.1138,120.943,882.4396,1164.2443
LSA,2021-04-11 08:00:00,853.9575,989.9692,118.1309,735.8265,1007.6238
LSA,2021-04-11 09:00:00,649.3523,930.1078,107.2981,542.0541,789.0564
LSA,2021-04-11 10:00:00,405.2597,819.5731,86.2287,319.031,523.4656
LSA,2021-04-11 11:00:00,148.4689,530.2859,50.0537,98.4153,228.9782
LSA,2021-04-11 12:00:00,3.6813,23.9804,2.6503,1.031,9.7433
LSA,2021-04-11 13:00:00,0.0,0.0,0.0,0.0,0.0
LSA,2021-04-11 14:00:00,0.0,0.0,0.0,0.0,0.0
LSA,2021-04-11 15:00:00,0.0,0.0,0.0,0.0,0.0
LSA,2021-04-11 16:00:00,0.0,0.0,0.0,0.0,0.0
LSA,2021-04-11 17:00:00,0.0,0.0,0.0,0.0,0.0
LSA,2021-04-11 18:00:00,0.0,0.0,0.0,0.0,0.0
LSA,2021-04-11 19:00:00,0.0,0.0,0.0,0.0,0.0
LSA,2021-04-11 20:00:00,0.0,0.0,0.0,0.0,0.0
LSA,2021-04-11 21:00:00,0.0,0.0,0.0,0.0,0.0
LSA,2021-04-11 22:00:00,0.0,0.0,0.0,0.0,0.0
LSA,2021-04-11 23:00:00,10.2328,51.7391,6.8628,3.37,25.2138
LSA,2021-04-12 00:00:00,175.5151,502.4987,66.7327,108.7825,275.4885
LSA,2021-04-12 01:00:00,427.3058,731.4478,119.1361,308.1697,566.9964
LSA,2021-04-12 02:00:00,664.7803,827.4709,159.4096,505.3707,826.7464
LSA,2021-04-12 03:00:00,862.2156,884.5853,185.1536,677.062,1037.0439
LSA,2021-04-12 04:00:00,1002.6509,924.6802,195.4127,807.2383,1183.5671
LSA,2021-04-12 05:00:00,1072.6987,942.5888,199.3969,873.3019,1256.3441
LSA,2021-04-12 06:00:00,1067.3835,942.2711,198.4545,868.9291,1250.4333
LSA,2021-04-12 07:00:00,987.1848,923.5965,192.5976,794.5872,1166.2598
LSA,2021-04-12 08:00:00,837.9813,882.2014,180.4745,657.5067,1009.5858
LSA,2021-04-12 09:00:00,631.7501,808.2139,158.7416,473.0085,791.1168
LSA,2021-04-12 10:00:00,386.0396,669.4822,123.0733,262.9663,525.7697
LSA,2021-04-12 11:00:00,135.4677,366.808,64.616,70.8518,231.6544
LSA,2021-04-12 12:00:00,3.4687,11.8432,2.9299,0.5388,10.4832
LSA,2021-04-12 13:00:00,0.0,0.0,0.0,0.0,0.0
LSA,2021-04-12 14:00:00,0.0,0.0,0.0,0.0,0.0
LSA,2021-04-12 15:00:00,0.0,0.0,0.0,0.0,0.0
LSA,2021-04-12 16:00:00,0.0,0.0,0.0,0.0,0.0
LSA,2021-04-12 17:00:00,0.0,0.0,0.0,0.0,0.0
LSA,2021-04-12 18:00:00,0.0,0.0,0.0,0.0,0.0
LSA,2021-04-12 19:00:00,0.0,0.0,0.0,0.0,0.0
LSA,2021-04-12 20:00:00,0.0,0.0,0.0,0.0,0.0
LSA,2021-04-12 21:00:00,0.0,0.0,0.0,0.0,0.0
LSA,2021-04-12 22:00:00,0.0,0.0,0.0,0.0,0.0
LSA,2021-04-12 23:00:00,10.0765,33.0785,7.8003,2.2763,27.5021
LSA,2021-04-13 00:00:00,167.6115,399.5367,77.781,89.8305,280.6438
LSA,2021-04-13 01:00:00,419.9022,669.8803,134.3273,285.5748,571.5998
LSA,2021-04-13 02:00:00,661.2695,801.3869,168.6973,492.5721,830.7666
LSA,2021-04-13 03:00:00,860.7024,875.8085,187.6888,673.0137,1040.4895
LSA,2021-04-13 04:00:00,1001.2768,920.551,195.1719,806.1049,1186.486
LSA,2021-04-13 05:00:00,1071.6777,942.659,196.0811,875.5966,1258.8203
LSA,2021-04-13 06:00:00,1065.8019,941.778,195.3237,870.4782,1252.5809
LSA,2021-04-13 07:00:00,984.1302,917.6306,192.8551,791.2752,1168.2158
LSA,2021-04-13 08:00:00,833.6957,869.8806,183.6808,650.0149,1011.5001
LSA,2021-04-13 09:00:00,619.751,750.9671,177.5345,442.2166,793.1421
LSA,2021-04-13 10:00:00,362.4077,532.2083,150.3274,212.0802,528.0511
LSA,2021-04-13 11:00:00,117.2911,211.3918,74.217,43.0741,234.3193
LSA,2021-04-13 12:00:00,3.1637,4.7253,2.9444,0.2193,11.2957
LSA,2021-04-13 13:00:00,0.0,0.0,0.0,0.0,0.0
LSA,2021-04-13 14:00:00,0.0,0.0,0.0,0.0,0.0
LSA,2021-04-13 15:00:00,0.0,0.0,0.0,0.0,0.0
LSA,2021-04-13 16:00:00,0.0,0.0,0.0,0.0,0.0
LSA,2021-04-13 17:00:00,0.0,0.0,0.0,0.0,0.0
LSA,2021-04-13 18:00:00,0.0,0.0,0.0,0.0,0.0
LSA,2021-04-13 19:00:00,0.0,0.0,0.0,0.0,0.0
LSA,2021-04-13 20:00:00,0.0,0.0,0.0,0.0,0.0
LSA,2021-04-13 21:00:00,0.0,0.0,0.0,0.0,0.0
LSA,2021-04-13 22:00:00,0.0,0.0,0.0,0.0,0.0
LSA,2021-04-13 23:00:00,11.7859,45.874,8.5,3.2859,29.8637
LSA,2021-04-14 00:00:00,182.4774,491.0552,70.991,111.4865,285.7251
LSA,2021-04-14 01:00:00,443.5812,781.5955,107.98,335.6012,576.1223
LSA,2021-04-14 02:00:00,689.428,918.3916,122.0826,567.3453,834.7019
LSA,2021-04-14 03:00:00,891.4147,992.4357,126.0248,765.3898,1043.8494
LSA,2021-04-14 04:00:00,1035.5051,1036.7634,124.9479,910.5572,1189.3218
LSA,2021-04-14 05:00:00,1111.9769,1065.3842,119.9215,992.0554,1261.219
LSA,2021-04-14 06:00:00,1110.4552,1073.5925,115.9617,994.4935,1254.6595
LSA,2021-04-14 07:00:00,1030.9225,1062.0269,113.2851,917.6373,1170.1132
LSA,2021-04-14 08:00:00,882.0576,1034.4049,107.6657,774.392,1013.3676
LSA,2021-04-14 09:00:00,672.8736,975.8896,98.6876,574.186,795.133
LSA,2021-04-14 10:00:00,420.7098,854.6049,83.084,337.6258,530.3102
LSA,2021-04-14 11:00:00,157.0253,552.3407,51.2063,105.819,236.9729
LSA,2021-04-14 12:00:00,4.6781,29.1883,3.3152,1.3629,12.0834
LSA,2021-04-14 13:00:00,0.0,0.0,0.0,0.0,0.0
LSA,2021-04-14 14:00:00,0.0,0.0,0.0,0.0,0.0
LSA,2021-04-14 15:00:00,0.0,0.0,0.0,0.0,0.0
LSA,2021-04-14 16:00:00,0.0,0.0,0.0,0.0,0.0
LSA,2021-04-14 17:00:00,0.0,0.0,0.0,0.0,0.0
LSA,2021-04-14 18:00:00,0.0,0.0,0.0,0.0,0.0
LSA,2021-04-14 19:00:00,0.0,0.0,0.0,0.0,0.0
LSA,2021-04-14 20:00:00,0.0,0.0,0.0,0.0,0.0
LSA,2021-04-14 21:00:00,0.0,0.0,0.0,0.0,0.0
LSA,2021-04-14 22:00:00,0.0,0.0,0.0,0.0,0.0
LSA,2021-04-14 23:00:00,12.1863,40.3952,9.189,2.9973,32.2947
LSA,2021-04-15 00:00:00,175.2441,410.6979,80.369,94.8751,290.7306
LSA,2021-04-15 01:00:00,425.5337,660.9941,139.3034,286.2303,580.5625
LSA,2021-04-15 02:00:00,663.5221,778.9011,179.8798,483.6423,838.5515
LSA,2021-04-15 03:00:00,860.7756,849.1306,203.3171,657.4586,1047.1234
LSA,2021-04-15 04:00:00,1000.3655,895.7148,211.4045,788.9611,1192.0746
LSA,2021-04-15 05:00:00,1069.8403,918.8333,212.1971,857.6432,1263.5406
LSA,2021-04-15 06:00:00,1063.8444,920.4583,209.334,854.5104,1256.6697
LSA,2021-04-15 07:00:00,982.9957,900.6569,203.0138,779.9819,1171.9528
LSA,2021-04-15 08:00:00,833.8288,857.5309,190.0243,643.8045,1015.1891
LSA,2021-04-15 09:00:00,623.3746,753.4675,177.3492,446.0254,797.0902
LSA,2021-04-15 10:00:00,370.7884,558.4568,146.7965,223.9919,532.5474
LSA,2021-04-15 11:00:00,125.157,246.6066,74.6663,50.4907,239.6152
LSA,2021-04-15 12:00:00,3.8504,7.3597,3.488,0.3624,12.9601
LSA,2021-04-15 13:00:00,0.0,0.0,0.0,0.0,0.0
LSA,2021-04-15 14:00:00,0.0,0.0,0.0,0.0,0.0
LSA,2021-04-15 15:00:00,0.0,0.0,0.0,0.0,0.0
LSA,2021-04-15 16:00:00,0.0,0.0,0.0,0.0,0.0
LSA,2021-04-15 17:00:00,0.0,0.0,0.0,0.0,0.0
LSA,2021-04-15 18:00:00,0.0,0.0,0.0,0.0,0.0
LSA,2021-04-15 19:00:00,0.0,0.0,0.0,0.0,0.0
LSA,2021-04-15 20:00:00,0.0,0.0,0.0,0.0,0.0
LSA,2021-04-15 21:00:00,0.0,0.0,0.0,0.0,0.0
LSA,2021-04-15 22:00:00,0.0,0.0,0.0,0.0,0.0
LSA,2021-04-15 23:00:00,13.9066,49.0595,10.1589,3.7477,34.7912
LSA,2021-04-16 00:00:00,184.9266,446.4035,80.42,104.5066,295.6585
LSA,2021-04-16 01:00:00,440.624,710.3231,130.5809,310.0432,584.9191
LSA,2021-04-16 02:00:00,681.7765,839.2145,158.0006,523.7759,842.3146
LSA,2021-04-16 03:00:00,878.347,905.9547,174.5848,703.7622,1050.3112
LSA,2021-04-16 04:00:00,1014.5444,938.6475,185.5386,829.0058,1194.7445
LSA,2021-04-16 05:00:00,1081.0469,951.2687,191.0665,889.9803,1265.7859
LSA,2021-04-16 06:00:00,1072.5165,941.2751,196.7942,875.7223,1258.6123
LSA,2021-04-16 07:00:00,989.4847,907.2533,202.0416,787.4431,1173.7355
LSA,2021-04-16 08:00:00,838.2501,848.5555,199.5044,638.7457,1016.9655
LSA,2021-04-16 09:00:00,630.3112,754.3312,183.0113,447.2998,799.0145
LSA,2021-04-16 10:00:00,383.6504,592.735,145.6074,238.043,534.7633
LSA,2021-04-16 11:00:00,135.6024,290.4015,76.2387,59.3637,242.2465
LSA,2021-04-16 12:00:00,4.4773,9.3387,4.0034,0.474,13.8523
LSA,2021-04-16 13:00:00,0.0,0.0,0.0,0.0,0.0
LSA,2021-04-16 14:00:00,0.0,0.0,0.0,0.0,0.0
LSA,2021-04-16 15:00:00,0.0,0.0,0.0,0.0,0.0
LSA,2021-04-16 16:00:00,0.0,0.0,0.0,0.0,0.0
LSA,2021-04-16 17:00:00,0.0,0.0,0.0,0.0,0.0
LSA,2021-04-16 18:00:00,0.0,0.0,0.0,0.0,0.0
LSA,2021-04-16 19:00:00,0.0,0.0,0.0,0.0,0.0
LSA,2021-04-16 20:00:00,0.0,0.0,0.0,0.0,0.0
LSA,2021-04-16 21:00:00,0.0,0.0,0.0,0.0,0.0
LSA,2021-04-16 22:00:00,0.0,0.0,0.0,0.0,0.0
LSA,2021-04-16 23:00:00,16.2195,74.2239,10.3982,5.8212,37.3491
LSA,2021-04-17 00:00:00,198.9254,554.2311,68.6504,130.275,300.5069
LSA,2021-04-17 01:00:00,456.7164,809.4489,101.3255,355.3909,589.191
LSA,2021-04-17 02:00:00,695.9941,925.8972,115.5561,580.438,845.9904
LSA,2021-04-17 03:00:00,890.6807,983.6774,123.9892,766.6915,1053.4125
LSA,2021-04-17 04:00:00,1026.0096,1010.5014,131.1425,894.8672,1197.3319
LSA,2021-04-17 05:00:00,1092.7363,1021.2178,135.1371,957.5992,1267.9552
LSA,2021-04-17 06:00:00,1086.1401,1020.9615,134.3915,951.7487,1260.488
LSA,2021-04-17 07:00:00,1006.6326,1009.4845,128.907,877.7256,1175.4622
LSA,2021-04-17 08:00:00,859.7164,980.9392,120.1961,739.5203,1018.6978
LSA,2021-04-17 09:00:00,655.7325,922.1811,108.2382,547.4943,800.9065
LSA,2021-04-17 10:00:00,411.4213,802.9943,89.5961,321.8252,536.9583
LSA,2021-04-17 11:00:00,156.2507,515.3155,54.4211,101.8296,244.8667
LSA,2021-04-17 12:00:00,5.5514,29.8486,3.9988,1.5525,14.7361
LSA,2021-04-17 13:00:00,0.0,0.0,0.0,0.0,0.0
LSA,2021-04-17 14:00:00,0.0,0.0,0.0,0.0,0.0
LSA,2021-04-17 15:00:00,0.0,0.0,0.0,0.0,0.0
LSA,2021-04-17 16:00:00,0.0,0.0,0.0,0.0,0.0
LSA,2021-04-17 17:00:00,0.0,0.0,0.0,0.0,0.0
LSA,2021-04-17 18:00:00,0.0,0.0,0.0,0.0,0.0
LSA,2021-04-17 19:00:00,0.0,0.0,0.0,0.0,0.0
LSA,2021-04-17 20:00:00,0.0,0.0,0.0,0.0,0.0
LSA,2021-04-17 21:00:00,0.0,0.0,0.0,0.0,0.0
LSA,2021-04-17 22:00:00,0.0,0.0,0.0,0.0,0.0
LSA,2021-04-17 23:00:00,16.6098,60.5317,11.6653,4.9445,39.9642
LSA,2021-04-18 00:00:00,197.4081,501.625,76.607,120.8011,305.2743
LSA,2021-04-18 01:00:00,457.1329,782.5695,110.4347,346.6983,593.3768
LSA,2021-04-18 02:00:00,699.5105,918.9594,120.4142,579.0963,849.5785
LSA,2021-04-18 03:00:00,896.784,991.028,121.5852,775.1989,1056.4271
LSA,2021-04-18 04:00:00,1033.8485,1029.4199,119.7368,914.1117,1199.837
LSA,2021-04-18 05:00:00,1102.0149,1050.9888,114.295,987.7198,1270.0494
LSA,2021-04-18 06:00:00,1095.2042,1053.8489,110.8206,984.3837,1262.298
LSA,2021-04-18 07:00:00,1014.13,1038.2704,109.5608,904.5692,1177.1339
LSA,2021-04-18 08:00:00,866.0845,1006.6261,105.4953,760.5892,1020.3869
LSA,2021-04-18 09:00:00,661.6709,945.2847,98.8357,562.8351,802.7672
LSA,2021-04-18 10:00:00,416.9049,823.3485,85.4388,331.4661,539.1328
LSA,2021-04-18 11:00:00,160.2181,533.0654,54.0589,106.1592,247.4759
LSA,2021-04-18 12:00:00,6.1,34.5001,4.2824,1.8176,15.6926
LSA,2021-04-18 13:00:00,0.0,0.0,0.0,0.0,0.0
LSA,2021-04-18 14:00:00,0.0,0.0,0.0,0.0,0.0
LSA,2021-04-18 15:00:00,0.0,0.0,0.0,0.0,0.0
LSA,2021-04-18 16:00:00,0.0,0.0,0.0,0.0,0.0
LSA,2021-04-18 17:00:00,0.0,0.0,0.0,0.0,0.0
LSA,2021-04-18 18:00:00,0.0,0.0,0.0,0.0,0.0
LSA,2021-04-18 19:00:00,0.0,0.0,0.0,0.0,0.0
LSA,2021-04-18 20:00:00,0.0,0.0,0.0,0.0,0.0
LSA,2021-04-18 21:00:00,0.0,0.0,0.0,0.0,0.0
LSA,2021-04-18 22:00:00,0.0,0.0,0.0,0.0,0.0
LSA,2021-04-18 23:00:00,20.5162,119.1277,10.8511,9.6652,42.6323
LSA,2021-04-19 00:00:00,216.0882,656.9993,58.936,157.1522,309.9589
LSA,2021-04-19 01:00:00,475.2886,877.8125,84.7675,390.5211,597.4756
LSA,2021-04-19 02:00:00,714.4134,973.1161,98.8822,615.5312,853.078
LSA,2021-04-19 03:00:00,909.9464,1023.7336,106.6446,803.3018,1059.3552
LSA,2021-04-19 04:00:00,1046.6658,1051.9675,110.1853,936.4805,1202.2604
LSA,2021-04-19 05:00:00,1114.4113,1065.392,111.0168,1003.3945,1272.0691
LSA,2021-04-19 06:00:00,1108.8695,1068.2037,109.1601,999.7094,1264.043
LSA,2021-04-19 07:00:00,1031.4489,1061.7552,104.7257,926.7231,1178.7517
LSA,2021-04-19 08:00:00,888.1558,1043.9828,97.8242,790.3317,1022.0338
LSA,2021-04-19 09:00:00,685.3864,1000.5355,88.3563,597.03,804.5972
LSA,2021-04-19 10:00:00,439.014,904.6052,74.0359,364.9781,541.2876
LSA,2021-04-19 11:00:00,176.0271,648.9976,47.8184,128.2087,250.0744
LSA,2021-04-19 12:00:00,7.4893,57.5639,4.4478,3.0415,16.6649
LSA,2021-04-19 13:00:00,0.0,0.0,0.0,0.0,0.0
LSA,2021-04-19 14:00:00,0.0,0.0,0.0,0.0,0.0
LSA,2021-04-19 15:00:00,0.0,0.0,0.0,0.0,0.0
LSA,2021-04-19 16:00:00,0.0,0.0,0.0,0.0,0.0
LSA,2021-04-19 17:00:00,0.0,0.0,0.0,0.0,0.0
LSA,2021-04-19 18:00:00,0.0,0.0,0.0,0.0,0.0
LSA,2021-04-19 19:00:00,0.0,0.0,0.0,0.0,0.0
LSA,2021-04-19 20:00:00,0.0,0.0,0.0,0.0,0.0
LSA,2021-04-19 21:00:00,0.0,0.0,0.0,0.0,0.0
LSA,2021-04-19 22:00:00,0.0,0.0,0.0,0.0,0.0
LSA,2021-04-19 23:00:00,22.0924,124.8856,11.6336,10.4588,45.3488
LSA,2021-04-20 00:00:00,220.8739,664.5861,59.6897,161.1841,314.5591
LSA,2021-04-20 01:00:00,480.282,883.7374,84.3199,395.962,601.4861
LSA,2021-04-20 02:00:00,718.4686,977.933,97.0976,621.371,856.4885
LSA,2021-04-20 03:00:00,911.9889,1024.3914,105.6441,806.3448,1062.1964
LSA,2021-04-20 04:00:00,1046.0524,1046.1064,112.4957,933.5566,1204.6021
LSA,2021-04-20 05:00:00,1111.1439,1053.4916,116.8967,994.2473,1274.0151
LSA,2021-04-20 06:00:00,1103.1393,1050.0837,118.5131,984.6262,1265.7241
LSA,2021-04-20 07:00:00,1022.5721,1035.301,117.1443,905.4278,1180.3168
LSA,2021-04-20 08:00:00,874.5834,1004.1387,112.6089,761.9745,1023.6397
LSA,2021-04-20 09:00:00,671.4583,954.3682,100.3904,571.0678,806.3978
LSA,2021-04-20 10:00:00,429.267,862.461,79.7249,349.5421,543.4232
LSA,2021-04-20 11:00:00,172.5123,621.113,48.717,123.7953,252.6623
LSA,2021-04-20 12:00:00,7.7027,56.9803,4.5726,3.1301,17.644
LSA,2021-04-20 13:00:00,0.0,0.0,0.0,0.0,0.0
LSA,2021-04-20 14:00:00,0.0,0.0,0.0,0.0,0.0
LSA,2021-04-20 15:00:00,0.0,0.0,0.0,0.0,0.0
LSA,2021-04-20 16:00:00,0.0,0.0,0.0,0.0,0.0
LSA,2021-04-20 17:00:00,0.0,0.0,0.0,0.0,0.0
LSA,2021-04-20 18:00:00,0.0,0.0,0.0,0.0,0.0
LSA,2021-04-20 19:00:00,0.0,0.0,0.0,0.0,0.0
LSA,2021-04-20 20:00:00,0.0,0.0,0.0,0.0,0.0
LSA,2021-04-20 21:00:00,0.0,0.0,0.0,0.0,0.0
LSA,2021-04-20 22:00:00,0.0,0.0,0.0,0.0,0.0
LSA,2021-04-20 23:00:00,22.6763,112.7655,12.9312,9.745,48.1519
LSA,2021-04-21 00:00:00,218.3189,606.3544,68.6801,149.6388,319.0732
LSA,2021-04-21 01:00:00,476.1051,829.8445,101.4163,374.6888,605.4072
LSA,2021-04-21 02:00:00,713.9576,930.3058,120.1154,593.8422,859.8094
LSA,2021-04-21 03:00:00,906.5284,977.5626,134.6406,771.8878,1064.951
LSA,2021-04-21 04:00:00,1038.859,995.6149,148.2242,890.6349,1206.8628
LSA,2021-04-21 05:00:00,1102.1592,997.8448,158.5323,943.627,1275.8882
LSA,2021-04-21 06:00:00,1091.0237,983.8385,166.7745,924.2491,1267.3423
LSA,2021-04-21 07:00:00,1006.8206,952.4214,172.1924,834.6281,1181.8303
LSA,2021-04-21 08:00:00,855.7125,899.7567,171.1783,684.5342,1025.2057
LSA,2021-04-21 09:00:00,650.3801,824.3823,155.2162,495.1639,808.1697
LSA,2021-04-21 10:00:00,407.4807,699.2562,121.6929,285.7878,545.5402
LSA,2021-04-21 11:00:00,156.222,421.515,68.8378,87.3842,255.2399
LSA,2021-04-21 12:00:00,6.918,26.4575,5.4018,1.5163,18.6808
LSA,2021-04-21 13:00:00,0.0,0.0,0.0,0.0,0.0
LSA,2021-04-21 14:00:00,0.0,0.0,0.0,0.0,0.0
LSA,2021-04-21 15:00:00,0.0,0.0,0.0,0.0,0.0
LSA,2021-04-21 16:00:00,0.0,0.0,0.0,0.0,0.0
LSA,2021-04-21 17:00:00,0.0,0.0,0.0,0.0,0.0
LSA,2021-04-21 18:00:00,0.0,0.0,0.0,0.0,0.0
LSA,2021-04-21 19:00:00,0.0,0.0,0.0,0.0,0.0
LSA,2021-04-21 20:00:00,0.0,0.0,0.0,0.0,0.0
LSA,2021-04-21 21:00:00,0.0,0.0,0.0,0.0,0.0
LSA,2021-04-21 22:00:00,0.0,0.0,0.0,0.0,0.0
LSA,2021-04-21 23:00:00,22.6729,83.9864,15.0578,7.615,50.9525
LSA,2021-04-22 00:00:00,213.1608,513.2463,83.6885,129.4724,323.4996
LSA,2021-04-22 01:00:00,469.239,750.7228,127.4711,341.7679,609.2379
LSA,2021-04-22 02:00:00,706.3406,864.3593,151.997,554.3436,863.0403
LSA,2021-04-22 03:00:00,898.7664,926.2668,164.9288,733.8376,1067.6189
LSA,2021-04-22 04:00:00,1031.8091,960.7547,170.2321,861.577,1209.0428
LSA,2021-04-22 05:00:00,1096.167,976.7164,170.6808,925.4861,1277.6893
LSA,2021-04-22 06:00:00,1088.0662,977.7618,167.9395,920.1266,1268.8988
LSA,2021-04-22 07:00:00,1008.1743,963.949,162.0733,846.101,1183.2936
LSA,2021-04-22 08:00:00,861.5708,931.4433,151.7751,709.7958,1026.7329
LSA,2021-04-22 09:00:00,660.7656,883.2288,129.406,531.3596,809.914
LSA,2021-04-22 10:00:00,422.2069,798.9394,95.5527,326.6541,547.6395
LSA,2021-04-22 11:00:00,170.8078,572.5549,54.3115,116.4963,257.8076
LSA,2021-04-22 12:00:00,8.4048,55.2322,5.208,3.1968,19.7062
LSA,2021-04-22 13:00:00,0.0,0.0,0.0,0.0,0.0
LSA,2021-04-22 14:00:00,0.0,0.0,0.0,0.0,0.0
LSA,2021-04-22 15:00:00,0.0,0.0,0.0,0.0,0.0
LSA,2021-04-22 16:00:00,0.0,0.0,0.0,0.0,0.0
LSA,2021-04-22 17:00:00,0.0,0.0,0.0,0.0,0.0
LSA,2021-04-22 18:00:00,0.0,0.0,0.0,0.0,0.0
LSA,2021-04-22 19:00:00,0.0,0.0,0.0,0.0,0.0
LSA,2021-04-22 20:00:00,0.0,0.0,0.0,0.0,0.0
LSA,2021-04-22 21:00:00,0.0,0.0,0.0,0.0,0.0
LSA,2021-04-22 22:00:00,0.0,0.0,0.0,0.0,0.0
LSA,2021-04-22 23:00:00,30.0552,211.793,11.5403,18.515,53.7865
LSA,2021-04-23 00:00:00,245.4143,793.7258,47.2303,198.184,327.8368
LSA,2021-04-23 01:00:00,506.2693,968.5609,64.0272,442.2422,612.9772
LSA,2021-04-23 02:00:00,743.973,1042.1243,73.4989,670.4741,866.1807
LSA,2021-04-23 03:00:00,937.5113,1080.5107,79.2136,858.2976,1070.2001
LSA,2021-04-23 04:00:00,1072.1232,1101.1494,82.4759,989.6473,1211.1431
LSA,2021-04-23 05:00:00,1137.7806,1110.0376,83.9742,1053.8065,1279.4193
LSA,2021-04-23 06:00:00,1129.8179,1108.2118,85.126,1044.6919,1270.3949
LSA,2021-04-23 07:00:00,1048.7185,1095.1644,85.8139,962.9047,1184.7076
LSA,2021-04-23 08:00:00,900.0402,1068.5515,84.3145,815.7257,1028.2228
LSA,2021-04-23 09:00:00,694.5919,1020.448,79.0262,615.5657,811.6318
LSA,2021-04-23 10:00:00,448.189,926.41,67.9391,380.2499,549.7217
LSA,2021-04-23 11:00:00,185.5997,685.1429,45.7668,139.8329,260.3656
LSA,2021-04-23 12:00:00,9.7586,76.8659,5.2743,4.4844,20.8076
LSA,2021-04-23 13:00:00,0.0,0.0,0.0,0.0,0.0
LSA,2021-04-23 14:00:00,0.0,0.0,0.0,0.0,0.0
LSA,2021-04-23 15:00:00,0.0,0.0,0.0,0.0,0.0
LSA,2021-04-23 16:00:00,0.0,0.0,0.0,0.0,0.0
LSA,2021-04-23 17:00:00,0.0,0.0,0.0,0.0,0.0
LSA,2021-04-23 18:00:00,0.0,0.0,0.0,0.0,0.0
LSA,2021-04-23 19:00:00,0.0,0.0,0.0,0.0,0.0
LSA,2021-04-23 20:00:00,0.0,0.0,0.0,0.0,0.0
LSA,2021-04-23 21:00:00,0.0,0.0,0.0,0.0,0.0
LSA,2021-04-23 22:00:00,0.0,0.0,0.0,0.0,0.0
LSA,2021-04-23 23:00:00,29.4967,169.2372,13.9414,15.5553,56.6491
LSA,2021-04-24 00:00:00,240.2164,714.5145,58.3228,181.8936,332.0832
LSA,2021-04-24 01:00:00,499.8867,915.7439,78.6491,421.2376,616.6241
LSA,2021-04-24 02:00:00,736.5994,1003.3903,88.2484,648.351,869.2301
LSA,2021-04-24 03:00:00,928.0903,1044.8572,95.7515,832.3388,1072.6948
LSA,2021-04-24 04:00:00,1060.0625,1061.8373,103.6554,956.4071,1213.1638
LSA,2021-04-24 05:00:00,1123.4086,1066.0922,109.4638,1013.9448,1281.0791
LSA,2021-04-24 06:00:00,1113.7687,1061.4559,111.471,1002.2977,1271.8317
LSA,2021-04-24 07:00:00,1031.8556,1047.0284,109.6851,922.1705,1186.0741
LSA,2021-04-24 08:00:00,883.325,1017.3117,105.1264,778.1987,1029.6765
LSA,2021-04-24 09:00:00,680.3717,968.1961,94.7769,585.5948,813.3243
LSA,2021-04-24 10:00:00,438.6498,877.3121,76.9661,361.6837,551.7878
LSA,2021-04-24 11:00:00,181.893,644.7994,48.8962,132.9969,262.9145
LSA,2021-04-24 12:00:00,10.0008,75.3743,5.5448,4.456,21.9255
LSA,2021-04-24 13:00:00,0.0,0.0,0.0,0.0,0.0
LSA,2021-04-24 14:00:00,0.0,0.0,0.0,0.0,0.0
LSA,2021-04-24 15:00:00,0.0,0.0,0.0,0.0,0.0
LSA,2021-04-24 16:00:00,0.0,0.0,0.0,0.0,0.0
LSA,2021-04-24 17:00:00,0.0,0.0,0.0,0.0,0.0
LSA,2021-04-24 18:00:00,0.0,0.0,0.0,0.0,0.0
LSA,2021-04-24 19:00:00,0.0,0.0,0.0,0.0,0.0
LSA,2021-04-24 20:00:00,0.0,0.0,0.0,0.0,0.0
LSA,2021-04-24 21:00:00,0.0,0.0,0.0,0.0,0.0
LSA,2021-04-24 22:00:00,0.0,0.0,0.0,0.0,0.0
LSA,2021-04-24 23:00:00,28.4777,130.0306,16.1467,12.331,59.4962
LSA,2021-04-25 00:00:00,228.7729,587.0435,76.4639,152.3089,336.2374
LSA,2021-04-25 01:00:00,484.1922,796.1794,115.2003,368.9919,620.1777
LSA,2021-04-25 02:00:00,720.3448,893.2573,140.6849,579.6599,872.1882
LSA,2021-04-25 03:00:00,913.2828,948.2393,155.5711,757.7117,1075.1031
LSA,2021-04-25 04:00:00,1047.5653,981.311,161.7022,885.8632,1215.1057
LSA,2021-04-25 05:00:00,1112.9352,996.5786,163.3945,949.5406,1282.6699
LSA,2021-04-25 06:00:00,1103.5404,994.783,162.6593,940.8811,1273.2103
LSA,2021-04-25 07:00:00,1020.1127,975.4979,159.458,860.6547,1187.3943
LSA,2021-04-25 08:00:00,869.8958,936.9514,151.6246,718.2712,1031.0955
LSA,2021-04-25 09:00:00,665.0938,874.0319,134.745,530.3489,814.9925
LSA,2021-04-25 10:00:00,422.549,761.3322,106.5882,315.9608,553.8385
LSA,2021-04-25 11:00:00,169.8113,503.3224,63.2643,106.547,265.4544
LSA,2021-04-25 12:00:00,9.1734,44.3373,6.3815,2.7918,23.0455
LSA,2021-04-25 13:00:00,0.0,0.0,0.0,0.0,0.0
LSA,2021-04-25 14:00:00,0.0,0.0,0.0,0.0,0.0
LSA,2021-04-25 15:00:00,0.0,0.0,0.0,0.0,0.0
LSA,2021-04-25 16:00:00,0.0,0.0,0.0,0.0,0.0
LSA,2021-04-25 17:00:00,0.0,0.0,0.0,0.0,0.0
LSA,2021-04-25 18:00:00,0.0,0.0,0.0,0.0,0.0
LSA,2021-04-25 19:00:00,0.0,0.0,0.0,0.0,0.0
LSA,2021-04-25 20:00:00,0.0,0.0,0.0,0.0,0.0
LSA,2021-04-25 21:00:00,0.0,0.0,0.0,0.0,0.0
LSA,2021-04-25 22:00:00,0.0,0.0,0.0,0.0,0.0
LSA,2021-04-25 23:00:00,28.5787,108.9306,17.7077,10.871,62.4044
LSA,2021-04-26 00:00:00,227.7076,553.3232,81.7456,145.9621,340.2978
LSA,2021-04-26 01:00:00,483.7293,780.1567,119.6685,364.0609,623.6371
LSA,2021-04-26 02:00:00,720.6121,889.7184,140.8943,579.7178,875.0546
LSA,2021-04-26 03:00:00,913.0618,950.2385,151.6906,761.3713,1077.4254
LSA,2021-04-26 04:00:00,1045.7524,984.5465,155.118,890.6345,1216.9696
LSA,2021-04-26 05:00:00,1109.6238,1001.0744,154.1494,955.4744,1284.1926
LSA,2021-04-26 06:00:00,1101.4125,1006.3232,148.1528,953.2596,1274.5322
LSA,2021-04-26 07:00:00,1021.9747,1000.8855,137.6163,884.3583,1188.6694
LSA,2021-04-26 08:00:00,876.2129,979.4927,124.172,752.0409,1032.481
LSA,2021-04-26 09:00:00,675.2867,933.0402,107.9625,567.3242,816.6376
LSA,2021-04-26 10:00:00,434.9644,836.2222,87.0616,347.9028,555.8746
LSA,2021-04-26 11:00:00,180.3814,591.627,55.1834,125.198,267.9859
LSA,2021-04-26 12:00:00,10.4862,62.7677,6.5111,3.975,24.2286
LSA,2021-04-26 13:00:00,0.0,0.0,0.0,0.0,0.0
LSA,2021-04-26 14:00:00,0.0,0.0,0.0,0.0,0.0
LSA,2021-04-26 15:00:00,0.0,0.0,0.0,0.0,0.0
LSA,2021-04-26 16:00:00,0.0,0.0,0.0,0.0,0.0
LSA,2021-04-26 17:00:00,0.0,0.0,0.0,0.0,0.0
LSA,2021-04-26 18:00:00,0.0,0.0,0.0,0.0,0.0
LSA,2021-04-26 19:00:00,0.0,0.0,0.0,0.0,0.0
LSA,2021-04-26 20:00:00,0.0,0.0,0.0,0.0,0.0
LSA,2021-04-26 21:00:00,0.0,0.0,0.0,0.0,0.0
LSA,2021-04-26 22:00:00,0.0,0.0,0.0,0.0,0.0
LSA,2021-04-26 23:00:00,27.5739,74.7523,19.8832,7.6907,65.327
LSA,2021-04-27 00:00:00,215.7628,424.7719,101.4355,114.3272,344.263
LSA,2021-04-27 01:00:00,466.7324,649.2818,161.414,305.3184,627.0013
LSA,2021-04-27 02:00:00,701.9992,766.2165,200.6643,501.3349,877.8291
LSA,2021-04-27 03:00:00,894.093,832.9374,224.8389,669.254,1079.6617
LSA,2021-04-27 04:00:00,1027.174,871.3847,237.2954,789.8786,1218.7562
LSA,2021-04-27 05:00:00,1090.9543,887.9402,242.0464,848.908,1285.6484
LSA,2021-04-27 06:00:00,1082.0811,889.1378,238.5199,843.5611,1275.7988
LSA,2021-04-27 07:00:00,1001.321,874.769,227.0775,774.2435,1189.9011
LSA,2021-04-27 08:00:00,853.5236,838.3206,208.4153,645.1083,1033.8345
LSA,2021-04-27 09:00:00,650.1318,769.535,180.4809,469.6509,818.2609
LSA,2021-04-27 10:00:00,408.5558,640.4873,139.7863,268.7695,557.897
LSA,2021-04-27 11:00:00,160.964,377.0517,78.3254,82.6385,270.5094
LSA,2021-04-27 12:00:00,9.3488,29.5775,7.3947,1.9541,25.3946
LSA,2021-04-27 13:00:00,0.0,0.0,0.0,0.0,0.0
LSA,2021-04-27 14:00:00,0.0,0.0,0.0,0.0,0.0
LSA,2021-04-27 15:00:00,0.0,0.0,0.0,0.0,0.0
LSA,2021-04-27 16:00:00,0.0,0.0,0.0,0.0,0.0
LSA,2021-04-27 17:00:00,0.0,0.0,0.0,0.0,0.0
LSA,2021-04-27 18:00:00,0.0,0.0,0.0,0.0,0.0
LSA,2021-04-27 19:00:00,0.0,0.0,0.0,0.0,0.0
LSA,2021-04-27 20:00:00,0.0,0.0,0.0,0.0,0.0
LSA,2021-04-27 21:00:00,0.0,0.0,0.0,0.0,0.0
LSA,2021-04-27 22:00:00,0.0,0.0,0.0,0.0,0.0
LSA,2021-04-27 23:00:00,30.7299,100.6889,20.1709,10.5589,68.2587
LSA,2021-04-28 00:00:00,230.7259,518.0969,90.5404,140.1854,348.1318
LSA,2021-04-28 01:00:00,487.3668,750.7305,132.7377,354.6291,630.2697
LSA,2021-04-28 02:00:00,725.1129,867.5695,155.59,569.5229,880.5115
LSA,2021-04-28 03:00:00,918.067,930.4841,168.6926,749.3745,1081.8126
LSA,2021-04-28 04:00:00,1051.2103,963.4906,176.1927,875.0176,1220.4662
LSA,2021-04-28 05:00:00,1115.3671,977.9625,178.8873,936.4798,1287.0383
LSA,2021-04-28 06:00:00,1106.8735,982.2607,173.604,933.2695,1277.0112
LSA,2021-04-28 07:00:00,1026.5885,977.4287,160.271,866.3176,1191.0907
LSA,2021-04-28 08:00:00,879.8771,955.751,143.3613,736.5159,1035.1571
LSA,2021-04-28 09:00:00,677.4949,907.6108,122.8018,554.6931,819.8633
LSA,2021-04-28 10:00:00,435.9377,808.3295,96.7524,339.1853,559.9066
LSA,2021-04-28 11:00:00,181.9232,568.3365,59.45,122.4732,273.0251
LSA,2021-04-28 12:00:00,11.4834,64.7708,7.1983,4.2851,26.6429
LSA,2021-04-28 13:00:00,0.0,0.0,0.0,0.0,0.0
LSA,2021-04-28 14:00:00,0.0,0.0,0.0,0.0,0.0
LSA,2021-04-28 15:00:00,0.0,0.0,0.0,0.0,0.0
LSA,2021-04-28 16:00:00,0.0,0.0,0.0,0.0,0.0
LSA,2021-04-28 17:00:00,0.0,0.0,0.0,0.0,0.0
LSA,2021-04-28 18:00:00,0.0,0.0,0.0,0.0,0.0
LSA,2021-04-28 19:00:00,0.0,0.0,0.0,0.0,0.0
LSA,2021-04-28 20:00:00,0.0,0.0,0.0,0.0,0.0
LSA,2021-04-28 21:00:00,0.0,0.0,0.0,0.0,0.0
LSA,2021-04-28 22:00:00,0.0,0.0,0.0,0.0,0.0
LSA,2021-04-28 23:00:00,37.2918,175.3318,19.2698,18.0221,71.1941
LSA,2021-04-29 00:00:00,254.98,667.4906,74.4711,180.509,351.9028
LSA,2021-04-29 01:00:00,517.9268,877.697,101.8389,416.088,633.4416
LSA,2021-04-29 02:00:00,757.7792,976.794,114.6836,643.0956,883.1017
LSA,2021-04-29 03:00:00,948.5788,1020.9228,124.6621,823.9167,1083.8783
LSA,2021-04-29 04:00:00,1075.6582,1033.4532,135.4746,940.1836,1222.1005
LSA,2021-04-29 05:00:00,1133.0946,1031.937,143.4156,989.6791,1288.3636
LSA,2021-04-29 06:00:00,1115.7716,1011.4034,153.3248,962.4468,1278.1711
LSA,2021-04-29 07:00:00,1027.3617,972.2726,164.0631,863.2986,1192.2397
LSA,2021-04-29 08:00:00,873.2484,913.9177,167.2371,706.0113,1036.4504
LSA,2021-04-29 09:00:00,665.02,829.8785,156.0253,508.9946,821.4461
LSA,2021-04-29 10:00:00,419.9644,692.2416,127.1989,292.7655,561.9039
LSA,2021-04-29 11:00:00,168.1239,416.1617,75.6526,92.4713,275.5334
LSA,2021-04-29 12:00:00,10.6293,38.069,8.0452,2.5841,27.9085
LSA,2021-04-29 13:00:00,0.0,0.0,0.0,0.0,0.0
LSA,2021-04-29 14:00:00,0.0,0.0,0.0,0.0,0.0
LSA,2021-04-29 15:00:00,0.0,0.0,0.0,0.0,0.0
LSA,2021-04-29 16:00:00,0.0,0.0,0.0,0.0,0.0
LSA,2021-04-29 17:00:00,0.0,0.0,0.0,0.0,0.0
LSA,2021-04-29 18:00:00,0.0,0.0,0.0,0.0,0.0
LSA,2021-04-29 19:00:00,0.0,0.0,0.0,0.0,0.0
LSA,2021-04-29 20:00:00,0.0,0.0,0.0,0.0,0.0
LSA,2021-04-29 21:00:00,0.0,0.0,0.0,0.0,0.0
LSA,2021-04-29 22:00:00,0.0,0.0,0.0,0.0,0.0
LSA,2021-04-29 23:00:00,39.773,217.6706,17.2558,22.5172,74.1278
LSA,2021-04-30 00:00:00,255.7389,714.8707,61.7585,193.9804,355.575
LSA,2021-04-30 01:00:00,507.7306,882.8842,87.4844,420.2462,636.5162
LSA,2021-04-30 02:00:00,737.2449,956.8813,105.4111,631.8339,885.5995
LSA,2021-04-30 03:00:00,923.5256,993.9752,119.4144,804.1112,1085.8593
LSA,2021-04-30 04:00:00,1052.2125,1011.1566,130.6255,921.587,1223.6598
LSA,2021-04-30 05:00:00,1113.5469,1014.3574,139.2555,974.2914,1289.6255
LSA,2021-04-30 06:00:00,1103.2462,1009.8174,141.0516,962.1946,1279.2795
LSA,2021-04-30 07:00:00,1022.0355,996.8409,135.8477,886.1878,1193.3495
LSA,2021-04-30 08:00:00,875.5308,967.3817,127.3369,748.1939,1037.7157
LSA,2021-04-30 09:00:00,674.9074,913.2156,114.0091,560.8983,823.0103
LSA,2021-04-30 10:00:00,435.8647,809.5569,93.3384,342.5263,563.8897
LSA,2021-04-30 11:00:00,183.8503,567.7156,59.3589,124.4914,278.0344
LSA,2021-04-30 12:00:00,12.536,69.6618,7.7349,4.8011,29.1683
LSA,2021-04-30 13:00:00,0.0,0.0,0.0,0.0,0.0
LSA,2021-04-30 14:00:00,0.0,0.0,0.0,0.0,0.0
LSA,2021-04-30 15:00:00,0.0,0.0,0.0,0.0,0.0
LSA,2021-04-30 16:00:00,0.0,0.0,0.0,0.0,0.0
LSA,2021-04-30 17:00:00,0.0,0.0,0.0,0.0,0.0
LSA,2021-04-30 18:00:00,0.0,0.0,0.0,0.0,0.0
LSA,2021-04-30 19:00:00,0.0,0.0,0.0,0.0,0.0
LSA,2021-04-30 20:00:00,0.0,0.0,0.0,0.0,0.0
LSA,2021-04-30 21:00:00,0.0,0.0,0.0,0.0,0.0
LSA,2021-04-30 22:00:00,0.0,0.0,0.0,0.0,0.0
LSA,2021-04-30 23:00:00,35.2664,112.4434,22.8332,12.4332,77.0545
LSA,2021-05-01 00:00:00,237.8679,516.6219,93.8588,144.0091,359.1471
LSA,2021-05-01 01:00:00,491.2497,742.7755,134.7506,356.4991,639.4933
LSA,2021-05-01 02:00:00,724.5918,858.5641,155.2946,569.2972,888.0051
LSA,2021-05-01 03:00:00,913.0408,917.9391,168.6098,744.431,1087.7561
LSA,2021-05-01 04:00:00,1042.4072,944.7594,179.7894,862.6179,1225.1453
LSA,2021-05-01 05:00:00,1104.1989,953.8615,186.6765,917.5223,1290.8251
LSA,2021-05-01 06:00:00,1093.6854,947.88,189.2658,904.4197,1280.3381
LSA,2021-05-01 07:00:00,1011.6465,925.9348,187.2335,824.4131,1194.4214
LSA,2021-05-01 08:00:00,864.195,883.6581,179.3664,684.8286,1038.9542
LSA,2021-05-01 09:00:00,662.9738,817.1624,159.6203,503.3536,824.5569
LSA,2021-05-01 10:00:00,424.4005,701.2314,125.9315,298.469,565.8647
LSA,2021-05-01 11:00:00,175.5911,448.1894,75.084,100.5071,280.5284
LSA,2021-05-01 12:00:00,12.0214,42.3857,8.9444,3.077,30.4992
LSA,2021-05-01 13:00:00,0.0,0.0,0.0,0.0,0.0
LSA,2021-05-01 14:00:00,0.0,0.0,0.0,0.0,0.0
LSA,2021-05-01 15:00:00,0.0,0.0,0.0,0.0,0.0
LSA,2021-05-01 16:00:00,0.0,0.0,0.0,0.0,0.0
LSA,2021-05-01 17:00:00,0.0,0.0,0.0,0.0,0.0
LSA,2021-05-01 18:00:00,0.0,0.0,0.0,0.0,0.0
LSA,2021-05-01 19:00:00,0.0,0.0,0.0,0.0,0.0
LSA,2021-05-01 20:00:00,0.0,0.0,0.0,0.0,0.0
LSA,2021-05-01 21:00:00,0.0,0.0,0.0,0.0,0.0
LSA,2021-05-01 22:00:00,0.0,0.0,0.0,0.0,0.0
LSA,2021-05-01 23:00:00,35.7552,94.7367,24.9624,10.7928,79.9686
LSA,2021-05-02 00:00:00,238.3829,486.2665,100.5275,137.8553,362.6183
LSA,2021-05-02 01:00:00,495.5956,751.0969,132.7045,362.8911,642.3723
LSA,2021-05-02 02:00:00,731.6481,902.8889,130.7117,600.9364,890.3185
LSA,2021-05-02 03:00:00,920.4818,979.9995,123.9562,796.5255,1089.5693
LSA,2021-05-02 04:00:00,1049.3566,1013.1947,122.67,926.6866,1226.5579
LSA,2021-05-02 05:00:00,1111.4156,1031.0647,118.2269,993.1888,1291.9636
LSA,2021-05-02 06:00:00,1102.2931,1036.1224,112.4274,989.8657,1281.3483
LSA,2021-05-02 07:00:00,1022.8519,1029.2032,105.3902,917.4616,1195.4568
LSA,2021-05-02 08:00:00,879.1097,1008.8959,96.3065,782.8032,1040.1671
LSA,2021-05-02 09:00:00,681.6564,964.4619,86.6432,595.0131,826.0869
LSA,2021-05-02 10:00:00,445.6022,872.4198,73.9978,371.6044,567.8293
LSA,2021-05-02 11:00:00,194.2968,649.675,50.6421,143.6548,283.0154
LSA,2021-05-02 12:00:00,14.6023,92.7312,7.9867,6.6156,31.8475
LSA,2021-05-02 13:00:00,0.0,0.0,0.0,0.0,0.0
LSA,2021-05-02 14:00:00,0.0,0.0,0.0,0.0,0.0
LSA,2021-05-02 15:00:00,0.0,0.0,0.0,0.0,0.0
LSA,2021-05-02 16:00:00,0.0,0.0,0.0,0.0,0.0
LSA,2021-05-02 17:00:00,0.0,0.0,0.0,0.0,0.0
LSA,2021-05-02 18:00:00,0.0,0.0,0.0,0.0,0.0
LSA,2021-05-02 19:00:00,0.0,0.0,0.0,0.0,0.0
LSA,2021-05-02 20:00:00,0.0,0.0,0.0,0.0,0.0
LSA,2021-05-02 21:00:00,0.0,0.0,0.0,0.0,0.0
LSA,2021-05-02 22:00:00,0.0,0.0,0.0,0.0,0.0
LSA,2021-05-02 23:00:00,36.1802,86.5063,26.1295,10.0507,82.8647
LSA,2021-05-03 00:00:00,234.8206,439.1331,109.1715,125.6491,365.9877
LSA,2021-05-03 01:00:00,488.2129,680.7672,157.7273,330.4856,645.1528
LSA,2021-05-03 02:00:00,722.4412,814.6717,178.6578,543.7835,892.54
LSA,2021-05-03 03:00:00,912.3575,897.3621,181.1651,731.1924,1091.2997
LSA,2021-05-03 04:00:00,1043.8116,952.9914,170.6468,873.1649,1227.8986
LSA,2021-05-03 05:00:00,1107.7117,990.2017,152.5683,955.1434,1293.0426
LSA,2021-05-03 06:00:00,1099.231,1002.954,139.8348,959.3962,1282.3112
LSA,2021-05-03 07:00:00,1019.4077,992.5476,133.3905,886.0171,1196.4572
LSA,2021-05-03 08:00:00,875.1502,966.3489,124.0196,751.1306,1041.3555
LSA,2021-05-03 09:00:00,676.2388,911.5583,112.2937,563.9451,827.6009
LSA,2021-05-03 10:00:00,438.4011,802.212,94.8192,343.5818,569.784
LSA,2021-05-03 11:00:00,187.7435,556.2315,62.3912,125.3523,285.4953
LSA,2021-05-03 12:00:00,14.1602,68.8001,9.0597,5.1005,33.1996
LSA,2021-05-03 13:00:00,0.0,0.0,0.0,0.0,0.0
LSA,2021-05-03 14:00:00,0.0,0.0,0.0,0.0,0.0
LSA,2021-05-03 15:00:00,0.0,0.0,0.0,0.0,0.0
LSA,2021-05-03 16:00:00,0.0,0.0,0.0,0.0,0.0
LSA,2021-05-03 17:00:00,0.0,0.0,0.0,0.0,0.0
LSA,2021-05-03 18:00:00,0.0,0.0,0.0,0.0,0.0
LSA,2021-05-03 19:00:00,0.0,0.0,0.0,0.0,0.0
LSA,2021-05-03 20:00:00,0.0,0.0,0.0,0.0,0.0
LSA,2021-05-03 21:00:00,0.0,0.0,0.0,0.0,0.0
LSA,2021-05-03 22:00:00,0.0,0.0,0.0,0.0,0.0
LSA,2021-05-03 23:00:00,40.43,128.0504,25.4827,14.9473,85.7373
LSA,2021-05-04 00:00:00,250.2556,557.5659,90.3046,159.951,369.2546
LSA,2021-05-04 01:00:00,505.9861,810.8096,111.0932,394.8929,647.8349
LSA,2021-05-04 02:00:00,738.4816,944.2658,106.6062,631.8754,894.67
LSA,2021-05-04 03:00:00,923.824,1005.129,103.7041,820.1199,1092.948
LSA,2021-05-04 04:00:00,1049.5144,1022.9597,111.0382,938.4761,1229.1685
LSA,2021-05-04 05:00:00,1109.056,1028.1053,116.1186,992.9374,1294.0631
LSA,2021-05-04 06:00:00,1098.3582,1022.9677,118.6031,979.7551,1283.2283
LSA,2021-05-04 07:00:00,1018.1503,1006.7065,118.2711,899.8792,1197.4237
LSA,2021-05-04 08:00:00,873.8674,974.6216,115.0079,758.8595,1042.5206
LSA,2021-05-04 09:00:00,676.0994,918.1066,106.8445,569.2549,829.0999
LSA,2021-05-04 10:00:00,440.2448,812.7567,90.9152,349.3295,571.7291
LSA,2021-05-04 11:00:00,190.7108,573.443,60.7252,129.9857,287.9678
LSA,2021-05-04 12:00:00,15.1756,80.1568,9.2273,5.9483,34.6122
LSA,2021-05-04 13:00:00,0.0,0.0,0.0,0.0,0.0
LSA,2021-05-04 14:00:00,0.0,0.0,0.0,0.0,0.0
LSA,2021-05-04 15:00:00,0.0,0.0,0.0,0.0,0.0
LSA,2021-05-04 16:00:00,0.0,0.0,0.0,0.0,0.0
LSA,2021-05-04 17:00:00,0.0,0.0,0.0,0.0,0.0
LSA,2021-05-04 18:00:00,0.0,0.0,0.0,0.0,0.0
LSA,2021-05-04 19:00:00,0.0,0.0,0.0,0.0,0.0
LSA,2021-05-04 20:00:00,0.0,0.0,0.0,0.0,0.0
LSA,2021-05-04 21:00:00,0.0,0.0,0.0,0.0,0.0
LSA,2021-05-04 22:00:00,0.0,0.0,0.0,0.0,0.0
LSA,2021-05-04 23:00:00,47.1589,222.3391,21.7658,25.3932,88.5549
LSA,2021-05-05 00:00:00,265.639,690.9977,69.0005,196.6385,372.4185
LSA,2021-05-05 01:00:00,514.0805,856.0624,96.6308,417.4497,650.4185
LSA,2021-05-05 02:00:00,739.9407,931.2358,115.7066,624.2341,896.7088
LSA,2021-05-05 03:00:00,923.4067,975.1204,126.1015,797.3052,1094.515
LSA,2021-05-05 04:00:00,1050.3115,1003.058,128.6756,921.6359,1230.3687
LSA,2021-05-05 05:00:00,1110.9841,1016.2544,128.2554,982.7287,1295.0266
LSA,2021-05-05 06:00:00,1101.1161,1018.4931,124.5153,976.6008,1284.101
LSA,2021-05-05 07:00:00,1021.546,1009.907,117.7111,903.8348,1198.3577
LSA,2021-05-05 08:00:00,878.1514,986.9089,108.6229,769.5285,1043.6633
LSA,2021-05-05 09:00:00,681.0375,938.8493,97.7142,583.3234,830.5844
LSA,2021-05-05 10:00:00,445.6802,842.402,82.5031,363.1771,573.6647
LSA,2021-05-05 11:00:00,196.2164,617.3828,55.858,140.3584,290.4328
LSA,2021-05-05 12:00:00,16.2042,89.6609,9.3472,6.857,36.0072
LSA,2021-05-05 13:00:00,0.0,0.0,0.0,0.0,0.0
LSA,2021-05-05 14:00:00,0.0,0.0,0.0,0.0,0.0
LSA,2021-05-05 15:00:00,0.0,0.0,0.0,0.0,0.0
LSA,2021-05-05 16:00:00,0.0,0.0,0.0,0.0,0.0
LSA,2021-05-05 17:00:00,0.0,0.0,0.0,0.0,0.0
LSA,2021-05-05 18:00:00,0.0,0.0,0.0,0.0,0.0
LSA,2021-05-05 19:00:00,0.0,0.0,0.0,0.0,0.0
LSA,2021-05-05 20:00:00,0.0,0.0,0.0,0.0,0.0
LSA,2021-05-05 21:00:00,0.0,0.0,0.0,0.0,0.0
LSA,2021-05-05 22:00:00,0.0,0.0,0.0,0.0,0.0
LSA,2021-05-05 23:00:00,47.7893,209.3213,23.3358,24.4536,91.381
LSA,2021-05-06 00:00:00,266.2719,671.3283,73.2516,193.0203,375.4789
LSA,2021-05-06 01:00:00,516.054,848.1691,100.4943,415.5596,652.9034
LSA,2021-05-06 02:00:00,743.5334,931.8594,117.116,626.4174,898.657
LSA,2021-05-06 03:00:00,927.6794,976.4989,127.8206,799.8588,1096.0016
LSA,2021-05-06 04:00:00,1054.3385,999.6851,134.5277,919.8108,1231.5004
LSA,2021-05-06 05:00:00,1114.6937,1008.4306,138.3696,976.3242,1295.9343
LSA,2021-05-06 06:00:00,1104.4403,1009.3657,135.4905,968.9498,1284.9305
LSA,2021-05-06 07:00:00,1024.4657,1002.5492,126.1061,898.3596,1199.2601
LSA,2021-05-06 08:00:00,880.7148,981.3048,114.3742,766.3407,1044.7847
LSA,2021-05-06 09:00:00,683.808,936.8901,100.4665,583.3414,832.0551
LSA,2021-05-06 10:00:00,449.1519,847.6818,82.4797,366.6722,575.5911
LSA,2021-05-06 11:00:00,200.1842,637.5955,54.5945,145.5897,292.8896
LSA,2021-05-06 12:00:00,17.2166,98.5776,9.5405,7.676,37.4825
LSA,2021-05-06 13:00:00,0.0,0.0,0.0,0.0,0.0
LSA,2021-05-06 14:00:00,0.0,0.0,0.0,0.0,0.0
LSA,2021-05-06 15:00:00,0.0,0.0,0.0,0.0,0.0
LSA,2021-05-06 16:00:00,0.0,0.0,0.0,0.0,0.0
LSA,2021-05-06 17:00:00,0.0,0.0,0.0,0.0,0.0
LSA,2021-05-06 18:00:00,0.0,0.0,0.0,0.0,0.0
LSA,2021-05-06 19:00:00,0.0,0.0,0.0,0.0,0.0
LSA,2021-05-06 20:00:00,0.0,0.0,0.0,0.0,0.0
LSA,2021-05-06 21:00:00,0.0,0.0,0.0,0.0,0.0
LSA,2021-05-06 22:00:00,0.0,0.0,0.0,0.0,0.0
LSA,2021-05-06 23:00:00,43.3212,131.346,27.2231,16.0981,94.1687
LSA,2021-05-07 00:00:00,251.2594,537.6397,93.5631,157.6963,378.4355
LSA,2021-05-07 01:00:00,502.5276,765.5764,124.9433,377.5843,655.2902
LSA,2021-05-07 02:00:00,732.9095,886.9278,134.7101,598.1995,900.5154
LSA,2021-05-07 03:00:00,918.8507,949.7017,139.4735,779.3772,1097.4089
LSA,2021-05-07 04:00:00,1046.9127,979.2793,144.618,902.2947,1232.5651
LSA,2021-05-07 05:00:00,1108.8436,993.0715,146.2747,962.5689,1296.7877
LSA,2021-05-07 06:00:00,1100.1761,994.9669,143.9836,956.1926,1285.7184
LSA,2021-05-07 07:00:00,1021.4717,984.5199,138.1573,883.3145,1200.1326
LSA,2021-05-07 08:00:00,878.3723,957.8632,129.0977,749.2746,1045.8854
LSA,2021-05-07 09:00:00,680.6697,904.5325,116.0136,564.6561,833.5123
LSA,2021-05-07 10:00:00,444.4518,800.5154,96.4275,348.0243,577.5081
LSA,2021-05-07 11:00:00,195.3254,567.3765,63.5965,131.7289,295.3379
LSA,2021-05-07 12:00:00,17.0895,84.8754,10.4102,6.6793,38.9737
LSA,2021-05-07 13:00:00,0.0,0.0,0.0,0.0,0.0
LSA,2021-05-07 14:00:00,0.0,0.0,0.0,0.0,0.0
LSA,2021-05-07 15:00:00,0.0,0.0,0.0,0.0,0.0
LSA,2021-05-07 16:00:00,0.0,0.0,0.0,0.0,0.0
LSA,2021-05-07 17:00:00,0.0,0.0,0.0,0.0,0.0
LSA,2021-05-07 18:00:00,0.0,0.0,0.0,0.0,0.0
LSA,2021-05-07 19:00:00,0.0,0.0,0.0,0.0,0.0
LSA,2021-05-07 20:00:00,0.0,0.0,0.0,0.0,0.0
LSA,2021-05-07 21:00:00,0.0,0.0,0.0,0.0,0.0
LSA,2021-05-07 22:00:00,0.0,0.0,0.0,0.0,0.0
LSA,2021-05-07 23:00:00,45.3452,134.2085,28.7324,16.6128,96.9126
LSA,2021-05-08 00:00:00,255.7203,539.6011,96.0718,159.6485,381.2882
LSA,2021-05-08 01:00:00,508.9639,780.0974,122.5459,386.418,657.579
LSA,2021-05-08 02:00:00,740.2987,912.1443,123.4932,616.8055,902.2845
LSA,2021-05-08 03:00:00,925.5078,975.2725,123.8814,801.6263,1098.7382
LSA,2021-05-08 04:00:00,1051.6672,997.9897,130.9801,920.6872,1233.5638
LSA,2021-05-08 05:00:00,1111.8782,1006.3204,135.3992,976.4789,1297.588
LSA,2021-05-08 06:00:00,1101.2667,1003.5413,135.7913,965.4753,1286.4658
LSA,2021-05-08 07:00:00,1020.6943,989.1997,132.0984,888.5959,1200.9757
LSA,2021-05-08 08:00:00,876.6136,958.8997,125.3482,751.2655,1046.9664
LSA,2021-05-08 09:00:00,680.1748,902.11,115.7291,564.4457,834.9564
LSA,2021-05-08 10:00:00,445.8412,793.4511,99.4728,346.3684,579.4155
LSA,2021-05-08 11:00:00,197.0702,554.5609,67.0475,130.0227,297.7769
LSA,2021-05-08 12:00:00,17.8333,82.6826,11.1767,6.6566,40.4539
LSA,2021-05-08 13:00:00,0.0,0.0,0.0,0.0,0.0
LSA,2021-05-08 14:00:00,0.0,0.0,0.0,0.0,0.0
LSA,2021-05-08 15:00:00,0.0,0.0,0.0,0.0,0.0
LSA,2021-05-08 16:00:00,0.0,0.0,0.0,0.0,0.0
LSA,2021-05-08 17:00:00,0.0,0.0,0.0,0.0,0.0
LSA,2021-05-08 18:00:00,0.0,0.0,0.0,0.0,0.0
LSA,2021-05-08 19:00:00,0.0,0.0,0.0,0.0,0.0
LSA,2021-05-08 20:00:00,0.0,0.0,0.0,0.0,0.0
LSA,2021-05-08 21:00:00,0.0,0.0,0.0,0.0,0.0
LSA,2021-05-08 22:00:00,0.0,0.0,0.0,0.0,0.0
LSA,2021-05-08 23:00:00,52.7461,230.9119,24.8293,27.9168,99.5782
LSA,2021-05-09 00:00:00,274.0975,687.5559,71.7594,202.3382,384.0368
LSA,2021-05-09 01:00:00,524.0823,870.1077,92.6548,431.4275,659.7704
LSA,2021-05-09 02:00:00,750.9803,958.4017,101.9434,649.0369,903.9655
LSA,2021-05-09 03:00:00,934.3457,1004.3042,107.5372,826.8085,1099.9902
LSA,2021-05-09 04:00:00,1060.5291,1026.8328,112.0596,948.4695,1234.498
LSA,2021-05-09 05:00:00,1120.8119,1036.1215,114.349,1006.463,1298.3369
LSA,2021-05-09 06:00:00,1110.1973,1033.8865,114.501,995.6963,1287.1741
LSA,2021-05-09 07:00:00,1029.5089,1019.6749,112.4853,917.0236,1201.7909
LSA,2021-05-09 08:00:00,885.2311,990.65,107.9682,777.2629,1048.0283
LSA,2021-05-09 09:00:00,687.8905,936.1321,100.9596,586.931,836.3877
LSA,2021-05-09 10:00:00,452.4659,831.6341,88.2952,364.1706,581.3132
LSA,2021-05-09 11:00:00,202.4803,598.3559,61.6138,140.8665,300.2057
LSA,2021-05-09 12:00:00,18.9993,95.7492,11.1828,7.8165,42.0038
LSA,2021-05-09 13:00:00,0.0,0.0,0.0,0.0,0.0
LSA,2021-05-09 14:00:00,0.0,0.0,0.0,0.0,0.0
LSA,2021-05-09 15:00:00,0.0,0.0,0.0,0.0,0.0
LSA,2021-05-09 16:00:00,0.0,0.0,0.0,0.0,0.0
LSA,2021-05-09 17:00:00,0.0,0.0,0.0,0.0,0.0
LSA,2021-05-09 18:00:00,0.0,0.0,0.0,0.0,0.0
LSA,2021-05-09 19:00:00,0.0,0.0,0.0,0.0,0.0
LSA,2021-05-09 20:00:00,0.0,0.0,0.0,0.0,0.0
LSA,2021-05-09 21:00:00,0.0,0.0,0.0,0.0,0.0
LSA,2021-05-09 22:00:00,0.0,0.0,0.0,0.0,0.0
LSA,2021-05-09 23:00:00,53.1217,214.9947,26.5748,26.5469,102.2419
LSA,2021-05-10 00:00:00,273.3245,662.2346,76.7714,196.5531,386.6823
LSA,2021-05-10 01:00:00,522.6096,850.8007,99.0869,423.5227,661.8654
LSA,2021-05-10 02:00:00,748.8195,943.9159,108.095,640.7245,905.5594
LSA,2021-05-10 03:00:00,930.6701,987.6304,116.4094,814.2606,1101.167
LSA,2021-05-10 04:00:00,1054.7294,1002.5677,127.6227,927.1066,1235.3695
LSA,2021-05-10 05:00:00,1113.1274,1004.2654,136.6322,976.4953,1299.0358
LSA,2021-05-10 06:00:00,1102.6924,1003.0139,135.7949,966.8976,1287.8447
LSA,2021-05-10 07:00:00,1024.2645,998.6475,125.2074,899.0571,1202.5793
LSA,2021-05-10 08:00:00,882.5614,980.2349,112.4677,770.0937,1049.0721
LSA,2021-05-10 09:00:00,687.816,934.9256,100.4716,587.3444,837.8066
LSA,2021-05-10 10:00:00,454.7009,838.9465,86.1726,368.5283,583.201
LSA,2021-05-10 11:00:00,206.235,619.2352,59.7903,146.4447,302.6241
LSA,2021-05-10 12:00:00,19.9109,100.157,11.4771,8.4338,43.5673
LSA,2021-05-10 13:00:00,0.0,0.0,0.0,0.0,0.0
LSA,2021-05-10 14:00:00,0.0,0.0,0.0,0.0,0.0
LSA,2021-05-10 15:00:00,0.0,0.0,0.0,0.0,0.0
LSA,2021-05-10 16:00:00,0.0,0.0,0.0,0.0,0.0
LSA,2021-05-10 17:00:00,0.0,0.0,0.0,0.0,0.0
LSA,2021-05-10 18:00:00,0.0,0.0,0.0,0.0,0.0
LSA,2021-05-10 19:00:00,0.0,0.0,0.0,0.0,0.0
LSA,2021-05-10 20:00:00,0.0,0.0,0.0,0.0,0.0
LSA,2021-05-10 21:00:00,0.0,0.0,0.0,0.0,0.0
LSA,2021-05-10 22:00:00,0.0,0.0,0.0,0.0,0.0
LSA,2021-05-10 23:00:00,49.8783,153.514,30.1452,19.7331,104.848
LSA,2021-05-11 00:00:00,263.3551,567.1328,92.5098,170.8452,389.2233
LSA,2021-05-11 01:00:00,513.6053,790.2125,118.2603,395.3451,663.8635
LSA,2021-05-11 02:00:00,741.5739,907.0064,124.2902,617.2837,907.0667
LSA,2021-05-11 03:00:00,924.7999,967.8578,125.5,799.2999,1102.2688
LSA,2021-05-11 04:00:00,1050.0447,996.9499,127.0142,923.0305,1236.1788
LSA,2021-05-11 05:00:00,1109.7142,1011.1074,125.5918,984.1224,1299.6855
LSA,2021-05-11 06:00:00,1100.3256,1013.1964,122.6559,977.6697,1288.4786
LSA,2021-05-11 07:00:00,1022.6843,1003.3157,118.3859,904.2985,1203.3414
LSA,2021-05-11 08:00:00,881.783,978.8013,111.6259,770.1571,1050.0978
LSA,2021-05-11 09:00:00,687.1323,927.9197,102.8687,584.2636,839.2127
LSA,2021-05-11 10:00:00,453.7721,826.8324,89.1051,364.667,585.0782
LSA,2021-05-11 11:00:00,205.7043,601.5981,62.0568,143.6475,305.0301
LSA,2021-05-11 12:00:00,20.4866,101.0146,11.9199,8.5667,45.1254
LSA,2021-05-11 13:00:00,0.0,0.0,0.0,0.0,0.0
LSA,2021-05-11 14:00:00,0.0,0.0,0.0,0.0,0.0
LSA,2021-05-11 15:00:00,0.0,0.0,0.0,0.0,0.0
LSA,2021-05-11 16:00:00,0.0,0.0,0.0,0.0,0.0
LSA,2021-05-11 17:00:00,0.0,0.0,0.0,0.0,0.0
LSA,2021-05-11 18:00:00,0.0,0.0,0.0,0.0,0.0
LSA,2021-05-11 19:00:00,0.0,0.0,0.0,0.0,0.0
LSA,2021-05-11 20:00:00,0.0,0.0,0.0,0.0,0.0
LSA,2021-05-11 21:00:00,0.0,0.0,0.0,0.0,0.0
LSA,2021-05-11 22:00:00,0.0,0.0,0.0,0.0,0.0
LSA,2021-05-11 23:00:00,49.1727,123.9903,32.8688,16.3039,107.355
LSA,2021-05-12 00:00:00,258.6005,500.1768,106.2804,152.3201,391.6609
LSA,2021-05-12 01:00:00,509.0798,733.5842,140.4341,368.6457,665.7661
LSA,2021-05-12 02:00:00,738.1804,865.4401,147.7194,590.461,908.4887
LSA,2021-05-12 03:00:00,922.7285,940.6135,144.697,778.0316,1103.2974
LSA,2021-05-12 04:00:00,1049.7229,981.2941,140.148,909.5749,1236.928
LSA,2021-05-12 05:00:00,1111.1223,1005.2582,131.7697,979.3526,1300.2881
LSA,2021-05-12 06:00:00,1102.0634,1010.2697,126.3018,975.7615,1289.077
LSA,2021-05-12 07:00:00,1023.3318,996.6354,124.0562,899.2756,1204.0785
LSA,2021-05-12 08:00:00,881.3087,967.4433,118.939,762.3696,1051.1062
LSA,2021-05-12 09:00:00,685.9154,913.1245,109.7142,576.2012,840.6064
LSA,2021-05-12 10:00:00,452.5357,810.5632,93.6774,358.8583,586.9443
LSA,2021-05-12 11:00:00,205.2065,585.1255,64.2704,140.9361,307.4232
LSA,2021-05-12 12:00:00,21.0443,101.5559,12.347,8.6973,46.7415
LSA,2021-05-12 13:00:00,0.0,0.0,0.0,0.0,0.0
LSA,2021-05-12 14:00:00,0.0,0.0,0.0,0.0,0.0
LSA,2021-05-12 15:00:00,0.0,0.0,0.0,0.0,0.0
LSA,2021-05-12 16:00:00,0.0,0.0,0.0,0.0,0.0
LSA,2021-05-12 17:00:00,0.0,0.0,0.0,0.0,0.0
LSA,2021-05-12 18:00:00,0.0,0.0,0.0,0.0,0.0
LSA,2021-05-12 19:00:00,0.0,0.0,0.0,0.0,0.0
LSA,2021-05-12 20:00:00,0.0,0.0,0.0,0.0,0.0
LSA,2021-05-12 21:00:00,0.0,0.0,0.0,0.0,0.0
LSA,2021-05-12 22:00:00,0.0,0.0,0.0,0.0,0.0
LSA,2021-05-12 23:00:00,59.7666,259.8689,27.1653,32.6013,109.8569
LSA,2021-05-13 00:00:00,283.2076,691.5513,74.6824,208.5252,393.9954
LSA,2021-05-13 01:00:00,530.3633,856.6218,99.9839,430.3794,667.5739
LSA,2021-05-13 02:00:00,754.6922,936.5267,115.2384,639.4538,909.8267
LSA,2021-05-13 03:00:00,935.0453,969.3785,132.5977,802.4476,1104.2543
LSA,2021-05-13 04:00:00,1057.8214,972.8981,155.325,902.4964,1237.6184
LSA,2021-05-13 05:00:00,1115.173,963.4889,175.7341,939.4388,1300.8447
LSA,2021-05-13 06:00:00,1103.6917,961.4119,174.3434,929.3482,1289.6415
LSA,2021-05-13 07:00:00,1024.3584,967.0174,151.0361,873.3223,1204.7914
LSA,2021-05-13 08:00:00,882.5089,959.3629,125.7187,756.7902,1052.0979
LSA,2021-05-13 09:00:00,688.7367,922.5731,105.5233,583.2134,841.9876
LSA,2021-05-13 10:00:00,457.542,833.5735,87.5239,370.0181,588.799
LSA,2021-05-13 11:00:00,211.4906,628.7191,59.7365,151.7542,309.8024
LSA,2021-05-13 12:00:00,22.7557,120.1679,12.3243,10.4313,48.3297
LSA,2021-05-13 13:00:00,0.0,0.0,0.0,0.0,0.0
LSA,2021-05-13 14:00:00,0.0,0.0,0.0,0.0,0.0
LSA,2021-05-13 15:00:00,0.0,0.0,0.0,0.0,0.0
LSA,2021-05-13 16:00:00,0.0,0.0,0.0,0.0,0.0
LSA,2021-05-13 17:00:00,0.0,0.0,0.0,0.0,0.0
LSA,2021-05-13 18:00:00,0.0,0.0,0.0,0.0,0.0
LSA,2021-05-13 19:00:00,0.0,0.0,0.0,0.0,0.0
LSA,2021-05-13 20:00:00,0.0,0.0,0.0,0.0,0.0
LSA,2021-05-13 21:00:00,0.0,0.0,0.0,0.0,0.0
LSA,2021-05-13 22:00:00,0.0,0.0,0.0,0.0,0.0
LSA,2021-05-13 23:00:00,59.254,241.5478,28.3143,30.9397,112.2871
LSA,2021-05-14 00:00:00,282.3974,683.1599,74.5304,207.8669,396.2272
LSA,2021-05-14 01:00:00,531.8264,875.0912,90.5426,441.2838,669.288
LSA,2021-05-14 02:00:00,757.9502,973.5306,91.8227,666.1275,911.0818
LSA,2021-05-14 03:00:00,939.8005,1020.3893,93.9411,845.8594,1105.1409
LSA,2021-05-14 04:00:00,1064.1669,1036.6844,101.4902,962.6767,1238.2516
LSA,2021-05-14 05:00:00,1123.4825,1041.2792,107.3103,1016.1722,1301.3569
LSA,2021-05-14 06:00:00,1112.9751,1038.7983,107.9026,1005.0724,1290.173
LSA,2021-05-14 07:00:00,1033.4757,1028.8359,103.2598,930.2159,1205.4811
LSA,2021-05-14 08:00:00,891.2064,1005.6335,96.6447,794.5616,1053.0732
LSA,2021-05-14 09:00:00,696.3574,958.7756,88.9911,607.3663,843.3564
LSA,2021-05-14 10:00:00,463.8917,866.6276,77.8614,386.0303,590.6415
LSA,2021-05-14 11:00:00,216.117,658.2126,56.2139,159.9031,312.1665
LSA,2021-05-14 12:00:00,24.1629,134.9394,12.395,11.7679,49.9936
LSA,2021-05-14 13:00:00,0.0,0.0,0.0,0.0,0.0
LSA,2021-05-14 14:00:00,0.0,0.0,0.0,0.0,0.0
LSA,2021-05-14 15:00:00,0.0,0.0,0.0,0.0,0.0
LSA,2021-05-14 16:00:00,0.0,0.0,0.0,0.0,0.0
LSA,2021-05-14 17:00:00,0.0,0.0,0.0,0.0,0.0
LSA,2021-05-14 18:00:00,0.0,0.0,0.0,0.0,0.0
LSA,2021-05-14 19:00:00,0.0,0.0,0.0,0.0,0.0
LSA,2021-05-14 20:00:00,0.0,0.0,0.0,0.0,0.0
LSA,2021-05-14 21:00:00,0.0,0.0,0.0,0.0,0.0
LSA,2021-05-14 22:00:00,0.0,0.0,0.0,0.0,0.0
LSA,2021-05-14 23:00:00,63.9781,291.0461,26.8348,37.1433,114.6135
LSA,2021-05-15 00:00:00,290.739,732.1053,67.8056,222.9334,398.357
LSA,2021-05-15 01:00:00,537.9364,890.4765,88.0782,449.8582,670.9091
LSA,2021-05-15 02:00:00,762.3242,966.2729,100.2805,662.0436,912.2555
LSA,2021-05-15 03:00:00,944.5494,1008.2501,107.6734,836.876,1105.9585
LSA,2021-05-15 04:00:00,1070.5762,1031.8522,111.4723,959.1038,1238.829
LSA,2021-05-15 05:00:00,1131.2649,1042.5388,113.0335,1018.2314,1301.826
LSA,2021-05-15 06:00:00,1121.9968,1043.0059,112.0129,1009.9839,1290.673
LSA,2021-05-15 07:00:00,1043.078,1032.8451,108.3024,934.7756,1206.1484
LSA,2021-05-15 08:00:00,900.6144,1008.993,102.3087,798.3057,1054.0327
LSA,2021-05-15 09:00:00,704.2571,961.4487,93.9444,610.3127,844.7127
LSA,2021-05-15 10:00:00,469.4248,868.4496,81.2099,388.2149,592.4716
LSA,2021-05-15 11:00:00,219.5042,659.3937,58.1116,161.3926,314.5144
LSA,2021-05-15 12:00:00,25.2714,139.8329,12.9705,12.3009,51.6645
LSA,2021-05-15 13:00:00,0.0,0.0,0.0,0.0,0.0
LSA,2021-05-15 14:00:00,0.0,0.0,0.0,0.0,0.0
LSA,2021-05-15 15:00:00,0.0,0.0,0.0,0.0,0.0
LSA,2021-05-15 16:00:00,0.0,0.0,0.0,0.0,0.0
LSA,2021-05-15 17:00:00,0.0,0.0,0.0,0.0,0.0
LSA,2021-05-15 18:00:00,0.0,0.0,0.0,0.0,0.0
LSA,2021-05-15 19:00:00,0.0,0.0,0.0,0.0,0.0
LSA,2021-05-15 20:00:00,0.0,0.0,0.0,0.0,0.0
LSA,2021-05-15 21:00:00,0.0,0.0,0.0,0.0,0.0
LSA,2021-05-15 22:00:00,0.0,0.0,0.0,0.0,0.0
LSA,2021-05-15 23:00:00,61.7558,236.4898,30.9121,30.8438,116.9177
LSA,2021-05-16 00:00:00,284.718,657.4747,82.3793,202.3387,400.3852
LSA,2021-05-16 01:00:00,533.863,846.8125,104.4091,429.454,672.4383
LSA,2021-05-16 02:00:00,760.0175,943.5869,112.2082,647.8093,913.3488
LSA,2021-05-16 03:00:00,942.3519,993.9349,116.4254,825.9265,1106.7086
LSA,2021-05-16 04:00:00,1067.4233,1017.8043,120.5607,946.8626,1239.3522
LSA,2021-05-16 05:00:00,1127.0302,1028.1173,122.1145,1004.9157,1302.2535
LSA,2021-05-16 06:00:00,1116.7906,1027.6049,120.9178,995.8728,1291.1425
LSA,2021-05-16 07:00:00,1037.5155,1016.0377,117.0412,920.4743,1206.7942
LSA,2021-05-16 08:00:00,895.0727,990.0966,110.6372,784.4354,1054.9769
LSA,2021-05-16 09:00:00,699.7213,940.8918,101.2188,598.5025,846.0565
LSA,2021-05-16 10:00:00,466.6731,846.9958,86.6615,380.0116,594.2884
LSA,2021-05-16 11:00:00,218.6779,638.1514,61.178,157.4999,316.8452
LSA,2021-05-16 12:00:00,25.6883,133.3851,13.6641,12.0242,53.3134
LSA,2021-05-16 13:00:00,0.0,0.0,0.0,0.0,0.0
LSA,2021-05-16 14:00:00,0.0,0.0,0.0,0.0,0.0
LSA,2021-05-16 15:00:00,0.0,0.0,0.0,0.0,0.0
LSA,2021-05-16 16:00:00,0.0,0.0,0.0,0.0,0.0
LSA,2021-05-16 17:00:00,0.0,0.0,0.0,0.0,0.0
LSA,2021-05-16 18:00:00,0.0,0.0,0.0,0.0,0.0
LSA,2021-05-16 19:00:00,0.0,0.0,0.0,0.0,0.0
LSA,2021-05-16 20:00:00,0.0,0.0,0.0,0.0,0.0
LSA,2021-05-16 21:00:00,0.0,0.0,0.0,0.0,0.0
LSA,2021-05-16 22:00:00,0.0,0.0,0.0,0.0,0.0
LSA,2021-05-16 23:00:00,65.1214,274.3343,29.1706,35.9508,119.1369
LSA,2021-05-17 00:00:00,291.1573,708.813,72.6618,218.4955,402.3124
LSA,2021-05-17 01:00:00,538.5607,879.4408,91.7487,446.812,673.8765
LSA,2021-05-17 02:00:00,762.6223,963.7148,100.1349,662.4874,914.363
LSA,2021-05-17 03:00:00,943.5352,1008.6721,104.4988,839.0364,1107.3929
LSA,2021-05-17 04:00:00,1067.8052,1031.8668,107.0836,960.7216,1239.8226
LSA,2021-05-17 05:00:00,1126.9758,1042.278,107.4747,1019.501,1302.641
LSA,2021-05-17 06:00:00,1116.2876,1041.6056,106.0639,1010.2237,1291.5826
LSA,2021-05-17 07:00:00,1036.6917,1029.7091,102.9486,933.743,1207.4196
LSA,2021-05-17 08:00:00,894.6622,1004.4756,97.8119,796.8503,1055.9062
LSA,2021-05-17 09:00:00,701.2639,959.5093,89.8262,611.4376,847.3877
LSA,2021-05-17 10:00:00,471.0328,875.4241,77.1991,393.8337,596.0916
LSA,2021-05-17 11:00:00,224.6251,683.7531,55.4197,169.2054,319.1577
LSA,2021-05-17 12:00:00,27.6197,157.0976,13.3638,14.2559,55.0233
LSA,2021-05-17 13:00:00,0.0,0.0,0.0,0.0,0.0
LSA,2021-05-17 14:00:00,0.0,0.0,0.0,0.0,0.0
LSA,2021-05-17 15:00:00,0.0,0.0,0.0,0.0,0.0
LSA,2021-05-17 16:00:00,0.0,0.0,0.0,0.0,0.0
LSA,2021-05-17 17:00:00,0.0,0.0,0.0,0.0,0.0
LSA,2021-05-17 18:00:00,0.0,0.0,0.0,0.0,0.0
LSA,2021-05-17 19:00:00,0.0,0.0,0.0,0.0,0.0
LSA,2021-05-17 20:00:00,0.0,0.0,0.0,0.0,0.0
LSA,2021-05-17 21:00:00,0.0,0.0,0.0,0.0,0.0
LSA,2021-05-17 22:00:00,0.0,0.0,0.0,0.0,0.0
LSA,2021-05-17 23:00:00,66.938,308.0606,26.3685,40.5695,121.2618
LSA,2021-05-18 00:00:00,291.7141,750.5705,59.8867,231.8274,404.1392
LSA,2021-05-18 01:00:00,533.3522,902.9178,73.7827,459.5695,675.2247
LSA,2021-05-18 02:00:00,751.8923,975.9954,80.1212,671.7711,915.2996
LSA,2021-05-18 03:00:00,928.0023,1011.4144,85.9654,842.0369,1108.0126
LSA,2021-05-18 04:00:00,1048.2402,1025.1814,93.0654,955.1748,1240.2419
LSA,2021-05-18 05:00:00,1104.5815,1027.6658,98.6886,1005.8929,1302.9895
LSA,2021-05-18 06:00:00,1092.9574,1019.8934,103.0343,989.9231,1291.9949
LSA,2021-05-18 07:00:00,1014.2051,1000.7286,105.8382,908.3669,1208.025
LSA,2021-05-18 08:00:00,873.9003,966.7819,105.8366,768.0637,1056.821
LSA,2021-05-18 09:00:00,682.6795,910.3895,101.1579,581.5216,848.7063
LSA,2021-05-18 10:00:00,455.2087,809.5036,89.3,365.9087,597.8804
LSA,2021-05-18 11:00:00,213.3573,593.2234,64.3134,149.044,321.4508
LSA,2021-05-18 12:00:00,25.6609,115.2047,14.7322,10.9287,56.7354
LSA,2021-05-18 13:00:00,0.0,0.0,0.0,0.0,0.0
LSA,2021-05-18 14:00:00,0.0,0.0,0.0,0.0,0.0
LSA,2021-05-18 15:00:00,0.0,0.0,0.0,0.0,0.0
LSA,2021-05-18 16:00:00,0.0,0.0,0.0,0.0,0.0
LSA,2021-05-18 17:00:00,0.0,0.0,0.0,0.0,0.0
LSA,2021-05-18 18:00:00,0.0,0.0,0.0,0.0,0.0
LSA,2021-05-18 19:00:00,0.0,0.0,0.0,0.0,0.0
LSA,2021-05-18 20:00:00,0.0,0.0,0.0,0.0,0.0
LSA,2021-05-18 21:00:00,0.0,0.0,0.0,0.0,0.0
LSA,2021-05-18 22:00:00,0.0,0.0,0.0,0.0,0.0
LSA,2021-05-18 23:00:00,65.3914,274.5272,28.5613,36.8301,123.3332
LSA,2021-05-19 00:00:00,286.9386,703.0954,68.2844,218.6541,405.8662
LSA,2021-05-19 01:00:00,528.6136,866.6243,86.3048,442.3088,676.4839
LSA,2021-05-19 02:00:00,748.0707,946.9004,95.3445,652.7261,916.1596
LSA,2021-05-19 03:00:00,925.8242,990.5096,100.3155,825.5087,1108.5692
LSA,2021-05-19 04:00:00,1048.2542,1013.8433,102.9125,945.3416,1240.6115
LSA,2021-05-19 05:00:00,1106.8,1024.2817,103.5474,1003.2527,1303.3008
LSA,2021-05-19 06:00:00,1096.0542,1023.0976,102.3265,993.7277,1292.3804
LSA,2021-05-19 07:00:00,1016.9888,1010.1307,99.3114,917.6774,1208.6117
LSA,2021-05-19 08:00:00,876.7697,983.7058,94.375,782.3947,1057.7219
LSA,2021-05-19 09:00:00,686.5698,935.5146,87.9772,598.5927,850.0123
LSA,2021-05-19 10:00:00,460.6833,844.7195,77.884,382.7993,599.6546
LSA,2021-05-19 11:00:00,219.5234,643.5949,57.4463,162.0771,323.7236
LSA,2021-05-19 12:00:00,28.1504,152.2678,14.0311,14.1193,58.4324
LSA,2021-05-19 13:00:00,0.0,0.0,0.0,0.0,0.0
LSA,2021-05-19 14:00:00,0.0,0.0,0.0,0.0,0.0
LSA,2021-05-19 15:00:00,0.0,0.0,0.0,0.0,0.0
LSA,2021-05-19 16:00:00,0.0,0.0,0.0,0.0,0.0
LSA,2021-05-19 17:00:00,0.0,0.0,0.0,0.0,0.0
LSA,2021-05-19 18:00:00,0.0,0.0,0.0,0.0,0.0
LSA,2021-05-19 19:00:00,0.0,0.0,0.0,0.0,0.0
LSA,2021-05-19 20:00:00,0.0,0.0,0.0,0.0,0.0
LSA,2021-05-19 21:00:00,0.0,0.0,0.0,0.0,0.0
LSA,2021-05-19 22:00:00,0.0,0.0,0.0,0.0,0.0
LSA,2021-05-19 23:00:00,73.4449,385.1652,23.7793,49.6656,125.2995
LSA,2021-05-20 00:00:00,299.5501,790.6869,54.0956,245.4545,407.494
LSA,2021-05-20 01:00:00,538.207,912.9184,71.8592,466.3478,677.6551
LSA,2021-05-20 02:00:00,753.8287,969.1032,85.2288,668.5999,916.9445
LSA,2021-05-20 03:00:00,928.4316,1001.2358,93.3214,835.1102,1109.0643
LSA,2021-05-20 04:00:00,1048.4227,1020.3168,96.4296,951.9932,1240.9329
LSA,2021-05-20 05:00:00,1104.7795,1027.5011,97.7513,1007.0283,1303.576
LSA,2021-05-20 06:00:00,1093.402,1023.131,98.9455,994.4565,1292.7402
LSA,2021-05-20 07:00:00,1015.189,1006.5527,99.9271,915.262,1209.1804
LSA,2021-05-20 08:00:00,875.8593,975.8384,98.6939,777.1654,1058.6093
LSA,2021-05-20 09:00:00,685.9916,918.9217,96.6821,589.3096,851.3057
LSA,2021-05-20 10:00:00,459.4558,812.9585,89.4445,370.0113,601.4135
LSA,2021-05-20 11:00:00,217.4548,591.5825,66.6443,150.8105,325.9752
LSA,2021-05-20 12:00:00,28.1043,130.0125,15.7612,12.343,60.1736
LSA,2021-05-20 13:00:00,0.0,0.0,0.0,0.0,0.0
LSA,2021-05-20 14:00:00,0.0,0.0,0.0,0.0,0.0
LSA,2021-05-20 15:00:00,0.0,0.0,0.0,0.0,0.0
LSA,2021-05-20 16:00:00,0.0,0.0,0.0,0.0,0.0
LSA,2021-05-20 17:00:00,0.0,0.0,0.0,0.0,0.0
LSA,2021-05-20 18:00:00,0.0,0.0,0.0,0.0,0.0
LSA,2021-05-20 19:00:00,0.0,0.0,0.0,0.0,0.0
LSA,2021-05-20 20:00:00,0.0,0.0,0.0,0.0,0.0
LSA,2021-05-20 21:00:00,0.0,0.0,0.0,0.0,0.0
LSA,2021-05-20 22:00:00,0.0,0.0,0.0,0.0,0.0
LSA,2021-05-20 23:00:00,73.8749,358.9224,26.7564,47.1185,127.2097
LSA,2021-05-21 00:00:00,301.6531,769.8044,61.2812,240.372,409.0233
LSA,2021-05-21 01:00:00,543.4375,906.8679,79.0653,464.3722,678.7393
LSA,2021-05-21 02:00:00,761.9004,972.1868,90.282,671.6184,917.6554
LSA,2021-05-21 03:00:00,938.6125,1009.0232,96.3146,842.298,1109.4991
LSA,2021-05-21 04:00:00,1060.0001,1030.2542,98.121,961.8791,1241.2074
LSA,2021-05-21 05:00:00,1117.3925,1039.4811,98.0187,1019.3737,1303.8169
LSA,2021-05-21 06:00:00,1105.033,1031.6737,101.5814,1003.4516,1293.0756
LSA,2021-05-21 07:00:00,1024.2723,1006.2714,108.4127,915.8596,1209.7321
LSA,2021-05-21 08:00:00,882.1699,966.0595,111.7246,770.4453,1059.4835
LSA,2021-05-21 09:00:00,690.4528,908.9537,106.5696,583.8831,852.5866
LSA,2021-05-21 10:00:00,463.6818,815.8616,91.4066,372.2751,603.1567
LSA,2021-05-21 11:00:00,221.9961,614.8997,64.8205,157.1756,328.2046
LSA,2021-05-21 12:00:00,29.6506,143.6335,15.8117,13.8389,61.8801
LSA,2021-05-21 13:00:00,0.0,0.0,0.0,0.0,0.0
LSA,2021-05-21 14:00:00,0.0,0.0,0.0,0.0,0.0
LSA,2021-05-21 15:00:00,0.0,0.0,0.0,0.0,0.0
LSA,2021-05-21 16:00:00,0.0,0.0,0.0,0.0,0.0
LSA,2021-05-21 17:00:00,0.0,0.0,0.0,0.0,0.0
LSA,2021-05-21 18:00:00,0.0,0.0,0.0,0.0,0.0
LSA,2021-05-21 19:00:00,0.0,0.0,0.0,0.0,0.0
LSA,2021-05-21 20:00:00,0.0,0.0,0.0,0.0,0.0
LSA,2021-05-21 21:00:00,0.0,0.0,0.0,0.0,0.0
LSA,2021-05-21 22:00:00,0.0,0.0,0.0,0.0,0.0
LSA,2021-05-21 23:00:00,75.8354,373.7922,26.5058,49.3296,129.0108
LSA,2021-05-22 00:00:00,306.2959,794.7501,57.176,249.1199,410.4546
LSA,2021-05-22 01:00:00,549.869,936.9391,69.1952,480.6738,679.7374
LSA,2021-05-22 02:00:00,769.4623,1005.321,74.1783,695.284,918.2936
LSA,2021-05-22 03:00:00,946.8477,1041.1311,77.1625,869.6852,1109.8752
LSA,2021-05-22 04:00:00,1068.7346,1058.7546,79.6903,989.0443,1241.4366
LSA,2021-05-22 05:00:00,1126.6284,1065.8596,80.807,1045.8214,1304.0244
LSA,2021-05-22 06:00:00,1116.1505,1063.1488,81.4608,1034.6897,1293.3876
LSA,2021-05-22 07:00:00,1038.1631,1050.2239,81.6085,956.5546,1210.2673
LSA,2021-05-22 08:00:00,898.5261,1025.2786,80.0981,818.428,1060.3452
LSA,2021-05-22 09:00:00,707.7458,983.4268,75.1051,632.6407,853.855
LSA,2021-05-22 10:00:00,480.4501,907.953,65.4292,415.0209,604.8839
LSA,2021-05-22 11:00:00,236.675,737.1041,48.6941,187.981,330.4109
LSA,2021-05-22 12:00:00,33.9551,216.052,13.6191,20.336,63.6435
LSA,2021-05-22 13:00:00,0.0,0.0,0.0,0.0,0.0
LSA,2021-05-22 14:00:00,0.0,0.0,0.0,0.0,0.0
LSA,2021-05-22 15:00:00,0.0,0.0,0.0,0.0,0.0
LSA,2021-05-22 16:00:00,0.0,0.0,0.0,0.0,0.0
LSA,2021-05-22 17:00:00,0.0,0.0,0.0,0.0,0.0
LSA,2021-05-22 18:00:00,0.0,0.0,0.0,0.0,0.0
LSA,2021-05-22 19:00:00,0.0,0.0,0.0,0.0,0.0
LSA,2021-05-22 20:00:00,0.0,0.0,0.0,0.0,0.0
LSA,2021-05-22 21:00:00,0.0,0.0,0.0,0.0,0.0
LSA,2021-05-22 22:00:00,0.0,0.0,0.0,0.0,0.0
LSA,2021-05-22 23:00:00,80.814,441.1675,23.4366,57.3774,130.7101
LSA,2021-05-23 00:00:00,314.0231,846.1512,48.5939,265.4292,411.7885
LSA,2021-05-23 01:00:00,556.5893,967.2017,59.8224,496.7668,680.6505
LSA,2021-05-23 02:00:00,774.7841,1023.8643,66.0985,708.6855,918.8604
LSA,2021-05-23 03:00:00,950.6523,1053.1038,70.4164,880.2359,1110.1938
LSA,2021-05-23 04:00:00,1070.9794,1067.0575,73.6607,997.3186,1241.6219
LSA,2021-05-23 05:00:00,1127.3582,1071.2908,75.66,1051.6981,1304.2
LSA,2021-05-23 06:00:00,1115.5537,1067.2277,76.256,1039.2977,1293.6776
LSA,2021-05-23 07:00:00,1036.5925,1054.4021,75.4486,961.1439,1210.7874
LSA,2021-05-23 08:00:00,896.49,1030.1323,73.2228,823.2672,1061.1948
LSA,2021-05-23 09:00:00,706.5337,989.9183,68.5728,637.9609,855.1109
LSA,2021-05-23 10:00:00,481.0394,917.671,60.3252,420.7141,606.5946
LSA,2021-05-23 11:00:00,238.88,753.6111,45.6676,193.2124,332.5933
LSA,2021-05-23 12:00:00,35.1679,226.1835,13.4991,21.6687,65.3995
LSA,2021-05-23 13:00:00,0.0,0.0,0.0,0.0,0.0
LSA,2021-05-23 14:00:00,0.0,0.0,0.0,0.0,0.0
LSA,2021-05-23 15:00:00,0.0,0.0,0.0,0.0,0.0
LSA,2021-05-23 16:00:00,0.0,0.0,0.0,0.0,0.0
LSA,2021-05-23 17:00:00,0.0,0.0,0.0,0.0,0.0
LSA,2021-05-23 18:00:00,0.0,0.0,0.0,0.0,0.0
LSA,2021-05-23 19:00:00,0.0,0.0,0.0,0.0,0.0
LSA,2021-05-23 20:00:00,0.0,0.0,0.0,0.0,0.0
LSA,2021-05-23 21:00:00,0.0,0.0,0.0,0.0,0.0
LSA,2021-05-23 22:00:00,0.0,0.0,0.0,0.0,0.0
LSA,2021-05-23 23:00:00,78.0428,392.0795,25.9375,52.1052,132.3759
LSA,2021-05-24 00:00:00,307.0367,802.5202,53.9525,253.0842,413.0256
LSA,2021-05-24 01:00:00,547.6282,938.0306,64.8671,482.7611,681.4794
LSA,2021-05-24 02:00:00,764.4658,1003.129,69.3897,695.0761,919.3569
LSA,2021-05-24 03:00:00,940.3359,1038.8379,71.4184,868.9176,1110.4564
LSA,2021-05-24 04:00:00,1062.1389,1058.5449,72.2501,989.8889,1241.7648
LSA,2021-05-24 05:00:00,1120.6936,1067.9307,71.7674,1048.9261,1304.3451
LSA,2021-05-24 06:00:00,1110.8234,1066.6702,71.4569,1039.3665,1293.9465
LSA,2021-05-24 07:00:00,1033.3739,1054.5526,71.3302,962.0438,1211.2927
LSA,2021-05-24 08:00:00,895.0232,1031.3306,69.8487,825.1744,1062.0328
LSA,2021-05-24 09:00:00,706.6762,992.9936,65.5997,641.0766,856.3544
LSA,2021-05-24 10:00:00,482.5591,924.2847,57.5668,424.9923,608.2884
LSA,2021-05-24 11:00:00,241.5497,767.8228,43.6685,197.8812,334.751
LSA,2021-05-24 12:00:00,36.4709,237.2842,13.495,22.9759,67.1325
LSA,2021-05-24 13:00:00,0.0,0.0,0.0,0.0,0.0
LSA,2021-05-24 14:00:00,0.0,0.0,0.0,0.0,0.0
LSA,2021-05-24 15:00:00,0.0,0.0,0.0,0.0,0.0
LSA,2021-05-24 16:00:00,0.0,0.0,0.0,0.0,0.0
LSA,2021-05-24 17:00:00,0.0,0.0,0.0,0.0,0.0
LSA,2021-05-24 18:00:00,0.0,0.0,0.0,0.0,0.0
LSA,2021-05-24 19:00:00,0.0,0.0,0.0,0.0,0.0
LSA,2021-05-24 20:00:00,0.0,0.0,0.0,0.0,0.0
LSA,2021-05-24 21:00:00,0.0,0.0,0.0,0.0,0.0
LSA,2021-05-24 22:00:00,0.0,0.0,0.0,0.0,0.0
LSA,2021-05-24 23:00:00,79.9421,410.3653,25.4641,54.478,133.9021
LSA,2021-05-25 00:00:00,308.4067,806.1964,53.6546,254.7522,414.1667
LSA,2021-05-25 01:00:00,547.056,930.6315,67.5223,479.5337,682.225
LSA,2021-05-25 02:00:00,762.0844,989.1909,76.1537,685.9306,919.7844
LSA,2021-05-25 03:00:00,935.7506,1019.2531,82.7916,852.959,1110.6643
LSA,2021-05-25 04:00:00,1054.7925,1032.9678,88.4146,966.378,1241.8665
LSA,2021-05-25 05:00:00,1110.6934,1036.0514,92.6173,1018.076,1304.4609
LSA,2021-05-25 06:00:00,1099.9961,1034.4076,91.5108,1008.4853,1294.1956
LSA,2021-05-25 07:00:00,1023.6542,1027.9414,85.1921,938.462,1211.7845
LSA,2021-05-25 08:00:00,886.8164,1010.2981,77.5968,809.2195,1062.8597
LSA,2021-05-25 09:00:00,700.3863,977.0936,68.488,631.8983,857.5856
LSA,2021-05-25 10:00:00,478.805,914.7595,57.0108,421.7941,609.965
LSA,2021-05-25 11:00:00,241.1983,772.9133,41.1333,200.065,336.8832
LSA,2021-05-25 12:00:00,37.6252,255.1334,12.7685,24.8567,68.8994
LSA,2021-05-25 13:00:00,0.0,0.0,0.0,0.0,0.0
LSA,2021-05-25 14:00:00,0.0,0.0,0.0,0.0,0.0
LSA,2021-05-25 15:00:00,0.0,0.0,0.0,0.0,0.0
LSA,2021-05-25 16:00:00,0.0,0.0,0.0,0.0,0.0
LSA,2021-05-25 17:00:00,0.0,0.0,0.0,0.0,0.0
LSA,2021-05-25 18:00:00,0.0,0.0,0.0,0.0,0.0
LSA,2021-05-25 19:00:00,0.0,0.0,0.0,0.0,0.0
LSA,2021-05-25 20:00:00,0.0,0.0,0.0,0.0,0.0
LSA,2021-05-25 21:00:00,0.0,0.0,0.0,0.0,0.0
LSA,2021-05-25 22:00:00,0.0,0.0,0.0,0.0,0.0
LSA,2021-05-25 23:00:00,78.1497,382.6594,26.6316,51.5181,135.3751
LSA,2021-05-26 00:00:00,302.7917,776.537,56.3942,246.3974,415.2122
LSA,2021-05-26 01:00:00,539.9412,910.2858,70.1169,469.8242,682.8885
LSA,2021-05-26 02:00:00,754.4191,974.8151,77.8711,676.548,920.144
LSA,2021-05-26 03:00:00,928.0228,1009.3143,82.9075,845.1153,1110.8188
LSA,2021-05-26 04:00:00,1047.3961,1026.8348,86.332,961.0641,1241.9283
LSA,2021-05-26 05:00:00,1104.1274,1033.3346,88.2732,1015.8542,1304.5488
LSA,2021-05-26 06:00:00,1094.2964,1031.0953,88.4784,1005.8181,1294.4258
LSA,2021-05-26 07:00:00,1018.7155,1019.7968,86.9407,931.7749,1212.2633
LSA,2021-05-26 08:00:00,882.722,996.2593,83.762,798.96,1063.6759
LSA,2021-05-26 09:00:00,696.8655,954.673,78.2007,618.6647,858.8045
LSA,2021-05-26 10:00:00,475.2829,878.032,68.8075,406.4753,611.6239
LSA,2021-05-26 11:00:00,237.2852,707.8928,51.8319,185.4533,338.989
LSA,2021-05-26 12:00:00,36.5447,208.8478,15.5622,20.9825,70.6278
LSA,2021-05-26 13:00:00,0.0,0.0,0.0,0.0,0.0
LSA,2021-05-26 14:00:00,0.0,0.0,0.0,0.0,0.0
LSA,2021-05-26 15:00:00,0.0,0.0,0.0,0.0,0.0
LSA,2021-05-26 16:00:00,0.0,0.0,0.0,0.0,0.0
LSA,2021-05-26 17:00:00,0.0,0.0,0.0,0.0,0.0
LSA,2021-05-26 18:00:00,0.0,0.0,0.0,0.0,0.0
LSA,2021-05-26 19:00:00,0.0,0.0,0.0,0.0,0.0
LSA,2021-05-26 20:00:00,0.0,0.0,0.0,0.0,0.0
LSA,2021-05-26 21:00:00,0.0,0.0,0.0,0.0,0.0
LSA,2021-05-26 22:00:00,0.0,0.0,0.0,0.0,0.0
LSA,2021-05-26 23:00:00,79.7852,402.2664,25.5833,54.2019,136.7218
LSA,2021-05-27 00:00:00,304.0795,789.5559,53.3154,250.7641,416.1628
LSA,2021-05-27 01:00:00,538.6301,908.0479,69.5701,469.06,683.4707
LSA,2021-05-27 02:00:00,750.7279,963.5168,81.6615,669.0664,920.437
LSA,2021-05-27 03:00:00,923.9921,998.7138,87.2876,836.7045,1110.9213
LSA,2021-05-27 04:00:00,1045.1184,1023.6907,86.5907,958.5276,1241.9519
LSA,2021-05-27 05:00:00,1103.8757,1036.8198,84.1693,1019.7065,1304.6101
LSA,2021-05-27 06:00:00,1095.5082,1036.0812,84.2867,1011.2214,1294.6383
LSA,2021-05-27 07:00:00,1020.6521,1021.1542,86.9145,933.7375,1212.73
LSA,2021-05-27 08:00:00,885.1447,993.2777,87.6301,797.5145,1064.4818
LSA,2021-05-27 09:00:00,698.5802,946.4371,84.0864,614.4938,860.011
LSA,2021-05-27 10:00:00,475.5784,863.0231,74.679,400.8994,613.2647
LSA,2021-05-27 11:00:00,236.7445,682.7913,56.3686,180.3759,341.0677
LSA,2021-05-27 12:00:00,36.9239,199.5071,16.6662,20.2577,72.3978
LSA,2021-05-27 13:00:00,0.0,0.0,0.0,0.0,0.0
LSA,2021-05-27 14:00:00,0.0,0.0,0.0,0.0,0.0
LSA,2021-05-27 15:00:00,0.0,0.0,0.0,0.0,0.0
LSA,2021-05-27 16:00:00,0.0,0.0,0.0,0.0,0.0
LSA,2021-05-27 17:00:00,0.0,0.0,0.0,0.0,0.0
LSA,2021-05-27 18:00:00,0.0,0.0,0.0,0.0,0.0
LSA,2021-05-27 19:00:00,0.0,0.0,0.0,0.0,0.0
LSA,2021-05-27 20:00:00,0.0,0.0,0.0,0.0,0.0
LSA,2021-05-27 21:00:00,0.0,0.0,0.0,0.0,0.0
LSA,2021-05-27 22:00:00,0.0,0.0,0.0,0.0,0.0
LSA,2021-05-27 23:00:00,79.3961,381.6112,27.5885,51.8076,137.9643
LSA,2021-05-28 00:00:00,303.1031,766.8896,58.5644,244.5387,417.0194
LSA,2021-05-28 01:00:00,539.3622,899.0406,74.2735,465.0888,683.9727
LSA,2021-05-28 02:00:00,753.3132,962.9971,84.1118,669.2014,920.6645
LSA,2021-05-28 03:00:00,926.9365,998.6583,90.0004,836.9361,1110.973
LSA,2021-05-28 04:00:00,1046.8954,1018.5795,92.8562,954.0392,1241.9384
LSA,2021-05-28 05:00:00,1104.4769,1027.0023,94.0501,1010.4268,1304.6458
LSA,2021-05-28 06:00:00,1095.4741,1025.7792,93.8144,1001.6598,1294.834
LSA,2021-05-28 07:00:00,1020.5972,1014.6464,92.1634,928.4338,1213.1852
LSA,2021-05-28 08:00:00,885.2845,991.027,88.7557,796.5289,1065.2778
LSA,2021-05-28 09:00:00,699.2244,947.3891,83.0675,616.1569,861.2053
LSA,2021-05-28 10:00:00,476.8381,866.0087,73.4048,403.4333,614.887
LSA,2021-05-28 11:00:00,238.5452,689.9918,55.3059,183.2393,343.1183
LSA,2021-05-28 12:00:00,37.9869,206.5279,16.7549,21.2321,74.1156
LSA,2021-05-28 13:00:00,0.0,0.0,0.0,0.0,0.0
LSA,2021-05-28 14:00:00,0.0,0.0,0.0,0.0,0.0
LSA,2021-05-28 15:00:00,0.0,0.0,0.0,0.0,0.0
LSA,2021-05-28 16:00:00,0.0,0.0,0.0,0.0,0.0
LSA,2021-05-28 17:00:00,0.0,0.0,0.0,0.0,0.0
LSA,2021-05-28 18:00:00,0.0,0.0,0.0,0.0,0.0
LSA,2021-05-28 19:00:00,0.0,0.0,0.0,0.0,0.0
LSA,2021-05-28 20:00:00,0.0,0.0,0.0,0.0,0.0
LSA,2021-05-28 21:00:00,0.0,0.0,0.0,0.0,0.0
LSA,2021-05-28 22:00:00,0.0,0.0,0.0,0.0,0.0
LSA,2021-05-28 23:00:00,81.372,407.5989,26.1197,55.2523,139.1505
LSA,2021-05-29 00:00:00,306.4589,796.1168,52.1965,254.2624,417.7826
LSA,2021-05-29 01:00:00,542.7848,928.1636,62.2123,480.5724,684.3954
LSA,2021-05-29 02:00:00,756.3814,992.7631,66.1385,690.2429,920.8278
LSA,2021-05-29 03:00:00,929.7306,1027.1033,68.7018,861.0287,1110.9755
LSA,2021-05-29 04:00:00,1049.7224,1044.3077,71.3006,978.4218,1241.8892
LSA,2021-05-29 05:00:00,1107.6345,1051.5303,72.7113,1034.9233,1304.6572
LSA,2021-05-29 06:00:00,1098.0366,1045.1721,76.9191,1021.1175,1295.014
LSA,2021-05-29 07:00:00,1021.5921,1024.3976,83.4997,938.0924,1213.6298
LSA,2021-05-29 08:00:00,884.8068,990.1756,87.9719,796.8349,1066.0642
LSA,2021-05-29 09:00:00,698.6658,939.7318,86.4119,612.2539,862.3871
LSA,2021-05-29 10:00:00,477.1891,855.8424,77.2447,399.9445,616.4903
LSA,2021-05-29 11:00:00,239.1572,674.9353,58.6184,180.5388,345.1399
LSA,2021-05-29 12:00:00,38.593,199.9478,17.7725,20.8205,75.8803
LSA,2021-05-29 13:00:00,0.0,0.0,0.0,0.0,0.0
LSA,2021-05-29 14:00:00,0.0,0.0,0.0,0.0,0.0
LSA,2021-05-29 15:00:00,0.0,0.0,0.0,0.0,0.0
LSA,2021-05-29 16:00:00,0.0,0.0,0.0,0.0,0.0
LSA,2021-05-29 17:00:00,0.0,0.0,0.0,0.0,0.0
LSA,2021-05-29 18:00:00,0.0,0.0,0.0,0.0,0.0
LSA,2021-05-29 19:00:00,0.0,0.0,0.0,0.0,0.0
LSA,2021-05-29 20:00:00,0.0,0.0,0.0,0.0,0.0
LSA,2021-05-29 21:00:00,0.0,0.0,0.0,0.0,0.0
LSA,2021-05-29 22:00:00,0.0,0.0,0.0,0.0,0.0
LSA,2021-05-29 23:00:00,82.4337,408.927,26.7926,55.6411,140.2067
LSA,2021-05-30 00:00:00,309.2134,799.5236,53.3883,255.8251,418.4532
LSA,2021-05-30 01:00:00,546.9929,931.7947,64.1374,482.8555,684.7401
LSA,2021-05-30 02:00:00,762.0816,996.5571,68.8934,693.1882,920.9282
LSA,2021-05-30 03:00:00,936.1643,1028.9539,73.3689,862.7954,1110.9299
LSA,2021-05-30 04:00:00,1055.9636,1042.4961,78.9976,976.966,1241.8054
LSA,2021-05-30 05:00:00,1113.3916,1046.1351,83.4472,1029.9443,1304.6456
LSA,2021-05-30 06:00:00,1103.0057,1037.9722,88.452,1014.5538,1295.1793
LSA,2021-05-30 07:00:00,1025.537,1016.8372,93.7164,931.8206,1214.0641
LSA,2021-05-30 08:00:00,887.6353,981.7539,96.7216,790.9136,1066.8412
LSA,2021-05-30 09:00:00,700.4543,924.7411,96.7589,603.6954,863.5562
LSA,2021-05-30 10:00:00,477.3164,825.6187,90.0086,387.3078,618.074
LSA,2021-05-30 11:00:00,237.1961,621.8634,69.0443,168.1519,347.1316
LSA,2021-05-30 12:00:00,38.2326,170.9429,20.0283,18.2043,77.6216
LSA,2021-05-30 13:00:00,0.0,0.0,0.0,0.0,0.0
LSA,2021-05-30 14:00:00,0.0,0.0,0.0,0.0,0.0
LSA,2021-05-30 15:00:00,0.0,0.0,0.0,0.0,0.0
LSA,2021-05-30 16:00:00,0.0,0.0,0.0,0.0,0.0
LSA,2021-05-30 17:00:00,0.0,0.0,0.0,0.0,0.0
LSA,2021-05-30 18:00:00,0.0,0.0,0.0,0.0,0.0
LSA,2021-05-30 19:00:00,0.0,0.0,0.0,0.0,0.0
LSA,2021-05-30 20:00:00,0.0,0.0,0.0,0.0,0.0
LSA,2021-05-30 21:00:00,0.0,0.0,0.0,0.0,0.0
LSA,2021-05-30 22:00:00,0.0,0.0,0.0,0.0,0.0
LSA,2021-05-30 23:00:00,78.1771,315.6051,33.8298,44.3473,141.1582
LSA,2021-05-31 00:00:00,303.265,715.7942,72.5911,230.6738,419.0321
LSA,2021-05-31 01:00:00,545.6517,890.362,83.3299,462.3218,685.0078
LSA,2021-05-31 02:00:00,764.996,982.2159,81.2304,683.7656,920.9671
LSA,2021-05-31 03:00:00,941.7023,1026.8895,80.3824,861.3199,1110.8376
LSA,2021-05-31 04:00:00,1062.9244,1044.196,84.115,978.8094,1241.6886
LSA,2021-05-31 05:00:00,1121.4917,1051.0006,86.439,1035.0527,1304.6119
LSA,2021-05-31 06:00:00,1111.9609,1046.234,88.8884,1023.0725,1295.3306
LSA,2021-05-31 07:00:00,1035.0229,1029.1439,91.3201,943.7029,1214.489
LSA,2021-05-31 08:00:00,897.2731,998.9218,91.7572,805.5159,1067.609
LSA,2021-05-31 09:00:00,709.2538,950.1161,88.1502,621.1036,864.7125
LSA,2021-05-31 10:00:00,485.262,864.9509,78.7451,406.5169,619.6373
LSA,2021-05-31 11:00:00,244.783,683.2443,59.9332,184.8497,349.0923
LSA,2021-05-31 12:00:00,40.9675,209.7233,18.7079,22.2597,79.3315
LSA,2021-05-31 13:00:00,0.0,0.0,0.0,0.0,0.0
LSA,2021-05-31 14:00:00,0.0,0.0,0.0,0.0,0.0
LSA,2021-05-31 15:00:00,0.0,0.0,0.0,0.0,0.0
LSA,2021-05-31 16:00:00,0.0,0.0,0.0,0.0,0.0
LSA,2021-05-31 17:00:00,0.0,0.0,0.0,0.0,0.0
LSA,2021-05-31 18:00:00,0.0,0.0,0.0,0.0,0.0
LSA,2021-05-31 19:00:00,0.0,0.0,0.0,0.0,0.0
LSA,2021-05-31 20:00:00,0.0,0.0,0.0,0.0,0.0
LSA,2021-05-31 21:00:00,0.0,0.0,0.0,0.0,0.0
LSA,2021-05-31 22:00:00,0.0,0.0,0.0,0.0,0.0
LSA,2021-05-31 23:00:00,81.3734,365.5425,30.5491,50.8243,142.0056
LSA,2021-06-01 00:00:00,307.1384,757.2412,63.6526,243.4858,419.5204
LSA,2021-06-01 01:00:00,545.6536,900.0756,78.4553,467.1984,685.1998
LSA,2021-06-01 02:00:00,761.3564,970.3273,85.8946,675.4618,920.9457
LSA,2021-06-01 03:00:00,936.3795,1009.1241,89.7412,846.6384,1110.7002
LSA,2021-06-01 04:00:00,1057.5714,1030.48,91.403,966.1683,1241.54
LSA,2021-06-01 05:00:00,1116.2091,1040.335,91.3702,1024.8389,1304.5576
LSA,2021-06-01 06:00:00,1106.8455,1037.8949,91.5004,1015.345,1295.4689
LSA,2021-06-01 07:00:00,1030.5082,1023.0873,91.7555,938.7527,1214.9048
LSA,2021-06-01 08:00:00,893.7922,995.6135,90.152,803.6402,1068.3677
LSA,2021-06-01 09:00:00,707.4859,950.8077,84.9846,622.5013,865.8557
LSA,2021-06-01 10:00:00,485.6237,871.9694,74.8113,410.8123,621.1796
LSA,2021-06-01 11:00:00,247.0465,701.5505,56.5676,190.4789,351.0209
LSA,2021-06-01 12:00:00,42.2484,221.7833,18.3862,23.8622,81.0526
LSA,2021-06-01 13:00:00,0.0,0.0,0.0,0.0,0.0
LSA,2021-06-01 14:00:00,0.0,0.0,0.0,0.0,0.0
LSA,2021-06-01 15:00:00,0.0,0.0,0.0,0.0,0.0
LSA,2021-06-01 16:00:00,0.0,0.0,0.0,0.0,0.0
LSA,2021-06-01 17:00:00,0.0,0.0,0.0,0.0,0.0
LSA,2021-06-01 18:00:00,0.0,0.0,0.0,0.0,0.0
LSA,2021-06-01 19:00:00,0.0,0.0,0.0,0.0,0.0
LSA,2021-06-01 20:00:00,0.0,0.0,0.0,0.0,0.0
LSA,2021-06-01 21:00:00,0.0,0.0,0.0,0.0,0.0
LSA,2021-06-01 22:00:00,0.0108,0.0,0.0072,0.0035,0.045
LSA,2021-06-01 23:00:00,81.0373,345.8875,32.5586,48.4787,142.7498
LSA,2021-06-02 00:00:00,306.728,739.2217,68.3955,238.3324,419.9191
LSA,2021-06-02 01:00:00,546.5175,893.645,82.2841,464.2334,685.3173
LSA,2021-06-02 02:00:00,763.3127,970.9547,87.1849,676.1278,920.8655
LSA,2021-06-02 03:00:00,939.4057,1012.3578,89.9303,849.4754,1110.5189
LSA,2021-06-02 04:00:00,1061.9097,1033.6794,92.5787,969.3309,1241.361
LSA,2021-06-02 05:00:00,1121.9283,1043.647,93.5645,1028.3639,1304.4835
LSA,2021-06-02 06:00:00,1113.1368,1039.8004,95.5034,1017.6334,1295.5948
LSA,2021-06-02 07:00:00,1036.2045,1021.4949,98.2795,937.9249,1215.3119
LSA,2021-06-02 08:00:00,898.5703,989.6408,98.8855,799.6848,1069.1172
LSA,2021-06-02 09:00:00,710.0742,938.992,94.2149,615.8593,866.985
LSA,2021-06-02 10:00:00,485.7378,852.8447,82.6574,403.0805,622.7
LSA,2021-06-02 11:00:00,245.8611,672.231,61.9344,183.9267,352.916
LSA,2021-06-02 12:00:00,41.8241,198.18,19.9542,21.8698,82.7341
LSA,2021-06-02 13:00:00,0.0,0.0,0.0,0.0,0.0
LSA,2021-06-02 14:00:00,0.0,0.0,0.0,0.0,0.0
LSA,2021-06-02 15:00:00,0.0,0.0,0.0,0.0,0.0
LSA,2021-06-02 16:00:00,0.0,0.0,0.0,0.0,0.0
LSA,2021-06-02 17:00:00,0.0,0.0,0.0,0.0,0.0
LSA,2021-06-02 18:00:00,0.0,0.0,0.0,0.0,0.0
LSA,2021-06-02 19:00:00,0.0,0.0,0.0,0.0,0.0
LSA,2021-06-02 20:00:00,0.0,0.0,0.0,0.0,0.0
LSA,2021-06-02 21:00:00,0.0,0.0,0.0,0.0,0.0
LSA,2021-06-02 22:00:00,0.014,0.0,0.0112,0.0027,0.0588
LSA,2021-06-02 23:00:00,78.1951,311.5075,33.8752,44.3199,143.3916
LSA,2021-06-03 00:00:00,300.6759,700.1242,74.4723,226.2036,420.2294
LSA,2021-06-03 01:00:00,539.6466,857.4388,93.9478,445.6989,685.3618
LSA,2021-06-03 02:00:00,756.5084,936.7465,104.0585,652.4499,920.728
LSA,2021-06-03 03:00:00,932.5347,978.555,111.3323,821.2023,1110.2953
LSA,2021-06-03 04:00:00,1054.6359,998.892,117.8069,936.8289,1241.1527
LSA,2021-06-03 05:00:00,1114.0438,1006.3629,122.1931,991.8507,1304.3907
LSA,2021-06-03 06:00:00,1105.9922,1004.1582,122.8741,983.1182,1295.7094
LSA,2021-06-03 07:00:00,1031.0763,991.8779,119.8065,911.2699,1215.7107
LSA,2021-06-03 08:00:00,895.1339,965.3942,114.3147,780.8193,1069.8575
LSA,2021-06-03 09:00:00,708.8333,920.0715,104.4824,604.351,868.1003
LSA,2021-06-03 10:00:00,486.3983,838.757,88.96,397.4383,624.1974
LSA,2021-06-03 11:00:00,247.3821,663.8822,64.8168,182.5654,354.7766
LSA,2021-06-03 12:00:00,43.0465,203.5784,20.4936,22.5529,84.4244
LSA,2021-06-03 13:00:00,0.0,0.0,0.0,0.0,0.0
LSA,2021-06-03 14:00:00,0.0,0.0,0.0,0.0,0.0
LSA,2021-06-03 15:00:00,0.0,0.0,0.0,0.0,0.0
LSA,2021-06-03 16:00:00,0.0,0.0,0.0,0.0,0.0
LSA,2021-06-03 17:00:00,0.0,0.0,0.0,0.0,0.0
LSA,2021-06-03 18:00:00,0.0,0.0,0.0,0.0,0.0
LSA,2021-06-03 19:00:00,0.0,0.0,0.0,0.0,0.0
LSA,2021-06-03 20:00:00,0.0,0.0,0.0,0.0,0.0
LSA,2021-06-03 21:00:00,0.0,0.0,0.0,0.0,0.0
LSA,2021-06-03 22:00:00,0.0162,0.0,0.0144,0.0018,0.0708
LSA,2021-06-03 23:00:00,76.2762,283.6812,35.6365,40.6398,143.932
LSA,2021-06-04 00:00:00,295.0088,661.5856,80.7673,214.2415,420.4525
LSA,2021-06-04 01:00:00,532.0787,824.7478,103.1171,428.9615,685.3347
LSA,2021-06-04 02:00:00,747.4436,908.2578,114.714,632.7296,920.5347
LSA,2021-06-04 03:00:00,922.3348,954.9512,120.8225,801.5123,1110.0309
LSA,2021-06-04 04:00:00,1043.673,980.9174,123.5731,920.0999,1240.9167
LSA,2021-06-04 05:00:00,1102.6832,992.997,123.7924,978.8908,1304.2804
LSA,2021-06-04 06:00:00,1093.9923,990.2161,124.1457,969.8466,1295.813
LSA,2021-06-04 07:00:00,1018.3134,972.1387,124.5821,893.7312,1216.1014
LSA,2021-06-04 08:00:00,882.338,938.8234,122.1738,760.1642,1070.5885
LSA,2021-06-04 09:00:00,697.5759,883.2263,116.2985,581.2773,869.2007
LSA,2021-06-04 10:00:00,477.1109,784.7861,103.8024,373.3085,625.671
LSA,2021-06-04 11:00:00,239.717,584.9977,76.9953,162.7217,356.6009
LSA,2021-06-04 12:00:00,41.2658,160.5141,23.078,18.1878,86.069
LSA,2021-06-04 13:00:00,0.0,0.0,0.0,0.0,0.0
LSA,2021-06-04 14:00:00,0.0,0.0,0.0,0.0,0.0
LSA,2021-06-04 15:00:00,0.0,0.0,0.0,0.0,0.0
LSA,2021-06-04 16:00:00,0.0,0.0,0.0,0.0,0.0
LSA,2021-06-04 17:00:00,0.0,0.0,0.0,0.0,0.0
LSA,2021-06-04 18:00:00,0.0,0.0,0.0,0.0,0.0
LSA,2021-06-04 19:00:00,0.0,0.0,0.0,0.0,0.0
LSA,2021-06-04 20:00:00,0.0,0.0,0.0,0.0,0.0
LSA,2021-06-04 21:00:00,0.0,0.0,0.0,0.0,0.0
LSA,2021-06-04 22:00:00,0.0185,0.0,0.0171,0.0014,0.081
LSA,2021-06-04 23:00:00,77.2692,291.0742,35.5459,41.7232,144.372
LSA,2021-06-05 00:00:00,297.3228,675.5193,78.4455,218.8773,420.5899
LSA,2021-06-05 01:00:00,535.2321,842.4392,96.9948,438.2373,685.2377
LSA,2021-06-05 02:00:00,751.2447,928.8247,104.157,647.0877,920.2872
LSA,2021-06-05 03:00:00,926.3954,974.4767,108.5383,817.8571,1109.7271
LSA,2021-06-05 04:00:00,1047.729,996.579,112.8906,934.8384,1240.6542
LSA,2021-06-05 05:00:00,1106.9517,1005.8793,115.1788,991.7728,1304.1536
LSA,2021-06-05 06:00:00,1098.7635,1001.9739,117.0509,981.7126,1295.9064
LSA,2021-06-05 07:00:00,1023.8123,984.3033,118.3623,905.45,1216.4844
LSA,2021-06-05 08:00:00,888.5494,952.0281,116.9778,771.5716,1071.3097
LSA,2021-06-05 09:00:00,703.7785,899.6373,110.891,592.8875,870.2856
LSA,2021-06-05 10:00:00,483.126,808.6436,97.7039,385.4221,627.1193
LSA,2021-06-05 11:00:00,245.7175,622.1085,72.3946,173.3228,358.3875
LSA,2021-06-05 12:00:00,43.4334,178.9415,22.9349,20.4986,87.7165
LSA,2021-06-05 13:00:00,0.0,0.0,0.0,0.0,0.0
LSA,2021-06-05 14:00:00,0.0,0.0,0.0,0.0,0.0
LSA,2021-06-05 15:00:00,0.0,0.0,0.0,0.0,0.0
LSA,2021-06-05 16:00:00,0.0,0.0,0.0,0.0,0.0
LSA,2021-06-05 17:00:00,0.0,0.0,0.0,0.0,0.0
LSA,2021-06-05 18:00:00,0.0,0.0,0.0,0.0,0.0
LSA,2021-06-05 19:00:00,0.0,0.0,0.0,0.0,0.0
LSA,2021-06-05 20:00:00,0.0,0.0,0.0,0.0,0.0
LSA,2021-06-05 21:00:00,0.0,0.0,0.0,0.0,0.0
LSA,2021-06-05 22:00:00,0.0206,0.0,0.0196,0.001,0.0894
LSA,2021-06-05 23:00:00,79.0062,302.8331,35.6412,43.3651,144.713
LSA,2021-06-06 00:00:00,300.9646,693.8373,76.1596,224.8051,420.643
LSA,2021-06-06 01:00:00,539.4764,861.8123,91.1693,448.307,685.0721
LSA,2021-06-06 02:00:00,755.6065,950.2676,93.5953,662.0112,919.9871
LSA,2021-06-06 03:00:00,930.5236,996.2757,94.4205,836.1031,1109.3854
LSA,2021-06-06 04:00:00,1051.5181,1017.3261,97.1789,954.3392,1240.3665
LSA,2021-06-06 05:00:00,1110.7335,1026.781,98.1812,1012.5524,1304.0111
LSA,2021-06-06 06:00:00,1103.7017,1026.5815,97.5555,1006.1462,1295.9902
LSA,2021-06-06 07:00:00,1030.9662,1016.5839,95.3432,935.6229,1216.8595
LSA,2021-06-06 08:00:00,897.9273,994.4333,91.3819,806.5455,1072.0209
LSA,2021-06-06 09:00:00,713.4554,952.1008,85.2283,628.2271,871.354
LSA,2021-06-06 10:00:00,492.0936,873.1278,75.3033,416.7902,628.5413
LSA,2021-06-06 11:00:00,254.4249,707.4763,57.4309,196.994,360.1349
LSA,2021-06-06 12:00:00,47.3422,243.5932,20.0899,27.2523,89.3152
LSA,2021-06-06 13:00:00,0.0,0.0,0.0,0.0,0.0
LSA,2021-06-06 14:00:00,0.0,0.0,0.0,0.0,0.0
LSA,2021-06-06 15:00:00,0.0,0.0,0.0,0.0,0.0
LSA,2021-06-06 16:00:00,0.0,0.0,0.0,0.0,0.0
LSA,2021-06-06 17:00:00,0.0,0.0,0.0,0.0,0.0
LSA,2021-06-06 18:00:00,0.0,0.0,0.0,0.0,0.0
LSA,2021-06-06 19:00:00,0.0,0.0,0.0,0.0,0.0
LSA,2021-06-06 20:00:00,0.0,0.0,0.0,0.0,0.0
LSA,2021-06-06 21:00:00,0.0,0.0,0.0,0.0,0.0
LSA,2021-06-06 22:00:00,0.0226,0.0,0.0213,0.0013,0.0961
LSA,2021-06-06 23:00:00,88.8567,488.0883,23.1645,65.6922,144.9563
LSA,2021-06-07 00:00:00,315.1206,842.982,44.1045,271.0161,420.6134
LSA,2021-06-07 01:00:00,550.331,954.373,54.7771,495.5539,684.84
LSA,2021-06-07 02:00:00,764.0501,1008.8611,61.7176,702.3325,919.6362
LSA,2021-06-07 03:00:00,938.1575,1037.8173,67.3534,870.8041,1109.0074
LSA,2021-06-07 04:00:00,1059.0125,1051.7867,72.3682,986.6443,1240.0548
LSA,2021-06-07 05:00:00,1118.2689,1056.5039,76.2585,1042.0104,1303.854
LSA,2021-06-07 06:00:00,1110.3425,1051.4153,79.5054,1030.837,1296.0649
LSA,2021-06-07 07:00:00,1035.8583,1035.7551,82.0116,953.8467,1217.2271
LSA,2021-06-07 08:00:00,901.2001,1008.0579,82.7934,818.4067,1072.7216
LSA,2021-06-07 09:00:00,715.285,958.8105,81.5886,633.6964,872.405
LSA,2021-06-07 10:00:00,492.5681,869.6866,76.1854,416.3827,629.9355
LSA,2021-06-07 11:00:00,253.6221,687.4839,60.7653,192.8567,361.8413
LSA,2021-06-07 12:00:00,46.923,219.8974,21.6751,25.2479,90.8703
LSA,2021-06-07 13:00:00,0.0,0.0,0.0,0.0,0.0
LSA,2021-06-07 14:00:00,0.0,0.0,0.0,0.0,0.0
LSA,2021-06-07 15:00:00,0.0,0.0,0.0,0.0,0.0
LSA,2021-06-07 16:00:00,0.0,0.0,0.0,0.0,0.0
LSA,2021-06-07 17:00:00,0.0,0.0,0.0,0.0,0.0
LSA,2021-06-07 18:00:00,0.0,0.0,0.0,0.0,0.0
LSA,2021-06-07 19:00:00,0.0,0.0,0.0,0.0,0.0
LSA,2021-06-07 20:00:00,0.0,0.0,0.0,0.0,0.0
LSA,2021-06-07 21:00:00,0.0,0.0,0.0,0.0,0.0
LSA,2021-06-07 22:00:00,0.0236,0.0,0.0227,0.0009,0.1011
LSA,2021-06-07 23:00:00,85.5037,422.1492,27.1912,58.3125,145.1033
LSA,2021-06-08 00:00:00,309.7843,796.5235,53.268,256.5163,420.5028
LSA,2021-06-08 01:00:00,543.5676,918.6288,66.5089,477.0587,684.5428
LSA,2021-06-08 02:00:00,755.1996,977.4314,74.816,680.3835,919.2361
LSA,2021-06-08 03:00:00,928.519,1012.0339,79.3488,849.1702,1108.595
LSA,2021-06-08 04:00:00,1050.5669,1033.7245,80.8323,969.7346,1239.7206
LSA,2021-06-08 05:00:00,1111.288,1044.5999,80.8761,1030.4119,1303.6832
LSA,2021-06-08 06:00:00,1105.2362,1044.2904,81.078,1024.1582,1296.1311
LSA,2021-06-08 07:00:00,1032.8492,1032.5826,81.4259,951.4233,1217.5868
LSA,2021-06-08 08:00:00,900.2643,1009.2421,80.2114,820.0529,1073.4113
LSA,2021-06-08 09:00:00,716.6461,967.0078,76.7568,639.8893,873.4377
LSA,2021-06-08 10:00:00,496.271,889.7869,69.5221,426.7489,631.3007
LSA,2021-06-08 11:00:00,258.8707,727.2358,54.6165,204.2542,363.5049
LSA,2021-06-08 12:00:00,49.9276,266.508,19.9404,29.9871,92.4494
LSA,2021-06-08 13:00:00,0.0,0.0,0.0,0.0,0.0
LSA,2021-06-08 14:00:00,0.0,0.0,0.0,0.0,0.0
LSA,2021-06-08 15:00:00,0.0,0.0,0.0,0.0,0.0
LSA,2021-06-08 16:00:00,0.0,0.0,0.0,0.0,0.0
LSA,2021-06-08 17:00:00,0.0,0.0,0.0,0.0,0.0
LSA,2021-06-08 18:00:00,0.0,0.0,0.0,0.0,0.0
LSA,2021-06-08 19:00:00,0.0,0.0,0.0,0.0,0.0
LSA,2021-06-08 20:00:00,0.0,0.0,0.0,0.0,0.0
LSA,2021-06-08 21:00:00,0.0,0.0,0.0,0.0,0.0
LSA,2021-06-08 22:00:00,0.0249,0.0,0.0241,0.0009,0.1044
LSA,2021-06-08 23:00:00,86.479,418.9489,28.6907,57.7883,145.1555
LSA,2021-06-09 00:00:00,313.2816,796.2501,56.6618,256.6199,420.3134
LSA,2021-06-09 01:00:00,550.858,929.0504,68.405,482.4531,684.183
LSA,2021-06-09 02:00:00,766.1755,994.6387,73.9084,692.2671,918.7891
LSA,2021-06-09 03:00:00,940.771,1027.7351,78.6455,862.1254,1108.1495
LSA,2021-06-09 04:00:00,1061.2961,1041.8125,84.0541,977.242,1239.3652
LSA,2021-06-09 05:00:00,1119.896,1045.8203,88.1794,1031.7166,1303.4998
LSA,2021-06-09 06:00:00,1112.1515,1041.8491,90.0847,1022.0667,1296.1891
LSA,2021-06-09 07:00:00,1038.6497,1029.3636,89.6745,948.9752,1217.9388
LSA,2021-06-09 08:00:00,904.8012,1004.8776,87.5599,817.2413,1074.0895
LSA,2021-06-09 09:00:00,720.6976,963.5457,82.2465,638.4511,874.4514
LSA,2021-06-09 10:00:00,500.3712,890.1562,72.5162,427.855,632.6355
LSA,2021-06-09 11:00:00,262.5267,733.3711,55.7642,206.7625,365.1246
LSA,2021-06-09 12:00:00,51.2049,265.2476,20.7805,30.4244,93.9447
LSA,2021-06-09 13:00:00,0.0,0.0,0.0,0.0,0.0
LSA,2021-06-09 14:00:00,0.0,0.0,0.0,0.0,0.0
LSA,2021-06-09 15:00:00,0.0,0.0,0.0,0.0,0.0
LSA,2021-06-09 16:00:00,0.0,0.0,0.0,0.0,0.0
LSA,2021-06-09 17:00:00,0.0,0.0,0.0,0.0,0.0
LSA,2021-06-09 18:00:00,0.0,0.0,0.0,0.0,0.0
LSA,2021-06-09 19:00:00,0.0,0.0,0.0,0.0,0.0
LSA,2021-06-09 20:00:00,0.0,0.0,0.0,0.0,0.0
LSA,2021-06-09 21:00:00,0.0,0.0,0.0,0.0,0.0
LSA,2021-06-09 22:00:00,0.0251,0.0,0.0244,0.0008,0.106
LSA,2021-06-09 23:00:00,83.6464,368.4402,31.87,51.7764,145.1151
LSA,2021-06-10 00:00:00,308.727,756.285,64.6341,244.0929,420.046
LSA,2021-06-10 01:00:00,546.4695,900.9446,78.6103,467.8592,683.7615
LSA,2021-06-10 02:00:00,762.0067,972.8934,84.9964,677.0103,918.2961
LSA,2021-06-10 03:00:00,936.8977,1009.3829,90.2985,846.5992,1107.6724
LSA,2021-06-10 04:00:00,1058.0115,1025.3583,96.2532,961.7582,1238.9896
LSA,2021-06-10 05:00:00,1117.2504,1030.3795,100.6726,1016.5778,1303.3041
LSA,2021-06-10 06:00:00,1109.8134,1025.6658,103.3356,1006.4777,1296.2391
LSA,2021-06-10 07:00:00,1036.2363,1010.5404,104.1025,932.1337,1218.2828
LSA,2021-06-10 08:00:00,902.2311,982.1295,102.7445,799.4866,1074.7551
LSA,2021-06-10 09:00:00,717.9037,935.3438,97.1771,620.7266,875.444
LSA,2021-06-10 10:00:00,497.1564,853.3724,85.7974,411.359,633.9376
LSA,2021-06-10 11:00:00,258.9969,681.5723,65.3549,193.642,366.6972
LSA,2021-06-10 12:00:00,50.2041,230.3124,23.2444,26.9597,95.4471
LSA,2021-06-10 13:00:00,0.0,0.0,0.0,0.0,0.0
LSA,2021-06-10 14:00:00,0.0,0.0,0.0,0.0,0.0
LSA,2021-06-10 15:00:00,0.0,0.0,0.0,0.0,0.0
LSA,2021-06-10 16:00:00,0.0,0.0,0.0,0.0,0.0
LSA,2021-06-10 17:00:00,0.0,0.0,0.0,0.0,0.0
LSA,2021-06-10 18:00:00,0.0,0.0,0.0,0.0,0.0
LSA,2021-06-10 19:00:00,0.0,0.0,0.0,0.0,0.0
LSA,2021-06-10 20:00:00,0.0,0.0,0.0,0.0,0.0
LSA,2021-06-10 21:00:00,0.0,0.0,0.0,0.0,0.0
LSA,2021-06-10 22:00:00,0.0249,0.0,0.0243,0.0006,0.1059
LSA,2021-06-10 23:00:00,81.2961,331.6418,34.3147,46.9814,144.9827
LSA,2021-06-11 00:00:00,301.6672,696.1042,77.2325,224.4347,419.7029
LSA,2021-06-11 01:00:00,535.0956,823.2531,107.8646,427.2311,683.2806
LSA,2021-06-11 02:00:00,747.3292,883.2353,133.0102,614.319,917.7595
LSA,2021-06-11 03:00:00,920.0099,912.4962,154.8611,765.1488,1107.1653
LSA,2021-06-11 04:00:00,1039.8665,923.5042,173.7495,866.117,1238.5952
LSA,2021-06-11 05:00:00,1097.7777,921.291,188.7767,909.0009,1303.0974
LSA,2021-06-11 06:00:00,1090.4508,918.2349,189.1862,901.2645,1296.2815
LSA,2021-06-11 07:00:00,1018.4722,913.8966,175.1096,843.3625,1218.6185
LSA,2021-06-11 08:00:00,886.2368,894.9631,157.1636,729.0732,1075.4077
LSA,2021-06-11 09:00:00,702.692,844.5567,141.1344,561.5577,876.4148
LSA,2021-06-11 10:00:00,481.3874,740.3057,123.0633,358.3241,635.2059
LSA,2021-06-11 11:00:00,244.3703,539.0296,89.1631,155.2072,368.2215
LSA,2021-06-11 12:00:00,45.314,140.5097,28.0295,17.2845,96.8706
LSA,2021-06-11 13:00:00,0.0,0.0,0.0,0.0,0.0
LSA,2021-06-11 14:00:00,0.0,0.0,0.0,0.0,0.0
LSA,2021-06-11 15:00:00,0.0,0.0,0.0,0.0,0.0
LSA,2021-06-11 16:00:00,0.0,0.0,0.0,0.0,0.0
LSA,2021-06-11 17:00:00,0.0,0.0,0.0,0.0,0.0
LSA,2021-06-11 18:00:00,0.0,0.0,0.0,0.0,0.0
LSA,2021-06-11 19:00:00,0.0,0.0,0.0,0.0,0.0
LSA,2021-06-11 20:00:00,0.0,0.0,0.0,0.0,0.0
LSA,2021-06-11 21:00:00,0.0,0.0,0.0,0.0,0.0
LSA,2021-06-11 22:00:00,0.0242,0.0,0.0235,0.0007,0.1042
LSA,2021-06-11 23:00:00,83.7622,398.9064,28.3067,55.4555,144.7604
LSA,2021-06-12 00:00:00,306.2769,780.8079,55.0417,251.2352,419.2861
LSA,2021-06-12 01:00:00,539.9851,912.4409,66.8072,473.1779,682.7424
LSA,2021-06-12 02:00:00,752.3074,977.5627,72.634,679.6734,917.1808
LSA,2021-06-12 03:00:00,924.5902,1007.6095,79.9691,844.6212,1106.6299
LSA,2021-06-12 04:00:00,1043.6294,1016.527,90.3803,953.2491,1238.1832
LSA,2021-06-12 05:00:00,1101.6965,1015.5267,99.654,1002.0426,1302.8801
LSA,2021-06-12 06:00:00,1093.8252,1005.6805,106.4394,987.3858,1296.3167
LSA,2021-06-12 07:00:00,1020.5143,985.8861,110.1785,910.3359,1218.9459
LSA,2021-06-12 08:00:00,887.7195,952.4286,111.0576,776.6619,1076.0465
LSA,2021-06-12 09:00:00,706.278,904.0898,104.7206,601.5574,877.3626
LSA,2021-06-12 10:00:00,489.7965,825.549,90.1241,399.6724,636.4388
LSA,2021-06-12 11:00:00,256.2894,661.487,66.8632,189.4262,369.6956
LSA,2021-06-12 12:00:00,51.0904,234.3631,23.4988,27.5915,98.2805
LSA,2021-06-12 13:00:00,0.0,0.0,0.0,0.0,0.0
LSA,2021-06-12 14:00:00,0.0,0.0,0.0,0.0,0.0
LSA,2021-06-12 15:00:00,0.0,0.0,0.0,0.0,0.0
LSA,2021-06-12 16:00:00,0.0,0.0,0.0,0.0,0.0
LSA,2021-06-12 17:00:00,0.0,0.0,0.0,0.0,0.0
LSA,2021-06-12 18:00:00,0.0,0.0,0.0,0.0,0.0
LSA,2021-06-12 19:00:00,0.0,0.0,0.0,0.0,0.0
LSA,2021-06-12 20:00:00,0.0,0.0,0.0,0.0,0.0
LSA,2021-06-12 21:00:00,0.0,0.0,0.0,0.0,0.0
LSA,2021-06-12 22:00:00,0.0235,0.0,0.0226,0.001,0.1009
LSA,2021-06-12 23:00:00,86.0633,449.4319,24.8549,61.2084,144.4501
LSA,2021-06-13 00:00:00,308.8139,816.4745,46.7818,262.0322,418.7975
LSA,2021-06-13 01:00:00,541.0618,936.0043,56.1575,484.9042,682.1486
LSA,2021-06-13 02:00:00,751.7906,994.2062,60.9459,690.8447,916.562
LSA,2021-06-13 03:00:00,922.9758,1022.3057,66.2785,856.6973,1106.0676
LSA,2021-06-13 04:00:00,1041.443,1032.6149,73.2246,968.2184,1237.7549
LSA,2021-06-13 05:00:00,1099.3684,1034.0455,79.0074,1020.3611,1302.6533
LSA,2021-06-13 06:00:00,1092.3615,1026.6813,84.1271,1008.2344,1296.3448
LSA,2021-06-13 07:00:00,1020.8028,1009.3895,88.3478,932.455,1219.2644
LSA,2021-06-13 08:00:00,889.6546,979.1643,90.6129,799.0417,1076.6707
LSA,2021-06-13 09:00:00,709.5682,938.8154,84.3304,625.2379,878.2861
LSA,2021-06-13 10:00:00,494.8311,877.4495,69.616,425.2151,637.6346
LSA,2021-06-13 11:00:00,263.3507,744.0675,50.6703,212.6804,371.1176
LSA,2021-06-13 12:00:00,54.5006,299.885,19.6095,34.8911,99.6213
LSA,2021-06-13 13:00:00,0.0,0.0,0.0,0.0,0.0
LSA,2021-06-13 14:00:00,0.0,0.0,0.0,0.0,0.0
LSA,2021-06-13 15:00:00,0.0,0.0,0.0,0.0,0.0
LSA,2021-06-13 16:00:00,0.0,0.0,0.0,0.0,0.0
LSA,2021-06-13 17:00:00,0.0,0.0,0.0,0.0,0.0
LSA,2021-06-13 18:00:00,0.0,0.0,0.0,0.0,0.0
LSA,2021-06-13 19:00:00,0.0,0.0,0.0,0.0,0.0
LSA,2021-06-13 20:00:00,0.0,0.0,0.0,0.0,0.0
LSA,2021-06-13 21:00:00,0.0,0.0,0.0,0.0,0.0
LSA,2021-06-13 22:00:00,0.0223,0.0,0.0212,0.0011,0.096
LSA,2021-06-13 23:00:00,85.9437,450.7288,24.7537,61.19,144.0536
LSA,2021-06-14 00:00:00,309.0419,816.9064,47.155,261.8869,418.2388
LSA,2021-06-14 01:00:00,542.0147,936.903,57.0003,485.0144,681.501
LSA,2021-06-14 02:00:00,753.6974,995.4418,62.3443,691.353,915.9048
LSA,2021-06-14 03:00:00,926.3403,1025.9529,66.8228,859.5174,1105.48
LSA,2021-06-14 04:00:00,1046.6462,1040.2687,71.379,975.2673,1237.3112
LSA,2021-06-14 05:00:00,1106.1399,1045.1091,74.8316,1031.3082,1302.4174
LSA,2021-06-14 06:00:00,1100.0551,1040.6429,77.8923,1022.1628,1296.366
LSA,2021-06-14 07:00:00,1028.7604,1026.0892,80.4702,948.2902,1219.574
LSA,2021-06-14 08:00:00,897.593,999.4942,81.3904,816.2026,1077.2793
LSA,2021-06-14 09:00:00,716.8033,958.5802,77.552,639.2514,879.1842
LSA,2021-06-14 10:00:00,500.3913,889.9641,68.1183,432.273,638.7917
LSA,2021-06-14 11:00:00,266.3471,743.9846,52.5827,213.7644,372.4857
LSA,2021-06-14 12:00:00,55.3008,294.7092,20.684,34.6168,100.9034
LSA,2021-06-14 13:00:00,0.0,0.0,0.0,0.0,0.0
LSA,2021-06-14 14:00:00,0.0,0.0,0.0,0.0,0.0
LSA,2021-06-14 15:00:00,0.0,0.0,0.0,0.0,0.0
LSA,2021-06-14 16:00:00,0.0,0.0,0.0,0.0,0.0
LSA,2021-06-14 17:00:00,0.0,0.0,0.0,0.0,0.0
LSA,2021-06-14 18:00:00,0.0,0.0,0.0,0.0,0.0
LSA,2021-06-14 19:00:00,0.0,0.0,0.0,0.0,0.0
LSA,2021-06-14 20:00:00,0.0,0.0,0.0,0.0,0.0
LSA,2021-06-14 21:00:00,0.0,0.0,0.0,0.0,0.0
LSA,2021-06-14 22:00:00,0.0206,0.0,0.0195,0.0011,0.0896
LSA,2021-06-14 23:00:00,85.24,442.5279,24.9749,60.2651,143.5725
LSA,2021-06-15 00:00:00,308.283,814.0212,47.6446,260.6384,417.612
LSA,2021-06-15 01:00:00,541.1457,933.7803,58.1512,482.9945,680.8017
LSA,2021-06-15 02:00:00,752.6923,991.7646,64.2863,688.4059,915.2108
LSA,2021-06-15 03:00:00,925.5663,1023.0364,68.7769,856.7894,1104.8685
LSA,2021-06-15 04:00:00,1046.4994,1039.152,72.4393,974.06,1236.8531
LSA,2021-06-15 05:00:00,1106.5964,1045.4606,74.9316,1031.6648,1302.1731
LSA,2021-06-15 06:00:00,1100.3492,1041.0181,77.6049,1022.7444,1296.3805
LSA,2021-06-15 07:00:00,1028.2225,1025.2125,80.3173,947.9052,1219.874
LSA,2021-06-15 08:00:00,896.4731,997.3914,81.3691,815.104,1077.8718
LSA,2021-06-15 09:00:00,715.16,952.5099,79.102,636.058,880.0554
LSA,2021-06-15 10:00:00,498.1266,875.1136,72.0453,426.0812,639.9088
LSA,2021-06-15 11:00:00,263.7461,714.8884,57.1279,206.6182,373.7981
LSA,2021-06-15 12:00:00,54.5972,271.2793,22.2655,32.3317,102.1692
LSA,2021-06-15 13:00:00,0.0,0.0,0.0,0.0,0.0
LSA,2021-06-15 14:00:00,0.0,0.0,0.0,0.0,0.0
LSA,2021-06-15 15:00:00,0.0,0.0,0.0,0.0,0.0
LSA,2021-06-15 16:00:00,0.0,0.0,0.0,0.0,0.0
LSA,2021-06-15 17:00:00,0.0,0.0,0.0,0.0,0.0
LSA,2021-06-15 18:00:00,0.0,0.0,0.0,0.0,0.0
LSA,2021-06-15 19:00:00,0.0,0.0,0.0,0.0,0.0
LSA,2021-06-15 20:00:00,0.0,0.0,0.0,0.0,0.0
LSA,2021-06-15 21:00:00,0.0,0.0,0.0,0.0,0.0
LSA,2021-06-15 22:00:00,0.0188,0.0,0.0174,0.0014,0.0817
LSA,2021-06-15 23:00:00,83.3743,406.4009,27.6019,55.7725,143.0086
LSA,2021-06-16 00:00:00,306.1776,786.0532,54.4627,251.715,416.9189
LSA,2021-06-16 01:00:00,540.5162,918.3097,65.7938,474.7225,680.0524
LSA,2021-06-16 02:00:00,753.4158,983.2952,71.2268,682.1891,914.4816
LSA,2021-06-16 03:00:00,926.843,1016.2749,76.0615,850.7815,1104.2344
LSA,2021-06-16 04:00:00,1047.5963,1030.6969,81.6616,965.9348,1236.3818
LSA,2021-06-16 05:00:00,1107.3551,1034.9703,86.0551,1021.3,1301.921
LSA,2021-06-16 06:00:00,1101.3831,1031.2002,88.1003,1013.2827,1296.3883
LSA,2021-06-16 07:00:00,1030.1293,1018.8933,87.6926,942.4366,1220.1642
LSA,2021-06-16 08:00:00,899.0796,994.6792,85.6501,813.4294,1078.4471
LSA,2021-06-16 09:00:00,717.5848,951.6613,81.3654,636.2195,880.8987
LSA,2021-06-16 10:00:00,499.6939,874.0532,73.3357,426.3582,640.9839
LSA,2021-06-16 11:00:00,264.7093,713.9312,57.6557,207.0536,375.0531
LSA,2021-06-16 12:00:00,54.7872,263.7026,22.8092,31.978,103.3525
LSA,2021-06-16 13:00:00,0.0,0.0,0.0,0.0,0.0
LSA,2021-06-16 14:00:00,0.0,0.0,0.0,0.0,0.0
LSA,2021-06-16 15:00:00,0.0,0.0,0.0,0.0,0.0
LSA,2021-06-16 16:00:00,0.0,0.0,0.0,0.0,0.0
LSA,2021-06-16 17:00:00,0.0,0.0,0.0,0.0,0.0
LSA,2021-06-16 18:00:00,0.0,0.0,0.0,0.0,0.0
LSA,2021-06-16 19:00:00,0.0,0.0,0.0,0.0,0.0
LSA,2021-06-16 20:00:00,0.0,0.0,0.0,0.0,0.0
LSA,2021-06-16 21:00:00,0.0,0.0,0.0,0.0,0.0
LSA,2021-06-16 22:00:00,0.0169,0.0,0.0146,0.0023,0.0723
LSA,2021-06-16 23:00:00,79.3044,344.0304,31.0633,48.2411,142.3637
LSA,2021-06-17 00:00:00,300.0904,738.6883,63.3026,236.7877,416.1614
LSA,2021-06-17 01:00:00,535.2146,889.0005,75.8488,459.3658,679.2547
LSA,2021-06-17 02:00:00,749.0197,964.0762,80.4865,668.5331,913.719
LSA,2021-06-17 03:00:00,923.1907,1003.4317,83.4534,839.7373,1103.579
LSA,2021-06-17 04:00:00,1044.6263,1022.5002,86.5532,958.0731,1235.8983
LSA,2021-06-17 05:00:00,1105.0543,1030.496,88.1869,1016.8674,1301.6615
LSA,2021-06-17 06:00:00,1099.3483,1028.2184,88.8165,1010.5317,1296.3894
LSA,2021-06-17 07:00:00,1028.0078,1015.4101,88.4094,939.5983,1220.4442
LSA,2021-06-17 08:00:00,897.0246,990.6138,86.3523,810.6723,1079.0046
LSA,2021-06-17 09:00:00,716.8862,949.6066,81.4105,635.4757,881.7128
LSA,2021-06-17 10:00:00,501.0934,877.6221,72.3484,428.7449,642.016
LSA,2021-06-17 11:00:00,267.3098,725.9204,56.3395,210.9702,376.249
LSA,2021-06-17 12:00:00,56.8484,290.9276,22.1499,34.6985,104.4711
LSA,2021-06-17 13:00:00,0.0,0.0,0.0,0.0,0.0
LSA,2021-06-17 14:00:00,0.0,0.0,0.0,0.0,0.0
LSA,2021-06-17 15:00:00,0.0,0.0,0.0,0.0,0.0
LSA,2021-06-17 16:00:00,0.0,0.0,0.0,0.0,0.0
LSA,2021-06-17 17:00:00,0.0,0.0,0.0,0.0,0.0
LSA,2021-06-17 18:00:00,0.0,0.0,0.0,0.0,0.0
LSA,2021-06-17 19:00:00,0.0,0.0,0.0,0.0,0.0
LSA,2021-06-17 20:00:00,0.0,0.0,0.0,0.0,0.0
LSA,2021-06-17 21:00:00,0.0,0.0,0.0,0.0,0.0
LSA,2021-06-17 22:00:00,0.0139,0.0,0.0118,0.0021,0.0614
LSA,2021-06-17 23:00:00,81.5473,395.7839,27.3976,54.1497,141.6394
LSA,2021-06-18 00:00:00,301.7282,770.9572,55.6615,246.0666,415.341
LSA,2021-06-18 01:00:00,534.7519,901.611,69.6152,465.1367,678.4105
LSA,2021-06-18 02:00:00,747.1649,965.6796,78.107,669.0578,912.9243
LSA,2021-06-18 03:00:00,920.7552,999.7094,84.5303,836.2249,1102.9036
LSA,2021-06-18 04:00:00,1042.062,1016.4378,89.9057,952.1564,1235.4033
LSA,2021-06-18 05:00:00,1102.5142,1022.2089,93.8676,1008.6466,1301.3953
LSA,2021-06-18 06:00:00,1097.5249,1019.5456,95.3588,1002.1661,1296.384
LSA,2021-06-18 07:00:00,1027.4725,1008.0793,94.3053,933.1672,1220.7136
LSA,2021-06-18 08:00:00,897.5841,984.3568,91.5062,806.0779,1079.5433
LSA,2021-06-18 09:00:00,717.5276,943.1504,85.6842,631.8434,882.4966
LSA,2021-06-18 10:00:00,501.1124,869.4716,75.5834,425.529,643.0033
LSA,2021-06-18 11:00:00,267.0431,715.5878,58.3321,208.711,377.3842
LSA,2021-06-18 12:00:00,56.8813,282.5211,22.8252,34.056,105.5237
LSA,2021-06-18 13:00:00,0.0,0.0,0.0,0.0,0.0
LSA,2021-06-18 14:00:00,0.0,0.0,0.0,0.0,0.0
LSA,2021-06-18 15:00:00,0.0,0.0,0.0,0.0,0.0
LSA,2021-06-18 16:00:00,0.0,0.0,0.0,0.0,0.0
LSA,2021-06-18 17:00:00,0.0,0.0,0.0,0.0,0.0
LSA,2021-06-18 18:00:00,0.0,0.0,0.0,0.0,0.0
LSA,2021-06-18 19:00:00,0.0,0.0,0.0,0.0,0.0
LSA,2021-06-18 20:00:00,0.0,0.0,0.0,0.0,0.0
LSA,2021-06-18 21:00:00,0.0,0.0,0.0,0.0,0.0
LSA,2021-06-18 22:00:00,0.0109,0.0,0.0085,0.0024,0.0491
LSA,2021-06-18 23:00:00,82.5776,414.444,26.2768,56.3008,140.8373
LSA,2021-06-19 00:00:00,304.8212,792.9911,52.4136,252.4076,414.4596
LSA,2021-06-19 01:00:00,538.3052,918.5259,65.0784,473.2267,677.5212
LSA,2021-06-19 02:00:00,750.577,979.1574,72.7334,677.8435,912.0989
LSA,2021-06-19 03:00:00,924.0656,1012.0506,77.9163,846.1494,1102.2092
LSA,2021-06-19 04:00:00,1045.4874,1029.3102,81.5125,963.9749,1234.8976
LSA,2021-06-19 05:00:00,1106.0009,1036.0177,83.7809,1022.22,1301.1224
LSA,2021-06-19 06:00:00,1100.9332,1033.1881,85.2047,1015.7286,1296.3721
LSA,2021-06-19 07:00:00,1030.6924,1020.4634,85.7091,944.9832,1220.9719
LSA,2021-06-19 08:00:00,900.6409,995.9147,84.5771,816.0638,1080.0625
LSA,2021-06-19 09:00:00,720.5682,953.389,81.2025,639.3657,883.2489
LSA,2021-06-19 10:00:00,504.061,877.2947,73.9797,430.0813,643.9446
LSA,2021-06-19 11:00:00,269.3523,719.6595,58.7775,210.5748,378.4572
LSA,2021-06-19 12:00:00,57.755,282.9412,23.4005,34.3544,106.5635
LSA,2021-06-19 13:00:00,0.0,0.0,0.0,0.0,0.0
LSA,2021-06-19 14:00:00,0.0,0.0,0.0,0.0,0.0
LSA,2021-06-19 15:00:00,0.0,0.0,0.0,0.0,0.0
LSA,2021-06-19 16:00:00,0.0,0.0,0.0,0.0,0.0
LSA,2021-06-19 17:00:00,0.0,0.0,0.0,0.0,0.0
LSA,2021-06-19 18:00:00,0.0,0.0,0.0,0.0,0.0
LSA,2021-06-19 19:00:00,0.0,0.0,0.0,0.0,0.0
LSA,2021-06-19 20:00:00,0.0,0.0,0.0,0.0,0.0
LSA,2021-06-19 21:00:00,0.0,0.0,0.0,0.0,0.0
LSA,2021-06-19 22:00:00,0.0,0.0,0.0,0.0,0.0
LSA,2021-06-19 23:00:00,81.013,399.5253,26.6406,54.3724,139.959
LSA,2021-06-20 00:00:00,302.4206,785.8804,52.6081,249.8125,413.5187
LSA,2021-06-20 01:00:00,535.9303,918.5698,63.1759,472.7544,676.5885
LSA,2021-06-20 02:00:00,748.3995,983.572,67.9891,680.4105,911.2444
LSA,2021-06-20 03:00:00,921.9969,1017.719,71.5433,850.4537,1101.4971
LSA,2021-06-20 04:00:00,1043.4741,1034.2773,75.1125,968.3616,1234.382
LSA,2021-06-20 05:00:00,1104.2747,1040.6989,77.5055,1026.7692,1300.8436
LSA,2021-06-20 06:00:00,1099.6133,1038.3477,78.6805,1020.9327,1296.3535
LSA,2021-06-20 07:00:00,1029.8611,1026.9225,78.5773,951.2838,1221.2188
LSA,2021-06-20 08:00:00,900.4189,1004.2576,77.0469,823.372,1080.5614
LSA,2021-06-20 09:00:00,719.8817,960.1495,75.2908,644.5908,883.9686
LSA,2021-06-20 10:00:00,502.2067,877.47,71.2593,430.9474,644.8385
LSA,2021-06-20 11:00:00,267.1393,710.2108,58.4996,208.6398,379.4666
LSA,2021-06-20 12:00:00,56.8704,267.5866,23.9122,32.9583,107.4976
LSA,2021-06-20 13:00:00,0.0,0.0,0.0,0.0,0.0
LSA,2021-06-20 14:00:00,0.0,0.0,0.0,0.0,0.0
LSA,2021-06-20 15:00:00,0.0,0.0,0.0,0.0,0.0
LSA,2021-06-20 16:00:00,0.0,0.0,0.0,0.0,0.0
LSA,2021-06-20 17:00:00,0.0,0.0,0.0,0.0,0.0
LSA,2021-06-20 18:00:00,0.0,0.0,0.0,0.0,0.0
LSA,2021-06-20 19:00:00,0.0,0.0,0.0,0.0,0.0
LSA,2021-06-20 20:00:00,0.0,0.0,0.0,0.0,0.0
LSA,2021-06-20 21:00:00,0.0,0.0,0.0,0.0,0.0
LSA,2021-06-20 22:00:00,0.0,0.0,0.0,0.0,0.0
LSA,2021-06-20 23:00:00,79.2553,384.9872,26.9093,52.3461,139.0061
LSA,2021-06-21 00:00:00,298.4233,768.6923,54.5481,243.8752,412.5198
LSA,2021-06-21 01:00:00,530.3376,901.327,67.0359,463.3018,675.6137
LSA,2021-06-21 02:00:00,741.5247,965.9818,73.8327,667.6919,910.3618
LSA,2021-06-21 03:00:00,914.4331,1000.2662,78.9888,835.4443,1100.7682
LSA,2021-06-21 04:00:00,1035.9076,1017.3535,83.6625,952.2451,1233.8572
LSA,2021-06-21 05:00:00,1096.9365,1023.6968,87.0251,1009.9115,1300.5591
LSA,2021-06-21 06:00:00,1092.6659,1019.8552,89.7912,1002.8748,1296.3281
LSA,2021-06-21 07:00:00,1023.3434,1005.2408,91.8097,931.5336,1221.4536
LSA,2021-06-21 08:00:00,894.2138,977.8511,91.9589,802.2549,1081.0391
LSA,2021-06-21 09:00:00,713.7642,929.6202,89.0411,624.7231,884.6545
LSA,2021-06-21 10:00:00,496.3749,843.7574,81.2604,415.1145,645.6838
LSA,2021-06-21 11:00:00,262.5333,671.9556,64.301,198.2323,380.4108
LSA,2021-06-21 12:00:00,54.7951,232.156,25.4503,29.3448,108.3604
LSA,2021-06-21 13:00:00,0.0,0.0,0.0,0.0,0.0
LSA,2021-06-21 14:00:00,0.0,0.0,0.0,0.0,0.0
LSA,2021-06-21 15:00:00,0.0,0.0,0.0,0.0,0.0
LSA,2021-06-21 16:00:00,0.0,0.0,0.0,0.0,0.0
LSA,2021-06-21 17:00:00,0.0,0.0,0.0,0.0,0.0
LSA,2021-06-21 18:00:00,0.0,0.0,0.0,0.0,0.0
LSA,2021-06-21 19:00:00,0.0,0.0,0.0,0.0,0.0
LSA,2021-06-21 20:00:00,0.0,0.0,0.0,0.0,0.0
LSA,2021-06-21 21:00:00,0.0,0.0,0.0,0.0,0.0
LSA,2021-06-21 22:00:00,0.0,0.0,0.0,0.0,0.0
LSA,2021-06-21 23:00:00,70.6797,272.2136,32.1031,38.5766,137.98
LSA,2021-06-22 00:00:00,283.9383,671.5344,70.2365,213.7018,411.4645
LSA,2021-06-22 01:00:00,517.0164,837.8198,86.4393,430.5771,674.5983
LSA,2021-06-22 02:00:00,730.6616,923.2686,92.7919,637.8696,909.4525
LSA,2021-06-22 03:00:00,905.8256,970.1396,95.8873,809.9384,1100.0233
LSA,2021-06-22 04:00:00,1029.2413,994.9109,98.2423,930.999,1233.3237
LSA,2021-06-22 05:00:00,1092.2079,1007.0552,98.7984,993.4095,1300.2688
LSA,2021-06-22 06:00:00,1089.2399,1007.407,98.513,990.7269,1296.296
LSA,2021-06-22 07:00:00,1020.6076,995.9633,97.407,923.2007,1221.676
LSA,2021-06-22 08:00:00,892.2676,971.9012,94.4947,797.7729,1081.4946
LSA,2021-06-22 09:00:00,712.8593,926.8072,89.5249,623.3344,885.3058
LSA,2021-06-22 10:00:00,496.6401,844.3234,80.7535,415.8867,646.4792
LSA,2021-06-22 11:00:00,263.6396,677.8466,63.3523,200.2873,381.2888
LSA,2021-06-22 12:00:00,56.4669,253.2946,24.9436,31.5233,109.1506
LSA,2021-06-22 13:00:00,0.0,0.0,0.0,0.0,0.0
LSA,2021-06-22 14:00:00,0.0,0.0,0.0,0.0,0.0
LSA,2021-06-22 15:00:00,0.0,0.0,0.0,0.0,0.0
LSA,2021-06-22 16:00:00,0.0,0.0,0.0,0.0,0.0
LSA,2021-06-22 17:00:00,0.0,0.0,0.0,0.0,0.0
LSA,2021-06-22 18:00:00,0.0,0.0,0.0,0.0,0.0
LSA,2021-06-22 19:00:00,0.0,0.0,0.0,0.0,0.0
LSA,2021-06-22 20:00:00,0.0,0.0,0.0,0.0,0.0
LSA,2021-06-22 21:00:00,0.0,0.0,0.0,0.0,0.0
LSA,2021-06-22 22:00:00,0.0,0.0,0.0,0.0,0.0
LSA,2021-06-22 23:00:00,77.9302,378.2391,26.7206,51.2096,136.8822
LSA,2021-06-23 00:00:00,297.5534,771.8026,53.7763,243.7771,410.3541
LSA,2021-06-23 01:00:00,531.1333,910.5785,64.3272,466.8061,673.5436
LSA,2021-06-23 02:00:00,744.3792,979.3931,68.5773,675.8019,908.5175
LSA,2021-06-23 03:00:00,918.9735,1015.2217,71.9959,846.9776,1099.2635
LSA,2021-06-23 04:00:00,1041.5513,1032.1405,76.0696,965.4816,1232.7822
LSA,2021-06-23 05:00:00,1103.699,1038.9275,78.9709,1024.728,1299.9733
LSA,2021-06-23 06:00:00,1099.6682,1035.7688,80.9545,1018.7137,1296.2567
LSA,2021-06-23 07:00:00,1029.7592,1022.2489,81.9131,947.8461,1221.8855
LSA,2021-06-23 08:00:00,900.2006,997.1262,81.3021,818.8985,1081.9276
LSA,2021-06-23 09:00:00,720.9802,956.7735,77.1467,643.8336,885.9213
LSA,2021-06-23 10:00:00,505.8477,887.5904,68.4529,437.3948,647.2236
LSA,2021-06-23 11:00:00,272.7779,743.2952,53.5842,219.1936,382.0991
LSA,2021-06-23 12:00:00,59.1678,283.0697,23.3898,35.778,109.9096
LSA,2021-06-23 13:00:00,0.0,0.0,0.0,0.0,0.0
LSA,2021-06-23 14:00:00,0.0,0.0,0.0,0.0,0.0
LSA,2021-06-23 15:00:00,0.0,0.0,0.0,0.0,0.0
LSA,2021-06-23 16:00:00,0.0,0.0,0.0,0.0,0.0
LSA,2021-06-23 17:00:00,0.0,0.0,0.0,0.0,0.0
LSA,2021-06-23 18:00:00,0.0,0.0,0.0,0.0,0.0
LSA,2021-06-23 19:00:00,0.0,0.0,0.0,0.0,0.0
LSA,2021-06-23 20:00:00,0.0,0.0,0.0,0.0,0.0
LSA,2021-06-23 21:00:00,0.0,0.0,0.0,0.0,0.0
LSA,2021-06-23 22:00:00,0.0,0.0,0.0,0.0,0.0
LSA,2021-06-23 23:00:00,71.3046,285.5593,31.5212,39.7833,135.7141
LSA,2021-06-24 00:00:00,285.9924,680.9572,70.6423,215.3501,409.1901
LSA,2021-06-24 01:00:00,519.4716,838.9338,89.7012,429.7704,672.4507
LSA,2021-06-24 02:00:00,733.1506,918.3254,99.9428,633.2079,907.5577
LSA,2021-06-24 03:00:00,909.2584,965.597,103.9878,805.2706,1098.4895
LSA,2021-06-24 04:00:00,1034.5244,995.8758,103.2018,931.3226,1232.233
LSA,2021-06-24 05:00:00,1099.0206,1013.0597,99.9108,999.1097,1299.6725
LSA,2021-06-24 06:00:00,1097.1792,1016.5137,97.3414,999.8377,1296.2103
LSA,2021-06-24 07:00:00,1029.2147,1006.5671,95.6794,933.5353,1222.0814
LSA,2021-06-24 08:00:00,901.069,984.3588,92.2889,808.7802,1082.3369
LSA,2021-06-24 09:00:00,722.1898,943.3937,86.8084,635.3813,886.5001
LSA,2021-06-24 10:00:00,506.1591,868.0153,77.7419,428.4172,647.9156
LSA,2021-06-24 11:00:00,271.5817,711.3518,60.9231,210.6586,382.8405
LSA,2021-06-24 12:00:00,59.4515,279.9527,24.625,34.8265,110.5632
LSA,2021-06-24 13:00:00,0.0,0.0,0.0,0.0,0.0
LSA,2021-06-24 14:00:00,0.0,0.0,0.0,0.0,0.0
LSA,2021-06-24 15:00:00,0.0,0.0,0.0,0.0,0.0
LSA,2021-06-24 16:00:00,0.0,0.0,0.0,0.0,0.0
LSA,2021-06-24 17:00:00,0.0,0.0,0.0,0.0,0.0
LSA,2021-06-24 18:00:00,0.0,0.0,0.0,0.0,0.0
LSA,2021-06-24 19:00:00,0.0,0.0,0.0,0.0,0.0
LSA,2021-06-24 20:00:00,0.0,0.0,0.0,0.0,0.0
LSA,2021-06-24 21:00:00,0.0,0.0,0.0,0.0,0.0
LSA,2021-06-24 22:00:00,0.0,0.0,0.0,0.0,0.0
LSA,2021-06-24 23:00:00,75.3652,349.9708,27.9985,47.3667,134.4565
LSA,2021-06-25 00:00:00,294.9793,751.5352,58.6308,236.3485,407.9738
LSA,2021-06-25 01:00:00,530.2072,897.8713,71.2305,458.9767,671.3211
LSA,2021-06-25 02:00:00,745.1093,970.4386,76.7343,668.3749,906.5745
LSA,2021-06-25 03:00:00,921.0919,1008.8469,80.424,840.6679,1097.7019
LSA,2021-06-25 04:00:00,1044.7314,1027.8981,83.8701,960.8615,1231.6768
LSA,2021-06-25 05:00:00,1107.5688,1036.0736,85.9197,1021.6492,1299.3666
LSA,2021-06-25 06:00:00,1104.516,1034.6566,86.7723,1017.7437,1296.1564
LSA,2021-06-25 07:00:00,1035.7976,1023.4313,86.3837,949.4139,1222.2633
LSA,2021-06-25 08:00:00,906.8716,1000.5596,84.4098,822.4619,1082.7219
LSA,2021-06-25 09:00:00,727.1502,960.7654,79.6681,647.4821,887.041
LSA,2021-06-25 10:00:00,510.4872,889.7791,70.9933,439.4939,648.5544
LSA,2021-06-25 11:00:00,275.4818,742.0403,55.7278,219.754,383.512
LSA,2021-06-25 12:00:00,60.8173,298.9015,23.5031,37.3142,111.1396
LSA,2021-06-25 13:00:00,0.0,0.0,0.0,0.0,0.0
LSA,2021-06-25 14:00:00,0.0,0.0,0.0,0.0,0.0
LSA,2021-06-25 15:00:00,0.0,0.0,0.0,0.0,0.0
LSA,2021-06-25 16:00:00,0.0,0.0,0.0,0.0,0.0
LSA,2021-06-25 17:00:00,0.0,0.0,0.0,0.0,0.0
LSA,2021-06-25 18:00:00,0.0,0.0,0.0,0.0,0.0
LSA,2021-06-25 19:00:00,0.0,0.0,0.0,0.0,0.0
LSA,2021-06-25 20:00:00,0.0,0.0,0.0,0.0,0.0
LSA,2021-06-25 21:00:00,0.0,0.0,0.0,0.0,0.0
LSA,2021-06-25 22:00:00,0.0,0.0,0.0,0.0,0.0
LSA,2021-06-25 23:00:00,72.1798,317.7156,28.9428,43.237,133.1736
LSA,2021-06-26 00:00:00,288.4066,717.8187,63.0468,225.3598,406.7064
LSA,2021-06-26 01:00:00,521.9871,868.9272,78.4337,443.5534,670.1558
LSA,2021-06-26 02:00:00,735.5997,943.6023,86.3338,649.266,905.5686
LSA,2021-06-26 03:00:00,911.228,985.1509,90.7713,820.4567,1096.9016
LSA,2021-06-26 04:00:00,1035.5717,1008.4939,93.1712,942.4005,1231.1136
LSA,2021-06-26 05:00:00,1099.2814,1019.7422,93.8825,1005.3989,1299.0555
LSA,2021-06-26 06:00:00,1096.2012,1017.6898,95.0967,1001.1044,1296.0946
LSA,2021-06-26 07:00:00,1026.5676,1002.0485,96.7452,929.8223,1222.4305
LSA,2021-06-26 08:00:00,896.9405,973.3406,96.4362,800.5043,1083.0815
LSA,2021-06-26 09:00:00,717.6682,928.6729,91.3414,626.3268,887.543
LSA,2021-06-26 10:00:00,502.4257,853.3724,80.3434,422.0822,649.1386
LSA,2021-06-26 11:00:00,269.2325,697.6154,61.8872,207.3453,384.1122
LSA,2021-06-26 12:00:00,58.1386,256.529,25.4145,32.7241,111.6378
LSA,2021-06-26 13:00:00,0.0,0.0,0.0,0.0,0.0
LSA,2021-06-26 14:00:00,0.0,0.0,0.0,0.0,0.0
LSA,2021-06-26 15:00:00,0.0,0.0,0.0,0.0,0.0
LSA,2021-06-26 16:00:00,0.0,0.0,0.0,0.0,0.0
LSA,2021-06-26 17:00:00,0.0,0.0,0.0,0.0,0.0
LSA,2021-06-26 18:00:00,0.0,0.0,0.0,0.0,0.0
LSA,2021-06-26 19:00:00,0.0,0.0,0.0,0.0,0.0
LSA,2021-06-26 20:00:00,0.0,0.0,0.0,0.0,0.0
LSA,2021-06-26 21:00:00,0.0,0.0,0.0,0.0,0.0
LSA,2021-06-26 22:00:00,0.0,0.0,0.0,0.0,0.0
LSA,2021-06-26 23:00:00,65.3929,232.0791,33.0233,32.3696,131.8257
LSA,2021-06-27 00:00:00,274.8114,620.1315,79.7058,195.1056,405.3895
LSA,2021-06-27 01:00:00,508.2302,796.677,101.7814,406.4487,668.956
LSA,2021-06-27 02:00:00,722.7079,888.3071,111.9065,610.8015,904.541
LSA,2021-06-27 03:00:00,898.8186,938.8558,117.365,781.4536,1096.0891
LSA,2021-06-27 04:00:00,1023.3036,966.1468,120.7981,902.5054,1230.5439
LSA,2021-06-27 05:00:00,1087.0946,979.2433,121.7813,965.3133,1298.7395
LSA,2021-06-27 06:00:00,1084.4341,978.3412,122.0161,962.418,1296.0248
LSA,2021-06-27 07:00:00,1015.571,963.3355,121.4846,894.0865,1222.5825
LSA,2021-06-27 08:00:00,886.7244,933.8237,118.3922,768.3322,1083.4152
LSA,2021-06-27 09:00:00,708.7095,886.7657,110.207,598.5025,888.0051
LSA,2021-06-27 10:00:00,494.8205,806.2811,95.473,399.3475,649.6671
LSA,2021-06-27 11:00:00,262.9776,641.5993,71.5099,191.4677,384.6401
LSA,2021-06-27 12:00:00,56.413,228.4821,27.1708,29.2421,112.0567
LSA,2021-06-27 13:00:00,0.0,0.0,0.0,0.0,0.0
LSA,2021-06-27 14:00:00,0.0,0.0,0.0,0.0,0.0
LSA,2021-06-27 15:00:00,0.0,0.0,0.0,0.0,0.0
LSA,2021-06-27 16:00:00,0.0,0.0,0.0,0.0,0.0
LSA,2021-06-27 17:00:00,0.0,0.0,0.0,0.0,0.0
LSA,2021-06-27 18:00:00,0.0,0.0,0.0,0.0,0.0
LSA,2021-06-27 19:00:00,0.0,0.0,0.0,0.0,0.0
LSA,2021-06-27 20:00:00,0.0,0.0,0.0,0.0,0.0
LSA,2021-06-27 21:00:00,0.0,0.0,0.0,0.0,0.0
LSA,2021-06-27 22:00:00,0.0,0.0,0.0,0.0,0.0
LSA,2021-06-27 23:00:00,64.0779,216.4658,33.9089,30.1691,130.3884
LSA,2021-06-28 00:00:00,272.5965,607.0735,81.8158,190.7807,404.0241
LSA,2021-06-28 01:00:00,506.6555,798.6912,99.7046,406.9509,667.7228
LSA,2021-06-28 02:00:00,721.4108,900.7924,102.5871,618.8237,903.4927
LSA,2021-06-28 03:00:00,897.1227,954.2725,103.4113,793.7114,1095.2651
LSA,2021-06-28 04:00:00,1020.9778,979.594,106.2867,914.6912,1229.9681
LSA,2021-06-28 05:00:00,1084.5984,991.7361,107.1461,977.4523,1298.4181
LSA,2021-06-28 06:00:00,1082.9791,992.4562,106.678,976.3011,1295.9465
LSA,2021-06-28 07:00:00,1016.2614,981.7885,104.9222,911.3392,1222.7185
LSA,2021-06-28 08:00:00,889.7018,958.0654,101.2312,788.4706,1083.7217
LSA,2021-06-28 09:00:00,711.682,912.3208,95.561,616.121,888.4263
LSA,2021-06-28 10:00:00,496.1563,827.488,85.9567,410.1996,650.1388
LSA,2021-06-28 11:00:00,263.5531,657.8992,66.987,196.5661,385.0945
LSA,2021-06-28 12:00:00,55.9594,223.2731,26.8931,29.0663,112.3955
LSA,2021-06-28 13:00:00,0.0,0.0,0.0,0.0,0.0
LSA,2021-06-28 14:00:00,0.0,0.0,0.0,0.0,0.0
LSA,2021-06-28 15:00:00,0.0,0.0,0.0,0.0,0.0
LSA,2021-06-28 16:00:00,0.0,0.0,0.0,0.0,0.0
LSA,2021-06-28 17:00:00,0.0,0.0,0.0,0.0,0.0
LSA,2021-06-28 18:00:00,0.0,0.0,0.0,0.0,0.0
LSA,2021-06-28 19:00:00,0.0,0.0,0.0,0.0,0.0
LSA,2021-06-28 20:00:00,0.0,0.0,0.0,0.0,0.0
LSA,2021-06-28 21:00:00,0.0,0.0,0.0,0.0,0.0
LSA,2021-06-28 22:00:00,0.0,0.0,0.0,0.0,0.0
LSA,2021-06-28 23:00:00,66.6521,271.4931,29.5975,37.0546,128.9403
LSA,2021-06-29 00:00:00,277.8751,673.4973,68.1597,209.7154,402.6118
LSA,2021-06-29 01:00:00,508.4671,828.0913,87.8767,420.5904,666.4575
LSA,2021-06-29 02:00:00,720.0032,904.4164,99.6839,620.3193,902.4244
LSA,2021-06-29 03:00:00,894.6071,948.3616,106.3497,788.2574,1094.4302
LSA,2021-06-29 04:00:00,1018.9487,974.7922,109.1109,909.8378,1229.3865
LSA,2021-06-29 05:00:00,1083.0651,987.7241,109.7531,973.312,1298.0917
LSA,2021-06-29 06:00:00,1081.6511,988.3934,109.3535,972.2976,1295.8593
LSA,2021-06-29 07:00:00,1014.8207,976.8207,107.9443,906.8765,1222.8378
LSA,2021-06-29 08:00:00,888.0832,951.8336,104.477,783.6061,1084.0001
LSA,2021-06-29 09:00:00,709.8107,899.8133,101.6692,608.1415,888.8052
LSA,2021-06-29 10:00:00,493.3375,800.4103,95.9379,397.3996,650.5523
LSA,2021-06-29 11:00:00,259.2388,608.7534,76.4117,182.8271,385.4741
LSA,2021-06-29 12:00:00,54.7199,199.8315,28.8029,25.917,112.6531
LSA,2021-06-29 13:00:00,0.0,0.0,0.0,0.0,0.0
LSA,2021-06-29 14:00:00,0.0,0.0,0.0,0.0,0.0
LSA,2021-06-29 15:00:00,0.0,0.0,0.0,0.0,0.0
LSA,2021-06-29 16:00:00,0.0,0.0,0.0,0.0,0.0
LSA,2021-06-29 17:00:00,0.0,0.0,0.0,0.0,0.0
LSA,2021-06-29 18:00:00,0.0,0.0,0.0,0.0,0.0
LSA,2021-06-29 19:00:00,0.0,0.0,0.0,0.0,0.0
LSA,2021-06-29 20:00:00,0.0,0.0,0.0,0.0,0.0
LSA,2021-06-29 21:00:00,0.0,0.0,0.0,0.0,0.0
LSA,2021-06-29 22:00:00,0.0,0.0,0.0,0.0,0.0
LSA,2021-06-29 23:00:00,65.9723,260.1044,30.6435,35.3288,127.4327
LSA,2021-06-30 00:00:00,278.1995,662.8777,72.2159,205.9837,401.1539
LSA,2021-06-30 01:00:00,511.719,828.7955,91.421,420.2979,665.1611
LSA,2021-06-30 02:00:00,725.8064,912.5777,100.5324,625.274,901.3372
LSA,2021-06-30 03:00:00,901.8568,959.2357,105.1451,796.7117,1093.5848
LSA,2021-06-30 04:00:00,1026.718,985.4156,107.3605,919.3575,1228.799
LSA,2021-06-30 05:00:00,1091.1646,998.4988,107.4377,983.7267,1297.7596
LSA,2021-06-30 06:00:00,1090.3755,1000.3048,106.391,983.9845,1295.7627
LSA,2021-06-30 07:00:00,1024.4116,990.8726,104.3873,920.0243,1222.9396
LSA,2021-06-30 08:00:00,898.1967,968.7538,100.4817,797.7151,1084.2495
LSA,2021-06-30 09:00:00,719.0983,920.7377,96.6473,622.451,889.1408
LSA,2021-06-30 10:00:00,501.1239,828.6201,89.7045,411.4193,650.9065
LSA,2021-06-30 11:00:00,265.819,649.5473,71.1549,194.6642,385.7776
LSA,2021-06-30 12:00:00,57.1365,226.5417,27.9291,29.2074,112.8284
LSA,2021-06-30 13:00:00,0.0,0.0,0.0,0.0,0.0
LSA,2021-06-30 14:00:00,0.0,0.0,0.0,0.0,0.0
LSA,2021-06-30 15:00:00,0.0,0.0,0.0,0.0,0.0
LSA,2021-06-30 16:00:00,0.0,0.0,0.0,0.0,0.0
LSA,2021-06-30 17:00:00,0.0,0.0,0.0,0.0,0.0
LSA,2021-06-30 18:00:00,0.0,0.0,0.0,0.0,0.0
LSA,2021-06-30 19:00:00,0.0,0.0,0.0,0.0,0.0
LSA,2021-06-30 20:00:00,0.0,0.0,0.0,0.0,0.0
LSA,2021-06-30 21:00:00,0.0,0.0,0.0,0.0,0.0
LSA,2021-06-30 22:00:00,0.0,0.0,0.0,0.0,0.0
LSA,2021-06-30 23:00:00,65.0761,263.2592,29.6758,35.4003,125.8464
LSA,2021-07-01 00:00:00,276.0121,664.5292,70.3174,205.6947,399.6517
LSA,2021-07-01 01:00:00,508.4793,828.3069,89.2695,419.2098,663.835
LSA,2021-07-01 02:00:00,721.9131,910.8424,98.5779,623.3352,900.2319
LSA,2021-07-01 03:00:00,897.239,954.5845,105.0265,792.2124,1092.7299
LSA,2021-07-01 04:00:00,1021.1429,976.2411,110.7755,910.3675,1228.2059
LSA,2021-07-01 05:00:00,1084.6843,984.9066,114.5729,970.1114,1297.4221
LSA,2021-07-01 06:00:00,1083.1938,983.0579,116.2105,966.9834,1295.656
LSA,2021-07-01 07:00:00,1016.7261,970.4113,115.5769,901.1492,1223.0231
LSA,2021-07-01 08:00:00,890.0311,943.8345,112.585,777.446,1084.4688
LSA,2021-07-01 09:00:00,709.6851,881.7595,112.9945,596.6906,889.4318
LSA,2021-07-01 10:00:00,489.5256,760.4205,111.0528,378.4728,651.2001
LSA,2021-07-01 11:00:00,252.6012,539.0972,89.3916,163.2096,386.0041
LSA,2021-07-01 12:00:00,52.9381,168.7702,31.2621,21.676,112.9206
LSA,2021-07-01 13:00:00,0.0,0.0,0.0,0.0,0.0
LSA,2021-07-01 14:00:00,0.0,0.0,0.0,0.0,0.0
LSA,2021-07-01 15:00:00,0.0,0.0,0.0,0.0,0.0
LSA,2021-07-01 16:00:00,0.0,0.0,0.0,0.0,0.0
LSA,2021-07-01 17:00:00,0.0,0.0,0.0,0.0,0.0
LSA,2021-07-01 18:00:00,0.0,0.0,0.0,0.0,0.0
LSA,2021-07-01 19:00:00,0.0,0.0,0.0,0.0,0.0
LSA,2021-07-01 20:00:00,0.0,0.0,0.0,0.0,0.0
LSA,2021-07-01 21:00:00,0.0,0.0,0.0,0.0,0.0
LSA,2021-07-01 22:00:00,0.0,0.0,0.0,0.0,0.0
LSA,2021-07-01 23:00:00,70.505,363.4526,23.95,46.555,124.253
LSA,2021-07-02 00:00:00,286.5726,763.5028,52.3773,234.1953,398.1068
LSA,2021-07-02 01:00:00,518.1936,898.2668,64.9878,453.2058,662.4802
LSA,2021-07-02 02:00:00,729.9689,963.45,71.6614,658.3076,899.1094
LSA,2021-07-02 03:00:00,904.1212,998.297,76.33,827.7911,1091.8656
LSA,2021-07-02 04:00:00,1027.3243,1016.1159,80.2274,947.097,1227.6077
LSA,2021-07-02 05:00:00,1090.4972,1023.2823,82.8254,1007.6718,1297.0789
LSA,2021-07-02 06:00:00,1089.0514,1022.4669,83.3726,1005.6788,1295.5389
LSA,2021-07-02 07:00:00,1023.0757,1013.5378,81.8419,941.2338,1223.0873
LSA,2021-07-02 08:00:00,897.2979,993.4801,78.9014,818.3965,1084.6567
LSA,2021-07-02 09:00:00,720.6926,954.0383,75.5357,645.1569,889.677
LSA,2021-07-02 10:00:00,506.6674,879.6236,70.0102,436.6572,651.4316
LSA,2021-07-02 11:00:00,273.6918,726.5002,56.7997,216.8921,386.1519
LSA,2021-07-02 12:00:00,61.4522,301.5167,23.9128,37.5394,112.9285
LSA,2021-07-02 13:00:00,0.0,0.0,0.0,0.0,0.0
LSA,2021-07-02 14:00:00,0.0,0.0,0.0,0.0,0.0
LSA,2021-07-02 15:00:00,0.0,0.0,0.0,0.0,0.0
LSA,2021-07-02 16:00:00,0.0,0.0,0.0,0.0,0.0
LSA,2021-07-02 17:00:00,0.0,0.0,0.0,0.0,0.0
LSA,2021-07-02 18:00:00,0.0,0.0,0.0,0.0,0.0
LSA,2021-07-02 19:00:00,0.0,0.0,0.0,0.0,0.0
LSA,2021-07-02 20:00:00,0.0,0.0,0.0,0.0,0.0
LSA,2021-07-02 21:00:00,0.0,0.0,0.0,0.0,0.0
LSA,2021-07-02 22:00:00,0.0,0.0,0.0,0.0,0.0
LSA,2021-07-02 23:00:00,69.2343,362.1837,22.9503,46.284,122.5694
LSA,2021-07-03 00:00:00,284.4462,761.5149,52.0151,232.4311,396.5207
LSA,2021-07-03 01:00:00,515.5065,885.2292,69.9072,445.5994,661.0981
LSA,2021-07-03 02:00:00,727.841,943.7679,83.8475,643.9935,897.9708
LSA,2021-07-03 03:00:00,903.2296,976.5673,94.0702,809.1594,1090.9927
LSA,2021-07-03 04:00:00,1027.7975,994.9219,100.8911,926.9064,1227.004
LSA,2021-07-03 05:00:00,1091.9872,1001.4242,106.0894,985.8978,1296.7295
LSA,2021-07-03 06:00:00,1090.038,997.9658,108.5269,981.5111,1295.4106
LSA,2021-07-03 07:00:00,1022.0529,984.0359,108.1237,913.9293,1223.1313
LSA,2021-07-03 08:00:00,893.9576,956.7546,105.5851,788.3724,1084.8121
LSA,2021-07-03 09:00:00,715.0972,909.2725,99.9266,615.1706,889.8749
LSA,2021-07-03 10:00:00,499.2996,825.2195,89.244,410.0556,651.5997
LSA,2021-07-03 11:00:00,265.8621,657.3305,68.905,196.9571,386.2198
LSA,2021-07-03 12:00:00,57.6508,239.5705,26.9751,30.6757,112.851
LSA,2021-07-03 13:00:00,0.0,0.0,0.0,0.0,0.0
LSA,2021-07-03 14:00:00,0.0,0.0,0.0,0.0,0.0
LSA,2021-07-03 15:00:00,0.0,0.0,0.0,0.0,0.0
LSA,2021-07-03 16:00:00,0.0,0.0,0.0,0.0,0.0
LSA,2021-07-03 17:00:00,0.0,0.0,0.0,0.0,0.0
LSA,2021-07-03 18:00:00,0.0,0.0,0.0,0.0,0.0
LSA,2021-07-03 19:00:00,0.0,0.0,0.0,0.0,0.0
LSA,2021-07-03 20:00:00,0.0,0.0,0.0,0.0,0.0
LSA,2021-07-03 21:00:00,0.0,0.0,0.0,0.0,0.0
LSA,2021-07-03 22:00:00,0.0,0.0,0.0,0.0,0.0
LSA,2021-07-03 23:00:00,66.284,321.467,24.887,41.3969,120.901
LSA,2021-07-04 00:00:00,280.4709,734.638,56.5751,223.8957,394.895
LSA,2021-07-04 01:00:00,512.5627,877.4262,71.5964,440.9663,659.6901
LSA,2021-07-04 02:00:00,725.251,946.4595,80.1311,645.1199,896.8169
LSA,2021-07-04 03:00:00,899.9763,981.7244,87.2216,812.7547,1090.1117
LSA,2021-07-04 04:00:00,1023.3089,997.7386,94.2441,929.0648,1226.3955
LSA,2021-07-04 05:00:00,1086.4237,1002.4206,99.8104,986.6133,1296.3738
LSA,2021-07-04 06:00:00,1084.9995,999.926,101.6672,983.3323,1295.2705
LSA,2021-07-04 07:00:00,1019.1083,989.9236,99.7161,919.3923,1223.1542
LSA,2021-07-04 08:00:00,893.183,967.4574,95.9581,797.2249,1084.9338
LSA,2021-07-04 09:00:00,716.7572,927.8575,89.0672,627.6899,890.0241
LSA,2021-07-04 10:00:00,503.354,856.7482,77.8835,425.4706,651.7029
LSA,2021-07-04 11:00:00,271.3228,708.5314,59.7707,211.5521,386.2064
LSA,2021-07-04 12:00:00,59.8648,277.8342,24.6227,35.2421,112.6871
LSA,2021-07-04 13:00:00,0.0,0.0,0.0,0.0,0.0
LSA,2021-07-04 14:00:00,0.0,0.0,0.0,0.0,0.0
LSA,2021-07-04 15:00:00,0.0,0.0,0.0,0.0,0.0
LSA,2021-07-04 16:00:00,0.0,0.0,0.0,0.0,0.0
LSA,2021-07-04 17:00:00,0.0,0.0,0.0,0.0,0.0
LSA,2021-07-04 18:00:00,0.0,0.0,0.0,0.0,0.0
LSA,2021-07-04 19:00:00,0.0,0.0,0.0,0.0,0.0
LSA,2021-07-04 20:00:00,0.0,0.0,0.0,0.0,0.0
LSA,2021-07-04 21:00:00,0.0,0.0,0.0,0.0,0.0
LSA,2021-07-04 22:00:00,0.0,0.0,0.0,0.0,0.0
LSA,2021-07-04 23:00:00,62.1095,277.3699,26.0324,36.0771,119.1832
LSA,2021-07-05 00:00:00,271.9044,687.4588,62.7861,209.1182,393.2312
LSA,2021-07-05 01:00:00,503.4305,840.0098,82.005,421.4255,658.2574
LSA,2021-07-05 02:00:00,716.5828,914.3083,94.1112,622.4716,895.6488
LSA,2021-07-05 03:00:00,892.5585,957.444,100.4202,792.1382,1089.2231
LSA,2021-07-05 04:00:00,1017.6866,983.9142,101.8907,915.796,1225.782
LSA,2021-07-05 05:00:00,1082.5793,997.2263,101.3355,981.2438,1296.0115
LSA,2021-07-05 06:00:00,1081.823,996.2953,102.1663,979.6567,1295.1177
LSA,2021-07-05 07:00:00,1015.4263,980.9843,104.2987,911.1276,1223.1548
LSA,2021-07-05 08:00:00,888.8134,952.2347,103.9906,784.8228,1085.0204
LSA,2021-07-05 09:00:00,711.5852,904.3381,99.5863,611.9989,890.1232
LSA,2021-07-05 10:00:00,497.2468,820.7528,89.3116,407.9352,651.7398
LSA,2021-07-05 11:00:00,264.5768,652.0525,69.1819,195.395,386.1103
LSA,2021-07-05 12:00:00,56.7371,230.3287,27.0704,29.6667,112.4356
LSA,2021-07-05 13:00:00,0.0,0.0,0.0,0.0,0.0
LSA,2021-07-05 14:00:00,0.0,0.0,0.0,0.0,0.0
LSA,2021-07-05 15:00:00,0.0,0.0,0.0,0.0,0.0
LSA,2021-07-05 16:00:00,0.0,0.0,0.0,0.0,0.0
LSA,2021-07-05 17:00:00,0.0,0.0,0.0,0.0,0.0
LSA,2021-07-05 18:00:00,0.0,0.0,0.0,0.0,0.0
LSA,2021-07-05 19:00:00,0.0,0.0,0.0,0.0,0.0
LSA,2021-07-05 20:00:00,0.0,0.0,0.0,0.0,0.0
LSA,2021-07-05 21:00:00,0.0,0.0,0.0,0.0,0.0
LSA,2021-07-05 22:00:00,0.0,0.0,0.0,0.0,0.0
LSA,2021-07-05 23:00:00,57.8262,214.77,29.431,28.3952,117.4022
LSA,2021-07-06 00:00:00,264.3831,619.1182,75.9225,188.4606,391.5311
LSA,2021-07-06 01:00:00,497.7127,798.2678,97.687,400.0257,656.8015
LSA,2021-07-06 02:00:00,712.8545,890.0414,107.4949,605.3596,894.4674
LSA,2021-07-06 03:00:00,889.7546,937.5801,114.7329,775.0217,1088.3276
LSA,2021-07-06 04:00:00,1015.1534,959.739,122.3448,892.8085,1225.1637
LSA,2021-07-06 05:00:00,1080.1826,968.2338,127.7595,952.423,1295.6421
LSA,2021-07-06 06:00:00,1079.5815,965.3553,130.483,949.0985,1294.9517
LSA,2021-07-06 07:00:00,1013.2812,950.6783,130.3227,882.9586,1223.1318
LSA,2021-07-06 08:00:00,886.3563,920.8846,127.3134,759.0428,1085.0706
LSA,2021-07-06 09:00:00,707.9555,867.9882,120.3801,587.5754,890.1705
LSA,2021-07-06 10:00:00,491.7278,773.6585,106.9052,384.8226,651.7086
LSA,2021-07-06 11:00:00,257.9503,589.5139,80.6804,177.2699,385.9299
LSA,2021-07-06 12:00:00,53.9974,190.8025,29.1846,24.8128,112.0953
LSA,2021-07-06 13:00:00,0.0,0.0,0.0,0.0,0.0
LSA,2021-07-06 14:00:00,0.0,0.0,0.0,0.0,0.0
LSA,2021-07-06 15:00:00,0.0,0.0,0.0,0.0,0.0
LSA,2021-07-06 16:00:00,0.0,0.0,0.0,0.0,0.0
LSA,2021-07-06 17:00:00,0.0,0.0,0.0,0.0,0.0
LSA,2021-07-06 18:00:00,0.0,0.0,0.0,0.0,0.0
LSA,2021-07-06 19:00:00,0.0,0.0,0.0,0.0,0.0
LSA,2021-07-06 20:00:00,0.0,0.0,0.0,0.0,0.0
LSA,2021-07-06 21:00:00,0.0,0.0,0.0,0.0,0.0
LSA,2021-07-06 22:00:00,0.0,0.0,0.0,0.0,0.0
LSA,2021-07-06 23:00:00,54.0191,174.3715,30.7962,23.223,115.6248
LSA,2021-07-07 00:00:00,255.608,560.4429,85.0517,170.5562,389.7964
LSA,2021-07-07 01:00:00,488.8181,753.8983,111.5763,377.2418,655.3236
LSA,2021-07-07 02:00:00,704.6046,855.2767,123.5349,581.0696,893.2738
LSA,2021-07-07 03:00:00,882.4385,911.1615,129.7862,752.6523,1087.4257
LSA,2021-07-07 04:00:00,1008.9252,941.3091,133.6758,875.2494,1224.5405
LSA,2021-07-07 05:00:00,1074.9303,956.1542,134.6695,940.2609,1295.2653
LSA,2021-07-07 06:00:00,1074.7554,956.192,134.8166,939.9388,1294.7714
LSA,2021-07-07 07:00:00,1008.4062,941.4079,134.1078,874.2984,1223.0845
LSA,2021-07-07 08:00:00,881.5889,911.2814,130.4608,751.1281,1085.0826
LSA,2021-07-07 09:00:00,703.5768,859.4011,121.8583,581.7186,890.1646
LSA,2021-07-07 10:00:00,488.2285,768.362,106.1595,382.069,651.6079
LSA,2021-07-07 11:00:00,255.9456,589.6682,78.8704,177.0752,385.6639
LSA,2021-07-07 12:00:00,53.7156,196.9919,28.3002,25.4154,111.6652
LSA,2021-07-07 13:00:00,0.0,0.0,0.0,0.0,0.0
LSA,2021-07-07 14:00:00,0.0,0.0,0.0,0.0,0.0
LSA,2021-07-07 15:00:00,0.0,0.0,0.0,0.0,0.0
LSA,2021-07-07 16:00:00,0.0,0.0,0.0,0.0,0.0
LSA,2021-07-07 17:00:00,0.0,0.0,0.0,0.0,0.0
LSA,2021-07-07 18:00:00,0.0,0.0,0.0,0.0,0.0
LSA,2021-07-07 19:00:00,0.0,0.0,0.0,0.0,0.0
LSA,2021-07-07 20:00:00,0.0,0.0,0.0,0.0,0.0
LSA,2021-07-07 21:00:00,0.0,0.0,0.0,0.0,0.0
LSA,2021-07-07 22:00:00,0.0,0.0,0.0,0.0,0.0
LSA,2021-07-07 23:00:00,58.5346,260.5006,25.0534,33.4812,113.7823
LSA,2021-07-08 00:00:00,267.8795,690.4973,60.3746,207.5049,388.0289
LSA,2021-07-08 01:00:00,500.4731,851.1669,76.2685,424.2046,653.8253
LSA,2021-07-08 02:00:00,714.7964,929.6855,84.3827,630.4138,892.069
LSA,2021-07-08 03:00:00,891.4895,971.8593,89.5254,801.9642,1086.5178
LSA,2021-07-08 04:00:00,1016.8776,993.9212,93.261,923.6166,1223.9126
LSA,2021-07-08 05:00:00,1082.0461,1003.7167,95.3466,986.6996,1294.8805
LSA,2021-07-08 06:00:00,1081.9779,1003.1849,96.032,985.946,1294.576
LSA,2021-07-08 07:00:00,1016.6644,992.245,95.2798,921.3846,1223.0111
LSA,2021-07-08 08:00:00,891.095,968.7646,92.747,798.348,1085.0554
LSA,2021-07-08 09:00:00,713.9675,923.9489,88.7697,625.1979,890.1038
LSA,2021-07-08 10:00:00,498.9027,840.5536,81.3946,417.5082,651.436
LSA,2021-07-08 11:00:00,265.4854,671.6629,64.7381,200.7473,385.3107
LSA,2021-07-08 12:00:00,57.0442,247.9993,25.6048,31.4393,111.1441
LSA,2021-07-08 13:00:00,0.0,0.0,0.0,0.0,0.0
LSA,2021-07-08 14:00:00,0.0,0.0,0.0,0.0,0.0
LSA,2021-07-08 15:00:00,0.0,0.0,0.0,0.0,0.0
LSA,2021-07-08 16:00:00,0.0,0.0,0.0,0.0,0.0
LSA,2021-07-08 17:00:00,0.0,0.0,0.0,0.0,0.0
LSA,2021-07-08 18:00:00,0.0,0.0,0.0,0.0,0.0
LSA,2021-07-08 19:00:00,0.0,0.0,0.0,0.0,0.0
LSA,2021-07-08 20:00:00,0.0,0.0,0.0,0.0,0.0
LSA,2021-07-08 21:00:00,0.0,0.0,0.0,0.0,0.0
LSA,2021-07-08 22:00:00,0.0,0.0,0.0,0.0,0.0
LSA,2021-07-08 23:00:00,62.2103,337.8,20.5793,41.6309,111.9559
LSA,2021-07-09 00:00:00,275.7942,769.572,46.6039,229.1903,386.2304
LSA,2021-07-09 01:00:00,508.0514,906.209,57.8704,450.181,652.3082
LSA,2021-07-09 02:00:00,721.4313,970.9348,64.1465,657.2848,890.8539
LSA,2021-07-09 03:00:00,897.4541,1004.1747,69.6453,827.8088,1085.6047
LSA,2021-07-09 04:00:00,1022.4872,1019.8514,75.34,947.1472,1223.28
LSA,2021-07-09 05:00:00,1087.4352,1025.2334,79.9393,1007.4958,1294.4877
LSA,2021-07-09 06:00:00,1087.1353,1021.9144,82.9829,1004.1523,1294.3649
LSA,2021-07-09 07:00:00,1021.5198,1009.4153,84.3008,937.2191,1222.911
LSA,2021-07-09 08:00:00,895.5946,984.9707,83.9739,811.6207,1084.9877
LSA,2021-07-09 09:00:00,718.2897,943.4543,80.1314,638.1583,889.9871
LSA,2021-07-09 10:00:00,503.5777,870.6038,71.6081,431.9695,651.192
LSA,2021-07-09 11:00:00,270.5988,720.5944,56.2155,214.3833,384.8696
LSA,2021-07-09 12:00:00,59.3418,292.0289,23.0861,36.2556,110.4982
LSA,2021-07-09 13:00:00,0.0,0.0,0.0,0.0,0.0
LSA,2021-07-09 14:00:00,0.0,0.0,0.0,0.0,0.0
LSA,2021-07-09 15:00:00,0.0,0.0,0.0,0.0,0.0
LSA,2021-07-09 16:00:00,0.0,0.0,0.0,0.0,0.0
LSA,2021-07-09 17:00:00,0.0,0.0,0.0,0.0,0.0
LSA,2021-07-09 18:00:00,0.0,0.0,0.0,0.0,0.0
LSA,2021-07-09 19:00:00,0.0,0.0,0.0,0.0,0.0
LSA,2021-07-09 20:00:00,0.0,0.0,0.0,0.0,0.0
LSA,2021-07-09 21:00:00,0.0,0.0,0.0,0.0,0.0
LSA,2021-07-09 22:00:00,0.0,0.0,0.0,0.0,0.0
LSA,2021-07-09 23:00:00,61.0019,328.2066,20.7953,40.2067,110.0664
LSA,2021-07-10 00:00:00,274.6712,764.5842,47.9717,226.6995,384.4026
LSA,2021-07-10 01:00:00,507.6591,902.8283,60.2063,447.4528,650.7733
LSA,2021-07-10 02:00:00,721.9393,968.4494,67.2574,654.6819,889.6295
LSA,2021-07-10 03:00:00,898.5959,1003.2777,72.2418,826.3541,1084.6866
LSA,2021-07-10 04:00:00,1023.7305,1020.8826,76.1561,947.5743,1222.6427
LSA,2021-07-10 05:00:00,1088.5403,1027.8295,78.8548,1009.6856,1294.0857
LSA,2021-07-10 06:00:00,1088.4773,1026.2419,80.3066,1008.1707,1294.1367
LSA,2021-07-10 07:00:00,1023.5074,1015.8997,80.4324,943.075,1222.7823
LSA,2021-07-10 08:00:00,898.1025,994.1528,79.0777,819.0248,1084.8771
LSA,2021-07-10 09:00:00,721.6282,956.8443,74.6603,646.968,889.8116
LSA,2021-07-10 10:00:00,507.7168,890.5801,66.2369,441.4799,650.8729
LSA,2021-07-10 11:00:00,274.5284,750.2357,51.9995,222.5289,384.3377
LSA,2021-07-10 12:00:00,61.0203,323.5618,21.603,39.4174,109.8071
LSA,2021-07-10 13:00:00,0.0,0.0,0.0,0.0,0.0
LSA,2021-07-10 14:00:00,0.0,0.0,0.0,0.0,0.0
LSA,2021-07-10 15:00:00,0.0,0.0,0.0,0.0,0.0
LSA,2021-07-10 16:00:00,0.0,0.0,0.0,0.0,0.0
LSA,2021-07-10 17:00:00,0.0,0.0,0.0,0.0,0.0
LSA,2021-07-10 18:00:00,0.0,0.0,0.0,0.0,0.0
LSA,2021-07-10 19:00:00,0.0,0.0,0.0,0.0,0.0
LSA,2021-07-10 20:00:00,0.0,0.0,0.0,0.0,0.0
LSA,2021-07-10 21:00:00,0.0,0.0,0.0,0.0,0.0
LSA,2021-07-10 22:00:00,0.0,0.0,0.0,0.0,0.0
LSA,2021-07-10 23:00:00,61.5241,333.2985,21.4201,40.1041,108.2021
LSA,2021-07-11 00:00:00,278.6709,766.8018,52.3775,226.2933,382.5472
LSA,2021-07-11 01:00:00,515.6854,906.1544,67.6728,448.0126,649.2222
LSA,2021-07-11 02:00:00,733.5803,972.252,77.2736,656.3066,888.3967
LSA,2021-07-11 03:00:00,913.1551,1006.9824,84.5102,828.6449,1083.764
LSA,2021-07-11 04:00:00,1040.2916,1023.9337,90.4473,949.8443,1222.0005
LSA,2021-07-11 05:00:00,1106.1791,1029.8074,94.9364,1011.2428,1293.6744
LSA,2021-07-11 06:00:00,1106.1813,1027.6844,96.8477,1009.3336,1293.8905
LSA,2021-07-11 07:00:00,1040.2264,1017.2517,96.0738,944.1526,1222.624
LSA,2021-07-11 08:00:00,912.8026,994.6793,93.4984,819.3042,1084.7225
LSA,2021-07-11 09:00:00,733.0823,952.6796,89.0167,644.0656,889.5765
LSA,2021-07-11 10:00:00,514.5137,874.9023,80.8263,433.6874,650.4779
LSA,2021-07-11 11:00:00,275.7487,713.1218,63.8746,211.8742,383.7143
LSA,2021-07-11 12:00:00,59.1331,267.4369,25.6616,33.4715,109.0236
LSA,2021-07-11 13:00:00,0.0,0.0,0.0,0.0,0.0
LSA,2021-07-11 14:00:00,0.0,0.0,0.0,0.0,0.0
LSA,2021-07-11 15:00:00,0.0,0.0,0.0,0.0,0.0
LSA,2021-07-11 16:00:00,0.0,0.0,0.0,0.0,0.0
LSA,2021-07-11 17:00:00,0.0,0.0,0.0,0.0,0.0
LSA,2021-07-11 18:00:00,0.0,0.0,0.0,0.0,0.0
LSA,2021-07-11 19:00:00,0.0,0.0,0.0,0.0,0.0
LSA,2021-07-11 20:00:00,0.0,0.0,0.0,0.0,0.0
LSA,2021-07-11 21:00:00,0.0,0.0,0.0,0.0,0.0
LSA,2021-07-11 22:00:00,0.0,0.0,0.0,0.0,0.0
LSA,2021-07-11 23:00:00,52.5522,189.899,28.6245,23.9278,106.2781
LSA,2021-07-12 00:00:00,258.873,591.8251,83.2613,175.6116,380.6661
LSA,2021-07-12 01:00:00,496.4897,777.0372,112.4798,384.0099,647.6562
LSA,2021-07-12 02:00:00,715.8612,870.761,128.5663,587.2949,887.1564
LSA,2021-07-12 03:00:00,896.925,924.9399,136.2747,760.6503,1082.8373
LSA,2021-07-12 04:00:00,1025.9979,957.6567,138.0739,887.9241,1221.3533
LSA,2021-07-12 05:00:00,1093.5129,974.7899,136.6525,956.8605,1293.2532
LSA,2021-07-12 06:00:00,1093.6809,976.731,134.6514,959.0295,1293.6256
LSA,2021-07-12 07:00:00,1026.5793,963.792,132.2171,894.3623,1222.4347
LSA,2021-07-12 08:00:00,898.1632,936.3036,127.0539,771.1093,1084.5226
LSA,2021-07-12 09:00:00,718.4946,888.6885,117.8108,600.6838,889.28
LSA,2021-07-12 10:00:00,500.9562,803.9708,102.4641,398.4921,650.0054
LSA,2021-07-12 11:00:00,264.4521,632.2099,76.325,188.1272,382.998
LSA,2021-07-12 12:00:00,55.3671,223.1346,27.3673,27.9997,108.1467
LSA,2021-07-12 13:00:00,0.0,0.0,0.0,0.0,0.0
LSA,2021-07-12 14:00:00,0.0,0.0,0.0,0.0,0.0
LSA,2021-07-12 15:00:00,0.0,0.0,0.0,0.0,0.0
LSA,2021-07-12 16:00:00,0.0,0.0,0.0,0.0,0.0
LSA,2021-07-12 17:00:00,0.0,0.0,0.0,0.0,0.0
LSA,2021-07-12 18:00:00,0.0,0.0,0.0,0.0,0.0
LSA,2021-07-12 19:00:00,0.0,0.0,0.0,0.0,0.0
LSA,2021-07-12 20:00:00,0.0,0.0,0.0,0.0,0.0
LSA,2021-07-12 21:00:00,0.0,0.0,0.0,0.0,0.0
LSA,2021-07-12 22:00:00,0.0,0.0,0.0,0.0,0.0
LSA,2021-07-12 23:00:00,55.3923,266.6999,23.0113,32.3811,104.3858
LSA,2021-07-13 00:00:00,265.6126,703.7324,59.2321,206.3805,378.7609
LSA,2021-07-13 01:00:00,500.0262,861.4641,75.9464,424.0799,646.0767
LSA,2021-07-13 02:00:00,715.6517,937.008,84.8784,630.7733,885.9095
LSA,2021-07-13 03:00:00,893.5446,977.2794,90.7817,802.7629,1081.9069
LSA,2021-07-13 04:00:00,1020.1098,998.2009,95.2347,924.8751,1220.7009
LSA,2021-07-13 05:00:00,1086.1119,1007.0463,98.0151,988.0968,1292.8212
LSA,2021-07-13 06:00:00,1086.318,1006.3054,98.5518,987.7661,1293.3407
LSA,2021-07-13 07:00:00,1020.6924,995.8904,96.8149,923.8775,1222.2129
LSA,2021-07-13 08:00:00,894.4046,973.1033,93.3149,801.0897,1084.2755
LSA,2021-07-13 09:00:00,716.6765,932.4496,86.8769,629.7997,888.9206
LSA,2021-07-13 10:00:00,501.3734,859.1682,76.2847,425.0888,649.4538
LSA,2021-07-13 11:00:00,267.5978,706.8464,58.6377,208.9601,382.1875
LSA,2021-07-13 12:00:00,56.9865,275.8719,23.0674,33.9192,107.1389
LSA,2021-07-13 13:00:00,0.0,0.0,0.0,0.0,0.0
LSA,2021-07-13 14:00:00,0.0,0.0,0.0,0.0,0.0
LSA,2021-07-13 15:00:00,0.0,0.0,0.0,0.0,0.0
LSA,2021-07-13 16:00:00,0.0,0.0,0.0,0.0,0.0
LSA,2021-07-13 17:00:00,0.0,0.0,0.0,0.0,0.0
LSA,2021-07-13 18:00:00,0.0,0.0,0.0,0.0,0.0
LSA,2021-07-13 19:00:00,0.0,0.0,0.0,0.0,0.0
LSA,2021-07-13 20:00:00,0.0,0.0,0.0,0.0,0.0
LSA,2021-07-13 21:00:00,0.0,0.0,0.0,0.0,0.0
LSA,2021-07-13 22:00:00,0.0,0.0,0.0,0.0,0.0
LSA,2021-07-13 23:00:00,54.9865,283.123,21.1596,33.8269,102.4401
LSA,2021-07-14 00:00:00,265.2273,724.4715,54.1192,211.1082,376.8333
LSA,2021-07-14 01:00:00,498.9931,874.9724,69.4716,429.5216,644.4847
LSA,2021-07-14 02:00:00,714.2114,946.2013,78.2582,635.9532,884.6567
LSA,2021-07-14 03:00:00,892.0359,985.211,83.5246,808.5114,1080.9729
LSA,2021-07-14 04:00:00,1018.6577,1006.7402,86.4526,932.205,1220.0433
LSA,2021-07-14 05:00:00,1084.7323,1016.4593,87.8292,996.9031,1292.3779
LSA,2021-07-14 06:00:00,1085.5151,1017.803,86.7973,998.7178,1293.0348
LSA,2021-07-14 07:00:00,1020.9696,1010.9689,83.4144,937.5552,1221.9575
LSA,2021-07-14 08:00:00,895.7877,993.002,78.6811,817.1066,1083.9801
LSA,2021-07-14 09:00:00,719.0067,956.3038,73.5105,645.4962,888.4967
LSA,2021-07-14 10:00:00,504.2338,885.8785,66.5005,437.7333,648.8218
LSA,2021-07-14 11:00:00,270.2132,737.6625,52.9176,217.2956,381.2817
LSA,2021-07-14 12:00:00,55.9611,261.5987,22.8602,33.1008,106.0955
LSA,2021-07-14 13:00:00,0.0,0.0,0.0,0.0,0.0
LSA,2021-07-14 14:00:00,0.0,0.0,0.0,0.0,0.0
LSA,2021-07-14 15:00:00,0.0,0.0,0.0,0.0,0.0
LSA,2021-07-14 16:00:00,0.0,0.0,0.0,0.0,0.0
LSA,2021-07-14 17:00:00,0.0,0.0,0.0,0.0,0.0
LSA,2021-07-14 18:00:00,0.0,0.0,0.0,0.0,0.0
LSA,2021-07-14 19:00:00,0.0,0.0,0.0,0.0,0.0
LSA,2021-07-14 20:00:00,0.0,0.0,0.0,0.0,0.0
LSA,2021-07-14 21:00:00,0.0,0.0,0.0,0.0,0.0
LSA,2021-07-14 22:00:00,0.0,0.0,0.0,0.0,0.0
LSA,2021-07-14 23:00:00,45.5693,153.8046,26.3106,19.2587,100.5293
LSA,2021-07-15 00:00:00,242.7306,553.8564,80.2038,162.5268,374.8847
LSA,2021-07-15 01:00:00,476.8026,754.6183,106.4454,370.3571,642.8817
LSA,2021-07-15 02:00:00,694.4106,857.9314,118.2435,576.1671,883.3986
LSA,2021-07-15 03:00:00,874.116,913.6197,124.9552,749.1608,1080.0355
LSA,2021-07-15 04:00:00,1002.1592,942.5286,129.9293,872.2299,1219.3799
LSA,2021-07-15 05:00:00,1069.3889,956.054,132.1468,937.2422,1291.9225
LSA,2021-07-15 06:00:00,1070.0823,954.3837,133.9068,936.1754,1292.7068
LSA,2021-07-15 07:00:00,1004.1095,937.2903,135.0873,869.0222,1221.6672
LSA,2021-07-15 08:00:00,876.9391,904.0529,133.1168,743.8224,1083.6346
LSA,2021-07-15 09:00:00,698.2898,848.8542,125.3515,572.9383,888.0069
LSA,2021-07-15 10:00:00,482.0851,753.4963,109.465,372.6201,648.108
LSA,2021-07-15 11:00:00,248.7715,565.8499,80.8184,167.9531,380.2794
LSA,2021-07-15 12:00:00,49.1929,175.316,27.1321,22.0608,104.9583
LSA,2021-07-15 13:00:00,0.0,0.0,0.0,0.0,0.0
LSA,2021-07-15 14:00:00,0.0,0.0,0.0,0.0,0.0
LSA,2021-07-15 15:00:00,0.0,0.0,0.0,0.0,0.0
LSA,2021-07-15 16:00:00,0.0,0.0,0.0,0.0,0.0
LSA,2021-07-15 17:00:00,0.0,0.0,0.0,0.0,0.0
LSA,2021-07-15 18:00:00,0.0,0.0,0.0,0.0,0.0
LSA,2021-07-15 19:00:00,0.0,0.0,0.0,0.0,0.0
LSA,2021-07-15 20:00:00,0.0,0.0,0.0,0.0,0.0
LSA,2021-07-15 21:00:00,0.0,0.0,0.0,0.0,0.0
LSA,2021-07-15 22:00:00,0.0,0.0,0.0,0.0,0.0
LSA,2021-07-15 23:00:00,49.2816,215.5119,23.2451,26.0365,98.5731
LSA,2021-07-16 00:00:00,254.6342,657.6113,63.9514,190.6828,372.9168
LSA,2021-07-16 01:00:00,489.8192,837.5677,80.369,409.4502,641.2683
LSA,2021-07-16 02:00:00,706.9681,925.4797,86.6434,620.3248,882.1359
LSA,2021-07-16 03:00:00,886.009,969.9484,91.576,794.4329,1079.0948
LSA,2021-07-16 04:00:00,1013.3444,990.2778,97.5833,915.761,1218.7104
LSA,2021-07-16 05:00:00,1080.1024,998.269,101.9491,978.1534,1291.4543
LSA,2021-07-16 06:00:00,1080.3312,992.545,107.0873,973.2439,1292.3556
LSA,2021-07-16 07:00:00,1013.8212,972.7064,112.296,901.5252,1221.3406
LSA,2021-07-16 08:00:00,886.0832,937.9849,114.7174,771.3657,1083.2378
LSA,2021-07-16 09:00:00,706.4401,884.3621,110.0771,596.3629,887.4497
LSA,2021-07-16 10:00:00,489.1217,795.0302,96.7243,392.3974,647.3111
LSA,2021-07-16 11:00:00,254.4585,616.2728,72.64,181.8185,379.1797
LSA,2021-07-16 12:00:00,50.3021,196.8328,25.6285,24.6736,103.7266
LSA,2021-07-16 13:00:00,0.0,0.0,0.0,0.0,0.0
LSA,2021-07-16 14:00:00,0.0,0.0,0.0,0.0,0.0
LSA,2021-07-16 15:00:00,0.0,0.0,0.0,0.0,0.0
LSA,2021-07-16 16:00:00,0.0,0.0,0.0,0.0,0.0
LSA,2021-07-16 17:00:00,0.0,0.0,0.0,0.0,0.0
LSA,2021-07-16 18:00:00,0.0,0.0,0.0,0.0,0.0
LSA,2021-07-16 19:00:00,0.0,0.0,0.0,0.0,0.0
LSA,2021-07-16 20:00:00,0.0,0.0,0.0,0.0,0.0
LSA,2021-07-16 21:00:00,0.0,0.0,0.0,0.0,0.0
LSA,2021-07-16 22:00:00,0.0,0.0,0.0,0.0,0.0
LSA,2021-07-16 23:00:00,47.0791,197.2857,23.289,23.7901,96.6523
LSA,2021-07-17 00:00:00,250.1918,633.5609,67.1882,183.0036,370.9308
LSA,2021-07-17 01:00:00,485.7553,817.4018,87.1186,398.6368,639.6458
LSA,2021-07-17 02:00:00,703.9962,907.7344,96.4669,607.5293,880.869
LSA,2021-07-17 03:00:00,883.9027,953.8044,103.4471,780.4556,1078.151
LSA,2021-07-17 04:00:00,1011.5594,974.9653,110.5622,900.9972,1218.0345
LSA,2021-07-17 05:00:00,1078.2803,982.7787,115.7806,962.4997,1290.9724
LSA,2021-07-17 06:00:00,1079.1067,980.4016,118.1802,960.9265,1291.9801
LSA,2021-07-17 07:00:00,1013.8978,967.5338,117.5881,896.3098,1220.9762
LSA,2021-07-17 08:00:00,887.3281,940.3222,114.5423,772.7858,1082.7881
LSA,2021-07-17 09:00:00,708.6025,895.8084,105.1752,603.4274,886.8239
LSA,2021-07-17 10:00:00,492.3207,819.3983,88.805,403.5157,646.4301
LSA,2021-07-17 11:00:00,258.399,658.8959,65.2817,193.1173,377.9816
LSA,2021-07-17 12:00:00,51.8692,229.8008,23.6897,28.1795,102.3891
LSA,2021-07-17 13:00:00,0.0,0.0,0.0,0.0,0.0
LSA,2021-07-17 14:00:00,0.0,0.0,0.0,0.0,0.0
LSA,2021-07-17 15:00:00,0.0,0.0,0.0,0.0,0.0
LSA,2021-07-17 16:00:00,0.0,0.0,0.0,0.0,0.0
LSA,2021-07-17 17:00:00,0.0,0.0,0.0,0.0,0.0
LSA,2021-07-17 18:00:00,0.0,0.0,0.0,0.0,0.0
LSA,2021-07-17 19:00:00,0.0,0.0,0.0,0.0,0.0
LSA,2021-07-17 20:00:00,0.0,0.0,0.0,0.0,0.0
LSA,2021-07-17 21:00:00,0.0,0.0,0.0,0.0,0.0
LSA,2021-07-17 22:00:00,0.0,0.0,0.0,0.0,0.0
LSA,2021-07-17 23:00:00,49.6506,253.8788,20.2331,29.4174,94.6956
LSA,2021-07-18 00:00:00,257.5708,711.903,53.9669,203.6039,368.9279
LSA,2021-07-18 01:00:00,493.0898,879.3365,65.7503,427.3395,638.0147
LSA,2021-07-18 02:00:00,710.0279,959.4417,69.056,640.9719,879.5981
LSA,2021-07-18 03:00:00,889.2346,1001.5491,70.5602,818.6744,1077.2037
LSA,2021-07-18 04:00:00,1017.0627,1023.032,72.2921,944.7706,1217.3516
LSA,2021-07-18 05:00:00,1084.3308,1033.4628,72.7043,1011.6266,1290.476
LSA,2021-07-18 06:00:00,1085.79,1033.7386,73.0362,1012.7538,1291.5792
LSA,2021-07-18 07:00:00,1021.2838,1023.8913,73.24,948.0439,1220.5729
LSA,2021-07-18 08:00:00,895.7746,1002.9949,72.0863,823.6883,1082.2844
LSA,2021-07-18 09:00:00,718.1929,963.2983,69.9696,648.2233,886.1282
LSA,2021-07-18 10:00:00,502.1963,889.1158,65.2524,436.9438,645.4637
LSA,2021-07-18 11:00:00,266.6509,733.3397,53.0459,213.605,376.6843
LSA,2021-07-18 12:00:00,54.1513,274.0544,21.1963,32.955,100.9974
LSA,2021-07-18 13:00:00,0.0,0.0,0.0,0.0,0.0
LSA,2021-07-18 14:00:00,0.0,0.0,0.0,0.0,0.0
LSA,2021-07-18 15:00:00,0.0,0.0,0.0,0.0,0.0
LSA,2021-07-18 16:00:00,0.0,0.0,0.0,0.0,0.0
LSA,2021-07-18 17:00:00,0.0,0.0,0.0,0.0,0.0
LSA,2021-07-18 18:00:00,0.0,0.0,0.0,0.0,0.0
LSA,2021-07-18 19:00:00,0.0,0.0,0.0,0.0,0.0
LSA,2021-07-18 20:00:00,0.0,0.0,0.0,0.0,0.0
LSA,2021-07-18 21:00:00,0.0,0.0,0.0,0.0,0.0
LSA,2021-07-18 22:00:00,0.0,0.0,0.0,0.0,0.0
LSA,2021-07-18 23:00:00,47.8056,236.0693,20.4321,27.3735,92.7721
LSA,2021-07-19 00:00:00,255.1603,698.9832,56.0946,199.0658,366.9093
LSA,2021-07-19 01:00:00,492.1389,872.6988,69.0882,423.0507,636.376
LSA,2021-07-19 02:00:00,710.709,955.6487,73.2502,637.4587,878.3238
LSA,2021-07-19 03:00:00,890.9343,997.5383,76.3921,814.5421,1076.2529
LSA,2021-07-19 04:00:00,1019.0099,1016.7819,80.6887,938.3212,1216.661
LSA,2021-07-19 05:00:00,1086.1212,1024.6705,83.6444,1002.4769,1289.9641
LSA,2021-07-19 06:00:00,1087.0056,1022.2482,85.9735,1001.0321,1291.1517
LSA,2021-07-19 07:00:00,1021.5339,1009.189,87.5459,933.988,1220.1294
LSA,2021-07-19 08:00:00,894.7197,983.6864,87.3533,807.3664,1081.7252
LSA,2021-07-19 09:00:00,715.5632,936.1697,86.0576,629.5056,885.3613
LSA,2021-07-19 10:00:00,497.553,847.9189,81.2162,416.3368,644.411
LSA,2021-07-19 11:00:00,260.0828,667.97,65.3527,194.7301,375.2872
LSA,2021-07-19 12:00:00,51.2304,228.896,23.6905,27.5399,99.487
LSA,2021-07-19 13:00:00,0.0,0.0,0.0,0.0,0.0
LSA,2021-07-19 14:00:00,0.0,0.0,0.0,0.0,0.0
LSA,2021-07-19 15:00:00,0.0,0.0,0.0,0.0,0.0
LSA,2021-07-19 16:00:00,0.0,0.0,0.0,0.0,0.0
LSA,2021-07-19 17:00:00,0.0,0.0,0.0,0.0,0.0
LSA,2021-07-19 18:00:00,0.0,0.0,0.0,0.0,0.0
LSA,2021-07-19 19:00:00,0.0,0.0,0.0,0.0,0.0
LSA,2021-07-19 20:00:00,0.0,0.0,0.0,0.0,0.0
LSA,2021-07-19 21:00:00,0.0,0.0,0.0,0.0,0.0
LSA,2021-07-19 22:00:00,0.0,0.0,0.0,0.0,0.0
LSA,2021-07-19 23:00:00,48.7936,273.0245,18.1423,30.6513,90.8235
LSA,2021-07-20 00:00:00,256.7448,733.475,49.8202,206.9246,364.8761
LSA,2021-07-20 01:00:00,491.2118,882.7601,64.7528,426.459,634.73
LSA,2021-07-20 02:00:00,707.4344,951.9359,73.6162,633.8182,877.046
LSA,2021-07-20 03:00:00,886.3929,989.8827,78.9112,807.4816,1075.2983
LSA,2021-07-20 04:00:00,1014.093,1011.0872,81.6879,932.4051,1215.9623
LSA,2021-07-20 05:00:00,1080.9958,1020.6693,82.9865,998.0093,1289.4358
LSA,2021-07-20 06:00:00,1082.1094,1021.1422,82.6707,999.4386,1290.6965
LSA,2021-07-20 07:00:00,1017.3422,1012.5825,80.7589,936.5834,1219.6444
LSA,2021-07-20 08:00:00,891.5349,992.6768,77.4466,814.0882,1081.1094
LSA,2021-07-20 09:00:00,713.6048,953.5067,73.3098,640.295,884.5222
LSA,2021-07-20 10:00:00,497.3812,879.3489,66.8024,430.5788,643.2712
LSA,2021-07-20 11:00:00,262.2095,723.3659,53.0817,209.1279,373.7898
LSA,2021-07-20 12:00:00,52.1237,272.3161,20.1871,31.9366,97.9416
LSA,2021-07-20 13:00:00,0.0,0.0,0.0,0.0,0.0
LSA,2021-07-20 14:00:00,0.0,0.0,0.0,0.0,0.0
LSA,2021-07-20 15:00:00,0.0,0.0,0.0,0.0,0.0
LSA,2021-07-20 16:00:00,0.0,0.0,0.0,0.0,0.0
LSA,2021-07-20 17:00:00,0.0,0.0,0.0,0.0,0.0
LSA,2021-07-20 18:00:00,0.0,0.0,0.0,0.0,0.0
LSA,2021-07-20 19:00:00,0.0,0.0,0.0,0.0,0.0
LSA,2021-07-20 20:00:00,0.0,0.0,0.0,0.0,0.0
LSA,2021-07-20 21:00:00,0.0,0.0,0.0,0.0,0.0
LSA,2021-07-20 22:00:00,0.0,0.0,0.0,0.0,0.0
LSA,2021-07-20 23:00:00,48.7954,303.1063,15.4381,33.3572,88.9039
LSA,2021-07-21 00:00:00,257.9148,777.9366,40.1423,217.7725,362.8291
LSA,2021-07-21 01:00:00,492.3885,918.3147,50.1324,442.2561,633.0775
LSA,2021-07-21 02:00:00,708.8212,983.105,55.3697,653.4515,875.7647
LSA,2021-07-21 03:00:00,888.2463,1018.3051,58.488,829.7583,1074.3396
LSA,2021-07-21 04:00:00,1016.5302,1037.6033,60.3903,956.1398,1215.2545
LSA,2021-07-21 05:00:00,1084.115,1046.6835,61.2636,1022.8514,1288.89
LSA,2021-07-21 06:00:00,1085.3752,1046.2289,61.9249,1023.4504,1290.2124
LSA,2021-07-21 07:00:00,1020.1815,1036.1689,62.3436,957.8379,1219.1168
LSA,2021-07-21 08:00:00,893.9305,1015.6741,61.638,832.2925,1080.4357
LSA,2021-07-21 09:00:00,716.01,978.9362,59.5147,656.4952,883.6097
LSA,2021-07-21 10:00:00,500.2564,911.887,54.8724,445.384,642.0435
LSA,2021-07-21 11:00:00,265.2124,768.0848,44.6474,220.565,372.1915
LSA,2021-07-21 12:00:00,51.7343,277.8912,18.7637,32.9706,96.2722
LSA,2021-07-21 13:00:00,0.0,0.0,0.0,0.0,0.0
LSA,2021-07-21 14:00:00,0.0,0.0,0.0,0.0,0.0
LSA,2021-07-21 15:00:00,0.0,0.0,0.0,0.0,0.0
LSA,2021-07-21 16:00:00,0.0,0.0,0.0,0.0,0.0
LSA,2021-07-21 17:00:00,0.0,0.0,0.0,0.0,0.0
LSA,2021-07-21 18:00:00,0.0,0.0,0.0,0.0,0.0
LSA,2021-07-21 19:00:00,0.0,0.0,0.0,0.0,0.0
LSA,2021-07-21 20:00:00,0.0,0.0,0.0,0.0,0.0
LSA,2021-07-21 21:00:00,0.0,0.0,0.0,0.0,0.0
LSA,2021-07-21 22:00:00,0.0,0.0,0.0,0.0,0.0
LSA,2021-07-21 23:00:00,43.3211,207.4594,19.7503,23.5708,86.9707
LSA,2021-07-22 00:00:00,246.8244,671.5748,58.443,188.3814,360.7691
LSA,2021-07-22 01:00:00,483.8971,850.0292,75.1243,408.7728,631.4186
LSA,2021-07-22 02:00:00,703.548,934.7448,83.0125,620.5355,874.48
LSA,2021-07-22 03:00:00,885.2271,977.6487,89.4158,795.8113,1073.3761
LSA,2021-07-22 04:00:00,1014.8049,997.4487,96.3621,918.4428,1214.537
LSA,2021-07-22 05:00:00,1083.2439,1005.0066,101.7197,981.5242,1288.3259
LSA,2021-07-22 06:00:00,1085.0237,1005.1784,102.2945,982.7292,1289.6981
LSA,2021-07-22 07:00:00,1019.9721,997.9586,98.052,921.9201,1218.5452
LSA,2021-07-22 08:00:00,893.2836,978.4906,92.1305,801.1531,1079.703
LSA,2021-07-22 09:00:00,714.1679,939.2568,84.9841,629.1838,882.6231
LSA,2021-07-22 10:00:00,496.4177,863.9719,75.1057,421.312,640.7271
LSA,2021-07-22 11:00:00,259.5085,703.5698,57.6682,201.8402,370.4921
LSA,2021-07-22 12:00:00,48.8265,229.4201,21.383,27.4435,94.5803
LSA,2021-07-22 13:00:00,0.0,0.0,0.0,0.0,0.0
LSA,2021-07-22 14:00:00,0.0,0.0,0.0,0.0,0.0
LSA,2021-07-22 15:00:00,0.0,0.0,0.0,0.0,0.0
LSA,2021-07-22 16:00:00,0.0,0.0,0.0,0.0,0.0
LSA,2021-07-22 17:00:00,0.0,0.0,0.0,0.0,0.0
LSA,2021-07-22 18:00:00,0.0,0.0,0.0,0.0,0.0
LSA,2021-07-22 19:00:00,0.0,0.0,0.0,0.0,0.0
LSA,2021-07-22 20:00:00,0.0,0.0,0.0,0.0,0.0
LSA,2021-07-22 21:00:00,0.0,0.0,0.0,0.0,0.0
LSA,2021-07-22 22:00:00,0.0,0.0,0.0,0.0,0.0
LSA,2021-07-22 23:00:00,38.7909,140.1023,22.5679,16.2229,85.031
LSA,2021-07-23 00:00:00,235.9783,566.3842,76.6016,159.3767,358.6968
LSA,2021-07-23 01:00:00,476.1102,779.1636,101.8394,374.2708,629.7537
LSA,2021-07-23 02:00:00,699.8389,886.7044,111.8648,587.9741,873.1917
LSA,2021-07-23 03:00:00,884.8349,945.8555,115.5589,769.276,1072.4075
LSA,2021-07-23 04:00:00,1016.8834,978.6411,116.3778,900.5055,1213.8088
LSA,2021-07-23 05:00:00,1086.9991,996.36,114.5094,972.4897,1287.7423
LSA,2021-07-23 06:00:00,1089.577,1001.5259,111.0077,978.5693,1289.1526
LSA,2021-07-23 07:00:00,1024.549,994.8851,106.0991,918.4498,1217.9283
LSA,2021-07-23 08:00:00,897.4099,975.843,99.1551,798.2548,1078.9103
LSA,2021-07-23 09:00:00,717.5025,937.894,90.1295,627.373,881.5613
LSA,2021-07-23 10:00:00,498.7213,865.3615,77.7826,420.9386,639.3215
LSA,2021-07-23 11:00:00,260.569,708.9734,58.2929,202.2761,368.6913
LSA,2021-07-23 12:00:00,48.9529,239.5536,20.8922,28.0607,92.7664
LSA,2021-07-23 13:00:00,0.0,0.0,0.0,0.0,0.0
LSA,2021-07-23 14:00:00,0.0,0.0,0.0,0.0,0.0
LSA,2021-07-23 15:00:00,0.0,0.0,0.0,0.0,0.0
LSA,2021-07-23 16:00:00,0.0,0.0,0.0,0.0,0.0
LSA,2021-07-23 17:00:00,0.0,0.0,0.0,0.0,0.0
LSA,2021-07-23 18:00:00,0.0,0.0,0.0,0.0,0.0
LSA,2021-07-23 19:00:00,0.0,0.0,0.0,0.0,0.0
LSA,2021-07-23 20:00:00,0.0,0.0,0.0,0.0,0.0
LSA,2021-07-23 21:00:00,0.0,0.0,0.0,0.0,0.0
LSA,2021-07-23 22:00:00,0.0,0.0,0.0,0.0,0.0
LSA,2021-07-23 23:00:00,42.2202,203.7116,19.6679,22.5523,83.1487
LSA,2021-07-24 00:00:00,247.1687,669.1767,61.5837,185.5851,356.6129
LSA,2021-07-24 01:00:00,486.1793,846.6826,81.3246,404.8547,628.0829
LSA,2021-07-24 02:00:00,706.64,928.985,91.9966,614.6434,871.8995
LSA,2021-07-24 03:00:00,888.073,970.6196,99.6931,788.3798,1071.4331
LSA,2021-07-24 04:00:00,1016.5192,990.129,106.2501,910.2692,1213.0693
LSA,2021-07-24 05:00:00,1083.0374,996.8212,110.76,972.2774,1287.1381
LSA,2021-07-24 06:00:00,1083.2268,994.7664,111.8697,971.3572,1288.5745
LSA,2021-07-24 07:00:00,1017.0958,983.7925,109.5168,907.5789,1217.2651
LSA,2021-07-24 08:00:00,889.0638,959.2618,105.0674,783.9965,1078.0562
LSA,2021-07-24 09:00:00,708.4257,912.9639,98.4579,609.9678,880.4234
LSA,2021-07-24 10:00:00,489.0114,826.6174,87.5705,401.4409,637.8261
LSA,2021-07-24 11:00:00,250.9952,646.9991,66.4687,184.5264,366.7889
LSA,2021-07-24 12:00:00,45.3962,199.4532,22.1051,23.2911,90.936
LSA,2021-07-24 13:00:00,0.0,0.0,0.0,0.0,0.0
LSA,2021-07-24 14:00:00,0.0,0.0,0.0,0.0,0.0
LSA,2021-07-24 15:00:00,0.0,0.0,0.0,0.0,0.0
LSA,2021-07-24 16:00:00,0.0,0.0,0.0,0.0,0.0
LSA,2021-07-24 17:00:00,0.0,0.0,0.0,0.0,0.0
LSA,2021-07-24 18:00:00,0.0,0.0,0.0,0.0,0.0
LSA,2021-07-24 19:00:00,0.0,0.0,0.0,0.0,0.0
LSA,2021-07-24 20:00:00,0.0,0.0,0.0,0.0,0.0
LSA,2021-07-24 21:00:00,0.0,0.0,0.0,0.0,0.0
LSA,2021-07-24 22:00:00,0.0,0.0,0.0,0.0,0.0
LSA,2021-07-24 23:00:00,36.5901,130.9792,21.8494,14.7406,81.2337
LSA,2021-07-25 00:00:00,227.6589,526.4162,81.3138,146.345,354.5179
LSA,2021-07-25 01:00:00,461.8766,719.2126,118.4227,343.4539,626.4065
LSA,2021-07-25 02:00:00,680.3367,813.6017,142.7062,537.6305,870.6033
LSA,2021-07-25 03:00:00,863.1177,875.5918,152.3429,710.7748,1070.4524
LSA,2021-07-25 04:00:00,995.9069,922.1869,148.6208,847.2861,1212.3174
LSA,2021-07-25 05:00:00,1066.9288,950.2941,140.6165,926.3124,1286.512
LSA,2021-07-25 06:00:00,1070.3387,960.2034,133.3688,936.97,1287.9626
LSA,2021-07-25 07:00:00,1006.0674,953.1739,127.4402,878.6272,1216.5544
LSA,2021-07-25 08:00:00,879.8548,931.8117,119.1098,760.7451,1077.1399
LSA,2021-07-25 09:00:00,700.0707,883.8011,110.3921,589.6786,879.2087
LSA,2021-07-25 10:00:00,480.5752,788.8284,98.2427,382.3325,636.2404
LSA,2021-07-25 11:00:00,243.1423,596.3767,73.3687,169.7735,364.7848
LSA,2021-07-25 12:00:00,42.2185,164.2736,22.9035,19.315,88.9927
LSA,2021-07-25 13:00:00,0.0,0.0,0.0,0.0,0.0
LSA,2021-07-25 14:00:00,0.0,0.0,0.0,0.0,0.0
LSA,2021-07-25 15:00:00,0.0,0.0,0.0,0.0,0.0
LSA,2021-07-25 16:00:00,0.0,0.0,0.0,0.0,0.0
LSA,2021-07-25 17:00:00,0.0,0.0,0.0,0.0,0.0
LSA,2021-07-25 18:00:00,0.0,0.0,0.0,0.0,0.0
LSA,2021-07-25 19:00:00,0.0,0.0,0.0,0.0,0.0
LSA,2021-07-25 20:00:00,0.0,0.0,0.0,0.0,0.0
LSA,2021-07-25 21:00:00,0.0,0.0,0.0,0.0,0.0
LSA,2021-07-25 22:00:00,0.0,0.0,0.0,0.0,0.0
LSA,2021-07-25 23:00:00,36.86,151.7898,19.988,16.872,79.3678
LSA,2021-07-26 00:00:00,232.4662,595.8671,68.1701,164.2961,352.4123
LSA,2021-07-26 01:00:00,469.0553,796.6706,89.8623,379.193,624.7244
LSA,2021-07-26 02:00:00,688.6229,894.523,98.5642,590.0587,869.3027
LSA,2021-07-26 03:00:00,870.5494,949.8019,100.6289,769.9205,1069.4646
LSA,2021-07-26 04:00:00,1000.8778,983.1263,98.4486,902.4292,1211.552
LSA,2021-07-26 05:00:00,1069.7858,1001.8672,93.9155,975.8702,1285.8632
LSA,2021-07-26 06:00:00,1072.0067,1007.3523,89.7212,982.2855,1287.3159
LSA,2021-07-26 07:00:00,1007.5171,1000.4291,86.1083,921.4088,1215.7949
LSA,2021-07-26 08:00:00,881.5612,981.6901,81.0479,800.5132,1076.1603
LSA,2021-07-26 09:00:00,703.4859,944.6253,74.6094,628.8765,877.9164
LSA,2021-07-26 10:00:00,487.2448,873.8577,65.6194,421.6254,634.5639
LSA,2021-07-26 11:00:00,252.2766,719.8494,50.3752,201.9015,362.679
LSA,2021-07-26 12:00:00,45.6681,251.9809,17.6457,28.0225,87.0318
LSA,2021-07-26 13:00:00,0.0,0.0,0.0,0.0,0.0
LSA,2021-07-26 14:00:00,0.0,0.0,0.0,0.0,0.0
LSA,2021-07-26 15:00:00,0.0,0.0,0.0,0.0,0.0
LSA,2021-07-26 16:00:00,0.0,0.0,0.0,0.0,0.0
LSA,2021-07-26 17:00:00,0.0,0.0,0.0,0.0,0.0
LSA,2021-07-26 18:00:00,0.0,0.0,0.0,0.0,0.0
LSA,2021-07-26 19:00:00,0.0,0.0,0.0,0.0,0.0
LSA,2021-07-26 20:00:00,0.0,0.0,0.0,0.0,0.0
LSA,2021-07-26 21:00:00,0.0,0.0,0.0,0.0,0.0
LSA,2021-07-26 22:00:00,0.0,0.0,0.0,0.0,0.0
LSA,2021-07-26 23:00:00,41.4673,256.0436,14.8219,26.6454,77.4823
LSA,2021-07-27 00:00:00,247.2035,749.186,44.2734,202.9301,350.2967
LSA,2021-07-27 01:00:00,484.1588,901.5707,57.1755,426.9833,623.0367
LSA,2021-07-27 02:00:00,702.9548,970.1432,64.5127,638.4422,867.9972
LSA,2021-07-27 03:00:00,884.3406,1007.6719,68.6256,815.715,1068.469
LSA,2021-07-27 04:00:00,1014.0583,1028.9116,70.489,943.5693,1210.7722
LSA,2021-07-27 05:00:00,1082.2605,1038.8978,71.0853,1011.1752,1285.1902
LSA,2021-07-27 06:00:00,1083.2175,1037.0619,72.6982,1010.5193,1286.6329
LSA,2021-07-27 07:00:00,1016.8254,1023.316,75.1235,941.7018,1214.9855
LSA,2021-07-27 08:00:00,888.6271,997.7059,75.9424,812.6848,1075.1163
LSA,2021-07-27 09:00:00,709.1586,958.8841,71.9918,637.1667,876.5456
LSA,2021-07-27 10:00:00,492.2209,893.3696,62.6077,429.6132,632.7963
LSA,2021-07-27 11:00:00,255.6905,747.2852,47.7093,207.9812,360.4714
LSA,2021-07-27 12:00:00,45.8868,263.7964,16.9028,28.984,84.9744
LSA,2021-07-27 13:00:00,0.0,0.0,0.0,0.0,0.0
LSA,2021-07-27 14:00:00,0.0,0.0,0.0,0.0,0.0
LSA,2021-07-27 15:00:00,0.0,0.0,0.0,0.0,0.0
LSA,2021-07-27 16:00:00,0.0,0.0,0.0,0.0,0.0
LSA,2021-07-27 17:00:00,0.0,0.0,0.0,0.0,0.0
LSA,2021-07-27 18:00:00,0.0,0.0,0.0,0.0,0.0
LSA,2021-07-27 19:00:00,0.0,0.0,0.0,0.0,0.0
LSA,2021-07-27 20:00:00,0.0,0.0,0.0,0.0,0.0
LSA,2021-07-27 21:00:00,0.0,0.0,0.0,0.0,0.0
LSA,2021-07-27 22:00:00,0.0,0.0,0.0,0.0,0.0
LSA,2021-07-27 23:00:00,38.432,203.2189,16.9628,21.4692,75.6366
LSA,2021-07-28 00:00:00,240.4558,684.0091,55.4861,184.9697,348.1713
LSA,2021-07-28 01:00:00,478.28,854.7744,74.3582,403.9218,621.3435
LSA,2021-07-28 02:00:00,698.2344,932.4413,85.5461,612.6884,866.6865
LSA,2021-07-28 03:00:00,880.8458,977.9318,90.009,790.8368,1067.4648
LSA,2021-07-28 04:00:00,1011.8141,1007.3134,88.8131,923.001,1209.9772
LSA,2021-07-28 05:00:00,1080.8732,1023.2795,85.6489,995.2242,1284.4919
LSA,2021-07-28 06:00:00,1082.5996,1026.7622,82.9112,999.6884,1285.9125
LSA,2021-07-28 07:00:00,1016.9436,1018.3041,80.7611,936.1825,1214.125
LSA,2021-07-28 08:00:00,889.2581,998.2688,77.1997,812.0584,1074.0071
LSA,2021-07-28 09:00:00,709.3442,960.9633,71.9455,637.3987,875.0957
LSA,2021-07-28 10:00:00,491.0346,891.0005,63.8093,427.2253,630.937
LSA,2021-07-28 11:00:00,253.1868,736.1902,49.3327,203.8541,358.162
LSA,2021-07-28 12:00:00,43.9843,243.4468,17.209,26.7753,82.8917
LSA,2021-07-28 13:00:00,0.0,0.0,0.0,0.0,0.0
LSA,2021-07-28 14:00:00,0.0,0.0,0.0,0.0,0.0
LSA,2021-07-28 15:00:00,0.0,0.0,0.0,0.0,0.0
LSA,2021-07-28 16:00:00,0.0,0.0,0.0,0.0,0.0
LSA,2021-07-28 17:00:00,0.0,0.0,0.0,0.0,0.0
LSA,2021-07-28 18:00:00,0.0,0.0,0.0,0.0,0.0
LSA,2021-07-28 19:00:00,0.0,0.0,0.0,0.0,0.0
LSA,2021-07-28 20:00:00,0.0,0.0,0.0,0.0,0.0
LSA,2021-07-28 21:00:00,0.0,0.0,0.0,0.0,0.0
LSA,2021-07-28 22:00:00,0.0,0.0,0.0,0.0,0.0
LSA,2021-07-28 23:00:00,35.3913,163.7016,17.967,17.4243,73.7852
LSA,2021-07-29 00:00:00,233.718,636.9223,61.5598,172.1582,346.0367
LSA,2021-07-29 01:00:00,473.4309,836.2858,79.0302,394.4008,619.6447
LSA,2021-07-29 02:00:00,695.3881,930.0005,85.1899,610.1982,865.3703
LSA,2021-07-29 03:00:00,878.7731,979.6095,87.5499,791.2233,1066.4513
LSA,2021-07-29 04:00:00,1009.5784,1006.0457,88.5882,920.9902,1209.1655
LSA,2021-07-29 05:00:00,1078.4597,1019.3939,87.8092,990.6505,1283.7673
LSA,2021-07-29 06:00:00,1080.4148,1021.1768,86.9796,993.4352,1285.1534
LSA,2021-07-29 07:00:00,1015.285,1011.6223,86.15,929.135,1213.2122
LSA,2021-07-29 08:00:00,887.7802,989.7528,83.6887,804.0914,1072.8314
LSA,2021-07-29 09:00:00,707.2151,948.6063,79.1681,628.047,873.566
LSA,2021-07-29 10:00:00,487.5076,871.0986,71.0071,416.5005,628.9859
LSA,2021-07-29 11:00:00,248.3562,701.772,54.7895,193.5666,355.751
LSA,2021-07-29 12:00:00,41.6996,218.9991,17.8669,23.8327,80.7356
LSA,2021-07-29 13:00:00,0.0,0.0,0.0,0.0,0.0
LSA,2021-07-29 14:00:00,0.0,0.0,0.0,0.0,0.0
LSA,2021-07-29 15:00:00,0.0,0.0,0.0,0.0,0.0
LSA,2021-07-29 16:00:00,0.0,0.0,0.0,0.0,0.0
LSA,2021-07-29 17:00:00,0.0,0.0,0.0,0.0,0.0
LSA,2021-07-29 18:00:00,0.0,0.0,0.0,0.0,0.0
LSA,2021-07-29 19:00:00,0.0,0.0,0.0,0.0,0.0
LSA,2021-07-29 20:00:00,0.0,0.0,0.0,0.0,0.0
LSA,2021-07-29 21:00:00,0.0,0.0,0.0,0.0,0.0
LSA,2021-07-29 22:00:00,0.0,0.0,0.0,0.0,0.0
LSA,2021-07-29 23:00:00,36.9705,203.2427,16.0489,20.9216,71.9363
LSA,2021-07-30 00:00:00,241.5459,708.3616,52.1526,189.3932,343.8935
LSA,2021-07-30 01:00:00,484.325,893.0629,64.7291,419.5959,617.9403
LSA,2021-07-30 02:00:00,708.5188,978.0968,68.0329,640.4859,864.048
LSA,2021-07-30 03:00:00,893.3464,1020.6284,70.0848,823.2616,1065.4277
LSA,2021-07-30 04:00:00,1024.6411,1040.3213,73.1976,951.4435,1208.3365
LSA,2021-07-30 05:00:00,1093.5217,1048.9065,75.0433,1018.4785,1283.015
LSA,2021-07-30 06:00:00,1094.3983,1047.1412,76.5756,1017.8226,1284.3544
LSA,2021-07-30 07:00:00,1027.1565,1034.7958,77.7084,949.4481,1212.2458
LSA,2021-07-30 08:00:00,897.1808,1010.5881,77.2933,819.8875,1071.5884
LSA,2021-07-30 09:00:00,714.5602,970.4175,73.4913,641.0689,871.9556
LSA,2021-07-30 10:00:00,493.3063,898.9479,65.1661,428.1402,626.9425
LSA,2021-07-30 11:00:00,252.2659,740.0536,50.0764,202.1895,353.2384
LSA,2021-07-30 12:00:00,41.3786,222.6968,17.0724,24.3062,78.5229
LSA,2021-07-30 13:00:00,0.0,0.0,0.0,0.0,0.0
LSA,2021-07-30 14:00:00,0.0,0.0,0.0,0.0,0.0
LSA,2021-07-30 15:00:00,0.0,0.0,0.0,0.0,0.0
LSA,2021-07-30 16:00:00,0.0,0.0,0.0,0.0,0.0
LSA,2021-07-30 17:00:00,0.0,0.0,0.0,0.0,0.0
LSA,2021-07-30 18:00:00,0.0,0.0,0.0,0.0,0.0
LSA,2021-07-30 19:00:00,0.0,0.0,0.0,0.0,0.0
LSA,2021-07-30 20:00:00,0.0,0.0,0.0,0.0,0.0
LSA,2021-07-30 21:00:00,0.0,0.0,0.0,0.0,0.0
LSA,2021-07-30 22:00:00,0.0,0.0,0.0,0.0,0.0
LSA,2021-07-30 23:00:00,30.6874,112.9462,18.7228,11.9646,70.15
LSA,2021-07-31 00:00:00,219.7965,536.1015,75.4608,144.3357,341.7419
LSA,2021-07-31 01:00:00,460.028,756.6638,104.7909,355.2371,616.2304
LSA,2021-07-31 02:00:00,684.5181,865.2525,118.5816,565.9365,862.7193
LSA,2021-07-31 03:00:00,870.8282,927.7303,123.1378,747.6905,1064.3933
LSA,2021-07-31 04:00:00,1004.5413,966.312,121.5068,883.0345,1207.489
LSA,2021-07-31 05:00:00,1075.6393,988.4139,116.6929,958.9464,1282.2339
LSA,2021-07-31 06:00:00,1077.9991,992.9425,113.7311,964.2681,1283.5142
LSA,2021-07-31 07:00:00,1011.5131,980.4895,112.8582,898.6549,1211.2247
LSA,2021-07-31 08:00:00,882.1025,953.5045,109.6001,772.5024,1070.277
LSA,2021-07-31 09:00:00,698.8928,902.6872,103.5653,595.3275,870.2639
LSA,2021-07-31 10:00:00,476.0705,807.5959,92.1717,383.8988,624.8064
LSA,2021-07-31 11:00:00,235.2263,608.6124,68.5079,166.7184,350.6241
LSA,2021-07-31 12:00:00,35.9895,150.5363,19.4726,16.5169,76.3
LSA,2021-07-31 13:00:00,0.0,0.0,0.0,0.0,0.0
LSA,2021-07-31 14:00:00,0.0,0.0,0.0,0.0,0.0
LSA,2021-07-31 15:00:00,0.0,0.0,0.0,0.0,0.0
LSA,2021-07-31 16:00:00,0.0,0.0,0.0,0.0,0.0
LSA,2021-07-31 17:00:00,0.0,0.0,0.0,0.0,0.0
LSA,2021-07-31 18:00:00,0.0,0.0,0.0,0.0,0.0
LSA,2021-07-31 19:00:00,0.0,0.0,0.0,0.0,0.0
LSA,2021-07-31 20:00:00,0.0,0.0,0.0,0.0,0.0
LSA,2021-07-31 21:00:00,0.0,0.0,0.0,0.0,0.0
LSA,2021-07-31 22:00:00,0.0,0.0,0.0,0.0,0.0
LSA,2021-07-31 23:00:00,31.2839,128.1687,17.8768,13.4071,68.3412
LSA,2021-08-01 00:00:00,225.09,587.8368,68.3917,156.6984,339.5825
LSA,2021-08-01 01:00:00,466.7429,802.0527,91.6061,375.1368,614.515
LSA,2021-08-01 02:00:00,691.4632,904.0009,101.3733,590.0899,861.3837
LSA,2021-08-01 03:00:00,876.8754,957.3496,106.426,770.4494,1063.3473
LSA,2021-08-01 04:00:00,1008.6458,984.6718,109.785,898.8607,1206.6221
LSA,2021-08-01 05:00:00,1077.6296,997.3985,110.8501,966.7796,1281.4226
LSA,2021-08-01 06:00:00,1077.9116,995.4576,112.1059,965.8057,1282.6313
LSA,2021-08-01 07:00:00,1009.4603,978.6805,113.4611,895.9992,1210.1478
LSA,2021-08-01 08:00:00,878.1292,946.7498,112.2235,765.9056,1068.8961
LSA,2021-08-01 09:00:00,694.447,894.182,106.1013,588.3456,868.4901
LSA,2021-08-01 10:00:00,472.4076,801.2284,92.9994,379.4082,622.5773
LSA,2021-08-01 11:00:00,232.3049,603.5198,68.2054,164.0995,347.9085
LSA,2021-08-01 12:00:00,34.6828,146.5912,18.8505,15.8323,74.013
LSA,2021-08-01 13:00:00,0.0,0.0,0.0,0.0,0.0
LSA,2021-08-01 14:00:00,0.0,0.0,0.0,0.0,0.0
LSA,2021-08-01 15:00:00,0.0,0.0,0.0,0.0,0.0
LSA,2021-08-01 16:00:00,0.0,0.0,0.0,0.0,0.0
LSA,2021-08-01 17:00:00,0.0,0.0,0.0,0.0,0.0
LSA,2021-08-01 18:00:00,0.0,0.0,0.0,0.0,0.0
LSA,2021-08-01 19:00:00,0.0,0.0,0.0,0.0,0.0
LSA,2021-08-01 20:00:00,0.0,0.0,0.0,0.0,0.0
LSA,2021-08-01 21:00:00,0.0,0.0,0.0,0.0,0.0
LSA,2021-08-01 22:00:00,0.0,0.0,0.0,0.0,0.0
LSA,2021-08-01 23:00:00,29.9971,125.4642,17.0481,12.9491,66.5841
LSA,2021-08-02 00:00:00,221.2057,583.6704,66.5025,154.7033,337.4159
LSA,2021-08-02 01:00:00,461.7439,800.8019,88.2884,373.4555,612.7941
LSA,2021-08-02 02:00:00,685.6465,904.6444,96.1874,589.4591,860.041
LSA,2021-08-02 03:00:00,869.8404,957.2125,100.5074,769.333,1062.2891
LSA,2021-08-02 04:00:00,1000.0237,981.6595,104.8273,895.1965,1205.7344
LSA,2021-08-02 05:00:00,1067.8519,992.1323,107.0703,960.7816,1280.5801
LSA,2021-08-02 06:00:00,1068.515,990.6443,108.3364,960.1786,1281.705
LSA,2021-08-02 07:00:00,1001.9041,976.9808,108.5597,893.3444,1209.0138
LSA,2021-08-02 08:00:00,872.5699,948.6414,106.4236,766.1463,1067.4448
LSA,2021-08-02 09:00:00,690.645,903.3246,97.8769,592.768,866.6335
LSA,2021-08-02 10:00:00,470.6676,824.5858,82.1162,388.5514,620.2549
LSA,2021-08-02 11:00:00,233.0917,650.7173,58.5071,174.5846,345.0914
LSA,2021-08-02 12:00:00,34.6283,170.0832,16.6637,17.9646,71.6838
LSA,2021-08-02 13:00:00,0.0,0.0,0.0,0.0,0.0
LSA,2021-08-02 14:00:00,0.0,0.0,0.0,0.0,0.0
LSA,2021-08-02 15:00:00,0.0,0.0,0.0,0.0,0.0
LSA,2021-08-02 16:00:00,0.0,0.0,0.0,0.0,0.0
LSA,2021-08-02 17:00:00,0.0,0.0,0.0,0.0,0.0
LSA,2021-08-02 18:00:00,0.0,0.0,0.0,0.0,0.0
LSA,2021-08-02 19:00:00,0.0,0.0,0.0,0.0,0.0
LSA,2021-08-02 20:00:00,0.0,0.0,0.0,0.0,0.0
LSA,2021-08-02 21:00:00,0.0,0.0,0.0,0.0,0.0
LSA,2021-08-02 22:00:00,0.0,0.0,0.0,0.0,0.0
LSA,2021-08-02 23:00:00,29.5669,137.9434,15.6228,13.9441,64.8192
LSA,2021-08-03 00:00:00,220.8363,615.9562,58.9953,161.841,335.2426
LSA,2021-08-03 01:00:00,460.0417,827.2811,75.6077,384.434,611.0679
LSA,2021-08-03 02:00:00,682.3754,925.4118,80.5848,601.7906,858.6909
LSA,2021-08-03 03:00:00,866.4715,977.0859,82.1489,784.3226,1061.2177
LSA,2021-08-03 04:00:00,998.1336,1004.6285,82.9128,915.2208,1204.8252
LSA,2021-08-03 05:00:00,1067.7117,1018.8902,81.9533,985.7584,1279.7051
LSA,2021-08-03 06:00:00,1069.9672,1021.7879,80.6372,989.33,1280.7334
LSA,2021-08-03 07:00:00,1004.7393,1013.6949,79.0445,925.6948,1207.8214
LSA,2021-08-03 08:00:00,876.9543,993.5784,76.0082,800.9461,1065.9221
LSA,2021-08-03 09:00:00,695.1841,953.2883,71.2419,623.9421,864.6934
LSA,2021-08-03 10:00:00,474.1255,875.5948,63.3849,410.7407,617.8387
LSA,2021-08-03 11:00:00,235.2798,703.9015,48.4586,186.8212,342.173
LSA,2021-08-03 12:00:00,33.9881,181.0368,15.025,18.9631,69.3176
LSA,2021-08-03 13:00:00,0.0,0.0,0.0,0.0,0.0
LSA,2021-08-03 14:00:00,0.0,0.0,0.0,0.0,0.0
LSA,2021-08-03 15:00:00,0.0,0.0,0.0,0.0,0.0
LSA,2021-08-03 16:00:00,0.0,0.0,0.0,0.0,0.0
LSA,2021-08-03 17:00:00,0.0,0.0,0.0,0.0,0.0
LSA,2021-08-03 18:00:00,0.0,0.0,0.0,0.0,0.0
LSA,2021-08-03 19:00:00,0.0,0.0,0.0,0.0,0.0
LSA,2021-08-03 20:00:00,0.0,0.0,0.0,0.0,0.0
LSA,2021-08-03 21:00:00,0.0,0.0,0.0,0.0,0.0
LSA,2021-08-03 22:00:00,0.0,0.0,0.0,0.0,0.0
LSA,2021-08-03 23:00:00,28.0032,126.6133,15.2592,12.744,63.0614
LSA,2021-08-04 00:00:00,217.4795,603.0767,59.7903,157.6892,333.0632
LSA,2021-08-04 01:00:00,458.0491,822.0641,77.0942,380.9548,609.3365
LSA,2021-08-04 02:00:00,682.436,925.2997,81.7808,600.6552,857.3328
LSA,2021-08-04 03:00:00,867.8301,979.0283,82.9691,784.8609,1060.1324
LSA,2021-08-04 04:00:00,999.7574,1006.9016,83.4334,916.324,1203.8934
LSA,2021-08-04 05:00:00,1069.321,1021.375,82.1401,987.1809,1278.7964
LSA,2021-08-04 06:00:00,1071.0365,1024.1984,80.4415,990.595,1279.7156
LSA,2021-08-04 07:00:00,1004.8405,1015.8083,78.4389,926.4016,1206.5696
LSA,2021-08-04 08:00:00,876.0944,995.4929,75.0321,801.0622,1064.327
LSA,2021-08-04 09:00:00,693.9429,954.2145,71.0021,622.9408,862.669
LSA,2021-08-04 10:00:00,472.6338,873.457,64.5892,408.0446,615.3285
LSA,2021-08-04 11:00:00,232.975,694.2608,50.0625,182.9125,339.1534
LSA,2021-08-04 12:00:00,33.3738,187.8777,14.5121,18.8617,66.9657
LSA,2021-08-04 13:00:00,0.0,0.0,0.0,0.0,0.0
LSA,2021-08-04 14:00:00,0.0,0.0,0.0,0.0,0.0
LSA,2021-08-04 15:00:00,0.0,0.0,0.0,0.0,0.0
LSA,2021-08-04 16:00:00,0.0,0.0,0.0,0.0,0.0
LSA,2021-08-04 17:00:00,0.0,0.0,0.0,0.0,0.0
LSA,2021-08-04 18:00:00,0.0,0.0,0.0,0.0,0.0
LSA,2021-08-04 19:00:00,0.0,0.0,0.0,0.0,0.0
LSA,2021-08-04 20:00:00,0.0,0.0,0.0,0.0,0.0
LSA,2021-08-04 21:00:00,0.0,0.0,0.0,0.0,0.0
LSA,2021-08-04 22:00:00,0.0,0.0,0.0,0.0,0.0
LSA,2021-08-04 23:00:00,29.4992,159.517,14.0442,15.455,61.3772
LSA,2021-08-05 00:00:00,223.9836,661.5701,53.2629,170.7206,330.8784
LSA,2021-08-05 01:00:00,464.0867,853.3852,70.2969,393.7898,607.6
LSA,2021-08-05 02:00:00,686.8452,939.8442,78.0979,608.7473,855.9666
LSA,2021-08-05 03:00:00,871.1873,985.7199,82.052,789.1353,1059.0328
LSA,2021-08-05 04:00:00,1002.6795,1010.5621,84.0414,918.6381,1202.9381
LSA,2021-08-05 05:00:00,1071.6273,1022.5273,84.3564,987.2709,1277.8529
LSA,2021-08-05 06:00:00,1072.5542,1023.0238,84.2028,988.3514,1278.6503
LSA,2021-08-05 07:00:00,1005.3763,1012.1212,83.5918,921.7845,1205.257
LSA,2021-08-05 08:00:00,875.4144,988.5807,81.3498,794.0645,1062.6583
LSA,2021-08-05 09:00:00,692.489,945.4677,76.9404,615.5486,860.5597
LSA,2021-08-05 10:00:00,470.7955,864.5263,68.7098,402.0857,612.7239
LSA,2021-08-05 11:00:00,230.6117,683.4675,52.0554,178.5563,336.0328
LSA,2021-08-05 12:00:00,31.7054,171.159,14.6069,17.0984,64.5583
LSA,2021-08-05 13:00:00,0.0,0.0,0.0,0.0,0.0
LSA,2021-08-05 14:00:00,0.0,0.0,0.0,0.0,0.0
LSA,2021-08-05 15:00:00,0.0,0.0,0.0,0.0,0.0
LSA,2021-08-05 16:00:00,0.0,0.0,0.0,0.0,0.0
LSA,2021-08-05 17:00:00,0.0,0.0,0.0,0.0,0.0
LSA,2021-08-05 18:00:00,0.0,0.0,0.0,0.0,0.0
LSA,2021-08-05 19:00:00,0.0,0.0,0.0,0.0,0.0
LSA,2021-08-05 20:00:00,0.0,0.0,0.0,0.0,0.0
LSA,2021-08-05 21:00:00,0.0,0.0,0.0,0.0,0.0
LSA,2021-08-05 22:00:00,0.0,0.0,0.0,0.0,0.0
LSA,2021-08-05 23:00:00,26.5165,116.4072,15.1169,11.3996,59.6684
LSA,2021-08-06 00:00:00,214.6184,584.4234,63.5124,151.106,328.6888
LSA,2021-08-06 01:00:00,456.241,807.9135,84.0852,372.1559,605.8586
LSA,2021-08-06 02:00:00,681.4739,914.8726,89.766,591.7079,854.5919
LSA,2021-08-06 03:00:00,867.2498,970.2211,91.5286,775.7211,1057.918
LSA,2021-08-06 04:00:00,999.2796,997.8488,93.1921,906.0875,1201.9581
LSA,2021-08-06 05:00:00,1068.6383,1011.6687,92.8901,975.7482,1276.8732
LSA,2021-08-06 06:00:00,1069.6445,1012.7476,92.3668,977.2777,1277.5361
LSA,2021-08-06 07:00:00,1002.2156,1001.2303,91.6561,910.5594,1203.8824
LSA,2021-08-06 08:00:00,871.8764,976.3922,89.1004,782.776,1060.9152
LSA,2021-08-06 09:00:00,688.567,931.7111,83.6676,604.8994,858.3647
LSA,2021-08-06 10:00:00,466.4981,848.3826,73.6733,392.8247,610.0246
LSA,2021-08-06 11:00:00,226.1935,661.4755,54.7097,171.4838,332.8112
LSA,2021-08-06 12:00:00,29.6706,150.0923,14.6945,14.9762,62.128
LSA,2021-08-06 13:00:00,0.0,0.0,0.0,0.0,0.0
LSA,2021-08-06 14:00:00,0.0,0.0,0.0,0.0,0.0
LSA,2021-08-06 15:00:00,0.0,0.0,0.0,0.0,0.0
LSA,2021-08-06 16:00:00,0.0,0.0,0.0,0.0,0.0
LSA,2021-08-06 17:00:00,0.0,0.0,0.0,0.0,0.0
LSA,2021-08-06 18:00:00,0.0,0.0,0.0,0.0,0.0
LSA,2021-08-06 19:00:00,0.0,0.0,0.0,0.0,0.0
LSA,2021-08-06 20:00:00,0.0,0.0,0.0,0.0,0.0
LSA,2021-08-06 21:00:00,0.0,0.0,0.0,0.0,0.0
LSA,2021-08-06 22:00:00,0.0,0.0,0.0,0.0,0.0
LSA,2021-08-06 23:00:00,25.2112,102.4082,15.2698,9.9414,58.0217
LSA,2021-08-07 00:00:00,211.1772,552.4796,68.8633,142.3139,326.4951
LSA,2021-08-07 01:00:00,453.8856,781.2933,94.9756,358.9101,604.1124
LSA,2021-08-07 02:00:00,680.4782,890.6968,105.4683,575.0099,853.2084
LSA,2021-08-07 03:00:00,867.9957,950.6036,108.9107,759.085,1056.7872
LSA,2021-08-07 04:00:00,1001.9836,984.8069,108.7217,893.2619,1200.9525
LSA,2021-08-07 05:00:00,1072.6348,1003.561,105.7648,966.8699,1275.8563
LSA,2021-08-07 06:00:00,1074.3998,1009.1807,101.7629,972.6368,1276.3721
LSA,2021-08-07 07:00:00,1007.242,1002.1155,97.2781,909.9639,1202.4448
LSA,2021-08-07 08:00:00,876.654,981.9894,91.0406,785.6135,1059.0966
LSA,2021-08-07 09:00:00,692.0264,940.5249,83.2386,608.7877,856.0833
LSA,2021-08-07 10:00:00,467.9082,858.7571,72.2663,395.6419,607.2303
LSA,2021-08-07 11:00:00,225.7717,673.3842,53.0337,172.7381,329.489
LSA,2021-08-07 12:00:00,29.0275,158.9538,13.7131,15.3144,59.6801
LSA,2021-08-07 13:00:00,0.0,0.0,0.0,0.0,0.0
LSA,2021-08-07 14:00:00,0.0,0.0,0.0,0.0,0.0
LSA,2021-08-07 15:00:00,0.0,0.0,0.0,0.0,0.0
LSA,2021-08-07 16:00:00,0.0,0.0,0.0,0.0,0.0
LSA,2021-08-07 17:00:00,0.0,0.0,0.0,0.0,0.0
LSA,2021-08-07 18:00:00,0.0,0.0,0.0,0.0,0.0
LSA,2021-08-07 19:00:00,0.0,0.0,0.0,0.0,0.0
LSA,2021-08-07 20:00:00,0.0,0.0,0.0,0.0,0.0
LSA,2021-08-07 21:00:00,0.0,0.0,0.0,0.0,0.0
LSA,2021-08-07 22:00:00,0.0,0.0,0.0,0.0,0.0
LSA,2021-08-07 23:00:00,25.6173,123.4389,13.9049,11.7124,56.3647
LSA,2021-08-08 00:00:00,213.9067,605.4561,59.9995,153.9072,324.2979
LSA,2021-08-08 01:00:00,454.1022,809.7766,83.7467,370.3555,602.3616
LSA,2021-08-08 02:00:00,677.5984,901.3177,97.0851,580.5133,851.8159
LSA,2021-08-08 03:00:00,863.1442,952.9276,103.301,759.8431,1055.64
LSA,2021-08-08 04:00:00,996.1633,984.8679,103.9087,892.2546,1199.9204
LSA,2021-08-08 05:00:00,1066.1069,1001.9456,101.902,964.2049,1274.8011
LSA,2021-08-08 06:00:00,1067.6776,1006.8819,98.4893,969.1883,1275.1567
LSA,2021-08-08 07:00:00,1000.8621,1000.4067,93.877,906.9851,1200.9432
LSA,2021-08-08 08:00:00,870.8337,981.0985,87.5955,783.2382,1057.2018
LSA,2021-08-08 09:00:00,686.2035,938.2468,80.7015,605.502,853.7154
LSA,2021-08-08 10:00:00,461.9832,852.1814,71.2504,390.7328,604.3414
LSA,2021-08-08 11:00:00,220.5985,659.9119,52.7943,167.8042,326.0668
LSA,2021-08-08 12:00:00,27.0209,142.723,13.3445,13.6764,57.2198
LSA,2021-08-08 13:00:00,0.0,0.0,0.0,0.0,0.0
LSA,2021-08-08 14:00:00,0.0,0.0,0.0,0.0,0.0
LSA,2021-08-08 15:00:00,0.0,0.0,0.0,0.0,0.0
LSA,2021-08-08 16:00:00,0.0,0.0,0.0,0.0,0.0
LSA,2021-08-08 17:00:00,0.0,0.0,0.0,0.0,0.0
LSA,2021-08-08 18:00:00,0.0,0.0,0.0,0.0,0.0
LSA,2021-08-08 19:00:00,0.0,0.0,0.0,0.0,0.0
LSA,2021-08-08 20:00:00,0.0,0.0,0.0,0.0,0.0
LSA,2021-08-08 21:00:00,0.0,0.0,0.0,0.0,0.0
LSA,2021-08-08 22:00:00,0.0,0.0,0.0,0.0,0.0
LSA,2021-08-08 23:00:00,23.4511,100.6373,13.917,9.5341,54.7586
LSA,2021-08-09 00:00:00,206.6825,561.8485,63.8883,142.7942,322.0977
LSA,2021-08-09 01:00:00,448.2834,792.3734,86.6478,361.6356,600.6063
LSA,2021-08-09 02:00:00,674.1714,901.2434,94.6429,579.5286,850.4139
LSA,2021-08-09 03:00:00,860.8782,958.0266,98.0953,762.7829,1054.4755
LSA,2021-08-09 04:00:00,993.9423,987.1296,100.7379,893.2045,1198.8607
LSA,2021-08-09 05:00:00,1064.0295,1001.6642,101.2426,962.7869,1273.7063
LSA,2021-08-09 06:00:00,1065.2129,1003.8192,100.2402,964.9727,1273.8889
LSA,2021-08-09 07:00:00,997.398,993.8575,97.7918,899.6062,1199.3761
LSA,2021-08-09 08:00:00,866.2245,970.077,93.4197,772.8047,1055.2295
LSA,2021-08-09 09:00:00,681.5941,925.4964,86.2437,595.3504,851.2595
LSA,2021-08-09 10:00:00,458.0242,840.5303,74.628,383.3962,601.3566
LSA,2021-08-09 11:00:00,216.9206,646.6401,54.0603,162.8603,322.5439
LSA,2021-08-09 12:00:00,25.6523,136.8833,12.8641,12.7882,54.7517
LSA,2021-08-09 13:00:00,0.0,0.0,0.0,0.0,0.0
LSA,2021-08-09 14:00:00,0.0,0.0,0.0,0.0,0.0
LSA,2021-08-09 15:00:00,0.0,0.0,0.0,0.0,0.0
LSA,2021-08-09 16:00:00,0.0,0.0,0.0,0.0,0.0
LSA,2021-08-09 17:00:00,0.0,0.0,0.0,0.0,0.0
LSA,2021-08-09 18:00:00,0.0,0.0,0.0,0.0,0.0
LSA,2021-08-09 19:00:00,0.0,0.0,0.0,0.0,0.0
LSA,2021-08-09 20:00:00,0.0,0.0,0.0,0.0,0.0
LSA,2021-08-09 21:00:00,0.0,0.0,0.0,0.0,0.0
LSA,2021-08-09 22:00:00,0.0,0.0,0.0,0.0,0.0
LSA,2021-08-09 23:00:00,23.431,110.0539,13.2337,10.1973,53.1565
LSA,2021-08-10 00:00:00,208.5943,591.1099,59.7934,148.8009,319.8954
LSA,2021-08-10 01:00:00,450.5932,815.2015,79.9085,370.6847,598.8467
LSA,2021-08-10 02:00:00,676.2131,919.4888,86.2051,590.008,849.0023
LSA,2021-08-10 03:00:00,862.5067,971.9811,89.7936,772.7131,1053.2928
LSA,2021-08-10 04:00:00,995.0365,997.1682,93.8936,901.1429,1197.7725
LSA,2021-08-10 05:00:00,1064.3683,1008.5695,96.1385,968.2299,1272.5707
LSA,2021-08-10 06:00:00,1064.744,1008.2811,96.8058,967.9383,1272.5673
LSA,2021-08-10 07:00:00,996.0774,996.2078,95.8573,900.2201,1197.7426
LSA,2021-08-10 08:00:00,863.9574,970.0262,92.9212,771.0362,1053.179
LSA,2021-08-10 09:00:00,677.6302,919.3387,88.0504,589.5799,848.7156
LSA,2021-08-10 10:00:00,451.8458,821.5345,78.8237,373.022,598.2765
LSA,2021-08-10 11:00:00,209.6049,605.2007,58.002,151.6029,318.9213
LSA,2021-08-10 12:00:00,22.9993,108.2765,12.9147,10.0846,52.3291
LSA,2021-08-10 13:00:00,0.0,0.0,0.0,0.0,0.0
LSA,2021-08-10 14:00:00,0.0,0.0,0.0,0.0,0.0
LSA,2021-08-10 15:00:00,0.0,0.0,0.0,0.0,0.0
LSA,2021-08-10 16:00:00,0.0,0.0,0.0,0.0,0.0
LSA,2021-08-10 17:00:00,0.0,0.0,0.0,0.0,0.0
LSA,2021-08-10 18:00:00,0.0,0.0,0.0,0.0,0.0
LSA,2021-08-10 19:00:00,0.0,0.0,0.0,0.0,0.0
LSA,2021-08-10 20:00:00,0.0,0.0,0.0,0.0,0.0
LSA,2021-08-10 21:00:00,0.0,0.0,0.0,0.0,0.0
LSA,2021-08-10 22:00:00,0.0,0.0,0.0,0.0,0.0
LSA,2021-08-10 23:00:00,19.265,60.4016,13.5433,5.7217,51.5656
LSA,2021-08-11 00:00:00,188.0051,449.2258,74.0326,113.9725,317.6913
LSA,2021-08-11 01:00:00,425.2198,692.6721,110.5902,314.6296,597.0828
LSA,2021-08-11 02:00:00,650.2289,812.3224,129.7391,520.4899,847.5805
LSA,2021-08-11 03:00:00,836.9405,878.3932,139.454,697.4865,1052.0916
LSA,2021-08-11 04:00:00,970.0406,915.9549,143.2673,826.7733,1196.6545
LSA,2021-08-11 05:00:00,1039.674,934.8417,143.3451,896.3289,1271.3931
LSA,2021-08-11 06:00:00,1040.599,938.43,141.003,899.596,1271.1909
LSA,2021-08-11 07:00:00,972.8276,927.198,136.4299,836.3976,1196.0415
LSA,2021-08-11 08:00:00,841.6084,898.8705,128.7476,712.8608,1051.0496
LSA,2021-08-11 09:00:00,655.3657,836.8055,120.1789,535.1868,846.0832
LSA,2021-08-11 10:00:00,429.1469,713.841,106.0225,323.1244,595.1009
LSA,2021-08-11 11:00:00,189.9209,464.51,73.003,116.9179,315.1995
LSA,2021-08-11 12:00:00,19.1456,62.6302,13.3345,5.8111,49.87
LSA,2021-08-11 13:00:00,0.0,0.0,0.0,0.0,0.0
LSA,2021-08-11 14:00:00,0.0,0.0,0.0,0.0,0.0
LSA,2021-08-11 15:00:00,0.0,0.0,0.0,0.0,0.0
LSA,2021-08-11 16:00:00,0.0,0.0,0.0,0.0,0.0
LSA,2021-08-11 17:00:00,0.0,0.0,0.0,0.0,0.0
LSA,2021-08-11 18:00:00,0.0,0.0,0.0,0.0,0.0
LSA,2021-08-11 19:00:00,0.0,0.0,0.0,0.0,0.0
LSA,2021-08-11 20:00:00,0.0,0.0,0.0,0.0,0.0
LSA,2021-08-11 21:00:00,0.0,0.0,0.0,0.0,0.0
LSA,2021-08-11 22:00:00,0.0,0.0,0.0,0.0,0.0
LSA,2021-08-11 23:00:00,22.8908,131.3763,11.2672,11.6236,50.0477
LSA,2021-08-12 00:00:00,209.1059,643.5688,50.3092,158.7967,315.4859
LSA,2021-08-12 01:00:00,449.767,844.9835,68.4642,381.3028,595.3144
LSA,2021-08-12 02:00:00,673.8356,933.2808,77.5945,596.2411,846.1481
LSA,2021-08-12 03:00:00,859.1217,978.1649,83.8527,775.269,1050.8707
LSA,2021-08-12 04:00:00,990.9099,1000.4901,89.1163,901.7936,1195.506
LSA,2021-08-12 05:00:00,1059.4014,1009.5563,92.7237,966.6777,1270.1725
LSA,2021-08-12 06:00:00,1059.3135,1008.2923,94.1686,965.1448,1269.7585
LSA,2021-08-12 07:00:00,990.5748,996.451,93.3656,897.2092,1194.272
LSA,2021-08-12 08:00:00,858.3253,970.5182,90.607,767.7184,1048.8405
LSA,2021-08-12 09:00:00,671.8456,923.5241,83.8315,588.0141,843.362
LSA,2021-08-12 10:00:00,446.615,835.9885,71.6116,375.0034,591.83
LSA,2021-08-12 11:00:00,205.9305,636.7792,50.7906,155.1399,311.379
LSA,2021-08-12 12:00:00,21.4216,120.5234,10.8887,10.5329,47.4173
LSA,2021-08-12 13:00:00,0.0,0.0,0.0,0.0,0.0
LSA,2021-08-12 14:00:00,0.0,0.0,0.0,0.0,0.0
LSA,2021-08-12 15:00:00,0.0,0.0,0.0,0.0,0.0
LSA,2021-08-12 16:00:00,0.0,0.0,0.0,0.0,0.0
LSA,2021-08-12 17:00:00,0.0,0.0,0.0,0.0,0.0
LSA,2021-08-12 18:00:00,0.0,0.0,0.0,0.0,0.0
LSA,2021-08-12 19:00:00,0.0,0.0,0.0,0.0,0.0
LSA,2021-08-12 20:00:00,0.0,0.0,0.0,0.0,0.0
LSA,2021-08-12 21:00:00,0.0,0.0,0.0,0.0,0.0
LSA,2021-08-12 22:00:00,0.0,0.0,0.0,0.0,0.0
LSA,2021-08-12 23:00:00,21.2865,112.5232,11.3433,9.9432,48.5137
LSA,2021-08-13 00:00:00,203.1539,606.4763,54.043,149.1109,313.2796
LSA,2021-08-13 01:00:00,442.5897,815.3384,75.7288,366.8609,593.5416
LSA,2021-08-13 02:00:00,665.9968,907.0033,87.6793,578.3175,844.7046
LSA,2021-08-13 03:00:00,851.0335,955.6135,94.7353,756.2982,1049.6294
LSA,2021-08-13 04:00:00,982.8726,982.2635,98.6705,884.2021,1194.3257
LSA,2021-08-13 05:00:00,1051.3304,994.2787,100.5629,950.7675,1268.9077
LSA,2021-08-13 06:00:00,1051.423,994.5418,100.8977,950.5253,1268.269
LSA,2021-08-13 07:00:00,983.1105,983.0381,99.6551,883.4554,1192.4331
LSA,2021-08-13 08:00:00,851.2867,956.8426,96.2946,754.9921,1046.551
LSA,2021-08-13 09:00:00,665.8215,909.3966,88.9131,576.9084,840.5516
LSA,2021-08-13 10:00:00,441.6255,820.0657,75.8746,365.7509,588.4641
LSA,2021-08-13 11:00:00,201.2912,613.242,53.2899,148.0014,307.4605
LSA,2021-08-13 12:00:00,19.5895,100.9738,10.8177,8.7718,44.9761
LSA,2021-08-13 13:00:00,0.0,0.0,0.0,0.0,0.0
LSA,2021-08-13 14:00:00,0.0,0.0,0.0,0.0,0.0
LSA,2021-08-13 15:00:00,0.0,0.0,0.0,0.0,0.0
LSA,2021-08-13 16:00:00,0.0,0.0,0.0,0.0,0.0
LSA,2021-08-13 17:00:00,0.0,0.0,0.0,0.0,0.0
LSA,2021-08-13 18:00:00,0.0,0.0,0.0,0.0,0.0
LSA,2021-08-13 19:00:00,0.0,0.0,0.0,0.0,0.0
LSA,2021-08-13 20:00:00,0.0,0.0,0.0,0.0,0.0
LSA,2021-08-13 21:00:00,0.0,0.0,0.0,0.0,0.0
LSA,2021-08-13 22:00:00,0.0,0.0,0.0,0.0,0.0
LSA,2021-08-13 23:00:00,16.7495,46.8592,12.4879,4.2615,47.0416
LSA,2021-08-14 00:00:00,179.138,408.4054,76.9109,102.2271,311.0726
LSA,2021-08-14 01:00:00,416.612,664.0059,117.6571,298.9549,591.7642
LSA,2021-08-14 02:00:00,643.1224,793.5875,137.6202,505.5023,843.2493
LSA,2021-08-14 03:00:00,829.9197,860.1085,150.155,679.7648,1048.3667
LSA,2021-08-14 04:00:00,961.5192,891.0992,160.461,801.0582,1193.1127
LSA,2021-08-14 05:00:00,1029.1405,902.9172,166.9461,862.1944,1267.5974
LSA,2021-08-14 06:00:00,1027.4763,899.3475,169.2791,858.1971,1266.7214
LSA,2021-08-14 07:00:00,956.5467,879.9354,167.215,789.3316,1190.5239
LSA,2021-08-14 08:00:00,821.8249,840.0216,160.5087,661.3162,1044.1807
LSA,2021-08-14 09:00:00,635.053,777.0694,143.6306,491.4224,837.6521
LSA,2021-08-14 10:00:00,412.012,668.4008,114.9504,297.0616,585.0032
LSA,2021-08-14 11:00:00,177.8634,438.9821,71.3755,106.4878,303.4449
LSA,2021-08-14 12:00:00,15.737,54.3526,11.0664,4.6706,42.5516
LSA,2021-08-14 13:00:00,0.0,0.0,0.0,0.0,0.0
LSA,2021-08-14 14:00:00,0.0,0.0,0.0,0.0,0.0
LSA,2021-08-14 15:00:00,0.0,0.0,0.0,0.0,0.0
LSA,2021-08-14 16:00:00,0.0,0.0,0.0,0.0,0.0
LSA,2021-08-14 17:00:00,0.0,0.0,0.0,0.0,0.0
LSA,2021-08-14 18:00:00,0.0,0.0,0.0,0.0,0.0
LSA,2021-08-14 19:00:00,0.0,0.0,0.0,0.0,0.0
LSA,2021-08-14 20:00:00,0.0,0.0,0.0,0.0,0.0
LSA,2021-08-14 21:00:00,0.0,0.0,0.0,0.0,0.0
LSA,2021-08-14 22:00:00,0.0,0.0,0.0,0.0,0.0
LSA,2021-08-14 23:00:00,19.1217,90.9676,11.2238,7.8979,45.5655
LSA,2021-08-15 00:00:00,196.6896,566.4722,58.5969,138.0927,308.8652
LSA,2021-08-15 01:00:00,437.3538,792.8421,82.7188,354.6349,589.9817
LSA,2021-08-15 02:00:00,662.2316,894.4023,94.2136,568.018,841.7817
LSA,2021-08-15 03:00:00,847.5936,946.0218,101.2573,746.3363,1047.0818
LSA,2021-08-15 04:00:00,978.6876,971.5147,106.6128,872.0748,1191.8656
LSA,2021-08-15 05:00:00,1045.9418,981.83,109.746,936.1957,1266.2406
LSA,2021-08-15 06:00:00,1044.0554,977.8801,112.4495,931.606,1265.1146
LSA,2021-08-15 07:00:00,973.0735,959.1157,114.4998,858.5737,1188.5436
LSA,2021-08-15 08:00:00,838.3911,923.3568,113.5691,724.822,1041.729
LSA,2021-08-15 09:00:00,651.4913,868.7552,104.5372,546.9542,834.6632
LSA,2021-08-15 10:00:00,427.6128,774.5964,86.2423,341.3705,581.4481
LSA,2021-08-15 11:00:00,189.112,555.9626,57.5463,131.5658,299.3331
LSA,2021-08-15 12:00:00,16.6368,82.3685,9.8981,6.7388,40.1486
LSA,2021-08-15 13:00:00,0.0,0.0,0.0,0.0,0.0
LSA,2021-08-15 14:00:00,0.0,0.0,0.0,0.0,0.0
LSA,2021-08-15 15:00:00,0.0,0.0,0.0,0.0,0.0
LSA,2021-08-15 16:00:00,0.0,0.0,0.0,0.0,0.0
LSA,2021-08-15 17:00:00,0.0,0.0,0.0,0.0,0.0
LSA,2021-08-15 18:00:00,0.0,0.0,0.0,0.0,0.0
LSA,2021-08-15 19:00:00,0.0,0.0,0.0,0.0,0.0
LSA,2021-08-15 20:00:00,0.0,0.0,0.0,0.0,0.0
LSA,2021-08-15 21:00:00,0.0,0.0,0.0,0.0,0.0
LSA,2021-08-15 22:00:00,0.0,0.0,0.0,0.0,0.0
LSA,2021-08-15 23:00:00,19.4801,112.1548,10.0717,9.4084,44.1007
LSA,2021-08-16 00:00:00,200.7602,627.3685,49.803,150.9572,306.6573
LSA,2021-08-16 01:00:00,442.4023,840.725,67.9548,374.4476,588.1938
LSA,2021-08-16 02:00:00,667.7187,933.457,76.3016,591.4171,840.3008
LSA,2021-08-16 03:00:00,853.5797,979.4035,82.2345,771.3452,1045.7734
LSA,2021-08-16 04:00:00,985.1469,1001.0316,87.9067,897.2401,1190.5834
LSA,2021-08-16 05:00:00,1052.9348,1009.3323,91.9507,960.9842,1264.8361
LSA,2021-08-16 06:00:00,1051.7377,1007.147,93.8905,957.8471,1263.4475
LSA,2021-08-16 07:00:00,981.5516,994.079,93.6072,887.9445,1186.4915
LSA,2021-08-16 08:00:00,847.5698,966.3418,91.267,756.3027,1039.1954
LSA,2021-08-16 09:00:00,659.376,914.5339,85.9189,573.4571,831.585
LSA,2021-08-16 10:00:00,432.1749,815.184,75.2974,356.8775,577.7991
LSA,2021-08-16 11:00:00,189.9955,585.992,53.2336,136.7619,295.1262
LSA,2021-08-16 12:00:00,15.8717,83.4922,9.227,6.6447,37.7724
LSA,2021-08-16 13:00:00,0.0,0.0,0.0,0.0,0.0
LSA,2021-08-16 14:00:00,0.0,0.0,0.0,0.0,0.0
LSA,2021-08-16 15:00:00,0.0,0.0,0.0,0.0,0.0
LSA,2021-08-16 16:00:00,0.0,0.0,0.0,0.0,0.0
LSA,2021-08-16 17:00:00,0.0,0.0,0.0,0.0,0.0
LSA,2021-08-16 18:00:00,0.0,0.0,0.0,0.0,0.0
LSA,2021-08-16 19:00:00,0.0,0.0,0.0,0.0,0.0
LSA,2021-08-16 20:00:00,0.0,0.0,0.0,0.0,0.0
LSA,2021-08-16 21:00:00,0.0,0.0,0.0,0.0,0.0
LSA,2021-08-16 22:00:00,0.0,0.0,0.0,0.0,0.0
LSA,2021-08-16 23:00:00,18.4132,100.3934,10.0261,8.3871,42.7218
LSA,2021-08-17 00:00:00,197.7096,611.1326,51.2788,146.4309,304.4489
LSA,2021-08-17 01:00:00,440.1553,835.1202,69.3421,370.8132,586.4001
LSA,2021-08-17 02:00:00,666.3535,932.9217,76.4971,589.8564,838.8058
LSA,2021-08-17 03:00:00,852.6382,980.4254,81.7735,770.8647,1044.4407
LSA,2021-08-17 04:00:00,984.2401,1001.7379,87.7098,896.5303,1189.2649
LSA,2021-08-17 05:00:00,1051.9299,1009.7365,92.0376,959.8924,1263.3827
LSA,2021-08-17 06:00:00,1050.6714,1008.2985,93.4159,957.2555,1261.7191
LSA,2021-08-17 07:00:00,980.4798,997.1356,91.7586,888.7212,1184.3667
LSA,2021-08-17 08:00:00,846.4107,971.6668,88.1772,758.2335,1036.58
LSA,2021-08-17 09:00:00,657.5884,918.2759,84.1058,573.4827,828.4178
LSA,2021-08-17 10:00:00,429.0279,810.4947,76.4127,352.6152,574.0571
LSA,2021-08-17 11:00:00,185.6536,565.9037,54.882,130.7717,290.8254
LSA,2021-08-17 12:00:00,14.5751,73.8707,8.867,5.7081,35.4277
LSA,2021-08-17 13:00:00,0.0,0.0,0.0,0.0,0.0
LSA,2021-08-17 14:00:00,0.0,0.0,0.0,0.0,0.0
LSA,2021-08-17 15:00:00,0.0,0.0,0.0,0.0,0.0
LSA,2021-08-17 16:00:00,0.0,0.0,0.0,0.0,0.0
LSA,2021-08-17 17:00:00,0.0,0.0,0.0,0.0,0.0
LSA,2021-08-17 18:00:00,0.0,0.0,0.0,0.0,0.0
LSA,2021-08-17 19:00:00,0.0,0.0,0.0,0.0,0.0
LSA,2021-08-17 20:00:00,0.0,0.0,0.0,0.0,0.0
LSA,2021-08-17 21:00:00,0.0,0.0,0.0,0.0,0.0
LSA,2021-08-17 22:00:00,0.0,0.0,0.0,0.0,0.0
LSA,2021-08-17 23:00:00,17.8495,98.7897,9.7069,8.1426,41.3143
LSA,2021-08-18 00:00:00,196.6093,613.209,50.769,145.8403,302.2397
LSA,2021-08-18 01:00:00,439.1067,836.3295,69.0547,370.052,584.5999
LSA,2021-08-18 02:00:00,665.2153,933.0925,76.5549,588.6603,837.296
LSA,2021-08-18 03:00:00,851.3589,981.5784,80.8642,770.4948,1043.0824
LSA,2021-08-18 04:00:00,982.7012,1005.3203,84.329,898.3722,1187.9089
LSA,2021-08-18 05:00:00,1049.9818,1015.5298,86.1054,963.8764,1261.8793
LSA,2021-08-18 06:00:00,1048.5098,1014.771,86.8533,961.6564,1259.9286
LSA,2021-08-18 07:00:00,978.3458,1002.8658,86.5233,891.8225,1182.1687
LSA,2021-08-18 08:00:00,844.2896,976.8109,84.3193,759.9703,1033.8821
LSA,2021-08-18 09:00:00,655.3836,923.6337,81.0642,574.3194,825.1618
LSA,2021-08-18 10:00:00,426.7211,817.1378,73.7524,352.9687,570.2227
LSA,2021-08-18 11:00:00,183.2347,571.0227,53.1172,130.1176,286.432
LSA,2021-08-18 12:00:00,13.7219,74.1785,8.2345,5.4874,33.1197
LSA,2021-08-18 13:00:00,0.0,0.0,0.0,0.0,0.0
LSA,2021-08-18 14:00:00,0.0,0.0,0.0,0.0,0.0
LSA,2021-08-18 15:00:00,0.0,0.0,0.0,0.0,0.0
LSA,2021-08-18 16:00:00,0.0,0.0,0.0,0.0,0.0
LSA,2021-08-18 17:00:00,0.0,0.0,0.0,0.0,0.0
LSA,2021-08-18 18:00:00,0.0,0.0,0.0,0.0,0.0
LSA,2021-08-18 19:00:00,0.0,0.0,0.0,0.0,0.0
LSA,2021-08-18 20:00:00,0.0,0.0,0.0,0.0,0.0
LSA,2021-08-18 21:00:00,0.0,0.0,0.0,0.0,0.0
LSA,2021-08-18 22:00:00,0.0,0.0,0.0,0.0,0.0
LSA,2021-08-18 23:00:00,20.4273,178.4856,6.8683,13.559,39.9826
LSA,2021-08-19 00:00:00,208.7567,761.9531,31.942,176.8146,300.0295
LSA,2021-08-19 01:00:00,450.3502,926.0128,42.9417,407.4085,582.7924
LSA,2021-08-19 02:00:00,674.1599,993.6457,49.0603,625.0995,835.77
LSA,2021-08-19 03:00:00,858.8823,1027.8358,53.5825,805.2997,1041.6973
LSA,2021-08-19 04:00:00,989.6686,1044.9064,57.431,932.2376,1186.514
LSA,2021-08-19 05:00:00,1056.5059,1051.2848,60.3285,996.1774,1260.3247
LSA,2021-08-19 06:00:00,1054.3562,1050.3528,60.85,993.5062,1258.075
LSA,2021-08-19 07:00:00,983.3558,1041.9474,58.9693,924.3865,1179.897
LSA,2021-08-19 08:00:00,848.7897,1022.2498,56.0344,792.7553,1031.1019
LSA,2021-08-19 09:00:00,660.9427,984.0661,52.1733,608.7694,821.8174
LSA,2021-08-19 10:00:00,434.7937,908.5092,46.1707,388.623,566.2969
LSA,2021-08-19 11:00:00,192.435,720.7924,33.9135,158.5214,281.9475
LSA,2021-08-19 12:00:00,14.7809,129.4138,5.9059,8.875,30.8531
LSA,2021-08-19 13:00:00,0.0,0.0,0.0,0.0,0.0
LSA,2021-08-19 14:00:00,0.0,0.0,0.0,0.0,0.0
LSA,2021-08-19 15:00:00,0.0,0.0,0.0,0.0,0.0
LSA,2021-08-19 16:00:00,0.0,0.0,0.0,0.0,0.0
LSA,2021-08-19 17:00:00,0.0,0.0,0.0,0.0,0.0
LSA,2021-08-19 18:00:00,0.0,0.0,0.0,0.0,0.0
LSA,2021-08-19 19:00:00,0.0,0.0,0.0,0.0,0.0
LSA,2021-08-19 20:00:00,0.0,0.0,0.0,0.0,0.0
LSA,2021-08-19 21:00:00,0.0,0.0,0.0,0.0,0.0
LSA,2021-08-19 22:00:00,0.0,0.0,0.0,0.0,0.0
LSA,2021-08-19 23:00:00,19.5308,169.4657,6.725,12.8058,38.6312
LSA,2021-08-20 00:00:00,206.3468,754.8661,32.3982,173.9486,297.8178
LSA,2021-08-20 01:00:00,447.6954,919.6992,44.4763,403.2191,580.9769
LSA,2021-08-20 02:00:00,671.2243,986.7758,51.8491,619.3752,834.2269
LSA,2021-08-20 03:00:00,855.8128,1021.4622,56.8972,798.9156,1040.2842
LSA,2021-08-20 04:00:00,986.6309,1039.8516,60.3948,926.2361,1185.0792
LSA,2021-08-20 05:00:00,1053.3618,1047.0687,62.8468,990.515,1258.7178
LSA,2021-08-20 06:00:00,1051.1962,1045.6904,64.0062,987.1901,1256.1572
LSA,2021-08-20 07:00:00,980.2189,1035.4147,63.8112,916.4077,1177.551
LSA,2021-08-20 08:00:00,845.3885,1012.8944,62.344,783.0446,1028.2393
LSA,2021-08-20 09:00:00,656.938,972.5568,58.0229,598.9151,818.3851
LSA,2021-08-20 10:00:00,430.1359,895.5768,49.8324,380.3035,562.2808
LSA,2021-08-20 11:00:00,187.6061,701.9925,35.3244,152.2816,277.3734
LSA,2021-08-20 12:00:00,13.241,111.1205,5.7646,7.4764,28.6327
LSA,2021-08-20 13:00:00,0.0,0.0,0.0,0.0,0.0
LSA,2021-08-20 14:00:00,0.0,0.0,0.0,0.0,0.0
LSA,2021-08-20 15:00:00,0.0,0.0,0.0,0.0,0.0
LSA,2021-08-20 16:00:00,0.0,0.0,0.0,0.0,0.0
LSA,2021-08-20 17:00:00,0.0,0.0,0.0,0.0,0.0
LSA,2021-08-20 18:00:00,0.0,0.0,0.0,0.0,0.0
LSA,2021-08-20 19:00:00,0.0,0.0,0.0,0.0,0.0
LSA,2021-08-20 20:00:00,0.0,0.0,0.0,0.0,0.0
LSA,2021-08-20 21:00:00,0.0,0.0,0.0,0.0,0.0
LSA,2021-08-20 22:00:00,0.0,0.0,0.0,0.0,0.0
LSA,2021-08-20 23:00:00,16.7069,108.6758,8.3107,8.3961,37.3462
LSA,2021-08-21 00:00:00,195.896,652.0883,44.8264,151.0696,295.6041
LSA,2021-08-21 01:00:00,438.9331,863.2889,61.1906,377.7425,579.1523
LSA,2021-08-21 02:00:00,665.0242,951.8212,68.7027,596.3215,832.6655
LSA,2021-08-21 03:00:00,851.078,995.5425,73.7899,777.2881,1038.8417
LSA,2021-08-21 04:00:00,982.1594,1016.3648,78.3334,903.826,1183.603
LSA,2021-08-21 05:00:00,1048.7551,1024.3246,81.4347,967.3204,1257.0575
LSA,2021-08-21 06:00:00,1045.8927,1022.4121,82.5981,963.2946,1254.1748
LSA,2021-08-21 07:00:00,973.754,1010.3174,81.745,892.009,1175.1304
LSA,2021-08-21 08:00:00,837.6532,984.2849,79.1564,758.4968,1025.2943
LSA,2021-08-21 09:00:00,647.8112,935.6216,74.1331,573.6781,814.8654
LSA,2021-08-21 10:00:00,419.5017,840.7535,64.6839,354.8177,558.1754
LSA,2021-08-21 11:00:00,176.7305,608.8801,45.0235,131.707,272.7114
LSA,2021-08-21 12:00:00,11.0757,73.1344,6.2156,4.8601,26.4633
LSA,2021-08-21 13:00:00,0.0,0.0,0.0,0.0,0.0
LSA,2021-08-21 14:00:00,0.0,0.0,0.0,0.0,0.0
LSA,2021-08-21 15:00:00,0.0,0.0,0.0,0.0,0.0
LSA,2021-08-21 16:00:00,0.0,0.0,0.0,0.0,0.0
LSA,2021-08-21 17:00:00,0.0,0.0,0.0,0.0,0.0
LSA,2021-08-21 18:00:00,0.0,0.0,0.0,0.0,0.0
LSA,2021-08-21 19:00:00,0.0,0.0,0.0,0.0,0.0
LSA,2021-08-21 20:00:00,0.0,0.0,0.0,0.0,0.0
LSA,2021-08-21 21:00:00,0.0,0.0,0.0,0.0,0.0
LSA,2021-08-21 22:00:00,0.0,0.0,0.0,0.0,0.0
LSA,2021-08-21 23:00:00,16.3533,112.4356,7.8204,8.5329,36.0496
LSA,2021-08-22 00:00:00,195.6024,667.6954,42.3357,153.2668,293.3877
LSA,2021-08-22 01:00:00,438.4478,873.6031,57.65,380.7978,577.3177
LSA,2021-08-22 02:00:00,664.1289,958.8704,64.8239,599.305,831.0845
LSA,2021-08-22 03:00:00,850.434,1003.6809,68.1855,782.2485,1037.3684
LSA,2021-08-22 04:00:00,982.5003,1028.7368,69.203,913.2973,1182.0842
LSA,2021-08-22 05:00:00,1050.0925,1040.9823,68.7857,981.3068,1255.3427
LSA,2021-08-22 06:00:00,1047.8253,1042.2178,67.8918,979.9335,1252.1267
LSA,2021-08-22 07:00:00,975.8676,1032.5631,66.562,909.3056,1172.6346
LSA,2021-08-22 08:00:00,839.912,1010.4452,63.9464,775.9657,1022.2671
LSA,2021-08-22 09:00:00,649.9951,967.7595,59.6231,590.372,811.2592
LSA,2021-08-22 10:00:00,421.5493,883.0902,52.1461,369.4032,553.9821
LSA,2021-08-22 11:00:00,178.2796,669.3177,36.9874,141.2922,267.9633
LSA,2021-08-22 12:00:00,10.648,84.8255,5.2667,5.3813,24.3495
LSA,2021-08-22 13:00:00,0.0,0.0,0.0,0.0,0.0
LSA,2021-08-22 14:00:00,0.0,0.0,0.0,0.0,0.0
LSA,2021-08-22 15:00:00,0.0,0.0,0.0,0.0,0.0
LSA,2021-08-22 16:00:00,0.0,0.0,0.0,0.0,0.0
LSA,2021-08-22 17:00:00,0.0,0.0,0.0,0.0,0.0
LSA,2021-08-22 18:00:00,0.0,0.0,0.0,0.0,0.0
LSA,2021-08-22 19:00:00,0.0,0.0,0.0,0.0,0.0
LSA,2021-08-22 20:00:00,0.0,0.0,0.0,0.0,0.0
LSA,2021-08-22 21:00:00,0.0,0.0,0.0,0.0,0.0
LSA,2021-08-22 22:00:00,0.0,0.0,0.0,0.0,0.0
LSA,2021-08-22 23:00:00,15.4315,102.1265,7.7814,7.65,34.8103
LSA,2021-08-23 00:00:00,192.5891,650.4006,44.0441,148.545,291.168
LSA,2021-08-23 01:00:00,435.7776,864.1595,60.3525,375.4251,575.4722
LSA,2021-08-23 02:00:00,661.9235,952.6285,67.8814,594.0421,829.4828
LSA,2021-08-23 03:00:00,847.8636,996.0776,73.0458,774.8179,1035.8633
LSA,2021-08-23 04:00:00,978.6821,1016.684,77.692,900.99,1180.5215
LSA,2021-08-23 05:00:00,1044.8069,1024.3988,80.9174,963.8895,1253.5721
LSA,2021-08-23 06:00:00,1041.908,1024.0616,81.0863,960.8217,1250.0122
LSA,2021-08-23 07:00:00,970.1736,1015.5645,78.1829,891.9907,1170.0636
LSA,2021-08-23 08:00:00,834.2845,993.7415,73.7834,760.5012,1019.1578
LSA,2021-08-23 09:00:00,643.7254,947.2148,68.6188,575.1066,807.567
LSA,2021-08-23 10:00:00,414.0606,851.2499,60.5185,353.5421,549.7022
LSA,2021-08-23 11:00:00,170.523,612.6743,42.2286,128.2944,263.1309
LSA,2021-08-23 12:00:00,9.1452,63.3982,5.2357,3.9096,22.2957
LSA,2021-08-23 13:00:00,0.0,0.0,0.0,0.0,0.0
LSA,2021-08-23 14:00:00,0.0,0.0,0.0,0.0,0.0
LSA,2021-08-23 15:00:00,0.0,0.0,0.0,0.0,0.0
LSA,2021-08-23 16:00:00,0.0,0.0,0.0,0.0,0.0
LSA,2021-08-23 17:00:00,0.0,0.0,0.0,0.0,0.0
LSA,2021-08-23 18:00:00,0.0,0.0,0.0,0.0,0.0
LSA,2021-08-23 19:00:00,0.0,0.0,0.0,0.0,0.0
LSA,2021-08-23 20:00:00,0.0,0.0,0.0,0.0,0.0
LSA,2021-08-23 21:00:00,0.0,0.0,0.0,0.0,0.0
LSA,2021-08-23 22:00:00,0.0,0.0,0.0,0.0,0.0
LSA,2021-08-23 23:00:00,15.1574,107.0389,7.2846,7.8728,33.5668
LSA,2021-08-24 00:00:00,192.5815,669.5034,41.2371,151.3444,288.9442
LSA,2021-08-24 01:00:00,435.1562,874.0823,56.9394,378.2168,573.6145
LSA,2021-08-24 02:00:00,660.535,957.4026,65.0012,595.5338,827.8589
LSA,2021-08-24 03:00:00,846.119,999.0067,70.5146,775.6044,1034.3246
LSA,2021-08-24 04:00:00,976.9493,1019.6194,74.9795,901.9698,1178.9136
LSA,2021-08-24 05:00:00,1043.0592,1027.4993,78.0798,964.9794,1251.7449
LSA,2021-08-24 06:00:00,1039.8553,1027.1897,78.1978,961.6576,1247.8308
LSA,2021-08-24 07:00:00,967.5577,1018.5884,75.3218,892.2358,1167.4169
LSA,2021-08-24 08:00:00,831.1666,996.833,71.0193,760.1473,1015.9669
LSA,2021-08-24 09:00:00,640.6201,952.4788,65.3368,575.2833,803.7899
LSA,2021-08-24 10:00:00,411.4574,862.0209,56.5621,354.8954,545.3371
LSA,2021-08-24 11:00:00,168.3768,630.3301,39.0277,129.349,258.2161
LSA,2021-08-24 12:00:00,8.2399,59.2747,4.6962,3.5437,20.3065
LSA,2021-08-24 13:00:00,0.0,0.0,0.0,0.0,0.0
LSA,2021-08-24 14:00:00,0.0,0.0,0.0,0.0,0.0
LSA,2021-08-24 15:00:00,0.0,0.0,0.0,0.0,0.0
LSA,2021-08-24 16:00:00,0.0,0.0,0.0,0.0,0.0
LSA,2021-08-24 17:00:00,0.0,0.0,0.0,0.0,0.0
LSA,2021-08-24 18:00:00,0.0,0.0,0.0,0.0,0.0
LSA,2021-08-24 19:00:00,0.0,0.0,0.0,0.0,0.0
LSA,2021-08-24 20:00:00,0.0,0.0,0.0,0.0,0.0
LSA,2021-08-24 21:00:00,0.0,0.0,0.0,0.0,0.0
LSA,2021-08-24 22:00:00,0.0,0.0,0.0,0.0,0.0
LSA,2021-08-24 23:00:00,11.3204,39.5619,8.3069,3.0135,32.3723
LSA,2021-08-25 00:00:00,166.9861,442.1874,64.5431,102.443,286.7154
LSA,2021-08-25 01:00:00,407.0982,714.1984,97.8576,309.2406,571.7436
LSA,2021-08-25 02:00:00,635.2857,842.438,111.9334,523.3523,826.2115
LSA,2021-08-25 03:00:00,824.0266,911.4199,117.5399,706.4868,1032.7511
LSA,2021-08-25 04:00:00,957.8572,950.0091,118.9057,838.9514,1177.259
LSA,2021-08-25 05:00:00,1026.6321,970.3824,117.0437,909.5884,1249.86
LSA,2021-08-25 06:00:00,1024.3835,973.8939,114.6574,909.7261,1245.5815
LSA,2021-08-25 07:00:00,951.3729,960.9272,111.9268,839.4461,1164.6943
LSA,2021-08-25 08:00:00,814.0379,930.9837,106.5554,707.4825,1012.6945
LSA,2021-08-25 09:00:00,622.3935,873.8999,97.0269,525.3666,799.9286
LSA,2021-08-25 10:00:00,392.6523,762.1592,80.7978,311.8545,540.8882
LSA,2021-08-25 11:00:00,152.5169,492.884,50.9633,101.5536,253.221
LSA,2021-08-25 12:00:00,6.5214,32.3999,4.6457,1.8757,18.386
LSA,2021-08-25 13:00:00,0.0,0.0,0.0,0.0,0.0
LSA,2021-08-25 14:00:00,0.0,0.0,0.0,0.0,0.0
LSA,2021-08-25 15:00:00,0.0,0.0,0.0,0.0,0.0
LSA,2021-08-25 16:00:00,0.0,0.0,0.0,0.0,0.0
LSA,2021-08-25 17:00:00,0.0,0.0,0.0,0.0,0.0
LSA,2021-08-25 18:00:00,0.0,0.0,0.0,0.0,0.0
LSA,2021-08-25 19:00:00,0.0,0.0,0.0,0.0,0.0
LSA,2021-08-25 20:00:00,0.0,0.0,0.0,0.0,0.0
LSA,2021-08-25 21:00:00,0.0,0.0,0.0,0.0,0.0
LSA,2021-08-25 22:00:00,0.0,0.0,0.0,0.0,0.0
LSA,2021-08-25 23:00:00,14.3747,105.4548,6.9189,7.4558,31.1799
LSA,2021-08-26 00:00:00,193.7929,680.6418,42.249,151.5439,284.481
LSA,2021-08-26 01:00:00,442.2134,890.0738,59.9212,382.2922,569.8583
LSA,2021-08-26 02:00:00,673.1923,974.8472,69.7679,603.4244,824.5395
LSA,2021-08-26 03:00:00,862.7055,1017.0632,76.2131,786.4924,1031.1416
LSA,2021-08-26 04:00:00,995.2172,1037.6816,80.6952,914.522,1175.5569
LSA,2021-08-26 05:00:00,1061.6178,1045.472,83.6299,977.9879,1247.9164
LSA,2021-08-26 06:00:00,1056.7188,1044.2729,83.5044,973.2143,1243.2639
LSA,2021-08-26 07:00:00,980.924,1033.9312,80.3176,900.6063,1161.896
LSA,2021-08-26 08:00:00,840.1768,1010.1457,75.5542,764.6226,1009.3411
LSA,2021-08-26 09:00:00,645.3121,962.8172,69.8795,575.4326,795.9842
LSA,2021-08-26 10:00:00,411.5499,866.0775,60.9687,350.5813,536.3571
LSA,2021-08-26 11:00:00,163.517,615.5524,41.1597,122.3572,248.1476
LSA,2021-08-26 12:00:00,6.7359,51.1978,3.9985,2.7375,16.4981
LSA,2021-08-26 13:00:00,0.0,0.0,0.0,0.0,0.0
LSA,2021-08-26 14:00:00,0.0,0.0,0.0,0.0,0.0
LSA,2021-08-26 15:00:00,0.0,0.0,0.0,0.0,0.0
LSA,2021-08-26 16:00:00,0.0,0.0,0.0,0.0,0.0
LSA,2021-08-26 17:00:00,0.0,0.0,0.0,0.0,0.0
LSA,2021-08-26 18:00:00,0.0,0.0,0.0,0.0,0.0
LSA,2021-08-26 19:00:00,0.0,0.0,0.0,0.0,0.0
LSA,2021-08-26 20:00:00,0.0,0.0,0.0,0.0,0.0
LSA,2021-08-26 21:00:00,0.0,0.0,0.0,0.0,0.0
LSA,2021-08-26 22:00:00,0.0,0.0,0.0,0.0,0.0
LSA,2021-08-26 23:00:00,12.5415,74.1375,7.2967,5.2448,29.9934
LSA,2021-08-27 00:00:00,181.9779,584.2108,51.7228,130.2551,282.2401
LSA,2021-08-27 01:00:00,425.528,808.4498,79.2294,346.2986,567.9576
LSA,2021-08-27 02:00:00,652.7393,900.5668,96.5668,556.1725,822.8414
LSA,2021-08-27 03:00:00,839.837,950.3979,106.2559,733.5812,1029.4946
LSA,2021-08-27 04:00:00,971.5244,979.954,109.5016,862.0228,1173.8059
LSA,2021-08-27 05:00:00,1037.3383,993.2371,110.1152,927.2231,1245.9131
LSA,2021-08-27 06:00:00,1032.4154,992.2269,109.8867,922.5287,1240.8774
LSA,2021-08-27 07:00:00,957.1506,976.735,108.7967,848.3539,1159.0215
LSA,2021-08-27 08:00:00,817.1688,944.286,104.9977,712.1711,1005.9072
LSA,2021-08-27 09:00:00,622.8539,884.7584,96.6967,526.1572,791.9577
LSA,2021-08-27 10:00:00,390.368,769.5212,80.9773,309.3907,531.7453
LSA,2021-08-27 11:00:00,147.6445,488.9524,50.2688,97.3757,242.998
LSA,2021-08-27 12:00:00,5.18,26.2294,3.8124,1.3676,14.737
LSA,2021-08-27 13:00:00,0.0,0.0,0.0,0.0,0.0
LSA,2021-08-27 14:00:00,0.0,0.0,0.0,0.0,0.0
LSA,2021-08-27 15:00:00,0.0,0.0,0.0,0.0,0.0
LSA,2021-08-27 16:00:00,0.0,0.0,0.0,0.0,0.0
LSA,2021-08-27 17:00:00,0.0,0.0,0.0,0.0,0.0
LSA,2021-08-27 18:00:00,0.0,0.0,0.0,0.0,0.0
LSA,2021-08-27 19:00:00,0.0,0.0,0.0,0.0,0.0
LSA,2021-08-27 20:00:00,0.0,0.0,0.0,0.0,0.0
LSA,2021-08-27 21:00:00,0.0,0.0,0.0,0.0,0.0
LSA,2021-08-27 22:00:00,0.0,0.0,0.0,0.0,0.0
LSA,2021-08-27 23:00:00,11.5435,60.2065,7.2909,4.2526,28.8861
LSA,2021-08-28 00:00:00,176.9393,550.4584,54.356,122.5833,279.9919
LSA,2021-08-28 01:00:00,420.4183,793.0497,81.7544,338.664,566.0402
LSA,2021-08-28 02:00:00,648.1663,894.6862,96.9181,551.2483,821.116
LSA,2021-08-28 03:00:00,836.1674,952.0501,102.7648,733.4026,1027.8088
LSA,2021-08-28 04:00:00,969.15,989.1251,100.7429,868.407,1172.0048
LSA,2021-08-28 05:00:00,1036.3907,1009.8074,95.6759,940.7148,1243.8492
LSA,2021-08-28 06:00:00,1032.8959,1014.6791,91.8031,941.0927,1238.4215
LSA,2021-08-28 07:00:00,959.011,1004.3522,89.3382,869.6727,1156.0709
LSA,2021-08-28 08:00:00,820.4362,979.2606,84.9246,735.5116,1002.3933
LSA,2021-08-28 09:00:00,627.3128,927.2621,79.1259,548.187,787.8502
LSA,2021-08-28 10:00:00,394.8326,818.923,68.9184,325.9142,527.0545
LSA,2021-08-28 11:00:00,149.7268,541.2269,44.7648,104.962,237.7742
LSA,2021-08-28 12:00:00,4.7794,28.812,3.3403,1.4392,13.0576
LSA,2021-08-28 13:00:00,0.0,0.0,0.0,0.0,0.0
LSA,2021-08-28 14:00:00,0.0,0.0,0.0,0.0,0.0
LSA,2021-08-28 15:00:00,0.0,0.0,0.0,0.0,0.0
LSA,2021-08-28 16:00:00,0.0,0.0,0.0,0.0,0.0
LSA,2021-08-28 17:00:00,0.0,0.0,0.0,0.0,0.0
LSA,2021-08-28 18:00:00,0.0,0.0,0.0,0.0,0.0
LSA,2021-08-28 19:00:00,0.0,0.0,0.0,0.0,0.0
LSA,2021-08-28 20:00:00,0.0,0.0,0.0,0.0,0.0
LSA,2021-08-28 21:00:00,0.0,0.0,0.0,0.0,0.0
LSA,2021-08-28 22:00:00,0.0,0.0,0.0,0.0,0.0
LSA,2021-08-28 23:00:00,10.7533,52.6684,7.071,3.6823,27.7481
LSA,2021-08-29 00:00:00,172.6678,523.7118,56.5879,116.08,277.7356
LSA,2021-08-29 01:00:00,415.4283,769.6313,87.9065,327.5218,564.1053
LSA,2021-08-29 02:00:00,643.1739,873.356,106.4207,536.7532,819.3621
LSA,2021-08-29 03:00:00,831.4594,932.1209,114.9178,716.5416,1026.0833
LSA,2021-08-29 04:00:00,964.833,969.7518,115.1729,849.6602,1170.1523
LSA,2021-08-29 05:00:00,1032.1521,989.6266,112.2415,919.9106,1241.724
LSA,2021-08-29 06:00:00,1028.084,993.923,108.5487,919.5352,1235.8959
LSA,2021-08-29 07:00:00,953.0591,983.1367,104.368,848.691,1153.0444
LSA,2021-08-29 08:00:00,813.2281,956.3274,97.8077,715.4204,998.7999
LSA,2021-08-29 09:00:00,618.5015,896.9105,91.0844,527.4171,783.6627
LSA,2021-08-29 10:00:00,384.4603,772.1883,79.5204,304.9399,522.2864
LSA,2021-08-29 11:00:00,140.3865,470.3035,49.6009,90.7856,232.4785
LSA,2021-08-29 12:00:00,3.887,18.4848,3.0126,0.8744,11.4635
LSA,2021-08-29 13:00:00,0.0,0.0,0.0,0.0,0.0
LSA,2021-08-29 14:00:00,0.0,0.0,0.0,0.0,0.0
LSA,2021-08-29 15:00:00,0.0,0.0,0.0,0.0,0.0
LSA,2021-08-29 16:00:00,0.0,0.0,0.0,0.0,0.0
LSA,2021-08-29 17:00:00,0.0,0.0,0.0,0.0,0.0
LSA,2021-08-29 18:00:00,0.0,0.0,0.0,0.0,0.0
LSA,2021-08-29 19:00:00,0.0,0.0,0.0,0.0,0.0
LSA,2021-08-29 20:00:00,0.0,0.0,0.0,0.0,0.0
LSA,2021-08-29 21:00:00,0.0,0.0,0.0,0.0,0.0
LSA,2021-08-29 22:00:00,0.0,0.0,0.0,0.0,0.0
LSA,2021-08-29 23:00:00,11.7231,88.066,5.8951,5.8279,26.6829
LSA,2021-08-30 00:00:00,182.8413,656.057,41.092,141.7493,275.4705
LSA,2021-08-30 01:00:00,427.0099,865.1531,61.0818,365.9281,562.1517
LSA,2021-08-30 02:00:00,653.9288,946.562,74.0464,579.8824,817.5785
LSA,2021-08-30 03:00:00,840.6917,988.4478,82.7422,757.9495,1024.3164
LSA,2021-08-30 04:00:00,972.1884,1011.1631,88.196,883.9924,1168.2479
LSA,2021-08-30 05:00:00,1037.8365,1019.9221,91.9004,945.9362,1239.5366
LSA,2021-08-30 06:00:00,1032.6434,1018.5336,92.756,939.8874,1233.2998
LSA,2021-08-30 07:00:00,956.9182,1006.6356,90.6845,866.2338,1149.9418
LSA,2021-08-30 08:00:00,816.2393,979.4488,86.5647,729.6746,995.1276
LSA,2021-08-30 09:00:00,620.8942,926.8124,79.3661,541.5281,779.3964
LSA,2021-08-30 10:00:00,386.9822,820.4688,66.6913,320.2909,517.4425
LSA,2021-08-30 11:00:00,142.2557,540.8872,41.5026,100.7531,227.1129
LSA,2021-08-30 12:00:00,3.5482,23.8696,2.4922,1.056,9.9584
LSA,2021-08-30 13:00:00,0.0,0.0,0.0,0.0,0.0
LSA,2021-08-30 14:00:00,0.0,0.0,0.0,0.0,0.0
LSA,2021-08-30 15:00:00,0.0,0.0,0.0,0.0,0.0
LSA,2021-08-30 16:00:00,0.0,0.0,0.0,0.0,0.0
LSA,2021-08-30 17:00:00,0.0,0.0,0.0,0.0,0.0
LSA,2021-08-30 18:00:00,0.0,0.0,0.0,0.0,0.0
LSA,2021-08-30 19:00:00,0.0,0.0,0.0,0.0,0.0
LSA,2021-08-30 20:00:00,0.0,0.0,0.0,0.0,0.0
LSA,2021-08-30 21:00:00,0.0,0.0,0.0,0.0,0.0
LSA,2021-08-30 22:00:00,0.0,0.0,0.0,0.0,0.0
LSA,2021-08-30 23:00:00,10.5736,67.5191,6.0974,4.4762,25.5921
LSA,2021-08-31 00:00:00,177.061,604.9783,46.2127,130.8483,273.196
LSA,2021-08-31 01:00:00,422.5177,843.5035,66.761,355.7567,560.1786
LSA,2021-08-31 02:00:00,651.2609,940.4285,76.5085,574.7524,815.7642
LSA,2021-08-31 03:00:00,838.9012,987.0891,83.7027,755.1985,1022.5073
LSA,2021-08-31 04:00:00,970.4474,1008.4874,90.698,879.7493,1166.2902
LSA,2021-08-31 05:00:00,1035.968,1015.8502,95.9682,939.9998,1237.2864
LSA,2021-08-31 06:00:00,1030.3214,1013.0739,97.9325,932.3889,1230.6332
LSA,2021-08-31 07:00:00,953.8235,999.5709,96.4374,857.3862,1146.7634
LSA,2021-08-31 08:00:00,812.2098,969.928,92.6505,719.5593,991.3771
LSA,2021-08-31 09:00:00,616.2413,915.5158,84.5202,531.7211,775.0525
LSA,2021-08-31 10:00:00,382.0744,807.8318,69.7452,312.3292,512.5246
LSA,2021-08-31 11:00:00,137.6198,521.4785,42.0845,95.5353,221.6797
LSA,2021-08-31 12:00:00,2.9386,18.4128,2.1723,0.7663,8.5454
LSA,2021-08-31 13:00:00,0.0,0.0,0.0,0.0,0.0
LSA,2021-08-31 14:00:00,0.0,0.0,0.0,0.0,0.0
LSA,2021-08-31 15:00:00,0.0,0.0,0.0,0.0,0.0
LSA,2021-08-31 16:00:00,0.0,0.0,0.0,0.0,0.0
LSA,2021-08-31 17:00:00,0.0,0.0,0.0,0.0,0.0
LSA,2021-08-31 18:00:00,0.0,0.0,0.0,0.0,0.0
LSA,2021-08-31 19:00:00,0.0,0.0,0.0,0.0,0.0
LSA,2021-08-31 20:00:00,0.0,0.0,0.0,0.0,0.0
LSA,2021-08-31 21:00:00,0.0,0.0,0.0,0.0,0.0
LSA,2021-08-31 22:00:00,0.0,0.0,0.0,0.0,0.0
LSA,2021-08-31 23:00:00,8.435,28.1751,6.5454,1.8896,24.5683
LSA,2021-09-01 00:00:00,158.728,425.9939,64.4131,94.3149,270.9115
LSA,2021-09-01 01:00:00,403.226,722.2292,98.599,304.6269,558.1849
LSA,2021-09-01 02:00:00,635.0858,861.0505,109.7304,525.3555,813.918
LSA,2021-09-01 03:00:00,824.5085,929.1442,115.1199,709.3886,1020.655
LSA,2021-09-01 04:00:00,956.3638,959.9717,120.7279,835.6359,1164.2783
LSA,2021-09-01 05:00:00,1021.8535,973.2351,123.393,898.4604,1234.9725
LSA,2021-09-01 06:00:00,1016.1357,973.4563,122.6345,893.5012,1227.8956
LSA,2021-09-01 07:00:00,939.6454,960.5295,118.4699,821.1755,1143.5093
LSA,2021-09-01 08:00:00,798.0442,929.5271,111.3978,686.6464,987.549
LSA,2021-09-01 09:00:00,601.9165,867.9442,100.6847,501.2318,770.6321
LSA,2021-09-01 10:00:00,367.6675,742.7952,82.7581,284.9094,507.5344
LSA,2021-09-01 11:00:00,126.2451,429.4884,47.4383,78.8068,216.181
LSA,2021-09-01 12:00:00,2.2261,9.203,1.8674,0.3588,7.228
LSA,2021-09-01 13:00:00,0.0,0.0,0.0,0.0,0.0
LSA,2021-09-01 14:00:00,0.0,0.0,0.0,0.0,0.0
LSA,2021-09-01 15:00:00,0.0,0.0,0.0,0.0,0.0
LSA,2021-09-01 16:00:00,0.0,0.0,0.0,0.0,0.0
LSA,2021-09-01 17:00:00,0.0,0.0,0.0,0.0,0.0
LSA,2021-09-01 18:00:00,0.0,0.0,0.0,0.0,0.0
LSA,2021-09-01 19:00:00,0.0,0.0,0.0,0.0,0.0
LSA,2021-09-01 20:00:00,0.0,0.0,0.0,0.0,0.0
LSA,2021-09-01 21:00:00,0.0,0.0,0.0,0.0,0.0
LSA,2021-09-01 22:00:00,0.0,0.0,0.0,0.0,0.0
LSA,2021-09-01 23:00:00,8.8825,42.6511,6.1165,2.766,23.5236
LSA,2021-09-02 00:00:00,166.4979,513.3117,55.5841,110.9138,268.6163
LSA,2021-09-02 01:00:00,412.3207,786.0136,82.8529,329.4679,556.17
LSA,2021-09-02 02:00:00,643.1313,904.2835,93.2414,549.89,812.0391
LSA,2021-09-02 03:00:00,831.4407,961.2832,99.3269,732.1138,1018.7584
LSA,2021-09-02 04:00:00,962.0599,986.3905,105.4022,856.6578,1162.2115
LSA,2021-09-02 05:00:00,1026.2152,995.799,109.1466,917.0686,1232.5947
LSA,2021-09-02 06:00:00,1019.4072,994.3057,109.2982,910.109,1225.0869
LSA,2021-09-02 07:00:00,942.1292,981.5945,105.8024,836.3267,1140.1797
LSA,2021-09-02 08:00:00,799.8239,951.8479,99.8399,699.9839,983.6439
LSA,2021-09-02 09:00:00,602.682,890.7766,91.5219,511.1601,766.1366
LSA,2021-09-02 10:00:00,367.1028,764.2983,77.0252,290.0776,502.4737
LSA,2021-09-02 11:00:00,124.3936,442.1636,44.9739,79.4197,210.6189
LSA,2021-09-02 12:00:00,1.8312,7.7115,1.5564,0.2748,5.969
LSA,2021-09-02 13:00:00,0.0,0.0,0.0,0.0,0.0
LSA,2021-09-02 14:00:00,0.0,0.0,0.0,0.0,0.0
LSA,2021-09-02 15:00:00,0.0,0.0,0.0,0.0,0.0
LSA,2021-09-02 16:00:00,0.0,0.0,0.0,0.0,0.0
LSA,2021-09-02 17:00:00,0.0,0.0,0.0,0.0,0.0
LSA,2021-09-02 18:00:00,0.0,0.0,0.0,0.0,0.0
LSA,2021-09-02 19:00:00,0.0,0.0,0.0,0.0,0.0
LSA,2021-09-02 20:00:00,0.0,0.0,0.0,0.0,0.0
LSA,2021-09-02 21:00:00,0.0,0.0,0.0,0.0,0.0
LSA,2021-09-02 22:00:00,0.0,0.0,0.0,0.0,0.0
LSA,2021-09-02 23:00:00,8.0878,35.9563,5.7911,2.2967,22.5407
LSA,2021-09-03 00:00:00,160.9173,485.4864,56.3953,104.522,266.31
LSA,2021-09-03 01:00:00,405.1106,762.5547,86.6519,318.4587,554.1331
LSA,2021-09-03 02:00:00,635.4198,882.825,100.0609,535.3588,810.1266
LSA,2021-09-03 03:00:00,824.3981,944.5952,106.6138,717.7844,1016.8167
LSA,2021-09-03 04:00:00,956.5853,977.102,109.9154,846.6699,1160.089
LSA,2021-09-03 05:00:00,1022.1286,992.3559,110.4786,911.65,1230.1522
LSA,2021-09-03 06:00:00,1015.9243,993.9557,108.7217,907.2025,1222.207
LSA,2021-09-03 07:00:00,938.4928,981.9793,104.75,833.7427,1136.7749
LSA,2021-09-03 08:00:00,795.9193,952.8557,98.3769,697.5423,979.6628
LSA,2021-09-03 09:00:00,599.0342,895.0212,88.8399,510.1942,761.5672
LSA,2021-09-03 10:00:00,364.1846,775.3946,73.1811,291.0035,497.3441
LSA,2021-09-03 11:00:00,121.7725,454.8355,42.0418,79.7306,204.9958
LSA,2021-09-03 12:00:00,1.4732,6.1498,1.254,0.2192,4.8665
LSA,2021-09-03 13:00:00,0.0,0.0,0.0,0.0,0.0
LSA,2021-09-03 14:00:00,0.0,0.0,0.0,0.0,0.0
LSA,2021-09-03 15:00:00,0.0,0.0,0.0,0.0,0.0
LSA,2021-09-03 16:00:00,0.0,0.0,0.0,0.0,0.0
LSA,2021-09-03 17:00:00,0.0,0.0,0.0,0.0,0.0
LSA,2021-09-03 18:00:00,0.0,0.0,0.0,0.0,0.0
LSA,2021-09-03 19:00:00,0.0,0.0,0.0,0.0,0.0
LSA,2021-09-03 20:00:00,0.0,0.0,0.0,0.0,0.0
LSA,2021-09-03 21:00:00,0.0,0.0,0.0,0.0,0.0
LSA,2021-09-03 22:00:00,0.0,0.0,0.0,0.0,0.0
LSA,2021-09-03 23:00:00,8.7378,56.7443,5.2549,3.4829,21.5413
LSA,2021-09-04 00:00:00,170.9837,599.1558,45.1807,125.803,263.9922
LSA,2021-09-04 01:00:00,417.5934,851.9059,64.0409,353.5525,552.0735
LSA,2021-09-04 02:00:00,646.9866,953.8075,70.5546,576.4319,808.1796
LSA,2021-09-04 03:00:00,834.425,1002.2091,74.8992,759.5258,1014.829
LSA,2021-09-04 04:00:00,965.1522,1024.067,79.9567,885.1956,1157.9102
LSA,2021-09-04 05:00:00,1029.4199,1032.3212,83.4688,945.9512,1227.6445
LSA,2021-09-04 06:00:00,1022.1678,1029.6438,85.1175,937.0503,1219.2556
LSA,2021-09-04 07:00:00,943.7993,1015.375,84.7585,859.0408,1133.2953
LSA,2021-09-04 08:00:00,800.1663,985.15,82.3311,717.8351,975.6064
LSA,2021-09-04 09:00:00,601.6417,926.6965,76.8948,524.7469,756.9252
LSA,2021-09-04 10:00:00,364.7907,806.7237,65.4221,299.3686,492.1476
LSA,2021-09-04 11:00:00,120.4953,480.5231,38.5023,81.993,199.3138
LSA,2021-09-04 12:00:00,1.1754,5.5004,0.9878,0.1876,3.8691
LSA,2021-09-04 13:00:00,0.0,0.0,0.0,0.0,0.0
LSA,2021-09-04 14:00:00,0.0,0.0,0.0,0.0,0.0
LSA,2021-09-04 15:00:00,0.0,0.0,0.0,0.0,0.0
LSA,2021-09-04 16:00:00,0.0,0.0,0.0,0.0,0.0
LSA,2021-09-04 17:00:00,0.0,0.0,0.0,0.0,0.0
LSA,2021-09-04 18:00:00,0.0,0.0,0.0,0.0,0.0
LSA,2021-09-04 19:00:00,0.0,0.0,0.0,0.0,0.0
LSA,2021-09-04 20:00:00,0.0,0.0,0.0,0.0,0.0
LSA,2021-09-04 21:00:00,0.0,0.0,0.0,0.0,0.0
LSA,2021-09-04 22:00:00,0.0,0.0,0.0,0.0,0.0
LSA,2021-09-04 23:00:00,7.7034,39.5298,5.2993,2.4041,20.599
LSA,2021-09-05 00:00:00,163.042,527.2426,51.9155,111.1265,261.6624
LSA,2021-09-05 01:00:00,409.5302,805.236,76.281,333.2492,549.9904
LSA,2021-09-05 02:00:00,640.3483,922.2034,84.4658,555.8825,806.1973
LSA,2021-09-05 03:00:00,828.7197,978.8906,88.6471,740.0726,1012.7946
LSA,2021-09-05 04:00:00,959.7344,1005.7607,92.4465,867.288,1155.6742
LSA,2021-09-05 05:00:00,1024.0563,1017.4091,94.1835,929.8728,1225.0714
LSA,2021-09-05 06:00:00,1016.1251,1014.6141,95.4931,920.632,1216.2329
LSA,2021-09-05 07:00:00,936.4498,996.7111,96.2271,840.2227,1129.7412
LSA,2021-09-05 08:00:00,791.5759,961.2444,94.3831,697.1927,971.4757
LSA,2021-09-05 09:00:00,592.2446,897.7228,87.2192,505.0254,752.2119
LSA,2021-09-05 10:00:00,355.5826,772.6904,71.7659,283.8167,486.8858
LSA,2021-09-05 11:00:00,113.7863,437.8118,39.9355,73.8508,193.5752
LSA,2021-09-05 12:00:00,0.8547,2.887,0.7621,0.0926,2.9792
LSA,2021-09-05 13:00:00,0.0,0.0,0.0,0.0,0.0
LSA,2021-09-05 14:00:00,0.0,0.0,0.0,0.0,0.0
LSA,2021-09-05 15:00:00,0.0,0.0,0.0,0.0,0.0
LSA,2021-09-05 16:00:00,0.0,0.0,0.0,0.0,0.0
LSA,2021-09-05 17:00:00,0.0,0.0,0.0,0.0,0.0
LSA,2021-09-05 18:00:00,0.0,0.0,0.0,0.0,0.0
LSA,2021-09-05 19:00:00,0.0,0.0,0.0,0.0,0.0
LSA,2021-09-05 20:00:00,0.0,0.0,0.0,0.0,0.0
LSA,2021-09-05 21:00:00,0.0,0.0,0.0,0.0,0.0
LSA,2021-09-05 22:00:00,0.0,0.0,0.0,0.0,0.0
LSA,2021-09-05 23:00:00,7.9342,54.467,4.7363,3.1979,19.6445
LSA,2021-09-06 00:00:00,168.8073,610.3635,42.7412,126.0662,259.3203
LSA,2021-09-06 01:00:00,417.2476,871.1632,58.7727,358.4749,547.8833
LSA,2021-09-06 02:00:00,648.4783,976.3154,61.9273,586.5511,804.179
LSA,2021-09-06 03:00:00,836.3564,1023.0926,64.9953,771.361,1010.7126
LSA,2021-09-06 04:00:00,965.9713,1039.9987,71.4494,894.5219,1153.3805
LSA,2021-09-06 05:00:00,1028.7449,1044.6536,76.5211,952.2238,1222.4325
LSA,2021-09-06 06:00:00,1020.2109,1040.4705,79.0053,941.2056,1213.1388
LSA,2021-09-06 07:00:00,940.8613,1026.5729,78.7222,862.1392,1126.113
LSA,2021-09-06 08:00:00,796.1311,997.1044,76.5274,719.6036,967.2714
LSA,2021-09-06 09:00:00,596.7317,942.0781,70.5913,526.1404,747.4288
LSA,2021-09-06 10:00:00,359.4235,829.6059,58.6525,300.771,481.5608
LSA,2021-09-06 11:00:00,115.028,502.8071,33.5474,81.4807,187.7822
LSA,2021-09-06 12:00:00,0.6479,2.8138,0.5495,0.0983,2.1994
LSA,2021-09-06 13:00:00,0.0,0.0,0.0,0.0,0.0
LSA,2021-09-06 14:00:00,0.0,0.0,0.0,0.0,0.0
LSA,2021-09-06 15:00:00,0.0,0.0,0.0,0.0,0.0
LSA,2021-09-06 16:00:00,0.0,0.0,0.0,0.0,0.0
LSA,2021-09-06 17:00:00,0.0,0.0,0.0,0.0,0.0
LSA,2021-09-06 18:00:00,0.0,0.0,0.0,0.0,0.0
LSA,2021-09-06 19:00:00,0.0,0.0,0.0,0.0,0.0
LSA,2021-09-06 20:00:00,0.0,0.0,0.0,0.0,0.0
LSA,2021-09-06 21:00:00,0.0,0.0,0.0,0.0,0.0
LSA,2021-09-06 22:00:00,0.0,0.0,0.0,0.0,0.0
LSA,2021-09-06 23:00:00,6.7729,29.724,5.035,1.7379,18.7426
LSA,2021-09-07 00:00:00,158.5721,484.1664,57.2105,101.3616,256.9651
LSA,2021-09-07 01:00:00,409.639,787.0864,86.2929,323.3462,545.7515
LSA,2021-09-07 02:00:00,646.2983,921.1945,94.1761,552.1222,802.1238
LSA,2021-09-07 03:00:00,838.1344,984.3515,97.7915,740.3429,1008.5825
LSA,2021-09-07 04:00:00,969.6762,1009.8696,103.2363,866.4399,1151.0287
LSA,2021-09-07 05:00:00,1033.2014,1019.559,106.3736,926.8278,1219.7274
LSA,2021-09-07 06:00:00,1023.5281,1015.5792,107.6917,915.8365,1209.9733
LSA,2021-09-07 07:00:00,941.3586,997.1428,107.0628,834.2958,1122.4115
LSA,2021-09-07 08:00:00,793.2322,960.2571,103.5036,689.7285,962.9947
LSA,2021-09-07 09:00:00,591.6853,897.6407,93.7158,497.9695,742.5773
LSA,2021-09-07 10:00:00,353.0313,774.35,75.0399,277.9914,476.1745
LSA,2021-09-07 11:00:00,108.4573,425.4635,39.475,68.9823,181.9373
LSA,2021-09-07 12:00:00,0.4299,0.7312,0.3978,0.0321,1.532
LSA,2021-09-07 13:00:00,0.0,0.0,0.0,0.0,0.0
LSA,2021-09-07 14:00:00,0.0,0.0,0.0,0.0,0.0
LSA,2021-09-07 15:00:00,0.0,0.0,0.0,0.0,0.0
LSA,2021-09-07 16:00:00,0.0,0.0,0.0,0.0,0.0
LSA,2021-09-07 17:00:00,0.0,0.0,0.0,0.0,0.0
LSA,2021-09-07 18:00:00,0.0,0.0,0.0,0.0,0.0
LSA,2021-09-07 19:00:00,0.0,0.0,0.0,0.0,0.0
LSA,2021-09-07 20:00:00,0.0,0.0,0.0,0.0,0.0
LSA,2021-09-07 21:00:00,0.0,0.0,0.0,0.0,0.0
LSA,2021-09-07 22:00:00,0.0,0.0,0.0,0.0,0.0
LSA,2021-09-07 23:00:00,6.7097,34.4624,4.7415,1.9682,17.8326
LSA,2021-09-08 00:00:00,159.7794,515.7225,53.7534,106.026,254.5971
LSA,2021-09-08 01:00:00,407.235,789.8885,84.6417,322.5933,543.5946
LSA,2021-09-08 02:00:00,638.5856,901.6993,100.0751,538.5106,800.0316
LSA,2021-09-08 03:00:00,827.2246,958.4991,108.1825,719.0421,1006.4037
LSA,2021-09-08 04:00:00,957.9799,988.5269,112.0348,845.9452,1148.6183
LSA,2021-09-08 05:00:00,1020.9798,1001.5165,113.0832,907.8966,1216.9563
LSA,2021-09-08 06:00:00,1011.3916,1000.4416,112.09,899.3016,1206.7367
LSA,2021-09-08 07:00:00,929.9922,985.0135,109.0581,820.9341,1118.637
LSA,2021-09-08 08:00:00,783.1151,951.3727,103.2356,679.8795,958.6465
LSA,2021-09-08 09:00:00,581.7309,886.5859,93.2483,488.4826,737.6591
LSA,2021-09-08 10:00:00,342.9494,753.0978,75.468,267.4814,470.7287
LSA,2021-09-08 11:00:00,101.544,389.6115,38.9702,62.5738,176.0428
LSA,2021-09-08 12:00:00,0.2476,0.0,0.242,0.0056,0.9523
LSA,2021-09-08 13:00:00,0.0,0.0,0.0,0.0,0.0
LSA,2021-09-08 14:00:00,0.0,0.0,0.0,0.0,0.0
LSA,2021-09-08 15:00:00,0.0,0.0,0.0,0.0,0.0
LSA,2021-09-08 16:00:00,0.0,0.0,0.0,0.0,0.0
LSA,2021-09-08 17:00:00,0.0,0.0,0.0,0.0,0.0
LSA,2021-09-08 18:00:00,0.0,0.0,0.0,0.0,0.0
LSA,2021-09-08 19:00:00,0.0,0.0,0.0,0.0,0.0
LSA,2021-09-08 20:00:00,0.0,0.0,0.0,0.0,0.0
LSA,2021-09-08 21:00:00,0.0,0.0,0.0,0.0,0.0
LSA,2021-09-08 22:00:00,0.0,0.0,0.0,0.0,0.0
LSA,2021-09-08 23:00:00,6.3642,34.5104,4.4411,1.9232,16.971
LSA,2021-09-09 00:00:00,159.6326,537.2072,50.3196,109.313,252.2157
LSA,2021-09-09 01:00:00,407.8881,813.0082,77.4689,330.4192,541.412
LSA,2021-09-09 02:00:00,639.5199,922.3246,90.496,549.0239,797.9012
LSA,2021-09-09 03:00:00,827.929,976.0539,97.7679,730.1611,1004.1755
LSA,2021-09-09 04:00:00,957.8824,1002.7228,102.098,855.7844,1146.1488
LSA,2021-09-09 05:00:00,1019.9214,1013.1927,104.0605,915.8609,1214.1187
LSA,2021-09-09 06:00:00,1009.1599,1009.1792,104.9472,904.2126,1203.4293
LSA,2021-09-09 07:00:00,926.3961,990.0116,104.5297,821.8665,1114.7903
LSA,2021-09-09 08:00:00,778.0807,952.1224,101.0906,676.9902,954.2281
LSA,2021-09-09 09:00:00,576.4776,886.3904,91.6909,484.7867,732.6757
LSA,2021-09-09 10:00:00,338.4858,755.6301,73.3776,265.1082,465.2257
LSA,2021-09-09 11:00:00,97.8792,386.4561,37.0054,60.8738,170.101
LSA,2021-09-09 12:00:00,0.134,0.0,0.1313,0.0027,0.5341
LSA,2021-09-09 13:00:00,0.0,0.0,0.0,0.0,0.0
LSA,2021-09-09 14:00:00,0.0,0.0,0.0,0.0,0.0
LSA,2021-09-09 15:00:00,0.0,0.0,0.0,0.0,0.0
LSA,2021-09-09 16:00:00,0.0,0.0,0.0,0.0,0.0
LSA,2021-09-09 17:00:00,0.0,0.0,0.0,0.0,0.0
LSA,2021-09-09 18:00:00,0.0,0.0,0.0,0.0,0.0
LSA,2021-09-09 19:00:00,0.0,0.0,0.0,0.0,0.0
LSA,2021-09-09 20:00:00,0.0,0.0,0.0,0.0,0.0
LSA,2021-09-09 21:00:00,0.0,0.0,0.0,0.0,0.0
LSA,2021-09-09 22:00:00,0.0,0.0,0.0,0.0,0.0
LSA,2021-09-09 23:00:00,5.4669,20.796,4.3196,1.1473,16.1051
LSA,2021-09-10 00:00:00,149.1414,442.1014,58.0961,91.0453,249.8203
LSA,2021-09-10 01:00:00,397.2029,758.1479,89.6201,307.5828,539.203
LSA,2021-09-10 02:00:00,631.6193,899.9201,97.2598,534.3594,795.7323
LSA,2021-09-10 03:00:00,821.5211,967.847,99.4737,722.0474,1001.8975
LSA,2021-09-10 04:00:00,951.859,997.7863,102.5905,849.2685,1143.62
LSA,2021-09-10 05:00:00,1014.3751,1010.9224,103.2236,911.1515,1211.2146
LSA,2021-09-10 06:00:00,1004.1699,1009.7725,102.4463,901.7236,1200.0513
LSA,2021-09-10 07:00:00,922.0374,993.986,100.2278,821.8096,1110.8722
LSA,2021-09-10 08:00:00,774.4171,960.0066,95.4397,678.9774,949.7407
LSA,2021-09-10 09:00:00,572.505,895.1418,86.5131,485.9919,727.6288
LSA,2021-09-10 10:00:00,333.6987,760.7869,70.0017,263.697,459.6675
LSA,2021-09-10 11:00:00,93.8666,380.9019,35.0315,58.835,164.1147
LSA,2021-09-10 12:00:00,0.0563,0.0,0.054,0.0022,0.235
LSA,2021-09-10 13:00:00,0.0,0.0,0.0,0.0,0.0
LSA,2021-09-10 14:00:00,0.0,0.0,0.0,0.0,0.0
LSA,2021-09-10 15:00:00,0.0,0.0,0.0,0.0,0.0
LSA,2021-09-10 16:00:00,0.0,0.0,0.0,0.0,0.0
LSA,2021-09-10 17:00:00,0.0,0.0,0.0,0.0,0.0
LSA,2021-09-10 18:00:00,0.0,0.0,0.0,0.0,0.0
LSA,2021-09-10 19:00:00,0.0,0.0,0.0,0.0,0.0
LSA,2021-09-10 20:00:00,0.0,0.0,0.0,0.0,0.0
LSA,2021-09-10 21:00:00,0.0,0.0,0.0,0.0,0.0
LSA,2021-09-10 22:00:00,0.0,0.0,0.0,0.0,0.0
LSA,2021-09-10 23:00:00,6.6124,66.4272,3.2416,3.3707,15.2837
LSA,2021-09-11 00:00:00,166.4644,685.0196,32.9889,133.4755,247.4106
LSA,2021-09-11 01:00:00,414.0879,912.2443,47.6499,366.438,536.9671
LSA,2021-09-11 02:00:00,643.4364,996.7575,54.3105,589.1259,793.524
LSA,2021-09-11 03:00:00,829.8102,1034.3837,60.5611,769.2491,999.5689
LSA,2021-09-11 04:00:00,958.22,1048.7371,68.1636,890.0564,1141.0314
LSA,2021-09-11 05:00:00,1019.2087,1051.2216,74.5724,944.6364,1208.244
LSA,2021-09-11 06:00:00,1008.342,1045.4755,77.9073,930.4348,1196.603
LSA,2021-09-11 07:00:00,926.2671,1030.1281,78.0967,848.1704,1106.8834
LSA,2021-09-11 08:00:00,778.6965,998.5775,76.2587,702.4378,945.1856
LSA,2021-09-11 09:00:00,577.0499,941.1633,70.1634,506.8865,722.5203
LSA,2021-09-11 10:00:00,338.1237,822.274,57.3298,280.7939,454.0565
LSA,2021-09-11 11:00:00,95.3713,447.1105,29.3972,65.9741,158.0863
LSA,2021-09-11 12:00:00,0.0127,0.0,0.0108,0.002,0.0564
LSA,2021-09-11 13:00:00,0.0,0.0,0.0,0.0,0.0
LSA,2021-09-11 14:00:00,0.0,0.0,0.0,0.0,0.0
LSA,2021-09-11 15:00:00,0.0,0.0,0.0,0.0,0.0
LSA,2021-09-11 16:00:00,0.0,0.0,0.0,0.0,0.0
LSA,2021-09-11 17:00:00,0.0,0.0,0.0,0.0,0.0
LSA,2021-09-11 18:00:00,0.0,0.0,0.0,0.0,0.0
LSA,2021-09-11 19:00:00,0.0,0.0,0.0,0.0,0.0
LSA,2021-09-11 20:00:00,0.0,0.0,0.0,0.0,0.0
LSA,2021-09-11 21:00:00,0.0,0.0,0.0,0.0,0.0
LSA,2021-09-11 22:00:00,0.0,0.0,0.0,0.0,0.0
LSA,2021-09-11 23:00:00,5.127,24.616,3.8401,1.2868,14.4615
LSA,2021-09-12 00:00:00,150.752,492.6322,52.1905,98.5615,244.9859
LSA,2021-09-12 01:00:00,398.2219,791.1207,80.7526,317.4693,534.7035
LSA,2021-09-12 02:00:00,630.4263,915.8167,90.4538,539.9725,791.2758
LSA,2021-09-12 03:00:00,818.9117,975.6927,95.2345,723.6772,997.1893
LSA,2021-09-12 04:00:00,948.6931,1002.8319,99.9518,848.7413,1138.3827
LSA,2021-09-12 05:00:00,1010.6302,1013.8151,102.367,908.2633,1205.2069
LSA,2021-09-12 06:00:00,999.9417,1011.1789,103.1473,896.7944,1193.0851
LSA,2021-09-12 07:00:00,917.3398,994.213,102.1448,815.1951,1102.825
LSA,2021-09-12 08:00:00,768.9939,958.446,98.3414,670.6525,940.5642
LSA,2021-09-12 09:00:00,565.5563,890.5423,89.3015,476.2549,717.352
LSA,2021-09-12 10:00:00,324.9712,749.8075,71.3979,253.5733,448.3948
LSA,2021-09-12 11:00:00,86.0596,351.8843,33.5992,52.4604,151.9814
LSA,2021-09-12 12:00:00,0.0,0.0,0.0,0.0,0.0
LSA,2021-09-12 13:00:00,0.0,0.0,0.0,0.0,0.0
LSA,2021-09-12 14:00:00,0.0,0.0,0.0,0.0,0.0
LSA,2021-09-12 15:00:00,0.0,0.0,0.0,0.0,0.0
LSA,2021-09-12 16:00:00,0.0,0.0,0.0,0.0,0.0
LSA,2021-09-12 17:00:00,0.0,0.0,0.0,0.0,0.0
LSA,2021-09-12 18:00:00,0.0,0.0,0.0,0.0,0.0
LSA,2021-09-12 19:00:00,0.0,0.0,0.0,0.0,0.0
LSA,2021-09-12 20:00:00,0.0,0.0,0.0,0.0,0.0
LSA,2021-09-12 21:00:00,0.0,0.0,0.0,0.0,0.0
LSA,2021-09-12 22:00:00,0.0,0.0,0.0,0.0,0.0
LSA,2021-09-12 23:00:00,5.0884,32.563,3.4598,1.6286,13.6408
LSA,2021-09-13 00:00:00,153.8112,556.9696,44.8449,108.9663,242.5458
LSA,2021-09-13 01:00:00,400.7295,831.9711,68.9958,331.7336,532.4116
LSA,2021-09-13 02:00:00,631.2377,938.5657,79.9888,551.2489,788.9869
LSA,2021-09-13 03:00:00,818.7542,989.2241,87.2736,731.4806,994.7581
LSA,2021-09-13 04:00:00,948.1589,1012.6048,93.6635,854.4954,1135.6735
LSA,2021-09-13 05:00:00,1009.7449,1020.7928,98.0761,911.6689,1202.1034
LSA,2021-09-13 06:00:00,998.4879,1017.3221,99.4401,899.0477,1189.4979
LSA,2021-09-13 07:00:00,915.1411,1001.3867,97.5831,817.5581,1098.6979
LSA,2021-09-13 08:00:00,766.188,967.2412,93.1384,673.0497,935.8781
LSA,2021-09-13 09:00:00,562.0009,896.9157,85.9638,476.037,712.126
LSA,2021-09-13 10:00:00,320.2543,745.2697,71.2126,249.0417,442.685
LSA,2021-09-13 11:00:00,81.8145,330.5143,33.1669,48.6476,145.9637
LSA,2021-09-13 12:00:00,0.0,0.0,0.0,0.0,0.0
LSA,2021-09-13 13:00:00,0.0,0.0,0.0,0.0,0.0
LSA,2021-09-13 14:00:00,0.0,0.0,0.0,0.0,0.0
LSA,2021-09-13 15:00:00,0.0,0.0,0.0,0.0,0.0
LSA,2021-09-13 16:00:00,0.0,0.0,0.0,0.0,0.0
LSA,2021-09-13 17:00:00,0.0,0.0,0.0,0.0,0.0
LSA,2021-09-13 18:00:00,0.0,0.0,0.0,0.0,0.0
LSA,2021-09-13 19:00:00,0.0,0.0,0.0,0.0,0.0
LSA,2021-09-13 20:00:00,0.0,0.0,0.0,0.0,0.0
LSA,2021-09-13 21:00:00,0.0,0.0,0.0,0.0,0.0
LSA,2021-09-13 22:00:00,0.0,0.0,0.0,0.0,0.0
LSA,2021-09-13 23:00:00,5.0745,38.3619,3.2013,1.8732,12.9012
LSA,2021-09-14 00:00:00,157.1799,602.0565,41.2621,115.9179,240.0895
LSA,2021-09-14 01:00:00,407.1375,870.5381,61.9466,345.1909,530.0905
LSA,2021-09-14 02:00:00,639.2831,972.119,70.4042,568.8789,786.6566
LSA,2021-09-14 03:00:00,827.8848,1021.5247,74.8127,753.072,992.2746
LSA,2021-09-14 04:00:00,957.8472,1046.0936,77.7101,880.137,1132.9037
LSA,2021-09-14 05:00:00,1019.4288,1056.4523,78.9011,940.5276,1198.9337
LSA,2021-09-14 06:00:00,1007.5847,1054.6875,78.8822,928.7025,1185.842
LSA,2021-09-14 07:00:00,923.1481,1040.2346,77.5947,845.5535,1094.5032
LSA,2021-09-14 08:00:00,772.8279,1009.5009,74.3892,698.4387,931.1287
LSA,2021-09-14 09:00:00,568.0229,949.6408,68.3472,499.6758,706.8443
LSA,2021-09-14 10:00:00,325.8696,820.0477,56.3814,269.4882,436.9297
LSA,2021-09-14 11:00:00,83.4914,403.5272,26.9738,56.5176,140.0372
LSA,2021-09-14 12:00:00,0.0,0.0,0.0,0.0,0.0
LSA,2021-09-14 13:00:00,0.0,0.0,0.0,0.0,0.0
LSA,2021-09-14 14:00:00,0.0,0.0,0.0,0.0,0.0
LSA,2021-09-14 15:00:00,0.0,0.0,0.0,0.0,0.0
LSA,2021-09-14 16:00:00,0.0,0.0,0.0,0.0,0.0
LSA,2021-09-14 17:00:00,0.0,0.0,0.0,0.0,0.0
LSA,2021-09-14 18:00:00,0.0,0.0,0.0,0.0,0.0
LSA,2021-09-14 19:00:00,0.0,0.0,0.0,0.0,0.0
LSA,2021-09-14 20:00:00,0.0,0.0,0.0,0.0,0.0
LSA,2021-09-14 21:00:00,0.0,0.0,0.0,0.0,0.0
LSA,2021-09-14 22:00:00,0.0,0.0,0.0,0.0,0.0
LSA,2021-09-14 23:00:00,4.7358,37.6494,2.9726,1.7633,12.1236
LSA,2021-09-15 00:00:00,154.1118,594.9267,40.9331,113.1787,237.6163
LSA,2021-09-15 01:00:00,400.6219,849.4266,65.5845,335.0374,527.7394
LSA,2021-09-15 02:00:00,629.5568,942.421,80.0896,549.4672,784.2839
LSA,2021-09-15 03:00:00,815.8074,990.4098,87.8799,727.9276,989.7383
LSA,2021-09-15 04:00:00,944.1663,1017.7219,90.4857,853.6807,1130.0729
LSA,2021-09-15 05:00:00,1004.2578,1029.2452,90.9171,913.3408,1195.6978
LSA,2021-09-15 06:00:00,991.5712,1028.2284,89.4998,902.0714,1182.1182
LSA,2021-09-15 07:00:00,907.1027,1014.3262,86.2575,820.8452,1090.2421
LSA,2021-09-15 08:00:00,757.346,983.2374,80.9304,676.4156,926.318
LSA,2021-09-15 09:00:00,553.9696,920.2147,73.5485,480.4211,701.5092
LSA,2021-09-15 10:00:00,314.0605,781.5789,60.3109,253.7497,431.1313
LSA,2021-09-15 11:00:00,76.8414,356.2149,27.428,49.4134,134.206
LSA,2021-09-15 12:00:00,0.0,0.0,0.0,0.0,0.0
LSA,2021-09-15 13:00:00,0.0,0.0,0.0,0.0,0.0
LSA,2021-09-15 14:00:00,0.0,0.0,0.0,0.0,0.0
LSA,2021-09-15 15:00:00,0.0,0.0,0.0,0.0,0.0
LSA,2021-09-15 16:00:00,0.0,0.0,0.0,0.0,0.0
LSA,2021-09-15 17:00:00,0.0,0.0,0.0,0.0,0.0
LSA,2021-09-15 18:00:00,0.0,0.0,0.0,0.0,0.0
LSA,2021-09-15 19:00:00,0.0,0.0,0.0,0.0,0.0
LSA,2021-09-15 20:00:00,0.0,0.0,0.0,0.0,0.0
LSA,2021-09-15 21:00:00,0.0,0.0,0.0,0.0,0.0
LSA,2021-09-15 22:00:00,0.0,0.0,0.0,0.0,0.0
LSA,2021-09-15 23:00:00,4.0906,23.3461,2.9942,1.0964,11.4234
LSA,2021-09-16 00:00:00,147.8712,530.6651,46.0791,101.7921,235.1253
LSA,2021-09-16 01:00:00,396.2073,828.4368,70.5119,325.6954,525.3575
LSA,2021-09-16 02:00:00,628.0228,944.5148,79.0758,548.947,781.8683
LSA,2021-09-16 03:00:00,816.0294,1001.8029,82.0327,733.9966,987.1488
LSA,2021-09-16 04:00:00,945.2183,1031.385,82.746,862.4722,1127.181
LSA,2021-09-16 05:00:00,1006.0081,1045.3944,81.3966,924.6115,1192.3959
LSA,2021-09-16 06:00:00,993.6177,1046.8816,78.6325,914.9852,1178.327
LSA,2021-09-16 07:00:00,909.0573,1035.8679,74.5898,834.4675,1085.9159
LSA,2021-09-16 08:00:00,759.1324,1009.2072,68.9537,690.1786,921.4476
LSA,2021-09-16 09:00:00,554.9641,951.6071,62.3526,492.6114,696.1229
LSA,2021-09-16 10:00:00,313.9304,820.4542,51.6135,262.3169,425.2927
LSA,2021-09-16 11:00:00,75.4937,386.4162,23.7595,51.7342,128.4737
LSA,2021-09-16 12:00:00,0.0,0.0,0.0,0.0,0.0
LSA,2021-09-16 13:00:00,0.0,0.0,0.0,0.0,0.0
LSA,2021-09-16 14:00:00,0.0,0.0,0.0,0.0,0.0
LSA,2021-09-16 15:00:00,0.0,0.0,0.0,0.0,0.0
LSA,2021-09-16 16:00:00,0.0,0.0,0.0,0.0,0.0
LSA,2021-09-16 17:00:00,0.0,0.0,0.0,0.0,0.0
LSA,2021-09-16 18:00:00,0.0,0.0,0.0,0.0,0.0
LSA,2021-09-16 19:00:00,0.0,0.0,0.0,0.0,0.0
LSA,2021-09-16 20:00:00,0.0,0.0,0.0,0.0,0.0
LSA,2021-09-16 21:00:00,0.0,0.0,0.0,0.0,0.0
LSA,2021-09-16 22:00:00,0.0,0.0,0.0,0.0,0.0
LSA,2021-09-16 23:00:00,3.722,20.9798,2.7746,0.9474,10.6887
LSA,2021-09-17 00:00:00,144.4309,523.3615,44.7672,99.6637,232.6156
LSA,2021-09-17 01:00:00,390.8415,826.5973,67.4682,323.3733,522.9437
LSA,2021-09-17 02:00:00,620.9276,944.7589,73.8411,547.0865,779.4089
LSA,2021-09-17 03:00:00,807.1526,1000.824,76.2733,730.8793,984.5052
LSA,2021-09-17 04:00:00,934.7985,1027.3121,78.4676,856.3309,1124.2277
LSA,2021-09-17 05:00:00,994.4729,1038.7428,78.8432,915.6297,1189.0283
LSA,2021-09-17 06:00:00,981.1105,1035.3727,79.6139,901.4966,1174.4694
LSA,2021-09-17 07:00:00,895.6579,1016.3032,80.6299,815.0281,1081.5259
LSA,2021-09-17 08:00:00,745.0822,978.9979,79.3341,665.748,916.5195
LSA,2021-09-17 09:00:00,541.1932,910.6861,73.4996,467.6935,690.6879
LSA,2021-09-17 10:00:00,301.6927,766.2589,59.5863,242.1064,419.4167
LSA,2021-09-17 11:00:00,68.6811,323.8785,25.4013,43.2798,122.8215
LSA,2021-09-17 12:00:00,0.0,0.0,0.0,0.0,0.0
LSA,2021-09-17 13:00:00,0.0,0.0,0.0,0.0,0.0
LSA,2021-09-17 14:00:00,0.0,0.0,0.0,0.0,0.0
LSA,2021-09-17 15:00:00,0.0,0.0,0.0,0.0,0.0
LSA,2021-09-17 16:00:00,0.0,0.0,0.0,0.0,0.0
LSA,2021-09-17 17:00:00,0.0,0.0,0.0,0.0,0.0
LSA,2021-09-17 18:00:00,0.0,0.0,0.0,0.0,0.0
LSA,2021-09-17 19:00:00,0.0,0.0,0.0,0.0,0.0
LSA,2021-09-17 20:00:00,0.0,0.0,0.0,0.0,0.0
LSA,2021-09-17 21:00:00,0.0,0.0,0.0,0.0,0.0
LSA,2021-09-17 22:00:00,0.0,0.0,0.0,0.0,0.0
LSA,2021-09-17 23:00:00,3.9988,33.9997,2.5012,1.4977,10.0274
LSA,2021-09-18 00:00:00,154.6669,631.7055,38.0493,116.6176,230.0862
LSA,2021-09-18 01:00:00,408.0998,899.9962,58.5975,349.5023,520.4971
LSA,2021-09-18 02:00:00,642.7785,995.5874,68.7298,574.0488,776.9047
LSA,2021-09-18 03:00:00,832.488,1039.9994,75.5892,756.8988,981.8072
LSA,2021-09-18 04:00:00,961.926,1060.1241,81.1373,880.7886,1121.2128
LSA,2021-09-18 05:00:00,1021.6307,1066.2188,85.0174,936.6133,1185.5955
LSA,2021-09-18 06:00:00,1007.5975,1062.9652,85.6928,921.9047,1170.5461
LSA,2021-09-18 07:00:00,920.7736,1049.5651,83.0506,837.723,1077.0736
LSA,2021-09-18 08:00:00,767.0756,1019.101,78.3185,688.7571,911.5358
LSA,2021-09-18 09:00:00,558.8197,961.7342,69.3912,489.4286,685.2067
LSA,2021-09-18 10:00:00,313.507,835.5687,54.0494,259.4576,413.5063
LSA,2021-09-18 11:00:00,71.3036,380.8427,22.6744,48.6292,117.3187
LSA,2021-09-18 12:00:00,0.0,0.0,0.0,0.0,0.0
LSA,2021-09-18 13:00:00,0.0,0.0,0.0,0.0,0.0
LSA,2021-09-18 14:00:00,0.0,0.0,0.0,0.0,0.0
LSA,2021-09-18 15:00:00,0.0,0.0,0.0,0.0,0.0
LSA,2021-09-18 16:00:00,0.0,0.0,0.0,0.0,0.0
LSA,2021-09-18 17:00:00,0.0,0.0,0.0,0.0,0.0
LSA,2021-09-18 18:00:00,0.0,0.0,0.0,0.0,0.0
LSA,2021-09-18 19:00:00,0.0,0.0,0.0,0.0,0.0
LSA,2021-09-18 20:00:00,0.0,0.0,0.0,0.0,0.0
LSA,2021-09-18 21:00:00,0.0,0.0,0.0,0.0,0.0
LSA,2021-09-18 22:00:00,0.0,0.0,0.0,0.0,0.0
LSA,2021-09-18 23:00:00,3.5547,25.7511,2.4681,1.0866,9.3355
LSA,2021-09-19 00:00:00,150.1796,578.1661,43.4216,106.758,227.536
LSA,2021-09-19 01:00:00,404.6585,866.8582,69.4766,335.182,518.0165
LSA,2021-09-19 02:00:00,641.04,972.2452,82.4796,558.5604,774.3549
LSA,2021-09-19 03:00:00,831.251,1019.4531,91.7927,739.4583,979.054
LSA,2021-09-19 04:00:00,959.8399,1038.27,100.0608,859.7791,1118.1361
LSA,2021-09-19 05:00:00,1017.9774,1041.6641,106.1414,911.836,1182.0975
LSA,2021-09-19 06:00:00,1002.4258,1036.589,106.9511,895.4747,1166.5582
LSA,2021-09-19 07:00:00,914.3335,1021.9672,102.4817,811.8518,1072.5604
LSA,2021-09-19 08:00:00,759.2346,988.405,95.2077,664.027,906.4984
LSA,2021-09-19 09:00:00,549.3219,923.0972,83.3522,465.9697,679.6819
LSA,2021-09-19 10:00:00,302.7649,779.1741,63.6857,239.0792,407.5644
LSA,2021-09-19 11:00:00,64.8172,318.1768,24.4989,40.3183,111.9256
LSA,2021-09-19 12:00:00,0.0,0.0,0.0,0.0,0.0
LSA,2021-09-19 13:00:00,0.0,0.0,0.0,0.0,0.0
LSA,2021-09-19 14:00:00,0.0,0.0,0.0,0.0,0.0
LSA,2021-09-19 15:00:00,0.0,0.0,0.0,0.0,0.0
LSA,2021-09-19 16:00:00,0.0,0.0,0.0,0.0,0.0
LSA,2021-09-19 17:00:00,0.0,0.0,0.0,0.0,0.0
LSA,2021-09-19 18:00:00,0.0,0.0,0.0,0.0,0.0
LSA,2021-09-19 19:00:00,0.0,0.0,0.0,0.0,0.0
LSA,2021-09-19 20:00:00,0.0,0.0,0.0,0.0,0.0
LSA,2021-09-19 21:00:00,0.0,0.0,0.0,0.0,0.0
LSA,2021-09-19 22:00:00,0.0,0.0,0.0,0.0,0.0
LSA,2021-09-19 23:00:00,3.1614,19.7657,2.3331,0.8283,8.7127
LSA,2021-09-20 00:00:00,144.8587,538.2919,45.6947,99.164,224.9639
LSA,2021-09-20 01:00:00,397.5121,839.2421,74.5053,323.0068,515.501
LSA,2021-09-20 02:00:00,632.9048,951.5348,88.2828,544.622,771.7585
LSA,2021-09-20 03:00:00,822.0845,1001.0794,98.4291,723.6554,976.2451
LSA,2021-09-20 04:00:00,949.7986,1020.1,107.9022,841.8964,1114.9976
LSA,2021-09-20 05:00:00,1007.2822,1023.057,114.9285,892.3537,1178.535
LSA,2021-09-20 06:00:00,990.3722,1013.1708,118.6195,871.7527,1162.5066
LSA,2021-09-20 07:00:00,900.2992,988.7877,118.4888,781.8105,1067.9882
LSA,2021-09-20 08:00:00,743.6169,942.0751,114.3937,629.2232,901.4096
LSA,2021-09-20 09:00:00,533.6964,863.9583,101.1306,432.5657,674.1163
LSA,2021-09-20 10:00:00,288.9598,705.1873,75.0641,213.8957,401.5941
LSA,2021-09-20 11:00:00,58.1548,252.6209,26.2647,31.8901,106.6457
LSA,2021-09-20 12:00:00,0.0,0.0,0.0,0.0,0.0
LSA,2021-09-20 13:00:00,0.0,0.0,0.0,0.0,0.0
LSA,2021-09-20 14:00:00,0.0,0.0,0.0,0.0,0.0
LSA,2021-09-20 15:00:00,0.0,0.0,0.0,0.0,0.0
LSA,2021-09-20 16:00:00,0.0,0.0,0.0,0.0,0.0
LSA,2021-09-20 17:00:00,0.0,0.0,0.0,0.0,0.0
LSA,2021-09-20 18:00:00,0.0,0.0,0.0,0.0,0.0
LSA,2021-09-20 19:00:00,0.0,0.0,0.0,0.0,0.0
LSA,2021-09-20 20:00:00,0.0,0.0,0.0,0.0,0.0
LSA,2021-09-20 21:00:00,0.0,0.0,0.0,0.0,0.0
LSA,2021-09-20 22:00:00,0.0,0.0,0.0,0.0,0.0
LSA,2021-09-20 23:00:00,2.955,19.5999,2.1387,0.8163,8.0638
LSA,2021-09-21 00:00:00,143.7095,550.1162,43.7891,99.9204,222.3688
LSA,2021-09-21 01:00:00,394.7041,843.3327,72.021,322.683,512.9494
LSA,2021-09-21 02:00:00,627.9596,950.6635,86.0497,541.9099,769.1148
LSA,2021-09-21 03:00:00,815.9843,1001.896,94.1962,721.7881,973.3799
LSA,2021-09-21 04:00:00,943.7695,1026.6929,99.2998,844.4697,1111.7971
LSA,2021-09-21 05:00:00,1001.7366,1035.2469,102.0208,899.7159,1174.9084
LSA,2021-09-21 06:00:00,986.0743,1033.1984,100.7634,885.3109,1158.3925
LSA,2021-09-21 07:00:00,897.9683,1020.0029,95.5292,802.4391,1063.3584
LSA,2021-09-21 08:00:00,743.5999,988.2651,87.9028,655.6971,896.2717
LSA,2021-09-21 09:00:00,534.7333,921.2413,77.7202,457.0131,668.5125
LSA,2021-09-21 10:00:00,289.4951,767.2299,60.7818,228.7133,395.5985
LSA,2021-09-21 11:00:00,57.0985,287.1238,22.2762,34.8223,101.4558
LSA,2021-09-21 12:00:00,0.0,0.0,0.0,0.0,0.0
LSA,2021-09-21 13:00:00,0.0,0.0,0.0,0.0,0.0
LSA,2021-09-21 14:00:00,0.0,0.0,0.0,0.0,0.0
LSA,2021-09-21 15:00:00,0.0,0.0,0.0,0.0,0.0
LSA,2021-09-21 16:00:00,0.0,0.0,0.0,0.0,0.0
LSA,2021-09-21 17:00:00,0.0,0.0,0.0,0.0,0.0
LSA,2021-09-21 18:00:00,0.0,0.0,0.0,0.0,0.0
LSA,2021-09-21 19:00:00,0.0,0.0,0.0,0.0,0.0
LSA,2021-09-21 20:00:00,0.0,0.0,0.0,0.0,0.0
LSA,2021-09-21 21:00:00,0.0,0.0,0.0,0.0,0.0
LSA,2021-09-21 22:00:00,0.0,0.0,0.0,0.0,0.0
LSA,2021-09-21 23:00:00,2.5269,13.4595,1.9954,0.5315,7.4792
LSA,2021-09-22 00:00:00,136.2142,498.4216,45.559,90.6551,219.7496
LSA,2021-09-22 01:00:00,382.8162,806.033,75.8184,306.9977,510.3606
LSA,2021-09-22 02:00:00,613.3896,921.1738,90.3069,523.0827,766.4227
LSA,2021-09-22 03:00:00,799.9371,980.1031,96.2472,703.6899,970.4579
LSA,2021-09-22 04:00:00,927.302,1013.5628,96.4922,830.8098,1108.5347
LSA,2021-09-22 05:00:00,985.4746,1029.4647,94.0814,891.3932,1171.2184
LSA,2021-09-22 06:00:00,970.0014,1029.827,91.2423,878.7591,1154.2168
LSA,2021-09-22 07:00:00,882.1133,1014.3516,88.0582,794.0552,1058.6729
LSA,2021-09-22 08:00:00,728.7461,980.0813,82.5574,646.1887,891.0869
LSA,2021-09-22 09:00:00,521.3906,905.0002,76.203,445.1875,662.8733
LSA,2021-09-22 10:00:00,277.8711,729.9249,62.8981,214.973,389.581
LSA,2021-09-22 11:00:00,51.4886,238.6115,22.5889,28.8998,96.4315
LSA,2021-09-22 12:00:00,0.0,0.0,0.0,0.0,0.0
LSA,2021-09-22 13:00:00,0.0,0.0,0.0,0.0,0.0
LSA,2021-09-22 14:00:00,0.0,0.0,0.0,0.0,0.0
LSA,2021-09-22 15:00:00,0.0,0.0,0.0,0.0,0.0
LSA,2021-09-22 16:00:00,0.0,0.0,0.0,0.0,0.0
LSA,2021-09-22 17:00:00,0.0,0.0,0.0,0.0,0.0
LSA,2021-09-22 18:00:00,0.0,0.0,0.0,0.0,0.0
LSA,2021-09-22 19:00:00,0.0,0.0,0.0,0.0,0.0
LSA,2021-09-22 20:00:00,0.0,0.0,0.0,0.0,0.0
LSA,2021-09-22 21:00:00,0.0,0.0,0.0,0.0,0.0
LSA,2021-09-22 22:00:00,0.0,0.0,0.0,0.0,0.0
LSA,2021-09-22 23:00:00,2.2337,10.2792,1.8324,0.4013,6.8737
LSA,2021-09-23 00:00:00,132.1184,475.8845,45.8398,86.2786,217.1049
LSA,2021-09-23 01:00:00,377.9728,799.019,75.1266,302.8462,507.7336
LSA,2021-09-23 02:00:00,609.0234,924.0456,86.3688,522.6546,763.6815
LSA,2021-09-23 03:00:00,795.2794,982.9991,92.1444,703.135,967.4789
LSA,2021-09-23 04:00:00,921.5585,1010.3616,96.3526,825.2059,1105.2103
LSA,2021-09-23 05:00:00,978.8516,1020.9096,98.1994,880.6521,1167.4652
LSA,2021-09-23 06:00:00,962.3654,1015.5176,99.4568,862.9086,1149.981
LSA,2021-09-23 07:00:00,873.286,992.8969,99.8659,773.4201,1053.9335
LSA,2021-09-23 08:00:00,718.7354,948.7314,97.0632,621.6721,885.8577
LSA,2021-09-23 09:00:00,511.1222,867.5821,88.1511,422.9711,657.2018
LSA,2021-09-23 10:00:00,269.0694,692.6142,68.0325,201.0369,383.5447
LSA,2021-09-23 11:00:00,47.6592,214.868,22.2456,25.4136,91.5289
LSA,2021-09-23 12:00:00,0.0,0.0,0.0,0.0,0.0
LSA,2021-09-23 13:00:00,0.0,0.0,0.0,0.0,0.0
LSA,2021-09-23 14:00:00,0.0,0.0,0.0,0.0,0.0
LSA,2021-09-23 15:00:00,0.0,0.0,0.0,0.0,0.0
LSA,2021-09-23 16:00:00,0.0,0.0,0.0,0.0,0.0
LSA,2021-09-23 17:00:00,0.0,0.0,0.0,0.0,0.0
LSA,2021-09-23 18:00:00,0.0,0.0,0.0,0.0,0.0
LSA,2021-09-23 19:00:00,0.0,0.0,0.0,0.0,0.0
LSA,2021-09-23 20:00:00,0.0,0.0,0.0,0.0,0.0
LSA,2021-09-23 21:00:00,0.0,0.0,0.0,0.0,0.0
LSA,2021-09-23 22:00:00,0.0,0.0,0.0,0.0,0.0
LSA,2021-09-23 23:00:00,2.1135,12.7148,1.6424,0.4711,6.3274
LSA,2021-09-24 00:00:00,133.0273,516.1881,41.3785,91.6487,214.4337
LSA,2021-09-24 01:00:00,378.5302,826.6625,67.3363,311.1938,505.0672
LSA,2021-09-24 02:00:00,608.3422,941.9537,77.927,530.4152,760.8904
LSA,2021-09-24 03:00:00,793.3791,994.067,85.0316,708.3475,964.4422
LSA,2021-09-24 04:00:00,918.5852,1015.6936,92.0623,826.5229,1101.8242
LSA,2021-09-24 05:00:00,974.8885,1021.5328,97.078,877.8105,1163.6499
LSA,2021-09-24 06:00:00,957.675,1013.1306,100.485,857.19,1145.6862
LSA,2021-09-24 07:00:00,868.0971,988.6942,101.8621,766.2351,1049.1421
LSA,2021-09-24 08:00:00,713.0244,942.3211,99.5289,613.4955,880.5867
LSA,2021-09-24 09:00:00,504.8282,858.4785,90.0809,414.7472,651.5007
LSA,2021-09-24 10:00:00,262.7368,679.2314,68.5175,194.2193,377.493
LSA,2021-09-24 11:00:00,44.4471,200.5394,21.3054,23.1417,86.7504
LSA,2021-09-24 12:00:00,0.0,0.0,0.0,0.0,0.0
LSA,2021-09-24 13:00:00,0.0,0.0,0.0,0.0,0.0
LSA,2021-09-24 14:00:00,0.0,0.0,0.0,0.0,0.0
LSA,2021-09-24 15:00:00,0.0,0.0,0.0,0.0,0.0
LSA,2021-09-24 16:00:00,0.0,0.0,0.0,0.0,0.0
LSA,2021-09-24 17:00:00,0.0,0.0,0.0,0.0,0.0
LSA,2021-09-24 18:00:00,0.0,0.0,0.0,0.0,0.0
LSA,2021-09-24 19:00:00,0.0,0.0,0.0,0.0,0.0
LSA,2021-09-24 20:00:00,0.0,0.0,0.0,0.0,0.0
LSA,2021-09-24 21:00:00,0.0,0.0,0.0,0.0,0.0
LSA,2021-09-24 22:00:00,0.0,0.0,0.0,0.0,0.0
LSA,2021-09-24 23:00:00,1.7428,5.6442,1.5372,0.2056,5.7662
LSA,2021-09-25 00:00:00,122.9784,400.5643,50.5944,72.384,211.7349
LSA,2021-09-25 01:00:00,366.5018,740.8882,88.3327,278.1691,502.3606
LSA,2021-09-25 02:00:00,598.2905,884.3477,102.0721,496.2185,758.0487
LSA,2021-09-25 03:00:00,784.8755,953.5731,107.7904,677.0851,961.3477
LSA,2021-09-25 04:00:00,910.8291,986.0879,111.3011,799.528,1098.3765
LSA,2021-09-25 05:00:00,967.4815,999.7513,111.723,855.7585,1159.7732
LSA,2021-09-25 06:00:00,950.1024,995.5496,111.4637,838.6387,1141.334
LSA,2021-09-25 07:00:00,860.0192,972.3858,110.3237,749.6955,1044.3008
LSA,2021-09-25 08:00:00,704.5681,926.2311,105.4976,599.0705,875.2761
LSA,2021-09-25 09:00:00,496.3269,841.642,93.4456,402.8814,645.7731
LSA,2021-09-25 10:00:00,255.0954,659.9046,69.2373,185.8581,371.429
LSA,2021-09-25 11:00:00,41.0584,184.3168,20.2964,20.762,82.0678
LSA,2021-09-25 12:00:00,0.0,0.0,0.0,0.0,0.0
LSA,2021-09-25 13:00:00,0.0,0.0,0.0,0.0,0.0
LSA,2021-09-25 14:00:00,0.0,0.0,0.0,0.0,0.0
LSA,2021-09-25 15:00:00,0.0,0.0,0.0,0.0,0.0
LSA,2021-09-25 16:00:00,0.0,0.0,0.0,0.0,0.0
LSA,2021-09-25 17:00:00,0.0,0.0,0.0,0.0,0.0
LSA,2021-09-25 18:00:00,0.0,0.0,0.0,0.0,0.0
LSA,2021-09-25 19:00:00,0.0,0.0,0.0,0.0,0.0
LSA,2021-09-25 20:00:00,0.0,0.0,0.0,0.0,0.0
LSA,2021-09-25 21:00:00,0.0,0.0,0.0,0.0,0.0
LSA,2021-09-25 22:00:00,0.0,0.0,0.0,0.0,0.0
LSA,2021-09-25 23:00:00,1.633,6.5748,1.4063,0.2266,5.2583
LSA,2021-09-26 00:00:00,124.7372,440.6983,46.6972,78.04,209.0075
LSA,2021-09-26 01:00:00,369.0068,776.1509,79.7007,289.3061,499.6127
LSA,2021-09-26 02:00:00,599.8113,910.0091,91.5687,508.2426,755.1558
LSA,2021-09-26 03:00:00,785.5812,974.7687,96.1388,689.4423,958.195
LSA,2021-09-26 04:00:00,911.2036,1005.7819,98.7798,812.4238,1094.8674
LSA,2021-09-26 05:00:00,967.6802,1019.1212,98.794,868.8862,1155.8358
LSA,2021-09-26 06:00:00,950.2996,1014.6672,99.3364,850.9632,1136.9257
LSA,2021-09-26 07:00:00,860.2688,991.082,100.1673,760.1014,1039.4115
LSA,2021-09-26 08:00:00,704.6929,945.0799,97.526,607.167,869.9288
LSA,2021-09-26 09:00:00,496.3926,865.59,86.1633,410.2293,640.022
LSA,2021-09-26 10:00:00,255.1072,696.7184,62.6433,192.4639,365.3562
LSA,2021-09-26 11:00:00,40.078,203.8072,18.0356,22.0423,77.564
LSA,2021-09-26 12:00:00,0.0,0.0,0.0,0.0,0.0
LSA,2021-09-26 13:00:00,0.0,0.0,0.0,0.0,0.0
LSA,2021-09-26 14:00:00,0.0,0.0,0.0,0.0,0.0
LSA,2021-09-26 15:00:00,0.0,0.0,0.0,0.0,0.0
LSA,2021-09-26 16:00:00,0.0,0.0,0.0,0.0,0.0
LSA,2021-09-26 17:00:00,0.0,0.0,0.0,0.0,0.0
LSA,2021-09-26 18:00:00,0.0,0.0,0.0,0.0,0.0
LSA,2021-09-26 19:00:00,0.0,0.0,0.0,0.0,0.0
LSA,2021-09-26 20:00:00,0.0,0.0,0.0,0.0,0.0
LSA,2021-09-26 21:00:00,0.0,0.0,0.0,0.0,0.0
LSA,2021-09-26 22:00:00,0.0,0.0,0.0,0.0,0.0
LSA,2021-09-26 23:00:00,1.5184,7.7963,1.2466,0.2718,4.743
LSA,2021-09-27 00:00:00,127.4807,506.3079,39.8616,87.619,206.2505
LSA,2021-09-27 01:00:00,373.5043,840.2115,62.6891,310.8152,496.8229
LSA,2021-09-27 02:00:00,603.7206,964.5021,67.6352,536.0854,752.2111
LSA,2021-09-27 03:00:00,788.8823,1022.3817,68.6746,720.2077,954.9841
LSA,2021-09-27 04:00:00,914.4047,1049.6278,69.8265,844.5782,1091.2976
LSA,2021-09-27 05:00:00,970.9723,1061.8923,69.262,901.7103,1151.8387
LSA,2021-09-27 06:00:00,954.3734,1059.8981,69.4867,884.8867,1132.4629
LSA,2021-09-27 07:00:00,865.6635,1042.6394,70.3464,795.3171,1034.4763
LSA,2021-09-27 08:00:00,711.4202,1007.1281,68.9658,642.4544,864.5472
LSA,2021-09-27 09:00:00,504.5949,941.6448,62.9454,441.6494,634.2504
LSA,2021-09-27 10:00:00,262.4218,789.3582,48.979,213.4428,359.2779
LSA,2021-09-27 11:00:00,41.0198,252.9937,15.0664,25.9533,73.1904
LSA,2021-09-27 12:00:00,0.0,0.0,0.0,0.0,0.0
LSA,2021-09-27 13:00:00,0.0,0.0,0.0,0.0,0.0
LSA,2021-09-27 14:00:00,0.0,0.0,0.0,0.0,0.0
LSA,2021-09-27 15:00:00,0.0,0.0,0.0,0.0,0.0
LSA,2021-09-27 16:00:00,0.0,0.0,0.0,0.0,0.0
LSA,2021-09-27 17:00:00,0.0,0.0,0.0,0.0,0.0
LSA,2021-09-27 18:00:00,0.0,0.0,0.0,0.0,0.0
LSA,2021-09-27 19:00:00,0.0,0.0,0.0,0.0,0.0
LSA,2021-09-27 20:00:00,0.0,0.0,0.0,0.0,0.0
LSA,2021-09-27 21:00:00,0.0,0.0,0.0,0.0,0.0
LSA,2021-09-27 22:00:00,0.0,0.0,0.0,0.0,0.0
LSA,2021-09-27 23:00:00,1.3553,6.0589,1.1606,0.1946,4.2319
LSA,2021-09-28 00:00:00,125.5362,453.4507,47.0808,78.4554,203.4629
LSA,2021-09-28 01:00:00,377.164,801.0493,82.2366,294.9274,493.9904
LSA,2021-09-28 02:00:00,614.8536,938.6412,95.3423,519.5113,749.2142
LSA,2021-09-28 03:00:00,804.9841,1001.9526,101.9579,703.0261,951.7151
LSA,2021-09-28 04:00:00,932.0723,1028.9679,107.3483,824.724,1087.6674
LSA,2021-09-28 05:00:00,987.8784,1038.1932,109.8995,877.9789,1147.7832
LSA,2021-09-28 06:00:00,967.8568,1031.7491,110.3737,857.483,1127.9473
LSA,2021-09-28 07:00:00,873.5737,1008.2924,108.5163,765.0574,1029.4976
LSA,2021-09-28 08:00:00,712.8813,962.174,103.0881,609.7932,859.134
LSA,2021-09-28 09:00:00,498.6088,878.2135,90.2185,408.3903,628.4614
LSA,2021-09-28 10:00:00,250.8599,692.4606,65.4642,185.3957,353.1972
LSA,2021-09-28 11:00:00,35.6621,179.7194,17.2239,18.4381,68.9483
LSA,2021-09-28 12:00:00,0.0,0.0,0.0,0.0,0.0
LSA,2021-09-28 13:00:00,0.0,0.0,0.0,0.0,0.0
LSA,2021-09-28 14:00:00,0.0,0.0,0.0,0.0,0.0
LSA,2021-09-28 15:00:00,0.0,0.0,0.0,0.0,0.0
LSA,2021-09-28 16:00:00,0.0,0.0,0.0,0.0,0.0
LSA,2021-09-28 17:00:00,0.0,0.0,0.0,0.0,0.0
LSA,2021-09-28 18:00:00,0.0,0.0,0.0,0.0,0.0
LSA,2021-09-28 19:00:00,0.0,0.0,0.0,0.0,0.0
LSA,2021-09-28 20:00:00,0.0,0.0,0.0,0.0,0.0
LSA,2021-09-28 21:00:00,0.0,0.0,0.0,0.0,0.0
LSA,2021-09-28 22:00:00,0.0,0.0,0.0,0.0,0.0
LSA,2021-09-28 23:00:00,1.1564,3.8861,1.0301,0.1264,3.8066
LSA,2021-09-29 00:00:00,118.9591,413.9111,47.9037,71.0555,200.6441
LSA,2021-09-29 01:00:00,361.5106,737.9285,91.5768,269.9338,491.1146
LSA,2021-09-29 02:00:00,591.6639,860.9702,117.4112,474.2527,746.165
LSA,2021-09-29 03:00:00,778.0151,925.3728,131.1898,646.8253,948.3879
LSA,2021-09-29 04:00:00,904.5889,963.1539,135.6111,768.9778,1083.9773
LSA,2021-09-29 05:00:00,960.8804,979.6959,135.8016,825.0788,1143.6702
LSA,2021-09-29 06:00:00,942.8008,978.8693,133.036,809.7649,1123.3805
LSA,2021-09-29 07:00:00,851.697,959.9213,127.3208,724.3763,1024.4773
LSA,2021-09-29 08:00:00,694.3138,916.5269,117.4372,576.8766,853.6918
LSA,2021-09-29 09:00:00,483.9113,834.1809,99.7125,384.1988,622.6579
LSA,2021-09-29 10:00:00,240.5491,648.2106,69.6277,170.9214,347.1176
LSA,2021-09-29 11:00:00,32.3552,155.3636,16.8046,15.5506,64.8
LSA,2021-09-29 12:00:00,0.0,0.0,0.0,0.0,0.0
LSA,2021-09-29 13:00:00,0.0,0.0,0.0,0.0,0.0
LSA,2021-09-29 14:00:00,0.0,0.0,0.0,0.0,0.0
LSA,2021-09-29 15:00:00,0.0,0.0,0.0,0.0,0.0
LSA,2021-09-29 16:00:00,0.0,0.0,0.0,0.0,0.0
LSA,2021-09-29 17:00:00,0.0,0.0,0.0,0.0,0.0
LSA,2021-09-29 18:00:00,0.0,0.0,0.0,0.0,0.0
LSA,2021-09-29 19:00:00,0.0,0.0,0.0,0.0,0.0
LSA,2021-09-29 20:00:00,0.0,0.0,0.0,0.0,0.0
LSA,2021-09-29 21:00:00,0.0,0.0,0.0,0.0,0.0
LSA,2021-09-29 22:00:00,0.0,0.0,0.0,0.0,0.0
LSA,2021-09-29 23:00:00,1.1297,7.7327,0.8885,0.2412,3.3448
LSA,2021-09-30 00:00:00,128.2517,550.8193,37.2573,90.9944,197.7934
LSA,2021-09-30 01:00:00,379.5141,873.1349,63.02,316.4941,488.1949
LSA,2021-09-30 02:00:00,613.6602,983.5592,74.7248,538.9354,743.063
LSA,2021-09-30 03:00:00,801.1293,1033.0295,82.317,718.8124,945.003
LSA,2021-09-30 04:00:00,926.6737,1054.134,88.5416,838.1321,1080.2281
LSA,2021-09-30 05:00:00,981.3185,1059.5957,92.7205,888.5979,1139.501
LSA,2021-09-30 06:00:00,960.9901,1052.8766,94.0674,866.9227,1118.7643
LSA,2021-09-30 07:00:00,867.2238,1032.5393,92.3546,774.8691,1019.4178
LSA,2021-09-30 08:00:00,706.9168,990.8025,87.7337,619.183,848.2235
LSA,2021-09-30 09:00:00,492.5456,908.7167,78.2426,414.3031,616.843
LSA,2021-09-30 10:00:00,244.0543,716.9396,58.6798,185.3745,341.0423
LSA,2021-09-30 11:00:00,31.5969,174.5242,14.7647,16.8322,60.8433
LSA,2021-09-30 12:00:00,0.0,0.0,0.0,0.0,0.0
LSA,2021-09-30 13:00:00,0.0,0.0,0.0,0.0,0.0
LSA,2021-09-30 14:00:00,0.0,0.0,0.0,0.0,0.0
LSA,2021-09-30 15:00:00,0.0,0.0,0.0,0.0,0.0
LSA,2021-09-30 16:00:00,0.0,0.0,0.0,0.0,0.0
LSA,2021-09-30 17:00:00,0.0,0.0,0.0,0.0,0.0
LSA,2021-09-30 18:00:00,0.0,0.0,0.0,0.0,0.0
LSA,2021-09-30 19:00:00,0.0,0.0,0.0,0.0,0.0
LSA,2021-09-30 20:00:00,0.0,0.0,0.0,0.0,0.0
LSA,2021-09-30 21:00:00,0.0,0.0,0.0,0.0,0.0
LSA,2021-09-30 22:00:00,0.0,0.0,0.0,0.0,0.0
LSA,2021-09-30 23:00:00,0.9378,4.2301,0.7974,0.1404,2.9603
LSA,2021-10-01 00:00:00,121.5548,484.8358,41.4361,80.1187,194.9103
LSA,2021-10-01 01:00:00,368.3801,810.1678,76.3501,292.03,485.2312
LSA,2021-10-01 02:00:00,599.8937,923.7027,96.1139,503.7798,739.9084
LSA,2021-10-01 03:00:00,785.8275,977.9415,108.107,677.7205,941.5605
LSA,2021-10-01 04:00:00,910.644,1005.2667,114.606,796.0379,1076.4208
LSA,2021-10-01 05:00:00,964.6489,1013.8708,118.0284,846.6205,1135.277
LSA,2021-10-01 06:00:00,943.621,1006.1694,119.0625,824.5584,1114.1005
LSA,2021-10-01 07:00:00,849.2721,980.8735,117.2044,732.0676,1014.3216
LSA,2021-10-01 08:00:00,688.8047,930.7453,111.0647,577.74,842.7317
LSA,2021-10-01 09:00:00,475.3012,838.2281,96.6416,378.6595,611.0198
LSA,2021-10-01 10:00:00,229.887,633.0429,68.2001,161.6869,334.9745
LSA,2021-10-01 11:00:00,27.5684,132.2584,15.0269,12.5415,57.0211
LSA,2021-10-01 12:00:00,0.0,0.0,0.0,0.0,0.0
LSA,2021-10-01 13:00:00,0.0,0.0,0.0,0.0,0.0
LSA,2021-10-01 14:00:00,0.0,0.0,0.0,0.0,0.0
LSA,2021-10-01 15:00:00,0.0,0.0,0.0,0.0,0.0
LSA,2021-10-01 16:00:00,0.0,0.0,0.0,0.0,0.0
LSA,2021-10-01 17:00:00,0.0,0.0,0.0,0.0,0.0
LSA,2021-10-01 18:00:00,0.0,0.0,0.0,0.0,0.0
LSA,2021-10-01 19:00:00,0.0,0.0,0.0,0.0,0.0
LSA,2021-10-01 20:00:00,0.0,0.0,0.0,0.0,0.0
LSA,2021-10-01 21:00:00,0.0,0.0,0.0,0.0,0.0
LSA,2021-10-01 22:00:00,0.0,0.0,0.0,0.0,0.0
LSA,2021-10-01 23:00:00,0.7772,2.5295,0.6821,0.0951,2.5506
LSA,2021-10-02 00:00:00,117.9083,476.1876,39.6849,78.2233,191.9942
LSA,2021-10-02 01:00:00,362.478,817.0425,69.8111,292.6669,482.2231
LSA,2021-10-02 02:00:00,592.0794,938.2352,82.8027,509.2767,736.7012
LSA,2021-10-02 03:00:00,776.2707,997.0616,88.2362,688.0345,938.0611
LSA,2021-10-02 04:00:00,900.0035,1027.9532,89.363,810.6405,1072.5563
LSA,2021-10-02 05:00:00,953.9208,1041.486,88.0046,865.9162,1130.9996
LSA,2021-10-02 06:00:00,933.5529,1039.1216,86.0927,847.4603,1109.3911
LSA,2021-10-02 07:00:00,840.4904,1019.9478,83.6168,756.8737,1009.1909
LSA,2021-10-02 08:00:00,682.4236,979.9821,78.6454,603.7781,837.2191
LSA,2021-10-02 09:00:00,472.1763,901.4649,69.4279,402.7484,605.1912
LSA,2021-10-02 10:00:00,229.6854,715.1138,51.4288,178.2566,328.9174
LSA,2021-10-02 11:00:00,26.8995,165.5134,12.0421,14.8574,53.3341
LSA,2021-10-02 12:00:00,0.0,0.0,0.0,0.0,0.0
LSA,2021-10-02 13:00:00,0.0,0.0,0.0,0.0,0.0
LSA,2021-10-02 14:00:00,0.0,0.0,0.0,0.0,0.0
LSA,2021-10-02 15:00:00,0.0,0.0,0.0,0.0,0.0
LSA,2021-10-02 16:00:00,0.0,0.0,0.0,0.0,0.0
LSA,2021-10-02 17:00:00,0.0,0.0,0.0,0.0,0.0
LSA,2021-10-02 18:00:00,0.0,0.0,0.0,0.0,0.0
LSA,2021-10-02 19:00:00,0.0,0.0,0.0,0.0,0.0
LSA,2021-10-02 20:00:00,0.0,0.0,0.0,0.0,0.0
LSA,2021-10-02 21:00:00,0.0,0.0,0.0,0.0,0.0
LSA,2021-10-02 22:00:00,0.0,0.0,0.0,0.0,0.0
LSA,2021-10-02 23:00:00,0.6736,2.9846,0.5699,0.1037,2.2081
LSA,2021-10-03 00:00:00,117.4422,510.4796,35.4137,82.0284,189.045
LSA,2021-10-03 01:00:00,361.4078,844.3447,61.2748,300.133,479.1706
LSA,2021-10-03 02:00:00,590.2753,959.4369,72.1695,518.1057,733.4417
LSA,2021-10-03 03:00:00,773.6608,1012.2659,78.267,695.3937,934.5052
LSA,2021-10-03 04:00:00,896.3327,1036.3866,82.5297,813.803,1068.6354
LSA,2021-10-03 05:00:00,949.3362,1044.4285,84.7966,864.5396,1126.6703
LSA,2021-10-03 06:00:00,928.4175,1038.6139,85.474,842.9435,1104.6382
LSA,2021-10-03 07:00:00,835.1224,1017.472,84.3551,750.7673,1004.0281
LSA,2021-10-03 08:00:00,676.7617,974.6546,80.5183,596.2435,831.6887
LSA,2021-10-03 09:00:00,466.3152,893.0336,71.3259,394.9892,599.3604
LSA,2021-10-03 10:00:00,223.9998,700.9789,52.1839,171.8159,322.8741
LSA,2021-10-03 11:00:00,24.667,151.4423,11.4873,13.1797,49.7825
LSA,2021-10-03 12:00:00,0.0,0.0,0.0,0.0,0.0
LSA,2021-10-03 13:00:00,0.0,0.0,0.0,0.0,0.0
LSA,2021-10-03 14:00:00,0.0,0.0,0.0,0.0,0.0
LSA,2021-10-03 15:00:00,0.0,0.0,0.0,0.0,0.0
LSA,2021-10-03 16:00:00,0.0,0.0,0.0,0.0,0.0
LSA,2021-10-03 17:00:00,0.0,0.0,0.0,0.0,0.0
LSA,2021-10-03 18:00:00,0.0,0.0,0.0,0.0,0.0
LSA,2021-10-03 19:00:00,0.0,0.0,0.0,0.0,0.0
LSA,2021-10-03 20:00:00,0.0,0.0,0.0,0.0,0.0
LSA,2021-10-03 21:00:00,0.0,0.0,0.0,0.0,0.0
LSA,2021-10-03 22:00:00,0.0,0.0,0.0,0.0,0.0
LSA,2021-10-03 23:00:00,0.563,1.6348,0.4748,0.0882,1.8535
LSA,2021-10-04 00:00:00,116.8047,531.1685,32.7564,84.0483,186.0623
LSA,2021-10-04 01:00:00,361.482,867.4391,55.4253,306.0566,476.0735
LSA,2021-10-04 02:00:00,590.6315,979.7919,64.2718,526.3597,730.1301
LSA,2021-10-04 03:00:00,773.6766,1029.7628,69.4405,704.2361,930.8939
LSA,2021-10-04 04:00:00,895.3327,1050.9895,73.6178,821.7149,1064.6597
LSA,2021-10-04 05:00:00,947.1716,1056.9962,76.1288,871.0428,1122.2909
LSA,2021-10-04 06:00:00,925.4108,1050.8882,76.6962,848.7145,1099.8436
LSA,2021-10-04 07:00:00,831.788,1031.3658,75.1556,756.6324,998.8357
LSA,2021-10-04 08:00:00,673.4063,991.4337,71.3402,602.0661,826.143
LSA,2021-10-04 09:00:00,463.5325,914.5046,63.32,400.2124,593.5304
LSA,2021-10-04 10:00:00,221.819,728.3618,46.9107,174.9083,316.848
LSA,2021-10-04 11:00:00,23.3427,157.3693,10.2192,13.1235,46.3286
LSA,2021-10-04 12:00:00,0.0,0.0,0.0,0.0,0.0
LSA,2021-10-04 13:00:00,0.0,0.0,0.0,0.0,0.0
LSA,2021-10-04 14:00:00,0.0,0.0,0.0,0.0,0.0
LSA,2021-10-04 15:00:00,0.0,0.0,0.0,0.0,0.0
LSA,2021-10-04 16:00:00,0.0,0.0,0.0,0.0,0.0
LSA,2021-10-04 17:00:00,0.0,0.0,0.0,0.0,0.0
LSA,2021-10-04 18:00:00,0.0,0.0,0.0,0.0,0.0
LSA,2021-10-04 19:00:00,0.0,0.0,0.0,0.0,0.0
LSA,2021-10-04 20:00:00,0.0,0.0,0.0,0.0,0.0
LSA,2021-10-04 21:00:00,0.0,0.0,0.0,0.0,0.0
LSA,2021-10-04 22:00:00,0.0,0.0,0.0,0.0,0.0
LSA,2021-10-04 23:00:00,0.4718,1.5272,0.4006,0.0712,1.5547
LSA,2021-10-05 00:00:00,116.0203,532.8987,32.7711,83.2492,183.0461
LSA,2021-10-05 01:00:00,361.935,872.1267,56.4373,305.4976,472.9322
LSA,2021-10-05 02:00:00,591.7978,983.5234,66.1839,525.614,726.7669
LSA,2021-10-05 03:00:00,775.9591,1035.2734,71.0992,704.8599,927.2275
LSA,2021-10-05 04:00:00,899.3752,1060.6278,73.7125,825.6627,1060.63
LSA,2021-10-05 05:00:00,952.6146,1070.3757,74.5232,878.0913,1117.8629
LSA,2021-10-05 06:00:00,931.3352,1066.7209,74.1139,857.2213,1095.0098
LSA,2021-10-05 07:00:00,837.138,1048.5166,72.3941,764.7439,993.6163
LSA,2021-10-05 08:00:00,677.5638,1010.33,68.5301,609.0337,820.5851
LSA,2021-10-05 09:00:00,464.8271,930.8708,61.5697,403.2574,587.7042
LSA,2021-10-05 10:00:00,219.3788,732.3566,46.5137,172.8651,310.8421
LSA,2021-10-05 11:00:00,21.5831,146.0285,9.7017,11.8815,43.0642
LSA,2021-10-05 12:00:00,0.0,0.0,0.0,0.0,0.0
LSA,2021-10-05 13:00:00,0.0,0.0,0.0,0.0,0.0
LSA,2021-10-05 14:00:00,0.0,0.0,0.0,0.0,0.0
LSA,2021-10-05 15:00:00,0.0,0.0,0.0,0.0,0.0
LSA,2021-10-05 16:00:00,0.0,0.0,0.0,0.0,0.0
LSA,2021-10-05 17:00:00,0.0,0.0,0.0,0.0,0.0
LSA,2021-10-05 18:00:00,0.0,0.0,0.0,0.0,0.0
LSA,2021-10-05 19:00:00,0.0,0.0,0.0,0.0,0.0
LSA,2021-10-05 20:00:00,0.0,0.0,0.0,0.0,0.0
LSA,2021-10-05 21:00:00,0.0,0.0,0.0,0.0,0.0
LSA,2021-10-05 22:00:00,0.0,0.0,0.0,0.0,0.0
LSA,2021-10-05 23:00:00,0.358,0.0,0.329,0.029,1.2584
LSA,2021-10-06 00:00:00,109.7688,464.2839,36.7025,73.0663,179.9963
LSA,2021-10-06 01:00:00,353.5317,823.8091,66.5946,286.9371,469.7467
LSA,2021-10-06 02:00:00,583.5469,947.9179,79.4653,504.0817,723.3527
LSA,2021-10-06 03:00:00,767.6358,1005.6744,86.0157,681.6201,923.5074
LSA,2021-10-06 04:00:00,890.369,1033.3762,89.4634,800.9056,1056.5481
LSA,2021-10-06 05:00:00,942.7526,1043.5696,90.5651,852.1876,1113.3883
LSA,2021-10-06 06:00:00,921.0432,1040.4216,89.1537,831.8896,1090.1387
LSA,2021-10-06 07:00:00,826.9257,1022.9253,85.2002,741.7255,988.3725
LSA,2021-10-06 08:00:00,667.5118,983.8494,78.7538,588.7581,815.0178
LSA,2021-10-06 09:00:00,455.7137,903.9238,68.1748,387.539,581.8848
LSA,2021-10-06 10:00:00,212.2301,704.4959,48.8306,163.3996,304.8595
LSA,2021-10-06 11:00:00,19.5275,130.4962,9.2663,10.2611,39.9346
LSA,2021-10-06 12:00:00,0.0,0.0,0.0,0.0,0.0
LSA,2021-10-06 13:00:00,0.0,0.0,0.0,0.0,0.0
LSA,2021-10-06 14:00:00,0.0,0.0,0.0,0.0,0.0
LSA,2021-10-06 15:00:00,0.0,0.0,0.0,0.0,0.0
LSA,2021-10-06 16:00:00,0.0,0.0,0.0,0.0,0.0
LSA,2021-10-06 17:00:00,0.0,0.0,0.0,0.0,0.0
LSA,2021-10-06 18:00:00,0.0,0.0,0.0,0.0,0.0
LSA,2021-10-06 19:00:00,0.0,0.0,0.0,0.0,0.0
LSA,2021-10-06 20:00:00,0.0,0.0,0.0,0.0,0.0
LSA,2021-10-06 21:00:00,0.0,0.0,0.0,0.0,0.0
LSA,2021-10-06 22:00:00,0.0,0.0,0.0,0.0,0.0
LSA,2021-10-06 23:00:00,0.2764,0.0,0.2599,0.0165,0.9752
LSA,2021-10-07 00:00:00,108.1784,454.4178,37.3694,70.809,176.9126
LSA,2021-10-07 01:00:00,352.0538,818.3921,69.0481,283.0057,466.517
LSA,2021-10-07 02:00:00,581.9855,943.7036,82.8177,499.1678,719.8876
LSA,2021-10-07 03:00:00,765.5749,999.7112,91.1845,674.3904,919.734
LSA,2021-10-07 04:00:00,887.6948,1023.8282,97.7636,789.9312,1052.4148
LSA,2021-10-07 05:00:00,939.335,1030.2712,101.9038,837.4312,1108.8684
LSA,2021-10-07 06:00:00,916.7922,1023.4277,102.623,814.1692,1085.2323
LSA,2021-10-07 07:00:00,821.7173,1001.6113,99.6755,722.0417,983.1063
LSA,2021-10-07 08:00:00,661.0553,955.4513,93.3846,567.6707,809.4434
LSA,2021-10-07 09:00:00,447.8456,864.7349,80.7186,367.1269,576.0749
LSA,2021-10-07 10:00:00,203.7688,645.0957,56.0355,147.7333,298.9028
LSA,2021-10-07 11:00:00,17.1533,100.6084,9.4273,7.726,36.9391
LSA,2021-10-07 12:00:00,0.0,0.0,0.0,0.0,0.0
LSA,2021-10-07 13:00:00,0.0,0.0,0.0,0.0,0.0
LSA,2021-10-07 14:00:00,0.0,0.0,0.0,0.0,0.0
LSA,2021-10-07 15:00:00,0.0,0.0,0.0,0.0,0.0
LSA,2021-10-07 16:00:00,0.0,0.0,0.0,0.0,0.0
LSA,2021-10-07 17:00:00,0.0,0.0,0.0,0.0,0.0
LSA,2021-10-07 18:00:00,0.0,0.0,0.0,0.0,0.0
LSA,2021-10-07 19:00:00,0.0,0.0,0.0,0.0,0.0
LSA,2021-10-07 20:00:00,0.0,0.0,0.0,0.0,0.0
LSA,2021-10-07 21:00:00,0.0,0.0,0.0,0.0,0.0
LSA,2021-10-07 22:00:00,0.0,0.0,0.0,0.0,0.0
LSA,2021-10-07 23:00:00,0.2057,0.0,0.1993,0.0064,0.7706
LSA,2021-10-08 00:00:00,102.2315,397.0834,39.9842,62.2474,173.7958
LSA,2021-10-08 01:00:00,343.0912,771.5981,77.8614,265.2299,463.2442
LSA,2021-10-08 02:00:00,572.6362,906.991,95.3538,477.2824,716.3732
LSA,2021-10-08 03:00:00,756.4781,971.262,104.2674,652.2106,915.9092
LSA,2021-10-08 04:00:00,879.0308,1003.14,108.537,770.4938,1048.2324
LSA,2021-10-08 05:00:00,930.9896,1015.1784,109.6842,821.3055,1104.306
LSA,2021-10-08 06:00:00,908.4213,1011.0966,108.1792,800.2421,1080.2938
LSA,2021-10-08 07:00:00,813.0787,989.5849,103.9394,709.1393,977.8215
LSA,2021-10-08 08:00:00,652.3549,942.9445,96.2626,556.0923,803.8659
LSA,2021-10-08 09:00:00,439.5327,847.5866,83.3038,356.2289,570.2785
LSA,2021-10-08 10:00:00,196.3157,613.1786,57.9298,138.3859,292.9763
LSA,2021-10-08 11:00:00,15.1895,83.192,8.9879,6.2015,34.0776
LSA,2021-10-08 12:00:00,0.0,0.0,0.0,0.0,0.0
LSA,2021-10-08 13:00:00,0.0,0.0,0.0,0.0,0.0
LSA,2021-10-08 14:00:00,0.0,0.0,0.0,0.0,0.0
LSA,2021-10-08 15:00:00,0.0,0.0,0.0,0.0,0.0
LSA,2021-10-08 16:00:00,0.0,0.0,0.0,0.0,0.0
LSA,2021-10-08 17:00:00,0.0,0.0,0.0,0.0,0.0
LSA,2021-10-08 18:00:00,0.0,0.0,0.0,0.0,0.0
LSA,2021-10-08 19:00:00,0.0,0.0,0.0,0.0,0.0
LSA,2021-10-08 20:00:00,0.0,0.0,0.0,0.0,0.0
LSA,2021-10-08 21:00:00,0.0,0.0,0.0,0.0,0.0
LSA,2021-10-08 22:00:00,0.0,0.0,0.0,0.0,0.0
LSA,2021-10-08 23:00:00,0.1412,0.0,0.1394,0.0018,0.5515
LSA,2021-10-09 00:00:00,98.4006,378.1449,39.2813,59.1193,170.6455
LSA,2021-10-09 01:00:00,337.949,769.8325,75.0749,262.8741,459.9282
LSA,2021-10-09 02:00:00,567.6992,918.6419,86.8159,480.8834,712.8097
LSA,2021-10-09 03:00:00,751.418,988.5293,90.7965,660.6215,912.0338
LSA,2021-10-09 04:00:00,873.7229,1021.5944,92.6583,781.0646,1044.0022
LSA,2021-10-09 05:00:00,925.8894,1035.7906,91.8732,834.0162,1099.7029
LSA,2021-10-09 06:00:00,903.2773,1032.1322,90.5991,812.6782,1075.3252
LSA,2021-10-09 07:00:00,807.6523,1009.2827,88.7241,718.9282,972.5203
LSA,2021-10-09 08:00:00,647.1414,962.4351,83.8289,563.3125,798.2878
LSA,2021-10-09 09:00:00,435.5459,871.8193,73.2416,362.3043,564.4982
LSA,2021-10-09 10:00:00,194.0494,648.2996,51.1695,142.8798,287.0825
LSA,2021-10-09 11:00:00,14.2368,91.0554,7.7978,6.4389,31.3491
LSA,2021-10-09 12:00:00,0.0,0.0,0.0,0.0,0.0
LSA,2021-10-09 13:00:00,0.0,0.0,0.0,0.0,0.0
LSA,2021-10-09 14:00:00,0.0,0.0,0.0,0.0,0.0
LSA,2021-10-09 15:00:00,0.0,0.0,0.0,0.0,0.0
LSA,2021-10-09 16:00:00,0.0,0.0,0.0,0.0,0.0
LSA,2021-10-09 17:00:00,0.0,0.0,0.0,0.0,0.0
LSA,2021-10-09 18:00:00,0.0,0.0,0.0,0.0,0.0
LSA,2021-10-09 19:00:00,0.0,0.0,0.0,0.0,0.0
LSA,2021-10-09 20:00:00,0.0,0.0,0.0,0.0,0.0
LSA,2021-10-09 21:00:00,0.0,0.0,0.0,0.0,0.0
LSA,2021-10-09 22:00:00,0.0,0.0,0.0,0.0,0.0
LSA,2021-10-09 23:00:00,0.1029,0.0,0.0978,0.0051,0.3953
LSA,2021-10-10 00:00:00,100.334,425.7204,35.6109,64.7231,167.462
LSA,2021-10-10 01:00:00,341.3792,812.1203,66.7252,274.6541,456.5695
LSA,2021-10-10 02:00:00,569.9816,945.2279,78.1872,491.7944,709.198
LSA,2021-10-10 03:00:00,752.7014,1008.0107,82.3665,670.3348,908.109
LSA,2021-10-10 04:00:00,874.408,1039.9022,83.0583,791.3497,1039.726
LSA,2021-10-10 05:00:00,925.8996,1053.8979,81.3652,844.5344,1095.061
LSA,2021-10-10 06:00:00,902.7217,1051.8807,78.8229,823.8989,1070.329
LSA,2021-10-10 07:00:00,806.7953,1032.963,75.4824,731.3129,967.2055
LSA,2021-10-10 08:00:00,646.3871,992.6324,69.9106,576.4764,792.712
LSA,2021-10-10 09:00:00,434.8455,909.367,61.1668,373.6787,558.7372
LSA,2021-10-10 10:00:00,193.1005,693.3563,43.9058,149.1947,281.2246
LSA,2021-10-10 11:00:00,13.4007,100.0119,6.6991,6.7016,28.7129
LSA,2021-10-10 12:00:00,0.0,0.0,0.0,0.0,0.0
LSA,2021-10-10 13:00:00,0.0,0.0,0.0,0.0,0.0
LSA,2021-10-10 14:00:00,0.0,0.0,0.0,0.0,0.0
LSA,2021-10-10 15:00:00,0.0,0.0,0.0,0.0,0.0
LSA,2021-10-10 16:00:00,0.0,0.0,0.0,0.0,0.0
LSA,2021-10-10 17:00:00,0.0,0.0,0.0,0.0,0.0
LSA,2021-10-10 18:00:00,0.0,0.0,0.0,0.0,0.0
LSA,2021-10-10 19:00:00,0.0,0.0,0.0,0.0,0.0
LSA,2021-10-10 20:00:00,0.0,0.0,0.0,0.0,0.0
LSA,2021-10-10 21:00:00,0.0,0.0,0.0,0.0,0.0
LSA,2021-10-10 22:00:00,0.0,0.0,0.0,0.0,0.0
LSA,2021-10-10 23:00:00,0.0599,0.0,0.0584,0.0015,0.244
LSA,2021-10-11 00:00:00,91.9809,330.7256,40.9257,51.0553,164.2453
LSA,2021-10-11 01:00:00,328.8125,724.1876,85.0048,243.8077,453.1685
LSA,2021-10-11 02:00:00,558.8271,879.7184,103.4121,455.4149,705.5389
LSA,2021-10-11 03:00:00,743.2087,955.2134,111.0062,632.2025,904.136
LSA,2021-10-11 04:00:00,865.9509,993.7779,113.2379,752.713,1035.4052
LSA,2021-10-11 05:00:00,917.9814,1010.9082,111.8126,806.1688,1090.3824
LSA,2021-10-11 06:00:00,894.95,1008.2823,109.3363,785.6136,1065.3076
LSA,2021-10-11 07:00:00,798.6594,984.5831,105.7571,692.9023,961.8799
LSA,2021-10-11 08:00:00,637.0326,934.2409,98.3648,538.6677,787.1418
LSA,2021-10-11 09:00:00,423.9774,837.975,83.0006,340.9769,552.9987
LSA,2021-10-11 10:00:00,182.5634,602.4257,54.2885,128.275,275.4057
LSA,2021-10-11 11:00:00,11.3564,69.2673,6.829,4.5273,26.2584
LSA,2021-10-11 12:00:00,0.0,0.0,0.0,0.0,0.0
LSA,2021-10-11 13:00:00,0.0,0.0,0.0,0.0,0.0
LSA,2021-10-11 14:00:00,0.0,0.0,0.0,0.0,0.0
LSA,2021-10-11 15:00:00,0.0,0.0,0.0,0.0,0.0
LSA,2021-10-11 16:00:00,0.0,0.0,0.0,0.0,0.0
LSA,2021-10-11 17:00:00,0.0,0.0,0.0,0.0,0.0
LSA,2021-10-11 18:00:00,0.0,0.0,0.0,0.0,0.0
LSA,2021-10-11 19:00:00,0.0,0.0,0.0,0.0,0.0
LSA,2021-10-11 20:00:00,0.0,0.0,0.0,0.0,0.0
LSA,2021-10-11 21:00:00,0.0,0.0,0.0,0.0,0.0
LSA,2021-10-11 22:00:00,0.0,0.0,0.0,0.0,0.0
LSA,2021-10-11 23:00:00,0.0284,0.0,0.0275,0.0009,0.1117
LSA,2021-10-12 00:00:00,100.0177,467.7726,31.6098,68.4079,160.9956
LSA,2021-10-12 01:00:00,342.7713,849.8842,60.3407,282.4306,449.7257
LSA,2021-10-12 02:00:00,571.9003,971.0928,72.6096,499.2907,701.8333
LSA,2021-10-12 03:00:00,754.6111,1026.2565,78.9874,675.6237,900.1163
LSA,2021-10-12 04:00:00,875.7021,1052.4561,82.418,793.2841,1031.0416
LSA,2021-10-12 05:00:00,926.1484,1061.6541,83.654,842.4944,1085.6696
LSA,2021-10-12 06:00:00,902.1104,1056.4198,83.3569,818.7534,1060.2638
LSA,2021-10-12 07:00:00,805.389,1035.1844,81.3721,724.017,956.5464
LSA,2021-10-12 08:00:00,643.3918,990.811,76.6137,566.7781,781.5801
LSA,2021-10-12 09:00:00,430.1442,906.4547,65.723,364.4212,547.2859
LSA,2021-10-12 10:00:00,187.0849,690.8702,44.3,142.7849,269.6291
LSA,2021-10-12 11:00:00,11.2352,88.5548,5.7358,5.4994,23.9326
LSA,2021-10-12 12:00:00,0.0,0.0,0.0,0.0,0.0
LSA,2021-10-12 13:00:00,0.0,0.0,0.0,0.0,0.0
LSA,2021-10-12 14:00:00,0.0,0.0,0.0,0.0,0.0
LSA,2021-10-12 15:00:00,0.0,0.0,0.0,0.0,0.0
LSA,2021-10-12 16:00:00,0.0,0.0,0.0,0.0,0.0
LSA,2021-10-12 17:00:00,0.0,0.0,0.0,0.0,0.0
LSA,2021-10-12 18:00:00,0.0,0.0,0.0,0.0,0.0
LSA,2021-10-12 19:00:00,0.0,0.0,0.0,0.0,0.0
LSA,2021-10-12 20:00:00,0.0,0.0,0.0,0.0,0.0
LSA,2021-10-12 21:00:00,0.0,0.0,0.0,0.0,0.0
LSA,2021-10-12 22:00:00,0.0,0.0,0.0,0.0,0.0
LSA,2021-10-12 23:00:00,0.0133,0.0,0.0127,0.0006,0.0583
LSA,2021-10-13 00:00:00,101.5996,532.7389,26.4133,75.1863,157.713
LSA,2021-10-13 01:00:00,345.1889,898.1637,49.7076,295.4812,446.2415
LSA,2021-10-13 02:00:00,573.1644,1003.3846,60.5092,512.6553,698.082
LSA,2021-10-13 03:00:00,754.8348,1049.5588,67.4557,687.3792,896.0509
LSA,2021-10-13 04:00:00,875.2514,1070.2754,72.4625,802.7889,1026.6371
LSA,2021-10-13 05:00:00,925.079,1075.5691,75.7552,849.3239,1080.9243
LSA,2021-10-13 06:00:00,900.4941,1068.6162,76.7088,823.7854,1055.2
LSA,2021-10-13 07:00:00,803.3276,1047.652,75.0973,728.2303,951.208
LSA,2021-10-13 08:00:00,640.9816,1004.2646,70.9308,570.0508,776.0301
LSA,2021-10-13 09:00:00,426.8802,918.5549,61.5663,365.3138,541.602
LSA,2021-10-13 10:00:00,182.9597,694.6431,42.1458,140.8139,263.898
LSA,2021-10-13 11:00:00,10.0487,82.3565,5.1587,4.89,21.7337
LSA,2021-10-13 12:00:00,0.0,0.0,0.0,0.0,0.0
LSA,2021-10-13 13:00:00,0.0,0.0,0.0,0.0,0.0
LSA,2021-10-13 14:00:00,0.0,0.0,0.0,0.0,0.0
LSA,2021-10-13 15:00:00,0.0,0.0,0.0,0.0,0.0
LSA,2021-10-13 16:00:00,0.0,0.0,0.0,0.0,0.0
LSA,2021-10-13 17:00:00,0.0,0.0,0.0,0.0,0.0
LSA,2021-10-13 18:00:00,0.0,0.0,0.0,0.0,0.0
LSA,2021-10-13 19:00:00,0.0,0.0,0.0,0.0,0.0
LSA,2021-10-13 20:00:00,0.0,0.0,0.0,0.0,0.0
LSA,2021-10-13 21:00:00,0.0,0.0,0.0,0.0,0.0
LSA,2021-10-13 22:00:00,0.0,0.0,0.0,0.0,0.0
LSA,2021-10-13 23:00:00,0.0,0.0,0.0,0.0,0.0
LSA,2021-10-14 00:00:00,97.4771,491.1541,27.9463,69.5308,154.3974
LSA,2021-10-14 01:00:00,340.3484,879.1662,53.2451,287.1033,442.7162
LSA,2021-10-14 02:00:00,569.0898,994.5754,63.8743,505.2155,694.2858
LSA,2021-10-14 03:00:00,751.4058,1046.0344,69.8198,681.586,891.9413
LSA,2021-10-14 04:00:00,872.1573,1069.9141,73.5472,798.6101,1022.1934
LSA,2021-10-14 05:00:00,922.1987,1077.7039,75.4232,846.7756,1076.1492
LSA,2021-10-14 06:00:00,897.5033,1072.0347,75.5253,821.978,1050.1188
LSA,2021-10-14 07:00:00,799.9659,1051.3318,73.6909,726.275,945.8676
LSA,2021-10-14 08:00:00,637.3135,1008.3133,69.3688,567.9447,770.4951
LSA,2021-10-14 09:00:00,423.2202,924.6702,59.5705,363.6498,535.9503
LSA,2021-10-14 10:00:00,179.6729,703.7532,40.0814,139.5915,258.2157
LSA,2021-10-14 11:00:00,9.1077,79.5493,4.6086,4.4991,19.6602
LSA,2021-10-14 12:00:00,0.0,0.0,0.0,0.0,0.0
LSA,2021-10-14 13:00:00,0.0,0.0,0.0,0.0,0.0
LSA,2021-10-14 14:00:00,0.0,0.0,0.0,0.0,0.0
LSA,2021-10-14 15:00:00,0.0,0.0,0.0,0.0,0.0
LSA,2021-10-14 16:00:00,0.0,0.0,0.0,0.0,0.0
LSA,2021-10-14 17:00:00,0.0,0.0,0.0,0.0,0.0
LSA,2021-10-14 18:00:00,0.0,0.0,0.0,0.0,0.0
LSA,2021-10-14 19:00:00,0.0,0.0,0.0,0.0,0.0
LSA,2021-10-14 20:00:00,0.0,0.0,0.0,0.0,0.0
LSA,2021-10-14 21:00:00,0.0,0.0,0.0,0.0,0.0
LSA,2021-10-14 22:00:00,0.0,0.0,0.0,0.0,0.0
LSA,2021-10-14 23:00:00,0.0,0.0,0.0,0.0,0.0
LSA,2021-10-15 00:00:00,91.1325,419.9579,31.387,59.7455,151.0137
LSA,2021-10-15 01:00:00,330.0893,820.6139,63.8772,266.2121,439.1505
LSA,2021-10-15 02:00:00,557.9803,949.7872,78.2735,479.7069,690.4457
LSA,2021-10-15 03:00:00,740.6813,1013.4672,83.5967,657.0846,887.7889
LSA,2021-10-15 04:00:00,862.7877,1050.1205,82.7613,780.0264,1017.7125
LSA,2021-10-15 05:00:00,914.3994,1068.1396,79.3446,835.0548,1071.3464
LSA,2021-10-15 06:00:00,891.2834,1069.7119,75.5435,815.7399,1045.0232
LSA,2021-10-15 07:00:00,795.2062,1054.2277,71.4946,723.7116,940.5283
LSA,2021-10-15 08:00:00,633.938,1017.4859,65.3407,568.5974,764.9782
LSA,2021-10-15 09:00:00,419.9038,935.7829,55.8838,364.02,530.3341
LSA,2021-10-15 10:00:00,175.7214,707.4687,38.1616,137.5599,252.5853
LSA,2021-10-15 11:00:00,8.1043,74.051,4.1138,3.9905,17.71
LSA,2021-10-15 12:00:00,0.0,0.0,0.0,0.0,0.0
LSA,2021-10-15 13:00:00,0.0,0.0,0.0,0.0,0.0
LSA,2021-10-15 14:00:00,0.0,0.0,0.0,0.0,0.0
LSA,2021-10-15 15:00:00,0.0,0.0,0.0,0.0,0.0
LSA,2021-10-15 16:00:00,0.0,0.0,0.0,0.0,0.0
LSA,2021-10-15 17:00:00,0.0,0.0,0.0,0.0,0.0
LSA,2021-10-15 18:00:00,0.0,0.0,0.0,0.0,0.0
LSA,2021-10-15 19:00:00,0.0,0.0,0.0,0.0,0.0
LSA,2021-10-15 20:00:00,0.0,0.0,0.0,0.0,0.0
LSA,2021-10-15 21:00:00,0.0,0.0,0.0,0.0,0.0
LSA,2021-10-15 22:00:00,0.0,0.0,0.0,0.0,0.0
LSA,2021-10-15 23:00:00,0.0,0.0,0.0,0.0,0.0
LSA,2021-10-16 00:00:00,92.1287,466.3984,27.5083,64.6204,147.6874
LSA,2021-10-16 01:00:00,332.4493,865.3942,54.5789,277.8704,435.5446
LSA,2021-10-16 02:00:00,559.4919,982.7389,66.3676,493.1243,686.5624
LSA,2021-10-16 03:00:00,740.2336,1035.0669,72.8348,667.3988,883.5949
LSA,2021-10-16 04:00:00,859.6307,1059.7383,76.453,783.1777,1013.1962
LSA,2021-10-16 05:00:00,908.4927,1067.623,78.0757,830.4171,1066.5183
LSA,2021-10-16 06:00:00,883.0713,1062.1488,77.4895,805.5817,1039.9158
LSA,2021-10-16 07:00:00,785.4938,1042.0367,74.5588,710.935,935.1932
LSA,2021-10-16 08:00:00,623.3984,999.3129,69.1707,554.2277,759.4828
LSA,2021-10-16 09:00:00,410.4972,912.6401,59.2947,351.2025,524.7569
LSA,2021-10-16 10:00:00,169.0014,676.5886,39.6842,129.3172,247.0104
LSA,2021-10-16 11:00:00,7.0078,61.3045,3.8457,3.1621,15.8811
LSA,2021-10-16 12:00:00,0.0,0.0,0.0,0.0,0.0
LSA,2021-10-16 13:00:00,0.0,0.0,0.0,0.0,0.0
LSA,2021-10-16 14:00:00,0.0,0.0,0.0,0.0,0.0
LSA,2021-10-16 15:00:00,0.0,0.0,0.0,0.0,0.0
LSA,2021-10-16 16:00:00,0.0,0.0,0.0,0.0,0.0
LSA,2021-10-16 17:00:00,0.0,0.0,0.0,0.0,0.0
LSA,2021-10-16 18:00:00,0.0,0.0,0.0,0.0,0.0
LSA,2021-10-16 19:00:00,0.0,0.0,0.0,0.0,0.0
LSA,2021-10-16 20:00:00,0.0,0.0,0.0,0.0,0.0
LSA,2021-10-16 21:00:00,0.0,0.0,0.0,0.0,0.0
LSA,2021-10-16 22:00:00,0.0,0.0,0.0,0.0,0.0
LSA,2021-10-16 23:00:00,0.0,0.0,0.0,0.0,0.0
LSA,2021-10-17 00:00:00,88.7809,453.3614,26.6091,62.1719,144.3183
LSA,2021-10-17 01:00:00,326.1918,853.9317,54.4078,271.784,431.8989
LSA,2021-10-17 02:00:00,551.728,970.2461,67.9199,483.8081,682.6369
LSA,2021-10-17 03:00:00,731.5836,1022.1816,76.0119,655.5717,879.3608
LSA,2021-10-17 04:00:00,850.308,1046.5481,80.782,769.526,1008.6463
LSA,2021-10-17 05:00:00,898.8185,1053.6381,83.4618,815.3567,1061.6675
LSA,2021-10-17 06:00:00,873.0601,1046.694,83.5366,789.5235,1034.7993
LSA,2021-10-17 07:00:00,775.0592,1023.9116,80.8204,694.2388,929.8654
LSA,2021-10-17 08:00:00,612.7995,976.6146,75.264,537.5355,754.0122
LSA,2021-10-17 09:00:00,400.0748,882.7294,63.9284,336.1464,519.222
LSA,2021-10-17 10:00:00,160.4981,632.4237,41.3933,119.1048,241.4941
LSA,2021-10-17 11:00:00,5.8699,47.8426,3.5095,2.3605,14.1712
LSA,2021-10-17 12:00:00,0.0,0.0,0.0,0.0,0.0
LSA,2021-10-17 13:00:00,0.0,0.0,0.0,0.0,0.0
LSA,2021-10-17 14:00:00,0.0,0.0,0.0,0.0,0.0
LSA,2021-10-17 15:00:00,0.0,0.0,0.0,0.0,0.0
LSA,2021-10-17 16:00:00,0.0,0.0,0.0,0.0,0.0
LSA,2021-10-17 17:00:00,0.0,0.0,0.0,0.0,0.0
LSA,2021-10-17 18:00:00,0.0,0.0,0.0,0.0,0.0
LSA,2021-10-17 19:00:00,0.0,0.0,0.0,0.0,0.0
LSA,2021-10-17 20:00:00,0.0,0.0,0.0,0.0,0.0
LSA,2021-10-17 21:00:00,0.0,0.0,0.0,0.0,0.0
LSA,2021-10-17 22:00:00,0.0,0.0,0.0,0.0,0.0
LSA,2021-10-17 23:00:00,0.0,0.0,0.0,0.0,0.0
LSA,2021-10-18 00:00:00,85.0743,442.1812,25.154,59.9203,140.9435
LSA,2021-10-18 01:00:00,319.149,852.4461,50.1613,268.9878,428.2138
LSA,2021-10-18 02:00:00,542.5042,974.0802,59.8164,482.6878,678.67
LSA,2021-10-18 03:00:00,720.4966,1027.2766,65.2357,655.2609,875.088
LSA,2021-10-18 04:00:00,837.8068,1050.9272,68.9989,768.8078,1004.0649
LSA,2021-10-18 05:00:00,885.6774,1058.1675,71.0246,814.6529,1056.796
LSA,2021-10-18 06:00:00,860.472,1052.4431,70.9873,789.4848,1029.6769
LSA,2021-10-18 07:00:00,764.1085,1032.0071,68.7928,695.3157,924.548
LSA,2021-10-18 08:00:00,603.9835,988.2801,64.3112,539.6723,748.5698
LSA,2021-10-18 09:00:00,393.6744,900.426,54.7552,338.9192,513.7328
LSA,2021-10-18 10:00:00,156.7755,660.7248,35.5369,121.2387,236.0398
LSA,2021-10-18 11:00:00,5.2166,50.3637,2.8739,2.3426,12.5779
LSA,2021-10-18 12:00:00,0.0,0.0,0.0,0.0,0.0
LSA,2021-10-18 13:00:00,0.0,0.0,0.0,0.0,0.0
LSA,2021-10-18 14:00:00,0.0,0.0,0.0,0.0,0.0
LSA,2021-10-18 15:00:00,0.0,0.0,0.0,0.0,0.0
LSA,2021-10-18 16:00:00,0.0,0.0,0.0,0.0,0.0
LSA,2021-10-18 17:00:00,0.0,0.0,0.0,0.0,0.0
LSA,2021-10-18 18:00:00,0.0,0.0,0.0,0.0,0.0
LSA,2021-10-18 19:00:00,0.0,0.0,0.0,0.0,0.0
LSA,2021-10-18 20:00:00,0.0,0.0,0.0,0.0,0.0
LSA,2021-10-18 21:00:00,0.0,0.0,0.0,0.0,0.0
LSA,2021-10-18 22:00:00,0.0,0.0,0.0,0.0,0.0
LSA,2021-10-18 23:00:00,0.0,0.0,0.0,0.0,0.0
LSA,2021-10-19 00:00:00,85.703,509.5624,19.3681,66.3349,137.6326
LSA,2021-10-19 01:00:00,318.378,899.947,37.5939,280.784,424.4897
LSA,2021-10-19 02:00:00,538.719,1003.982,44.6143,494.1046,674.6626
LSA,2021-10-19 03:00:00,714.0258,1047.0068,49.9306,664.0952,870.778
LSA,2021-10-19 04:00:00,829.2192,1063.3965,55.3236,773.8956,999.4538
LSA,2021-10-19 05:00:00,875.5573,1065.4375,59.5569,816.0004,1051.9066
LSA,2021-10-19 06:00:00,849.5055,1056.8041,61.1261,788.3794,1024.5511
LSA,2021-10-19 07:00:00,753.0532,1035.4165,59.8181,693.2351,919.2443
LSA,2021-10-19 08:00:00,593.5958,991.2606,56.4996,537.0962,743.1589
LSA,2021-10-19 09:00:00,385.2213,904.6507,48.5342,336.6871,508.293
LSA,2021-10-19 10:00:00,151.4556,667.4322,31.7469,119.7086,230.651
LSA,2021-10-19 11:00:00,4.5128,48.092,2.3931,2.1197,11.0985
LSA,2021-10-19 12:00:00,0.0,0.0,0.0,0.0,0.0
LSA,2021-10-19 13:00:00,0.0,0.0,0.0,0.0,0.0
LSA,2021-10-19 14:00:00,0.0,0.0,0.0,0.0,0.0
LSA,2021-10-19 15:00:00,0.0,0.0,0.0,0.0,0.0
LSA,2021-10-19 16:00:00,0.0,0.0,0.0,0.0,0.0
LSA,2021-10-19 17:00:00,0.0,0.0,0.0,0.0,0.0
LSA,2021-10-19 18:00:00,0.0,0.0,0.0,0.0,0.0
LSA,2021-10-19 19:00:00,0.0,0.0,0.0,0.0,0.0
LSA,2021-10-19 20:00:00,0.0,0.0,0.0,0.0,0.0
LSA,2021-10-19 21:00:00,0.0,0.0,0.0,0.0,0.0
LSA,2021-10-19 22:00:00,0.0,0.0,0.0,0.0,0.0
LSA,2021-10-19 23:00:00,0.0,0.0,0.0,0.0,0.0
LSA,2021-10-20 00:00:00,78.3913,399.889,25.0609,53.3304,134.2789
LSA,2021-10-20 01:00:00,307.2305,818.9594,53.3205,253.9099,420.7271
LSA,2021-10-20 02:00:00,527.9865,945.0715,65.6677,462.3188,670.6157
LSA,2021-10-20 03:00:00,704.2991,999.7559,73.5777,630.7214,866.4321
LSA,2021-10-20 04:00:00,820.6338,1023.3312,79.7293,740.9044,994.8152
LSA,2021-10-20 05:00:00,867.9447,1029.0795,83.8943,784.0504,1047.0018
LSA,2021-10-20 06:00:00,842.888,1022.9066,84.0393,758.8486,1019.4251
LSA,2021-10-20 07:00:00,747.3243,1003.0209,80.0009,667.3234,913.9576
LSA,2021-10-20 08:00:00,588.2401,957.834,73.2279,515.0121,737.783
LSA,2021-10-20 09:00:00,378.604,861.2376,61.234,317.37,502.9057
LSA,2021-10-20 10:00:00,143.9173,592.4844,38.3381,105.5792,225.331
LSA,2021-10-20 11:00:00,3.6339,29.5319,2.3842,1.2497,9.7301
LSA,2021-10-20 12:00:00,0.0,0.0,0.0,0.0,0.0
LSA,2021-10-20 13:00:00,0.0,0.0,0.0,0.0,0.0
LSA,2021-10-20 14:00:00,0.0,0.0,0.0,0.0,0.0
LSA,2021-10-20 15:00:00,0.0,0.0,0.0,0.0,0.0
LSA,2021-10-20 16:00:00,0.0,0.0,0.0,0.0,0.0
LSA,2021-10-20 17:00:00,0.0,0.0,0.0,0.0,0.0
LSA,2021-10-20 18:00:00,0.0,0.0,0.0,0.0,0.0
LSA,2021-10-20 19:00:00,0.0,0.0,0.0,0.0,0.0
LSA,2021-10-20 20:00:00,0.0,0.0,0.0,0.0,0.0
LSA,2021-10-20 21:00:00,0.0,0.0,0.0,0.0,0.0
LSA,2021-10-20 22:00:00,0.0,0.0,0.0,0.0,0.0
LSA,2021-10-20 23:00:00,0.0,0.0,0.0,0.0,0.0
LSA,2021-10-21 00:00:00,79.6631,435.0193,23.1688,56.4943,130.9238
LSA,2021-10-21 01:00:00,313.7209,864.8487,48.3594,265.3614,416.9263
LSA,2021-10-21 02:00:00,538.5773,988.413,58.3304,480.2469,666.5302
LSA,2021-10-21 03:00:00,718.4181,1043.6897,63.6552,654.7629,862.052
LSA,2021-10-21 04:00:00,837.7864,1070.6011,66.6942,771.0922,990.1511
LSA,2021-10-21 05:00:00,887.5169,1081.342,67.9619,819.5551,1042.084
LSA,2021-10-21 06:00:00,862.7995,1078.4531,67.2049,795.5945,1014.3018
LSA,2021-10-21 07:00:00,765.4737,1060.5789,64.3477,701.126,908.6911
LSA,2021-10-21 08:00:00,603.6906,1020.4709,59.4022,544.2885,732.4456
LSA,2021-10-21 09:00:00,389.6518,929.0103,51.316,338.3358,497.5747
LSA,2021-10-21 10:00:00,148.2076,659.3284,33.9881,114.2195,220.0831
LSA,2021-10-21 11:00:00,3.4015,33.8263,2.0523,1.3492,8.4697
LSA,2021-10-21 12:00:00,0.0,0.0,0.0,0.0,0.0
LSA,2021-10-21 13:00:00,0.0,0.0,0.0,0.0,0.0
LSA,2021-10-21 14:00:00,0.0,0.0,0.0,0.0,0.0
LSA,2021-10-21 15:00:00,0.0,0.0,0.0,0.0,0.0
LSA,2021-10-21 16:00:00,0.0,0.0,0.0,0.0,0.0
LSA,2021-10-21 17:00:00,0.0,0.0,0.0,0.0,0.0
LSA,2021-10-21 18:00:00,0.0,0.0,0.0,0.0,0.0
LSA,2021-10-21 19:00:00,0.0,0.0,0.0,0.0,0.0
LSA,2021-10-21 20:00:00,0.0,0.0,0.0,0.0,0.0
LSA,2021-10-21 21:00:00,0.0,0.0,0.0,0.0,0.0
LSA,2021-10-21 22:00:00,0.0,0.0,0.0,0.0,0.0
LSA,2021-10-21 23:00:00,0.0,0.0,0.0,0.0,0.0
LSA,2021-10-22 00:00:00,74.6953,355.8929,27.9191,46.7762,127.6341
LSA,2021-10-22 01:00:00,306.85,799.1901,63.293,243.557,413.0879
LSA,2021-10-22 02:00:00,533.0754,942.5213,77.9742,455.1012,662.4072
LSA,2021-10-22 03:00:00,714.5086,1012.4659,82.7543,631.7543,857.6392
LSA,2021-10-22 04:00:00,835.3033,1052.8751,80.916,754.3874,985.4636
LSA,2021-10-22 05:00:00,885.6528,1073.4653,76.3488,809.304,1037.156
LSA,2021-10-22 06:00:00,861.3144,1076.2655,71.7789,789.5355,1009.1841
LSA,2021-10-22 07:00:00,764.2036,1060.8567,67.34,696.8635,903.4481
LSA,2021-10-22 08:00:00,602.3524,1023.4179,60.766,541.5864,727.1501
LSA,2021-10-22 09:00:00,388.8578,937.5904,51.3284,337.5294,492.3033
LSA,2021-10-22 10:00:00,147.217,674.2844,33.1893,114.0277,214.9106
LSA,2021-10-22 11:00:00,3.006,32.1641,1.7855,1.2205,7.3141
LSA,2021-10-22 12:00:00,0.0,0.0,0.0,0.0,0.0
LSA,2021-10-22 13:00:00,0.0,0.0,0.0,0.0,0.0
LSA,2021-10-22 14:00:00,0.0,0.0,0.0,0.0,0.0
LSA,2021-10-22 15:00:00,0.0,0.0,0.0,0.0,0.0
LSA,2021-10-22 16:00:00,0.0,0.0,0.0,0.0,0.0
LSA,2021-10-22 17:00:00,0.0,0.0,0.0,0.0,0.0
LSA,2021-10-22 18:00:00,0.0,0.0,0.0,0.0,0.0
LSA,2021-10-22 19:00:00,0.0,0.0,0.0,0.0,0.0
LSA,2021-10-22 20:00:00,0.0,0.0,0.0,0.0,0.0
LSA,2021-10-22 21:00:00,0.0,0.0,0.0,0.0,0.0
LSA,2021-10-22 22:00:00,0.0,0.0,0.0,0.0,0.0
LSA,2021-10-22 23:00:00,0.0,0.0,0.0,0.0,0.0
LSA,2021-10-23 00:00:00,80.1119,473.983,21.0065,59.1054,124.3073
LSA,2021-10-23 01:00:00,319.4335,915.8209,44.2308,275.2027,409.2124
LSA,2021-10-23 02:00:00,546.8491,1030.71,52.9413,493.9078,658.2478
LSA,2021-10-23 03:00:00,726.5217,1077.0537,58.6099,667.9117,853.1954
LSA,2021-10-23 04:00:00,843.3344,1094.3077,63.5453,779.7891,980.7548
LSA,2021-10-23 05:00:00,889.157,1096.4006,66.9531,822.204,1032.2203
LSA,2021-10-23 06:00:00,861.9916,1089.9786,66.8697,795.1219,1004.0753
LSA,2021-10-23 07:00:00,763.9343,1073.5055,63.2048,700.7296,898.2319
LSA,2021-10-23 08:00:00,601.1014,1035.1461,57.5492,543.5523,721.9
LSA,2021-10-23 09:00:00,386.2922,947.3627,48.9867,337.3055,487.0949
LSA,2021-10-23 10:00:00,143.8354,677.5432,31.6241,112.2113,209.8169
LSA,2021-10-23 11:00:00,2.5331,28.3081,1.5062,1.0269,6.2598
LSA,2021-10-23 12:00:00,0.0,0.0,0.0,0.0,0.0
LSA,2021-10-23 13:00:00,0.0,0.0,0.0,0.0,0.0
LSA,2021-10-23 14:00:00,0.0,0.0,0.0,0.0,0.0
LSA,2021-10-23 15:00:00,0.0,0.0,0.0,0.0,0.0
LSA,2021-10-23 16:00:00,0.0,0.0,0.0,0.0,0.0
LSA,2021-10-23 17:00:00,0.0,0.0,0.0,0.0,0.0
LSA,2021-10-23 18:00:00,0.0,0.0,0.0,0.0,0.0
LSA,2021-10-23 19:00:00,0.0,0.0,0.0,0.0,0.0
LSA,2021-10-23 20:00:00,0.0,0.0,0.0,0.0,0.0
LSA,2021-10-23 21:00:00,0.0,0.0,0.0,0.0,0.0
LSA,2021-10-23 22:00:00,0.0,0.0,0.0,0.0,0.0
LSA,2021-10-23 23:00:00,0.0,0.0,0.0,0.0,0.0
LSA,2021-10-24 00:00:00,75.9944,453.4402,20.0968,55.8976,120.9838
LSA,2021-10-24 01:00:00,310.3083,895.1198,43.9481,266.3602,405.3005
LSA,2021-10-24 02:00:00,534.6217,1009.9407,53.9878,480.6339,654.0531
LSA,2021-10-24 03:00:00,713.0618,1060.2727,59.2734,653.7885,848.7224
LSA,2021-10-24 04:00:00,830.3293,1084.3888,61.7122,768.6171,976.0272
LSA,2021-10-24 05:00:00,877.3408,1092.3969,62.4945,814.8464,1027.2798
LSA,2021-10-24 06:00:00,850.6242,1087.1682,61.9879,788.6363,998.9783
LSA,2021-10-24 07:00:00,752.284,1067.1023,60.0918,692.1921,893.0458
LSA,2021-10-24 08:00:00,589.8694,1024.2546,56.1187,533.7506,716.6986
LSA,2021-10-24 09:00:00,377.1157,934.2156,48.1469,328.9688,481.953
LSA,2021-10-24 10:00:00,138.1649,662.9849,30.5308,107.6341,204.8051
LSA,2021-10-24 11:00:00,2.0725,23.3113,1.2585,0.814,5.3031
LSA,2021-10-24 12:00:00,0.0,0.0,0.0,0.0,0.0
LSA,2021-10-24 13:00:00,0.0,0.0,0.0,0.0,0.0
LSA,2021-10-24 14:00:00,0.0,0.0,0.0,0.0,0.0
LSA,2021-10-24 15:00:00,0.0,0.0,0.0,0.0,0.0
LSA,2021-10-24 16:00:00,0.0,0.0,0.0,0.0,0.0
LSA,2021-10-24 17:00:00,0.0,0.0,0.0,0.0,0.0
LSA,2021-10-24 18:00:00,0.0,0.0,0.0,0.0,0.0
LSA,2021-10-24 19:00:00,0.0,0.0,0.0,0.0,0.0
LSA,2021-10-24 20:00:00,0.0,0.0,0.0,0.0,0.0
LSA,2021-10-24 21:00:00,0.0,0.0,0.0,0.0,0.0
LSA,2021-10-24 22:00:00,0.0,0.0,0.0,0.0,0.0
LSA,2021-10-24 23:00:00,0.0,0.0,0.0,0.0,0.0
LSA,2021-10-25 00:00:00,73.3917,440.99,20.0858,53.3059,117.7227
LSA,2021-10-25 01:00:00,305.489,878.5113,46.7134,258.7756,401.353
LSA,2021-10-25 02:00:00,528.7495,991.1887,60.3438,468.4057,649.8246
LSA,2021-10-25 03:00:00,706.7758,1040.6398,68.8318,637.9441,844.2219
LSA,2021-10-25 04:00:00,823.9868,1063.9019,73.9634,750.0234,971.2831
LSA,2021-10-25 05:00:00,870.912,1069.8008,77.1861,793.726,1022.3371
LSA,2021-10-25 06:00:00,844.6891,1065.3279,76.2543,768.4348,993.8962
LSA,2021-10-25 07:00:00,747.3232,1049.0696,71.1383,676.1849,887.8933
LSA,2021-10-25 08:00:00,585.5659,1009.076,63.7961,521.7698,711.5494
LSA,2021-10-25 09:00:00,372.7016,917.799,52.9354,319.7663,476.8809
LSA,2021-10-25 10:00:00,133.696,632.9778,32.3957,101.3003,199.8785
LSA,2021-10-25 11:00:00,1.6654,16.4808,1.1088,0.5566,4.4403
LSA,2021-10-25 12:00:00,0.0,0.0,0.0,0.0,0.0
LSA,2021-10-25 13:00:00,0.0,0.0,0.0,0.0,0.0
LSA,2021-10-25 14:00:00,0.0,0.0,0.0,0.0,0.0
LSA,2021-10-25 15:00:00,0.0,0.0,0.0,0.0,0.0
LSA,2021-10-25 16:00:00,0.0,0.0,0.0,0.0,0.0
LSA,2021-10-25 17:00:00,0.0,0.0,0.0,0.0,0.0
LSA,2021-10-25 18:00:00,0.0,0.0,0.0,0.0,0.0
LSA,2021-10-25 19:00:00,0.0,0.0,0.0,0.0,0.0
LSA,2021-10-25 20:00:00,0.0,0.0,0.0,0.0,0.0
LSA,2021-10-25 21:00:00,0.0,0.0,0.0,0.0,0.0
LSA,2021-10-25 22:00:00,0.0,0.0,0.0,0.0,0.0
LSA,2021-10-25 23:00:00,0.0,0.0,0.0,0.0,0.0
LSA,2021-10-26 00:00:00,72.4987,445.6376,19.3685,53.1301,114.436
LSA,2021-10-26 01:00:00,306.5027,900.4074,44.0233,262.4794,397.3708
LSA,2021-10-26 02:00:00,531.0565,1015.6288,54.5005,476.5561,645.5635
LSA,2021-10-26 03:00:00,709.3141,1063.765,61.0734,648.2407,839.696
LSA,2021-10-26 04:00:00,826.1769,1084.4703,65.8139,760.363,966.5247
LSA,2021-10-26 05:00:00,872.5472,1089.0304,68.8872,803.66,1017.3951
LSA,2021-10-26 06:00:00,845.486,1082.6869,68.9093,776.5767,988.8323
LSA,2021-10-26 07:00:00,747.0691,1063.6942,65.7488,681.3203,882.7776
LSA,2021-10-26 08:00:00,584.2449,1021.0159,60.325,523.92,706.4559
LSA,2021-10-26 09:00:00,370.2357,925.233,51.3217,318.914,471.8819
LSA,2021-10-26 10:00:00,130.4417,626.8173,31.8256,98.6161,195.0401
LSA,2021-10-26 11:00:00,1.3411,12.2687,0.9313,0.4097,3.6672
LSA,2021-10-26 12:00:00,0.0,0.0,0.0,0.0,0.0
LSA,2021-10-26 13:00:00,0.0,0.0,0.0,0.0,0.0
LSA,2021-10-26 14:00:00,0.0,0.0,0.0,0.0,0.0
LSA,2021-10-26 15:00:00,0.0,0.0,0.0,0.0,0.0
LSA,2021-10-26 16:00:00,0.0,0.0,0.0,0.0,0.0
LSA,2021-10-26 17:00:00,0.0,0.0,0.0,0.0,0.0
LSA,2021-10-26 18:00:00,0.0,0.0,0.0,0.0,0.0
LSA,2021-10-26 19:00:00,0.0,0.0,0.0,0.0,0.0
LSA,2021-10-26 20:00:00,0.0,0.0,0.0,0.0,0.0
LSA,2021-10-26 21:00:00,0.0,0.0,0.0,0.0,0.0
LSA,2021-10-26 22:00:00,0.0,0.0,0.0,0.0,0.0
LSA,2021-10-26 23:00:00,0.0,0.0,0.0,0.0,0.0
LSA,2021-10-27 00:00:00,70.6732,444.4042,18.5137,52.1595,111.1583
LSA,2021-10-27 01:00:00,304.0327,905.8607,42.768,261.2646,393.3548
LSA,2021-10-27 02:00:00,528.6422,1020.7316,53.1294,475.5128,641.2715
LSA,2021-10-27 03:00:00,706.6752,1065.7822,61.12,645.5552,835.1467
LSA,2021-10-27 04:00:00,822.9296,1081.3514,68.9179,754.0117,961.7548
LSA,2021-10-27 05:00:00,868.6975,1081.474,74.909,793.7885,1012.4568
LSA,2021-10-27 06:00:00,841.1129,1072.0975,76.4485,764.6644,983.7897
LSA,2021-10-27 07:00:00,742.2374,1050.8348,73.3461,668.8914,877.7021
LSA,2021-10-27 08:00:00,578.8714,1004.0572,67.5081,511.3633,701.4213
LSA,2021-10-27 09:00:00,364.7318,904.6419,56.2311,308.5007,466.9593
LSA,2021-10-27 10:00:00,125.9834,599.3381,33.0976,92.8858,190.2928
LSA,2021-10-27 11:00:00,1.0512,7.8905,0.7813,0.2699,2.9798
LSA,2021-10-27 12:00:00,0.0,0.0,0.0,0.0,0.0
LSA,2021-10-27 13:00:00,0.0,0.0,0.0,0.0,0.0
LSA,2021-10-27 14:00:00,0.0,0.0,0.0,0.0,0.0
LSA,2021-10-27 15:00:00,0.0,0.0,0.0,0.0,0.0
LSA,2021-10-27 16:00:00,0.0,0.0,0.0,0.0,0.0
LSA,2021-10-27 17:00:00,0.0,0.0,0.0,0.0,0.0
LSA,2021-10-27 18:00:00,0.0,0.0,0.0,0.0,0.0
LSA,2021-10-27 19:00:00,0.0,0.0,0.0,0.0,0.0
LSA,2021-10-27 20:00:00,0.0,0.0,0.0,0.0,0.0
LSA,2021-10-27 21:00:00,0.0,0.0,0.0,0.0,0.0
LSA,2021-10-27 22:00:00,0.0,0.0,0.0,0.0,0.0
LSA,2021-10-27 23:00:00,0.0,0.0,0.0,0.0,0.0
LSA,2021-10-28 00:00:00,68.6383,438.574,18.1624,50.4759,107.9354
LSA,2021-10-28 01:00:00,301.7927,908.0989,42.6282,259.1645,389.3063
LSA,2021-10-28 02:00:00,527.2123,1025.5244,52.9116,474.3007,636.9502
LSA,2021-10-28 03:00:00,706.0204,1071.4344,60.9293,645.0911,830.576
LSA,2021-10-28 04:00:00,822.8703,1087.2235,68.9247,753.9456,956.9759
LSA,2021-10-28 05:00:00,869.0742,1087.5731,75.1127,793.9614,1007.5251
LSA,2021-10-28 06:00:00,841.7354,1079.0942,76.4135,765.3219,978.7716
LSA,2021-10-28 07:00:00,742.8503,1059.4756,72.6913,670.159,872.6702
LSA,2021-10-28 08:00:00,579.1109,1014.5255,66.3741,512.7368,696.449
LSA,2021-10-28 09:00:00,363.218,909.3383,56.2456,306.9724,462.1162
LSA,2021-10-28 10:00:00,122.4584,579.002,33.7216,88.7367,185.6397
LSA,2021-10-28 11:00:00,0.8045,4.377,0.6375,0.1671,2.3735
LSA,2021-10-28 12:00:00,0.0,0.0,0.0,0.0,0.0
LSA,2021-10-28 13:00:00,0.0,0.0,0.0,0.0,0.0
LSA,2021-10-28 14:00:00,0.0,0.0,0.0,0.0,0.0
LSA,2021-10-28 15:00:00,0.0,0.0,0.0,0.0,0.0
LSA,2021-10-28 16:00:00,0.0,0.0,0.0,0.0,0.0
LSA,2021-10-28 17:00:00,0.0,0.0,0.0,0.0,0.0
LSA,2021-10-28 18:00:00,0.0,0.0,0.0,0.0,0.0
LSA,2021-10-28 19:00:00,0.0,0.0,0.0,0.0,0.0
LSA,2021-10-28 20:00:00,0.0,0.0,0.0,0.0,0.0
LSA,2021-10-28 21:00:00,0.0,0.0,0.0,0.0,0.0
LSA,2021-10-28 22:00:00,0.0,0.0,0.0,0.0,0.0
LSA,2021-10-28 23:00:00,0.0,0.0,0.0,0.0,0.0
LSA,2021-10-29 00:00:00,64.8672,383.3542,20.5305,44.3367,104.705
LSA,2021-10-29 01:00:00,295.659,867.9553,50.1844,245.4746,385.2265
LSA,2021-10-29 02:00:00,520.7017,997.869,62.4583,458.2434,632.6014
LSA,2021-10-29 03:00:00,699.3638,1051.8542,69.7889,629.5749,825.9865
LSA,2021-10-29 04:00:00,816.537,1075.4031,74.8681,741.6688,952.1906
LSA,2021-10-29 05:00:00,862.8782,1081.0585,77.9327,784.9455,1002.6031
LSA,2021-10-29 06:00:00,834.1557,1069.4946,79.8551,754.3006,973.7813
LSA,2021-10-29 07:00:00,732.6279,1037.7872,80.1526,652.4753,867.685
LSA,2021-10-29 08:00:00,566.8035,976.6224,76.6746,490.1289,691.5422
LSA,2021-10-29 09:00:00,353.0306,870.3805,62.5706,290.46,457.3558
LSA,2021-10-29 10:00:00,117.9062,564.2231,33.504,84.4022,181.0834
LSA,2021-10-29 11:00:00,0.6135,2.2383,0.4893,0.1241,1.8439
LSA,2021-10-29 12:00:00,0.0,0.0,0.0,0.0,0.0
LSA,2021-10-29 13:00:00,0.0,0.0,0.0,0.0,0.0
LSA,2021-10-29 14:00:00,0.0,0.0,0.0,0.0,0.0
LSA,2021-10-29 15:00:00,0.0,0.0,0.0,0.0,0.0
LSA,2021-10-29 16:00:00,0.0,0.0,0.0,0.0,0.0
LSA,2021-10-29 17:00:00,0.0,0.0,0.0,0.0,0.0
LSA,2021-10-29 18:00:00,0.0,0.0,0.0,0.0,0.0
LSA,2021-10-29 19:00:00,0.0,0.0,0.0,0.0,0.0
LSA,2021-10-29 20:00:00,0.0,0.0,0.0,0.0,0.0
LSA,2021-10-29 21:00:00,0.0,0.0,0.0,0.0,0.0
LSA,2021-10-29 22:00:00,0.0,0.0,0.0,0.0,0.0
LSA,2021-10-29 23:00:00,0.0,0.0,0.0,0.0,0.0
LSA,2021-10-30 00:00:00,63.5737,411.9524,17.3564,46.2174,101.4902
LSA,2021-10-30 01:00:00,292.7839,896.7963,42.2943,250.4896,381.1169
LSA,2021-10-30 02:00:00,515.962,1017.3132,52.3489,463.6131,628.2272
LSA,2021-10-30 03:00:00,693.4893,1067.6448,58.3777,635.1116,821.3804
LSA,2021-10-30 04:00:00,810.2678,1090.1427,62.6021,747.6658,947.4019
LSA,2021-10-30 05:00:00,856.8479,1096.2419,65.1827,791.6652,997.6938
LSA,2021-10-30 06:00:00,829.2775,1087.5039,66.5945,762.6829,968.822
LSA,2021-10-30 07:00:00,729.6282,1061.3787,66.5215,663.1067,862.7499
LSA,2021-10-30 08:00:00,565.7789,1008.6304,63.5457,502.2332,686.7042
LSA,2021-10-30 09:00:00,352.0889,902.5922,53.9846,298.1043,452.6809
LSA,2021-10-30 10:00:00,115.4685,574.1036,30.964,84.5045,176.6266
LSA,2021-10-30 11:00:00,0.4476,0.0,0.3641,0.0835,1.3861
LSA,2021-10-30 12:00:00,0.0,0.0,0.0,0.0,0.0
LSA,2021-10-30 13:00:00,0.0,0.0,0.0,0.0,0.0
LSA,2021-10-30 14:00:00,0.0,0.0,0.0,0.0,0.0
LSA,2021-10-30 15:00:00,0.0,0.0,0.0,0.0,0.0
LSA,2021-10-30 16:00:00,0.0,0.0,0.0,0.0,0.0
LSA,2021-10-30 17:00:00,0.0,0.0,0.0,0.0,0.0
LSA,2021-10-30 18:00:00,0.0,0.0,0.0,0.0,0.0
LSA,2021-10-30 19:00:00,0.0,0.0,0.0,0.0,0.0
LSA,2021-10-30 20:00:00,0.0,0.0,0.0,0.0,0.0
LSA,2021-10-30 21:00:00,0.0,0.0,0.0,0.0,0.0
LSA,2021-10-30 22:00:00,0.0,0.0,0.0,0.0,0.0
LSA,2021-10-30 23:00:00,0.0,0.0,0.0,0.0,0.0
LSA,2021-10-31 00:00:00,59.4417,357.2487,19.1827,40.259,98.2937
LSA,2021-10-31 01:00:00,285.8135,857.0359,48.619,237.1945,376.9792
LSA,2021-10-31 02:00:00,509.1057,992.0101,60.2693,448.8364,623.8295
LSA,2021-10-31 03:00:00,686.4404,1048.6879,66.3824,620.058,816.7603
LSA,2021-10-31 04:00:00,802.4405,1074.3059,69.7228,732.7177,942.6125
LSA,2021-10-31 05:00:00,848.1432,1081.8866,71.0735,777.0697,992.8002
LSA,2021-10-31 06:00:00,821.5726,1077.6945,70.0287,751.5439,963.8969
LSA,2021-10-31 07:00:00,724.6943,1060.2318,66.4652,658.2291,857.8683
LSA,2021-10-31 08:00:00,563.3626,1017.6992,60.534,502.8286,681.938
LSA,2021-10-31 09:00:00,350.0388,914.6185,51.0772,298.9615,448.0946
LSA,2021-10-31 10:00:00,112.6396,569.531,29.7947,82.845,172.272
LSA,2021-10-31 11:00:00,0.3121,0.0,0.2619,0.0502,0.9954
LSA,2021-10-31 12:00:00,0.0,0.0,0.0,0.0,0.0
LSA,2021-10-31 13:00:00,0.0,0.0,0.0,0.0,0.0
LSA,2021-10-31 14:00:00,0.0,0.0,0.0,0.0,0.0
LSA,2021-10-31 15:00:00,0.0,0.0,0.0,0.0,0.0
LSA,2021-10-31 16:00:00,0.0,0.0,0.0,0.0,0.0
LSA,2021-10-31 17:00:00,0.0,0.0,0.0,0.0,0.0
LSA,2021-10-31 18:00:00,0.0,0.0,0.0,0.0,0.0
LSA,2021-10-31 19:00:00,0.0,0.0,0.0,0.0,0.0
LSA,2021-10-31 20:00:00,0.0,0.0,0.0,0.0,0.0
LSA,2021-10-31 21:00:00,0.0,0.0,0.0,0.0,0.0
LSA,2021-10-31 22:00:00,0.0,0.0,0.0,0.0,0.0
LSA,2021-10-31 23:00:00,0.0,0.0,0.0,0.0,0.0
LSA,2021-11-01 00:00:00,52.8761,252.7379,23.8728,29.0033,95.1627
LSA,2021-11-01 01:00:00,273.971,751.2122,67.0002,206.9708,372.815
LSA,2021-11-01 02:00:00,501.0888,932.8917,81.6813,419.4074,619.4105
LSA,2021-11-01 03:00:00,681.9761,1009.6659,88.5787,593.3974,812.1287
LSA,2021-11-01 04:00:00,800.4285,1041.6221,93.9414,706.4871,937.8254
LSA,2021-11-01 05:00:00,848.059,1052.239,96.3741,751.6849,987.9258
LSA,2021-11-01 06:00:00,820.4775,1046.5383,94.7076,725.7698,959.0094
LSA,2021-11-01 07:00:00,719.948,1022.6421,88.8657,631.0823,853.0433
LSA,2021-11-01 08:00:00,555.1761,969.2927,79.5859,475.5903,677.2469
LSA,2021-11-01 09:00:00,341.4843,862.7495,62.4149,279.0694,443.5995
LSA,2021-11-01 10:00:00,107.663,528.4272,31.9126,75.7503,168.0219
LSA,2021-11-01 11:00:00,0.2153,0.0,0.1891,0.0262,0.7216
LSA,2021-11-01 12:00:00,0.0,0.0,0.0,0.0,0.0
LSA,2021-11-01 13:00:00,0.0,0.0,0.0,0.0,0.0
LSA,2021-11-01 14:00:00,0.0,0.0,0.0,0.0,0.0
LSA,2021-11-01 15:00:00,0.0,0.0,0.0,0.0,0.0
LSA,2021-11-01 16:00:00,0.0,0.0,0.0,0.0,0.0
LSA,2021-11-01 17:00:00,0.0,0.0,0.0,0.0,0.0
LSA,2021-11-01 18:00:00,0.0,0.0,0.0,0.0,0.0
LSA,2021-11-01 19:00:00,0.0,0.0,0.0,0.0,0.0
LSA,2021-11-01 20:00:00,0.0,0.0,0.0,0.0,0.0
LSA,2021-11-01 21:00:00,0.0,0.0,0.0,0.0,0.0
LSA,2021-11-01 22:00:00,0.0,0.0,0.0,0.0,0.0
LSA,2021-11-01 23:00:00,0.0,0.0,0.0,0.0,0.0
LSA,2021-11-02 00:00:00,56.6068,371.1202,16.8103,39.7965,92.0304
LSA,2021-11-02 01:00:00,282.1173,879.7117,44.4148,237.7025,368.6263
LSA,2021-11-02 02:00:00,506.1117,1009.6769,56.2718,449.8399,614.9728
LSA,2021-11-02 03:00:00,684.7881,1065.3237,62.6664,622.1216,807.4885
LSA,2021-11-02 04:00:00,802.2909,1092.0112,65.7954,736.4955,933.0437
LSA,2021-11-02 05:00:00,849.3801,1101.1063,67.0424,782.3376,983.0735
LSA,2021-11-02 06:00:00,822.2517,1095.4806,66.7622,755.4895,954.1627
LSA,2021-11-02 07:00:00,722.9872,1073.1809,64.7879,658.1993,848.2781
LSA,2021-11-02 08:00:00,559.3369,1024.9152,60.2678,499.0691,672.6338
LSA,2021-11-02 09:00:00,344.4532,912.3002,52.1977,292.2555,439.1985
LSA,2021-11-02 10:00:00,106.7791,539.3061,30.1786,76.6005,163.8787
LSA,2021-11-02 11:00:00,0.136,0.0,0.1233,0.0127,0.4668
LSA,2021-11-02 12:00:00,0.0,0.0,0.0,0.0,0.0
LSA,2021-11-02 13:00:00,0.0,0.0,0.0,0.0,0.0
LSA,2021-11-02 14:00:00,0.0,0.0,0.0,0.0,0.0
LSA,2021-11-02 15:00:00,0.0,0.0,0.0,0.0,0.0
LSA,2021-11-02 16:00:00,0.0,0.0,0.0,0.0,0.0
LSA,2021-11-02 17:00:00,0.0,0.0,0.0,0.0,0.0
LSA,2021-11-02 18:00:00,0.0,0.0,0.0,0.0,0.0
LSA,2021-11-02 19:00:00,0.0,0.0,0.0,0.0,0.0
LSA,2021-11-02 20:00:00,0.0,0.0,0.0,0.0,0.0
LSA,2021-11-02 21:00:00,0.0,0.0,0.0,0.0,0.0
LSA,2021-11-02 22:00:00,0.0,0.0,0.0,0.0,0.0
LSA,2021-11-02 23:00:00,0.0,0.0,0.0,0.0,0.0
LSA,2021-11-03 00:00:00,53.6986,337.7136,17.6024,36.0963,88.9238
LSA,2021-11-03 01:00:00,277.2077,861.0529,46.9396,230.2681,364.4152
LSA,2021-11-03 02:00:00,500.4822,1001.4535,57.6635,442.8187,610.5186
LSA,2021-11-03 03:00:00,678.4482,1060.49,63.0012,615.4469,802.8425
LSA,2021-11-03 04:00:00,795.9158,1088.3813,65.9808,729.9349,928.2705
LSA,2021-11-03 05:00:00,843.1981,1098.3458,67.0389,776.1592,978.2468
LSA,2021-11-03 06:00:00,817.0264,1095.8036,65.5139,751.5125,949.3602
LSA,2021-11-03 07:00:00,719.3767,1079.4434,61.3899,657.9868,843.576
LSA,2021-11-03 08:00:00,557.2976,1038.9479,55.1767,502.1209,668.1016
LSA,2021-11-03 09:00:00,343.045,933.9974,47.0502,295.9948,434.8943
LSA,2021-11-03 10:00:00,105.2196,559.6764,27.3564,77.8632,159.8445
LSA,2021-11-03 11:00:00,0.0746,0.0,0.0681,0.0065,0.2652
LSA,2021-11-03 12:00:00,0.0,0.0,0.0,0.0,0.0
LSA,2021-11-03 13:00:00,0.0,0.0,0.0,0.0,0.0
LSA,2021-11-03 14:00:00,0.0,0.0,0.0,0.0,0.0
LSA,2021-11-03 15:00:00,0.0,0.0,0.0,0.0,0.0
LSA,2021-11-03 16:00:00,0.0,0.0,0.0,0.0,0.0
LSA,2021-11-03 17:00:00,0.0,0.0,0.0,0.0,0.0
LSA,2021-11-03 18:00:00,0.0,0.0,0.0,0.0,0.0
LSA,2021-11-03 19:00:00,0.0,0.0,0.0,0.0,0.0
LSA,2021-11-03 20:00:00,0.0,0.0,0.0,0.0,0.0
LSA,2021-11-03 21:00:00,0.0,0.0,0.0,0.0,0.0
LSA,2021-11-03 22:00:00,0.0,0.0,0.0,0.0,0.0
LSA,2021-11-03 23:00:00,0.0,0.0,0.0,0.0,0.0
LSA,2021-11-04 00:00:00,51.4763,332.8249,16.5192,34.9571,85.8458
LSA,2021-11-04 01:00:00,273.4893,866.4493,44.4826,229.0068,360.1836
LSA,2021-11-04 02:00:00,497.5052,1010.813,53.9964,443.5088,606.0507
LSA,2021-11-04 03:00:00,675.9919,1068.9128,59.6005,616.3914,798.1936
LSA,2021-11-04 04:00:00,793.1688,1092.6792,64.4887,728.6801,923.5089
LSA,2021-11-04 05:00:00,840.2385,1099.2251,67.6504,772.5881,973.4489
LSA,2021-11-04 06:00:00,813.4925,1093.0312,67.986,745.5065,944.605
LSA,2021-11-04 07:00:00,714.9128,1072.0321,65.3058,649.607,838.9401
LSA,2021-11-04 08:00:00,551.9343,1024.7365,60.0998,491.8345,663.6533
LSA,2021-11-04 09:00:00,338.4204,920.0475,49.9132,288.5072,430.6891
LSA,2021-11-04 10:00:00,102.9406,557.7857,26.8829,76.0577,155.9216
LSA,2021-11-04 11:00:00,0.0304,0.0,0.0282,0.0022,0.1114
LSA,2021-11-04 12:00:00,0.0,0.0,0.0,0.0,0.0
LSA,2021-11-04 13:00:00,0.0,0.0,0.0,0.0,0.0
LSA,2021-11-04 14:00:00,0.0,0.0,0.0,0.0,0.0
LSA,2021-11-04 15:00:00,0.0,0.0,0.0,0.0,0.0
LSA,2021-11-04 16:00:00,0.0,0.0,0.0,0.0,0.0
LSA,2021-11-04 17:00:00,0.0,0.0,0.0,0.0,0.0
LSA,2021-11-04 18:00:00,0.0,0.0,0.0,0.0,0.0
LSA,2021-11-04 19:00:00,0.0,0.0,0.0,0.0,0.0
LSA,2021-11-04 20:00:00,0.0,0.0,0.0,0.0,0.0
LSA,2021-11-04 21:00:00,0.0,0.0,0.0,0.0,0.0
LSA,2021-11-04 22:00:00,0.0,0.0,0.0,0.0,0.0
LSA,2021-11-04 23:00:00,0.0,0.0,0.0,0.0,0.0
LSA,2021-11-05 00:00:00,54.3638,408.2374,13.4378,40.926,82.799
LSA,2021-11-05 01:00:00,283.6497,951.0682,36.2437,247.406,355.9338
LSA,2021-11-05 02:00:00,510.8622,1071.186,44.8432,466.019,601.5715
LSA,2021-11-05 03:00:00,689.0688,1114.8818,50.3678,638.701,793.5447
LSA,2021-11-05 04:00:00,802.1923,1126.9139,54.9666,747.2257,918.7621
LSA,2021-11-05 05:00:00,843.939,1124.0233,58.1781,785.7608,968.683
LSA,2021-11-05 06:00:00,812.2693,1108.1926,60.5154,751.7539,939.9006
LSA,2021-11-05 07:00:00,711.0508,1078.2479,61.4718,649.579,834.3734
LSA,2021-11-05 08:00:00,546.0616,1020.4573,59.5767,486.4849,659.2916
LSA,2021-11-05 09:00:00,332.7357,909.8912,50.2407,282.495,426.5857
LSA,2021-11-05 10:00:00,99.3467,544.292,26.301,73.0458,152.1118
LSA,2021-11-05 11:00:00,0.012,0.0,0.0109,0.0011,0.0505
LSA,2021-11-05 12:00:00,0.0,0.0,0.0,0.0,0.0
LSA,2021-11-05 13:00:00,0.0,0.0,0.0,0.0,0.0
LSA,2021-11-05 14:00:00,0.0,0.0,0.0,0.0,0.0
LSA,2021-11-05 15:00:00,0.0,0.0,0.0,0.0,0.0
LSA,2021-11-05 16:00:00,0.0,0.0,0.0,0.0,0.0
LSA,2021-11-05 17:00:00,0.0,0.0,0.0,0.0,0.0
LSA,2021-11-05 18:00:00,0.0,0.0,0.0,0.0,0.0
LSA,2021-11-05 19:00:00,0.0,0.0,0.0,0.0,0.0
LSA,2021-11-05 20:00:00,0.0,0.0,0.0,0.0,0.0
LSA,2021-11-05 21:00:00,0.0,0.0,0.0,0.0,0.0
LSA,2021-11-05 22:00:00,0.0,0.0,0.0,0.0,0.0
LSA,2021-11-05 23:00:00,0.0,0.0,0.0,0.0,0.0
LSA,2021-11-06 00:00:00,50.6557,367.3229,14.3685,36.2872,79.8402
LSA,2021-11-06 01:00:00,276.1539,915.8605,40.4129,235.741,351.6676
LSA,2021-11-06 02:00:00,502.9036,1048.4681,50.2624,452.6412,597.0831
LSA,2021-11-06 03:00:00,681.7233,1098.52,56.325,625.3983,788.8982
LSA,2021-11-06 04:00:00,796.4507,1115.1451,61.1692,735.2814,914.0325
LSA,2021-11-06 05:00:00,840.0019,1115.5219,64.3655,775.6364,963.9517
LSA,2021-11-06 06:00:00,809.4786,1102.0973,65.9195,743.5591,935.2491
LSA,2021-11-06 07:00:00,707.7046,1072.3131,65.4966,642.208,829.8782
LSA,2021-11-06 08:00:00,543.1883,1016.2968,62.074,481.1142,655.0186
LSA,2021-11-06 09:00:00,329.9982,906.175,51.3796,278.6186,422.5854
LSA,2021-11-06 10:00:00,97.1,535.8289,26.1427,70.9573,148.4163
LSA,2021-11-06 11:00:00,0.0,0.0,0.0,0.0,0.0
LSA,2021-11-06 12:00:00,0.0,0.0,0.0,0.0,0.0
LSA,2021-11-06 13:00:00,0.0,0.0,0.0,0.0,0.0
LSA,2021-11-06 14:00:00,0.0,0.0,0.0,0.0,0.0
LSA,2021-11-06 15:00:00,0.0,0.0,0.0,0.0,0.0
LSA,2021-11-06 16:00:00,0.0,0.0,0.0,0.0,0.0
LSA,2021-11-06 17:00:00,0.0,0.0,0.0,0.0,0.0
LSA,2021-11-06 18:00:00,0.0,0.0,0.0,0.0,0.0
LSA,2021-11-06 19:00:00,0.0,0.0,0.0,0.0,0.0
LSA,2021-11-06 20:00:00,0.0,0.0,0.0,0.0,0.0
LSA,2021-11-06 21:00:00,0.0,0.0,0.0,0.0,0.0
LSA,2021-11-06 22:00:00,0.0,0.0,0.0,0.0,0.0
LSA,2021-11-06 23:00:00,0.0,0.0,0.0,0.0,0.0
LSA,2021-11-07 00:00:00,46.0558,303.6397,15.8576,30.1982,76.881
LSA,2021-11-07 01:00:00,266.0344,858.8907,47.0267,219.0077,347.3885
LSA,2021-11-07 02:00:00,492.0489,1010.5375,59.0742,432.9748,592.5897
LSA,2021-11-07 03:00:00,670.9675,1069.6779,65.7825,605.1849,784.2585
LSA,2021-11-07 04:00:00,786.1805,1091.8104,70.3112,715.8693,909.3251
LSA,2021-11-07 05:00:00,830.4092,1095.4376,72.8047,757.6044,959.2599
LSA,2021-11-07 06:00:00,799.2503,1079.9712,74.5232,724.7271,930.6557
LSA,2021-11-07 07:00:00,696.9901,1044.8542,74.7797,622.2104,825.4594
LSA,2021-11-07 08:00:00,531.3295,977.9929,71.3097,460.0197,650.8386
LSA,2021-11-07 09:00:00,319.1512,857.5882,57.7669,261.3843,418.6924
LSA,2021-11-07 10:00:00,90.8202,474.3711,27.7248,63.0953,144.8209
LSA,2021-11-07 11:00:00,0.0,0.0,0.0,0.0,0.0
LSA,2021-11-07 12:00:00,0.0,0.0,0.0,0.0,0.0
LSA,2021-11-07 13:00:00,0.0,0.0,0.0,0.0,0.0
LSA,2021-11-07 14:00:00,0.0,0.0,0.0,0.0,0.0
LSA,2021-11-07 15:00:00,0.0,0.0,0.0,0.0,0.0
LSA,2021-11-07 16:00:00,0.0,0.0,0.0,0.0,0.0
LSA,2021-11-07 17:00:00,0.0,0.0,0.0,0.0,0.0
LSA,2021-11-07 18:00:00,0.0,0.0,0.0,0.0,0.0
LSA,2021-11-07 19:00:00,0.0,0.0,0.0,0.0,0.0
LSA,2021-11-07 20:00:00,0.0,0.0,0.0,0.0,0.0
LSA,2021-11-07 21:00:00,0.0,0.0,0.0,0.0,0.0
LSA,2021-11-07 22:00:00,0.0,0.0,0.0,0.0,0.0
LSA,2021-11-07 23:00:00,0.0,0.0,0.0,0.0,0.0
LSA,2021-11-08 00:00:00,42.3467,270.5065,15.7563,26.5904,73.9603
LSA,2021-11-08 01:00:00,254.6837,813.275,49.5972,205.0865,343.0983
LSA,2021-11-08 02:00:00,475.9793,969.7042,63.7557,412.2235,588.0934
LSA,2021-11-08 03:00:00,652.9432,1034.5775,71.2506,581.6927,779.6281
LSA,2021-11-08 04:00:00,769.376,1064.3052,75.4252,693.9508,904.6422
LSA,2021-11-08 05:00:00,816.0438,1073.9526,77.2436,738.8002,954.6102
LSA,2021-11-08 06:00:00,788.9397,1068.6669,75.6791,713.2606,926.1227
LSA,2021-11-08 07:00:00,690.3092,1046.6588,70.7131,619.5961,821.1189
LSA,2021-11-08 08:00:00,528.4273,996.4567,63.1451,465.2822,646.7535
LSA,2021-11-08 09:00:00,318.3561,887.7198,50.4735,267.8826,414.9079
LSA,2021-11-08 10:00:00,89.9833,501.4893,24.7649,65.2184,141.4169
LSA,2021-11-08 11:00:00,0.0,0.0,0.0,0.0,0.0
LSA,2021-11-08 12:00:00,0.0,0.0,0.0,0.0,0.0
LSA,2021-11-08 13:00:00,0.0,0.0,0.0,0.0,0.0
LSA,2021-11-08 14:00:00,0.0,0.0,0.0,0.0,0.0
LSA,2021-11-08 15:00:00,0.0,0.0,0.0,0.0,0.0
LSA,2021-11-08 16:00:00,0.0,0.0,0.0,0.0,0.0
LSA,2021-11-08 17:00:00,0.0,0.0,0.0,0.0,0.0
LSA,2021-11-08 18:00:00,0.0,0.0,0.0,0.0,0.0
LSA,2021-11-08 19:00:00,0.0,0.0,0.0,0.0,0.0
LSA,2021-11-08 20:00:00,0.0,0.0,0.0,0.0,0.0
LSA,2021-11-08 21:00:00,0.0,0.0,0.0,0.0,0.0
LSA,2021-11-08 22:00:00,0.0,0.0,0.0,0.0,0.0
LSA,2021-11-08 23:00:00,0.0,0.0,0.0,0.0,0.0
LSA,2021-11-09 00:00:00,40.1017,246.4409,16.1507,23.951,71.0808
LSA,2021-11-09 01:00:00,251.5522,792.3218,53.9313,197.6208,338.7995
LSA,2021-11-09 02:00:00,475.6831,959.8893,70.825,404.8581,583.597
LSA,2021-11-09 03:00:00,655.3345,1029.9061,79.9299,575.4046,775.0101
LSA,2021-11-09 04:00:00,773.3866,1061.9818,84.8266,688.5601,899.9872
LSA,2021-11-09 05:00:00,820.7958,1072.434,86.9409,733.8549,950.0057
LSA,2021-11-09 06:00:00,790.7057,1055.7777,89.6796,701.0261,921.6533
LSA,2021-11-09 07:00:00,686.9868,1010.2899,92.0887,594.898,816.8598
LSA,2021-11-09 08:00:00,520.9872,931.1638,88.5811,432.4062,642.7658
LSA,2021-11-09 09:00:00,308.8563,797.7244,69.9055,238.9508,411.2343
LSA,2021-11-09 10:00:00,84.1026,412.2674,30.2379,53.8647,138.1386
LSA,2021-11-09 11:00:00,0.0,0.0,0.0,0.0,0.0
LSA,2021-11-09 12:00:00,0.0,0.0,0.0,0.0,0.0
LSA,2021-11-09 13:00:00,0.0,0.0,0.0,0.0,0.0
LSA,2021-11-09 14:00:00,0.0,0.0,0.0,0.0,0.0
LSA,2021-11-09 15:00:00,0.0,0.0,0.0,0.0,0.0
LSA,2021-11-09 16:00:00,0.0,0.0,0.0,0.0,0.0
LSA,2021-11-09 17:00:00,0.0,0.0,0.0,0.0,0.0
LSA,2021-11-09 18:00:00,0.0,0.0,0.0,0.0,0.0
LSA,2021-11-09 19:00:00,0.0,0.0,0.0,0.0,0.0
LSA,2021-11-09 20:00:00,0.0,0.0,0.0,0.0,0.0
LSA,2021-11-09 21:00:00,0.0,0.0,0.0,0.0,0.0
LSA,2021-11-09 22:00:00,0.0,0.0,0.0,0.0,0.0
LSA,2021-11-09 23:00:00,0.0,0.0,0.0,0.0,0.0
LSA,2021-11-10 00:00:00,38.9035,248.6175,15.2817,23.6218,68.2446
LSA,2021-11-10 01:00:00,249.9132,806.2907,51.4713,198.4419,334.4944
LSA,2021-11-10 02:00:00,473.8382,973.3071,66.6902,407.1481,579.1033
LSA,2021-11-10 03:00:00,652.6934,1040.7721,74.9784,577.715,770.4074
LSA,2021-11-10 04:00:00,769.6948,1069.5195,80.143,689.5518,895.3632
LSA,2021-11-10 05:00:00,816.2311,1077.5457,82.7537,733.4774,945.4499
LSA,2021-11-10 06:00:00,787.2573,1066.8276,82.6634,704.5939,917.2505
LSA,2021-11-10 07:00:00,686.8363,1037.7922,79.2994,607.5369,812.6851
LSA,2021-11-10 08:00:00,523.436,978.7415,72.2451,451.1909,638.8782
LSA,2021-11-10 09:00:00,311.9752,858.6627,57.3032,254.672,407.6736
LSA,2021-11-10 10:00:00,84.5869,453.2784,26.4763,58.1106,134.9996
LSA,2021-11-10 11:00:00,0.0,0.0,0.0,0.0,0.0
LSA,2021-11-10 12:00:00,0.0,0.0,0.0,0.0,0.0
LSA,2021-11-10 13:00:00,0.0,0.0,0.0,0.0,0.0
LSA,2021-11-10 14:00:00,0.0,0.0,0.0,0.0,0.0
LSA,2021-11-10 15:00:00,0.0,0.0,0.0,0.0,0.0
LSA,2021-11-10 16:00:00,0.0,0.0,0.0,0.0,0.0
LSA,2021-11-10 17:00:00,0.0,0.0,0.0,0.0,0.0
LSA,2021-11-10 18:00:00,0.0,0.0,0.0,0.0,0.0
LSA,2021-11-10 19:00:00,0.0,0.0,0.0,0.0,0.0
LSA,2021-11-10 20:00:00,0.0,0.0,0.0,0.0,0.0
LSA,2021-11-10 21:00:00,0.0,0.0,0.0,0.0,0.0
LSA,2021-11-10 22:00:00,0.0,0.0,0.0,0.0,0.0
LSA,2021-11-10 23:00:00,0.0,0.0,0.0,0.0,0.0
LSA,2021-11-11 00:00:00,37.6316,263.6321,13.4288,24.2028,65.5072
LSA,2021-11-11 01:00:00,246.6206,833.7664,44.4299,202.1907,330.1855
LSA,2021-11-11 02:00:00,468.0237,991.5285,56.7585,411.2652,574.6151
LSA,2021-11-11 03:00:00,645.1544,1054.3951,63.655,581.4995,765.8233
LSA,2021-11-11 04:00:00,761.5328,1081.2643,68.304,693.2288,890.7736
LSA,2021-11-11 05:00:00,808.2488,1088.9529,70.8731,737.3757,940.9459
LSA,2021-11-11 06:00:00,781.1224,1080.2096,71.3969,709.7255,912.9177
LSA,2021-11-11 07:00:00,682.3046,1052.3882,69.6073,612.6973,808.5975
LSA,2021-11-11 08:00:00,520.0545,994.2534,64.6642,455.3903,635.0933
LSA,2021-11-11 09:00:00,309.4484,871.7893,53.0948,256.3537,404.228
LSA,2021-11-11 10:00:00,82.6116,452.1443,25.365,57.2466,132.0531
LSA,2021-11-11 11:00:00,0.0,0.0,0.0,0.0,0.0
LSA,2021-11-11 12:00:00,0.0,0.0,0.0,0.0,0.0
LSA,2021-11-11 13:00:00,0.0,0.0,0.0,0.0,0.0
LSA,2021-11-11 14:00:00,0.0,0.0,0.0,0.0,0.0
LSA,2021-11-11 15:00:00,0.0,0.0,0.0,0.0,0.0
LSA,2021-11-11 16:00:00,0.0,0.0,0.0,0.0,0.0
LSA,2021-11-11 17:00:00,0.0,0.0,0.0,0.0,0.0
LSA,2021-11-11 18:00:00,0.0,0.0,0.0,0.0,0.0
LSA,2021-11-11 19:00:00,0.0,0.0,0.0,0.0,0.0
LSA,2021-11-11 20:00:00,0.0,0.0,0.0,0.0,0.0
LSA,2021-11-11 21:00:00,0.0,0.0,0.0,0.0,0.0
LSA,2021-11-11 22:00:00,0.0,0.0,0.0,0.0,0.0
LSA,2021-11-11 23:00:00,0.0,0.0,0.0,0.0,0.0
LSA,2021-11-12 00:00:00,35.4061,241.8506,13.4824,21.9237,62.7795
LSA,2021-11-12 01:00:00,241.8094,816.9564,45.9861,195.8232,325.8753
LSA,2021-11-12 02:00:00,463.2381,985.3519,57.7955,405.4426,570.1351
LSA,2021-11-12 03:00:00,640.222,1052.1101,63.6822,576.5399,761.2607
LSA,2021-11-12 04:00:00,756.2013,1080.1364,67.5382,688.6631,886.2215
LSA,2021-11-12 05:00:00,802.6688,1088.6393,69.3196,733.3492,936.4969
LSA,2021-11-12 06:00:00,775.7587,1081.5154,68.8185,706.9403,908.6579
LSA,2021-11-12 07:00:00,677.6748,1056.5771,65.8827,611.7922,804.5999
LSA,2021-11-12 08:00:00,516.4853,1002.5538,60.2248,456.2604,631.4135
LSA,2021-11-12 09:00:00,307.1622,886.9092,48.7981,258.3641,400.8995
LSA,2021-11-12 10:00:00,81.5336,472.1883,23.0037,58.5299,129.2147
LSA,2021-11-12 11:00:00,0.0,0.0,0.0,0.0,0.0
LSA,2021-11-12 12:00:00,0.0,0.0,0.0,0.0,0.0
LSA,2021-11-12 13:00:00,0.0,0.0,0.0,0.0,0.0
LSA,2021-11-12 14:00:00,0.0,0.0,0.0,0.0,0.0
LSA,2021-11-12 15:00:00,0.0,0.0,0.0,0.0,0.0
LSA,2021-11-12 16:00:00,0.0,0.0,0.0,0.0,0.0
LSA,2021-11-12 17:00:00,0.0,0.0,0.0,0.0,0.0
LSA,2021-11-12 18:00:00,0.0,0.0,0.0,0.0,0.0
LSA,2021-11-12 19:00:00,0.0,0.0,0.0,0.0,0.0
LSA,2021-11-12 20:00:00,0.0,0.0,0.0,0.0,0.0
LSA,2021-11-12 21:00:00,0.0,0.0,0.0,0.0,0.0
LSA,2021-11-12 22:00:00,0.0,0.0,0.0,0.0,0.0
LSA,2021-11-12 23:00:00,0.0,0.0,0.0,0.0,0.0
LSA,2021-11-13 00:00:00,35.0489,273.6013,11.29,23.7589,60.101
LSA,2021-11-13 01:00:00,240.797,852.775,39.7937,201.0033,321.5661
LSA,2021-11-13 02:00:00,460.5394,1000.0735,52.6424,407.897,565.6663
LSA,2021-11-13 03:00:00,636.3074,1057.1415,60.7783,575.5291,756.7228
LSA,2021-11-13 04:00:00,751.2506,1079.6987,66.6997,684.5509,881.7101
LSA,2021-11-13 05:00:00,796.8498,1083.5662,70.6649,726.1849,932.1062
LSA,2021-11-13 06:00:00,769.7922,1072.7838,72.0842,697.7081,904.4741
LSA,2021-11-13 07:00:00,672.1422,1044.1399,70.7089,601.4332,800.6953
LSA,2021-11-13 08:00:00,511.2059,984.0637,65.9729,445.233,627.8412
LSA,2021-11-13 09:00:00,302.6473,862.312,53.4057,249.2416,397.6902
LSA,2021-11-13 10:00:00,78.8224,438.9862,24.3962,54.4261,126.5521
LSA,2021-11-13 11:00:00,0.0,0.0,0.0,0.0,0.0
LSA,2021-11-13 12:00:00,0.0,0.0,0.0,0.0,0.0
LSA,2021-11-13 13:00:00,0.0,0.0,0.0,0.0,0.0
LSA,2021-11-13 14:00:00,0.0,0.0,0.0,0.0,0.0
LSA,2021-11-13 15:00:00,0.0,0.0,0.0,0.0,0.0
LSA,2021-11-13 16:00:00,0.0,0.0,0.0,0.0,0.0
LSA,2021-11-13 17:00:00,0.0,0.0,0.0,0.0,0.0
LSA,2021-11-13 18:00:00,0.0,0.0,0.0,0.0,0.0
LSA,2021-11-13 19:00:00,0.0,0.0,0.0,0.0,0.0
LSA,2021-11-13 20:00:00,0.0,0.0,0.0,0.0,0.0
LSA,2021-11-13 21:00:00,0.0,0.0,0.0,0.0,0.0
LSA,2021-11-13 22:00:00,0.0,0.0,0.0,0.0,0.0
LSA,2021-11-13 23:00:00,0.0,0.0,0.0,0.0,0.0
LSA,2021-11-14 00:00:00,32.8075,230.9506,12.7744,20.0331,57.4737
LSA,2021-11-14 01:00:00,238.4756,818.694,47.3947,191.081,317.2602
LSA,2021-11-14 02:00:00,461.6129,988.3801,61.6471,399.9658,561.2112
LSA,2021-11-14 03:00:00,640.0638,1056.3815,68.5274,571.5364,752.2124
LSA,2021-11-14 04:00:00,757.2181,1087.2021,71.6653,685.5527,877.2425
LSA,2021-11-14 05:00:00,804.0325,1097.2793,72.3883,731.6442,927.7769
LSA,2021-11-14 06:00:00,775.6668,1087.9426,71.6085,704.0583,900.3694
LSA,2021-11-14 07:00:00,675.3704,1058.0811,69.0886,606.2818,796.8863
LSA,2021-11-14 08:00:00,513.4128,1000.9092,63.3126,450.1002,624.3789
LSA,2021-11-14 09:00:00,303.9795,885.0291,50.4638,253.5157,394.6019
LSA,2021-11-14 10:00:00,79.0478,468.686,22.518,56.5298,124.0034
LSA,2021-11-14 11:00:00,0.0,0.0,0.0,0.0,0.0
LSA,2021-11-14 12:00:00,0.0,0.0,0.0,0.0,0.0
LSA,2021-11-14 13:00:00,0.0,0.0,0.0,0.0,0.0
LSA,2021-11-14 14:00:00,0.0,0.0,0.0,0.0,0.0
LSA,2021-11-14 15:00:00,0.0,0.0,0.0,0.0,0.0
LSA,2021-11-14 16:00:00,0.0,0.0,0.0,0.0,0.0
LSA,2021-11-14 17:00:00,0.0,0.0,0.0,0.0,0.0
LSA,2021-11-14 18:00:00,0.0,0.0,0.0,0.0,0.0
LSA,2021-11-14 19:00:00,0.0,0.0,0.0,0.0,0.0
LSA,2021-11-14 20:00:00,0.0,0.0,0.0,0.0,0.0
LSA,2021-11-14 21:00:00,0.0,0.0,0.0,0.0,0.0
LSA,2021-11-14 22:00:00,0.0,0.0,0.0,0.0,0.0
LSA,2021-11-14 23:00:00,0.0,0.0,0.0,0.0,0.0
LSA,2021-11-15 00:00:00,31.817,257.5722,10.3171,21.4999,54.8991
LSA,2021-11-15 01:00:00,233.8709,852.913,38.1945,195.6765,312.9601
LSA,2021-11-15 02:00:00,452.0863,1001.6683,50.3077,401.7786,556.7726
LSA,2021-11-15 03:00:00,627.1246,1060.5118,57.0698,570.0549,747.7326
LSA,2021-11-15 04:00:00,742.6282,1086.9932,60.9715,681.6568,872.8218
LSA,2021-11-15 05:00:00,789.1255,1094.4503,63.0361,726.0894,923.5121
LSA,2021-11-15 06:00:00,764.033,1089.5245,62.4466,701.5864,896.3467
LSA,2021-11-15 07:00:00,669.25,1070.417,59.099,610.151,793.1757
LSA,2021-11-15 08:00:00,511.0587,1023.9677,53.4336,457.6251,621.029
LSA,2021-11-15 09:00:00,302.6278,909.4664,44.0396,258.5883,391.6368
LSA,2021-11-15 10:00:00,77.2562,468.4981,20.9885,56.2677,121.6218
LSA,2021-11-15 11:00:00,0.0,0.0,0.0,0.0,0.0
LSA,2021-11-15 12:00:00,0.0,0.0,0.0,0.0,0.0
LSA,2021-11-15 13:00:00,0.0,0.0,0.0,0.0,0.0
LSA,2021-11-15 14:00:00,0.0,0.0,0.0,0.0,0.0
LSA,2021-11-15 15:00:00,0.0,0.0,0.0,0.0,0.0
LSA,2021-11-15 16:00:00,0.0,0.0,0.0,0.0,0.0
LSA,2021-11-15 17:00:00,0.0,0.0,0.0,0.0,0.0
LSA,2021-11-15 18:00:00,0.0,0.0,0.0,0.0,0.0
LSA,2021-11-15 19:00:00,0.0,0.0,0.0,0.0,0.0
LSA,2021-11-15 20:00:00,0.0,0.0,0.0,0.0,0.0
LSA,2021-11-15 21:00:00,0.0,0.0,0.0,0.0,0.0
LSA,2021-11-15 22:00:00,0.0,0.0,0.0,0.0,0.0
LSA,2021-11-15 23:00:00,0.0,0.0,0.0,0.0,0.0
LSA,2021-11-16 00:00:00,30.7886,261.7483,9.4678,21.3208,52.4234
LSA,2021-11-16 01:00:00,232.8802,874.074,35.2225,197.6576,308.6679
LSA,2021-11-16 02:00:00,452.4523,1023.0975,45.5139,406.9385,552.3533
LSA,2021-11-16 03:00:00,627.903,1077.071,52.733,575.17,743.2863
LSA,2021-11-16 04:00:00,742.5929,1095.0234,59.6683,682.9246,868.4512
LSA,2021-11-16 05:00:00,788.2053,1095.4575,65.062,723.1432,919.3149
LSA,2021-11-16 06:00:00,762.2657,1085.8411,66.407,695.8587,892.4091
LSA,2021-11-16 07:00:00,666.7018,1063.55,63.4451,603.2567,789.5661
LSA,2021-11-16 08:00:00,507.7115,1012.1068,57.8429,449.8686,617.7938
LSA,2021-11-16 09:00:00,299.8405,896.4639,46.9224,252.918,388.7966
LSA,2021-11-16 10:00:00,75.8728,459.8742,21.3807,54.4921,119.3515
LSA,2021-11-16 11:00:00,0.0,0.0,0.0,0.0,0.0
LSA,2021-11-16 12:00:00,0.0,0.0,0.0,0.0,0.0
LSA,2021-11-16 13:00:00,0.0,0.0,0.0,0.0,0.0
LSA,2021-11-16 14:00:00,0.0,0.0,0.0,0.0,0.0
LSA,2021-11-16 15:00:00,0.0,0.0,0.0,0.0,0.0
LSA,2021-11-16 16:00:00,0.0,0.0,0.0,0.0,0.0
LSA,2021-11-16 17:00:00,0.0,0.0,0.0,0.0,0.0
LSA,2021-11-16 18:00:00,0.0,0.0,0.0,0.0,0.0
LSA,2021-11-16 19:00:00,0.0,0.0,0.0,0.0,0.0
LSA,2021-11-16 20:00:00,0.0,0.0,0.0,0.0,0.0
LSA,2021-11-16 21:00:00,0.0,0.0,0.0,0.0,0.0
LSA,2021-11-16 22:00:00,0.0,0.0,0.0,0.0,0.0
LSA,2021-11-16 23:00:00,0.0,0.0,0.0,0.0,0.0
LSA,2021-11-17 00:00:00,29.0213,223.3183,11.1194,17.9019,49.9729
LSA,2021-11-17 01:00:00,233.1131,840.4553,44.939,188.174,304.3861
LSA,2021-11-17 02:00:00,459.3908,1014.048,59.2283,400.1624,547.9557
LSA,2021-11-17 03:00:00,641.1036,1082.1034,66.7718,574.3318,738.8764
LSA,2021-11-17 04:00:00,761.121,1112.3284,71.0861,690.0349,864.1337
LSA,2021-11-17 05:00:00,810.1824,1122.1578,73.0397,737.1428,915.1884
LSA,2021-11-17 06:00:00,782.6902,1110.1123,74.5885,708.1018,888.5593
LSA,2021-11-17 07:00:00,680.8222,1072.5732,75.2604,605.5619,786.0604
LSA,2021-11-17 08:00:00,514.3265,1000.3018,71.811,442.5155,614.6757
LSA,2021-11-17 09:00:00,300.3323,862.8584,58.2979,242.0343,386.0832
LSA,2021-11-17 10:00:00,74.0928,413.3012,24.833,49.2598,117.2474
LSA,2021-11-17 11:00:00,0.0,0.0,0.0,0.0,0.0
LSA,2021-11-17 12:00:00,0.0,0.0,0.0,0.0,0.0
LSA,2021-11-17 13:00:00,0.0,0.0,0.0,0.0,0.0
LSA,2021-11-17 14:00:00,0.0,0.0,0.0,0.0,0.0
LSA,2021-11-17 15:00:00,0.0,0.0,0.0,0.0,0.0
LSA,2021-11-17 16:00:00,0.0,0.0,0.0,0.0,0.0
LSA,2021-11-17 17:00:00,0.0,0.0,0.0,0.0,0.0
LSA,2021-11-17 18:00:00,0.0,0.0,0.0,0.0,0.0
LSA,2021-11-17 19:00:00,0.0,0.0,0.0,0.0,0.0
LSA,2021-11-17 20:00:00,0.0,0.0,0.0,0.0,0.0
LSA,2021-11-17 21:00:00,0.0,0.0,0.0,0.0,0.0
LSA,2021-11-17 22:00:00,0.0,0.0,0.0,0.0,0.0
LSA,2021-11-17 23:00:00,0.0,0.0,0.0,0.0,0.0
LSA,2021-11-18 00:00:00,28.1356,244.8679,9.2559,18.8797,47.5792
LSA,2021-11-18 01:00:00,228.9292,869.3522,37.6348,191.2944,300.1169
LSA,2021-11-18 02:00:00,449.9785,1022.9805,49.8562,400.1223,543.5826
LSA,2021-11-18 03:00:00,626.7714,1081.193,56.6153,570.1561,734.5058
LSA,2021-11-18 04:00:00,742.8257,1105.6161,60.6422,682.1836,859.8721
LSA,2021-11-18 05:00:00,789.1764,1111.1655,62.788,726.3884,911.1354
LSA,2021-11-18 06:00:00,760.5447,1095.1979,65.1843,695.3604,884.8004
LSA,2021-11-18 07:00:00,661.3728,1057.7687,67.0052,594.3677,782.6609
LSA,2021-11-18 08:00:00,499.627,988.2255,64.7907,434.8363,611.6768
LSA,2021-11-18 09:00:00,290.9216,853.6541,53.1556,237.766,383.4985
LSA,2021-11-18 10:00:00,70.6431,403.5278,22.9347,47.7085,115.2434
LSA,2021-11-18 11:00:00,0.0,0.0,0.0,0.0,0.0
LSA,2021-11-18 12:00:00,0.0,0.0,0.0,0.0,0.0
LSA,2021-11-18 13:00:00,0.0,0.0,0.0,0.0,0.0
LSA,2021-11-18 14:00:00,0.0,0.0,0.0,0.0,0.0
LSA,2021-11-18 15:00:00,0.0,0.0,0.0,0.0,0.0
LSA,2021-11-18 16:00:00,0.0,0.0,0.0,0.0,0.0
LSA,2021-11-18 17:00:00,0.0,0.0,0.0,0.0,0.0
LSA,2021-11-18 18:00:00,0.0,0.0,0.0,0.0,0.0
LSA,2021-11-18 19:00:00,0.0,0.0,0.0,0.0,0.0
LSA,2021-11-18 20:00:00,0.0,0.0,0.0,0.0,0.0
LSA,2021-11-18 21:00:00,0.0,0.0,0.0,0.0,0.0
LSA,2021-11-18 22:00:00,0.0,0.0,0.0,0.0,0.0
LSA,2021-11-18 23:00:00,0.0,0.0,0.0,0.0,0.0
LSA,2021-11-19 00:00:00,24.9626,215.0057,8.618,16.3446,45.2435
LSA,2021-11-19 01:00:00,215.7173,825.6648,36.2462,179.4711,295.8625
LSA,2021-11-19 02:00:00,430.8546,987.0009,47.9287,382.9259,539.2366
LSA,2021-11-19 03:00:00,604.2565,1048.358,54.8694,549.387,730.1774
LSA,2021-11-19 04:00:00,719.1149,1073.9424,59.9716,659.1433,855.6697
LSA,2021-11-19 05:00:00,766.056,1080.1404,63.3141,702.7419,907.1591
LSA,2021-11-19 06:00:00,741.5513,1071.6106,64.3086,677.2427,881.1351
LSA,2021-11-19 07:00:00,647.4513,1045.6678,62.6745,584.7769,779.3704
LSA,2021-11-19 08:00:00,490.8672,988.8059,58.1752,432.692,608.7993
LSA,2021-11-19 09:00:00,286.1512,863.2744,47.3996,238.7516,381.0441
LSA,2021-11-19 10:00:00,68.8898,414.1223,20.7827,48.1072,113.4128
LSA,2021-11-19 11:00:00,0.0,0.0,0.0,0.0,0.0
LSA,2021-11-19 12:00:00,0.0,0.0,0.0,0.0,0.0
LSA,2021-11-19 13:00:00,0.0,0.0,0.0,0.0,0.0
LSA,2021-11-19 14:00:00,0.0,0.0,0.0,0.0,0.0
LSA,2021-11-19 15:00:00,0.0,0.0,0.0,0.0,0.0
LSA,2021-11-19 16:00:00,0.0,0.0,0.0,0.0,0.0
LSA,2021-11-19 17:00:00,0.0,0.0,0.0,0.0,0.0
LSA,2021-11-19 18:00:00,0.0,0.0,0.0,0.0,0.0
LSA,2021-11-19 19:00:00,0.0,0.0,0.0,0.0,0.0
LSA,2021-11-19 20:00:00,0.0,0.0,0.0,0.0,0.0
LSA,2021-11-19 21:00:00,0.0,0.0,0.0,0.0,0.0
LSA,2021-11-19 22:00:00,0.0,0.0,0.0,0.0,0.0
LSA,2021-11-19 23:00:00,0.0,0.0,0.0,0.0,0.0
LSA,2021-11-20 00:00:00,23.6848,208.1232,8.1962,15.4886,42.9668
LSA,2021-11-20 01:00:00,213.6198,833.8395,34.8411,178.7787,291.6254
LSA,2021-11-20 02:00:00,430.2521,1002.3856,44.5682,385.6839,534.9203
LSA,2021-11-20 03:00:00,604.4451,1064.9812,49.8622,554.5829,725.894
LSA,2021-11-20 04:00:00,719.1385,1089.3022,54.0718,665.0668,851.5293
LSA,2021-11-20 05:00:00,765.8365,1095.1188,56.6915,709.1451,903.2623
LSA,2021-11-20 06:00:00,741.0972,1085.9655,57.8289,683.2682,877.5662
LSA,2021-11-20 07:00:00,646.8282,1059.0874,57.195,589.6332,776.1913
LSA,2021-11-20 08:00:00,490.1714,1002.0119,53.8695,436.3018,606.0454
LSA,2021-11-20 09:00:00,285.3306,876.293,44.572,240.7586,378.7218
LSA,2021-11-20 10:00:00,68.1467,420.4387,19.7182,48.4285,111.662
LSA,2021-11-20 11:00:00,0.0,0.0,0.0,0.0,0.0
LSA,2021-11-20 12:00:00,0.0,0.0,0.0,0.0,0.0
LSA,2021-11-20 13:00:00,0.0,0.0,0.0,0.0,0.0
LSA,2021-11-20 14:00:00,0.0,0.0,0.0,0.0,0.0
LSA,2021-11-20 15:00:00,0.0,0.0,0.0,0.0,0.0
LSA,2021-11-20 16:00:00,0.0,0.0,0.0,0.0,0.0
LSA,2021-11-20 17:00:00,0.0,0.0,0.0,0.0,0.0
LSA,2021-11-20 18:00:00,0.0,0.0,0.0,0.0,0.0
LSA,2021-11-20 19:00:00,0.0,0.0,0.0,0.0,0.0
LSA,2021-11-20 20:00:00,0.0,0.0,0.0,0.0,0.0
LSA,2021-11-20 21:00:00,0.0,0.0,0.0,0.0,0.0
LSA,2021-11-20 22:00:00,0.0,0.0,0.0,0.0,0.0
LSA,2021-11-20 23:00:00,0.0,0.0,0.0,0.0,0.0
LSA,2021-11-21 00:00:00,21.2249,170.745,8.6294,12.5955,40.7501
LSA,2021-11-21 01:00:00,204.6725,775.1643,40.2235,164.4489,287.4078
LSA,2021-11-21 02:00:00,419.4163,957.3369,53.9931,365.4232,530.6365
LSA,2021-11-21 03:00:00,594.77,1033.7455,59.6005,535.1695,721.6586
LSA,2021-11-21 04:00:00,713.2755,1074.9641,60.2775,652.998,847.4539
LSA,2021-11-21 05:00:00,764.4377,1094.8323,58.7358,705.702,899.4479
LSA,2021-11-21 06:00:00,742.3273,1092.9518,57.6505,684.6767,874.0963
LSA,2021-11-21 07:00:00,648.0263,1066.4495,56.8746,591.1517,773.126
LSA,2021-11-21 08:00:00,491.0973,1009.9078,53.4475,437.6498,603.4171
LSA,2021-11-21 09:00:00,286.5046,889.5753,43.7994,242.7052,376.533
LSA,2021-11-21 10:00:00,68.6812,438.4145,19.0724,49.6088,110.1001
LSA,2021-11-21 11:00:00,0.0,0.0,0.0,0.0,0.0
LSA,2021-11-21 12:00:00,0.0,0.0,0.0,0.0,0.0
LSA,2021-11-21 13:00:00,0.0,0.0,0.0,0.0,0.0
LSA,2021-11-21 14:00:00,0.0,0.0,0.0,0.0,0.0
LSA,2021-11-21 15:00:00,0.0,0.0,0.0,0.0,0.0
LSA,2021-11-21 16:00:00,0.0,0.0,0.0,0.0,0.0
LSA,2021-11-21 17:00:00,0.0,0.0,0.0,0.0,0.0
LSA,2021-11-21 18:00:00,0.0,0.0,0.0,0.0,0.0
LSA,2021-11-21 19:00:00,0.0,0.0,0.0,0.0,0.0
LSA,2021-11-21 20:00:00,0.0,0.0,0.0,0.0,0.0
LSA,2021-11-21 21:00:00,0.0,0.0,0.0,0.0,0.0
LSA,2021-11-21 22:00:00,0.0,0.0,0.0,0.0,0.0
LSA,2021-11-21 23:00:00,0.0,0.0,0.0,0.0,0.0
LSA,2021-11-22 00:00:00,19.9558,149.7729,9.0944,10.8614,38.6407
LSA,2021-11-22 01:00:00,201.3993,726.9838,49.242,152.1573,283.2122
LSA,2021-11-22 02:00:00,416.6843,900.5056,75.8748,340.8095,526.3878
LSA,2021-11-22 03:00:00,590.9454,960.6336,96.8785,494.0669,717.4739
LSA,2021-11-22 04:00:00,705.6015,977.4874,114.9755,590.626,843.4464
LSA,2021-11-22 05:00:00,751.413,968.8993,129.7348,621.6782,895.7189
LSA,2021-11-22 06:00:00,727.4621,957.0021,130.5252,596.9369,870.7283
LSA,2021-11-22 07:00:00,635.5471,939.479,116.9701,518.577,770.1769
LSA,2021-11-22 08:00:00,479.8969,884.2724,98.2646,381.6323,600.9163
LSA,2021-11-22 09:00:00,276.3828,755.2427,70.8637,205.5191,374.4793
LSA,2021-11-22 10:00:00,63.8079,328.453,25.99,37.8179,108.658
LSA,2021-11-22 11:00:00,0.0,0.0,0.0,0.0,0.0
LSA,2021-11-22 12:00:00,0.0,0.0,0.0,0.0,0.0
LSA,2021-11-22 13:00:00,0.0,0.0,0.0,0.0,0.0
LSA,2021-11-22 14:00:00,0.0,0.0,0.0,0.0,0.0
LSA,2021-11-22 15:00:00,0.0,0.0,0.0,0.0,0.0
LSA,2021-11-22 16:00:00,0.0,0.0,0.0,0.0,0.0
LSA,2021-11-22 17:00:00,0.0,0.0,0.0,0.0,0.0
LSA,2021-11-22 18:00:00,0.0,0.0,0.0,0.0,0.0
LSA,2021-11-22 19:00:00,0.0,0.0,0.0,0.0,0.0
LSA,2021-11-22 20:00:00,0.0,0.0,0.0,0.0,0.0
LSA,2021-11-22 21:00:00,0.0,0.0,0.0,0.0,0.0
LSA,2021-11-22 22:00:00,0.0,0.0,0.0,0.0,0.0
LSA,2021-11-22 23:00:00,0.0,0.0,0.0,0.0,0.0
LSA,2021-11-23 00:00:00,20.3644,172.815,8.2578,12.1066,36.5602
LSA,2021-11-23 01:00:00,209.7065,814.0365,42.1864,167.5201,279.0409
LSA,2021-11-23 02:00:00,432.2401,994.3687,59.1087,373.1314,522.1769
LSA,2021-11-23 03:00:00,611.3555,1057.0629,71.0442,540.3113,713.3429
LSA,2021-11-23 04:00:00,729.3644,1077.7125,81.4305,647.9339,839.5097
LSA,2021-11-23 05:00:00,777.3207,1076.8281,89.4498,687.8708,892.078
LSA,2021-11-23 06:00:00,750.873,1056.2317,94.6567,656.2163,867.4645
LSA,2021-11-23 07:00:00,651.8845,1011.3881,95.67,556.2145,767.3462
LSA,2021-11-23 08:00:00,488.4637,926.1199,90.144,398.3197,598.5449
LSA,2021-11-23 09:00:00,277.7554,761.2995,71.1614,206.5939,372.562
LSA,2021-11-23 10:00:00,62.2086,302.3307,26.959,35.2496,107.3364
LSA,2021-11-23 11:00:00,0.0,0.0,0.0,0.0,0.0
LSA,2021-11-23 12:00:00,0.0,0.0,0.0,0.0,0.0
LSA,2021-11-23 13:00:00,0.0,0.0,0.0,0.0,0.0
LSA,2021-11-23 14:00:00,0.0,0.0,0.0,0.0,0.0
LSA,2021-11-23 15:00:00,0.0,0.0,0.0,0.0,0.0
LSA,2021-11-23 16:00:00,0.0,0.0,0.0,0.0,0.0
LSA,2021-11-23 17:00:00,0.0,0.0,0.0,0.0,0.0
LSA,2021-11-23 18:00:00,0.0,0.0,0.0,0.0,0.0
LSA,2021-11-23 19:00:00,0.0,0.0,0.0,0.0,0.0
LSA,2021-11-23 20:00:00,0.0,0.0,0.0,0.0,0.0
LSA,2021-11-23 21:00:00,0.0,0.0,0.0,0.0,0.0
LSA,2021-11-23 22:00:00,0.0,0.0,0.0,0.0,0.0
LSA,2021-11-23 23:00:00,0.0,0.0,0.0,0.0,0.0
LSA,2021-11-24 00:00:00,18.097,140.3756,8.5144,9.5826,34.5419
LSA,2021-11-24 01:00:00,201.4244,756.3718,47.12,154.3045,274.8965
LSA,2021-11-24 02:00:00,424.2225,964.3169,65.1005,359.122,518.0067
LSA,2021-11-24 03:00:00,605.0241,1044.4921,74.2095,530.8146,709.2685
LSA,2021-11-24 04:00:00,725.5678,1080.3379,79.2083,646.3595,835.6468
LSA,2021-11-24 05:00:00,776.1649,1092.5054,81.3011,694.8638,888.528
LSA,2021-11-24 06:00:00,750.9404,1073.9639,86.3485,664.5919,864.3078
LSA,2021-11-24 07:00:00,651.4905,1019.4237,92.9647,558.5258,764.6362
LSA,2021-11-24 08:00:00,487.1714,923.7065,91.3748,395.7967,596.3046
LSA,2021-11-24 09:00:00,277.5425,766.1027,71.1538,206.3887,370.7824
LSA,2021-11-24 10:00:00,62.8827,322.6768,25.9968,36.8859,106.1099
LSA,2021-11-24 11:00:00,0.0,0.0,0.0,0.0,0.0
LSA,2021-11-24 12:00:00,0.0,0.0,0.0,0.0,0.0
LSA,2021-11-24 13:00:00,0.0,0.0,0.0,0.0,0.0
LSA,2021-11-24 14:00:00,0.0,0.0,0.0,0.0,0.0
LSA,2021-11-24 15:00:00,0.0,0.0,0.0,0.0,0.0
LSA,2021-11-24 16:00:00,0.0,0.0,0.0,0.0,0.0
LSA,2021-11-24 17:00:00,0.0,0.0,0.0,0.0,0.0
LSA,2021-11-24 18:00:00,0.0,0.0,0.0,0.0,0.0
LSA,2021-11-24 19:00:00,0.0,0.0,0.0,0.0,0.0
LSA,2021-11-24 20:00:00,0.0,0.0,0.0,0.0,0.0
LSA,2021-11-24 21:00:00,0.0,0.0,0.0,0.0,0.0
LSA,2021-11-24 22:00:00,0.0,0.0,0.0,0.0,0.0
LSA,2021-11-24 23:00:00,0.0,0.0,0.0,0.0,0.0
LSA,2021-11-25 00:00:00,16.7099,134.1518,7.7577,8.9522,32.5862
LSA,2021-11-25 01:00:00,195.4014,756.4598,43.3807,152.0206,270.7816
LSA,2021-11-25 02:00:00,414.0739,960.6771,59.3198,354.7541,513.8799
LSA,2021-11-25 03:00:00,590.7066,1032.8153,69.0892,521.6174,705.2537
LSA,2021-11-25 04:00:00,707.5099,1058.183,77.5496,629.9603,831.8607
LSA,2021-11-25 05:00:00,755.6063,1060.9714,83.6739,671.9324,885.0718
LSA,2021-11-25 06:00:00,730.4019,1040.3969,89.1023,641.2996,861.2605
LSA,2021-11-25 07:00:00,634.3214,992.5646,92.5787,541.7426,762.0488
LSA,2021-11-25 08:00:00,474.7664,903.4618,89.213,385.5535,594.197
LSA,2021-11-25 09:00:00,268.0259,729.2431,71.6797,196.3462,369.1415
LSA,2021-11-25 10:00:00,58.196,266.937,27.0056,31.1903,105.0493
LSA,2021-11-25 11:00:00,0.0,0.0,0.0,0.0,0.0
LSA,2021-11-25 12:00:00,0.0,0.0,0.0,0.0,0.0
LSA,2021-11-25 13:00:00,0.0,0.0,0.0,0.0,0.0
LSA,2021-11-25 14:00:00,0.0,0.0,0.0,0.0,0.0
LSA,2021-11-25 15:00:00,0.0,0.0,0.0,0.0,0.0
LSA,2021-11-25 16:00:00,0.0,0.0,0.0,0.0,0.0
LSA,2021-11-25 17:00:00,0.0,0.0,0.0,0.0,0.0
LSA,2021-11-25 18:00:00,0.0,0.0,0.0,0.0,0.0
LSA,2021-11-25 19:00:00,0.0,0.0,0.0,0.0,0.0
LSA,2021-11-25 20:00:00,0.0,0.0,0.0,0.0,0.0
LSA,2021-11-25 21:00:00,0.0,0.0,0.0,0.0,0.0
LSA,2021-11-25 22:00:00,0.0,0.0,0.0,0.0,0.0
LSA,2021-11-25 23:00:00,0.0,0.0,0.0,0.0,0.0
LSA,2021-11-26 00:00:00,14.4907,91.6639,8.3792,6.1115,30.6937
LSA,2021-11-26 01:00:00,186.8565,671.6222,52.2967,134.5598,266.6989
LSA,2021-11-26 02:00:00,408.8894,923.9359,70.0158,338.8736,509.7994
LSA,2021-11-26 03:00:00,590.0887,1021.549,77.0469,513.0419,701.3015
LSA,2021-11-26 04:00:00,711.2007,1063.1677,81.2366,629.9641,828.1542
LSA,2021-11-26 05:00:00,763.2343,1079.6158,82.3176,680.9167,881.7121
LSA,2021-11-26 06:00:00,738.4286,1057.5531,88.9424,649.4861,858.325
LSA,2021-11-26 07:00:00,638.4592,991.584,99.0479,539.4113,759.5862
LSA,2021-11-26 08:00:00,474.5179,881.033,99.5703,374.9476,592.2236
LSA,2021-11-26 09:00:00,265.3433,694.5421,79.0469,186.2963,367.6404
LSA,2021-11-26 10:00:00,57.1022,250.7909,27.9701,29.1321,104.1085
LSA,2021-11-26 11:00:00,0.0,0.0,0.0,0.0,0.0
LSA,2021-11-26 12:00:00,0.0,0.0,0.0,0.0,0.0
LSA,2021-11-26 13:00:00,0.0,0.0,0.0,0.0,0.0
LSA,2021-11-26 14:00:00,0.0,0.0,0.0,0.0,0.0
LSA,2021-11-26 15:00:00,0.0,0.0,0.0,0.0,0.0
LSA,2021-11-26 16:00:00,0.0,0.0,0.0,0.0,0.0
LSA,2021-11-26 17:00:00,0.0,0.0,0.0,0.0,0.0
LSA,2021-11-26 18:00:00,0.0,0.0,0.0,0.0,0.0
LSA,2021-11-26 19:00:00,0.0,0.0,0.0,0.0,0.0
LSA,2021-11-26 20:00:00,0.0,0.0,0.0,0.0,0.0
LSA,2021-11-26 21:00:00,0.0,0.0,0.0,0.0,0.0
LSA,2021-11-26 22:00:00,0.0,0.0,0.0,0.0,0.0
LSA,2021-11-26 23:00:00,0.0,0.0,0.0,0.0,0.0
LSA,2021-11-27 00:00:00,13.1837,78.5688,8.0564,5.1273,28.8647
LSA,2021-11-27 01:00:00,180.6496,643.1925,53.1564,127.4932,262.6512
LSA,2021-11-27 02:00:00,400.6964,907.8514,70.3076,330.3888,505.7684
LSA,2021-11-27 03:00:00,580.1592,1008.902,76.4489,503.7103,697.4149
LSA,2021-11-27 04:00:00,699.7928,1049.6526,80.7731,619.0197,824.5303
LSA,2021-11-27 05:00:00,751.58,1066.1422,81.8781,669.7019,878.4515
LSA,2021-11-27 06:00:00,729.9358,1058.9473,82.0652,647.8706,855.5037
LSA,2021-11-27 07:00:00,636.2748,1024.7605,81.011,555.2638,757.2502
LSA,2021-11-27 08:00:00,479.3218,953.9717,75.4363,403.8855,590.3859
LSA,2021-11-27 09:00:00,274.7423,807.4615,60.0987,214.6436,366.2797
LSA,2021-11-27 10:00:00,61.597,339.2695,23.4446,38.1525,103.2878
LSA,2021-11-27 11:00:00,0.0,0.0,0.0,0.0,0.0
LSA,2021-11-27 12:00:00,0.0,0.0,0.0,0.0,0.0
LSA,2021-11-27 13:00:00,0.0,0.0,0.0,0.0,0.0
LSA,2021-11-27 14:00:00,0.0,0.0,0.0,0.0,0.0
LSA,2021-11-27 15:00:00,0.0,0.0,0.0,0.0,0.0
LSA,2021-11-27 16:00:00,0.0,0.0,0.0,0.0,0.0
LSA,2021-11-27 17:00:00,0.0,0.0,0.0,0.0,0.0
LSA,2021-11-27 18:00:00,0.0,0.0,0.0,0.0,0.0
LSA,2021-11-27 19:00:00,0.0,0.0,0.0,0.0,0.0
LSA,2021-11-27 20:00:00,0.0,0.0,0.0,0.0,0.0
LSA,2021-11-27 21:00:00,0.0,0.0,0.0,0.0,0.0
LSA,2021-11-27 22:00:00,0.0,0.0,0.0,0.0,0.0
LSA,2021-11-27 23:00:00,0.0,0.0,0.0,0.0,0.0
LSA,2021-11-28 00:00:00,15.4606,170.5771,5.163,10.2976,27.1506
LSA,2021-11-28 01:00:00,196.6837,875.1704,30.0548,166.6289,258.6413
LSA,2021-11-28 02:00:00,418.5236,1050.808,40.3416,378.182,501.7897
LSA,2021-11-28 03:00:00,598.3955,1113.2572,46.0692,552.3264,693.5969
LSA,2021-11-28 04:00:00,718.3782,1138.0555,50.4059,667.9722,820.9919
LSA,2021-11-28 05:00:00,769.4824,1144.7799,53.219,716.2633,875.2927
LSA,2021-11-28 06:00:00,746.1113,1133.5824,55.0087,691.1026,852.7988
LSA,2021-11-28 07:00:00,650.1924,1101.3059,55.458,594.7344,755.0425
LSA,2021-11-28 08:00:00,490.9485,1037.9884,53.1386,437.8098,588.6849
LSA,2021-11-28 09:00:00,285.0891,916.2606,43.4368,241.6522,365.0602
LSA,2021-11-28 10:00:00,66.4749,448.8625,18.0004,48.4745,102.5871
LSA,2021-11-28 11:00:00,0.0,0.0,0.0,0.0,0.0
LSA,2021-11-28 12:00:00,0.0,0.0,0.0,0.0,0.0
LSA,2021-11-28 13:00:00,0.0,0.0,0.0,0.0,0.0
LSA,2021-11-28 14:00:00,0.0,0.0,0.0,0.0,0.0
LSA,2021-11-28 15:00:00,0.0,0.0,0.0,0.0,0.0
LSA,2021-11-28 16:00:00,0.0,0.0,0.0,0.0,0.0
LSA,2021-11-28 17:00:00,0.0,0.0,0.0,0.0,0.0
LSA,2021-11-28 18:00:00,0.0,0.0,0.0,0.0,0.0
LSA,2021-11-28 19:00:00,0.0,0.0,0.0,0.0,0.0
LSA,2021-11-28 20:00:00,0.0,0.0,0.0,0.0,0.0
LSA,2021-11-28 21:00:00,0.0,0.0,0.0,0.0,0.0
LSA,2021-11-28 22:00:00,0.0,0.0,0.0,0.0,0.0
LSA,2021-11-28 23:00:00,0.0,0.0,0.0,0.0,0.0
LSA,2021-11-29 00:00:00,13.7061,142.2671,5.2547,8.4513,25.4638
LSA,2021-11-29 01:00:00,187.4977,817.1111,33.7499,153.7478,254.6722
LSA,2021-11-29 02:00:00,404.2526,998.6899,47.6794,356.5733,497.8665
LSA,2021-11-29 03:00:00,580.0496,1061.2141,56.539,523.5107,689.8506
LSA,2021-11-29 04:00:00,697.4745,1084.782,63.6648,633.8098,817.5419
LSA,2021-11-29 05:00:00,746.8229,1087.7291,68.8577,677.9653,872.2383
LSA,2021-11-29 06:00:00,724.1492,1072.9771,72.1828,651.9665,850.2125
LSA,2021-11-29 07:00:00,631.3865,1036.8292,73.1257,558.2608,752.9649
LSA,2021-11-29 08:00:00,475.3658,963.8435,69.8057,405.5601,587.1218
LSA,2021-11-29 09:00:00,272.8521,826.9147,54.9663,217.8858,363.9823
LSA,2021-11-29 10:00:00,61.5743,368.0672,21.0663,40.508,101.967
LSA,2021-11-29 11:00:00,0.0,0.0,0.0,0.0,0.0
LSA,2021-11-29 12:00:00,0.0,0.0,0.0,0.0,0.0
LSA,2021-11-29 13:00:00,0.0,0.0,0.0,0.0,0.0
LSA,2021-11-29 14:00:00,0.0,0.0,0.0,0.0,0.0
LSA,2021-11-29 15:00:00,0.0,0.0,0.0,0.0,0.0
LSA,2021-11-29 16:00:00,0.0,0.0,0.0,0.0,0.0
LSA,2021-11-29 17:00:00,0.0,0.0,0.0,0.0,0.0
LSA,2021-11-29 18:00:00,0.0,0.0,0.0,0.0,0.0
LSA,2021-11-29 19:00:00,0.0,0.0,0.0,0.0,0.0
LSA,2021-11-29 20:00:00,0.0,0.0,0.0,0.0,0.0
LSA,2021-11-29 21:00:00,0.0,0.0,0.0,0.0,0.0
LSA,2021-11-29 22:00:00,0.0,0.0,0.0,0.0,0.0
LSA,2021-11-29 23:00:00,0.0,0.0,0.0,0.0,0.0
LSA,2021-11-30 00:00:00,13.2491,146.9585,4.9716,8.2775,23.8407
LSA,2021-11-30 01:00:00,190.1642,849.6042,32.7112,157.4529,250.7471
LSA,2021-11-30 02:00:00,413.1695,1040.1376,44.7586,368.4108,494.002
LSA,2021-11-30 03:00:00,594.8304,1109.092,50.7363,544.0941,686.1793
LSA,2021-11-30 04:00:00,717.1707,1139.5194,54.291,662.8796,814.1833
LSA,2021-11-30 05:00:00,770.3463,1150.3311,56.0059,714.3404,869.291
LSA,2021-11-30 06:00:00,749.353,1143.8615,56.5875,692.7654,847.7468
LSA,2021-11-30 07:00:00,655.7475,1117.7191,55.8136,599.9339,751.0188
LSA,2021-11-30 08:00:00,497.5394,1061.8075,52.3678,445.1716,585.6974
LSA,2021-11-30 09:00:00,289.5591,940.0981,43.0604,246.4986,363.0464
LSA,2021-11-30 10:00:00,67.0823,456.0282,18.2027,48.8796,101.5129
LSA,2021-11-30 11:00:00,0.0,0.0,0.0,0.0,0.0
LSA,2021-11-30 12:00:00,0.0,0.0,0.0,0.0,0.0
LSA,2021-11-30 13:00:00,0.0,0.0,0.0,0.0,0.0
LSA,2021-11-30 14:00:00,0.0,0.0,0.0,0.0,0.0
LSA,2021-11-30 15:00:00,0.0,0.0,0.0,0.0,0.0
LSA,2021-11-30 16:00:00,0.0,0.0,0.0,0.0,0.0
LSA,2021-11-30 17:00:00,0.0,0.0,0.0,0.0,0.0
LSA,2021-11-30 18:00:00,0.0,0.0,0.0,0.0,0.0
LSA,2021-11-30 19:00:00,0.0,0.0,0.0,0.0,0.0
LSA,2021-11-30 20:00:00,0.0,0.0,0.0,0.0,0.0
LSA,2021-11-30 21:00:00,0.0,0.0,0.0,0.0,0.0
LSA,2021-11-30 22:00:00,0.0,0.0,0.0,0.0,0.0
LSA,2021-11-30 23:00:00,0.0,0.0,0.0,0.0,0.0
LSA,2021-12-01 00:00:00,11.2653,107.3901,5.2653,6.0,22.2812
LSA,2021-12-01 01:00:00,178.9208,762.5276,38.6577,140.2632,246.8689
LSA,2021-12-01 02:00:00,398.2774,974.8207,55.5224,342.755,490.1994
LSA,2021-12-01 03:00:00,577.6263,1051.9025,64.3719,513.2544,682.5859
LSA,2021-12-01 04:00:00,698.01,1085.6016,69.2118,628.7982,810.9189
LSA,2021-12-01 05:00:00,749.7715,1096.0496,71.5751,678.1964,866.453
LSA,2021-12-01 06:00:00,728.0118,1086.1697,72.1894,655.8224,845.4039
LSA,2021-12-01 07:00:00,634.5863,1053.1415,70.7679,563.8184,749.2056
LSA,2021-12-01 08:00:00,478.0195,985.2365,65.7371,412.2824,584.4127
LSA,2021-12-01 09:00:00,273.3966,839.4213,53.0404,220.3562,362.2526
LSA,2021-12-01 10:00:00,60.4863,354.8251,21.3005,39.1859,101.1761
LSA,2021-12-01 11:00:00,0.0,0.0,0.0,0.0,0.0
LSA,2021-12-01 12:00:00,0.0,0.0,0.0,0.0,0.0
LSA,2021-12-01 13:00:00,0.0,0.0,0.0,0.0,0.0
LSA,2021-12-01 14:00:00,0.0,0.0,0.0,0.0,0.0
LSA,2021-12-01 15:00:00,0.0,0.0,0.0,0.0,0.0
LSA,2021-12-01 16:00:00,0.0,0.0,0.0,0.0,0.0
LSA,2021-12-01 17:00:00,0.0,0.0,0.0,0.0,0.0
LSA,2021-12-01 18:00:00,0.0,0.0,0.0,0.0,0.0
LSA,2021-12-01 19:00:00,0.0,0.0,0.0,0.0,0.0
LSA,2021-12-01 20:00:00,0.0,0.0,0.0,0.0,0.0
LSA,2021-12-01 21:00:00,0.0,0.0,0.0,0.0,0.0
LSA,2021-12-01 22:00:00,0.0,0.0,0.0,0.0,0.0
LSA,2021-12-01 23:00:00,0.0,0.0,0.0,0.0,0.0
LSA,2021-12-02 00:00:00,9.6193,84.5947,4.9655,4.6538,20.7847
LSA,2021-12-02 01:00:00,167.2929,703.6356,39.1065,128.1864,243.041
LSA,2021-12-02 02:00:00,380.3278,926.6402,56.9304,323.3974,486.4619
LSA,2021-12-02 03:00:00,555.3893,1007.7546,66.3098,489.0795,679.0737
LSA,2021-12-02 04:00:00,673.1317,1043.1498,71.4548,601.6769,807.7515
LSA,2021-12-02 05:00:00,723.9288,1053.9814,74.0129,649.916,863.7269
LSA,2021-12-02 06:00:00,703.5444,1041.9449,76.2492,627.2952,843.1855
LSA,2021-12-02 07:00:00,613.4712,1003.449,77.552,535.9192,747.5267
LSA,2021-12-02 08:00:00,460.9501,926.0978,74.0815,386.8686,583.2682
LSA,2021-12-02 09:00:00,261.81,774.7662,58.6521,203.1579,361.601
LSA,2021-12-02 10:00:00,57.1673,315.7545,22.1077,35.0596,100.9562
LSA,2021-12-02 11:00:00,0.0,0.0,0.0,0.0,0.0
LSA,2021-12-02 12:00:00,0.0,0.0,0.0,0.0,0.0
LSA,2021-12-02 13:00:00,0.0,0.0,0.0,0.0,0.0
LSA,2021-12-02 14:00:00,0.0,0.0,0.0,0.0,0.0
LSA,2021-12-02 15:00:00,0.0,0.0,0.0,0.0,0.0
LSA,2021-12-02 16:00:00,0.0,0.0,0.0,0.0,0.0
LSA,2021-12-02 17:00:00,0.0,0.0,0.0,0.0,0.0
LSA,2021-12-02 18:00:00,0.0,0.0,0.0,0.0,0.0
LSA,2021-12-02 19:00:00,0.0,0.0,0.0,0.0,0.0
LSA,2021-12-02 20:00:00,0.0,0.0,0.0,0.0,0.0
LSA,2021-12-02 21:00:00,0.0,0.0,0.0,0.0,0.0
LSA,2021-12-02 22:00:00,0.0,0.0,0.0,0.0,0.0
LSA,2021-12-02 23:00:00,0.0,0.0,0.0,0.0,0.0
LSA,2021-12-03 00:00:00,8.8775,82.872,4.4474,4.43,19.4025
LSA,2021-12-03 01:00:00,162.6611,702.4172,36.6981,125.9629,239.2665
LSA,2021-12-03 02:00:00,373.0735,922.0469,53.8043,319.2692,482.7928
LSA,2021-12-03 03:00:00,546.6944,999.793,64.1103,482.5841,675.6456
LSA,2021-12-03 04:00:00,664.048,1030.9889,71.8385,592.2095,804.684
LSA,2021-12-03 05:00:00,715.3008,1038.1865,77.2538,638.0471,861.1152
LSA,2021-12-03 06:00:00,696.3462,1027.7081,79.3634,616.9827,841.0935
LSA,2021-12-03 07:00:00,608.5111,996.4257,77.6581,530.853,745.9832
LSA,2021-12-03 08:00:00,458.5861,928.3097,71.7083,386.8778,582.2645
LSA,2021-12-03 09:00:00,261.9655,789.9261,55.4734,206.4921,361.0914
LSA,2021-12-03 10:00:00,57.9247,335.7661,20.9913,36.9334,100.8525
LSA,2021-12-03 11:00:00,0.0,0.0,0.0,0.0,0.0
LSA,2021-12-03 12:00:00,0.0,0.0,0.0,0.0,0.0
LSA,2021-12-03 13:00:00,0.0,0.0,0.0,0.0,0.0
LSA,2021-12-03 14:00:00,0.0,0.0,0.0,0.0,0.0
LSA,2021-12-03 15:00:00,0.0,0.0,0.0,0.0,0.0
LSA,2021-12-03 16:00:00,0.0,0.0,0.0,0.0,0.0
LSA,2021-12-03 17:00:00,0.0,0.0,0.0,0.0,0.0
LSA,2021-12-03 18:00:00,0.0,0.0,0.0,0.0,0.0
LSA,2021-12-03 19:00:00,0.0,0.0,0.0,0.0,0.0
LSA,2021-12-03 20:00:00,0.0,0.0,0.0,0.0,0.0
LSA,2021-12-03 21:00:00,0.0,0.0,0.0,0.0,0.0
LSA,2021-12-03 22:00:00,0.0,0.0,0.0,0.0,0.0
LSA,2021-12-03 23:00:00,0.0,0.0,0.0,0.0,0.0
LSA,2021-12-04 00:00:00,8.4003,83.2625,4.0581,4.3422,18.0476
LSA,2021-12-04 01:00:00,162.7985,728.2955,34.2426,128.5559,235.5488
LSA,2021-12-04 02:00:00,375.7916,951.8479,48.7648,327.0268,479.1954
LSA,2021-12-04 03:00:00,551.2273,1029.4274,56.9705,494.2568,672.3049
LSA,2021-12-04 04:00:00,669.4661,1059.3453,63.3904,606.0757,801.7192
LSA,2021-12-04 05:00:00,721.2846,1066.7568,67.7666,653.5181,858.6199
LSA,2021-12-04 06:00:00,703.1627,1059.4972,68.7853,634.3773,839.1296
LSA,2021-12-04 07:00:00,616.3718,1035.0164,66.2369,550.1349,744.5762
LSA,2021-12-04 08:00:00,466.989,977.3909,60.5894,406.3996,581.4019
LSA,2021-12-04 09:00:00,268.7344,842.1265,48.9461,219.7883,360.7235
LSA,2021-12-04 10:00:00,59.8494,362.0462,20.1548,39.6946,100.8646
LSA,2021-12-04 11:00:00,0.0,0.0,0.0,0.0,0.0
LSA,2021-12-04 12:00:00,0.0,0.0,0.0,0.0,0.0
LSA,2021-12-04 13:00:00,0.0,0.0,0.0,0.0,0.0
LSA,2021-12-04 14:00:00,0.0,0.0,0.0,0.0,0.0
LSA,2021-12-04 15:00:00,0.0,0.0,0.0,0.0,0.0
LSA,2021-12-04 16:00:00,0.0,0.0,0.0,0.0,0.0
LSA,2021-12-04 17:00:00,0.0,0.0,0.0,0.0,0.0
LSA,2021-12-04 18:00:00,0.0,0.0,0.0,0.0,0.0
LSA,2021-12-04 19:00:00,0.0,0.0,0.0,0.0,0.0
LSA,2021-12-04 20:00:00,0.0,0.0,0.0,0.0,0.0
LSA,2021-12-04 21:00:00,0.0,0.0,0.0,0.0,0.0
LSA,2021-12-04 22:00:00,0.0,0.0,0.0,0.0,0.0
LSA,2021-12-04 23:00:00,0.0,0.0,0.0,0.0,0.0
LSA,2021-12-05 00:00:00,7.5401,68.0168,4.1515,3.3887,16.7537
LSA,2021-12-05 01:00:00,159.1539,687.3543,38.9248,120.2291,231.8912
LSA,2021-12-05 02:00:00,373.2471,924.4158,57.9318,315.3153,475.6729
LSA,2021-12-05 03:00:00,550.4146,1008.8862,68.4063,482.0083,669.0546
LSA,2021-12-05 04:00:00,670.627,1044.9512,75.0585,595.5685,798.8597
LSA,2021-12-05 05:00:00,723.8722,1055.8138,79.0263,644.8459,856.2433
LSA,2021-12-05 06:00:00,705.404,1046.4619,80.3532,625.0508,837.2953
LSA,2021-12-05 07:00:00,616.5742,1013.9823,78.6101,537.9642,743.3065
LSA,2021-12-05 08:00:00,464.8575,944.3935,72.5719,392.2856,580.6805
LSA,2021-12-05 09:00:00,264.8742,792.4775,57.7823,207.0919,360.4969
LSA,2021-12-05 10:00:00,57.8525,318.5614,22.4626,35.3899,100.9915
LSA,2021-12-05 11:00:00,0.0,0.0,0.0,0.0,0.0
LSA,2021-12-05 12:00:00,0.0,0.0,0.0,0.0,0.0
LSA,2021-12-05 13:00:00,0.0,0.0,0.0,0.0,0.0
LSA,2021-12-05 14:00:00,0.0,0.0,0.0,0.0,0.0
LSA,2021-12-05 15:00:00,0.0,0.0,0.0,0.0,0.0
LSA,2021-12-05 16:00:00,0.0,0.0,0.0,0.0,0.0
LSA,2021-12-05 17:00:00,0.0,0.0,0.0,0.0,0.0
LSA,2021-12-05 18:00:00,0.0,0.0,0.0,0.0,0.0
LSA,2021-12-05 19:00:00,0.0,0.0,0.0,0.0,0.0
LSA,2021-12-05 20:00:00,0.0,0.0,0.0,0.0,0.0
LSA,2021-12-05 21:00:00,0.0,0.0,0.0,0.0,0.0
LSA,2021-12-05 22:00:00,0.0,0.0,0.0,0.0,0.0
LSA,2021-12-05 23:00:00,0.0,0.0,0.0,0.0,0.0
LSA,2021-12-06 00:00:00,7.5225,86.816,3.3557,4.1668,15.5194
LSA,2021-12-06 01:00:00,161.8459,762.8151,31.6198,130.2261,228.296
LSA,2021-12-06 02:00:00,376.6459,976.6993,46.276,330.37,472.2276
LSA,2021-12-06 03:00:00,553.1855,1048.5878,54.8347,498.3508,665.8965
LSA,2021-12-06 04:00:00,672.1785,1075.9495,61.2631,610.9155,796.107
LSA,2021-12-06 05:00:00,724.2448,1081.3781,65.7106,658.5342,853.9865
LSA,2021-12-06 06:00:00,706.2692,1074.8083,65.8042,640.465,835.591
LSA,2021-12-06 07:00:00,619.6817,1054.3422,61.4355,558.2462,742.174
LSA,2021-12-06 08:00:00,470.4678,1003.3716,54.5596,415.9082,580.0999
LSA,2021-12-06 09:00:00,272.3712,878.1229,43.8239,228.5473,360.4104
LSA,2021-12-06 10:00:00,61.7819,399.6777,18.5219,43.26,101.2746
LSA,2021-12-06 11:00:00,0.0,0.0,0.0,0.0,0.0
LSA,2021-12-06 12:00:00,0.0,0.0,0.0,0.0,0.0
LSA,2021-12-06 13:00:00,0.0,0.0,0.0,0.0,0.0
LSA,2021-12-06 14:00:00,0.0,0.0,0.0,0.0,0.0
LSA,2021-12-06 15:00:00,0.0,0.0,0.0,0.0,0.0
LSA,2021-12-06 16:00:00,0.0,0.0,0.0,0.0,0.0
LSA,2021-12-06 17:00:00,0.0,0.0,0.0,0.0,0.0
LSA,2021-12-06 18:00:00,0.0,0.0,0.0,0.0,0.0
LSA,2021-12-06 19:00:00,0.0,0.0,0.0,0.0,0.0
LSA,2021-12-06 20:00:00,0.0,0.0,0.0,0.0,0.0
LSA,2021-12-06 21:00:00,0.0,0.0,0.0,0.0,0.0
LSA,2021-12-06 22:00:00,0.0,0.0,0.0,0.0,0.0
LSA,2021-12-06 23:00:00,0.0,0.0,0.0,0.0,0.0
LSA,2021-12-07 00:00:00,6.8263,78.6418,3.1184,3.7079,14.3918
LSA,2021-12-07 01:00:00,158.517,757.1811,30.9131,127.6039,224.7683
LSA,2021-12-07 02:00:00,373.6475,979.2406,44.7963,328.8511,468.8647
LSA,2021-12-07 03:00:00,551.0375,1052.6704,53.1849,497.8527,662.8359
LSA,2021-12-07 04:00:00,671.1411,1079.4136,60.4551,610.6859,793.4658
LSA,2021-12-07 05:00:00,724.507,1084.5199,65.8832,658.6238,851.8535
LSA,2021-12-07 06:00:00,706.9993,1075.3636,67.5598,639.4395,834.0203
LSA,2021-12-07 07:00:00,619.9203,1049.3134,65.1765,554.7438,741.1813
LSA,2021-12-07 08:00:00,469.975,990.4194,59.7301,410.2449,579.6615
LSA,2021-12-07 09:00:00,271.6629,860.7253,47.649,224.0139,360.4649
LSA,2021-12-07 10:00:00,61.7231,389.6758,19.3902,42.3329,101.638
LSA,2021-12-07 11:00:00,0.0,0.0,0.0,0.0,0.0
LSA,2021-12-07 12:00:00,0.0,0.0,0.0,0.0,0.0
LSA,2021-12-07 13:00:00,0.0,0.0,0.0,0.0,0.0
LSA,2021-12-07 14:00:00,0.0,0.0,0.0,0.0,0.0
LSA,2021-12-07 15:00:00,0.0,0.0,0.0,0.0,0.0
LSA,2021-12-07 16:00:00,0.0,0.0,0.0,0.0,0.0
LSA,2021-12-07 17:00:00,0.0,0.0,0.0,0.0,0.0
LSA,2021-12-07 18:00:00,0.0,0.0,0.0,0.0,0.0
LSA,2021-12-07 19:00:00,0.0,0.0,0.0,0.0,0.0
LSA,2021-12-07 20:00:00,0.0,0.0,0.0,0.0,0.0
LSA,2021-12-07 21:00:00,0.0,0.0,0.0,0.0,0.0
LSA,2021-12-07 22:00:00,0.0,0.0,0.0,0.0,0.0
LSA,2021-12-07 23:00:00,0.0,0.0,0.0,0.0,0.0
LSA,2021-12-08 00:00:00,5.834,52.4325,3.3908,2.4432,13.2936
LSA,2021-12-08 01:00:00,152.4224,682.2629,37.6161,114.8063,221.3105
LSA,2021-12-08 02:00:00,368.667,942.7,54.0097,314.6574,465.5863
LSA,2021-12-08 03:00:00,547.5763,1033.1338,61.1353,486.441,659.8746
LSA,2021-12-08 04:00:00,668.9968,1070.1218,65.602,603.3947,790.9376
LSA,2021-12-08 05:00:00,723.3792,1082.5883,67.6375,655.7418,849.8452
LSA,2021-12-08 06:00:00,706.5217,1074.4166,68.8937,637.6281,832.5834
LSA,2021-12-08 07:00:00,619.6434,1043.1316,68.8957,550.7477,740.3281
LSA,2021-12-08 08:00:00,469.4366,976.6078,65.1013,404.3352,579.3646
LSA,2021-12-08 09:00:00,270.0266,830.7874,53.2968,216.7298,360.6588
LSA,2021-12-08 10:00:00,60.4444,349.8068,21.7173,38.7271,102.1157
LSA,2021-12-08 11:00:00,0.0,0.0,0.0,0.0,0.0
LSA,2021-12-08 12:00:00,0.0,0.0,0.0,0.0,0.0
LSA,2021-12-08 13:00:00,0.0,0.0,0.0,0.0,0.0
LSA,2021-12-08 14:00:00,0.0,0.0,0.0,0.0,0.0
LSA,2021-12-08 15:00:00,0.0,0.0,0.0,0.0,0.0
LSA,2021-12-08 16:00:00,0.0,0.0,0.0,0.0,0.0
LSA,2021-12-08 17:00:00,0.0,0.0,0.0,0.0,0.0
LSA,2021-12-08 18:00:00,0.0,0.0,0.0,0.0,0.0
LSA,2021-12-08 19:00:00,0.0,0.0,0.0,0.0,0.0
LSA,2021-12-08 20:00:00,0.0,0.0,0.0,0.0,0.0
LSA,2021-12-08 21:00:00,0.0,0.0,0.0,0.0,0.0
LSA,2021-12-08 22:00:00,0.0,0.0,0.0,0.0,0.0
LSA,2021-12-08 23:00:00,0.0,0.0,0.0,0.0,0.0
LSA,2021-12-09 00:00:00,5.508,58.5994,2.9493,2.5587,12.2508
LSA,2021-12-09 01:00:00,151.7688,713.79,33.9611,117.8076,217.9256
LSA,2021-12-09 02:00:00,367.9313,960.4618,49.7818,318.1495,462.3954
LSA,2021-12-09 03:00:00,546.705,1041.2109,58.797,487.908,657.0151
LSA,2021-12-09 04:00:00,667.8936,1070.3555,66.3947,601.4989,788.5247
LSA,2021-12-09 05:00:00,722.1613,1076.6384,71.6352,650.5261,847.9634
LSA,2021-12-09 06:00:00,705.7855,1066.7367,73.8685,631.917,831.2814
LSA,2021-12-09 07:00:00,619.8776,1037.6576,72.6978,547.1797,739.6149
LSA,2021-12-09 08:00:00,470.4173,973.3881,67.6496,402.7677,579.209
LSA,2021-12-09 09:00:00,272.0231,837.0359,53.8083,218.2148,360.9915
LSA,2021-12-09 10:00:00,62.0406,369.7366,21.5184,40.5221,102.7066
LSA,2021-12-09 11:00:00,0.0,0.0,0.0,0.0,0.0
LSA,2021-12-09 12:00:00,0.0,0.0,0.0,0.0,0.0
LSA,2021-12-09 13:00:00,0.0,0.0,0.0,0.0,0.0
LSA,2021-12-09 14:00:00,0.0,0.0,0.0,0.0,0.0
LSA,2021-12-09 15:00:00,0.0,0.0,0.0,0.0,0.0
LSA,2021-12-09 16:00:00,0.0,0.0,0.0,0.0,0.0
LSA,2021-12-09 17:00:00,0.0,0.0,0.0,0.0,0.0
LSA,2021-12-09 18:00:00,0.0,0.0,0.0,0.0,0.0
LSA,2021-12-09 19:00:00,0.0,0.0,0.0,0.0,0.0
LSA,2021-12-09 20:00:00,0.0,0.0,0.0,0.0,0.0
LSA,2021-12-09 21:00:00,0.0,0.0,0.0,0.0,0.0
LSA,2021-12-09 22:00:00,0.0,0.0,0.0,0.0,0.0
LSA,2021-12-09 23:00:00,0.0,0.0,0.0,0.0,0.0
LSA,2021-12-10 00:00:00,4.9153,46.805,2.901,2.0143,11.2613
LSA,2021-12-10 01:00:00,148.666,684.4106,36.5777,112.0883,214.6169
LSA,2021-12-10 02:00:00,366.5652,951.1466,53.4956,313.0696,459.295
LSA,2021-12-10 03:00:00,548.2345,1043.0032,61.5448,486.6896,654.2603
LSA,2021-12-10 04:00:00,673.1579,1081.6013,67.204,605.9539,786.2292
LSA,2021-12-10 05:00:00,730.9526,1095.8121,70.3577,660.5949,846.2098
LSA,2021-12-10 06:00:00,716.727,1093.4199,70.0917,646.6353,830.1154
LSA,2021-12-10 07:00:00,631.4301,1072.9528,66.2985,565.1315,739.0419
LSA,2021-12-10 08:00:00,481.7879,1021.1448,59.6004,422.1875,579.1943
LSA,2021-12-10 09:00:00,281.7395,898.9557,47.5441,234.1954,361.462
LSA,2021-12-10 10:00:00,66.0606,426.5971,19.9383,46.1223,103.4095
LSA,2021-12-10 11:00:00,0.0,0.0,0.0,0.0,0.0
LSA,2021-12-10 12:00:00,0.0,0.0,0.0,0.0,0.0
LSA,2021-12-10 13:00:00,0.0,0.0,0.0,0.0,0.0
LSA,2021-12-10 14:00:00,0.0,0.0,0.0,0.0,0.0
LSA,2021-12-10 15:00:00,0.0,0.0,0.0,0.0,0.0
LSA,2021-12-10 16:00:00,0.0,0.0,0.0,0.0,0.0
LSA,2021-12-10 17:00:00,0.0,0.0,0.0,0.0,0.0
LSA,2021-12-10 18:00:00,0.0,0.0,0.0,0.0,0.0
LSA,2021-12-10 19:00:00,0.0,0.0,0.0,0.0,0.0
LSA,2021-12-10 20:00:00,0.0,0.0,0.0,0.0,0.0
LSA,2021-12-10 21:00:00,0.0,0.0,0.0,0.0,0.0
LSA,2021-12-10 22:00:00,0.0,0.0,0.0,0.0,0.0
LSA,2021-12-10 23:00:00,0.0,0.0,0.0,0.0,0.0
LSA,2021-12-11 00:00:00,5.2339,68.1705,2.3274,2.9065,10.3816
LSA,2021-12-11 01:00:00,157.7161,812.1248,28.6325,129.0835,211.3871
LSA,2021-12-11 02:00:00,382.5345,1048.418,40.2189,342.3156,456.288
LSA,2021-12-11 03:00:00,568.099,1124.8817,45.6099,522.4891,651.6126
LSA,2021-12-11 04:00:00,694.5457,1154.0874,49.9672,644.5784,784.0533
LSA,2021-12-11 05:00:00,752.5934,1163.6084,52.6391,699.9542,844.586
LSA,2021-12-11 06:00:00,737.8557,1159.1766,53.3373,684.5184,829.0862
LSA,2021-12-11 07:00:00,651.2947,1139.0054,51.8921,599.4027,738.6097
LSA,2021-12-11 08:00:00,499.2065,1091.4038,48.1145,451.092,579.3202
LSA,2021-12-11 09:00:00,294.7954,979.6727,39.6824,255.1129,362.0695
LSA,2021-12-11 10:00:00,71.2583,504.9832,17.4945,53.7639,104.2233
LSA,2021-12-11 11:00:00,0.0,0.0,0.0,0.0,0.0
LSA,2021-12-11 12:00:00,0.0,0.0,0.0,0.0,0.0
LSA,2021-12-11 13:00:00,0.0,0.0,0.0,0.0,0.0
LSA,2021-12-11 14:00:00,0.0,0.0,0.0,0.0,0.0
LSA,2021-12-11 15:00:00,0.0,0.0,0.0,0.0,0.0
LSA,2021-12-11 16:00:00,0.0,0.0,0.0,0.0,0.0
LSA,2021-12-11 17:00:00,0.0,0.0,0.0,0.0,0.0
LSA,2021-12-11 18:00:00,0.0,0.0,0.0,0.0,0.0
LSA,2021-12-11 19:00:00,0.0,0.0,0.0,0.0,0.0
LSA,2021-12-11 20:00:00,0.0,0.0,0.0,0.0,0.0
LSA,2021-12-11 21:00:00,0.0,0.0,0.0,0.0,0.0
LSA,2021-12-11 22:00:00,0.0,0.0,0.0,0.0,0.0
LSA,2021-12-11 23:00:00,0.0,0.0,0.0,0.0,0.0
LSA,2021-12-12 00:00:00,4.8953,70.7599,2.0911,2.8042,9.5164
LSA,2021-12-12 01:00:00,156.6994,821.5403,28.3207,128.3788,208.2393
LSA,2021-12-12 02:00:00,381.0676,1043.8896,42.6103,338.4573,453.3771
LSA,2021-12-12 03:00:00,566.704,1117.1285,49.9093,516.7947,649.0746
LSA,2021-12-12 04:00:00,694.0594,1148.9071,54.1853,639.8741,781.999
LSA,2021-12-12 05:00:00,752.6788,1159.6051,56.5175,696.1612,843.0934
LSA,2021-12-12 06:00:00,737.0657,1151.8547,57.7281,679.3375,828.1949
LSA,2021-12-12 07:00:00,648.4254,1123.3116,57.5709,590.8544,738.3182
LSA,2021-12-12 08:00:00,494.6186,1064.0551,54.5451,440.0735,579.5864
LSA,2021-12-12 09:00:00,290.403,939.3821,45.0682,245.3347,362.8128
LSA,2021-12-12 10:00:00,69.6689,463.1566,19.4797,50.1892,105.1994
LSA,2021-12-12 11:00:00,0.0,0.0,0.0,0.0,0.0
LSA,2021-12-12 12:00:00,0.0,0.0,0.0,0.0,0.0
LSA,2021-12-12 13:00:00,0.0,0.0,0.0,0.0,0.0
LSA,2021-12-12 14:00:00,0.0,0.0,0.0,0.0,0.0
LSA,2021-12-12 15:00:00,0.0,0.0,0.0,0.0,0.0
LSA,2021-12-12 16:00:00,0.0,0.0,0.0,0.0,0.0
LSA,2021-12-12 17:00:00,0.0,0.0,0.0,0.0,0.0
LSA,2021-12-12 18:00:00,0.0,0.0,0.0,0.0,0.0
LSA,2021-12-12 19:00:00,0.0,0.0,0.0,0.0,0.0
LSA,2021-12-12 20:00:00,0.0,0.0,0.0,0.0,0.0
LSA,2021-12-12 21:00:00,0.0,0.0,0.0,0.0,0.0
LSA,2021-12-12 22:00:00,0.0,0.0,0.0,0.0,0.0
LSA,2021-12-12 23:00:00,0.0,0.0,0.0,0.0,0.0
LSA,2021-12-13 00:00:00,3.4642,28.3961,2.3466,1.1176,8.6975
LSA,2021-12-13 01:00:00,136.2841,603.0755,40.3797,95.9044,205.1763
LSA,2021-12-13 02:00:00,351.0985,885.4777,65.1089,285.9896,450.5648
LSA,2021-12-13 03:00:00,531.8292,985.428,77.5236,454.3056,646.6486
LSA,2021-12-13 04:00:00,656.1667,1029.8165,84.0968,572.0698,780.0682
LSA,2021-12-13 05:00:00,713.3135,1044.9059,87.1528,626.1607,841.7333
LSA,2021-12-13 06:00:00,700.5671,1044.123,85.4919,615.0751,827.442
LSA,2021-12-13 07:00:00,618.911,1026.6541,79.1662,539.7448,738.1678
LSA,2021-12-13 08:00:00,473.0597,975.5568,69.3945,403.6652,579.9923
LSA,2021-12-13 09:00:00,275.1632,839.1777,54.7509,220.4122,363.6912
LSA,2021-12-13 10:00:00,63.63,364.4979,22.8165,40.8134,106.2536
LSA,2021-12-13 11:00:00,0.0,0.0,0.0,0.0,0.0
LSA,2021-12-13 12:00:00,0.0,0.0,0.0,0.0,0.0
LSA,2021-12-13 13:00:00,0.0,0.0,0.0,0.0,0.0
LSA,2021-12-13 14:00:00,0.0,0.0,0.0,0.0,0.0
LSA,2021-12-13 15:00:00,0.0,0.0,0.0,0.0,0.0
LSA,2021-12-13 16:00:00,0.0,0.0,0.0,0.0,0.0
LSA,2021-12-13 17:00:00,0.0,0.0,0.0,0.0,0.0
LSA,2021-12-13 18:00:00,0.0,0.0,0.0,0.0,0.0
LSA,2021-12-13 19:00:00,0.0,0.0,0.0,0.0,0.0
LSA,2021-12-13 20:00:00,0.0,0.0,0.0,0.0,0.0
LSA,2021-12-13 21:00:00,0.0,0.0,0.0,0.0,0.0
LSA,2021-12-13 22:00:00,0.0,0.0,0.0,0.0,0.0
LSA,2021-12-13 23:00:00,0.0,0.0,0.0,0.0,0.0
LSA,2021-12-14 00:00:00,3.4678,41.0026,1.8479,1.6199,7.9812
LSA,2021-12-14 01:00:00,139.9431,718.5085,29.1376,110.8055,202.2006
LSA,2021-12-14 02:00:00,355.1436,972.5219,43.4397,311.7039,447.8539
LSA,2021-12-14 03:00:00,535.6327,1057.3156,50.1827,485.45,644.3366
LSA,2021-12-14 04:00:00,660.8563,1094.4807,54.4258,606.4305,778.2626
LSA,2021-12-14 05:00:00,720.4738,1109.5057,56.6989,663.7748,840.507
LSA,2021-12-14 06:00:00,711.6628,1113.926,56.1045,655.5584,826.8284
LSA,2021-12-14 07:00:00,633.1179,1104.3204,52.7648,580.353,738.1583
LSA,2021-12-14 08:00:00,489.4055,1068.3114,47.3458,442.0597,580.5375
LSA,2021-12-14 09:00:00,290.5387,958.113,39.1958,251.3428,364.7034
LSA,2021-12-14 10:00:00,70.8796,485.1083,18.1541,52.7256,107.4172
LSA,2021-12-14 11:00:00,0.0,0.0,0.0,0.0,0.0
LSA,2021-12-14 12:00:00,0.0,0.0,0.0,0.0,0.0
LSA,2021-12-14 13:00:00,0.0,0.0,0.0,0.0,0.0
LSA,2021-12-14 14:00:00,0.0,0.0,0.0,0.0,0.0
LSA,2021-12-14 15:00:00,0.0,0.0,0.0,0.0,0.0
LSA,2021-12-14 16:00:00,0.0,0.0,0.0,0.0,0.0
LSA,2021-12-14 17:00:00,0.0,0.0,0.0,0.0,0.0
LSA,2021-12-14 18:00:00,0.0,0.0,0.0,0.0,0.0
LSA,2021-12-14 19:00:00,0.0,0.0,0.0,0.0,0.0
LSA,2021-12-14 20:00:00,0.0,0.0,0.0,0.0,0.0
LSA,2021-12-14 21:00:00,0.0,0.0,0.0,0.0,0.0
LSA,2021-12-14 22:00:00,0.0,0.0,0.0,0.0,0.0
LSA,2021-12-14 23:00:00,0.0,0.0,0.0,0.0,0.0
LSA,2021-12-15 00:00:00,3.3227,46.2262,1.6254,1.6973,7.2746
LSA,2021-12-15 01:00:00,141.6236,757.7208,26.9261,114.6975,199.3149
LSA,2021-12-15 02:00:00,359.2827,1001.5609,40.336,318.9467,445.2465
LSA,2021-12-15 03:00:00,540.3762,1077.8304,47.3969,492.9793,642.1409
LSA,2021-12-15 04:00:00,664.1829,1106.1766,52.7589,611.424,776.5839
LSA,2021-12-15 05:00:00,721.2991,1113.0542,56.4085,664.8906,839.4155
LSA,2021-12-15 06:00:00,711.1249,1114.5393,55.7226,655.4023,826.3544
LSA,2021-12-15 07:00:00,634.1439,1110.1997,50.7547,583.3892,738.2899
LSA,2021-12-15 08:00:00,491.9672,1081.526,44.1116,447.8557,581.2212
LSA,2021-12-15 09:00:00,294.1522,982.6003,35.9135,258.2387,365.8485
LSA,2021-12-15 10:00:00,73.425,521.1403,16.9154,56.5095,108.7352
LSA,2021-12-15 11:00:00,0.0,0.0,0.0,0.0,0.0
LSA,2021-12-15 12:00:00,0.0,0.0,0.0,0.0,0.0
LSA,2021-12-15 13:00:00,0.0,0.0,0.0,0.0,0.0
LSA,2021-12-15 14:00:00,0.0,0.0,0.0,0.0,0.0
LSA,2021-12-15 15:00:00,0.0,0.0,0.0,0.0,0.0
LSA,2021-12-15 16:00:00,0.0,0.0,0.0,0.0,0.0
LSA,2021-12-15 17:00:00,0.0,0.0,0.0,0.0,0.0
LSA,2021-12-15 18:00:00,0.0,0.0,0.0,0.0,0.0
LSA,2021-12-15 19:00:00,0.0,0.0,0.0,0.0,0.0
LSA,2021-12-15 20:00:00,0.0,0.0,0.0,0.0,0.0
LSA,2021-12-15 21:00:00,0.0,0.0,0.0,0.0,0.0
LSA,2021-12-15 22:00:00,0.0,0.0,0.0,0.0,0.0
LSA,2021-12-15 23:00:00,0.0,0.0,0.0,0.0,0.0
LSA,2021-12-16 00:00:00,3.1367,44.9276,1.4517,1.685,6.6455
LSA,2021-12-16 01:00:00,142.1087,782.1101,25.6773,116.4314,196.5217
LSA,2021-12-16 02:00:00,360.4502,1016.1157,38.8708,321.5794,442.745
LSA,2021-12-16 03:00:00,542.0494,1088.7452,45.7751,496.2742,640.0633
LSA,2021-12-16 04:00:00,667.2789,1117.891,50.722,616.5568,775.0336
LSA,2021-12-16 05:00:00,725.6399,1125.8341,54.0024,671.6375,838.46
LSA,2021-12-16 06:00:00,711.7211,1116.5178,55.4715,656.2496,826.0206
LSA,2021-12-16 07:00:00,626.7607,1087.6868,54.9001,571.8606,738.5623
LSA,2021-12-16 08:00:00,478.7793,1029.0485,51.731,427.0482,582.043
LSA,2021-12-16 09:00:00,282.8259,910.8883,42.4232,240.4027,367.1252
LSA,2021-12-16 10:00:00,70.1512,464.1914,18.7934,51.3578,110.1418
LSA,2021-12-16 11:00:00,0.0,0.0,0.0,0.0,0.0
LSA,2021-12-16 12:00:00,0.0,0.0,0.0,0.0,0.0
LSA,2021-12-16 13:00:00,0.0,0.0,0.0,0.0,0.0
LSA,2021-12-16 14:00:00,0.0,0.0,0.0,0.0,0.0
LSA,2021-12-16 15:00:00,0.0,0.0,0.0,0.0,0.0
LSA,2021-12-16 16:00:00,0.0,0.0,0.0,0.0,0.0
LSA,2021-12-16 17:00:00,0.0,0.0,0.0,0.0,0.0
LSA,2021-12-16 18:00:00,0.0,0.0,0.0,0.0,0.0
LSA,2021-12-16 19:00:00,0.0,0.0,0.0,0.0,0.0
LSA,2021-12-16 20:00:00,0.0,0.0,0.0,0.0,0.0
LSA,2021-12-16 21:00:00,0.0,0.0,0.0,0.0,0.0
LSA,2021-12-16 22:00:00,0.0,0.0,0.0,0.0,0.0
LSA,2021-12-16 23:00:00,0.0,0.0,0.0,0.0,0.0
LSA,2021-12-17 00:00:00,2.6264,33.4533,1.339,1.2874,6.0427
LSA,2021-12-17 01:00:00,134.9888,736.155,26.0205,108.9684,193.8232
LSA,2021-12-17 02:00:00,349.916,985.068,39.7326,310.1834,440.3516
LSA,2021-12-17 03:00:00,529.8618,1062.4052,47.1309,482.7309,638.1058
LSA,2021-12-17 04:00:00,654.2574,1092.5466,52.8826,601.3749,773.6132
LSA,2021-12-17 05:00:00,712.7373,1100.5548,56.9368,655.8005,837.6413
LSA,2021-12-17 06:00:00,701.1453,1093.6702,58.6022,642.5431,825.8273
LSA,2021-12-17 07:00:00,620.272,1069.8336,57.6127,562.6592,738.9753
LSA,2021-12-17 08:00:00,475.8709,1015.3251,53.9159,421.955,583.0019
LSA,2021-12-17 09:00:00,281.5762,895.9794,44.1473,237.429,368.5325
LSA,2021-12-17 10:00:00,70.0108,451.516,19.673,50.3377,111.6558
LSA,2021-12-17 11:00:00,0.0,0.0,0.0,0.0,0.0
LSA,2021-12-17 12:00:00,0.0,0.0,0.0,0.0,0.0
LSA,2021-12-17 13:00:00,0.0,0.0,0.0,0.0,0.0
LSA,2021-12-17 14:00:00,0.0,0.0,0.0,0.0,0.0
LSA,2021-12-17 15:00:00,0.0,0.0,0.0,0.0,0.0
LSA,2021-12-17 16:00:00,0.0,0.0,0.0,0.0,0.0
LSA,2021-12-17 17:00:00,0.0,0.0,0.0,0.0,0.0
LSA,2021-12-17 18:00:00,0.0,0.0,0.0,0.0,0.0
LSA,2021-12-17 19:00:00,0.0,0.0,0.0,0.0,0.0
LSA,2021-12-17 20:00:00,0.0,0.0,0.0,0.0,0.0
LSA,2021-12-17 21:00:00,0.0,0.0,0.0,0.0,0.0
LSA,2021-12-17 22:00:00,0.0,0.0,0.0,0.0,0.0
LSA,2021-12-17 23:00:00,0.0,0.0,0.0,0.0,0.0
LSA,2021-12-18 00:00:00,2.1567,21.5484,1.4117,0.745,5.4715
LSA,2021-12-18 01:00:00,128.9659,649.0321,32.2757,96.6902,191.2219
LSA,2021-12-18 02:00:00,344.643,937.9362,50.4762,294.1668,438.0683
LSA,2021-12-18 03:00:00,526.3253,1026.8611,61.1266,465.1986,636.27
LSA,2021-12-18 04:00:00,652.0449,1057.9713,70.7658,581.2791,772.3239
LSA,2021-12-18 05:00:00,711.6677,1064.3711,78.0536,633.6141,836.9603
LSA,2021-12-18 06:00:00,701.2454,1057.3153,80.2106,621.0348,825.7747
LSA,2021-12-18 07:00:00,622.1473,1036.7097,76.6049,545.5424,739.5287
LSA,2021-12-18 08:00:00,478.7357,983.7104,69.1948,409.541,584.0973
LSA,2021-12-18 09:00:00,283.3212,858.9043,54.5437,228.7775,370.069
LSA,2021-12-18 10:00:00,70.4082,412.6866,23.3414,47.0668,113.3342
LSA,2021-12-18 11:00:00,0.0,0.0,0.0,0.0,0.0
LSA,2021-12-18 12:00:00,0.0,0.0,0.0,0.0,0.0
LSA,2021-12-18 13:00:00,0.0,0.0,0.0,0.0,0.0
LSA,2021-12-18 14:00:00,0.0,0.0,0.0,0.0,0.0
LSA,2021-12-18 15:00:00,0.0,0.0,0.0,0.0,0.0
LSA,2021-12-18 16:00:00,0.0,0.0,0.0,0.0,0.0
LSA,2021-12-18 17:00:00,0.0,0.0,0.0,0.0,0.0
LSA,2021-12-18 18:00:00,0.0,0.0,0.0,0.0,0.0
LSA,2021-12-18 19:00:00,0.0,0.0,0.0,0.0,0.0
LSA,2021-12-18 20:00:00,0.0,0.0,0.0,0.0,0.0
LSA,2021-12-18 21:00:00,0.0,0.0,0.0,0.0,0.0
LSA,2021-12-18 22:00:00,0.0,0.0,0.0,0.0,0.0
LSA,2021-12-18 23:00:00,0.0,0.0,0.0,0.0,0.0
LSA,2021-12-19 00:00:00,2.2898,30.722,1.13,1.1597,4.9885
LSA,2021-12-19 01:00:00,136.7603,770.8632,25.6832,111.077,188.7198
LSA,2021-12-19 02:00:00,358.322,1022.3221,39.8031,318.5189,435.8972
LSA,2021-12-19 03:00:00,543.939,1099.0559,47.5155,496.4236,634.5576
LSA,2021-12-19 04:00:00,672.6049,1128.4497,53.6352,618.9697,771.1669
LSA,2021-12-19 05:00:00,734.0698,1136.5848,58.006,676.0637,836.4175
LSA,2021-12-19 06:00:00,723.2464,1128.3571,60.5014,662.7449,825.8631
LSA,2021-12-19 07:00:00,640.7936,1101.3496,60.7553,580.0383,740.222
LSA,2021-12-19 08:00:00,493.107,1043.3157,57.9158,435.1913,585.3282
LSA,2021-12-19 09:00:00,293.6798,916.6867,48.6577,245.0221,371.7334
LSA,2021-12-19 10:00:00,74.7917,460.7827,22.4825,52.3092,115.0929
LSA,2021-12-19 11:00:00,0.0,0.0,0.0,0.0,0.0
LSA,2021-12-19 12:00:00,0.0,0.0,0.0,0.0,0.0
LSA,2021-12-19 13:00:00,0.0,0.0,0.0,0.0,0.0
LSA,2021-12-19 14:00:00,0.0,0.0,0.0,0.0,0.0
LSA,2021-12-19 15:00:00,0.0,0.0,0.0,0.0,0.0
LSA,2021-12-19 16:00:00,0.0,0.0,0.0,0.0,0.0
LSA,2021-12-19 17:00:00,0.0,0.0,0.0,0.0,0.0
LSA,2021-12-19 18:00:00,0.0,0.0,0.0,0.0,0.0
LSA,2021-12-19 19:00:00,0.0,0.0,0.0,0.0,0.0
LSA,2021-12-19 20:00:00,0.0,0.0,0.0,0.0,0.0
LSA,2021-12-19 21:00:00,0.0,0.0,0.0,0.0,0.0
LSA,2021-12-19 22:00:00,0.0,0.0,0.0,0.0,0.0
LSA,2021-12-19 23:00:00,0.0,0.0,0.0,0.0,0.0
LSA,2021-12-20 00:00:00,1.9939,25.4624,1.1255,0.8684,4.5047
LSA,2021-12-20 01:00:00,135.5032,741.8547,28.7942,106.709,186.3192
LSA,2021-12-20 02:00:00,361.5416,1022.8288,44.198,317.3436,433.8401
LSA,2021-12-20 03:00:00,551.5999,1111.4014,50.8373,500.7626,632.9702
LSA,2021-12-20 04:00:00,683.9124,1148.6294,54.763,629.1494,770.1434
LSA,2021-12-20 05:00:00,748.0103,1163.1096,56.5944,691.4159,836.0136
LSA,2021-12-20 06:00:00,738.9042,1161.675,56.5241,682.3801,826.0924
LSA,2021-12-20 07:00:00,657.1931,1143.4259,54.4917,602.7014,741.0549
LSA,2021-12-20 08:00:00,509.0555,1098.3862,50.1255,458.93,586.6938
LSA,2021-12-20 09:00:00,306.807,989.8156,41.5344,265.2725,373.5244
LSA,2021-12-20 10:00:00,80.9866,544.6867,19.8294,61.1572,117.0061
LSA,2021-12-20 11:00:00,0.0,0.0,0.0,0.0,0.0
LSA,2021-12-20 12:00:00,0.0,0.0,0.0,0.0,0.0
LSA,2021-12-20 13:00:00,0.0,0.0,0.0,0.0,0.0
LSA,2021-12-20 14:00:00,0.0,0.0,0.0,0.0,0.0
LSA,2021-12-20 15:00:00,0.0,0.0,0.0,0.0,0.0
LSA,2021-12-20 16:00:00,0.0,0.0,0.0,0.0,0.0
LSA,2021-12-20 17:00:00,0.0,0.0,0.0,0.0,0.0
LSA,2021-12-20 18:00:00,0.0,0.0,0.0,0.0,0.0
LSA,2021-12-20 19:00:00,0.0,0.0,0.0,0.0,0.0
LSA,2021-12-20 20:00:00,0.0,0.0,0.0,0.0,0.0
LSA,2021-12-20 21:00:00,0.0,0.0,0.0,0.0,0.0
LSA,2021-12-20 22:00:00,0.0,0.0,0.0,0.0,0.0
LSA,2021-12-20 23:00:00,0.0,0.0,0.0,0.0,0.0
LSA,2021-12-21 00:00:00,1.8191,21.7453,1.003,0.8161,4.0974
LSA,2021-12-21 01:00:00,133.967,746.5846,28.0064,105.9606,184.0221
LSA,2021-12-21 02:00:00,359.0291,1018.9702,44.4162,314.6129,431.8989
LSA,2021-12-21 03:00:00,547.9687,1102.5111,52.4549,495.5138,631.5092
LSA,2021-12-21 04:00:00,679.1738,1136.2795,57.6119,621.5619,769.2543
LSA,2021-12-21 05:00:00,742.2012,1147.0583,60.6429,681.5583,835.7491
LSA,2021-12-21 06:00:00,732.2388,1141.1543,61.6899,670.5489,826.4626
LSA,2021-12-21 07:00:00,650.0242,1116.9022,60.5574,589.4668,742.0267
LSA,2021-12-21 08:00:00,501.861,1062.8126,56.5748,445.2862,588.1929
LSA,2021-12-21 09:00:00,300.9615,942.7202,46.781,254.1805,375.4406
LSA,2021-12-21 10:00:00,78.9826,499.4678,21.9154,57.0672,119.011
LSA,2021-12-21 11:00:00,0.0,0.0,0.0,0.0,0.0
LSA,2021-12-21 12:00:00,0.0,0.0,0.0,0.0,0.0
LSA,2021-12-21 13:00:00,0.0,0.0,0.0,0.0,0.0
LSA,2021-12-21 14:00:00,0.0,0.0,0.0,0.0,0.0
LSA,2021-12-21 15:00:00,0.0,0.0,0.0,0.0,0.0
LSA,2021-12-21 16:00:00,0.0,0.0,0.0,0.0,0.0
LSA,2021-12-21 17:00:00,0.0,0.0,0.0,0.0,0.0
LSA,2021-12-21 18:00:00,0.0,0.0,0.0,0.0,0.0
LSA,2021-12-21 19:00:00,0.0,0.0,0.0,0.0,0.0
LSA,2021-12-21 20:00:00,0.0,0.0,0.0,0.0,0.0
LSA,2021-12-21 21:00:00,0.0,0.0,0.0,0.0,0.0
LSA,2021-12-21 22:00:00,0.0,0.0,0.0,0.0,0.0
LSA,2021-12-21 23:00:00,0.0,0.0,0.0,0.0,0.0
LSA,2021-12-22 00:00:00,1.3694,13.0232,0.9419,0.4275,3.6899
LSA,2021-12-22 01:00:00,121.6222,631.5448,31.0482,90.574,181.8305
LSA,2021-12-22 02:00:00,338.3307,934.022,50.7911,287.5396,430.0753
LSA,2021-12-22 03:00:00,523.8417,1037.1106,58.5218,465.3199,630.176
LSA,2021-12-22 04:00:00,655.0127,1088.0743,60.3843,594.6284,768.5005
LSA,2021-12-22 05:00:00,720.0333,1111.8314,59.568,660.4653,835.6244
LSA,2021-12-22 06:00:00,712.5134,1110.6445,59.5648,652.9486,826.9736
LSA,2021-12-22 07:00:00,632.8812,1083.4519,60.2543,572.6269,743.1367
LSA,2021-12-22 08:00:00,488.4235,1024.6261,57.9063,430.5172,589.8243
LSA,2021-12-22 09:00:00,291.4651,888.2934,50.1572,241.3079,377.4804
LSA,2021-12-22 10:00:00,75.2193,429.4297,24.3467,50.8727,121.1677
LSA,2021-12-22 11:00:00,0.0,0.0,0.0,0.0,0.0
LSA,2021-12-22 12:00:00,0.0,0.0,0.0,0.0,0.0
LSA,2021-12-22 13:00:00,0.0,0.0,0.0,0.0,0.0
LSA,2021-12-22 14:00:00,0.0,0.0,0.0,0.0,0.0
LSA,2021-12-22 15:00:00,0.0,0.0,0.0,0.0,0.0
LSA,2021-12-22 16:00:00,0.0,0.0,0.0,0.0,0.0
LSA,2021-12-22 17:00:00,0.0,0.0,0.0,0.0,0.0
LSA,2021-12-22 18:00:00,0.0,0.0,0.0,0.0,0.0
LSA,2021-12-22 19:00:00,0.0,0.0,0.0,0.0,0.0
LSA,2021-12-22 20:00:00,0.0,0.0,0.0,0.0,0.0
LSA,2021-12-22 21:00:00,0.0,0.0,0.0,0.0,0.0
LSA,2021-12-22 22:00:00,0.0,0.0,0.0,0.0,0.0
LSA,2021-12-22 23:00:00,0.0,0.0,0.0,0.0,0.0
LSA,2021-12-23 00:00:00,1.5504,19.9365,0.74,0.8105,3.3533
LSA,2021-12-23 01:00:00,133.4788,801.4618,23.1459,110.3329,179.7466
LSA,2021-12-23 02:00:00,359.4299,1055.3906,36.5176,322.9123,428.3711
LSA,2021-12-23 03:00:00,549.5447,1132.2441,42.8708,506.6739,628.972
LSA,2021-12-23 04:00:00,682.7119,1165.0403,46.711,636.0009,767.883
LSA,2021-12-23 05:00:00,748.0295,1177.0886,48.888,699.1415,835.6397
LSA,2021-12-23 06:00:00,740.2693,1174.3417,49.4326,690.8368,827.6251
LSA,2021-12-23 07:00:00,659.9512,1155.7843,48.2413,611.7099,744.384
LSA,2021-12-23 08:00:00,513.3261,1112.1515,44.9981,468.328,591.5867
LSA,2021-12-23 09:00:00,312.6152,1009.8534,37.9032,274.712,379.642
LSA,2021-12-23 10:00:00,86.4087,592.0308,19.0411,67.3676,123.4194
LSA,2021-12-23 11:00:00,0.0,0.0,0.0,0.0,0.0
LSA,2021-12-23 12:00:00,0.0,0.0,0.0,0.0,0.0
LSA,2021-12-23 13:00:00,0.0,0.0,0.0,0.0,0.0
LSA,2021-12-23 14:00:00,0.0,0.0,0.0,0.0,0.0
LSA,2021-12-23 15:00:00,0.0,0.0,0.0,0.0,0.0
LSA,2021-12-23 16:00:00,0.0,0.0,0.0,0.0,0.0
LSA,2021-12-23 17:00:00,0.0,0.0,0.0,0.0,0.0
LSA,2021-12-23 18:00:00,0.0,0.0,0.0,0.0,0.0
LSA,2021-12-23 19:00:00,0.0,0.0,0.0,0.0,0.0
LSA,2021-12-23 20:00:00,0.0,0.0,0.0,0.0,0.0
LSA,2021-12-23 21:00:00,0.0,0.0,0.0,0.0,0.0
LSA,2021-12-23 22:00:00,0.0,0.0,0.0,0.0,0.0
LSA,2021-12-23 23:00:00,0.0,0.0,0.0,0.0,0.0
LSA,2021-12-24 00:00:00,1.2554,14.1918,0.7469,0.5085,3.0102
LSA,2021-12-24 01:00:00,126.5937,712.6686,27.8412,98.7525,177.7722
LSA,2021-12-24 02:00:00,349.6884,996.227,45.732,303.9564,426.788
LSA,2021-12-24 03:00:00,538.0703,1081.0651,55.1312,482.9391,627.8983
LSA,2021-12-24 04:00:00,669.4805,1114.0729,61.7528,607.7277,767.4024
LSA,2021-12-24 05:00:00,733.3119,1123.1713,66.1507,667.1611,835.7953
LSA,2021-12-24 06:00:00,723.7157,1108.3787,71.0746,652.6412,828.4166
LSA,2021-12-24 07:00:00,641.201,1065.8466,75.8879,565.3131,745.7679
LSA,2021-12-24 08:00:00,492.7597,985.8203,75.7688,416.9909,593.4789
LSA,2021-12-24 09:00:00,293.1059,835.573,63.3649,229.741,381.9238
LSA,2021-12-24 10:00:00,77.123,401.0508,28.4996,48.6233,125.8266
LSA,2021-12-24 11:00:00,0.0,0.0,0.0,0.0,0.0
LSA,2021-12-24 12:00:00,0.0,0.0,0.0,0.0,0.0
LSA,2021-12-24 13:00:00,0.0,0.0,0.0,0.0,0.0
LSA,2021-12-24 14:00:00,0.0,0.0,0.0,0.0,0.0
LSA,2021-12-24 15:00:00,0.0,0.0,0.0,0.0,0.0
LSA,2021-12-24 16:00:00,0.0,0.0,0.0,0.0,0.0
LSA,2021-12-24 17:00:00,0.0,0.0,0.0,0.0,0.0
LSA,2021-12-24 18:00:00,0.0,0.0,0.0,0.0,0.0
LSA,2021-12-24 19:00:00,0.0,0.0,0.0,0.0,0.0
LSA,2021-12-24 20:00:00,0.0,0.0,0.0,0.0,0.0
LSA,2021-12-24 21:00:00,0.0,0.0,0.0,0.0,0.0
LSA,2021-12-24 22:00:00,0.0,0.0,0.0,0.0,0.0
LSA,2021-12-24 23:00:00,0.0,0.0,0.0,0.0,0.0
LSA,2021-12-25 00:00:00,1.0704,8.8918,0.6614,0.409,2.7389
LSA,2021-12-25 01:00:00,121.9129,690.2864,26.6839,95.229,175.9095
LSA,2021-12-25 02:00:00,342.0458,982.4421,43.2454,298.8004,425.3276
LSA,2021-12-25 03:00:00,529.511,1072.5651,51.0726,478.4384,626.9562
LSA,2021-12-25 04:00:00,661.8088,1110.8434,56.1412,605.6676,767.0594
LSA,2021-12-25 05:00:00,727.6329,1125.1189,59.1351,668.4979,836.0912
LSA,2021-12-25 06:00:00,720.7745,1120.1116,60.5903,660.1841,829.3478
LSA,2021-12-25 07:00:00,641.6638,1094.2684,60.2999,581.3639,747.2872
LSA,2021-12-25 08:00:00,497.3517,1038.1548,57.1666,440.1851,595.4992
LSA,2021-12-25 09:00:00,301.0576,917.5629,47.9536,253.104,384.3238
LSA,2021-12-25 10:00:00,82.7966,495.6259,23.6309,59.1657,128.3246
LSA,2021-12-25 11:00:00,0.0,0.0,0.0,0.0,0.0
LSA,2021-12-25 12:00:00,0.0,0.0,0.0,0.0,0.0
LSA,2021-12-25 13:00:00,0.0,0.0,0.0,0.0,0.0
LSA,2021-12-25 14:00:00,0.0,0.0,0.0,0.0,0.0
LSA,2021-12-25 15:00:00,0.0,0.0,0.0,0.0,0.0
LSA,2021-12-25 16:00:00,0.0,0.0,0.0,0.0,0.0
LSA,2021-12-25 17:00:00,0.0,0.0,0.0,0.0,0.0
LSA,2021-12-25 18:00:00,0.0,0.0,0.0,0.0,0.0
LSA,2021-12-25 19:00:00,0.0,0.0,0.0,0.0,0.0
LSA,2021-12-25 20:00:00,0.0,0.0,0.0,0.0,0.0
LSA,2021-12-25 21:00:00,0.0,0.0,0.0,0.0,0.0
LSA,2021-12-25 22:00:00,0.0,0.0,0.0,0.0,0.0
LSA,2021-12-25 23:00:00,0.0,0.0,0.0,0.0,0.0
LSA,2021-12-26 00:00:00,0.8607,5.015,0.6631,0.1976,2.4475
LSA,2021-12-26 01:00:00,116.1755,598.9963,32.0767,84.0989,174.1603
LSA,2021-12-26 02:00:00,337.0154,939.1182,51.7973,285.2181,423.9915
LSA,2021-12-26 03:00:00,526.697,1049.3396,59.1369,467.5601,626.1469
LSA,2021-12-26 04:00:00,660.6284,1096.2445,63.0886,597.5398,766.8546
LSA,2021-12-26 05:00:00,727.9341,1116.2451,64.4127,663.5214,836.5275
LSA,2021-12-26 06:00:00,721.9982,1112.6935,65.394,656.6042,830.4178
LSA,2021-12-26 07:00:00,643.1795,1084.5018,65.7618,577.4177,748.9407
LSA,2021-12-26 08:00:00,498.8207,1024.9337,62.66,436.1606,597.646
LSA,2021-12-26 09:00:00,302.3981,900.6179,52.2924,250.1057,386.84
LSA,2021-12-26 10:00:00,84.0219,480.2123,25.6075,58.4144,130.9879
LSA,2021-12-26 11:00:00,0.0,0.0,0.0,0.0,0.0
LSA,2021-12-26 12:00:00,0.0,0.0,0.0,0.0,0.0
LSA,2021-12-26 13:00:00,0.0,0.0,0.0,0.0,0.0
LSA,2021-12-26 14:00:00,0.0,0.0,0.0,0.0,0.0
LSA,2021-12-26 15:00:00,0.0,0.0,0.0,0.0,0.0
LSA,2021-12-26 16:00:00,0.0,0.0,0.0,0.0,0.0
LSA,2021-12-26 17:00:00,0.0,0.0,0.0,0.0,0.0
LSA,2021-12-26 18:00:00,0.0,0.0,0.0,0.0,0.0
LSA,2021-12-26 19:00:00,0.0,0.0,0.0,0.0,0.0
LSA,2021-12-26 20:00:00,0.0,0.0,0.0,0.0,0.0
LSA,2021-12-26 21:00:00,0.0,0.0,0.0,0.0,0.0
LSA,2021-12-26 22:00:00,0.0,0.0,0.0,0.0,0.0
LSA,2021-12-26 23:00:00,0.0,0.0,0.0,0.0,0.0
LSA,2021-12-27 00:00:00,0.7524,3.8993,0.6138,0.1387,2.2355
LSA,2021-12-27 01:00:00,111.0133,536.256,35.7902,75.2231,172.5266
LSA,2021-12-27 02:00:00,326.9279,862.9512,65.509,261.4189,422.7814
LSA,2021-12-27 03:00:00,515.0204,977.0204,80.0007,435.0197,625.4714
LSA,2021-12-27 04:00:00,649.2757,1033.5381,85.9567,563.319,766.7885
LSA,2021-12-27 05:00:00,716.8836,1057.611,87.8276,629.056,837.1039
LSA,2021-12-27 06:00:00,711.9479,1056.9607,87.3827,624.5652,831.6262
LSA,2021-12-27 07:00:00,634.8572,1031.1162,84.5902,550.267,750.7272
LSA,2021-12-27 08:00:00,492.2863,970.7267,77.5881,414.6982,599.9174
LSA,2021-12-27 09:00:00,297.644,842.5316,61.8774,235.7666,389.4703
LSA,2021-12-27 10:00:00,82.7418,436.1016,28.7194,54.0224,133.7301
LSA,2021-12-27 11:00:00,0.0,0.0,0.0,0.0,0.0
LSA,2021-12-27 12:00:00,0.0,0.0,0.0,0.0,0.0
LSA,2021-12-27 13:00:00,0.0,0.0,0.0,0.0,0.0
LSA,2021-12-27 14:00:00,0.0,0.0,0.0,0.0,0.0
LSA,2021-12-27 15:00:00,0.0,0.0,0.0,0.0,0.0
LSA,2021-12-27 16:00:00,0.0,0.0,0.0,0.0,0.0
LSA,2021-12-27 17:00:00,0.0,0.0,0.0,0.0,0.0
LSA,2021-12-27 18:00:00,0.0,0.0,0.0,0.0,0.0
LSA,2021-12-27 19:00:00,0.0,0.0,0.0,0.0,0.0
LSA,2021-12-27 20:00:00,0.0,0.0,0.0,0.0,0.0
LSA,2021-12-27 21:00:00,0.0,0.0,0.0,0.0,0.0
LSA,2021-12-27 22:00:00,0.0,0.0,0.0,0.0,0.0
LSA,2021-12-27 23:00:00,0.0,0.0,0.0,0.0,0.0
LSA,2021-12-28 00:00:00,0.7617,3.7533,0.5218,0.2399,2.0365
LSA,2021-12-28 01:00:00,117.4553,656.9278,28.218,89.2373,171.0105
LSA,2021-12-28 02:00:00,337.807,961.471,47.8368,289.9701,421.6987
LSA,2021-12-28 03:00:00,525.7615,1053.2905,57.5314,468.2301,624.9307
LSA,2021-12-28 04:00:00,657.8121,1090.6896,63.4373,594.3748,766.8614
LSA,2021-12-28 05:00:00,723.0988,1102.3596,66.9332,656.1656,837.8203
LSA,2021-12-28 06:00:00,716.8105,1096.297,67.999,648.8115,832.9719
LSA,2021-12-28 07:00:00,639.5597,1071.3182,66.4488,573.1108,752.6452
LSA,2021-12-28 08:00:00,497.3928,1015.7337,61.8955,435.4973,602.3116
LSA,2021-12-28 09:00:00,303.0007,892.0151,51.8397,251.161,392.2122
LSA,2021-12-28 10:00:00,86.1326,478.0575,26.5853,59.5473,136.6532
LSA,2021-12-28 11:00:00,0.0,0.0,0.0,0.0,0.0
LSA,2021-12-28 12:00:00,0.0,0.0,0.0,0.0,0.0
LSA,2021-12-28 13:00:00,0.0,0.0,0.0,0.0,0.0
LSA,2021-12-28 14:00:00,0.0,0.0,0.0,0.0,0.0
LSA,2021-12-28 15:00:00,0.0,0.0,0.0,0.0,0.0
LSA,2021-12-28 16:00:00,0.0,0.0,0.0,0.0,0.0
LSA,2021-12-28 17:00:00,0.0,0.0,0.0,0.0,0.0
LSA,2021-12-28 18:00:00,0.0,0.0,0.0,0.0,0.0
LSA,2021-12-28 19:00:00,0.0,0.0,0.0,0.0,0.0
LSA,2021-12-28 20:00:00,0.0,0.0,0.0,0.0,0.0
LSA,2021-12-28 21:00:00,0.0,0.0,0.0,0.0,0.0
LSA,2021-12-28 22:00:00,0.0,0.0,0.0,0.0,0.0
LSA,2021-12-28 23:00:00,0.0,0.0,0.0,0.0,0.0
LSA,2021-12-29 00:00:00,0.5941,1.8841,0.4946,0.0995,1.8234
LSA,2021-12-29 01:00:00,108.8197,551.4496,32.2727,76.547,169.6138
LSA,2021-12-29 02:00:00,324.5449,893.2571,55.2692,269.2757,420.745
LSA,2021-12-29 03:00:00,510.0706,991.3257,69.7716,440.299,624.5259
LSA,2021-12-29 04:00:00,640.3281,1018.4941,85.2332,555.0948,767.0738
LSA,2021-12-29 05:00:00,705.1556,1018.7363,98.2082,606.9474,838.6763
LSA,2021-12-29 06:00:00,701.0347,1015.5383,99.0288,602.0059,834.4539
LSA,2021-12-29 07:00:00,628.2267,1008.0808,87.6145,540.6123,754.6931
LSA,2021-12-29 08:00:00,490.7696,970.4012,73.1742,417.5953,604.8265
LSA,2021-12-29 09:00:00,301.1653,865.9323,55.8103,245.3549,395.0634
LSA,2021-12-29 10:00:00,87.6289,480.3422,27.3029,60.326,139.6931
LSA,2021-12-29 11:00:00,0.0,0.0,0.0,0.0,0.0
LSA,2021-12-29 12:00:00,0.0,0.0,0.0,0.0,0.0
LSA,2021-12-29 13:00:00,0.0,0.0,0.0,0.0,0.0
LSA,2021-12-29 14:00:00,0.0,0.0,0.0,0.0,0.0
LSA,2021-12-29 15:00:00,0.0,0.0,0.0,0.0,0.0
LSA,2021-12-29 16:00:00,0.0,0.0,0.0,0.0,0.0
LSA,2021-12-29 17:00:00,0.0,0.0,0.0,0.0,0.0
LSA,2021-12-29 18:00:00,0.0,0.0,0.0,0.0,0.0
LSA,2021-12-29 19:00:00,0.0,0.0,0.0,0.0,0.0
LSA,2021-12-29 20:00:00,0.0,0.0,0.0,0.0,0.0
LSA,2021-12-29 21:00:00,0.0,0.0,0.0,0.0,0.0
LSA,2021-12-29 22:00:00,0.0,0.0,0.0,0.0,0.0
LSA,2021-12-29 23:00:00,0.0,0.0,0.0,0.0,0.0
LSA,2021-12-30 00:00:00,0.5424,1.7777,0.4562,0.0862,1.6759
LSA,2021-12-30 01:00:00,108.4556,547.9506,32.6468,75.8089,168.3385
LSA,2021-12-30 02:00:00,326.0719,898.0042,55.8336,270.2383,419.9217
LSA,2021-12-30 03:00:00,516.0193,1015.7546,64.7605,451.2588,624.2576
LSA,2021-12-30 04:00:00,652.7544,1071.7919,68.2064,584.548,767.4258
LSA,2021-12-30 05:00:00,723.7449,1098.3571,68.5623,655.1825,839.6714
LSA,2021-12-30 06:00:00,722.567,1103.5795,67.1122,655.4549,836.0712
LSA,2021-12-30 07:00:00,649.1132,1087.9482,63.9832,585.13,756.8691
LSA,2021-12-30 08:00:00,509.597,1044.4401,58.2051,451.3919,607.4597
LSA,2021-12-30 09:00:00,315.1407,933.4669,48.7735,266.3672,398.0213
LSA,2021-12-30 10:00:00,93.8271,536.7021,26.3052,67.5219,142.821
LSA,2021-12-30 11:00:00,0.0,0.0,0.0,0.0,0.0
LSA,2021-12-30 12:00:00,0.0,0.0,0.0,0.0,0.0
LSA,2021-12-30 13:00:00,0.0,0.0,0.0,0.0,0.0
LSA,2021-12-30 14:00:00,0.0,0.0,0.0,0.0,0.0
LSA,2021-12-30 15:00:00,0.0,0.0,0.0,0.0,0.0
LSA,2021-12-30 16:00:00,0.0,0.0,0.0,0.0,0.0
LSA,2021-12-30 17:00:00,0.0,0.0,0.0,0.0,0.0
LSA,2021-12-30 18:00:00,0.0,0.0,0.0,0.0,0.0
LSA,2021-12-30 19:00:00,0.0,0.0,0.0,0.0,0.0
LSA,2021-12-30 20:00:00,0.0,0.0,0.0,0.0,0.0
LSA,2021-12-30 21:00:00,0.0,0.0,0.0,0.0,0.0
LSA,2021-12-30 22:00:00,0.0,0.0,0.0,0.0,0.0
LSA,2021-12-30 23:00:00,0.0,0.0,0.0,0.0,0.0
LSA,2021-12-31 00:00:00,0.5498,0.0,0.397,0.1528,1.5402
LSA,2021-12-31 01:00:00,113.6628,635.0252,28.5194,85.1434,167.1865
LSA,2021-12-31 02:00:00,334.3926,947.3183,50.3197,284.0729,419.2303
LSA,2021-12-31 03:00:00,524.4451,1041.2891,62.1866,462.2584,624.1269
LSA,2021-12-31 04:00:00,659.7073,1079.8986,70.4862,589.221,767.9176
LSA,2021-12-31 05:00:00,728.3595,1091.8347,76.2448,652.1147,840.8052
LSA,2021-12-31 06:00:00,725.3691,1087.3765,78.199,647.1702,837.8226
LSA,2021-12-31 07:00:00,650.7719,1065.2891,76.0537,574.7182,759.1714
LSA,2021-12-31 08:00:00,509.7079,1011.8222,70.2995,439.4084,610.209
LSA,2021-12-31 09:00:00,314.9664,896.8125,57.111,257.8554,401.0832
LSA,2021-12-31 10:00:00,95.033,519.0607,28.9452,66.0878,146.0399
LSA,2021-12-31 11:00:00,0.0221,0.0,0.0211,0.001,0.0843
LSA,2021-12-31 12:00:00,0.0,0.0,0.0,0.0,0.0
LSA,2021-12-31 13:00:00,0.0,0.0,0.0,0.0,0.0
LSA,2021-12-31 14:00:00,0.0,0.0,0.0,0.0,0.0
LSA,2021-12-31 15:00:00,0.0,0.0,0.0,0.0,0.0
LSA,2021-12-31 16:00:00,0.0,0.0,0.0,0.0,0.0
LSA,2021-12-31 17:00:00,0.0,0.0,0.0,0.0,0.0
LSA,2021-12-31 18:00:00,0.0,0.0,0.0,0.0,0.0
LSA,2021-12-31 19:00:00,0.0,0.0,0.0,0.0,0.0
LSA,2021-12-31 20:00:00,0.0,0.0,0.0,0.0,0.0
LSA,2021-12-31 21:00:00,0.0,0.0,0.0,0.0,0.0
LSA,2021-12-31 22:00:00,0.0,0.0,0.0,0.0,0.0
LSA,2021-12-31 23:00:00,0.0,0.0,0.0,0.0,0.0
