Timestamp,AOD_550nm,site_name,lat,lon,height
2024-07-01 00:10:49,0.07915,Waliguan,36.28333,100.9,3816.5
2024-07-01 00:12:55,0.078651,Waliguan,36.28333,100.9,3816.5
2024-07-01 00:15:55,0.080906,Waliguan,36.28333,100.9,3816.5
2024-07-01 00:18:30,0.083441,Waliguan,36.28333,100.9,3816.5
2024-07-01 00:21:56,0.084103,Waliguan,36.28333,100.9,3816.5
2024-07-01 00:36:55,0.095858,Waliguan,36.28333,100.9,3816.5
2024-07-01 01:09:55,0.099455,Waliguan,36.28333,100.9,3816.5
2024-07-01 01:50:54,0.1157,Waliguan,36.28333,100.9,3816.5
2024-07-01 04:55:05,0.228986,Waliguan,36.28333,100.9,3816.5
2024-07-01 04:57:59,0.246367,Waliguan,36.28333,100.9,3816.5
2024-07-01 07:31:00,0.227955,Waliguan,36.28333,100.9,3816.5
2024-07-01 07:57:59,0.215163,Waliguan,36.28333,100.9,3816.5
2024-07-01 08:05:54,0.180742,Waliguan,36.28333,100.9,3816.5
2024-07-01 08:09:59,0.191263,Waliguan,36.28333,100.9,3816.5
2024-07-01 08:12:58,0.187562,Waliguan,36.28333,100.9,3816.5
2024-07-01 08:33:58,0.210651,Waliguan,36.28333,100.9,3816.5
2024-07-01 08:35:54,0.201977,Waliguan,36.28333,100.9,3816.5
2024-07-01 08:39:58,0.193386,Waliguan,36.28333,100.9,3816.5
2024-07-01 08:42:58,0.182571,Waliguan,36.28333,100.9,3816.5
2024-07-01 08:48:58,0.175644,Waliguan,36.28333,100.9,3816.5
2024-07-01 08:50:54,0.150773,Waliguan,36.28333,100.9,3816.5
2024-07-01 08:54:59,0.176655,Waliguan,36.28333,100.9,3816.5
2024-07-01 08:57:58,0.170914,Waliguan,36.28333,100.9,3816.5
2024-07-01 09:00:58,0.159665,Waliguan,36.28333,100.9,3816.5
2024-07-01 09:03:57,0.152641,Waliguan,36.28333,100.9,3816.5
2024-07-01 09:05:53,0.126817,Waliguan,36.28333,100.9,3816.5
2024-07-01 09:12:57,0.148377,Waliguan,36.28333,100.9,3816.5
2024-07-01 09:15:57,0.141442,Waliguan,36.28333,100.9,3816.5
2024-07-01 09:18:57,0.11754,Waliguan,36.28333,100.9,3816.5
2024-07-01 09:20:55,0.103509,Waliguan,36.28333,100.9,3816.5
2024-07-01 09:27:02,0.123508,Waliguan,36.28333,100.9,3816.5
2024-07-01 09:36:57,0.150133,Waliguan,36.28333,100.9,3816.5
2024-07-01 09:39:57,0.137059,Waliguan,36.28333,100.9,3816.5
2024-07-01 09:45:57,0.097497,Waliguan,36.28333,100.9,3816.5
2024-07-01 09:48:57,0.117709,Waliguan,36.28333,100.9,3816.5
2024-07-01 09:51:56,0.124457,Waliguan,36.28333,100.9,3816.5
2024-07-01 09:54:56,0.123151,Waliguan,36.28333,100.9,3816.5
2024-07-01 09:56:53,0.104139,Waliguan,36.28333,100.9,3816.5
2024-07-01 10:06:56,0.135775,Waliguan,36.28333,100.9,3816.5
2024-07-01 10:09:57,0.127149,Waliguan,36.28333,100.9,3816.5
2024-07-01 10:11:52,0.105665,Waliguan,36.28333,100.9,3816.5
2024-07-01 10:15:54,0.124355,Waliguan,36.28333,100.9,3816.5
2024-07-01 10:18:57,0.125913,Waliguan,36.28333,100.9,3816.5
2024-07-01 10:30:56,0.121164,Waliguan,36.28333,100.9,3816.5
2024-07-01 10:33:28,0.107421,Waliguan,36.28333,100.9,3816.5
2024-07-01 10:36:57,0.098246,Waliguan,36.28333,100.9,3816.5
2024-07-01 10:39:56,0.089129,Waliguan,36.28333,100.9,3816.5
2024-07-01 10:42:07,0.079404,Waliguan,36.28333,100.9,3816.5
2024-07-01 10:45:54,0.096532,Waliguan,36.28333,100.9,3816.5
2024-07-01 10:48:56,0.092036,Waliguan,36.28333,100.9,3816.5
2024-07-01 10:50:52,0.081431,Waliguan,36.28333,100.9,3816.5
2024-07-01 10:58:57,0.111934,Waliguan,36.28333,100.9,3816.5
2024-07-01 11:27:54,0.080326,Waliguan,36.28333,100.9,3816.5
2024-07-01 11:30:52,0.074016,Waliguan,36.28333,100.9,3816.5
2024-07-01 11:33:56,0.064915,Waliguan,36.28333,100.9,3816.5
2024-07-01 11:36:30,0.060295,Waliguan,36.28333,100.9,3816.5
2024-07-01 11:39:56,0.068283,Waliguan,36.28333,100.9,3816.5
2024-07-01 11:41:53,0.063807,Waliguan,36.28333,100.9,3816.5
2024-07-01 23:00:56,0.172415,Waliguan,36.28333,100.9,3816.5
2024-07-01 23:02:53,0.18983,Waliguan,36.28333,100.9,3816.5
2024-07-02 01:24:16,0.932276,Waliguan,36.28333,100.9,3816.5
2024-07-02 04:00:57,4.075889,Waliguan,36.28333,100.9,3816.5
2024-07-03 03:27:57,0.142024,Waliguan,36.28333,100.9,3816.5
2024-07-03 03:30:57,0.123013,Waliguan,36.28333,100.9,3816.5
2024-07-03 03:33:59,0.121923,Waliguan,36.28333,100.9,3816.5
2024-07-03 03:36:14,0.11619,Waliguan,36.28333,100.9,3816.5
2024-07-03 03:39:55,0.123596,Waliguan,36.28333,100.9,3816.5
2024-07-03 03:42:57,0.124204,Waliguan,36.28333,100.9,3816.5
2024-07-03 03:45:57,0.136106,Waliguan,36.28333,100.9,3816.5
2024-07-03 03:48:57,0.134763,Waliguan,36.28333,100.9,3816.5
2024-07-03 03:51:14,0.146224,Waliguan,36.28333,100.9,3816.5
2024-07-03 07:51:16,0.251227,Waliguan,36.28333,100.9,3816.5
2024-07-03 08:18:58,0.238919,Waliguan,36.28333,100.9,3816.5
2024-07-03 08:21:16,0.229459,Waliguan,36.28333,100.9,3816.5
2024-07-03 08:36:15,0.207356,Waliguan,36.28333,100.9,3816.5
2024-07-03 08:39:58,0.204244,Waliguan,36.28333,100.9,3816.5
2024-07-03 08:42:58,0.203573,Waliguan,36.28333,100.9,3816.5
2024-07-03 09:06:15,0.10728,Waliguan,36.28333,100.9,3816.5
2024-07-03 09:09:59,0.170676,Waliguan,36.28333,100.9,3816.5
2024-07-03 10:21:56,0.136408,Waliguan,36.28333,100.9,3816.5
2024-07-03 10:23:53,0.134336,Waliguan,36.28333,100.9,3816.5
2024-07-03 10:27:56,0.136599,Waliguan,36.28333,100.9,3816.5
2024-07-03 10:30:57,0.134728,Waliguan,36.28333,100.9,3816.5
2024-07-03 10:33:26,0.128987,Waliguan,36.28333,100.9,3816.5
2024-07-03 10:36:56,0.128061,Waliguan,36.28333,100.9,3816.5
2024-07-03 10:39:56,0.127862,Waliguan,36.28333,100.9,3816.5
2024-07-03 10:45:56,0.128665,Waliguan,36.28333,100.9,3816.5
2024-07-03 10:48:56,0.127724,Waliguan,36.28333,100.9,3816.5
2024-07-03 10:50:51,0.126771,Waliguan,36.28333,100.9,3816.5
2024-07-03 11:05:25,0.109716,Waliguan,36.28333,100.9,3816.5
2024-07-03 11:07:29,0.105444,Waliguan,36.28333,100.9,3816.5
2024-07-03 11:09:33,0.098395,Waliguan,36.28333,100.9,3816.5
2024-07-03 11:11:36,0.088796,Waliguan,36.28333,100.9,3816.5
2024-07-03 11:24:36,0.077292,Waliguan,36.28333,100.9,3816.5
2024-07-03 11:27:56,0.090599,Waliguan,36.28333,100.9,3816.5
2024-07-03 11:30:47,0.091587,Waliguan,36.28333,100.9,3816.5
2024-07-04 09:48:57,0.096839,Waliguan,36.28333,100.9,3816.5
2024-07-04 10:42:00,0.074172,Waliguan,36.28333,100.9,3816.5
2024-07-04 10:45:56,0.082923,Waliguan,36.28333,100.9,3816.5
2024-07-04 10:48:56,0.080539,Waliguan,36.28333,100.9,3816.5
2024-07-04 10:50:53,0.073472,Waliguan,36.28333,100.9,3816.5
2024-07-04 10:58:55,0.063358,Waliguan,36.28333,100.9,3816.5
2024-07-04 11:05:26,0.06695,Waliguan,36.28333,100.9,3816.5
2024-07-04 11:07:32,0.060368,Waliguan,36.28333,100.9,3816.5
2024-07-04 11:09:39,0.056554,Waliguan,36.28333,100.9,3816.5
2024-07-04 11:11:45,0.057581,Waliguan,36.28333,100.9,3816.5
2024-07-04 11:15:15,0.057856,Waliguan,36.28333,100.9,3816.5
2024-07-04 11:24:29,0.057097,Waliguan,36.28333,100.9,3816.5
2024-07-04 11:27:55,0.05811,Waliguan,36.28333,100.9,3816.5
2024-07-04 11:30:41,0.054491,Waliguan,36.28333,100.9,3816.5
2024-07-04 11:33:55,0.054756,Waliguan,36.28333,100.9,3816.5
2024-07-04 11:36:18,0.05159,Waliguan,36.28333,100.9,3816.5
2024-07-04 11:39:57,0.054867,Waliguan,36.28333,100.9,3816.5
2024-07-04 11:41:55,0.052394,Waliguan,36.28333,100.9,3816.5
2024-07-04 11:44:57,0.052968,Waliguan,36.28333,100.9,3816.5
2024-07-04 11:48:23,0.054588,Waliguan,36.28333,100.9,3816.5
2024-07-04 22:54:54,0.195921,Waliguan,36.28333,100.9,3816.5
2024-07-04 22:57:55,0.197143,Waliguan,36.28333,100.9,3816.5
2024-07-04 23:00:07,0.199269,Waliguan,36.28333,100.9,3816.5
2024-07-04 23:02:17,0.200578,Waliguan,36.28333,100.9,3816.5
2024-07-04 23:06:55,0.200829,Waliguan,36.28333,100.9,3816.5
2024-07-04 23:08:55,0.20056,Waliguan,36.28333,100.9,3816.5
2024-07-04 23:12:32,0.204297,Waliguan,36.28333,100.9,3816.5
2024-07-04 23:15:56,0.202543,Waliguan,36.28333,100.9,3816.5
2024-07-04 23:18:55,0.204382,Waliguan,36.28333,100.9,3816.5
2024-07-04 23:21:10,0.201106,Waliguan,36.28333,100.9,3816.5
2024-07-04 23:24:55,0.203021,Waliguan,36.28333,100.9,3816.5
2024-07-04 23:27:55,0.203389,Waliguan,36.28333,100.9,3816.5
2024-07-04 23:29:52,0.202286,Waliguan,36.28333,100.9,3816.5
2024-07-04 23:39:28,0.215731,Waliguan,36.28333,100.9,3816.5
2024-07-04 23:41:36,0.215543,Waliguan,36.28333,100.9,3816.5
2024-07-04 23:43:45,0.210846,Waliguan,36.28333,100.9,3816.5
2024-07-04 23:45:55,0.203622,Waliguan,36.28333,100.9,3816.5
2024-07-04 23:47:55,0.203546,Waliguan,36.28333,100.9,3816.5
2024-07-04 23:51:53,0.204919,Waliguan,36.28333,100.9,3816.5
2024-07-04 23:53:52,0.206832,Waliguan,36.28333,100.9,3816.5
2024-07-05 00:02:03,0.223793,Waliguan,36.28333,100.9,3816.5
2024-07-05 00:08:34,0.224302,Waliguan,36.28333,100.9,3816.5
2024-07-05 00:10:39,0.219555,Waliguan,36.28333,100.9,3816.5
2024-07-05 00:12:55,0.209263,Waliguan,36.28333,100.9,3816.5
2024-07-05 00:15:56,0.19747,Waliguan,36.28333,100.9,3816.5
2024-07-05 00:18:56,0.197719,Waliguan,36.28333,100.9,3816.5
2024-07-05 00:20:52,0.1956,Waliguan,36.28333,100.9,3816.5
2024-07-05 00:24:55,0.194375,Waliguan,36.28333,100.9,3816.5
2024-07-05 00:27:55,0.193405,Waliguan,36.28333,100.9,3816.5
2024-07-05 00:30:56,0.193205,Waliguan,36.28333,100.9,3816.5
2024-07-05 00:32:52,0.195702,Waliguan,36.28333,100.9,3816.5
2024-07-05 00:36:55,0.20751,Waliguan,36.28333,100.9,3816.5
2024-07-05 00:39:56,0.213998,Waliguan,36.28333,100.9,3816.5
2024-07-05 00:42:55,0.216904,Waliguan,36.28333,100.9,3816.5
2024-07-05 00:45:55,0.20609,Waliguan,36.28333,100.9,3816.5
2024-07-05 00:47:53,0.200457,Waliguan,36.28333,100.9,3816.5
2024-07-05 00:57:55,0.241547,Waliguan,36.28333,100.9,3816.5
2024-07-05 01:00:56,0.234427,Waliguan,36.28333,100.9,3816.5
2024-07-05 01:03:55,0.230178,Waliguan,36.28333,100.9,3816.5
2024-07-05 01:06:56,0.206508,Waliguan,36.28333,100.9,3816.5
2024-07-05 01:09:55,0.198081,Waliguan,36.28333,100.9,3816.5
2024-07-05 01:12:55,0.195984,Waliguan,36.28333,100.9,3816.5
2024-07-05 01:15:56,0.196286,Waliguan,36.28333,100.9,3816.5
2024-07-05 01:17:52,0.198045,Waliguan,36.28333,100.9,3816.5
2024-07-05 01:33:56,0.22781,Waliguan,36.28333,100.9,3816.5
2024-07-05 01:36:32,0.218086,Waliguan,36.28333,100.9,3816.5
2024-07-05 01:39:55,0.216291,Waliguan,36.28333,100.9,3816.5
2024-07-05 02:06:33,0.210095,Waliguan,36.28333,100.9,3816.5
2024-07-05 05:21:44,0.207753,Waliguan,36.28333,100.9,3816.5
2024-07-05 05:28:02,0.197823,Waliguan,36.28333,100.9,3816.5
2024-07-05 05:31:02,0.194234,Waliguan,36.28333,100.9,3816.5
2024-07-05 05:34:01,0.197355,Waliguan,36.28333,100.9,3816.5
2024-07-05 05:36:39,0.19359,Waliguan,36.28333,100.9,3816.5
2024-07-05 05:40:02,0.198383,Waliguan,36.28333,100.9,3816.5
2024-07-05 05:43:02,0.19535,Waliguan,36.28333,100.9,3816.5
2024-07-05 05:46:04,0.197484,Waliguan,36.28333,100.9,3816.5
2024-07-05 05:49:02,0.197639,Waliguan,36.28333,100.9,3816.5
2024-07-05 05:51:39,0.190657,Waliguan,36.28333,100.9,3816.5
2024-07-05 05:55:02,0.201388,Waliguan,36.28333,100.9,3816.5
2024-07-05 05:58:02,0.198999,Waliguan,36.28333,100.9,3816.5
2024-07-05 06:01:03,0.199381,Waliguan,36.28333,100.9,3816.5
2024-07-05 06:04:02,0.203902,Waliguan,36.28333,100.9,3816.5
2024-07-05 06:06:39,0.20234,Waliguan,36.28333,100.9,3816.5
2024-07-05 06:10:02,0.19784,Waliguan,36.28333,100.9,3816.5
2024-07-05 06:13:02,0.197135,Waliguan,36.28333,100.9,3816.5
2024-07-05 06:16:02,0.197876,Waliguan,36.28333,100.9,3816.5
2024-07-05 06:19:02,0.197069,Waliguan,36.28333,100.9,3816.5
2024-07-05 06:21:40,0.197149,Waliguan,36.28333,100.9,3816.5
2024-07-05 06:28:02,0.205244,Waliguan,36.28333,100.9,3816.5
2024-07-05 06:31:03,0.196156,Waliguan,36.28333,100.9,3816.5
2024-07-05 06:34:02,0.198935,Waliguan,36.28333,100.9,3816.5
2024-07-05 06:36:38,0.196208,Waliguan,36.28333,100.9,3816.5
2024-07-05 06:46:01,0.204394,Waliguan,36.28333,100.9,3816.5
2024-07-05 06:49:01,0.201034,Waliguan,36.28333,100.9,3816.5
2024-07-05 06:51:38,0.198879,Waliguan,36.28333,100.9,3816.5
2024-07-05 06:58:00,0.210402,Waliguan,36.28333,100.9,3816.5
2024-07-05 07:06:38,0.200418,Waliguan,36.28333,100.9,3816.5
2024-07-05 07:19:00,0.191706,Waliguan,36.28333,100.9,3816.5
2024-07-05 07:21:38,0.205551,Waliguan,36.28333,100.9,3816.5
2024-07-05 07:28:00,0.216172,Waliguan,36.28333,100.9,3816.5
2024-07-05 07:30:59,0.186937,Waliguan,36.28333,100.9,3816.5
2024-07-05 07:33:59,0.201564,Waliguan,36.28333,100.9,3816.5
2024-07-05 07:36:36,0.211216,Waliguan,36.28333,100.9,3816.5
2024-07-05 07:39:59,0.201673,Waliguan,36.28333,100.9,3816.5
2024-07-05 07:42:59,0.208111,Waliguan,36.28333,100.9,3816.5
2024-07-05 07:45:59,0.215958,Waliguan,36.28333,100.9,3816.5
2024-07-05 07:48:59,0.216657,Waliguan,36.28333,100.9,3816.5
2024-07-05 08:06:36,0.250683,Waliguan,36.28333,100.9,3816.5
2024-07-05 08:09:59,0.245396,Waliguan,36.28333,100.9,3816.5
2024-07-05 08:18:58,0.204607,Waliguan,36.28333,100.9,3816.5
2024-07-05 08:21:37,0.209496,Waliguan,36.28333,100.9,3816.5
2024-07-05 08:29:34,0.214287,Waliguan,36.28333,100.9,3816.5
2024-07-05 08:36:34,0.216312,Waliguan,36.28333,100.9,3816.5
2024-07-05 08:39:59,0.212006,Waliguan,36.28333,100.9,3816.5
2024-07-05 08:42:58,0.200034,Waliguan,36.28333,100.9,3816.5
2024-07-05 08:45:58,0.202181,Waliguan,36.28333,100.9,3816.5
2024-07-05 08:48:58,0.205804,Waliguan,36.28333,100.9,3816.5
2024-07-05 08:51:35,0.206474,Waliguan,36.28333,100.9,3816.5
2024-07-05 08:54:58,0.202949,Waliguan,36.28333,100.9,3816.5
2024-07-05 08:57:58,0.209454,Waliguan,36.28333,100.9,3816.5
2024-07-05 09:00:58,0.213536,Waliguan,36.28333,100.9,3816.5
2024-07-05 09:04:01,0.208184,Waliguan,36.28333,100.9,3816.5
2024-07-05 09:06:36,0.205087,Waliguan,36.28333,100.9,3816.5
2024-07-05 09:09:57,0.213606,Waliguan,36.28333,100.9,3816.5
2024-07-05 09:12:58,0.206397,Waliguan,36.28333,100.9,3816.5
2024-07-05 09:36:58,0.197527,Waliguan,36.28333,100.9,3816.5
2024-07-05 09:39:57,0.188071,Waliguan,36.28333,100.9,3816.5
2024-07-05 09:54:57,0.170997,Waliguan,36.28333,100.9,3816.5
2024-07-05 09:56:53,0.159842,Waliguan,36.28333,100.9,3816.5
2024-07-05 10:09:57,0.149067,Waliguan,36.28333,100.9,3816.5
2024-07-05 10:11:52,0.149325,Waliguan,36.28333,100.9,3816.5
2024-07-05 10:15:56,0.155274,Waliguan,36.28333,100.9,3816.5
2024-07-05 10:18:57,0.153938,Waliguan,36.28333,100.9,3816.5
2024-07-05 10:27:56,0.161528,Waliguan,36.28333,100.9,3816.5
2024-07-05 10:48:56,0.152014,Waliguan,36.28333,100.9,3816.5
2024-07-05 10:50:51,0.14274,Waliguan,36.28333,100.9,3816.5
2024-07-05 11:27:56,0.149117,Waliguan,36.28333,100.9,3816.5
2024-07-05 11:30:35,0.158282,Waliguan,36.28333,100.9,3816.5
2024-07-05 22:55:22,0.083256,Waliguan,36.28333,100.9,3816.5
2024-07-05 22:57:53,0.082622,Waliguan,36.28333,100.9,3816.5
2024-07-06 08:18:58,0.111564,Waliguan,36.28333,100.9,3816.5
2024-07-06 09:03:58,0.131874,Waliguan,36.28333,100.9,3816.5
2024-07-06 09:06:46,0.116111,Waliguan,36.28333,100.9,3816.5
2024-07-06 10:18:56,0.153419,Waliguan,36.28333,100.9,3816.5
2024-07-06 10:30:57,0.191611,Waliguan,36.28333,100.9,3816.5
2024-07-07 00:57:53,0.173644,Waliguan,36.28333,100.9,3816.5
2024-07-07 01:00:55,0.16901,Waliguan,36.28333,100.9,3816.5
2024-07-07 01:03:55,0.166111,Waliguan,36.28333,100.9,3816.5
2024-07-07 01:17:57,0.16592,Waliguan,36.28333,100.9,3816.5
2024-07-09 05:31:01,0.163412,Waliguan,36.28333,100.9,3816.5
2024-07-10 09:21:57,0.119455,Waliguan,36.28333,100.9,3816.5
2024-07-10 09:23:53,0.116982,Waliguan,36.28333,100.9,3816.5
2024-07-10 09:29:58,0.114883,Waliguan,36.28333,100.9,3816.5
2024-07-10 09:39:57,0.10704,Waliguan,36.28333,100.9,3816.5
2024-07-10 09:42:57,0.107571,Waliguan,36.28333,100.9,3816.5
2024-07-10 09:45:57,0.108334,Waliguan,36.28333,100.9,3816.5
2024-07-10 09:48:57,0.110243,Waliguan,36.28333,100.9,3816.5
2024-07-10 09:51:57,0.111829,Waliguan,36.28333,100.9,3816.5
2024-07-10 09:54:57,0.104095,Waliguan,36.28333,100.9,3816.5
2024-07-10 09:56:52,0.102249,Waliguan,36.28333,100.9,3816.5
2024-07-10 10:06:57,0.108572,Waliguan,36.28333,100.9,3816.5
2024-07-10 10:09:57,0.114623,Waliguan,36.28333,100.9,3816.5
2024-07-10 10:11:52,0.108249,Waliguan,36.28333,100.9,3816.5
2024-07-10 10:15:57,0.104723,Waliguan,36.28333,100.9,3816.5
2024-07-10 10:18:56,0.101514,Waliguan,36.28333,100.9,3816.5
2024-07-10 10:21:56,0.10009,Waliguan,36.28333,100.9,3816.5
2024-07-10 10:23:51,0.099537,Waliguan,36.28333,100.9,3816.5
2024-07-10 10:27:57,0.098076,Waliguan,36.28333,100.9,3816.5
2024-07-10 10:30:56,0.097939,Waliguan,36.28333,100.9,3816.5
2024-07-10 10:32:51,0.095911,Waliguan,36.28333,100.9,3816.5
2024-07-10 10:36:56,0.093953,Waliguan,36.28333,100.9,3816.5
2024-07-10 10:39:56,0.091428,Waliguan,36.28333,100.9,3816.5
2024-07-10 10:56:59,0.082766,Waliguan,36.28333,100.9,3816.5
2024-07-10 11:03:26,0.081059,Waliguan,36.28333,100.9,3816.5
2024-07-10 11:05:31,0.079097,Waliguan,36.28333,100.9,3816.5
2024-07-10 11:07:34,0.078018,Waliguan,36.28333,100.9,3816.5
2024-07-10 11:09:56,0.075138,Waliguan,36.28333,100.9,3816.5
2024-07-10 11:11:50,0.073898,Waliguan,36.28333,100.9,3816.5
2024-07-10 11:14:18,0.074203,Waliguan,36.28333,100.9,3816.5
2024-07-10 11:23:39,0.074869,Waliguan,36.28333,100.9,3816.5
2024-07-10 11:27:57,0.078334,Waliguan,36.28333,100.9,3816.5
2024-07-10 11:29:50,0.078188,Waliguan,36.28333,100.9,3816.5
2024-07-10 11:33:56,0.077541,Waliguan,36.28333,100.9,3816.5
2024-07-10 11:35:50,0.076776,Waliguan,36.28333,100.9,3816.5
2024-07-10 11:39:57,0.075886,Waliguan,36.28333,100.9,3816.5
2024-07-10 11:42:56,0.076208,Waliguan,36.28333,100.9,3816.5
2024-07-10 11:47:17,0.07193,Waliguan,36.28333,100.9,3816.5
2024-07-11 05:34:00,0.226205,Waliguan,36.28333,100.9,3816.5
2024-07-11 05:43:01,0.200229,Waliguan,36.28333,100.9,3816.5
2024-07-14 08:51:58,0.275837,Waliguan,36.28333,100.9,3816.5
2024-07-14 23:42:36,0.22245,Waliguan,36.28333,100.9,3816.5
2024-07-14 23:51:55,0.2345,Waliguan,36.28333,100.9,3816.5
2024-07-14 23:59:52,0.225058,Waliguan,36.28333,100.9,3816.5
2024-07-17 01:27:56,0.157839,Waliguan,36.28333,100.9,3816.5
2024-07-17 01:30:55,0.154766,Waliguan,36.28333,100.9,3816.5
2024-07-17 01:33:55,0.144355,Waliguan,36.28333,100.9,3816.5
2024-07-17 01:36:55,0.166255,Waliguan,36.28333,100.9,3816.5
2024-07-17 01:45:56,0.130333,Waliguan,36.28333,100.9,3816.5
2024-07-17 01:51:59,0.143364,Waliguan,36.28333,100.9,3816.5
2024-07-17 01:57:56,0.161659,Waliguan,36.28333,100.9,3816.5
2024-07-17 02:00:56,0.154344,Waliguan,36.28333,100.9,3816.5
2024-07-17 02:03:57,0.152847,Waliguan,36.28333,100.9,3816.5
2024-07-17 02:06:56,0.158419,Waliguan,36.28333,100.9,3816.5
2024-07-17 02:18:56,0.203635,Waliguan,36.28333,100.9,3816.5
2024-07-17 02:21:57,0.192709,Waliguan,36.28333,100.9,3816.5
2024-07-17 02:23:52,0.204519,Waliguan,36.28333,100.9,3816.5
2024-07-17 02:31:54,0.217546,Waliguan,36.28333,100.9,3816.5
2024-07-17 04:48:59,0.317565,Waliguan,36.28333,100.9,3816.5
2024-07-17 10:08:26,0.207134,Waliguan,36.28333,100.9,3816.5
2024-07-17 10:12:57,0.212605,Waliguan,36.28333,100.9,3816.5
2024-07-17 10:15:56,0.230535,Waliguan,36.28333,100.9,3816.5
2024-07-17 10:20:51,0.267504,Waliguan,36.28333,100.9,3816.5
2024-07-17 10:27:56,0.230267,Waliguan,36.28333,100.9,3816.5
2024-07-17 10:30:35,0.233098,Waliguan,36.28333,100.9,3816.5
2024-07-17 10:33:57,0.227162,Waliguan,36.28333,100.9,3816.5
2024-07-17 10:42:56,0.20823,Waliguan,36.28333,100.9,3816.5
2024-07-17 10:56:00,0.185644,Waliguan,36.28333,100.9,3816.5
2024-07-17 23:05:23,0.145016,Waliguan,36.28333,100.9,3816.5
2024-07-17 23:48:10,0.170527,Waliguan,36.28333,100.9,3816.5
2024-07-17 23:51:55,0.185615,Waliguan,36.28333,100.9,3816.5
2024-07-17 23:53:55,0.192368,Waliguan,36.28333,100.9,3816.5
2024-07-17 23:57:53,0.198007,Waliguan,36.28333,100.9,3816.5
2024-07-18 00:00:12,0.19587,Waliguan,36.28333,100.9,3816.5
2024-07-18 00:14:57,0.192311,Waliguan,36.28333,100.9,3816.5
2024-07-18 00:17:00,0.182688,Waliguan,36.28333,100.9,3816.5
2024-07-18 00:26:50,0.152936,Waliguan,36.28333,100.9,3816.5
2024-07-18 01:09:55,0.246943,Waliguan,36.28333,100.9,3816.5
2024-07-18 01:38:52,0.247694,Waliguan,36.28333,100.9,3816.5
2024-07-18 01:42:53,0.281196,Waliguan,36.28333,100.9,3816.5
2024-07-18 02:08:51,0.191941,Waliguan,36.28333,100.9,3816.5
2024-07-18 23:02:43,0.067233,Waliguan,36.28333,100.9,3816.5
2024-07-18 23:06:00,0.069352,Waliguan,36.28333,100.9,3816.5
2024-07-18 23:09:54,0.069218,Waliguan,36.28333,100.9,3816.5
2024-07-18 23:12:56,0.069916,Waliguan,36.28333,100.9,3816.5
2024-07-18 23:14:52,0.069735,Waliguan,36.28333,100.9,3816.5
2024-07-18 23:18:55,0.068618,Waliguan,36.28333,100.9,3816.5
2024-07-18 23:20:52,0.068994,Waliguan,36.28333,100.9,3816.5
2024-07-18 23:24:56,0.070873,Waliguan,36.28333,100.9,3816.5
2024-07-18 23:26:53,0.072075,Waliguan,36.28333,100.9,3816.5
2024-07-18 23:30:55,0.07505,Waliguan,36.28333,100.9,3816.5
2024-07-18 23:33:56,0.075404,Waliguan,36.28333,100.9,3816.5
2024-07-18 23:35:52,0.075689,Waliguan,36.28333,100.9,3816.5
2024-07-18 23:45:16,0.075719,Waliguan,36.28333,100.9,3816.5
2024-07-18 23:47:22,0.076177,Waliguan,36.28333,100.9,3816.5
2024-07-18 23:49:28,0.07603,Waliguan,36.28333,100.9,3816.5
2024-07-18 23:51:55,0.075917,Waliguan,36.28333,100.9,3816.5
2024-07-18 23:54:22,0.077353,Waliguan,36.28333,100.9,3816.5
2024-07-18 23:57:55,0.079812,Waliguan,36.28333,100.9,3816.5
2024-07-19 00:00:47,0.081491,Waliguan,36.28333,100.9,3816.5
2024-07-19 00:08:53,0.086861,Waliguan,36.28333,100.9,3816.5
2024-07-19 00:15:18,0.092038,Waliguan,36.28333,100.9,3816.5
2024-07-19 00:17:22,0.095378,Waliguan,36.28333,100.9,3816.5
2024-07-19 00:21:56,0.099992,Waliguan,36.28333,100.9,3816.5
2024-07-19 00:24:55,0.099397,Waliguan,36.28333,100.9,3816.5
2024-07-19 00:26:50,0.100884,Waliguan,36.28333,100.9,3816.5
2024-07-19 00:30:55,0.11282,Waliguan,36.28333,100.9,3816.5
2024-07-19 01:03:55,0.09637,Waliguan,36.28333,100.9,3816.5
2024-07-19 01:06:55,0.101807,Waliguan,36.28333,100.9,3816.5
2024-07-19 01:09:55,0.094429,Waliguan,36.28333,100.9,3816.5
2024-07-19 01:12:55,0.093159,Waliguan,36.28333,100.9,3816.5
2024-07-19 01:15:55,0.096795,Waliguan,36.28333,100.9,3816.5
2024-07-19 01:18:55,0.095872,Waliguan,36.28333,100.9,3816.5
2024-07-19 01:21:55,0.097268,Waliguan,36.28333,100.9,3816.5
2024-07-19 01:23:51,0.100193,Waliguan,36.28333,100.9,3816.5
2024-07-19 01:33:56,0.101172,Waliguan,36.28333,100.9,3816.5
2024-07-19 01:36:55,0.101766,Waliguan,36.28333,100.9,3816.5
2024-07-19 01:38:50,0.09995,Waliguan,36.28333,100.9,3816.5
2024-07-19 01:42:55,0.102798,Waliguan,36.28333,100.9,3816.5
2024-07-19 01:45:55,0.102566,Waliguan,36.28333,100.9,3816.5
2024-07-19 01:48:56,0.105061,Waliguan,36.28333,100.9,3816.5
2024-07-19 01:51:57,0.106271,Waliguan,36.28333,100.9,3816.5
2024-07-19 01:53:50,0.104554,Waliguan,36.28333,100.9,3816.5
2024-07-19 01:57:56,0.105548,Waliguan,36.28333,100.9,3816.5
2024-07-19 02:00:58,0.10414,Waliguan,36.28333,100.9,3816.5
2024-07-19 02:03:56,0.10381,Waliguan,36.28333,100.9,3816.5
2024-07-19 02:06:57,0.110757,Waliguan,36.28333,100.9,3816.5
2024-07-19 02:08:54,0.110918,Waliguan,36.28333,100.9,3816.5
2024-07-19 02:12:56,0.104582,Waliguan,36.28333,100.9,3816.5
2024-07-19 02:15:56,0.108703,Waliguan,36.28333,100.9,3816.5
2024-07-19 02:18:57,0.116221,Waliguan,36.28333,100.9,3816.5
2024-07-19 02:42:56,0.142755,Waliguan,36.28333,100.9,3816.5
2024-07-19 02:45:56,0.130709,Waliguan,36.28333,100.9,3816.5
2024-07-19 02:48:57,0.141107,Waliguan,36.28333,100.9,3816.5
2024-07-19 03:23:16,0.132551,Waliguan,36.28333,100.9,3816.5
2024-07-19 03:42:57,0.142576,Waliguan,36.28333,100.9,3816.5
2024-07-19 03:48:57,0.138817,Waliguan,36.28333,100.9,3816.5
2024-07-19 03:51:57,0.138256,Waliguan,36.28333,100.9,3816.5
2024-07-19 03:53:52,0.13739,Waliguan,36.28333,100.9,3816.5
2024-07-19 03:57:58,0.152493,Waliguan,36.28333,100.9,3816.5
2024-07-19 04:00:58,0.154033,Waliguan,36.28333,100.9,3816.5
2024-07-19 04:03:57,0.152077,Waliguan,36.28333,100.9,3816.5
2024-07-19 04:06:57,0.148386,Waliguan,36.28333,100.9,3816.5
2024-07-19 04:08:52,0.150823,Waliguan,36.28333,100.9,3816.5
2024-07-19 04:13:00,0.149821,Waliguan,36.28333,100.9,3816.5
2024-07-19 04:18:57,0.141081,Waliguan,36.28333,100.9,3816.5
2024-07-19 04:21:58,0.141938,Waliguan,36.28333,100.9,3816.5
2024-07-19 04:23:54,0.153401,Waliguan,36.28333,100.9,3816.5
2024-07-19 04:48:59,0.144076,Waliguan,36.28333,100.9,3816.5
2024-07-19 05:00:59,0.145331,Waliguan,36.28333,100.9,3816.5
2024-07-19 05:06:59,0.140895,Waliguan,36.28333,100.9,3816.5
2024-07-19 05:09:01,0.13598,Waliguan,36.28333,100.9,3816.5
2024-07-19 05:12:59,0.128496,Waliguan,36.28333,100.9,3816.5
2024-07-19 05:15:59,0.145416,Waliguan,36.28333,100.9,3816.5
2024-07-19 05:23:58,0.142204,Waliguan,36.28333,100.9,3816.5
2024-07-19 05:43:04,0.15354,Waliguan,36.28333,100.9,3816.5
2024-07-19 05:53:59,0.143971,Waliguan,36.28333,100.9,3816.5
2024-07-19 05:58:01,0.151062,Waliguan,36.28333,100.9,3816.5
2024-07-19 06:01:01,0.164749,Waliguan,36.28333,100.9,3816.5
2024-07-19 06:04:01,0.163643,Waliguan,36.28333,100.9,3816.5
2024-07-19 06:07:01,0.152239,Waliguan,36.28333,100.9,3816.5
2024-07-19 06:08:59,0.138926,Waliguan,36.28333,100.9,3816.5
2024-07-19 06:13:02,0.13896,Waliguan,36.28333,100.9,3816.5
2024-07-19 06:16:01,0.139489,Waliguan,36.28333,100.9,3816.5
2024-07-19 06:19:01,0.133962,Waliguan,36.28333,100.9,3816.5
2024-07-19 06:22:01,0.142015,Waliguan,36.28333,100.9,3816.5
2024-07-19 06:24:00,0.143205,Waliguan,36.28333,100.9,3816.5
2024-07-19 06:38:57,0.136008,Waliguan,36.28333,100.9,3816.5
2024-07-19 06:53:18,0.135018,Waliguan,36.28333,100.9,3816.5
2024-07-19 06:58:00,0.157044,Waliguan,36.28333,100.9,3816.5
2024-07-19 07:01:00,0.156139,Waliguan,36.28333,100.9,3816.5
2024-07-19 07:07:00,0.142121,Waliguan,36.28333,100.9,3816.5
2024-07-19 07:08:57,0.142011,Waliguan,36.28333,100.9,3816.5
2024-07-19 07:13:00,0.142476,Waliguan,36.28333,100.9,3816.5
2024-07-19 07:16:00,0.134005,Waliguan,36.28333,100.9,3816.5
2024-07-19 07:22:00,0.139046,Waliguan,36.28333,100.9,3816.5
2024-07-19 07:23:59,0.123831,Waliguan,36.28333,100.9,3816.5
2024-07-19 07:30:59,0.126149,Waliguan,36.28333,100.9,3816.5
2024-07-19 07:34:00,0.117415,Waliguan,36.28333,100.9,3816.5
2024-07-19 07:36:59,0.125629,Waliguan,36.28333,100.9,3816.5
2024-07-19 07:38:56,0.126858,Waliguan,36.28333,100.9,3816.5
2024-07-19 07:42:59,0.125764,Waliguan,36.28333,100.9,3816.5
2024-07-19 07:45:59,0.132629,Waliguan,36.28333,100.9,3816.5
2024-07-19 07:48:59,0.127807,Waliguan,36.28333,100.9,3816.5
2024-07-19 07:51:59,0.125481,Waliguan,36.28333,100.9,3816.5
2024-07-19 07:53:56,0.120365,Waliguan,36.28333,100.9,3816.5
2024-07-19 07:57:59,0.122236,Waliguan,36.28333,100.9,3816.5
2024-07-19 08:00:59,0.116788,Waliguan,36.28333,100.9,3816.5
2024-07-19 08:03:59,0.124326,Waliguan,36.28333,100.9,3816.5
2024-07-19 08:06:58,0.118795,Waliguan,36.28333,100.9,3816.5
2024-07-19 08:08:54,0.115446,Waliguan,36.28333,100.9,3816.5
2024-07-19 08:12:58,0.112046,Waliguan,36.28333,100.9,3816.5
2024-07-19 08:15:59,0.1079,Waliguan,36.28333,100.9,3816.5
2024-07-19 08:18:58,0.109808,Waliguan,36.28333,100.9,3816.5
2024-07-19 08:21:59,0.112892,Waliguan,36.28333,100.9,3816.5
2024-07-19 08:23:56,0.11216,Waliguan,36.28333,100.9,3816.5
2024-07-19 08:32:01,0.116268,Waliguan,36.28333,100.9,3816.5
2024-07-19 08:38:33,0.120184,Waliguan,36.28333,100.9,3816.5
2024-07-19 08:42:58,0.125573,Waliguan,36.28333,100.9,3816.5
2024-07-19 08:45:58,0.127353,Waliguan,36.28333,100.9,3816.5
2024-07-19 08:48:58,0.120477,Waliguan,36.28333,100.9,3816.5
2024-07-19 08:51:58,0.118247,Waliguan,36.28333,100.9,3816.5
2024-07-19 08:53:54,0.117705,Waliguan,36.28333,100.9,3816.5
2024-07-19 08:57:57,0.115464,Waliguan,36.28333,100.9,3816.5
2024-07-19 09:00:58,0.116309,Waliguan,36.28333,100.9,3816.5
2024-07-19 09:03:58,0.114089,Waliguan,36.28333,100.9,3816.5
2024-07-19 09:06:58,0.115363,Waliguan,36.28333,100.9,3816.5
2024-07-19 09:08:54,0.115491,Waliguan,36.28333,100.9,3816.5
2024-07-19 09:12:57,0.122128,Waliguan,36.28333,100.9,3816.5
2024-07-19 09:15:57,0.133603,Waliguan,36.28333,100.9,3816.5
2024-07-19 09:18:58,0.127963,Waliguan,36.28333,100.9,3816.5
2024-07-19 09:33:57,0.104233,Waliguan,36.28333,100.9,3816.5
2024-07-19 09:36:57,0.103483,Waliguan,36.28333,100.9,3816.5
2024-07-19 09:42:56,0.114926,Waliguan,36.28333,100.9,3816.5
2024-07-19 09:45:57,0.113214,Waliguan,36.28333,100.9,3816.5
2024-07-19 09:48:56,0.116788,Waliguan,36.28333,100.9,3816.5
2024-07-19 09:51:57,0.125014,Waliguan,36.28333,100.9,3816.5
2024-07-19 10:06:57,0.099349,Waliguan,36.28333,100.9,3816.5
2024-07-19 10:08:52,0.094278,Waliguan,36.28333,100.9,3816.5
2024-07-19 10:12:56,0.085881,Waliguan,36.28333,100.9,3816.5
2024-07-19 10:15:56,0.085703,Waliguan,36.28333,100.9,3816.5
2024-07-19 10:18:56,0.084734,Waliguan,36.28333,100.9,3816.5
2024-07-19 10:20:51,0.087312,Waliguan,36.28333,100.9,3816.5
2024-07-19 10:24:56,0.088363,Waliguan,36.28333,100.9,3816.5
2024-07-19 10:27:56,0.083435,Waliguan,36.28333,100.9,3816.5
2024-07-19 10:29:51,0.079798,Waliguan,36.28333,100.9,3816.5
2024-07-19 10:33:56,0.08354,Waliguan,36.28333,100.9,3816.5
2024-07-19 10:36:56,0.081157,Waliguan,36.28333,100.9,3816.5
2024-07-19 10:38:51,0.081058,Waliguan,36.28333,100.9,3816.5
2024-07-19 10:42:57,0.076931,Waliguan,36.28333,100.9,3816.5
2024-07-19 10:45:43,0.075874,Waliguan,36.28333,100.9,3816.5
2024-07-19 10:53:40,0.076337,Waliguan,36.28333,100.9,3816.5
2024-07-19 11:00:04,0.079692,Waliguan,36.28333,100.9,3816.5
2024-07-19 11:02:07,0.071132,Waliguan,36.28333,100.9,3816.5
2024-07-19 11:04:11,0.07016,Waliguan,36.28333,100.9,3816.5
2024-07-19 11:06:57,0.069918,Waliguan,36.28333,100.9,3816.5
2024-07-19 11:08:50,0.070106,Waliguan,36.28333,100.9,3816.5
2024-07-19 11:11:15,0.069026,Waliguan,36.28333,100.9,3816.5
2024-07-19 11:20:27,0.069677,Waliguan,36.28333,100.9,3816.5
2024-07-19 11:24:56,0.070241,Waliguan,36.28333,100.9,3816.5
2024-07-19 11:26:52,0.070299,Waliguan,36.28333,100.9,3816.5
2024-07-19 11:30:54,0.071922,Waliguan,36.28333,100.9,3816.5
2024-07-19 11:32:49,0.072078,Waliguan,36.28333,100.9,3816.5
2024-07-19 11:36:36,0.07285,Waliguan,36.28333,100.9,3816.5
2024-07-19 11:39:55,0.072075,Waliguan,36.28333,100.9,3816.5
2024-07-19 11:41:50,0.072252,Waliguan,36.28333,100.9,3816.5
2024-07-19 11:43:57,0.071979,Waliguan,36.28333,100.9,3816.5
2024-07-19 23:03:17,0.107605,Waliguan,36.28333,100.9,3816.5
2024-07-19 23:45:43,0.122717,Waliguan,36.28333,100.9,3816.5
2024-07-20 00:11:00,0.134427,Waliguan,36.28333,100.9,3816.5
2024-07-20 01:21:55,0.142154,Waliguan,36.28333,100.9,3816.5
2024-07-20 01:24:09,0.135799,Waliguan,36.28333,100.9,3816.5
2024-07-20 01:33:56,0.132218,Waliguan,36.28333,100.9,3816.5
2024-07-20 01:36:55,0.134697,Waliguan,36.28333,100.9,3816.5
2024-07-20 01:38:50,0.133928,Waliguan,36.28333,100.9,3816.5
2024-07-20 01:42:55,0.129783,Waliguan,36.28333,100.9,3816.5
2024-07-20 01:45:56,0.136849,Waliguan,36.28333,100.9,3816.5
2024-07-20 01:48:56,0.136659,Waliguan,36.28333,100.9,3816.5
2024-07-20 01:51:56,0.135997,Waliguan,36.28333,100.9,3816.5
2024-07-20 01:53:51,0.142161,Waliguan,36.28333,100.9,3816.5
2024-07-20 01:57:57,0.147326,Waliguan,36.28333,100.9,3816.5
2024-07-20 02:00:57,0.1472,Waliguan,36.28333,100.9,3816.5
2024-07-20 02:03:55,0.144752,Waliguan,36.28333,100.9,3816.5
2024-07-20 02:06:57,0.141944,Waliguan,36.28333,100.9,3816.5
2024-07-20 02:08:51,0.143636,Waliguan,36.28333,100.9,3816.5
2024-07-20 02:12:54,0.151136,Waliguan,36.28333,100.9,3816.5
2024-07-20 02:15:57,0.1551,Waliguan,36.28333,100.9,3816.5
2024-07-20 02:18:57,0.160333,Waliguan,36.28333,100.9,3816.5
2024-07-20 02:23:51,0.165637,Waliguan,36.28333,100.9,3816.5
2024-07-20 02:48:56,0.184461,Waliguan,36.28333,100.9,3816.5
2024-07-20 02:51:56,0.175462,Waliguan,36.28333,100.9,3816.5
2024-07-20 02:53:52,0.176632,Waliguan,36.28333,100.9,3816.5
2024-07-20 02:57:57,0.196281,Waliguan,36.28333,100.9,3816.5
2024-07-20 03:15:57,0.183293,Waliguan,36.28333,100.9,3816.5
2024-07-20 04:23:56,0.192656,Waliguan,36.28333,100.9,3816.5
2024-07-20 04:42:58,0.178433,Waliguan,36.28333,100.9,3816.5
2024-07-20 04:45:58,0.155018,Waliguan,36.28333,100.9,3816.5
2024-07-20 04:52:01,0.157805,Waliguan,36.28333,100.9,3816.5
2024-07-20 04:53:53,0.157478,Waliguan,36.28333,100.9,3816.5
2024-07-20 04:57:59,0.161139,Waliguan,36.28333,100.9,3816.5
2024-07-20 05:00:59,0.155708,Waliguan,36.28333,100.9,3816.5
2024-07-20 05:04:02,0.148002,Waliguan,36.28333,100.9,3816.5
2024-07-20 05:06:59,0.157961,Waliguan,36.28333,100.9,3816.5
2024-07-20 05:08:54,0.151138,Waliguan,36.28333,100.9,3816.5
2024-07-20 05:12:59,0.159811,Waliguan,36.28333,100.9,3816.5
2024-07-20 05:15:59,0.152404,Waliguan,36.28333,100.9,3816.5
2024-07-20 05:19:00,0.152759,Waliguan,36.28333,100.9,3816.5
2024-07-20 05:31:01,0.155059,Waliguan,36.28333,100.9,3816.5
2024-07-20 05:34:01,0.150879,Waliguan,36.28333,100.9,3816.5
2024-07-20 05:37:00,0.147514,Waliguan,36.28333,100.9,3816.5
2024-07-20 05:38:41,0.147657,Waliguan,36.28333,100.9,3816.5
2024-07-20 05:43:01,0.140649,Waliguan,36.28333,100.9,3816.5
2024-07-20 05:46:01,0.139425,Waliguan,36.28333,100.9,3816.5
2024-07-20 05:49:01,0.145767,Waliguan,36.28333,100.9,3816.5
2024-07-20 05:53:57,0.155954,Waliguan,36.28333,100.9,3816.5
2024-07-20 05:58:01,0.163579,Waliguan,36.28333,100.9,3816.5
2024-07-20 07:33:59,0.166667,Waliguan,36.28333,100.9,3816.5
2024-07-20 07:36:59,0.156047,Waliguan,36.28333,100.9,3816.5
2024-07-20 07:38:56,0.150668,Waliguan,36.28333,100.9,3816.5
2024-07-20 07:42:59,0.140841,Waliguan,36.28333,100.9,3816.5
2024-07-20 07:45:59,0.145658,Waliguan,36.28333,100.9,3816.5
2024-07-20 07:48:59,0.14573,Waliguan,36.28333,100.9,3816.5
2024-07-20 07:51:59,0.146682,Waliguan,36.28333,100.9,3816.5
2024-07-20 07:53:56,0.149615,Waliguan,36.28333,100.9,3816.5
2024-07-20 07:58:00,0.150623,Waliguan,36.28333,100.9,3816.5
2024-07-20 08:01:02,0.156579,Waliguan,36.28333,100.9,3816.5
2024-07-20 08:03:59,0.156959,Waliguan,36.28333,100.9,3816.5
2024-07-20 09:18:57,0.182454,Waliguan,36.28333,100.9,3816.5
2024-07-20 09:21:57,0.167426,Waliguan,36.28333,100.9,3816.5
2024-07-20 09:23:53,0.167956,Waliguan,36.28333,100.9,3816.5
2024-07-20 09:42:57,0.220159,Waliguan,36.28333,100.9,3816.5
2024-07-20 09:48:57,0.21763,Waliguan,36.28333,100.9,3816.5
2024-07-20 09:51:57,0.205651,Waliguan,36.28333,100.9,3816.5
2024-07-20 09:53:54,0.205328,Waliguan,36.28333,100.9,3816.5
2024-07-20 10:03:57,0.214837,Waliguan,36.28333,100.9,3816.5
2024-07-20 10:06:57,0.211225,Waliguan,36.28333,100.9,3816.5
2024-07-20 23:29:54,0.169278,Waliguan,36.28333,100.9,3816.5
2024-07-20 23:33:55,0.164871,Waliguan,36.28333,100.9,3816.5
2024-07-20 23:36:29,0.165686,Waliguan,36.28333,100.9,3816.5
2024-07-20 23:48:03,0.182956,Waliguan,36.28333,100.9,3816.5
2024-07-20 23:50:10,0.182808,Waliguan,36.28333,100.9,3816.5
2024-07-21 00:00:57,0.195155,Waliguan,36.28333,100.9,3816.5
2024-07-21 00:11:15,0.179606,Waliguan,36.28333,100.9,3816.5
2024-07-21 00:19:54,0.192841,Waliguan,36.28333,100.9,3816.5
2024-07-21 09:00:58,0.422287,Waliguan,36.28333,100.9,3816.5
2024-07-21 10:33:56,0.49699,Waliguan,36.28333,100.9,3816.5
2024-07-21 10:38:52,0.447013,Waliguan,36.28333,100.9,3816.5
2024-07-21 11:01:54,0.488593,Waliguan,36.28333,100.9,3816.5
2024-07-23 23:05:52,0.181667,Waliguan,36.28333,100.9,3816.5
2024-07-23 23:09:13,0.186653,Waliguan,36.28333,100.9,3816.5
2024-07-23 23:12:56,0.183774,Waliguan,36.28333,100.9,3816.5
2024-07-23 23:14:54,0.182254,Waliguan,36.28333,100.9,3816.5
2024-07-23 23:17:41,0.183323,Waliguan,36.28333,100.9,3816.5
2024-07-23 23:21:56,0.188157,Waliguan,36.28333,100.9,3816.5
2024-07-23 23:23:56,0.189366,Waliguan,36.28333,100.9,3816.5
2024-07-23 23:27:55,0.183987,Waliguan,36.28333,100.9,3816.5
2024-07-23 23:29:54,0.185169,Waliguan,36.28333,100.9,3816.5
2024-07-23 23:33:56,0.179343,Waliguan,36.28333,100.9,3816.5
2024-07-23 23:36:55,0.174828,Waliguan,36.28333,100.9,3816.5
2024-07-23 23:38:55,0.173753,Waliguan,36.28333,100.9,3816.5
2024-07-23 23:48:30,0.175661,Waliguan,36.28333,100.9,3816.5
2024-07-23 23:50:35,0.173946,Waliguan,36.28333,100.9,3816.5
2024-07-23 23:52:44,0.170703,Waliguan,36.28333,100.9,3816.5
2024-07-23 23:54:56,0.168594,Waliguan,36.28333,100.9,3816.5
2024-07-23 23:57:18,0.169705,Waliguan,36.28333,100.9,3816.5
2024-07-24 00:00:55,0.174142,Waliguan,36.28333,100.9,3816.5
2024-07-24 00:03:41,0.176379,Waliguan,36.28333,100.9,3816.5
2024-07-24 00:12:05,0.207861,Waliguan,36.28333,100.9,3816.5
2024-07-24 00:18:40,0.200198,Waliguan,36.28333,100.9,3816.5
2024-07-24 00:20:46,0.195642,Waliguan,36.28333,100.9,3816.5
2024-07-24 00:24:55,0.187188,Waliguan,36.28333,100.9,3816.5
2024-07-24 00:27:55,0.186462,Waliguan,36.28333,100.9,3816.5
2024-07-24 00:29:53,0.185252,Waliguan,36.28333,100.9,3816.5
2024-07-24 00:33:56,0.184417,Waliguan,36.28333,100.9,3816.5
2024-07-24 00:36:55,0.189493,Waliguan,36.28333,100.9,3816.5
2024-07-24 00:39:55,0.188799,Waliguan,36.28333,100.9,3816.5
2024-07-24 00:45:55,0.189813,Waliguan,36.28333,100.9,3816.5
2024-07-24 01:09:55,0.2196,Waliguan,36.28333,100.9,3816.5
2024-07-24 01:51:56,0.209172,Waliguan,36.28333,100.9,3816.5
2024-07-24 01:53:51,0.213171,Waliguan,36.28333,100.9,3816.5
2024-07-24 02:36:55,0.18255,Waliguan,36.28333,100.9,3816.5
2024-07-24 04:36:58,0.29555,Waliguan,36.28333,100.9,3816.5
2024-07-24 04:42:58,0.214133,Waliguan,36.28333,100.9,3816.5
2024-07-24 04:45:59,0.22954,Waliguan,36.28333,100.9,3816.5
2024-07-24 04:48:58,0.251384,Waliguan,36.28333,100.9,3816.5
2024-07-24 04:53:54,0.217234,Waliguan,36.28333,100.9,3816.5
2024-07-24 06:13:01,0.210185,Waliguan,36.28333,100.9,3816.5
2024-07-24 06:22:01,0.269655,Waliguan,36.28333,100.9,3816.5
2024-07-24 06:23:56,0.27265,Waliguan,36.28333,100.9,3816.5
2024-07-24 06:58:00,0.213057,Waliguan,36.28333,100.9,3816.5
2024-07-24 07:01:00,0.227824,Waliguan,36.28333,100.9,3816.5
2024-07-24 07:07:00,0.238037,Waliguan,36.28333,100.9,3816.5
2024-07-24 07:08:54,0.254962,Waliguan,36.28333,100.9,3816.5
2024-07-24 07:19:00,0.176543,Waliguan,36.28333,100.9,3816.5
2024-07-24 07:23:55,0.250443,Waliguan,36.28333,100.9,3816.5
2024-07-24 07:51:59,0.302989,Waliguan,36.28333,100.9,3816.5
2024-07-24 07:57:59,0.260242,Waliguan,36.28333,100.9,3816.5
2024-07-24 08:06:58,0.164444,Waliguan,36.28333,100.9,3816.5
2024-07-24 08:08:54,0.141555,Waliguan,36.28333,100.9,3816.5
2024-07-24 08:12:59,0.150981,Waliguan,36.28333,100.9,3816.5
2024-07-24 08:15:58,0.159578,Waliguan,36.28333,100.9,3816.5
2024-07-24 08:18:59,0.171065,Waliguan,36.28333,100.9,3816.5
2024-07-24 08:23:53,0.135672,Waliguan,36.28333,100.9,3816.5
2024-07-24 08:31:54,0.145695,Waliguan,36.28333,100.9,3816.5
2024-07-24 08:38:30,0.166693,Waliguan,36.28333,100.9,3816.5
2024-07-24 08:42:58,0.189021,Waliguan,36.28333,100.9,3816.5
2024-07-24 08:48:58,0.128682,Waliguan,36.28333,100.9,3816.5
2024-07-24 08:51:58,0.129353,Waliguan,36.28333,100.9,3816.5
2024-07-24 08:53:51,0.131005,Waliguan,36.28333,100.9,3816.5
2024-07-24 09:00:57,0.12513,Waliguan,36.28333,100.9,3816.5
2024-07-24 09:03:58,0.138397,Waliguan,36.28333,100.9,3816.5
2024-07-24 09:06:57,0.140828,Waliguan,36.28333,100.9,3816.5
2024-07-24 09:08:52,0.137202,Waliguan,36.28333,100.9,3816.5
2024-07-24 09:12:57,0.145968,Waliguan,36.28333,100.9,3816.5
2024-07-24 09:15:57,0.139196,Waliguan,36.28333,100.9,3816.5
2024-07-24 09:18:57,0.138576,Waliguan,36.28333,100.9,3816.5
2024-07-24 09:20:53,0.131969,Waliguan,36.28333,100.9,3816.5
2024-07-24 09:30:57,0.148796,Waliguan,36.28333,100.9,3816.5
2024-07-24 09:33:57,0.132443,Waliguan,36.28333,100.9,3816.5
2024-07-24 09:36:57,0.123937,Waliguan,36.28333,100.9,3816.5
2024-07-24 09:39:57,0.126505,Waliguan,36.28333,100.9,3816.5
2024-07-24 09:42:57,0.12436,Waliguan,36.28333,100.9,3816.5
2024-07-24 09:45:57,0.12321,Waliguan,36.28333,100.9,3816.5
2024-07-24 09:48:57,0.121513,Waliguan,36.28333,100.9,3816.5
2024-07-24 09:50:52,0.106904,Waliguan,36.28333,100.9,3816.5
2024-07-24 10:00:55,0.133984,Waliguan,36.28333,100.9,3816.5
2024-07-24 10:03:57,0.118127,Waliguan,36.28333,100.9,3816.5
2024-07-24 10:05:51,0.105897,Waliguan,36.28333,100.9,3816.5
2024-07-24 10:09:57,0.118903,Waliguan,36.28333,100.9,3816.5
2024-07-24 10:12:56,0.105919,Waliguan,36.28333,100.9,3816.5
2024-07-24 10:15:56,0.105992,Waliguan,36.28333,100.9,3816.5
2024-07-24 10:17:51,0.100713,Waliguan,36.28333,100.9,3816.5
2024-07-24 10:21:56,0.108986,Waliguan,36.28333,100.9,3816.5
2024-07-24 10:24:56,0.103012,Waliguan,36.28333,100.9,3816.5
2024-07-24 10:27:26,0.099031,Waliguan,36.28333,100.9,3816.5
2024-07-24 10:30:56,0.102014,Waliguan,36.28333,100.9,3816.5
2024-07-24 10:33:56,0.095055,Waliguan,36.28333,100.9,3816.5
2024-07-24 10:35:58,0.090195,Waliguan,36.28333,100.9,3816.5
2024-07-24 10:39:56,0.099701,Waliguan,36.28333,100.9,3816.5
2024-07-24 10:42:56,0.094032,Waliguan,36.28333,100.9,3816.5
2024-07-24 10:44:50,0.083538,Waliguan,36.28333,100.9,3816.5
2024-07-24 10:52:55,0.078296,Waliguan,36.28333,100.9,3816.5
2024-07-24 10:59:18,0.088369,Waliguan,36.28333,100.9,3816.5
2024-07-24 11:01:22,0.080066,Waliguan,36.28333,100.9,3816.5
2024-07-24 11:03:26,0.07162,Waliguan,36.28333,100.9,3816.5
2024-07-24 11:05:29,0.069736,Waliguan,36.28333,100.9,3816.5
2024-07-24 11:08:40,0.079749,Waliguan,36.28333,100.9,3816.5
2024-07-24 11:18:00,0.071212,Waliguan,36.28333,100.9,3816.5
2024-07-24 11:21:56,0.079385,Waliguan,36.28333,100.9,3816.5
2024-07-24 11:23:51,0.068876,Waliguan,36.28333,100.9,3816.5
2024-07-24 11:27:56,0.071953,Waliguan,36.28333,100.9,3816.5
2024-07-24 11:29:51,0.064855,Waliguan,36.28333,100.9,3816.5
2024-07-24 11:33:53,0.067739,Waliguan,36.28333,100.9,3816.5
2024-07-24 11:36:54,0.064908,Waliguan,36.28333,100.9,3816.5
2024-07-24 11:38:54,0.061621,Waliguan,36.28333,100.9,3816.5
2024-07-24 11:41:08,0.060081,Waliguan,36.28333,100.9,3816.5
2024-07-24 23:06:38,0.06377,Waliguan,36.28333,100.9,3816.5
2024-07-24 23:09:54,0.064036,Waliguan,36.28333,100.9,3816.5
2024-07-24 23:12:55,0.065537,Waliguan,36.28333,100.9,3816.5
2024-07-24 23:14:52,0.065968,Waliguan,36.28333,100.9,3816.5
2024-07-24 23:18:21,0.068962,Waliguan,36.28333,100.9,3816.5
2024-07-24 23:21:56,0.0704,Waliguan,36.28333,100.9,3816.5
2024-07-24 23:23:53,0.070157,Waliguan,36.28333,100.9,3816.5
2024-07-24 23:27:55,0.073278,Waliguan,36.28333,100.9,3816.5
2024-07-24 23:30:33,0.071772,Waliguan,36.28333,100.9,3816.5
2024-07-24 23:33:56,0.075929,Waliguan,36.28333,100.9,3816.5
2024-07-24 23:36:55,0.0767,Waliguan,36.28333,100.9,3816.5
2024-07-24 23:38:56,0.079056,Waliguan,36.28333,100.9,3816.5
2024-07-24 23:50:42,0.081694,Waliguan,36.28333,100.9,3816.5
2024-07-24 23:52:48,0.079477,Waliguan,36.28333,100.9,3816.5
2024-07-24 23:54:56,0.077559,Waliguan,36.28333,100.9,3816.5
2024-07-24 23:57:56,0.082765,Waliguan,36.28333,100.9,3816.5
2024-07-25 00:00:55,0.080283,Waliguan,36.28333,100.9,3816.5
2024-07-25 00:03:55,0.081629,Waliguan,36.28333,100.9,3816.5
2024-07-25 00:05:52,0.082855,Waliguan,36.28333,100.9,3816.5
2024-07-25 00:22:37,0.081606,Waliguan,36.28333,100.9,3816.5
2024-07-25 00:30:11,0.082668,Waliguan,36.28333,100.9,3816.5
2024-07-25 00:36:55,0.08056,Waliguan,36.28333,100.9,3816.5
2024-07-25 00:48:55,0.091685,Waliguan,36.28333,100.9,3816.5
2024-07-25 01:06:55,0.101799,Waliguan,36.28333,100.9,3816.5
2024-07-25 01:12:55,0.103923,Waliguan,36.28333,100.9,3816.5
2024-07-25 01:15:55,0.10726,Waliguan,36.28333,100.9,3816.5
2024-07-25 01:18:55,0.095112,Waliguan,36.28333,100.9,3816.5
2024-07-25 01:21:55,0.093396,Waliguan,36.28333,100.9,3816.5
2024-07-25 01:24:55,0.096313,Waliguan,36.28333,100.9,3816.5
2024-07-25 01:26:55,0.101292,Waliguan,36.28333,100.9,3816.5
2024-07-25 02:53:30,0.152357,Waliguan,36.28333,100.9,3816.5
2024-07-25 03:38:31,0.13682,Waliguan,36.28333,100.9,3816.5
2024-07-25 03:42:57,0.15269,Waliguan,36.28333,100.9,3816.5
2024-07-25 03:53:31,0.149954,Waliguan,36.28333,100.9,3816.5
2024-07-25 10:00:55,0.146439,Waliguan,36.28333,100.9,3816.5
2024-07-25 10:03:57,0.132417,Waliguan,36.28333,100.9,3816.5
2024-07-25 10:05:52,0.130164,Waliguan,36.28333,100.9,3816.5
2024-07-25 10:09:56,0.128868,Waliguan,36.28333,100.9,3816.5
2024-07-25 10:12:57,0.133854,Waliguan,36.28333,100.9,3816.5
2024-07-25 10:17:52,0.12879,Waliguan,36.28333,100.9,3816.5
2024-07-25 10:33:56,0.175997,Waliguan,36.28333,100.9,3816.5
2024-07-25 11:01:37,0.167151,Waliguan,36.28333,100.9,3816.5
2024-07-26 00:57:32,0.163037,Waliguan,36.28333,100.9,3816.5
2024-07-27 01:12:55,0.093873,Waliguan,36.28333,100.9,3816.5
2024-07-27 01:15:55,0.0935,Waliguan,36.28333,100.9,3816.5
2024-07-27 01:18:55,0.09504,Waliguan,36.28333,100.9,3816.5
2024-07-27 01:21:55,0.097456,Waliguan,36.28333,100.9,3816.5
2024-07-27 01:39:27,0.106459,Waliguan,36.28333,100.9,3816.5
2024-07-27 01:57:54,0.126469,Waliguan,36.28333,100.9,3816.5
2024-07-27 09:06:57,1.333466,Waliguan,36.28333,100.9,3816.5
2024-07-29 06:07:01,0.146447,Waliguan,36.28333,100.9,3816.5
2024-07-29 06:08:55,0.142846,Waliguan,36.28333,100.9,3816.5
2024-07-29 06:19:00,0.125813,Waliguan,36.28333,100.9,3816.5
2024-07-29 06:31:01,0.111618,Waliguan,36.28333,100.9,3816.5
2024-07-29 06:34:00,0.112309,Waliguan,36.28333,100.9,3816.5
2024-07-29 06:37:01,0.114782,Waliguan,36.28333,100.9,3816.5
2024-07-29 06:38:41,0.10859,Waliguan,36.28333,100.9,3816.5
2024-07-29 06:43:00,0.120763,Waliguan,36.28333,100.9,3816.5
2024-07-29 06:46:01,0.122881,Waliguan,36.28333,100.9,3816.5
2024-07-29 06:49:02,0.118128,Waliguan,36.28333,100.9,3816.5
2024-07-29 06:52:00,0.119379,Waliguan,36.28333,100.9,3816.5
2024-07-29 06:53:54,0.109648,Waliguan,36.28333,100.9,3816.5
2024-07-29 06:58:00,0.134917,Waliguan,36.28333,100.9,3816.5
2024-07-29 07:01:00,0.121427,Waliguan,36.28333,100.9,3816.5
2024-07-29 07:04:00,0.126779,Waliguan,36.28333,100.9,3816.5
2024-07-29 07:07:00,0.130972,Waliguan,36.28333,100.9,3816.5
2024-07-29 07:08:55,0.117429,Waliguan,36.28333,100.9,3816.5
2024-07-29 07:12:59,0.117669,Waliguan,36.28333,100.9,3816.5
2024-07-29 07:15:59,0.122688,Waliguan,36.28333,100.9,3816.5
2024-07-29 07:18:59,0.123868,Waliguan,36.28333,100.9,3816.5
2024-07-29 07:21:59,0.130488,Waliguan,36.28333,100.9,3816.5
2024-07-29 07:23:57,0.122403,Waliguan,36.28333,100.9,3816.5
2024-07-29 07:31:00,0.121656,Waliguan,36.28333,100.9,3816.5
2024-07-29 07:33:59,0.1241,Waliguan,36.28333,100.9,3816.5
2024-07-29 07:36:59,0.125218,Waliguan,36.28333,100.9,3816.5
2024-07-29 07:38:54,0.111974,Waliguan,36.28333,100.9,3816.5
2024-07-29 07:42:59,0.12805,Waliguan,36.28333,100.9,3816.5
2024-07-29 07:45:59,0.129128,Waliguan,36.28333,100.9,3816.5
2024-07-29 07:48:59,0.11519,Waliguan,36.28333,100.9,3816.5
2024-07-29 07:51:59,0.112406,Waliguan,36.28333,100.9,3816.5
2024-07-29 07:53:54,0.110304,Waliguan,36.28333,100.9,3816.5
2024-07-29 07:57:59,0.128904,Waliguan,36.28333,100.9,3816.5
2024-07-29 08:00:58,0.119766,Waliguan,36.28333,100.9,3816.5
2024-07-29 08:03:59,0.123886,Waliguan,36.28333,100.9,3816.5
2024-07-29 08:06:59,0.127714,Waliguan,36.28333,100.9,3816.5
2024-07-29 08:08:53,0.118533,Waliguan,36.28333,100.9,3816.5
2024-07-29 08:12:58,0.1327,Waliguan,36.28333,100.9,3816.5
2024-07-29 08:15:59,0.120023,Waliguan,36.28333,100.9,3816.5
2024-07-29 08:18:58,0.120518,Waliguan,36.28333,100.9,3816.5
2024-07-29 08:21:58,0.118482,Waliguan,36.28333,100.9,3816.5
2024-07-29 08:23:53,0.105446,Waliguan,36.28333,100.9,3816.5
2024-07-29 08:31:56,0.105856,Waliguan,36.28333,100.9,3816.5
2024-07-29 08:38:32,0.117806,Waliguan,36.28333,100.9,3816.5
2024-07-29 08:42:56,0.136133,Waliguan,36.28333,100.9,3816.5
2024-07-29 08:45:58,0.121032,Waliguan,36.28333,100.9,3816.5
2024-07-29 08:48:58,0.120526,Waliguan,36.28333,100.9,3816.5
2024-07-29 08:51:58,0.121004,Waliguan,36.28333,100.9,3816.5
2024-07-29 08:53:52,0.109694,Waliguan,36.28333,100.9,3816.5
2024-07-29 08:57:57,0.122768,Waliguan,36.28333,100.9,3816.5
2024-07-29 09:00:58,0.12379,Waliguan,36.28333,100.9,3816.5
2024-07-29 09:03:57,0.114181,Waliguan,36.28333,100.9,3816.5
2024-07-29 09:06:57,0.105753,Waliguan,36.28333,100.9,3816.5
2024-07-29 09:08:52,0.103156,Waliguan,36.28333,100.9,3816.5
2024-07-29 09:12:58,0.11132,Waliguan,36.28333,100.9,3816.5
2024-07-29 09:15:58,0.104329,Waliguan,36.28333,100.9,3816.5
2024-07-29 09:17:53,0.099351,Waliguan,36.28333,100.9,3816.5
2024-07-29 09:27:57,0.141166,Waliguan,36.28333,100.9,3816.5
2024-07-29 09:33:57,0.104355,Waliguan,36.28333,100.9,3816.5
2024-07-29 09:36:57,0.111312,Waliguan,36.28333,100.9,3816.5
2024-07-29 09:39:57,0.109972,Waliguan,36.28333,100.9,3816.5
2024-07-29 09:42:57,0.105476,Waliguan,36.28333,100.9,3816.5
2024-07-29 09:45:57,0.105401,Waliguan,36.28333,100.9,3816.5
2024-07-29 09:47:52,0.097739,Waliguan,36.28333,100.9,3816.5
2024-07-29 09:57:57,0.105312,Waliguan,36.28333,100.9,3816.5
2024-07-29 10:00:57,0.090857,Waliguan,36.28333,100.9,3816.5
2024-07-29 10:02:52,0.084259,Waliguan,36.28333,100.9,3816.5
2024-07-29 10:06:57,0.087229,Waliguan,36.28333,100.9,3816.5
2024-07-29 10:09:56,0.086446,Waliguan,36.28333,100.9,3816.5
2024-07-29 10:12:57,0.083831,Waliguan,36.28333,100.9,3816.5
2024-07-29 10:14:51,0.080283,Waliguan,36.28333,100.9,3816.5
2024-07-29 10:18:56,0.083107,Waliguan,36.28333,100.9,3816.5
2024-07-29 10:21:56,0.077637,Waliguan,36.28333,100.9,3816.5
2024-07-29 10:24:29,0.074993,Waliguan,36.28333,100.9,3816.5
2024-07-29 10:27:56,0.075436,Waliguan,36.28333,100.9,3816.5
2024-07-29 10:30:56,0.074197,Waliguan,36.28333,100.9,3816.5
2024-07-29 10:33:00,0.07423,Waliguan,36.28333,100.9,3816.5
2024-07-29 10:36:56,0.07695,Waliguan,36.28333,100.9,3816.5
2024-07-29 10:39:56,0.073908,Waliguan,36.28333,100.9,3816.5
2024-07-29 10:41:52,0.074845,Waliguan,36.28333,100.9,3816.5
2024-07-29 10:50:00,0.066925,Waliguan,36.28333,100.9,3816.5
2024-07-29 10:56:32,0.068186,Waliguan,36.28333,100.9,3816.5
2024-07-29 10:58:35,0.065318,Waliguan,36.28333,100.9,3816.5
2024-07-29 11:00:42,0.065231,Waliguan,36.28333,100.9,3816.5
2024-07-29 11:02:47,0.064193,Waliguan,36.28333,100.9,3816.5
2024-07-29 11:05:31,0.061591,Waliguan,36.28333,100.9,3816.5
2024-07-29 11:24:55,0.078068,Waliguan,36.28333,100.9,3816.5
2024-07-29 11:30:33,0.063231,Waliguan,36.28333,100.9,3816.5
2024-07-29 23:10:02,0.089646,Waliguan,36.28333,100.9,3816.5
2024-07-29 23:12:56,0.092004,Waliguan,36.28333,100.9,3816.5
2024-07-29 23:14:55,0.099978,Waliguan,36.28333,100.9,3816.5
2024-07-29 23:17:11,0.094639,Waliguan,36.28333,100.9,3816.5
2024-07-29 23:21:43,0.093878,Waliguan,36.28333,100.9,3816.5
2024-07-29 23:24:55,0.100707,Waliguan,36.28333,100.9,3816.5
2024-07-29 23:27:11,0.101068,Waliguan,36.28333,100.9,3816.5
2024-07-29 23:30:55,0.106058,Waliguan,36.28333,100.9,3816.5
2024-07-29 23:33:50,0.131992,Waliguan,36.28333,100.9,3816.5
2024-07-29 23:36:55,0.109422,Waliguan,36.28333,100.9,3816.5
2024-07-29 23:39:56,0.117594,Waliguan,36.28333,100.9,3816.5
2024-07-29 23:42:09,0.116936,Waliguan,36.28333,100.9,3816.5
2024-07-29 23:56:00,0.152457,Waliguan,36.28333,100.9,3816.5
2024-07-30 03:00:57,0.148875,Waliguan,36.28333,100.9,3816.5
2024-07-30 03:03:57,0.147961,Waliguan,36.28333,100.9,3816.5
2024-07-30 03:06:56,0.147671,Waliguan,36.28333,100.9,3816.5
2024-07-30 03:08:52,0.146261,Waliguan,36.28333,100.9,3816.5
2024-07-30 03:12:59,0.146477,Waliguan,36.28333,100.9,3816.5
2024-07-30 03:15:57,0.148995,Waliguan,36.28333,100.9,3816.5
2024-07-30 03:18:57,0.157066,Waliguan,36.28333,100.9,3816.5
2024-07-30 03:21:57,0.151244,Waliguan,36.28333,100.9,3816.5
2024-07-30 03:23:53,0.150734,Waliguan,36.28333,100.9,3816.5
2024-07-30 03:30:57,0.144568,Waliguan,36.28333,100.9,3816.5
2024-07-30 03:42:57,0.136412,Waliguan,36.28333,100.9,3816.5
2024-07-30 03:45:57,0.135578,Waliguan,36.28333,100.9,3816.5
2024-07-30 03:48:57,0.138811,Waliguan,36.28333,100.9,3816.5
2024-07-30 03:51:58,0.140753,Waliguan,36.28333,100.9,3816.5
2024-07-30 03:53:53,0.141143,Waliguan,36.28333,100.9,3816.5
2024-07-30 03:57:58,0.142612,Waliguan,36.28333,100.9,3816.5
2024-07-30 04:00:58,0.146215,Waliguan,36.28333,100.9,3816.5
2024-07-30 04:04:02,0.147064,Waliguan,36.28333,100.9,3816.5
2024-07-30 04:06:57,0.14351,Waliguan,36.28333,100.9,3816.5
2024-07-30 04:08:52,0.140933,Waliguan,36.28333,100.9,3816.5
2024-07-30 04:12:57,0.143565,Waliguan,36.28333,100.9,3816.5
2024-07-30 04:15:57,0.148338,Waliguan,36.28333,100.9,3816.5
2024-07-30 04:18:58,0.148829,Waliguan,36.28333,100.9,3816.5
2024-07-30 04:21:58,0.144713,Waliguan,36.28333,100.9,3816.5
2024-07-30 04:30:59,0.157113,Waliguan,36.28333,100.9,3816.5
2024-07-30 04:38:52,0.153196,Waliguan,36.28333,100.9,3816.5
2024-07-30 04:42:58,0.15821,Waliguan,36.28333,100.9,3816.5
2024-07-30 04:45:59,0.162121,Waliguan,36.28333,100.9,3816.5
2024-07-30 04:48:58,0.162241,Waliguan,36.28333,100.9,3816.5
2024-07-30 04:57:58,0.155472,Waliguan,36.28333,100.9,3816.5
2024-07-30 08:23:54,0.096806,Waliguan,36.28333,100.9,3816.5
2024-07-30 08:31:51,0.100089,Waliguan,36.28333,100.9,3816.5
2024-07-30 08:38:30,0.097315,Waliguan,36.28333,100.9,3816.5
2024-07-30 08:42:58,0.095804,Waliguan,36.28333,100.9,3816.5
2024-07-30 08:45:58,0.096049,Waliguan,36.28333,100.9,3816.5
2024-07-30 08:48:58,0.09644,Waliguan,36.28333,100.9,3816.5
2024-07-30 08:51:58,0.093311,Waliguan,36.28333,100.9,3816.5
2024-07-30 08:53:51,0.094248,Waliguan,36.28333,100.9,3816.5
2024-07-30 08:57:58,0.092609,Waliguan,36.28333,100.9,3816.5
2024-07-30 09:00:58,0.090904,Waliguan,36.28333,100.9,3816.5
2024-07-30 09:03:57,0.090092,Waliguan,36.28333,100.9,3816.5
2024-07-30 09:06:57,0.090998,Waliguan,36.28333,100.9,3816.5
2024-07-30 09:08:52,0.091462,Waliguan,36.28333,100.9,3816.5
2024-07-30 09:12:57,0.090191,Waliguan,36.28333,100.9,3816.5
2024-07-30 09:16:00,0.088468,Waliguan,36.28333,100.9,3816.5
2024-07-30 09:17:54,0.086513,Waliguan,36.28333,100.9,3816.5
2024-07-30 09:27:57,0.083397,Waliguan,36.28333,100.9,3816.5
2024-07-30 09:30:57,0.083187,Waliguan,36.28333,100.9,3816.5
2024-07-30 09:33:57,0.083547,Waliguan,36.28333,100.9,3816.5
2024-07-30 09:36:57,0.083099,Waliguan,36.28333,100.9,3816.5
2024-07-30 09:39:58,0.082981,Waliguan,36.28333,100.9,3816.5
2024-07-30 09:42:57,0.085749,Waliguan,36.28333,100.9,3816.5
2024-07-30 09:45:57,0.083516,Waliguan,36.28333,100.9,3816.5
2024-07-30 09:47:52,0.083409,Waliguan,36.28333,100.9,3816.5
2024-07-30 10:00:56,0.092472,Waliguan,36.28333,100.9,3816.5
2024-07-30 10:02:52,0.087772,Waliguan,36.28333,100.9,3816.5
2024-07-30 10:06:57,0.089431,Waliguan,36.28333,100.9,3816.5
2024-07-30 10:09:58,0.09077,Waliguan,36.28333,100.9,3816.5
2024-07-30 10:12:57,0.087742,Waliguan,36.28333,100.9,3816.5
2024-07-30 10:21:56,0.105712,Waliguan,36.28333,100.9,3816.5
2024-07-30 10:23:55,0.09813,Waliguan,36.28333,100.9,3816.5
2024-07-30 11:33:40,0.065265,Waliguan,36.28333,100.9,3816.5
2024-07-30 11:36:56,0.061573,Waliguan,36.28333,100.9,3816.5
2024-07-30 11:38:53,0.062068,Waliguan,36.28333,100.9,3816.5
2024-07-30 23:10:44,0.077677,Waliguan,36.28333,100.9,3816.5
2024-07-30 23:12:56,0.079468,Waliguan,36.28333,100.9,3816.5
2024-07-30 23:14:57,0.084067,Waliguan,36.28333,100.9,3816.5
2024-07-30 23:17:55,0.089846,Waliguan,36.28333,100.9,3816.5
2024-07-30 23:21:55,0.08444,Waliguan,36.28333,100.9,3816.5
2024-07-30 23:23:54,0.085736,Waliguan,36.28333,100.9,3816.5
2024-07-30 23:27:50,0.083453,Waliguan,36.28333,100.9,3816.5
2024-07-30 23:33:55,0.085644,Waliguan,36.28333,100.9,3816.5
2024-07-30 23:35:39,0.089648,Waliguan,36.28333,100.9,3816.5
2024-07-30 23:39:55,0.088176,Waliguan,36.28333,100.9,3816.5
2024-07-30 23:42:50,0.086316,Waliguan,36.28333,100.9,3816.5
2024-07-30 23:52:09,0.09321,Waliguan,36.28333,100.9,3816.5
2024-07-30 23:54:15,0.098285,Waliguan,36.28333,100.9,3816.5
2024-07-30 23:56:21,0.099198,Waliguan,36.28333,100.9,3816.5
2024-07-31 00:00:53,0.095742,Waliguan,36.28333,100.9,3816.5
2024-07-31 00:02:51,0.098328,Waliguan,36.28333,100.9,3816.5
2024-07-31 00:06:56,0.097607,Waliguan,36.28333,100.9,3816.5
2024-07-31 00:08:52,0.096009,Waliguan,36.28333,100.9,3816.5
2024-07-31 00:16:56,0.099343,Waliguan,36.28333,100.9,3816.5
2024-07-31 00:23:22,0.098179,Waliguan,36.28333,100.9,3816.5
2024-07-31 00:25:29,0.097668,Waliguan,36.28333,100.9,3816.5
2024-07-31 00:27:56,0.098909,Waliguan,36.28333,100.9,3816.5
2024-07-31 00:30:55,0.10488,Waliguan,36.28333,100.9,3816.5
2024-07-31 00:33:48,0.101567,Waliguan,36.28333,100.9,3816.5
2024-07-31 00:36:55,0.10011,Waliguan,36.28333,100.9,3816.5
2024-07-31 00:39:55,0.101799,Waliguan,36.28333,100.9,3816.5
2024-07-31 00:42:55,0.102782,Waliguan,36.28333,100.9,3816.5
2024-07-31 00:45:48,0.105323,Waliguan,36.28333,100.9,3816.5
2024-07-31 00:48:55,0.103046,Waliguan,36.28333,100.9,3816.5
2024-07-31 00:51:55,0.104533,Waliguan,36.28333,100.9,3816.5
2024-07-31 00:54:55,0.103521,Waliguan,36.28333,100.9,3816.5
2024-07-31 00:57:55,0.102951,Waliguan,36.28333,100.9,3816.5
2024-07-31 01:00:32,0.102371,Waliguan,36.28333,100.9,3816.5
2024-07-31 01:12:54,0.111372,Waliguan,36.28333,100.9,3816.5
2024-07-31 01:15:55,0.113038,Waliguan,36.28333,100.9,3816.5
2024-07-31 01:18:55,0.11175,Waliguan,36.28333,100.9,3816.5
2024-07-31 01:21:55,0.10676,Waliguan,36.28333,100.9,3816.5
2024-07-31 01:24:56,0.114598,Waliguan,36.28333,100.9,3816.5
2024-07-31 01:27:56,0.114467,Waliguan,36.28333,100.9,3816.5
2024-07-31 01:30:28,0.112235,Waliguan,36.28333,100.9,3816.5
2024-07-31 01:39:50,0.117856,Waliguan,36.28333,100.9,3816.5
2024-07-31 01:42:56,0.120036,Waliguan,36.28333,100.9,3816.5
2024-07-31 01:48:55,0.114094,Waliguan,36.28333,100.9,3816.5
2024-07-31 01:51:56,0.114651,Waliguan,36.28333,100.9,3816.5
2024-07-31 01:53:50,0.111254,Waliguan,36.28333,100.9,3816.5
2024-07-31 01:57:54,0.11155,Waliguan,36.28333,100.9,3816.5
2024-07-31 02:00:56,0.111294,Waliguan,36.28333,100.9,3816.5
2024-07-31 02:03:56,0.109377,Waliguan,36.28333,100.9,3816.5
2024-07-31 02:06:56,0.107837,Waliguan,36.28333,100.9,3816.5
2024-07-31 02:08:50,0.107366,Waliguan,36.28333,100.9,3816.5
2024-07-31 02:12:56,0.106671,Waliguan,36.28333,100.9,3816.5
2024-07-31 02:15:57,0.105987,Waliguan,36.28333,100.9,3816.5
2024-07-31 02:18:56,0.10674,Waliguan,36.28333,100.9,3816.5
2024-07-31 02:21:56,0.107409,Waliguan,36.28333,100.9,3816.5
2024-07-31 02:23:51,0.107715,Waliguan,36.28333,100.9,3816.5
2024-07-31 02:31:54,0.10617,Waliguan,36.28333,100.9,3816.5
2024-07-31 02:50:22,0.109131,Waliguan,36.28333,100.9,3816.5
2024-07-31 02:53:26,0.109273,Waliguan,36.28333,100.9,3816.5
2024-07-31 02:57:57,0.109277,Waliguan,36.28333,100.9,3816.5
2024-07-31 03:00:57,0.109406,Waliguan,36.28333,100.9,3816.5
2024-07-31 03:03:56,0.10941,Waliguan,36.28333,100.9,3816.5
2024-07-31 03:06:56,0.110806,Waliguan,36.28333,100.9,3816.5
2024-07-31 03:08:52,0.111097,Waliguan,36.28333,100.9,3816.5
2024-07-31 03:12:57,0.111228,Waliguan,36.28333,100.9,3816.5
2024-07-31 03:15:57,0.112223,Waliguan,36.28333,100.9,3816.5
2024-07-31 03:18:57,0.111707,Waliguan,36.28333,100.9,3816.5
2024-07-31 03:21:57,0.112073,Waliguan,36.28333,100.9,3816.5
2024-07-31 03:23:53,0.111641,Waliguan,36.28333,100.9,3816.5
2024-07-31 03:30:55,0.112421,Waliguan,36.28333,100.9,3816.5
2024-07-31 03:33:57,0.112997,Waliguan,36.28333,100.9,3816.5
2024-07-31 03:45:57,0.112441,Waliguan,36.28333,100.9,3816.5
2024-07-31 03:48:57,0.113038,Waliguan,36.28333,100.9,3816.5
2024-07-31 03:51:57,0.11205,Waliguan,36.28333,100.9,3816.5
2024-07-31 03:53:53,0.112119,Waliguan,36.28333,100.9,3816.5
2024-07-31 03:57:58,0.113904,Waliguan,36.28333,100.9,3816.5
2024-07-31 04:00:58,0.112923,Waliguan,36.28333,100.9,3816.5
2024-07-31 04:03:57,0.113534,Waliguan,36.28333,100.9,3816.5
2024-07-31 04:06:57,0.115054,Waliguan,36.28333,100.9,3816.5
2024-07-31 04:08:52,0.114836,Waliguan,36.28333,100.9,3816.5
2024-07-31 04:12:57,0.115645,Waliguan,36.28333,100.9,3816.5
2024-07-31 04:16:00,0.115963,Waliguan,36.28333,100.9,3816.5
2024-07-31 04:18:58,0.11425,Waliguan,36.28333,100.9,3816.5
2024-07-31 04:30:58,0.115213,Waliguan,36.28333,100.9,3816.5
2024-07-31 04:33:58,0.116237,Waliguan,36.28333,100.9,3816.5
2024-07-31 04:36:58,0.116564,Waliguan,36.28333,100.9,3816.5
2024-07-31 04:38:52,0.116967,Waliguan,36.28333,100.9,3816.5
2024-07-31 04:43:02,0.115713,Waliguan,36.28333,100.9,3816.5
2024-07-31 04:45:58,0.114844,Waliguan,36.28333,100.9,3816.5
2024-07-31 04:48:59,0.115652,Waliguan,36.28333,100.9,3816.5
2024-07-31 04:51:59,0.117219,Waliguan,36.28333,100.9,3816.5
2024-07-31 04:53:53,0.117812,Waliguan,36.28333,100.9,3816.5
2024-07-31 04:57:58,0.116505,Waliguan,36.28333,100.9,3816.5
2024-07-31 05:06:59,0.117539,Waliguan,36.28333,100.9,3816.5
2024-07-31 05:08:52,0.117247,Waliguan,36.28333,100.9,3816.5
2024-07-31 05:12:59,0.120859,Waliguan,36.28333,100.9,3816.5
2024-07-31 05:15:59,0.11708,Waliguan,36.28333,100.9,3816.5
2024-07-31 05:18:59,0.115285,Waliguan,36.28333,100.9,3816.5
2024-07-31 05:21:59,0.119377,Waliguan,36.28333,100.9,3816.5
2024-07-31 05:31:00,0.121978,Waliguan,36.28333,100.9,3816.5
2024-07-31 05:34:00,0.124728,Waliguan,36.28333,100.9,3816.5
2024-07-31 05:37:00,0.123181,Waliguan,36.28333,100.9,3816.5
2024-07-31 05:46:01,0.123527,Waliguan,36.28333,100.9,3816.5
2024-07-31 05:49:00,0.124042,Waliguan,36.28333,100.9,3816.5
2024-07-31 05:52:00,0.12562,Waliguan,36.28333,100.9,3816.5
2024-07-31 05:53:54,0.127139,Waliguan,36.28333,100.9,3816.5
2024-07-31 06:22:04,0.124395,Waliguan,36.28333,100.9,3816.5
2024-07-31 06:23:56,0.121731,Waliguan,36.28333,100.9,3816.5
2024-07-31 07:22:00,0.132475,Waliguan,36.28333,100.9,3816.5
2024-07-31 07:31:00,0.120517,Waliguan,36.28333,100.9,3816.5
2024-07-31 08:45:58,0.109442,Waliguan,36.28333,100.9,3816.5
2024-07-31 08:48:58,0.099203,Waliguan,36.28333,100.9,3816.5
2024-07-31 08:51:57,0.097187,Waliguan,36.28333,100.9,3816.5
2024-07-31 08:53:51,0.096083,Waliguan,36.28333,100.9,3816.5
2024-07-31 08:57:58,0.095248,Waliguan,36.28333,100.9,3816.5
2024-07-31 09:03:57,0.095442,Waliguan,36.28333,100.9,3816.5
2024-07-31 09:27:57,0.094689,Waliguan,36.28333,100.9,3816.5
2024-07-31 09:30:57,0.087911,Waliguan,36.28333,100.9,3816.5
2024-07-31 09:33:57,0.084558,Waliguan,36.28333,100.9,3816.5
2024-07-31 09:36:57,0.085672,Waliguan,36.28333,100.9,3816.5
2024-07-31 09:39:59,0.082127,Waliguan,36.28333,100.9,3816.5
2024-07-31 09:42:57,0.081923,Waliguan,36.28333,100.9,3816.5
2024-07-31 09:45:56,0.085411,Waliguan,36.28333,100.9,3816.5
2024-07-31 09:47:52,0.081735,Waliguan,36.28333,100.9,3816.5
2024-07-31 09:57:57,0.079303,Waliguan,36.28333,100.9,3816.5
2024-07-31 10:00:57,0.076784,Waliguan,36.28333,100.9,3816.5
2024-07-31 10:02:52,0.075142,Waliguan,36.28333,100.9,3816.5
2024-07-31 10:06:57,0.077766,Waliguan,36.28333,100.9,3816.5
2024-07-31 10:09:57,0.079094,Waliguan,36.28333,100.9,3816.5
2024-07-31 10:12:56,0.076676,Waliguan,36.28333,100.9,3816.5
2024-07-31 10:14:51,0.076898,Waliguan,36.28333,100.9,3816.5
2024-07-31 10:18:56,0.07609,Waliguan,36.28333,100.9,3816.5
2024-07-31 10:21:56,0.076473,Waliguan,36.28333,100.9,3816.5
2024-07-31 10:23:51,0.073197,Waliguan,36.28333,100.9,3816.5
2024-07-31 10:27:57,0.073491,Waliguan,36.28333,100.9,3816.5
2024-07-31 10:30:57,0.073049,Waliguan,36.28333,100.9,3816.5
2024-07-31 10:32:51,0.074413,Waliguan,36.28333,100.9,3816.5
2024-07-31 10:36:56,0.071207,Waliguan,36.28333,100.9,3816.5
2024-07-31 10:38:53,0.070726,Waliguan,36.28333,100.9,3816.5
2024-07-31 10:46:56,0.069151,Waliguan,36.28333,100.9,3816.5
2024-07-31 10:53:23,0.067107,Waliguan,36.28333,100.9,3816.5
2024-07-31 10:55:28,0.065954,Waliguan,36.28333,100.9,3816.5
2024-07-31 10:57:30,0.06605,Waliguan,36.28333,100.9,3816.5
2024-07-31 11:00:07,0.0646,Waliguan,36.28333,100.9,3816.5
2024-07-31 11:03:56,0.063265,Waliguan,36.28333,100.9,3816.5
2024-07-31 11:05:51,0.061415,Waliguan,36.28333,100.9,3816.5
2024-07-31 11:19:06,0.05781,Waliguan,36.28333,100.9,3816.5
2024-07-31 11:21:08,0.057339,Waliguan,36.28333,100.9,3816.5
2024-07-31 11:24:30,0.056084,Waliguan,36.28333,100.9,3816.5
2024-07-31 11:27:56,0.054945,Waliguan,36.28333,100.9,3816.5
2024-07-31 11:29:56,0.054615,Waliguan,36.28333,100.9,3816.5
2024-07-31 11:32:53,0.054229,Waliguan,36.28333,100.9,3816.5
2024-07-31 11:36:12,0.055041,Waliguan,36.28333,100.9,3816.5
2024-07-31 23:11:31,0.095353,Waliguan,36.28333,100.9,3816.5
2024-07-31 23:42:55,0.08994,Waliguan,36.28333,100.9,3816.5
2024-07-31 23:44:53,0.089221,Waliguan,36.28333,100.9,3816.5
2024-08-01 00:39:55,0.126266,Waliguan,36.28333,100.9,3816.5
2024-08-01 02:23:26,0.180482,Waliguan,36.28333,100.9,3816.5
2024-08-01 02:57:59,1.334562,Waliguan,36.28333,100.9,3816.5
2024-08-02 23:15:56,0.095397,Waliguan,36.28333,100.9,3816.5
2024-08-03 00:00:55,0.093725,Waliguan,36.28333,100.9,3816.5
2024-08-03 00:03:39,0.09433,Waliguan,36.28333,100.9,3816.5
2024-08-03 00:06:55,0.096441,Waliguan,36.28333,100.9,3816.5
2024-08-03 00:09:55,0.099498,Waliguan,36.28333,100.9,3816.5
2024-08-03 00:11:52,0.102109,Waliguan,36.28333,100.9,3816.5
2024-08-03 00:20:17,0.12737,Waliguan,36.28333,100.9,3816.5
2024-08-03 00:26:45,0.11205,Waliguan,36.28333,100.9,3816.5
2024-08-03 00:28:51,0.108734,Waliguan,36.28333,100.9,3816.5
2024-08-03 00:33:55,0.105553,Waliguan,36.28333,100.9,3816.5
2024-08-03 00:35:52,0.104326,Waliguan,36.28333,100.9,3816.5
2024-08-03 00:39:55,0.097482,Waliguan,36.28333,100.9,3816.5
2024-08-03 00:42:55,0.097391,Waliguan,36.28333,100.9,3816.5
2024-08-03 00:45:55,0.097996,Waliguan,36.28333,100.9,3816.5
2024-08-03 00:47:53,0.099964,Waliguan,36.28333,100.9,3816.5
2024-08-03 00:51:55,0.100635,Waliguan,36.28333,100.9,3816.5
2024-08-03 00:54:55,0.100084,Waliguan,36.28333,100.9,3816.5
2024-08-03 00:57:55,0.100586,Waliguan,36.28333,100.9,3816.5
2024-08-03 01:00:55,0.103713,Waliguan,36.28333,100.9,3816.5
2024-08-03 01:02:53,0.102936,Waliguan,36.28333,100.9,3816.5
2024-08-03 01:15:55,0.11088,Waliguan,36.28333,100.9,3816.5
2024-08-03 01:21:55,0.108611,Waliguan,36.28333,100.9,3816.5
2024-08-03 01:24:56,0.108324,Waliguan,36.28333,100.9,3816.5
2024-08-03 01:27:56,0.107098,Waliguan,36.28333,100.9,3816.5
2024-08-03 01:30:56,0.111345,Waliguan,36.28333,100.9,3816.5
2024-08-03 01:32:52,0.115005,Waliguan,36.28333,100.9,3816.5
2024-08-03 01:45:56,0.14451,Waliguan,36.28333,100.9,3816.5
2024-08-03 01:48:55,0.113062,Waliguan,36.28333,100.9,3816.5
2024-08-03 01:51:55,0.107728,Waliguan,36.28333,100.9,3816.5
2024-08-03 01:53:53,0.103948,Waliguan,36.28333,100.9,3816.5
2024-08-03 01:57:56,0.105333,Waliguan,36.28333,100.9,3816.5
2024-08-03 02:00:56,0.104221,Waliguan,36.28333,100.9,3816.5
2024-08-03 03:30:57,0.162075,Waliguan,36.28333,100.9,3816.5
2024-08-03 03:33:57,0.163319,Waliguan,36.28333,100.9,3816.5
2024-08-03 07:34:00,0.131568,Waliguan,36.28333,100.9,3816.5
2024-08-03 07:36:59,0.130283,Waliguan,36.28333,100.9,3816.5
2024-08-03 07:38:55,0.128184,Waliguan,36.28333,100.9,3816.5
2024-08-03 07:43:00,0.129235,Waliguan,36.28333,100.9,3816.5
2024-08-03 07:45:59,0.127407,Waliguan,36.28333,100.9,3816.5
2024-08-03 07:48:59,0.12639,Waliguan,36.28333,100.9,3816.5
2024-08-03 07:51:59,0.127382,Waliguan,36.28333,100.9,3816.5
2024-08-03 07:53:54,0.12287,Waliguan,36.28333,100.9,3816.5
2024-08-03 07:57:58,0.127033,Waliguan,36.28333,100.9,3816.5
2024-08-03 08:00:58,0.126446,Waliguan,36.28333,100.9,3816.5
2024-08-03 08:03:58,0.128712,Waliguan,36.28333,100.9,3816.5
2024-08-03 08:06:58,0.133086,Waliguan,36.28333,100.9,3816.5
2024-08-03 08:08:53,0.133073,Waliguan,36.28333,100.9,3816.5
2024-08-03 08:12:58,0.130919,Waliguan,36.28333,100.9,3816.5
2024-08-03 08:15:58,0.125918,Waliguan,36.28333,100.9,3816.5
2024-08-03 08:18:58,0.124782,Waliguan,36.28333,100.9,3816.5
2024-08-03 08:21:58,0.122829,Waliguan,36.28333,100.9,3816.5
2024-08-03 08:23:53,0.120457,Waliguan,36.28333,100.9,3816.5
2024-08-03 08:31:51,0.11443,Waliguan,36.28333,100.9,3816.5
2024-08-03 08:38:23,0.108861,Waliguan,36.28333,100.9,3816.5
2024-08-03 08:42:58,0.110551,Waliguan,36.28333,100.9,3816.5
2024-08-03 08:45:58,0.109562,Waliguan,36.28333,100.9,3816.5
2024-08-03 08:48:58,0.112419,Waliguan,36.28333,100.9,3816.5
2024-08-03 08:51:57,0.11268,Waliguan,36.28333,100.9,3816.5
2024-08-03 08:53:52,0.109512,Waliguan,36.28333,100.9,3816.5
2024-08-03 08:57:58,0.107068,Waliguan,36.28333,100.9,3816.5
2024-08-03 09:00:57,0.106642,Waliguan,36.28333,100.9,3816.5
2024-08-03 09:03:58,0.105584,Waliguan,36.28333,100.9,3816.5
2024-08-03 09:06:57,0.106137,Waliguan,36.28333,100.9,3816.5
2024-08-03 09:08:51,0.105476,Waliguan,36.28333,100.9,3816.5
2024-08-03 10:06:56,0.108641,Waliguan,36.28333,100.9,3816.5
2024-08-03 10:09:57,0.105886,Waliguan,36.28333,100.9,3816.5
2024-08-03 10:11:52,0.105934,Waliguan,36.28333,100.9,3816.5
2024-08-03 10:18:57,0.10384,Waliguan,36.28333,100.9,3816.5
2024-08-03 10:20:54,0.100651,Waliguan,36.28333,100.9,3816.5
2024-08-03 10:24:56,0.098676,Waliguan,36.28333,100.9,3816.5
2024-08-03 10:27:56,0.098531,Waliguan,36.28333,100.9,3816.5
2024-08-03 10:29:51,0.09882,Waliguan,36.28333,100.9,3816.5
2024-08-03 10:33:56,0.094025,Waliguan,36.28333,100.9,3816.5
2024-08-03 10:36:39,0.092399,Waliguan,36.28333,100.9,3816.5
2024-08-03 10:44:43,0.078759,Waliguan,36.28333,100.9,3816.5
2024-08-03 10:51:36,0.076461,Waliguan,36.28333,100.9,3816.5
2024-08-03 10:54:35,0.074607,Waliguan,36.28333,100.9,3816.5
2024-08-03 10:57:33,0.073132,Waliguan,36.28333,100.9,3816.5
2024-08-03 11:00:34,0.072024,Waliguan,36.28333,100.9,3816.5
2024-08-03 11:03:33,0.072252,Waliguan,36.28333,100.9,3816.5
2024-08-03 11:13:26,0.072161,Waliguan,36.28333,100.9,3816.5
2024-08-03 11:16:42,0.072395,Waliguan,36.28333,100.9,3816.5
2024-08-03 11:21:55,0.072433,Waliguan,36.28333,100.9,3816.5
2024-08-03 11:23:51,0.071361,Waliguan,36.28333,100.9,3816.5
2024-08-03 11:26:50,0.068693,Waliguan,36.28333,100.9,3816.5
2024-08-03 11:30:28,0.069733,Waliguan,36.28333,100.9,3816.5
2024-08-03 11:33:44,0.068999,Waliguan,36.28333,100.9,3816.5
2024-08-03 23:13:35,0.080651,Waliguan,36.28333,100.9,3816.5
2024-08-03 23:16:50,0.081214,Waliguan,36.28333,100.9,3816.5
2024-08-03 23:20:40,0.0817,Waliguan,36.28333,100.9,3816.5
2024-08-03 23:24:55,0.082036,Waliguan,36.28333,100.9,3816.5
2024-08-03 23:26:52,0.082657,Waliguan,36.28333,100.9,3816.5
2024-08-03 23:31:06,0.084585,Waliguan,36.28333,100.9,3816.5
2024-08-03 23:33:59,0.08393,Waliguan,36.28333,100.9,3816.5
2024-08-03 23:36:55,0.085482,Waliguan,36.28333,100.9,3816.5
2024-08-03 23:38:53,0.0847,Waliguan,36.28333,100.9,3816.5
2024-08-03 23:42:54,0.084601,Waliguan,36.28333,100.9,3816.5
2024-08-03 23:45:31,0.084632,Waliguan,36.28333,100.9,3816.5
2024-08-03 23:54:52,0.084719,Waliguan,36.28333,100.9,3816.5
2024-08-03 23:56:58,0.085096,Waliguan,36.28333,100.9,3816.5
2024-08-03 23:59:04,0.085456,Waliguan,36.28333,100.9,3816.5
2024-08-04 00:03:55,0.085275,Waliguan,36.28333,100.9,3816.5
2024-08-04 00:05:52,0.085333,Waliguan,36.28333,100.9,3816.5
2024-08-04 00:09:56,0.086047,Waliguan,36.28333,100.9,3816.5
2024-08-04 00:11:52,0.086916,Waliguan,36.28333,100.9,3816.5
2024-08-04 00:19:56,0.088596,Waliguan,36.28333,100.9,3816.5
2024-08-04 00:26:23,0.090225,Waliguan,36.28333,100.9,3816.5
2024-08-04 00:28:29,0.090582,Waliguan,36.28333,100.9,3816.5
2024-08-04 00:30:54,0.091673,Waliguan,36.28333,100.9,3816.5
2024-08-04 00:33:55,0.092447,Waliguan,36.28333,100.9,3816.5
2024-08-04 00:36:19,0.09383,Waliguan,36.28333,100.9,3816.5
2024-08-29 00:16:33,0.602575,Waliguan,36.28333,100.9,3816.5
2024-08-29 00:27:52,0.846408,Waliguan,36.28333,100.9,3816.5
2024-08-29 01:05:50,1.132742,Waliguan,36.28333,100.9,3816.5
2024-08-29 01:36:56,0.82768,Waliguan,36.28333,100.9,3816.5
2024-08-29 01:42:57,0.990497,Waliguan,36.28333,100.9,3816.5
2024-08-29 02:33:23,0.666044,Waliguan,36.28333,100.9,3816.5
2024-08-29 02:36:57,0.57954,Waliguan,36.28333,100.9,3816.5
2024-08-29 02:42:56,0.543138,Waliguan,36.28333,100.9,3816.5
2024-08-29 03:00:57,0.407573,Waliguan,36.28333,100.9,3816.5
2024-08-29 03:06:57,0.423561,Waliguan,36.28333,100.9,3816.5
2024-08-29 03:30:57,0.308634,Waliguan,36.28333,100.9,3816.5
2024-08-29 03:33:24,0.345954,Waliguan,36.28333,100.9,3816.5
2024-08-29 03:36:57,0.260355,Waliguan,36.28333,100.9,3816.5
2024-08-29 03:45:57,0.234557,Waliguan,36.28333,100.9,3816.5
2024-08-29 04:39:59,0.242024,Waliguan,36.28333,100.9,3816.5
2024-08-29 04:45:58,0.16103,Waliguan,36.28333,100.9,3816.5
2024-08-29 04:48:24,0.177639,Waliguan,36.28333,100.9,3816.5
2024-08-29 04:54:58,0.211812,Waliguan,36.28333,100.9,3816.5
2024-08-29 04:57:58,0.205593,Waliguan,36.28333,100.9,3816.5
2024-08-29 05:00:58,0.20625,Waliguan,36.28333,100.9,3816.5
2024-08-29 05:03:25,0.216023,Waliguan,36.28333,100.9,3816.5
2024-08-29 05:09:58,0.259425,Waliguan,36.28333,100.9,3816.5
2024-08-29 05:18:26,0.367712,Waliguan,36.28333,100.9,3816.5
2024-08-29 05:33:26,0.218774,Waliguan,36.28333,100.9,3816.5
2024-08-29 07:30:59,0.249094,Waliguan,36.28333,100.9,3816.5
2024-08-29 07:33:25,0.2383,Waliguan,36.28333,100.9,3816.5
2024-08-29 07:39:58,0.17467,Waliguan,36.28333,100.9,3816.5
2024-08-29 07:42:58,0.173064,Waliguan,36.28333,100.9,3816.5
2024-08-29 07:48:26,0.17432,Waliguan,36.28333,100.9,3816.5
2024-08-29 07:51:58,0.189185,Waliguan,36.28333,100.9,3816.5
2024-08-29 07:54:58,0.205743,Waliguan,36.28333,100.9,3816.5
2024-08-29 07:57:58,0.19243,Waliguan,36.28333,100.9,3816.5
2024-08-29 08:00:58,0.177275,Waliguan,36.28333,100.9,3816.5
2024-08-29 08:03:25,0.164153,Waliguan,36.28333,100.9,3816.5
2024-08-29 08:06:58,0.170874,Waliguan,36.28333,100.9,3816.5
2024-08-29 08:09:58,0.167781,Waliguan,36.28333,100.9,3816.5
2024-08-29 08:12:57,0.173728,Waliguan,36.28333,100.9,3816.5
2024-08-29 08:15:57,0.158552,Waliguan,36.28333,100.9,3816.5
2024-08-29 08:18:25,0.146505,Waliguan,36.28333,100.9,3816.5
2024-08-29 08:26:23,0.168608,Waliguan,36.28333,100.9,3816.5
2024-08-29 08:33:24,0.181702,Waliguan,36.28333,100.9,3816.5
2024-08-29 08:36:58,0.181565,Waliguan,36.28333,100.9,3816.5
2024-08-29 08:39:57,0.172574,Waliguan,36.28333,100.9,3816.5
2024-08-29 08:45:30,0.15109,Waliguan,36.28333,100.9,3816.5
2024-08-29 23:54:54,0.219929,Waliguan,36.28333,100.9,3816.5
2024-08-29 23:56:48,0.240991,Waliguan,36.28333,100.9,3816.5
2024-08-30 00:15:16,0.250438,Waliguan,36.28333,100.9,3816.5
2024-08-30 00:17:20,0.225123,Waliguan,36.28333,100.9,3816.5
2024-08-30 00:21:55,0.251584,Waliguan,36.28333,100.9,3816.5
2024-08-30 00:23:49,0.250386,Waliguan,36.28333,100.9,3816.5
2024-08-30 00:29:52,0.285391,Waliguan,36.28333,100.9,3816.5
2024-08-30 00:38:18,0.406191,Waliguan,36.28333,100.9,3816.5
2024-08-30 00:54:17,0.307893,Waliguan,36.28333,100.9,3816.5
2024-08-30 01:53:51,0.418251,Waliguan,36.28333,100.9,3816.5
2024-08-30 02:09:56,0.237259,Waliguan,36.28333,100.9,3816.5
2024-08-30 02:12:56,0.249436,Waliguan,36.28333,100.9,3816.5
2024-08-30 02:15:56,0.214794,Waliguan,36.28333,100.9,3816.5
2024-08-30 02:18:06,0.22079,Waliguan,36.28333,100.9,3816.5
2024-08-30 02:36:57,0.19025,Waliguan,36.28333,100.9,3816.5
2024-08-30 02:39:56,0.208792,Waliguan,36.28333,100.9,3816.5
2024-08-30 02:45:56,0.198176,Waliguan,36.28333,100.9,3816.5
2024-08-30 02:48:05,0.198097,Waliguan,36.28333,100.9,3816.5
2024-08-30 06:24:57,0.14664,Waliguan,36.28333,100.9,3816.5
2024-08-30 06:27:59,0.13895,Waliguan,36.28333,100.9,3816.5
2024-08-30 06:31:00,0.145168,Waliguan,36.28333,100.9,3816.5
2024-08-30 06:33:08,0.141046,Waliguan,36.28333,100.9,3816.5
2024-08-30 06:36:59,0.130102,Waliguan,36.28333,100.9,3816.5
2024-08-30 06:39:59,0.127169,Waliguan,36.28333,100.9,3816.5
2024-08-30 06:42:59,0.131551,Waliguan,36.28333,100.9,3816.5
2024-08-30 06:45:59,0.126688,Waliguan,36.28333,100.9,3816.5
2024-08-30 06:48:08,0.127478,Waliguan,36.28333,100.9,3816.5
2024-08-30 06:51:59,0.129924,Waliguan,36.28333,100.9,3816.5
2024-08-30 06:54:59,0.131689,Waliguan,36.28333,100.9,3816.5
2024-08-30 06:58:00,0.13159,Waliguan,36.28333,100.9,3816.5
2024-08-30 07:01:00,0.129007,Waliguan,36.28333,100.9,3816.5
2024-08-30 07:03:07,0.130728,Waliguan,36.28333,100.9,3816.5
2024-08-30 07:06:59,0.126864,Waliguan,36.28333,100.9,3816.5
2024-08-30 07:09:59,0.127632,Waliguan,36.28333,100.9,3816.5
2024-08-30 07:12:59,0.132771,Waliguan,36.28333,100.9,3816.5
2024-08-30 07:15:58,0.131384,Waliguan,36.28333,100.9,3816.5
2024-08-30 07:18:09,0.129398,Waliguan,36.28333,100.9,3816.5
2024-08-30 07:24:58,0.124017,Waliguan,36.28333,100.9,3816.5
2024-08-30 07:27:58,0.121444,Waliguan,36.28333,100.9,3816.5
2024-08-30 07:30:58,0.12047,Waliguan,36.28333,100.9,3816.5
2024-08-30 07:33:07,0.121228,Waliguan,36.28333,100.9,3816.5
2024-08-30 07:36:58,0.121789,Waliguan,36.28333,100.9,3816.5
2024-08-30 07:39:58,0.119189,Waliguan,36.28333,100.9,3816.5
2024-08-30 07:42:58,0.117367,Waliguan,36.28333,100.9,3816.5
2024-08-30 07:45:58,0.117451,Waliguan,36.28333,100.9,3816.5
2024-08-30 07:48:07,0.11774,Waliguan,36.28333,100.9,3816.5
2024-08-30 07:51:58,0.120177,Waliguan,36.28333,100.9,3816.5
2024-08-30 07:54:58,0.127078,Waliguan,36.28333,100.9,3816.5
2024-08-30 08:00:58,0.140273,Waliguan,36.28333,100.9,3816.5
2024-08-30 08:03:07,0.134376,Waliguan,36.28333,100.9,3816.5
2024-08-30 08:06:58,0.130789,Waliguan,36.28333,100.9,3816.5
2024-08-30 08:09:58,0.131827,Waliguan,36.28333,100.9,3816.5
2024-08-30 08:12:57,0.119319,Waliguan,36.28333,100.9,3816.5
2024-08-30 08:15:57,0.103965,Waliguan,36.28333,100.9,3816.5
2024-08-30 08:18:08,0.1031,Waliguan,36.28333,100.9,3816.5
2024-08-30 08:26:08,0.112041,Waliguan,36.28333,100.9,3816.5
2024-08-30 08:33:06,0.125074,Waliguan,36.28333,100.9,3816.5
2024-08-30 08:36:57,0.145213,Waliguan,36.28333,100.9,3816.5
2024-08-30 08:42:57,0.133837,Waliguan,36.28333,100.9,3816.5
2024-08-30 08:44:53,0.152947,Waliguan,36.28333,100.9,3816.5
2024-08-30 09:00:58,0.155001,Waliguan,36.28333,100.9,3816.5
2024-08-30 09:03:57,0.143124,Waliguan,36.28333,100.9,3816.5
2024-08-30 09:06:57,0.137113,Waliguan,36.28333,100.9,3816.5
2024-08-30 09:09:57,0.114778,Waliguan,36.28333,100.9,3816.5
2024-08-30 09:14:55,0.145776,Waliguan,36.28333,100.9,3816.5
2024-08-30 09:24:56,0.099672,Waliguan,36.28333,100.9,3816.5
2024-08-30 09:27:57,0.096695,Waliguan,36.28333,100.9,3816.5
2024-08-30 09:29:52,0.09659,Waliguan,36.28333,100.9,3816.5
2024-08-30 09:33:56,0.093473,Waliguan,36.28333,100.9,3816.5
2024-08-30 09:36:56,0.100165,Waliguan,36.28333,100.9,3816.5
2024-08-30 09:39:57,0.093624,Waliguan,36.28333,100.9,3816.5
2024-08-30 09:41:57,0.09608,Waliguan,36.28333,100.9,3816.5
2024-08-30 09:45:56,0.120582,Waliguan,36.28333,100.9,3816.5
2024-08-30 09:48:57,0.154965,Waliguan,36.28333,100.9,3816.5
2024-08-30 09:51:56,0.183292,Waliguan,36.28333,100.9,3816.5
2024-08-30 10:26:44,0.236283,Waliguan,36.28333,100.9,3816.5
2024-08-30 10:29:42,0.220805,Waliguan,36.28333,100.9,3816.5
2024-08-31 01:03:55,1.066305,Waliguan,36.28333,100.9,3816.5
2024-08-31 07:32:51,3.244977,Waliguan,36.28333,100.9,3816.5
2024-08-31 07:54:59,3.518226,Waliguan,36.28333,100.9,3816.5
2024-08-31 08:15:57,3.011623,Waliguan,36.28333,100.9,3816.5
2024-09-01 05:30:58,0.193109,Waliguan,36.28333,100.9,3816.5
2024-09-01 05:45:59,0.162211,Waliguan,36.28333,100.9,3816.5
2024-09-01 05:47:51,0.163441,Waliguan,36.28333,100.9,3816.5
2024-09-01 10:39:09,0.098527,Waliguan,36.28333,100.9,3816.5
2024-09-01 10:42:57,0.089409,Waliguan,36.28333,100.9,3816.5
2024-09-01 10:44:49,0.087913,Waliguan,36.28333,100.9,3816.5
2024-09-01 10:50:50,0.230382,Waliguan,36.28333,100.9,3816.5
2024-09-01 10:57:39,0.162546,Waliguan,36.28333,100.9,3816.5
2024-09-02 02:32:35,0.148193,Waliguan,36.28333,100.9,3816.5
2024-09-02 03:45:57,0.1432,Waliguan,36.28333,100.9,3816.5
2024-09-02 05:47:10,0.157572,Waliguan,36.28333,100.9,3816.5
2024-09-02 23:42:29,0.274805,Waliguan,36.28333,100.9,3816.5
2024-09-02 23:45:55,0.297576,Waliguan,36.28333,100.9,3816.5
2024-09-03 07:45:58,0.357399,Waliguan,36.28333,100.9,3816.5
2024-09-03 07:57:57,0.209117,Waliguan,36.28333,100.9,3816.5
2024-09-03 09:45:57,1.396653,Waliguan,36.28333,100.9,3816.5
2024-09-05 07:36:58,0.217159,Waliguan,36.28333,100.9,3816.5
2024-09-06 09:50:37,0.1308,Waliguan,36.28333,100.9,3816.5
2024-09-17 02:27:56,0.218008,Waliguan,36.28333,100.9,3816.5
2024-09-17 02:30:56,0.220783,Waliguan,36.28333,100.9,3816.5
2024-09-17 02:42:56,0.225803,Waliguan,36.28333,100.9,3816.5
2024-09-17 02:45:56,0.227598,Waliguan,36.28333,100.9,3816.5
2024-09-17 23:46:54,0.04627,Waliguan,36.28333,100.9,3816.5
2024-09-17 23:50:04,0.049005,Waliguan,36.28333,100.9,3816.5
2024-09-17 23:53:48,0.051861,Waliguan,36.28333,100.9,3816.5
2024-09-17 23:57:55,0.05426,Waliguan,36.28333,100.9,3816.5
2024-09-17 23:59:51,0.0558,Waliguan,36.28333,100.9,3816.5
2024-09-18 00:03:27,0.058628,Waliguan,36.28333,100.9,3816.5
2024-09-18 00:06:54,0.061832,Waliguan,36.28333,100.9,3816.5
2024-09-18 00:09:55,0.063806,Waliguan,36.28333,100.9,3816.5
2024-09-18 00:11:50,0.064217,Waliguan,36.28333,100.9,3816.5
2024-09-18 00:15:55,0.067087,Waliguan,36.28333,100.9,3816.5
2024-09-18 00:18:12,0.068748,Waliguan,36.28333,100.9,3816.5
2024-09-18 00:27:28,0.082161,Waliguan,36.28333,100.9,3816.5
2024-09-18 00:29:30,0.084551,Waliguan,36.28333,100.9,3816.5
2024-09-18 00:31:33,0.083875,Waliguan,36.28333,100.9,3816.5
2024-09-18 00:33:55,0.084382,Waliguan,36.28333,100.9,3816.5
2024-09-18 00:36:55,0.085042,Waliguan,36.28333,100.9,3816.5
2024-09-18 00:38:49,0.085276,Waliguan,36.28333,100.9,3816.5
2024-09-18 02:54:56,0.260113,Waliguan,36.28333,100.9,3816.5
2024-09-18 03:00:57,0.239129,Waliguan,36.28333,100.9,3816.5
2024-09-18 03:03:56,0.237458,Waliguan,36.28333,100.9,3816.5
2024-09-18 03:09:56,0.255771,Waliguan,36.28333,100.9,3816.5
2024-09-18 05:54:59,0.275052,Waliguan,36.28333,100.9,3816.5
2024-09-18 05:56:51,0.279408,Waliguan,36.28333,100.9,3816.5
2024-09-18 06:24:58,0.340599,Waliguan,36.28333,100.9,3816.5
2024-09-18 06:26:52,0.330476,Waliguan,36.28333,100.9,3816.5
2024-09-18 06:30:59,0.314828,Waliguan,36.28333,100.9,3816.5
2024-09-18 06:33:58,0.308962,Waliguan,36.28333,100.9,3816.5
2024-09-18 06:36:58,0.291357,Waliguan,36.28333,100.9,3816.5
2024-09-18 06:39:59,0.288508,Waliguan,36.28333,100.9,3816.5
2024-09-18 06:45:58,0.247612,Waliguan,36.28333,100.9,3816.5
2024-09-18 06:56:50,0.242552,Waliguan,36.28333,100.9,3816.5
2024-09-18 07:00:58,0.246314,Waliguan,36.28333,100.9,3816.5
2024-09-18 07:03:58,0.272811,Waliguan,36.28333,100.9,3816.5
2024-09-21 06:30:56,0.364349,Waliguan,36.28333,100.9,3816.5
2024-09-21 06:33:58,0.365343,Waliguan,36.28333,100.9,3816.5
2024-09-21 09:45:55,0.154684,Waliguan,36.28333,100.9,3816.5
2024-09-21 09:47:48,0.146935,Waliguan,36.28333,100.9,3816.5
2024-09-22 07:30:57,0.209258,Waliguan,36.28333,100.9,3816.5
2024-09-22 07:33:58,0.196984,Waliguan,36.28333,100.9,3816.5
2024-09-22 07:39:57,0.159464,Waliguan,36.28333,100.9,3816.5
2024-09-24 02:06:56,0.075679,Waliguan,36.28333,100.9,3816.5
2024-09-24 08:57:56,0.081293,Waliguan,36.28333,100.9,3816.5
2024-09-24 10:20:07,0.065366,Waliguan,36.28333,100.9,3816.5
2024-09-24 23:52:30,0.124087,Waliguan,36.28333,100.9,3816.5
2024-09-24 23:54:55,0.129036,Waliguan,36.28333,100.9,3816.5
2024-09-24 23:56:51,0.123303,Waliguan,36.28333,100.9,3816.5
2024-09-24 23:59:23,0.121493,Waliguan,36.28333,100.9,3816.5
2024-09-25 00:03:50,0.112212,Waliguan,36.28333,100.9,3816.5
2024-09-25 00:06:56,0.108246,Waliguan,36.28333,100.9,3816.5
2024-09-25 00:09:11,0.105599,Waliguan,36.28333,100.9,3816.5
2024-09-25 00:12:55,0.104391,Waliguan,36.28333,100.9,3816.5
2024-09-25 00:15:44,0.101461,Waliguan,36.28333,100.9,3816.5
2024-09-25 00:18:55,0.098069,Waliguan,36.28333,100.9,3816.5
2024-09-25 00:21:55,0.09337,Waliguan,36.28333,100.9,3816.5
2024-09-25 00:24:02,0.091591,Waliguan,36.28333,100.9,3816.5
2024-09-25 00:33:38,0.108095,Waliguan,36.28333,100.9,3816.5
2024-09-25 00:35:43,0.113134,Waliguan,36.28333,100.9,3816.5
2024-09-25 00:37:47,0.112312,Waliguan,36.28333,100.9,3816.5
2024-09-25 00:39:55,0.110442,Waliguan,36.28333,100.9,3816.5
2024-09-25 00:42:55,0.108236,Waliguan,36.28333,100.9,3816.5
2024-09-25 00:44:51,0.108272,Waliguan,36.28333,100.9,3816.5
2024-09-25 00:48:56,0.110521,Waliguan,36.28333,100.9,3816.5
2024-09-25 00:50:51,0.112943,Waliguan,36.28333,100.9,3816.5
2024-09-25 00:59:02,0.114287,Waliguan,36.28333,100.9,3816.5
2024-09-25 01:05:31,0.109989,Waliguan,36.28333,100.9,3816.5
2024-09-25 01:07:37,0.107774,Waliguan,36.28333,100.9,3816.5
2024-09-25 01:09:56,0.108699,Waliguan,36.28333,100.9,3816.5
2024-09-25 01:12:55,0.108883,Waliguan,36.28333,100.9,3816.5
2024-09-25 01:15:55,0.117149,Waliguan,36.28333,100.9,3816.5
2024-09-25 01:17:52,0.121584,Waliguan,36.28333,100.9,3816.5
2024-09-25 01:21:55,0.136363,Waliguan,36.28333,100.9,3816.5
2024-09-25 01:24:56,0.13199,Waliguan,36.28333,100.9,3816.5
2024-09-25 01:27:55,0.136892,Waliguan,36.28333,100.9,3816.5
2024-09-25 01:45:44,0.123029,Waliguan,36.28333,100.9,3816.5
2024-09-25 02:00:56,0.115956,Waliguan,36.28333,100.9,3816.5
2024-09-25 02:03:56,0.129881,Waliguan,36.28333,100.9,3816.5
2024-09-25 02:09:01,0.135776,Waliguan,36.28333,100.9,3816.5
2024-09-25 02:38:59,0.133703,Waliguan,36.28333,100.9,3816.5
2024-09-25 02:42:57,0.145731,Waliguan,36.28333,100.9,3816.5
2024-09-25 02:51:56,0.15178,Waliguan,36.28333,100.9,3816.5
2024-09-25 02:53:59,0.144053,Waliguan,36.28333,100.9,3816.5
2024-09-25 03:51:57,0.150608,Waliguan,36.28333,100.9,3816.5
2024-09-25 03:54:00,0.140411,Waliguan,36.28333,100.9,3816.5
2024-09-25 03:57:57,0.132693,Waliguan,36.28333,100.9,3816.5
2024-09-25 04:03:57,0.139971,Waliguan,36.28333,100.9,3816.5
2024-09-25 04:06:57,0.146757,Waliguan,36.28333,100.9,3816.5
2024-09-25 04:16:59,0.134204,Waliguan,36.28333,100.9,3816.5
2024-09-25 04:24:00,0.130003,Waliguan,36.28333,100.9,3816.5
2024-09-25 04:27:57,0.123127,Waliguan,36.28333,100.9,3816.5
2024-09-25 04:30:57,0.123777,Waliguan,36.28333,100.9,3816.5
2024-09-25 04:33:57,0.130025,Waliguan,36.28333,100.9,3816.5
2024-09-25 04:36:57,0.133803,Waliguan,36.28333,100.9,3816.5
2024-09-25 04:39:00,0.125389,Waliguan,36.28333,100.9,3816.5
2024-09-25 04:42:57,0.123749,Waliguan,36.28333,100.9,3816.5
2024-09-25 04:45:57,0.128979,Waliguan,36.28333,100.9,3816.5
2024-09-25 04:48:57,0.121725,Waliguan,36.28333,100.9,3816.5
2024-09-25 04:51:57,0.1234,Waliguan,36.28333,100.9,3816.5
2024-09-25 04:54:00,0.127922,Waliguan,36.28333,100.9,3816.5
2024-09-25 04:57:58,0.124616,Waliguan,36.28333,100.9,3816.5
2024-09-25 05:00:58,0.117916,Waliguan,36.28333,100.9,3816.5
2024-09-25 05:03:58,0.12132,Waliguan,36.28333,100.9,3816.5
2024-09-25 05:06:58,0.119577,Waliguan,36.28333,100.9,3816.5
2024-09-25 05:09:02,0.117219,Waliguan,36.28333,100.9,3816.5
2024-09-25 05:15:56,0.118335,Waliguan,36.28333,100.9,3816.5
2024-09-25 05:18:57,0.118748,Waliguan,36.28333,100.9,3816.5
2024-09-25 05:21:58,0.120161,Waliguan,36.28333,100.9,3816.5
2024-09-25 05:24:01,0.125114,Waliguan,36.28333,100.9,3816.5
2024-09-25 05:27:57,0.127611,Waliguan,36.28333,100.9,3816.5
2024-09-25 05:30:58,0.123006,Waliguan,36.28333,100.9,3816.5
2024-09-25 05:33:58,0.120371,Waliguan,36.28333,100.9,3816.5
2024-09-25 05:36:58,0.128744,Waliguan,36.28333,100.9,3816.5
2024-09-25 05:39:01,0.125769,Waliguan,36.28333,100.9,3816.5
2024-09-25 05:42:58,0.136099,Waliguan,36.28333,100.9,3816.5
2024-09-25 05:48:58,0.137756,Waliguan,36.28333,100.9,3816.5
2024-09-25 05:52:00,0.135725,Waliguan,36.28333,100.9,3816.5
2024-09-25 05:54:01,0.140517,Waliguan,36.28333,100.9,3816.5
2024-09-26 00:00:14,0.069599,Waliguan,36.28333,100.9,3816.5
2024-09-26 00:03:55,0.070201,Waliguan,36.28333,100.9,3816.5
2024-09-26 00:05:51,0.070479,Waliguan,36.28333,100.9,3816.5
2024-09-26 00:09:55,0.069088,Waliguan,36.28333,100.9,3816.5
2024-09-26 00:11:50,0.067982,Waliguan,36.28333,100.9,3816.5
2024-09-26 00:15:55,0.066869,Waliguan,36.28333,100.9,3816.5
2024-09-26 00:17:51,0.066303,Waliguan,36.28333,100.9,3816.5
2024-09-26 00:21:53,0.065749,Waliguan,36.28333,100.9,3816.5
2024-09-26 00:24:54,0.066835,Waliguan,36.28333,100.9,3816.5
2024-09-26 00:34:11,0.067261,Waliguan,36.28333,100.9,3816.5
2024-09-26 00:36:16,0.06699,Waliguan,36.28333,100.9,3816.5
2024-09-26 00:38:19,0.066877,Waliguan,36.28333,100.9,3816.5
2024-09-26 00:42:55,0.067741,Waliguan,36.28333,100.9,3816.5
2024-09-26 00:44:51,0.068786,Waliguan,36.28333,100.9,3816.5
2024-09-26 00:48:55,0.069927,Waliguan,36.28333,100.9,3816.5
2024-09-26 00:50:49,0.070142,Waliguan,36.28333,100.9,3816.5
2024-09-26 00:59:02,0.070106,Waliguan,36.28333,100.9,3816.5
2024-09-26 01:05:30,0.071353,Waliguan,36.28333,100.9,3816.5
2024-09-26 01:07:35,0.071807,Waliguan,36.28333,100.9,3816.5
2024-09-26 01:09:55,0.072262,Waliguan,36.28333,100.9,3816.5
2024-09-26 01:12:56,0.072978,Waliguan,36.28333,100.9,3816.5
2024-09-26 01:15:55,0.07255,Waliguan,36.28333,100.9,3816.5
2024-09-26 01:17:50,0.073334,Waliguan,36.28333,100.9,3816.5
2024-09-26 01:21:55,0.073922,Waliguan,36.28333,100.9,3816.5
2024-09-26 01:24:56,0.074777,Waliguan,36.28333,100.9,3816.5
2024-09-26 01:27:55,0.074871,Waliguan,36.28333,100.9,3816.5
2024-09-26 01:30:34,0.074812,Waliguan,36.28333,100.9,3816.5
2024-09-26 01:33:55,0.075113,Waliguan,36.28333,100.9,3816.5
2024-09-26 01:36:56,0.075575,Waliguan,36.28333,100.9,3816.5
2024-09-26 01:39:55,0.076037,Waliguan,36.28333,100.9,3816.5
2024-09-26 01:42:56,0.076974,Waliguan,36.28333,100.9,3816.5
2024-09-26 01:45:55,0.076071,Waliguan,36.28333,100.9,3816.5
2024-09-26 01:47:53,0.076558,Waliguan,36.28333,100.9,3816.5
2024-09-26 01:57:13,0.074484,Waliguan,36.28333,100.9,3816.5
2024-09-26 02:00:56,0.074833,Waliguan,36.28333,100.9,3816.5
2024-09-26 02:03:56,0.075631,Waliguan,36.28333,100.9,3816.5
2024-09-26 02:06:56,0.076552,Waliguan,36.28333,100.9,3816.5
2024-09-26 02:08:52,0.076767,Waliguan,36.28333,100.9,3816.5
2024-09-26 02:16:58,0.077811,Waliguan,36.28333,100.9,3816.5
2024-09-26 02:23:41,0.080287,Waliguan,36.28333,100.9,3816.5
2024-09-26 02:27:56,0.080919,Waliguan,36.28333,100.9,3816.5
2024-09-26 02:30:57,0.080429,Waliguan,36.28333,100.9,3816.5
2024-09-26 02:33:56,0.081204,Waliguan,36.28333,100.9,3816.5
2024-09-26 02:36:56,0.080642,Waliguan,36.28333,100.9,3816.5
2024-09-26 02:38:51,0.080933,Waliguan,36.28333,100.9,3816.5
2024-09-26 02:42:56,0.081567,Waliguan,36.28333,100.9,3816.5
2024-09-26 02:45:56,0.082086,Waliguan,36.28333,100.9,3816.5
2024-09-26 02:48:56,0.08115,Waliguan,36.28333,100.9,3816.5
2024-09-26 02:51:56,0.080845,Waliguan,36.28333,100.9,3816.5
2024-09-26 02:53:52,0.080361,Waliguan,36.28333,100.9,3816.5
2024-09-26 02:57:57,0.079284,Waliguan,36.28333,100.9,3816.5
2024-09-26 03:00:56,0.08078,Waliguan,36.28333,100.9,3816.5
2024-09-26 03:03:56,0.081191,Waliguan,36.28333,100.9,3816.5
2024-09-26 03:06:56,0.081869,Waliguan,36.28333,100.9,3816.5
2024-09-26 03:08:51,0.08046,Waliguan,36.28333,100.9,3816.5
2024-09-26 03:16:53,0.08092,Waliguan,36.28333,100.9,3816.5
2024-09-26 03:36:58,0.083511,Waliguan,36.28333,100.9,3816.5
2024-09-26 03:38:53,0.081683,Waliguan,36.28333,100.9,3816.5
2024-09-26 03:42:57,0.081915,Waliguan,36.28333,100.9,3816.5
2024-09-26 03:45:58,0.082042,Waliguan,36.28333,100.9,3816.5
2024-09-26 03:48:57,0.083623,Waliguan,36.28333,100.9,3816.5
2024-09-26 03:51:57,0.082273,Waliguan,36.28333,100.9,3816.5
2024-09-26 03:53:51,0.083046,Waliguan,36.28333,100.9,3816.5
2024-09-26 03:57:57,0.082409,Waliguan,36.28333,100.9,3816.5
2024-09-26 04:00:57,0.082641,Waliguan,36.28333,100.9,3816.5
2024-09-26 04:03:57,0.082927,Waliguan,36.28333,100.9,3816.5
2024-09-26 04:06:57,0.082147,Waliguan,36.28333,100.9,3816.5
2024-09-26 04:08:53,0.08152,Waliguan,36.28333,100.9,3816.5
2024-09-26 04:16:52,0.081141,Waliguan,36.28333,100.9,3816.5
2024-09-26 04:23:39,0.081886,Waliguan,36.28333,100.9,3816.5
2024-09-26 04:27:57,0.079972,Waliguan,36.28333,100.9,3816.5
2024-09-26 04:30:57,0.080008,Waliguan,36.28333,100.9,3816.5
2024-09-26 04:33:57,0.081755,Waliguan,36.28333,100.9,3816.5
2024-09-26 04:36:57,0.081496,Waliguan,36.28333,100.9,3816.5
2024-09-26 04:38:50,0.081351,Waliguan,36.28333,100.9,3816.5
2024-09-26 04:42:57,0.083427,Waliguan,36.28333,100.9,3816.5
2024-09-26 04:45:57,0.083121,Waliguan,36.28333,100.9,3816.5
2024-09-26 04:48:58,0.083798,Waliguan,36.28333,100.9,3816.5
2024-09-26 04:51:57,0.08491,Waliguan,36.28333,100.9,3816.5
2024-09-26 04:53:50,0.083769,Waliguan,36.28333,100.9,3816.5
2024-09-26 04:57:57,0.084101,Waliguan,36.28333,100.9,3816.5
2024-09-26 05:01:00,0.084936,Waliguan,36.28333,100.9,3816.5
2024-09-26 05:03:58,0.084506,Waliguan,36.28333,100.9,3816.5
2024-09-26 05:06:58,0.08454,Waliguan,36.28333,100.9,3816.5
2024-09-26 05:08:50,0.08418,Waliguan,36.28333,100.9,3816.5
2024-09-26 05:15:57,0.08507,Waliguan,36.28333,100.9,3816.5
2024-09-26 05:18:57,0.084486,Waliguan,36.28333,100.9,3816.5
2024-09-26 05:21:58,0.085082,Waliguan,36.28333,100.9,3816.5
2024-09-26 05:23:52,0.08627,Waliguan,36.28333,100.9,3816.5
2024-09-26 05:27:58,0.085468,Waliguan,36.28333,100.9,3816.5
2024-09-26 05:30:58,0.085749,Waliguan,36.28333,100.9,3816.5
2024-09-26 05:33:58,0.08549,Waliguan,36.28333,100.9,3816.5
2024-09-26 05:36:58,0.08575,Waliguan,36.28333,100.9,3816.5
2024-09-26 05:38:51,0.085443,Waliguan,36.28333,100.9,3816.5
2024-09-26 05:42:58,0.085397,Waliguan,36.28333,100.9,3816.5
2024-09-26 05:51:58,0.085927,Waliguan,36.28333,100.9,3816.5
2024-09-26 05:53:50,0.086611,Waliguan,36.28333,100.9,3816.5
2024-09-26 05:57:58,0.086537,Waliguan,36.28333,100.9,3816.5
2024-09-26 06:00:58,0.086204,Waliguan,36.28333,100.9,3816.5
2024-09-26 06:03:58,0.085917,Waliguan,36.28333,100.9,3816.5
2024-09-26 06:06:58,0.085753,Waliguan,36.28333,100.9,3816.5
2024-09-26 06:08:52,0.085882,Waliguan,36.28333,100.9,3816.5
2024-09-26 06:16:50,0.086208,Waliguan,36.28333,100.9,3816.5
2024-09-26 06:23:41,0.085999,Waliguan,36.28333,100.9,3816.5
2024-09-26 06:27:58,0.085641,Waliguan,36.28333,100.9,3816.5
2024-09-26 06:30:58,0.086299,Waliguan,36.28333,100.9,3816.5
2024-09-26 06:33:58,0.085152,Waliguan,36.28333,100.9,3816.5
2024-09-26 06:36:58,0.084817,Waliguan,36.28333,100.9,3816.5
2024-09-26 06:38:50,0.085634,Waliguan,36.28333,100.9,3816.5
2024-09-26 06:42:58,0.086038,Waliguan,36.28333,100.9,3816.5
2024-09-26 06:45:58,0.086144,Waliguan,36.28333,100.9,3816.5
2024-09-26 06:48:58,0.084611,Waliguan,36.28333,100.9,3816.5
2024-09-26 06:51:58,0.083797,Waliguan,36.28333,100.9,3816.5
2024-09-26 06:53:51,0.08378,Waliguan,36.28333,100.9,3816.5
2024-09-26 06:57:58,0.083246,Waliguan,36.28333,100.9,3816.5
2024-09-26 07:00:58,0.083363,Waliguan,36.28333,100.9,3816.5
2024-09-26 07:03:58,0.080864,Waliguan,36.28333,100.9,3816.5
2024-09-26 07:06:58,0.080358,Waliguan,36.28333,100.9,3816.5
2024-09-26 07:08:51,0.080671,Waliguan,36.28333,100.9,3816.5
2024-09-26 07:16:49,0.076413,Waliguan,36.28333,100.9,3816.5
2024-09-26 07:23:40,0.07864,Waliguan,36.28333,100.9,3816.5
2024-09-26 07:27:57,0.076033,Waliguan,36.28333,100.9,3816.5
2024-09-26 07:30:58,0.075008,Waliguan,36.28333,100.9,3816.5
2024-09-26 07:33:58,0.074764,Waliguan,36.28333,100.9,3816.5
2024-09-26 07:36:58,0.073658,Waliguan,36.28333,100.9,3816.5
2024-09-26 07:38:49,0.072494,Waliguan,36.28333,100.9,3816.5
2024-09-26 07:42:57,0.072368,Waliguan,36.28333,100.9,3816.5
2024-09-26 07:45:57,0.072751,Waliguan,36.28333,100.9,3816.5
2024-09-26 07:48:57,0.071649,Waliguan,36.28333,100.9,3816.5
2024-09-26 07:51:57,0.073493,Waliguan,36.28333,100.9,3816.5
2024-09-26 07:53:49,0.073684,Waliguan,36.28333,100.9,3816.5
2024-09-26 07:57:57,0.072109,Waliguan,36.28333,100.9,3816.5
2024-09-26 08:00:57,0.072252,Waliguan,36.28333,100.9,3816.5
2024-09-26 08:03:57,0.071605,Waliguan,36.28333,100.9,3816.5
2024-09-26 08:06:57,0.071975,Waliguan,36.28333,100.9,3816.5
2024-09-26 08:08:50,0.071151,Waliguan,36.28333,100.9,3816.5
2024-09-26 08:16:46,0.070596,Waliguan,36.28333,100.9,3816.5
2024-09-26 08:23:43,0.071081,Waliguan,36.28333,100.9,3816.5
2024-09-26 08:27:57,0.070486,Waliguan,36.28333,100.9,3816.5
2024-09-26 08:30:27,0.070155,Waliguan,36.28333,100.9,3816.5
2024-09-26 08:39:57,0.068564,Waliguan,36.28333,100.9,3816.5
2024-09-26 08:42:56,0.067359,Waliguan,36.28333,100.9,3816.5
2024-09-26 08:45:57,0.06678,Waliguan,36.28333,100.9,3816.5
2024-09-26 08:47:50,0.066848,Waliguan,36.28333,100.9,3816.5
2024-09-26 08:51:56,0.066791,Waliguan,36.28333,100.9,3816.5
2024-09-26 08:54:57,0.066145,Waliguan,36.28333,100.9,3816.5
2024-09-26 08:57:56,0.066288,Waliguan,36.28333,100.9,3816.5
2024-09-26 08:59:51,0.066371,Waliguan,36.28333,100.9,3816.5
2024-09-26 09:03:56,0.065654,Waliguan,36.28333,100.9,3816.5
2024-09-26 09:06:56,0.064937,Waliguan,36.28333,100.9,3816.5
2024-09-26 09:09:56,0.065065,Waliguan,36.28333,100.9,3816.5
2024-09-26 09:11:49,0.064422,Waliguan,36.28333,100.9,3816.5
2024-09-26 09:15:56,0.064539,Waliguan,36.28333,100.9,3816.5
2024-09-26 09:18:56,0.063646,Waliguan,36.28333,100.9,3816.5
2024-09-26 09:20:51,0.063697,Waliguan,36.28333,100.9,3816.5
2024-09-26 09:24:56,0.062812,Waliguan,36.28333,100.9,3816.5
2024-09-26 09:26:49,0.062661,Waliguan,36.28333,100.9,3816.5
2024-09-26 09:34:47,0.061614,Waliguan,36.28333,100.9,3816.5
2024-09-26 09:41:16,0.058686,Waliguan,36.28333,100.9,3816.5
2024-09-26 09:43:18,0.057803,Waliguan,36.28333,100.9,3816.5
2024-09-26 09:45:21,0.05669,Waliguan,36.28333,100.9,3816.5
2024-09-26 09:48:27,0.056129,Waliguan,36.28333,100.9,3816.5
2024-09-26 09:51:56,0.055279,Waliguan,36.28333,100.9,3816.5
2024-09-26 09:53:48,0.054839,Waliguan,36.28333,100.9,3816.5
2024-09-26 10:03:00,0.051442,Waliguan,36.28333,100.9,3816.5
2024-09-26 10:06:59,0.050113,Waliguan,36.28333,100.9,3816.5
2024-09-26 10:08:48,0.049354,Waliguan,36.28333,100.9,3816.5
2024-09-26 10:12:38,0.048418,Waliguan,36.28333,100.9,3816.5
2024-09-26 10:15:56,0.048107,Waliguan,36.28333,100.9,3816.5
2024-09-26 10:17:50,0.047915,Waliguan,36.28333,100.9,3816.5
2024-09-26 10:20:48,0.046876,Waliguan,36.28333,100.9,3816.5
2024-09-26 23:54:07,0.034315,Waliguan,36.28333,100.9,3816.5
2024-09-26 23:57:19,0.035257,Waliguan,36.28333,100.9,3816.5
2024-09-27 00:00:55,0.036984,Waliguan,36.28333,100.9,3816.5
2024-09-27 00:02:50,0.037304,Waliguan,36.28333,100.9,3816.5
2024-09-27 00:05:29,0.038855,Waliguan,36.28333,100.9,3816.5
2024-09-27 00:09:56,0.048255,Waliguan,36.28333,100.9,3816.5
2024-09-27 00:15:56,0.042556,Waliguan,36.28333,100.9,3816.5
2024-09-27 00:17:51,0.042314,Waliguan,36.28333,100.9,3816.5
2024-09-27 00:21:55,0.042001,Waliguan,36.28333,100.9,3816.5
2024-09-27 00:24:55,0.043196,Waliguan,36.28333,100.9,3816.5
2024-09-27 00:36:10,0.042544,Waliguan,36.28333,100.9,3816.5
2024-09-27 00:38:14,0.043646,Waliguan,36.28333,100.9,3816.5
2024-09-27 00:40:17,0.043542,Waliguan,36.28333,100.9,3816.5
2024-09-27 00:42:55,0.043792,Waliguan,36.28333,100.9,3816.5
2024-09-27 00:44:53,0.044505,Waliguan,36.28333,100.9,3816.5
2024-09-27 00:48:55,0.045988,Waliguan,36.28333,100.9,3816.5
2024-09-27 00:51:26,0.046686,Waliguan,36.28333,100.9,3816.5
2024-09-27 00:59:28,0.049637,Waliguan,36.28333,100.9,3816.5
2024-09-27 01:05:55,0.049444,Waliguan,36.28333,100.9,3816.5
2024-09-27 01:07:58,0.050171,Waliguan,36.28333,100.9,3816.5
2024-09-27 01:12:56,0.051459,Waliguan,36.28333,100.9,3816.5
2024-09-27 01:15:56,0.051391,Waliguan,36.28333,100.9,3816.5
2024-09-27 01:18:36,0.050785,Waliguan,36.28333,100.9,3816.5
2024-09-27 01:21:56,0.051774,Waliguan,36.28333,100.9,3816.5
2024-09-27 01:24:55,0.054474,Waliguan,36.28333,100.9,3816.5
2024-09-27 01:27:55,0.055492,Waliguan,36.28333,100.9,3816.5
2024-09-27 01:30:55,0.05661,Waliguan,36.28333,100.9,3816.5
2024-09-27 01:32:50,0.05838,Waliguan,36.28333,100.9,3816.5
2024-09-27 01:36:56,0.058572,Waliguan,36.28333,100.9,3816.5
2024-09-27 01:39:56,0.072239,Waliguan,36.28333,100.9,3816.5
2024-09-27 02:16:52,0.076921,Waliguan,36.28333,100.9,3816.5
2024-09-27 02:23:19,0.073303,Waliguan,36.28333,100.9,3816.5
2024-09-27 02:27:56,0.084759,Waliguan,36.28333,100.9,3816.5
2024-09-27 02:30:59,0.070876,Waliguan,36.28333,100.9,3816.5
2024-09-27 02:33:56,0.073886,Waliguan,36.28333,100.9,3816.5
2024-09-27 02:36:56,0.079383,Waliguan,36.28333,100.9,3816.5
2024-09-27 02:38:49,0.075239,Waliguan,36.28333,100.9,3816.5
2024-09-27 02:42:56,0.073954,Waliguan,36.28333,100.9,3816.5
2024-09-27 02:45:56,0.073192,Waliguan,36.28333,100.9,3816.5
2024-09-27 02:48:56,0.081293,Waliguan,36.28333,100.9,3816.5
2024-09-27 02:51:56,0.0766,Waliguan,36.28333,100.9,3816.5
2024-09-27 02:53:50,0.076483,Waliguan,36.28333,100.9,3816.5
2024-09-27 02:57:57,0.074962,Waliguan,36.28333,100.9,3816.5
2024-09-27 03:00:57,0.077774,Waliguan,36.28333,100.9,3816.5
2024-09-27 03:03:56,0.074446,Waliguan,36.28333,100.9,3816.5
2024-09-27 03:06:57,0.072948,Waliguan,36.28333,100.9,3816.5
2024-09-27 03:08:52,0.077539,Waliguan,36.28333,100.9,3816.5
2024-09-27 03:17:00,0.081588,Waliguan,36.28333,100.9,3816.5
2024-09-28 08:36:56,0.048363,Waliguan,36.28333,100.9,3816.5
2024-09-28 08:39:56,0.048864,Waliguan,36.28333,100.9,3816.5
2024-09-28 08:42:56,0.05032,Waliguan,36.28333,100.9,3816.5
2024-09-28 08:44:50,0.048055,Waliguan,36.28333,100.9,3816.5
2024-09-28 08:48:56,0.046751,Waliguan,36.28333,100.9,3816.5
2024-09-28 08:51:56,0.047247,Waliguan,36.28333,100.9,3816.5
2024-09-28 08:54:56,0.046656,Waliguan,36.28333,100.9,3816.5
2024-09-28 08:56:50,0.046438,Waliguan,36.28333,100.9,3816.5
2024-09-28 09:00:54,0.045925,Waliguan,36.28333,100.9,3816.5
2024-09-28 09:03:56,0.044598,Waliguan,36.28333,100.9,3816.5
2024-09-28 09:06:57,0.044077,Waliguan,36.28333,100.9,3816.5
2024-09-28 09:09:56,0.042413,Waliguan,36.28333,100.9,3816.5
2024-09-28 09:12:56,0.041629,Waliguan,36.28333,100.9,3816.5
2024-09-28 09:15:54,0.041462,Waliguan,36.28333,100.9,3816.5
2024-09-28 09:18:56,0.040262,Waliguan,36.28333,100.9,3816.5
2024-09-28 09:21:56,0.039361,Waliguan,36.28333,100.9,3816.5
2024-09-28 09:23:48,0.039296,Waliguan,36.28333,100.9,3816.5
2024-09-28 09:31:46,0.037024,Waliguan,36.28333,100.9,3816.5
2024-09-28 09:38:16,0.035753,Waliguan,36.28333,100.9,3816.5
2024-09-28 09:40:19,0.035425,Waliguan,36.28333,100.9,3816.5
2024-09-28 09:42:21,0.035416,Waliguan,36.28333,100.9,3816.5
2024-09-28 09:45:16,0.034475,Waliguan,36.28333,100.9,3816.5
2024-09-28 09:48:55,0.03364,Waliguan,36.28333,100.9,3816.5
2024-09-28 09:50:48,0.033121,Waliguan,36.28333,100.9,3816.5
2024-09-28 10:00:05,0.030851,Waliguan,36.28333,100.9,3816.5
2024-09-28 10:03:56,0.030286,Waliguan,36.28333,100.9,3816.5
2024-09-28 10:05:50,0.029732,Waliguan,36.28333,100.9,3816.5
2024-09-28 10:09:31,0.029589,Waliguan,36.28333,100.9,3816.5
2024-09-28 10:12:56,0.028516,Waliguan,36.28333,100.9,3816.5
2024-09-28 10:14:48,0.028129,Waliguan,36.28333,100.9,3816.5
2024-09-28 10:17:44,0.028007,Waliguan,36.28333,100.9,3816.5
2024-09-28 10:20:56,0.027529,Waliguan,36.28333,100.9,3816.5
2024-09-29 08:45:57,0.134459,Waliguan,36.28333,100.9,3816.5
2024-09-29 09:56:02,0.118181,Waliguan,36.28333,100.9,3816.5
2024-09-29 10:15:55,0.112929,Waliguan,36.28333,100.9,3816.5
2024-09-30 04:30:55,0.122146,Waliguan,36.28333,100.9,3816.5
2024-09-30 04:45:57,0.113423,Waliguan,36.28333,100.9,3816.5
2024-09-30 04:48:57,0.119659,Waliguan,36.28333,100.9,3816.5
2024-09-30 04:51:57,0.116563,Waliguan,36.28333,100.9,3816.5
2024-09-30 04:53:51,0.114337,Waliguan,36.28333,100.9,3816.5
2024-09-30 04:57:57,0.116596,Waliguan,36.28333,100.9,3816.5
2024-09-30 05:00:57,0.114543,Waliguan,36.28333,100.9,3816.5
2024-09-30 05:03:58,0.114784,Waliguan,36.28333,100.9,3816.5
2024-09-30 05:06:57,0.11346,Waliguan,36.28333,100.9,3816.5
2024-09-30 05:08:52,0.113948,Waliguan,36.28333,100.9,3816.5
2024-09-30 05:16:55,0.122418,Waliguan,36.28333,100.9,3816.5
2024-09-30 05:23:28,0.116154,Waliguan,36.28333,100.9,3816.5
2024-09-30 05:27:58,0.117538,Waliguan,36.28333,100.9,3816.5
2024-09-30 05:30:58,0.115825,Waliguan,36.28333,100.9,3816.5
2024-09-30 05:33:57,0.118984,Waliguan,36.28333,100.9,3816.5
2024-09-30 05:36:58,0.119944,Waliguan,36.28333,100.9,3816.5
2024-09-30 05:38:54,0.117237,Waliguan,36.28333,100.9,3816.5
2024-09-30 05:43:00,0.133208,Waliguan,36.28333,100.9,3816.5
2024-09-30 05:45:58,0.123126,Waliguan,36.28333,100.9,3816.5
2024-09-30 05:48:58,0.118354,Waliguan,36.28333,100.9,3816.5
2024-09-30 05:51:58,0.131506,Waliguan,36.28333,100.9,3816.5
2024-09-30 05:53:52,0.126935,Waliguan,36.28333,100.9,3816.5
2024-09-30 06:00:58,0.123943,Waliguan,36.28333,100.9,3816.5
2024-09-30 06:03:58,0.116674,Waliguan,36.28333,100.9,3816.5
2024-09-30 06:06:58,0.115873,Waliguan,36.28333,100.9,3816.5
2024-09-30 06:08:52,0.118279,Waliguan,36.28333,100.9,3816.5
2024-09-30 06:23:23,0.12427,Waliguan,36.28333,100.9,3816.5
2024-09-30 06:27:56,0.132984,Waliguan,36.28333,100.9,3816.5
2024-10-01 00:00:59,0.040673,Waliguan,36.28333,100.9,3816.5
2024-10-01 00:03:55,0.040848,Waliguan,36.28333,100.9,3816.5
2024-10-01 00:05:51,0.040823,Waliguan,36.28333,100.9,3816.5
2024-10-01 00:08:56,0.041741,Waliguan,36.28333,100.9,3816.5
2024-10-01 00:12:55,0.042736,Waliguan,36.28333,100.9,3816.5
2024-10-01 00:14:51,0.043228,Waliguan,36.28333,100.9,3816.5
2024-10-01 00:18:55,0.043885,Waliguan,36.28333,100.9,3816.5
2024-10-01 00:20:59,0.044507,Waliguan,36.28333,100.9,3816.5
2024-10-01 00:24:55,0.044845,Waliguan,36.28333,100.9,3816.5
2024-10-01 00:27:55,0.044979,Waliguan,36.28333,100.9,3816.5
2024-10-01 00:29:51,0.044566,Waliguan,36.28333,100.9,3816.5
2024-10-01 00:39:17,0.046942,Waliguan,36.28333,100.9,3816.5
2024-10-01 00:41:22,0.046893,Waliguan,36.28333,100.9,3816.5
2024-10-01 00:43:27,0.047111,Waliguan,36.28333,100.9,3816.5
2024-10-01 00:45:55,0.047213,Waliguan,36.28333,100.9,3816.5
2024-10-01 00:48:43,0.047543,Waliguan,36.28333,100.9,3816.5
2024-10-01 00:51:55,0.047122,Waliguan,36.28333,100.9,3816.5
2024-10-01 00:54:55,0.047815,Waliguan,36.28333,100.9,3816.5
2024-10-01 00:56:50,0.04835,Waliguan,36.28333,100.9,3816.5
2024-10-01 01:04:54,0.048093,Waliguan,36.28333,100.9,3816.5
2024-10-01 01:11:24,0.049869,Waliguan,36.28333,100.9,3816.5
2024-10-01 01:13:29,0.050741,Waliguan,36.28333,100.9,3816.5
2024-10-01 01:15:57,0.05213,Waliguan,36.28333,100.9,3816.5
2024-10-01 01:18:56,0.051727,Waliguan,36.28333,100.9,3816.5
2024-10-01 01:21:56,0.051984,Waliguan,36.28333,100.9,3816.5
2024-10-01 01:23:52,0.051811,Waliguan,36.28333,100.9,3816.5
2024-10-01 01:27:55,0.051161,Waliguan,36.28333,100.9,3816.5
2024-10-01 01:30:56,0.051538,Waliguan,36.28333,100.9,3816.5
2024-10-01 01:33:56,0.05148,Waliguan,36.28333,100.9,3816.5
2024-10-01 01:36:11,0.051504,Waliguan,36.28333,100.9,3816.5
2024-10-01 01:39:56,0.051847,Waliguan,36.28333,100.9,3816.5
2024-10-01 01:42:56,0.052636,Waliguan,36.28333,100.9,3816.5
2024-10-01 01:45:55,0.053659,Waliguan,36.28333,100.9,3816.5
2024-10-01 01:48:56,0.053691,Waliguan,36.28333,100.9,3816.5
2024-10-01 01:51:56,0.055052,Waliguan,36.28333,100.9,3816.5
2024-10-01 01:53:51,0.054093,Waliguan,36.28333,100.9,3816.5
2024-10-01 02:24:54,0.060323,Waliguan,36.28333,100.9,3816.5
2024-10-01 02:27:57,0.069236,Waliguan,36.28333,100.9,3816.5
2024-10-01 02:30:57,0.065225,Waliguan,36.28333,100.9,3816.5
2024-10-01 02:33:56,0.070061,Waliguan,36.28333,100.9,3816.5
2024-10-01 02:36:56,0.067376,Waliguan,36.28333,100.9,3816.5
2024-10-01 02:39:56,0.06723,Waliguan,36.28333,100.9,3816.5
2024-10-01 02:42:56,0.066451,Waliguan,36.28333,100.9,3816.5
2024-10-01 02:45:56,0.065077,Waliguan,36.28333,100.9,3816.5
2024-10-01 02:48:56,0.068703,Waliguan,36.28333,100.9,3816.5
2024-10-01 02:51:56,0.065402,Waliguan,36.28333,100.9,3816.5
2024-10-01 02:54:56,0.065518,Waliguan,36.28333,100.9,3816.5
2024-10-01 02:57:56,0.065762,Waliguan,36.28333,100.9,3816.5
2024-10-01 03:00:56,0.065915,Waliguan,36.28333,100.9,3816.5
2024-10-01 03:03:56,0.070239,Waliguan,36.28333,100.9,3816.5
2024-10-01 03:06:56,0.069316,Waliguan,36.28333,100.9,3816.5
2024-10-01 03:24:57,0.075525,Waliguan,36.28333,100.9,3816.5
2024-10-01 03:27:56,0.077857,Waliguan,36.28333,100.9,3816.5
2024-10-01 03:36:56,0.075972,Waliguan,36.28333,100.9,3816.5
2024-10-01 03:48:57,0.084673,Waliguan,36.28333,100.9,3816.5
2024-10-01 05:06:58,0.090758,Waliguan,36.28333,100.9,3816.5
2024-10-01 05:15:01,0.080611,Waliguan,36.28333,100.9,3816.5
2024-10-01 05:21:57,0.089179,Waliguan,36.28333,100.9,3816.5
2024-10-01 05:24:56,0.087094,Waliguan,36.28333,100.9,3816.5
2024-10-01 05:27:57,0.079988,Waliguan,36.28333,100.9,3816.5
2024-10-01 05:30:57,0.086514,Waliguan,36.28333,100.9,3816.5
2024-10-01 05:33:58,0.083319,Waliguan,36.28333,100.9,3816.5
2024-10-01 05:36:57,0.083857,Waliguan,36.28333,100.9,3816.5
2024-10-01 05:39:58,0.083644,Waliguan,36.28333,100.9,3816.5
2024-10-01 05:42:58,0.082087,Waliguan,36.28333,100.9,3816.5
2024-10-01 05:45:58,0.088032,Waliguan,36.28333,100.9,3816.5
2024-10-01 05:48:58,0.086395,Waliguan,36.28333,100.9,3816.5
2024-10-01 05:51:57,0.083813,Waliguan,36.28333,100.9,3816.5
2024-10-01 05:54:58,0.086719,Waliguan,36.28333,100.9,3816.5
2024-10-01 06:03:58,0.09363,Waliguan,36.28333,100.9,3816.5
2024-10-01 06:06:57,0.097948,Waliguan,36.28333,100.9,3816.5
2024-10-01 06:24:58,0.101995,Waliguan,36.28333,100.9,3816.5
2024-10-01 07:00:57,0.093944,Waliguan,36.28333,100.9,3816.5
2024-10-01 07:03:57,0.089062,Waliguan,36.28333,100.9,3816.5
2024-10-01 07:06:58,0.08677,Waliguan,36.28333,100.9,3816.5
2024-10-01 07:14:58,0.09613,Waliguan,36.28333,100.9,3816.5
2024-10-01 07:21:56,0.083907,Waliguan,36.28333,100.9,3816.5
2024-10-01 07:27:57,0.075434,Waliguan,36.28333,100.9,3816.5
2024-10-01 07:30:57,0.079365,Waliguan,36.28333,100.9,3816.5
2024-10-01 07:33:57,0.078136,Waliguan,36.28333,100.9,3816.5
2024-10-01 07:36:57,0.078498,Waliguan,36.28333,100.9,3816.5
2024-10-01 07:39:57,0.080221,Waliguan,36.28333,100.9,3816.5
2024-10-01 07:42:57,0.077568,Waliguan,36.28333,100.9,3816.5
2024-10-01 07:45:57,0.077429,Waliguan,36.28333,100.9,3816.5
2024-10-01 07:48:57,0.073704,Waliguan,36.28333,100.9,3816.5
2024-10-01 07:51:56,0.073356,Waliguan,36.28333,100.9,3816.5
2024-10-01 07:54:57,0.070304,Waliguan,36.28333,100.9,3816.5
2024-10-01 07:57:57,0.065552,Waliguan,36.28333,100.9,3816.5
2024-10-01 08:00:57,0.066145,Waliguan,36.28333,100.9,3816.5
2024-10-01 08:03:57,0.06444,Waliguan,36.28333,100.9,3816.5
2024-10-01 08:06:57,0.06394,Waliguan,36.28333,100.9,3816.5
2024-10-01 08:14:55,0.064902,Waliguan,36.28333,100.9,3816.5
2024-10-01 08:21:32,0.06211,Waliguan,36.28333,100.9,3816.5
2024-10-01 08:30:56,0.062734,Waliguan,36.28333,100.9,3816.5
2024-10-01 08:33:57,0.060631,Waliguan,36.28333,100.9,3816.5
2024-10-01 08:36:56,0.06031,Waliguan,36.28333,100.9,3816.5
2024-10-01 08:38:52,0.060061,Waliguan,36.28333,100.9,3816.5
2024-10-01 08:42:56,0.059329,Waliguan,36.28333,100.9,3816.5
2024-10-01 08:45:56,0.057245,Waliguan,36.28333,100.9,3816.5
2024-10-01 08:48:57,0.056562,Waliguan,36.28333,100.9,3816.5
2024-10-01 08:50:59,0.055836,Waliguan,36.28333,100.9,3816.5
2024-10-01 08:54:56,0.054815,Waliguan,36.28333,100.9,3816.5
2024-10-01 08:57:56,0.055037,Waliguan,36.28333,100.9,3816.5
2024-10-01 09:00:57,0.055444,Waliguan,36.28333,100.9,3816.5
2024-10-01 09:02:51,0.054596,Waliguan,36.28333,100.9,3816.5
2024-10-01 09:06:54,0.053509,Waliguan,36.28333,100.9,3816.5
2024-10-01 09:09:57,0.05306,Waliguan,36.28333,100.9,3816.5
2024-10-01 09:11:51,0.053094,Waliguan,36.28333,100.9,3816.5
2024-10-01 09:15:56,0.05297,Waliguan,36.28333,100.9,3816.5
2024-10-01 09:18:33,0.052223,Waliguan,36.28333,100.9,3816.5
2024-10-01 09:26:39,0.05231,Waliguan,36.28333,100.9,3816.5
2024-10-01 09:33:09,0.050315,Waliguan,36.28333,100.9,3816.5
2024-10-01 09:35:14,0.049968,Waliguan,36.28333,100.9,3816.5
2024-10-01 09:37:21,0.049426,Waliguan,36.28333,100.9,3816.5
2024-10-01 09:39:55,0.050902,Waliguan,36.28333,100.9,3816.5
2024-10-01 09:41:54,0.04982,Waliguan,36.28333,100.9,3816.5
2024-10-01 09:44:31,0.048899,Waliguan,36.28333,100.9,3816.5
2024-10-01 09:53:41,0.04755,Waliguan,36.28333,100.9,3816.5
2024-10-01 10:08:30,0.043443,Waliguan,36.28333,100.9,3816.5
2024-10-01 10:10:35,0.043207,Waliguan,36.28333,100.9,3816.5
2024-10-01 10:12:39,0.04312,Waliguan,36.28333,100.9,3816.5
2024-10-01 10:14:43,0.043285,Waliguan,36.28333,100.9,3816.5
2024-10-01 10:16:50,0.042545,Waliguan,36.28333,100.9,3816.5
2024-10-01 23:58:22,0.024084,Waliguan,36.28333,100.9,3816.5
2024-10-02 00:00:54,0.024521,Waliguan,36.28333,100.9,3816.5
2024-10-02 00:02:50,0.025023,Waliguan,36.28333,100.9,3816.5
2024-10-02 00:05:20,0.025537,Waliguan,36.28333,100.9,3816.5
2024-10-02 00:09:49,0.026785,Waliguan,36.28333,100.9,3816.5
2024-10-02 00:12:55,0.027615,Waliguan,36.28333,100.9,3816.5
2024-10-02 00:15:13,0.028295,Waliguan,36.28333,100.9,3816.5
2024-10-02 00:18:55,0.02883,Waliguan,36.28333,100.9,3816.5
2024-10-02 00:21:52,0.029368,Waliguan,36.28333,100.9,3816.5
2024-10-02 00:24:55,0.030031,Waliguan,36.28333,100.9,3816.5
2024-10-02 00:27:55,0.030883,Waliguan,36.28333,100.9,3816.5
2024-10-02 00:30:18,0.031236,Waliguan,36.28333,100.9,3816.5
2024-10-02 00:39:37,0.032872,Waliguan,36.28333,100.9,3816.5
2024-10-02 00:41:42,0.033908,Waliguan,36.28333,100.9,3816.5
2024-10-02 00:43:54,0.034139,Waliguan,36.28333,100.9,3816.5
2024-10-02 00:48:56,0.034468,Waliguan,36.28333,100.9,3816.5
2024-10-02 00:50:51,0.034518,Waliguan,36.28333,100.9,3816.5
2024-10-02 00:54:55,0.035752,Waliguan,36.28333,100.9,3816.5
2024-10-02 00:56:50,0.035623,Waliguan,36.28333,100.9,3816.5
2024-10-02 01:05:00,0.03709,Waliguan,36.28333,100.9,3816.5
2024-10-02 01:11:25,0.039602,Waliguan,36.28333,100.9,3816.5
2024-10-02 01:13:29,0.040019,Waliguan,36.28333,100.9,3816.5
2024-10-02 01:15:55,0.040328,Waliguan,36.28333,100.9,3816.5
2024-10-02 01:18:55,0.04152,Waliguan,36.28333,100.9,3816.5
2024-10-02 01:21:55,0.04225,Waliguan,36.28333,100.9,3816.5
2024-10-02 01:24:01,0.042651,Waliguan,36.28333,100.9,3816.5
2024-10-02 01:27:56,0.043599,Waliguan,36.28333,100.9,3816.5
2024-10-02 01:30:55,0.044553,Waliguan,36.28333,100.9,3816.5
2024-10-02 01:33:55,0.044494,Waliguan,36.28333,100.9,3816.5
2024-10-02 01:36:56,0.045413,Waliguan,36.28333,100.9,3816.5
2024-10-02 01:38:52,0.045368,Waliguan,36.28333,100.9,3816.5
2024-10-02 01:42:56,0.045796,Waliguan,36.28333,100.9,3816.5
2024-10-02 01:45:56,0.045757,Waliguan,36.28333,100.9,3816.5
2024-10-02 01:48:56,0.046229,Waliguan,36.28333,100.9,3816.5
2024-10-02 01:51:55,0.04729,Waliguan,36.28333,100.9,3816.5
2024-10-02 01:54:12,0.047335,Waliguan,36.28333,100.9,3816.5
2024-10-02 02:03:56,0.050482,Waliguan,36.28333,100.9,3816.5
2024-10-02 02:06:36,0.050912,Waliguan,36.28333,100.9,3816.5
2024-10-02 02:14:43,0.056202,Waliguan,36.28333,100.9,3816.5
2024-10-02 02:21:36,0.056035,Waliguan,36.28333,100.9,3816.5
2024-10-02 02:24:56,0.054801,Waliguan,36.28333,100.9,3816.5
2024-10-02 02:27:57,0.055939,Waliguan,36.28333,100.9,3816.5
2024-10-02 02:30:57,0.05859,Waliguan,36.28333,100.9,3816.5
2024-10-02 02:33:56,0.071843,Waliguan,36.28333,100.9,3816.5
2024-10-02 02:45:56,0.058087,Waliguan,36.28333,100.9,3816.5
2024-10-02 02:48:56,0.05841,Waliguan,36.28333,100.9,3816.5
2024-10-02 02:51:35,0.059152,Waliguan,36.28333,100.9,3816.5
2024-10-02 02:54:56,0.065868,Waliguan,36.28333,100.9,3816.5
2024-10-02 03:00:56,0.067502,Waliguan,36.28333,100.9,3816.5
2024-10-02 03:03:57,0.076371,Waliguan,36.28333,100.9,3816.5
2024-10-02 23:59:29,0.137474,Waliguan,36.28333,100.9,3816.5
2024-10-03 00:06:13,0.056586,Waliguan,36.28333,100.9,3816.5
2024-10-03 00:09:57,0.06708,Waliguan,36.28333,100.9,3816.5
2024-10-03 00:11:51,0.063624,Waliguan,36.28333,100.9,3816.5
2024-10-04 00:21:55,0.107308,Waliguan,36.28333,100.9,3816.5
2024-10-04 00:27:55,0.087162,Waliguan,36.28333,100.9,3816.5
2024-10-04 00:30:56,0.093249,Waliguan,36.28333,100.9,3816.5
2024-10-04 00:32:51,0.093595,Waliguan,36.28333,100.9,3816.5
2024-10-04 00:42:19,0.093518,Waliguan,36.28333,100.9,3816.5
2024-10-04 00:44:23,0.094481,Waliguan,36.28333,100.9,3816.5
2024-10-04 00:46:29,0.097667,Waliguan,36.28333,100.9,3816.5
2024-10-04 00:48:55,0.097645,Waliguan,36.28333,100.9,3816.5
2024-10-04 00:51:39,0.092896,Waliguan,36.28333,100.9,3816.5
2024-10-04 00:54:55,0.091008,Waliguan,36.28333,100.9,3816.5
2024-10-04 00:57:55,0.089537,Waliguan,36.28333,100.9,3816.5
2024-10-04 00:59:49,0.087563,Waliguan,36.28333,100.9,3816.5
2024-10-04 01:07:56,0.096387,Waliguan,36.28333,100.9,3816.5
2024-10-04 01:36:55,0.098002,Waliguan,36.28333,100.9,3816.5
2024-10-04 01:39:45,0.104507,Waliguan,36.28333,100.9,3816.5
2024-10-04 02:35:56,0.116245,Waliguan,36.28333,100.9,3816.5
2024-10-04 02:48:56,0.119804,Waliguan,36.28333,100.9,3816.5
2024-10-04 03:03:56,0.094137,Waliguan,36.28333,100.9,3816.5
2024-10-04 03:05:57,0.097516,Waliguan,36.28333,100.9,3816.5
2024-10-04 03:20:56,0.108732,Waliguan,36.28333,100.9,3816.5
2024-10-04 03:24:57,0.104214,Waliguan,36.28333,100.9,3816.5
2024-10-04 03:27:56,0.103586,Waliguan,36.28333,100.9,3816.5
2024-10-04 03:30:56,0.102303,Waliguan,36.28333,100.9,3816.5
2024-10-04 03:33:57,0.127515,Waliguan,36.28333,100.9,3816.5
2024-10-04 03:50:57,0.112207,Waliguan,36.28333,100.9,3816.5
2024-10-04 03:54:56,0.123635,Waliguan,36.28333,100.9,3816.5
2024-10-04 04:00:56,0.119948,Waliguan,36.28333,100.9,3816.5
2024-10-04 04:03:57,0.114399,Waliguan,36.28333,100.9,3816.5
2024-10-04 04:05:58,0.11363,Waliguan,36.28333,100.9,3816.5
2024-10-04 04:13:58,0.125507,Waliguan,36.28333,100.9,3816.5
2024-10-04 05:24:57,0.148418,Waliguan,36.28333,100.9,3816.5
2024-10-04 05:27:58,0.149232,Waliguan,36.28333,100.9,3816.5
2024-10-04 05:30:58,0.160754,Waliguan,36.28333,100.9,3816.5
2024-10-04 05:39:57,0.145417,Waliguan,36.28333,100.9,3816.5
2024-10-04 07:50:57,0.114029,Waliguan,36.28333,100.9,3816.5
2024-10-04 08:05:58,0.117593,Waliguan,36.28333,100.9,3816.5
2024-10-04 08:30:57,0.137263,Waliguan,36.28333,100.9,3816.5
2024-10-04 08:32:51,0.1165,Waliguan,36.28333,100.9,3816.5
2024-10-04 08:36:57,0.118726,Waliguan,36.28333,100.9,3816.5
2024-10-04 08:39:56,0.125398,Waliguan,36.28333,100.9,3816.5
2024-10-04 08:42:56,0.124085,Waliguan,36.28333,100.9,3816.5
2024-10-04 08:48:57,0.121468,Waliguan,36.28333,100.9,3816.5
2024-10-04 08:51:56,0.122287,Waliguan,36.28333,100.9,3816.5
2024-10-04 08:54:57,0.0971,Waliguan,36.28333,100.9,3816.5
2024-10-04 08:56:49,0.096472,Waliguan,36.28333,100.9,3816.5
2024-10-04 09:00:54,0.093764,Waliguan,36.28333,100.9,3816.5
2024-10-04 09:03:56,0.090156,Waliguan,36.28333,100.9,3816.5
2024-10-04 09:05:49,0.089535,Waliguan,36.28333,100.9,3816.5
2024-10-04 09:12:56,0.081615,Waliguan,36.28333,100.9,3816.5
2024-10-04 09:14:50,0.079889,Waliguan,36.28333,100.9,3816.5
2024-10-04 09:22:52,0.079925,Waliguan,36.28333,100.9,3816.5
2024-10-04 09:29:21,0.07727,Waliguan,36.28333,100.9,3816.5
2024-10-04 09:35:41,0.067779,Waliguan,36.28333,100.9,3816.5
2024-10-04 09:39:45,0.065704,Waliguan,36.28333,100.9,3816.5
2024-10-04 09:51:57,0.061062,Waliguan,36.28333,100.9,3816.5
2024-10-04 09:54:54,0.059755,Waliguan,36.28333,100.9,3816.5
2024-10-04 09:57:56,0.057553,Waliguan,36.28333,100.9,3816.5
2024-10-04 10:00:18,0.060792,Waliguan,36.28333,100.9,3816.5
2024-10-04 10:03:55,0.054023,Waliguan,36.28333,100.9,3816.5
2024-10-04 10:05:49,0.053602,Waliguan,36.28333,100.9,3816.5
2024-10-04 10:08:36,0.054365,Waliguan,36.28333,100.9,3816.5
2024-10-04 10:11:51,0.052445,Waliguan,36.28333,100.9,3816.5
2024-10-05 09:33:55,0.114873,Waliguan,36.28333,100.9,3816.5
2024-10-05 09:35:52,0.093772,Waliguan,36.28333,100.9,3816.5
2024-10-05 09:38:10,0.087549,Waliguan,36.28333,100.9,3816.5
2024-10-05 09:47:55,0.077472,Waliguan,36.28333,100.9,3816.5
2024-10-06 07:35:51,2.759814,Waliguan,36.28333,100.9,3816.5
2024-10-07 01:33:56,0.145519,Waliguan,36.28333,100.9,3816.5
2024-10-07 05:35:03,0.199098,Waliguan,36.28333,100.9,3816.5
2024-10-07 08:41:53,0.167575,Waliguan,36.28333,100.9,3816.5
2024-10-07 09:24:56,0.158978,Waliguan,36.28333,100.9,3816.5
2024-10-08 00:03:40,0.07311,Waliguan,36.28333,100.9,3816.5
2024-10-08 00:06:55,0.072331,Waliguan,36.28333,100.9,3816.5
2024-10-08 00:09:55,0.071575,Waliguan,36.28333,100.9,3816.5
2024-10-08 00:11:53,0.070925,Waliguan,36.28333,100.9,3816.5
2024-10-08 00:15:17,0.069748,Waliguan,36.28333,100.9,3816.5
2024-10-08 00:18:56,0.071365,Waliguan,36.28333,100.9,3816.5
2024-10-08 00:20:51,0.071062,Waliguan,36.28333,100.9,3816.5
2024-10-08 00:24:56,0.070582,Waliguan,36.28333,100.9,3816.5
2024-10-08 00:27:34,0.071064,Waliguan,36.28333,100.9,3816.5
2024-10-08 00:30:55,0.069923,Waliguan,36.28333,100.9,3816.5
2024-10-08 00:33:55,0.071509,Waliguan,36.28333,100.9,3816.5
2024-10-08 00:36:04,0.073085,Waliguan,36.28333,100.9,3816.5
2024-10-08 00:45:07,0.079542,Waliguan,36.28333,100.9,3816.5
2024-10-08 00:47:12,0.078835,Waliguan,36.28333,100.9,3816.5
2024-10-08 00:49:56,0.079285,Waliguan,36.28333,100.9,3816.5
2024-10-08 00:54:55,0.081744,Waliguan,36.28333,100.9,3816.5
2024-10-08 00:56:50,0.080418,Waliguan,36.28333,100.9,3816.5
2024-10-08 01:00:53,0.078122,Waliguan,36.28333,100.9,3816.5
2024-10-08 01:02:49,0.079499,Waliguan,36.28333,100.9,3816.5
2024-10-08 01:06:55,0.079826,Waliguan,36.28333,100.9,3816.5
2024-10-08 01:09:56,0.080513,Waliguan,36.28333,100.9,3816.5
2024-10-08 01:11:51,0.080851,Waliguan,36.28333,100.9,3816.5
2024-10-08 01:15:55,0.079836,Waliguan,36.28333,100.9,3816.5
2024-10-08 01:18:55,0.082697,Waliguan,36.28333,100.9,3816.5
2024-10-08 01:20:51,0.081468,Waliguan,36.28333,100.9,3816.5
2024-10-08 01:24:55,0.083008,Waliguan,36.28333,100.9,3816.5
2024-10-08 01:27:56,0.084589,Waliguan,36.28333,100.9,3816.5
2024-10-08 01:30:56,0.083884,Waliguan,36.28333,100.9,3816.5
2024-10-08 01:32:51,0.083317,Waliguan,36.28333,100.9,3816.5
2024-10-08 01:36:56,0.085968,Waliguan,36.28333,100.9,3816.5
2024-10-08 01:39:56,0.086029,Waliguan,36.28333,100.9,3816.5
2024-10-08 01:42:56,0.086576,Waliguan,36.28333,100.9,3816.5
2024-10-08 01:44:51,0.086618,Waliguan,36.28333,100.9,3816.5
2024-10-08 01:48:56,0.087551,Waliguan,36.28333,100.9,3816.5
2024-10-08 01:51:56,0.087125,Waliguan,36.28333,100.9,3816.5
2024-10-08 01:54:56,0.087339,Waliguan,36.28333,100.9,3816.5
2024-10-08 01:57:56,0.088289,Waliguan,36.28333,100.9,3816.5
2024-10-08 02:00:56,0.090677,Waliguan,36.28333,100.9,3816.5
2024-10-08 02:02:52,0.089599,Waliguan,36.28333,100.9,3816.5
2024-10-08 02:12:17,0.094723,Waliguan,36.28333,100.9,3816.5
2024-10-08 02:20:24,0.105785,Waliguan,36.28333,100.9,3816.5
2024-10-08 02:26:44,0.105592,Waliguan,36.28333,100.9,3816.5
2024-10-08 02:48:56,0.106582,Waliguan,36.28333,100.9,3816.5
2024-10-08 02:50:51,0.111896,Waliguan,36.28333,100.9,3816.5
2024-10-08 02:57:56,0.119305,Waliguan,36.28333,100.9,3816.5
2024-10-08 03:20:49,0.132841,Waliguan,36.28333,100.9,3816.5
2024-10-08 03:24:56,0.120309,Waliguan,36.28333,100.9,3816.5
2024-10-08 03:27:56,0.124364,Waliguan,36.28333,100.9,3816.5
2024-10-08 04:15:56,0.126338,Waliguan,36.28333,100.9,3816.5
2024-10-08 04:30:57,0.128746,Waliguan,36.28333,100.9,3816.5
2024-10-08 04:33:57,0.122275,Waliguan,36.28333,100.9,3816.5
2024-10-08 04:35:50,0.124023,Waliguan,36.28333,100.9,3816.5
2024-10-08 04:42:57,0.141833,Waliguan,36.28333,100.9,3816.5
2024-10-08 05:05:51,0.131155,Waliguan,36.28333,100.9,3816.5
2024-10-08 05:48:58,0.123497,Waliguan,36.28333,100.9,3816.5
2024-10-08 05:50:52,0.12001,Waliguan,36.28333,100.9,3816.5
2024-10-08 06:04:46,0.120821,Waliguan,36.28333,100.9,3816.5
2024-10-08 06:49:01,0.118149,Waliguan,36.28333,100.9,3816.5
2024-10-08 06:50:51,0.126366,Waliguan,36.28333,100.9,3816.5
2024-10-08 06:54:55,0.107903,Waliguan,36.28333,100.9,3816.5
2024-10-08 06:57:57,0.112384,Waliguan,36.28333,100.9,3816.5
2024-10-08 07:00:57,0.117933,Waliguan,36.28333,100.9,3816.5
2024-10-08 07:20:42,0.117322,Waliguan,36.28333,100.9,3816.5
2024-10-08 07:24:57,0.111308,Waliguan,36.28333,100.9,3816.5
2024-10-08 07:27:57,0.1122,Waliguan,36.28333,100.9,3816.5
2024-10-08 07:39:57,0.114604,Waliguan,36.28333,100.9,3816.5
2024-10-08 07:48:57,0.102579,Waliguan,36.28333,100.9,3816.5
2024-10-08 07:50:51,0.102886,Waliguan,36.28333,100.9,3816.5
2024-10-08 08:13:10,0.101021,Waliguan,36.28333,100.9,3816.5
2024-10-08 08:19:34,0.09648,Waliguan,36.28333,100.9,3816.5
2024-10-08 08:28:43,0.090764,Waliguan,36.28333,100.9,3816.5
2024-10-08 08:30:57,0.089339,Waliguan,36.28333,100.9,3816.5
2024-10-08 08:33:56,0.08807,Waliguan,36.28333,100.9,3816.5
2024-10-08 08:36:56,0.087591,Waliguan,36.28333,100.9,3816.5
2024-10-08 08:38:51,0.086615,Waliguan,36.28333,100.9,3816.5
2024-10-08 08:42:56,0.088239,Waliguan,36.28333,100.9,3816.5
2024-10-08 08:45:56,0.087699,Waliguan,36.28333,100.9,3816.5
2024-10-08 08:48:57,0.089205,Waliguan,36.28333,100.9,3816.5
2024-10-08 08:50:53,0.090873,Waliguan,36.28333,100.9,3816.5
2024-10-08 08:54:56,0.086016,Waliguan,36.28333,100.9,3816.5
2024-10-08 08:57:59,0.086278,Waliguan,36.28333,100.9,3816.5
2024-10-08 08:59:53,0.085473,Waliguan,36.28333,100.9,3816.5
2024-10-08 09:03:56,0.082839,Waliguan,36.28333,100.9,3816.5
2024-10-10 02:33:56,0.101727,Waliguan,36.28333,100.9,3816.5
2024-10-10 02:35:50,0.10069,Waliguan,36.28333,100.9,3816.5
2024-10-10 03:54:56,0.133175,Waliguan,36.28333,100.9,3816.5
2024-10-10 04:00:57,0.124312,Waliguan,36.28333,100.9,3816.5
2024-10-10 05:31:00,0.124685,Waliguan,36.28333,100.9,3816.5
2024-10-10 07:33:57,0.097041,Waliguan,36.28333,100.9,3816.5
2024-10-10 07:35:51,0.100135,Waliguan,36.28333,100.9,3816.5
2024-10-10 07:39:57,0.102207,Waliguan,36.28333,100.9,3816.5
2024-10-10 07:42:57,0.102717,Waliguan,36.28333,100.9,3816.5
2024-10-12 00:36:55,0.073292,Waliguan,36.28333,100.9,3816.5
2024-10-12 00:39:55,0.072507,Waliguan,36.28333,100.9,3816.5
2024-10-12 00:51:19,0.074255,Waliguan,36.28333,100.9,3816.5
2024-10-12 00:53:24,0.073576,Waliguan,36.28333,100.9,3816.5
2024-10-12 00:55:29,0.071257,Waliguan,36.28333,100.9,3816.5
2024-10-12 00:57:56,0.068912,Waliguan,36.28333,100.9,3816.5
2024-10-12 01:00:12,0.06932,Waliguan,36.28333,100.9,3816.5
2024-10-12 01:03:56,0.075695,Waliguan,36.28333,100.9,3816.5
2024-10-12 01:06:56,0.075409,Waliguan,36.28333,100.9,3816.5
2024-10-12 01:08:51,0.076405,Waliguan,36.28333,100.9,3816.5
2024-10-12 01:17:08,0.076757,Waliguan,36.28333,100.9,3816.5
2024-10-12 01:23:36,0.072243,Waliguan,36.28333,100.9,3816.5
2024-10-12 01:25:41,0.067479,Waliguan,36.28333,100.9,3816.5
2024-10-12 01:27:55,0.070287,Waliguan,36.28333,100.9,3816.5
2024-10-12 01:30:56,0.074264,Waliguan,36.28333,100.9,3816.5
2024-10-12 01:33:56,0.075576,Waliguan,36.28333,100.9,3816.5
2024-10-12 01:36:07,0.075396,Waliguan,36.28333,100.9,3816.5
2024-10-12 01:39:56,0.074876,Waliguan,36.28333,100.9,3816.5
2024-10-12 01:42:56,0.076911,Waliguan,36.28333,100.9,3816.5
2024-10-12 01:45:56,0.073688,Waliguan,36.28333,100.9,3816.5
2024-10-12 01:48:56,0.076527,Waliguan,36.28333,100.9,3816.5
2024-10-12 01:50:52,0.076472,Waliguan,36.28333,100.9,3816.5
2024-10-12 01:54:56,0.077596,Waliguan,36.28333,100.9,3816.5
2024-10-12 01:57:56,0.082184,Waliguan,36.28333,100.9,3816.5
2024-10-12 02:00:56,0.077918,Waliguan,36.28333,100.9,3816.5
2024-10-12 02:03:41,0.077676,Waliguan,36.28333,100.9,3816.5
2024-10-12 02:24:56,0.122561,Waliguan,36.28333,100.9,3816.5
2024-10-12 02:27:56,0.128728,Waliguan,36.28333,100.9,3816.5
2024-10-12 02:30:56,0.133353,Waliguan,36.28333,100.9,3816.5
2024-10-12 02:51:56,0.089368,Waliguan,36.28333,100.9,3816.5
2024-10-12 02:54:56,0.088853,Waliguan,36.28333,100.9,3816.5
2024-10-12 03:12:05,0.099273,Waliguan,36.28333,100.9,3816.5
2024-10-12 03:21:57,0.101689,Waliguan,36.28333,100.9,3816.5
2024-10-12 03:24:56,0.113974,Waliguan,36.28333,100.9,3816.5
2024-10-12 04:30:57,0.121139,Waliguan,36.28333,100.9,3816.5
2024-10-12 04:54:57,0.129096,Waliguan,36.28333,100.9,3816.5
2024-10-12 05:36:58,0.12795,Waliguan,36.28333,100.9,3816.5
2024-10-12 09:11:07,0.066827,Waliguan,36.28333,100.9,3816.5
2024-10-12 09:15:56,0.064413,Waliguan,36.28333,100.9,3816.5
2024-10-12 09:42:45,0.057152,Waliguan,36.28333,100.9,3816.5
2024-10-12 09:45:57,0.055657,Waliguan,36.28333,100.9,3816.5
2024-10-12 09:48:15,0.054774,Waliguan,36.28333,100.9,3816.5
2024-10-12 09:51:57,0.054375,Waliguan,36.28333,100.9,3816.5
2024-10-12 09:53:52,0.054456,Waliguan,36.28333,100.9,3816.5
2024-10-12 09:56:39,0.053896,Waliguan,36.28333,100.9,3816.5
2024-10-12 09:59:56,0.053127,Waliguan,36.28333,100.9,3816.5
2024-10-13 00:08:25,0.033987,Waliguan,36.28333,100.9,3816.5
2024-10-13 00:11:39,0.034891,Waliguan,36.28333,100.9,3816.5
2024-10-13 00:15:32,0.035369,Waliguan,36.28333,100.9,3816.5
2024-10-13 00:18:55,0.036165,Waliguan,36.28333,100.9,3816.5
2024-10-13 00:20:51,0.036553,Waliguan,36.28333,100.9,3816.5
2024-10-13 00:24:56,0.036676,Waliguan,36.28333,100.9,3816.5
2024-10-13 00:26:51,0.036919,Waliguan,36.28333,100.9,3816.5
2024-10-13 00:30:55,0.03693,Waliguan,36.28333,100.9,3816.5
2024-10-13 00:32:50,0.037379,Waliguan,36.28333,100.9,3816.5
2024-10-13 00:36:56,0.037815,Waliguan,36.28333,100.9,3816.5
2024-10-13 00:39:56,0.038361,Waliguan,36.28333,100.9,3816.5
2024-10-13 00:41:50,0.038629,Waliguan,36.28333,100.9,3816.5
2024-10-13 00:51:07,0.040466,Waliguan,36.28333,100.9,3816.5
2024-10-13 00:53:11,0.040411,Waliguan,36.28333,100.9,3816.5
2024-10-13 00:55:20,0.040326,Waliguan,36.28333,100.9,3816.5
2024-10-13 00:57:56,0.04106,Waliguan,36.28333,100.9,3816.5
2024-10-13 01:00:56,0.040855,Waliguan,36.28333,100.9,3816.5
2024-10-13 01:02:51,0.041435,Waliguan,36.28333,100.9,3816.5
2024-10-13 01:06:55,0.042084,Waliguan,36.28333,100.9,3816.5
2024-10-13 01:08:50,0.041991,Waliguan,36.28333,100.9,3816.5
2024-10-13 01:16:59,0.043015,Waliguan,36.28333,100.9,3816.5
2024-10-13 01:23:23,0.044285,Waliguan,36.28333,100.9,3816.5
2024-10-13 01:25:54,0.045223,Waliguan,36.28333,100.9,3816.5
2024-10-13 01:30:55,0.045874,Waliguan,36.28333,100.9,3816.5
2024-10-13 01:33:55,0.046639,Waliguan,36.28333,100.9,3816.5
2024-10-13 01:36:56,0.047849,Waliguan,36.28333,100.9,3816.5
2024-10-13 01:38:51,0.048247,Waliguan,36.28333,100.9,3816.5
2024-10-13 01:42:57,0.04908,Waliguan,36.28333,100.9,3816.5
2024-10-13 01:45:56,0.04995,Waliguan,36.28333,100.9,3816.5
2024-10-13 01:48:56,0.051232,Waliguan,36.28333,100.9,3816.5
2024-10-13 01:51:41,0.056994,Waliguan,36.28333,100.9,3816.5
2024-10-13 02:27:57,0.063729,Waliguan,36.28333,100.9,3816.5
2024-10-13 02:30:56,0.059031,Waliguan,36.28333,100.9,3816.5
2024-10-13 02:33:25,0.060083,Waliguan,36.28333,100.9,3816.5
2024-10-13 02:36:56,0.060356,Waliguan,36.28333,100.9,3816.5
2024-10-13 02:39:56,0.061283,Waliguan,36.28333,100.9,3816.5
2024-10-13 02:42:57,0.061367,Waliguan,36.28333,100.9,3816.5
2024-10-13 02:45:56,0.061272,Waliguan,36.28333,100.9,3816.5
2024-10-13 02:48:26,0.062026,Waliguan,36.28333,100.9,3816.5
2024-10-13 02:51:56,0.06189,Waliguan,36.28333,100.9,3816.5
2024-10-13 02:54:57,0.062899,Waliguan,36.28333,100.9,3816.5
2024-10-13 03:12:12,0.064353,Waliguan,36.28333,100.9,3816.5
2024-10-13 03:21:56,0.063688,Waliguan,36.28333,100.9,3816.5
2024-10-13 03:24:57,0.063864,Waliguan,36.28333,100.9,3816.5
2024-10-13 03:27:56,0.065006,Waliguan,36.28333,100.9,3816.5
2024-10-13 03:30:57,0.066842,Waliguan,36.28333,100.9,3816.5
2024-10-13 03:33:25,0.067125,Waliguan,36.28333,100.9,3816.5
2024-10-13 03:36:56,0.068245,Waliguan,36.28333,100.9,3816.5
2024-10-13 03:39:56,0.067496,Waliguan,36.28333,100.9,3816.5
2024-10-13 03:42:56,0.066615,Waliguan,36.28333,100.9,3816.5
2024-10-13 03:45:57,0.066884,Waliguan,36.28333,100.9,3816.5
2024-10-13 03:48:25,0.066304,Waliguan,36.28333,100.9,3816.5
2024-10-13 03:51:57,0.065971,Waliguan,36.28333,100.9,3816.5
2024-10-13 03:54:57,0.06618,Waliguan,36.28333,100.9,3816.5
2024-10-13 03:57:56,0.066472,Waliguan,36.28333,100.9,3816.5
2024-10-13 04:00:57,0.066662,Waliguan,36.28333,100.9,3816.5
2024-10-13 04:03:27,0.066837,Waliguan,36.28333,100.9,3816.5
2024-10-13 04:11:27,0.067657,Waliguan,36.28333,100.9,3816.5
2024-10-13 04:18:26,0.06796,Waliguan,36.28333,100.9,3816.5
2024-10-13 04:21:55,0.068501,Waliguan,36.28333,100.9,3816.5
2024-10-13 04:24:57,0.069536,Waliguan,36.28333,100.9,3816.5
2024-10-13 04:27:57,0.069557,Waliguan,36.28333,100.9,3816.5
2024-10-13 04:30:57,0.069704,Waliguan,36.28333,100.9,3816.5
2024-10-13 04:33:26,0.06851,Waliguan,36.28333,100.9,3816.5
2024-10-13 04:36:57,0.069059,Waliguan,36.28333,100.9,3816.5
2024-10-13 04:39:57,0.069528,Waliguan,36.28333,100.9,3816.5
2024-10-13 04:42:58,0.06938,Waliguan,36.28333,100.9,3816.5
2024-10-13 04:46:10,0.069196,Waliguan,36.28333,100.9,3816.5
2024-10-13 04:48:26,0.069291,Waliguan,36.28333,100.9,3816.5
2024-10-13 04:51:57,0.06996,Waliguan,36.28333,100.9,3816.5
2024-10-13 04:54:58,0.068796,Waliguan,36.28333,100.9,3816.5
2024-10-13 04:57:58,0.068795,Waliguan,36.28333,100.9,3816.5
2024-10-13 05:00:57,0.069405,Waliguan,36.28333,100.9,3816.5
2024-10-13 05:03:28,0.06943,Waliguan,36.28333,100.9,3816.5
2024-10-13 05:11:27,0.071554,Waliguan,36.28333,100.9,3816.5
2024-10-13 05:18:27,0.070758,Waliguan,36.28333,100.9,3816.5
2024-10-13 05:21:56,0.071796,Waliguan,36.28333,100.9,3816.5
2024-10-13 05:24:57,0.07169,Waliguan,36.28333,100.9,3816.5
2024-10-13 05:27:57,0.072627,Waliguan,36.28333,100.9,3816.5
2024-10-13 05:30:57,0.072493,Waliguan,36.28333,100.9,3816.5
2024-10-13 05:33:27,0.072249,Waliguan,36.28333,100.9,3816.5
2024-10-13 05:36:58,0.072008,Waliguan,36.28333,100.9,3816.5
2024-10-13 05:39:57,0.072328,Waliguan,36.28333,100.9,3816.5
2024-10-13 05:42:58,0.069856,Waliguan,36.28333,100.9,3816.5
2024-10-13 05:45:58,0.071384,Waliguan,36.28333,100.9,3816.5
2024-10-13 05:48:27,0.072188,Waliguan,36.28333,100.9,3816.5
2024-10-13 05:51:58,0.073904,Waliguan,36.28333,100.9,3816.5
2024-10-13 05:54:57,0.072037,Waliguan,36.28333,100.9,3816.5
2024-10-13 05:57:58,0.075381,Waliguan,36.28333,100.9,3816.5
2024-10-13 06:00:58,0.073222,Waliguan,36.28333,100.9,3816.5
2024-10-13 06:03:27,0.072791,Waliguan,36.28333,100.9,3816.5
2024-10-13 06:11:29,0.070893,Waliguan,36.28333,100.9,3816.5
2024-10-13 06:18:27,0.070531,Waliguan,36.28333,100.9,3816.5
2024-10-13 06:21:55,0.073558,Waliguan,36.28333,100.9,3816.5
2024-10-13 06:28:01,0.070878,Waliguan,36.28333,100.9,3816.5
2024-10-13 06:30:58,0.071086,Waliguan,36.28333,100.9,3816.5
2024-10-13 06:33:27,0.067933,Waliguan,36.28333,100.9,3816.5
2024-10-13 06:36:57,0.069038,Waliguan,36.28333,100.9,3816.5
2024-10-13 06:39:57,0.068267,Waliguan,36.28333,100.9,3816.5
2024-10-13 06:42:57,0.072777,Waliguan,36.28333,100.9,3816.5
2024-10-13 06:45:58,0.067146,Waliguan,36.28333,100.9,3816.5
2024-10-13 06:48:27,0.065669,Waliguan,36.28333,100.9,3816.5
2024-10-13 06:51:58,0.066921,Waliguan,36.28333,100.9,3816.5
2024-10-13 06:54:57,0.066385,Waliguan,36.28333,100.9,3816.5
2024-10-13 06:57:57,0.065005,Waliguan,36.28333,100.9,3816.5
2024-10-13 07:00:57,0.065197,Waliguan,36.28333,100.9,3816.5
2024-10-13 07:03:27,0.065811,Waliguan,36.28333,100.9,3816.5
2024-10-13 07:11:24,0.0641,Waliguan,36.28333,100.9,3816.5
2024-10-13 07:18:26,0.068303,Waliguan,36.28333,100.9,3816.5
2024-10-13 07:21:57,0.070189,Waliguan,36.28333,100.9,3816.5
2024-10-13 07:24:57,0.071045,Waliguan,36.28333,100.9,3816.5
2024-10-13 07:27:57,0.069478,Waliguan,36.28333,100.9,3816.5
2024-10-13 07:30:57,0.068322,Waliguan,36.28333,100.9,3816.5
2024-10-13 07:33:26,0.067609,Waliguan,36.28333,100.9,3816.5
2024-10-13 07:36:57,0.067049,Waliguan,36.28333,100.9,3816.5
2024-10-13 07:39:57,0.065038,Waliguan,36.28333,100.9,3816.5
2024-10-13 07:42:57,0.064693,Waliguan,36.28333,100.9,3816.5
2024-10-13 07:45:57,0.063739,Waliguan,36.28333,100.9,3816.5
2024-10-13 07:48:26,0.061479,Waliguan,36.28333,100.9,3816.5
2024-10-13 07:57:57,0.060765,Waliguan,36.28333,100.9,3816.5
2024-10-13 08:00:56,0.05966,Waliguan,36.28333,100.9,3816.5
2024-10-13 08:03:27,0.061812,Waliguan,36.28333,100.9,3816.5
2024-10-13 08:11:33,0.061554,Waliguan,36.28333,100.9,3816.5
2024-10-13 08:18:11,0.056804,Waliguan,36.28333,100.9,3816.5
2024-10-13 08:21:56,0.055985,Waliguan,36.28333,100.9,3816.5
2024-10-13 08:24:56,0.055848,Waliguan,36.28333,100.9,3816.5
2024-10-13 08:27:57,0.055557,Waliguan,36.28333,100.9,3816.5
2024-10-13 08:29:51,0.055569,Waliguan,36.28333,100.9,3816.5
2024-10-13 08:33:56,0.057382,Waliguan,36.28333,100.9,3816.5
2024-10-13 08:36:57,0.056402,Waliguan,36.28333,100.9,3816.5
2024-10-13 08:39:57,0.05519,Waliguan,36.28333,100.9,3816.5
2024-10-13 08:41:52,0.055313,Waliguan,36.28333,100.9,3816.5
2024-10-13 08:45:57,0.055432,Waliguan,36.28333,100.9,3816.5
2024-10-13 08:48:56,0.055408,Waliguan,36.28333,100.9,3816.5
2024-10-13 08:50:52,0.054824,Waliguan,36.28333,100.9,3816.5
2024-10-13 08:54:57,0.055213,Waliguan,36.28333,100.9,3816.5
2024-10-13 08:57:56,0.056375,Waliguan,36.28333,100.9,3816.5
2024-10-13 08:59:51,0.055681,Waliguan,36.28333,100.9,3816.5
2024-10-13 09:07:53,0.053743,Waliguan,36.28333,100.9,3816.5
2024-10-13 09:14:21,0.053626,Waliguan,36.28333,100.9,3816.5
2024-10-13 09:16:33,0.053413,Waliguan,36.28333,100.9,3816.5
2024-10-13 09:18:36,0.053992,Waliguan,36.28333,100.9,3816.5
2024-10-13 09:21:31,0.053972,Waliguan,36.28333,100.9,3816.5
2024-10-13 09:24:56,0.054018,Waliguan,36.28333,100.9,3816.5
2024-10-13 09:26:52,0.053011,Waliguan,36.28333,100.9,3816.5
2024-10-13 09:36:22,0.051262,Waliguan,36.28333,100.9,3816.5
2024-10-13 09:39:54,0.050339,Waliguan,36.28333,100.9,3816.5
2024-10-13 09:41:57,0.049836,Waliguan,36.28333,100.9,3816.5
2024-10-13 09:45:56,0.048029,Waliguan,36.28333,100.9,3816.5
2024-10-13 09:47:54,0.047477,Waliguan,36.28333,100.9,3816.5
2024-10-13 09:51:21,0.047183,Waliguan,36.28333,100.9,3816.5
2024-10-13 09:54:55,0.046899,Waliguan,36.28333,100.9,3816.5
2024-10-13 09:56:52,0.04677,Waliguan,36.28333,100.9,3816.5
2024-10-13 09:58:58,0.046445,Waliguan,36.28333,100.9,3816.5
2024-10-14 00:09:21,0.04902,Waliguan,36.28333,100.9,3816.5
2024-10-14 00:12:40,0.0516,Waliguan,36.28333,100.9,3816.5
2024-10-14 00:15:55,0.052681,Waliguan,36.28333,100.9,3816.5
2024-10-14 00:17:50,0.053069,Waliguan,36.28333,100.9,3816.5
2024-10-14 00:21:07,0.053781,Waliguan,36.28333,100.9,3816.5
2024-10-14 00:24:55,0.054474,Waliguan,36.28333,100.9,3816.5
2024-10-14 00:26:51,0.054992,Waliguan,36.28333,100.9,3816.5
2024-10-14 00:30:55,0.055509,Waliguan,36.28333,100.9,3816.5
2024-10-14 00:33:33,0.055993,Waliguan,36.28333,100.9,3816.5
2024-10-14 00:36:55,0.056395,Waliguan,36.28333,100.9,3816.5
2024-10-14 00:39:55,0.056752,Waliguan,36.28333,100.9,3816.5
2024-10-14 00:42:16,0.056778,Waliguan,36.28333,100.9,3816.5
2024-10-14 00:51:34,0.056524,Waliguan,36.28333,100.9,3816.5
2024-10-14 00:53:38,0.056876,Waliguan,36.28333,100.9,3816.5
2024-10-14 00:56:27,0.057696,Waliguan,36.28333,100.9,3816.5
2024-10-14 01:00:55,0.059051,Waliguan,36.28333,100.9,3816.5
2024-10-14 01:02:50,0.059332,Waliguan,36.28333,100.9,3816.5
2024-10-14 01:06:54,0.061303,Waliguan,36.28333,100.9,3816.5
2024-10-14 01:09:27,0.063305,Waliguan,36.28333,100.9,3816.5
2024-10-14 01:17:40,0.069466,Waliguan,36.28333,100.9,3816.5
2024-10-14 01:24:06,0.075387,Waliguan,36.28333,100.9,3816.5
2024-10-14 01:27:11,0.079024,Waliguan,36.28333,100.9,3816.5
2024-10-14 01:30:56,0.083268,Waliguan,36.28333,100.9,3816.5
2024-10-14 01:33:56,0.085194,Waliguan,36.28333,100.9,3816.5
2024-10-14 01:36:58,0.087105,Waliguan,36.28333,100.9,3816.5
2024-10-14 01:38:51,0.088395,Waliguan,36.28333,100.9,3816.5
2024-10-14 01:42:56,0.090165,Waliguan,36.28333,100.9,3816.5
2024-10-14 01:45:56,0.090772,Waliguan,36.28333,100.9,3816.5
2024-10-14 01:53:52,0.084047,Waliguan,36.28333,100.9,3816.5
2024-10-14 01:57:56,0.076615,Waliguan,36.28333,100.9,3816.5
2024-10-14 02:00:56,0.067536,Waliguan,36.28333,100.9,3816.5
2024-10-14 02:03:12,0.058941,Waliguan,36.28333,100.9,3816.5
2024-10-14 02:11:18,0.050082,Waliguan,36.28333,100.9,3816.5
2024-10-14 02:18:11,0.051524,Waliguan,36.28333,100.9,3816.5
2024-10-14 02:21:56,0.052286,Waliguan,36.28333,100.9,3816.5
2024-10-14 02:24:57,0.052071,Waliguan,36.28333,100.9,3816.5
2024-10-14 02:27:56,0.053673,Waliguan,36.28333,100.9,3816.5
2024-10-14 02:30:57,0.053695,Waliguan,36.28333,100.9,3816.5
2024-10-14 02:33:11,0.054273,Waliguan,36.28333,100.9,3816.5
2024-10-14 02:36:56,0.055575,Waliguan,36.28333,100.9,3816.5
2024-10-14 02:39:56,0.055937,Waliguan,36.28333,100.9,3816.5
2024-10-14 02:42:56,0.056011,Waliguan,36.28333,100.9,3816.5
2024-10-14 02:45:56,0.055733,Waliguan,36.28333,100.9,3816.5
2024-10-14 02:48:11,0.057076,Waliguan,36.28333,100.9,3816.5
2024-10-14 02:51:56,0.055972,Waliguan,36.28333,100.9,3816.5
2024-10-14 02:54:56,0.056899,Waliguan,36.28333,100.9,3816.5
2024-10-14 03:18:12,0.059859,Waliguan,36.28333,100.9,3816.5
2024-10-14 03:21:57,0.059165,Waliguan,36.28333,100.9,3816.5
2024-10-14 03:24:56,0.05887,Waliguan,36.28333,100.9,3816.5
2024-10-14 03:27:56,0.059709,Waliguan,36.28333,100.9,3816.5
2024-10-14 03:30:57,0.059684,Waliguan,36.28333,100.9,3816.5
2024-10-14 03:33:11,0.060878,Waliguan,36.28333,100.9,3816.5
2024-10-14 03:36:57,0.060622,Waliguan,36.28333,100.9,3816.5
2024-10-14 03:39:56,0.062706,Waliguan,36.28333,100.9,3816.5
2024-10-14 03:42:57,0.061638,Waliguan,36.28333,100.9,3816.5
2024-10-14 03:45:56,0.06155,Waliguan,36.28333,100.9,3816.5
2024-10-14 03:48:12,0.061928,Waliguan,36.28333,100.9,3816.5
2024-10-14 03:51:56,0.06173,Waliguan,36.28333,100.9,3816.5
2024-10-14 03:54:56,0.06223,Waliguan,36.28333,100.9,3816.5
2024-10-14 03:57:56,0.063042,Waliguan,36.28333,100.9,3816.5
2024-10-14 04:00:57,0.062749,Waliguan,36.28333,100.9,3816.5
2024-10-14 04:03:13,0.06293,Waliguan,36.28333,100.9,3816.5
2024-10-14 04:11:16,0.064486,Waliguan,36.28333,100.9,3816.5
2024-10-14 04:18:12,0.065158,Waliguan,36.28333,100.9,3816.5
2024-10-14 04:21:57,0.066612,Waliguan,36.28333,100.9,3816.5
2024-10-14 04:24:57,0.065973,Waliguan,36.28333,100.9,3816.5
2024-10-14 04:27:57,0.06701,Waliguan,36.28333,100.9,3816.5
2024-10-14 04:30:57,0.065295,Waliguan,36.28333,100.9,3816.5
2024-10-14 04:33:12,0.066191,Waliguan,36.28333,100.9,3816.5
2024-10-14 04:36:57,0.066264,Waliguan,36.28333,100.9,3816.5
2024-10-14 04:39:58,0.06657,Waliguan,36.28333,100.9,3816.5
2024-10-14 04:42:57,0.065895,Waliguan,36.28333,100.9,3816.5
2024-10-14 04:45:57,0.067286,Waliguan,36.28333,100.9,3816.5
2024-10-14 04:48:12,0.068203,Waliguan,36.28333,100.9,3816.5
2024-10-14 04:51:57,0.070075,Waliguan,36.28333,100.9,3816.5
2024-10-14 04:54:58,0.068777,Waliguan,36.28333,100.9,3816.5
2024-10-14 04:57:57,0.068955,Waliguan,36.28333,100.9,3816.5
2024-10-14 05:00:57,0.06911,Waliguan,36.28333,100.9,3816.5
2024-10-14 05:03:13,0.067528,Waliguan,36.28333,100.9,3816.5
2024-10-14 05:11:15,0.067455,Waliguan,36.28333,100.9,3816.5
2024-10-14 05:18:12,0.070789,Waliguan,36.28333,100.9,3816.5
2024-10-14 05:21:57,0.070927,Waliguan,36.28333,100.9,3816.5
2024-10-14 05:24:57,0.070851,Waliguan,36.28333,100.9,3816.5
2024-10-14 05:27:57,0.070687,Waliguan,36.28333,100.9,3816.5
2024-10-14 05:30:57,0.068592,Waliguan,36.28333,100.9,3816.5
2024-10-14 05:33:13,0.068904,Waliguan,36.28333,100.9,3816.5
2024-10-14 05:36:58,0.071257,Waliguan,36.28333,100.9,3816.5
2024-10-14 05:39:58,0.069365,Waliguan,36.28333,100.9,3816.5
2024-10-14 05:42:57,0.069708,Waliguan,36.28333,100.9,3816.5
2024-10-14 05:45:58,0.069777,Waliguan,36.28333,100.9,3816.5
2024-10-14 05:48:12,0.069874,Waliguan,36.28333,100.9,3816.5
2024-10-14 05:51:58,0.070844,Waliguan,36.28333,100.9,3816.5
2024-10-14 05:54:57,0.071311,Waliguan,36.28333,100.9,3816.5
2024-10-14 05:57:58,0.070391,Waliguan,36.28333,100.9,3816.5
2024-10-14 06:00:57,0.070122,Waliguan,36.28333,100.9,3816.5
2024-10-14 06:03:14,0.070164,Waliguan,36.28333,100.9,3816.5
2024-10-14 06:11:15,0.070599,Waliguan,36.28333,100.9,3816.5
2024-10-14 06:18:13,0.07008,Waliguan,36.28333,100.9,3816.5
2024-10-14 06:21:58,0.07109,Waliguan,36.28333,100.9,3816.5
2024-10-14 06:30:57,0.071599,Waliguan,36.28333,100.9,3816.5
2024-10-14 06:33:13,0.071624,Waliguan,36.28333,100.9,3816.5
2024-10-14 06:36:58,0.069677,Waliguan,36.28333,100.9,3816.5
2024-10-14 06:39:58,0.070986,Waliguan,36.28333,100.9,3816.5
2024-10-14 06:42:58,0.071414,Waliguan,36.28333,100.9,3816.5
2024-10-14 06:45:57,0.070157,Waliguan,36.28333,100.9,3816.5
2024-10-14 06:48:13,0.070659,Waliguan,36.28333,100.9,3816.5
2024-10-14 06:52:00,0.069526,Waliguan,36.28333,100.9,3816.5
2024-10-14 06:54:58,0.070522,Waliguan,36.28333,100.9,3816.5
2024-10-14 06:57:57,0.072563,Waliguan,36.28333,100.9,3816.5
2024-10-14 07:00:57,0.071587,Waliguan,36.28333,100.9,3816.5
2024-10-14 07:03:14,0.067692,Waliguan,36.28333,100.9,3816.5
2024-10-14 07:11:12,0.069935,Waliguan,36.28333,100.9,3816.5
2024-10-14 07:18:12,0.067375,Waliguan,36.28333,100.9,3816.5
2024-10-14 07:21:57,0.0679,Waliguan,36.28333,100.9,3816.5
2024-10-14 07:24:57,0.066194,Waliguan,36.28333,100.9,3816.5
2024-10-14 07:27:57,0.067309,Waliguan,36.28333,100.9,3816.5
2024-10-14 07:30:57,0.065759,Waliguan,36.28333,100.9,3816.5
2024-10-14 07:33:12,0.06728,Waliguan,36.28333,100.9,3816.5
2024-10-14 07:36:57,0.070509,Waliguan,36.28333,100.9,3816.5
2024-10-14 07:39:57,0.064592,Waliguan,36.28333,100.9,3816.5
2024-10-14 07:42:57,0.063075,Waliguan,36.28333,100.9,3816.5
2024-10-14 07:45:57,0.062532,Waliguan,36.28333,100.9,3816.5
2024-10-14 07:48:12,0.0623,Waliguan,36.28333,100.9,3816.5
2024-10-14 07:51:56,0.059746,Waliguan,36.28333,100.9,3816.5
2024-10-14 07:54:57,0.06155,Waliguan,36.28333,100.9,3816.5
2024-10-14 08:00:57,0.060806,Waliguan,36.28333,100.9,3816.5
2024-10-14 08:03:13,0.058419,Waliguan,36.28333,100.9,3816.5
2024-10-14 08:11:10,0.056233,Waliguan,36.28333,100.9,3816.5
2024-10-14 08:17:43,0.055417,Waliguan,36.28333,100.9,3816.5
2024-10-14 08:21:57,0.053663,Waliguan,36.28333,100.9,3816.5
2024-10-14 08:24:56,0.054656,Waliguan,36.28333,100.9,3816.5
2024-10-14 08:27:40,0.053942,Waliguan,36.28333,100.9,3816.5
2024-10-14 08:30:56,0.053008,Waliguan,36.28333,100.9,3816.5
2024-10-14 08:33:56,0.05186,Waliguan,36.28333,100.9,3816.5
2024-10-14 08:36:56,0.051952,Waliguan,36.28333,100.9,3816.5
2024-10-14 08:39:15,0.052037,Waliguan,36.28333,100.9,3816.5
2024-10-14 08:42:56,0.051798,Waliguan,36.28333,100.9,3816.5
2024-10-14 08:45:56,0.051251,Waliguan,36.28333,100.9,3816.5
2024-10-14 08:48:53,0.051146,Waliguan,36.28333,100.9,3816.5
2024-10-14 08:51:56,0.050902,Waliguan,36.28333,100.9,3816.5
2024-10-14 08:54:56,0.051003,Waliguan,36.28333,100.9,3816.5
2024-10-14 08:56:58,0.050674,Waliguan,36.28333,100.9,3816.5
2024-10-14 09:05:02,0.048323,Waliguan,36.28333,100.9,3816.5
2024-10-14 09:11:30,0.047404,Waliguan,36.28333,100.9,3816.5
2024-10-14 09:13:34,0.047275,Waliguan,36.28333,100.9,3816.5
2024-10-14 09:15:37,0.047076,Waliguan,36.28333,100.9,3816.5
2024-10-14 09:18:56,0.04591,Waliguan,36.28333,100.9,3816.5
2024-10-14 09:20:51,0.045334,Waliguan,36.28333,100.9,3816.5
2024-10-14 09:24:08,0.044202,Waliguan,36.28333,100.9,3816.5
2024-10-14 09:33:36,0.042679,Waliguan,36.28333,100.9,3816.5
2024-10-14 09:37:01,0.042705,Waliguan,36.28333,100.9,3816.5
2024-10-14 09:39:44,0.042583,Waliguan,36.28333,100.9,3816.5
2024-10-14 09:42:56,0.042149,Waliguan,36.28333,100.9,3816.5
2024-10-14 09:45:17,0.041457,Waliguan,36.28333,100.9,3816.5
2024-10-14 09:48:54,0.040592,Waliguan,36.28333,100.9,3816.5
2024-10-14 09:50:51,0.040567,Waliguan,36.28333,100.9,3816.5
2024-10-14 09:53:45,0.039882,Waliguan,36.28333,100.9,3816.5
2024-10-14 09:57:04,0.03922,Waliguan,36.28333,100.9,3816.5
2024-10-15 00:35:53,0.072878,Waliguan,36.28333,100.9,3816.5
2024-10-15 00:39:55,0.05119,Waliguan,36.28333,100.9,3816.5
2024-10-15 00:42:55,0.047549,Waliguan,36.28333,100.9,3816.5
2024-10-15 00:44:51,0.053184,Waliguan,36.28333,100.9,3816.5
2024-10-15 00:54:04,0.054748,Waliguan,36.28333,100.9,3816.5
2024-10-15 00:56:08,0.055469,Waliguan,36.28333,100.9,3816.5
2024-10-15 00:58:13,0.054838,Waliguan,36.28333,100.9,3816.5
2024-10-15 01:00:56,0.055506,Waliguan,36.28333,100.9,3816.5
2024-10-15 01:03:39,0.05625,Waliguan,36.28333,100.9,3816.5
2024-10-15 01:06:53,0.056395,Waliguan,36.28333,100.9,3816.5
2024-10-15 01:09:56,0.055433,Waliguan,36.28333,100.9,3816.5
2024-10-15 01:11:50,0.055231,Waliguan,36.28333,100.9,3816.5
2024-10-15 01:19:52,0.049988,Waliguan,36.28333,100.9,3816.5
2024-10-15 01:26:19,0.047937,Waliguan,36.28333,100.9,3816.5
2024-10-15 01:28:27,0.048003,Waliguan,36.28333,100.9,3816.5
2024-10-15 01:30:57,0.048189,Waliguan,36.28333,100.9,3816.5
2024-10-15 01:33:56,0.049489,Waliguan,36.28333,100.9,3816.5
2024-10-15 01:36:56,0.049665,Waliguan,36.28333,100.9,3816.5
2024-10-15 01:39:56,0.049621,Waliguan,36.28333,100.9,3816.5
2024-10-15 01:41:51,0.049862,Waliguan,36.28333,100.9,3816.5
2024-10-15 01:45:55,0.049831,Waliguan,36.28333,100.9,3816.5
2024-10-15 01:48:56,0.051304,Waliguan,36.28333,100.9,3816.5
2024-10-15 01:51:56,0.055067,Waliguan,36.28333,100.9,3816.5
2024-10-15 01:54:34,0.051756,Waliguan,36.28333,100.9,3816.5
2024-10-15 01:57:56,0.05167,Waliguan,36.28333,100.9,3816.5
2024-10-15 02:00:56,0.057373,Waliguan,36.28333,100.9,3816.5
2024-10-15 02:02:58,0.067264,Waliguan,36.28333,100.9,3816.5
2024-10-15 02:17:58,0.055659,Waliguan,36.28333,100.9,3816.5
2024-10-15 02:21:56,0.054936,Waliguan,36.28333,100.9,3816.5
2024-10-15 02:24:56,0.056279,Waliguan,36.28333,100.9,3816.5
2024-10-15 02:27:56,0.057392,Waliguan,36.28333,100.9,3816.5
2024-10-15 02:30:57,0.057939,Waliguan,36.28333,100.9,3816.5
2024-10-15 02:32:57,0.058802,Waliguan,36.28333,100.9,3816.5
2024-10-15 02:36:56,0.060036,Waliguan,36.28333,100.9,3816.5
2024-10-15 02:39:57,0.061706,Waliguan,36.28333,100.9,3816.5
2024-10-15 02:42:57,0.062785,Waliguan,36.28333,100.9,3816.5
2024-10-15 02:45:57,0.06471,Waliguan,36.28333,100.9,3816.5
2024-10-15 02:47:57,0.068532,Waliguan,36.28333,100.9,3816.5
2024-10-15 02:51:56,0.072217,Waliguan,36.28333,100.9,3816.5
2024-10-15 03:17:57,0.09063,Waliguan,36.28333,100.9,3816.5
2024-10-15 03:21:54,0.071472,Waliguan,36.28333,100.9,3816.5
2024-10-15 03:30:56,0.104603,Waliguan,36.28333,100.9,3816.5
2024-10-15 03:42:57,0.119758,Waliguan,36.28333,100.9,3816.5
2024-10-15 03:51:57,0.122827,Waliguan,36.28333,100.9,3816.5
2024-10-15 03:54:57,0.11764,Waliguan,36.28333,100.9,3816.5
2024-10-15 03:57:57,0.114758,Waliguan,36.28333,100.9,3816.5
2024-10-15 04:30:57,0.241767,Waliguan,36.28333,100.9,3816.5
2024-10-15 05:32:58,0.150217,Waliguan,36.28333,100.9,3816.5
2024-10-15 05:36:58,0.149655,Waliguan,36.28333,100.9,3816.5
2024-10-15 05:39:58,0.173781,Waliguan,36.28333,100.9,3816.5
2024-10-15 05:47:59,0.179548,Waliguan,36.28333,100.9,3816.5
2024-10-15 05:51:57,0.206355,Waliguan,36.28333,100.9,3816.5
2024-10-15 06:11:11,0.230309,Waliguan,36.28333,100.9,3816.5
2024-10-31 03:57:57,0.127521,Waliguan,36.28333,100.9,3816.5
2024-10-31 04:21:56,0.150576,Waliguan,36.28333,100.9,3816.5
2024-10-31 04:27:57,0.118774,Waliguan,36.28333,100.9,3816.5
2024-10-31 04:30:55,0.110887,Waliguan,36.28333,100.9,3816.5
2024-10-31 04:33:57,0.110581,Waliguan,36.28333,100.9,3816.5
2024-10-31 04:39:57,0.102962,Waliguan,36.28333,100.9,3816.5
2024-10-31 04:42:57,0.102994,Waliguan,36.28333,100.9,3816.5
2024-10-31 04:45:56,0.104611,Waliguan,36.28333,100.9,3816.5
2024-10-31 04:48:57,0.104954,Waliguan,36.28333,100.9,3816.5
2024-10-31 04:51:58,0.107984,Waliguan,36.28333,100.9,3816.5
2024-10-31 04:54:57,0.105893,Waliguan,36.28333,100.9,3816.5
2024-11-01 00:28:23,0.069972,Waliguan,36.28333,100.9,3816.5
2024-11-01 00:30:59,0.072167,Waliguan,36.28333,100.9,3816.5
2024-11-01 00:32:50,0.07084,Waliguan,36.28333,100.9,3816.5
2024-11-01 00:35:58,0.069315,Waliguan,36.28333,100.9,3816.5
2024-11-01 00:39:57,0.068131,Waliguan,36.28333,100.9,3816.5
2024-11-01 00:41:49,0.067704,Waliguan,36.28333,100.9,3816.5
2024-11-01 00:46:01,0.070134,Waliguan,36.28333,100.9,3816.5
2024-11-01 00:47:50,0.070709,Waliguan,36.28333,100.9,3816.5
2024-11-01 00:51:56,0.072158,Waliguan,36.28333,100.9,3816.5
2024-11-01 00:54:09,0.072779,Waliguan,36.28333,100.9,3816.5
2024-11-01 00:57:55,0.074057,Waliguan,36.28333,100.9,3816.5
2024-11-01 01:00:56,0.076397,Waliguan,36.28333,100.9,3816.5
2024-11-01 01:03:30,0.077313,Waliguan,36.28333,100.9,3816.5
2024-11-01 01:12:58,0.077671,Waliguan,36.28333,100.9,3816.5
2024-11-01 01:15:02,0.076772,Waliguan,36.28333,100.9,3816.5
2024-11-01 01:18:53,0.079781,Waliguan,36.28333,100.9,3816.5
2024-11-01 01:21:56,0.080631,Waliguan,36.28333,100.9,3816.5
2024-11-01 01:24:55,0.082211,Waliguan,36.28333,100.9,3816.5
2024-11-01 01:26:50,0.081609,Waliguan,36.28333,100.9,3816.5
2024-11-01 01:30:56,0.084132,Waliguan,36.28333,100.9,3816.5
2024-11-01 01:33:10,0.085824,Waliguan,36.28333,100.9,3816.5
2024-11-01 01:41:18,0.086195,Waliguan,36.28333,100.9,3816.5
2024-11-01 01:51:53,0.080189,Waliguan,36.28333,100.9,3816.5
2024-11-01 01:53:49,0.079902,Waliguan,36.28333,100.9,3816.5
2024-11-01 01:57:57,0.085437,Waliguan,36.28333,100.9,3816.5
2024-11-01 02:00:55,0.087304,Waliguan,36.28333,100.9,3816.5
2024-11-01 02:09:04,0.091609,Waliguan,36.28333,100.9,3816.5
2024-11-01 02:21:56,0.103641,Waliguan,36.28333,100.9,3816.5
2024-11-01 02:24:56,0.095578,Waliguan,36.28333,100.9,3816.5
2024-11-01 02:27:56,0.109026,Waliguan,36.28333,100.9,3816.5
2024-11-01 02:54:57,0.090953,Waliguan,36.28333,100.9,3816.5
2024-11-01 03:09:04,0.090567,Waliguan,36.28333,100.9,3816.5
2024-11-01 04:27:56,0.119246,Waliguan,36.28333,100.9,3816.5
2024-11-01 04:30:53,0.115737,Waliguan,36.28333,100.9,3816.5
2024-11-01 04:33:57,0.106243,Waliguan,36.28333,100.9,3816.5
2024-11-01 04:42:57,0.099108,Waliguan,36.28333,100.9,3816.5
2024-11-01 04:45:54,0.097333,Waliguan,36.28333,100.9,3816.5
2024-11-01 05:00:55,0.101576,Waliguan,36.28333,100.9,3816.5
2024-11-01 05:30:54,0.085952,Waliguan,36.28333,100.9,3816.5
2024-11-01 05:36:57,0.085729,Waliguan,36.28333,100.9,3816.5
2024-11-01 05:39:57,0.085105,Waliguan,36.28333,100.9,3816.5
2024-11-01 05:42:57,0.082184,Waliguan,36.28333,100.9,3816.5
2024-11-01 07:21:57,0.075104,Waliguan,36.28333,100.9,3816.5
2024-11-01 07:24:57,0.069464,Waliguan,36.28333,100.9,3816.5
2024-11-01 07:27:57,0.074947,Waliguan,36.28333,100.9,3816.5
2024-11-01 07:30:53,0.083256,Waliguan,36.28333,100.9,3816.5
2024-11-01 07:42:56,0.067609,Waliguan,36.28333,100.9,3816.5
2024-11-01 07:45:53,0.065676,Waliguan,36.28333,100.9,3816.5
2024-11-01 08:18:56,0.057544,Waliguan,36.28333,100.9,3816.5
2024-11-01 08:20:52,0.0582,Waliguan,36.28333,100.9,3816.5
2024-11-01 08:38:04,0.066284,Waliguan,36.28333,100.9,3816.5
2024-11-01 08:44:33,0.071656,Waliguan,36.28333,100.9,3816.5
2024-11-01 08:46:36,0.070179,Waliguan,36.28333,100.9,3816.5
2024-11-01 08:48:44,0.053168,Waliguan,36.28333,100.9,3816.5
2024-11-01 08:51:56,0.055216,Waliguan,36.28333,100.9,3816.5
2024-11-01 08:53:51,0.052312,Waliguan,36.28333,100.9,3816.5
2024-11-01 08:57:56,0.05319,Waliguan,36.28333,100.9,3816.5
2024-11-01 08:59:51,0.052505,Waliguan,36.28333,100.9,3816.5
2024-11-01 09:09:06,0.046574,Waliguan,36.28333,100.9,3816.5
2024-11-01 09:12:56,0.047432,Waliguan,36.28333,100.9,3816.5
2024-11-01 09:15:02,0.046335,Waliguan,36.28333,100.9,3816.5
2024-11-01 09:18:56,0.046906,Waliguan,36.28333,100.9,3816.5
2024-11-01 09:20:57,0.04843,Waliguan,36.28333,100.9,3816.5
2024-11-01 09:24:56,0.046472,Waliguan,36.28333,100.9,3816.5
2024-11-01 09:26:50,0.04596,Waliguan,36.28333,100.9,3816.5
2024-11-01 09:29:56,0.046856,Waliguan,36.28333,100.9,3816.5
2024-11-01 09:33:25,0.045937,Waliguan,36.28333,100.9,3816.5
2024-11-02 00:29:31,0.039578,Waliguan,36.28333,100.9,3816.5
2024-11-02 00:33:01,0.039643,Waliguan,36.28333,100.9,3816.5
2024-11-02 00:36:56,0.040445,Waliguan,36.28333,100.9,3816.5
2024-11-02 00:38:51,0.040484,Waliguan,36.28333,100.9,3816.5
2024-11-02 00:42:02,0.041171,Waliguan,36.28333,100.9,3816.5
2024-11-02 00:45:55,0.041327,Waliguan,36.28333,100.9,3816.5
2024-11-02 00:47:59,0.041462,Waliguan,36.28333,100.9,3816.5
2024-11-02 00:51:54,0.041833,Waliguan,36.28333,100.9,3816.5
2024-11-02 00:54:55,0.042564,Waliguan,36.28333,100.9,3816.5
2024-11-02 00:56:50,0.043629,Waliguan,36.28333,100.9,3816.5
2024-11-02 01:00:55,0.043558,Waliguan,36.28333,100.9,3816.5
2024-11-02 01:03:56,0.043726,Waliguan,36.28333,100.9,3816.5
2024-11-02 01:05:50,0.043952,Waliguan,36.28333,100.9,3816.5
2024-11-02 01:15:17,0.045676,Waliguan,36.28333,100.9,3816.5
2024-11-02 01:17:21,0.046229,Waliguan,36.28333,100.9,3816.5
2024-11-02 01:20:14,0.046893,Waliguan,36.28333,100.9,3816.5
2024-11-02 01:24:56,0.04745,Waliguan,36.28333,100.9,3816.5
2024-11-02 01:26:54,0.047918,Waliguan,36.28333,100.9,3816.5
2024-11-02 01:30:56,0.04809,Waliguan,36.28333,100.9,3816.5
2024-11-02 01:33:57,0.048338,Waliguan,36.28333,100.9,3816.5
2024-11-02 01:35:50,0.048502,Waliguan,36.28333,100.9,3816.5
2024-11-02 01:43:54,0.049847,Waliguan,36.28333,100.9,3816.5
2024-11-02 01:50:21,0.051547,Waliguan,36.28333,100.9,3816.5
2024-11-02 01:54:35,0.052766,Waliguan,36.28333,100.9,3816.5
2024-11-02 01:57:56,0.053488,Waliguan,36.28333,100.9,3816.5
2024-11-02 02:00:54,0.054024,Waliguan,36.28333,100.9,3816.5
2024-11-02 02:08:59,0.054845,Waliguan,36.28333,100.9,3816.5
2024-11-02 02:15:54,0.054986,Waliguan,36.28333,100.9,3816.5
2024-11-02 02:18:56,0.055722,Waliguan,36.28333,100.9,3816.5
2024-11-02 02:21:56,0.0568,Waliguan,36.28333,100.9,3816.5
2024-11-02 02:24:56,0.057625,Waliguan,36.28333,100.9,3816.5
2024-11-02 02:27:55,0.058045,Waliguan,36.28333,100.9,3816.5
2024-11-02 02:30:53,0.058538,Waliguan,36.28333,100.9,3816.5
2024-11-02 02:33:56,0.058984,Waliguan,36.28333,100.9,3816.5
2024-11-02 02:36:56,0.062865,Waliguan,36.28333,100.9,3816.5
2024-11-02 02:51:56,0.063992,Waliguan,36.28333,100.9,3816.5
2024-11-02 02:54:56,0.064477,Waliguan,36.28333,100.9,3816.5
2024-11-02 03:08:59,0.065713,Waliguan,36.28333,100.9,3816.5
2024-11-02 03:15:53,0.066477,Waliguan,36.28333,100.9,3816.5
2024-11-02 03:18:56,0.066901,Waliguan,36.28333,100.9,3816.5
2024-11-02 03:21:56,0.066651,Waliguan,36.28333,100.9,3816.5
2024-11-02 03:27:56,0.066133,Waliguan,36.28333,100.9,3816.5
2024-11-02 03:30:53,0.066368,Waliguan,36.28333,100.9,3816.5
2024-11-02 03:33:57,0.065782,Waliguan,36.28333,100.9,3816.5
2024-11-02 03:36:57,0.06624,Waliguan,36.28333,100.9,3816.5
2024-11-02 03:39:59,0.064648,Waliguan,36.28333,100.9,3816.5
2024-11-02 03:42:56,0.065316,Waliguan,36.28333,100.9,3816.5
2024-11-02 03:45:53,0.065499,Waliguan,36.28333,100.9,3816.5
2024-11-02 03:48:57,0.065967,Waliguan,36.28333,100.9,3816.5
2024-11-02 03:51:56,0.066056,Waliguan,36.28333,100.9,3816.5
2024-11-02 03:54:56,0.065578,Waliguan,36.28333,100.9,3816.5
2024-11-02 03:57:56,0.066184,Waliguan,36.28333,100.9,3816.5
2024-11-02 04:00:55,0.065326,Waliguan,36.28333,100.9,3816.5
2024-11-02 04:08:59,0.065163,Waliguan,36.28333,100.9,3816.5
2024-11-02 04:15:54,0.065057,Waliguan,36.28333,100.9,3816.5
2024-11-02 04:18:57,0.064221,Waliguan,36.28333,100.9,3816.5
2024-11-02 04:21:56,0.064561,Waliguan,36.28333,100.9,3816.5
2024-11-02 04:24:56,0.064167,Waliguan,36.28333,100.9,3816.5
2024-11-02 04:27:56,0.063724,Waliguan,36.28333,100.9,3816.5
2024-11-02 04:30:53,0.065083,Waliguan,36.28333,100.9,3816.5
2024-11-02 04:33:56,0.063974,Waliguan,36.28333,100.9,3816.5
2024-11-02 04:37:00,0.064646,Waliguan,36.28333,100.9,3816.5
2024-11-02 04:39:57,0.065125,Waliguan,36.28333,100.9,3816.5
2024-11-02 04:42:59,0.064196,Waliguan,36.28333,100.9,3816.5
2024-11-02 04:45:54,0.064697,Waliguan,36.28333,100.9,3816.5
2024-11-02 04:48:56,0.064838,Waliguan,36.28333,100.9,3816.5
2024-11-02 04:51:56,0.065009,Waliguan,36.28333,100.9,3816.5
2024-11-02 04:54:57,0.064811,Waliguan,36.28333,100.9,3816.5
2024-11-02 04:57:57,0.064079,Waliguan,36.28333,100.9,3816.5
2024-11-02 05:00:55,0.064805,Waliguan,36.28333,100.9,3816.5
2024-11-02 05:08:54,0.063866,Waliguan,36.28333,100.9,3816.5
2024-11-02 05:15:53,0.062687,Waliguan,36.28333,100.9,3816.5
2024-11-02 05:18:57,0.06219,Waliguan,36.28333,100.9,3816.5
2024-11-02 05:21:57,0.062143,Waliguan,36.28333,100.9,3816.5
2024-11-02 05:24:57,0.062354,Waliguan,36.28333,100.9,3816.5
2024-11-02 05:27:57,0.062069,Waliguan,36.28333,100.9,3816.5
2024-11-02 05:30:54,0.062573,Waliguan,36.28333,100.9,3816.5
2024-11-02 05:33:57,0.062239,Waliguan,36.28333,100.9,3816.5
2024-11-02 05:36:57,0.062315,Waliguan,36.28333,100.9,3816.5
2024-11-02 05:39:57,0.061674,Waliguan,36.28333,100.9,3816.5
2024-11-02 05:42:57,0.060221,Waliguan,36.28333,100.9,3816.5
2024-11-02 05:45:56,0.059682,Waliguan,36.28333,100.9,3816.5
2024-11-02 05:48:57,0.059012,Waliguan,36.28333,100.9,3816.5
2024-11-02 05:51:57,0.058999,Waliguan,36.28333,100.9,3816.5
2024-11-02 05:54:57,0.059249,Waliguan,36.28333,100.9,3816.5
2024-11-02 05:57:57,0.058675,Waliguan,36.28333,100.9,3816.5
2024-11-02 06:00:55,0.058099,Waliguan,36.28333,100.9,3816.5
2024-11-02 06:08:59,0.056183,Waliguan,36.28333,100.9,3816.5
2024-11-02 06:15:54,0.056044,Waliguan,36.28333,100.9,3816.5
2024-11-02 06:18:57,0.055242,Waliguan,36.28333,100.9,3816.5
2024-11-02 06:21:58,0.055445,Waliguan,36.28333,100.9,3816.5
2024-11-02 06:24:57,0.055658,Waliguan,36.28333,100.9,3816.5
2024-11-02 06:27:57,0.055967,Waliguan,36.28333,100.9,3816.5
2024-11-02 06:30:54,0.056777,Waliguan,36.28333,100.9,3816.5
2024-11-02 06:33:57,0.056713,Waliguan,36.28333,100.9,3816.5
2024-11-02 06:36:57,0.056358,Waliguan,36.28333,100.9,3816.5
2024-11-02 06:39:57,0.056679,Waliguan,36.28333,100.9,3816.5
2024-11-02 06:42:57,0.055616,Waliguan,36.28333,100.9,3816.5
2024-11-02 06:45:54,0.055913,Waliguan,36.28333,100.9,3816.5
2024-11-02 06:48:57,0.056154,Waliguan,36.28333,100.9,3816.5
2024-11-02 06:51:57,0.056281,Waliguan,36.28333,100.9,3816.5
2024-11-02 06:54:58,0.056231,Waliguan,36.28333,100.9,3816.5
2024-11-02 06:57:57,0.055122,Waliguan,36.28333,100.9,3816.5
2024-11-02 07:00:55,0.056378,Waliguan,36.28333,100.9,3816.5
2024-11-02 07:08:54,0.056078,Waliguan,36.28333,100.9,3816.5
2024-11-02 07:15:52,0.055026,Waliguan,36.28333,100.9,3816.5
2024-11-02 07:18:56,0.056114,Waliguan,36.28333,100.9,3816.5
2024-11-02 07:21:57,0.054903,Waliguan,36.28333,100.9,3816.5
2024-11-02 07:24:57,0.05417,Waliguan,36.28333,100.9,3816.5
2024-11-02 07:27:57,0.053356,Waliguan,36.28333,100.9,3816.5
2024-11-02 07:30:53,0.053855,Waliguan,36.28333,100.9,3816.5
2024-11-02 07:33:57,0.053396,Waliguan,36.28333,100.9,3816.5
2024-11-02 07:36:56,0.052234,Waliguan,36.28333,100.9,3816.5
2024-11-02 07:39:56,0.052866,Waliguan,36.28333,100.9,3816.5
2024-11-02 07:42:56,0.052936,Waliguan,36.28333,100.9,3816.5
2024-11-02 07:45:53,0.053756,Waliguan,36.28333,100.9,3816.5
2024-11-02 07:48:56,0.052097,Waliguan,36.28333,100.9,3816.5
2024-11-02 07:51:56,0.05102,Waliguan,36.28333,100.9,3816.5
2024-11-02 07:54:57,0.052046,Waliguan,36.28333,100.9,3816.5
2024-11-02 07:57:57,0.05209,Waliguan,36.28333,100.9,3816.5
2024-11-02 08:00:54,0.051953,Waliguan,36.28333,100.9,3816.5
2024-11-02 08:09:00,0.050626,Waliguan,36.28333,100.9,3816.5
2024-11-02 08:15:34,0.04918,Waliguan,36.28333,100.9,3816.5
2024-11-02 08:18:08,0.049685,Waliguan,36.28333,100.9,3816.5
2024-11-02 08:21:56,0.049179,Waliguan,36.28333,100.9,3816.5
2024-11-02 08:24:56,0.049228,Waliguan,36.28333,100.9,3816.5
2024-11-02 08:27:13,0.048322,Waliguan,36.28333,100.9,3816.5
2024-11-02 08:35:19,0.047389,Waliguan,36.28333,100.9,3816.5
2024-11-02 08:41:48,0.047162,Waliguan,36.28333,100.9,3816.5
2024-11-02 08:43:52,0.04732,Waliguan,36.28333,100.9,3816.5
2024-11-02 08:45:56,0.049788,Waliguan,36.28333,100.9,3816.5
2024-11-02 08:47:51,0.065529,Waliguan,36.28333,100.9,3816.5
2024-11-02 08:51:56,0.045978,Waliguan,36.28333,100.9,3816.5
2024-11-02 08:53:51,0.045914,Waliguan,36.28333,100.9,3816.5
2024-11-02 08:57:02,0.047726,Waliguan,36.28333,100.9,3816.5
2024-11-02 09:06:26,0.048032,Waliguan,36.28333,100.9,3816.5
2024-11-02 09:09:56,0.047173,Waliguan,36.28333,100.9,3816.5
2024-11-02 09:12:56,0.049733,Waliguan,36.28333,100.9,3816.5
2024-11-02 09:14:51,0.049075,Waliguan,36.28333,100.9,3816.5
2024-11-02 09:18:55,0.048525,Waliguan,36.28333,100.9,3816.5
2024-11-02 09:20:50,0.04712,Waliguan,36.28333,100.9,3816.5
2024-11-02 09:24:40,0.045983,Waliguan,36.28333,100.9,3816.5
2024-11-02 09:27:56,0.047484,Waliguan,36.28333,100.9,3816.5
2024-11-02 09:29:50,0.048506,Waliguan,36.28333,100.9,3816.5
2024-11-03 00:33:59,0.088631,Waliguan,36.28333,100.9,3816.5
2024-11-03 00:38:17,0.103208,Waliguan,36.28333,100.9,3816.5
2024-11-03 00:42:57,0.074882,Waliguan,36.28333,100.9,3816.5
2024-11-03 00:49:02,0.113243,Waliguan,36.28333,100.9,3816.5
2024-11-03 00:50:51,0.107815,Waliguan,36.28333,100.9,3816.5
2024-11-03 00:54:55,0.102938,Waliguan,36.28333,100.9,3816.5
2024-11-03 00:56:54,0.104821,Waliguan,36.28333,100.9,3816.5
2024-11-03 01:00:56,0.137714,Waliguan,36.28333,100.9,3816.5
2024-11-03 01:15:39,0.069709,Waliguan,36.28333,100.9,3816.5
2024-11-03 01:17:42,0.055673,Waliguan,36.28333,100.9,3816.5
2024-11-03 01:21:36,0.041327,Waliguan,36.28333,100.9,3816.5
2024-11-03 01:24:56,0.039054,Waliguan,36.28333,100.9,3816.5
2024-11-03 01:27:55,0.040318,Waliguan,36.28333,100.9,3816.5
2024-11-03 01:29:50,0.038437,Waliguan,36.28333,100.9,3816.5
2024-11-03 01:33:57,0.038296,Waliguan,36.28333,100.9,3816.5
2024-11-03 01:36:04,0.038583,Waliguan,36.28333,100.9,3816.5
2024-11-03 01:44:13,0.046963,Waliguan,36.28333,100.9,3816.5
2024-11-03 01:50:39,0.043171,Waliguan,36.28333,100.9,3816.5
2024-11-03 01:54:56,0.047853,Waliguan,36.28333,100.9,3816.5
2024-11-03 02:00:54,0.064894,Waliguan,36.28333,100.9,3816.5
2024-11-04 00:31:49,0.030392,Waliguan,36.28333,100.9,3816.5
2024-11-04 00:33:56,0.033127,Waliguan,36.28333,100.9,3816.5
2024-11-04 00:39:29,0.031082,Waliguan,36.28333,100.9,3816.5
2024-11-04 00:42:56,0.031649,Waliguan,36.28333,100.9,3816.5
2024-11-04 00:44:50,0.032107,Waliguan,36.28333,100.9,3816.5
2024-11-04 00:48:55,0.03384,Waliguan,36.28333,100.9,3816.5
2024-11-04 00:50:50,0.033521,Waliguan,36.28333,100.9,3816.5
2024-11-04 00:54:55,0.034015,Waliguan,36.28333,100.9,3816.5
2024-11-04 00:57:52,0.03385,Waliguan,36.28333,100.9,3816.5
2024-11-04 01:00:56,0.034106,Waliguan,36.28333,100.9,3816.5
2024-11-04 01:03:56,0.035098,Waliguan,36.28333,100.9,3816.5
2024-11-04 01:06:56,0.03532,Waliguan,36.28333,100.9,3816.5
2024-11-04 01:08:50,0.035187,Waliguan,36.28333,100.9,3816.5
2024-11-04 01:18:11,0.037297,Waliguan,36.28333,100.9,3816.5
2024-11-04 01:20:17,0.037083,Waliguan,36.28333,100.9,3816.5
2024-11-04 01:22:59,0.037158,Waliguan,36.28333,100.9,3816.5
2024-11-04 01:27:56,0.037026,Waliguan,36.28333,100.9,3816.5
2024-11-04 01:29:50,0.036998,Waliguan,36.28333,100.9,3816.5
2024-11-04 01:33:55,0.037571,Waliguan,36.28333,100.9,3816.5
2024-11-04 01:36:56,0.037743,Waliguan,36.28333,100.9,3816.5
2024-11-04 01:38:50,0.037683,Waliguan,36.28333,100.9,3816.5
2024-11-04 01:46:55,0.038371,Waliguan,36.28333,100.9,3816.5
2024-11-04 01:53:24,0.038932,Waliguan,36.28333,100.9,3816.5
2024-11-04 01:57:47,0.039589,Waliguan,36.28333,100.9,3816.5
2024-11-04 02:00:56,0.040001,Waliguan,36.28333,100.9,3816.5
2024-11-04 02:09:04,0.040707,Waliguan,36.28333,100.9,3816.5
2024-11-04 02:15:55,0.041607,Waliguan,36.28333,100.9,3816.5
2024-11-04 02:18:56,0.042295,Waliguan,36.28333,100.9,3816.5
2024-11-04 02:21:56,0.042795,Waliguan,36.28333,100.9,3816.5
2024-11-04 02:24:56,0.043017,Waliguan,36.28333,100.9,3816.5
2024-11-04 02:27:56,0.043195,Waliguan,36.28333,100.9,3816.5
2024-11-04 02:30:55,0.043564,Waliguan,36.28333,100.9,3816.5
2024-11-04 02:33:56,0.043901,Waliguan,36.28333,100.9,3816.5
2024-11-04 02:51:56,0.045996,Waliguan,36.28333,100.9,3816.5
2024-11-04 02:54:56,0.046201,Waliguan,36.28333,100.9,3816.5
2024-11-04 03:09:04,0.047742,Waliguan,36.28333,100.9,3816.5
2024-11-04 03:15:53,0.048773,Waliguan,36.28333,100.9,3816.5
2024-11-04 03:18:56,0.048872,Waliguan,36.28333,100.9,3816.5
2024-11-04 03:21:56,0.049215,Waliguan,36.28333,100.9,3816.5
2024-11-04 03:27:56,0.049888,Waliguan,36.28333,100.9,3816.5
2024-11-04 03:30:55,0.050372,Waliguan,36.28333,100.9,3816.5
2024-11-04 03:33:56,0.050624,Waliguan,36.28333,100.9,3816.5
2024-11-04 03:36:56,0.050869,Waliguan,36.28333,100.9,3816.5
2024-11-04 03:39:56,0.051615,Waliguan,36.28333,100.9,3816.5
2024-11-04 03:42:57,0.050938,Waliguan,36.28333,100.9,3816.5
2024-11-04 03:45:55,0.051245,Waliguan,36.28333,100.9,3816.5
2024-11-04 03:48:57,0.051033,Waliguan,36.28333,100.9,3816.5
2024-11-04 03:51:57,0.05148,Waliguan,36.28333,100.9,3816.5
2024-11-04 03:54:56,0.052245,Waliguan,36.28333,100.9,3816.5
2024-11-04 03:57:56,0.052092,Waliguan,36.28333,100.9,3816.5
2024-11-04 04:00:56,0.052535,Waliguan,36.28333,100.9,3816.5
2024-11-04 04:08:59,0.053235,Waliguan,36.28333,100.9,3816.5
2024-11-04 04:15:55,0.053016,Waliguan,36.28333,100.9,3816.5
2024-11-04 04:18:56,0.053732,Waliguan,36.28333,100.9,3816.5
2024-11-04 04:21:56,0.053976,Waliguan,36.28333,100.9,3816.5
2024-11-04 04:24:56,0.053565,Waliguan,36.28333,100.9,3816.5
2024-11-04 04:27:56,0.053533,Waliguan,36.28333,100.9,3816.5
2024-11-04 04:30:56,0.053708,Waliguan,36.28333,100.9,3816.5
2024-11-04 04:33:57,0.053677,Waliguan,36.28333,100.9,3816.5
2024-11-04 04:36:56,0.05438,Waliguan,36.28333,100.9,3816.5
2024-11-04 04:39:56,0.054702,Waliguan,36.28333,100.9,3816.5
2024-11-04 04:42:57,0.054593,Waliguan,36.28333,100.9,3816.5
2024-11-04 04:45:56,0.055384,Waliguan,36.28333,100.9,3816.5
2024-11-04 04:48:57,0.056621,Waliguan,36.28333,100.9,3816.5
2024-11-04 04:51:57,0.056407,Waliguan,36.28333,100.9,3816.5
2024-11-04 04:54:56,0.056851,Waliguan,36.28333,100.9,3816.5
2024-11-04 04:57:57,0.05765,Waliguan,36.28333,100.9,3816.5
2024-11-04 05:00:57,0.05821,Waliguan,36.28333,100.9,3816.5
2024-11-04 05:09:04,0.059694,Waliguan,36.28333,100.9,3816.5
2024-11-04 05:15:56,0.05978,Waliguan,36.28333,100.9,3816.5
2024-11-04 05:18:57,0.059244,Waliguan,36.28333,100.9,3816.5
2024-11-04 05:21:57,0.05904,Waliguan,36.28333,100.9,3816.5
2024-11-04 05:24:57,0.059755,Waliguan,36.28333,100.9,3816.5
2024-11-04 05:27:58,0.060882,Waliguan,36.28333,100.9,3816.5
2024-11-04 05:30:56,0.060233,Waliguan,36.28333,100.9,3816.5
2024-11-04 05:33:57,0.061148,Waliguan,36.28333,100.9,3816.5
2024-11-04 05:36:57,0.060821,Waliguan,36.28333,100.9,3816.5
2024-11-04 05:39:57,0.060162,Waliguan,36.28333,100.9,3816.5
2024-11-04 05:42:57,0.06095,Waliguan,36.28333,100.9,3816.5
2024-11-04 05:45:56,0.061365,Waliguan,36.28333,100.9,3816.5
2024-11-04 05:48:57,0.060053,Waliguan,36.28333,100.9,3816.5
2024-11-04 05:51:57,0.061685,Waliguan,36.28333,100.9,3816.5
2024-11-04 05:54:57,0.061588,Waliguan,36.28333,100.9,3816.5
2024-11-04 05:57:58,0.062682,Waliguan,36.28333,100.9,3816.5
2024-11-04 06:00:58,0.063957,Waliguan,36.28333,100.9,3816.5
2024-11-04 06:08:59,0.06849,Waliguan,36.28333,100.9,3816.5
2024-11-04 06:18:57,0.079013,Waliguan,36.28333,100.9,3816.5
2024-11-04 06:21:57,0.06616,Waliguan,36.28333,100.9,3816.5
2024-11-04 06:24:57,0.065581,Waliguan,36.28333,100.9,3816.5
2024-11-04 06:27:57,0.065844,Waliguan,36.28333,100.9,3816.5
2024-11-04 06:30:56,0.067718,Waliguan,36.28333,100.9,3816.5
2024-11-04 06:33:57,0.06547,Waliguan,36.28333,100.9,3816.5
2024-11-04 06:36:57,0.066565,Waliguan,36.28333,100.9,3816.5
2024-11-04 06:39:57,0.069134,Waliguan,36.28333,100.9,3816.5
2024-11-04 06:42:57,0.064731,Waliguan,36.28333,100.9,3816.5
2024-11-04 06:45:56,0.063097,Waliguan,36.28333,100.9,3816.5
2024-11-04 06:48:57,0.061765,Waliguan,36.28333,100.9,3816.5
2024-11-04 06:51:57,0.061789,Waliguan,36.28333,100.9,3816.5
2024-11-04 06:54:57,0.06106,Waliguan,36.28333,100.9,3816.5
2024-11-04 06:57:57,0.060436,Waliguan,36.28333,100.9,3816.5
2024-11-04 07:00:57,0.062218,Waliguan,36.28333,100.9,3816.5
2024-11-04 07:08:59,0.062221,Waliguan,36.28333,100.9,3816.5
2024-11-04 07:21:57,0.058647,Waliguan,36.28333,100.9,3816.5
2024-11-04 07:24:56,0.059757,Waliguan,36.28333,100.9,3816.5
2024-11-04 07:27:57,0.059507,Waliguan,36.28333,100.9,3816.5
2024-11-04 07:30:55,0.058188,Waliguan,36.28333,100.9,3816.5
2024-11-04 07:33:56,0.057634,Waliguan,36.28333,100.9,3816.5
2024-11-04 07:36:57,0.058155,Waliguan,36.28333,100.9,3816.5
2024-11-04 07:39:56,0.057826,Waliguan,36.28333,100.9,3816.5
2024-11-04 07:42:57,0.058228,Waliguan,36.28333,100.9,3816.5
2024-11-04 07:45:56,0.058056,Waliguan,36.28333,100.9,3816.5
2024-11-04 07:48:56,0.056984,Waliguan,36.28333,100.9,3816.5
2024-11-04 07:51:56,0.056196,Waliguan,36.28333,100.9,3816.5
2024-11-04 07:54:57,0.058056,Waliguan,36.28333,100.9,3816.5
2024-11-04 07:57:56,0.058371,Waliguan,36.28333,100.9,3816.5
2024-11-04 08:00:56,0.057957,Waliguan,36.28333,100.9,3816.5
2024-11-04 08:08:57,0.056018,Waliguan,36.28333,100.9,3816.5
2024-11-04 08:15:39,0.054967,Waliguan,36.28333,100.9,3816.5
2024-11-04 08:17:40,0.054948,Waliguan,36.28333,100.9,3816.5
2024-11-04 08:21:56,0.054852,Waliguan,36.28333,100.9,3816.5
2024-11-04 08:24:21,0.054177,Waliguan,36.28333,100.9,3816.5
2024-11-04 08:32:25,0.052616,Waliguan,36.28333,100.9,3816.5
2024-11-04 08:38:52,0.051645,Waliguan,36.28333,100.9,3816.5
2024-11-04 08:40:56,0.051611,Waliguan,36.28333,100.9,3816.5
2024-11-04 08:44:44,0.050406,Waliguan,36.28333,100.9,3816.5
2024-11-04 08:48:56,0.051009,Waliguan,36.28333,100.9,3816.5
2024-11-04 08:50:50,0.050515,Waliguan,36.28333,100.9,3816.5
2024-11-04 08:54:31,0.066453,Waliguan,36.28333,100.9,3816.5
2024-11-04 09:03:56,0.044286,Waliguan,36.28333,100.9,3816.5
2024-11-04 09:05:51,0.044247,Waliguan,36.28333,100.9,3816.5
2024-11-04 09:09:56,0.042722,Waliguan,36.28333,100.9,3816.5
2024-11-04 09:11:50,0.042513,Waliguan,36.28333,100.9,3816.5
2024-11-04 09:15:56,0.041513,Waliguan,36.28333,100.9,3816.5
2024-11-04 09:17:53,0.040505,Waliguan,36.28333,100.9,3816.5
2024-11-04 09:21:55,0.039891,Waliguan,36.28333,100.9,3816.5
2024-11-04 09:23:50,0.039405,Waliguan,36.28333,100.9,3816.5
2024-11-04 09:26:32,0.039851,Waliguan,36.28333,100.9,3816.5
2024-11-04 09:30:03,0.038845,Waliguan,36.28333,100.9,3816.5
2024-11-05 00:36:31,0.024421,Waliguan,36.28333,100.9,3816.5
2024-11-05 00:39:56,0.025136,Waliguan,36.28333,100.9,3816.5
2024-11-05 00:41:51,0.025533,Waliguan,36.28333,100.9,3816.5
2024-11-05 00:45:37,0.026319,Waliguan,36.28333,100.9,3816.5
2024-11-05 00:48:55,0.026785,Waliguan,36.28333,100.9,3816.5
2024-11-05 00:51:39,0.027199,Waliguan,36.28333,100.9,3816.5
2024-11-05 00:54:56,0.027751,Waliguan,36.28333,100.9,3816.5
2024-11-05 00:57:55,0.028213,Waliguan,36.28333,100.9,3816.5
2024-11-05 00:59:51,0.028483,Waliguan,36.28333,100.9,3816.5
2024-11-05 01:03:56,0.029294,Waliguan,36.28333,100.9,3816.5
2024-11-05 01:06:55,0.029682,Waliguan,36.28333,100.9,3816.5
2024-11-05 01:08:50,0.030006,Waliguan,36.28333,100.9,3816.5
2024-11-05 01:18:08,0.031465,Waliguan,36.28333,100.9,3816.5
2024-11-05 01:20:13,0.031969,Waliguan,36.28333,100.9,3816.5
2024-11-05 01:24:22,0.03234,Waliguan,36.28333,100.9,3816.5
2024-11-05 01:27:55,0.032882,Waliguan,36.28333,100.9,3816.5
2024-11-05 01:30:55,0.033131,Waliguan,36.28333,100.9,3816.5
2024-11-05 01:32:50,0.033405,Waliguan,36.28333,100.9,3816.5
2024-11-05 01:36:55,0.033774,Waliguan,36.28333,100.9,3816.5
2024-11-05 01:39:00,0.034196,Waliguan,36.28333,100.9,3816.5
2024-11-05 01:47:05,0.035247,Waliguan,36.28333,100.9,3816.5
2024-11-05 01:53:30,0.036091,Waliguan,36.28333,100.9,3816.5
2024-11-05 01:57:56,0.036731,Waliguan,36.28333,100.9,3816.5
2024-11-05 01:59:50,0.03724,Waliguan,36.28333,100.9,3816.5
2024-11-05 02:01:56,0.037541,Waliguan,36.28333,100.9,3816.5
2024-11-05 02:10:07,0.038455,Waliguan,36.28333,100.9,3816.5
2024-11-05 02:16:32,0.039071,Waliguan,36.28333,100.9,3816.5
2024-11-05 02:18:57,0.039355,Waliguan,36.28333,100.9,3816.5
2024-11-05 02:21:56,0.039698,Waliguan,36.28333,100.9,3816.5
2024-11-05 02:24:56,0.04023,Waliguan,36.28333,100.9,3816.5
2024-11-05 02:27:56,0.040403,Waliguan,36.28333,100.9,3816.5
2024-11-05 02:30:56,0.040719,Waliguan,36.28333,100.9,3816.5
2024-11-05 02:32:50,0.041001,Waliguan,36.28333,100.9,3816.5
2024-11-05 02:51:56,0.043394,Waliguan,36.28333,100.9,3816.5
2024-11-05 02:54:56,0.047264,Waliguan,36.28333,100.9,3816.5
2024-11-05 02:57:56,0.04742,Waliguan,36.28333,100.9,3816.5
2024-11-05 03:00:56,0.049511,Waliguan,36.28333,100.9,3816.5
2024-11-05 03:02:51,0.045169,Waliguan,36.28333,100.9,3816.5
2024-11-05 03:10:53,0.044766,Waliguan,36.28333,100.9,3816.5
2024-11-05 03:17:30,0.045273,Waliguan,36.28333,100.9,3816.5
2024-11-05 03:21:56,0.046008,Waliguan,36.28333,100.9,3816.5
2024-11-05 03:30:56,0.047767,Waliguan,36.28333,100.9,3816.5
2024-11-05 03:32:50,0.047927,Waliguan,36.28333,100.9,3816.5
2024-11-05 03:36:56,0.047707,Waliguan,36.28333,100.9,3816.5
2024-11-05 03:39:57,0.047567,Waliguan,36.28333,100.9,3816.5
2024-11-05 03:42:56,0.047969,Waliguan,36.28333,100.9,3816.5
2024-11-05 03:45:57,0.047868,Waliguan,36.28333,100.9,3816.5
2024-11-05 03:47:49,0.0477,Waliguan,36.28333,100.9,3816.5
2024-11-05 03:51:56,0.048413,Waliguan,36.28333,100.9,3816.5
2024-11-05 03:54:57,0.047931,Waliguan,36.28333,100.9,3816.5
2024-11-05 03:57:56,0.049084,Waliguan,36.28333,100.9,3816.5
2024-11-05 04:00:56,0.048431,Waliguan,36.28333,100.9,3816.5
2024-11-05 04:02:50,0.050111,Waliguan,36.28333,100.9,3816.5
2024-11-05 04:10:54,0.050045,Waliguan,36.28333,100.9,3816.5
2024-11-05 04:17:30,0.049231,Waliguan,36.28333,100.9,3816.5
2024-11-05 04:21:56,0.049268,Waliguan,36.28333,100.9,3816.5
2024-11-05 04:24:57,0.048392,Waliguan,36.28333,100.9,3816.5
2024-11-05 04:27:57,0.050209,Waliguan,36.28333,100.9,3816.5
2024-11-05 04:30:56,0.049068,Waliguan,36.28333,100.9,3816.5
2024-11-05 04:32:48,0.049318,Waliguan,36.28333,100.9,3816.5
2024-11-05 04:36:56,0.04958,Waliguan,36.28333,100.9,3816.5
2024-11-05 04:39:56,0.049083,Waliguan,36.28333,100.9,3816.5
2024-11-05 04:42:56,0.048918,Waliguan,36.28333,100.9,3816.5
2024-11-05 04:45:57,0.048831,Waliguan,36.28333,100.9,3816.5
2024-11-05 04:47:48,0.048831,Waliguan,36.28333,100.9,3816.5
2024-11-05 04:51:57,0.048751,Waliguan,36.28333,100.9,3816.5
2024-11-05 04:54:57,0.049149,Waliguan,36.28333,100.9,3816.5
2024-11-05 04:57:57,0.048673,Waliguan,36.28333,100.9,3816.5
2024-11-05 05:00:56,0.048588,Waliguan,36.28333,100.9,3816.5
2024-11-05 05:02:50,0.048582,Waliguan,36.28333,100.9,3816.5
2024-11-05 05:10:47,0.049445,Waliguan,36.28333,100.9,3816.5
2024-11-05 05:17:14,0.049676,Waliguan,36.28333,100.9,3816.5
2024-11-05 05:21:57,0.049201,Waliguan,36.28333,100.9,3816.5
2024-11-05 05:24:57,0.050422,Waliguan,36.28333,100.9,3816.5
2024-11-05 05:27:57,0.049846,Waliguan,36.28333,100.9,3816.5
2024-11-05 05:30:57,0.048765,Waliguan,36.28333,100.9,3816.5
2024-11-05 05:32:49,0.048502,Waliguan,36.28333,100.9,3816.5
2024-11-05 05:36:57,0.049442,Waliguan,36.28333,100.9,3816.5
2024-11-05 05:39:57,0.047355,Waliguan,36.28333,100.9,3816.5
2024-11-05 05:42:57,0.047103,Waliguan,36.28333,100.9,3816.5
2024-11-05 05:45:59,0.046778,Waliguan,36.28333,100.9,3816.5
2024-11-05 05:47:50,0.047147,Waliguan,36.28333,100.9,3816.5
2024-11-05 05:51:57,0.047951,Waliguan,36.28333,100.9,3816.5
2024-11-05 05:54:57,0.048295,Waliguan,36.28333,100.9,3816.5
2024-11-05 05:57:57,0.047115,Waliguan,36.28333,100.9,3816.5
2024-11-05 06:00:57,0.048189,Waliguan,36.28333,100.9,3816.5
2024-11-05 06:02:51,0.046831,Waliguan,36.28333,100.9,3816.5
2024-11-05 06:10:53,0.04658,Waliguan,36.28333,100.9,3816.5
2024-11-05 06:17:23,0.046624,Waliguan,36.28333,100.9,3816.5
2024-11-05 06:21:57,0.047501,Waliguan,36.28333,100.9,3816.5
2024-11-05 06:24:57,0.047984,Waliguan,36.28333,100.9,3816.5
2024-11-05 06:27:57,0.048133,Waliguan,36.28333,100.9,3816.5
2024-11-05 06:30:57,0.048024,Waliguan,36.28333,100.9,3816.5
2024-11-05 06:32:51,0.048234,Waliguan,36.28333,100.9,3816.5
2024-11-05 06:36:57,0.048834,Waliguan,36.28333,100.9,3816.5
2024-11-05 06:39:57,0.047921,Waliguan,36.28333,100.9,3816.5
2024-11-05 06:42:57,0.047926,Waliguan,36.28333,100.9,3816.5
2024-11-05 06:45:57,0.047584,Waliguan,36.28333,100.9,3816.5
2024-11-05 06:47:50,0.04708,Waliguan,36.28333,100.9,3816.5
2024-11-05 06:51:57,0.046768,Waliguan,36.28333,100.9,3816.5
2024-11-05 06:54:57,0.04659,Waliguan,36.28333,100.9,3816.5
2024-11-05 06:57:57,0.046836,Waliguan,36.28333,100.9,3816.5
2024-11-05 07:00:57,0.046632,Waliguan,36.28333,100.9,3816.5
2024-11-05 07:02:51,0.046328,Waliguan,36.28333,100.9,3816.5
2024-11-05 07:10:50,0.045874,Waliguan,36.28333,100.9,3816.5
2024-11-05 07:24:56,0.045508,Waliguan,36.28333,100.9,3816.5
2024-11-05 07:27:57,0.046046,Waliguan,36.28333,100.9,3816.5
2024-11-05 07:30:56,0.045698,Waliguan,36.28333,100.9,3816.5
2024-11-05 07:32:49,0.045596,Waliguan,36.28333,100.9,3816.5
2024-11-05 07:36:56,0.044099,Waliguan,36.28333,100.9,3816.5
2024-11-05 07:39:56,0.044801,Waliguan,36.28333,100.9,3816.5
2024-11-05 07:42:56,0.044334,Waliguan,36.28333,100.9,3816.5
2024-11-05 07:45:56,0.043583,Waliguan,36.28333,100.9,3816.5
2024-11-05 07:47:48,0.043228,Waliguan,36.28333,100.9,3816.5
2024-11-05 07:51:56,0.042949,Waliguan,36.28333,100.9,3816.5
2024-11-05 07:54:56,0.041941,Waliguan,36.28333,100.9,3816.5
2024-11-05 07:57:56,0.041549,Waliguan,36.28333,100.9,3816.5
2024-11-05 08:00:56,0.040859,Waliguan,36.28333,100.9,3816.5
2024-11-05 08:02:50,0.040368,Waliguan,36.28333,100.9,3816.5
2024-11-05 08:10:55,0.038522,Waliguan,36.28333,100.9,3816.5
2024-11-05 08:17:27,0.037613,Waliguan,36.28333,100.9,3816.5
2024-11-05 08:19:27,0.037384,Waliguan,36.28333,100.9,3816.5
2024-11-05 08:21:56,0.036855,Waliguan,36.28333,100.9,3816.5
2024-11-05 08:23:50,0.037052,Waliguan,36.28333,100.9,3816.5
2024-11-05 08:31:51,0.035875,Waliguan,36.28333,100.9,3816.5
2024-11-05 08:38:16,0.035228,Waliguan,36.28333,100.9,3816.5
2024-11-05 08:40:19,0.035246,Waliguan,36.28333,100.9,3816.5
2024-11-05 08:42:56,0.035257,Waliguan,36.28333,100.9,3816.5
2024-11-05 08:44:49,0.035318,Waliguan,36.28333,100.9,3816.5
2024-11-05 08:48:39,0.034796,Waliguan,36.28333,100.9,3816.5
2024-11-05 08:51:56,0.035502,Waliguan,36.28333,100.9,3816.5
2024-11-05 08:53:52,0.036214,Waliguan,36.28333,100.9,3816.5
2024-11-05 09:03:06,0.034151,Waliguan,36.28333,100.9,3816.5
2024-11-05 09:06:57,0.03382,Waliguan,36.28333,100.9,3816.5
2024-11-05 09:09:55,0.033237,Waliguan,36.28333,100.9,3816.5
2024-11-05 09:11:53,0.032894,Waliguan,36.28333,100.9,3816.5
2024-11-05 09:15:56,0.032907,Waliguan,36.28333,100.9,3816.5
2024-11-05 09:17:52,0.032219,Waliguan,36.28333,100.9,3816.5
2024-11-05 09:21:17,0.031934,Waliguan,36.28333,100.9,3816.5
2024-11-05 09:24:56,0.031532,Waliguan,36.28333,100.9,3816.5
2024-11-05 09:26:50,0.031216,Waliguan,36.28333,100.9,3816.5
2024-11-06 00:34:07,0.030475,Waliguan,36.28333,100.9,3816.5
2024-11-06 00:36:59,0.031016,Waliguan,36.28333,100.9,3816.5
2024-11-06 00:38:51,0.0315,Waliguan,36.28333,100.9,3816.5
2024-11-06 00:47:51,0.033589,Waliguan,36.28333,100.9,3816.5
2024-11-06 00:51:56,0.034093,Waliguan,36.28333,100.9,3816.5
2024-11-06 00:53:50,0.037004,Waliguan,36.28333,100.9,3816.5
2024-11-06 00:57:55,0.034757,Waliguan,36.28333,100.9,3816.5
2024-11-06 01:00:23,0.046872,Waliguan,36.28333,100.9,3816.5
2024-11-06 01:09:56,0.056546,Waliguan,36.28333,100.9,3816.5
2024-11-06 01:11:50,0.038956,Waliguan,36.28333,100.9,3816.5
2024-11-06 01:23:38,0.041457,Waliguan,36.28333,100.9,3816.5
2024-11-06 01:27:57,0.04275,Waliguan,36.28333,100.9,3816.5
2024-11-06 01:32:50,0.047893,Waliguan,36.28333,100.9,3816.5
2024-11-06 01:36:56,0.046411,Waliguan,36.28333,100.9,3816.5
2024-11-06 01:39:56,0.041578,Waliguan,36.28333,100.9,3816.5
2024-11-06 01:41:50,0.044196,Waliguan,36.28333,100.9,3816.5
2024-11-06 01:49:57,0.043559,Waliguan,36.28333,100.9,3816.5
2024-11-06 01:56:25,0.043878,Waliguan,36.28333,100.9,3816.5
2024-11-06 02:00:56,0.043817,Waliguan,36.28333,100.9,3816.5
2024-11-06 02:16:16,0.044719,Waliguan,36.28333,100.9,3816.5
2024-11-06 02:18:56,0.04515,Waliguan,36.28333,100.9,3816.5
2024-11-06 02:21:56,0.0449,Waliguan,36.28333,100.9,3816.5
2024-11-06 02:24:56,0.045544,Waliguan,36.28333,100.9,3816.5
2024-11-06 02:27:55,0.046013,Waliguan,36.28333,100.9,3816.5
2024-11-06 02:30:56,0.046708,Waliguan,36.28333,100.9,3816.5
2024-11-06 02:32:50,0.046883,Waliguan,36.28333,100.9,3816.5
2024-11-06 02:51:56,0.04866,Waliguan,36.28333,100.9,3816.5
2024-11-06 02:57:56,0.054986,Waliguan,36.28333,100.9,3816.5
2024-11-06 03:00:56,0.049319,Waliguan,36.28333,100.9,3816.5
2024-11-06 03:02:50,0.049804,Waliguan,36.28333,100.9,3816.5
2024-11-06 03:10:59,0.050576,Waliguan,36.28333,100.9,3816.5
2024-11-06 03:17:24,0.051079,Waliguan,36.28333,100.9,3816.5
2024-11-06 03:21:56,0.051613,Waliguan,36.28333,100.9,3816.5
2024-11-06 03:24:56,0.051326,Waliguan,36.28333,100.9,3816.5
2024-11-06 03:30:56,0.052063,Waliguan,36.28333,100.9,3816.5
2024-11-06 03:32:49,0.05198,Waliguan,36.28333,100.9,3816.5
2024-11-06 03:36:58,0.051752,Waliguan,36.28333,100.9,3816.5
2024-11-06 03:39:57,0.051938,Waliguan,36.28333,100.9,3816.5
2024-11-06 03:42:56,0.052357,Waliguan,36.28333,100.9,3816.5
2024-11-06 03:45:56,0.052215,Waliguan,36.28333,100.9,3816.5
2024-11-06 03:47:51,0.052922,Waliguan,36.28333,100.9,3816.5
2024-11-06 03:51:57,0.052875,Waliguan,36.28333,100.9,3816.5
2024-11-06 03:54:56,0.053117,Waliguan,36.28333,100.9,3816.5
2024-11-06 03:57:57,0.053675,Waliguan,36.28333,100.9,3816.5
2024-11-06 04:00:57,0.053598,Waliguan,36.28333,100.9,3816.5
2024-11-06 04:02:51,0.05375,Waliguan,36.28333,100.9,3816.5
2024-11-06 04:10:51,0.053496,Waliguan,36.28333,100.9,3816.5
2024-11-06 04:17:24,0.054798,Waliguan,36.28333,100.9,3816.5
2024-11-06 04:21:56,0.054629,Waliguan,36.28333,100.9,3816.5
2024-11-06 04:24:56,0.055007,Waliguan,36.28333,100.9,3816.5
2024-11-06 04:27:56,0.055924,Waliguan,36.28333,100.9,3816.5
2024-11-06 04:30:56,0.056302,Waliguan,36.28333,100.9,3816.5
2024-11-06 04:32:48,0.055558,Waliguan,36.28333,100.9,3816.5
2024-11-06 04:36:57,0.057579,Waliguan,36.28333,100.9,3816.5
2024-11-06 04:39:56,0.056272,Waliguan,36.28333,100.9,3816.5
2024-11-06 04:42:56,0.056339,Waliguan,36.28333,100.9,3816.5
2024-11-06 04:45:56,0.056421,Waliguan,36.28333,100.9,3816.5
2024-11-06 04:47:50,0.056376,Waliguan,36.28333,100.9,3816.5
2024-11-06 04:51:57,0.05715,Waliguan,36.28333,100.9,3816.5
2024-11-06 04:54:57,0.057656,Waliguan,36.28333,100.9,3816.5
2024-11-06 04:57:57,0.058454,Waliguan,36.28333,100.9,3816.5
2024-11-06 05:00:57,0.057459,Waliguan,36.28333,100.9,3816.5
2024-11-06 05:02:50,0.057939,Waliguan,36.28333,100.9,3816.5
2024-11-06 05:10:47,0.056987,Waliguan,36.28333,100.9,3816.5
2024-11-06 05:17:30,0.056996,Waliguan,36.28333,100.9,3816.5
2024-11-06 05:21:57,0.056675,Waliguan,36.28333,100.9,3816.5
2024-11-06 05:24:57,0.056619,Waliguan,36.28333,100.9,3816.5
2024-11-06 05:27:57,0.056991,Waliguan,36.28333,100.9,3816.5
2024-11-06 05:30:57,0.058607,Waliguan,36.28333,100.9,3816.5
2024-11-06 05:32:49,0.060068,Waliguan,36.28333,100.9,3816.5
2024-11-06 05:36:57,0.059598,Waliguan,36.28333,100.9,3816.5
2024-11-06 05:39:57,0.058642,Waliguan,36.28333,100.9,3816.5
2024-11-06 05:42:57,0.060712,Waliguan,36.28333,100.9,3816.5
2024-11-06 05:45:57,0.05855,Waliguan,36.28333,100.9,3816.5
2024-11-06 05:47:50,0.056916,Waliguan,36.28333,100.9,3816.5
2024-11-06 05:51:57,0.058988,Waliguan,36.28333,100.9,3816.5
2024-11-06 05:54:57,0.057659,Waliguan,36.28333,100.9,3816.5
2024-11-06 06:02:52,0.058793,Waliguan,36.28333,100.9,3816.5
2024-11-06 06:10:56,0.056639,Waliguan,36.28333,100.9,3816.5
2024-11-06 06:17:26,0.058314,Waliguan,36.28333,100.9,3816.5
2024-11-06 06:21:56,0.057482,Waliguan,36.28333,100.9,3816.5
2024-11-06 06:24:57,0.057383,Waliguan,36.28333,100.9,3816.5
2024-11-06 06:27:57,0.056909,Waliguan,36.28333,100.9,3816.5
2024-11-06 06:30:57,0.057574,Waliguan,36.28333,100.9,3816.5
2024-11-06 06:32:50,0.057746,Waliguan,36.28333,100.9,3816.5
2024-11-06 06:36:57,0.056196,Waliguan,36.28333,100.9,3816.5
2024-11-06 06:39:57,0.056614,Waliguan,36.28333,100.9,3816.5
2024-11-06 06:42:57,0.056341,Waliguan,36.28333,100.9,3816.5
2024-11-06 06:45:57,0.056903,Waliguan,36.28333,100.9,3816.5
2024-11-06 06:47:50,0.05543,Waliguan,36.28333,100.9,3816.5
2024-11-06 06:51:57,0.05427,Waliguan,36.28333,100.9,3816.5
2024-11-06 06:54:57,0.05359,Waliguan,36.28333,100.9,3816.5
2024-11-06 06:57:57,0.053157,Waliguan,36.28333,100.9,3816.5
2024-11-06 07:00:57,0.05218,Waliguan,36.28333,100.9,3816.5
2024-11-06 07:02:51,0.051957,Waliguan,36.28333,100.9,3816.5
2024-11-06 07:10:51,0.052742,Waliguan,36.28333,100.9,3816.5
2024-11-06 07:17:17,0.053435,Waliguan,36.28333,100.9,3816.5
2024-11-06 07:27:56,0.052555,Waliguan,36.28333,100.9,3816.5
2024-11-06 07:30:56,0.051999,Waliguan,36.28333,100.9,3816.5
2024-11-06 07:32:50,0.05124,Waliguan,36.28333,100.9,3816.5
2024-11-06 07:36:56,0.051553,Waliguan,36.28333,100.9,3816.5
2024-11-06 07:39:56,0.052436,Waliguan,36.28333,100.9,3816.5
2024-11-06 07:42:56,0.051375,Waliguan,36.28333,100.9,3816.5
2024-11-06 07:45:56,0.050829,Waliguan,36.28333,100.9,3816.5
2024-11-06 07:47:48,0.051344,Waliguan,36.28333,100.9,3816.5
2024-11-06 07:51:56,0.051632,Waliguan,36.28333,100.9,3816.5
2024-11-06 07:54:56,0.0517,Waliguan,36.28333,100.9,3816.5
2024-11-06 07:57:56,0.051156,Waliguan,36.28333,100.9,3816.5
2024-11-06 08:00:56,0.05107,Waliguan,36.28333,100.9,3816.5
2024-11-06 08:02:50,0.051219,Waliguan,36.28333,100.9,3816.5
2024-11-06 08:10:56,0.050607,Waliguan,36.28333,100.9,3816.5
2024-11-06 08:17:30,0.049955,Waliguan,36.28333,100.9,3816.5
2024-11-06 08:21:34,0.049589,Waliguan,36.28333,100.9,3816.5
2024-11-06 08:29:36,0.051044,Waliguan,36.28333,100.9,3816.5
2024-11-06 08:36:06,0.050062,Waliguan,36.28333,100.9,3816.5
2024-11-06 08:38:11,0.050639,Waliguan,36.28333,100.9,3816.5
2024-11-06 08:42:12,0.05029,Waliguan,36.28333,100.9,3816.5
2024-11-06 08:45:56,0.049695,Waliguan,36.28333,100.9,3816.5
2024-11-06 08:47:50,0.049517,Waliguan,36.28333,100.9,3816.5
2024-11-06 08:51:56,0.04953,Waliguan,36.28333,100.9,3816.5
2024-11-06 08:53:51,0.049654,Waliguan,36.28333,100.9,3816.5
2024-11-06 09:03:06,0.048997,Waliguan,36.28333,100.9,3816.5
2024-11-06 09:06:56,0.048579,Waliguan,36.28333,100.9,3816.5
2024-11-06 09:09:11,0.048143,Waliguan,36.28333,100.9,3816.5
2024-11-06 09:12:56,0.04756,Waliguan,36.28333,100.9,3816.5
2024-11-06 09:15:13,0.046716,Waliguan,36.28333,100.9,3816.5
2024-11-06 09:18:55,0.046902,Waliguan,36.28333,100.9,3816.5
2024-11-06 09:20:50,0.046634,Waliguan,36.28333,100.9,3816.5
2024-11-06 09:24:22,0.045335,Waliguan,36.28333,100.9,3816.5
2024-11-06 09:27:56,0.044481,Waliguan,36.28333,100.9,3816.5
2024-11-07 00:44:48,0.037205,Waliguan,36.28333,100.9,3816.5
2024-11-07 00:51:55,0.034332,Waliguan,36.28333,100.9,3816.5
2024-11-07 00:54:07,0.034641,Waliguan,36.28333,100.9,3816.5
2024-11-07 00:57:55,0.036528,Waliguan,36.28333,100.9,3816.5
2024-11-07 01:00:56,0.035869,Waliguan,36.28333,100.9,3816.5
2024-11-07 01:02:50,0.036017,Waliguan,36.28333,100.9,3816.5
2024-11-07 01:06:56,0.036365,Waliguan,36.28333,100.9,3816.5
2024-11-07 01:09:55,0.036621,Waliguan,36.28333,100.9,3816.5
2024-11-07 01:11:51,0.036766,Waliguan,36.28333,100.9,3816.5
2024-11-07 01:21:09,0.038299,Waliguan,36.28333,100.9,3816.5
2024-11-07 01:23:13,0.038628,Waliguan,36.28333,100.9,3816.5
2024-11-07 01:27:10,0.039062,Waliguan,36.28333,100.9,3816.5
2024-11-07 01:30:55,0.0391,Waliguan,36.28333,100.9,3816.5
2024-11-07 01:33:56,0.039487,Waliguan,36.28333,100.9,3816.5
2024-11-07 01:35:50,0.039549,Waliguan,36.28333,100.9,3816.5
2024-11-07 01:39:55,0.039855,Waliguan,36.28333,100.9,3816.5
2024-11-07 01:42:01,0.039979,Waliguan,36.28333,100.9,3816.5
2024-11-07 01:50:03,0.041043,Waliguan,36.28333,100.9,3816.5
2024-11-07 01:56:29,0.042006,Waliguan,36.28333,100.9,3816.5
2024-11-07 02:00:56,0.042419,Waliguan,36.28333,100.9,3816.5
2024-11-07 02:02:49,0.042594,Waliguan,36.28333,100.9,3816.5
2024-11-07 02:10:51,0.043447,Waliguan,36.28333,100.9,3816.5
2024-11-07 02:17:16,0.044688,Waliguan,36.28333,100.9,3816.5
2024-11-07 02:21:56,0.045435,Waliguan,36.28333,100.9,3816.5
2024-11-07 02:24:56,0.045871,Waliguan,36.28333,100.9,3816.5
2024-11-07 02:27:56,0.04576,Waliguan,36.28333,100.9,3816.5
2024-11-07 02:30:56,0.044919,Waliguan,36.28333,100.9,3816.5
2024-11-07 02:32:50,0.045571,Waliguan,36.28333,100.9,3816.5
2024-11-07 02:51:56,0.046759,Waliguan,36.28333,100.9,3816.5
2024-11-07 02:54:56,0.070916,Waliguan,36.28333,100.9,3816.5
2024-11-07 02:57:56,0.06748,Waliguan,36.28333,100.9,3816.5
2024-11-07 03:00:56,0.047975,Waliguan,36.28333,100.9,3816.5
2024-11-07 03:02:51,0.049475,Waliguan,36.28333,100.9,3816.5
2024-11-07 03:10:58,0.048402,Waliguan,36.28333,100.9,3816.5
2024-11-07 03:17:31,0.048937,Waliguan,36.28333,100.9,3816.5
2024-11-07 03:21:57,0.049084,Waliguan,36.28333,100.9,3816.5
2024-11-07 03:24:56,0.049708,Waliguan,36.28333,100.9,3816.5
2024-11-07 03:30:57,0.052153,Waliguan,36.28333,100.9,3816.5
2024-11-07 03:32:49,0.051185,Waliguan,36.28333,100.9,3816.5
2024-11-07 03:36:56,0.050415,Waliguan,36.28333,100.9,3816.5
2024-11-07 03:39:56,0.050143,Waliguan,36.28333,100.9,3816.5
2024-11-07 03:42:57,0.050354,Waliguan,36.28333,100.9,3816.5
2024-11-07 03:45:56,0.050895,Waliguan,36.28333,100.9,3816.5
2024-11-07 03:47:49,0.050081,Waliguan,36.28333,100.9,3816.5
2024-11-07 03:51:56,0.050695,Waliguan,36.28333,100.9,3816.5
2024-11-07 03:54:56,0.051309,Waliguan,36.28333,100.9,3816.5
2024-11-07 03:57:56,0.051709,Waliguan,36.28333,100.9,3816.5
2024-11-07 04:00:57,0.051731,Waliguan,36.28333,100.9,3816.5
2024-11-07 04:02:51,0.051911,Waliguan,36.28333,100.9,3816.5
2024-11-07 04:10:55,0.052564,Waliguan,36.28333,100.9,3816.5
2024-11-07 04:17:32,0.053605,Waliguan,36.28333,100.9,3816.5
2024-11-07 04:21:56,0.05423,Waliguan,36.28333,100.9,3816.5
2024-11-07 04:24:57,0.054768,Waliguan,36.28333,100.9,3816.5
2024-11-07 04:27:57,0.054986,Waliguan,36.28333,100.9,3816.5
2024-11-07 04:30:57,0.05559,Waliguan,36.28333,100.9,3816.5
2024-11-07 04:32:50,0.05588,Waliguan,36.28333,100.9,3816.5
2024-11-07 04:36:57,0.0562,Waliguan,36.28333,100.9,3816.5
2024-11-07 04:39:56,0.056795,Waliguan,36.28333,100.9,3816.5
2024-11-07 04:42:59,0.056821,Waliguan,36.28333,100.9,3816.5
2024-11-07 04:45:57,0.056891,Waliguan,36.28333,100.9,3816.5
2024-11-07 04:47:48,0.056664,Waliguan,36.28333,100.9,3816.5
2024-11-07 04:52:04,0.05728,Waliguan,36.28333,100.9,3816.5
2024-11-07 04:54:56,0.057061,Waliguan,36.28333,100.9,3816.5
2024-11-07 04:57:56,0.057072,Waliguan,36.28333,100.9,3816.5
2024-11-07 05:00:57,0.058001,Waliguan,36.28333,100.9,3816.5
2024-11-07 05:02:50,0.057913,Waliguan,36.28333,100.9,3816.5
2024-11-07 05:10:51,0.057897,Waliguan,36.28333,100.9,3816.5
2024-11-07 05:17:17,0.058747,Waliguan,36.28333,100.9,3816.5
2024-11-07 05:21:57,0.058387,Waliguan,36.28333,100.9,3816.5
2024-11-07 05:24:57,0.059425,Waliguan,36.28333,100.9,3816.5
2024-11-07 05:27:57,0.059239,Waliguan,36.28333,100.9,3816.5
2024-11-07 05:30:57,0.059062,Waliguan,36.28333,100.9,3816.5
2024-11-07 05:32:50,0.059712,Waliguan,36.28333,100.9,3816.5
2024-11-07 05:36:57,0.0599,Waliguan,36.28333,100.9,3816.5
2024-11-07 05:39:57,0.060344,Waliguan,36.28333,100.9,3816.5
2024-11-07 05:42:58,0.060659,Waliguan,36.28333,100.9,3816.5
2024-11-07 05:45:57,0.061683,Waliguan,36.28333,100.9,3816.5
2024-11-07 05:47:50,0.061679,Waliguan,36.28333,100.9,3816.5
2024-11-07 05:51:57,0.061136,Waliguan,36.28333,100.9,3816.5
2024-11-07 05:54:57,0.060616,Waliguan,36.28333,100.9,3816.5
2024-11-07 05:57:57,0.061027,Waliguan,36.28333,100.9,3816.5
2024-11-07 06:00:57,0.060922,Waliguan,36.28333,100.9,3816.5
2024-11-07 06:02:51,0.060942,Waliguan,36.28333,100.9,3816.5
2024-11-07 06:10:56,0.060976,Waliguan,36.28333,100.9,3816.5
2024-11-07 06:17:34,0.060807,Waliguan,36.28333,100.9,3816.5
2024-11-07 06:21:57,0.06112,Waliguan,36.28333,100.9,3816.5
2024-11-07 06:24:57,0.061438,Waliguan,36.28333,100.9,3816.5
2024-11-07 06:27:57,0.061629,Waliguan,36.28333,100.9,3816.5
2024-11-07 06:30:57,0.061074,Waliguan,36.28333,100.9,3816.5
2024-11-07 06:32:50,0.061283,Waliguan,36.28333,100.9,3816.5
2024-11-07 06:36:57,0.061721,Waliguan,36.28333,100.9,3816.5
2024-11-07 06:39:57,0.061124,Waliguan,36.28333,100.9,3816.5
2024-11-07 06:42:57,0.060273,Waliguan,36.28333,100.9,3816.5
2024-11-07 06:45:57,0.060227,Waliguan,36.28333,100.9,3816.5
2024-11-07 06:47:50,0.060282,Waliguan,36.28333,100.9,3816.5
2024-11-07 06:51:57,0.059202,Waliguan,36.28333,100.9,3816.5
2024-11-07 06:54:57,0.058787,Waliguan,36.28333,100.9,3816.5
2024-11-07 06:57:57,0.05866,Waliguan,36.28333,100.9,3816.5
2024-11-07 07:00:57,0.058562,Waliguan,36.28333,100.9,3816.5
2024-11-07 07:02:51,0.058806,Waliguan,36.28333,100.9,3816.5
2024-11-07 07:10:50,0.056403,Waliguan,36.28333,100.9,3816.5
2024-11-07 07:17:27,0.057463,Waliguan,36.28333,100.9,3816.5
2024-11-07 07:21:56,0.061208,Waliguan,36.28333,100.9,3816.5
2024-11-07 07:27:56,0.06868,Waliguan,36.28333,100.9,3816.5
2024-11-07 07:30:56,0.062323,Waliguan,36.28333,100.9,3816.5
2024-11-07 07:32:49,0.062342,Waliguan,36.28333,100.9,3816.5
2024-11-07 07:36:56,0.061475,Waliguan,36.28333,100.9,3816.5
2024-11-07 07:39:57,0.060398,Waliguan,36.28333,100.9,3816.5
2024-11-07 07:42:56,0.059759,Waliguan,36.28333,100.9,3816.5
2024-11-07 07:45:56,0.059576,Waliguan,36.28333,100.9,3816.5
2024-11-07 07:47:50,0.059944,Waliguan,36.28333,100.9,3816.5
2024-11-07 07:51:56,0.059059,Waliguan,36.28333,100.9,3816.5
2024-11-07 07:54:56,0.059801,Waliguan,36.28333,100.9,3816.5
2024-11-07 07:57:56,0.059527,Waliguan,36.28333,100.9,3816.5
2024-11-07 08:00:56,0.059587,Waliguan,36.28333,100.9,3816.5
2024-11-07 08:02:50,0.061354,Waliguan,36.28333,100.9,3816.5
2024-11-07 08:10:54,0.057583,Waliguan,36.28333,100.9,3816.5
2024-11-07 08:17:29,0.055095,Waliguan,36.28333,100.9,3816.5
2024-11-07 08:20:11,0.055275,Waliguan,36.28333,100.9,3816.5
2024-11-07 08:28:17,0.05274,Waliguan,36.28333,100.9,3816.5
2024-11-07 08:34:38,0.05145,Waliguan,36.28333,100.9,3816.5
2024-11-07 08:36:40,0.052207,Waliguan,36.28333,100.9,3816.5
2024-11-07 08:39:56,0.051461,Waliguan,36.28333,100.9,3816.5
2024-11-07 08:41:49,0.051379,Waliguan,36.28333,100.9,3816.5
2024-11-07 08:45:56,0.04975,Waliguan,36.28333,100.9,3816.5
2024-11-07 08:47:51,0.05011,Waliguan,36.28333,100.9,3816.5
2024-11-07 08:50:53,0.049519,Waliguan,36.28333,100.9,3816.5
2024-11-07 09:00:32,0.056989,Waliguan,36.28333,100.9,3816.5
2024-11-07 09:03:55,0.058581,Waliguan,36.28333,100.9,3816.5
2024-11-07 09:06:56,0.045543,Waliguan,36.28333,100.9,3816.5
2024-11-07 09:08:51,0.04506,Waliguan,36.28333,100.9,3816.5
2024-11-07 09:12:55,0.044237,Waliguan,36.28333,100.9,3816.5
2024-11-07 09:14:50,0.044482,Waliguan,36.28333,100.9,3816.5
2024-11-07 09:18:54,0.043857,Waliguan,36.28333,100.9,3816.5
2024-11-07 09:20:50,0.044496,Waliguan,36.28333,100.9,3816.5
2024-11-07 09:23:21,0.044865,Waliguan,36.28333,100.9,3816.5
2024-11-07 09:26:53,0.043432,Waliguan,36.28333,100.9,3816.5
2024-11-08 00:50:51,0.048276,Waliguan,36.28333,100.9,3816.5
2024-11-08 00:54:56,0.043977,Waliguan,36.28333,100.9,3816.5
2024-11-08 00:56:50,0.043851,Waliguan,36.28333,100.9,3816.5
2024-11-08 01:00:55,0.04398,Waliguan,36.28333,100.9,3816.5
2024-11-08 01:02:56,0.047826,Waliguan,36.28333,100.9,3816.5
2024-11-08 01:06:55,0.039998,Waliguan,36.28333,100.9,3816.5
2024-11-08 01:09:55,0.062962,Waliguan,36.28333,100.9,3816.5
2024-11-08 01:12:37,0.064825,Waliguan,36.28333,100.9,3816.5
2024-11-08 01:22:05,0.04041,Waliguan,36.28333,100.9,3816.5
2024-11-08 01:24:08,0.039859,Waliguan,36.28333,100.9,3816.5
2024-11-08 01:27:55,0.039315,Waliguan,36.28333,100.9,3816.5
2024-11-08 01:29:50,0.038976,Waliguan,36.28333,100.9,3816.5
2024-11-08 01:33:55,0.038834,Waliguan,36.28333,100.9,3816.5
2024-11-08 01:35:51,0.039141,Waliguan,36.28333,100.9,3816.5
2024-11-08 01:39:56,0.0397,Waliguan,36.28333,100.9,3816.5
2024-11-08 01:42:55,0.039992,Waliguan,36.28333,100.9,3816.5
2024-11-08 01:44:49,0.040389,Waliguan,36.28333,100.9,3816.5
2024-11-08 01:53:03,0.041238,Waliguan,36.28333,100.9,3816.5
2024-11-08 01:59:29,0.042,Waliguan,36.28333,100.9,3816.5
2024-11-08 02:01:33,0.04256,Waliguan,36.28333,100.9,3816.5
2024-11-08 02:09:41,0.044298,Waliguan,36.28333,100.9,3816.5
2024-11-08 02:16:10,0.044975,Waliguan,36.28333,100.9,3816.5
2024-11-08 02:18:56,0.045708,Waliguan,36.28333,100.9,3816.5
2024-11-08 02:21:56,0.04576,Waliguan,36.28333,100.9,3816.5
2024-11-08 02:24:56,0.046703,Waliguan,36.28333,100.9,3816.5
2024-11-08 02:27:56,0.046856,Waliguan,36.28333,100.9,3816.5
2024-11-08 02:30:56,0.04747,Waliguan,36.28333,100.9,3816.5
2024-11-08 02:32:49,0.047786,Waliguan,36.28333,100.9,3816.5
2024-11-08 02:47:50,0.05071,Waliguan,36.28333,100.9,3816.5
2024-11-08 02:51:56,0.050616,Waliguan,36.28333,100.9,3816.5
2024-11-08 02:54:56,0.074594,Waliguan,36.28333,100.9,3816.5
2024-11-08 02:57:56,0.070758,Waliguan,36.28333,100.9,3816.5
2024-11-08 03:00:56,0.051943,Waliguan,36.28333,100.9,3816.5
2024-11-08 03:02:50,0.051941,Waliguan,36.28333,100.9,3816.5
2024-11-08 03:11:03,0.052945,Waliguan,36.28333,100.9,3816.5
2024-11-08 03:17:34,0.054542,Waliguan,36.28333,100.9,3816.5
2024-11-08 03:21:56,0.054344,Waliguan,36.28333,100.9,3816.5
2024-11-08 03:24:56,0.054967,Waliguan,36.28333,100.9,3816.5
2024-11-08 03:30:56,0.055002,Waliguan,36.28333,100.9,3816.5
2024-11-08 03:32:50,0.054426,Waliguan,36.28333,100.9,3816.5
2024-11-08 03:36:57,0.056354,Waliguan,36.28333,100.9,3816.5
2024-11-08 03:39:58,0.056483,Waliguan,36.28333,100.9,3816.5
2024-11-08 03:42:56,0.05743,Waliguan,36.28333,100.9,3816.5
2024-11-08 03:45:56,0.059941,Waliguan,36.28333,100.9,3816.5
2024-11-08 03:47:50,0.064817,Waliguan,36.28333,100.9,3816.5
2024-11-08 04:00:56,0.074275,Waliguan,36.28333,100.9,3816.5
2024-11-08 04:17:25,0.079896,Waliguan,36.28333,100.9,3816.5
2024-11-08 05:10:48,0.065847,Waliguan,36.28333,100.9,3816.5
2024-11-08 05:17:15,0.063933,Waliguan,36.28333,100.9,3816.5
2024-11-08 05:21:57,0.064423,Waliguan,36.28333,100.9,3816.5
2024-11-08 05:24:57,0.064653,Waliguan,36.28333,100.9,3816.5
2024-11-08 05:27:57,0.064343,Waliguan,36.28333,100.9,3816.5
2024-11-08 05:30:57,0.065101,Waliguan,36.28333,100.9,3816.5
2024-11-08 05:32:50,0.065749,Waliguan,36.28333,100.9,3816.5
2024-11-08 05:36:57,0.065418,Waliguan,36.28333,100.9,3816.5
2024-11-08 05:39:57,0.065331,Waliguan,36.28333,100.9,3816.5
2024-11-08 05:42:57,0.066153,Waliguan,36.28333,100.9,3816.5
2024-11-08 05:45:57,0.06613,Waliguan,36.28333,100.9,3816.5
2024-11-08 05:47:49,0.067856,Waliguan,36.28333,100.9,3816.5
2024-11-08 05:51:57,0.066044,Waliguan,36.28333,100.9,3816.5
2024-11-08 05:54:57,0.064719,Waliguan,36.28333,100.9,3816.5
2024-11-08 05:57:57,0.066394,Waliguan,36.28333,100.9,3816.5
2024-11-08 06:00:57,0.065559,Waliguan,36.28333,100.9,3816.5
2024-11-08 06:02:51,0.065977,Waliguan,36.28333,100.9,3816.5
2024-11-08 06:10:54,0.065456,Waliguan,36.28333,100.9,3816.5
2024-11-08 06:17:24,0.066458,Waliguan,36.28333,100.9,3816.5
2024-11-08 06:21:57,0.066576,Waliguan,36.28333,100.9,3816.5
2024-11-08 06:24:57,0.067267,Waliguan,36.28333,100.9,3816.5
2024-11-08 06:27:57,0.065899,Waliguan,36.28333,100.9,3816.5
2024-11-08 06:30:57,0.066047,Waliguan,36.28333,100.9,3816.5
2024-11-08 06:32:50,0.065768,Waliguan,36.28333,100.9,3816.5
2024-11-08 06:36:57,0.06376,Waliguan,36.28333,100.9,3816.5
2024-11-08 06:39:57,0.063384,Waliguan,36.28333,100.9,3816.5
2024-11-08 06:42:57,0.063185,Waliguan,36.28333,100.9,3816.5
2024-11-08 06:45:57,0.06269,Waliguan,36.28333,100.9,3816.5
2024-11-08 06:47:50,0.061293,Waliguan,36.28333,100.9,3816.5
2024-11-08 06:51:57,0.06001,Waliguan,36.28333,100.9,3816.5
2024-11-08 06:54:57,0.058523,Waliguan,36.28333,100.9,3816.5
2024-11-08 06:57:57,0.058469,Waliguan,36.28333,100.9,3816.5
2024-11-08 07:00:57,0.057478,Waliguan,36.28333,100.9,3816.5
2024-11-08 07:02:51,0.058101,Waliguan,36.28333,100.9,3816.5
2024-11-08 07:10:49,0.058319,Waliguan,36.28333,100.9,3816.5
2024-11-08 07:17:18,0.056982,Waliguan,36.28333,100.9,3816.5
2024-11-08 07:21:57,0.055763,Waliguan,36.28333,100.9,3816.5
2024-11-08 07:24:56,0.056837,Waliguan,36.28333,100.9,3816.5
2024-11-08 07:30:56,0.057255,Waliguan,36.28333,100.9,3816.5
2024-11-08 07:32:48,0.055286,Waliguan,36.28333,100.9,3816.5
2024-11-08 07:36:56,0.056915,Waliguan,36.28333,100.9,3816.5
2024-11-08 07:39:56,0.05665,Waliguan,36.28333,100.9,3816.5
2024-11-08 07:42:56,0.05659,Waliguan,36.28333,100.9,3816.5
2024-11-08 07:45:56,0.056098,Waliguan,36.28333,100.9,3816.5
2024-11-08 07:47:49,0.056383,Waliguan,36.28333,100.9,3816.5
2024-11-08 07:51:56,0.055556,Waliguan,36.28333,100.9,3816.5
2024-11-08 07:54:56,0.054573,Waliguan,36.28333,100.9,3816.5
2024-11-08 07:57:56,0.054126,Waliguan,36.28333,100.9,3816.5
2024-11-08 08:00:56,0.05366,Waliguan,36.28333,100.9,3816.5
2024-11-08 08:02:49,0.053625,Waliguan,36.28333,100.9,3816.5
2024-11-08 08:10:50,0.052034,Waliguan,36.28333,100.9,3816.5
2024-11-08 08:17:23,0.051986,Waliguan,36.28333,100.9,3816.5
2024-11-08 08:19:22,0.052093,Waliguan,36.28333,100.9,3816.5
2024-11-08 08:27:28,0.051524,Waliguan,36.28333,100.9,3816.5
2024-11-08 08:33:52,0.050356,Waliguan,36.28333,100.9,3816.5
2024-11-08 08:35:55,0.049484,Waliguan,36.28333,100.9,3816.5
2024-11-08 08:39:47,0.04941,Waliguan,36.28333,100.9,3816.5
2024-11-08 08:42:56,0.048745,Waliguan,36.28333,100.9,3816.5
2024-11-08 08:45:02,0.04781,Waliguan,36.28333,100.9,3816.5
2024-11-08 08:48:56,0.047379,Waliguan,36.28333,100.9,3816.5
2024-11-08 08:50:50,0.047475,Waliguan,36.28333,100.9,3816.5
2024-11-08 09:00:09,0.045426,Waliguan,36.28333,100.9,3816.5
2024-11-08 09:03:57,0.056078,Waliguan,36.28333,100.9,3816.5
2024-11-08 09:06:56,0.053094,Waliguan,36.28333,100.9,3816.5
2024-11-08 09:08:51,0.043514,Waliguan,36.28333,100.9,3816.5
2024-11-08 09:12:56,0.043379,Waliguan,36.28333,100.9,3816.5
2024-11-08 09:14:51,0.04327,Waliguan,36.28333,100.9,3816.5
2024-11-08 09:18:06,0.04272,Waliguan,36.28333,100.9,3816.5
2024-11-09 00:37:36,0.052253,Waliguan,36.28333,100.9,3816.5
2024-11-09 00:39:55,0.059064,Waliguan,36.28333,100.9,3816.5
2024-11-09 00:45:25,0.052352,Waliguan,36.28333,100.9,3816.5
2024-11-09 00:48:56,0.050036,Waliguan,36.28333,100.9,3816.5
2024-11-09 02:12:57,0.074697,Waliguan,36.28333,100.9,3816.5
2024-11-09 02:21:56,0.076223,Waliguan,36.28333,100.9,3816.5
2024-11-09 02:27:56,0.081989,Waliguan,36.28333,100.9,3816.5
2024-11-09 02:30:56,0.083633,Waliguan,36.28333,100.9,3816.5
2024-11-09 02:47:50,0.08078,Waliguan,36.28333,100.9,3816.5
2024-11-09 02:51:57,0.074786,Waliguan,36.28333,100.9,3816.5
2024-11-09 02:57:56,0.092457,Waliguan,36.28333,100.9,3816.5
2024-11-09 03:00:56,0.075701,Waliguan,36.28333,100.9,3816.5
2024-11-09 03:02:50,0.077329,Waliguan,36.28333,100.9,3816.5
2024-11-09 03:10:53,0.079242,Waliguan,36.28333,100.9,3816.5
2024-11-09 03:17:21,0.086408,Waliguan,36.28333,100.9,3816.5
2024-11-09 03:21:56,0.086017,Waliguan,36.28333,100.9,3816.5
2024-11-09 03:24:56,0.087634,Waliguan,36.28333,100.9,3816.5
2024-11-09 03:27:57,0.089098,Waliguan,36.28333,100.9,3816.5
2024-11-09 03:32:49,0.09021,Waliguan,36.28333,100.9,3816.5
2024-11-09 03:36:56,0.089394,Waliguan,36.28333,100.9,3816.5
2024-11-09 03:39:56,0.089338,Waliguan,36.28333,100.9,3816.5
2024-11-09 03:42:59,0.092892,Waliguan,36.28333,100.9,3816.5
2024-11-09 03:45:57,0.092574,Waliguan,36.28333,100.9,3816.5
2024-11-09 03:47:50,0.096881,Waliguan,36.28333,100.9,3816.5
2024-11-09 03:51:56,0.095464,Waliguan,36.28333,100.9,3816.5
2024-11-09 03:54:56,0.101548,Waliguan,36.28333,100.9,3816.5
2024-11-09 03:57:56,0.100904,Waliguan,36.28333,100.9,3816.5
2024-11-09 04:00:57,0.094996,Waliguan,36.28333,100.9,3816.5
2024-11-09 04:02:51,0.098627,Waliguan,36.28333,100.9,3816.5
2024-11-09 04:10:49,0.090431,Waliguan,36.28333,100.9,3816.5
2024-11-09 04:17:19,0.092408,Waliguan,36.28333,100.9,3816.5
2024-11-09 04:51:57,0.098585,Waliguan,36.28333,100.9,3816.5
2024-11-09 04:54:56,0.092123,Waliguan,36.28333,100.9,3816.5
2024-11-09 04:57:57,0.095637,Waliguan,36.28333,100.9,3816.5
2024-11-09 05:00:56,0.101684,Waliguan,36.28333,100.9,3816.5
2024-11-09 05:02:50,0.114326,Waliguan,36.28333,100.9,3816.5
2024-11-09 05:10:48,0.100339,Waliguan,36.28333,100.9,3816.5
2024-11-09 07:30:57,0.146524,Waliguan,36.28333,100.9,3816.5
2024-11-09 08:44:52,0.090072,Waliguan,36.28333,100.9,3816.5
2024-11-09 08:48:34,0.091173,Waliguan,36.28333,100.9,3816.5
2024-11-10 00:38:49,0.092075,Waliguan,36.28333,100.9,3816.5
2024-11-10 00:42:25,0.093278,Waliguan,36.28333,100.9,3816.5
2024-11-10 00:45:55,0.095367,Waliguan,36.28333,100.9,3816.5
2024-11-10 00:47:58,0.095738,Waliguan,36.28333,100.9,3816.5
2024-11-10 00:51:42,0.109407,Waliguan,36.28333,100.9,3816.5
2024-11-10 00:54:55,0.129723,Waliguan,36.28333,100.9,3816.5
2024-11-10 00:57:52,0.126048,Waliguan,36.28333,100.9,3816.5
2024-11-10 01:00:55,0.123004,Waliguan,36.28333,100.9,3816.5
2024-11-10 01:03:55,0.123759,Waliguan,36.28333,100.9,3816.5
2024-11-10 01:05:50,0.112308,Waliguan,36.28333,100.9,3816.5
2024-11-10 01:09:56,0.108786,Waliguan,36.28333,100.9,3816.5
2024-11-10 01:12:56,0.112167,Waliguan,36.28333,100.9,3816.5
2024-11-10 01:15:17,0.116197,Waliguan,36.28333,100.9,3816.5
2024-11-10 01:24:43,0.13887,Waliguan,36.28333,100.9,3816.5
2024-11-10 01:26:47,0.127101,Waliguan,36.28333,100.9,3816.5
2024-11-10 01:30:56,0.143753,Waliguan,36.28333,100.9,3816.5
2024-11-10 03:11:08,0.182839,Waliguan,36.28333,100.9,3816.5
2024-11-10 03:24:56,0.158682,Waliguan,36.28333,100.9,3816.5
2024-11-10 03:27:57,0.140732,Waliguan,36.28333,100.9,3816.5
2024-11-10 03:36:56,0.129898,Waliguan,36.28333,100.9,3816.5
2024-11-10 03:39:56,0.140879,Waliguan,36.28333,100.9,3816.5
2024-11-10 03:42:56,0.134051,Waliguan,36.28333,100.9,3816.5
2024-11-10 03:47:50,0.124462,Waliguan,36.28333,100.9,3816.5
2024-11-10 03:51:56,0.141454,Waliguan,36.28333,100.9,3816.5
2024-11-10 03:54:56,0.121166,Waliguan,36.28333,100.9,3816.5
2024-11-10 03:57:56,0.135245,Waliguan,36.28333,100.9,3816.5
2024-11-10 04:00:56,0.128745,Waliguan,36.28333,100.9,3816.5
2024-11-10 04:02:50,0.119643,Waliguan,36.28333,100.9,3816.5
2024-11-10 04:10:54,0.142546,Waliguan,36.28333,100.9,3816.5
2024-11-10 04:21:56,0.163272,Waliguan,36.28333,100.9,3816.5
2024-11-10 04:27:57,0.165932,Waliguan,36.28333,100.9,3816.5
2024-11-10 04:30:57,0.179817,Waliguan,36.28333,100.9,3816.5
2024-11-10 04:39:56,0.134131,Waliguan,36.28333,100.9,3816.5
2024-11-10 04:42:57,0.147207,Waliguan,36.28333,100.9,3816.5
2024-11-10 04:45:57,0.151675,Waliguan,36.28333,100.9,3816.5
2024-11-10 04:47:49,0.163612,Waliguan,36.28333,100.9,3816.5
2024-11-10 04:54:57,0.171536,Waliguan,36.28333,100.9,3816.5
2024-11-10 04:57:57,0.15923,Waliguan,36.28333,100.9,3816.5
2024-11-10 05:00:56,0.158114,Waliguan,36.28333,100.9,3816.5
2024-11-10 05:02:50,0.155312,Waliguan,36.28333,100.9,3816.5
2024-11-10 05:17:25,0.135777,Waliguan,36.28333,100.9,3816.5
2024-11-10 05:24:57,0.148282,Waliguan,36.28333,100.9,3816.5
2024-11-10 05:27:57,0.124848,Waliguan,36.28333,100.9,3816.5
2024-11-10 05:30:57,0.124102,Waliguan,36.28333,100.9,3816.5
2024-11-10 05:32:50,0.126295,Waliguan,36.28333,100.9,3816.5
2024-11-10 05:37:00,0.135096,Waliguan,36.28333,100.9,3816.5
2024-11-10 05:39:57,0.139026,Waliguan,36.28333,100.9,3816.5
2024-11-10 05:42:57,0.127342,Waliguan,36.28333,100.9,3816.5
2024-11-10 05:45:57,0.137578,Waliguan,36.28333,100.9,3816.5
2024-11-10 05:47:52,0.138512,Waliguan,36.28333,100.9,3816.5
2024-11-10 05:51:55,0.1517,Waliguan,36.28333,100.9,3816.5
2024-11-10 05:54:57,0.136375,Waliguan,36.28333,100.9,3816.5
2024-11-10 05:57:57,0.161926,Waliguan,36.28333,100.9,3816.5
2024-11-10 06:00:57,0.145528,Waliguan,36.28333,100.9,3816.5
2024-11-10 06:02:52,0.146122,Waliguan,36.28333,100.9,3816.5
2024-11-10 06:10:53,0.139363,Waliguan,36.28333,100.9,3816.5
2024-11-10 06:17:32,0.152829,Waliguan,36.28333,100.9,3816.5
2024-11-10 06:21:57,0.137106,Waliguan,36.28333,100.9,3816.5
2024-11-10 06:24:56,0.12636,Waliguan,36.28333,100.9,3816.5
2024-11-10 06:27:57,0.127891,Waliguan,36.28333,100.9,3816.5
2024-11-10 06:30:57,0.121286,Waliguan,36.28333,100.9,3816.5
2024-11-10 06:32:50,0.127545,Waliguan,36.28333,100.9,3816.5
2024-11-10 06:36:57,0.136013,Waliguan,36.28333,100.9,3816.5
2024-11-10 06:42:57,0.125729,Waliguan,36.28333,100.9,3816.5
2024-11-10 06:45:57,0.1233,Waliguan,36.28333,100.9,3816.5
2024-11-10 06:47:50,0.127661,Waliguan,36.28333,100.9,3816.5
2024-11-10 06:54:57,0.15716,Waliguan,36.28333,100.9,3816.5
2024-11-10 06:57:57,0.137818,Waliguan,36.28333,100.9,3816.5
2024-11-10 07:27:56,0.137626,Waliguan,36.28333,100.9,3816.5
2024-11-10 07:36:57,0.130296,Waliguan,36.28333,100.9,3816.5
2024-11-10 07:39:56,0.1275,Waliguan,36.28333,100.9,3816.5
2024-11-10 07:42:56,0.120246,Waliguan,36.28333,100.9,3816.5
2024-11-10 07:45:57,0.118555,Waliguan,36.28333,100.9,3816.5
2024-11-10 07:47:36,0.114114,Waliguan,36.28333,100.9,3816.5
2024-11-10 07:51:56,0.10475,Waliguan,36.28333,100.9,3816.5
2024-11-10 07:54:56,0.103671,Waliguan,36.28333,100.9,3816.5
2024-11-10 07:57:56,0.102708,Waliguan,36.28333,100.9,3816.5
2024-11-10 08:00:56,0.108873,Waliguan,36.28333,100.9,3816.5
2024-11-10 08:02:50,0.107951,Waliguan,36.28333,100.9,3816.5
2024-11-10 08:10:56,0.100129,Waliguan,36.28333,100.9,3816.5
2024-11-10 08:17:34,0.1028,Waliguan,36.28333,100.9,3816.5
2024-11-10 08:19:36,0.106767,Waliguan,36.28333,100.9,3816.5
2024-11-10 08:27:44,0.11166,Waliguan,36.28333,100.9,3816.5
2024-11-10 08:34:15,0.100375,Waliguan,36.28333,100.9,3816.5
2024-11-10 08:36:19,0.106037,Waliguan,36.28333,100.9,3816.5
2024-11-10 08:38:22,0.10587,Waliguan,36.28333,100.9,3816.5
2024-11-10 08:42:45,0.102917,Waliguan,36.28333,100.9,3816.5
2024-11-10 08:45:56,0.098005,Waliguan,36.28333,100.9,3816.5
2024-11-10 08:47:51,0.098778,Waliguan,36.28333,100.9,3816.5
2024-11-10 08:57:18,0.10038,Waliguan,36.28333,100.9,3816.5
2024-11-10 09:00:55,0.102088,Waliguan,36.28333,100.9,3816.5
2024-11-10 09:03:56,0.099011,Waliguan,36.28333,100.9,3816.5
2024-11-10 09:05:50,0.102185,Waliguan,36.28333,100.9,3816.5
2024-11-10 09:09:56,0.105884,Waliguan,36.28333,100.9,3816.5
2024-11-10 09:11:49,0.105939,Waliguan,36.28333,100.9,3816.5
2024-11-11 03:24:56,0.233763,Waliguan,36.28333,100.9,3816.5
2024-11-11 03:57:56,0.241763,Waliguan,36.28333,100.9,3816.5
2024-11-11 04:45:57,0.309896,Waliguan,36.28333,100.9,3816.5
2024-11-11 04:47:50,0.30954,Waliguan,36.28333,100.9,3816.5
2024-11-11 04:57:57,0.328278,Waliguan,36.28333,100.9,3816.5
2024-11-11 05:00:58,0.312667,Waliguan,36.28333,100.9,3816.5
2024-11-11 05:02:49,0.310543,Waliguan,36.28333,100.9,3816.5
2024-11-11 05:33:15,0.259564,Waliguan,36.28333,100.9,3816.5
2024-11-11 05:54:57,0.267179,Waliguan,36.28333,100.9,3816.5
2024-11-11 06:00:57,0.257054,Waliguan,36.28333,100.9,3816.5
2024-11-11 06:11:04,0.249162,Waliguan,36.28333,100.9,3816.5
2024-11-11 06:17:38,0.227546,Waliguan,36.28333,100.9,3816.5
2024-11-11 06:21:57,0.227077,Waliguan,36.28333,100.9,3816.5
2024-11-11 06:24:57,0.238251,Waliguan,36.28333,100.9,3816.5
2024-11-11 06:27:58,0.243172,Waliguan,36.28333,100.9,3816.5
2024-11-11 06:30:57,0.226392,Waliguan,36.28333,100.9,3816.5
2024-11-11 06:32:56,0.229571,Waliguan,36.28333,100.9,3816.5
2024-11-11 06:36:57,0.233361,Waliguan,36.28333,100.9,3816.5
2024-11-11 06:39:57,0.231548,Waliguan,36.28333,100.9,3816.5
2024-11-11 06:42:57,0.239619,Waliguan,36.28333,100.9,3816.5
2024-11-11 06:46:01,0.215713,Waliguan,36.28333,100.9,3816.5
2024-11-11 06:47:50,0.20642,Waliguan,36.28333,100.9,3816.5
2024-11-11 06:51:56,0.213161,Waliguan,36.28333,100.9,3816.5
2024-11-11 06:54:58,0.207201,Waliguan,36.28333,100.9,3816.5
2024-11-11 06:57:57,0.208894,Waliguan,36.28333,100.9,3816.5
2024-11-11 07:00:57,0.217212,Waliguan,36.28333,100.9,3816.5
2024-11-11 07:02:52,0.21164,Waliguan,36.28333,100.9,3816.5
2024-11-11 07:11:15,0.189229,Waliguan,36.28333,100.9,3816.5
2024-11-11 07:17:49,0.19525,Waliguan,36.28333,100.9,3816.5
2024-11-11 07:21:57,0.194556,Waliguan,36.28333,100.9,3816.5
2024-11-11 07:24:57,0.197455,Waliguan,36.28333,100.9,3816.5
2024-11-11 07:27:57,0.188218,Waliguan,36.28333,100.9,3816.5
2024-11-11 07:30:57,0.17881,Waliguan,36.28333,100.9,3816.5
2024-11-11 07:39:57,0.180542,Waliguan,36.28333,100.9,3816.5
2024-11-11 07:42:57,0.185571,Waliguan,36.28333,100.9,3816.5
2024-11-11 07:45:56,0.187687,Waliguan,36.28333,100.9,3816.5
2024-11-11 07:51:56,0.187335,Waliguan,36.28333,100.9,3816.5
2024-11-11 07:54:56,0.183943,Waliguan,36.28333,100.9,3816.5
2024-11-11 07:57:57,0.180416,Waliguan,36.28333,100.9,3816.5
2024-11-11 08:00:56,0.181558,Waliguan,36.28333,100.9,3816.5
2024-11-11 08:02:50,0.18021,Waliguan,36.28333,100.9,3816.5
2024-11-11 09:03:57,0.160652,Waliguan,36.28333,100.9,3816.5
2024-11-12 08:45:21,0.164096,Waliguan,36.28333,100.9,3816.5
2024-11-12 08:55:11,0.135889,Waliguan,36.28333,100.9,3816.5
2024-11-12 08:57:59,0.140812,Waliguan,36.28333,100.9,3816.5
2024-11-12 09:00:56,0.138838,Waliguan,36.28333,100.9,3816.5
2024-11-12 09:02:56,0.138872,Waliguan,36.28333,100.9,3816.5
2024-11-12 09:18:29,0.154604,Waliguan,36.28333,100.9,3816.5
2024-11-12 09:23:49,0.134429,Waliguan,36.28333,100.9,3816.5
2024-11-13 01:42:46,0.092744,Waliguan,36.28333,100.9,3816.5
2024-11-13 01:45:55,0.090703,Waliguan,36.28333,100.9,3816.5
2024-11-13 01:48:56,0.089926,Waliguan,36.28333,100.9,3816.5
2024-11-13 01:51:04,0.088326,Waliguan,36.28333,100.9,3816.5
2024-11-13 02:00:06,0.090996,Waliguan,36.28333,100.9,3816.5
2024-11-13 02:07:37,0.092382,Waliguan,36.28333,100.9,3816.5
2024-11-13 02:09:40,0.092863,Waliguan,36.28333,100.9,3816.5
2024-11-13 02:19:36,0.090941,Waliguan,36.28333,100.9,3816.5
2024-11-13 03:16:45,0.098065,Waliguan,36.28333,100.9,3816.5
2024-11-13 03:18:57,0.097157,Waliguan,36.28333,100.9,3816.5
2024-11-13 03:21:56,0.096798,Waliguan,36.28333,100.9,3816.5
2024-11-13 03:24:56,0.096124,Waliguan,36.28333,100.9,3816.5
2024-11-13 03:27:56,0.100474,Waliguan,36.28333,100.9,3816.5
2024-11-13 03:30:56,0.100794,Waliguan,36.28333,100.9,3816.5
2024-11-13 03:39:57,0.103206,Waliguan,36.28333,100.9,3816.5
2024-11-13 03:45:56,0.105961,Waliguan,36.28333,100.9,3816.5
2024-11-13 03:51:56,0.110132,Waliguan,36.28333,100.9,3816.5
2024-11-13 03:54:56,0.108897,Waliguan,36.28333,100.9,3816.5
2024-11-13 03:57:56,0.111363,Waliguan,36.28333,100.9,3816.5
2024-11-13 04:00:56,0.108592,Waliguan,36.28333,100.9,3816.5
2024-11-13 04:02:51,0.109753,Waliguan,36.28333,100.9,3816.5
2024-11-13 04:10:53,0.107541,Waliguan,36.28333,100.9,3816.5
2024-11-13 04:17:25,0.105186,Waliguan,36.28333,100.9,3816.5
2024-11-13 04:21:56,0.105956,Waliguan,36.28333,100.9,3816.5
2024-11-13 04:24:57,0.107254,Waliguan,36.28333,100.9,3816.5
2024-11-13 04:27:57,0.104866,Waliguan,36.28333,100.9,3816.5
2024-11-13 04:30:57,0.105038,Waliguan,36.28333,100.9,3816.5
2024-11-13 04:32:49,0.106569,Waliguan,36.28333,100.9,3816.5
2024-11-13 04:36:57,0.105229,Waliguan,36.28333,100.9,3816.5
2024-11-13 04:39:57,0.104745,Waliguan,36.28333,100.9,3816.5
2024-11-13 04:42:57,0.106638,Waliguan,36.28333,100.9,3816.5
2024-11-13 04:45:58,0.108296,Waliguan,36.28333,100.9,3816.5
2024-11-13 04:47:48,0.10504,Waliguan,36.28333,100.9,3816.5
2024-11-13 04:51:56,0.10621,Waliguan,36.28333,100.9,3816.5
2024-11-13 04:54:56,0.104716,Waliguan,36.28333,100.9,3816.5
2024-11-13 04:57:56,0.101561,Waliguan,36.28333,100.9,3816.5
2024-11-13 05:00:57,0.102123,Waliguan,36.28333,100.9,3816.5
2024-11-13 05:02:51,0.102162,Waliguan,36.28333,100.9,3816.5
2024-11-13 05:10:51,0.101805,Waliguan,36.28333,100.9,3816.5
2024-11-13 05:17:24,0.104964,Waliguan,36.28333,100.9,3816.5
2024-11-13 05:21:57,0.101124,Waliguan,36.28333,100.9,3816.5
2024-11-13 05:24:57,0.099652,Waliguan,36.28333,100.9,3816.5
2024-11-13 05:27:57,0.096364,Waliguan,36.28333,100.9,3816.5
2024-11-13 05:30:57,0.094175,Waliguan,36.28333,100.9,3816.5
2024-11-13 05:32:49,0.092318,Waliguan,36.28333,100.9,3816.5
2024-11-13 05:36:57,0.087535,Waliguan,36.28333,100.9,3816.5
2024-11-13 05:39:57,0.086227,Waliguan,36.28333,100.9,3816.5
2024-11-13 05:42:56,0.081747,Waliguan,36.28333,100.9,3816.5
2024-11-13 05:45:57,0.082464,Waliguan,36.28333,100.9,3816.5
2024-11-13 05:47:51,0.081515,Waliguan,36.28333,100.9,3816.5
2024-11-13 05:51:57,0.08049,Waliguan,36.28333,100.9,3816.5
2024-11-13 05:54:57,0.079698,Waliguan,36.28333,100.9,3816.5
2024-11-13 05:57:57,0.078385,Waliguan,36.28333,100.9,3816.5
2024-11-13 06:00:57,0.079146,Waliguan,36.28333,100.9,3816.5
2024-11-13 06:02:51,0.075178,Waliguan,36.28333,100.9,3816.5
2024-11-13 06:10:54,0.077065,Waliguan,36.28333,100.9,3816.5
2024-11-13 06:17:26,0.077345,Waliguan,36.28333,100.9,3816.5
2024-11-13 06:21:56,0.075663,Waliguan,36.28333,100.9,3816.5
2024-11-13 06:24:57,0.077314,Waliguan,36.28333,100.9,3816.5
2024-11-13 06:27:57,0.072519,Waliguan,36.28333,100.9,3816.5
2024-11-13 06:30:58,0.07072,Waliguan,36.28333,100.9,3816.5
2024-11-13 06:32:50,0.067429,Waliguan,36.28333,100.9,3816.5
2024-11-13 06:36:57,0.064103,Waliguan,36.28333,100.9,3816.5
2024-11-13 06:39:57,0.06228,Waliguan,36.28333,100.9,3816.5
2024-11-13 06:42:57,0.061955,Waliguan,36.28333,100.9,3816.5
2024-11-13 06:45:56,0.066348,Waliguan,36.28333,100.9,3816.5
2024-11-13 06:47:50,0.066325,Waliguan,36.28333,100.9,3816.5
2024-11-13 06:51:57,0.0674,Waliguan,36.28333,100.9,3816.5
2024-11-13 06:54:57,0.070447,Waliguan,36.28333,100.9,3816.5
2024-11-13 06:57:57,0.07789,Waliguan,36.28333,100.9,3816.5
2024-11-13 07:00:57,0.079056,Waliguan,36.28333,100.9,3816.5
2024-11-13 07:02:57,0.076046,Waliguan,36.28333,100.9,3816.5
2024-11-13 07:10:49,0.070687,Waliguan,36.28333,100.9,3816.5
2024-11-13 07:17:21,0.067111,Waliguan,36.28333,100.9,3816.5
2024-11-13 07:21:56,0.061962,Waliguan,36.28333,100.9,3816.5
2024-11-13 07:24:56,0.062682,Waliguan,36.28333,100.9,3816.5
2024-11-13 07:27:57,0.060857,Waliguan,36.28333,100.9,3816.5
2024-11-13 07:30:56,0.060024,Waliguan,36.28333,100.9,3816.5
2024-11-13 07:32:49,0.060442,Waliguan,36.28333,100.9,3816.5
2024-11-13 07:36:56,0.061034,Waliguan,36.28333,100.9,3816.5
2024-11-13 07:42:56,0.05869,Waliguan,36.28333,100.9,3816.5
2024-11-13 07:45:56,0.059278,Waliguan,36.28333,100.9,3816.5
2024-11-13 07:47:49,0.058115,Waliguan,36.28333,100.9,3816.5
2024-11-13 07:51:56,0.05688,Waliguan,36.28333,100.9,3816.5
2024-11-13 07:54:57,0.05586,Waliguan,36.28333,100.9,3816.5
2024-11-13 07:57:56,0.055998,Waliguan,36.28333,100.9,3816.5
2024-11-13 08:00:56,0.055862,Waliguan,36.28333,100.9,3816.5
2024-11-13 08:02:49,0.056084,Waliguan,36.28333,100.9,3816.5
2024-11-13 08:10:55,0.055762,Waliguan,36.28333,100.9,3816.5
2024-11-13 08:17:31,0.052134,Waliguan,36.28333,100.9,3816.5
2024-11-13 08:19:31,0.050595,Waliguan,36.28333,100.9,3816.5
2024-11-13 08:27:35,0.050019,Waliguan,36.28333,100.9,3816.5
2024-11-13 08:33:58,0.048988,Waliguan,36.28333,100.9,3816.5
2024-11-13 08:36:02,0.04897,Waliguan,36.28333,100.9,3816.5
2024-11-13 08:38:05,0.047909,Waliguan,36.28333,100.9,3816.5
2024-11-13 08:40:08,0.047594,Waliguan,36.28333,100.9,3816.5
2024-11-13 08:42:56,0.047619,Waliguan,36.28333,100.9,3816.5
2024-11-13 08:44:50,0.047953,Waliguan,36.28333,100.9,3816.5
2024-11-13 08:54:11,0.046811,Waliguan,36.28333,100.9,3816.5
2024-11-13 08:57:56,0.046533,Waliguan,36.28333,100.9,3816.5
2024-11-13 09:00:56,0.046908,Waliguan,36.28333,100.9,3816.5
2024-11-13 09:02:50,0.047389,Waliguan,36.28333,100.9,3816.5
2024-11-13 09:06:55,0.047331,Waliguan,36.28333,100.9,3816.5
2024-11-13 09:08:52,0.047475,Waliguan,36.28333,100.9,3816.5
2024-11-13 09:12:55,0.046793,Waliguan,36.28333,100.9,3816.5
2024-11-13 09:14:50,0.046091,Waliguan,36.28333,100.9,3816.5
2024-11-13 09:17:34,0.053354,Waliguan,36.28333,100.9,3816.5
2024-11-13 09:21:13,0.051815,Waliguan,36.28333,100.9,3816.5
2024-11-14 00:43:30,0.058193,Waliguan,36.28333,100.9,3816.5
2024-11-14 00:45:56,0.058159,Waliguan,36.28333,100.9,3816.5
2024-11-14 00:47:56,0.058483,Waliguan,36.28333,100.9,3816.5
2024-11-14 00:51:27,0.058271,Waliguan,36.28333,100.9,3816.5
2024-11-14 00:54:55,0.059133,Waliguan,36.28333,100.9,3816.5
2024-11-14 00:56:53,0.058007,Waliguan,36.28333,100.9,3816.5
2024-11-14 01:00:55,0.058372,Waliguan,36.28333,100.9,3816.5
2024-11-14 01:02:50,0.059443,Waliguan,36.28333,100.9,3816.5
2024-11-14 01:06:55,0.058852,Waliguan,36.28333,100.9,3816.5
2024-11-14 01:09:55,0.059887,Waliguan,36.28333,100.9,3816.5
2024-11-14 01:11:50,0.059843,Waliguan,36.28333,100.9,3816.5
2024-11-14 01:15:56,0.06047,Waliguan,36.28333,100.9,3816.5
2024-11-14 01:18:55,0.059374,Waliguan,36.28333,100.9,3816.5
2024-11-14 01:20:51,0.059851,Waliguan,36.28333,100.9,3816.5
2024-11-14 01:30:22,0.060014,Waliguan,36.28333,100.9,3816.5
2024-11-14 01:32:26,0.061077,Waliguan,36.28333,100.9,3816.5
2024-11-14 01:36:56,0.061753,Waliguan,36.28333,100.9,3816.5
2024-11-14 01:38:50,0.062608,Waliguan,36.28333,100.9,3816.5
2024-11-14 01:42:56,0.061392,Waliguan,36.28333,100.9,3816.5
2024-11-14 01:44:49,0.060623,Waliguan,36.28333,100.9,3816.5
2024-11-14 01:48:56,0.060567,Waliguan,36.28333,100.9,3816.5
2024-11-14 01:51:56,0.061333,Waliguan,36.28333,100.9,3816.5
2024-11-14 01:53:50,0.062369,Waliguan,36.28333,100.9,3816.5
2024-11-14 02:02:02,0.061743,Waliguan,36.28333,100.9,3816.5
2024-11-14 02:08:23,0.060929,Waliguan,36.28333,100.9,3816.5
2024-11-14 02:16:38,0.061415,Waliguan,36.28333,100.9,3816.5
2024-11-14 02:22:59,0.061478,Waliguan,36.28333,100.9,3816.5
2024-11-14 02:27:56,0.06109,Waliguan,36.28333,100.9,3816.5
2024-11-14 02:45:57,0.064597,Waliguan,36.28333,100.9,3816.5
2024-11-14 02:51:56,0.085835,Waliguan,36.28333,100.9,3816.5
2024-11-14 02:54:56,0.081213,Waliguan,36.28333,100.9,3816.5
2024-11-14 02:57:56,0.064975,Waliguan,36.28333,100.9,3816.5
2024-11-14 03:00:58,0.064656,Waliguan,36.28333,100.9,3816.5
2024-11-14 03:02:51,0.063984,Waliguan,36.28333,100.9,3816.5
2024-11-14 03:10:56,0.064912,Waliguan,36.28333,100.9,3816.5
2024-11-14 03:17:24,0.068345,Waliguan,36.28333,100.9,3816.5
2024-11-14 03:21:56,0.070115,Waliguan,36.28333,100.9,3816.5
2024-11-14 03:24:57,0.070382,Waliguan,36.28333,100.9,3816.5
2024-11-14 03:27:56,0.070241,Waliguan,36.28333,100.9,3816.5
2024-11-14 03:30:56,0.069854,Waliguan,36.28333,100.9,3816.5
2024-11-14 03:36:56,0.069611,Waliguan,36.28333,100.9,3816.5
2024-11-14 03:39:58,0.070142,Waliguan,36.28333,100.9,3816.5
2024-11-14 03:42:56,0.070231,Waliguan,36.28333,100.9,3816.5
2024-11-14 03:45:56,0.070235,Waliguan,36.28333,100.9,3816.5
2024-11-14 03:47:49,0.07284,Waliguan,36.28333,100.9,3816.5
2024-11-14 03:51:56,0.071671,Waliguan,36.28333,100.9,3816.5
2024-11-14 03:54:56,0.070532,Waliguan,36.28333,100.9,3816.5
2024-11-14 03:57:56,0.071394,Waliguan,36.28333,100.9,3816.5
2024-11-14 04:00:57,0.071553,Waliguan,36.28333,100.9,3816.5
2024-11-14 04:02:51,0.070929,Waliguan,36.28333,100.9,3816.5
2024-11-14 04:10:52,0.069808,Waliguan,36.28333,100.9,3816.5
2024-11-14 04:17:25,0.071299,Waliguan,36.28333,100.9,3816.5
2024-11-14 04:21:56,0.070442,Waliguan,36.28333,100.9,3816.5
2024-11-14 04:24:56,0.069801,Waliguan,36.28333,100.9,3816.5
2024-11-14 04:27:57,0.06982,Waliguan,36.28333,100.9,3816.5
2024-11-14 04:30:57,0.069017,Waliguan,36.28333,100.9,3816.5
2024-11-14 04:32:48,0.068327,Waliguan,36.28333,100.9,3816.5
2024-11-14 04:36:57,0.068607,Waliguan,36.28333,100.9,3816.5
2024-11-14 04:39:56,0.069059,Waliguan,36.28333,100.9,3816.5
2024-11-14 04:42:56,0.068487,Waliguan,36.28333,100.9,3816.5
2024-11-14 04:45:56,0.06897,Waliguan,36.28333,100.9,3816.5
2024-11-14 04:47:48,0.069095,Waliguan,36.28333,100.9,3816.5
2024-11-14 04:51:56,0.069838,Waliguan,36.28333,100.9,3816.5
2024-11-14 04:54:57,0.070256,Waliguan,36.28333,100.9,3816.5
2024-11-14 04:57:57,0.070609,Waliguan,36.28333,100.9,3816.5
2024-11-14 05:00:57,0.069914,Waliguan,36.28333,100.9,3816.5
2024-11-14 05:02:50,0.069252,Waliguan,36.28333,100.9,3816.5
2024-11-14 05:10:51,0.068644,Waliguan,36.28333,100.9,3816.5
2024-11-14 05:17:22,0.069265,Waliguan,36.28333,100.9,3816.5
2024-11-14 05:21:54,0.07054,Waliguan,36.28333,100.9,3816.5
2024-11-14 05:27:57,0.070481,Waliguan,36.28333,100.9,3816.5
2024-11-14 05:30:57,0.070475,Waliguan,36.28333,100.9,3816.5
2024-11-14 05:32:49,0.071776,Waliguan,36.28333,100.9,3816.5
2024-11-14 05:36:57,0.071074,Waliguan,36.28333,100.9,3816.5
2024-11-14 05:39:57,0.071373,Waliguan,36.28333,100.9,3816.5
2024-11-14 05:42:57,0.072002,Waliguan,36.28333,100.9,3816.5
2024-11-14 05:45:57,0.071683,Waliguan,36.28333,100.9,3816.5
2024-11-14 05:47:50,0.071243,Waliguan,36.28333,100.9,3816.5
2024-11-14 05:51:57,0.073994,Waliguan,36.28333,100.9,3816.5
2024-11-14 05:54:57,0.077735,Waliguan,36.28333,100.9,3816.5
2024-11-14 05:57:57,0.074592,Waliguan,36.28333,100.9,3816.5
2024-11-14 06:00:57,0.073536,Waliguan,36.28333,100.9,3816.5
2024-11-14 06:02:51,0.072911,Waliguan,36.28333,100.9,3816.5
2024-11-14 06:10:55,0.073538,Waliguan,36.28333,100.9,3816.5
2024-11-14 06:17:25,0.070921,Waliguan,36.28333,100.9,3816.5
2024-11-14 06:21:54,0.06963,Waliguan,36.28333,100.9,3816.5
2024-11-14 06:24:57,0.068956,Waliguan,36.28333,100.9,3816.5
2024-11-14 06:27:57,0.07022,Waliguan,36.28333,100.9,3816.5
2024-11-14 06:30:56,0.070658,Waliguan,36.28333,100.9,3816.5
2024-11-14 06:32:50,0.069687,Waliguan,36.28333,100.9,3816.5
2024-11-14 06:36:56,0.074331,Waliguan,36.28333,100.9,3816.5
2024-11-14 06:39:57,0.071822,Waliguan,36.28333,100.9,3816.5
2024-11-14 06:42:57,0.072663,Waliguan,36.28333,100.9,3816.5
2024-11-14 06:45:57,0.073111,Waliguan,36.28333,100.9,3816.5
2024-11-14 06:47:50,0.073153,Waliguan,36.28333,100.9,3816.5
2024-11-14 06:51:57,0.074104,Waliguan,36.28333,100.9,3816.5
2024-11-14 06:54:57,0.078336,Waliguan,36.28333,100.9,3816.5
2024-11-14 06:57:56,0.075014,Waliguan,36.28333,100.9,3816.5
2024-11-14 07:39:56,0.099345,Waliguan,36.28333,100.9,3816.5
2024-11-14 07:42:56,0.113964,Waliguan,36.28333,100.9,3816.5
2024-11-14 07:45:56,0.08586,Waliguan,36.28333,100.9,3816.5
2024-11-14 07:51:56,0.086502,Waliguan,36.28333,100.9,3816.5
2024-11-14 07:54:56,0.082686,Waliguan,36.28333,100.9,3816.5
2024-11-14 07:57:56,0.087902,Waliguan,36.28333,100.9,3816.5
2024-11-14 08:02:50,0.084631,Waliguan,36.28333,100.9,3816.5
2024-11-14 08:10:53,0.088115,Waliguan,36.28333,100.9,3816.5
2024-11-14 08:17:33,0.086467,Waliguan,36.28333,100.9,3816.5
2024-11-15 00:44:40,0.148563,Waliguan,36.28333,100.9,3816.5
2024-11-15 01:09:55,0.183502,Waliguan,36.28333,100.9,3816.5
2024-11-15 01:11:54,0.171565,Waliguan,36.28333,100.9,3816.5
2024-11-15 01:15:58,0.157995,Waliguan,36.28333,100.9,3816.5
2024-11-15 01:21:55,0.152776,Waliguan,36.28333,100.9,3816.5
2024-11-15 01:31:39,0.158144,Waliguan,36.28333,100.9,3816.5
2024-11-15 01:33:51,0.160475,Waliguan,36.28333,100.9,3816.5
2024-11-15 01:36:58,0.157036,Waliguan,36.28333,100.9,3816.5
2024-11-15 01:38:56,0.155216,Waliguan,36.28333,100.9,3816.5
2024-11-15 01:42:56,0.157898,Waliguan,36.28333,100.9,3816.5
2024-11-15 01:45:41,0.160932,Waliguan,36.28333,100.9,3816.5
2024-11-15 01:48:56,0.153957,Waliguan,36.28333,100.9,3816.5
2024-11-15 01:51:57,0.159067,Waliguan,36.28333,100.9,3816.5
2024-11-15 01:54:05,0.155007,Waliguan,36.28333,100.9,3816.5
2024-11-15 02:02:34,0.159353,Waliguan,36.28333,100.9,3816.5
2024-11-15 02:09:03,0.151843,Waliguan,36.28333,100.9,3816.5
2024-11-15 02:17:38,0.150733,Waliguan,36.28333,100.9,3816.5
2024-11-15 02:23:56,0.151319,Waliguan,36.28333,100.9,3816.5
2024-11-15 02:27:56,0.15399,Waliguan,36.28333,100.9,3816.5
2024-11-15 02:51:56,0.18731,Waliguan,36.28333,100.9,3816.5
2024-11-15 02:54:57,0.184145,Waliguan,36.28333,100.9,3816.5
2024-11-15 02:57:57,0.166118,Waliguan,36.28333,100.9,3816.5
2024-11-15 03:00:57,0.172627,Waliguan,36.28333,100.9,3816.5
2024-11-15 03:02:51,0.172495,Waliguan,36.28333,100.9,3816.5
2024-11-15 03:11:05,0.1735,Waliguan,36.28333,100.9,3816.5
2024-11-15 03:17:37,0.181614,Waliguan,36.28333,100.9,3816.5
2024-11-15 03:21:55,0.180494,Waliguan,36.28333,100.9,3816.5
2024-11-15 03:24:56,0.183587,Waliguan,36.28333,100.9,3816.5
2024-11-15 03:27:56,0.187816,Waliguan,36.28333,100.9,3816.5
2024-11-15 03:30:56,0.195291,Waliguan,36.28333,100.9,3816.5
2024-11-15 03:32:49,0.193625,Waliguan,36.28333,100.9,3816.5
2024-11-15 03:36:56,0.192485,Waliguan,36.28333,100.9,3816.5
2024-11-15 03:39:56,0.194202,Waliguan,36.28333,100.9,3816.5
2024-11-15 03:42:57,0.193194,Waliguan,36.28333,100.9,3816.5
2024-11-15 03:45:57,0.19768,Waliguan,36.28333,100.9,3816.5
2024-11-15 03:47:50,0.198625,Waliguan,36.28333,100.9,3816.5
2024-11-15 03:51:56,0.203791,Waliguan,36.28333,100.9,3816.5
2024-11-15 03:54:56,0.209688,Waliguan,36.28333,100.9,3816.5
2024-11-15 03:57:56,0.214652,Waliguan,36.28333,100.9,3816.5
2024-11-15 04:02:51,0.226728,Waliguan,36.28333,100.9,3816.5
2024-11-15 04:10:58,0.211756,Waliguan,36.28333,100.9,3816.5
2024-11-15 04:17:34,0.213869,Waliguan,36.28333,100.9,3816.5
2024-11-15 04:21:57,0.222912,Waliguan,36.28333,100.9,3816.5
2024-11-16 02:36:56,2.187792,Waliguan,36.28333,100.9,3816.5
2024-11-17 06:00:58,1.235855,Waliguan,36.28333,100.9,3816.5
2024-11-17 06:02:51,1.168458,Waliguan,36.28333,100.9,3816.5
2024-11-17 06:17:35,2.191612,Waliguan,36.28333,100.9,3816.5
2024-11-17 06:21:56,2.183806,Waliguan,36.28333,100.9,3816.5
2024-11-17 06:24:57,2.263386,Waliguan,36.28333,100.9,3816.5
2024-11-17 06:27:57,2.19304,Waliguan,36.28333,100.9,3816.5
2024-11-17 07:02:30,2.009451,Waliguan,36.28333,100.9,3816.5
2024-11-17 07:10:38,2.287612,Waliguan,36.28333,100.9,3816.5
2024-11-17 07:24:56,1.44916,Waliguan,36.28333,100.9,3816.5
2024-11-17 07:27:57,1.418366,Waliguan,36.28333,100.9,3816.5
2024-11-17 07:30:56,1.373832,Waliguan,36.28333,100.9,3816.5
2024-11-17 07:32:49,1.385457,Waliguan,36.28333,100.9,3816.5
2024-11-17 08:33:56,1.156556,Waliguan,36.28333,100.9,3816.5
2024-11-20 00:50:30,0.039621,Waliguan,36.28333,100.9,3816.5
2024-11-20 00:54:20,0.043438,Waliguan,36.28333,100.9,3816.5
2024-11-20 00:57:55,0.047308,Waliguan,36.28333,100.9,3816.5
2024-11-20 00:59:50,0.040902,Waliguan,36.28333,100.9,3816.5
2024-11-20 01:03:54,0.039581,Waliguan,36.28333,100.9,3816.5
2024-11-20 01:06:55,0.048062,Waliguan,36.28333,100.9,3816.5
2024-11-20 01:09:55,0.045131,Waliguan,36.28333,100.9,3816.5
2024-11-20 01:11:51,0.045114,Waliguan,36.28333,100.9,3816.5
2024-11-20 01:15:56,0.049221,Waliguan,36.28333,100.9,3816.5
2024-11-20 01:18:17,0.051635,Waliguan,36.28333,100.9,3816.5
2024-11-20 01:27:55,0.092047,Waliguan,36.28333,100.9,3816.5
2024-11-20 01:45:34,0.080505,Waliguan,36.28333,100.9,3816.5
2024-11-20 01:53:50,0.053444,Waliguan,36.28333,100.9,3816.5
2024-11-20 02:26:22,0.192329,Waliguan,36.28333,100.9,3816.5
2024-11-20 04:03:12,0.07609,Waliguan,36.28333,100.9,3816.5
2024-11-20 04:18:11,0.089973,Waliguan,36.28333,100.9,3816.5
2024-11-20 08:03:12,0.20743,Waliguan,36.28333,100.9,3816.5
2024-11-20 08:56:53,0.086647,Waliguan,36.28333,100.9,3816.5
2024-11-21 00:59:53,0.140934,Waliguan,36.28333,100.9,3816.5
2024-11-21 06:33:26,0.144777,Waliguan,36.28333,100.9,3816.5
2024-11-21 06:36:57,0.162138,Waliguan,36.28333,100.9,3816.5
2024-11-21 06:39:57,0.134536,Waliguan,36.28333,100.9,3816.5
2024-11-21 08:26:39,0.117558,Waliguan,36.28333,100.9,3816.5
2024-11-21 08:33:06,0.100606,Waliguan,36.28333,100.9,3816.5
2024-11-21 08:35:10,0.097512,Waliguan,36.28333,100.9,3816.5
2024-11-21 08:37:12,0.101365,Waliguan,36.28333,100.9,3816.5
2024-11-21 08:41:23,0.126058,Waliguan,36.28333,100.9,3816.5
2024-11-21 08:50:58,0.091923,Waliguan,36.28333,100.9,3816.5
2024-11-21 08:54:56,0.082592,Waliguan,36.28333,100.9,3816.5
2024-11-21 08:56:50,0.078997,Waliguan,36.28333,100.9,3816.5
2024-11-21 09:02:49,0.090394,Waliguan,36.28333,100.9,3816.5
2024-11-21 09:06:57,0.082576,Waliguan,36.28333,100.9,3816.5
2024-11-21 09:08:51,0.070233,Waliguan,36.28333,100.9,3816.5
2024-11-21 09:15:13,0.072872,Waliguan,36.28333,100.9,3816.5
2024-11-22 00:52:48,0.052394,Waliguan,36.28333,100.9,3816.5
2024-11-22 00:54:56,0.049461,Waliguan,36.28333,100.9,3816.5
2024-11-22 00:56:49,0.048888,Waliguan,36.28333,100.9,3816.5
2024-11-22 01:00:55,0.048855,Waliguan,36.28333,100.9,3816.5
2024-11-22 01:02:49,0.045983,Waliguan,36.28333,100.9,3816.5
2024-11-22 01:06:16,0.045352,Waliguan,36.28333,100.9,3816.5
2024-11-22 01:09:55,0.045211,Waliguan,36.28333,100.9,3816.5
2024-11-22 01:12:44,0.045274,Waliguan,36.28333,100.9,3816.5
2024-11-22 01:15:55,0.045343,Waliguan,36.28333,100.9,3816.5
2024-11-22 01:18:58,0.045721,Waliguan,36.28333,100.9,3816.5
2024-11-22 01:20:51,0.051169,Waliguan,36.28333,100.9,3816.5
2024-11-22 01:24:55,0.057421,Waliguan,36.28333,100.9,3816.5
2024-11-22 01:30:56,0.070307,Waliguan,36.28333,100.9,3816.5
2024-11-22 01:48:26,0.112366,Waliguan,36.28333,100.9,3816.5
2024-11-22 02:12:31,0.057101,Waliguan,36.28333,100.9,3816.5
2024-11-22 03:00:56,0.192852,Waliguan,36.28333,100.9,3816.5
2024-11-22 03:11:57,0.210239,Waliguan,36.28333,100.9,3816.5
2024-11-22 03:18:42,0.219305,Waliguan,36.28333,100.9,3816.5
2024-11-22 03:45:56,0.485716,Waliguan,36.28333,100.9,3816.5
2024-11-22 03:54:57,0.608714,Waliguan,36.28333,100.9,3816.5
2024-11-22 04:00:57,0.612353,Waliguan,36.28333,100.9,3816.5
2024-11-22 05:57:57,0.112314,Waliguan,36.28333,100.9,3816.5
2024-11-22 06:00:58,0.1243,Waliguan,36.28333,100.9,3816.5
2024-11-22 06:03:43,0.137419,Waliguan,36.28333,100.9,3816.5
2024-11-22 06:11:53,0.164567,Waliguan,36.28333,100.9,3816.5
2024-11-22 06:21:56,0.146545,Waliguan,36.28333,100.9,3816.5
2024-11-22 06:33:42,0.470914,Waliguan,36.28333,100.9,3816.5
2024-11-22 09:02:49,0.159046,Waliguan,36.28333,100.9,3816.5
2024-11-25 00:56:09,0.050352,Waliguan,36.28333,100.9,3816.5
2024-11-25 00:59:57,0.049412,Waliguan,36.28333,100.9,3816.5
2024-11-25 01:03:59,0.049764,Waliguan,36.28333,100.9,3816.5
2024-11-25 01:05:50,0.049941,Waliguan,36.28333,100.9,3816.5
2024-11-25 01:09:48,0.050006,Waliguan,36.28333,100.9,3816.5
2024-11-25 01:12:55,0.050519,Waliguan,36.28333,100.9,3816.5
2024-11-25 01:15:56,0.05096,Waliguan,36.28333,100.9,3816.5
2024-11-25 01:17:49,0.052013,Waliguan,36.28333,100.9,3816.5
2024-11-25 01:21:57,0.053718,Waliguan,36.28333,100.9,3816.5
2024-11-25 01:24:28,0.054039,Waliguan,36.28333,100.9,3816.5
2024-11-25 01:27:55,0.054703,Waliguan,36.28333,100.9,3816.5
2024-11-25 01:30:56,0.056062,Waliguan,36.28333,100.9,3816.5
2024-11-25 01:33:57,0.054939,Waliguan,36.28333,100.9,3816.5
2024-11-25 01:35:50,0.056147,Waliguan,36.28333,100.9,3816.5
2024-11-25 01:45:23,0.056827,Waliguan,36.28333,100.9,3816.5
2024-11-25 01:47:28,0.057724,Waliguan,36.28333,100.9,3816.5
2024-11-25 01:51:56,0.058704,Waliguan,36.28333,100.9,3816.5
2024-11-25 01:53:50,0.057979,Waliguan,36.28333,100.9,3816.5
2024-11-25 01:57:56,0.057345,Waliguan,36.28333,100.9,3816.5
2024-11-25 02:00:03,0.057953,Waliguan,36.28333,100.9,3816.5
2024-11-25 02:03:56,0.058422,Waliguan,36.28333,100.9,3816.5
2024-11-25 02:05:50,0.058883,Waliguan,36.28333,100.9,3816.5
2024-11-25 02:14:15,0.05892,Waliguan,36.28333,100.9,3816.5
2024-11-25 02:20:41,0.060228,Waliguan,36.28333,100.9,3816.5
2024-11-25 02:24:57,0.061394,Waliguan,36.28333,100.9,3816.5
2024-11-25 02:42:56,0.064616,Waliguan,36.28333,100.9,3816.5
2024-11-25 02:45:56,0.063066,Waliguan,36.28333,100.9,3816.5
2024-11-25 02:48:56,0.07283,Waliguan,36.28333,100.9,3816.5
2024-11-25 02:54:56,0.066689,Waliguan,36.28333,100.9,3816.5
2024-11-25 02:57:56,0.067138,Waliguan,36.28333,100.9,3816.5
2024-11-25 03:00:57,0.069646,Waliguan,36.28333,100.9,3816.5
2024-11-25 03:03:56,0.067293,Waliguan,36.28333,100.9,3816.5
2024-11-25 03:05:51,0.066674,Waliguan,36.28333,100.9,3816.5
2024-11-25 03:14:02,0.066976,Waliguan,36.28333,100.9,3816.5
2024-11-25 03:20:34,0.068197,Waliguan,36.28333,100.9,3816.5
2024-11-25 03:24:56,0.067651,Waliguan,36.28333,100.9,3816.5
2024-11-25 03:27:56,0.071569,Waliguan,36.28333,100.9,3816.5
2024-11-25 03:30:56,0.073694,Waliguan,36.28333,100.9,3816.5
2024-11-25 03:33:56,0.074644,Waliguan,36.28333,100.9,3816.5
2024-11-25 03:35:51,0.073762,Waliguan,36.28333,100.9,3816.5
2024-11-25 03:39:56,0.078225,Waliguan,36.28333,100.9,3816.5
2024-11-25 03:42:57,0.080174,Waliguan,36.28333,100.9,3816.5
2024-11-25 03:48:56,0.080532,Waliguan,36.28333,100.9,3816.5
2024-11-25 03:50:49,0.085087,Waliguan,36.28333,100.9,3816.5
2024-11-25 03:54:57,0.078376,Waliguan,36.28333,100.9,3816.5
2024-11-25 03:57:56,0.086663,Waliguan,36.28333,100.9,3816.5
2024-11-25 04:00:56,0.088376,Waliguan,36.28333,100.9,3816.5
2024-11-25 04:03:56,0.087126,Waliguan,36.28333,100.9,3816.5
2024-11-25 04:14:04,0.078583,Waliguan,36.28333,100.9,3816.5
2024-11-25 04:20:37,0.089214,Waliguan,36.28333,100.9,3816.5
2024-11-25 04:24:59,0.083615,Waliguan,36.28333,100.9,3816.5
2024-11-25 04:27:56,0.080796,Waliguan,36.28333,100.9,3816.5
2024-11-25 04:30:56,0.080227,Waliguan,36.28333,100.9,3816.5
2024-11-25 04:33:57,0.081147,Waliguan,36.28333,100.9,3816.5
2024-11-25 04:35:50,0.094645,Waliguan,36.28333,100.9,3816.5
2024-11-25 04:39:57,0.091204,Waliguan,36.28333,100.9,3816.5
2024-11-25 04:42:57,0.088728,Waliguan,36.28333,100.9,3816.5
2024-11-25 04:45:57,0.088417,Waliguan,36.28333,100.9,3816.5
2024-11-25 04:48:57,0.088201,Waliguan,36.28333,100.9,3816.5
2024-11-25 04:50:49,0.082866,Waliguan,36.28333,100.9,3816.5
2024-11-25 04:54:56,0.080563,Waliguan,36.28333,100.9,3816.5
2024-11-25 04:57:57,0.086746,Waliguan,36.28333,100.9,3816.5
2024-11-25 05:00:57,0.085528,Waliguan,36.28333,100.9,3816.5
2024-11-25 05:03:57,0.089399,Waliguan,36.28333,100.9,3816.5
2024-11-25 05:05:51,0.086046,Waliguan,36.28333,100.9,3816.5
2024-11-25 05:14:01,0.088747,Waliguan,36.28333,100.9,3816.5
2024-11-25 05:20:34,0.088038,Waliguan,36.28333,100.9,3816.5
2024-11-25 05:24:57,0.087362,Waliguan,36.28333,100.9,3816.5
2024-11-25 05:27:56,0.096971,Waliguan,36.28333,100.9,3816.5
2024-11-25 05:30:57,0.096874,Waliguan,36.28333,100.9,3816.5
2024-11-25 05:33:57,0.093855,Waliguan,36.28333,100.9,3816.5
2024-11-25 05:39:59,0.10283,Waliguan,36.28333,100.9,3816.5
2024-11-25 05:42:57,0.100348,Waliguan,36.28333,100.9,3816.5
2024-11-25 05:45:57,0.093594,Waliguan,36.28333,100.9,3816.5
2024-11-25 05:50:53,0.096138,Waliguan,36.28333,100.9,3816.5
2024-11-25 05:54:56,0.100897,Waliguan,36.28333,100.9,3816.5
2024-11-25 05:57:56,0.100201,Waliguan,36.28333,100.9,3816.5
2024-11-25 06:00:58,0.094686,Waliguan,36.28333,100.9,3816.5
2024-11-25 06:03:57,0.098797,Waliguan,36.28333,100.9,3816.5
2024-11-25 06:05:51,0.101828,Waliguan,36.28333,100.9,3816.5
2024-11-25 06:14:07,0.095957,Waliguan,36.28333,100.9,3816.5
2024-11-25 06:20:39,0.095341,Waliguan,36.28333,100.9,3816.5
2024-11-25 06:24:57,0.095816,Waliguan,36.28333,100.9,3816.5
2024-11-25 06:27:57,0.100023,Waliguan,36.28333,100.9,3816.5
2024-11-25 06:30:58,0.0996,Waliguan,36.28333,100.9,3816.5
2024-11-25 06:33:57,0.100891,Waliguan,36.28333,100.9,3816.5
2024-11-25 06:35:50,0.102277,Waliguan,36.28333,100.9,3816.5
2024-11-25 06:39:58,0.099241,Waliguan,36.28333,100.9,3816.5
2024-11-25 06:42:57,0.096563,Waliguan,36.28333,100.9,3816.5
2024-11-25 06:45:57,0.091532,Waliguan,36.28333,100.9,3816.5
2024-11-25 06:48:57,0.092769,Waliguan,36.28333,100.9,3816.5
2024-11-25 06:50:55,0.093354,Waliguan,36.28333,100.9,3816.5
2024-11-25 06:54:57,0.094216,Waliguan,36.28333,100.9,3816.5
2024-11-25 06:57:57,0.094721,Waliguan,36.28333,100.9,3816.5
2024-11-25 07:00:57,0.096343,Waliguan,36.28333,100.9,3816.5
2024-11-25 07:04:00,0.095574,Waliguan,36.28333,100.9,3816.5
2024-11-25 07:05:51,0.096198,Waliguan,36.28333,100.9,3816.5
2024-11-25 07:14:05,0.097619,Waliguan,36.28333,100.9,3816.5
2024-11-25 07:20:40,0.100989,Waliguan,36.28333,100.9,3816.5
2024-11-25 07:24:57,0.09869,Waliguan,36.28333,100.9,3816.5
2024-11-25 07:27:57,0.100252,Waliguan,36.28333,100.9,3816.5
2024-11-25 07:30:57,0.097229,Waliguan,36.28333,100.9,3816.5
2024-11-25 07:33:57,0.096894,Waliguan,36.28333,100.9,3816.5
2024-11-25 07:35:50,0.103943,Waliguan,36.28333,100.9,3816.5
2024-11-25 07:39:58,0.101142,Waliguan,36.28333,100.9,3816.5
2024-11-25 07:42:56,0.097612,Waliguan,36.28333,100.9,3816.5
2024-11-25 07:45:56,0.096934,Waliguan,36.28333,100.9,3816.5
2024-11-25 07:48:57,0.093527,Waliguan,36.28333,100.9,3816.5
2024-11-25 07:50:48,0.084642,Waliguan,36.28333,100.9,3816.5
2024-11-25 07:54:56,0.090813,Waliguan,36.28333,100.9,3816.5
2024-11-25 07:57:56,0.084557,Waliguan,36.28333,100.9,3816.5
2024-11-25 08:00:56,0.084151,Waliguan,36.28333,100.9,3816.5
2024-11-25 08:03:56,0.081799,Waliguan,36.28333,100.9,3816.5
2024-11-25 08:05:51,0.080117,Waliguan,36.28333,100.9,3816.5
2024-11-25 08:14:13,0.067277,Waliguan,36.28333,100.9,3816.5
2024-11-25 08:20:48,0.06476,Waliguan,36.28333,100.9,3816.5
2024-11-25 08:22:51,0.065254,Waliguan,36.28333,100.9,3816.5
2024-11-25 08:24:55,0.066239,Waliguan,36.28333,100.9,3816.5
2024-11-25 08:27:56,0.064324,Waliguan,36.28333,100.9,3816.5
2024-11-25 08:29:50,0.061494,Waliguan,36.28333,100.9,3816.5
2024-11-25 08:33:56,0.060886,Waliguan,36.28333,100.9,3816.5
2024-11-25 08:35:50,0.060697,Waliguan,36.28333,100.9,3816.5
2024-11-25 08:45:15,0.057634,Waliguan,36.28333,100.9,3816.5
2024-11-25 08:48:56,0.05712,Waliguan,36.28333,100.9,3816.5
2024-11-25 08:51:57,0.055643,Waliguan,36.28333,100.9,3816.5
2024-11-25 08:53:49,0.056024,Waliguan,36.28333,100.9,3816.5
2024-11-25 08:57:56,0.052295,Waliguan,36.28333,100.9,3816.5
2024-11-25 08:59:49,0.052718,Waliguan,36.28333,100.9,3816.5
2024-11-25 09:03:53,0.051698,Waliguan,36.28333,100.9,3816.5
2024-11-25 09:05:47,0.050905,Waliguan,36.28333,100.9,3816.5
2024-11-25 09:09:11,0.050288,Waliguan,36.28333,100.9,3816.5
2024-11-25 09:12:55,0.049506,Waliguan,36.28333,100.9,3816.5
2024-11-25 09:14:56,0.049096,Waliguan,36.28333,100.9,3816.5
2024-11-26 01:00:55,0.034687,Waliguan,36.28333,100.9,3816.5
2024-11-26 01:05:35,0.034621,Waliguan,36.28333,100.9,3816.5
2024-11-26 01:09:55,0.035015,Waliguan,36.28333,100.9,3816.5
2024-11-26 01:11:50,0.035196,Waliguan,36.28333,100.9,3816.5
2024-11-26 01:15:56,0.036364,Waliguan,36.28333,100.9,3816.5
2024-11-26 01:17:50,0.036266,Waliguan,36.28333,100.9,3816.5
2024-11-26 01:21:54,0.036345,Waliguan,36.28333,100.9,3816.5
2024-11-26 01:24:55,0.036285,Waliguan,36.28333,100.9,3816.5
2024-11-26 01:26:50,0.036579,Waliguan,36.28333,100.9,3816.5
2024-11-26 01:30:56,0.037559,Waliguan,36.28333,100.9,3816.5
2024-11-26 01:33:55,0.038239,Waliguan,36.28333,100.9,3816.5
2024-11-26 01:36:12,0.039024,Waliguan,36.28333,100.9,3816.5
2024-11-26 01:45:36,0.039545,Waliguan,36.28333,100.9,3816.5
2024-11-26 01:47:40,0.040296,Waliguan,36.28333,100.9,3816.5
2024-11-26 01:51:56,0.041282,Waliguan,36.28333,100.9,3816.5
2024-11-26 01:53:52,0.041292,Waliguan,36.28333,100.9,3816.5
2024-11-26 01:58:02,0.041244,Waliguan,36.28333,100.9,3816.5
2024-11-26 02:00:56,0.041358,Waliguan,36.28333,100.9,3816.5
2024-11-26 02:02:36,0.041378,Waliguan,36.28333,100.9,3816.5
2024-11-26 02:04:53,0.042401,Waliguan,36.28333,100.9,3816.5
2024-11-26 02:13:01,0.043721,Waliguan,36.28333,100.9,3816.5
2024-11-26 02:19:52,0.044866,Waliguan,36.28333,100.9,3816.5
2024-11-26 02:21:56,0.045462,Waliguan,36.28333,100.9,3816.5
2024-11-26 02:24:56,0.044868,Waliguan,36.28333,100.9,3816.5
2024-11-26 02:42:56,0.043351,Waliguan,36.28333,100.9,3816.5
2024-11-26 02:45:56,0.043554,Waliguan,36.28333,100.9,3816.5
2024-11-26 02:54:57,0.042863,Waliguan,36.28333,100.9,3816.5
2024-11-26 02:57:56,0.043314,Waliguan,36.28333,100.9,3816.5
2024-11-26 03:00:56,0.043113,Waliguan,36.28333,100.9,3816.5
2024-11-26 03:03:56,0.04336,Waliguan,36.28333,100.9,3816.5
2024-11-26 03:05:51,0.044455,Waliguan,36.28333,100.9,3816.5
2024-11-26 03:14:02,0.04618,Waliguan,36.28333,100.9,3816.5
2024-11-26 03:20:36,0.047689,Waliguan,36.28333,100.9,3816.5
2024-11-26 03:24:56,0.048696,Waliguan,36.28333,100.9,3816.5
2024-11-26 03:27:56,0.049336,Waliguan,36.28333,100.9,3816.5
2024-11-26 03:30:56,0.050205,Waliguan,36.28333,100.9,3816.5
2024-11-26 03:33:56,0.050105,Waliguan,36.28333,100.9,3816.5
2024-11-26 03:35:49,0.050121,Waliguan,36.28333,100.9,3816.5
2024-11-26 03:39:56,0.049638,Waliguan,36.28333,100.9,3816.5
2024-11-26 03:42:56,0.050713,Waliguan,36.28333,100.9,3816.5
2024-11-26 03:48:56,0.051812,Waliguan,36.28333,100.9,3816.5
2024-11-26 03:50:49,0.050927,Waliguan,36.28333,100.9,3816.5
2024-11-26 03:54:56,0.05358,Waliguan,36.28333,100.9,3816.5
2024-11-26 03:57:57,0.054938,Waliguan,36.28333,100.9,3816.5
2024-11-26 04:00:56,0.05436,Waliguan,36.28333,100.9,3816.5
2024-11-26 04:03:56,0.055549,Waliguan,36.28333,100.9,3816.5
2024-11-26 04:05:50,0.054007,Waliguan,36.28333,100.9,3816.5
2024-11-26 04:13:55,0.054463,Waliguan,36.28333,100.9,3816.5
2024-11-26 04:20:26,0.054397,Waliguan,36.28333,100.9,3816.5
2024-11-26 04:24:58,0.055174,Waliguan,36.28333,100.9,3816.5
2024-11-26 04:27:56,0.055648,Waliguan,36.28333,100.9,3816.5
2024-11-26 04:30:57,0.056091,Waliguan,36.28333,100.9,3816.5
2024-11-26 04:33:57,0.055928,Waliguan,36.28333,100.9,3816.5
2024-11-26 04:35:50,0.054861,Waliguan,36.28333,100.9,3816.5
2024-11-26 04:39:57,0.057881,Waliguan,36.28333,100.9,3816.5
2024-11-26 04:42:57,0.058123,Waliguan,36.28333,100.9,3816.5
2024-11-26 04:45:56,0.059813,Waliguan,36.28333,100.9,3816.5
2024-11-26 04:48:57,0.060078,Waliguan,36.28333,100.9,3816.5
2024-11-26 04:50:49,0.061033,Waliguan,36.28333,100.9,3816.5
2024-11-26 04:54:56,0.060464,Waliguan,36.28333,100.9,3816.5
2024-11-26 04:57:56,0.059853,Waliguan,36.28333,100.9,3816.5
2024-11-26 05:00:56,0.061332,Waliguan,36.28333,100.9,3816.5
2024-11-26 05:03:56,0.060352,Waliguan,36.28333,100.9,3816.5
2024-11-26 05:05:50,0.061798,Waliguan,36.28333,100.9,3816.5
2024-11-26 05:14:01,0.062431,Waliguan,36.28333,100.9,3816.5
2024-11-26 05:20:33,0.065629,Waliguan,36.28333,100.9,3816.5
2024-11-26 05:24:57,0.064575,Waliguan,36.28333,100.9,3816.5
2024-11-26 05:27:58,0.064377,Waliguan,36.28333,100.9,3816.5
2024-11-26 05:30:57,0.064331,Waliguan,36.28333,100.9,3816.5
2024-11-26 05:33:58,0.065441,Waliguan,36.28333,100.9,3816.5
2024-11-26 05:35:49,0.066045,Waliguan,36.28333,100.9,3816.5
2024-11-26 05:39:57,0.064726,Waliguan,36.28333,100.9,3816.5
2024-11-26 05:42:57,0.066184,Waliguan,36.28333,100.9,3816.5
2024-11-26 05:45:57,0.062437,Waliguan,36.28333,100.9,3816.5
2024-11-26 05:48:57,0.062376,Waliguan,36.28333,100.9,3816.5
2024-11-26 05:50:49,0.05989,Waliguan,36.28333,100.9,3816.5
2024-11-26 05:54:58,0.063191,Waliguan,36.28333,100.9,3816.5
2024-11-26 05:57:57,0.062979,Waliguan,36.28333,100.9,3816.5
2024-11-26 06:00:57,0.062941,Waliguan,36.28333,100.9,3816.5
2024-11-26 06:05:50,0.068453,Waliguan,36.28333,100.9,3816.5
2024-11-26 06:13:49,0.06023,Waliguan,36.28333,100.9,3816.5
2024-11-26 06:20:23,0.055384,Waliguan,36.28333,100.9,3816.5
2024-11-26 06:24:57,0.059356,Waliguan,36.28333,100.9,3816.5
2024-11-26 06:27:57,0.059433,Waliguan,36.28333,100.9,3816.5
2024-11-26 06:30:57,0.062636,Waliguan,36.28333,100.9,3816.5
2024-11-26 06:48:57,0.057385,Waliguan,36.28333,100.9,3816.5
2024-11-26 06:50:50,0.058787,Waliguan,36.28333,100.9,3816.5
2024-11-26 06:54:56,0.052588,Waliguan,36.28333,100.9,3816.5
2024-11-26 06:57:57,0.051582,Waliguan,36.28333,100.9,3816.5
2024-11-26 07:00:57,0.051136,Waliguan,36.28333,100.9,3816.5
2024-11-26 07:03:57,0.053141,Waliguan,36.28333,100.9,3816.5
2024-11-26 07:14:00,0.053584,Waliguan,36.28333,100.9,3816.5
2024-11-26 07:20:35,0.055925,Waliguan,36.28333,100.9,3816.5
2024-11-26 07:24:57,0.054716,Waliguan,36.28333,100.9,3816.5
2024-11-26 07:27:56,0.05384,Waliguan,36.28333,100.9,3816.5
2024-11-26 07:30:57,0.062375,Waliguan,36.28333,100.9,3816.5
2024-11-26 07:33:57,0.060031,Waliguan,36.28333,100.9,3816.5
2024-11-26 07:35:48,0.054721,Waliguan,36.28333,100.9,3816.5
2024-11-26 07:39:57,0.05308,Waliguan,36.28333,100.9,3816.5
2024-11-26 07:42:57,0.051655,Waliguan,36.28333,100.9,3816.5
2024-11-26 07:45:56,0.049849,Waliguan,36.28333,100.9,3816.5
2024-11-26 07:48:57,0.048477,Waliguan,36.28333,100.9,3816.5
2024-11-26 07:50:48,0.048509,Waliguan,36.28333,100.9,3816.5
2024-11-26 07:54:56,0.04968,Waliguan,36.28333,100.9,3816.5
2024-11-26 07:57:56,0.049138,Waliguan,36.28333,100.9,3816.5
2024-11-26 08:00:56,0.047618,Waliguan,36.28333,100.9,3816.5
2024-11-26 08:03:57,0.047478,Waliguan,36.28333,100.9,3816.5
2024-11-26 08:05:51,0.048484,Waliguan,36.28333,100.9,3816.5
2024-11-26 08:13:59,0.056142,Waliguan,36.28333,100.9,3816.5
2024-11-26 08:20:34,0.046465,Waliguan,36.28333,100.9,3816.5
2024-11-26 08:22:33,0.043272,Waliguan,36.28333,100.9,3816.5
2024-11-26 08:24:36,0.04533,Waliguan,36.28333,100.9,3816.5
2024-11-26 08:27:56,0.04462,Waliguan,36.28333,100.9,3816.5
2024-11-26 08:29:49,0.043919,Waliguan,36.28333,100.9,3816.5
2024-11-26 08:33:35,0.040411,Waliguan,36.28333,100.9,3816.5
2024-11-26 08:42:56,0.040939,Waliguan,36.28333,100.9,3816.5
2024-11-26 08:44:49,0.040414,Waliguan,36.28333,100.9,3816.5
2024-11-26 08:48:56,0.038617,Waliguan,36.28333,100.9,3816.5
2024-11-26 08:51:56,0.039041,Waliguan,36.28333,100.9,3816.5
2024-11-26 08:53:52,0.037868,Waliguan,36.28333,100.9,3816.5
2024-11-26 08:57:56,0.036725,Waliguan,36.28333,100.9,3816.5
2024-11-26 08:59:51,0.037699,Waliguan,36.28333,100.9,3816.5
2024-11-26 09:03:56,0.03615,Waliguan,36.28333,100.9,3816.5
2024-11-26 09:05:51,0.036434,Waliguan,36.28333,100.9,3816.5
2024-11-26 09:08:42,0.034864,Waliguan,36.28333,100.9,3816.5
2024-11-26 09:12:30,0.034218,Waliguan,36.28333,100.9,3816.5
2024-11-27 00:58:22,0.026029,Waliguan,36.28333,100.9,3816.5
2024-11-27 01:00:58,0.026476,Waliguan,36.28333,100.9,3816.5
2024-11-27 01:02:52,0.026875,Waliguan,36.28333,100.9,3816.5
2024-11-27 01:06:40,0.027427,Waliguan,36.28333,100.9,3816.5
2024-11-27 01:09:57,0.027562,Waliguan,36.28333,100.9,3816.5
2024-11-27 01:12:05,0.027651,Waliguan,36.28333,100.9,3816.5
2024-11-27 01:15:53,0.027846,Waliguan,36.28333,100.9,3816.5
2024-11-27 01:18:41,0.028561,Waliguan,36.28333,100.9,3816.5
2024-11-27 01:21:55,0.02885,Waliguan,36.28333,100.9,3816.5
2024-11-27 01:24:56,0.029328,Waliguan,36.28333,100.9,3816.5
2024-11-27 01:26:53,0.02955,Waliguan,36.28333,100.9,3816.5
2024-11-27 01:30:56,0.029992,Waliguan,36.28333,100.9,3816.5
2024-11-27 01:33:55,0.030518,Waliguan,36.28333,100.9,3816.5
2024-11-27 01:36:55,0.03086,Waliguan,36.28333,100.9,3816.5
2024-11-27 01:38:52,0.031045,Waliguan,36.28333,100.9,3816.5
2024-11-27 01:48:15,0.032026,Waliguan,36.28333,100.9,3816.5
2024-11-27 01:50:17,0.032351,Waliguan,36.28333,100.9,3816.5
2024-11-27 01:54:56,0.032759,Waliguan,36.28333,100.9,3816.5
2024-11-27 01:56:48,0.033173,Waliguan,36.28333,100.9,3816.5
2024-11-27 02:00:56,0.033523,Waliguan,36.28333,100.9,3816.5
2024-11-27 02:02:50,0.033632,Waliguan,36.28333,100.9,3816.5
2024-11-27 02:05:12,0.034495,Waliguan,36.28333,100.9,3816.5
2024-11-27 02:13:26,0.035495,Waliguan,36.28333,100.9,3816.5
2024-11-27 02:20:12,0.036447,Waliguan,36.28333,100.9,3816.5
2024-11-27 02:24:56,0.036784,Waliguan,36.28333,100.9,3816.5
2024-11-27 02:42:56,0.039584,Waliguan,36.28333,100.9,3816.5
2024-11-27 02:45:56,0.039964,Waliguan,36.28333,100.9,3816.5
2024-11-27 02:48:56,0.047717,Waliguan,36.28333,100.9,3816.5
2024-11-27 02:54:57,0.044115,Waliguan,36.28333,100.9,3816.5
2024-11-27 02:57:56,0.042048,Waliguan,36.28333,100.9,3816.5
2024-11-27 03:00:57,0.043255,Waliguan,36.28333,100.9,3816.5
2024-11-27 03:03:56,0.042419,Waliguan,36.28333,100.9,3816.5
2024-11-27 03:05:51,0.043347,Waliguan,36.28333,100.9,3816.5
2024-11-27 03:13:58,0.044467,Waliguan,36.28333,100.9,3816.5
2024-11-27 03:20:31,0.044513,Waliguan,36.28333,100.9,3816.5
2024-11-27 03:24:56,0.045768,Waliguan,36.28333,100.9,3816.5
2024-11-27 03:27:56,0.046005,Waliguan,36.28333,100.9,3816.5
2024-11-27 03:30:58,0.045864,Waliguan,36.28333,100.9,3816.5
2024-11-27 03:33:56,0.046343,Waliguan,36.28333,100.9,3816.5
2024-11-27 03:35:51,0.046828,Waliguan,36.28333,100.9,3816.5
2024-11-27 03:39:56,0.046864,Waliguan,36.28333,100.9,3816.5
2024-11-27 03:42:57,0.046247,Waliguan,36.28333,100.9,3816.5
2024-11-27 03:48:56,0.046747,Waliguan,36.28333,100.9,3816.5
2024-11-27 03:50:49,0.047182,Waliguan,36.28333,100.9,3816.5
2024-11-27 03:54:56,0.047035,Waliguan,36.28333,100.9,3816.5
2024-11-27 03:57:57,0.046652,Waliguan,36.28333,100.9,3816.5
2024-11-27 04:00:56,0.046277,Waliguan,36.28333,100.9,3816.5
2024-11-27 04:03:56,0.047303,Waliguan,36.28333,100.9,3816.5
2024-11-27 04:05:49,0.04779,Waliguan,36.28333,100.9,3816.5
2024-11-27 04:13:50,0.048272,Waliguan,36.28333,100.9,3816.5
2024-11-27 04:20:21,0.048708,Waliguan,36.28333,100.9,3816.5
2024-11-27 04:24:55,0.049222,Waliguan,36.28333,100.9,3816.5
2024-11-27 04:27:56,0.048778,Waliguan,36.28333,100.9,3816.5
2024-11-27 04:30:56,0.049201,Waliguan,36.28333,100.9,3816.5
2024-11-27 04:33:56,0.049057,Waliguan,36.28333,100.9,3816.5
2024-11-27 04:35:49,0.049577,Waliguan,36.28333,100.9,3816.5
2024-11-27 04:39:57,0.049664,Waliguan,36.28333,100.9,3816.5
2024-11-27 04:42:57,0.051106,Waliguan,36.28333,100.9,3816.5
2024-11-27 04:45:57,0.048981,Waliguan,36.28333,100.9,3816.5
2024-11-27 04:48:57,0.050131,Waliguan,36.28333,100.9,3816.5
2024-11-27 04:50:48,0.049581,Waliguan,36.28333,100.9,3816.5
2024-11-27 04:54:57,0.050703,Waliguan,36.28333,100.9,3816.5
2024-11-27 04:57:56,0.049239,Waliguan,36.28333,100.9,3816.5
2024-11-27 05:00:58,0.050033,Waliguan,36.28333,100.9,3816.5
2024-11-27 05:03:57,0.049554,Waliguan,36.28333,100.9,3816.5
2024-11-27 05:05:49,0.050537,Waliguan,36.28333,100.9,3816.5
2024-11-27 05:13:47,0.051112,Waliguan,36.28333,100.9,3816.5
2024-11-27 05:20:17,0.050594,Waliguan,36.28333,100.9,3816.5
2024-11-27 05:24:57,0.050538,Waliguan,36.28333,100.9,3816.5
2024-11-27 05:27:57,0.051158,Waliguan,36.28333,100.9,3816.5
2024-11-27 05:30:57,0.051182,Waliguan,36.28333,100.9,3816.5
2024-11-27 05:33:56,0.051376,Waliguan,36.28333,100.9,3816.5
2024-11-27 05:35:48,0.050892,Waliguan,36.28333,100.9,3816.5
2024-11-27 05:39:57,0.051535,Waliguan,36.28333,100.9,3816.5
2024-11-27 05:42:57,0.050748,Waliguan,36.28333,100.9,3816.5
2024-11-27 05:45:57,0.051323,Waliguan,36.28333,100.9,3816.5
2024-11-27 05:48:57,0.051325,Waliguan,36.28333,100.9,3816.5
2024-11-27 05:50:50,0.05166,Waliguan,36.28333,100.9,3816.5
2024-11-27 05:54:57,0.051737,Waliguan,36.28333,100.9,3816.5
2024-11-27 05:57:57,0.051056,Waliguan,36.28333,100.9,3816.5
2024-11-27 06:00:57,0.051366,Waliguan,36.28333,100.9,3816.5
2024-11-27 06:03:57,0.050843,Waliguan,36.28333,100.9,3816.5
2024-11-27 06:05:50,0.051038,Waliguan,36.28333,100.9,3816.5
2024-11-27 06:13:54,0.050256,Waliguan,36.28333,100.9,3816.5
2024-11-27 06:20:26,0.051725,Waliguan,36.28333,100.9,3816.5
2024-11-27 06:24:57,0.05211,Waliguan,36.28333,100.9,3816.5
2024-11-27 06:27:56,0.052534,Waliguan,36.28333,100.9,3816.5
2024-11-27 06:30:57,0.052677,Waliguan,36.28333,100.9,3816.5
2024-11-27 06:33:57,0.051685,Waliguan,36.28333,100.9,3816.5
2024-11-27 06:35:50,0.051598,Waliguan,36.28333,100.9,3816.5
2024-11-27 06:39:57,0.050071,Waliguan,36.28333,100.9,3816.5
2024-11-27 06:42:57,0.050064,Waliguan,36.28333,100.9,3816.5
2024-11-27 06:45:57,0.049646,Waliguan,36.28333,100.9,3816.5
2024-11-27 06:48:57,0.049411,Waliguan,36.28333,100.9,3816.5
2024-11-27 06:50:50,0.04898,Waliguan,36.28333,100.9,3816.5
2024-11-27 06:54:57,0.049218,Waliguan,36.28333,100.9,3816.5
2024-11-27 06:57:57,0.04884,Waliguan,36.28333,100.9,3816.5
2024-11-27 07:00:57,0.048939,Waliguan,36.28333,100.9,3816.5
2024-11-27 07:03:57,0.048998,Waliguan,36.28333,100.9,3816.5
2024-11-27 07:05:51,0.048783,Waliguan,36.28333,100.9,3816.5
2024-11-27 07:13:53,0.050855,Waliguan,36.28333,100.9,3816.5
2024-11-27 07:20:29,0.050552,Waliguan,36.28333,100.9,3816.5
2024-11-27 07:24:56,0.050906,Waliguan,36.28333,100.9,3816.5
2024-11-27 07:27:57,0.05152,Waliguan,36.28333,100.9,3816.5
2024-11-27 07:30:57,0.051409,Waliguan,36.28333,100.9,3816.5
2024-11-27 07:33:56,0.050372,Waliguan,36.28333,100.9,3816.5
2024-11-27 07:35:49,0.050629,Waliguan,36.28333,100.9,3816.5
2024-11-27 07:39:56,0.049994,Waliguan,36.28333,100.9,3816.5
2024-11-27 07:42:56,0.050588,Waliguan,36.28333,100.9,3816.5
2024-11-27 07:45:58,0.051131,Waliguan,36.28333,100.9,3816.5
2024-11-27 07:48:56,0.050415,Waliguan,36.28333,100.9,3816.5
2024-11-27 07:50:48,0.050988,Waliguan,36.28333,100.9,3816.5
2024-11-27 07:54:56,0.049257,Waliguan,36.28333,100.9,3816.5
2024-11-27 07:57:56,0.048275,Waliguan,36.28333,100.9,3816.5
2024-11-27 08:00:56,0.047409,Waliguan,36.28333,100.9,3816.5
2024-11-27 08:03:56,0.046641,Waliguan,36.28333,100.9,3816.5
2024-11-27 08:05:51,0.047015,Waliguan,36.28333,100.9,3816.5
2024-11-27 08:20:27,0.043436,Waliguan,36.28333,100.9,3816.5
2024-11-27 08:22:28,0.041305,Waliguan,36.28333,100.9,3816.5
2024-11-27 08:24:31,0.040331,Waliguan,36.28333,100.9,3816.5
2024-11-27 08:27:52,0.04098,Waliguan,36.28333,100.9,3816.5
2024-11-27 08:30:56,0.042144,Waliguan,36.28333,100.9,3816.5
2024-11-27 08:33:00,0.041349,Waliguan,36.28333,100.9,3816.5
2024-11-27 08:42:56,0.039482,Waliguan,36.28333,100.9,3816.5
2024-11-27 08:44:50,0.039848,Waliguan,36.28333,100.9,3816.5
2024-11-27 08:48:56,0.038683,Waliguan,36.28333,100.9,3816.5
2024-11-27 08:51:47,0.039533,Waliguan,36.28333,100.9,3816.5
2024-11-27 08:54:56,0.037486,Waliguan,36.28333,100.9,3816.5
2024-11-27 08:57:56,0.037622,Waliguan,36.28333,100.9,3816.5
2024-11-27 08:59:49,0.037686,Waliguan,36.28333,100.9,3816.5
2024-11-27 09:03:44,0.037568,Waliguan,36.28333,100.9,3816.5
2024-11-27 09:06:55,0.0368,Waliguan,36.28333,100.9,3816.5
2024-11-27 09:08:49,0.036322,Waliguan,36.28333,100.9,3816.5
2024-11-27 09:12:04,0.034412,Waliguan,36.28333,100.9,3816.5
2024-11-28 01:06:55,0.024967,Waliguan,36.28333,100.9,3816.5
2024-11-28 01:08:50,0.025124,Waliguan,36.28333,100.9,3816.5
2024-11-28 01:12:56,0.025496,Waliguan,36.28333,100.9,3816.5
2024-11-28 01:14:51,0.025702,Waliguan,36.28333,100.9,3816.5
2024-11-28 01:18:55,0.026284,Waliguan,36.28333,100.9,3816.5
2024-11-28 01:20:51,0.02661,Waliguan,36.28333,100.9,3816.5
2024-11-28 01:24:55,0.027218,Waliguan,36.28333,100.9,3816.5
2024-11-28 01:27:55,0.02777,Waliguan,36.28333,100.9,3816.5
2024-11-28 01:29:35,0.028091,Waliguan,36.28333,100.9,3816.5
2024-11-28 01:33:56,0.028422,Waliguan,36.28333,100.9,3816.5
2024-11-28 01:36:56,0.028647,Waliguan,36.28333,100.9,3816.5
2024-11-28 01:38:49,0.028794,Waliguan,36.28333,100.9,3816.5
2024-11-28 01:48:04,0.030695,Waliguan,36.28333,100.9,3816.5
2024-11-28 01:50:08,0.030789,Waliguan,36.28333,100.9,3816.5
2024-11-28 01:54:56,0.031044,Waliguan,36.28333,100.9,3816.5
2024-11-28 01:56:49,0.031225,Waliguan,36.28333,100.9,3816.5
2024-11-28 02:00:56,0.031747,Waliguan,36.28333,100.9,3816.5
2024-11-28 02:03:56,0.032212,Waliguan,36.28333,100.9,3816.5
2024-11-28 02:05:49,0.032469,Waliguan,36.28333,100.9,3816.5
2024-11-28 02:07:56,0.032719,Waliguan,36.28333,100.9,3816.5
2024-11-28 02:16:01,0.033505,Waliguan,36.28333,100.9,3816.5
2024-11-28 02:22:28,0.034089,Waliguan,36.28333,100.9,3816.5
2024-11-28 02:24:56,0.036496,Waliguan,36.28333,100.9,3816.5
2024-11-28 02:42:56,0.037375,Waliguan,36.28333,100.9,3816.5
2024-11-28 02:45:56,0.037715,Waliguan,36.28333,100.9,3816.5
2024-11-28 02:48:56,0.045564,Waliguan,36.28333,100.9,3816.5
2024-11-28 02:54:56,0.039977,Waliguan,36.28333,100.9,3816.5
2024-11-28 02:57:56,0.038208,Waliguan,36.28333,100.9,3816.5
2024-11-28 03:00:56,0.038657,Waliguan,36.28333,100.9,3816.5
2024-11-28 03:03:56,0.038657,Waliguan,36.28333,100.9,3816.5
2024-11-28 03:05:50,0.038902,Waliguan,36.28333,100.9,3816.5
2024-11-28 03:14:00,0.040139,Waliguan,36.28333,100.9,3816.5
2024-11-28 03:20:32,0.040684,Waliguan,36.28333,100.9,3816.5
2024-11-28 03:24:56,0.041362,Waliguan,36.28333,100.9,3816.5
2024-11-28 03:27:56,0.04147,Waliguan,36.28333,100.9,3816.5
2024-11-28 03:30:56,0.04173,Waliguan,36.28333,100.9,3816.5
2024-11-28 03:33:57,0.041822,Waliguan,36.28333,100.9,3816.5
2024-11-28 03:35:49,0.041606,Waliguan,36.28333,100.9,3816.5
2024-11-28 03:39:56,0.042394,Waliguan,36.28333,100.9,3816.5
2024-11-28 03:42:56,0.04302,Waliguan,36.28333,100.9,3816.5
2024-11-28 03:50:49,0.043439,Waliguan,36.28333,100.9,3816.5
2024-11-28 03:54:57,0.043907,Waliguan,36.28333,100.9,3816.5
2024-11-28 03:58:00,0.044532,Waliguan,36.28333,100.9,3816.5
2024-11-28 04:00:57,0.044853,Waliguan,36.28333,100.9,3816.5
2024-11-28 04:03:56,0.044948,Waliguan,36.28333,100.9,3816.5
2024-11-28 04:05:50,0.045594,Waliguan,36.28333,100.9,3816.5
2024-11-28 04:13:55,0.045438,Waliguan,36.28333,100.9,3816.5
2024-11-28 04:20:33,0.047506,Waliguan,36.28333,100.9,3816.5
2024-11-28 04:24:56,0.048427,Waliguan,36.28333,100.9,3816.5
2024-11-28 04:27:56,0.047639,Waliguan,36.28333,100.9,3816.5
2024-11-28 04:30:57,0.047842,Waliguan,36.28333,100.9,3816.5
2024-11-28 04:33:57,0.048076,Waliguan,36.28333,100.9,3816.5
2024-11-28 04:35:48,0.04794,Waliguan,36.28333,100.9,3816.5
2024-11-28 04:39:56,0.048641,Waliguan,36.28333,100.9,3816.5
2024-11-28 04:42:56,0.049109,Waliguan,36.28333,100.9,3816.5
2024-11-28 04:45:56,0.048986,Waliguan,36.28333,100.9,3816.5
2024-11-28 04:48:56,0.04901,Waliguan,36.28333,100.9,3816.5
2024-11-28 04:50:49,0.049644,Waliguan,36.28333,100.9,3816.5
2024-11-28 04:54:56,0.050061,Waliguan,36.28333,100.9,3816.5
2024-11-28 04:57:56,0.050624,Waliguan,36.28333,100.9,3816.5
2024-11-28 05:00:56,0.04873,Waliguan,36.28333,100.9,3816.5
2024-11-28 05:03:56,0.049553,Waliguan,36.28333,100.9,3816.5
2024-11-28 05:05:50,0.050183,Waliguan,36.28333,100.9,3816.5
2024-11-28 05:13:53,0.04842,Waliguan,36.28333,100.9,3816.5
2024-11-28 05:20:33,0.047808,Waliguan,36.28333,100.9,3816.5
2024-11-28 05:24:57,0.047927,Waliguan,36.28333,100.9,3816.5
2024-11-28 05:27:57,0.048462,Waliguan,36.28333,100.9,3816.5
2024-11-28 05:30:57,0.047324,Waliguan,36.28333,100.9,3816.5
2024-11-28 05:33:57,0.048446,Waliguan,36.28333,100.9,3816.5
2024-11-28 05:35:49,0.048064,Waliguan,36.28333,100.9,3816.5
2024-11-28 05:39:57,0.047949,Waliguan,36.28333,100.9,3816.5
2024-11-28 05:42:57,0.047496,Waliguan,36.28333,100.9,3816.5
2024-11-28 05:45:57,0.047299,Waliguan,36.28333,100.9,3816.5
2024-11-28 05:48:57,0.046851,Waliguan,36.28333,100.9,3816.5
2024-11-28 05:50:49,0.04801,Waliguan,36.28333,100.9,3816.5
2024-11-28 05:54:57,0.046611,Waliguan,36.28333,100.9,3816.5
2024-11-28 05:57:57,0.046819,Waliguan,36.28333,100.9,3816.5
2024-11-28 06:00:58,0.046218,Waliguan,36.28333,100.9,3816.5
2024-11-28 06:03:57,0.046778,Waliguan,36.28333,100.9,3816.5
2024-11-28 06:05:51,0.047548,Waliguan,36.28333,100.9,3816.5
2024-11-28 06:13:49,0.046709,Waliguan,36.28333,100.9,3816.5
2024-11-28 06:20:33,0.045461,Waliguan,36.28333,100.9,3816.5
2024-11-28 06:24:55,0.046089,Waliguan,36.28333,100.9,3816.5
2024-11-28 06:27:56,0.045761,Waliguan,36.28333,100.9,3816.5
2024-11-28 06:30:56,0.044978,Waliguan,36.28333,100.9,3816.5
2024-11-28 06:33:57,0.045155,Waliguan,36.28333,100.9,3816.5
2024-11-28 06:35:49,0.045659,Waliguan,36.28333,100.9,3816.5
2024-11-28 06:39:57,0.044657,Waliguan,36.28333,100.9,3816.5
2024-11-28 06:42:57,0.0439,Waliguan,36.28333,100.9,3816.5
2024-11-28 06:45:57,0.04314,Waliguan,36.28333,100.9,3816.5
2024-11-28 06:48:56,0.042958,Waliguan,36.28333,100.9,3816.5
2024-11-28 06:50:49,0.042286,Waliguan,36.28333,100.9,3816.5
2024-11-28 06:54:57,0.04199,Waliguan,36.28333,100.9,3816.5
2024-11-28 06:57:57,0.042046,Waliguan,36.28333,100.9,3816.5
2024-11-28 07:00:57,0.042395,Waliguan,36.28333,100.9,3816.5
2024-11-28 07:03:57,0.043071,Waliguan,36.28333,100.9,3816.5
2024-11-28 07:05:51,0.042271,Waliguan,36.28333,100.9,3816.5
2024-11-28 07:13:58,0.041547,Waliguan,36.28333,100.9,3816.5
2024-11-28 07:20:32,0.041909,Waliguan,36.28333,100.9,3816.5
2024-11-28 07:24:56,0.04198,Waliguan,36.28333,100.9,3816.5
2024-11-28 07:27:56,0.041169,Waliguan,36.28333,100.9,3816.5
2024-11-28 07:30:57,0.040687,Waliguan,36.28333,100.9,3816.5
2024-11-28 07:33:57,0.04037,Waliguan,36.28333,100.9,3816.5
2024-11-28 07:35:49,0.041676,Waliguan,36.28333,100.9,3816.5
2024-11-28 07:39:56,0.039394,Waliguan,36.28333,100.9,3816.5
2024-11-28 07:42:56,0.038854,Waliguan,36.28333,100.9,3816.5
2024-11-28 07:45:56,0.038548,Waliguan,36.28333,100.9,3816.5
2024-11-28 07:48:56,0.038386,Waliguan,36.28333,100.9,3816.5
2024-11-28 07:50:48,0.039213,Waliguan,36.28333,100.9,3816.5
2024-11-28 07:54:57,0.04937,Waliguan,36.28333,100.9,3816.5
2024-11-28 08:00:56,0.058337,Waliguan,36.28333,100.9,3816.5
2024-11-28 08:24:44,0.040824,Waliguan,36.28333,100.9,3816.5
2024-11-28 08:30:56,0.044363,Waliguan,36.28333,100.9,3816.5
2024-11-28 08:32:50,0.032753,Waliguan,36.28333,100.9,3816.5
2024-11-29 07:20:54,0.109935,Waliguan,36.28333,100.9,3816.5
2024-11-29 07:42:59,0.131941,Waliguan,36.28333,100.9,3816.5
2024-11-29 07:45:58,0.13482,Waliguan,36.28333,100.9,3816.5
2024-11-30 01:01:33,0.025003,Waliguan,36.28333,100.9,3816.5
2024-11-30 01:05:28,0.025772,Waliguan,36.28333,100.9,3816.5
2024-11-30 01:09:56,0.026101,Waliguan,36.28333,100.9,3816.5
2024-11-30 01:11:50,0.026492,Waliguan,36.28333,100.9,3816.5
2024-11-30 01:15:25,0.027038,Waliguan,36.28333,100.9,3816.5
2024-11-30 01:18:55,0.027547,Waliguan,36.28333,100.9,3816.5
2024-11-30 01:21:56,0.02811,Waliguan,36.28333,100.9,3816.5
2024-11-30 01:23:49,0.028476,Waliguan,36.28333,100.9,3816.5
2024-11-30 01:27:56,0.029362,Waliguan,36.28333,100.9,3816.5
2024-11-30 01:30:21,0.029571,Waliguan,36.28333,100.9,3816.5
2024-11-30 01:33:55,0.02966,Waliguan,36.28333,100.9,3816.5
2024-11-30 01:36:56,0.030136,Waliguan,36.28333,100.9,3816.5
2024-11-30 01:39:56,0.030582,Waliguan,36.28333,100.9,3816.5
2024-11-30 01:41:49,0.030959,Waliguan,36.28333,100.9,3816.5
2024-11-30 01:51:37,0.032152,Waliguan,36.28333,100.9,3816.5
2024-11-30 01:54:35,0.032519,Waliguan,36.28333,100.9,3816.5
2024-11-30 01:57:55,0.033018,Waliguan,36.28333,100.9,3816.5
2024-11-30 01:59:49,0.03312,Waliguan,36.28333,100.9,3816.5
2024-11-30 02:03:56,0.033909,Waliguan,36.28333,100.9,3816.5
2024-11-30 02:06:15,0.034023,Waliguan,36.28333,100.9,3816.5
2024-11-30 02:14:19,0.034243,Waliguan,36.28333,100.9,3816.5
2024-11-30 02:21:15,0.035115,Waliguan,36.28333,100.9,3816.5
2024-11-30 02:42:56,0.037162,Waliguan,36.28333,100.9,3816.5
2024-11-30 02:45:57,0.037478,Waliguan,36.28333,100.9,3816.5
2024-11-30 02:48:56,0.046288,Waliguan,36.28333,100.9,3816.5
2024-11-30 02:51:14,0.044194,Waliguan,36.28333,100.9,3816.5
2024-11-30 02:54:56,0.039322,Waliguan,36.28333,100.9,3816.5
2024-11-30 02:57:56,0.038661,Waliguan,36.28333,100.9,3816.5
2024-11-30 03:00:57,0.038422,Waliguan,36.28333,100.9,3816.5
2024-11-30 03:03:56,0.038814,Waliguan,36.28333,100.9,3816.5
2024-11-30 03:06:16,0.038982,Waliguan,36.28333,100.9,3816.5
2024-11-30 03:14:24,0.039904,Waliguan,36.28333,100.9,3816.5
2024-11-30 03:21:14,0.040425,Waliguan,36.28333,100.9,3816.5
2024-11-30 03:24:56,0.040863,Waliguan,36.28333,100.9,3816.5
2024-11-30 03:27:56,0.0412,Waliguan,36.28333,100.9,3816.5
2024-11-30 03:30:56,0.041072,Waliguan,36.28333,100.9,3816.5
2024-11-30 03:33:56,0.041418,Waliguan,36.28333,100.9,3816.5
2024-11-30 03:36:14,0.041739,Waliguan,36.28333,100.9,3816.5
2024-11-30 03:39:56,0.041989,Waliguan,36.28333,100.9,3816.5
2024-11-30 03:42:57,0.042128,Waliguan,36.28333,100.9,3816.5
2024-11-30 03:45:56,0.04202,Waliguan,36.28333,100.9,3816.5
2024-11-30 03:51:14,0.042413,Waliguan,36.28333,100.9,3816.5
2024-11-30 04:06:22,0.044284,Waliguan,36.28333,100.9,3816.5
2024-11-30 04:14:26,0.044245,Waliguan,36.28333,100.9,3816.5
2024-11-30 04:21:15,0.044355,Waliguan,36.28333,100.9,3816.5
2024-11-30 04:24:57,0.044395,Waliguan,36.28333,100.9,3816.5
2024-11-30 04:27:56,0.044326,Waliguan,36.28333,100.9,3816.5
2024-11-30 04:30:57,0.044585,Waliguan,36.28333,100.9,3816.5
2024-11-30 04:33:56,0.044402,Waliguan,36.28333,100.9,3816.5
2024-11-30 04:36:14,0.044577,Waliguan,36.28333,100.9,3816.5
2024-11-30 04:39:56,0.044817,Waliguan,36.28333,100.9,3816.5
2024-11-30 04:42:57,0.045466,Waliguan,36.28333,100.9,3816.5
2024-11-30 04:45:57,0.045381,Waliguan,36.28333,100.9,3816.5
2024-11-30 04:48:56,0.045696,Waliguan,36.28333,100.9,3816.5
2024-11-30 04:51:14,0.045391,Waliguan,36.28333,100.9,3816.5
2024-11-30 04:54:56,0.045051,Waliguan,36.28333,100.9,3816.5
2024-11-30 04:57:56,0.045124,Waliguan,36.28333,100.9,3816.5
2024-11-30 05:00:58,0.046013,Waliguan,36.28333,100.9,3816.5
2024-11-30 05:03:56,0.046181,Waliguan,36.28333,100.9,3816.5
2024-11-30 05:06:15,0.045377,Waliguan,36.28333,100.9,3816.5
2024-11-30 05:14:16,0.04595,Waliguan,36.28333,100.9,3816.5
2024-11-30 05:21:15,0.046255,Waliguan,36.28333,100.9,3816.5
2024-11-30 05:24:57,0.045194,Waliguan,36.28333,100.9,3816.5
2024-11-30 05:27:57,0.04559,Waliguan,36.28333,100.9,3816.5
2024-11-30 05:30:57,0.04623,Waliguan,36.28333,100.9,3816.5
2024-11-30 05:33:57,0.046511,Waliguan,36.28333,100.9,3816.5
2024-11-30 05:36:15,0.046129,Waliguan,36.28333,100.9,3816.5
2024-11-30 05:45:55,0.046849,Waliguan,36.28333,100.9,3816.5
2024-11-30 05:48:57,0.046791,Waliguan,36.28333,100.9,3816.5
2024-11-30 05:51:15,0.046605,Waliguan,36.28333,100.9,3816.5
2024-11-30 05:54:57,0.047245,Waliguan,36.28333,100.9,3816.5
2024-11-30 05:57:57,0.047619,Waliguan,36.28333,100.9,3816.5
2024-11-30 06:00:56,0.047782,Waliguan,36.28333,100.9,3816.5
2024-11-30 06:03:57,0.047795,Waliguan,36.28333,100.9,3816.5
2024-11-30 06:06:16,0.04754,Waliguan,36.28333,100.9,3816.5
2024-11-30 06:14:17,0.047919,Waliguan,36.28333,100.9,3816.5
2024-11-30 06:21:15,0.048359,Waliguan,36.28333,100.9,3816.5
2024-11-30 06:24:57,0.048074,Waliguan,36.28333,100.9,3816.5
2024-11-30 06:27:56,0.048036,Waliguan,36.28333,100.9,3816.5
2024-11-30 06:30:56,0.048315,Waliguan,36.28333,100.9,3816.5
2024-11-30 06:33:57,0.04784,Waliguan,36.28333,100.9,3816.5
2024-11-30 06:36:15,0.04788,Waliguan,36.28333,100.9,3816.5
2024-11-30 06:39:57,0.04801,Waliguan,36.28333,100.9,3816.5
2024-11-30 06:42:57,0.048335,Waliguan,36.28333,100.9,3816.5
2024-11-30 06:45:57,0.047786,Waliguan,36.28333,100.9,3816.5
2024-11-30 06:48:57,0.047847,Waliguan,36.28333,100.9,3816.5
2024-11-30 06:51:15,0.047354,Waliguan,36.28333,100.9,3816.5
2024-11-30 06:54:57,0.047601,Waliguan,36.28333,100.9,3816.5
2024-11-30 06:57:57,0.046956,Waliguan,36.28333,100.9,3816.5
2024-11-30 07:00:56,0.04629,Waliguan,36.28333,100.9,3816.5
2024-11-30 07:03:56,0.046877,Waliguan,36.28333,100.9,3816.5
2024-11-30 07:06:16,0.046703,Waliguan,36.28333,100.9,3816.5
2024-11-30 07:14:19,0.044842,Waliguan,36.28333,100.9,3816.5
2024-11-30 07:21:14,0.045114,Waliguan,36.28333,100.9,3816.5
2024-11-30 07:24:56,0.045078,Waliguan,36.28333,100.9,3816.5
2024-11-30 07:27:58,0.045268,Waliguan,36.28333,100.9,3816.5
2024-11-30 07:30:57,0.045256,Waliguan,36.28333,100.9,3816.5
2024-11-30 07:33:57,0.044532,Waliguan,36.28333,100.9,3816.5
2024-11-30 07:36:14,0.044965,Waliguan,36.28333,100.9,3816.5
2024-11-30 07:39:56,0.044032,Waliguan,36.28333,100.9,3816.5
2024-11-30 07:42:57,0.044003,Waliguan,36.28333,100.9,3816.5
2024-11-30 07:45:56,0.044374,Waliguan,36.28333,100.9,3816.5
2024-11-30 07:48:56,0.043943,Waliguan,36.28333,100.9,3816.5
2024-11-30 07:51:14,0.04333,Waliguan,36.28333,100.9,3816.5
2024-11-30 07:54:56,0.043116,Waliguan,36.28333,100.9,3816.5
2024-11-30 07:57:56,0.043365,Waliguan,36.28333,100.9,3816.5
2024-11-30 08:00:56,0.042716,Waliguan,36.28333,100.9,3816.5
2024-11-30 08:03:56,0.042355,Waliguan,36.28333,100.9,3816.5
2024-11-30 08:06:16,0.042088,Waliguan,36.28333,100.9,3816.5
2024-11-30 08:14:23,0.040347,Waliguan,36.28333,100.9,3816.5
2024-11-30 08:22:59,0.040779,Waliguan,36.28333,100.9,3816.5
2024-11-30 08:26:16,0.038015,Waliguan,36.28333,100.9,3816.5
2024-11-30 08:30:56,0.037197,Waliguan,36.28333,100.9,3816.5
2024-11-30 08:32:50,0.03689,Waliguan,36.28333,100.9,3816.5
2024-11-30 08:42:10,0.03639,Waliguan,36.28333,100.9,3816.5
2024-11-30 08:45:55,0.036985,Waliguan,36.28333,100.9,3816.5
2024-11-30 08:48:55,0.036169,Waliguan,36.28333,100.9,3816.5
2024-11-30 08:50:50,0.035644,Waliguan,36.28333,100.9,3816.5
2024-11-30 08:54:56,0.03475,Waliguan,36.28333,100.9,3816.5
2024-11-30 08:57:05,0.034727,Waliguan,36.28333,100.9,3816.5
2024-11-30 09:00:56,0.034018,Waliguan,36.28333,100.9,3816.5
2024-11-30 09:02:49,0.033654,Waliguan,36.28333,100.9,3816.5
2024-11-30 09:06:56,0.032756,Waliguan,36.28333,100.9,3816.5
2024-11-30 09:08:49,0.031804,Waliguan,36.28333,100.9,3816.5
2024-11-30 09:10:57,0.031127,Waliguan,36.28333,100.9,3816.5
2024-12-01 01:02:36,0.026292,Waliguan,36.28333,100.9,3816.5
2024-12-01 01:06:28,0.026889,Waliguan,36.28333,100.9,3816.5
2024-12-01 01:09:57,0.027479,Waliguan,36.28333,100.9,3816.5
2024-12-01 01:11:51,0.027807,Waliguan,36.28333,100.9,3816.5
2024-12-01 01:15:55,0.028068,Waliguan,36.28333,100.9,3816.5
2024-12-01 01:17:51,0.028494,Waliguan,36.28333,100.9,3816.5
2024-12-01 01:21:56,0.029005,Waliguan,36.28333,100.9,3816.5
2024-12-01 01:23:50,0.029293,Waliguan,36.28333,100.9,3816.5
2024-12-01 01:27:57,0.029912,Waliguan,36.28333,100.9,3816.5
2024-12-01 01:30:57,0.030331,Waliguan,36.28333,100.9,3816.5
2024-12-01 01:32:50,0.030468,Waliguan,36.28333,100.9,3816.5
2024-12-01 01:36:55,0.031108,Waliguan,36.28333,100.9,3816.5
2024-12-01 01:39:55,0.031571,Waliguan,36.28333,100.9,3816.5
2024-12-01 01:42:14,0.031949,Waliguan,36.28333,100.9,3816.5
2024-12-01 01:51:38,0.033423,Waliguan,36.28333,100.9,3816.5
2024-12-01 01:53:42,0.033551,Waliguan,36.28333,100.9,3816.5
2024-12-01 01:57:56,0.034028,Waliguan,36.28333,100.9,3816.5
2024-12-01 02:00:09,0.034318,Waliguan,36.28333,100.9,3816.5
2024-12-01 02:03:56,0.034825,Waliguan,36.28333,100.9,3816.5
2024-12-01 02:06:37,0.034985,Waliguan,36.28333,100.9,3816.5
2024-12-01 02:14:46,0.035548,Waliguan,36.28333,100.9,3816.5
2024-12-01 02:21:36,0.036445,Waliguan,36.28333,100.9,3816.5
2024-12-01 02:42:56,0.038907,Waliguan,36.28333,100.9,3816.5
2024-12-01 02:45:56,0.039064,Waliguan,36.28333,100.9,3816.5
2024-12-01 02:48:56,0.054406,Waliguan,36.28333,100.9,3816.5
2024-12-01 02:51:36,0.044544,Waliguan,36.28333,100.9,3816.5
2024-12-01 02:54:56,0.040211,Waliguan,36.28333,100.9,3816.5
2024-12-01 02:57:56,0.04061,Waliguan,36.28333,100.9,3816.5
2024-12-01 03:00:56,0.040562,Waliguan,36.28333,100.9,3816.5
2024-12-01 03:03:56,0.040847,Waliguan,36.28333,100.9,3816.5
2024-12-01 03:06:37,0.040824,Waliguan,36.28333,100.9,3816.5
2024-12-01 03:14:48,0.041706,Waliguan,36.28333,100.9,3816.5
2024-12-01 03:21:36,0.042382,Waliguan,36.28333,100.9,3816.5
2024-12-01 03:24:56,0.042828,Waliguan,36.28333,100.9,3816.5
2024-12-01 03:27:56,0.043289,Waliguan,36.28333,100.9,3816.5
2024-12-01 03:30:57,0.043238,Waliguan,36.28333,100.9,3816.5
2024-12-01 03:33:56,0.043787,Waliguan,36.28333,100.9,3816.5
2024-12-01 03:36:36,0.043917,Waliguan,36.28333,100.9,3816.5
2024-12-01 03:39:57,0.043734,Waliguan,36.28333,100.9,3816.5
2024-12-01 03:42:56,0.044234,Waliguan,36.28333,100.9,3816.5
2024-12-01 03:45:56,0.044608,Waliguan,36.28333,100.9,3816.5
2024-12-01 03:51:36,0.049325,Waliguan,36.28333,100.9,3816.5
2024-12-01 03:54:56,0.045036,Waliguan,36.28333,100.9,3816.5
2024-12-01 03:57:56,0.04523,Waliguan,36.28333,100.9,3816.5
2024-12-01 04:00:57,0.045362,Waliguan,36.28333,100.9,3816.5
2024-12-01 04:03:57,0.045546,Waliguan,36.28333,100.9,3816.5
2024-12-01 04:06:38,0.0458,Waliguan,36.28333,100.9,3816.5
2024-12-01 04:14:43,0.046137,Waliguan,36.28333,100.9,3816.5
2024-12-01 04:21:37,0.046729,Waliguan,36.28333,100.9,3816.5
2024-12-01 04:24:57,0.046558,Waliguan,36.28333,100.9,3816.5
2024-12-01 04:27:56,0.046792,Waliguan,36.28333,100.9,3816.5
2024-12-01 04:30:57,0.04715,Waliguan,36.28333,100.9,3816.5
2024-12-01 04:33:57,0.046898,Waliguan,36.28333,100.9,3816.5
2024-12-01 04:36:37,0.046912,Waliguan,36.28333,100.9,3816.5
2024-12-01 04:39:57,0.046923,Waliguan,36.28333,100.9,3816.5
2024-12-01 04:42:56,0.047431,Waliguan,36.28333,100.9,3816.5
2024-12-01 04:45:56,0.047221,Waliguan,36.28333,100.9,3816.5
2024-12-01 04:48:56,0.047977,Waliguan,36.28333,100.9,3816.5
2024-12-01 04:51:36,0.047655,Waliguan,36.28333,100.9,3816.5
2024-12-01 04:54:56,0.047619,Waliguan,36.28333,100.9,3816.5
2024-12-01 04:57:57,0.047701,Waliguan,36.28333,100.9,3816.5
2024-12-01 05:00:57,0.047581,Waliguan,36.28333,100.9,3816.5
2024-12-01 05:03:56,0.047959,Waliguan,36.28333,100.9,3816.5
2024-12-01 05:06:37,0.047409,Waliguan,36.28333,100.9,3816.5
2024-12-01 05:14:37,0.048476,Waliguan,36.28333,100.9,3816.5
2024-12-01 05:21:36,0.048423,Waliguan,36.28333,100.9,3816.5
2024-12-01 05:24:57,0.048527,Waliguan,36.28333,100.9,3816.5
2024-12-01 05:27:57,0.048092,Waliguan,36.28333,100.9,3816.5
2024-12-01 05:30:56,0.048462,Waliguan,36.28333,100.9,3816.5
2024-12-01 05:33:57,0.048071,Waliguan,36.28333,100.9,3816.5
2024-12-01 05:36:37,0.047938,Waliguan,36.28333,100.9,3816.5
2024-12-01 05:39:57,0.047525,Waliguan,36.28333,100.9,3816.5
2024-12-01 05:42:56,0.0475,Waliguan,36.28333,100.9,3816.5
2024-12-01 05:45:57,0.047656,Waliguan,36.28333,100.9,3816.5
2024-12-01 05:48:56,0.0476,Waliguan,36.28333,100.9,3816.5
2024-12-01 05:51:36,0.047808,Waliguan,36.28333,100.9,3816.5
2024-12-01 05:54:58,0.047729,Waliguan,36.28333,100.9,3816.5
2024-12-01 05:57:57,0.047772,Waliguan,36.28333,100.9,3816.5
2024-12-01 06:00:57,0.047038,Waliguan,36.28333,100.9,3816.5
2024-12-01 06:03:57,0.047524,Waliguan,36.28333,100.9,3816.5
2024-12-01 06:06:41,0.047041,Waliguan,36.28333,100.9,3816.5
2024-12-01 06:14:35,0.046888,Waliguan,36.28333,100.9,3816.5
2024-12-01 06:21:37,0.046381,Waliguan,36.28333,100.9,3816.5
2024-12-01 06:24:57,0.047096,Waliguan,36.28333,100.9,3816.5
2024-12-01 06:27:57,0.047033,Waliguan,36.28333,100.9,3816.5
2024-12-01 06:30:56,0.046489,Waliguan,36.28333,100.9,3816.5
2024-12-01 06:33:56,0.046781,Waliguan,36.28333,100.9,3816.5
2024-12-01 06:36:37,0.046276,Waliguan,36.28333,100.9,3816.5
2024-12-01 06:39:57,0.046287,Waliguan,36.28333,100.9,3816.5
2024-12-01 06:42:56,0.045929,Waliguan,36.28333,100.9,3816.5
2024-12-01 06:45:57,0.045607,Waliguan,36.28333,100.9,3816.5
2024-12-01 06:48:56,0.045406,Waliguan,36.28333,100.9,3816.5
2024-12-01 06:51:36,0.044584,Waliguan,36.28333,100.9,3816.5
2024-12-01 06:54:56,0.044238,Waliguan,36.28333,100.9,3816.5
2024-12-01 06:57:56,0.044231,Waliguan,36.28333,100.9,3816.5
2024-12-01 07:00:56,0.043862,Waliguan,36.28333,100.9,3816.5
2024-12-01 07:03:56,0.043662,Waliguan,36.28333,100.9,3816.5
2024-12-01 07:06:39,0.042886,Waliguan,36.28333,100.9,3816.5
2024-12-01 07:14:36,0.042284,Waliguan,36.28333,100.9,3816.5
2024-12-01 07:21:37,0.04124,Waliguan,36.28333,100.9,3816.5
2024-12-01 07:24:57,0.040712,Waliguan,36.28333,100.9,3816.5
2024-12-01 07:27:56,0.040385,Waliguan,36.28333,100.9,3816.5
2024-12-01 07:30:56,0.04003,Waliguan,36.28333,100.9,3816.5
2024-12-01 07:33:56,0.039741,Waliguan,36.28333,100.9,3816.5
2024-12-01 07:36:36,0.039368,Waliguan,36.28333,100.9,3816.5
2024-12-01 07:39:56,0.03891,Waliguan,36.28333,100.9,3816.5
2024-12-01 07:42:56,0.038581,Waliguan,36.28333,100.9,3816.5
2024-12-01 07:45:56,0.037655,Waliguan,36.28333,100.9,3816.5
2024-12-01 07:48:56,0.037805,Waliguan,36.28333,100.9,3816.5
2024-12-01 07:51:36,0.037224,Waliguan,36.28333,100.9,3816.5
2024-12-01 07:54:56,0.036986,Waliguan,36.28333,100.9,3816.5
2024-12-01 07:57:56,0.0367,Waliguan,36.28333,100.9,3816.5
2024-12-01 08:00:56,0.036336,Waliguan,36.28333,100.9,3816.5
2024-12-01 08:03:56,0.035701,Waliguan,36.28333,100.9,3816.5
2024-12-01 08:06:37,0.035434,Waliguan,36.28333,100.9,3816.5
2024-12-01 08:14:38,0.034316,Waliguan,36.28333,100.9,3816.5
2024-12-01 08:23:13,0.050335,Waliguan,36.28333,100.9,3816.5
2024-12-01 08:25:49,0.03267,Waliguan,36.28333,100.9,3816.5
2024-12-01 08:27:56,0.032332,Waliguan,36.28333,100.9,3816.5
2024-12-01 08:30:57,0.03179,Waliguan,36.28333,100.9,3816.5
2024-12-01 08:32:51,0.031149,Waliguan,36.28333,100.9,3816.5
2024-12-01 08:42:04,0.029593,Waliguan,36.28333,100.9,3816.5
2024-12-01 08:45:55,0.028871,Waliguan,36.28333,100.9,3816.5
2024-12-01 08:48:56,0.028482,Waliguan,36.28333,100.9,3816.5
2024-12-01 08:50:50,0.028473,Waliguan,36.28333,100.9,3816.5
2024-12-01 08:54:56,0.027607,Waliguan,36.28333,100.9,3816.5
2024-12-01 08:56:51,0.027418,Waliguan,36.28333,100.9,3816.5
2024-12-01 09:00:57,0.026573,Waliguan,36.28333,100.9,3816.5
2024-12-01 09:02:50,0.026291,Waliguan,36.28333,100.9,3816.5
2024-12-01 09:06:45,0.025848,Waliguan,36.28333,100.9,3816.5
2024-12-01 09:09:55,0.025524,Waliguan,36.28333,100.9,3816.5
2024-12-01 09:11:51,0.025159,Waliguan,36.28333,100.9,3816.5
2024-12-02 01:03:38,0.097275,Waliguan,36.28333,100.9,3816.5
2024-12-02 01:17:55,0.097079,Waliguan,36.28333,100.9,3816.5
2024-12-02 02:21:56,0.080571,Waliguan,36.28333,100.9,3816.5
2024-12-02 02:23:49,0.095048,Waliguan,36.28333,100.9,3816.5
2024-12-02 02:45:56,0.106696,Waliguan,36.28333,100.9,3816.5
2024-12-02 02:57:56,0.114056,Waliguan,36.28333,100.9,3816.5
2024-12-02 03:16:58,0.089375,Waliguan,36.28333,100.9,3816.5
2024-12-02 03:23:30,0.086062,Waliguan,36.28333,100.9,3816.5
2024-12-02 03:27:56,0.091017,Waliguan,36.28333,100.9,3816.5
2024-12-02 03:33:56,0.098241,Waliguan,36.28333,100.9,3816.5
2024-12-02 04:00:56,0.125562,Waliguan,36.28333,100.9,3816.5
2024-12-02 04:03:56,0.127192,Waliguan,36.28333,100.9,3816.5
2024-12-02 04:06:57,0.120723,Waliguan,36.28333,100.9,3816.5
2024-12-02 04:08:50,0.103269,Waliguan,36.28333,100.9,3816.5
2024-12-02 04:16:59,0.077744,Waliguan,36.28333,100.9,3816.5
2024-12-02 04:23:29,0.076624,Waliguan,36.28333,100.9,3816.5
2024-12-02 04:27:56,0.07605,Waliguan,36.28333,100.9,3816.5
2024-12-02 04:30:57,0.074666,Waliguan,36.28333,100.9,3816.5
2024-12-02 04:33:57,0.074332,Waliguan,36.28333,100.9,3816.5
2024-12-02 04:36:57,0.074091,Waliguan,36.28333,100.9,3816.5
2024-12-02 04:38:50,0.073627,Waliguan,36.28333,100.9,3816.5
2024-12-02 04:42:57,0.07453,Waliguan,36.28333,100.9,3816.5
2024-12-02 04:45:56,0.07339,Waliguan,36.28333,100.9,3816.5
2024-12-02 04:48:57,0.073607,Waliguan,36.28333,100.9,3816.5
2024-12-02 04:51:57,0.077257,Waliguan,36.28333,100.9,3816.5
2024-12-02 04:53:48,0.077312,Waliguan,36.28333,100.9,3816.5
2024-12-02 04:57:57,0.075627,Waliguan,36.28333,100.9,3816.5
2024-12-02 05:00:57,0.07477,Waliguan,36.28333,100.9,3816.5
2024-12-02 05:03:56,0.07427,Waliguan,36.28333,100.9,3816.5
2024-12-02 05:06:57,0.074659,Waliguan,36.28333,100.9,3816.5
2024-12-02 05:08:49,0.074269,Waliguan,36.28333,100.9,3816.5
2024-12-02 05:16:52,0.072045,Waliguan,36.28333,100.9,3816.5
2024-12-02 05:23:22,0.069727,Waliguan,36.28333,100.9,3816.5
2024-12-02 05:27:56,0.069232,Waliguan,36.28333,100.9,3816.5
2024-12-02 05:30:57,0.069041,Waliguan,36.28333,100.9,3816.5
2024-12-02 05:33:57,0.070738,Waliguan,36.28333,100.9,3816.5
2024-12-02 05:36:57,0.069623,Waliguan,36.28333,100.9,3816.5
2024-12-02 05:38:49,0.06948,Waliguan,36.28333,100.9,3816.5
2024-12-02 05:42:57,0.067839,Waliguan,36.28333,100.9,3816.5
2024-12-02 05:45:57,0.067147,Waliguan,36.28333,100.9,3816.5
2024-12-02 05:48:57,0.066166,Waliguan,36.28333,100.9,3816.5
2024-12-02 05:51:57,0.067605,Waliguan,36.28333,100.9,3816.5
2024-12-02 05:53:49,0.067383,Waliguan,36.28333,100.9,3816.5
2024-12-02 05:57:57,0.066945,Waliguan,36.28333,100.9,3816.5
2024-12-02 06:00:57,0.067062,Waliguan,36.28333,100.9,3816.5
2024-12-02 06:03:56,0.066792,Waliguan,36.28333,100.9,3816.5
2024-12-02 06:06:57,0.072786,Waliguan,36.28333,100.9,3816.5
2024-12-02 06:08:52,0.070385,Waliguan,36.28333,100.9,3816.5
2024-12-02 06:16:53,0.069203,Waliguan,36.28333,100.9,3816.5
2024-12-02 06:23:27,0.065999,Waliguan,36.28333,100.9,3816.5
2024-12-02 06:27:56,0.065545,Waliguan,36.28333,100.9,3816.5
2024-12-02 06:30:57,0.064419,Waliguan,36.28333,100.9,3816.5
2024-12-02 06:33:56,0.065103,Waliguan,36.28333,100.9,3816.5
2024-12-02 06:36:57,0.064628,Waliguan,36.28333,100.9,3816.5
2024-12-02 06:38:50,0.064325,Waliguan,36.28333,100.9,3816.5
2024-12-02 06:42:57,0.065035,Waliguan,36.28333,100.9,3816.5
2024-12-02 06:45:57,0.063771,Waliguan,36.28333,100.9,3816.5
2024-12-02 06:48:58,0.062799,Waliguan,36.28333,100.9,3816.5
2024-12-02 06:51:57,0.061212,Waliguan,36.28333,100.9,3816.5
2024-12-02 06:53:49,0.062515,Waliguan,36.28333,100.9,3816.5
2024-12-02 06:57:57,0.0631,Waliguan,36.28333,100.9,3816.5
2024-12-02 07:00:57,0.061678,Waliguan,36.28333,100.9,3816.5
2024-12-02 07:03:56,0.066219,Waliguan,36.28333,100.9,3816.5
2024-12-02 07:06:56,0.060351,Waliguan,36.28333,100.9,3816.5
2024-12-02 07:08:51,0.061059,Waliguan,36.28333,100.9,3816.5
2024-12-02 07:16:48,0.065275,Waliguan,36.28333,100.9,3816.5
2024-12-02 07:23:24,0.05998,Waliguan,36.28333,100.9,3816.5
2024-12-02 07:27:57,0.059218,Waliguan,36.28333,100.9,3816.5
2024-12-02 07:30:56,0.057833,Waliguan,36.28333,100.9,3816.5
2024-12-02 07:33:56,0.057441,Waliguan,36.28333,100.9,3816.5
2024-12-02 07:36:56,0.057754,Waliguan,36.28333,100.9,3816.5
2024-12-02 07:38:48,0.060954,Waliguan,36.28333,100.9,3816.5
2024-12-02 07:42:56,0.061837,Waliguan,36.28333,100.9,3816.5
2024-12-02 07:45:56,0.06583,Waliguan,36.28333,100.9,3816.5
2024-12-02 07:48:56,0.0596,Waliguan,36.28333,100.9,3816.5
2024-12-02 07:51:56,0.055902,Waliguan,36.28333,100.9,3816.5
2024-12-02 07:53:48,0.054745,Waliguan,36.28333,100.9,3816.5
2024-12-02 07:57:56,0.055986,Waliguan,36.28333,100.9,3816.5
2024-12-02 08:00:56,0.054994,Waliguan,36.28333,100.9,3816.5
2024-12-02 08:03:56,0.054283,Waliguan,36.28333,100.9,3816.5
2024-12-02 08:06:56,0.056609,Waliguan,36.28333,100.9,3816.5
2024-12-02 08:08:49,0.05577,Waliguan,36.28333,100.9,3816.5
2024-12-02 08:16:53,0.048999,Waliguan,36.28333,100.9,3816.5
2024-12-02 08:23:29,0.072154,Waliguan,36.28333,100.9,3816.5
2024-12-02 08:25:32,0.060427,Waliguan,36.28333,100.9,3816.5
2024-12-02 08:27:34,0.045907,Waliguan,36.28333,100.9,3816.5
2024-12-02 08:30:38,0.044196,Waliguan,36.28333,100.9,3816.5
2024-12-02 08:39:56,0.042576,Waliguan,36.28333,100.9,3816.5
2024-12-02 08:41:50,0.043373,Waliguan,36.28333,100.9,3816.5
2024-12-02 08:45:56,0.043854,Waliguan,36.28333,100.9,3816.5
2024-12-02 08:48:56,0.042992,Waliguan,36.28333,100.9,3816.5
2024-12-02 08:50:49,0.042688,Waliguan,36.28333,100.9,3816.5
2024-12-02 08:54:56,0.043275,Waliguan,36.28333,100.9,3816.5
2024-12-02 08:56:49,0.04252,Waliguan,36.28333,100.9,3816.5
2024-12-02 09:00:55,0.043005,Waliguan,36.28333,100.9,3816.5
2024-12-02 09:02:50,0.043947,Waliguan,36.28333,100.9,3816.5
2024-12-02 09:06:29,0.042336,Waliguan,36.28333,100.9,3816.5
2024-12-02 09:09:57,0.042785,Waliguan,36.28333,100.9,3816.5
2024-12-02 09:11:50,0.042229,Waliguan,36.28333,100.9,3816.5
2024-12-03 01:04:39,0.038128,Waliguan,36.28333,100.9,3816.5
2024-12-03 01:06:54,0.038671,Waliguan,36.28333,100.9,3816.5
2024-12-03 01:08:35,0.038867,Waliguan,36.28333,100.9,3816.5
2024-12-03 01:12:55,0.039157,Waliguan,36.28333,100.9,3816.5
2024-12-03 01:14:50,0.039466,Waliguan,36.28333,100.9,3816.5
2024-12-03 01:18:36,0.040229,Waliguan,36.28333,100.9,3816.5
2024-12-03 01:21:55,0.04086,Waliguan,36.28333,100.9,3816.5
2024-12-03 01:24:56,0.041563,Waliguan,36.28333,100.9,3816.5
2024-12-03 01:26:50,0.041781,Waliguan,36.28333,100.9,3816.5
2024-12-03 01:30:56,0.042548,Waliguan,36.28333,100.9,3816.5
2024-12-03 01:33:40,0.042768,Waliguan,36.28333,100.9,3816.5
2024-12-03 01:36:56,0.043827,Waliguan,36.28333,100.9,3816.5
2024-12-03 01:39:55,0.043654,Waliguan,36.28333,100.9,3816.5
2024-12-03 01:42:55,0.043763,Waliguan,36.28333,100.9,3816.5
2024-12-03 01:44:49,0.044084,Waliguan,36.28333,100.9,3816.5
2024-12-03 01:54:12,0.045558,Waliguan,36.28333,100.9,3816.5
2024-12-03 01:56:14,0.045843,Waliguan,36.28333,100.9,3816.5
2024-12-03 02:00:56,0.046841,Waliguan,36.28333,100.9,3816.5
2024-12-03 02:02:49,0.047063,Waliguan,36.28333,100.9,3816.5
2024-12-03 02:06:56,0.047485,Waliguan,36.28333,100.9,3816.5
2024-12-03 02:08:50,0.047761,Waliguan,36.28333,100.9,3816.5
2024-12-03 02:17:00,0.048984,Waliguan,36.28333,100.9,3816.5
2024-12-03 02:23:26,0.049354,Waliguan,36.28333,100.9,3816.5
2024-12-03 02:42:56,0.052766,Waliguan,36.28333,100.9,3816.5
2024-12-03 02:45:56,0.05358,Waliguan,36.28333,100.9,3816.5
2024-12-03 02:48:56,0.06071,Waliguan,36.28333,100.9,3816.5
2024-12-03 02:51:56,0.057945,Waliguan,36.28333,100.9,3816.5
2024-12-03 02:53:48,0.069672,Waliguan,36.28333,100.9,3816.5
2024-12-03 02:57:56,0.054724,Waliguan,36.28333,100.9,3816.5
2024-12-03 03:00:56,0.055264,Waliguan,36.28333,100.9,3816.5
2024-12-03 03:03:56,0.055045,Waliguan,36.28333,100.9,3816.5
2024-12-03 03:06:56,0.055679,Waliguan,36.28333,100.9,3816.5
2024-12-03 03:08:50,0.055383,Waliguan,36.28333,100.9,3816.5
2024-12-03 03:16:57,0.056215,Waliguan,36.28333,100.9,3816.5
2024-12-03 03:23:29,0.056759,Waliguan,36.28333,100.9,3816.5
2024-12-03 03:27:56,0.05596,Waliguan,36.28333,100.9,3816.5
2024-12-03 03:30:56,0.056758,Waliguan,36.28333,100.9,3816.5
2024-12-03 03:33:56,0.057229,Waliguan,36.28333,100.9,3816.5
2024-12-03 03:36:56,0.056979,Waliguan,36.28333,100.9,3816.5
2024-12-03 03:38:49,0.056836,Waliguan,36.28333,100.9,3816.5
2024-12-03 03:42:56,0.057441,Waliguan,36.28333,100.9,3816.5
2024-12-03 03:45:56,0.057346,Waliguan,36.28333,100.9,3816.5
2024-12-03 03:48:56,0.057508,Waliguan,36.28333,100.9,3816.5
2024-12-03 03:53:49,0.057751,Waliguan,36.28333,100.9,3816.5
2024-12-03 03:57:56,0.057812,Waliguan,36.28333,100.9,3816.5
2024-12-03 04:00:56,0.057846,Waliguan,36.28333,100.9,3816.5
2024-12-03 04:03:56,0.058335,Waliguan,36.28333,100.9,3816.5
2024-12-03 04:06:56,0.05836,Waliguan,36.28333,100.9,3816.5
2024-12-03 04:08:50,0.058703,Waliguan,36.28333,100.9,3816.5
2024-12-03 04:16:54,0.058874,Waliguan,36.28333,100.9,3816.5
2024-12-03 04:23:21,0.059312,Waliguan,36.28333,100.9,3816.5
2024-12-03 04:27:56,0.059282,Waliguan,36.28333,100.9,3816.5
2024-12-03 04:30:56,0.059063,Waliguan,36.28333,100.9,3816.5
2024-12-03 04:33:56,0.059529,Waliguan,36.28333,100.9,3816.5
2024-12-03 04:36:56,0.05959,Waliguan,36.28333,100.9,3816.5
2024-12-03 04:38:50,0.058997,Waliguan,36.28333,100.9,3816.5
2024-12-03 04:42:57,0.05969,Waliguan,36.28333,100.9,3816.5
2024-12-03 04:45:56,0.059656,Waliguan,36.28333,100.9,3816.5
2024-12-03 04:48:56,0.060651,Waliguan,36.28333,100.9,3816.5
2024-12-03 04:51:56,0.059348,Waliguan,36.28333,100.9,3816.5
2024-12-03 04:53:48,0.060191,Waliguan,36.28333,100.9,3816.5
2024-12-03 04:57:56,0.060121,Waliguan,36.28333,100.9,3816.5
2024-12-03 05:00:56,0.059773,Waliguan,36.28333,100.9,3816.5
2024-12-03 05:03:56,0.059755,Waliguan,36.28333,100.9,3816.5
2024-12-03 05:06:57,0.058726,Waliguan,36.28333,100.9,3816.5
2024-12-03 05:08:50,0.060121,Waliguan,36.28333,100.9,3816.5
2024-12-03 05:16:48,0.061039,Waliguan,36.28333,100.9,3816.5
2024-12-03 05:23:20,0.060981,Waliguan,36.28333,100.9,3816.5
2024-12-03 05:27:57,0.059928,Waliguan,36.28333,100.9,3816.5
2024-12-03 05:30:57,0.059215,Waliguan,36.28333,100.9,3816.5
2024-12-03 05:33:57,0.060344,Waliguan,36.28333,100.9,3816.5
2024-12-03 05:36:57,0.059944,Waliguan,36.28333,100.9,3816.5
2024-12-03 05:38:48,0.060479,Waliguan,36.28333,100.9,3816.5
2024-12-03 05:42:57,0.06042,Waliguan,36.28333,100.9,3816.5
2024-12-03 05:45:57,0.060618,Waliguan,36.28333,100.9,3816.5
2024-12-03 05:48:57,0.060098,Waliguan,36.28333,100.9,3816.5
2024-12-03 05:51:57,0.060111,Waliguan,36.28333,100.9,3816.5
2024-12-03 05:53:49,0.059411,Waliguan,36.28333,100.9,3816.5
2024-12-03 05:57:57,0.059237,Waliguan,36.28333,100.9,3816.5
2024-12-03 06:00:56,0.058387,Waliguan,36.28333,100.9,3816.5
2024-12-03 06:03:56,0.057912,Waliguan,36.28333,100.9,3816.5
2024-12-03 06:06:57,0.057344,Waliguan,36.28333,100.9,3816.5
2024-12-03 06:08:51,0.057984,Waliguan,36.28333,100.9,3816.5
2024-12-03 06:16:50,0.054936,Waliguan,36.28333,100.9,3816.5
2024-12-03 06:23:25,0.056135,Waliguan,36.28333,100.9,3816.5
2024-12-03 06:27:56,0.054334,Waliguan,36.28333,100.9,3816.5
2024-12-03 06:30:56,0.054161,Waliguan,36.28333,100.9,3816.5
2024-12-03 06:36:57,0.054855,Waliguan,36.28333,100.9,3816.5
2024-12-03 06:38:49,0.05595,Waliguan,36.28333,100.9,3816.5
2024-12-03 06:42:56,0.059868,Waliguan,36.28333,100.9,3816.5
2024-12-03 06:45:56,0.055175,Waliguan,36.28333,100.9,3816.5
2024-12-03 06:48:57,0.055813,Waliguan,36.28333,100.9,3816.5
2024-12-03 06:51:57,0.054529,Waliguan,36.28333,100.9,3816.5
2024-12-03 06:57:56,0.053814,Waliguan,36.28333,100.9,3816.5
2024-12-03 07:00:56,0.054536,Waliguan,36.28333,100.9,3816.5
2024-12-03 07:03:56,0.054519,Waliguan,36.28333,100.9,3816.5
2024-12-03 07:06:56,0.055802,Waliguan,36.28333,100.9,3816.5
2024-12-03 07:08:50,0.060422,Waliguan,36.28333,100.9,3816.5
2024-12-03 07:16:50,0.055395,Waliguan,36.28333,100.9,3816.5
2024-12-03 07:23:20,0.056134,Waliguan,36.28333,100.9,3816.5
2024-12-03 07:27:57,0.055578,Waliguan,36.28333,100.9,3816.5
2024-12-03 07:30:56,0.054924,Waliguan,36.28333,100.9,3816.5
2024-12-03 07:33:56,0.054612,Waliguan,36.28333,100.9,3816.5
2024-12-03 07:36:56,0.055184,Waliguan,36.28333,100.9,3816.5
2024-12-03 07:38:48,0.055876,Waliguan,36.28333,100.9,3816.5
2024-12-03 07:42:57,0.056914,Waliguan,36.28333,100.9,3816.5
2024-12-03 07:45:56,0.056633,Waliguan,36.28333,100.9,3816.5
2024-12-03 07:48:56,0.055917,Waliguan,36.28333,100.9,3816.5
2024-12-03 07:51:56,0.055273,Waliguan,36.28333,100.9,3816.5
2024-12-03 07:53:48,0.055119,Waliguan,36.28333,100.9,3816.5
2024-12-03 07:57:56,0.05554,Waliguan,36.28333,100.9,3816.5
2024-12-03 08:00:56,0.054658,Waliguan,36.28333,100.9,3816.5
2024-12-03 08:03:56,0.054142,Waliguan,36.28333,100.9,3816.5
2024-12-03 08:06:56,0.053973,Waliguan,36.28333,100.9,3816.5
2024-12-03 08:08:49,0.052764,Waliguan,36.28333,100.9,3816.5
2024-12-03 08:16:57,0.053617,Waliguan,36.28333,100.9,3816.5
2024-12-03 08:27:31,0.063321,Waliguan,36.28333,100.9,3816.5
2024-12-03 08:30:18,0.051542,Waliguan,36.28333,100.9,3816.5
2024-12-03 08:39:56,0.049271,Waliguan,36.28333,100.9,3816.5
2024-12-03 08:41:50,0.048742,Waliguan,36.28333,100.9,3816.5
2024-12-03 08:45:54,0.04773,Waliguan,36.28333,100.9,3816.5
2024-12-03 08:48:56,0.046186,Waliguan,36.28333,100.9,3816.5
2024-12-03 08:50:49,0.045797,Waliguan,36.28333,100.9,3816.5
2024-12-03 08:54:59,0.04484,Waliguan,36.28333,100.9,3816.5
2024-12-03 08:56:49,0.044819,Waliguan,36.28333,100.9,3816.5
2024-12-03 09:00:55,0.043295,Waliguan,36.28333,100.9,3816.5
2024-12-03 09:02:49,0.042782,Waliguan,36.28333,100.9,3816.5
2024-12-03 09:06:15,0.041685,Waliguan,36.28333,100.9,3816.5
2024-12-03 09:09:56,0.04064,Waliguan,36.28333,100.9,3816.5
2024-12-03 09:11:51,0.039021,Waliguan,36.28333,100.9,3816.5
2024-12-04 01:05:37,0.055377,Waliguan,36.28333,100.9,3816.5
2024-12-04 01:09:30,0.054423,Waliguan,36.28333,100.9,3816.5
2024-12-04 01:12:56,0.054541,Waliguan,36.28333,100.9,3816.5
2024-12-04 01:14:49,0.05494,Waliguan,36.28333,100.9,3816.5
2024-12-04 01:18:54,0.054513,Waliguan,36.28333,100.9,3816.5
2024-12-04 01:20:48,0.055389,Waliguan,36.28333,100.9,3816.5
2024-12-04 01:24:55,0.055988,Waliguan,36.28333,100.9,3816.5
2024-12-04 01:26:49,0.054447,Waliguan,36.28333,100.9,3816.5
2024-12-04 01:30:56,0.055169,Waliguan,36.28333,100.9,3816.5
2024-12-04 01:33:55,0.054506,Waliguan,36.28333,100.9,3816.5
2024-12-04 01:35:50,0.055385,Waliguan,36.28333,100.9,3816.5
2024-12-04 01:39:56,0.054435,Waliguan,36.28333,100.9,3816.5
2024-12-04 01:42:56,0.055492,Waliguan,36.28333,100.9,3816.5
2024-12-04 01:45:35,0.05493,Waliguan,36.28333,100.9,3816.5
2024-12-04 01:55:00,0.056356,Waliguan,36.28333,100.9,3816.5
2024-12-04 01:57:02,0.056755,Waliguan,36.28333,100.9,3816.5
2024-12-04 02:00:55,0.05688,Waliguan,36.28333,100.9,3816.5
2024-12-04 02:03:45,0.05831,Waliguan,36.28333,100.9,3816.5
2024-12-04 02:06:56,0.059313,Waliguan,36.28333,100.9,3816.5
2024-12-04 02:08:49,0.059604,Waliguan,36.28333,100.9,3816.5
2024-12-04 02:17:03,0.061274,Waliguan,36.28333,100.9,3816.5
2024-12-04 02:23:28,0.06234,Waliguan,36.28333,100.9,3816.5
2024-12-04 02:42:56,0.0638,Waliguan,36.28333,100.9,3816.5
2024-12-04 02:45:56,0.065259,Waliguan,36.28333,100.9,3816.5
2024-12-04 02:48:57,0.069638,Waliguan,36.28333,100.9,3816.5
2024-12-04 02:51:57,0.069516,Waliguan,36.28333,100.9,3816.5
2024-12-04 02:53:49,0.082455,Waliguan,36.28333,100.9,3816.5
2024-12-04 02:57:56,0.068448,Waliguan,36.28333,100.9,3816.5
2024-12-04 03:00:56,0.069676,Waliguan,36.28333,100.9,3816.5
2024-12-04 03:03:56,0.06785,Waliguan,36.28333,100.9,3816.5
2024-12-04 03:06:56,0.066558,Waliguan,36.28333,100.9,3816.5
2024-12-04 03:08:49,0.066605,Waliguan,36.28333,100.9,3816.5
2024-12-04 03:16:56,0.067049,Waliguan,36.28333,100.9,3816.5
2024-12-04 03:23:25,0.07072,Waliguan,36.28333,100.9,3816.5
2024-12-04 03:27:56,0.069898,Waliguan,36.28333,100.9,3816.5
2024-12-04 03:30:56,0.071381,Waliguan,36.28333,100.9,3816.5
2024-12-04 03:33:56,0.073729,Waliguan,36.28333,100.9,3816.5
2024-12-04 03:36:56,0.072339,Waliguan,36.28333,100.9,3816.5
2024-12-04 03:38:50,0.072972,Waliguan,36.28333,100.9,3816.5
2024-12-04 03:42:56,0.072458,Waliguan,36.28333,100.9,3816.5
2024-12-04 03:45:56,0.075179,Waliguan,36.28333,100.9,3816.5
2024-12-04 03:48:56,0.071985,Waliguan,36.28333,100.9,3816.5
2024-12-04 03:51:56,0.107579,Waliguan,36.28333,100.9,3816.5
2024-12-04 03:57:56,0.072133,Waliguan,36.28333,100.9,3816.5
2024-12-04 04:00:56,0.074204,Waliguan,36.28333,100.9,3816.5
2024-12-04 04:03:56,0.073034,Waliguan,36.28333,100.9,3816.5
2024-12-04 04:06:56,0.072678,Waliguan,36.28333,100.9,3816.5
2024-12-04 04:08:50,0.072966,Waliguan,36.28333,100.9,3816.5
2024-12-04 04:16:52,0.074448,Waliguan,36.28333,100.9,3816.5
2024-12-04 04:23:24,0.073258,Waliguan,36.28333,100.9,3816.5
2024-12-04 04:27:57,0.073881,Waliguan,36.28333,100.9,3816.5
2024-12-04 04:30:57,0.07236,Waliguan,36.28333,100.9,3816.5
2024-12-04 04:33:57,0.074048,Waliguan,36.28333,100.9,3816.5
2024-12-04 04:36:56,0.072169,Waliguan,36.28333,100.9,3816.5
2024-12-04 04:38:49,0.069029,Waliguan,36.28333,100.9,3816.5
2024-12-04 04:42:56,0.073079,Waliguan,36.28333,100.9,3816.5
2024-12-04 04:45:56,0.069749,Waliguan,36.28333,100.9,3816.5
2024-12-04 04:48:57,0.073364,Waliguan,36.28333,100.9,3816.5
2024-12-04 04:51:57,0.073678,Waliguan,36.28333,100.9,3816.5
2024-12-04 04:53:49,0.073823,Waliguan,36.28333,100.9,3816.5
2024-12-04 04:57:56,0.071921,Waliguan,36.28333,100.9,3816.5
2024-12-04 05:00:56,0.073056,Waliguan,36.28333,100.9,3816.5
2024-12-04 05:03:56,0.07195,Waliguan,36.28333,100.9,3816.5
2024-12-04 05:06:57,0.072467,Waliguan,36.28333,100.9,3816.5
2024-12-04 05:08:49,0.0758,Waliguan,36.28333,100.9,3816.5
2024-12-04 05:16:54,0.072642,Waliguan,36.28333,100.9,3816.5
2024-12-04 05:23:25,0.075849,Waliguan,36.28333,100.9,3816.5
2024-12-04 05:27:57,0.075065,Waliguan,36.28333,100.9,3816.5
2024-12-04 05:30:57,0.07731,Waliguan,36.28333,100.9,3816.5
2024-12-04 05:33:56,0.077038,Waliguan,36.28333,100.9,3816.5
2024-12-04 05:36:57,0.076904,Waliguan,36.28333,100.9,3816.5
2024-12-04 05:38:49,0.078115,Waliguan,36.28333,100.9,3816.5
2024-12-04 05:42:57,0.078319,Waliguan,36.28333,100.9,3816.5
2024-12-04 05:46:02,0.077713,Waliguan,36.28333,100.9,3816.5
2024-12-04 05:48:58,0.077621,Waliguan,36.28333,100.9,3816.5
2024-12-04 05:51:57,0.07786,Waliguan,36.28333,100.9,3816.5
2024-12-04 05:53:48,0.079254,Waliguan,36.28333,100.9,3816.5
2024-12-04 05:57:57,0.080312,Waliguan,36.28333,100.9,3816.5
2024-12-04 06:00:57,0.078886,Waliguan,36.28333,100.9,3816.5
2024-12-04 06:03:57,0.080479,Waliguan,36.28333,100.9,3816.5
2024-12-04 06:06:57,0.080377,Waliguan,36.28333,100.9,3816.5
2024-12-04 06:08:50,0.081187,Waliguan,36.28333,100.9,3816.5
2024-12-04 06:16:52,0.081706,Waliguan,36.28333,100.9,3816.5
2024-12-04 06:23:20,0.082644,Waliguan,36.28333,100.9,3816.5
2024-12-04 06:27:56,0.083558,Waliguan,36.28333,100.9,3816.5
2024-12-04 06:30:57,0.083451,Waliguan,36.28333,100.9,3816.5
2024-12-04 06:33:58,0.086697,Waliguan,36.28333,100.9,3816.5
2024-12-04 06:36:57,0.08774,Waliguan,36.28333,100.9,3816.5
2024-12-04 06:38:50,0.088204,Waliguan,36.28333,100.9,3816.5
2024-12-04 06:43:00,0.086344,Waliguan,36.28333,100.9,3816.5
2024-12-04 06:45:57,0.086427,Waliguan,36.28333,100.9,3816.5
2024-12-04 06:48:59,0.088352,Waliguan,36.28333,100.9,3816.5
2024-12-04 06:51:57,0.088362,Waliguan,36.28333,100.9,3816.5
2024-12-04 06:53:49,0.089238,Waliguan,36.28333,100.9,3816.5
2024-12-04 06:57:57,0.092246,Waliguan,36.28333,100.9,3816.5
2024-12-04 07:00:56,0.09292,Waliguan,36.28333,100.9,3816.5
2024-12-04 07:03:57,0.09413,Waliguan,36.28333,100.9,3816.5
2024-12-04 07:16:58,0.095936,Waliguan,36.28333,100.9,3816.5
2024-12-04 07:23:32,0.093374,Waliguan,36.28333,100.9,3816.5
2024-12-04 07:27:56,0.109426,Waliguan,36.28333,100.9,3816.5
2024-12-04 07:30:57,0.111101,Waliguan,36.28333,100.9,3816.5
2024-12-04 07:33:57,0.096006,Waliguan,36.28333,100.9,3816.5
2024-12-04 07:36:56,0.087911,Waliguan,36.28333,100.9,3816.5
2024-12-04 07:38:49,0.086528,Waliguan,36.28333,100.9,3816.5
2024-12-04 07:45:56,0.082435,Waliguan,36.28333,100.9,3816.5
2024-12-04 07:48:57,0.082793,Waliguan,36.28333,100.9,3816.5
2024-12-04 07:51:56,0.085899,Waliguan,36.28333,100.9,3816.5
2024-12-04 07:53:48,0.087824,Waliguan,36.28333,100.9,3816.5
2024-12-04 07:57:57,0.095724,Waliguan,36.28333,100.9,3816.5
2024-12-04 08:00:56,0.089407,Waliguan,36.28333,100.9,3816.5
2024-12-04 08:03:56,0.094039,Waliguan,36.28333,100.9,3816.5
2024-12-04 08:06:56,0.107455,Waliguan,36.28333,100.9,3816.5
2024-12-04 08:25:48,0.112439,Waliguan,36.28333,100.9,3816.5
2024-12-04 08:48:56,0.074697,Waliguan,36.28333,100.9,3816.5
2024-12-04 09:02:49,0.089214,Waliguan,36.28333,100.9,3816.5
2024-12-04 09:11:59,0.095907,Waliguan,36.28333,100.9,3816.5
2024-12-05 01:27:37,0.092004,Waliguan,36.28333,100.9,3816.5
2024-12-05 01:35:50,0.097598,Waliguan,36.28333,100.9,3816.5
2024-12-05 03:03:56,0.073151,Waliguan,36.28333,100.9,3816.5
2024-12-05 03:06:56,0.072179,Waliguan,36.28333,100.9,3816.5
2024-12-05 03:23:53,0.084655,Waliguan,36.28333,100.9,3816.5
2024-12-05 03:27:56,0.081858,Waliguan,36.28333,100.9,3816.5
2024-12-05 03:30:56,0.081101,Waliguan,36.28333,100.9,3816.5
2024-12-05 03:33:56,0.08407,Waliguan,36.28333,100.9,3816.5
2024-12-05 03:42:56,0.077761,Waliguan,36.28333,100.9,3816.5
2024-12-05 03:45:56,0.074042,Waliguan,36.28333,100.9,3816.5
2024-12-05 04:06:56,0.078185,Waliguan,36.28333,100.9,3816.5
2024-12-05 04:08:50,0.072448,Waliguan,36.28333,100.9,3816.5
2024-12-05 04:30:57,0.079413,Waliguan,36.28333,100.9,3816.5
2024-12-05 04:33:56,0.07604,Waliguan,36.28333,100.9,3816.5
2024-12-05 04:36:57,0.078627,Waliguan,36.28333,100.9,3816.5
2024-12-05 04:38:50,0.0774,Waliguan,36.28333,100.9,3816.5
2024-12-05 04:42:57,0.082008,Waliguan,36.28333,100.9,3816.5
2024-12-05 04:45:58,0.079184,Waliguan,36.28333,100.9,3816.5
2024-12-05 04:51:57,0.090816,Waliguan,36.28333,100.9,3816.5
2024-12-05 04:53:49,0.080744,Waliguan,36.28333,100.9,3816.5
2024-12-05 04:57:57,0.081719,Waliguan,36.28333,100.9,3816.5
2024-12-05 05:00:57,0.085338,Waliguan,36.28333,100.9,3816.5
2024-12-05 05:03:56,0.088885,Waliguan,36.28333,100.9,3816.5
2024-12-05 05:06:57,0.089861,Waliguan,36.28333,100.9,3816.5
2024-12-05 05:16:58,0.096999,Waliguan,36.28333,100.9,3816.5
2024-12-05 05:23:28,0.106939,Waliguan,36.28333,100.9,3816.5
2024-12-05 05:27:57,0.103278,Waliguan,36.28333,100.9,3816.5
2024-12-05 05:30:57,0.102365,Waliguan,36.28333,100.9,3816.5
2024-12-05 05:33:58,0.114361,Waliguan,36.28333,100.9,3816.5
2024-12-05 05:36:57,0.109872,Waliguan,36.28333,100.9,3816.5
2024-12-05 05:38:49,0.121598,Waliguan,36.28333,100.9,3816.5
2024-12-05 05:45:58,0.12373,Waliguan,36.28333,100.9,3816.5
2024-12-05 05:53:49,0.133762,Waliguan,36.28333,100.9,3816.5
2024-12-05 05:57:57,0.134623,Waliguan,36.28333,100.9,3816.5
2024-12-06 01:36:48,0.057014,Waliguan,36.28333,100.9,3816.5
2024-12-06 01:39:55,0.057037,Waliguan,36.28333,100.9,3816.5
2024-12-06 01:42:55,0.047479,Waliguan,36.28333,100.9,3816.5
2024-12-06 01:45:56,0.045589,Waliguan,36.28333,100.9,3816.5
2024-12-06 01:47:51,0.044303,Waliguan,36.28333,100.9,3816.5
2024-12-06 01:57:11,0.044967,Waliguan,36.28333,100.9,3816.5
2024-12-06 01:59:14,0.045274,Waliguan,36.28333,100.9,3816.5
2024-12-06 02:03:56,0.045541,Waliguan,36.28333,100.9,3816.5
2024-12-06 02:06:01,0.045666,Waliguan,36.28333,100.9,3816.5
2024-12-06 02:08:37,0.046324,Waliguan,36.28333,100.9,3816.5
2024-12-06 02:16:50,0.047297,Waliguan,36.28333,100.9,3816.5
2024-12-06 02:23:35,0.046711,Waliguan,36.28333,100.9,3816.5
2024-12-06 02:42:56,0.052564,Waliguan,36.28333,100.9,3816.5
2024-12-06 02:45:56,0.049516,Waliguan,36.28333,100.9,3816.5
2024-12-06 02:48:56,0.051689,Waliguan,36.28333,100.9,3816.5
2024-12-06 02:51:56,0.054858,Waliguan,36.28333,100.9,3816.5
2024-12-06 02:53:49,0.066204,Waliguan,36.28333,100.9,3816.5
2024-12-06 02:57:56,0.051614,Waliguan,36.28333,100.9,3816.5
2024-12-06 03:00:56,0.052022,Waliguan,36.28333,100.9,3816.5
2024-12-06 03:03:56,0.052097,Waliguan,36.28333,100.9,3816.5
2024-12-06 03:06:56,0.052603,Waliguan,36.28333,100.9,3816.5
2024-12-06 03:08:50,0.053047,Waliguan,36.28333,100.9,3816.5
2024-12-06 03:17:00,0.054347,Waliguan,36.28333,100.9,3816.5
2024-12-06 03:23:35,0.054778,Waliguan,36.28333,100.9,3816.5
2024-12-06 03:27:56,0.055078,Waliguan,36.28333,100.9,3816.5
2024-12-06 03:30:56,0.055088,Waliguan,36.28333,100.9,3816.5
2024-12-06 03:33:57,0.055497,Waliguan,36.28333,100.9,3816.5
2024-12-06 03:36:56,0.055903,Waliguan,36.28333,100.9,3816.5
2024-12-06 03:38:51,0.055506,Waliguan,36.28333,100.9,3816.5
2024-12-06 03:42:56,0.056209,Waliguan,36.28333,100.9,3816.5
2024-12-06 03:45:56,0.056595,Waliguan,36.28333,100.9,3816.5
2024-12-06 03:48:56,0.0567,Waliguan,36.28333,100.9,3816.5
2024-12-06 03:51:56,0.057516,Waliguan,36.28333,100.9,3816.5
2024-12-06 03:57:56,0.058509,Waliguan,36.28333,100.9,3816.5
2024-12-06 04:00:56,0.05893,Waliguan,36.28333,100.9,3816.5
2024-12-06 04:03:56,0.059333,Waliguan,36.28333,100.9,3816.5
2024-12-06 04:06:56,0.059397,Waliguan,36.28333,100.9,3816.5
2024-12-06 04:08:51,0.059246,Waliguan,36.28333,100.9,3816.5
2024-12-06 04:16:56,0.061499,Waliguan,36.28333,100.9,3816.5
2024-12-06 04:23:36,0.061952,Waliguan,36.28333,100.9,3816.5
2024-12-06 04:27:56,0.062657,Waliguan,36.28333,100.9,3816.5
2024-12-06 04:30:56,0.063741,Waliguan,36.28333,100.9,3816.5
2024-12-06 04:33:57,0.063424,Waliguan,36.28333,100.9,3816.5
2024-12-06 04:36:57,0.064845,Waliguan,36.28333,100.9,3816.5
2024-12-06 04:38:49,0.064212,Waliguan,36.28333,100.9,3816.5
2024-12-06 04:42:57,0.063748,Waliguan,36.28333,100.9,3816.5
2024-12-06 04:45:56,0.064387,Waliguan,36.28333,100.9,3816.5
2024-12-06 04:48:57,0.064264,Waliguan,36.28333,100.9,3816.5
2024-12-06 04:51:56,0.064135,Waliguan,36.28333,100.9,3816.5
2024-12-06 04:53:49,0.064727,Waliguan,36.28333,100.9,3816.5
2024-12-06 04:57:57,0.064031,Waliguan,36.28333,100.9,3816.5
2024-12-06 05:00:57,0.065294,Waliguan,36.28333,100.9,3816.5
2024-12-06 05:03:57,0.06576,Waliguan,36.28333,100.9,3816.5
2024-12-06 05:06:57,0.064956,Waliguan,36.28333,100.9,3816.5
2024-12-06 05:08:50,0.064334,Waliguan,36.28333,100.9,3816.5
2024-12-06 05:16:58,0.066624,Waliguan,36.28333,100.9,3816.5
2024-12-06 05:23:36,0.068263,Waliguan,36.28333,100.9,3816.5
2024-12-06 05:27:56,0.068463,Waliguan,36.28333,100.9,3816.5
2024-12-06 05:30:57,0.068348,Waliguan,36.28333,100.9,3816.5
2024-12-06 05:33:57,0.067712,Waliguan,36.28333,100.9,3816.5
2024-12-06 05:36:57,0.067782,Waliguan,36.28333,100.9,3816.5
2024-12-06 05:38:49,0.067304,Waliguan,36.28333,100.9,3816.5
2024-12-06 05:42:57,0.066303,Waliguan,36.28333,100.9,3816.5
2024-12-06 05:45:57,0.065812,Waliguan,36.28333,100.9,3816.5
2024-12-06 05:48:57,0.065658,Waliguan,36.28333,100.9,3816.5
2024-12-06 05:51:56,0.066631,Waliguan,36.28333,100.9,3816.5
2024-12-06 05:53:49,0.066787,Waliguan,36.28333,100.9,3816.5
2024-12-06 05:57:57,0.065338,Waliguan,36.28333,100.9,3816.5
2024-12-06 06:00:56,0.065142,Waliguan,36.28333,100.9,3816.5
2024-12-06 06:03:57,0.065336,Waliguan,36.28333,100.9,3816.5
2024-12-06 06:06:57,0.064742,Waliguan,36.28333,100.9,3816.5
2024-12-06 06:08:49,0.064177,Waliguan,36.28333,100.9,3816.5
2024-12-06 06:16:52,0.06512,Waliguan,36.28333,100.9,3816.5
2024-12-06 06:23:36,0.064192,Waliguan,36.28333,100.9,3816.5
2024-12-06 06:27:57,0.065168,Waliguan,36.28333,100.9,3816.5
2024-12-06 06:30:56,0.063647,Waliguan,36.28333,100.9,3816.5
2024-12-06 06:33:56,0.063697,Waliguan,36.28333,100.9,3816.5
2024-12-06 06:36:56,0.063546,Waliguan,36.28333,100.9,3816.5
2024-12-06 06:38:51,0.064412,Waliguan,36.28333,100.9,3816.5
2024-12-06 06:42:57,0.062588,Waliguan,36.28333,100.9,3816.5
2024-12-06 06:45:56,0.063969,Waliguan,36.28333,100.9,3816.5
2024-12-06 06:48:57,0.064197,Waliguan,36.28333,100.9,3816.5
2024-12-06 06:51:57,0.063163,Waliguan,36.28333,100.9,3816.5
2024-12-06 06:53:50,0.065009,Waliguan,36.28333,100.9,3816.5
2024-12-06 06:57:56,0.063562,Waliguan,36.28333,100.9,3816.5
2024-12-06 07:00:56,0.064931,Waliguan,36.28333,100.9,3816.5
2024-12-06 07:03:57,0.062598,Waliguan,36.28333,100.9,3816.5
2024-12-06 07:06:57,0.063591,Waliguan,36.28333,100.9,3816.5
2024-12-06 07:08:50,0.061721,Waliguan,36.28333,100.9,3816.5
2024-12-06 07:16:57,0.062185,Waliguan,36.28333,100.9,3816.5
2024-12-06 07:23:35,0.061677,Waliguan,36.28333,100.9,3816.5
2024-12-06 07:27:55,0.06296,Waliguan,36.28333,100.9,3816.5
2024-12-06 07:30:56,0.061578,Waliguan,36.28333,100.9,3816.5
2024-12-06 07:33:57,0.06099,Waliguan,36.28333,100.9,3816.5
2024-12-06 07:36:56,0.066678,Waliguan,36.28333,100.9,3816.5
2024-12-06 07:38:49,0.063393,Waliguan,36.28333,100.9,3816.5
2024-12-06 07:42:56,0.060137,Waliguan,36.28333,100.9,3816.5
2024-12-06 07:45:56,0.057408,Waliguan,36.28333,100.9,3816.5
2024-12-06 07:48:56,0.05447,Waliguan,36.28333,100.9,3816.5
2024-12-06 07:51:56,0.056816,Waliguan,36.28333,100.9,3816.5
2024-12-06 07:53:50,0.054697,Waliguan,36.28333,100.9,3816.5
2024-12-06 07:57:56,0.052937,Waliguan,36.28333,100.9,3816.5
2024-12-06 08:00:56,0.055422,Waliguan,36.28333,100.9,3816.5
2024-12-06 08:03:56,0.054091,Waliguan,36.28333,100.9,3816.5
2024-12-06 08:06:56,0.05742,Waliguan,36.28333,100.9,3816.5
2024-12-06 08:08:49,0.059962,Waliguan,36.28333,100.9,3816.5
2024-12-06 08:17:00,0.050945,Waliguan,36.28333,100.9,3816.5
2024-12-06 08:23:37,0.052526,Waliguan,36.28333,100.9,3816.5
2024-12-06 08:25:37,0.053625,Waliguan,36.28333,100.9,3816.5
2024-12-06 08:27:41,0.056264,Waliguan,36.28333,100.9,3816.5
2024-12-06 08:29:44,0.075951,Waliguan,36.28333,100.9,3816.5
2024-12-07 01:08:26,0.043808,Waliguan,36.28333,100.9,3816.5
2024-12-07 01:12:22,0.044944,Waliguan,36.28333,100.9,3816.5
2024-12-07 01:15:56,0.046014,Waliguan,36.28333,100.9,3816.5
2024-12-07 01:17:48,0.044762,Waliguan,36.28333,100.9,3816.5
2024-12-07 01:21:55,0.045227,Waliguan,36.28333,100.9,3816.5
2024-12-07 01:23:49,0.04428,Waliguan,36.28333,100.9,3816.5
2024-12-07 01:27:56,0.042951,Waliguan,36.28333,100.9,3816.5
2024-12-07 01:29:50,0.043356,Waliguan,36.28333,100.9,3816.5
2024-12-07 01:33:55,0.047238,Waliguan,36.28333,100.9,3816.5
2024-12-07 01:36:55,0.046335,Waliguan,36.28333,100.9,3816.5
2024-12-07 01:38:49,0.049202,Waliguan,36.28333,100.9,3816.5
2024-12-07 01:42:55,0.046407,Waliguan,36.28333,100.9,3816.5
2024-12-07 01:45:56,0.0513,Waliguan,36.28333,100.9,3816.5
2024-12-07 01:48:44,0.050875,Waliguan,36.28333,100.9,3816.5
2024-12-07 01:58:09,0.048588,Waliguan,36.28333,100.9,3816.5
2024-12-07 02:00:15,0.053962,Waliguan,36.28333,100.9,3816.5
2024-12-07 02:03:56,0.061023,Waliguan,36.28333,100.9,3816.5
2024-12-07 02:06:56,0.053882,Waliguan,36.28333,100.9,3816.5
2024-12-07 02:08:54,0.05502,Waliguan,36.28333,100.9,3816.5
2024-12-07 02:10:57,0.057163,Waliguan,36.28333,100.9,3816.5
2024-12-07 02:19:09,0.056558,Waliguan,36.28333,100.9,3816.5
2024-12-07 02:42:56,0.065684,Waliguan,36.28333,100.9,3816.5
2024-12-07 02:45:56,0.060013,Waliguan,36.28333,100.9,3816.5
2024-12-07 02:48:56,0.066056,Waliguan,36.28333,100.9,3816.5
2024-12-07 02:51:56,0.076492,Waliguan,36.28333,100.9,3816.5
2024-12-07 02:54:00,0.085171,Waliguan,36.28333,100.9,3816.5
2024-12-07 02:57:56,0.069937,Waliguan,36.28333,100.9,3816.5
2024-12-07 03:00:56,0.07877,Waliguan,36.28333,100.9,3816.5
2024-12-07 03:03:56,0.074103,Waliguan,36.28333,100.9,3816.5
2024-12-07 03:06:56,0.078834,Waliguan,36.28333,100.9,3816.5
2024-12-07 03:09:02,0.073632,Waliguan,36.28333,100.9,3816.5
2024-12-07 03:17:07,0.076352,Waliguan,36.28333,100.9,3816.5
2024-12-07 03:24:00,0.077164,Waliguan,36.28333,100.9,3816.5
2024-12-07 03:27:56,0.070907,Waliguan,36.28333,100.9,3816.5
2024-12-07 03:30:57,0.070449,Waliguan,36.28333,100.9,3816.5
2024-12-07 03:33:56,0.069463,Waliguan,36.28333,100.9,3816.5
2024-12-07 03:36:56,0.075893,Waliguan,36.28333,100.9,3816.5
2024-12-07 03:39:01,0.074259,Waliguan,36.28333,100.9,3816.5
2024-12-07 03:42:56,0.073731,Waliguan,36.28333,100.9,3816.5
2024-12-07 03:45:56,0.074151,Waliguan,36.28333,100.9,3816.5
2024-12-07 03:48:56,0.069287,Waliguan,36.28333,100.9,3816.5
2024-12-07 03:51:57,0.072653,Waliguan,36.28333,100.9,3816.5
2024-12-07 03:57:57,0.081268,Waliguan,36.28333,100.9,3816.5
2024-12-07 04:00:56,0.080003,Waliguan,36.28333,100.9,3816.5
2024-12-07 04:03:56,0.076219,Waliguan,36.28333,100.9,3816.5
2024-12-07 04:06:56,0.070664,Waliguan,36.28333,100.9,3816.5
2024-12-07 04:09:03,0.069647,Waliguan,36.28333,100.9,3816.5
2024-12-07 04:17:09,0.073817,Waliguan,36.28333,100.9,3816.5
2024-12-07 04:24:00,0.08993,Waliguan,36.28333,100.9,3816.5
2024-12-07 04:27:57,0.08182,Waliguan,36.28333,100.9,3816.5
2024-12-07 04:30:57,0.074113,Waliguan,36.28333,100.9,3816.5
2024-12-07 04:33:56,0.074457,Waliguan,36.28333,100.9,3816.5
2024-12-07 04:36:57,0.069672,Waliguan,36.28333,100.9,3816.5
2024-12-07 04:39:00,0.073848,Waliguan,36.28333,100.9,3816.5
2024-12-07 04:42:57,0.082726,Waliguan,36.28333,100.9,3816.5
2024-12-07 04:45:57,0.089449,Waliguan,36.28333,100.9,3816.5
2024-12-07 04:51:56,0.088234,Waliguan,36.28333,100.9,3816.5
2024-12-07 04:54:01,0.086748,Waliguan,36.28333,100.9,3816.5
2024-12-07 04:57:57,0.083521,Waliguan,36.28333,100.9,3816.5
2024-12-07 05:00:56,0.085417,Waliguan,36.28333,100.9,3816.5
2024-12-07 05:03:56,0.08962,Waliguan,36.28333,100.9,3816.5
2024-12-07 05:06:57,0.083581,Waliguan,36.28333,100.9,3816.5
2024-12-07 05:09:01,0.084333,Waliguan,36.28333,100.9,3816.5
2024-12-07 05:17:07,0.090825,Waliguan,36.28333,100.9,3816.5
2024-12-07 05:24:01,0.098075,Waliguan,36.28333,100.9,3816.5
2024-12-07 05:27:57,0.07667,Waliguan,36.28333,100.9,3816.5
2024-12-07 05:30:58,0.091287,Waliguan,36.28333,100.9,3816.5
2024-12-07 05:33:57,0.088886,Waliguan,36.28333,100.9,3816.5
2024-12-07 05:36:57,0.083476,Waliguan,36.28333,100.9,3816.5
2024-12-07 05:39:01,0.094137,Waliguan,36.28333,100.9,3816.5
2024-12-07 05:42:57,0.096091,Waliguan,36.28333,100.9,3816.5
2024-12-07 05:45:57,0.105146,Waliguan,36.28333,100.9,3816.5
2024-12-07 05:48:56,0.087622,Waliguan,36.28333,100.9,3816.5
2024-12-07 05:51:57,0.085228,Waliguan,36.28333,100.9,3816.5
2024-12-07 05:54:00,0.088089,Waliguan,36.28333,100.9,3816.5
2024-12-07 05:57:57,0.098857,Waliguan,36.28333,100.9,3816.5
2024-12-07 06:00:57,0.090242,Waliguan,36.28333,100.9,3816.5
2024-12-07 06:03:57,0.09448,Waliguan,36.28333,100.9,3816.5
2024-12-07 06:06:57,0.092197,Waliguan,36.28333,100.9,3816.5
2024-12-07 06:09:02,0.096246,Waliguan,36.28333,100.9,3816.5
2024-12-07 06:17:11,0.105712,Waliguan,36.28333,100.9,3816.5
2024-12-07 06:24:00,0.090191,Waliguan,36.28333,100.9,3816.5
2024-12-07 06:27:56,0.080903,Waliguan,36.28333,100.9,3816.5
2024-12-07 06:33:56,0.09679,Waliguan,36.28333,100.9,3816.5
2024-12-07 06:36:56,0.07679,Waliguan,36.28333,100.9,3816.5
2024-12-07 06:39:00,0.086343,Waliguan,36.28333,100.9,3816.5
2024-12-07 06:42:57,0.083477,Waliguan,36.28333,100.9,3816.5
2024-12-07 06:48:57,0.083557,Waliguan,36.28333,100.9,3816.5
2024-12-07 06:51:57,0.090649,Waliguan,36.28333,100.9,3816.5
2024-12-07 06:54:01,0.089338,Waliguan,36.28333,100.9,3816.5
2024-12-07 06:57:57,0.080994,Waliguan,36.28333,100.9,3816.5
2024-12-07 07:00:57,0.07271,Waliguan,36.28333,100.9,3816.5
2024-12-07 07:03:57,0.08612,Waliguan,36.28333,100.9,3816.5
2024-12-07 07:06:57,0.091848,Waliguan,36.28333,100.9,3816.5
2024-12-07 07:09:02,0.10376,Waliguan,36.28333,100.9,3816.5
2024-12-07 07:17:06,0.103364,Waliguan,36.28333,100.9,3816.5
2024-12-07 07:24:01,0.106043,Waliguan,36.28333,100.9,3816.5
2024-12-07 07:27:57,0.107459,Waliguan,36.28333,100.9,3816.5
2024-12-07 07:30:57,0.108608,Waliguan,36.28333,100.9,3816.5
2024-12-07 07:33:57,0.110943,Waliguan,36.28333,100.9,3816.5
2024-12-07 07:36:57,0.109952,Waliguan,36.28333,100.9,3816.5
2024-12-07 07:39:01,0.111461,Waliguan,36.28333,100.9,3816.5
2024-12-07 07:42:57,0.112543,Waliguan,36.28333,100.9,3816.5
2024-12-07 07:45:56,0.115585,Waliguan,36.28333,100.9,3816.5
2024-12-07 07:48:57,0.120187,Waliguan,36.28333,100.9,3816.5
2024-12-07 07:51:56,0.120419,Waliguan,36.28333,100.9,3816.5
2024-12-07 07:54:00,0.121443,Waliguan,36.28333,100.9,3816.5
2024-12-07 07:57:56,0.117588,Waliguan,36.28333,100.9,3816.5
2024-12-07 08:00:56,0.119526,Waliguan,36.28333,100.9,3816.5
2024-12-07 08:03:56,0.113459,Waliguan,36.28333,100.9,3816.5
2024-12-07 08:06:56,0.112682,Waliguan,36.28333,100.9,3816.5
2024-12-07 08:09:01,0.113032,Waliguan,36.28333,100.9,3816.5
2024-12-07 08:17:26,0.111571,Waliguan,36.28333,100.9,3816.5
2024-12-07 08:24:08,0.116156,Waliguan,36.28333,100.9,3816.5
2024-12-07 08:26:08,0.124515,Waliguan,36.28333,100.9,3816.5
2024-12-07 08:28:13,0.120895,Waliguan,36.28333,100.9,3816.5
2024-12-07 08:30:17,0.134531,Waliguan,36.28333,100.9,3816.5
2024-12-07 08:39:56,0.124829,Waliguan,36.28333,100.9,3816.5
2024-12-07 08:41:50,0.125558,Waliguan,36.28333,100.9,3816.5
2024-12-07 08:45:56,0.123342,Waliguan,36.28333,100.9,3816.5
2024-12-07 08:48:44,0.117091,Waliguan,36.28333,100.9,3816.5
2024-12-07 08:52:00,0.117266,Waliguan,36.28333,100.9,3816.5
2024-12-07 08:54:56,0.116305,Waliguan,36.28333,100.9,3816.5
2024-12-07 08:56:56,0.120088,Waliguan,36.28333,100.9,3816.5
2024-12-07 09:00:56,0.120976,Waliguan,36.28333,100.9,3816.5
2024-12-07 09:02:49,0.115367,Waliguan,36.28333,100.9,3816.5
2024-12-07 09:05:41,0.107262,Waliguan,36.28333,100.9,3816.5
2024-12-07 09:09:36,0.112015,Waliguan,36.28333,100.9,3816.5
2024-12-08 07:17:40,1.254763,Waliguan,36.28333,100.9,3816.5
2024-12-08 07:24:27,1.192684,Waliguan,36.28333,100.9,3816.5
2024-12-08 07:30:56,1.1214,Waliguan,36.28333,100.9,3816.5
2024-12-08 07:33:56,1.074429,Waliguan,36.28333,100.9,3816.5
2024-12-08 07:42:56,1.226393,Waliguan,36.28333,100.9,3816.5
2024-12-08 08:17:45,1.400923,Waliguan,36.28333,100.9,3816.5
2024-12-08 08:23:49,1.234579,Waliguan,36.28333,100.9,3816.5
2024-12-08 09:03:55,0.677777,Waliguan,36.28333,100.9,3816.5
2024-12-09 04:24:53,2.914308,Waliguan,36.28333,100.9,3816.5
2024-12-10 07:09:59,0.311833,Waliguan,36.28333,100.9,3816.5
2024-12-10 07:12:06,0.297415,Waliguan,36.28333,100.9,3816.5
2024-12-10 07:56:55,0.356952,Waliguan,36.28333,100.9,3816.5
2024-12-10 08:00:57,0.299995,Waliguan,36.28333,100.9,3816.5
2024-12-10 08:03:56,0.266855,Waliguan,36.28333,100.9,3816.5
2024-12-10 08:06:57,0.274739,Waliguan,36.28333,100.9,3816.5
2024-12-10 08:11:49,0.337092,Waliguan,36.28333,100.9,3816.5
2024-12-11 01:18:56,0.111467,Waliguan,36.28333,100.9,3816.5
2024-12-11 01:30:55,0.12515,Waliguan,36.28333,100.9,3816.5
2024-12-11 01:39:56,0.119037,Waliguan,36.28333,100.9,3816.5
2024-12-11 01:41:50,0.112891,Waliguan,36.28333,100.9,3816.5
2024-12-11 01:45:56,0.110066,Waliguan,36.28333,100.9,3816.5
2024-12-11 01:48:59,0.10611,Waliguan,36.28333,100.9,3816.5
2024-12-11 01:51:55,0.106375,Waliguan,36.28333,100.9,3816.5
2024-12-11 01:53:52,0.109262,Waliguan,36.28333,100.9,3816.5
2024-12-11 02:03:50,0.107533,Waliguan,36.28333,100.9,3816.5
2024-12-11 02:05:52,0.107419,Waliguan,36.28333,100.9,3816.5
2024-12-11 02:10:02,0.108797,Waliguan,36.28333,100.9,3816.5
2024-12-11 02:11:49,0.109888,Waliguan,36.28333,100.9,3816.5
2024-12-11 02:19:59,0.110654,Waliguan,36.28333,100.9,3816.5
2024-12-11 03:00:56,0.121509,Waliguan,36.28333,100.9,3816.5
2024-12-11 03:03:56,0.117247,Waliguan,36.28333,100.9,3816.5
2024-12-11 03:06:56,0.116154,Waliguan,36.28333,100.9,3816.5
2024-12-11 03:09:56,0.11586,Waliguan,36.28333,100.9,3816.5
2024-12-11 03:11:50,0.114752,Waliguan,36.28333,100.9,3816.5
2024-12-11 03:19:56,0.116888,Waliguan,36.28333,100.9,3816.5
2024-12-11 03:26:29,0.117177,Waliguan,36.28333,100.9,3816.5
2024-12-11 03:30:57,0.115908,Waliguan,36.28333,100.9,3816.5
2024-12-11 03:33:57,0.114952,Waliguan,36.28333,100.9,3816.5
2024-12-11 03:36:57,0.114422,Waliguan,36.28333,100.9,3816.5
2024-12-11 03:39:57,0.116662,Waliguan,36.28333,100.9,3816.5
2024-12-11 03:41:50,0.11796,Waliguan,36.28333,100.9,3816.5
2024-12-11 03:45:56,0.116877,Waliguan,36.28333,100.9,3816.5
2024-12-11 03:48:56,0.117914,Waliguan,36.28333,100.9,3816.5
2024-12-11 03:51:56,0.120458,Waliguan,36.28333,100.9,3816.5
2024-12-11 03:54:56,0.119024,Waliguan,36.28333,100.9,3816.5
2024-12-11 04:00:56,0.120549,Waliguan,36.28333,100.9,3816.5
2024-12-11 04:03:57,0.119503,Waliguan,36.28333,100.9,3816.5
2024-12-11 04:06:57,0.119661,Waliguan,36.28333,100.9,3816.5
2024-12-11 04:09:57,0.120753,Waliguan,36.28333,100.9,3816.5
2024-12-11 04:11:50,0.12101,Waliguan,36.28333,100.9,3816.5
2024-12-11 04:19:57,0.121157,Waliguan,36.28333,100.9,3816.5
2024-12-11 04:26:33,0.122441,Waliguan,36.28333,100.9,3816.5
2024-12-11 04:30:57,0.123318,Waliguan,36.28333,100.9,3816.5
2024-12-11 04:33:56,0.124509,Waliguan,36.28333,100.9,3816.5
2024-12-11 04:36:57,0.124894,Waliguan,36.28333,100.9,3816.5
2024-12-11 04:39:56,0.123311,Waliguan,36.28333,100.9,3816.5
2024-12-11 04:41:49,0.122659,Waliguan,36.28333,100.9,3816.5
2024-12-11 04:45:57,0.121967,Waliguan,36.28333,100.9,3816.5
2024-12-11 04:48:57,0.121505,Waliguan,36.28333,100.9,3816.5
2024-12-11 04:51:57,0.122326,Waliguan,36.28333,100.9,3816.5
2024-12-11 04:54:57,0.121793,Waliguan,36.28333,100.9,3816.5
2024-12-11 04:56:49,0.121191,Waliguan,36.28333,100.9,3816.5
2024-12-11 05:00:56,0.120732,Waliguan,36.28333,100.9,3816.5
2024-12-11 05:03:56,0.122038,Waliguan,36.28333,100.9,3816.5
2024-12-11 05:06:57,0.122708,Waliguan,36.28333,100.9,3816.5
2024-12-11 05:09:57,0.12357,Waliguan,36.28333,100.9,3816.5
2024-12-11 05:11:50,0.125312,Waliguan,36.28333,100.9,3816.5
2024-12-11 05:33:56,0.140227,Waliguan,36.28333,100.9,3816.5
2024-12-11 05:36:57,0.12623,Waliguan,36.28333,100.9,3816.5
2024-12-11 05:39:57,0.123889,Waliguan,36.28333,100.9,3816.5
2024-12-11 05:41:49,0.12386,Waliguan,36.28333,100.9,3816.5
2024-12-11 05:45:57,0.123362,Waliguan,36.28333,100.9,3816.5
2024-12-11 05:48:56,0.124827,Waliguan,36.28333,100.9,3816.5
2024-12-11 06:00:57,0.126931,Waliguan,36.28333,100.9,3816.5
2024-12-11 06:45:57,0.133493,Waliguan,36.28333,100.9,3816.5
2024-12-11 06:51:57,0.126665,Waliguan,36.28333,100.9,3816.5
2024-12-11 07:06:57,0.13389,Waliguan,36.28333,100.9,3816.5
2024-12-11 07:39:56,0.107695,Waliguan,36.28333,100.9,3816.5
2024-12-11 07:41:48,0.109271,Waliguan,36.28333,100.9,3816.5
2024-12-11 07:45:57,0.106407,Waliguan,36.28333,100.9,3816.5
2024-12-11 07:48:56,0.109084,Waliguan,36.28333,100.9,3816.5
2024-12-11 07:51:59,0.118918,Waliguan,36.28333,100.9,3816.5
2024-12-11 08:11:57,0.125785,Waliguan,36.28333,100.9,3816.5
2024-12-11 08:20:24,0.106774,Waliguan,36.28333,100.9,3816.5
2024-12-11 08:27:00,0.108208,Waliguan,36.28333,100.9,3816.5
2024-12-11 08:29:02,0.108213,Waliguan,36.28333,100.9,3816.5
2024-12-11 08:48:37,0.106739,Waliguan,36.28333,100.9,3816.5
2024-12-11 08:51:58,0.10722,Waliguan,36.28333,100.9,3816.5
2024-12-11 08:54:57,0.109991,Waliguan,36.28333,100.9,3816.5
2024-12-11 09:00:55,0.131927,Waliguan,36.28333,100.9,3816.5
2024-12-11 09:02:49,0.130486,Waliguan,36.28333,100.9,3816.5
2024-12-12 03:55:04,0.110621,Waliguan,36.28333,100.9,3816.5
2024-12-12 04:00:56,0.110189,Waliguan,36.28333,100.9,3816.5
2024-12-12 04:03:57,0.122282,Waliguan,36.28333,100.9,3816.5
2024-12-12 04:19:58,0.115039,Waliguan,36.28333,100.9,3816.5
2024-12-12 05:41:49,0.158671,Waliguan,36.28333,100.9,3816.5
2024-12-12 05:48:57,0.133923,Waliguan,36.28333,100.9,3816.5
2024-12-12 06:20:02,0.121065,Waliguan,36.28333,100.9,3816.5
2024-12-12 06:30:57,0.106139,Waliguan,36.28333,100.9,3816.5
2024-12-12 06:33:57,0.107701,Waliguan,36.28333,100.9,3816.5
2024-12-12 06:36:56,0.109102,Waliguan,36.28333,100.9,3816.5
2024-12-12 06:39:56,0.116054,Waliguan,36.28333,100.9,3816.5
2024-12-12 06:41:49,0.139984,Waliguan,36.28333,100.9,3816.5
2024-12-12 06:45:57,0.149975,Waliguan,36.28333,100.9,3816.5
2024-12-12 07:33:57,0.129941,Waliguan,36.28333,100.9,3816.5
2024-12-12 07:36:56,0.125217,Waliguan,36.28333,100.9,3816.5
2024-12-12 07:41:50,0.14771,Waliguan,36.28333,100.9,3816.5
2024-12-12 07:45:56,0.094826,Waliguan,36.28333,100.9,3816.5
2024-12-12 07:51:56,0.091654,Waliguan,36.28333,100.9,3816.5
2024-12-12 07:54:57,0.110046,Waliguan,36.28333,100.9,3816.5
2024-12-12 08:00:57,0.172302,Waliguan,36.28333,100.9,3816.5
2024-12-12 08:09:56,0.093178,Waliguan,36.28333,100.9,3816.5
2024-12-12 08:11:49,0.087635,Waliguan,36.28333,100.9,3816.5
2024-12-12 08:20:08,0.07503,Waliguan,36.28333,100.9,3816.5
2024-12-12 08:26:49,0.072484,Waliguan,36.28333,100.9,3816.5
2024-12-12 08:28:50,0.072564,Waliguan,36.28333,100.9,3816.5
2024-12-12 08:30:53,0.071824,Waliguan,36.28333,100.9,3816.5
2024-12-12 08:40:26,0.087262,Waliguan,36.28333,100.9,3816.5
2024-12-12 08:42:57,0.074604,Waliguan,36.28333,100.9,3816.5
2024-12-12 08:45:57,0.073954,Waliguan,36.28333,100.9,3816.5
2024-12-12 08:48:42,0.074594,Waliguan,36.28333,100.9,3816.5
2024-12-12 08:51:56,0.072796,Waliguan,36.28333,100.9,3816.5
2024-12-12 08:54:56,0.069674,Waliguan,36.28333,100.9,3816.5
2024-12-12 08:56:50,0.069548,Waliguan,36.28333,100.9,3816.5
2024-12-12 09:00:58,0.0673,Waliguan,36.28333,100.9,3816.5
2024-12-12 09:02:54,0.068974,Waliguan,36.28333,100.9,3816.5
2024-12-12 09:05:47,0.068375,Waliguan,36.28333,100.9,3816.5
2024-12-12 09:09:45,0.068877,Waliguan,36.28333,100.9,3816.5
2024-12-13 05:27:48,0.218195,Waliguan,36.28333,100.9,3816.5
2024-12-13 05:30:56,0.187588,Waliguan,36.28333,100.9,3816.5
2024-12-13 05:33:57,0.16187,Waliguan,36.28333,100.9,3816.5
2024-12-13 05:36:57,0.143204,Waliguan,36.28333,100.9,3816.5
2024-12-13 05:41:49,0.143146,Waliguan,36.28333,100.9,3816.5
2024-12-13 05:45:58,0.14689,Waliguan,36.28333,100.9,3816.5
2024-12-13 05:48:57,0.150355,Waliguan,36.28333,100.9,3816.5
2024-12-13 05:51:57,0.170123,Waliguan,36.28333,100.9,3816.5
2024-12-13 05:54:57,0.150212,Waliguan,36.28333,100.9,3816.5
2024-12-13 05:56:49,0.13749,Waliguan,36.28333,100.9,3816.5
2024-12-13 06:00:57,0.140666,Waliguan,36.28333,100.9,3816.5
2024-12-13 06:03:57,0.143468,Waliguan,36.28333,100.9,3816.5
2024-12-13 06:06:57,0.137467,Waliguan,36.28333,100.9,3816.5
2024-12-13 06:09:57,0.138546,Waliguan,36.28333,100.9,3816.5
2024-12-13 06:11:54,0.135183,Waliguan,36.28333,100.9,3816.5
2024-12-13 06:19:58,0.134971,Waliguan,36.28333,100.9,3816.5
2024-12-13 06:26:40,0.138142,Waliguan,36.28333,100.9,3816.5
2024-12-13 06:30:56,0.137618,Waliguan,36.28333,100.9,3816.5
2024-12-13 06:33:57,0.139819,Waliguan,36.28333,100.9,3816.5
2024-12-13 06:36:57,0.142947,Waliguan,36.28333,100.9,3816.5
2024-12-13 06:39:57,0.146753,Waliguan,36.28333,100.9,3816.5
2024-12-13 06:41:49,0.150139,Waliguan,36.28333,100.9,3816.5
2024-12-13 06:45:58,0.152321,Waliguan,36.28333,100.9,3816.5
2024-12-13 06:48:57,0.148883,Waliguan,36.28333,100.9,3816.5
2024-12-13 06:56:50,0.147039,Waliguan,36.28333,100.9,3816.5
2024-12-13 07:00:57,0.137162,Waliguan,36.28333,100.9,3816.5
2024-12-13 07:03:57,0.139898,Waliguan,36.28333,100.9,3816.5
2024-12-13 07:06:57,0.134854,Waliguan,36.28333,100.9,3816.5
2024-12-13 07:09:57,0.134058,Waliguan,36.28333,100.9,3816.5
2024-12-13 07:11:52,0.129788,Waliguan,36.28333,100.9,3816.5
2024-12-13 07:20:00,0.129926,Waliguan,36.28333,100.9,3816.5
2024-12-13 07:26:41,0.135711,Waliguan,36.28333,100.9,3816.5
2024-12-13 07:30:56,0.148071,Waliguan,36.28333,100.9,3816.5
2024-12-13 07:33:57,0.15407,Waliguan,36.28333,100.9,3816.5
2024-12-13 07:36:56,0.144751,Waliguan,36.28333,100.9,3816.5
2024-12-13 07:39:56,0.149713,Waliguan,36.28333,100.9,3816.5
2024-12-13 07:41:48,0.141148,Waliguan,36.28333,100.9,3816.5
2024-12-13 07:45:56,0.138845,Waliguan,36.28333,100.9,3816.5
2024-12-13 07:48:56,0.140134,Waliguan,36.28333,100.9,3816.5
2024-12-13 07:51:58,0.140474,Waliguan,36.28333,100.9,3816.5
2024-12-13 07:54:57,0.139209,Waliguan,36.28333,100.9,3816.5
2024-12-13 07:56:53,0.139701,Waliguan,36.28333,100.9,3816.5
2024-12-13 08:00:56,0.142308,Waliguan,36.28333,100.9,3816.5
2024-12-13 08:03:56,0.148075,Waliguan,36.28333,100.9,3816.5
2024-12-13 08:06:57,0.144136,Waliguan,36.28333,100.9,3816.5
2024-12-13 08:09:59,0.134044,Waliguan,36.28333,100.9,3816.5
2024-12-13 08:11:49,0.12871,Waliguan,36.28333,100.9,3816.5
2024-12-13 08:20:27,0.131091,Waliguan,36.28333,100.9,3816.5
2024-12-13 08:27:09,0.132886,Waliguan,36.28333,100.9,3816.5
2024-12-13 08:29:10,0.140782,Waliguan,36.28333,100.9,3816.5
2024-12-13 08:31:13,0.13047,Waliguan,36.28333,100.9,3816.5
2024-12-13 08:40:49,0.149922,Waliguan,36.28333,100.9,3816.5
2024-12-13 08:43:01,0.140231,Waliguan,36.28333,100.9,3816.5
2024-12-13 08:51:56,0.136763,Waliguan,36.28333,100.9,3816.5
2024-12-13 08:54:55,0.149483,Waliguan,36.28333,100.9,3816.5
2024-12-13 08:56:55,0.14175,Waliguan,36.28333,100.9,3816.5
2024-12-13 09:00:57,0.12555,Waliguan,36.28333,100.9,3816.5
2024-12-13 09:02:51,0.125228,Waliguan,36.28333,100.9,3816.5
2024-12-13 09:05:58,0.12428,Waliguan,36.28333,100.9,3816.5
2024-12-13 09:09:53,0.132347,Waliguan,36.28333,100.9,3816.5
2024-12-14 01:14:18,0.083838,Waliguan,36.28333,100.9,3816.5
2024-12-14 01:18:11,0.087943,Waliguan,36.28333,100.9,3816.5
2024-12-14 01:22:01,0.089649,Waliguan,36.28333,100.9,3816.5
2024-12-14 01:23:49,0.089688,Waliguan,36.28333,100.9,3816.5
2024-12-14 01:27:57,0.093971,Waliguan,36.28333,100.9,3816.5
2024-12-14 01:29:53,0.101198,Waliguan,36.28333,100.9,3816.5
2024-12-14 01:33:58,0.112256,Waliguan,36.28333,100.9,3816.5
2024-12-14 01:36:04,0.114151,Waliguan,36.28333,100.9,3816.5
2024-12-14 01:40:01,0.116705,Waliguan,36.28333,100.9,3816.5
2024-12-14 01:42:56,0.119892,Waliguan,36.28333,100.9,3816.5
2024-12-14 01:44:49,0.125921,Waliguan,36.28333,100.9,3816.5
2024-12-14 01:48:56,0.127112,Waliguan,36.28333,100.9,3816.5
2024-12-14 01:51:55,0.124172,Waliguan,36.28333,100.9,3816.5
2024-12-14 01:54:55,0.125208,Waliguan,36.28333,100.9,3816.5
2024-12-14 02:20:51,0.227782,Waliguan,36.28333,100.9,3816.5
2024-12-14 02:45:56,0.132801,Waliguan,36.28333,100.9,3816.5
2024-12-14 02:48:56,0.137159,Waliguan,36.28333,100.9,3816.5
2024-12-14 02:51:57,0.143028,Waliguan,36.28333,100.9,3816.5
2024-12-14 02:55:02,0.175203,Waliguan,36.28333,100.9,3816.5
2024-12-14 02:57:07,0.153996,Waliguan,36.28333,100.9,3816.5
2024-12-14 03:00:59,0.18867,Waliguan,36.28333,100.9,3816.5
2024-12-14 03:03:56,0.240975,Waliguan,36.28333,100.9,3816.5
2024-12-14 04:30:56,0.16866,Waliguan,36.28333,100.9,3816.5
2024-12-14 04:33:56,0.186881,Waliguan,36.28333,100.9,3816.5
2024-12-14 04:55:04,0.208929,Waliguan,36.28333,100.9,3816.5
2024-12-14 05:00:57,0.180176,Waliguan,36.28333,100.9,3816.5
2024-12-14 05:09:57,0.148582,Waliguan,36.28333,100.9,3816.5
2024-12-14 05:12:09,0.143453,Waliguan,36.28333,100.9,3816.5
2024-12-14 05:20:31,0.101776,Waliguan,36.28333,100.9,3816.5
2024-12-14 05:34:04,0.102232,Waliguan,36.28333,100.9,3816.5
2024-12-14 05:36:57,0.097596,Waliguan,36.28333,100.9,3816.5
2024-12-14 05:39:57,0.113043,Waliguan,36.28333,100.9,3816.5
2024-12-14 05:42:08,0.103223,Waliguan,36.28333,100.9,3816.5
2024-12-14 05:45:57,0.106569,Waliguan,36.28333,100.9,3816.5
2024-12-14 05:48:56,0.105876,Waliguan,36.28333,100.9,3816.5
2024-12-14 05:51:57,0.093498,Waliguan,36.28333,100.9,3816.5
2024-12-14 05:54:57,0.095259,Waliguan,36.28333,100.9,3816.5
2024-12-14 05:57:08,0.091625,Waliguan,36.28333,100.9,3816.5
2024-12-14 06:00:57,0.092342,Waliguan,36.28333,100.9,3816.5
2024-12-14 06:03:57,0.102642,Waliguan,36.28333,100.9,3816.5
2024-12-14 06:09:58,0.124905,Waliguan,36.28333,100.9,3816.5
2024-12-14 06:27:08,0.093207,Waliguan,36.28333,100.9,3816.5
2024-12-14 06:30:55,0.085362,Waliguan,36.28333,100.9,3816.5
2024-12-14 06:33:58,0.082097,Waliguan,36.28333,100.9,3816.5
2024-12-14 06:36:57,0.079332,Waliguan,36.28333,100.9,3816.5
2024-12-14 06:39:56,0.077379,Waliguan,36.28333,100.9,3816.5
2024-12-14 06:42:08,0.076939,Waliguan,36.28333,100.9,3816.5
2024-12-14 06:45:57,0.079726,Waliguan,36.28333,100.9,3816.5
2024-12-14 06:48:57,0.077256,Waliguan,36.28333,100.9,3816.5
2024-12-14 06:51:57,0.076893,Waliguan,36.28333,100.9,3816.5
2024-12-14 06:54:57,0.080305,Waliguan,36.28333,100.9,3816.5
2024-12-14 06:57:08,0.075588,Waliguan,36.28333,100.9,3816.5
2024-12-14 07:00:57,0.077335,Waliguan,36.28333,100.9,3816.5
2024-12-14 07:03:57,0.07681,Waliguan,36.28333,100.9,3816.5
2024-12-14 07:06:57,0.075222,Waliguan,36.28333,100.9,3816.5
2024-12-14 07:09:56,0.076805,Waliguan,36.28333,100.9,3816.5
2024-12-14 07:12:09,0.076773,Waliguan,36.28333,100.9,3816.5
2024-12-14 07:20:15,0.077015,Waliguan,36.28333,100.9,3816.5
2024-12-14 07:27:07,0.076181,Waliguan,36.28333,100.9,3816.5
2024-12-14 07:30:57,0.072927,Waliguan,36.28333,100.9,3816.5
2024-12-14 07:33:56,0.07061,Waliguan,36.28333,100.9,3816.5
2024-12-14 07:36:56,0.076351,Waliguan,36.28333,100.9,3816.5
2024-12-14 07:39:57,0.075933,Waliguan,36.28333,100.9,3816.5
2024-12-14 07:42:07,0.074715,Waliguan,36.28333,100.9,3816.5
2024-12-14 07:45:56,0.073884,Waliguan,36.28333,100.9,3816.5
2024-12-14 07:48:57,0.075096,Waliguan,36.28333,100.9,3816.5
2024-12-14 07:51:56,0.084636,Waliguan,36.28333,100.9,3816.5
2024-12-14 07:54:57,0.081194,Waliguan,36.28333,100.9,3816.5
2024-12-14 07:57:08,0.074655,Waliguan,36.28333,100.9,3816.5
2024-12-14 08:00:56,0.076654,Waliguan,36.28333,100.9,3816.5
2024-12-14 08:03:56,0.077399,Waliguan,36.28333,100.9,3816.5
2024-12-14 08:06:56,0.117019,Waliguan,36.28333,100.9,3816.5
2024-12-14 08:09:56,0.102814,Waliguan,36.28333,100.9,3816.5
2024-12-14 08:20:22,0.073552,Waliguan,36.28333,100.9,3816.5
2024-12-14 08:26:59,0.090474,Waliguan,36.28333,100.9,3816.5
2024-12-14 08:28:59,0.096127,Waliguan,36.28333,100.9,3816.5
2024-12-14 08:31:01,0.082469,Waliguan,36.28333,100.9,3816.5
2024-12-14 08:40:21,0.079379,Waliguan,36.28333,100.9,3816.5
2024-12-14 08:42:57,0.082175,Waliguan,36.28333,100.9,3816.5
2024-12-14 08:45:55,0.0628,Waliguan,36.28333,100.9,3816.5
2024-12-14 08:48:58,0.061994,Waliguan,36.28333,100.9,3816.5
2024-12-14 08:51:56,0.063449,Waliguan,36.28333,100.9,3816.5
2024-12-14 08:54:55,0.063128,Waliguan,36.28333,100.9,3816.5
2024-12-14 08:56:50,0.063814,Waliguan,36.28333,100.9,3816.5
2024-12-14 09:01:01,0.061674,Waliguan,36.28333,100.9,3816.5
2024-12-14 09:02:50,0.060737,Waliguan,36.28333,100.9,3816.5
2024-12-14 09:06:12,0.054001,Waliguan,36.28333,100.9,3816.5
2024-12-14 09:10:01,0.054263,Waliguan,36.28333,100.9,3816.5
2024-12-14 09:11:49,0.054951,Waliguan,36.28333,100.9,3816.5
2024-12-15 01:14:56,0.036916,Waliguan,36.28333,100.9,3816.5
2024-12-15 01:18:54,0.036574,Waliguan,36.28333,100.9,3816.5
2024-12-15 01:21:55,0.036703,Waliguan,36.28333,100.9,3816.5
2024-12-15 01:23:49,0.036658,Waliguan,36.28333,100.9,3816.5
2024-12-15 01:27:53,0.035847,Waliguan,36.28333,100.9,3816.5
2024-12-15 01:29:47,0.03575,Waliguan,36.28333,100.9,3816.5
2024-12-15 01:33:55,0.036629,Waliguan,36.28333,100.9,3816.5
2024-12-15 01:36:03,0.036927,Waliguan,36.28333,100.9,3816.5
2024-12-15 01:39:55,0.037151,Waliguan,36.28333,100.9,3816.5
2024-12-15 01:42:56,0.036554,Waliguan,36.28333,100.9,3816.5
2024-12-15 01:44:50,0.036934,Waliguan,36.28333,100.9,3816.5
2024-12-15 01:48:55,0.036733,Waliguan,36.28333,100.9,3816.5
2024-12-15 01:51:55,0.036909,Waliguan,36.28333,100.9,3816.5
2024-12-15 01:54:56,0.037472,Waliguan,36.28333,100.9,3816.5
2024-12-15 01:56:49,0.037568,Waliguan,36.28333,100.9,3816.5
2024-12-15 02:06:12,0.038177,Waliguan,36.28333,100.9,3816.5
2024-12-15 02:08:16,0.037842,Waliguan,36.28333,100.9,3816.5
2024-12-15 02:12:36,0.038501,Waliguan,36.28333,100.9,3816.5
2024-12-15 02:20:45,0.039883,Waliguan,36.28333,100.9,3816.5
2024-12-15 02:45:54,0.042915,Waliguan,36.28333,100.9,3816.5
2024-12-15 02:48:56,0.04294,Waliguan,36.28333,100.9,3816.5
2024-12-15 02:51:56,0.049647,Waliguan,36.28333,100.9,3816.5
2024-12-15 02:54:56,0.046341,Waliguan,36.28333,100.9,3816.5
2024-12-15 02:57:35,0.049732,Waliguan,36.28333,100.9,3816.5
2024-12-15 03:00:56,0.044499,Waliguan,36.28333,100.9,3816.5
2024-12-15 03:03:56,0.044442,Waliguan,36.28333,100.9,3816.5
2024-12-15 03:06:56,0.045087,Waliguan,36.28333,100.9,3816.5
2024-12-15 03:09:56,0.04529,Waliguan,36.28333,100.9,3816.5
2024-12-15 03:12:37,0.045794,Waliguan,36.28333,100.9,3816.5
2024-12-15 03:20:42,0.04679,Waliguan,36.28333,100.9,3816.5
2024-12-15 03:27:35,0.04734,Waliguan,36.28333,100.9,3816.5
2024-12-15 03:30:56,0.048061,Waliguan,36.28333,100.9,3816.5
2024-12-15 03:33:57,0.047945,Waliguan,36.28333,100.9,3816.5
2024-12-15 03:36:56,0.048794,Waliguan,36.28333,100.9,3816.5
2024-12-15 03:39:57,0.04871,Waliguan,36.28333,100.9,3816.5
2024-12-15 03:42:35,0.049088,Waliguan,36.28333,100.9,3816.5
2024-12-15 03:45:56,0.049408,Waliguan,36.28333,100.9,3816.5
2024-12-15 03:48:56,0.049903,Waliguan,36.28333,100.9,3816.5
2024-12-15 03:51:56,0.049475,Waliguan,36.28333,100.9,3816.5
2024-12-15 03:54:56,0.049633,Waliguan,36.28333,100.9,3816.5
2024-12-15 03:57:35,0.051605,Waliguan,36.28333,100.9,3816.5
2024-12-15 04:03:56,0.051832,Waliguan,36.28333,100.9,3816.5
2024-12-15 04:06:56,0.05011,Waliguan,36.28333,100.9,3816.5
2024-12-15 04:09:56,0.051682,Waliguan,36.28333,100.9,3816.5
2024-12-15 04:12:37,0.051995,Waliguan,36.28333,100.9,3816.5
2024-12-15 04:20:41,0.051138,Waliguan,36.28333,100.9,3816.5
2024-12-15 04:27:35,0.051238,Waliguan,36.28333,100.9,3816.5
2024-12-15 04:30:54,0.052756,Waliguan,36.28333,100.9,3816.5
2024-12-15 04:33:56,0.052458,Waliguan,36.28333,100.9,3816.5
2024-12-15 04:36:57,0.052039,Waliguan,36.28333,100.9,3816.5
2024-12-15 04:39:57,0.051417,Waliguan,36.28333,100.9,3816.5
2024-12-15 04:42:35,0.050915,Waliguan,36.28333,100.9,3816.5
2024-12-15 04:45:55,0.05083,Waliguan,36.28333,100.9,3816.5
2024-12-15 04:48:56,0.051615,Waliguan,36.28333,100.9,3816.5
2024-12-15 04:51:57,0.052683,Waliguan,36.28333,100.9,3816.5
2024-12-15 04:54:56,0.052317,Waliguan,36.28333,100.9,3816.5
2024-12-15 04:57:36,0.05288,Waliguan,36.28333,100.9,3816.5
2024-12-15 05:00:57,0.052463,Waliguan,36.28333,100.9,3816.5
2024-12-15 05:03:56,0.051111,Waliguan,36.28333,100.9,3816.5
2024-12-15 05:06:57,0.051737,Waliguan,36.28333,100.9,3816.5
2024-12-15 05:09:57,0.052986,Waliguan,36.28333,100.9,3816.5
2024-12-15 05:12:37,0.053051,Waliguan,36.28333,100.9,3816.5
2024-12-15 05:20:42,0.052806,Waliguan,36.28333,100.9,3816.5
2024-12-15 05:27:36,0.052074,Waliguan,36.28333,100.9,3816.5
2024-12-15 05:30:57,0.051599,Waliguan,36.28333,100.9,3816.5
2024-12-15 05:33:57,0.05283,Waliguan,36.28333,100.9,3816.5
2024-12-15 05:36:57,0.053133,Waliguan,36.28333,100.9,3816.5
2024-12-15 05:39:57,0.053393,Waliguan,36.28333,100.9,3816.5
2024-12-15 05:42:36,0.053808,Waliguan,36.28333,100.9,3816.5
2024-12-15 05:45:56,0.053739,Waliguan,36.28333,100.9,3816.5
2024-12-15 05:48:57,0.05439,Waliguan,36.28333,100.9,3816.5
2024-12-15 05:51:57,0.054471,Waliguan,36.28333,100.9,3816.5
2024-12-15 05:54:57,0.053551,Waliguan,36.28333,100.9,3816.5
2024-12-15 05:57:35,0.053041,Waliguan,36.28333,100.9,3816.5
2024-12-15 06:00:57,0.053639,Waliguan,36.28333,100.9,3816.5
2024-12-15 06:03:57,0.053043,Waliguan,36.28333,100.9,3816.5
2024-12-15 06:06:57,0.051425,Waliguan,36.28333,100.9,3816.5
2024-12-15 06:09:57,0.053439,Waliguan,36.28333,100.9,3816.5
2024-12-15 06:12:37,0.050859,Waliguan,36.28333,100.9,3816.5
2024-12-15 06:20:39,0.051833,Waliguan,36.28333,100.9,3816.5
2024-12-15 06:27:36,0.051431,Waliguan,36.28333,100.9,3816.5
2024-12-15 06:30:57,0.051827,Waliguan,36.28333,100.9,3816.5
2024-12-15 06:33:56,0.053068,Waliguan,36.28333,100.9,3816.5
2024-12-15 06:36:57,0.050601,Waliguan,36.28333,100.9,3816.5
2024-12-15 06:39:56,0.05208,Waliguan,36.28333,100.9,3816.5
2024-12-15 06:42:35,0.052852,Waliguan,36.28333,100.9,3816.5
2024-12-15 06:45:56,0.054374,Waliguan,36.28333,100.9,3816.5
2024-12-15 06:48:56,0.050991,Waliguan,36.28333,100.9,3816.5
2024-12-15 06:51:57,0.048951,Waliguan,36.28333,100.9,3816.5
2024-12-15 06:54:57,0.049291,Waliguan,36.28333,100.9,3816.5
2024-12-15 06:57:36,0.04943,Waliguan,36.28333,100.9,3816.5
2024-12-15 07:00:57,0.047043,Waliguan,36.28333,100.9,3816.5
2024-12-15 07:03:57,0.046254,Waliguan,36.28333,100.9,3816.5
2024-12-15 07:06:57,0.048513,Waliguan,36.28333,100.9,3816.5
2024-12-15 07:09:57,0.046987,Waliguan,36.28333,100.9,3816.5
2024-12-15 07:12:37,0.04788,Waliguan,36.28333,100.9,3816.5
2024-12-15 07:20:40,0.047542,Waliguan,36.28333,100.9,3816.5
2024-12-15 07:27:36,0.045644,Waliguan,36.28333,100.9,3816.5
2024-12-15 07:30:56,0.044703,Waliguan,36.28333,100.9,3816.5
2024-12-15 07:33:56,0.046873,Waliguan,36.28333,100.9,3816.5
2024-12-15 07:36:56,0.044984,Waliguan,36.28333,100.9,3816.5
2024-12-15 07:39:56,0.045093,Waliguan,36.28333,100.9,3816.5
2024-12-15 07:42:35,0.045938,Waliguan,36.28333,100.9,3816.5
2024-12-15 07:45:57,0.045904,Waliguan,36.28333,100.9,3816.5
2024-12-15 07:48:56,0.046162,Waliguan,36.28333,100.9,3816.5
2024-12-15 07:51:56,0.044031,Waliguan,36.28333,100.9,3816.5
2024-12-15 07:54:56,0.043259,Waliguan,36.28333,100.9,3816.5
2024-12-15 07:57:35,0.042301,Waliguan,36.28333,100.9,3816.5
2024-12-15 08:00:57,0.040526,Waliguan,36.28333,100.9,3816.5
2024-12-15 08:03:56,0.039741,Waliguan,36.28333,100.9,3816.5
2024-12-15 08:06:56,0.038696,Waliguan,36.28333,100.9,3816.5
2024-12-15 08:09:56,0.038072,Waliguan,36.28333,100.9,3816.5
2024-12-15 08:12:36,0.037174,Waliguan,36.28333,100.9,3816.5
2024-12-15 08:20:45,0.036746,Waliguan,36.28333,100.9,3816.5
2024-12-15 08:27:20,0.035517,Waliguan,36.28333,100.9,3816.5
2024-12-15 08:29:21,0.035236,Waliguan,36.28333,100.9,3816.5
2024-12-15 08:31:25,0.034509,Waliguan,36.28333,100.9,3816.5
2024-12-15 08:40:37,0.045348,Waliguan,36.28333,100.9,3816.5
2024-12-15 08:42:57,0.052147,Waliguan,36.28333,100.9,3816.5
2024-12-15 08:45:56,0.037678,Waliguan,36.28333,100.9,3816.5
2024-12-15 08:48:56,0.032184,Waliguan,36.28333,100.9,3816.5
2024-12-15 08:50:49,0.03188,Waliguan,36.28333,100.9,3816.5
2024-12-15 08:54:56,0.03106,Waliguan,36.28333,100.9,3816.5
2024-12-15 08:56:50,0.031646,Waliguan,36.28333,100.9,3816.5
2024-12-15 09:00:56,0.030869,Waliguan,36.28333,100.9,3816.5
2024-12-15 09:02:49,0.030809,Waliguan,36.28333,100.9,3816.5
2024-12-15 09:06:19,0.030051,Waliguan,36.28333,100.9,3816.5
2024-12-15 09:09:56,0.029161,Waliguan,36.28333,100.9,3816.5
2024-12-15 09:11:52,0.028773,Waliguan,36.28333,100.9,3816.5
2024-12-16 01:18:57,0.023085,Waliguan,36.28333,100.9,3816.5
2024-12-16 01:20:48,0.02334,Waliguan,36.28333,100.9,3816.5
2024-12-16 01:24:16,0.023863,Waliguan,36.28333,100.9,3816.5
2024-12-16 01:27:56,0.024378,Waliguan,36.28333,100.9,3816.5
2024-12-16 01:29:54,0.024691,Waliguan,36.28333,100.9,3816.5
2024-12-16 01:33:55,0.025137,Waliguan,36.28333,100.9,3816.5
2024-12-16 01:36:47,0.02566,Waliguan,36.28333,100.9,3816.5
2024-12-16 01:39:56,0.02602,Waliguan,36.28333,100.9,3816.5
2024-12-16 01:42:56,0.026527,Waliguan,36.28333,100.9,3816.5
2024-12-16 01:45:25,0.026668,Waliguan,36.28333,100.9,3816.5
2024-12-16 01:48:55,0.027027,Waliguan,36.28333,100.9,3816.5
2024-12-16 01:51:56,0.027227,Waliguan,36.28333,100.9,3816.5
2024-12-16 01:54:55,0.027656,Waliguan,36.28333,100.9,3816.5
2024-12-16 01:56:49,0.027828,Waliguan,36.28333,100.9,3816.5
2024-12-16 02:06:15,0.028905,Waliguan,36.28333,100.9,3816.5
2024-12-16 02:08:18,0.029204,Waliguan,36.28333,100.9,3816.5
2024-12-16 02:12:55,0.0299,Waliguan,36.28333,100.9,3816.5
2024-12-16 02:14:50,0.030078,Waliguan,36.28333,100.9,3816.5
2024-12-16 02:23:03,0.031203,Waliguan,36.28333,100.9,3816.5
2024-12-16 02:48:56,0.033806,Waliguan,36.28333,100.9,3816.5
2024-12-16 02:51:56,0.039557,Waliguan,36.28333,100.9,3816.5
2024-12-16 02:54:56,0.03878,Waliguan,36.28333,100.9,3816.5
2024-12-16 02:57:56,0.038087,Waliguan,36.28333,100.9,3816.5
2024-12-16 02:59:48,0.037424,Waliguan,36.28333,100.9,3816.5
2024-12-16 03:03:56,0.035822,Waliguan,36.28333,100.9,3816.5
2024-12-16 03:06:56,0.035832,Waliguan,36.28333,100.9,3816.5
2024-12-16 03:09:56,0.036311,Waliguan,36.28333,100.9,3816.5
2024-12-16 03:12:56,0.03625,Waliguan,36.28333,100.9,3816.5
2024-12-16 03:14:50,0.036789,Waliguan,36.28333,100.9,3816.5
2024-12-16 03:22:59,0.037315,Waliguan,36.28333,100.9,3816.5
2024-12-16 03:29:31,0.038066,Waliguan,36.28333,100.9,3816.5
2024-12-16 03:33:57,0.038177,Waliguan,36.28333,100.9,3816.5
2024-12-16 03:36:57,0.038585,Waliguan,36.28333,100.9,3816.5
2024-12-16 03:39:56,0.038923,Waliguan,36.28333,100.9,3816.5
2024-12-16 03:42:56,0.042536,Waliguan,36.28333,100.9,3816.5
2024-12-16 03:44:49,0.041402,Waliguan,36.28333,100.9,3816.5
2024-12-16 04:03:56,0.040869,Waliguan,36.28333,100.9,3816.5
2024-12-16 04:06:56,0.040999,Waliguan,36.28333,100.9,3816.5
2024-12-16 04:09:56,0.041066,Waliguan,36.28333,100.9,3816.5
2024-12-16 04:12:57,0.041124,Waliguan,36.28333,100.9,3816.5
2024-12-16 04:14:50,0.041104,Waliguan,36.28333,100.9,3816.5
2024-12-16 04:22:53,0.042072,Waliguan,36.28333,100.9,3816.5
2024-12-16 04:29:27,0.042017,Waliguan,36.28333,100.9,3816.5
2024-12-16 04:33:54,0.042309,Waliguan,36.28333,100.9,3816.5
2024-12-16 04:36:56,0.042601,Waliguan,36.28333,100.9,3816.5
2024-12-16 04:39:56,0.042409,Waliguan,36.28333,100.9,3816.5
2024-12-16 04:42:57,0.043145,Waliguan,36.28333,100.9,3816.5
2024-12-16 04:44:48,0.043091,Waliguan,36.28333,100.9,3816.5
2024-12-16 04:48:58,0.043179,Waliguan,36.28333,100.9,3816.5
2024-12-16 04:51:56,0.043282,Waliguan,36.28333,100.9,3816.5
2024-12-16 04:54:56,0.043164,Waliguan,36.28333,100.9,3816.5
2024-12-16 04:57:57,0.04377,Waliguan,36.28333,100.9,3816.5
2024-12-16 04:59:48,0.043348,Waliguan,36.28333,100.9,3816.5
2024-12-16 05:03:57,0.04425,Waliguan,36.28333,100.9,3816.5
2024-12-16 05:06:57,0.044732,Waliguan,36.28333,100.9,3816.5
2024-12-16 05:09:56,0.044077,Waliguan,36.28333,100.9,3816.5
2024-12-16 05:12:56,0.044374,Waliguan,36.28333,100.9,3816.5
2024-12-16 05:14:50,0.044162,Waliguan,36.28333,100.9,3816.5
2024-12-16 05:22:51,0.044507,Waliguan,36.28333,100.9,3816.5
2024-12-16 05:29:22,0.044556,Waliguan,36.28333,100.9,3816.5
2024-12-16 05:33:56,0.044764,Waliguan,36.28333,100.9,3816.5
2024-12-16 05:36:57,0.044643,Waliguan,36.28333,100.9,3816.5
2024-12-16 05:39:56,0.044057,Waliguan,36.28333,100.9,3816.5
2024-12-16 05:42:57,0.043864,Waliguan,36.28333,100.9,3816.5
2024-12-16 05:44:49,0.043912,Waliguan,36.28333,100.9,3816.5
2024-12-16 05:48:57,0.044036,Waliguan,36.28333,100.9,3816.5
2024-12-16 05:51:56,0.043829,Waliguan,36.28333,100.9,3816.5
2024-12-16 05:54:57,0.043421,Waliguan,36.28333,100.9,3816.5
2024-12-16 05:57:57,0.043045,Waliguan,36.28333,100.9,3816.5
2024-12-16 05:59:48,0.042823,Waliguan,36.28333,100.9,3816.5
2024-12-16 06:03:58,0.04263,Waliguan,36.28333,100.9,3816.5
2024-12-16 06:06:56,0.042963,Waliguan,36.28333,100.9,3816.5
2024-12-16 06:09:57,0.042639,Waliguan,36.28333,100.9,3816.5
2024-12-16 06:12:56,0.042631,Waliguan,36.28333,100.9,3816.5
2024-12-16 06:14:51,0.042391,Waliguan,36.28333,100.9,3816.5
2024-12-16 06:22:53,0.041962,Waliguan,36.28333,100.9,3816.5
2024-12-16 06:29:22,0.042271,Waliguan,36.28333,100.9,3816.5
2024-12-16 06:33:56,0.042441,Waliguan,36.28333,100.9,3816.5
2024-12-16 06:36:56,0.043662,Waliguan,36.28333,100.9,3816.5
2024-12-16 06:39:57,0.042553,Waliguan,36.28333,100.9,3816.5
2024-12-16 06:42:56,0.041886,Waliguan,36.28333,100.9,3816.5
2024-12-16 06:44:48,0.041791,Waliguan,36.28333,100.9,3816.5
2024-12-16 06:48:56,0.043342,Waliguan,36.28333,100.9,3816.5
2024-12-16 06:51:56,0.040945,Waliguan,36.28333,100.9,3816.5
2024-12-16 06:54:57,0.041467,Waliguan,36.28333,100.9,3816.5
2024-12-16 06:57:56,0.040595,Waliguan,36.28333,100.9,3816.5
2024-12-16 06:59:49,0.040488,Waliguan,36.28333,100.9,3816.5
2024-12-16 07:03:56,0.040435,Waliguan,36.28333,100.9,3816.5
2024-12-16 07:06:56,0.040427,Waliguan,36.28333,100.9,3816.5
2024-12-16 07:09:56,0.039655,Waliguan,36.28333,100.9,3816.5
2024-12-16 07:12:57,0.039448,Waliguan,36.28333,100.9,3816.5
2024-12-16 07:14:50,0.039287,Waliguan,36.28333,100.9,3816.5
2024-12-16 07:22:51,0.038741,Waliguan,36.28333,100.9,3816.5
2024-12-16 07:29:21,0.038271,Waliguan,36.28333,100.9,3816.5
2024-12-16 07:33:56,0.03815,Waliguan,36.28333,100.9,3816.5
2024-12-16 07:36:56,0.037784,Waliguan,36.28333,100.9,3816.5
2024-12-16 07:39:56,0.037825,Waliguan,36.28333,100.9,3816.5
2024-12-16 07:42:56,0.038144,Waliguan,36.28333,100.9,3816.5
2024-12-16 07:44:49,0.037611,Waliguan,36.28333,100.9,3816.5
2024-12-16 07:48:56,0.036532,Waliguan,36.28333,100.9,3816.5
2024-12-16 07:51:56,0.035783,Waliguan,36.28333,100.9,3816.5
2024-12-16 07:54:57,0.034773,Waliguan,36.28333,100.9,3816.5
2024-12-16 07:57:56,0.03424,Waliguan,36.28333,100.9,3816.5
2024-12-16 07:59:49,0.033839,Waliguan,36.28333,100.9,3816.5
2024-12-16 08:03:56,0.032825,Waliguan,36.28333,100.9,3816.5
2024-12-16 08:06:56,0.032672,Waliguan,36.28333,100.9,3816.5
2024-12-16 08:09:56,0.032483,Waliguan,36.28333,100.9,3816.5
2024-12-16 08:12:56,0.031699,Waliguan,36.28333,100.9,3816.5
2024-12-16 08:14:49,0.031303,Waliguan,36.28333,100.9,3816.5
2024-12-16 08:22:49,0.030682,Waliguan,36.28333,100.9,3816.5
2024-12-16 08:29:26,0.029797,Waliguan,36.28333,100.9,3816.5
2024-12-16 08:31:28,0.02963,Waliguan,36.28333,100.9,3816.5
2024-12-16 08:33:31,0.029605,Waliguan,36.28333,100.9,3816.5
2024-12-16 08:42:42,0.045418,Waliguan,36.28333,100.9,3816.5
2024-12-16 08:45:56,0.038466,Waliguan,36.28333,100.9,3816.5
2024-12-16 08:48:56,0.026606,Waliguan,36.28333,100.9,3816.5
2024-12-16 08:50:50,0.026157,Waliguan,36.28333,100.9,3816.5
2024-12-16 08:54:56,0.025832,Waliguan,36.28333,100.9,3816.5
2024-12-16 08:56:49,0.025645,Waliguan,36.28333,100.9,3816.5
2024-12-16 09:00:56,0.025071,Waliguan,36.28333,100.9,3816.5
2024-12-16 09:02:49,0.024829,Waliguan,36.28333,100.9,3816.5
2024-12-16 09:06:33,0.024639,Waliguan,36.28333,100.9,3816.5
2024-12-16 09:09:56,0.024497,Waliguan,36.28333,100.9,3816.5
2024-12-16 09:11:50,0.02443,Waliguan,36.28333,100.9,3816.5
2024-12-17 01:16:17,0.042776,Waliguan,36.28333,100.9,3816.5
2024-12-17 01:18:55,0.04081,Waliguan,36.28333,100.9,3816.5
2024-12-17 01:20:49,0.041517,Waliguan,36.28333,100.9,3816.5
2024-12-17 01:24:56,0.042389,Waliguan,36.28333,100.9,3816.5
2024-12-17 01:27:55,0.042764,Waliguan,36.28333,100.9,3816.5
2024-12-17 01:30:35,0.042626,Waliguan,36.28333,100.9,3816.5
2024-12-17 01:33:55,0.041769,Waliguan,36.28333,100.9,3816.5
2024-12-17 01:36:57,0.042522,Waliguan,36.28333,100.9,3816.5
2024-12-17 01:38:50,0.04354,Waliguan,36.28333,100.9,3816.5
2024-12-17 01:42:57,0.044869,Waliguan,36.28333,100.9,3816.5
2024-12-17 01:45:55,0.044822,Waliguan,36.28333,100.9,3816.5
2024-12-17 01:47:49,0.045583,Waliguan,36.28333,100.9,3816.5
2024-12-17 01:51:56,0.045874,Waliguan,36.28333,100.9,3816.5
2024-12-17 01:54:56,0.04647,Waliguan,36.28333,100.9,3816.5
2024-12-17 01:57:15,0.04624,Waliguan,36.28333,100.9,3816.5
2024-12-17 02:06:53,0.048462,Waliguan,36.28333,100.9,3816.5
2024-12-17 02:08:55,0.048885,Waliguan,36.28333,100.9,3816.5
2024-12-17 02:12:54,0.05446,Waliguan,36.28333,100.9,3816.5
2024-12-17 02:14:47,0.056047,Waliguan,36.28333,100.9,3816.5
2024-12-17 02:23:06,0.053363,Waliguan,36.28333,100.9,3816.5
2024-12-17 02:44:48,0.09629,Waliguan,36.28333,100.9,3816.5
2024-12-17 02:51:56,0.061012,Waliguan,36.28333,100.9,3816.5
2024-12-17 02:54:56,0.066399,Waliguan,36.28333,100.9,3816.5
2024-12-17 02:57:56,0.067903,Waliguan,36.28333,100.9,3816.5
2024-12-17 02:59:48,0.056714,Waliguan,36.28333,100.9,3816.5
2024-12-17 03:03:57,0.057559,Waliguan,36.28333,100.9,3816.5
2024-12-17 03:06:56,0.057675,Waliguan,36.28333,100.9,3816.5
2024-12-17 03:09:56,0.05783,Waliguan,36.28333,100.9,3816.5
2024-12-17 03:12:56,0.057614,Waliguan,36.28333,100.9,3816.5
2024-12-17 03:14:49,0.057882,Waliguan,36.28333,100.9,3816.5
2024-12-17 03:22:54,0.060654,Waliguan,36.28333,100.9,3816.5
2024-12-17 03:29:23,0.061286,Waliguan,36.28333,100.9,3816.5
2024-12-17 03:33:56,0.064157,Waliguan,36.28333,100.9,3816.5
2024-12-17 03:36:56,0.066073,Waliguan,36.28333,100.9,3816.5
2024-12-17 03:39:56,0.068529,Waliguan,36.28333,100.9,3816.5
2024-12-17 03:42:56,0.067693,Waliguan,36.28333,100.9,3816.5
2024-12-17 03:44:49,0.066275,Waliguan,36.28333,100.9,3816.5
2024-12-17 03:48:56,0.067531,Waliguan,36.28333,100.9,3816.5
2024-12-17 03:51:56,0.072628,Waliguan,36.28333,100.9,3816.5
2024-12-17 03:54:57,0.08025,Waliguan,36.28333,100.9,3816.5
2024-12-17 03:57:56,0.087584,Waliguan,36.28333,100.9,3816.5
2024-12-17 04:03:56,0.083258,Waliguan,36.28333,100.9,3816.5
2024-12-17 04:06:56,0.082894,Waliguan,36.28333,100.9,3816.5
2024-12-17 04:09:56,0.094354,Waliguan,36.28333,100.9,3816.5
2024-12-17 04:12:56,0.079539,Waliguan,36.28333,100.9,3816.5
2024-12-17 04:14:51,0.076178,Waliguan,36.28333,100.9,3816.5
2024-12-17 04:22:59,0.094396,Waliguan,36.28333,100.9,3816.5
2024-12-17 04:29:26,0.148793,Waliguan,36.28333,100.9,3816.5
2024-12-17 04:33:57,0.15673,Waliguan,36.28333,100.9,3816.5
2024-12-17 04:36:57,0.154588,Waliguan,36.28333,100.9,3816.5
2024-12-17 04:39:57,0.167464,Waliguan,36.28333,100.9,3816.5
2024-12-17 04:42:57,0.204434,Waliguan,36.28333,100.9,3816.5
2024-12-17 04:48:58,0.241286,Waliguan,36.28333,100.9,3816.5
2024-12-17 05:59:49,0.73133,Waliguan,36.28333,100.9,3816.5
2024-12-18 08:03:56,0.22829,Waliguan,36.28333,100.9,3816.5
2024-12-19 01:17:30,0.058271,Waliguan,36.28333,100.9,3816.5
2024-12-19 01:21:30,0.058097,Waliguan,36.28333,100.9,3816.5
2024-12-19 01:24:55,0.057938,Waliguan,36.28333,100.9,3816.5
2024-12-19 01:26:49,0.056607,Waliguan,36.28333,100.9,3816.5
2024-12-19 01:30:55,0.05817,Waliguan,36.28333,100.9,3816.5
2024-12-19 01:32:51,0.058727,Waliguan,36.28333,100.9,3816.5
2024-12-19 01:36:55,0.059561,Waliguan,36.28333,100.9,3816.5
2024-12-19 01:38:50,0.059885,Waliguan,36.28333,100.9,3816.5
2024-12-19 01:42:55,0.059178,Waliguan,36.28333,100.9,3816.5
2024-12-19 01:45:56,0.060032,Waliguan,36.28333,100.9,3816.5
2024-12-19 01:47:49,0.059809,Waliguan,36.28333,100.9,3816.5
2024-12-19 01:51:57,0.060824,Waliguan,36.28333,100.9,3816.5
2024-12-19 01:54:57,0.064748,Waliguan,36.28333,100.9,3816.5
2024-12-19 01:57:55,0.063923,Waliguan,36.28333,100.9,3816.5
2024-12-19 01:59:49,0.063644,Waliguan,36.28333,100.9,3816.5
2024-12-19 02:09:17,0.067857,Waliguan,36.28333,100.9,3816.5
2024-12-19 02:11:19,0.069975,Waliguan,36.28333,100.9,3816.5
2024-12-19 02:14:30,0.069618,Waliguan,36.28333,100.9,3816.5
2024-12-19 02:22:55,0.070769,Waliguan,36.28333,100.9,3816.5
2024-12-19 02:48:56,0.076493,Waliguan,36.28333,100.9,3816.5
2024-12-19 02:51:56,0.077024,Waliguan,36.28333,100.9,3816.5
2024-12-19 02:54:56,0.092813,Waliguan,36.28333,100.9,3816.5
2024-12-19 02:57:57,0.091849,Waliguan,36.28333,100.9,3816.5
2024-12-19 02:59:48,0.077076,Waliguan,36.28333,100.9,3816.5
2024-12-19 03:03:55,0.076108,Waliguan,36.28333,100.9,3816.5
2024-12-19 03:06:56,0.077022,Waliguan,36.28333,100.9,3816.5
2024-12-19 03:09:56,0.077612,Waliguan,36.28333,100.9,3816.5
2024-12-19 03:14:51,0.075892,Waliguan,36.28333,100.9,3816.5
2024-12-19 03:22:58,0.074505,Waliguan,36.28333,100.9,3816.5
2024-12-19 03:29:35,0.076054,Waliguan,36.28333,100.9,3816.5
2024-12-19 03:33:56,0.075133,Waliguan,36.28333,100.9,3816.5
2024-12-19 03:36:57,0.075532,Waliguan,36.28333,100.9,3816.5
2024-12-19 03:39:57,0.074462,Waliguan,36.28333,100.9,3816.5
2024-12-19 03:42:56,0.074935,Waliguan,36.28333,100.9,3816.5
2024-12-19 03:44:50,0.076799,Waliguan,36.28333,100.9,3816.5
2024-12-19 03:48:54,0.078201,Waliguan,36.28333,100.9,3816.5
2024-12-19 03:51:56,0.077744,Waliguan,36.28333,100.9,3816.5
2024-12-19 03:54:56,0.077285,Waliguan,36.28333,100.9,3816.5
2024-12-19 03:57:56,0.078564,Waliguan,36.28333,100.9,3816.5
2024-12-19 03:59:49,0.078716,Waliguan,36.28333,100.9,3816.5
2024-12-19 04:06:56,0.078582,Waliguan,36.28333,100.9,3816.5
2024-12-19 04:09:56,0.079034,Waliguan,36.28333,100.9,3816.5
2024-12-19 04:12:57,0.079808,Waliguan,36.28333,100.9,3816.5
2024-12-19 04:14:50,0.079949,Waliguan,36.28333,100.9,3816.5
2024-12-19 04:22:56,0.080618,Waliguan,36.28333,100.9,3816.5
2024-12-19 04:29:29,0.079148,Waliguan,36.28333,100.9,3816.5
2024-12-19 04:33:56,0.080289,Waliguan,36.28333,100.9,3816.5
2024-12-19 04:36:57,0.080494,Waliguan,36.28333,100.9,3816.5
2024-12-19 04:39:56,0.080217,Waliguan,36.28333,100.9,3816.5
2024-12-19 04:42:57,0.079614,Waliguan,36.28333,100.9,3816.5
2024-12-19 04:44:48,0.079555,Waliguan,36.28333,100.9,3816.5
2024-12-19 04:48:57,0.079797,Waliguan,36.28333,100.9,3816.5
2024-12-19 04:51:57,0.079016,Waliguan,36.28333,100.9,3816.5
2024-12-19 04:54:57,0.079993,Waliguan,36.28333,100.9,3816.5
2024-12-19 04:57:57,0.091082,Waliguan,36.28333,100.9,3816.5
2024-12-19 04:59:50,0.090689,Waliguan,36.28333,100.9,3816.5
2024-12-19 05:03:55,0.087331,Waliguan,36.28333,100.9,3816.5
2024-12-19 05:06:57,0.08627,Waliguan,36.28333,100.9,3816.5
2024-12-19 05:09:56,0.080453,Waliguan,36.28333,100.9,3816.5
2024-12-19 05:12:57,0.079932,Waliguan,36.28333,100.9,3816.5
2024-12-19 05:14:50,0.080353,Waliguan,36.28333,100.9,3816.5
2024-12-19 05:22:52,0.078384,Waliguan,36.28333,100.9,3816.5
2024-12-19 05:29:29,0.079278,Waliguan,36.28333,100.9,3816.5
2024-12-19 05:33:57,0.079101,Waliguan,36.28333,100.9,3816.5
2024-12-19 05:36:57,0.080446,Waliguan,36.28333,100.9,3816.5
2024-12-19 05:39:57,0.07914,Waliguan,36.28333,100.9,3816.5
2024-12-19 05:42:57,0.078235,Waliguan,36.28333,100.9,3816.5
2024-12-19 05:44:49,0.079148,Waliguan,36.28333,100.9,3816.5
2024-12-19 05:48:59,0.078623,Waliguan,36.28333,100.9,3816.5
2024-12-19 05:51:57,0.077988,Waliguan,36.28333,100.9,3816.5
2024-12-19 05:54:56,0.077729,Waliguan,36.28333,100.9,3816.5
2024-12-19 05:57:57,0.078,Waliguan,36.28333,100.9,3816.5
2024-12-19 05:59:49,0.07829,Waliguan,36.28333,100.9,3816.5
2024-12-19 06:03:56,0.079687,Waliguan,36.28333,100.9,3816.5
2024-12-19 06:06:57,0.079449,Waliguan,36.28333,100.9,3816.5
2024-12-19 06:09:56,0.079247,Waliguan,36.28333,100.9,3816.5
2024-12-19 06:12:57,0.079555,Waliguan,36.28333,100.9,3816.5
2024-12-19 06:14:50,0.080011,Waliguan,36.28333,100.9,3816.5
2024-12-19 06:22:50,0.078426,Waliguan,36.28333,100.9,3816.5
2024-12-19 06:29:30,0.076898,Waliguan,36.28333,100.9,3816.5
2024-12-19 06:33:57,0.075912,Waliguan,36.28333,100.9,3816.5
2024-12-19 06:36:56,0.074208,Waliguan,36.28333,100.9,3816.5
2024-12-19 06:39:56,0.072815,Waliguan,36.28333,100.9,3816.5
2024-12-19 06:42:56,0.07196,Waliguan,36.28333,100.9,3816.5
2024-12-19 06:44:49,0.078652,Waliguan,36.28333,100.9,3816.5
2024-12-19 06:59:50,0.086397,Waliguan,36.28333,100.9,3816.5
2024-12-19 07:03:57,0.073751,Waliguan,36.28333,100.9,3816.5
2024-12-19 07:06:57,0.071907,Waliguan,36.28333,100.9,3816.5
2024-12-19 07:09:56,0.072482,Waliguan,36.28333,100.9,3816.5
2024-12-19 07:12:56,0.075499,Waliguan,36.28333,100.9,3816.5
2024-12-19 07:14:51,0.085891,Waliguan,36.28333,100.9,3816.5
2024-12-19 07:22:56,0.095069,Waliguan,36.28333,100.9,3816.5
2024-12-19 07:42:57,0.08322,Waliguan,36.28333,100.9,3816.5
2024-12-19 07:48:58,0.081127,Waliguan,36.28333,100.9,3816.5
2024-12-19 07:51:56,0.090411,Waliguan,36.28333,100.9,3816.5
2024-12-19 07:54:57,0.085924,Waliguan,36.28333,100.9,3816.5
2024-12-19 07:57:57,0.084871,Waliguan,36.28333,100.9,3816.5
2024-12-19 07:59:48,0.094814,Waliguan,36.28333,100.9,3816.5
2024-12-19 08:06:56,0.089439,Waliguan,36.28333,100.9,3816.5
2024-12-19 08:09:56,0.075059,Waliguan,36.28333,100.9,3816.5
2024-12-19 08:12:56,0.075206,Waliguan,36.28333,100.9,3816.5
2024-12-19 08:14:51,0.071091,Waliguan,36.28333,100.9,3816.5
2024-12-19 08:23:05,0.07425,Waliguan,36.28333,100.9,3816.5
2024-12-19 08:29:47,0.064923,Waliguan,36.28333,100.9,3816.5
2024-12-19 08:31:48,0.066196,Waliguan,36.28333,100.9,3816.5
2024-12-19 08:33:51,0.065822,Waliguan,36.28333,100.9,3816.5
2024-12-19 08:43:10,0.071192,Waliguan,36.28333,100.9,3816.5
2024-12-19 08:45:56,0.076555,Waliguan,36.28333,100.9,3816.5
2024-12-19 08:48:57,0.061777,Waliguan,36.28333,100.9,3816.5
2024-12-19 08:50:51,0.061434,Waliguan,36.28333,100.9,3816.5
2024-12-19 08:54:56,0.062882,Waliguan,36.28333,100.9,3816.5
2024-12-19 08:57:14,0.059772,Waliguan,36.28333,100.9,3816.5
2024-12-19 09:00:55,0.061873,Waliguan,36.28333,100.9,3816.5
2024-12-19 09:02:51,0.062098,Waliguan,36.28333,100.9,3816.5
2024-12-19 09:06:55,0.067127,Waliguan,36.28333,100.9,3816.5
2024-12-19 09:08:49,0.084171,Waliguan,36.28333,100.9,3816.5
2024-12-19 09:11:36,0.078965,Waliguan,36.28333,100.9,3816.5
2024-12-20 01:21:55,0.045356,Waliguan,36.28333,100.9,3816.5
2024-12-20 01:23:49,0.045504,Waliguan,36.28333,100.9,3816.5
2024-12-20 01:26:43,0.045205,Waliguan,36.28333,100.9,3816.5
2024-12-20 01:30:53,0.045825,Waliguan,36.28333,100.9,3816.5
2024-12-20 01:32:47,0.045868,Waliguan,36.28333,100.9,3816.5
2024-12-20 01:36:56,0.046139,Waliguan,36.28333,100.9,3816.5
2024-12-20 01:39:15,0.046448,Waliguan,36.28333,100.9,3816.5
2024-12-20 01:42:55,0.046843,Waliguan,36.28333,100.9,3816.5
2024-12-20 01:45:59,0.047779,Waliguan,36.28333,100.9,3816.5
2024-12-20 01:47:54,0.048264,Waliguan,36.28333,100.9,3816.5
2024-12-20 01:51:56,0.048668,Waliguan,36.28333,100.9,3816.5
2024-12-20 01:54:57,0.049381,Waliguan,36.28333,100.9,3816.5
2024-12-20 01:57:55,0.049469,Waliguan,36.28333,100.9,3816.5
2024-12-20 01:59:49,0.049421,Waliguan,36.28333,100.9,3816.5
2024-12-20 02:09:24,0.050268,Waliguan,36.28333,100.9,3816.5
2024-12-20 02:11:23,0.050223,Waliguan,36.28333,100.9,3816.5
2024-12-20 02:14:58,0.050367,Waliguan,36.28333,100.9,3816.5
2024-12-20 02:23:04,0.05085,Waliguan,36.28333,100.9,3816.5
2024-12-20 02:48:54,0.052664,Waliguan,36.28333,100.9,3816.5
2024-12-20 02:51:56,0.052855,Waliguan,36.28333,100.9,3816.5
2024-12-20 02:59:57,0.056482,Waliguan,36.28333,100.9,3816.5
2024-12-20 03:03:56,0.053912,Waliguan,36.28333,100.9,3816.5
2024-12-20 03:06:56,0.053842,Waliguan,36.28333,100.9,3816.5
2024-12-20 03:09:56,0.053797,Waliguan,36.28333,100.9,3816.5
2024-12-20 03:12:56,0.054184,Waliguan,36.28333,100.9,3816.5
2024-12-20 03:14:58,0.054541,Waliguan,36.28333,100.9,3816.5
2024-12-20 03:23:03,0.05534,Waliguan,36.28333,100.9,3816.5
2024-12-20 03:29:57,0.056241,Waliguan,36.28333,100.9,3816.5
2024-12-20 03:33:56,0.056173,Waliguan,36.28333,100.9,3816.5
2024-12-20 03:36:56,0.056279,Waliguan,36.28333,100.9,3816.5
2024-12-20 03:39:56,0.056566,Waliguan,36.28333,100.9,3816.5
2024-12-20 03:42:57,0.056955,Waliguan,36.28333,100.9,3816.5
2024-12-20 03:44:57,0.05643,Waliguan,36.28333,100.9,3816.5
2024-12-20 03:48:56,0.057402,Waliguan,36.28333,100.9,3816.5
2024-12-20 03:51:56,0.057307,Waliguan,36.28333,100.9,3816.5
2024-12-20 03:54:56,0.057313,Waliguan,36.28333,100.9,3816.5
2024-12-20 03:57:56,0.058108,Waliguan,36.28333,100.9,3816.5
2024-12-20 03:59:57,0.057859,Waliguan,36.28333,100.9,3816.5
2024-12-20 04:06:56,0.057489,Waliguan,36.28333,100.9,3816.5
2024-12-20 04:09:56,0.057957,Waliguan,36.28333,100.9,3816.5
2024-12-20 04:12:56,0.05829,Waliguan,36.28333,100.9,3816.5
2024-12-20 04:14:59,0.058514,Waliguan,36.28333,100.9,3816.5
2024-12-20 04:23:03,0.058298,Waliguan,36.28333,100.9,3816.5
2024-12-20 04:29:55,0.058214,Waliguan,36.28333,100.9,3816.5
2024-12-20 04:33:57,0.058488,Waliguan,36.28333,100.9,3816.5
2024-12-20 04:36:56,0.058906,Waliguan,36.28333,100.9,3816.5
2024-12-20 04:39:56,0.059179,Waliguan,36.28333,100.9,3816.5
2024-12-20 04:42:56,0.057904,Waliguan,36.28333,100.9,3816.5
2024-12-20 04:44:58,0.059415,Waliguan,36.28333,100.9,3816.5
2024-12-20 04:48:58,0.059237,Waliguan,36.28333,100.9,3816.5
2024-12-20 04:51:57,0.0581,Waliguan,36.28333,100.9,3816.5
2024-12-20 04:55:00,0.059631,Waliguan,36.28333,100.9,3816.5
2024-12-20 04:57:56,0.058101,Waliguan,36.28333,100.9,3816.5
2024-12-20 04:59:58,0.058116,Waliguan,36.28333,100.9,3816.5
2024-12-20 05:03:57,0.058878,Waliguan,36.28333,100.9,3816.5
2024-12-20 05:06:57,0.059208,Waliguan,36.28333,100.9,3816.5
2024-12-20 05:09:56,0.060047,Waliguan,36.28333,100.9,3816.5
2024-12-20 05:12:57,0.058734,Waliguan,36.28333,100.9,3816.5
2024-12-20 05:14:59,0.058309,Waliguan,36.28333,100.9,3816.5
2024-12-20 05:23:06,0.05895,Waliguan,36.28333,100.9,3816.5
2024-12-20 05:29:58,0.058819,Waliguan,36.28333,100.9,3816.5
2024-12-20 05:33:57,0.058784,Waliguan,36.28333,100.9,3816.5
2024-12-20 05:36:56,0.057829,Waliguan,36.28333,100.9,3816.5
2024-12-20 05:39:57,0.057456,Waliguan,36.28333,100.9,3816.5
2024-12-20 05:42:57,0.058359,Waliguan,36.28333,100.9,3816.5
2024-12-20 05:44:58,0.057727,Waliguan,36.28333,100.9,3816.5
2024-12-20 05:48:57,0.057382,Waliguan,36.28333,100.9,3816.5
2024-12-20 05:51:57,0.058649,Waliguan,36.28333,100.9,3816.5
2024-12-20 05:54:57,0.058299,Waliguan,36.28333,100.9,3816.5
2024-12-20 05:57:56,0.058529,Waliguan,36.28333,100.9,3816.5
2024-12-20 05:59:58,0.059329,Waliguan,36.28333,100.9,3816.5
2024-12-20 06:03:57,0.05951,Waliguan,36.28333,100.9,3816.5
2024-12-20 06:06:57,0.058161,Waliguan,36.28333,100.9,3816.5
2024-12-20 06:09:57,0.06162,Waliguan,36.28333,100.9,3816.5
2024-12-20 06:12:57,0.057553,Waliguan,36.28333,100.9,3816.5
2024-12-20 06:14:59,0.059307,Waliguan,36.28333,100.9,3816.5
2024-12-20 06:22:57,0.058096,Waliguan,36.28333,100.9,3816.5
2024-12-20 06:29:58,0.058563,Waliguan,36.28333,100.9,3816.5
2024-12-20 06:33:56,0.056939,Waliguan,36.28333,100.9,3816.5
2024-12-20 06:36:56,0.056943,Waliguan,36.28333,100.9,3816.5
2024-12-20 06:39:57,0.05723,Waliguan,36.28333,100.9,3816.5
2024-12-20 06:42:56,0.057539,Waliguan,36.28333,100.9,3816.5
2024-12-20 06:44:58,0.057256,Waliguan,36.28333,100.9,3816.5
2024-12-20 06:48:56,0.057775,Waliguan,36.28333,100.9,3816.5
2024-12-20 06:51:56,0.056733,Waliguan,36.28333,100.9,3816.5
2024-12-20 06:54:56,0.056072,Waliguan,36.28333,100.9,3816.5
2024-12-20 06:57:56,0.057453,Waliguan,36.28333,100.9,3816.5
2024-12-20 06:59:58,0.061948,Waliguan,36.28333,100.9,3816.5
2024-12-20 07:03:55,0.056888,Waliguan,36.28333,100.9,3816.5
2024-12-20 07:06:56,0.056148,Waliguan,36.28333,100.9,3816.5
2024-12-20 07:09:56,0.05779,Waliguan,36.28333,100.9,3816.5
2024-12-20 07:12:57,0.054557,Waliguan,36.28333,100.9,3816.5
2024-12-20 07:14:58,0.05553,Waliguan,36.28333,100.9,3816.5
2024-12-20 07:23:01,0.057056,Waliguan,36.28333,100.9,3816.5
2024-12-20 07:29:57,0.056727,Waliguan,36.28333,100.9,3816.5
2024-12-20 07:33:56,0.055819,Waliguan,36.28333,100.9,3816.5
2024-12-20 07:36:57,0.055575,Waliguan,36.28333,100.9,3816.5
2024-12-20 07:39:57,0.054445,Waliguan,36.28333,100.9,3816.5
2024-12-20 07:42:56,0.055409,Waliguan,36.28333,100.9,3816.5
2024-12-20 07:44:57,0.055764,Waliguan,36.28333,100.9,3816.5
2024-12-20 07:48:56,0.054192,Waliguan,36.28333,100.9,3816.5
2024-12-20 07:51:56,0.052395,Waliguan,36.28333,100.9,3816.5
2024-12-20 07:54:56,0.054394,Waliguan,36.28333,100.9,3816.5
2024-12-20 07:57:57,0.051787,Waliguan,36.28333,100.9,3816.5
2024-12-20 07:59:57,0.04855,Waliguan,36.28333,100.9,3816.5
2024-12-20 08:03:56,0.050405,Waliguan,36.28333,100.9,3816.5
2024-12-20 08:06:56,0.050209,Waliguan,36.28333,100.9,3816.5
2024-12-20 08:09:56,0.047454,Waliguan,36.28333,100.9,3816.5
2024-12-20 08:12:56,0.049646,Waliguan,36.28333,100.9,3816.5
2024-12-20 08:14:58,0.049755,Waliguan,36.28333,100.9,3816.5
2024-12-20 08:23:06,0.047035,Waliguan,36.28333,100.9,3816.5
2024-12-20 08:29:40,0.046537,Waliguan,36.28333,100.9,3816.5
2024-12-20 08:31:41,0.045605,Waliguan,36.28333,100.9,3816.5
2024-12-20 08:33:45,0.046168,Waliguan,36.28333,100.9,3816.5
2024-12-20 08:43:05,0.045774,Waliguan,36.28333,100.9,3816.5
2024-12-20 08:45:56,0.061381,Waliguan,36.28333,100.9,3816.5
2024-12-20 08:48:56,0.055442,Waliguan,36.28333,100.9,3816.5
2024-12-20 08:50:49,0.043298,Waliguan,36.28333,100.9,3816.5
2024-12-20 08:54:56,0.041744,Waliguan,36.28333,100.9,3816.5
2024-12-20 08:57:35,0.042483,Waliguan,36.28333,100.9,3816.5
2024-12-20 09:00:56,0.042214,Waliguan,36.28333,100.9,3816.5
2024-12-20 09:03:15,0.042012,Waliguan,36.28333,100.9,3816.5
2024-12-20 09:06:56,0.043076,Waliguan,36.28333,100.9,3816.5
2024-12-20 09:08:50,0.043012,Waliguan,36.28333,100.9,3816.5
2024-12-20 09:11:55,0.043395,Waliguan,36.28333,100.9,3816.5
2024-12-21 01:18:34,0.111827,Waliguan,36.28333,100.9,3816.5
2024-12-21 01:27:15,0.08985,Waliguan,36.28333,100.9,3816.5
2024-12-21 01:30:56,0.115197,Waliguan,36.28333,100.9,3816.5
2024-12-21 01:32:56,0.097772,Waliguan,36.28333,100.9,3816.5
2024-12-21 01:36:56,0.094664,Waliguan,36.28333,100.9,3816.5
2024-12-21 01:39:49,0.123344,Waliguan,36.28333,100.9,3816.5
2024-12-21 01:45:56,0.100482,Waliguan,36.28333,100.9,3816.5
2024-12-21 02:12:04,0.117092,Waliguan,36.28333,100.9,3816.5
2024-12-21 02:23:57,0.116878,Waliguan,36.28333,100.9,3816.5
2024-12-21 02:48:56,0.102484,Waliguan,36.28333,100.9,3816.5
2024-12-21 02:51:56,0.104346,Waliguan,36.28333,100.9,3816.5
2024-12-21 02:54:56,0.127054,Waliguan,36.28333,100.9,3816.5
2024-12-21 03:00:26,0.115602,Waliguan,36.28333,100.9,3816.5
2024-12-21 03:03:57,0.131439,Waliguan,36.28333,100.9,3816.5
2024-12-21 03:33:57,0.150184,Waliguan,36.28333,100.9,3816.5
2024-12-21 03:36:57,0.154078,Waliguan,36.28333,100.9,3816.5
2024-12-21 04:39:57,0.103829,Waliguan,36.28333,100.9,3816.5
2024-12-21 04:45:26,0.097192,Waliguan,36.28333,100.9,3816.5
2024-12-21 04:48:56,0.096293,Waliguan,36.28333,100.9,3816.5
2024-12-21 04:51:56,0.098872,Waliguan,36.28333,100.9,3816.5
2024-12-21 04:54:57,0.098262,Waliguan,36.28333,100.9,3816.5
2024-12-21 04:57:56,0.094157,Waliguan,36.28333,100.9,3816.5
2024-12-21 05:00:27,0.097385,Waliguan,36.28333,100.9,3816.5
2024-12-21 05:03:55,0.096983,Waliguan,36.28333,100.9,3816.5
2024-12-21 05:06:57,0.097758,Waliguan,36.28333,100.9,3816.5
2024-12-21 05:09:57,0.09989,Waliguan,36.28333,100.9,3816.5
2024-12-21 05:12:56,0.099989,Waliguan,36.28333,100.9,3816.5
2024-12-21 05:15:28,0.102143,Waliguan,36.28333,100.9,3816.5
2024-12-21 05:23:35,0.104952,Waliguan,36.28333,100.9,3816.5
2024-12-21 05:30:27,0.100834,Waliguan,36.28333,100.9,3816.5
2024-12-21 05:33:57,0.10015,Waliguan,36.28333,100.9,3816.5
2024-12-21 05:36:57,0.101062,Waliguan,36.28333,100.9,3816.5
2024-12-21 05:39:57,0.098387,Waliguan,36.28333,100.9,3816.5
2024-12-21 05:42:57,0.097455,Waliguan,36.28333,100.9,3816.5
2024-12-21 05:45:27,0.097488,Waliguan,36.28333,100.9,3816.5
2024-12-21 05:48:57,0.097919,Waliguan,36.28333,100.9,3816.5
2024-12-21 05:51:56,0.097831,Waliguan,36.28333,100.9,3816.5
2024-12-21 05:54:57,0.099176,Waliguan,36.28333,100.9,3816.5
2024-12-21 05:57:57,0.098953,Waliguan,36.28333,100.9,3816.5
2024-12-21 06:00:27,0.096959,Waliguan,36.28333,100.9,3816.5
2024-12-21 06:03:55,0.095938,Waliguan,36.28333,100.9,3816.5
2024-12-21 06:06:57,0.093025,Waliguan,36.28333,100.9,3816.5
2024-12-21 06:09:57,0.091364,Waliguan,36.28333,100.9,3816.5
2024-12-21 06:12:57,0.090352,Waliguan,36.28333,100.9,3816.5
2024-12-21 06:15:28,0.090399,Waliguan,36.28333,100.9,3816.5
2024-12-21 06:23:27,0.090023,Waliguan,36.28333,100.9,3816.5
2024-12-21 06:30:27,0.090096,Waliguan,36.28333,100.9,3816.5
2024-12-21 06:33:56,0.091754,Waliguan,36.28333,100.9,3816.5
2024-12-21 06:36:57,0.091968,Waliguan,36.28333,100.9,3816.5
2024-12-21 06:39:56,0.094215,Waliguan,36.28333,100.9,3816.5
2024-12-21 06:42:57,0.094941,Waliguan,36.28333,100.9,3816.5
2024-12-21 06:45:27,0.091054,Waliguan,36.28333,100.9,3816.5
2024-12-21 06:48:56,0.091072,Waliguan,36.28333,100.9,3816.5
2024-12-21 06:51:57,0.091486,Waliguan,36.28333,100.9,3816.5
2024-12-21 06:54:57,0.092074,Waliguan,36.28333,100.9,3816.5
2024-12-21 06:57:57,0.090707,Waliguan,36.28333,100.9,3816.5
2024-12-21 07:00:29,0.09052,Waliguan,36.28333,100.9,3816.5
2024-12-21 07:03:57,0.089941,Waliguan,36.28333,100.9,3816.5
2024-12-21 07:06:57,0.092215,Waliguan,36.28333,100.9,3816.5
2024-12-21 07:09:57,0.091665,Waliguan,36.28333,100.9,3816.5
2024-12-21 07:12:57,0.089978,Waliguan,36.28333,100.9,3816.5
2024-12-21 07:15:28,0.086599,Waliguan,36.28333,100.9,3816.5
2024-12-21 07:23:34,0.083901,Waliguan,36.28333,100.9,3816.5
2024-12-21 07:30:26,0.087974,Waliguan,36.28333,100.9,3816.5
2024-12-21 07:33:56,0.090568,Waliguan,36.28333,100.9,3816.5
2024-12-21 07:36:57,0.08833,Waliguan,36.28333,100.9,3816.5
2024-12-21 07:39:56,0.086836,Waliguan,36.28333,100.9,3816.5
2024-12-21 07:42:57,0.088506,Waliguan,36.28333,100.9,3816.5
2024-12-21 07:45:26,0.085399,Waliguan,36.28333,100.9,3816.5
2024-12-21 07:48:56,0.085385,Waliguan,36.28333,100.9,3816.5
2024-12-21 07:51:57,0.086705,Waliguan,36.28333,100.9,3816.5
2024-12-21 07:54:56,0.086231,Waliguan,36.28333,100.9,3816.5
2024-12-21 07:57:57,0.084728,Waliguan,36.28333,100.9,3816.5
2024-12-21 08:00:26,0.084425,Waliguan,36.28333,100.9,3816.5
2024-12-21 08:03:56,0.084118,Waliguan,36.28333,100.9,3816.5
2024-12-21 08:06:56,0.084886,Waliguan,36.28333,100.9,3816.5
2024-12-21 08:09:56,0.084241,Waliguan,36.28333,100.9,3816.5
2024-12-21 08:12:56,0.084562,Waliguan,36.28333,100.9,3816.5
2024-12-21 08:15:27,0.081216,Waliguan,36.28333,100.9,3816.5
2024-12-21 08:23:37,0.081115,Waliguan,36.28333,100.9,3816.5
2024-12-21 08:30:20,0.083975,Waliguan,36.28333,100.9,3816.5
2024-12-21 08:32:23,0.082347,Waliguan,36.28333,100.9,3816.5
2024-12-21 08:34:26,0.080772,Waliguan,36.28333,100.9,3816.5
2024-12-21 08:43:37,0.076029,Waliguan,36.28333,100.9,3816.5
2024-12-21 08:45:56,0.092396,Waliguan,36.28333,100.9,3816.5
2024-12-21 08:48:56,0.09157,Waliguan,36.28333,100.9,3816.5
2024-12-21 08:51:06,0.076998,Waliguan,36.28333,100.9,3816.5
2024-12-21 08:54:56,0.075358,Waliguan,36.28333,100.9,3816.5
2024-12-21 08:57:55,0.073615,Waliguan,36.28333,100.9,3816.5
2024-12-21 08:59:51,0.072653,Waliguan,36.28333,100.9,3816.5
2024-12-21 09:03:39,0.07379,Waliguan,36.28333,100.9,3816.5
2024-12-21 09:06:58,0.072173,Waliguan,36.28333,100.9,3816.5
2024-12-21 09:08:57,0.072457,Waliguan,36.28333,100.9,3816.5
2024-12-21 09:12:20,0.071027,Waliguan,36.28333,100.9,3816.5
2024-12-22 01:19:04,0.064619,Waliguan,36.28333,100.9,3816.5
2024-12-22 01:21:56,0.061264,Waliguan,36.28333,100.9,3816.5
2024-12-22 01:23:50,0.061302,Waliguan,36.28333,100.9,3816.5
2024-12-22 01:27:44,0.061453,Waliguan,36.28333,100.9,3816.5
2024-12-22 01:30:57,0.061548,Waliguan,36.28333,100.9,3816.5
2024-12-22 01:33:27,0.062946,Waliguan,36.28333,100.9,3816.5
2024-12-22 01:36:55,0.064339,Waliguan,36.28333,100.9,3816.5
2024-12-22 01:39:59,0.064266,Waliguan,36.28333,100.9,3816.5
2024-12-22 01:41:49,0.064501,Waliguan,36.28333,100.9,3816.5
2024-12-22 01:45:55,0.069973,Waliguan,36.28333,100.9,3816.5
2024-12-22 01:48:56,0.066766,Waliguan,36.28333,100.9,3816.5
2024-12-22 01:51:54,0.065392,Waliguan,36.28333,100.9,3816.5
2024-12-22 01:54:56,0.064817,Waliguan,36.28333,100.9,3816.5
2024-12-22 01:57:57,0.064453,Waliguan,36.28333,100.9,3816.5
2024-12-22 02:00:10,0.064657,Waliguan,36.28333,100.9,3816.5
2024-12-22 02:09:50,0.06594,Waliguan,36.28333,100.9,3816.5
2024-12-22 02:11:53,0.066171,Waliguan,36.28333,100.9,3816.5
2024-12-22 02:15:56,0.066413,Waliguan,36.28333,100.9,3816.5
2024-12-22 02:24:07,0.064436,Waliguan,36.28333,100.9,3816.5
2024-12-22 02:45:55,0.078498,Waliguan,36.28333,100.9,3816.5
2024-12-22 02:48:56,0.064679,Waliguan,36.28333,100.9,3816.5
2024-12-22 02:51:56,0.064952,Waliguan,36.28333,100.9,3816.5
2024-12-22 02:54:56,0.069958,Waliguan,36.28333,100.9,3816.5
2024-12-22 02:57:56,0.070075,Waliguan,36.28333,100.9,3816.5
2024-12-22 03:00:55,0.071273,Waliguan,36.28333,100.9,3816.5
2024-12-22 03:03:56,0.068812,Waliguan,36.28333,100.9,3816.5
2024-12-22 03:06:56,0.068592,Waliguan,36.28333,100.9,3816.5
2024-12-22 03:09:58,0.069156,Waliguan,36.28333,100.9,3816.5
2024-12-22 03:12:56,0.069468,Waliguan,36.28333,100.9,3816.5
2024-12-22 03:15:56,0.069595,Waliguan,36.28333,100.9,3816.5
2024-12-22 03:24:03,0.070696,Waliguan,36.28333,100.9,3816.5
2024-12-22 03:42:32,0.07395,Waliguan,36.28333,100.9,3816.5
2024-12-22 03:45:55,0.073701,Waliguan,36.28333,100.9,3816.5
2024-12-22 03:48:56,0.073747,Waliguan,36.28333,100.9,3816.5
2024-12-22 03:51:56,0.075788,Waliguan,36.28333,100.9,3816.5
2024-12-22 03:54:56,0.075912,Waliguan,36.28333,100.9,3816.5
2024-12-22 03:57:56,0.076898,Waliguan,36.28333,100.9,3816.5
2024-12-22 04:00:55,0.078629,Waliguan,36.28333,100.9,3816.5
2024-12-22 04:03:55,0.110543,Waliguan,36.28333,100.9,3816.5
2024-12-22 04:06:57,0.076152,Waliguan,36.28333,100.9,3816.5
2024-12-22 04:09:56,0.078527,Waliguan,36.28333,100.9,3816.5
2024-12-22 04:12:56,0.081376,Waliguan,36.28333,100.9,3816.5
2024-12-22 04:15:57,0.079157,Waliguan,36.28333,100.9,3816.5
2024-12-22 04:24:03,0.079132,Waliguan,36.28333,100.9,3816.5
2024-12-22 04:30:56,0.084051,Waliguan,36.28333,100.9,3816.5
2024-12-22 04:33:56,0.084679,Waliguan,36.28333,100.9,3816.5
2024-12-22 04:36:57,0.084017,Waliguan,36.28333,100.9,3816.5
2024-12-22 04:39:56,0.085349,Waliguan,36.28333,100.9,3816.5
2024-12-22 04:42:56,0.085093,Waliguan,36.28333,100.9,3816.5
2024-12-22 04:45:56,0.084753,Waliguan,36.28333,100.9,3816.5
2024-12-22 04:48:55,0.08375,Waliguan,36.28333,100.9,3816.5
2024-12-22 04:51:56,0.087229,Waliguan,36.28333,100.9,3816.5
2024-12-22 04:54:56,0.083256,Waliguan,36.28333,100.9,3816.5
2024-12-22 04:57:57,0.088571,Waliguan,36.28333,100.9,3816.5
2024-12-22 05:00:56,0.087681,Waliguan,36.28333,100.9,3816.5
2024-12-22 05:03:57,0.085717,Waliguan,36.28333,100.9,3816.5
2024-12-22 05:06:57,0.087941,Waliguan,36.28333,100.9,3816.5
2024-12-22 05:09:56,0.087544,Waliguan,36.28333,100.9,3816.5
2024-12-22 05:12:56,0.084668,Waliguan,36.28333,100.9,3816.5
2024-12-22 05:15:57,0.083099,Waliguan,36.28333,100.9,3816.5
2024-12-22 05:24:07,0.084056,Waliguan,36.28333,100.9,3816.5
2024-12-22 05:30:56,0.087942,Waliguan,36.28333,100.9,3816.5
2024-12-22 05:33:57,0.083916,Waliguan,36.28333,100.9,3816.5
2024-12-22 05:36:57,0.086439,Waliguan,36.28333,100.9,3816.5
2024-12-22 05:39:57,0.084513,Waliguan,36.28333,100.9,3816.5
2024-12-22 05:42:57,0.084143,Waliguan,36.28333,100.9,3816.5
2024-12-22 05:45:56,0.084914,Waliguan,36.28333,100.9,3816.5
2024-12-22 05:48:57,0.085162,Waliguan,36.28333,100.9,3816.5
2024-12-22 05:51:56,0.082739,Waliguan,36.28333,100.9,3816.5
2024-12-22 05:54:57,0.081263,Waliguan,36.28333,100.9,3816.5
2024-12-22 05:57:56,0.082809,Waliguan,36.28333,100.9,3816.5
2024-12-22 06:00:55,0.082992,Waliguan,36.28333,100.9,3816.5
2024-12-22 06:03:57,0.082347,Waliguan,36.28333,100.9,3816.5
2024-12-22 06:06:57,0.081841,Waliguan,36.28333,100.9,3816.5
2024-12-22 06:09:57,0.082913,Waliguan,36.28333,100.9,3816.5
2024-12-22 06:12:57,0.082092,Waliguan,36.28333,100.9,3816.5
2024-12-22 06:15:57,0.080506,Waliguan,36.28333,100.9,3816.5
2024-12-22 06:23:58,0.079972,Waliguan,36.28333,100.9,3816.5
2024-12-22 06:30:55,0.080603,Waliguan,36.28333,100.9,3816.5
2024-12-22 06:33:56,0.079334,Waliguan,36.28333,100.9,3816.5
2024-12-22 06:36:56,0.079969,Waliguan,36.28333,100.9,3816.5
2024-12-22 06:39:57,0.078734,Waliguan,36.28333,100.9,3816.5
2024-12-22 06:42:56,0.079302,Waliguan,36.28333,100.9,3816.5
2024-12-22 06:45:56,0.080007,Waliguan,36.28333,100.9,3816.5
2024-12-22 06:48:57,0.07647,Waliguan,36.28333,100.9,3816.5
2024-12-22 06:51:56,0.078132,Waliguan,36.28333,100.9,3816.5
2024-12-22 06:54:56,0.077963,Waliguan,36.28333,100.9,3816.5
2024-12-22 06:57:56,0.075055,Waliguan,36.28333,100.9,3816.5
2024-12-22 07:00:55,0.076171,Waliguan,36.28333,100.9,3816.5
2024-12-22 07:03:56,0.076704,Waliguan,36.28333,100.9,3816.5
2024-12-22 07:06:57,0.075213,Waliguan,36.28333,100.9,3816.5
2024-12-22 07:09:56,0.072862,Waliguan,36.28333,100.9,3816.5
2024-12-22 07:12:57,0.072244,Waliguan,36.28333,100.9,3816.5
2024-12-22 07:15:57,0.07164,Waliguan,36.28333,100.9,3816.5
2024-12-22 07:24:04,0.068911,Waliguan,36.28333,100.9,3816.5
2024-12-22 07:30:55,0.067787,Waliguan,36.28333,100.9,3816.5
2024-12-22 07:33:56,0.067453,Waliguan,36.28333,100.9,3816.5
2024-12-22 07:36:56,0.069319,Waliguan,36.28333,100.9,3816.5
2024-12-22 07:39:57,0.069667,Waliguan,36.28333,100.9,3816.5
2024-12-22 07:42:56,0.066438,Waliguan,36.28333,100.9,3816.5
2024-12-22 07:45:55,0.067512,Waliguan,36.28333,100.9,3816.5
2024-12-22 07:48:56,0.066441,Waliguan,36.28333,100.9,3816.5
2024-12-22 07:51:57,0.065863,Waliguan,36.28333,100.9,3816.5
2024-12-22 07:54:56,0.06592,Waliguan,36.28333,100.9,3816.5
2024-12-22 07:57:57,0.060236,Waliguan,36.28333,100.9,3816.5
2024-12-22 08:00:56,0.058986,Waliguan,36.28333,100.9,3816.5
2024-12-22 08:03:56,0.057513,Waliguan,36.28333,100.9,3816.5
2024-12-22 08:06:56,0.057971,Waliguan,36.28333,100.9,3816.5
2024-12-22 08:09:56,0.06464,Waliguan,36.28333,100.9,3816.5
2024-12-22 08:12:56,0.061665,Waliguan,36.28333,100.9,3816.5
2024-12-22 08:15:56,0.060801,Waliguan,36.28333,100.9,3816.5
2024-12-22 08:24:02,0.05746,Waliguan,36.28333,100.9,3816.5
2024-12-23 01:19:34,0.068318,Waliguan,36.28333,100.9,3816.5
2024-12-23 01:21:56,0.072137,Waliguan,36.28333,100.9,3816.5
2024-12-23 01:23:56,0.069241,Waliguan,36.28333,100.9,3816.5
2024-12-23 01:27:55,0.066974,Waliguan,36.28333,100.9,3816.5
2024-12-23 01:29:49,0.067144,Waliguan,36.28333,100.9,3816.5
2024-12-23 01:33:52,0.067814,Waliguan,36.28333,100.9,3816.5
2024-12-23 01:36:56,0.066307,Waliguan,36.28333,100.9,3816.5
2024-12-23 01:39:56,0.067169,Waliguan,36.28333,100.9,3816.5
2024-12-23 01:41:48,0.067356,Waliguan,36.28333,100.9,3816.5
2024-12-23 01:45:56,0.06833,Waliguan,36.28333,100.9,3816.5
2024-12-23 01:48:56,0.068192,Waliguan,36.28333,100.9,3816.5
2024-12-23 01:50:52,0.068552,Waliguan,36.28333,100.9,3816.5
2024-12-23 01:54:56,0.070447,Waliguan,36.28333,100.9,3816.5
2024-12-23 01:57:56,0.068968,Waliguan,36.28333,100.9,3816.5
2024-12-23 02:00:36,0.069957,Waliguan,36.28333,100.9,3816.5
2024-12-23 02:10:12,0.071759,Waliguan,36.28333,100.9,3816.5
2024-12-23 02:12:16,0.072199,Waliguan,36.28333,100.9,3816.5
2024-12-23 02:15:56,0.072147,Waliguan,36.28333,100.9,3816.5
2024-12-23 02:17:50,0.072948,Waliguan,36.28333,100.9,3816.5
2024-12-23 02:26:07,0.076949,Waliguan,36.28333,100.9,3816.5
2024-12-23 02:54:56,0.149666,Waliguan,36.28333,100.9,3816.5
2024-12-23 03:09:56,0.274972,Waliguan,36.28333,100.9,3816.5
2024-12-23 05:18:00,0.459048,Waliguan,36.28333,100.9,3816.5
2024-12-23 08:59:36,0.137871,Waliguan,36.28333,100.9,3816.5
2024-12-24 03:17:57,0.195635,Waliguan,36.28333,100.9,3816.5
2024-12-24 08:06:56,0.72759,Waliguan,36.28333,100.9,3816.5
2024-12-25 02:12:46,0.073984,Waliguan,36.28333,100.9,3816.5
2024-12-25 03:12:56,0.102916,Waliguan,36.28333,100.9,3816.5
2024-12-25 04:39:56,0.096667,Waliguan,36.28333,100.9,3816.5
2024-12-25 04:45:56,0.100693,Waliguan,36.28333,100.9,3816.5
2024-12-25 04:47:49,0.090829,Waliguan,36.28333,100.9,3816.5
2024-12-25 04:57:57,0.098516,Waliguan,36.28333,100.9,3816.5
2024-12-25 05:26:05,0.08709,Waliguan,36.28333,100.9,3816.5
2024-12-25 05:32:36,0.085177,Waliguan,36.28333,100.9,3816.5
2024-12-25 05:36:57,0.088951,Waliguan,36.28333,100.9,3816.5
2024-12-25 05:45:56,0.094722,Waliguan,36.28333,100.9,3816.5
2024-12-25 05:47:49,0.086789,Waliguan,36.28333,100.9,3816.5
2024-12-25 05:51:57,0.086493,Waliguan,36.28333,100.9,3816.5
2024-12-25 05:54:57,0.08529,Waliguan,36.28333,100.9,3816.5
2024-12-25 05:57:56,0.085004,Waliguan,36.28333,100.9,3816.5
2024-12-25 06:00:56,0.086056,Waliguan,36.28333,100.9,3816.5
2024-12-25 06:02:48,0.085635,Waliguan,36.28333,100.9,3816.5
2024-12-25 06:06:57,0.084521,Waliguan,36.28333,100.9,3816.5
2024-12-25 06:10:00,0.08354,Waliguan,36.28333,100.9,3816.5
2024-12-25 06:12:56,0.084986,Waliguan,36.28333,100.9,3816.5
2024-12-25 06:15:56,0.084693,Waliguan,36.28333,100.9,3816.5
2024-12-25 06:17:53,0.082204,Waliguan,36.28333,100.9,3816.5
2024-12-25 06:25:56,0.0855,Waliguan,36.28333,100.9,3816.5
2024-12-25 06:32:24,0.084114,Waliguan,36.28333,100.9,3816.5
2024-12-25 06:36:56,0.082399,Waliguan,36.28333,100.9,3816.5
2024-12-25 06:39:56,0.083327,Waliguan,36.28333,100.9,3816.5
2024-12-25 06:42:57,0.083506,Waliguan,36.28333,100.9,3816.5
2024-12-25 06:45:56,0.083413,Waliguan,36.28333,100.9,3816.5
2024-12-25 06:47:52,0.083128,Waliguan,36.28333,100.9,3816.5
2024-12-25 06:51:57,0.081757,Waliguan,36.28333,100.9,3816.5
2024-12-25 06:54:56,0.081486,Waliguan,36.28333,100.9,3816.5
2024-12-25 06:57:57,0.083996,Waliguan,36.28333,100.9,3816.5
2024-12-25 07:00:57,0.083884,Waliguan,36.28333,100.9,3816.5
2024-12-25 07:02:50,0.081445,Waliguan,36.28333,100.9,3816.5
2024-12-25 07:06:56,0.080621,Waliguan,36.28333,100.9,3816.5
2024-12-25 07:09:56,0.079415,Waliguan,36.28333,100.9,3816.5
2024-12-25 07:12:57,0.079461,Waliguan,36.28333,100.9,3816.5
2024-12-25 07:15:57,0.079673,Waliguan,36.28333,100.9,3816.5
2024-12-25 07:17:51,0.079764,Waliguan,36.28333,100.9,3816.5
2024-12-25 07:25:56,0.080614,Waliguan,36.28333,100.9,3816.5
2024-12-25 07:32:31,0.081153,Waliguan,36.28333,100.9,3816.5
2024-12-25 07:36:56,0.081186,Waliguan,36.28333,100.9,3816.5
2024-12-25 07:39:56,0.080574,Waliguan,36.28333,100.9,3816.5
2024-12-25 07:42:57,0.080032,Waliguan,36.28333,100.9,3816.5
2024-12-25 07:45:56,0.081432,Waliguan,36.28333,100.9,3816.5
2024-12-25 07:47:48,0.080461,Waliguan,36.28333,100.9,3816.5
2024-12-25 07:51:57,0.081407,Waliguan,36.28333,100.9,3816.5
2024-12-25 07:54:56,0.081935,Waliguan,36.28333,100.9,3816.5
2024-12-25 07:57:56,0.081236,Waliguan,36.28333,100.9,3816.5
2024-12-25 08:00:57,0.081446,Waliguan,36.28333,100.9,3816.5
2024-12-25 08:02:48,0.082081,Waliguan,36.28333,100.9,3816.5
2024-12-25 08:06:56,0.081854,Waliguan,36.28333,100.9,3816.5
2024-12-25 08:09:56,0.081733,Waliguan,36.28333,100.9,3816.5
2024-12-25 08:12:55,0.081545,Waliguan,36.28333,100.9,3816.5
2024-12-25 08:15:56,0.080546,Waliguan,36.28333,100.9,3816.5
2024-12-25 08:17:50,0.079894,Waliguan,36.28333,100.9,3816.5
2024-12-25 08:26:06,0.080128,Waliguan,36.28333,100.9,3816.5
2024-12-25 08:32:41,0.080426,Waliguan,36.28333,100.9,3816.5
2024-12-25 08:34:41,0.081654,Waliguan,36.28333,100.9,3816.5
2024-12-25 08:36:44,0.082277,Waliguan,36.28333,100.9,3816.5
2024-12-25 08:45:58,0.092531,Waliguan,36.28333,100.9,3816.5
2024-12-25 08:48:57,0.102919,Waliguan,36.28333,100.9,3816.5
2024-12-25 08:51:55,0.086434,Waliguan,36.28333,100.9,3816.5
2024-12-25 08:53:55,0.080921,Waliguan,36.28333,100.9,3816.5
2024-12-25 08:57:55,0.082306,Waliguan,36.28333,100.9,3816.5
2024-12-25 09:00:09,0.080071,Waliguan,36.28333,100.9,3816.5
2024-12-25 09:03:55,0.076965,Waliguan,36.28333,100.9,3816.5
2024-12-25 09:05:49,0.075408,Waliguan,36.28333,100.9,3816.5
2024-12-25 09:10:02,0.071671,Waliguan,36.28333,100.9,3816.5
2024-12-25 09:11:49,0.072384,Waliguan,36.28333,100.9,3816.5
2024-12-25 09:14:26,0.070361,Waliguan,36.28333,100.9,3816.5
2024-12-26 01:20:42,0.051408,Waliguan,36.28333,100.9,3816.5
2024-12-26 01:24:48,0.051734,Waliguan,36.28333,100.9,3816.5
2024-12-26 01:27:58,0.051573,Waliguan,36.28333,100.9,3816.5
2024-12-26 01:29:54,0.052847,Waliguan,36.28333,100.9,3816.5
2024-12-26 01:33:56,0.052521,Waliguan,36.28333,100.9,3816.5
2024-12-26 01:35:49,0.052367,Waliguan,36.28333,100.9,3816.5
2024-12-26 01:39:56,0.052998,Waliguan,36.28333,100.9,3816.5
2024-12-26 01:41:54,0.053276,Waliguan,36.28333,100.9,3816.5
2024-12-26 01:45:56,0.054191,Waliguan,36.28333,100.9,3816.5
2024-12-26 01:48:57,0.054366,Waliguan,36.28333,100.9,3816.5
2024-12-26 01:50:49,0.056044,Waliguan,36.28333,100.9,3816.5
2024-12-26 01:54:55,0.055573,Waliguan,36.28333,100.9,3816.5
2024-12-26 01:57:55,0.056832,Waliguan,36.28333,100.9,3816.5
2024-12-26 02:00:55,0.056013,Waliguan,36.28333,100.9,3816.5
2024-12-26 02:02:49,0.056662,Waliguan,36.28333,100.9,3816.5
2024-12-26 02:12:12,0.057552,Waliguan,36.28333,100.9,3816.5
2024-12-26 02:14:16,0.058468,Waliguan,36.28333,100.9,3816.5
2024-12-26 02:17:52,0.05833,Waliguan,36.28333,100.9,3816.5
2024-12-26 02:26:00,0.05992,Waliguan,36.28333,100.9,3816.5
2024-12-26 02:47:51,0.070255,Waliguan,36.28333,100.9,3816.5
2024-12-26 02:51:56,0.063875,Waliguan,36.28333,100.9,3816.5
2024-12-26 02:54:57,0.063308,Waliguan,36.28333,100.9,3816.5
2024-12-26 02:57:56,0.080265,Waliguan,36.28333,100.9,3816.5
2024-12-26 03:00:56,0.074856,Waliguan,36.28333,100.9,3816.5
2024-12-26 03:02:51,0.069223,Waliguan,36.28333,100.9,3816.5
2024-12-26 03:06:56,0.064219,Waliguan,36.28333,100.9,3816.5
2024-12-26 03:09:56,0.06503,Waliguan,36.28333,100.9,3816.5
2024-12-26 03:12:57,0.065174,Waliguan,36.28333,100.9,3816.5
2024-12-26 03:15:56,0.065485,Waliguan,36.28333,100.9,3816.5
2024-12-26 03:17:52,0.065478,Waliguan,36.28333,100.9,3816.5
2024-12-26 03:26:00,0.066688,Waliguan,36.28333,100.9,3816.5
2024-12-26 03:32:51,0.067318,Waliguan,36.28333,100.9,3816.5
2024-12-26 03:36:56,0.067053,Waliguan,36.28333,100.9,3816.5
2024-12-26 03:39:56,0.067526,Waliguan,36.28333,100.9,3816.5
2024-12-26 03:42:57,0.068285,Waliguan,36.28333,100.9,3816.5
2024-12-26 03:45:56,0.068487,Waliguan,36.28333,100.9,3816.5
2024-12-26 03:47:51,0.068209,Waliguan,36.28333,100.9,3816.5
2024-12-26 03:51:56,0.068552,Waliguan,36.28333,100.9,3816.5
2024-12-26 03:54:56,0.068809,Waliguan,36.28333,100.9,3816.5
2024-12-26 03:57:56,0.069374,Waliguan,36.28333,100.9,3816.5
2024-12-26 04:00:56,0.069333,Waliguan,36.28333,100.9,3816.5
2024-12-26 04:02:52,0.070241,Waliguan,36.28333,100.9,3816.5
2024-12-26 04:09:56,0.070413,Waliguan,36.28333,100.9,3816.5
2024-12-26 04:12:57,0.070257,Waliguan,36.28333,100.9,3816.5
2024-12-26 04:15:56,0.070141,Waliguan,36.28333,100.9,3816.5
2024-12-26 04:17:52,0.069767,Waliguan,36.28333,100.9,3816.5
2024-12-26 04:25:59,0.068294,Waliguan,36.28333,100.9,3816.5
2024-12-26 04:32:51,0.070169,Waliguan,36.28333,100.9,3816.5
2024-12-26 04:36:56,0.069529,Waliguan,36.28333,100.9,3816.5
2024-12-26 04:39:56,0.071023,Waliguan,36.28333,100.9,3816.5
2024-12-26 04:42:57,0.069577,Waliguan,36.28333,100.9,3816.5
2024-12-26 04:45:57,0.069818,Waliguan,36.28333,100.9,3816.5
2024-12-26 04:47:51,0.069629,Waliguan,36.28333,100.9,3816.5
2024-12-26 04:51:57,0.069308,Waliguan,36.28333,100.9,3816.5
2024-12-26 04:54:56,0.069254,Waliguan,36.28333,100.9,3816.5
2024-12-26 04:57:56,0.069591,Waliguan,36.28333,100.9,3816.5
2024-12-26 05:00:57,0.070639,Waliguan,36.28333,100.9,3816.5
2024-12-26 05:02:52,0.069433,Waliguan,36.28333,100.9,3816.5
2024-12-26 05:06:57,0.070464,Waliguan,36.28333,100.9,3816.5
2024-12-26 05:09:58,0.069975,Waliguan,36.28333,100.9,3816.5
2024-12-26 05:13:05,0.070854,Waliguan,36.28333,100.9,3816.5
2024-12-26 05:15:57,0.07134,Waliguan,36.28333,100.9,3816.5
2024-12-26 05:17:53,0.070496,Waliguan,36.28333,100.9,3816.5
2024-12-26 05:25:59,0.072136,Waliguan,36.28333,100.9,3816.5
2024-12-26 05:32:51,0.071477,Waliguan,36.28333,100.9,3816.5
2024-12-26 05:36:57,0.071321,Waliguan,36.28333,100.9,3816.5
2024-12-26 05:39:57,0.071847,Waliguan,36.28333,100.9,3816.5
2024-12-26 05:42:56,0.071912,Waliguan,36.28333,100.9,3816.5
2024-12-26 05:45:57,0.072167,Waliguan,36.28333,100.9,3816.5
2024-12-26 05:47:52,0.072845,Waliguan,36.28333,100.9,3816.5
2024-12-26 05:51:56,0.071388,Waliguan,36.28333,100.9,3816.5
2024-12-26 05:54:57,0.07149,Waliguan,36.28333,100.9,3816.5
2024-12-26 05:57:57,0.07148,Waliguan,36.28333,100.9,3816.5
2024-12-26 06:00:57,0.071004,Waliguan,36.28333,100.9,3816.5
2024-12-26 06:02:52,0.070865,Waliguan,36.28333,100.9,3816.5
2024-12-26 07:39:56,0.077242,Waliguan,36.28333,100.9,3816.5
2024-12-26 07:42:56,0.073071,Waliguan,36.28333,100.9,3816.5
2024-12-26 07:45:56,0.075415,Waliguan,36.28333,100.9,3816.5
2024-12-26 07:47:52,0.073277,Waliguan,36.28333,100.9,3816.5
2024-12-27 01:24:56,0.033988,Waliguan,36.28333,100.9,3816.5
2024-12-27 01:26:50,0.034437,Waliguan,36.28333,100.9,3816.5
2024-12-27 01:29:42,0.034854,Waliguan,36.28333,100.9,3816.5
2024-12-27 01:33:55,0.035298,Waliguan,36.28333,100.9,3816.5
2024-12-27 01:35:49,0.03517,Waliguan,36.28333,100.9,3816.5
2024-12-27 01:39:55,0.03587,Waliguan,36.28333,100.9,3816.5
2024-12-27 01:42:12,0.035943,Waliguan,36.28333,100.9,3816.5
2024-12-27 01:45:56,0.036874,Waliguan,36.28333,100.9,3816.5
2024-12-27 01:48:56,0.037514,Waliguan,36.28333,100.9,3816.5
2024-12-27 01:50:53,0.037435,Waliguan,36.28333,100.9,3816.5
2024-12-27 01:54:56,0.037924,Waliguan,36.28333,100.9,3816.5
2024-12-27 01:57:56,0.038163,Waliguan,36.28333,100.9,3816.5
2024-12-27 02:00:57,0.038728,Waliguan,36.28333,100.9,3816.5
2024-12-27 02:02:49,0.038824,Waliguan,36.28333,100.9,3816.5
2024-12-27 02:12:16,0.040356,Waliguan,36.28333,100.9,3816.5
2024-12-27 02:14:20,0.04111,Waliguan,36.28333,100.9,3816.5
2024-12-27 02:18:20,0.040899,Waliguan,36.28333,100.9,3816.5
2024-12-27 02:26:30,0.042742,Waliguan,36.28333,100.9,3816.5
2024-12-27 02:48:19,0.053368,Waliguan,36.28333,100.9,3816.5
2024-12-27 02:51:56,0.048796,Waliguan,36.28333,100.9,3816.5
2024-12-27 02:54:57,0.047556,Waliguan,36.28333,100.9,3816.5
2024-12-27 02:57:57,0.05729,Waliguan,36.28333,100.9,3816.5
2024-12-27 03:00:56,0.056118,Waliguan,36.28333,100.9,3816.5
2024-12-27 03:03:19,0.055573,Waliguan,36.28333,100.9,3816.5
2024-12-27 03:06:56,0.051802,Waliguan,36.28333,100.9,3816.5
2024-12-27 03:09:56,0.052664,Waliguan,36.28333,100.9,3816.5
2024-12-27 03:12:56,0.051682,Waliguan,36.28333,100.9,3816.5
2024-12-27 03:15:56,0.050426,Waliguan,36.28333,100.9,3816.5
2024-12-27 03:18:20,0.051505,Waliguan,36.28333,100.9,3816.5
2024-12-27 03:26:29,0.054982,Waliguan,36.28333,100.9,3816.5
2024-12-27 03:33:19,0.056006,Waliguan,36.28333,100.9,3816.5
2024-12-27 03:36:56,0.054393,Waliguan,36.28333,100.9,3816.5
2024-12-27 03:39:56,0.055373,Waliguan,36.28333,100.9,3816.5
2024-12-27 03:42:56,0.056474,Waliguan,36.28333,100.9,3816.5
2024-12-27 03:45:56,0.054941,Waliguan,36.28333,100.9,3816.5
2024-12-27 03:48:19,0.054699,Waliguan,36.28333,100.9,3816.5
2024-12-27 03:51:57,0.057069,Waliguan,36.28333,100.9,3816.5
2024-12-27 03:54:56,0.056556,Waliguan,36.28333,100.9,3816.5
2024-12-27 03:57:56,0.057304,Waliguan,36.28333,100.9,3816.5
2024-12-27 04:00:56,0.056173,Waliguan,36.28333,100.9,3816.5
2024-12-27 04:03:19,0.057009,Waliguan,36.28333,100.9,3816.5
2024-12-27 04:09:56,0.05906,Waliguan,36.28333,100.9,3816.5
2024-12-27 04:12:59,0.057619,Waliguan,36.28333,100.9,3816.5
2024-12-27 04:15:56,0.056829,Waliguan,36.28333,100.9,3816.5
2024-12-27 04:18:22,0.057932,Waliguan,36.28333,100.9,3816.5
2024-12-27 04:26:33,0.057248,Waliguan,36.28333,100.9,3816.5
2024-12-27 04:33:19,0.060416,Waliguan,36.28333,100.9,3816.5
2024-12-27 04:36:56,0.057316,Waliguan,36.28333,100.9,3816.5
2024-12-27 04:39:57,0.057663,Waliguan,36.28333,100.9,3816.5
2024-12-27 04:42:57,0.058172,Waliguan,36.28333,100.9,3816.5
2024-12-27 04:45:57,0.058171,Waliguan,36.28333,100.9,3816.5
2024-12-27 04:48:20,0.057727,Waliguan,36.28333,100.9,3816.5
2024-12-27 04:51:56,0.058164,Waliguan,36.28333,100.9,3816.5
2024-12-27 04:54:58,0.058228,Waliguan,36.28333,100.9,3816.5
2024-12-27 04:57:58,0.060523,Waliguan,36.28333,100.9,3816.5
2024-12-27 05:00:56,0.060982,Waliguan,36.28333,100.9,3816.5
2024-12-27 05:03:20,0.062842,Waliguan,36.28333,100.9,3816.5
2024-12-27 05:06:56,0.061741,Waliguan,36.28333,100.9,3816.5
2024-12-27 05:09:56,0.059857,Waliguan,36.28333,100.9,3816.5
2024-12-27 05:12:57,0.060383,Waliguan,36.28333,100.9,3816.5
2024-12-27 05:15:56,0.0615,Waliguan,36.28333,100.9,3816.5
2024-12-27 05:18:21,0.061327,Waliguan,36.28333,100.9,3816.5
2024-12-27 05:26:29,0.064328,Waliguan,36.28333,100.9,3816.5
2024-12-27 05:33:21,0.065291,Waliguan,36.28333,100.9,3816.5
2024-12-27 05:36:57,0.065832,Waliguan,36.28333,100.9,3816.5
2024-12-27 05:39:57,0.065436,Waliguan,36.28333,100.9,3816.5
2024-12-27 05:42:57,0.065121,Waliguan,36.28333,100.9,3816.5
2024-12-27 05:45:56,0.065587,Waliguan,36.28333,100.9,3816.5
2024-12-27 05:48:20,0.065158,Waliguan,36.28333,100.9,3816.5
2024-12-27 05:51:57,0.06406,Waliguan,36.28333,100.9,3816.5
2024-12-27 05:54:57,0.06575,Waliguan,36.28333,100.9,3816.5
2024-12-27 05:57:57,0.06418,Waliguan,36.28333,100.9,3816.5
2024-12-27 06:00:57,0.065134,Waliguan,36.28333,100.9,3816.5
2024-12-27 06:03:19,0.063863,Waliguan,36.28333,100.9,3816.5
2024-12-27 06:06:56,0.064986,Waliguan,36.28333,100.9,3816.5
2024-12-27 06:09:56,0.065209,Waliguan,36.28333,100.9,3816.5
2024-12-27 06:12:56,0.063959,Waliguan,36.28333,100.9,3816.5
2024-12-27 06:15:56,0.063581,Waliguan,36.28333,100.9,3816.5
2024-12-27 06:18:21,0.065054,Waliguan,36.28333,100.9,3816.5
2024-12-27 06:26:31,0.063444,Waliguan,36.28333,100.9,3816.5
2024-12-27 06:33:20,0.061563,Waliguan,36.28333,100.9,3816.5
2024-12-27 06:36:54,0.062102,Waliguan,36.28333,100.9,3816.5
2024-12-27 06:39:57,0.0632,Waliguan,36.28333,100.9,3816.5
2024-12-27 06:42:57,0.062072,Waliguan,36.28333,100.9,3816.5
2024-12-27 06:45:57,0.062599,Waliguan,36.28333,100.9,3816.5
2024-12-27 06:48:20,0.061505,Waliguan,36.28333,100.9,3816.5
2024-12-27 06:51:57,0.060731,Waliguan,36.28333,100.9,3816.5
2024-12-27 06:54:57,0.059261,Waliguan,36.28333,100.9,3816.5
2024-12-27 06:57:57,0.059221,Waliguan,36.28333,100.9,3816.5
2024-12-27 07:00:57,0.058536,Waliguan,36.28333,100.9,3816.5
2024-12-27 07:03:20,0.058047,Waliguan,36.28333,100.9,3816.5
2024-12-27 07:06:56,0.058191,Waliguan,36.28333,100.9,3816.5
2024-12-27 07:09:57,0.056655,Waliguan,36.28333,100.9,3816.5
2024-12-27 07:12:58,0.05521,Waliguan,36.28333,100.9,3816.5
2024-12-27 07:15:56,0.054318,Waliguan,36.28333,100.9,3816.5
2024-12-27 07:18:21,0.054853,Waliguan,36.28333,100.9,3816.5
2024-12-27 07:26:20,0.0531,Waliguan,36.28333,100.9,3816.5
2024-12-27 07:33:19,0.051738,Waliguan,36.28333,100.9,3816.5
2024-12-27 07:36:56,0.050872,Waliguan,36.28333,100.9,3816.5
2024-12-27 07:39:57,0.049126,Waliguan,36.28333,100.9,3816.5
2024-12-27 07:42:56,0.047825,Waliguan,36.28333,100.9,3816.5
2024-12-27 07:45:56,0.04722,Waliguan,36.28333,100.9,3816.5
2024-12-27 07:48:19,0.04745,Waliguan,36.28333,100.9,3816.5
2024-12-27 07:51:56,0.047,Waliguan,36.28333,100.9,3816.5
2024-12-27 07:54:56,0.046641,Waliguan,36.28333,100.9,3816.5
2024-12-27 07:57:56,0.047129,Waliguan,36.28333,100.9,3816.5
2024-12-27 08:00:56,0.048082,Waliguan,36.28333,100.9,3816.5
2024-12-27 08:03:19,0.04706,Waliguan,36.28333,100.9,3816.5
2024-12-27 08:06:56,0.045563,Waliguan,36.28333,100.9,3816.5
2024-12-27 08:09:56,0.045899,Waliguan,36.28333,100.9,3816.5
2024-12-27 08:12:56,0.04483,Waliguan,36.28333,100.9,3816.5
2024-12-27 08:15:56,0.045076,Waliguan,36.28333,100.9,3816.5
2024-12-27 08:18:20,0.045466,Waliguan,36.28333,100.9,3816.5
2024-12-27 08:26:26,0.044187,Waliguan,36.28333,100.9,3816.5
2024-12-27 08:33:05,0.045024,Waliguan,36.28333,100.9,3816.5
2024-12-27 08:35:06,0.04433,Waliguan,36.28333,100.9,3816.5
2024-12-27 08:37:08,0.043306,Waliguan,36.28333,100.9,3816.5
2024-12-27 08:46:21,0.049955,Waliguan,36.28333,100.9,3816.5
2024-12-27 08:48:56,0.060162,Waliguan,36.28333,100.9,3816.5
2024-12-27 08:51:56,0.044708,Waliguan,36.28333,100.9,3816.5
2024-12-27 08:54:29,0.041622,Waliguan,36.28333,100.9,3816.5
2024-12-27 08:57:57,0.040651,Waliguan,36.28333,100.9,3816.5
2024-12-27 09:00:55,0.041116,Waliguan,36.28333,100.9,3816.5
2024-12-27 09:02:52,0.040946,Waliguan,36.28333,100.9,3816.5
2024-12-27 09:06:55,0.041052,Waliguan,36.28333,100.9,3816.5
2024-12-27 09:08:49,0.04114,Waliguan,36.28333,100.9,3816.5
2024-12-27 09:11:41,0.041109,Waliguan,36.28333,100.9,3816.5
2024-12-27 09:15:40,0.039638,Waliguan,36.28333,100.9,3816.5
2024-12-28 01:21:18,0.022599,Waliguan,36.28333,100.9,3816.5
2024-12-28 01:24:56,0.023114,Waliguan,36.28333,100.9,3816.5
2024-12-28 01:26:49,0.02319,Waliguan,36.28333,100.9,3816.5
2024-12-28 01:29:58,0.023513,Waliguan,36.28333,100.9,3816.5
2024-12-28 01:33:56,0.024153,Waliguan,36.28333,100.9,3816.5
2024-12-28 01:35:50,0.024319,Waliguan,36.28333,100.9,3816.5
2024-12-28 01:39:55,0.02451,Waliguan,36.28333,100.9,3816.5
2024-12-28 01:42:28,0.024815,Waliguan,36.28333,100.9,3816.5
2024-12-28 01:45:56,0.025121,Waliguan,36.28333,100.9,3816.5
2024-12-28 01:48:55,0.025339,Waliguan,36.28333,100.9,3816.5
2024-12-28 01:51:05,0.025491,Waliguan,36.28333,100.9,3816.5
2024-12-28 01:54:56,0.026152,Waliguan,36.28333,100.9,3816.5
2024-12-28 01:57:56,0.026444,Waliguan,36.28333,100.9,3816.5
2024-12-28 02:00:55,0.026781,Waliguan,36.28333,100.9,3816.5
2024-12-28 02:02:50,0.027089,Waliguan,36.28333,100.9,3816.5
2024-12-28 02:12:13,0.028933,Waliguan,36.28333,100.9,3816.5
2024-12-28 02:14:17,0.029182,Waliguan,36.28333,100.9,3816.5
2024-12-28 02:18:49,0.029845,Waliguan,36.28333,100.9,3816.5
2024-12-28 02:26:56,0.03118,Waliguan,36.28333,100.9,3816.5
2024-12-28 02:48:47,0.038711,Waliguan,36.28333,100.9,3816.5
2024-12-28 02:51:55,0.038448,Waliguan,36.28333,100.9,3816.5
2024-12-28 02:54:56,0.03487,Waliguan,36.28333,100.9,3816.5
2024-12-28 02:57:55,0.03772,Waliguan,36.28333,100.9,3816.5
2024-12-28 03:00:56,0.040317,Waliguan,36.28333,100.9,3816.5
2024-12-28 03:03:48,0.044835,Waliguan,36.28333,100.9,3816.5
2024-12-28 03:06:58,0.036758,Waliguan,36.28333,100.9,3816.5
2024-12-28 03:09:56,0.037049,Waliguan,36.28333,100.9,3816.5
2024-12-28 03:12:56,0.037547,Waliguan,36.28333,100.9,3816.5
2024-12-28 03:15:56,0.038113,Waliguan,36.28333,100.9,3816.5
2024-12-28 03:18:49,0.038806,Waliguan,36.28333,100.9,3816.5
2024-12-28 03:27:00,0.040242,Waliguan,36.28333,100.9,3816.5
2024-12-28 03:33:48,0.041001,Waliguan,36.28333,100.9,3816.5
2024-12-28 03:36:54,0.040873,Waliguan,36.28333,100.9,3816.5
2024-12-28 03:39:56,0.041461,Waliguan,36.28333,100.9,3816.5
2024-12-28 03:42:56,0.041762,Waliguan,36.28333,100.9,3816.5
2024-12-28 03:45:56,0.041851,Waliguan,36.28333,100.9,3816.5
2024-12-28 03:48:49,0.042189,Waliguan,36.28333,100.9,3816.5
2024-12-28 03:51:56,0.041859,Waliguan,36.28333,100.9,3816.5
2024-12-28 03:54:56,0.04206,Waliguan,36.28333,100.9,3816.5
2024-12-28 03:57:56,0.042179,Waliguan,36.28333,100.9,3816.5
2024-12-28 04:00:56,0.043009,Waliguan,36.28333,100.9,3816.5
2024-12-28 04:03:48,0.043105,Waliguan,36.28333,100.9,3816.5
2024-12-28 04:06:56,0.076378,Waliguan,36.28333,100.9,3816.5
2024-12-28 04:09:56,0.043241,Waliguan,36.28333,100.9,3816.5
2024-12-28 04:12:56,0.043541,Waliguan,36.28333,100.9,3816.5
2024-12-28 04:15:56,0.043129,Waliguan,36.28333,100.9,3816.5
2024-12-28 04:18:50,0.043409,Waliguan,36.28333,100.9,3816.5
2024-12-28 04:26:51,0.043832,Waliguan,36.28333,100.9,3816.5
2024-12-28 04:33:48,0.044279,Waliguan,36.28333,100.9,3816.5
2024-12-28 04:36:56,0.044827,Waliguan,36.28333,100.9,3816.5
2024-12-28 04:39:56,0.045215,Waliguan,36.28333,100.9,3816.5
2024-12-28 04:42:56,0.046046,Waliguan,36.28333,100.9,3816.5
2024-12-28 04:45:57,0.045957,Waliguan,36.28333,100.9,3816.5
2024-12-28 04:48:48,0.046153,Waliguan,36.28333,100.9,3816.5
2024-12-28 04:51:57,0.047388,Waliguan,36.28333,100.9,3816.5
2024-12-28 04:54:57,0.051889,Waliguan,36.28333,100.9,3816.5
2024-12-28 04:57:58,0.048071,Waliguan,36.28333,100.9,3816.5
2024-12-28 05:00:56,0.05162,Waliguan,36.28333,100.9,3816.5
2024-12-28 05:03:48,0.047479,Waliguan,36.28333,100.9,3816.5
2024-12-28 05:06:56,0.049186,Waliguan,36.28333,100.9,3816.5
2024-12-28 05:18:50,0.051671,Waliguan,36.28333,100.9,3816.5
2024-12-28 05:54:57,0.114265,Waliguan,36.28333,100.9,3816.5
2024-12-28 05:57:57,0.123644,Waliguan,36.28333,100.9,3816.5
2024-12-28 06:03:49,0.093153,Waliguan,36.28333,100.9,3816.5
2024-12-28 06:06:57,0.075522,Waliguan,36.28333,100.9,3816.5
2024-12-28 06:09:57,0.075184,Waliguan,36.28333,100.9,3816.5
2024-12-28 06:12:57,0.067273,Waliguan,36.28333,100.9,3816.5
2024-12-28 06:15:57,0.069202,Waliguan,36.28333,100.9,3816.5
2024-12-28 06:26:54,0.081746,Waliguan,36.28333,100.9,3816.5
2024-12-28 07:54:56,0.061135,Waliguan,36.28333,100.9,3816.5
2024-12-28 08:00:56,0.054862,Waliguan,36.28333,100.9,3816.5
2024-12-28 08:03:48,0.054974,Waliguan,36.28333,100.9,3816.5
2024-12-28 08:06:56,0.055696,Waliguan,36.28333,100.9,3816.5
2024-12-28 08:18:49,0.12416,Waliguan,36.28333,100.9,3816.5
2024-12-29 02:07:51,1.529286,Waliguan,36.28333,100.9,3816.5
2024-12-30 01:24:55,0.093279,Waliguan,36.28333,100.9,3816.5
2024-12-30 01:36:01,0.076379,Waliguan,36.28333,100.9,3816.5
2024-12-30 02:12:51,0.083759,Waliguan,36.28333,100.9,3816.5
2024-12-30 02:18:57,0.084543,Waliguan,36.28333,100.9,3816.5
2024-12-30 02:20:54,0.070332,Waliguan,36.28333,100.9,3816.5
2024-12-30 03:00:56,0.118319,Waliguan,36.28333,100.9,3816.5
2024-12-30 03:54:56,0.10126,Waliguan,36.28333,100.9,3816.5
2024-12-30 04:09:56,0.076765,Waliguan,36.28333,100.9,3816.5
2024-12-30 04:28:59,0.079099,Waliguan,36.28333,100.9,3816.5
2024-12-30 04:35:29,0.069362,Waliguan,36.28333,100.9,3816.5
2024-12-30 04:39:57,0.078094,Waliguan,36.28333,100.9,3816.5
2024-12-30 04:42:56,0.073635,Waliguan,36.28333,100.9,3816.5
2024-12-30 04:45:56,0.058987,Waliguan,36.28333,100.9,3816.5
2024-12-30 04:48:56,0.064986,Waliguan,36.28333,100.9,3816.5
2024-12-30 04:50:49,0.059655,Waliguan,36.28333,100.9,3816.5
2024-12-30 04:54:57,0.060197,Waliguan,36.28333,100.9,3816.5
2024-12-30 04:57:58,0.059599,Waliguan,36.28333,100.9,3816.5
2024-12-30 05:00:56,0.076801,Waliguan,36.28333,100.9,3816.5
2024-12-30 07:00:57,0.079236,Waliguan,36.28333,100.9,3816.5
2024-12-30 07:09:57,0.093568,Waliguan,36.28333,100.9,3816.5
2024-12-30 07:45:57,0.096893,Waliguan,36.28333,100.9,3816.5
2024-12-30 07:54:56,0.103758,Waliguan,36.28333,100.9,3816.5
2024-12-30 07:57:56,0.088359,Waliguan,36.28333,100.9,3816.5
2024-12-30 08:00:57,0.082209,Waliguan,36.28333,100.9,3816.5
2024-12-30 08:03:57,0.08359,Waliguan,36.28333,100.9,3816.5
2024-12-30 08:35:58,0.065518,Waliguan,36.28333,100.9,3816.5
2024-12-30 08:40:01,0.085815,Waliguan,36.28333,100.9,3816.5
2024-12-30 08:49:22,0.074156,Waliguan,36.28333,100.9,3816.5
2024-12-30 08:51:57,0.054847,Waliguan,36.28333,100.9,3816.5
2024-12-30 08:54:55,0.052755,Waliguan,36.28333,100.9,3816.5
2024-12-30 08:56:50,0.049843,Waliguan,36.28333,100.9,3816.5
2024-12-30 09:00:56,0.050529,Waliguan,36.28333,100.9,3816.5
2024-12-30 09:03:33,0.0514,Waliguan,36.28333,100.9,3816.5
2024-12-30 09:06:57,0.049509,Waliguan,36.28333,100.9,3816.5
2024-12-30 09:09:08,0.048106,Waliguan,36.28333,100.9,3816.5
2024-12-30 09:12:58,0.047446,Waliguan,36.28333,100.9,3816.5
2024-12-30 09:14:51,0.046945,Waliguan,36.28333,100.9,3816.5
2024-12-30 09:17:46,0.045642,Waliguan,36.28333,100.9,3816.5
