AlbSet,AOD,COD,th0,cos_th0,Ts,RH,rh,tpw,alb_C01,alb_C02,alb_C03,alb_C05,alb_C06,C01_rad,C02_rad,C03_rad,C05_rad,C06_rad,C01,C02,C03,C05,C06,C01_srf,C02_srf,C03_srf,C05_srf,C06_srf
0,0.12,0.5,0.0,1.0,270.0,10.0,0.1,0.7002750439845209,0.0145,0.0288,0.4156,0.2031,0.0641,12.025870039757685,65.62852351477332,51.83390440855196,1.7690886455416248,1.207901248028214,0.11958472073926238,0.22332474301447602,0.3548783729251805,0.1269418914864213,0.06635221535306131,7.799504274573894,178.28367584524347,174.07529998314408,9.849104146105635,5.233144586462679
0,0.12,0.5,0.0,1.0,270.0,50.0,0.5,3.5027922523960817,0.0145,0.0288,0.4156,0.2031,0.0641,12.02385750175155,64.818486161615,50.71473328377267,1.770846774302797,1.182944519579228,0.11956470815018191,0.2205682984986172,0.3472160207964261,0.12706804694560778,0.06498129680880271,7.801776947470745,174.6329998059297,170.41540175687086,9.262596710328761,4.697032245536157
1,0.12,0.5,0.0,1.0,270.0,50.0,0.5,3.5027922523960817,0.0251,0.0472,0.3922,0.2218,0.0897,13.241075876727795,63.32937688548691,48.073014133627396,2.0173446703435896,1.5231617227103411,0.13166867393136925,0.21550106662135396,0.32912961568328614,0.14475563385635945,0.08367004737166704,12.877192875551184,171.58205688045962,160.62975100786366,10.732647070944294,6.73595360388665
2,0.12,0.5,0.0,1.0,270.0,50.0,0.5,3.5027922523960817,0.0407,0.0745,0.3575,0.2494,0.1275,14.913096065040591,61.12709811666402,44.091430260213684,2.3655753070520995,2.015642168502141,0.1482951688651049,0.20800701809254782,0.30186989016608057,0.1697431073833094,0.11072289515180765,20.255988062038696,166.77055788188716,145.83488230090728,12.804091496765862,9.553377015090494
3,0.12,0.5,0.0,1.0,270.0,50.0,0.5,3.5027922523960817,0.0673,0.1207,0.2988,0.2961,0.1916,17.96584815377598,57.33451254735788,37.41643853074184,2.9912397301703453,2.8300847811592513,0.17865160085802684,0.19510137657777193,0.2561698752574375,0.21463798899738168,0.15546171110712673,33.1662002194685,159.31831211701598,121.13927851601987,16.3728638726098,14.283861529658608
4,0.12,0.5,0.0,1.0,270.0,50.0,0.5,3.5027922523960817,0.0938,0.1669,0.2401,0.3428,0.2555,20.887791005348305,53.75877315103939,30.92421387389359,3.620773691873809,3.679663548145048,0.207707271571761,0.18293363244758734,0.21172116646005582,0.25981053139935467,0.2021306200087865,46.4238411878177,152.80215094684905,96.96363873618134,20.041448585843252,19.153193928325617
0,0.12,0.5,0.0,1.0,270.0,90.0,0.9,6.307579202674779,0.0145,0.0288,0.4156,0.2031,0.0641,12.125414971763504,65.14533165618724,50.68203986823464,1.7767823436772339,1.184382177473018,0.12057459114826978,0.22168050828441793,0.34699218687451944,0.12749395686557632,0.0650602699751344,7.861654201077654,172.84272035550157,168.5669847310012,8.909011036286483,4.488222487882312
1,0.12,0.5,0.0,1.0,270.0,90.0,0.9,6.307579202674779,0.0251,0.0472,0.3922,0.2218,0.0897,13.346806067527087,63.60797297040836,48.03721556685814,2.0225168982234,1.5161554422748105,0.13272005028074288,0.21644909037288507,0.32888452249046013,0.1451267698036262,0.08328517962768454,12.943082475487229,170.01113189850102,158.92856784394178,10.329149029502766,6.432101920989657
2,0.12,0.5,0.0,1.0,270.0,90.0,0.9,6.307579202674779,0.0407,0.0745,0.3575,0.2494,0.1275,15.148453462713254,61.31434444867066,44.083573815646794,2.3947897543819563,1.9988723702449616,0.15063555243665164,0.20864419133272244,0.3018161013902458,0.17183940550388607,0.10980169959281294,20.440404888306865,165.44687216906732,144.31894097381655,12.410704787190332,9.15464164862047
3,0.12,0.5,0.0,1.0,270.0,90.0,0.9,6.307579202674779,0.0673,0.1207,0.2988,0.2961,0.1916,18.115527872204943,57.76491791258827,37.34750322542926,3.0129275752493085,2.818743518596708,0.18014000936980046,0.19656598620837698,0.25569791295273425,0.21619421179239326,0.15483871490014878,33.387304598185025,158.67074768594534,120.18865313828722,15.873934567907133,13.71547803024679
4,0.12,0.5,0.0,1.0,270.0,90.0,0.9,6.307579202674779,0.0938,0.1669,0.2401,0.3428,0.2555,21.079281811260664,54.063231297976365,30.928062737383094,3.6394042634879007,3.656706585258573,0.20961144769153112,0.18396966120127486,0.21174751752174703,0.2611473779198081,0.20086955222879854,46.64252171684925,152.3450786989414,96.14510412312846,19.486007977374786,18.37620836385042
0,0.12,0.5,0.0,1.0,285.0,50.0,0.5,10.524269951667252,0.0145,0.0288,0.4156,0.2031,0.0641,12.039407358346608,63.42543378450374,49.01842378715183,1.764189328744639,1.1473180894123869,0.11971933523764486,0.21582793489659213,0.33560231812426133,0.12659033841825373,0.06302427211779434,7.83446289032594,169.1348330274732,164.87351653165018,8.51844880375121,4.290019002486657
1,0.12,0.5,0.0,1.0,285.0,50.0,0.5,10.524269951667252,0.0251,0.0472,0.3922,0.2218,0.0897,13.243630754703634,61.94390114769335,46.481111361116234,2.0091816048300277,1.4718963300199799,0.13169407952516443,0.21078648526975785,0.318230728705545,0.14416988877273654,0.08085394598796299,12.859867626670946,166.23268955195087,155.2938375377255,9.91069963499872,6.1602497264720615
2,0.12,0.5,0.0,1.0,285.0,50.0,0.5,10.524269951667252,0.0407,0.0745,0.3575,0.2494,0.1275,14.969236109651625,59.84113952142785,42.58953011445242,2.3575346612749692,1.9453504458533337,0.1488534229901624,0.20363107974397704,0.2915872019120213,0.1691661465926257,0.10686164281322047,20.273909269279503,161.79229173219647,140.83985102837732,11.849855361899754,8.770177984566038
3,0.12,0.5,0.0,1.0,285.0,50.0,0.5,10.524269951667252,0.0673,0.1207,0.2988,0.2961,0.1916,17.929433870890435,56.29598892068117,36.14135759157575,2.979629504208514,2.7230826657220732,0.17828949883668516,0.19156742503321478,0.24744009396462568,0.21380489109248366,0.14958389003664554,33.17345903722656,155.3890362022231,117.2217665889088,15.221050551839042,13.070640718284007
4,0.12,0.5,0.0,1.0,285.0,50.0,0.5,10.524269951667252,0.0938,0.1669,0.2401,0.3428,0.2555,20.894593334699938,52.824466873709696,29.88079460398364,3.603683443457558,3.5457439320552404,0.20777491363451422,0.17975431805642178,0.2045774458198771,0.25858421158468675,0.19477417160599236,46.45711899989712,149.6418959251499,93.8296155796635,18.694796115702534,17.538405778092876
0,0.12,0.5,0.0,1.0,285.0,90.0,0.9,18.966876247123928,0.0145,0.0288,0.4156,0.2031,0.0641,12.169577452312296,63.36933973383138,48.65133215438405,1.770077496886545,1.1184644431139832,0.12101374090509576,0.21563705463934812,0.333089042637154,0.12701284703771004,0.06143928877910006,7.864151120365837,165.86126966122066,161.5774023989556,8.031732892069304,4.114991013534444
1,0.12,0.5,0.0,1.0,285.0,90.0,0.9,18.966876247123928,0.0251,0.0472,0.3922,0.2218,0.0897,13.359875713696443,62.10103820401652,46.04861517820011,2.0244309806748504,1.435949028294878,0.13285001426523269,0.2113212008300359,0.31526966406183465,0.1452641158023473,0.07887929523789627,12.976437484202346,163.4861579247562,152.3716832583275,9.382397848905397,5.899907148918388
2,0.12,0.5,0.0,1.0,285.0,90.0,0.9,18.966876247123928,0.0407,0.0745,0.3575,0.2494,0.1275,15.157807527888965,59.9315067109607,42.26290734957681,2.3840910185854973,1.8962762461708147,0.15072856884778166,0.2039385867287231,0.2893509946133047,0.1710717120579196,0.10416590765198187,20.422949745963955,159.42930358992788,138.33080916992566,11.28688382262671,8.34835608543413
3,0.12,0.5,0.0,1.0,285.0,90.0,0.9,18.966876247123928,0.0673,0.1207,0.2988,0.2961,0.1916,18.242577194311412,56.4537531053663,35.81957494059692,2.9968965008082904,2.672132853529189,0.1814033822196638,0.1921042746241364,0.245237024276592,0.215043893566548,0.14678512406439503,33.49113546774511,153.5275479897716,114.96027700339567,14.54628593631633,12.487143161291819
4,0.12,0.5,0.0,1.0,285.0,90.0,0.9,18.966876247123928,0.0938,0.1669,0.2401,0.3428,0.2555,21.23507696892454,53.00932864209556,29.70539551083956,3.6373333135206822,3.4413060592280575,0.21116066786106322,0.1803833769580544,0.20337658423135177,0.26099877580952097,0.1890372090520113,46.74291684244892,148.43542066127918,92.25566681817935,17.878853599917427,16.735821280729663
0,0.12,0.5,0.0,1.0,300.0,50.0,0.5,28.115555280876997,0.0145,0.0288,0.4156,0.2031,0.0641,12.045327800615553,61.25845566427443,46.49727806468466,1.7520414867342893,1.0462567574277055,0.11977820785418271,0.20845400956808363,0.31834141327625964,0.12571866358943254,0.05747278910156173,7.79317945745065,161.21276027367412,157.0013359867972,7.6548552365095315,3.917368677651927
1,0.12,0.5,0.0,1.0,300.0,50.0,0.5,28.115555280876997,0.0251,0.0472,0.3922,0.2218,0.0897,13.273062946720527,59.9540920705971,44.07671600308383,1.988623295409246,1.3452128726350674,0.131986751943164,0.20401544156815207,0.30176914970115465,0.14269471640632403,0.07389499296113597,12.912352857411857,158.97299927594176,147.95450827771975,8.958309063536063,5.598464546804125
2,0.12,0.5,0.0,1.0,300.0,50.0,0.5,28.115555280876997,0.0407,0.0745,0.3575,0.2494,0.1275,14.950457047696254,58.0348145498124,40.45270315261841,2.3340976053196876,1.7753236422991066,0.1486666848271643,0.19748440694863612,0.27695751726659457,0.16748440824597224,0.09752176084551907,20.268932247644482,155.35625045102705,134.42985769522875,10.783791277585564,7.914134393667084
3,0.12,0.5,0.0,1.0,300.0,50.0,0.5,28.115555280876997,0.0673,0.1207,0.2988,0.2961,0.1916,17.959176596001985,54.65728454210679,34.342085089701015,2.947676217517729,2.5129796053472937,0.17858525918206813,0.18599114181636867,0.23512145995084346,0.21151206610490692,0.13804254629593687,33.17314651604548,150.05257035614602,111.8655923651222,13.920873007118306,11.942149227810948
4,0.12,0.5,0.0,1.0,300.0,50.0,0.5,28.115555280876997,0.0938,0.1669,0.2401,0.3428,0.2555,20.902974193610344,51.50584472726009,28.37698382018267,3.5811414976604192,3.2392556734143407,0.2078582525255086,0.17526723018337576,0.19428167647292088,0.2569667023408822,0.17793821339026683,46.37082367406808,145.19877042888143,89.49392978620816,17.161387471126634,15.863453155480586
0,0.12,0.5,0.0,1.0,300.0,90.0,0.9,50.77481736061284,0.0145,0.0288,0.4156,0.2031,0.0641,12.192718199463492,60.97373469491475,45.59699236367244,1.7543516567952335,0.9605544414413082,0.12124385147311495,0.20748514368618137,0.31217764984017343,0.12588443106407585,0.05276500480556212,7.922380973854993,156.91909017857753,152.5805578984075,7.153701474540202,3.647969690230015
1,0.12,0.5,0.0,1.0,300.0,90.0,0.9,50.77481736061284,0.0251,0.0472,0.3922,0.2218,0.0897,13.461680679473721,59.72316039409415,43.21121239527329,1.998724734503189,1.2555023939475578,0.13386235835028412,0.20322961317301358,0.2958435202197297,0.1434195505114728,0.06896703298840083,12.995247365475965,154.90422300131016,143.78583694361683,8.398714821213009,5.234561315531935
2,0.12,0.5,0.0,1.0,300.0,90.0,0.9,50.77481736061284,0.0407,0.0745,0.3575,0.2494,0.1275,15.201746036420879,57.890575598008574,39.6989453673829,2.3759421305571187,1.6546338320992848,0.15116549143676006,0.19699358184517302,0.271796950269833,0.17048698428724493,0.09089204977404611,20.513837645571297,151.80965308263248,130.6225360169343,10.210126736849258,7.40548472324148
3,0.12,0.5,0.0,1.0,300.0,90.0,0.9,50.77481736061284,0.0673,0.1207,0.2988,0.2961,0.1916,18.336370843902472,54.54885382872297,33.60282323463838,2.9792419309744087,2.3308802417562533,0.18233606213025505,0.18562216717082652,0.23006013865383165,0.21377708057007097,0.12803949661917563,33.58999648232676,147.13009132705545,108.54477440766425,13.268542594505707,11.185322393539181
4,0.12,0.5,0.0,1.0,300.0,90.0,0.9,50.77481736061284,0.0938,0.1669,0.2401,0.3428,0.2555,21.341375813191547,51.449780323140665,27.907881302018428,3.6103148903928495,3.027600934324977,0.21221769887541403,0.17507645080923043,0.19106998828773056,0.2590600545671055,0.16631163311188846,46.891461064295804,143.50360170941198,87.28005532298286,16.36952990135388,14.964477727690536
0,0.12,0.5,0.0,1.0,320.0,50.0,0.5,89.89379743803187,0.0145,0.0288,0.4156,0.2031,0.0641,12.027351971331527,57.5323261459651,42.05515945585266,1.698857224801859,0.8015709271152089,0.11959945700140613,0.1957745087573155,0.28792865849286975,0.1219023987436735,0.0440317508269178,7.815045051853341,148.90159330875974,144.61110776142203,6.65786454138277,3.274260777777794
1,0.12,0.5,0.0,1.0,320.0,50.0,0.5,89.89379743803187,0.0251,0.0472,0.3922,0.2218,0.0897,13.256634369031321,56.25064308174096,39.78160612051129,1.947469965853505,1.0246201291547772,0.13182338689193593,0.19141311944647063,0.27236288320329993,0.13974173747678575,0.05628424970645553,12.858001969178176,147.18054018507553,136.17869452192045,7.8301327759260735,4.686017637910923
2,0.12,0.5,0.0,1.0,320.0,50.0,0.5,89.89379743803187,0.0407,0.0745,0.3575,0.2494,0.1275,14.961770274773182,54.64902470013499,36.632382272382685,2.3024247660577988,1.349841787053979,0.148779183057744,0.1859630347222745,0.25080187119864245,0.16521170691199324,0.07414926766022738,20.26349868341638,144.67912922769827,123.75009541106355,9.47854721638634,6.625706953167628
3,0.12,0.5,0.0,1.0,320.0,50.0,0.5,89.89379743803187,0.0673,0.1207,0.2988,0.2961,0.1916,17.964629879843493,51.64642285959816,31.025691527680628,2.8691154026004106,1.9145844545330482,0.17863948639582836,0.17574559802705866,0.21241592841316595,0.20587489327727518,0.10517161087976036,33.171207054972584,140.83585721747394,102.7566517923741,12.314670823367326,9.982935870161128
4,0.12,0.5,0.0,1.0,320.0,50.0,0.5,89.89379743803187,0.0938,0.1669,0.2401,0.3428,0.2555,20.941008593741305,48.92063022719877,25.63372539569215,3.4904456258139356,2.469104359157925,0.20823646492121134,0.16647010459005765,0.17550008752443583,0.25045877208469214,0.1356323991182782,46.36938315483303,137.88423297974984,82.37770076008124,15.28677857876601,13.325235710861335
0,0.12,0.5,0.0,1.0,320.0,90.0,0.9,163.54494133649348,0.0145,0.0288,0.4156,0.2031,0.0641,12.252193010363138,56.425047082195235,40.301675090718504,1.7079669790147545,0.6316201549353735,0.12183526636691816,0.19200659201748438,0.27592351078985616,0.12255607397564997,0.03469604540107813,7.882532092066198,142.64384928624787,138.25948984289533,6.210257491069296,2.9091548688803823
1,0.12,0.5,0.0,1.0,320.0,90.0,0.9,163.54494133649348,0.0251,0.0472,0.3922,0.2218,0.0897,13.58088244249483,55.22198167703324,38.179991232005754,1.9435819994993808,0.7967811603450174,0.1350476954190684,0.18791272767240386,0.2613975026831357,0.1394627543945802,0.043768640215230394,13.019135682066509,141.3378692261333,130.18151434808112,7.33715370684848,4.145299749168957
2,0.12,0.5,0.0,1.0,320.0,90.0,0.9,163.54494133649348,0.0407,0.0745,0.3575,0.2494,0.1275,15.347762363455207,53.74909817164262,35.14637470200202,2.2851071013103286,1.0382109181283505,0.15261747134624232,0.1829007098375431,0.24062799070963603,0.1639690687181912,0.057030816495971325,20.55994998234855,139.79999030038726,118.57133541939848,8.873589145926562,5.820794786721493
3,0.12,0.5,0.0,1.0,320.0,90.0,0.9,163.54494133649348,0.0673,0.1207,0.2988,0.2961,0.1916,18.3646991085309,50.934071689427924,29.79470801118014,2.884652429492048,1.4603310727488281,0.18261775714304154,0.1733215660133182,0.20398805803724004,0.20698976085989765,0.08021864534370776,33.542057365153454,136.8777209775154,98.49810944987266,11.58770501142111,8.797262956837026
4,0.12,0.5,0.0,1.0,320.0,90.0,0.9,163.54494133649348,0.0938,0.1669,0.2401,0.3428,0.2555,21.448352488196004,48.27056615371402,24.668194337999047,3.4981760379713562,1.8574955567010476,0.21328147020869218,0.16425802690829713,0.16888962484228595,0.2510134718979014,0.10203561375300738,46.84795391746526,134.86555826187868,78.9632752558694,14.417701202078739,11.783076233792368
0,0.12,0.5,15.0,0.9659258262890683,270.0,50.0,0.5,3.5027922523960817,0.0145,0.0288,0.4156,0.2031,0.0641,11.84694596777268,62.73267119317691,49.11059317712125,1.7266284534662544,1.1760882812204039,0.11780550766685088,0.21347056009380108,0.3362333514897598,0.1238951379455471,0.06460467114934648,7.573163818641149,167.4905293263007,163.31979284124742,8.89070980154029,4.515453546834592
1,0.12,0.5,15.0,0.9659258262890683,270.0,50.0,0.5,3.5027922523960817,0.0251,0.0472,0.3922,0.2218,0.0897,12.91866945982669,61.33530183821653,46.671503378433584,1.9603728265082956,1.5104046465990877,0.12846267875578513,0.20871550641622472,0.3195342386397181,0.14066758906779148,0.08296927794801502,12.49138435744107,164.8347607148644,154.11051165383384,10.302386959074617,6.436631872248961
2,0.12,0.5,15.0,0.9659258262890683,270.0,50.0,0.5,3.5027922523960817,0.0407,0.0745,0.3575,0.2494,0.1275,14.607422893723026,59.30648511954203,42.875607622713176,2.3102017479531813,1.9760747127888376,0.14525556834483916,0.20181172513247445,0.29354581803057317,0.16576974836138217,0.10854938275023714,19.634921306741706,160.55858012214716,140.22831092511984,12.335177971211992,9.156150481391194
3,0.12,0.5,15.0,0.9659258262890683,270.0,50.0,0.5,3.5027922523960817,0.0673,0.1207,0.2988,0.2961,0.1916,17.515064575699526,55.74799748823229,36.447570167275984,2.8976697125553295,2.7688787129881263,0.17416902885950186,0.1897026863605821,0.24953656386928907,0.20792382289134614,0.15209955031556027,31.852783493481553,153.34795178525334,116.64142675666783,15.747504196209407,13.737011504362872
4,0.12,0.5,15.0,0.9659258262890683,270.0,50.0,0.5,3.5027922523960817,0.0938,0.1669,0.2401,0.3428,0.2555,20.34913017110648,52.181452615829635,30.159245364228816,3.505570038556252,3.5725873661016165,0.20235085201766403,0.17756622991722446,0.20648384576915982,0.2515440323207857,0.1962487303247356,44.270904936448666,146.81933631895834,93.53760632950238,19.310328909128852,18.35847173580671
0,0.12,0.5,15.0,0.9659258262890683,270.0,90.0,0.9,6.307579202674779,0.0145,0.0288,0.4156,0.2031,0.0641,11.923371483891549,62.89163285614482,49.11064306980771,1.7514484580500334,1.1739192177623685,0.11856547962498899,0.2140114845368669,0.3362336930776759,0.1256761105025226,0.06448552054335369,7.60901340021268,165.96771193591346,161.76678385226373,8.572578545507328,4.320164470563903
1,0.12,0.5,15.0,0.9659258262890683,270.0,90.0,0.9,6.307579202674779,0.0251,0.0472,0.3922,0.2218,0.0897,13.046595652462889,61.4729323283351,46.55174869326188,2.002335806763304,1.491533308979761,0.1297347711674827,0.20918384384316327,0.31871434385639374,0.1436786649115049,0.08193264100458782,12.50818358665041,163.25870841416437,152.5268548033233,9.980814221211071,6.173979100670168
2,0.12,0.5,15.0,0.9659258262890683,270.0,90.0,0.9,6.307579202674779,0.0407,0.0745,0.3575,0.2494,0.1275,14.739150434569645,59.50253289050917,42.772219168927265,2.3326473282992977,1.9604914374075821,0.14656546119531355,0.2024788484460127,0.29283797387572036,0.1673803428512779,0.10769336505368206,19.73101652089469,159.23352390467898,138.7739621107077,11.929487241490063,8.756135925257261
3,0.12,0.5,15.0,0.9659258262890683,270.0,90.0,0.9,6.307579202674779,0.0673,0.1207,0.2988,0.2961,0.1916,17.706052700068124,55.93858633671544,36.39138151045874,2.9305020805284254,2.7641088939829865,0.17606820633619397,0.1903512337197093,0.2491518708901342,0.21027972682130833,0.15183753547093554,31.961912119274963,152.36873465630842,115.50956365887741,15.268996261082073,13.176847469399714
4,0.12,0.5,15.0,0.9659258262890683,270.0,90.0,0.9,6.307579202674779,0.0938,0.1669,0.2401,0.3428,0.2555,20.574967369628318,52.39858393502584,30.117220195210194,3.546653069466225,3.542335947186452,0.20459656714916696,0.17830509761472751,0.2061961224387758,0.25449196693381376,0.1945869647906149,44.59669254576618,146.27746453558723,92.6264346700029,18.709577943964707,17.617236669026994
0,0.12,0.5,15.0,0.9659258262890683,285.0,50.0,0.5,10.524269951667252,0.0145,0.0288,0.4156,0.2031,0.0641,11.81352615017541,61.26541690614147,47.51268372713082,1.7272098044307431,1.1332766996932946,0.1174731824761317,0.20847769770652952,0.32529334007898875,0.12393685309149846,0.06225295300870462,7.539749672526453,161.9706998578002,157.82830547276302,8.183723699038923,4.129733001587653
1,0.12,0.5,15.0,0.9659258262890683,285.0,50.0,0.5,10.524269951667252,0.0251,0.0472,0.3922,0.2218,0.0897,12.94903086718519,59.935855481207845,45.06592497082416,1.957000189751291,1.4464244464102793,0.12876459125011724,0.2039533849893857,0.3085417220736261,0.14042558373340094,0.07945472903253893,12.44263261233051,159.5995237448827,148.93119972251853,9.48219085725137,5.891500974297964
2,0.12,0.5,15.0,0.9659258262890683,285.0,50.0,0.5,10.524269951667252,0.0407,0.0745,0.3575,0.2494,0.1275,14.624238053713327,58.12435664839725,41.415816766029934,2.301354990738993,1.892791840645063,0.14542277755340188,0.19778910626357554,0.2835514290309027,0.16513494461815517,0.10397450291074208,19.61906437880496,155.8334653907888,135.52323344991365,11.364601623086394,8.358307515101536
3,0.12,0.5,15.0,0.9659258262890683,285.0,50.0,0.5,10.524269951667252,0.0673,0.1207,0.2988,0.2961,0.1916,17.51995177861088,54.598449623802495,35.21375750086318,2.897368641213248,2.656316839446327,0.17421762698948484,0.18579093476755967,0.24108932385240905,0.20790221935794917,0.1459163216071029,31.813079438080248,149.3764005469863,112.70991534651729,14.637287047767217,12.528700397471688
4,0.12,0.5,15.0,0.9659258262890683,285.0,50.0,0.5,10.524269951667252,0.0938,0.1669,0.2401,0.3428,0.2555,20.353346299921057,51.19612871206881,29.15801674407322,3.488786629318911,3.410680086072151,0.20239277701645625,0.17421330963487386,0.1996289814153891,0.2503397299136972,0.187354868571318,44.26302380498017,143.58145136211974,90.35089096077135,17.922967749918097,16.80632355911004
0,0.12,0.5,15.0,0.9659258262890683,285.0,90.0,0.9,18.966876247123928,0.0145,0.0288,0.4156,0.2031,0.0641,11.95900719524482,61.34786969801724,47.04003516784094,1.7481248970684007,1.1122436069815926,0.11891983956538725,0.2087582730961669,0.32205737409108703,0.12543762662635155,0.061097566921120124,7.602592102596482,159.1241406694351,154.95429515918275,7.72263430621682,3.953712552119835
1,0.12,0.5,15.0,0.9659258262890683,285.0,90.0,0.9,18.966876247123928,0.0251,0.0472,0.3922,0.2218,0.0897,13.071523648246274,60.04372117624797,44.63744429453233,1.9947566504269387,1.4127752143489274,0.12998265405699425,0.20432043695604302,0.30560814940594105,0.14313481853973933,0.07760631543428771,12.519511498866903,156.77999678425266,146.0416955059464,9.020201088563944,5.64616635449054
2,0.12,0.5,15.0,0.9659258262890683,285.0,90.0,0.9,18.966876247123928,0.0407,0.0745,0.3575,0.2494,0.1275,14.82827496199199,58.16550728838548,41.056985054111536,2.329638684597113,1.8494185238623808,0.1474517115611985,0.19792913617142777,0.2810947047008993,0.1671644560310631,0.1015919276294937,19.797839056270316,153.54792131094297,133.06779973682922,10.83271718652921,7.984364482284997
3,0.12,0.5,15.0,0.9659258262890683,285.0,90.0,0.9,18.966876247123928,0.0673,0.1207,0.2988,0.2961,0.1916,17.777401813646716,54.695951606867276,34.85051666789851,2.926572589589374,2.6062746759268953,0.17677769877159216,0.18612272046294323,0.2386024126838724,0.20999776412054766,0.14316741442947173,32.108732575102955,147.64991037954414,110.68268024304237,13.986589783782076,11.99529307870608
4,0.12,0.5,15.0,0.9659258262890683,285.0,90.0,0.9,18.966876247123928,0.0938,0.1669,0.2401,0.3428,0.2555,20.682889541368112,51.333182846086565,28.910695615730937,3.5508790532936727,3.34957792705071,0.2056697404602381,0.17467968580211607,0.19793570901737834,0.25479520463860555,0.18399841569858041,44.63608901799108,142.4386808959741,88.7672555956998,17.17765707878286,16.092642587737014
0,0.12,0.5,15.0,0.9659258262890683,300.0,50.0,0.5,28.115555280876997,0.0145,0.0288,0.4156,0.2031,0.0641,11.845610540803909,59.2501609626062,44.99914778076682,1.7133706249258904,1.0379142277707367,0.11779222824003185,0.2016200618556011,0.30808453520286133,0.12294381544615861,0.057014518754302704,7.564753749282051,154.51732172529233,150.3434983099835,7.366319836350189,3.751783863277179
1,0.12,0.5,15.0,0.9659258262890683,300.0,50.0,0.5,28.115555280876997,0.0251,0.0472,0.3922,0.2218,0.0897,12.936411270738635,58.0312766547554,42.65359262098936,1.9368997451778283,1.324639311668815,0.1286391025402015,0.19747236798353218,0.2920258028305658,0.13898326570128663,0.07276484978921649,12.438411111504617,152.34344310917552,141.6686693161535,8.562103755083324,5.359512985829452
2,0.12,0.5,15.0,0.9659258262890683,300.0,50.0,0.5,28.115555280876997,0.0407,0.0745,0.3575,0.2494,0.1275,14.598745902586561,56.239019664277016,39.31666171038667,2.28169062668515,1.7449465641489323,0.14516928472806293,0.19137356657252094,0.26917966330797477,0.16372391777438264,0.09585309262077191,19.60667570791424,149.358535940808,129.05874664206644,10.349902530339426,7.583927658982975
3,0.12,0.5,15.0,0.9659258262890683,300.0,50.0,0.5,28.115555280876997,0.0673,0.1207,0.2988,0.2961,0.1916,17.499557895043687,52.941531737401704,33.432135579455235,2.8767908451470783,2.4485047373881175,0.1740148311116723,0.18015267351529718,0.2288915337022854,0.20642564871698976,0.13450082437895816,31.786233573745047,143.90491564775067,107.28898972309653,13.38420743193878,11.403651422919477
4,0.12,0.5,15.0,0.9659258262890683,300.0,50.0,0.5,28.115555280876997,0.0938,0.1669,0.2401,0.3428,0.2555,20.387614245655946,49.770298690690026,27.655540785814804,3.4612592155536657,3.15088442453724,0.2027335359559315,0.16936140826556964,0.18934235088832468,0.24836448577887332,0.17308381974998854,44.314508777756394,139.19519770784626,85.99034325052133,16.502880013396613,15.25095253697739
0,0.12,0.5,15.0,0.9659258262890683,300.0,90.0,0.9,50.77481736061284,0.0145,0.0288,0.4156,0.2031,0.0641,11.967690642037086,58.937553190877225,44.157789799990596,1.7203234697643661,0.9616496100806153,0.11900618737691976,0.2005563010615618,0.30232421761397027,0.12344272050511765,0.052825164413412395,7.646409841422047,150.42323284532472,146.20809288006222,6.8760941721460505,3.5031709994763496
1,0.12,0.5,15.0,0.9659258262890683,300.0,90.0,0.9,50.77481736061284,0.0251,0.0472,0.3922,0.2218,0.0897,13.15284910912792,57.989131066272584,41.867671599625,1.9772380609241962,1.224266221894382,0.1307913508495233,0.19732895240425283,0.28664503176012596,0.14187776288384737,0.06725117317100193,12.544052039680633,148.80116505451588,138.0269112279155,8.0912895026323,4.97710416367684
2,0.12,0.5,15.0,0.9659258262890683,300.0,90.0,0.9,50.77481736061284,0.0407,0.0745,0.3575,0.2494,0.1275,14.9193096201918,56.05109286177069,38.50364141024379,2.3108806259496677,1.6139654495921976,0.14835695618320321,0.19073407778582271,0.26361335830814836,0.16581846161109956,0.08865806145871331,19.788533666587988,145.88085912354535,125.39242683626762,9.798468957853263,7.075220396369081
3,0.12,0.5,15.0,0.9659258262890683,300.0,90.0,0.9,50.77481736061284,0.0673,0.1207,0.2988,0.2961,0.1916,17.87439654835446,52.88055156698643,32.65132208546572,2.8955142505027878,2.269795823826288,0.17774221013125743,0.1799451664717492,0.2235457310762477,0.2077691565716756,0.12468401829690239,32.242794087697135,141.27391736278446,104.22366518930852,12.704595427899548,10.665558018017647
4,0.12,0.5,15.0,0.9659258262890683,300.0,90.0,0.9,50.77481736061284,0.0938,0.1669,0.2401,0.3428,0.2555,20.7461076869809,49.80917804054542,27.09865440605672,3.5088967168423206,2.935351185967047,0.20629837890916244,0.16949370928881408,0.18552965465006607,0.25178273988078537,0.16124418643170413,44.741396410395424,137.49628633283095,83.84431074549411,15.697312433676974,14.286728454479602
0,0.12,0.5,15.0,0.9659258262890683,320.0,50.0,0.5,89.89379743803187,0.0145,0.0288,0.4156,0.2031,0.0641,11.824076580173806,55.70299360821898,40.672676138353786,1.6729965703969962,0.7980004009831907,0.1175780954862396,0.1895495444125332,0.2784635519007979,0.12004675380835435,0.04383561532393513,7.5670658878547705,142.6081747447861,138.43069348328498,6.391144074724696,3.135566193069962
1,0.12,0.5,15.0,0.9659258262890683,320.0,50.0,0.5,89.89379743803187,0.0251,0.0472,0.3922,0.2218,0.0897,12.949021266121669,54.4975015210491,38.61420738090171,1.8957731189826998,1.01303202896929,0.12876449577756546,0.18544742240589387,0.2643703429925107,0.13603220288551338,0.05564769425931492,12.406079279446606,141.26775607982825,130.62082224630234,7.494389658575114,4.456335301284948
2,0.12,0.5,15.0,0.9659258262890683,320.0,50.0,0.5,89.89379743803187,0.0407,0.0745,0.3575,0.2494,0.1275,14.621664553070033,52.944710198228464,35.47880621774697,2.2406335050841313,1.318204096613698,0.14539718677662372,0.18016348937567772,0.2429039673462167,0.16077784229752282,0.07241135170658977,19.570603566837022,139.13655956471476,118.88662342085193,9.115032434571273,6.317661491292883
3,0.12,0.5,15.0,0.9659258262890683,320.0,50.0,0.5,89.89379743803187,0.0673,0.1207,0.2988,0.2961,0.1916,17.483732565314796,50.10317891755766,30.181346698786047,2.7946215838724453,1.8438745748407697,0.17385746473152852,0.17049415340653082,0.20663516151001785,0.20052954991237026,0.1012873884132384,31.774750463498165,135.22377027974304,98.72996610371801,11.81324742255271,9.483546490720174
4,0.12,0.5,15.0,0.9659258262890683,320.0,50.0,0.5,89.89379743803187,0.0938,0.1669,0.2401,0.3428,0.2555,20.32252190655891,47.24474938315055,24.99431441043893,3.3940942570260875,2.3865981945317696,0.20208626060974447,0.16076731502881295,0.17112239048103672,0.24354502865410754,0.13110018523724584,44.24995681790077,132.1693751540378,79.19486421938427,14.668614065975248,12.768737297090563
0,0.12,0.5,15.0,0.9659258262890683,320.0,90.0,0.9,163.54494133649348,0.0145,0.0288,0.4156,0.2031,0.0641,12.052140871416732,54.772827145595905,39.04418100857564,1.6669706662830859,0.6129381743622673,0.119845956729436,0.18638431723537108,0.267314137081163,0.11961436187137406,0.03366981018505202,7.651691455899574,136.84913474367377,132.52454215957664,5.961862471720739,2.7644810136247315
1,0.12,0.5,15.0,0.9659258262890683,320.0,90.0,0.9,163.54494133649348,0.0251,0.0472,0.3922,0.2218,0.0897,13.20449250971614,53.72263470621185,37.019395333047676,1.918102719914968,0.7668812290073732,0.13130489054494252,0.18281065834316096,0.253451537798848,0.13763447521122332,0.04212618253386307,12.560030384846293,135.6744383921453,124.84535351846141,7.040408974217311,3.9429273229200223
2,0.12,0.5,15.0,0.9659258262890683,320.0,90.0,0.9,163.54494133649348,0.0407,0.0745,0.3575,0.2494,0.1275,14.936536935218808,52.170531202786,33.9898042031963,2.2407531495276776,1.005981443514967,0.14852826384325452,0.17752906586673692,0.23270958553694523,0.16078642744785313,0.05526039275996299,19.84615345535289,133.99143330649898,113.49559536341368,8.525151556381267,5.579235095554979
3,0.12,0.5,15.0,0.9659258262890683,320.0,90.0,0.9,163.54494133649348,0.0673,0.1207,0.2988,0.2961,0.1916,17.947190625066014,49.365087138465924,29.018166968349114,2.808973572625007,1.3926913679072221,0.1784660712162554,0.16798252967863064,0.1986715065458183,0.2015593844565201,0.07650307317305717,32.31858910203312,131.4693447111786,94.46306565640995,11.124851435834657,8.397309980852757
4,0.12,0.5,15.0,0.9659258262890683,320.0,90.0,0.9,163.54494133649348,0.0938,0.1669,0.2401,0.3428,0.2555,20.900097954922543,46.83614409966659,23.9671952660643,3.3861401748044195,1.7807336471917767,0.2078296513349816,0.1593768880461326,0.16409026787875342,0.2429742792771322,0.09781894226683605,44.76514104844637,129.25954881991487,75.76785372415665,13.821159618334157,11.246370034196698
0,0.12,0.5,30.0,0.8660254037844387,270.0,50.0,0.5,3.5027922523960817,0.0145,0.0288,0.4156,0.2031,0.0641,11.514166852241964,57.36076554590904,44.62459586456127,1.608446171880975,1.1547875108427161,0.11449636683404331,0.1951907118826181,0.3055201832383371,0.11541490582013933,0.06343458104008166,6.489228433034031,147.6468974678618,144.29010348180913,7.778171557248832,3.996222986955344
1,0.12,0.5,30.0,0.8660254037844387,270.0,50.0,0.5,3.5027922523960817,0.0251,0.0472,0.3922,0.2218,0.0897,12.52880729604524,56.11090075716368,42.223669669729105,1.820027016461643,1.442325881245544,0.12458590661136,0.19093759574041863,0.28908235569558094,0.13059700123466364,0.07922958738383792,10.745719810901502,144.96947730615528,135.85547832139957,8.969084425373014,5.616782721182229
2,0.12,0.5,30.0,0.8660254037844387,270.0,50.0,0.5,3.5027922523960817,0.0407,0.0745,0.3575,0.2494,0.1275,14.061384454512623,54.25298057388267,38.83044267772312,2.1148396275169854,1.8322733607411537,0.1398257862126522,0.18461535161162546,0.2658507877164917,0.1517514360764282,0.10065011259491197,17.04668484501799,141.01092838879654,123.42637279791214,10.735098770374709,7.922172410348461
3,0.12,0.5,30.0,0.8660254037844387,270.0,50.0,0.5,3.5027922523960817,0.0673,0.1207,0.2988,0.2961,0.1916,16.599770192664383,51.121840869676795,33.30635284287424,2.659834695289959,2.531351381778839,0.16506738192438508,0.17396051843338411,0.22803036815033104,0.19085784542918882,0.1390517414335312,27.81298031469415,134.94095378024704,102.95301094157918,13.792825798363058,11.887275602211705
4,0.12,0.5,30.0,0.8660254037844387,270.0,50.0,0.5,3.5027922523960817,0.0938,0.1669,0.2401,0.3428,0.2555,19.119082031604606,48.01842925372717,27.581296408644082,3.2004153726620217,3.2302020793046773,0.19011930762446147,0.16340004008521472,0.18883404027445472,0.22964749786382477,0.1774408829776489,38.682037021625995,128.73247912928122,82.20356137368923,16.998246265852302,15.965388733801756
0,0.12,0.5,30.0,0.8660254037844387,270.0,90.0,0.9,6.307579202674779,0.0145,0.0288,0.4156,0.2031,0.0641,11.632203528043645,57.66665268788522,44.44206092100526,1.6295738616174944,1.14741758266362,0.11567011832695562,0.19623160330779066,0.30427046638774885,0.11693093437227042,0.06302973746327913,6.586829220451108,146.25364635197528,142.793907325066,7.48906309176499,3.8222593944180407
1,0.12,0.5,30.0,0.8660254037844387,270.0,90.0,0.9,6.307579202674779,0.0251,0.0472,0.3922,0.2218,0.0897,12.6301255726776,56.372554776362605,42.15946889146157,1.8371674798693056,1.4260022434690938,0.12559341108104144,0.19182796799727964,0.28864280810617815,0.13182692425260056,0.07833290023258573,10.82736344786688,143.68294705060592,134.48397757511916,8.669570157533897,5.371219012095445
2,0.12,0.5,30.0,0.8660254037844387,270.0,90.0,0.9,6.307579202674779,0.0407,0.0745,0.3575,0.2494,0.1275,14.151576440954862,54.44238674107137,38.75082418224771,2.1382878587331966,1.8251606241867595,0.1407226513439032,0.1852598744707029,0.2653056834560378,0.15343397630984057,0.10025939702244512,17.128015665345988,139.78359543504877,122.07873998068472,10.4156199299697,7.590786105523707
3,0.12,0.5,30.0,0.8660254037844387,270.0,90.0,0.9,6.307579202674779,0.0673,0.1207,0.2988,0.2961,0.1916,16.725427937229618,51.343721046137695,33.14526112494464,2.698957983572324,2.5144588503544405,0.16631691698861584,0.17471554583205753,0.22692746132895822,0.19366515767340453,0.13812380391814263,28.038270820286026,134.0333045265431,101.80563354103626,13.38457500383409,11.42500250817998
4,0.12,0.5,30.0,0.8660254037844387,270.0,90.0,0.9,6.307579202674779,0.0938,0.1669,0.2401,0.3428,0.2555,19.355668539807297,48.23270955536178,27.46890930622988,3.2343387388421365,3.21409920243292,0.19247191341685418,0.16412920616625326,0.18806458729772801,0.23208168694719422,0.1765563226249356,38.93908794071514,128.1161738804078,81.31961964008966,16.470584739261803,15.332168325121126
0,0.12,0.5,30.0,0.8660254037844387,285.0,50.0,0.5,10.524269951667252,0.0145,0.0288,0.4156,0.2031,0.0641,11.5370813902609,56.12764056741036,43.069604680869375,1.5953607342355849,1.1164559086183294,0.11472422798843834,0.19099455898781836,0.2948740097062013,0.11447595332060255,0.06132895632136212,6.518304449889506,142.61460320685907,139.21148010108374,7.088256715484319,3.6425567423709473
1,0.12,0.5,30.0,0.8660254037844387,285.0,50.0,0.5,10.524269951667252,0.0251,0.0472,0.3922,0.2218,0.0897,12.539267999928484,54.99612777392831,40.84847333815515,1.8112930988944196,1.3850749144031997,0.12468992738894018,0.18714417823431737,0.2796671391077076,0.12997029435998897,0.07608468751119082,10.732389511889231,140.23180675239422,131.12132449610863,8.251946111095336,5.11244429451424
2,0.12,0.5,30.0,0.8660254037844387,285.0,50.0,0.5,10.524269951667252,0.0407,0.0745,0.3575,0.2494,0.1275,14.021119167180698,53.17435066484481,37.540740948023426,2.1109698308803,1.7530557352894505,0.13942538997311563,0.18094492396305306,0.25702090587338083,0.15147375677190797,0.09629854415973572,17.053833613523487,136.74760780228615,119.13076194703314,9.892556933630281,7.209226497239836
3,0.12,0.5,30.0,0.8660254037844387,285.0,50.0,0.5,10.524269951667252,0.0673,0.1207,0.2988,0.2961,0.1916,16.557125235868035,50.11382048352983,32.14756319528546,2.652574529484272,2.422447072928775,0.16464332235675552,0.17053036517633346,0.22009676968054256,0.19033688839167598,0.13306942941465416,27.846170819725394,131.27544495204776,99.24207561324208,12.746178607603579,10.876382643699774
4,0.12,0.5,30.0,0.8660254037844387,285.0,50.0,0.5,10.524269951667252,0.0938,0.1669,0.2401,0.3428,0.2555,19.160432043926782,47.07401182499523,26.600882286873926,3.1972155506351188,3.0971376115206026,0.19053049032141103,0.1601863188512992,0.18212168139860552,0.22941789294179973,0.1701314094286629,38.67866189476365,125.69758708913504,79.19580108049048,15.739830699238873,14.624363221475932
0,0.12,0.5,30.0,0.8660254037844387,285.0,90.0,0.9,18.966876247123928,0.0145,0.0288,0.4156,0.2031,0.0641,11.69649556742896,56.26613917730267,42.73012348046601,1.6215098124244154,1.0829679086572326,0.11630943552814212,0.19146585050567644,0.2925497677373105,0.11635229425709655,0.059489399496009704,6.622269917604317,140.1313800862669,136.62242650826335,6.7182539555820355,3.4797632055681635
1,0.12,0.5,30.0,0.8660254037844387,285.0,90.0,0.9,18.966876247123928,0.0251,0.0472,0.3922,0.2218,0.0897,12.731208909938054,55.051233659796246,40.40066017545083,1.831000487501182,1.3426797293825392,0.1265985793239811,0.187331695904089,0.27660120748692135,0.13138440845331326,0.07375584278897887,10.888280073751378,137.8236417159231,128.56878455461657,7.790797222865064,4.88893087837535
2,0.12,0.5,30.0,0.8660254037844387,285.0,90.0,0.9,18.966876247123928,0.0407,0.0745,0.3575,0.2494,0.1275,14.224341953400291,53.24283154904378,37.08741609928718,2.1431755155847174,1.7065799533272608,0.14144622838709991,0.18117795489299157,0.25391723875507805,0.15378469271245399,0.09374554481604674,17.16556063728746,134.30879251289275,116.57432349263863,9.459800826455329,6.927217001000711
3,0.12,0.5,30.0,0.8660254037844387,285.0,90.0,0.9,18.966876247123928,0.0673,0.1207,0.2988,0.2961,0.1916,16.822873739715337,50.279352497066874,31.80472769666489,2.7039717641518033,2.360851050053813,0.16728591374635088,0.17109364760909318,0.21774956266768658,0.19402492415082834,0.12968584770103042,28.15358203206486,129.6530339643578,97.32079010828416,12.220305742788264,10.404798130181195
4,0.12,0.5,30.0,0.8660254037844387,285.0,90.0,0.9,18.966876247123928,0.0938,0.1669,0.2401,0.3428,0.2555,19.44816075076782,47.33472370117768,26.306334495949233,3.2286058595917995,3.015630428533059,0.19339165187916124,0.16107348512643505,0.180105073890744,0.23167032116428954,0.1656540714283593,39.05647206037881,124.57786154392343,77.660774734867,15.055243134808187,13.974881055921308
0,0.12,0.5,30.0,0.8660254037844387,300.0,50.0,0.5,28.115555280876997,0.0145,0.0288,0.4156,0.2031,0.0641,11.560725020115282,54.24559474937861,40.74876244548941,1.5782789942309252,1.0096466284177021,0.11495933919985599,0.18459021867748368,0.2789844732009831,0.11325024403150873,0.055461728041611265,6.5174496982773125,135.66133393308957,132.23113012122857,6.3448128525074745,3.2799430866841037
1,0.12,0.5,30.0,0.8660254037844387,300.0,50.0,0.5,28.115555280876997,0.0251,0.0472,0.3922,0.2218,0.0897,12.546643190207249,53.21123435371015,38.665192401354695,1.7960004279952608,1.2553750726403199,0.12476326595546129,0.18107043402934953,0.2647194095216168,0.12887296067085424,0.06896003899711994,10.75920250386842,133.73172017169122,124.59710463443672,7.406337483733762,4.6318549422878235
2,0.12,0.5,30.0,0.8660254037844387,300.0,50.0,0.5,28.115555280876997,0.0407,0.0745,0.3575,0.2494,0.1275,14.031003133107017,51.491182817634716,35.50406402454885,2.095511522433951,1.6117947349665787,0.13952367569391486,0.17521733774295767,0.2430768937248831,0.15036453767296376,0.08853882015107808,17.059786121999874,130.78024335935078,113.2052158681764,8.996986025854678,6.567387092921361
3,0.12,0.5,30.0,0.8660254037844387,300.0,50.0,0.5,28.115555280876997,0.0673,0.1207,0.2988,0.2961,0.1916,16.56648438645548,48.63609296823946,30.44825261275573,2.631733752303812,2.2224786374959637,0.16473638933699528,0.16550186384911172,0.20846252021576184,0.18884144740176184,0.12208479907892765,27.865935304644243,126.31886648369195,94.30256356790005,11.68987206931098,9.829250290571615
4,0.12,0.5,30.0,0.8660254037844387,300.0,50.0,0.5,28.115555280876997,0.0938,0.1669,0.2401,0.3428,0.2555,19.169519680124186,45.8646382002772,25.23294334749934,3.1699153663423902,2.838634329886867,0.19062085737454346,0.15607098851192558,0.17275615220288942,0.227458953777965,0.15593135338895422,38.695820677984756,121.6800149441291,75.2029921780468,14.463359772872575,13.268170304665865
0,0.12,0.5,30.0,0.8660254037844387,300.0,90.0,0.9,50.77481736061284,0.0145,0.0288,0.4156,0.2031,0.0641,11.763827049988407,54.205042801954484,39.83052081694098,1.609385383982886,0.9405567464382397,0.11697897681806232,0.18445222603720754,0.27269777535698136,0.11548229948129021,0.0516664949997527,6.61926856722029,132.08979551376896,128.5709229679933,5.980081881422793,3.0697934277697425
1,0.12,0.5,30.0,0.8660254037844387,300.0,90.0,0.9,50.77481736061284,0.0251,0.0472,0.3922,0.2218,0.0897,12.802682708147188,53.13533977064172,37.80890662894765,1.8172757258321284,1.1659274306209828,0.12730931161784065,0.18081217531267837,0.2588568895139468,0.1303995809203003,0.06404651712123895,10.919560430631144,130.38093801205224,121.10836575191587,7.008402025159213,4.319859119792989
2,0.12,0.5,30.0,0.8660254037844387,300.0,90.0,0.9,50.77481736061284,0.0407,0.0745,0.3575,0.2494,0.1275,14.279470900532793,51.432449597684155,34.71679471820616,2.127978087310252,1.5128535950658686,0.14199442820347033,0.17501747675951013,0.23768689168516147,0.1526941932082309,0.08310380314725764,17.30003355798265,127.72772033912597,109.88841644218184,8.534242625507403,6.125592717840956
3,0.12,0.5,30.0,0.8660254037844387,300.0,90.0,0.9,50.77481736061284,0.0673,0.1207,0.2988,0.2961,0.1916,16.907121477996725,48.65641718917087,29.686209953987476,2.6736802460225033,2.072473333046391,0.1681236695363259,0.16557102434783075,0.20324523122453086,0.19185134024534162,0.11384473451968721,28.259933484283355,123.83989208531136,91.43126788362028,11.12068170353776,9.217365862297406
4,0.12,0.5,30.0,0.8660254037844387,300.0,90.0,0.9,50.77481736061284,0.0938,0.1669,0.2401,0.3428,0.2555,19.541317007100947,45.9812102018276,24.67742707346435,3.204495723353089,2.6308021313515724,0.19431799357933618,0.156467666829442,0.1689528363286087,0.22994028558588572,0.14451475222472399,39.13086500244171,120.09023336437713,73.150098979217,13.771054818765528,12.371577696308034
0,0.12,0.5,30.0,0.8660254037844387,320.0,50.0,0.5,89.89379743803187,0.0145,0.0288,0.4156,0.2031,0.0641,11.587981677790495,50.945757598476675,36.807084836097125,1.5466933811020338,0.7705619897647893,0.11523037820041064,0.17336133153744454,0.2519979640313986,0.11098380165483955,0.04232837342557533,6.537543604231954,124.82648499509305,121.33981675448854,5.50852399411063,2.729602938040796
1,0.12,0.5,30.0,0.8660254037844387,320.0,50.0,0.5,89.89379743803187,0.0251,0.0472,0.3922,0.2218,0.0897,12.584343390265506,50.04535470378342,34.858999407281296,1.7552020137198507,0.9514661525295477,0.1251381550803958,0.17029738564474747,0.23866048935751796,0.12594544887498177,0.05226576854427971,10.782333385677754,123.5446448310331,114.38252510279025,6.475115972539509,3.8269997489152825
2,0.12,0.5,30.0,0.8660254037844387,320.0,50.0,0.5,89.89379743803187,0.0407,0.0745,0.3575,0.2494,0.1275,14.057519964045676,48.564380502467664,32.08325343800435,2.0550021679869728,1.2100957670319497,0.1397873578900642,0.1652578362962777,0.21965647597148197,0.1474577675179731,0.06647276427853842,17.074829078872483,121.49061242664956,103.94164789196661,7.917097546115925,5.4209634050227695
3,0.12,0.5,30.0,0.8660254037844387,320.0,50.0,0.5,89.89379743803187,0.0673,0.1207,0.2988,0.2961,0.1916,16.55794961068346,45.91147589269266,27.42755857511149,2.566012594259399,1.6666172986007335,0.16465151990352433,0.15623037066867515,0.1877814814745028,0.18412559094433625,0.0915503234129535,27.858635243694824,118.24140356182443,86.32696725761397,10.322297724818084,8.157274255923458
4,0.12,0.5,30.0,0.8660254037844387,320.0,50.0,0.5,89.89379743803187,0.0938,0.1669,0.2401,0.3428,0.2555,19.155595582275446,43.515878204564274,22.677334311097276,3.0960723964728922,2.127772440524066,0.19048239676027748,0.14807848472921906,0.15525929590738682,0.22216031241715348,0.11688241520275665,38.71082635450319,115.14530497420284,68.84698881671531,12.809911839886546,10.9761677201789
0,0.12,0.5,30.0,0.8660254037844387,320.0,90.0,0.9,163.54494133649348,0.0145,0.0288,0.4156,0.2031,0.0641,11.809632670709213,50.250405616328266,35.31384196754063,1.5570071463575688,0.5993088915679846,0.117434465888215,0.17099514539761856,0.24177454741592125,0.11172387133601921,0.03292112885986069,6.660509478164154,119.79856437051225,116.17943477840252,5.157009257665661,2.413296641469855
1,0.12,0.5,30.0,0.8660254037844387,320.0,90.0,0.9,163.54494133649348,0.0251,0.0472,0.3922,0.2218,0.0897,12.839744503099535,49.3601940293231,33.479934412302164,1.7495604400282634,0.7228062171106714,0.12767785247058727,0.16796587910837033,0.22921878614876795,0.12554063477073948,0.039705061862092404,10.940504571309084,118.6736865305485,109.39725707729448,6.071806463762073,3.3849498655583456
2,0.12,0.5,30.0,0.8660254037844387,320.0,90.0,0.9,163.54494133649348,0.0407,0.0745,0.3575,0.2494,0.1275,14.41548745896658,47.860266074012415,30.720163118473316,2.0492233935347017,0.9176167163853322,0.14334697085547354,0.16286183276966848,0.21032414262201066,0.14704310850057822,0.05040635737115024,17.34525223465211,117.13570580668323,99.31242890806212,7.431066022892896,4.787464633725465
3,0.12,0.5,30.0,0.8660254037844387,320.0,90.0,0.9,163.54494133649348,0.0673,0.1207,0.2988,0.2961,0.1916,17.008861516937817,45.405132152307054,26.17968785618106,2.5712305264936655,1.2391345757383698,0.16913536799178477,0.1545073533030148,0.17923799366651233,0.18450000643173142,0.06806791892551808,28.313630925923235,114.71512834076319,82.37798135610217,9.74037922265088,7.2053961929037245
4,0.12,0.5,30.0,0.8660254037844387,320.0,90.0,0.9,163.54494133649348,0.0938,0.1669,0.2401,0.3428,0.2555,19.678916922015777,43.080284888717436,21.835023980943035,3.1203589410237935,1.5710056706286142,0.1956862810582825,0.14659622122380253,0.1494924581035595,0.22390300626730633,0.08629820256299255,39.25713766412875,112.6722831033361,65.90012339290062,12.120645498300188,9.652332757244247
0,0.12,0.5,45.0,0.7071067811865476,270.0,50.0,0.5,3.5027922523960817,0.0145,0.0288,0.4156,0.2031,0.0641,11.638007291991102,48.938961039373524,37.15676539040181,1.45229311080606,1.0934296177474288,0.11572783069941588,0.1665324817958659,0.2543920353939786,0.10421006032853562,0.06006408022893131,5.129978288024028,115.6207729798775,112.99558298189234,5.987297728699533,2.9867353301483277
1,0.12,0.5,45.0,0.7071067811865476,270.0,50.0,0.5,3.5027922523960817,0.0251,0.0472,0.3922,0.2218,0.0897,12.376257772091213,47.98687987567357,35.46668072426751,1.6245292687793165,1.320901043676044,0.12306896088014557,0.16329268193712992,0.24282095072908152,0.11656895694492612,0.07255949992033547,8.269192533419849,113.56946933976299,106.71445894751199,6.957069320496746,4.270881230008822
2,0.12,0.5,45.0,0.7071067811865476,270.0,50.0,0.5,3.5027922523960817,0.0407,0.0745,0.3575,0.2494,0.1275,13.453719508604452,46.453264759271796,32.85245693184071,1.8660719355555928,1.6353192477529763,0.1337831928186418,0.1580740028718231,0.2249227912810417,0.13390097875882875,0.08983106448067617,13.202928821677668,110.41009296407375,96.91834397351408,8.368835983096245,6.056698866674536
3,0.12,0.5,45.0,0.7071067811865476,270.0,50.0,0.5,3.5027922523960817,0.0673,0.1207,0.2988,0.2961,0.1916,15.446163932091391,43.92119284920188,28.241851963841036,2.278767854192263,2.1702960960224784,0.153595972200381,0.14945771412531114,0.19335650261507492,0.16351419268821094,0.11921831704227868,21.625333175147553,105.0040857507382,80.14801643580861,10.744390537861435,9.118609654626058
4,0.12,0.5,45.0,0.7071067811865476,270.0,50.0,0.5,3.5027922523960817,0.0938,0.1669,0.2401,0.3428,0.2555,17.282724785338953,41.422450690345016,23.725376755570316,2.713549519547051,2.74617019963515,0.17185865224184071,0.1409548418892699,0.16243466889336927,0.19471218105518476,0.15085213032091735,29.959213744472162,100.39616228032128,64.41141222303276,13.189089879179985,12.276276548647154
0,0.12,0.5,45.0,0.7071067811865476,270.0,90.0,0.9,6.307579202674779,0.0145,0.0288,0.4156,0.2031,0.0641,11.72477028078983,49.163773551266914,37.072148064337576,1.458207438080628,1.086581895015536,0.1165905980294883,0.16729748752441514,0.25381270687652274,0.10463444601039247,0.059687922348370864,5.202703735656384,114.3653465070145,111.67551394080303,5.757599851501464,2.876860494369078
1,0.12,0.5,45.0,0.7071067811865476,270.0,90.0,0.9,6.307579202674779,0.0251,0.0472,0.3922,0.2218,0.0897,12.486697386449524,48.2243433727672,35.409077699047465,1.6421295897275454,1.310643498986948,0.12416716752947143,0.16410073720980134,0.24242657434360737,0.11783187728391922,0.07199603430978528,8.344703842920032,112.39850659381977,105.46317050919413,6.709212311888817,4.1090231263781565
2,0.12,0.5,45.0,0.7071067811865476,270.0,90.0,0.9,6.307579202674779,0.0407,0.0745,0.3575,0.2494,0.1275,13.580716212898988,46.739754383059726,32.74755124362274,1.869702464439945,1.6236101405978853,0.1350460424393063,0.1590488872388979,0.2242045594524695,0.1341614892792242,0.08918786190032042,13.298573707678916,109.22158136319246,95.6130808305818,8.04172256646914,5.816205600651198
3,0.12,0.5,45.0,0.7071067811865476,270.0,90.0,0.9,6.307579202674779,0.0673,0.1207,0.2988,0.2961,0.1916,15.590317232281484,44.141326139065775,28.098649482164458,2.2986761943052363,2.150723367868047,0.15502942625317587,0.15020679711171597,0.19237607360290412,0.16494272616315284,0.11814315143940364,21.853524150496703,104.24282344202598,79.1410962123002,10.360103949506506,8.739431900065696
4,0.12,0.5,45.0,0.7071067811865476,270.0,90.0,0.9,6.307579202674779,0.0938,0.1669,0.2401,0.3428,0.2555,17.453964084118443,41.62063096392893,23.62322759273679,2.739789096246118,2.725417904275869,0.1735614482687754,0.14162922181279056,0.1617353094853589,0.19659501576014823,0.1497121689432823,30.2415065891663,99.84789822170339,63.54633128678139,12.801910203249925,11.760556941536235
0,0.12,0.5,45.0,0.7071067811865476,285.0,50.0,0.5,10.524269951667252,0.0145,0.0288,0.4156,0.2031,0.0641,11.650031944884315,47.87542767639623,35.83938069544949,1.4468229851392118,1.0467299713642202,0.11584740331690364,0.16291342559508515,0.24537262343966554,0.10381754856799265,0.0574987836048996,5.1459139905119695,111.2426695173851,108.59227258775945,5.430763671056173,2.72226092326416
1,0.12,0.5,45.0,0.7071067811865476,285.0,50.0,0.5,10.524269951667252,0.0251,0.0472,0.3922,0.2218,0.0897,12.416376408994171,46.947470319106365,34.15472986422275,1.6157131435715912,1.2596849554600293,0.12346789883429105,0.15975571569630156,0.23383874126824725,0.1159363512175251,0.06919678870945499,8.28677430451949,109.34678718595922,102.4686796247938,6.35428364833002,3.9068652446625314
2,0.12,0.5,45.0,0.7071067811865476,285.0,50.0,0.5,10.524269951667252,0.0407,0.0745,0.3575,0.2494,0.1275,13.468231038395988,45.51514035275425,31.653665091718,1.8536272045918527,1.5698766137334008,0.1339274948302121,0.1548816959177595,0.21671531969361213,0.1330080005061233,0.08623618141152892,13.196830803525971,106.53498616793271,93.02169218153273,7.656167196762873,5.5391451544822665
3,0.12,0.5,45.0,0.7071067811865476,285.0,50.0,0.5,10.524269951667252,0.0673,0.1207,0.2988,0.2961,0.1916,15.449996203602678,43.11767349938543,27.16967964668418,2.264284286009407,2.067563183303382,0.15363408013909638,0.1467234494688082,0.18601592559797356,0.1624749165924439,0.11357501105206456,21.623684691124275,101.86091685027515,77.00979561586271,9.904478770382193,8.324306684331093
4,0.12,0.5,45.0,0.7071067811865476,285.0,50.0,0.5,10.524269951667252,0.0938,0.1669,0.2401,0.3428,0.2555,17.26374037276138,40.675425869590455,22.812019719352644,2.7003001519228302,2.6286896121910495,0.17166987208132153,0.1384128202623032,0.1561814131795432,0.19376146567330935,0.14439870769997057,29.99592742117735,97.76022946952952,61.76032954297299,12.178696365392835,11.199978828705724
0,0.12,0.5,45.0,0.7071067811865476,285.0,90.0,0.9,18.966876247123928,0.0145,0.0288,0.4156,0.2031,0.0641,11.784299673086029,47.97211792469323,35.46304600643695,1.4637468526657753,1.0156478853891393,0.1171825556782891,0.16324244906988683,0.24279606580550744,0.10503192963391705,0.055791388016388076,5.2135066952095155,108.9474264858851,106.23314647601782,5.151790782449528,2.612279507127069
1,0.12,0.5,45.0,0.7071067811865476,285.0,90.0,0.9,18.966876247123928,0.0251,0.0472,0.3922,0.2218,0.0897,12.55967221818986,47.01601010217906,33.77666617081469,1.6335275258371906,1.2250721939822082,0.12489282603449536,0.1599889470509203,0.23125034608733935,0.11721463163956974,0.06729544668560199,8.378801809909572,107.24549919508945,100.27969187748046,6.0219213458386935,3.730493563464415
2,0.12,0.5,45.0,0.7071067811865476,285.0,90.0,0.9,18.966876247123928,0.0407,0.0745,0.3575,0.2494,0.1275,13.666531899651421,45.69676916530212,31.31517103805526,1.87301798529235,1.523828126919278,0.13589938983965327,0.15549975352006326,0.21439783617815342,0.13439939623166985,0.08370665416850225,13.38002578615408,104.58301811340394,90.89814539964985,7.275062325396311,5.283672863354642
3,0.12,0.5,45.0,0.7071067811865476,285.0,90.0,0.9,18.966876247123928,0.0673,0.1207,0.2988,0.2961,0.1916,15.676402203668534,43.2864776226897,26.82631567054607,2.3021941893971647,2.0183367258089673,0.1558854514080407,0.14729786643627546,0.1836651003888097,0.16519516176175034,0.11087091209193049,21.91498171763393,100.46987782536975,75.25666658670657,9.427319441487636,7.93927385459174
4,0.12,0.5,45.0,0.7071067811865476,285.0,90.0,0.9,18.966876247123928,0.0938,0.1669,0.2401,0.3428,0.2555,17.62770119704858,40.84624370755456,22.513973965574113,2.7283061368752506,2.5392336861372895,0.1752890824493469,0.13899408962084717,0.15414085703458236,0.19577104993680003,0.13948473076699205,30.402889503677613,96.77264675793145,60.28908713676449,11.673429142141256,10.674076377726216
0,0.12,0.5,45.0,0.7071067811865476,300.0,50.0,0.5,28.115555280876997,0.0145,0.0288,0.4156,0.2031,0.0641,11.665831002063602,46.25840752477564,33.81705311131906,1.4314005384773063,0.9663163793547644,0.11600450844397407,0.1574109307884085,0.23152685336374765,0.10271090275035961,0.05308151854864229,5.1548246874877846,105.25006261109166,102.57382953620017,4.8773277915032605,2.4487511804932103
1,0.12,0.5,45.0,0.7071067811865476,300.0,50.0,0.5,28.115555280876997,0.0251,0.0472,0.3922,0.2218,0.0897,12.404632795751844,45.39315242807718,32.24733644381288,1.6052341490334385,1.1643101082173704,0.12335112086268393,0.154466587966668,0.22077986250372236,0.11518442542177633,0.0639576746561823,8.309937693340352,103.75362401074017,96.81298112351931,5.735352675457888,3.52926293079899
2,0.12,0.5,45.0,0.7071067811865476,300.0,50.0,0.5,28.115555280876997,0.0407,0.0745,0.3575,0.2494,0.1275,13.486324195002183,44.11637831975486,29.839742547128623,1.8407373593446765,1.4358042417119175,0.13410741238070037,0.1501219031504016,0.20429638485585802,0.13208308284257522,0.07887134184721263,13.232446708370617,101.49747502649936,87.93023070893662,6.950056597882224,5.001237483795577
3,0.12,0.5,45.0,0.7071067811865476,300.0,50.0,0.5,28.115555280876997,0.0673,0.1207,0.2988,0.2961,0.1916,15.445465763578094,41.840002701315946,25.66789040856159,2.2506205090681823,1.8890115020084506,0.15358902964350854,0.142375713341974,0.17573399666781253,0.16149446505083304,0.10376684202477689,21.655931584367202,97.64444342955917,72.7851241206784,9.009096268164251,7.516621577560091
4,0.12,0.5,45.0,0.7071067811865476,300.0,50.0,0.5,28.115555280876997,0.0938,0.1669,0.2401,0.3428,0.2555,17.31337010612438,39.663442079520465,21.526468743818505,2.677047875897065,2.3748973192547256,0.17216338795875558,0.13496918009262418,0.14737994927834683,0.19209298630823418,0.1304574348489429,30.03703459295727,94.34276425743892,58.33262350496855,11.118916778226405,10.058377708302565
0,0.12,0.5,45.0,0.7071067811865476,300.0,90.0,0.9,50.77481736061284,0.0145,0.0288,0.4156,0.2031,0.0641,11.832199908486892,46.19431722110468,33.139634266653964,1.4520763138819395,0.901812902499675,0.11765887350434409,0.15719284039370665,0.22688893731002388,0.10419450395057477,0.04953822509290929,5.257773439969238,102.31976669780211,99.5855769053868,4.582176167311502,2.293487307968525
1,0.12,0.5,45.0,0.7071067811865476,300.0,90.0,0.9,50.77481736061284,0.0251,0.0472,0.3922,0.2218,0.0897,12.626551078899059,45.250798608155996,31.560175229091996,1.6310923590978994,1.07782140155141,0.12555786647271971,0.1539821777049642,0.2160752457745762,0.11703989496215705,0.05920669248799971,8.426904830956975,100.82640506057169,93.80096473730484,5.389702115943867,3.2656126592698564
2,0.12,0.5,45.0,0.7071067811865476,300.0,90.0,0.9,50.77481736061284,0.0407,0.0745,0.3575,0.2494,0.1275,13.756133323906468,44.015654699502676,29.22658988099694,1.8549156513736706,1.3317369522451428,0.13679038244658784,0.14977915467148387,0.20009846415136162,0.13310045368645193,0.07315473611211572,13.38669381749145,98.86600369938623,85.16808976162594,6.567347216801187,4.620257197757784
3,0.12,0.5,45.0,0.7071067811865476,300.0,90.0,0.9,50.77481736061284,0.0673,0.1207,0.2988,0.2961,0.1916,15.762496463702405,41.82976806498765,25.105834372988255,2.27755483466835,1.7505013710646675,0.15674156892879942,0.1423408862971853,0.17188590662572545,0.1634271518306691,0.09615822828092557,22.009206833300524,95.76363484430428,70.51804258026363,8.542762885177336,6.9784972520053845
4,0.12,0.5,45.0,0.7071067811865476,300.0,90.0,0.9,50.77481736061284,0.0938,0.1669,0.2401,0.3428,0.2555,17.71424486692493,39.72617932058472,21.02083641884982,2.720207223736658,2.195616677528008,0.176149668881738,0.13518266620335403,0.1439181615000436,0.19518990814077522,0.12060922269757311,30.48360523727096,93.02711210608263,56.5340128217267,10.630740982376517,9.383726286765222
0,0.12,0.5,45.0,0.7071067811865476,320.0,50.0,0.5,89.89379743803187,0.0145,0.0288,0.4156,0.2031,0.0641,11.625110159886246,43.32768173996531,30.34858420746238,1.3884598258135405,0.7363863338441731,0.11559958218716707,0.1474380783199032,0.20778014519682123,0.09962966920050294,0.04045104240602505,5.113818885144266,96.1803460782234,93.54075691419321,4.227850980193373,2.0240559389420447
1,0.12,0.5,45.0,0.7071067811865476,320.0,50.0,0.5,89.89379743803187,0.0251,0.0472,0.3922,0.2218,0.0897,12.436186942309611,42.51143861649886,28.879658214935393,1.5627557801467655,0.8745108541232279,0.12366489390295474,0.14466051643030126,0.197723212922017,0.11213636759419285,0.04803847385379856,8.283072966052472,95.12413378774113,88.19869914353026,4.999397164671452,2.877072561615993
2,0.12,0.5,45.0,0.7071067811865476,320.0,50.0,0.5,89.89379743803187,0.0407,0.0745,0.3575,0.2494,0.1275,13.50772979602829,41.49456064417192,26.837064710012402,1.8027393329271002,1.0716408349873152,0.13432026873225753,0.14120022203870378,0.18373869317869979,0.12935651435865317,0.05886718271074416,13.239147251965825,93.68235677223815,80.13215485035118,6.104693760117026,4.0879534928650765
3,0.12,0.5,45.0,0.7071067811865476,320.0,50.0,0.5,89.89379743803187,0.0673,0.1207,0.2988,0.2961,0.1916,15.426086490226982,39.496896794465805,23.048965498844304,2.1985854793776918,1.3978946835456285,0.15339632300489023,0.13440244963773695,0.15780365124277532,0.15776066397245878,0.07678890077722025,21.62672002639235,91.01403885266774,66.26055465061944,7.972471151895253,6.152745763978077
4,0.12,0.5,45.0,0.7071067811865476,320.0,50.0,0.5,89.89379743803187,0.0938,0.1669,0.2401,0.3428,0.2555,17.368154483412106,37.55875589868972,19.42288017233444,2.607230978001634,1.7404333573256325,0.17270816138780212,0.1278072255751751,0.13297782969907965,0.18708323787143552,0.09560517395063116,30.000938041061787,89.00235764097482,53.150036238222825,9.87510817078967,8.197001125365672
0,0.12,0.5,45.0,0.7071067811865476,320.0,90.0,0.9,163.54494133649348,0.0145,0.0288,0.4156,0.2031,0.0641,11.865160817476388,42.6610088849042,29.102251685046955,1.4011068822816712,0.5650914365784862,0.11798663532812816,0.14516948326309478,0.19924718857845874,0.10053716542679214,0.031041501741333324,5.213271115078603,91.88856434758257,89.13586976531438,3.976017643597584,1.7766919115355364
1,0.12,0.5,45.0,0.7071067811865476,320.0,90.0,0.9,163.54494133649348,0.0251,0.0472,0.3922,0.2218,0.0897,12.668275636094608,41.95849060388429,27.761189690675224,1.5688451861389043,0.6693732099421228,0.12597277362735412,0.1427789112043401,0.19006567111445852,0.11257331614203353,0.03676988946749745,8.456553519994024,91.16065242680902,84.05003071010648,4.671089824865204,2.5070096205162176
2,0.12,0.5,45.0,0.7071067811865476,320.0,90.0,0.9,163.54494133649348,0.0407,0.0745,0.3575,0.2494,0.1275,13.828971755489528,40.949982048567584,25.716511666341866,1.7904601642914604,0.8195780882451085,0.1375146845944698,0.1393470967754614,0.17606687980767097,0.12847541611837157,0.045020916981964657,13.482444065719188,90.16605500437036,76.38636943281956,5.685528205850266,3.5583876618870205
3,0.12,0.5,45.0,0.7071067811865476,320.0,90.0,0.9,163.54494133649348,0.0673,0.1207,0.2988,0.2961,0.1916,15.86720794885585,39.00675177158481,22.100166640708558,2.193941944713551,1.0491672085264958,0.15778281531420607,0.13273455425608813,0.15130774477286005,0.15742746468652458,0.05763266548085741,22.087055323566375,88.30411558613073,63.072385834234126,7.4531812541139075,5.343692143879338
4,0.12,0.5,45.0,0.7071067811865476,320.0,90.0,0.9,163.54494133649348,0.0938,0.1669,0.2401,0.3428,0.2555,17.843746947750013,37.293942302436896,18.593886187686962,2.607002450346395,1.3078048180304276,0.17743743185601119,0.12690610171678768,0.1273021616244223,0.18706683974865854,0.07184010039511043,30.65177155436432,87.09870462099087,50.63338154905583,9.263729128743158,7.17114851344432
0,0.12,0.5,60.0,0.5000000000000001,270.0,50.0,0.5,3.5027922523960817,0.0145,0.0288,0.4156,0.2031,0.0641,11.11295135280135,38.15725432418269,27.75362214271358,1.296483495734402,1.09703179252482,0.1105066976210675,0.12984383252455584,0.19001386025555633,0.09302985898655482,0.06026195424964202,3.271483466552913,74.00251614365035,72.38733480014805,3.831400456435811,1.9142491869097074
1,0.12,0.5,60.0,0.5000000000000001,270.0,50.0,0.5,3.5027922523960817,0.0251,0.0472,0.3922,0.2218,0.0897,11.579269947341977,37.36898257919604,26.48146503656248,1.398921217071934,1.233881589121592,0.11514374913744908,0.12716145334783877,0.18130409684707918,0.10038033186360167,0.06777936280405354,5.308727630133898,72.42247481889717,68.07019323478023,4.431166581504884,2.6812867984107074
2,0.12,0.5,60.0,0.5000000000000001,270.0,50.0,0.5,3.5027922523960817,0.0407,0.0745,0.3575,0.2494,0.1275,12.301908090142343,36.45638367886182,24.757564466477543,1.5584961044588372,1.446848520470912,0.12232963092534692,0.12405600614321659,0.16950149319649255,0.11183071231213162,0.07947802419300232,8.401457156691318,70.42086396425594,61.93453570677249,5.317911114337718,3.781706015045171
3,0.12,0.5,60.0,0.5000000000000001,270.0,50.0,0.5,3.5027922523960817,0.0673,0.1207,0.2988,0.2961,0.1916,13.555172952779568,34.83426584494831,21.827581699580858,1.83923904766624,1.7885465883878715,0.1347920413884008,0.11853616463228596,0.14944150487650093,0.13197557069558571,0.09824812135546629,13.75257608351541,67.06442723596646,51.38984551471374,6.8362158470670416,5.697647386331317
4,0.12,0.5,60.0,0.5000000000000001,270.0,50.0,0.5,3.5027922523960817,0.0938,0.1669,0.2401,0.3428,0.2555,14.809277617397981,33.24066671703482,18.882178921809654,2.105853898905809,2.1419948544698375,0.14726280280527881,0.11311336831371176,0.12927594418197805,0.15110666036710405,0.11766367830229456,19.125606563866285,63.92605324767764,41.069404922149275,8.439164201806014,7.703108515323351
0,0.12,0.5,60.0,0.5000000000000001,270.0,90.0,0.9,6.307579202674779,0.0145,0.0288,0.4156,0.2031,0.0641,11.171223997432811,38.33261372689271,27.696736950093104,1.31842622302029,1.0865599912700146,0.11108615822657493,0.1304405561966429,0.18962439847699583,0.09460437098913936,0.059686719135738836,3.310867427849682,73.21499493169894,71.5753923290034,3.6761603495857917,1.8405857638533214
1,0.12,0.5,60.0,0.5000000000000001,270.0,90.0,0.9,6.307579202674779,0.0251,0.0472,0.3922,0.2218,0.0897,11.622683889896399,37.580609214810906,26.425133597753778,1.4170876162754455,1.2236060558624136,0.11557545546550661,0.12788158937227742,0.18091842631777852,0.10168387144721881,0.0672149090485884,5.379493953810794,71.62608456643326,67.19895837963455,4.244471017179601,2.578279099503199
2,0.12,0.5,60.0,0.5000000000000001,270.0,90.0,0.9,6.307579202674779,0.0407,0.0745,0.3575,0.2494,0.1275,12.410590074888706,36.631802733859395,24.72273651316142,1.5817825625591595,1.434834948458804,0.12341035978341001,0.1246529328037464,0.16926304526272853,0.1135016444300466,0.07881809680356702,8.492090795633239,69.79362392357976,61.206691168642344,5.11143149703459,3.6351826758236085
3,0.12,0.5,60.0,0.5000000000000001,270.0,90.0,0.9,6.307579202674779,0.0673,0.1207,0.2988,0.2961,0.1916,13.699792744443261,35.06189791724609,21.7447581053642,1.8692603415401878,1.7815780496877385,0.13623013421181382,0.11931076493296637,0.14887445705923147,0.1341297645166997,0.09786532683374345,13.943227233267368,66.68448412163688,50.78647671760734,6.5910225768793795,5.500054407917268
4,0.12,0.5,60.0,0.5000000000000001,270.0,90.0,0.9,6.307579202674779,0.0938,0.1669,0.2401,0.3428,0.2555,14.934605976191346,33.371649369616776,18.789103942395865,2.140434814429856,2.131133119802101,0.1485090624719363,0.11355908407357697,0.12863871074121566,0.1535880322514455,0.1170670234358823,19.303137268111264,63.63552384369719,40.548027294246765,8.144928113769868,7.415869358994402
0,0.12,0.5,60.0,0.5000000000000001,285.0,50.0,0.5,10.524269951667252,0.0145,0.0288,0.4156,0.2031,0.0641,11.116727049426814,37.268019228373895,26.651325143494507,1.2903876855844854,1.0443738097545125,0.11054424298161601,0.12681788909911448,0.18246703602869693,0.09259245090498543,0.05736935535669707,3.2650295769592192,70.73819754445506,69.13640819402183,3.438352603904347,1.7350162793930766
1,0.12,0.5,60.0,0.5000000000000001,285.0,50.0,0.5,10.524269951667252,0.0251,0.0472,0.3922,0.2218,0.0897,11.585630395601964,36.55187954300059,25.442556319908515,1.395183813804607,1.1798545858206229,0.1152069971541358,0.12438096529474976,0.17419125749625616,0.10011215251532668,0.06481156112013416,5.3165379765799035,69.28091176446146,64.92793714116038,4.0043481313726,2.4443530731985
2,0.12,0.5,60.0,0.5000000000000001,285.0,50.0,0.5,10.524269951667252,0.0407,0.0745,0.3575,0.2494,0.1275,12.300271094672503,35.65362460230497,23.77101964013139,1.5548799532376951,1.3780340407565181,0.12231335271466735,0.12132432859093645,0.1627471607419666,0.11157123346856458,0.07569791949911953,8.397056916252549,67.53921971372209,59.054259393890284,4.804881162290964,3.447284919827006
3,0.12,0.5,60.0,0.5000000000000001,285.0,50.0,0.5,10.524269951667252,0.0673,0.1207,0.2988,0.2961,0.1916,13.54169952222642,34.14264719988185,20.982533109367353,1.8337668796466822,1.7166993529459749,0.13465806218982546,0.11618268251960795,0.14365591970479605,0.1315829123849438,0.09430142186629457,13.75826098644614,64.7426120999391,49.083149822722504,6.2428923989096035,5.20034849162675
4,0.12,0.5,60.0,0.5000000000000001,285.0,50.0,0.5,10.524269951667252,0.0938,0.1669,0.2401,0.3428,0.2555,14.812862065153467,32.65191316128569,18.104923048483656,2.0985270194974874,2.033670823594413,0.14729844639550782,0.11110992180151137,0.1239544986374097,0.1505809162597473,0.11171324200935188,19.13078704819182,61.97224889035604,39.14697075092273,7.735704748854299,6.994366007857858
0,0.12,0.5,60.0,0.5000000000000001,285.0,90.0,0.9,18.966876247123928,0.0145,0.0288,0.4156,0.2031,0.0641,11.198298211347467,37.40624262602577,26.424357996101755,1.315398369347601,1.0179091691633526,0.11135538301442939,0.12728824410797349,0.18091311619778178,0.09438710574733031,0.05591560445229781,3.294875581666213,69.40008891944386,67.76909323937241,3.257186042384287,1.64875380980131
1,0.12,0.5,60.0,0.5000000000000001,285.0,90.0,0.9,18.966876247123928,0.0251,0.0472,0.3922,0.2218,0.0897,11.68774207544808,36.7272590815953,25.180600368365468,1.4128107811932544,1.1478298446376256,0.1162223911903465,0.1249777574864535,0.17239778847395487,0.10137698488374614,0.06305238376431223,5.3857154097187285,68.03321299918798,63.60642906139984,3.78989164777559,2.315264171527554
2,0.12,0.5,60.0,0.5000000000000001,285.0,90.0,0.9,18.966876247123928,0.0407,0.0745,0.3575,0.2494,0.1275,12.478395017775725,35.836260487089675,23.58196030065094,1.579786060493639,1.3359613785919155,0.12408460914192455,0.12194581312007695,0.1614527749235203,0.11335838436832361,0.07338679154476122,8.49719043294633,66.43376013813908,57.84592227645099,4.581229803216902,3.2583370644973355
3,0.12,0.5,60.0,0.5000000000000001,285.0,90.0,0.9,18.966876247123928,0.0673,0.1207,0.2988,0.2961,0.1916,13.737710860170687,34.331589363568646,20.768223740607898,1.8612989052368016,1.6594949274711082,0.1366071902805417,0.1168256264392659,0.14218866075612557,0.13355848744370086,0.09115907859572298,13.969690105391512,63.94212877325057,48.05201621136384,5.96646060500572,4.937969650248281
4,0.12,0.5,60.0,0.5000000000000001,285.0,90.0,0.9,18.966876247123928,0.0938,0.1669,0.2401,0.3428,0.2555,15.03941023586,32.8771147755227,17.969002830298326,2.1384465262119097,1.988645293058041,0.14955123140302626,0.11187625159124988,0.12302392729751876,0.15344536157869976,0.10923990761764389,19.389920656067467,61.5424176095415,38.37723878072349,7.385879815980544,6.670588637495273
0,0.12,0.5,60.0,0.5000000000000001,300.0,50.0,0.5,28.115555280876997,0.0145,0.0288,0.4156,0.2031,0.0641,11.090606168407101,35.92899172792262,25.07155191314143,1.2794121990897025,0.9513690943931797,0.1102844980939797,0.12226136464278901,0.17165119338717755,0.09180489906627876,0.05226043696408922,3.2669094416870825,66.50194399932317,64.87627078893317,3.071187706963876,1.5484142393627462
1,0.12,0.5,60.0,0.5000000000000001,300.0,50.0,0.5,28.115555280876997,0.0251,0.0472,0.3922,0.2218,0.0897,11.58022897251293,35.272536211188566,23.932261699042776,1.3817362634886796,1.0726523748691343,0.11515328564140857,0.1200275377680755,0.1638510968657547,0.09914721642958294,0.05892274843864306,5.321637394356605,65.2454633691766,60.88682901467563,3.5900072383277664,2.1782317244985645
2,0.12,0.5,60.0,0.5000000000000001,300.0,50.0,0.5,28.115555280876997,0.0407,0.0745,0.3575,0.2494,0.1275,12.30715398008546,34.475143738737856,22.41758288006196,1.53443753189383,1.2419102881792796,0.12238179582333787,0.11731412202359899,0.1534809200303886,0.110104376712408,0.06822039386495378,8.389994106073456,63.9859165499328,55.51273322399789,4.336873596261227,3.0642922985220533
3,0.12,0.5,60.0,0.5000000000000001,300.0,50.0,0.5,28.115555280876997,0.0673,0.1207,0.2988,0.2961,0.1916,13.564884649988585,33.09176785366982,19.748503611736155,1.8092850901541728,1.5351124387482764,0.13488861407668076,0.11260668617894377,0.1352071951632432,0.12982620863073477,0.08432652196796935,13.761743751799228,61.734871811399564,46.08475468324191,5.654764390322619,4.634046455830535
4,0.12,0.5,60.0,0.5000000000000001,300.0,50.0,0.5,28.115555280876997,0.0938,0.1669,0.2401,0.3428,0.2555,14.812199081497205,31.670668470157405,17.046031551150477,2.0737223613615408,1.845172299916455,0.14729185371530035,0.10777088251272995,0.1167048481245707,0.14880104489525323,0.10135867481502951,19.091099152707166,59.61522525035198,36.823087777330336,7.025581854399436,6.225674332043237
0,0.12,0.5,60.0,0.5000000000000001,300.0,90.0,0.9,50.77481736061284,0.0145,0.0288,0.4156,0.2031,0.0641,11.28337966881534,35.9737748445046,24.644258720363613,1.3084215569556932,0.8748635907581256,0.11220142927118654,0.12241375536356769,0.16872575076916055,0.09388648088389757,0.04805785031954843,3.305421266741662,64.73926008632988,63.102822606436746,2.903835629339631,1.42592269156953
1,0.12,0.5,60.0,0.5000000000000001,300.0,90.0,0.9,50.77481736061284,0.0251,0.0472,0.3922,0.2218,0.0897,11.777513160626576,35.350366668160326,23.49768293877955,1.406354036972815,0.992582073232828,0.1171150708980134,0.12029238399454904,0.16087577395481822,0.1009136777870372,0.0545243409477745,5.404514896564313,63.67452655036929,59.22810593295668,3.4101094745135345,2.0047286307942924
2,0.12,0.5,60.0,0.5000000000000001,300.0,90.0,0.9,50.77481736061284,0.0407,0.0745,0.3575,0.2494,0.1275,12.51316438026474,34.55366093220978,21.95904010666255,1.5668450925223065,1.1491130447784754,0.12443035414746553,0.11758130511892474,0.15034152863787495,0.11242979836666331,0.0631228722849804,8.509978700894559,62.46042743678268,53.87791842540251,4.126010453133534,2.8080361494356314
3,0.12,0.5,60.0,0.5000000000000001,300.0,90.0,0.9,50.77481736061284,0.0673,0.1207,0.2988,0.2961,0.1916,13.800616014904666,33.2053335075311,19.4146628092285,1.852141044309379,1.411708853220796,0.13723271636198556,0.11299313431316292,0.13292156991155163,0.13290136028897837,0.07754773827548983,13.994421102190381,60.578152290429394,44.674310684151756,5.41935461833534,4.255994225226322
4,0.12,0.5,60.0,0.5000000000000001,300.0,90.0,0.9,50.77481736061284,0.0938,0.1669,0.2401,0.3428,0.2555,15.133853474414604,31.85237617704253,16.701910375806563,2.119019494845689,1.6876052334137899,0.15049037079759198,0.10838920858149692,0.11434883878688708,0.15205136466746014,0.092703228894925,19.458111059906244,58.85540156221201,35.676580976020645,6.718711162855809,5.763227509965156
0,0.12,0.5,60.0,0.5000000000000001,320.0,50.0,0.5,89.89379743803187,0.0145,0.0288,0.4156,0.2031,0.0641,11.103892420318466,33.59812288333841,22.40673414867157,1.2422699216238304,0.7050219282647436,0.110416615996405,0.1143297419604649,0.1534066447044595,0.08913973530101828,0.03872813848749342,3.236994622794547,60.17132728963813,58.55765934844567,2.639470508410651,1.2284510034129905
1,0.12,0.5,60.0,0.5000000000000001,320.0,50.0,0.5,89.89379743803187,0.0251,0.0472,0.3922,0.2218,0.0897,11.599868264393695,33.10226681529747,21.378280433487394,1.3398262951744253,0.7893292587289958,0.11534857789280607,0.11264241268598435,0.14636538502630178,0.09613994448571796,0.043359293688249624,5.307194499894185,59.371883691405756,54.997879700781674,3.1202377263969305,1.7378319844101469
2,0.12,0.5,60.0,0.5000000000000001,320.0,50.0,0.5,89.89379743803187,0.0407,0.0745,0.3575,0.2494,0.1275,12.320590517382461,32.387047455021545,20.050818753453825,1.4989158471761037,0.9058429207276685,0.12251540815700293,0.11020862061999884,0.13727698147063377,0.10755549943697224,0.049759601333539134,8.365973915849136,58.49571941158271,50.053568435442266,3.8062865711261487,2.441435110968749
3,0.12,0.5,60.0,0.5000000000000001,320.0,50.0,0.5,89.89379743803187,0.0673,0.1207,0.2988,0.2961,0.1916,13.555980661882614,31.209859682891068,17.660606055165992,1.7722975163559682,1.1151960077931669,0.13480007321206156,0.10620281426307777,0.1209125033748347,0.1271721457089753,0.06125974767453677,13.69391004948013,57.04550251187525,41.51888105419158,4.968953985432175,3.6788242466339165
4,0.12,0.5,60.0,0.5000000000000001,320.0,50.0,0.5,89.89379743803187,0.0938,0.1669,0.2401,0.3428,0.2555,14.786688185137812,30.010893201432893,15.238535633751559,2.0367326069498444,1.323825063894056,0.14703817448819573,0.10212289798560213,0.10432991288566547,0.14614682550241928,0.07272012167606175,19.03421302706862,55.69598248834983,33.07260336399213,6.178505103758832,4.920281076223555
0,0.12,0.5,60.0,0.5000000000000001,320.0,90.0,0.9,163.54494133649348,0.0145,0.0288,0.4156,0.2031,0.0641,11.342286291909517,33.27335661268434,21.521886009118564,1.2515166798459334,0.5330689967638036,0.11278719413053738,0.11322460748464107,0.14734857380215186,0.08980324132814106,0.029282450803864112,3.308962966678844,57.5037812088711,55.80060033449563,2.4674588447987498,1.0457811008396884
1,0.12,0.5,60.0,0.5000000000000001,320.0,90.0,0.9,163.54494133649348,0.0251,0.0472,0.3922,0.2218,0.0897,11.858300129187672,32.7446396285499,20.595879075385977,1.3590289066665953,0.5882623346768244,0.11791841294668108,0.11142545708043256,0.14100871116378502,0.09751783803019246,0.03231432137212227,5.40313777767936,56.89051149355945,52.41574050955733,2.9241474817010675,1.4759741326169864
2,0.12,0.5,60.0,0.5000000000000001,320.0,90.0,0.9,163.54494133649348,0.0407,0.0745,0.3575,0.2494,0.1275,12.62198723529422,32.121570976871595,19.281192373694385,1.5084981743936288,0.6682613535950845,0.1255124838134046,0.10930524106665754,0.13200777089261942,0.10824308439485435,0.03670881317347029,8.5242191287707,56.28070488368825,47.67453000983366,3.5423864480463125,2.0767694162593617
3,0.12,0.5,60.0,0.5000000000000001,320.0,90.0,0.9,163.54494133649348,0.0673,0.1207,0.2988,0.2961,0.1916,13.903272000315422,30.89200098247191,17.03911013177776,1.78457353871587,0.8098148143195388,0.13825352294870022,0.10512118528859621,0.11665746095446748,0.12805301818657716,0.044484602564608254,14.010892774793659,55.45968569136193,39.608284574781806,4.657532315315249,3.132735290871029
4,0.12,0.5,60.0,0.5000000000000001,320.0,90.0,0.9,163.54494133649348,0.0938,0.1669,0.2401,0.3428,0.2555,15.209312273043022,29.854634452479615,14.740440194389462,2.039038215661553,0.9648002315348931,0.1512407297596851,0.1015911711832172,0.10091972603790199,0.14631226567503555,0.05299823378772712,19.458163747767273,54.62174631324244,31.59617780616115,5.766859090088032,4.232672783485297
0,0.12,0.5,65.0,0.42261826174069944,270.0,50.0,0.5,3.5027922523960817,0.0145,0.0288,0.4156,0.2031,0.0641,10.802356364983515,33.92986319681678,24.313459725512953,1.2378327794391752,1.0878368543946817,0.10741815477481878,0.11545860813461281,0.16646095110960568,0.0888213458166169,0.05975685955256728,2.607469999203965,59.06544508091525,57.85326828462458,3.038246683424675,1.5252047231383141
1,0.12,0.5,65.0,0.42261826174069944,270.0,50.0,0.5,3.5027922523960817,0.0251,0.0472,0.3922,0.2218,0.0897,11.184308514589318,33.37781224968665,23.337718036200442,1.3271552228475194,1.2045597900321485,0.11121627008750441,0.11358005549780113,0.15978058182140364,0.09523072498877962,0.06616866297995956,4.244020176480915,57.79527236055534,54.395606959223755,3.5327863573372533,2.142669749427186
2,0.12,0.5,65.0,0.42261826174069944,270.0,50.0,0.5,3.5027922523960817,0.0407,0.0745,0.3575,0.2494,0.1275,11.735576711636792,32.592331115307765,21.869496217708345,1.4543348942842447,1.379965146854385,0.11669805670073204,0.11090717238108137,0.14972847064079656,0.10435656958197506,0.07580399867395642,6.628652072548302,55.92543773413024,49.31193246519918,4.266491135155356,3.013510044718519
3,0.12,0.5,65.0,0.42261826174069944,270.0,50.0,0.5,3.5027922523960817,0.0673,0.1207,0.2988,0.2961,0.1916,12.69242184690443,31.225595963523617,19.519647760160023,1.67428265798122,1.6567330650441123,0.126212882481604,0.1062563626386934,0.13364034440854017,0.12013903770321174,0.09100736446277485,10.751184980998044,53.1777278845549,41.004289907774364,5.451959875858737,4.478844499635224
4,0.12,0.5,65.0,0.42261826174069944,270.0,50.0,0.5,3.5027922523960817,0.0938,0.1669,0.2401,0.3428,0.2555,13.68852890422896,29.91652654325014,17.156374358209124,1.890960563793443,1.935385129996543,0.13611812708201568,0.10180178136497521,0.1174603049299143,0.13568687544239927,0.10631422986462849,14.917660788790638,50.51200807208134,32.76672301629935,6.719150757711666,6.06171686237624
0,0.12,0.5,65.0,0.42261826174069944,270.0,90.0,0.9,6.307579202674779,0.0145,0.0288,0.4156,0.2031,0.0641,10.879388889934017,34.208573416455955,24.323895119341472,1.258529427823277,1.0767879533183027,0.1081841628019795,0.11640702027072335,0.1665323965394832,0.0903064447685142,0.05914992329446562,2.632237671324367,58.431642804145866,57.19803563702074,2.899147671798423,1.4549694023767898
1,0.12,0.5,65.0,0.42261826174069944,270.0,90.0,0.9,6.307579202674779,0.0251,0.0472,0.3922,0.2218,0.0897,11.264676533171828,33.61889702141461,23.31717766826048,1.342874433209963,1.202706150688674,0.11201544611608145,0.11440043346468821,0.1596399531646009,0.09635866524271224,0.06606683919502192,4.263361421450581,57.125038146010624,53.700156362160754,3.3793600943100737,2.0526705987594105
2,0.12,0.5,65.0,0.42261826174069944,270.0,90.0,0.9,6.307579202674779,0.0407,0.0745,0.3575,0.2494,0.1275,11.81568205471876,32.84447390436351,21.93295372432394,1.4697939656628924,1.3750246122910148,0.11749462069572868,0.11176517924384664,0.1501629294560178,0.10546584342552988,0.07553260611281525,6.637991071557309,55.35475292273171,48.70658038295241,4.08280857663367,2.899912942862377
3,0.12,0.5,65.0,0.42261826174069944,270.0,90.0,0.9,6.307579202674779,0.0673,0.1207,0.2988,0.2961,0.1916,12.807586210335113,31.452963668849343,19.463862979650717,1.6784453382236941,1.6445960651415297,0.12735807182711023,0.10703006333531548,0.13325841654940973,0.12043773302578052,0.09034065695453206,10.913660258481498,52.86154748558271,40.48641182581292,5.257567936859024,4.315366470415372
4,0.12,0.5,65.0,0.42261826174069944,270.0,90.0,0.9,6.307579202674779,0.0938,0.1669,0.2401,0.3428,0.2555,13.807153253387803,30.176671230709932,17.179507201397854,1.9140469118138785,1.9221094456027012,0.1372977223728461,0.10268701757572832,0.11761868284579044,0.1373434485556876,0.10558497234353775,15.123354718253319,50.336119795871824,32.36193518396034,6.508351252050087,5.847692926435114
0,0.12,0.5,65.0,0.42261826174069944,285.0,50.0,0.5,10.524269951667252,0.0145,0.0288,0.4156,0.2031,0.0641,10.81287792615015,33.20172714473549,23.33342833695515,1.2339112915222934,1.0396370731768694,0.10752278071453819,0.11298086236186167,0.15975121259857783,0.08853995737694506,0.05710915779006358,2.5909058387196806,56.208439301276634,55.010925187023915,2.726976519098797,1.3847222344186965
1,0.12,0.5,65.0,0.42261826174069944,285.0,50.0,0.5,10.524269951667252,0.0251,0.0472,0.3922,0.2218,0.0897,11.195510272362235,32.63031596385761,22.384242288796912,1.3253825790776714,1.1498467788477895,0.11132765987224634,0.11103642954072064,0.15325265525050158,0.09510352799746817,0.06316317763366555,4.213546500740446,55.01190584154001,51.63607987116465,3.1909555030782903,1.9534307175491854
2,0.12,0.5,65.0,0.42261826174069944,285.0,50.0,0.5,10.524269951667252,0.0407,0.0745,0.3575,0.2494,0.1275,11.739706781994837,31.896261808520478,20.997611519819838,1.4474366964171026,1.3053069904261758,0.1167391259380319,0.10853854528521896,0.14375915332820788,0.10386158574534854,0.07170289017582912,6.607886138810679,53.431962833270134,46.83511774822346,3.8638928867134847,2.7359663458382704
3,0.12,0.5,65.0,0.42261826174069944,285.0,50.0,0.5,10.524269951667252,0.0673,0.1207,0.2988,0.2961,0.1916,12.698474274370538,30.630220944032665,18.721189217375,1.6646735569313398,1.5774240568870934,0.12627306755311535,0.10423038420577733,0.12817373579116947,0.11944953157482749,0.08665077620917178,10.76456825156761,51.22202190404158,39.0244147445294,4.947366239651397,4.054270581187657
4,0.12,0.5,65.0,0.42261826174069944,285.0,50.0,0.5,10.524269951667252,0.0938,0.1669,0.2401,0.3428,0.2555,13.701250504371892,29.359208452928957,16.494381521231457,1.8793645071382747,1.8399728110745883,0.13624463011218477,0.09990530537202864,0.11292800230761756,0.13485479426359542,0.10107305742376962,14.930240845038607,48.932217757497604,31.16895163588808,6.113092349513401,5.498686124986711
0,0.12,0.5,65.0,0.42261826174069944,285.0,90.0,0.9,18.966876247123928,0.0145,0.0288,0.4156,0.2031,0.0641,10.926541964727257,33.389514406895344,23.196916593248638,1.2585921085924352,1.020917608452243,0.10865305089593905,0.11361987631215724,0.15881659140720653,0.09031094246025893,0.056080863501329285,2.6177770731374923,55.10762977577773,53.895222833057815,2.575359897092154,1.3186037129678025
1,0.12,0.5,65.0,0.42261826174069944,285.0,90.0,0.9,18.966876247123928,0.0251,0.0472,0.3922,0.2218,0.0897,11.317425198851023,32.801355230001086,22.252073936138903,1.34319747295127,1.1227086693852475,0.11253997651876842,0.11161845238858004,0.15234777088034523,0.0963818451302154,0.06167243185765698,4.268224068084639,54.08115086987456,50.6513131312183,3.0302883066678152,1.8556509860325598
2,0.12,0.5,65.0,0.42261826174069944,285.0,90.0,0.9,18.966876247123928,0.0407,0.0745,0.3575,0.2494,0.1275,11.887512751482454,32.14696986100074,20.911504604140852,1.4761559477133972,1.274169720721257,0.11820890197305788,0.10939166993884934,0.14316962640596578,0.10592235081261249,0.0699924632445384,6.674598038634823,52.62954378496465,45.96897910190195,3.668757688118316,2.6101702319532594
3,0.12,0.5,65.0,0.42261826174069944,285.0,90.0,0.9,18.966876247123928,0.0673,0.1207,0.2988,0.2961,0.1916,12.878069293343716,30.84607094603947,18.595365339885596,1.6827608190451575,1.5282389699920007,0.12805895249275526,0.10496489175899074,0.12731228856993315,0.12074739263471562,0.08394894981140155,10.94319122342149,50.58266990957854,38.228677992876,4.746474356018683,3.8803898283104283
4,0.12,0.5,65.0,0.42261826174069944,285.0,90.0,0.9,18.966876247123928,0.0938,0.1669,0.2401,0.3428,0.2555,13.915569220213577,29.60684980150626,16.39790918664492,1.9199937750570053,1.7906567035282122,0.13837580596045143,0.10074799445855571,0.11226750903548204,0.13777016887317764,0.09836403382301294,15.223466946068825,48.539941646283296,30.46678962153692,5.89787975556033,5.271264504213599
0,0.12,0.5,65.0,0.42261826174069944,300.0,50.0,0.5,28.115555280876997,0.0145,0.0288,0.4156,0.2031,0.0641,10.800284341944542,32.07564647798414,21.918319902840487,1.2253052332438852,0.942479718684964,0.107397550669198,0.10914896638054788,0.1500627396899374,0.08792242511316806,0.05177212736733316,2.5875759845045474,52.65794886905742,51.45631285825848,2.438883844902519,1.2307473032329224
1,0.12,0.5,65.0,0.42261826174069944,300.0,50.0,0.5,28.115555280876997,0.0251,0.0472,0.3922,0.2218,0.0897,11.194264341560853,31.5363674523218,21.04708491155469,1.3118547761257255,1.0466033593303954,0.11131527039136462,0.10731387481716649,0.14409787056284973,0.09413283334137883,0.057491828575299005,4.222182924384574,51.83420703280899,48.44768366655271,2.8607331894940944,1.7331031442817628
2,0.12,0.5,65.0,0.42261826174069944,300.0,50.0,0.5,28.115555280876997,0.0407,0.0745,0.3575,0.2494,0.1275,11.748948048765703,30.886190106338884,19.776277274613502,1.4340030392799927,1.1799910954768276,0.11683102068680414,0.10510141168483984,0.13539734623143979,0.10289764657199937,0.06481905984415738,6.576182685829807,50.478812234512006,43.927750057270714,3.4695306093073093,2.4258815258058317
3,0.12,0.5,65.0,0.42261826174069944,300.0,50.0,0.5,28.115555280876997,0.0673,0.1207,0.2988,0.2961,0.1916,12.692686056278951,29.734203424248562,17.634827772351183,1.6468554629872016,1.4052237580855267,0.12621550976795953,0.10118136113431957,0.12073601358178304,0.11817098481932607,0.07719150018922004,10.786130862928811,48.800250112867914,36.60605681619594,4.485293735918729,3.6068352098299643
4,0.12,0.5,65.0,0.42261826174069944,300.0,50.0,0.5,28.115555280876997,0.0938,0.1669,0.2401,0.3428,0.2555,13.69548398401782,28.53032340651227,15.564620597621042,1.864618624368793,1.649725750111193,0.13618728808837283,0.09708472477588162,0.10656243815525092,0.13379669564591878,0.09062243989196679,14.923930979001028,46.90826394479146,29.177843580873834,5.5718848042209785,4.8650464523695955
0,0.12,0.5,65.0,0.42261826174069944,300.0,90.0,0.9,50.77481736061284,0.0145,0.0288,0.4156,0.2031,0.0641,10.968127205504278,32.20288234323775,21.538096794698077,1.2531587520873404,0.8860295151233714,0.10906657269425836,0.10958193234394627,0.14745956017826878,0.08992106909036592,0.04867121488002736,2.6142645205044412,51.25815779614577,50.024817372680886,2.314641276322039,1.13935801352877
1,0.12,0.5,65.0,0.42261826174069944,300.0,90.0,0.9,50.77481736061284,0.0251,0.0472,0.3922,0.2218,0.0897,11.383722351217328,31.667294747122554,20.699822879384723,1.3349132759242237,0.9791088257752627,0.11319923247491318,0.10775940220219714,0.141720357497582,0.09578740819077224,0.053784230927796634,4.253859652145152,50.47922190386127,47.04544021624358,2.727863890546888,1.609458307794322
2,0.12,0.5,65.0,0.42261826174069944,300.0,90.0,0.9,50.77481736061284,0.0407,0.0745,0.3575,0.2494,0.1275,11.97056790148428,31.082640754660105,19.481793815197477,1.472171602376482,1.0997846051593,0.11903479871783311,0.10576990593401318,0.13338117916620718,0.10563645200551892,0.060413171261006,6.659852486520946,49.40076719523478,42.74293424617678,3.321455697848778,2.257674389116805
3,0.12,0.5,65.0,0.42261826174069944,300.0,90.0,0.9,50.77481736061284,0.0673,0.1207,0.2988,0.2961,0.1916,12.96642368782425,29.904641607703738,17.352386397560096,1.675058352275302,1.3032448520554247,0.12893754469066782,0.10176133858134247,0.11880229207891137,0.12019469805757224,0.07158961315961009,10.966400970515355,47.927938240581625,35.55739639960861,4.306690381353216,3.356664148562958
4,0.12,0.5,65.0,0.42261826174069944,300.0,90.0,0.9,50.77481736061284,0.0938,0.1669,0.2401,0.3428,0.2555,13.974369649775078,28.65192826942763,15.329080009302253,1.9022303343440945,1.5251604017979237,0.13896051483600172,0.09749852922104439,0.10494982066686775,0.1364955437891907,0.08377983845389121,15.26187560808323,46.35648444211358,28.29794665883909,5.343217547853587,4.529113966436189
0,0.12,0.5,65.0,0.42261826174069944,320.0,50.0,0.5,89.89379743803187,0.0145,0.0288,0.4156,0.2031,0.0641,10.782035828699483,29.974781838411893,19.52481167690329,1.1952790621137535,0.6934366785601174,0.10721608825915178,0.102000016036799,0.13367569892008396,0.08576788132195688,0.03809173962245773,2.5839349416029345,47.34762536321486,46.11565856806263,2.1097839908285185,0.9681406022057251
1,0.12,0.5,65.0,0.42261826174069944,320.0,50.0,0.5,89.89379743803187,0.0251,0.0472,0.3922,0.2218,0.0897,11.191188151044253,29.564635315605628,18.74099795800734,1.2761460859623734,0.7605356866393943,0.11128468088867981,0.10060434443094043,0.1283093553962429,0.09157053739127922,0.04177761033525046,4.169928875466304,46.725614794379965,43.36747505848379,2.4839983915159944,1.3603492088770581
2,0.12,0.5,65.0,0.42261826174069944,320.0,50.0,0.5,89.89379743803187,0.0407,0.0745,0.3575,0.2494,0.1275,11.728454376282174,28.994376101841574,17.603100175665414,1.400925666789663,0.853771918085656,0.11662723251241322,0.09866383159376185,0.12051879209293039,0.10052416221331262,0.04689924632803463,6.5430586605806305,45.89988001491962,39.37309939951152,3.018685492843405,1.8985575780336599
3,0.12,0.5,65.0,0.42261826174069944,320.0,50.0,0.5,89.89379743803187,0.0673,0.1207,0.2988,0.2961,0.1916,12.704893788113202,27.993154115105934,15.737232194586273,1.6024601773548268,1.0111589841300488,0.12633690291435412,0.09525681234491577,0.10774421528313657,0.11498537761673833,0.055544804495154025,10.729440469971635,44.79556429020171,32.71166415901134,3.9226372119383863,2.8334607845444406
4,0.12,0.5,65.0,0.42261826174069944,320.0,50.0,0.5,89.89379743803187,0.0938,0.1669,0.2401,0.3428,0.2555,13.688574269884814,26.96309214307891,13.892627998080673,1.810861178686436,1.1666573121799049,0.1361185781960946,0.09175165463494327,0.09511521996788372,0.12993930169700918,0.06408661084451217,14.904947692814961,43.72477686846294,26.11840017710921,4.884052248548466,3.824029128157088
0,0.12,0.5,65.0,0.42261826174069944,320.0,90.0,0.9,163.54494133649348,0.0145,0.0288,0.4156,0.2031,0.0641,11.029228540590143,29.83148238459939,18.85758741394036,1.211568715079879,0.5130292167548277,0.10967416167275913,0.10151238791440816,0.12910757958741373,0.0869367539866414,0.028181629192036053,2.604912542628392,45.39690247610703,44.113209947842634,1.9505923706253112,0.8077933624970448
1,0.12,0.5,65.0,0.42261826174069944,320.0,90.0,0.9,163.54494133649348,0.0251,0.0472,0.3922,0.2218,0.0897,11.499158199448937,29.428698627312237,18.129611751646237,1.29172018452362,0.5580878378686889,0.1143471214532939,0.10014177077617085,0.12412352867494869,0.09268806507116284,0.030656781309429244,4.235263960978983,44.976647506954386,41.53580192047334,2.3055619990922334,1.145712270341893
2,0.12,0.5,65.0,0.42261826174069944,320.0,90.0,0.9,163.54494133649348,0.0407,0.0745,0.3575,0.2494,0.1275,12.021909905646618,28.875250705526906,17.063812202842822,1.4355635829011217,0.6168562315331042,0.11954534134049985,0.09825846442879002,0.116826582514718,0.10300962420495316,0.033885036200911635,6.665477958269244,44.35807009693623,37.70501793470806,2.8278569416289097,1.609474366798373
3,0.12,0.5,65.0,0.42261826174069944,320.0,90.0,0.9,163.54494133649348,0.0673,0.1207,0.2988,0.2961,0.1916,13.049984710323173,27.89586010315785,15.247902018878044,1.6227669938156193,0.7193939694249889,0.12976847180922016,0.09492573434633392,0.10439403939806706,0.11644250397278441,0.03951762088241962,10.954027681369887,43.58711359162584,31.30684990153577,3.685673738045889,2.4212209878579696
4,0.12,0.5,65.0,0.42261826174069944,320.0,90.0,0.9,163.54494133649348,0.0938,0.1669,0.2401,0.3428,0.2555,14.104782276962556,26.96531018551718,13.48425392919038,1.8443211771172128,0.8389965670444866,0.14025733224310238,0.09175920232504801,0.09231930623600763,0.13234024158243538,0.04608760938685163,15.29339465021329,42.967035132156795,24.992822196483075,4.559290527267702,3.244254641119099
0,0.12,1.0,0.0,1.0,270.0,50.0,0.5,3.5027922523960817,0.0145,0.0288,0.4156,0.2031,0.0641,13.427953189125201,67.1298176470291,51.488279338500845,1.966356161503409,1.468152631535111,0.1335269736753101,0.22843343826342047,0.35251206724357237,0.14109692643513636,0.08064829781226117,7.819463641146062,174.31186622565718,170.1927184259894,8.955861482870043,4.4961503505844505
1,0.12,1.0,0.0,1.0,270.0,50.0,0.5,3.5027922523960817,0.0251,0.0472,0.3922,0.2218,0.0897,14.58109560380437,65.71086481910362,48.940048198239346,2.2020611105817522,1.7440110132519495,0.1449937709362246,0.22360493902749315,0.33506572336475626,0.15801005972787474,0.09580170110619926,12.666760451527264,171.27277861247882,160.59505775625266,10.384829616528009,6.332034512878671
2,0.12,1.0,0.0,1.0,270.0,50.0,0.5,3.5027922523960817,0.0407,0.0745,0.3575,0.2494,0.1275,16.260515146954354,63.209950628235575,45.18445628967273,2.515531340504781,2.1885523212981597,0.16169384472778348,0.215094675668435,0.30935324113732826,0.18050328188008055,0.12022116474444258,19.947552761416297,165.79719089035888,145.37646814000186,12.410183716464424,9.08001715179977
3,0.12,1.0,0.0,1.0,270.0,50.0,0.5,3.5027922523960817,0.0673,0.1207,0.2988,0.2961,0.1916,19.10002261743719,59.43399527317969,38.50229431956023,3.0906754080525474,2.9356878798614607,0.1899297816514442,0.20224562446111707,0.2636041355155492,0.22177304865841788,0.1612626816405026,32.637997761777555,157.51022522872714,120.06540737472787,15.942524188017693,13.523701198441504
4,0.12,1.0,0.0,1.0,270.0,50.0,0.5,3.5027922523960817,0.0938,0.1669,0.2401,0.3428,0.2555,21.916060723218855,55.831722479324895,32.02479867367322,3.661908667692792,3.6940754826260362,0.21793234024867708,0.18998759086731593,0.21925626819450167,0.262762193346804,0.2029222938164738,45.60799263960177,150.15626372695812,95.43203409857288,19.6389165718612,18.39000225478923
0,0.12,1.0,0.0,1.0,270.0,90.0,0.9,6.307579202674779,0.0145,0.0288,0.4156,0.2031,0.0641,13.541806919821248,67.44358300273724,51.399108609508794,1.9784091386097025,1.461783404146221,0.1346591301467669,0.2295011381548342,0.3519015640685109,0.14196179418259003,0.08029842455231537,7.908974321866584,172.91321755222486,168.68697872811558,8.648327113998885,4.324603813335725
1,0.12,1.0,0.0,1.0,270.0,90.0,0.9,6.307579202674779,0.0251,0.0472,0.3922,0.2218,0.0897,14.674649902971563,66.05189719707603,48.989057057118956,2.2159262190321667,1.7402087584097856,0.1459240707567681,0.22476542480549727,0.3354012601971938,0.15900495791841798,0.09559283632314988,12.766718084401088,169.91973278388554,159.12210479912642,10.026118113987668,6.115064436477693
2,0.12,1.0,0.0,1.0,270.0,90.0,0.9,6.307579202674779,0.0407,0.0745,0.3575,0.2494,0.1275,16.381215998728383,63.56760503025703,45.118136991997915,2.536543740777917,2.186688733993727,0.16289408866894278,0.2163117238837808,0.3088991892050857,0.18201103777578642,0.12011879449989253,20.071160386567406,164.62344193169542,144.05661009319084,12.027027704031841,8.716084133610078
3,0.12,1.0,0.0,1.0,270.0,90.0,0.9,6.307579202674779,0.0673,0.1207,0.2988,0.2961,0.1916,19.257134192379375,59.72287320733771,38.19551631840147,3.116698447254433,2.9104586640838606,0.1914920922162726,0.203228635916401,0.26150379445224897,0.22364034560073773,0.15987679487103623,32.84842988308553,156.24068013560571,118.45352100537147,15.453830884680219,12.991231631495063
4,0.12,1.0,0.0,1.0,270.0,90.0,0.9,6.307579202674779,0.0938,0.1669,0.2401,0.3428,0.2555,22.181416262309597,56.057494229809734,31.853933606198833,3.7116784439545296,3.6663797153058786,0.22057102401408238,0.19075586075145562,0.21808644859810142,0.2663334499672356,0.20140091487875417,45.999201587290266,149.39265261953074,94.28455517287688,19.12608124213261,17.647619534632927
0,0.12,1.0,0.0,1.0,285.0,50.0,0.5,10.524269951667252,0.0145,0.0288,0.4156,0.2031,0.0641,13.427275847113375,65.8032804241302,49.8020616077851,1.9585551301694837,1.4076457864297767,0.1335202382162488,0.22391941648543018,0.34096745736897327,0.14053715930556432,0.07732454661710578,7.7429604137819315,168.6208669694964,164.54145723585992,8.200640784811956,4.126005962299866
1,0.12,1.0,0.0,1.0,285.0,50.0,0.5,10.524269951667252,0.0251,0.0472,0.3922,0.2218,0.0897,14.581040560355238,64.42533885175567,47.3340575860288,2.198010466530393,1.6981737971175728,0.14499322358659655,0.21923047285148978,0.3240703846593748,0.1577194036214588,0.0932837793463718,12.670821691695128,165.96837657016033,155.28227524359974,9.567705754144583,5.835579908247508
2,0.12,1.0,0.0,1.0,285.0,50.0,0.5,10.524269951667252,0.0407,0.0745,0.3575,0.2494,0.1275,16.265779849772816,61.9691190405874,43.677570489160935,2.500700240362521,2.1216718270010744,0.1617461967001763,0.2108722982539348,0.29903641883402027,0.1794390684447461,0.11654729739165735,19.883511179936626,161.14339220300064,140.76479099722562,11.448407341753484,8.35710166960789
3,0.12,1.0,0.0,1.0,285.0,50.0,0.5,10.524269951667252,0.0673,0.1207,0.2988,0.2961,0.1916,19.11307684000215,58.434580276862164,37.17137358505444,3.0747171789005736,2.810011499320206,0.19005959226429284,0.19884475414948827,0.2544920497071748,0.22062795748481812,0.15435904917876028,32.53968113165558,153.53136815575778,116.14919539505593,14.757978085343884,12.352260856516434
4,0.12,1.0,0.0,1.0,285.0,50.0,0.5,10.524269951667252,0.0938,0.1669,0.2401,0.3428,0.2555,21.96094081529887,54.78617533714716,30.960521427029207,3.6517748644737127,3.5506232302678207,0.21837862590288734,0.18642973927579257,0.2119697444039457,0.2620350369367377,0.19504220034286254,45.54544640181278,146.83285679103543,92.24869592630782,18.294917212437795,16.791916514663484
0,0.12,1.0,0.0,1.0,285.0,90.0,0.9,18.966876247123928,0.0145,0.0288,0.4156,0.2031,0.0641,13.597691423645799,65.96860122675999,49.32264920033644,1.9847148221352549,1.3782321397495914,0.1352148431855256,0.2244819801968313,0.33768518301482575,0.14241426183923664,0.07570880143758187,7.885202111339677,166.0055345014912,161.7949332449504,7.770842845392843,3.9543665531776435
1,0.12,1.0,0.0,1.0,285.0,90.0,0.9,18.966876247123928,0.0251,0.0472,0.3922,0.2218,0.0897,14.779011061735101,64.49867132592921,46.908921102597766,2.222703312423616,1.6529051175580434,0.14696183351202027,0.2194800130677303,0.3211597078498106,0.1594912518393353,0.09079708833600499,12.854301380868106,163.1417562539169,152.26590628444947,9.064434678561776,5.568656739318293
2,0.12,1.0,0.0,1.0,285.0,90.0,0.9,18.966876247123928,0.0407,0.0745,0.3575,0.2494,0.1275,16.450908504377296,62.154341316100655,43.28368854201041,2.5479610785967317,2.0692263824013124,0.16358710786822664,0.21150258391121068,0.2963397247276369,0.1828302948899578,0.11366637360748955,20.146338872849633,158.91378012436618,138.23127709805073,10.985612948123418,7.969500672248264
3,0.12,1.0,0.0,1.0,285.0,90.0,0.9,18.966876247123928,0.0673,0.1207,0.2988,0.2961,0.1916,19.394787096705187,58.55016340764913,36.64105977182131,3.1240359357527754,2.7427458453514335,0.19286090661958227,0.1992380674772519,0.25086128128779117,0.2241668509689604,0.15066402430376633,32.91030135003602,151.2007599033535,113.36700850766152,14.138133890428568,11.882278712442119
4,0.12,1.0,0.0,1.0,285.0,90.0,0.9,18.966876247123928,0.0938,0.1669,0.2401,0.3428,0.2555,22.28813286309916,55.03079624572028,30.610907806943757,3.7133879126463447,3.467464751384422,0.2216322091808498,0.1872621502248331,0.20957613130332933,0.2664561137974076,0.19047415365170176,46.105006995280924,145.48648504485553,90.30004648595056,17.516689454582686,16.08786879174506
0,0.12,1.0,0.0,1.0,300.0,50.0,0.5,28.115555280876997,0.0145,0.0288,0.4156,0.2031,0.0641,13.479610084526161,63.64330719641231,47.169228872553234,1.948752616296963,1.2950827598360217,0.1340406475625514,0.2165693278324429,0.3229418926748908,0.1398337747377895,0.0711412545694046,7.769214096042342,160.79937493646054,156.72368672375003,7.348806357364099,3.731870930918591
1,0.12,1.0,0.0,1.0,300.0,50.0,0.5,28.115555280876997,0.0251,0.0472,0.3922,0.2218,0.0897,14.63297114255008,62.38110428468203,44.842606856105206,2.1875386337125486,1.5497054790628795,0.1455096190032331,0.21227422677275146,0.3070127851721816,0.15696799171873885,0.08512814424892243,12.654718099560144,158.40465513837458,147.77044645668843,8.651347211860745,5.279994453326534
2,0.12,1.0,0.0,1.0,300.0,50.0,0.5,28.115555280876997,0.0407,0.0745,0.3575,0.2494,0.1275,16.274963303563112,60.2582315535966,41.34596411703588,2.4825372138894406,1.9464570637110945,0.16183751655922216,0.20505038595275538,0.28307318617610755,0.17813577087318497,0.10692243134749142,19.84402101366606,154.35185595854392,133.99871145455273,10.418111103360346,7.543680312251336
3,0.12,1.0,0.0,1.0,300.0,50.0,0.5,28.115555280876997,0.0673,0.1207,0.2988,0.2961,0.1916,19.122595306178987,56.68238029772277,35.142765200668116,3.052768695576675,2.563921444086168,0.1901542434717198,0.1928822611800527,0.24060327842961268,0.21905303245468155,0.14084087427183756,32.58266504580071,147.8343464851441,110.40124001915844,13.549129192968705,11.275933832650951
4,0.12,1.0,0.0,1.0,300.0,50.0,0.5,28.115555280876997,0.0938,0.1669,0.2401,0.3428,0.2555,21.939674167033786,53.38412761195807,29.372677700399194,3.6174360924546036,3.250627332620235,0.21816715129145112,0.18165876575463147,0.201098647491691,0.25957104018767024,0.17856287934022164,45.52127164495431,142.4193548391862,87.90571736984191,16.792692068264593,15.264008268703783
0,0.12,1.0,0.0,1.0,300.0,90.0,0.9,50.77481736061284,0.0145,0.0288,0.4156,0.2031,0.0641,13.70586547854434,63.48078020567681,46.161727051725634,1.967084976981745,1.226028935268096,0.1362905212116068,0.2160162710745722,0.31604407914966726,0.14114922297527735,0.06734800222682857,7.8905442734335045,156.6619723197779,152.42599023848732,6.9252195847068005,3.525908110320505
1,0.12,1.0,0.0,1.0,300.0,90.0,0.9,50.77481736061284,0.0251,0.0472,0.3922,0.2218,0.0897,14.83765834912897,62.112115999058545,43.857794560601995,2.1926493468729555,1.4675220177384625,0.1475450195486168,0.2113588970267265,0.30027031440806085,0.15733471364477775,0.08061365704795355,12.843957232086783,154.36242291059884,143.4892552823824,8.110785880484197,4.9676243691757325
2,0.12,1.0,0.0,1.0,300.0,90.0,0.9,50.77481736061284,0.0407,0.0745,0.3575,0.2494,0.1275,16.548695892521078,60.048056184535795,40.38327450414499,2.524523998592772,1.8151515575431225,0.16455950133866462,0.204335188386671,0.2764821773112935,0.18114855481767875,0.09970958076345386,20.208276587320466,150.9179173953372,130.1974724076097,9.873028977126966,7.058684198391138
3,0.12,1.0,0.0,1.0,300.0,90.0,0.9,50.77481736061284,0.0673,0.1207,0.2988,0.2961,0.1916,19.489200081936055,56.56624122707143,34.32709008308008,3.1015407519540013,2.376294181633311,0.19379974517643242,0.19248705606620745,0.23501879734781636,0.22255269715708242,0.13053416704332865,33.054636836319695,144.97252217475096,107.09556605532546,12.838192449027868,10.574828375177066
4,0.12,1.0,0.0,1.0,300.0,90.0,0.9,50.77481736061284,0.0938,0.1669,0.2401,0.3428,0.2555,22.390820748635207,53.49766690404144,28.675854127592377,3.684177719865539,3.0061646236415793,0.22265333298100196,0.1820451241833847,0.19632787788528652,0.26436012096424844,0.16513409752678845,46.09406313810467,140.38955331916182,85.27726410565509,15.965095815822615,14.348324066228987
0,0.12,1.0,0.0,1.0,320.0,50.0,0.5,89.89379743803187,0.0145,0.0288,0.4156,0.2031,0.0641,13.48182616293479,59.81605651491809,42.673289054993674,1.9054208610485994,1.0149877000032146,0.13406268414840808,0.20354572575941632,0.2921606535336266,0.13672448172044052,0.05575512283082649,7.713654310237249,148.3600129363061,144.2840283855438,6.4339195457204434,3.1043656586557455
1,0.12,1.0,0.0,1.0,320.0,50.0,0.5,89.89379743803187,0.0251,0.0472,0.3922,0.2218,0.0897,14.648013308720518,58.70682913362424,40.55879643281276,2.1222947819636078,1.1998163428020578,0.1456591976395279,0.19977117916587142,0.2776838798874172,0.15228638462700683,0.06590809678496586,12.62098496637885,146.78568247880096,136.15653713768404,7.571345075684547,4.3876687148620075
2,0.12,1.0,0.0,1.0,320.0,50.0,0.5,89.89379743803187,0.0407,0.0745,0.3575,0.2494,0.1275,16.233651645813303,56.74934840941322,37.29552408408201,2.436313601168716,1.4715258816774135,0.16142671525844687,0.19311014435542334,0.2553420402219832,0.17481897109331407,0.08083359658585478,19.807216375745643,143.50856427754988,123.22037371521776,9.229102483148974,6.26744894463558
3,0.12,1.0,0.0,1.0,320.0,50.0,0.5,89.89379743803187,0.0673,0.1207,0.2988,0.2961,0.1916,19.0537898165553,53.590771408721004,31.755987114625537,2.9835782668395656,1.9406269051952596,0.1894700447206295,0.18236194587108234,0.2174158625799367,0.21408823664369717,0.10660217012248098,32.4298881475612,138.7495920899235,101.57109475837164,11.997450637617739,9.3868530603949
4,0.12,1.0,0.0,1.0,320.0,50.0,0.5,89.89379743803187,0.0938,0.1669,0.2401,0.3428,0.2555,21.91018071265651,50.756289466380935,26.519528931822695,3.5500712542489348,2.440714019308325,0.2178738696832446,0.1727165978204017,0.18156469950418697,0.25473724059088054,0.1340728660465786,45.47075732142563,135.1476526284493,80.82251509175319,14.939116566176706,12.70754455468228
0,0.12,1.0,0.0,1.0,320.0,90.0,0.9,163.54494133649348,0.0145,0.0288,0.4156,0.2031,0.0641,13.783613988714736,58.78469816260947,40.72874489357432,1.9182611237743825,0.8050128015431697,0.13706364896418377,0.2000361566475452,0.2788474239793466,0.1376458415639403,0.0442208192574994,7.819041337429235,141.97220191273885,137.82400516811072,6.047281957709019,2.790736453012469
1,0.12,1.0,0.0,1.0,320.0,90.0,0.9,163.54494133649348,0.0251,0.0472,0.3922,0.2218,0.0897,14.969508823913959,57.708385891172846,38.78407387334449,2.1324010324580773,0.9510032617679264,0.14885613484874685,0.1963736155975732,0.26553332589222556,0.15301156397674529,0.05224034111173903,12.791809137409274,140.82491200472987,129.96639223569048,7.100267023123875,3.916415653688362
2,0.12,1.0,0.0,1.0,320.0,90.0,0.9,163.54494133649348,0.0407,0.0745,0.3575,0.2494,0.1275,16.599283951887315,55.80209453941572,35.692322134239575,2.460920258137481,1.1498804479285523,0.1650625467675652,0.18988677110615254,0.24436579396150102,0.17658463477932806,0.06316502713758912,20.135845530709187,138.3360193486141,117.68086583399061,8.642748845195978,5.572689760433976
3,0.12,1.0,0.0,1.0,320.0,90.0,0.9,163.54494133649348,0.0673,0.1207,0.2988,0.2961,0.1916,19.51745041809226,52.85201278106679,30.39266343103461,2.9900219131482135,1.5018977400381102,0.19408066527193166,0.17984805295021744,0.20808193151447585,0.2145506038928176,0.0825019780780598,32.90131828968356,134.57196845373636,96.9530516486981,11.293854604149999,8.324290052883661
4,0.12,1.0,0.0,1.0,320.0,90.0,0.9,163.54494133649348,0.0938,0.1669,0.2401,0.3428,0.2555,22.501819600474967,50.28937635436151,25.461752078294047,3.568788350944947,1.8645206552209057,0.22375710066315327,0.17112775740212904,0.17432268034739293,0.256080295764353,0.102421515208633,46.04026792066219,132.16022592513724,77.28005205437906,14.046627511042162,11.274358049378243
0,0.12,1.0,15.0,0.9659258262890683,270.0,50.0,0.5,3.5027922523960817,0.0145,0.0288,0.4156,0.2031,0.0641,13.448120819532079,65.16781620850706,49.595986345000725,1.943194425954157,1.4626558000984509,0.1337275197016854,0.22175702009056103,0.3395565728370918,0.13943494384984303,0.08034634685075656,7.391834811856208,166.71942705858962,162.7913615642292,8.64971363930946,4.307425686773071
1,0.12,1.0,15.0,0.9659258262890683,270.0,50.0,0.5,3.5027922523960817,0.0251,0.0472,0.3922,0.2218,0.0897,14.499210040011135,63.685608423307535,47.17915078947714,2.1436855651352307,1.7490292847482516,0.14417950450507094,0.2167132730276056,0.32300982260944683,0.15382129158773203,0.09607736389863888,12.022468291949046,163.65038068555796,153.54124763455457,9.970816347639122,6.068274958309821
2,0.12,1.0,15.0,0.9659258262890683,270.0,50.0,0.5,3.5027922523960817,0.0407,0.0745,0.3575,0.2494,0.1275,16.0946267975785,61.38627887416577,43.50812239440945,2.469966127069595,2.1526687485713096,0.1600442583054768,0.20888897418364202,0.2978763004742936,0.17723372588919117,0.11825001474431146,19.104714719413128,158.76495687510416,139.18838707528712,11.902346143438729,8.614174963853765
3,0.12,1.0,15.0,0.9659258262890683,270.0,50.0,0.5,3.5027922523960817,0.0673,0.1207,0.2988,0.2961,0.1916,18.728849178457402,57.60888129016643,37.06521563577951,3.0171711463502504,2.85884401757589,0.18623884936134905,0.19603501527170247,0.25376524433255315,0.21649871148129707,0.1570415083390788,30.96832695254907,149.92180353076944,114.27366249521977,15.30602010215386,13.020136835331417
4,0.12,1.0,15.0,0.9659258262890683,270.0,50.0,0.5,3.5027922523960817,0.0938,0.1669,0.2401,0.3428,0.2555,21.51226874457069,54.30801870379743,31.26520615960078,3.5964574618718204,3.5977806910930954,0.21391705064021163,0.18480263871730665,0.21405575400295063,0.25806570745395746,0.19763264554795693,43.654013824934125,143.76012022487976,91.30225666929596,18.81444343184645,17.636202303496166
0,0.12,1.0,15.0,0.9659258262890683,270.0,90.0,0.9,6.307579202674779,0.0145,0.0288,0.4156,0.2031,0.0641,13.538565695257116,65.39912923825625,49.6520363251749,1.9518834459919434,1.4611034493885795,0.13462689955279958,0.22254414617778756,0.3399403163731743,0.14005842907854527,0.0802610733991619,7.462400100055945,165.30154694615376,161.31638901609324,8.337061852221575,4.159613072482115
1,0.12,1.0,15.0,0.9659258262890683,270.0,90.0,0.9,6.307579202674779,0.0251,0.0472,0.3922,0.2218,0.0897,14.63504882782005,63.98716622528684,47.205699096105796,2.159551184660879,1.74565079599235,0.14553027941382893,0.21773943231055637,0.3231915843340902,0.15495973750861072,0.09589177735845986,12.153266732015465,162.24593665009758,151.95053175343887,9.627187906774601,5.8794066830838645
2,0.12,1.0,15.0,0.9659258262890683,270.0,90.0,0.9,6.307579202674779,0.0407,0.0745,0.3575,0.2494,0.1275,16.216061761674165,61.74943307229812,43.480569017056084,2.4893308885890706,2.1374598739544197,0.1612518022271518,0.21012473744066973,0.2976876575805095,0.17862325459464115,0.11741456356359209,19.309120772550585,157.67198071280717,137.82765019177253,11.49192232055151,8.320246342521498
3,0.12,1.0,15.0,0.9659258262890683,270.0,90.0,0.9,6.307579202674779,0.0673,0.1207,0.2988,0.2961,0.1916,18.90727017179728,57.93511821823372,37.068032859885435,3.045425493639484,2.8389908567790427,0.18801305984192404,0.19714515419027892,0.25378453232403836,0.21852611711563227,0.15595093806043908,31.26983541564574,149.0655382610675,113.08626281032004,14.86448694758219,12.494325054624227
4,0.12,1.0,15.0,0.9659258262890683,270.0,90.0,0.9,6.307579202674779,0.0938,0.1669,0.2401,0.3428,0.2555,21.722442223558126,54.53279982943132,31.19377530238822,3.6115869804463685,3.584080927896413,0.21600700643620974,0.18556753764277756,0.2135667060202935,0.25915133406174345,0.19688009260590467,43.95710025915269,143.23820868636764,90.38567784530782,18.338767093841454,16.967574074225197
0,0.12,1.0,15.0,0.9659258262890683,285.0,50.0,0.5,10.524269951667252,0.0145,0.0288,0.4156,0.2031,0.0641,13.470486599021147,63.83594323041744,47.99587008107098,1.937637479595284,1.4109900675746014,0.13394992402548683,0.2172248414793382,0.3286014525791469,0.13903620222462168,0.07750825407091033,7.388593801026546,161.3513731657502,157.42058681995843,7.9331204016217205,3.9653454334968803
1,0.12,1.0,15.0,0.9659258262890683,285.0,50.0,0.5,10.524269951667252,0.0251,0.0472,0.3922,0.2218,0.0897,14.505910133990522,62.47747698640808,45.558792092217374,2.1372504133677923,1.6814049386218644,0.1442461299437962,0.21260216968071183,0.3119161134899031,0.1533595338689091,0.09236263541018616,12.039772469811533,158.47330255865822,148.3168287821125,9.153270447908781,5.589364364293327
2,0.12,1.0,15.0,0.9659258262890683,285.0,50.0,0.5,10.524269951667252,0.0407,0.0745,0.3575,0.2494,0.1275,16.09122444311052,60.217385074881335,41.991310342018245,2.4681646137559277,2.0724835518100297,0.16001042544285946,0.20491139106343595,0.28749151855736194,0.17710445734849298,0.11384529585498404,19.173376586692665,153.88903792170842,134.22113783777644,11.002409067190186,7.944980644352846
3,0.12,1.0,15.0,0.9659258262890683,285.0,50.0,0.5,10.524269951667252,0.0673,0.1207,0.2988,0.2961,0.1916,18.734541470380563,56.56293570299002,35.85659994269815,2.998814613786256,2.7490992884242442,0.18629545326092115,0.19247580782723336,0.2454905142008638,0.21518152877783106,0.1510130305024839,31.03340675853914,146.0072176545462,110.34213243629827,14.174369365205811,11.908106843291263
4,0.12,1.0,15.0,0.9659258262890683,285.0,50.0,0.5,10.524269951667252,0.0938,0.1669,0.2401,0.3428,0.2555,21.523724011997068,53.347732057925164,30.247825879260184,3.582669942809255,3.430040884973246,0.21403096131375526,0.18153491674331798,0.20709030807227777,0.2570763767309788,0.18841839251434717,43.63775035230155,140.7008843738268,88.28559147700382,17.49328864809197,16.11952632680612
0,0.12,1.0,15.0,0.9659258262890683,285.0,90.0,0.9,18.966876247123928,0.0145,0.0288,0.4156,0.2031,0.0641,13.565232559112873,63.9357613785054,47.64653377147846,1.9546759949237167,1.3814697051006761,0.13489207366965267,0.21756450876234368,0.3262097380716936,0.14025880990420997,0.0758866467984882,7.489842705229806,158.45044064417405,154.4412935988463,7.448986225636078,3.7736032538785764
1,0.12,1.0,15.0,0.9659258262890683,285.0,90.0,0.9,18.966876247123928,0.0251,0.0472,0.3922,0.2218,0.0897,14.63558614885109,62.574055321468336,45.18097084525436,2.1689373407342245,1.6492186700766078,0.14553562251043914,0.21293081233032504,0.30932937820710477,0.15563324610228127,0.09059458506218583,12.144933182817777,155.69954591019433,145.44129780361484,8.702444388869838,5.315207863760486
2,0.12,1.0,15.0,0.9659258262890683,285.0,90.0,0.9,18.966876247123928,0.0407,0.0745,0.3575,0.2494,0.1275,16.29335916020888,60.443513688560074,41.63594422042506,2.4879838164198818,2.008015468699513,0.16202044414553987,0.20568087530341975,0.28505852122747305,0.17852659471863297,0.1103039466420986,19.41873400492463,151.96537969888232,132.01059687905746,10.486213517454203,7.563246773663981
3,0.12,1.0,15.0,0.9659258262890683,285.0,90.0,0.9,18.966876247123928,0.0673,0.1207,0.2988,0.2961,0.1916,18.9722370209861,56.862810995576126,35.52058410155183,3.0304336753420578,2.6824900350437373,0.1886590873220041,0.19349624176459154,0.24318999765009017,0.2174503712640651,0.14735406290722333,31.430084397841185,144.4382247813621,108.2642333795311,13.593200500398588,11.4376979549172
4,0.12,1.0,15.0,0.9659258262890683,285.0,90.0,0.9,18.966876247123928,0.0938,0.1669,0.2401,0.3428,0.2555,21.83447169796162,53.58572280696206,29.95164222778381,3.6035491750923647,3.371129457818483,0.2171210225836334,0.18234476618106318,0.20506250072258422,0.2585745770871236,0.18518228053275101,44.07095098548018,139.51545204580935,86.61894988097275,16.774539123939203,15.475275378894413
0,0.12,1.0,15.0,0.9659258262890683,300.0,50.0,0.5,28.115555280876997,0.0145,0.0288,0.4156,0.2031,0.0641,13.489332919773716,61.95617644708495,45.55812281469119,1.9249417141353873,1.3064803928037132,0.13413733100699482,0.21082825640729438,0.311911531313001,0.13812521085886462,0.07176734730539766,7.40850691810755,153.9726836709063,150.005349253359,7.094782675405417,3.598077717531813
1,0.12,1.0,15.0,0.9659258262890683,300.0,50.0,0.5,28.115555280876997,0.0251,0.0472,0.3922,0.2218,0.0897,14.523759415424959,60.58259372280955,43.22189907121441,2.11696818689893,1.5645093731127024,0.14442362241034348,0.206154145327546,0.29591668604069643,0.15190417198074038,0.08594134910955256,12.005343207630132,151.4294215572049,141.3074633259336,8.250127557736016,5.067387789640434
2,0.12,1.0,15.0,0.9659258262890683,300.0,50.0,0.5,28.115555280876997,0.0407,0.0745,0.3575,0.2494,0.1275,16.092640272844704,58.44171593869979,39.75265137754974,2.454505274043382,1.9136610904222444,0.160024504391228,0.19886903581484933,0.27216464592621437,0.17612432420257293,0.1051208888075468,19.110259898826094,147.56796040921984,127.97151057633286,9.980968293148088,7.195910306134284
3,0.12,1.0,15.0,0.9659258262890683,300.0,50.0,0.5,28.115555280876997,0.0673,0.1207,0.2988,0.2961,0.1916,18.733965158722306,55.00781247099699,33.99226885747317,2.9744365148228056,2.507567926815168,0.1862897224432353,0.18718393963424398,0.23272645967578504,0.21343226539237978,0.13774527293855662,30.992635373245626,140.72854504232924,105.08959515648715,12.964549240808802,10.805531842040136
4,0.12,1.0,15.0,0.9659258262890683,300.0,50.0,0.5,28.115555280876997,0.0938,0.1669,0.2401,0.3428,0.2555,21.52941309254042,51.97752494045283,28.687453319786925,3.5519923292975566,3.1654136099140913,0.2140875332795083,0.17687229238430383,0.19640729120558753,0.25487508834711026,0.17388193436291993,43.66414983777599,136.54387040273625,84.12410376792029,16.072941587498352,14.650710559079165
0,0.12,1.0,15.0,0.9659258262890683,300.0,90.0,0.9,50.77481736061284,0.0145,0.0288,0.4156,0.2031,0.0641,13.670933088696477,61.68108539339403,44.65531646538932,1.9415799218041345,1.2205166027358976,0.13594315506920704,0.20989215978983386,0.305730510377717,0.1393190942505971,0.06704519976191584,7.489294937510415,149.78973207311995,145.78298209109624,6.648034954141553,3.366816620569295
1,0.12,1.0,15.0,0.9659258262890683,300.0,90.0,0.9,50.77481736061284,0.0251,0.0472,0.3922,0.2218,0.0897,14.721779239749273,60.36343341223746,42.28325683017814,2.1495678440342836,1.4545528368522211,0.14639272280094923,0.205408373254425,0.28949031636897943,0.1542433776214524,0.07990123632273165,12.164410839433021,147.48433461483899,137.20829158815576,7.776609704932364,4.739307380300676
2,0.12,1.0,15.0,0.9659258262890683,300.0,90.0,0.9,50.77481736061284,0.0407,0.0745,0.3575,0.2494,0.1275,16.374405432499167,58.42235593873931,39.09222237635956,2.468436261013213,1.7895087869873931,0.16282636469904252,0.19880315642606555,0.267643050031611,0.1771239495411221,0.0983009766768695,19.398212772891192,144.45309270912946,124.5122012626863,9.465014601038614,6.744496515964128
3,0.12,1.0,15.0,0.9659258262890683,300.0,90.0,0.9,50.77481736061284,0.0673,0.1207,0.2988,0.2961,0.1916,19.073132916292327,54.98518227815881,33.28659585754371,3.008298354373353,2.3289260325581087,0.1896623916504264,0.18710693223366126,0.22789510288548157,0.21586203959990127,0.1279321483489657,31.50500267515095,138.15662002285006,102.02757227907544,12.352396836364296,10.133361316677405
4,0.12,1.0,15.0,0.9659258262890683,300.0,90.0,0.9,50.77481736061284,0.0938,0.1669,0.2401,0.3428,0.2555,21.924848689457903,52.23258184847918,28.035281597924175,3.5765886488065455,2.9289179183903697,0.2180197273969739,0.17774021558885725,0.1919422283830331,0.25664001026323024,0.1608907953276148,44.19331184478115,134.74736973281549,81.80383775533679,15.275482405970624,13.741181637155638
0,0.12,1.0,15.0,0.9659258262890683,320.0,50.0,0.5,89.89379743803187,0.0145,0.0288,0.4156,0.2031,0.0641,13.489093123103013,58.06816792666767,41.062011702119094,1.879544539261586,1.0071660650126886,0.13413494647948826,0.19759790385388326,0.2811291194085418,0.13486771256382818,0.05532546617623522,7.40718840763301,141.67266903777985,137.70510953784208,6.180275481461142,3.007448224328736
1,0.12,1.0,15.0,0.9659258262890683,320.0,50.0,0.5,89.89379743803187,0.0251,0.0472,0.3922,0.2218,0.0897,14.53456913072431,56.970669836525744,39.000831385516854,2.0824153667649794,1.1907348346106892,0.14453111374203678,0.1938632704077316,0.2670173459388873,0.14942481609597583,0.06540923300100343,12.00548258638907,139.98301039839592,129.80272822883614,7.2406858215374434,4.225629310231923
2,0.12,1.0,15.0,0.9659258262890683,320.0,50.0,0.5,89.89379743803187,0.0407,0.0745,0.3575,0.2494,0.1275,16.08359769280396,55.12369283406033,35.95796041548766,2.3923251757316293,1.4546275236373585,0.15993458537452818,0.18757826440212816,0.2461844738798212,0.17166255835924013,0.0799053390038569,19.035646789487863,137.15778616269864,117.57031726524184,8.801725454276276,5.980790969977077
3,0.12,1.0,15.0,0.9659258262890683,320.0,50.0,0.5,89.89379743803187,0.0673,0.1207,0.2988,0.2961,0.1916,18.670324890385018,52.018671501849184,30.673155403316386,2.906568428842724,1.9014273621637676,0.185656886424575,0.17701230841327487,0.21000230652534438,0.20856235498535383,0.10444886783455554,30.992792458634785,132.18724717961874,96.65248559503266,11.49451516917236,8.985550371663404
4,0.12,1.0,15.0,0.9659258262890683,320.0,50.0,0.5,89.89379743803187,0.0938,0.1669,0.2401,0.3428,0.2555,21.49443820841369,49.52248588287323,25.88652775878328,3.4803995147769355,2.354806216255469,0.21373974457587558,0.16851813572708377,0.17723088693669503,0.24973790807353402,0.12935379397179061,43.53706164594635,129.52940167997096,77.41263883174008,14.270841926339198,12.162335260257432
0,0.12,1.0,15.0,0.9659258262890683,320.0,90.0,0.9,163.54494133649348,0.0145,0.0288,0.4156,0.2031,0.0641,13.758908479897203,57.210354882488794,39.43403407659571,1.881017448027035,0.8032810844018589,0.13681797847523797,0.19467888530240557,0.26998324765729054,0.13497340191135987,0.04412569288116821,7.469457699098428,135.93992180289763,131.88988054189238,5.8012864941020945,2.6571344042620164
1,0.12,1.0,15.0,0.9659258262890683,320.0,90.0,0.9,163.54494133649348,0.0251,0.0472,0.3922,0.2218,0.0897,14.79262435570152,56.114567969358184,37.44086132290945,2.1048103637192503,0.9402459421584399,0.1470972035062023,0.19095007475376613,0.2563370847479366,0.15103178094783457,0.05164942195463449,12.167956393153164,134.4221853441336,124.13105688015033,6.822539795303539,3.72211187852738
2,0.12,1.0,15.0,0.9659258262890683,320.0,90.0,0.9,163.54494133649348,0.0407,0.0745,0.3575,0.2494,0.1275,16.442480910869577,54.39992535393722,34.387535437924186,2.4078988817151497,1.1296920754953315,0.1635033042504599,0.1851153842725098,0.23543263360851724,0.17278005786950137,0.062056043073284564,19.383805852327633,132.32726975267605,112.48030801722656,8.300213690806244,5.297882690122131
3,0.12,1.0,15.0,0.9659258262890683,320.0,90.0,0.9,163.54494133649348,0.0673,0.1207,0.2988,0.2961,0.1916,19.153743673777747,51.543671893341475,29.490298548423404,2.9365280829156473,1.4636153611153087,0.1904639814639372,0.17539595077149306,0.2019039330599922,0.21071212580994209,0.08039905728494054,31.56843779936451,128.57512478163792,92.48808512223472,10.871499173224045,7.963775215359247
4,0.12,1.0,15.0,0.9659258262890683,320.0,90.0,0.9,163.54494133649348,0.0938,0.1669,0.2401,0.3428,0.2555,22.02177434786335,49.07380625430221,24.837571063320432,3.4807009610633286,1.7815173876399617,0.21898355186493879,0.16699134131849258,0.17004925457458778,0.2497595385112584,0.09786199455698291,44.16275743673815,126.62998231224685,73.94828340664338,13.490828453454895,10.719292513688094
0,0.12,1.0,30.0,0.8660254037844387,270.0,50.0,0.5,3.5027922523960817,0.0145,0.0288,0.4156,0.2031,0.0641,13.569520710518193,60.3453789098888,45.501678823234776,1.8601515804920672,1.4647004793896237,0.13493471485790745,0.20534693629254727,0.31152509019732555,0.13347616054978695,0.08045866480793833,6.484266159657983,146.697328276552,143.34475029601617,7.563116697886814,3.7588390090527564
1,0.12,1.0,30.0,0.8660254037844387,270.0,50.0,0.5,3.5027922523960817,0.0251,0.0472,0.3922,0.2218,0.0897,14.502126145544665,58.857544450022054,43.182792895938874,2.060265909560757,1.702875506485432,0.14420850212975178,0.2002840424378192,0.29564894746280107,0.14783547007875536,0.09354205280458121,10.53142565704869,143.45799527626804,134.63664866061364,8.789280776538739,5.296813681646315
2,0.12,1.0,30.0,0.8660254037844387,270.0,50.0,0.5,3.5027922523960817,0.0407,0.0745,0.3575,0.2494,0.1275,15.804417514674459,56.94480124884832,39.940683073917405,2.323485611974446,2.0734916765297324,0.15715843000887228,0.1937752431996548,0.2734519960347335,0.16672293905047367,0.11390067398180828,16.69464730714097,138.93871002461236,121.83300738353864,10.44713579301871,7.553049233914022
3,0.12,1.0,30.0,0.8660254037844387,270.0,50.0,0.5,3.5027922523960817,0.0673,0.1207,0.2988,0.2961,0.1916,18.17110504949092,53.81415948045057,34.33340595917723,2.8095589507976912,2.6842428181207936,0.1806926663670279,0.18312210442775434,0.2350620386945474,0.20160138857692567,0.14745034647376978,27.26521413212916,131.49467779358255,100.14976221377557,13.446678816802802,11.388024855032326
4,0.12,1.0,30.0,0.8660254037844387,270.0,50.0,0.5,3.5027922523960817,0.0938,0.1669,0.2401,0.3428,0.2555,20.59716934794648,50.983265940693926,29.285715983224755,3.296295339520951,3.300578422395571,0.20481734264135662,0.1734889672122694,0.20050326821147316,0.23652741559966076,0.1813067836712285,38.21878556465322,125.97538599057181,80.08336061962761,16.517377068729125,15.276222606754056
0,0.12,1.0,30.0,0.8660254037844387,270.0,90.0,0.9,6.307579202674779,0.0145,0.0288,0.4156,0.2031,0.0641,13.637663644957945,60.644251532559096,45.42934537149419,1.8876891285878479,1.458678217329714,0.1356123251895002,0.2063639582835552,0.3110298626439575,0.13545213187885877,0.08012785098539779,6.571759297195274,145.22266721058392,141.7940202065476,7.294084842277125,3.621594145275753
1,0.12,1.0,30.0,0.8660254037844387,270.0,90.0,0.9,6.307579202674779,0.0251,0.0472,0.3922,0.2218,0.0897,14.617600044501437,59.24445289970107,43.13172707617841,2.0919745279144144,1.6962315954018958,0.1453567694828636,0.201600638110968,0.29529932774506096,0.15011073876038886,0.09317709066904156,10.6847075727487,142.1941857641176,133.2288158839723,8.437410324348837,5.1006995851070185
2,0.12,1.0,30.0,0.8660254037844387,270.0,90.0,0.9,6.307579202674779,0.0407,0.0745,0.3575,0.2494,0.1275,15.940325563795788,57.202755206638905,39.82787181907333,2.3624630160100764,2.0513995700809806,0.15850989364906307,0.19465302466185974,0.2726796391184733,0.16951978329340223,0.11268711434099889,16.895323214452958,137.77989569403374,120.46873551534436,10.080866403026706,7.208192338149854
3,0.12,1.0,30.0,0.8660254037844387,270.0,90.0,0.9,6.307579202674779,0.0673,0.1207,0.2988,0.2961,0.1916,18.332369697414446,54.09756476480612,34.271206185683894,2.8640709118165084,2.668421527681612,0.1822962749062267,0.18408649321647058,0.23463619088961168,0.2055129231728894,0.14658125417661588,27.582424143856638,130.87084090194526,99.161137360884,12.971048967858486,10.949611830749
4,0.12,1.0,30.0,0.8660254037844387,270.0,90.0,0.9,6.307579202674779,0.0938,0.1669,0.2401,0.3428,0.2555,20.79424311807567,51.28202448007637,29.262289793506984,3.339807404303994,3.264761487627414,0.2067770355108139,0.1745056009937066,0.20034288191247177,0.2396496468230419,0.17933929421552772,38.56432123283385,125.64308626983458,79.41720765509325,15.94998959338535,14.66865329655143
0,0.12,1.0,30.0,0.8660254037844387,285.0,50.0,0.5,10.524269951667252,0.0145,0.0288,0.4156,0.2031,0.0641,13.621332685616643,59.05427362392363,43.94291503977019,1.8515280174201276,1.4147119064439406,0.13544993085081392,0.2009534844708268,0.30085308773942576,0.1328573722202913,0.07771270145812093,6.474094615663047,141.3846380429299,138.0324977313544,6.853399919576592,3.4383071690625524
1,0.12,1.0,30.0,0.8660254037844387,285.0,50.0,0.5,10.524269951667252,0.0251,0.0472,0.3922,0.2218,0.0897,14.483990500441742,57.662055720906444,41.70553987104665,2.0490199073418767,1.6388243308580521,0.14402816207552788,0.1962159604681502,0.2855350045550764,0.14702850724118194,0.09002360507900573,10.561023989591515,138.44279842564336,129.5998815343162,8.014502732237755,4.8507701479327565
2,0.12,1.0,30.0,0.8660254037844387,285.0,50.0,0.5,10.524269951667252,0.0407,0.0745,0.3575,0.2494,0.1275,15.8326830238329,55.861036506697076,38.57338002130861,2.318412198855939,1.9875842628833118,0.15743950098403586,0.19008734242775044,0.2640908204076591,0.16635889360867043,0.10918162329782499,16.706317362618925,134.61164061833819,117.50609875673761,9.617889398544925,6.877847457730419
3,0.12,1.0,30.0,0.8660254037844387,285.0,50.0,0.5,10.524269951667252,0.0673,0.1207,0.2988,0.2961,0.1916,18.215851856624102,52.75407296163649,33.161941917733664,2.7965181886354773,2.5768754519137076,0.18113762664161134,0.17951477735854224,0.22704166558718683,0.20066564179031443,0.1415524615133122,27.215843490259747,127.71496053957816,96.47394303830987,12.431962899550863,10.428822169426727
4,0.12,1.0,30.0,0.8660254037844387,285.0,50.0,0.5,10.524269951667252,0.0938,0.1669,0.2401,0.3428,0.2555,20.603085130891028,50.03629292264638,28.250916475087003,3.288668936436356,3.159314453271234,0.20487616892577837,0.17026654966314525,0.19341856236224303,0.2359801790124857,0.17354689658089964,38.16845588911828,122.93528747517593,77.1382848356379,15.284043635341659,13.954211397958531
0,0.12,1.0,30.0,0.8660254037844387,285.0,90.0,0.9,18.966876247123928,0.0145,0.0288,0.4156,0.2031,0.0641,13.717306300606076,59.21579758500831,43.47952563471051,1.886440553655965,1.386303484167453,0.1364042882410822,0.20150312805821907,0.29768051411267005,0.13536253972421167,0.07615217508578111,6.569336826431515,138.8346724413928,135.4031284275269,6.504734278475077,3.304128938189007
1,0.12,1.0,30.0,0.8660254037844387,285.0,90.0,0.9,18.966876247123928,0.0251,0.0472,0.3922,0.2218,0.0897,14.657291936171212,57.78602406735249,41.309854835894804,2.0908454828483185,1.6057401102833764,0.14575146390125088,0.19663780751923862,0.2828259656920429,0.15002972353448438,0.08820622859070211,10.702391772895806,136.12940118135234,127.1389193028553,7.6084029726536935,4.641383953276267
2,0.12,1.0,30.0,0.8660254037844387,285.0,90.0,0.9,18.966876247123928,0.0407,0.0745,0.3575,0.2494,0.1275,16.02797767705856,56.086496228760765,38.19131463472007,2.3553994989563694,1.9328207996012168,0.15938150239355153,0.1908545505225456,0.26147502782381504,0.1690129368911013,0.10617336652592027,16.854822747246995,132.56959619655237,115.28531529399396,9.143281587935723,6.580511881499934
3,0.12,1.0,30.0,0.8660254037844387,285.0,90.0,0.9,18.966876247123928,0.0673,0.1207,0.2988,0.2961,0.1916,18.454109152404087,53.041425670860846,32.840380285293506,2.857106072042214,2.516451091561465,0.18350684667190825,0.18049259868538645,0.224840109092116,0.2050131574109662,0.13823324135586323,27.680457952518566,126.58225301626939,94.83791019238284,11.845192252544699,9.959700950644287
4,0.12,1.0,30.0,0.8660254037844387,285.0,90.0,0.9,18.966876247123928,0.0938,0.1669,0.2401,0.3428,0.2555,20.956041168949902,50.36655537922486,28.049872340270042,3.333699015813255,3.084679073047131,0.208385948185405,0.17139038689568814,0.19204212320983718,0.23921133617597376,0.16944703922114335,38.6503044274504,122.16421751067547,75.84509733134178,14.60923415823212,13.337669488811986
0,0.12,1.0,30.0,0.8660254037844387,300.0,50.0,0.5,28.115555280876997,0.0145,0.0288,0.4156,0.2031,0.0641,13.60603713529488,57.223848072540704,41.59644395578056,1.840370881010635,1.3031056494681634,0.13529783257370512,0.1947248007525697,0.2847880845353677,0.13205678599587437,0.07158196650797963,6.457353869813778,134.399820615545,131.04218573754844,6.163486681127428,3.112449672306108
1,0.12,1.0,30.0,0.8660254037844387,300.0,50.0,0.5,28.115555280876997,0.0251,0.0472,0.3922,0.2218,0.0897,14.507608126498758,55.81342924838812,39.41937629253506,2.034828713041151,1.5208383192522001,0.1442630147063326,0.1899253415452366,0.2698828938325597,0.14601021058797276,0.08354241858838839,10.490650412624003,131.82337636978866,123.01326558330409,7.261991786485211,4.412280539359315
2,0.12,1.0,30.0,0.8660254037844387,300.0,50.0,0.5,28.115555280876997,0.0407,0.0745,0.3575,0.2494,0.1275,15.814196862766504,54.16242102682631,36.45079307813003,2.3000210945310506,1.8277540525837237,0.1572556754145463,0.184307190060965,0.2495586293758917,0.16503923019021538,0.10040185876737585,16.619638911070908,128.62667435758044,111.58747061980878,8.695283797402153,6.239110727152061
3,0.12,1.0,30.0,0.8660254037844387,300.0,50.0,0.5,28.115555280876997,0.0673,0.1207,0.2988,0.2961,0.1916,18.182719186720284,51.37218952968868,31.42288104693442,2.7741300649276783,2.370616695300197,0.18080815683487841,0.17481242012440096,0.2151352676553872,0.19905917013189176,0.13022229237935773,27.147786678384687,122.82794410990293,91.62816268396912,11.344008124311092,9.476656917408658
4,0.12,1.0,30.0,0.8660254037844387,300.0,50.0,0.5,28.115555280876997,0.0938,0.1669,0.2401,0.3428,0.2555,20.593357434238655,48.76540970779679,26.758303160180997,3.263104400357597,2.90069404203873,0.2047794371397401,0.16594191073851966,0.18319945595603315,0.23414578220428223,0.1593404063990172,38.21335310755907,119.06769740803901,73.30793112972236,14.014042194439593,12.603620195340167
0,0.12,1.0,30.0,0.8660254037844387,300.0,90.0,0.9,50.77481736061284,0.0145,0.0288,0.4156,0.2031,0.0641,13.812015207901272,56.997801732680564,40.63949857393103,1.8730198062594847,1.2137597637298627,0.1373460694338752,0.19395559647895438,0.2782364032764696,0.13439952689612975,0.06667403428993189,6.592932210186504,130.70759944815396,127.24709032576092,5.826511677728037,2.9351466395519257
1,0.12,1.0,30.0,0.8660254037844387,300.0,90.0,0.9,50.77481736061284,0.0251,0.0472,0.3922,0.2218,0.0897,14.744812572620383,55.65809357578319,38.66520983962779,2.0647713368360754,1.4076225778218063,0.14662176524610954,0.18939675584335552,0.2647195289119281,0.14815875939595535,0.07732327172600305,10.681138651580618,128.46811403247634,119.48186924692877,6.810886875090549,4.10706846847353
2,0.12,1.0,30.0,0.8660254037844387,300.0,90.0,0.9,50.77481736061284,0.0407,0.0745,0.3575,0.2494,0.1275,16.113645597657246,54.079477753891865,35.691259826495575,2.3377467474751272,1.6901480137916272,0.16023338041378946,0.1840249456324629,0.24435852092181706,0.16774625437147972,0.0928429084519262,16.870633829207307,125.4795248229601,108.20402709079508,8.243910627512337,5.8102973643361615
3,0.12,1.0,30.0,0.8660254037844387,300.0,90.0,0.9,50.77481736061284,0.0673,0.1207,0.2988,0.2961,0.1916,18.51054299691243,51.32672660486793,30.772288716405946,2.836329023188278,2.1840216917717497,0.1840680223301735,0.1746577161106805,0.21068101806084086,0.2035222892808297,0.11997228901349022,27.633441280678543,120.89417107345665,89.20209566238867,10.759590664359493,8.813519343231501
4,0.12,1.0,30.0,0.8660254037844387,300.0,90.0,0.9,50.77481736061284,0.0938,0.1669,0.2401,0.3428,0.2555,21.075179297343873,48.97431999072113,26.269121134361477,3.294243247069162,2.686185151409562,0.20957065247426648,0.16665280339233132,0.17985029437216388,0.2363801666203676,0.14755704237864956,38.72133054948829,117.74268960084837,71.39312628198358,13.321124329770527,11.832377824893484
0,0.12,1.0,30.0,0.8660254037844387,320.0,50.0,0.5,89.89379743803187,0.0145,0.0288,0.4156,0.2031,0.0641,13.614186471120274,53.6466121458584,37.43338364388077,1.8023028172497422,1.003814131161813,0.13537886920936376,0.18255196413757802,0.25628588917242984,0.12932519194533773,0.055141338345350385,6.47216853393093,123.50842130248833,120.0961022178326,5.3712648403779255,2.59639743320784
1,0.12,1.0,30.0,0.8660254037844387,320.0,50.0,0.5,89.89379743803187,0.0251,0.0472,0.3922,0.2218,0.0897,14.474033401970775,52.434469408471294,35.51458826649796,1.996827349317018,1.156520206984179,0.14392914912793348,0.1784272108927042,0.24314894744921248,0.14328340263385353,0.06352976119467413,10.504668175997274,121.43257323310266,112.61874903043537,6.354377375363269,3.6305706246293212
2,0.12,1.0,30.0,0.8660254037844387,320.0,50.0,0.5,89.89379743803187,0.0407,0.0745,0.3575,0.2494,0.1275,15.778967779295279,51.0456412632595,32.802490369667844,2.260597866121438,1.3878888359065442,0.15690535896385469,0.17370122176465566,0.22458069757834068,0.16221039558352143,0.07623926134401145,16.55949469103829,118.98307272737533,102.0433483776902,7.676967339803329,5.133151784787579
3,0.12,1.0,30.0,0.8660254037844387,320.0,50.0,0.5,89.89379743803187,0.0673,0.1207,0.2988,0.2961,0.1916,18.15288113530786,48.54073376498625,28.337827680273847,2.699890087925832,1.7487733089604167,0.1805114485689682,0.16517736973557595,0.19401359581452884,0.19373204131430924,0.09606330268243655,27.177281025058452,115.1315529709203,83.99142384663378,9.956913722208952,7.737723240667
4,0.12,1.0,30.0,0.8660254037844387,320.0,50.0,0.5,89.89379743803187,0.0938,0.1669,0.2401,0.3428,0.2555,20.567660599355136,46.320297960761636,24.233161839822372,3.1836448164504882,2.1621457495178795,0.20452390894816064,0.1576215353391648,0.16591119543620317,0.22844411773240145,0.11877060366557839,38.0490929659731,112.80161383744834,67.31709920555906,12.426496586300917,10.451012970399239
0,0.12,1.0,30.0,0.8660254037844387,320.0,90.0,0.9,163.54494133649348,0.0145,0.0288,0.4156,0.2031,0.0641,13.864203799828084,52.81852718448667,35.95332647899979,1.820616740641919,0.7830167245729972,0.13786503048789545,0.17973410611962543,0.24615274785300886,0.13063931720514266,0.0430125346908348,6.585236419044996,118.25212806207004,114.69486510660408,5.048908384919652,2.255340315408932
1,0.12,1.0,30.0,0.8660254037844387,320.0,90.0,0.9,163.54494133649348,0.0251,0.0472,0.3922,0.2218,0.0897,14.809168340202875,51.73162499709933,34.130885644406625,2.0051463730171175,0.9012019201287045,0.14726171615767522,0.1760355290576943,0.23367549294596532,0.14388033857964252,0.049504662718566406,10.698933758487701,116.84448529754917,107.82557640979871,5.959958289088909,3.1800233996199667
2,0.12,1.0,30.0,0.8660254037844387,320.0,90.0,0.9,163.54494133649348,0.0407,0.0745,0.3575,0.2494,0.1275,16.193198632617126,50.376227771691404,31.49099564128908,2.2522565633931633,1.0526984878294878,0.16102445228120418,0.17142330070276837,0.21560161100136618,0.16161186099428165,0.05782664508404634,16.87275090646734,114.84748666388785,97.59383902702741,7.210934538231995,4.486814216359062
3,0.12,1.0,30.0,0.8660254037844387,320.0,90.0,0.9,163.54494133649348,0.0673,0.1207,0.2988,0.2961,0.1916,18.58852372038047,48.02571827651659,27.19458482812553,2.736337334805988,1.3355564068425378,0.1848434592015301,0.16342484361657725,0.18618643774380095,0.19634733279226854,0.0733645457090437,27.602950587883115,111.91328287193079,80.43303480772045,9.381386198399856,6.771739424123231
4,0.12,1.0,30.0,0.8660254037844387,320.0,90.0,0.9,163.54494133649348,0.0938,0.1669,0.2401,0.3428,0.2555,21.145735168870253,45.985800321964454,23.240944257067945,3.1939324992391938,1.6297955481109097,0.21027225694571872,0.15648328637023112,0.15911802472345338,0.22918231585237792,0.08952763759971688,38.640954176869045,110.37005797035052,64.32449348732523,11.737672645071406,9.184900784172182
0,0.12,1.0,45.0,0.7071067811865476,270.0,50.0,0.5,3.5027922523960817,0.0145,0.0288,0.4156,0.2031,0.0641,13.444945421626485,52.879779138736595,38.61733878585077,1.7759796828883525,1.496684034437447,0.1336959436851044,0.1799425380057842,0.26439178200826635,0.12743636151611806,0.08221557973434802,4.91849399242287,113.24197409304573,110.75960283026575,5.7790516325322,2.852526957593975
1,0.12,1.0,45.0,0.7071067811865476,270.0,50.0,0.5,3.5027922523960817,0.0251,0.0472,0.3922,0.2218,0.0897,14.174419248235573,51.91049149584975,36.84178702624117,1.9268996631148665,1.6918220495907421,0.14094979921100417,0.1766441868901129,0.25223555093355815,0.13826570452350678,0.09293486628708279,8.075240172991641,110.76599154577804,104.00606390868879,6.675660492096556,4.030450652440096
2,0.12,1.0,45.0,0.7071067811865476,270.0,50.0,0.5,3.5027922523960817,0.0407,0.0745,0.3575,0.2494,0.1275,15.228352464654321,50.27925446435154,34.40700680657537,2.1406936657061313,1.9457263584888569,0.15143006458445304,0.17109331401738967,0.2355659434122915,0.15360660626168907,0.10688229237889224,12.868418264461425,107.06526069016022,94.00037262958759,8.000574707608628,5.604506842780022
3,0.12,1.0,45.0,0.7071067811865476,270.0,50.0,0.5,3.5027922523960817,0.0673,0.1207,0.2988,0.2961,0.1916,16.97284194524378,47.836634447061314,30.131063965265852,2.5081684596332146,2.421231284645739,0.16877719096110516,0.162781417628001,0.20629090315515364,0.1799749544686864,0.13300264395010447,20.941834448138344,101.59000577421422,77.60402714722102,10.323440904834346,8.585995710488316
4,0.12,1.0,45.0,0.7071067811865476,270.0,50.0,0.5,3.5027922523960817,0.0938,0.1669,0.2401,0.3428,0.2555,18.837533492619364,45.44705908218799,26.068663074446903,2.9071201206385036,2.9203653142582198,0.187319601383018,0.15465002481746595,0.17847786775383478,0.2086019419219668,0.1604209852068518,29.398637817899804,97.05541313017694,61.89343367056242,12.72435814765786,11.61542574696681
0,0.12,1.0,45.0,0.7071067811865476,270.0,90.0,0.9,6.307579202674779,0.0145,0.0288,0.4156,0.2031,0.0641,13.556476248427183,53.14655998847283,38.842729185852924,1.7836270102498553,1.4817251473293995,0.13480500130278086,0.18085035615432318,0.26593490671280867,0.12798509953585016,0.0813938608227602,4.927731434206354,112.3767685964851,109.9330756471771,5.523718516930144,2.7223086250387203
1,0.12,1.0,45.0,0.7071067811865476,270.0,90.0,0.9,6.307579202674779,0.0251,0.0472,0.3922,0.2218,0.0897,14.2708792547263,52.10669268574157,37.02326491051926,1.939212311795361,1.6717161942231478,0.14190899325688738,0.17731183226692626,0.253478030677837,0.13914920514211557,0.09183041503547107,8.124239315571668,109.86109263648072,103.08344601044223,6.420599546873763,3.8686982025693784
2,0.12,1.0,45.0,0.7071067811865476,270.0,90.0,0.9,6.307579202674779,0.0407,0.0745,0.3575,0.2494,0.1275,15.378723172696564,50.6207806484295,34.49708190569363,2.1708185040032904,1.9228287498085994,0.15292534426643428,0.17225548014893088,0.2361826383146128,0.15576822996765838,0.10562448503354617,12.927898907685783,106.36377126383599,93.21417363386101,7.72979331927505,5.401155796870553
3,0.12,1.0,45.0,0.7071067811865476,270.0,90.0,0.9,6.307579202674779,0.0673,0.1207,0.2988,0.2961,0.1916,17.11020970412429,48.20442481358251,30.152852788331753,2.533737800885259,2.3939731956479764,0.1701431698906958,0.16403295712161853,0.20644007930087932,0.18180969607464054,0.13150530747972256,21.007630803197365,101.16904916556359,77.08320644853525,9.968409394832575,8.249442873413795
4,0.12,1.0,45.0,0.7071067811865476,270.0,90.0,0.9,6.307579202674779,0.0938,0.1669,0.2401,0.3428,0.2555,19.01517595542241,45.76952652595066,26.068602673114835,2.9362602967059495,2.8872725415517673,0.18908607019030652,0.15574733670492022,0.17847745421897396,0.2106929106688248,0.15860313893437478,29.609976136516472,96.83047422770079,61.39443065824342,12.314353573766077,11.218432076920521
0,0.12,1.0,45.0,0.7071067811865476,285.0,50.0,0.5,10.524269951667252,0.0145,0.0288,0.4156,0.2031,0.0641,13.445856221720042,51.823531706051476,37.409338840985946,1.7709960883776559,1.433482399274669,0.13370500064102336,0.1763482748130277,0.25612126756759446,0.12707876105602608,0.0787437988136545,4.924375131873527,109.11251494011567,106.62037710196628,5.233086671891031,2.6136174078364736
1,0.12,1.0,45.0,0.7071067811865476,285.0,50.0,0.5,10.524269951667252,0.0251,0.0472,0.3922,0.2218,0.0897,14.186733430036961,50.80630473928962,35.63000849787241,1.9187776024231111,1.6157393127148054,0.14107225089117226,0.17288679284187916,0.24393916659978943,0.13768290176256132,0.08875550299055233,8.05506855234664,106.67523001580848,99.94895945037354,6.065709673358969,3.677839219656511
2,0.12,1.0,45.0,0.7071067811865476,285.0,50.0,0.5,10.524269951667252,0.0407,0.0745,0.3575,0.2494,0.1275,15.211791746447393,49.30288706265198,33.25039116909826,2.1322631612503713,1.863266635827603,0.15126538553375068,0.16777087146658046,0.2276472291998237,0.153001670955312,0.10235262963957084,12.867378274456819,103.40816105842826,90.34979584173992,7.332522203216813,5.152772143316707
3,0.12,1.0,45.0,0.7071067811865476,285.0,50.0,0.5,10.524269951667252,0.0673,0.1207,0.2988,0.2961,0.1916,16.980818649927347,46.896599099952304,29.04764225384923,2.5017797737337863,2.3168468762643677,0.16885651096031107,0.15958260800872948,0.19887330769275371,0.17951653093279976,0.1272686182954999,20.847971069138417,98.48848769614577,74.61347701691972,9.466485552651752,7.8624879792976445
4,0.12,1.0,45.0,0.7071067811865476,285.0,50.0,0.5,10.524269951667252,0.0938,0.1669,0.2401,0.3428,0.2555,18.847759304272532,44.7252187788471,25.20353200268151,2.9043479388752695,2.778319203724346,0.1874212864026327,0.1521937026025557,0.17255478882280859,0.20840302255325344,0.1526181336644812,29.33593193902662,94.7393034231702,59.60268097938969,11.758545005590822,10.65632740325799
0,0.12,1.0,45.0,0.7071067811865476,285.0,90.0,0.9,18.966876247123928,0.0145,0.0288,0.4156,0.2031,0.0641,13.615526532670271,51.906104993401286,37.130649692817755,1.7908699888859694,1.405325150652942,0.13539219472225392,0.17662926023201408,0.2542132355066812,0.12850482329891946,0.0771970698676017,4.969357680986786,106.94183717264973,104.45904897043059,4.927760788985174,2.4687820947671084
1,0.12,1.0,45.0,0.7071067811865476,285.0,90.0,0.9,18.966876247123928,0.0251,0.0472,0.3922,0.2218,0.0897,14.347788823992246,50.95291130859862,35.40656579251343,1.9452891339083103,1.5764812216160513,0.1426737786181493,0.17338567461860838,0.24240937669442564,0.139585250727049,0.08659898455066593,8.15598620014167,104.89727997930069,98.096117709943,5.770944569048058,3.4784906160212232
2,0.12,1.0,45.0,0.7071067811865476,285.0,90.0,0.9,18.966876247123928,0.0407,0.0745,0.3575,0.2494,0.1275,15.435127285862343,49.54971445025576,33.03479596802928,2.174871918724657,1.8245877986295609,0.1534862242775417,0.16861079075705696,0.2261711668611122,0.15605908488496617,0.10022793067137294,12.982574636118805,101.7786012762383,88.57689763991463,6.978457080439759,4.913170848784778
3,0.12,1.0,45.0,0.7071067811865476,285.0,90.0,0.9,18.966876247123928,0.0673,0.1207,0.2988,0.2961,0.1916,17.20046907324186,47.19339961889344,28.918611517740068,2.545000661220678,2.25134488897071,0.17104070507229535,0.16059257891877396,0.19798990486577697,0.18261786857528295,0.12367047484291464,21.09740993469034,97.50561550233077,73.36387620851102,9.055483768620718,7.469819904992749
4,0.12,1.0,45.0,0.7071067811865476,285.0,90.0,0.9,18.966876247123928,0.0938,0.1669,0.2401,0.3428,0.2555,19.178972140148268,44.94853516866724,24.949507795490327,2.9471535839523715,2.7067990142383875,0.1907148522197016,0.1529536172356539,0.17081562411275555,0.21147456425698763,0.1486893994052769,29.7048511445022,93.89893284414282,58.41073199748478,11.260495301893918,10.158089819837205
0,0.12,1.0,45.0,0.7071067811865476,300.0,50.0,0.5,28.115555280876997,0.0145,0.0288,0.4156,0.2031,0.0641,13.468620641466527,49.99770908449597,35.308442790030526,1.7542277293060695,1.314754515772132,0.13393136902594477,0.17013525422515613,0.24173758220267358,0.1258755385815418,0.07222185994867411,4.921826820782144,103.16560509616745,100.68444931085486,4.686374190635202,2.348996042546
1,0.12,1.0,45.0,0.7071067811865476,300.0,50.0,0.5,28.115555280876997,0.0251,0.0472,0.3922,0.2218,0.0897,14.205883081818111,49.16151450413662,33.63873465528129,1.9015755994692787,1.4801306651638173,0.14126267418303656,0.16728980030104318,0.23030600449536154,0.13644856294193883,0.08130627301357463,8.076492338238742,101.42707142927094,94.66521196946191,5.468744933195119,3.2934102311995876
2,0.12,1.0,45.0,0.7071067811865476,300.0,50.0,0.5,28.115555280876997,0.0407,0.0745,0.3575,0.2494,0.1275,15.233618940602312,47.82489927510571,31.456666635263115,2.115286502680526,1.7165881906164187,0.1514824341887676,0.16274148446905026,0.2153665790866061,0.1517835018401541,0.09429531551708606,12.788701481450236,98.60496188552682,85.6266449606239,6.604755644916249,4.597031130671551
3,0.12,1.0,45.0,0.7071067811865476,300.0,50.0,0.5,28.115555280876997,0.0673,0.1207,0.2988,0.2961,0.1916,16.961073560793423,45.685864075796474,27.502899531318118,2.4777136340197043,2.105439660868017,0.16866016666569905,0.15546264501630652,0.18829729976483447,0.1777896523482918,0.11565563494436253,20.868135167617655,94.48487241062722,70.67480201723434,8.630791190054653,7.034230880105947
4,0.12,1.0,45.0,0.7071067811865476,300.0,50.0,0.5,28.115555280876997,0.0938,0.1669,0.2401,0.3428,0.2555,18.84466202706697,43.57764089292651,23.815061786803824,2.8829855111995784,2.5609940155444786,0.1873904872148438,0.14828865457256887,0.16304869321438184,0.20687015025613695,0.14068006529068453,29.315020421749885,91.35398735579584,56.33540643132471,10.749966959568372,9.596820597194963
0,0.12,1.0,45.0,0.7071067811865476,300.0,90.0,0.9,50.77481736061284,0.0145,0.0288,0.4156,0.2031,0.0641,13.697728370360888,50.0348346551399,34.69714129760011,1.7822793729952948,1.2406979150627941,0.13620960616707978,0.17026158738152306,0.2375523354712958,0.12788839911184224,0.06815379600172232,5.022015093256469,100.35906877345651,97.80358724219369,4.397394286278316,2.1921569934027634
1,0.12,1.0,45.0,0.7071067811865476,300.0,90.0,0.9,50.77481736061284,0.0251,0.0472,0.3922,0.2218,0.0897,14.450924766722608,49.14631245149899,33.04042249603389,1.933563148264124,1.3868517011721404,0.14369935787926025,0.16723806982903544,0.22620968861875862,0.13874384642491472,0.07618228964424738,8.232950868278646,98.65475576353795,91.74456720963434,5.1726148636034495,3.0857304502034877
2,0.12,1.0,45.0,0.7071067811865476,300.0,90.0,0.9,50.77481736061284,0.0407,0.0745,0.3575,0.2494,0.1275,15.505492305977874,47.883465960645424,30.78308380511055,2.159607835840932,1.599175054029398,0.15418593093099042,0.16294077875904633,0.21075492612466096,0.15496380254399997,0.08784559809455847,13.013079698775206,96.39598094672986,83.14126969961404,6.304970045776937,4.302995518163318
3,0.12,1.0,45.0,0.7071067811865476,300.0,90.0,0.9,50.77481736061284,0.0673,0.1207,0.2988,0.2961,0.1916,17.32005562193251,45.64910914982876,26.97251277380364,2.5251208159734246,1.9588698202891934,0.17222986843278945,0.15533757311225235,0.18466603193588146,0.1811913797645026,0.10760428667212132,21.175417336974444,92.86970905469903,68.67960804761643,8.187308572416992,6.525406903270577
4,0.12,1.0,45.0,0.7071067811865476,300.0,90.0,0.9,50.77481736061284,0.0938,0.1669,0.2401,0.3428,0.2555,19.290231116244954,43.65775251562986,23.339706615384355,2.9283324601064002,2.3563195328178423,0.19182120656597945,0.14856126328894004,0.159794196534655,0.21012404456034672,0.1294369232065752,29.7606528381409,90.2923857721087,54.77225300777574,10.238321736799858,8.889149020868741
0,0.12,1.0,45.0,0.7071067811865476,320.0,50.0,0.5,89.89379743803187,0.0145,0.0288,0.4156,0.2031,0.0641,13.52011164604891,46.979353329474634,31.810866849801954,1.707669665217357,1.0031599460436291,0.13444339330221014,0.1598642091487776,0.21779159408903673,0.12253474006685927,0.055105402765423334,4.936589299395131,94.31949426736101,91.81341189295803,4.069319845133808,1.9072250633664074
1,0.12,1.0,45.0,0.7071067811865476,320.0,50.0,0.5,89.89379743803187,0.0251,0.0472,0.3922,0.2218,0.0897,14.202281787294543,46.21275499409876,30.31159888667879,1.8551461856823814,1.125429948598932,0.14122686306928955,0.15725558157231528,0.2075269269488123,0.13311699579771016,0.061821916680788805,8.061739696962597,92.91602430664025,86.185345272397,4.8027923477902705,2.690277272330494
2,0.12,1.0,45.0,0.7071067811865476,320.0,50.0,0.5,89.89379743803187,0.0407,0.0745,0.3575,0.2494,0.1275,15.237953189323468,45.162077510662286,28.245758868332246,2.0567398641381076,1.2853196978334014,0.1515255337666959,0.15368027214261698,0.1933832510517369,0.1475824568244189,0.07060495179336175,12.774054881881359,90.95606210207826,78.01459029878536,5.823174993174977,3.769242504202713
3,0.12,1.0,45.0,0.7071067811865476,320.0,50.0,0.5,89.89379743803187,0.0673,0.1207,0.2988,0.2961,0.1916,16.96862221508147,43.15325071331181,24.678029932997383,2.4313692769350834,1.5716716128456527,0.16873523015067013,0.14684451378249022,0.16895696377786465,0.17446418849272408,0.08633478398177141,20.801473543064105,88.00661159866141,64.28950145814404,7.597466170347662,5.706037452658618
4,0.12,1.0,45.0,0.7071067811865476,320.0,50.0,0.5,89.89379743803187,0.0938,0.1669,0.2401,0.3428,0.2555,18.83801137792622,41.3272732593823,21.475649195531147,2.806458247096787,1.8803904646665726,0.187324353453411,0.14063096632157193,0.14703201564658988,0.20137889594280942,0.10329327274317472,29.20525539731201,86.27718615761064,51.44596201183276,9.499954446949912,7.74143003486049
0,0.12,1.0,45.0,0.7071067811865476,320.0,90.0,0.9,163.54494133649348,0.0145,0.0288,0.4156,0.2031,0.0641,13.800529356455215,46.41490024973015,30.570935557564674,1.7198252445788744,0.7876370744898573,0.13723185463419016,0.15794345377860247,0.2093024631900805,0.12340697009340602,0.043266338926231065,5.033997035991986,90.2969973896192,87.66770541861263,3.8071962837069595,1.665474360800617
1,0.12,1.0,45.0,0.7071067811865476,320.0,90.0,0.9,163.54494133649348,0.0251,0.0472,0.3922,0.2218,0.0897,14.530243529487999,45.69143122537569,29.128632087342844,1.872262125989228,0.8791044018854024,0.14448810015431598,0.15548158925247876,0.1994278007540357,0.134345159147577,0.04829080579802655,8.18736851907957,89.04104301200744,82.15827094537745,4.503174071788264,2.3504512863317157
2,0.12,1.0,45.0,0.7071067811865476,320.0,90.0,0.9,163.54494133649348,0.0407,0.0745,0.3575,0.2494,0.1275,15.59623815865513,44.50974783853357,27.126524668734152,2.085014929269748,0.990970404569823,0.1550883036836295,0.15146048494359415,0.1857204670842213,0.14961134907849433,0.054435809052985874,12.99371875991256,87.58716156435366,74.38006551707149,5.464163862167546,3.3009305836514207
3,0.12,1.0,45.0,0.7071067811865476,320.0,90.0,0.9,163.54494133649348,0.0673,0.1207,0.2988,0.2961,0.1916,17.39005908644731,42.74614526062508,23.779134812543987,2.4310810180491433,1.1997556058561814,0.172925979793307,0.1454591905155331,0.16280272088574993,0.17444350432389444,0.06590476039391628,21.184564382723988,85.6376345551748,61.55898423090069,7.099664859009954,4.981815123723381
4,0.12,1.0,45.0,0.7071067811865476,320.0,90.0,0.9,163.54494133649348,0.0938,0.1669,0.2401,0.3428,0.2555,19.403809687320933,41.03897031203532,20.652415419803702,2.8159405323962843,1.4130669938404297,0.19295062686232245,0.13964991146648156,0.14139578456963847,0.20205930233994815,0.07762234341313728,29.787347691831,84.40980591725372,49.04934365516474,8.89365790442773,6.769473827900031
0,0.12,1.0,60.0,0.5000000000000001,270.0,50.0,0.5,3.5027922523960817,0.0145,0.0288,0.4156,0.2031,0.0641,13.140647332549474,42.67928206695475,29.977985391780976,1.6779990320224003,1.5617852113881545,0.1306700169219295,0.1452316643616011,0.20524285794791167,0.12040570808824157,0.08579170594484946,3.0202173143821778,70.00764684912087,68.54788361364035,3.486314102942759,1.6880660837253636
1,0.12,1.0,60.0,0.5000000000000001,270.0,50.0,0.5,3.5027922523960817,0.0251,0.0472,0.3922,0.2218,0.0897,13.635671024735098,42.03022555706996,28.86968577367037,1.7811636122404682,1.6768102131581089,0.1355925106619774,0.14302301527871775,0.19765493707495116,0.12780833710871936,0.09211023877266553,4.928737866413904,68.34495683071353,64.31154472862774,4.06467665592162,2.4053179593556124
2,0.12,1.0,60.0,0.5000000000000001,270.0,50.0,0.5,3.5027922523960817,0.0407,0.0745,0.3575,0.2494,0.1275,14.314424577935842,41.09387254494344,27.290550657424557,1.9186031478585341,1.8371109629160738,0.14234200602837904,0.1398367361335391,0.18684346325146142,0.13767038368300571,0.10091585089249773,7.810392305264595,66.19549752313175,58.322173402921045,4.901911106167908,3.404191716242244
3,0.12,1.0,60.0,0.5000000000000001,270.0,50.0,0.5,3.5027922523960817,0.0673,0.1207,0.2988,0.2961,0.1916,15.375868304991632,39.42359953670686,24.609546377354985,2.15378498084017,2.1250775422241364,0.1528969555880174,0.13415302925806016,0.1684880943558943,0.1545459805035326,0.11673437953126165,12.693644481710361,62.46492497842267,48.074858708422326,6.331409994880126,5.147969277495621
4,0.12,1.0,60.0,0.5000000000000001,270.0,50.0,0.5,3.5027922523960817,0.0938,0.1669,0.2401,0.3428,0.2555,16.52616691532444,37.85108957667742,21.955674610951814,2.38854779726486,2.4203497180068796,0.1643354741840642,0.12880199644635557,0.1503184869308004,0.17139151056938504,0.13295421788914527,17.825534993141105,59.49800661476982,38.29098060000214,7.797159533035004,6.985851076417703
0,0.12,1.0,60.0,0.5000000000000001,270.0,90.0,0.9,6.307579202674779,0.0145,0.0288,0.4156,0.2031,0.0641,13.320470692436778,42.963336816499734,29.93420097613582,1.7009603685567645,1.5445921389589683,0.13245817247353836,0.14619826319007992,0.20494309001877475,0.12205331093622439,0.08484725916473031,3.0439180811263524,69.22066724315488,67.76542884873466,3.3380421166383862,1.6309506795921016
1,0.12,1.0,60.0,0.5000000000000001,270.0,90.0,0.9,6.307579202674779,0.0251,0.0472,0.3922,0.2218,0.0897,13.76593561603541,42.33297961365424,28.823692399728895,1.8047802300702827,1.6491663331158353,0.1368878560067518,0.14405324524980728,0.19734004561740168,0.1295029600126557,0.09059171009761585,4.961810892828537,67.59636021399788,63.56051222350251,3.89047321906135,2.3086420532436995
2,0.12,1.0,60.0,0.5000000000000001,270.0,90.0,0.9,6.307579202674779,0.0407,0.0745,0.3575,0.2494,0.1275,14.471639468318356,41.480037285111834,27.278939730446474,1.9447138644661113,1.815591567762835,0.14390534395738477,0.14115080106660052,0.18676396958952043,0.13954397196394625,0.09973375132615803,7.926875264731561,65.69836976140952,57.70798207686592,4.695503327437381,3.255612782759597
3,0.12,1.0,60.0,0.5000000000000001,270.0,90.0,0.9,6.307579202674779,0.0673,0.1207,0.2988,0.2961,0.1916,15.541531785752813,39.745018661260694,24.579291766239248,2.1836675125471596,2.1046132573690133,0.1545443059267476,0.1352467738609654,0.16828095759302164,0.1566902173719609,0.11561023909513735,12.847099093716835,62.21316731157411,47.652564635953695,6.092498350336563,4.930068408554565
4,0.12,1.0,60.0,0.5000000000000001,270.0,90.0,0.9,6.307579202674779,0.0938,0.1669,0.2401,0.3428,0.2555,16.7343897700542,38.12820485053876,21.86418175758692,2.4279193200043463,2.3931309705281563,0.16640603305856308,0.12974498120368502,0.14969208544114032,0.17421663500837034,0.13145904252005197,18.040160548874283,59.351180359048385,37.86441802664672,7.546632942489876,6.727888900450301
0,0.12,1.0,60.0,0.5000000000000001,285.0,50.0,0.5,10.524269951667252,0.0145,0.0288,0.4156,0.2031,0.0641,13.150893288662076,41.75829568704219,28.814504585462508,1.677020295210523,1.496838827186439,0.13077190225715946,0.1420976757298516,0.19727714168194094,0.1203354783106212,0.08222408278195474,3.0335498058253663,66.7846999128162,65.32688929581074,3.123980260920449,1.5431636030564326
1,0.12,1.0,60.0,0.5000000000000001,285.0,50.0,0.5,10.524269951667252,0.0251,0.0472,0.3922,0.2218,0.0897,13.654723596874241,41.11744475899415,27.761615603229632,1.7726864462446725,1.6135208911799153,0.1357819685981676,0.1399169491013651,0.1900685871046013,0.1272000535788563,0.08863364105550824,4.906418121010935,65.30213320111218,61.291539950009295,3.6627469427692425,2.1984662165633124
2,0.12,1.0,60.0,0.5000000000000001,285.0,50.0,0.5,10.524269951667252,0.0407,0.0745,0.3575,0.2494,0.1275,14.31435422198658,40.28791715662704,26.27260027691268,1.9097248978149342,1.7529226095473367,0.14234130641192577,0.13709418197663545,0.17987411415695212,0.13703332015514674,0.09629123132027621,7.843375812587188,63.52426736903138,55.611303010940915,4.435130144845807,3.095886975872146
3,0.12,1.0,60.0,0.5000000000000001,285.0,50.0,0.5,10.524269951667252,0.0673,0.1207,0.2988,0.2961,0.1916,15.407124401277,38.710698456756376,23.714625515585674,2.143962573983867,2.0317782900590426,0.15320776482953824,0.13172712597777617,0.16236106103773476,0.15384116850418444,0.1116092816956203,12.690013107499446,60.36577894390763,45.96949453707499,5.751298245792643,4.678703454401094
4,0.12,1.0,60.0,0.5000000000000001,285.0,50.0,0.5,10.524269951667252,0.0938,0.1669,0.2401,0.3428,0.2555,16.52638386440104,37.26261883127577,21.14956769265163,2.3801782107750333,2.301909257076422,0.16433763151610373,0.12679951229845643,0.1447995140725084,0.17079094646387494,0.12644806766949587,17.826857738001813,57.766781065818584,36.55241333160302,7.123064856499035,6.34803646166432
0,0.12,1.0,60.0,0.5000000000000001,285.0,90.0,0.9,18.966876247123928,0.0145,0.0288,0.4156,0.2031,0.0641,13.36998597758642,42.017732627350156,28.58071358888767,1.7012745993885838,1.460659379749599,0.13295055028299158,0.1429805035754254,0.19567650269061412,0.12207585873576797,0.08023667984516443,3.0718985776005305,65.56686592915926,64.09891095453084,2.9583472343589765,1.4725525420484056
1,0.12,1.0,60.0,0.5000000000000001,285.0,90.0,0.9,18.966876247123928,0.0251,0.0472,0.3922,0.2218,0.0897,13.860487107594112,41.33742712235095,27.538088262133456,1.8073812899395114,1.5687123721712444,0.13782807186441093,0.1406655185058454,0.18853821774466908,0.12968960043935307,0.0861722275022327,4.993971707444493,64.25750210700645,60.21521808749503,3.4864412067190673,2.084542457258167
2,0.12,1.0,60.0,0.5000000000000001,285.0,90.0,0.9,18.966876247123928,0.0407,0.0745,0.3575,0.2494,0.1275,14.546132581625207,40.57568845267471,26.046721374144337,1.9435835484818842,1.7169449032168986,0.14464610018727475,0.13807342769625494,0.17832764494134487,0.139462865542639,0.0943149103898663,7.943579477356803,62.591771156496286,54.62510451774341,4.213567447544932,2.9521668198737974
3,0.12,1.0,60.0,0.5000000000000001,285.0,90.0,0.9,18.966876247123928,0.0673,0.1207,0.2988,0.2961,0.1916,15.630437168533645,39.0096436956309,23.531744424900282,2.185626180195671,1.9849277477624305,0.15542837712799243,0.1327443950716333,0.16110897430721044,0.15683076260507958,0.10903569608425756,12.898055715748916,59.73004973472881,45.115335578389335,5.539648665030731,4.458053339295923
4,0.12,1.0,60.0,0.5000000000000001,285.0,90.0,0.9,18.966876247123928,0.0938,0.1669,0.2401,0.3428,0.2555,16.843974065394637,37.56311012317409,21.00083097338801,2.4203794330166755,2.2507801306921618,0.1674957344533371,0.12782204239584882,0.1437811951646664,0.17367560642949112,0.12363945164215066,18.120491929544613,57.46431585914941,35.93553206720296,6.847296181153876,6.064593804777094
0,0.12,1.0,60.0,0.5000000000000001,300.0,50.0,0.5,28.115555280876997,0.0145,0.0288,0.4156,0.2031,0.0641,13.151231049707576,40.45410961181518,27.204448036404017,1.6682312299959965,1.3722876654805112,0.13077526093808392,0.13765971180053102,0.18625396573239508,0.11970481428734502,0.07538226064005672,3.0502880082096135,62.88673340744557,61.384838889007234,2.796678978316941,1.3838797921811647
1,0.12,1.0,60.0,0.5000000000000001,300.0,50.0,0.5,28.115555280876997,0.0251,0.0472,0.3922,0.2218,0.0897,13.638182430518262,39.89685712257217,26.15821595578366,1.7657494233452857,1.4675395622998577,0.13561748397020787,0.1357634590389348,0.1790909873168347,0.1267022838315053,0.0806146208026627,4.922105568182131,61.60652171978414,57.58060252145137,3.287083839885886,1.9579687745588035
2,0.12,1.0,60.0,0.5000000000000001,300.0,50.0,0.5,28.115555280876997,0.0407,0.0745,0.3575,0.2494,0.1275,14.322472254946918,39.06911263930637,24.7825685748423,1.902500727816689,1.6107544444878032,0.1424220317732763,0.1329467596206495,0.16967268264081822,0.1365149460158362,0.08848167510052853,7.831821750018886,60.184359002237045,52.313391759699435,4.009414744345347,2.7583346082932656
3,0.12,1.0,60.0,0.5000000000000001,300.0,50.0,0.5,28.115555280876997,0.0673,0.1207,0.2988,0.2961,0.1916,15.373517509841607,37.617806929143406,22.40408709660267,2.127136037082168,1.8625929610935048,0.15287357938483198,0.12800816802358841,0.15338852178777052,0.1526337714487284,0.10231562345954762,12.663480894909972,57.53446942714871,43.1965490322851,5.233173751150453,4.178823885449916
4,0.12,1.0,60.0,0.5000000000000001,300.0,50.0,0.5,28.115555280876997,0.0938,0.1669,0.2401,0.3428,0.2555,16.549787694412586,36.32813151751755,19.975730977592885,2.363001342526082,2.0963716726005077,0.16457035816847126,0.12361958186548903,0.1367628965675543,0.1695584111972957,0.11515751383443985,17.8243862833998,55.5438616966572,34.33588794585254,6.490318268770811,5.646081071900072
0,0.12,1.0,60.0,0.5000000000000001,300.0,90.0,0.9,50.77481736061284,0.0145,0.0288,0.4156,0.2031,0.0641,13.44936593479834,40.489654334834135,26.65054949333036,1.6918792649808985,1.2765821153887091,0.13373990107292189,0.1377806655521714,0.18246172557656426,0.12140169154586218,0.07012498047701304,3.1026349221558336,61.14332479593574,59.63567235238391,2.6283338435576815,1.2847268326773749
1,0.12,1.0,60.0,0.5000000000000001,300.0,90.0,0.9,50.77481736061284,0.0251,0.0472,0.3922,0.2218,0.0897,13.920973388025216,39.96307502310825,25.725309264810683,1.792938700056172,1.3612279562871605,0.1384295447665791,0.13598878935002812,0.1761271121491449,0.12865326476314254,0.07477473067240635,5.010401733290193,60.066718963006565,55.99062166489347,3.1233521248716656,1.8255521110133832
2,0.12,1.0,60.0,0.5000000000000001,300.0,90.0,0.9,50.77481736061284,0.0407,0.0745,0.3575,0.2494,0.1275,14.621201053255446,39.14545036420139,24.276048837825783,1.9319391611335184,1.4969820401627958,0.14539257775493075,0.13320652628735885,0.166204819237936,0.1386273163693812,0.08223194973156184,7.957028267999018,58.65627852905631,50.667772204120105,3.8117174571226773,2.565800806593749
3,0.12,1.0,60.0,0.5000000000000001,300.0,90.0,0.9,50.77481736061284,0.0673,0.1207,0.2988,0.2961,0.1916,15.702685226914372,37.80601335853355,22.00974613749737,2.1694402141899936,1.7243213958018115,0.15614680863081512,0.1286486083417035,0.1506886850777666,0.15566933005308525,0.09472011456143527,12.908348112118656,56.601681549671696,42.00374959520036,5.005888177953539,3.895597843450762
4,0.12,1.0,60.0,0.5000000000000001,300.0,90.0,0.9,50.77481736061284,0.0938,0.1669,0.2401,0.3428,0.2555,16.924455000100778,36.504940407533915,19.6805618785678,2.404232757668999,1.9412942934273376,0.16829603331486234,0.12422123794139774,0.1347420353031937,0.1725169931994437,0.10663883097349941,18.13096232106241,54.942757323355686,33.44260279786299,6.2490921678764035,5.285066061851687
0,0.12,1.0,60.0,0.5000000000000001,320.0,50.0,0.5,89.89379743803187,0.0145,0.0288,0.4156,0.2031,0.0641,13.138969442573305,37.92714426890713,24.34985585934574,1.6292465514930732,1.0218491575658966,0.1306533320580845,0.12906079999224704,0.1667101355170457,0.11690744806116815,0.056132035190655696,3.0591669239693395,56.863434296828345,55.32417664587608,2.4291641429923887,1.1099413571610348
1,0.12,1.0,60.0,0.5000000000000001,320.0,50.0,0.5,89.89379743803187,0.0251,0.0472,0.3922,0.2218,0.0897,13.618680154138397,37.50452743095085,23.47566108109751,1.724400125818454,1.0883108624753781,0.13542355419490215,0.1276226936373337,0.16072500234862405,0.12373524311654793,0.05978289767969133,4.912969367318169,55.911434958586824,51.89639224204855,2.870298776558632,1.573576007266467
2,0.12,1.0,60.0,0.5000000000000001,320.0,50.0,0.5,89.89379743803187,0.0407,0.0745,0.3575,0.2494,0.1275,14.272279132731338,36.6501261596608,22.207055756431,1.8537537076809631,1.1937018691445613,0.14192291358196557,0.12471528487475288,0.15203955604395414,0.13301707780219382,0.06557221761143647,7.797128499401144,54.805945816199134,46.99730586722933,3.508584179145668,2.2171192125237154
3,0.12,1.0,60.0,0.5000000000000001,320.0,50.0,0.5,89.89379743803187,0.0673,0.1207,0.2988,0.2961,0.1916,15.336194924662655,35.616149720160955,20.10472426374471,2.078148876251341,1.3713698543705801,0.15250244524558576,0.12119680677608978,0.1376460429951709,0.1491186718124912,0.07533184360429408,12.630274565784312,53.26514294119439,38.98456647293812,4.613700859659733,3.348722976012528
4,0.12,1.0,60.0,0.5000000000000001,320.0,50.0,0.5,89.89379743803187,0.0938,0.1669,0.2401,0.3428,0.2555,16.51998737359743,34.40172964520724,18.002716540422483,2.309904637713016,1.5375129705099426,0.16427402509395447,0.11706430406803163,0.12325474661801275,0.16574842905894835,0.08445838754942474,17.818291535801393,52.17395968178509,31.06033142351511,5.736371173632426,4.533253673087192
0,0.12,1.0,60.0,0.5000000000000001,320.0,90.0,0.9,163.54494133649348,0.0145,0.0288,0.4156,0.2031,0.0641,13.528820197831003,37.59414185993036,23.462626274754882,1.6402499840198452,0.7943121794411103,0.13452999075665312,0.12792763908255206,0.1606357601640144,0.11769700518218172,0.043633014597733874,3.138322281379684,54.41273490029835,52.80286780515482,2.2720413878186183,0.9463039619339494
1,0.12,1.0,60.0,0.5000000000000001,320.0,90.0,0.9,163.54494133649348,0.0251,0.0472,0.3922,0.2218,0.0897,13.954260622117248,37.02125064699744,22.649210782852176,1.7302343803120142,0.8417725728205243,0.1387605515527757,0.12597816991805538,0.15506674950251112,0.1241538831336506,0.04624010043972013,5.029221895983004,53.70339590408153,49.57393700327192,2.677145396341749,1.3341617243346724
2,0.12,1.0,60.0,0.5000000000000001,320.0,90.0,0.9,163.54494133649348,0.0407,0.0745,0.3575,0.2494,0.1275,14.650559181885395,36.455781474914545,21.43420264047613,1.861134735630747,0.9139904071214922,0.14568451368988042,0.12405395692689167,0.14674825376931844,0.13354670736678403,0.05020715759914579,7.963248946953703,52.98189210494969,45.01011066014864,3.301639528324472,1.8964382471510777
3,0.12,1.0,60.0,0.5000000000000001,320.0,90.0,0.9,163.54494133649348,0.0673,0.1207,0.2988,0.2961,0.1916,15.749225707719102,35.35408782613013,19.421419312969416,2.0995125100140046,1.0223098399136565,0.15660960511719862,0.1203050465778713,0.1329678279945882,0.15065163065301634,0.05615734131100107,12.936998685933034,51.78939766560853,37.223598162598606,4.3273296670945065,2.883883629440136
4,0.12,1.0,60.0,0.5000000000000001,320.0,90.0,0.9,163.54494133649348,0.0938,0.1669,0.2401,0.3428,0.2555,16.97873560131091,34.302508785028145,17.41049730358749,2.337489001528787,1.1460691585749454,0.16883579721683475,0.11672666927275571,0.11920014564629201,0.1677277596747703,0.06295566607237277,18.18712816048766,51.13129407531657,29.68470113282289,5.410966222406802,3.917040735838463
0,0.12,1.0,65.0,0.42261826174069944,270.0,50.0,0.5,3.5027922523960817,0.0145,0.0288,0.4156,0.2031,0.0641,12.752736248539804,38.54694900593564,26.49667013440688,1.620457644147165,1.540767663729779,0.1268126462286158,0.13116990935815998,0.18140819782972287,0.11627679536583817,0.08463717377535443,2.3695760522911433,54.577350951316134,53.473787321448405,2.7002445804497794,1.290812999043565
1,0.12,1.0,65.0,0.42261826174069944,270.0,50.0,0.5,3.5027922523960817,0.0251,0.0472,0.3922,0.2218,0.0897,13.093167061852364,38.088400218971756,25.701654108498175,1.688482633192446,1.6255290104704165,0.13019787520634743,0.12960953157539215,0.175965158241191,0.1211579644352984,0.08929326891701532,3.8823560607077017,53.46006312449646,50.33265659892364,3.134178342920208,1.8306602820845983
2,0.12,1.0,65.0,0.42261826174069944,270.0,50.0,0.5,3.5027922523960817,0.0407,0.0745,0.3575,0.2494,0.1275,13.584777962892332,37.27829644213884,24.484644450079376,1.7992628080780304,1.7582313820343676,0.1350864323019159,0.12685286102900173,0.1676329592231553,0.12910705447926688,0.09658285186118955,6.108983025977013,51.821197362025245,45.71308803199247,3.8118738733437536,2.6245612371272222
3,0.12,1.0,65.0,0.42261826174069944,270.0,50.0,0.5,3.5027922523960817,0.0673,0.1207,0.2988,0.2961,0.1916,14.396223003691532,35.879150095370285,22.34306951160849,1.9907276397127038,1.98768877448862,0.14315540596273443,0.12209176049530782,0.15297076778043425,0.1428457147448713,0.10918736431063843,9.892336870156063,48.885785070933935,37.747904325601375,4.968291268320986,3.9794106493875967
4,0.12,1.0,65.0,0.42261826174069944,270.0,50.0,0.5,3.5027922523960817,0.0938,0.1669,0.2401,0.3428,0.2555,15.27908091626977,34.895253617358954,20.2460376922387,2.182226441335524,2.2122147969900454,0.15193450606768152,0.11874369754436749,0.13861353869414725,0.15658681254494294,0.12152098762769364,13.809651038949937,46.381052726438334,29.971139329455234,6.091180104427426,5.361213044044327
0,0.12,1.0,65.0,0.42261826174069944,270.0,90.0,0.9,6.307579202674779,0.0145,0.0288,0.4156,0.2031,0.0641,12.891367729436972,38.73174849210806,26.4690981251479,1.6309384962107571,1.5277688054927574,0.12819119155414738,0.13179875632207763,0.18121942737347896,0.11702885444930734,0.08392312281920655,2.4153306985545875,53.89540199463273,52.75447921950727,2.5755604015798266,1.2348734678287492
1,0.12,1.0,65.0,0.42261826174069944,270.0,90.0,0.9,6.307579202674779,0.0251,0.0472,0.3922,0.2218,0.0897,13.22502695852016,38.24338523162749,25.592838647553872,1.7028769729846673,1.6176906525846277,0.13150908419726418,0.13013692403020863,0.17522015833872087,0.12219083790069979,0.08886269364333195,3.933080576489506,52.80715387162268,49.62193103059816,3.012922600672127,1.759571404588465
2,0.12,1.0,65.0,0.42261826174069944,270.0,90.0,0.9,6.307579202674779,0.0407,0.0745,0.3575,0.2494,0.1275,13.730290825390087,37.42200348032247,24.429276822838588,1.8232965966665393,1.7479936113682675,0.1365334057822742,0.1273418761043524,0.1672538873841314,0.13083161169164784,0.09602047247373448,6.185704711829587,51.33488688490978,45.1519328914609,3.6583938160673974,2.5209730785151048
3,0.12,1.0,65.0,0.42261826174069944,270.0,90.0,0.9,6.307579202674779,0.0673,0.1207,0.2988,0.2961,0.1916,14.563268709063832,36.13628555695786,22.28730824615176,2.0208012331975826,1.9741987003597397,0.14481650108197308,0.12296675672870665,0.15258900091599814,0.1450036613522305,0.10844632997096092,9.974849422148331,48.55455086373564,37.28361031243357,4.799067317495614,3.848137967764676
4,0.12,1.0,65.0,0.42261826174069944,270.0,90.0,0.9,6.307579202674779,0.0938,0.1669,0.2401,0.3428,0.2555,15.441139515047432,35.081567487094304,20.17965131808002,2.2111389935896395,2.1972447755700184,0.15354600961912132,0.11937769774504721,0.13815902752593304,0.1586614480246782,0.12069865708807127,13.954858156466969,46.18433007976056,29.60996057198734,5.870687245225424,5.172979817037788
0,0.12,1.0,65.0,0.42261826174069944,285.0,50.0,0.5,10.524269951667252,0.0145,0.0288,0.4156,0.2031,0.0641,12.75368601824037,37.66229248628121,25.468779569252934,1.61100855549024,1.4713041969619902,0.12682209069658637,0.12815954619093997,0.17437079373158987,0.11559877101134591,0.08082141904071004,2.3713597686776264,51.898107373255606,50.78139287549106,2.4198348469263005,1.182068752970209
1,0.12,1.0,65.0,0.42261826174069944,285.0,50.0,0.5,10.524269951667252,0.0251,0.0472,0.3922,0.2218,0.0897,13.092855034450052,37.21443248380909,24.710956833622216,1.6824309165681925,1.558436076204217,0.13019477241963467,0.1266355408560335,0.1691823962443659,0.1207237203079854,0.0856077318498364,3.8747949786593647,51.04529542997449,47.9269874056766,2.8285965276021545,1.6744776156567582
2,0.12,1.0,65.0,0.42261826174069944,285.0,50.0,0.5,10.524269951667252,0.0407,0.0745,0.3575,0.2494,0.1275,13.59288244644435,36.434716566019155,23.52420658519626,1.7946724806781655,1.6831745710481705,0.1351670229285483,0.12398227596998841,0.1610573668444878,0.12877767310872376,0.09245984454217249,6.10265521780429,49.48399972246302,43.39271321362463,3.440111726375161,2.3954574134913247
3,0.12,1.0,65.0,0.42261826174069944,285.0,50.0,0.5,10.524269951667252,0.0673,0.1207,0.2988,0.2961,0.1916,14.387323353448824,35.23809656670691,21.530576116330728,1.9831859556074545,1.8988547296039515,0.14306690823363602,0.11991034444508927,0.1474080702098253,0.14230455721286964,0.10430754844283219,9.89252849709188,47.13607471874891,36.00300367294665,4.507777546204608,3.6273985459077247
4,0.12,1.0,65.0,0.42261826174069944,285.0,50.0,0.5,10.524269951667252,0.0938,0.1669,0.2401,0.3428,0.2555,15.273538109330534,34.27936545697147,19.482658280301216,2.1695369767988155,2.11926201075014,0.1518793886401899,0.11664791574435135,0.13338709768561965,0.15567627330526201,0.11641492179629777,13.847536432355618,44.9046012893304,28.490326278023424,5.5613842591789595,4.894576512259343
0,0.12,1.0,65.0,0.42261826174069944,285.0,90.0,0.9,18.966876247123928,0.0145,0.0288,0.4156,0.2031,0.0641,12.942265739684256,37.83256275703527,25.30716228077102,1.637038736027323,1.4353115546705715,0.1286973191209249,0.12873895225438123,0.17326428861630905,0.11746658038395014,0.07884427765076245,2.429568595630985,51.024694505202255,49.86932253310779,2.3131715811437807,1.1220420847399124
1,0.12,1.0,65.0,0.42261826174069944,285.0,90.0,0.9,18.966876247123928,0.0251,0.0472,0.3922,0.2218,0.0897,13.294954729172936,37.479168265462725,24.461428166232455,1.7069734955741709,1.5193498795886542,0.1322044428613596,0.1275363999221563,0.1674740100347626,0.12248478604588683,0.08346065588696154,3.9437776104330298,50.076011212557766,46.89684575822517,2.7157878139042904,1.5985076628567074
2,0.12,1.0,65.0,0.42261826174069944,285.0,90.0,0.9,18.966876247123928,0.0407,0.0745,0.3575,0.2494,0.1275,13.81799952018395,36.67676396570991,23.28258734991601,1.8243688205304043,1.639427250110887,0.1374055771710098,0.12480592962602552,0.1594031321874216,0.13090854968213178,0.09005672453158507,6.215153934037632,48.72858288581824,42.5380292213154,3.2898718714137383,2.2689383538314707
3,0.12,1.0,65.0,0.42261826174069944,285.0,90.0,0.9,18.966876247123928,0.0673,0.1207,0.2988,0.2961,0.1916,14.647440839584831,35.41199961505762,21.26586810608763,2.025586878334657,1.8489885401360011,0.14565350503171687,0.12050211234572798,0.14559575934790547,0.14534705785031668,0.1015683078403283,10.016446960220808,46.415143303024536,35.13877471303019,4.342375391076151,3.464793962398149
4,0.12,1.0,65.0,0.42261826174069944,285.0,90.0,0.9,18.966876247123928,0.0938,0.1669,0.2401,0.3428,0.2555,15.541063433289708,34.41659311156325,19.322280121081388,2.2078750283316295,2.0513502112918442,0.154539648650532,0.11711488237798726,0.1322890762101763,0.1584272404711777,0.11268440297282066,14.038692834829307,44.57271278318754,27.93394384794913,5.345183998165165,4.655263215930186
0,0.12,1.0,65.0,0.42261826174069944,300.0,50.0,0.5,28.115555280876997,0.0145,0.0288,0.4156,0.2031,0.0641,12.764023883979576,36.44522697612796,23.939562825359697,1.598815226934079,1.3382987242301023,0.12692488997708548,0.12401804143461902,0.16390108368147763,0.11472383227137078,0.07351518619738093,2.3860003891227155,48.679448968188815,47.561797575957726,2.1533742842023624,1.0386968673548789
1,0.12,1.0,65.0,0.42261826174069944,300.0,50.0,0.5,28.115555280876997,0.0251,0.0472,0.3922,0.2218,0.0897,13.10630168804083,36.0208446768957,23.2023351464243,1.669958651633283,1.4153522333377206,0.13032848534927843,0.1225739274603864,0.15885368927503124,0.11982876634061511,0.07774787578054324,3.8755159132106933,47.94808393564754,44.825701815142395,2.5348609416494954,1.477029644101727
2,0.12,1.0,65.0,0.42261826174069944,300.0,50.0,0.5,28.115555280876997,0.0407,0.0745,0.3575,0.2494,0.1275,13.607817246959527,35.37142551730007,22.1195314981587,1.7748239771643113,1.5289823564485434,0.13531553392550733,0.12036404433094613,0.15144032535273821,0.12735343324060105,0.08398978538329585,6.114042485297314,46.73881051717378,40.636849511265126,3.1079994834801052,2.1072817429008626
3,0.12,1.0,65.0,0.42261826174069944,300.0,50.0,0.5,28.115555280876997,0.0673,0.1207,0.2988,0.2961,0.1916,14.41427648963706,34.183642310880806,20.254444033535655,1.9627276937169689,1.7207227792346433,0.1433349290299245,0.11632218318392856,0.13867109231191455,0.14083656380991175,0.09452243599969223,9.886157945288428,44.73962369100343,33.62828390392241,4.084064340096211,3.20771815418116
4,0.12,1.0,65.0,0.42261826174069944,300.0,50.0,0.5,28.115555280876997,0.0938,0.1669,0.2401,0.3428,0.2555,15.30079970751546,33.308572029372826,18.373505151104073,2.146922710896745,1.912692026585504,0.15215047676895502,0.11334444065261313,0.12579333328940695,0.1540535746940758,0.10506765636616038,13.83352443387286,43.074128620143775,26.69419826275282,5.054593870912926,4.336081525245055
0,0.12,1.0,65.0,0.42261826174069944,300.0,90.0,0.9,50.77481736061284,0.0145,0.0288,0.4156,0.2031,0.0641,13.006738908708158,36.51448588969023,23.532521455383502,1.627033626111287,1.2501007258032488,0.12933843746724075,0.12425371989033306,0.16111429420963233,0.11674865842991355,0.06867030951985402,2.4460061694491424,47.40112168031892,46.236107709589014,2.054666696345423,0.9679282456761507
1,0.12,1.0,65.0,0.42261826174069944,300.0,90.0,0.9,50.77481736061284,0.0251,0.0472,0.3922,0.2218,0.0897,13.372656123323457,36.12042208083027,22.794637999823482,1.6991626337168992,1.3203138628576283,0.1329771020943151,0.12291277552450185,0.15606241005956728,0.12192431352191242,0.0725272450086212,3.945371380787596,46.65468708508616,43.47060697084717,2.4116252639479314,1.3726381723035341
2,0.12,1.0,65.0,0.42261826174069944,300.0,90.0,0.9,50.77481736061284,0.0407,0.0745,0.3575,0.2494,0.1275,13.90426492743366,35.43743795092821,21.709302855533046,1.8121132403674203,1.4240844018783552,0.13826339657212675,0.12058867546671206,0.148631714369571,0.1300291440451823,0.07822754970128239,6.227087622439937,45.639787352349416,39.42555098631969,2.9475015517452556,1.9658848901724308
3,0.12,1.0,65.0,0.42261826174069944,300.0,90.0,0.9,50.77481736061284,0.0673,0.1207,0.2988,0.2961,0.1916,14.750801730481331,34.29241756135326,19.8758118553027,2.0062840305260345,1.5917508762425296,0.14668132116746052,0.11669233024129193,0.1360788050265628,0.14396197179593703,0.08743777448800301,10.089839342460063,43.93062548745941,32.602863980272815,3.9345901628832474,3.015772748120824
4,0.12,1.0,65.0,0.42261826174069944,300.0,90.0,0.9,50.77481736061284,0.0938,0.1669,0.2401,0.3428,0.2555,15.671358781556645,33.453131032926976,18.06931256303882,2.188142960188338,1.768304711568931,0.1558352998412246,0.11383635484769467,0.12371069313446839,0.15701135548465603,0.09713619819781333,14.11881832757032,42.52354157143977,25.853531933998138,4.859920942475044,4.035893745170707
0,0.12,1.0,65.0,0.42261826174069944,320.0,50.0,0.5,89.89379743803187,0.0145,0.0288,0.4156,0.2031,0.0641,12.775608482820882,34.142163825379804,21.401819609449145,1.5556971485175402,1.0029278285821963,0.12704008671650924,0.11618103766336758,0.14652654488027428,0.11162987174810966,0.055092652130540445,2.408769628182787,43.78207483881294,42.60692588333053,1.8543963403943078,0.8201675253626199
1,0.12,1.0,65.0,0.42261826174069944,320.0,50.0,0.5,89.89379743803187,0.0251,0.0472,0.3922,0.2218,0.0897,13.094401139507537,33.771317681068595,20.73182272803127,1.6240455101204736,1.052755552273492,0.13021014682006657,0.11491909978269033,0.1419394429465968,0.11653424458648597,0.0578297797378798,3.874802479941604,43.30127743588662,40.1780887946404,2.1981884661242574,1.1635321383165067
2,0.12,1.0,65.0,0.42261826174069944,320.0,50.0,0.5,89.89379743803187,0.0407,0.0745,0.3575,0.2494,0.1275,13.610831788568012,33.218317253788165,19.83544742879293,1.7264709324714294,1.1253232131434434,0.13534551039417161,0.11303731619690698,0.13580245189115278,0.12388383494324572,0.06181605350783493,6.098917923944121,42.45389556880882,36.40173495598516,2.7125203792131205,1.6838554232674232
3,0.12,1.0,65.0,0.42261826174069944,320.0,50.0,0.5,89.89379743803187,0.0673,0.1207,0.2988,0.2961,0.1916,14.405962075033553,32.2874309169316,18.153825615414796,1.9098055058341354,1.2564335970348353,0.14325225085818444,0.10986963938779237,0.12428930774705348,0.1370391042262006,0.06901818566986824,9.869086105699743,41.121683609215474,30.09779999022505,3.5810139038401356,2.548723946121046
4,0.12,1.0,65.0,0.42261826174069944,320.0,50.0,0.5,89.89379743803187,0.0938,0.1669,0.2401,0.3428,0.2555,15.318678831182396,31.51378330967216,16.5063087687446,2.0882515635925913,1.389556326004098,0.15232826598534474,0.1072370241189743,0.11300966164312849,0.14984359548628573,0.0763308596118604,13.850649639569008,40.29481195191521,23.991687738370075,4.416566373465819,3.420165253018089
0,0.12,1.0,65.0,0.42261826174069944,320.0,90.0,0.9,163.54494133649348,0.0145,0.0288,0.4156,0.2031,0.0641,13.09276837366177,33.85614194202644,20.682648919704675,1.5755767232404818,0.7645636312818216,0.13019391066858205,0.11520774495197468,0.14160277679557853,0.11305634114727495,0.041998872670048794,2.4677219869034897,41.95390382794521,40.72020461524099,1.7566028260997169,0.7089994759726927
1,0.12,1.0,65.0,0.42261826174069944,320.0,90.0,0.9,163.54494133649348,0.0251,0.0472,0.3922,0.2218,0.0897,13.457910922578609,33.5534299841996,20.036528418885595,1.6358380460606547,0.801250456264753,0.133824872054152,0.11417765823710489,0.1371791433714592,0.11738042424030987,0.04401414677946894,3.9509118119372166,41.58280014098151,38.36157182014608,2.06894191297838,1.0096968454053068
2,0.12,1.0,65.0,0.42261826174069944,320.0,90.0,0.9,163.54494133649348,0.0407,0.0745,0.3575,0.2494,0.1275,13.9879581073346,32.97745965188453,19.11752183490645,1.7451200083273708,0.8503484867873385,0.1390956378580501,0.11221771125735498,0.13088720829631098,0.12522200924536056,0.0467111910121525,6.2242616604671275,40.932913117679824,34.72647391194475,2.530587304519261,1.4252405229519927
3,0.12,1.0,65.0,0.42261826174069944,320.0,90.0,0.9,163.54494133649348,0.0673,0.1207,0.2988,0.2961,0.1916,14.840727147490057,32.12873389969147,17.501653283051013,1.9317346026356692,0.9400089939827537,0.14757553554403355,0.10932961549735185,0.11982424074473262,0.13861263816617073,0.05163640595982008,10.106369116269253,39.98444616963562,28.705894520973786,3.369896149489337,2.1839269399448007
4,0.12,1.0,65.0,0.42261826174069944,320.0,90.0,0.9,163.54494133649348,0.0938,0.1669,0.2401,0.3428,0.2555,15.770137937073445,31.382958353289872,15.912834379582147,2.1077136778690804,1.0287744476684795,0.15681755540263384,0.10679184497735644,0.10894646733041165,0.15124010979030808,0.05651245398815186,14.175325291970342,39.40957195550275,22.785905013615206,4.132132040337405,2.922994075845157
0,0.12,3.0,0.0,1.0,270.0,50.0,0.5,3.5027922523960817,0.0145,0.0288,0.4156,0.2031,0.0641,19.835790932346015,77.90956800676987,54.78648226710438,2.840735146459238,2.470825426385206,0.19724622929109809,0.2651154303290716,0.37509305747063265,0.203838452986672,0.13572694047543638,6.827580699763105,167.16506219192112,164.06680130524657,8.042710109504755,3.7561922483278165
1,0.12,3.0,0.0,1.0,270.0,50.0,0.5,3.5027922523960817,0.0251,0.0472,0.3922,0.2218,0.0897,20.763977267300255,76.74377013765505,52.66690841698249,3.015892043565443,2.6337144313705907,0.20647607322692518,0.26114838222889175,0.3605814954378502,0.21640692878441625,0.144674730168575,11.314899706331818,162.85615969795967,153.6459900086253,9.336005665705015,5.304978641961913
2,0.12,3.0,0.0,1.0,270.0,50.0,0.5,3.5027922523960817,0.0407,0.0745,0.3575,0.2494,0.1275,22.13927035023635,74.56190432704231,49.340090793530294,3.2494300348365357,2.8979113435749277,0.22015192692514676,0.2537237961594295,0.3378045960570128,0.23316457087352455,0.15918754770462124,18.331796425304013,156.79499087973014,138.22840425517512,11.191247796477846,7.595130315312485
3,0.12,3.0,0.0,1.0,270.0,50.0,0.5,3.5027922523960817,0.0673,0.1207,0.2988,0.2961,0.1916,24.510261699582223,71.0316480518751,43.88537299026691,3.6889571677814263,3.3542172344322374,0.24372896022497162,0.24171082476827077,0.30045912882131004,0.2647030727774504,0.1842532613020357,30.48871199238482,148.3684105627696,113.546725376341,14.551518441089758,11.642645740757215
4,0.12,3.0,0.0,1.0,270.0,50.0,0.5,3.5027922523960817,0.0938,0.1669,0.2401,0.3428,0.2555,26.663945380512384,68.10964945171577,38.88114842246138,4.130396992825108,3.853433114523938,0.26514509566409444,0.23176766969603532,0.26619794219763676,0.2963788209146069,0.2116760987546706,42.5021886702821,140.2339231368419,89.38567017671792,18.05266697918271,15.96283793125153
0,0.12,3.0,0.0,1.0,270.0,90.0,0.9,6.307579202674779,0.0145,0.0288,0.4156,0.2031,0.0641,19.96682018850064,78.03594495194812,54.64097130245229,2.86272768489217,2.4438381137510987,0.1985491784294242,0.26554547350684526,0.3740968235390443,0.20541653921445935,0.13424447824384106,6.885277327029074,165.63031266724118,162.48445014973024,7.732153526923284,3.622722173217019
1,0.12,3.0,0.0,1.0,270.0,90.0,0.9,6.307579202674779,0.0251,0.0472,0.3922,0.2218,0.0897,20.930717534560763,76.90604053667472,52.356130946082025,3.0297166281676344,2.6090868170887864,0.20813413108306508,0.2617005658408203,0.35845377219428215,0.21739891916479598,0.143321890464894,11.367699353833078,161.3597995545357,152.1662533591174,9.016136745281049,5.138879833049568
2,0.12,3.0,0.0,1.0,270.0,90.0,0.9,6.307579202674779,0.0407,0.0745,0.3575,0.2494,0.1275,22.319852327119367,74.80371485871454,49.16252599121489,3.2869406446748473,2.867680063728093,0.2219476261306684,0.25454664378652475,0.33658890704316197,0.23585616452299177,0.15752688844620064,18.454332660210586,155.95784771807467,137.24880228431698,10.823410624645119,7.367767814950133
3,0.12,3.0,0.0,1.0,270.0,90.0,0.9,6.307579202674779,0.0673,0.1207,0.2988,0.2961,0.1916,24.71238654061389,71.49024817531512,43.7810874918988,3.729531538673136,3.332106071931341,0.24573888072048086,0.243271377241931,0.29974514309318767,0.267614508221822,0.18303865487757762,30.598839800435577,147.7807011389043,112.81753412138875,14.077778557023883,11.18351141498935
4,0.12,3.0,0.0,1.0,270.0,90.0,0.9,6.307579202674779,0.0938,0.1669,0.2401,0.3428,0.2555,26.952016088792778,68.6502582326138,38.842369616980406,4.161819292397901,3.8100191916602926,0.2680096580690584,0.23360728623164495,0.2659324449415435,0.29863354464067665,0.20929129290744417,43.0237943758893,140.2075581251861,88.6945647616437,17.47484977836784,15.30489157408137
0,0.12,3.0,0.0,1.0,285.0,50.0,0.5,10.524269951667252,0.0145,0.0288,0.4156,0.2031,0.0641,19.861938973930222,76.3366070692122,52.99789967039053,2.839657233490469,2.373753847330502,0.1975062442621886,0.2597628629035253,0.3628476113865174,0.20376110677145653,0.13039462185368347,6.848375777605902,161.03251155461552,157.88553708812816,7.324846602345865,3.4552525059966808
1,0.12,3.0,0.0,1.0,285.0,50.0,0.5,10.524269951667252,0.0251,0.0472,0.3922,0.2218,0.0897,20.772315771535894,75.22785511399961,50.82390647905766,3.0110089671977867,2.551966414661934,0.20655899094490363,0.2559899341188497,0.3479634699101261,0.2160565410568453,0.14018416273337042,11.254573026074873,157.21719342299974,148.07555702654452,8.559336853613953,4.886210118648594
2,0.12,3.0,0.0,1.0,285.0,50.0,0.5,10.524269951667252,0.0407,0.0745,0.3575,0.2494,0.1275,22.174385071946908,73.28478868691472,47.81834584140725,3.2530848054211536,2.7880890846100277,0.22050110616753932,0.2493779491579034,0.3273860412755707,0.23342682086994476,0.15315481101418899,18.38217198591667,152.0551003151746,133.45916398522442,10.321249449408372,7.009022898591431
3,0.12,3.0,0.0,1.0,285.0,50.0,0.5,10.524269951667252,0.0673,0.1207,0.2988,0.2961,0.1916,24.514293014169393,69.98941884389677,42.43842438097203,3.691000296623727,3.2320260911540735,0.24376904743924593,0.238164263645628,0.29055266366048377,0.26484967856820363,0.17754107927037996,30.367823340134006,144.3924166266542,109.7008342787898,13.507729612484463,10.770588463872556
4,0.12,3.0,0.0,1.0,285.0,50.0,0.5,10.524269951667252,0.0938,0.1669,0.2401,0.3428,0.2555,26.67086386587467,67.19881278994161,37.705669288177944,4.103286401178227,3.7139610993133103,0.26521389277708934,0.2286682191442781,0.2581500799472063,0.2944334860713564,0.2040146469562825,42.57049560686379,137.12791184941236,86.21353638529553,16.753981218364608,14.66904544321132
0,0.12,3.0,0.0,1.0,285.0,90.0,0.9,18.966876247123928,0.0145,0.0288,0.4156,0.2031,0.0641,20.07488952700339,76.531225429611,52.35388072961674,2.8693630193902444,2.331630306727341,0.19962381516028882,0.2604251221315906,0.35843836619376873,0.20589266115100185,0.12808069905403663,6.905785898888032,158.30537007315266,155.15223655741076,6.935566503240272,3.3390421514794886
1,0.12,3.0,0.0,1.0,285.0,90.0,0.9,18.966876247123928,0.0251,0.0472,0.3922,0.2218,0.0897,21.023658735200257,75.30164520214954,50.287636976772575,3.037485047343292,2.5087867092256797,0.20905833427891715,0.2562410315318425,0.34429192614756654,0.21795634619170196,0.13781222287598138,11.444150580500533,154.68299380174682,145.38463717148596,8.123668831768292,4.741828847001151
2,0.12,3.0,0.0,1.0,285.0,90.0,0.9,18.966876247123928,0.0407,0.0745,0.3575,0.2494,0.1275,22.440707083338772,73.4357022420454,47.22199458053881,3.2929729844780993,2.737807782787429,0.22314940049083773,0.24989148700870348,0.3233031505968983,0.2362890182562648,0.15039276753405226,18.482506000951428,149.70393989585975,131.01255109378462,9.80840022443191,6.720828349368877
3,0.12,3.0,0.0,1.0,285.0,90.0,0.9,18.966876247123928,0.0673,0.1207,0.2988,0.2961,0.1916,24.804038242954846,70.35278732030602,42.12018746785678,3.717459906254744,3.1547478465886583,0.24665026120218297,0.23940075606184685,0.2883738696988921,0.26674830185258136,0.17329604455923842,30.70847776941845,143.10895811340015,108.0438132389202,12.874114004662433,10.294341227467743
4,0.12,3.0,0.0,1.0,285.0,90.0,0.9,18.966876247123928,0.0938,0.1669,0.2401,0.3428,0.2555,27.082203085346436,67.65465033809461,37.25948331325453,4.152402997116542,3.6423206958927627,0.2693042318150978,0.23021937095824055,0.25509528879053756,0.29795787339219354,0.20007930912672067,43.173283682498166,136.4003629567946,84.75822848517271,16.01873700476077,14.019263568348052
0,0.12,3.0,0.0,1.0,300.0,50.0,0.5,28.115555280876997,0.0145,0.0288,0.4156,0.2031,0.0641,19.89759830988968,74.25968977681194,50.13218719353194,2.808825902096796,2.2269559699905908,0.1978608391246278,0.25269540205346974,0.3432276465649753,0.20154878827966086,0.12233074710686098,6.854735468014946,152.97626761141453,149.84351184708697,6.589271160533074,3.1530257116025564
1,0.12,3.0,0.0,1.0,300.0,50.0,0.5,28.115555280876997,0.0251,0.0472,0.3922,0.2218,0.0897,20.792107305823414,72.99916316143387,48.218141631754925,2.987113605216906,2.4003922729519576,0.20675579708807248,0.24840600519725606,0.33012322422946583,0.21434191671891278,0.13185791908628972,11.262218429583164,149.60349508480292,140.47215236127346,7.722342770026147,4.480890158212045
2,0.12,3.0,0.0,1.0,300.0,50.0,0.5,28.115555280876997,0.0407,0.0745,0.3575,0.2494,0.1275,22.190634644657557,71.23277489756542,45.43393473031208,3.224256668788149,2.614580634063531,0.22066269120116358,0.24239523146708966,0.31106128347186246,0.23135824267775235,0.14362367583651575,18.32643827755432,145.6768882737381,127.13379769191809,9.341131419476724,6.395185961665487
3,0.12,3.0,0.0,1.0,300.0,50.0,0.5,28.115555280876997,0.0673,0.1207,0.2988,0.2961,0.1916,24.577484725874044,68.20296600382608,40.29143537180337,3.6556745335144973,2.996679525739914,0.2443974230305548,0.23208521295166473,0.2758534050390107,0.2623148597514145,0.16461306382503219,30.405091414007376,138.81734528251047,104.14830269721816,12.241494242194062,9.724174847778485
4,0.12,3.0,0.0,1.0,300.0,50.0,0.5,28.115555280876997,0.0938,0.1669,0.2401,0.3428,0.2555,26.706225426514155,65.74198612428697,35.939962107800255,4.083554677203433,3.4296749743028543,0.26556552657489335,0.22371084050310355,0.24606124931820667,0.29301762578082724,0.18839829237483538,42.66378710898499,133.27737281664065,82.27314197141766,15.34874942279016,13.24883613925109
0,0.12,3.0,0.0,1.0,300.0,90.0,0.9,50.77481736061284,0.0145,0.0288,0.4156,0.2031,0.0641,20.14517676467304,74.00755785722095,49.064191321929535,2.855567269067892,2.112994117090805,0.20032274834852978,0.25183743217798216,0.3359156633846664,0.20490273978962337,0.11607061498266283,6.951681153483058,148.9563644300456,145.76088818477393,6.179626338300309,2.95567792657319
1,0.12,3.0,0.0,1.0,300.0,90.0,0.9,50.77481736061284,0.0251,0.0472,0.3922,0.2218,0.0897,21.147838351614432,72.9755447124049,47.15594209147202,3.043102480091289,2.2581574815647905,0.21029317090207236,0.24832563489822582,0.3228509253571609,0.21835942804976802,0.12404470296102696,11.482473177196594,145.85266440021059,136.47850546344986,7.307729114542672,4.209719637460884
2,0.12,3.0,0.0,1.0,300.0,90.0,0.9,50.77481736061284,0.0407,0.0745,0.3575,0.2494,0.1275,22.56793216930251,71.28923798235742,44.40124603170286,3.2837837667502,2.470304882254318,0.22441452112873783,0.2425873674961463,0.3039910291801522,0.23562964107773854,0.13569834603832504,18.57200803038858,142.17569212896407,123.41285074576771,8.899734549021183,6.01167808212757
3,0.12,3.0,0.0,1.0,300.0,90.0,0.9,50.77481736061284,0.0673,0.1207,0.2988,0.2961,0.1916,24.932096618069934,68.33903878117094,39.61593685079525,3.69520178734086,2.853234830299843,0.24792366803061483,0.2325482496985598,0.2712286363903041,0.2651511587569096,0.15673338546669707,30.691951244030122,136.69371425046606,101.70184373131275,11.631453881045672,9.137377854182558
4,0.12,3.0,0.0,1.0,300.0,90.0,0.9,50.77481736061284,0.0938,0.1669,0.2401,0.3428,0.2555,27.27774433102264,65.89675357746819,35.11682239868207,4.133410156442342,3.2357638183842816,0.2712486853290548,0.2242374926332695,0.24042566226384282,0.2965950320637168,0.17774639943418857,43.29116846736534,131.44256604671614,79.80226652417548,14.600378181707914,12.413941180463311
0,0.12,3.0,0.0,1.0,320.0,50.0,0.5,89.89379743803187,0.0145,0.0288,0.4156,0.2031,0.0641,19.82853205380903,70.04782023577191,45.49631423666935,2.7569914537533746,1.8127085100689924,0.19717404732340213,0.2383629954642597,0.31148836180934325,0.1978293800219392,0.0995753797164843,6.8283288525411985,140.7827432251585,137.6201399452682,5.726517336101677,2.610810436795915
1,0.12,3.0,0.0,1.0,320.0,50.0,0.5,89.89379743803187,0.0251,0.0472,0.3922,0.2218,0.0897,20.70388789839326,69.08814665846825,43.76924535034239,2.9391390507135844,1.9267065834369224,0.20587854719542928,0.23509735967739215,0.2996640664315809,0.2108994771853045,0.10583750149696142,11.258846796372044,137.91846338543576,128.74492263542132,6.735223449291224,3.7020286676487033
2,0.12,3.0,0.0,1.0,320.0,50.0,0.5,89.89379743803187,0.0407,0.0745,0.3575,0.2494,0.1275,22.129027094176507,67.40664781809134,41.11962076068841,3.1571226904510716,2.1007315706509586,0.22005006843912225,0.22937545285555452,0.2815235371010562,0.22654100855294235,0.11539701097448599,18.317996369094395,135.02198715081005,116.52937552272557,8.23017724730564,5.280837569592244
3,0.12,3.0,0.0,1.0,320.0,50.0,0.5,89.89379743803187,0.0673,0.1207,0.2988,0.2961,0.1916,24.529296032574855,64.8187819854048,36.63029630781482,3.563149260364361,2.3702155328355796,0.24391823679189417,0.22056930514585374,0.2507875897409697,0.255675659837054,0.1302002557945895,30.34352086367641,130.23574081538052,95.7736718536427,10.85118467711001,8.102342639628368
4,0.12,3.0,0.0,1.0,320.0,50.0,0.5,89.89379743803187,0.0938,0.1669,0.2401,0.3428,0.2555,26.679744136117463,62.868183535233385,32.61130851945473,3.9971090534479368,2.6697813185644734,0.2653021977923243,0.2139316897573115,0.22327178009063428,0.2868146743244933,0.14665594996622786,42.560586865581676,126.49927759833818,75.74818792288502,13.591763153616657,11.022109422592438
0,0.12,3.0,0.0,1.0,320.0,90.0,0.9,163.54494133649348,0.0145,0.0288,0.4156,0.2031,0.0641,20.22449624971044,69.2491601271737,43.39878688474488,2.7739131037547398,1.4824279528993796,0.20111149780582652,0.2356452661301774,0.2971277400828771,0.1990436019681701,0.08143246721265075,6.995088533838835,134.72037369670147,131.36883881884748,5.341980902134908,2.3123002518114113
1,0.12,3.0,0.0,1.0,320.0,90.0,0.9,163.54494133649348,0.0251,0.0472,0.3922,0.2218,0.0897,21.255013516102174,68.2720378136858,41.75374175787964,2.9438283542871493,1.5593513167448616,0.2113589160060091,0.23232025471948684,0.2858650164915955,0.21123596064354302,0.08565800767954668,11.545908783808821,132.81489117575845,123.34230018110567,6.339897450574452,3.2751265718713363
2,0.12,3.0,0.0,1.0,320.0,90.0,0.9,163.54494133649348,0.0407,0.0745,0.3575,0.2494,0.1275,22.69462919338704,66.70620757936014,39.30787264469275,3.1675434354489083,1.6843959196419407,0.2256743907426248,0.22699195208585593,0.26911948938574026,0.22728875462211573,0.09252693544471711,18.63137365908873,130.03952778329892,111.24901454900493,7.693201993552242,4.709994756030474
3,0.12,3.0,0.0,1.0,320.0,90.0,0.9,163.54494133649348,0.0673,0.1207,0.2988,0.2961,0.1916,25.03961642383343,64.14214277210125,35.17265914559232,3.5691662807562334,1.9035083447496,0.2489928402321819,0.2182667959572916,0.24080794590847748,0.25610741431786055,0.10456317999782759,30.658652121438777,126.64745373180648,91.79911127232586,10.225260164693516,7.118295343723872
4,0.12,3.0,0.0,1.0,320.0,90.0,0.9,163.54494133649348,0.0938,0.1669,0.2401,0.3428,0.2555,27.42381521096137,62.24234119759443,31.223311311289404,4.00549801579369,2.1207197550345414,0.27270120771020995,0.2118020352757607,0.21376892290711993,0.28741662875479396,0.11649499834464656,43.339592840115756,123.48304116984917,72.05704751954518,12.869606895084875,9.713523728977567
0,0.12,3.0,15.0,0.9659258262890683,270.0,50.0,0.5,3.5027922523960817,0.0145,0.0288,0.4156,0.2031,0.0641,20.071333503543162,76.95901961102123,53.75841731668295,2.873284154706159,2.5000027507737212,0.19958845421999696,0.2618808462666159,0.36805445945202053,0.2061740242896048,0.13732970404109476,6.47060399830325,158.2805133928615,155.31456554254146,7.6875112487353885,3.6140724709252083
1,0.12,3.0,15.0,0.9659258262890683,270.0,50.0,0.5,3.5027922523960817,0.0251,0.0472,0.3922,0.2218,0.0897,20.772622814850138,75.48839430883402,51.738887399796006,3.0205192448197455,2.6566388732219575,0.20656204417006466,0.2568765127833612,0.35422784347245484,0.21673895605788832,0.145934011508878,10.61155825727861,154.57198336108615,145.97272376045925,8.961668186176293,5.13067301912845
2,0.12,3.0,15.0,0.9659258262890683,270.0,50.0,0.5,3.5027922523960817,0.0407,0.0745,0.3575,0.2494,0.1275,21.988733504211822,73.54074552532735,48.5456721999289,3.24779000120307,2.9307076869610174,0.21865499517440457,0.25024893470046905,0.3323656467604929,0.23304688939269078,0.16098911057468124,17.268054091264077,148.72266605092824,131.1445785698224,10.79476198530486,7.358433418659678
3,0.12,3.0,15.0,0.9659258262890683,270.0,50.0,0.5,3.5027922523960817,0.0673,0.1207,0.2988,0.2961,0.1916,24.26474613054682,70.58281795860741,43.433641515861304,3.668352956651463,3.3781231381733106,0.24128756424587192,0.24018351834923168,0.2973663706649381,0.2632246067096167,0.18556645613135356,29.000455618172392,141.31681605662197,108.10182744538577,13.964871393763334,11.191337013612646
4,0.12,3.0,15.0,0.9659258262890683,270.0,50.0,0.5,3.5027922523960817,0.0938,0.1669,0.2401,0.3428,0.2555,26.606483721266315,67.53888294866731,38.52031490898331,4.086805938656211,3.823969348449341,0.26457369946145476,0.2298254306239362,0.2637275126280123,0.2932509217660638,0.21005760042553548,40.75565163961468,133.63961747171695,84.84493129828826,17.24106123966166,15.170188650860341
0,0.12,3.0,15.0,0.9659258262890683,270.0,90.0,0.9,6.307579202674779,0.0145,0.0288,0.4156,0.2031,0.0641,20.19552476964794,77.17293154826677,53.58189462963581,2.892355100252618,2.4730568406360924,0.2008234066871612,0.26260875885484186,0.3668459052310243,0.2075424700745026,0.13584951612403215,6.430886269139805,156.62092648842417,153.72146236940878,7.383572144524276,3.4903006501473097
1,0.12,3.0,15.0,0.9659258262890683,270.0,90.0,0.9,6.307579202674779,0.0251,0.0472,0.3922,0.2218,0.0897,20.944421990243523,75.76771844804159,51.58924463920627,3.0448810513287814,2.6436484851818465,0.20827040758532966,0.25782701400242686,0.35320332139556193,0.2184870503696555,0.14522042583607211,10.601984934852458,152.88574482691078,144.32543470875515,8.649422867373978,4.950338644140244
2,0.12,3.0,15.0,0.9659258262890683,270.0,90.0,0.9,6.307579202674779,0.0407,0.0745,0.3575,0.2494,0.1275,22.204606707758344,73.73323012899857,48.465178611073355,3.270310321987401,2.903154942594562,0.22080162877977827,0.25090393305098724,0.33181455121463527,0.23466284692226316,0.15947558814827822,17.373746998382693,147.46344208884395,129.7592910687082,10.465111835720029,7.0882204332486305
3,0.12,3.0,15.0,0.9659258262890683,270.0,90.0,0.9,6.307579202674779,0.0673,0.1207,0.2988,0.2961,0.1916,24.514395474172247,70.70299757844386,43.22965940403378,3.7063783055580464,3.3459336394618933,0.24377006629699075,0.2405924728903088,0.2959698167920014,0.2659531357331892,0.18379822834444332,29.174662166997607,140.24239680665096,106.79886239514126,13.475906044748527,10.739637228105986
4,0.12,3.0,15.0,0.9659258262890683,270.0,90.0,0.9,6.307579202674779,0.0938,0.1669,0.2401,0.3428,0.2555,26.815642995143918,67.9549336470162,38.41141844155423,4.1243470363104695,3.7945121943598727,0.2666535700466173,0.23124119331847323,0.2629819581184787,0.2959447030848903,0.20843946530478508,41.03195000674582,133.3738791074886,84.14852386666084,16.6529122115358,14.574447728979704
0,0.12,3.0,15.0,0.9659258262890683,285.0,50.0,0.5,10.524269951667252,0.0145,0.0288,0.4156,0.2031,0.0641,20.090048366559202,75.51182502570796,51.94566780844281,2.8717437018824428,2.410855075453845,0.1997745539915767,0.2569562442559631,0.35564355575210466,0.206063488282446,0.13243265988230682,6.463237823645311,152.63203466829373,149.68414094752018,7.013074812792918,3.3454865045382975
1,0.12,3.0,15.0,0.9659258262890683,285.0,50.0,0.5,10.524269951667252,0.0251,0.0472,0.3922,0.2218,0.0897,20.82213583806965,74.21766531305559,49.94963374911559,3.0149701776291153,2.572110054037191,0.2070543994869845,0.252552398644798,0.3419778030491225,0.21634077980655175,0.14129068952933435,10.645307446996068,149.23210086471653,140.62777239465612,8.196085353304243,4.723081641566186
2,0.12,3.0,15.0,0.9659258262890683,285.0,50.0,0.5,10.524269951667252,0.0407,0.0745,0.3575,0.2494,0.1275,22.038460436255445,72.3757315734288,46.88916468618109,3.2332051036616196,2.8318554505796745,0.2191494775912274,0.24628455416160996,0.32102444648000295,0.2320003423552016,0.15555897720308845,17.279470713751483,144.21758280340111,126.63894078145373,9.922243551670448,6.761563532506225
3,0.12,3.0,15.0,0.9659258262890683,285.0,50.0,0.5,10.524269951667252,0.0673,0.1207,0.2988,0.2961,0.1916,24.327829938106532,69.43844664805091,42.12084602946269,3.6596744251090523,3.2612783285541593,0.24191486684312746,0.23628938184948797,0.28837837850975334,0.2626018740884479,0.17914795794419358,28.914053317135195,137.49103812581149,104.33114331761561,12.849751697944747,10.257569598765121
4,0.12,3.0,15.0,0.9659258262890683,285.0,50.0,0.5,10.524269951667252,0.0938,0.1669,0.2401,0.3428,0.2555,26.58494923010948,66.62841257863086,37.31230210097709,4.079997571161162,3.692548449790056,0.2643595614321281,0.22672722651204705,0.25545691012045174,0.2927623837553009,0.20283841112180023,40.673344333234645,130.66987132060504,81.9429024859877,15.974542452681503,13.951658597443691
0,0.12,3.0,15.0,0.9659258262890683,285.0,90.0,0.9,18.966876247123928,0.0145,0.0288,0.4156,0.2031,0.0641,20.270736783075627,75.55692953234221,51.406193849572034,2.8977774795968303,2.3738244990724326,0.20157131162811373,0.2571097286224157,0.3519500728292172,0.20793155577241035,0.13039850288253685,6.457263288673592,149.73968976414778,146.8233332737695,6.6134692888192985,3.1982274592239337
1,0.12,3.0,15.0,0.9659258262890683,285.0,90.0,0.9,18.966876247123928,0.0251,0.0472,0.3922,0.2218,0.0897,21.102262777932147,74.32478931751423,49.483579239986845,3.0490242096349975,2.5236574397731792,0.20983996940951427,0.2529169267415031,0.3387869829135133,0.2187843448853623,0.13862909918714983,10.654973740270702,146.68853796749383,138.0623153982986,7.775761707307696,4.5410188081433605
2,0.12,3.0,15.0,0.9659258262890683,285.0,90.0,0.9,18.966876247123928,0.0407,0.0745,0.3575,0.2494,0.1275,22.327502731975084,72.49741373770243,46.40206765922335,3.271869238428092,2.7781954449890467,0.22202370141879213,0.2466986216525499,0.3176895597421454,0.23477470779602397,0.15261133537176497,17.452935652700305,141.99447097446551,124.23622940390244,9.449461796315797,6.485464063758743
3,0.12,3.0,15.0,0.9659258262890683,285.0,90.0,0.9,18.966876247123928,0.0673,0.1207,0.2988,0.2961,0.1916,24.679594666312298,69.59599988408719,41.60814138264541,3.7105075049856744,3.1782673254640317,0.24541279977017053,0.23682551361147985,0.28486817041468887,0.26624942862217965,0.1745880123669363,29.32958155778266,135.74724251223765,102.23223394522734,12.302938422554512,9.858062254324146
4,0.12,3.0,15.0,0.9659258262890683,285.0,90.0,0.9,18.966876247123928,0.0938,0.1669,0.2401,0.3428,0.2555,26.988124954912454,67.05361902300226,36.914150366015825,4.133654900252233,3.6074879604052423,0.26836872303956427,0.2281741449376302,0.25273098311393666,0.296612593785248,0.19816588352990383,41.23759228607186,129.93882283694572,80.61699776284428,15.296888013639556,13.345854039201008
0,0.12,3.0,15.0,0.9659258262890683,300.0,50.0,0.5,28.115555280876997,0.0145,0.0288,0.4156,0.2031,0.0641,20.07305572955122,73.40422353086228,49.38133889659565,2.8590148367002204,2.2487953639899265,0.1996055799593857,0.24978436933015608,0.3380869992421309,0.20515012182860598,0.1235304247925905,6.467633286819214,145.12002447872763,142.15904731107838,6.275018293788833,3.0170592504379927
1,0.12,3.0,15.0,0.9659258262890683,300.0,50.0,0.5,28.115555280876997,0.0251,0.0472,0.3922,0.2218,0.0897,20.78289791580847,72.15174039180008,47.479789273505816,2.989146234594794,2.4050517900994843,0.20666421932035378,0.24552234330578473,0.3250681297593359,0.21448776911504358,0.13211387484899687,10.599778006462696,142.07063175488534,133.51644246150846,7.359991264420786,4.269587753376093
2,0.12,3.0,15.0,0.9659258262890683,300.0,50.0,0.5,28.115555280876997,0.0407,0.0745,0.3575,0.2494,0.1275,22.023281812028557,70.4938107145562,44.49078759116647,3.2135704106833014,2.621699776954824,0.21899854202204383,0.23988063906992432,0.30460407122848354,0.2305914445751473,0.1440147433207355,17.304698831039858,137.5318563596917,119.92010291134343,8.96565182708195,6.1475502849491575
3,0.12,3.0,15.0,0.9659258262890683,300.0,50.0,0.5,28.115555280876997,0.0673,0.1207,0.2988,0.2961,0.1916,24.29767672494168,67.7161707797805,40.04580576803185,3.6308182760118317,3.0124237741949837,0.24161502462266532,0.23042871646982355,0.2741717135839037,0.260531285847069,0.16547792406569192,28.924211616658546,132.33294897135093,99.2296026983611,11.717808541782798,9.318922331225568
4,0.12,3.0,15.0,0.9659258262890683,300.0,50.0,0.5,28.115555280876997,0.0938,0.1669,0.2401,0.3428,0.2555,26.54132327997226,65.1766870283048,35.45246062313903,4.054980011893629,3.4100098584510055,0.26392574691002724,0.22178720625726964,0.24272359347982764,0.29096723555749987,0.18731805174748709,40.69795856573752,126.67868007496583,78.0075099767729,14.613551613632866,12.639453742193513
0,0.12,3.0,15.0,0.9659258262890683,300.0,90.0,0.9,50.77481736061284,0.0145,0.0288,0.4156,0.2031,0.0641,20.4397277204993,73.05647653107134,48.25609139771605,2.8895704760180543,2.1376614554603703,0.20325175004899018,0.2486010346274504,0.33038304550572983,0.2073426578896778,0.11742563680282904,6.49626583398668,140.9614521808462,137.9941716180235,5.916554696670311,2.829577018175879
1,0.12,3.0,15.0,0.9659258262890683,300.0,90.0,0.9,50.77481736061284,0.0251,0.0472,0.3922,0.2218,0.0897,21.211633810265443,71.87115041379865,46.42086594388517,3.0266546798337925,2.2796911964781916,0.21092755012636075,0.2445675346132579,0.3178182613082476,0.21717920744254218,0.12522758913787113,10.764569251764922,138.29995629090217,129.6060879184146,6.981366969966039,4.026663536399521
2,0.12,3.0,15.0,0.9659258262890683,300.0,90.0,0.9,50.77481736061284,0.0407,0.0745,0.3575,0.2494,0.1275,22.415725605312037,70.24159779940123,43.5226053453265,3.2505589315996364,2.491665466268271,0.2229009857762595,0.23902239357779106,0.29797545731218267,0.23324557545786917,0.13687172181956098,17.596731171849125,134.62853936146186,116.77480467642408,8.50964967243416,5.744112106733923
3,0.12,3.0,15.0,0.9659258262890683,300.0,90.0,0.9,50.77481736061284,0.0673,0.1207,0.2988,0.2961,0.1916,24.81826664194601,67.6072847688839,39.040207008157516,3.6883160671058586,2.8385307018563655,0.2467917477735745,0.23005819251013276,0.2672869292754134,0.2646570702593771,0.15592566091251406,29.363868096506337,129.59770752416898,96.11495031748238,11.188963494428078,8.75898401062874
4,0.12,3.0,15.0,0.9659258262890683,300.0,90.0,0.9,50.77481736061284,0.0938,0.1669,0.2401,0.3428,0.2555,27.117909505456637,65.29993055949163,34.7035204870953,4.108466318968667,3.2183540780583395,0.26965929488025325,0.2222065868627818,0.2375960102902095,0.2948051738122278,0.1767900506919106,41.274002399901036,125.12278281301313,75.83978742644526,13.927344802456206,11.810826360498245
0,0.12,3.0,15.0,0.9659258262890683,320.0,50.0,0.5,89.89379743803187,0.0145,0.0288,0.4156,0.2031,0.0641,20.041670182885248,69.4936761272356,44.58568593156174,2.8058554006420287,1.825771151030524,0.19929348346899528,0.23647732009013675,0.3052537882238951,0.2013356383765841,0.10029293437384898,6.474706345529476,133.20122943565624,130.19369955622582,5.504989720405179,2.5171531720021574
1,0.12,3.0,15.0,0.9659258262890683,320.0,50.0,0.5,89.89379743803187,0.0251,0.0472,0.3922,0.2218,0.0897,20.82234818823473,68.3022279929798,42.902984387870895,2.949967397032271,1.9378232057443379,0.20705651108765094,0.23242298770312428,0.29373325175731985,0.2116764709028484,0.10644815780561609,10.640993812396381,130.9580862110816,122.32769686498506,6.48720556162867,3.5494974380745608
2,0.12,3.0,15.0,0.9659258262890683,320.0,50.0,0.5,89.89379743803187,0.0407,0.0745,0.3575,0.2494,0.1275,22.018010528877028,66.93731975568431,40.36248078517408,3.140712835764308,2.120298599025135,0.2189461246151095,0.2277783946967962,0.27633981409864994,0.22536351075021505,0.11647186347805132,17.387278870106186,127.78568275792415,110.13063136273009,7.850435739338014,5.084643477150667
3,0.12,3.0,15.0,0.9659258262890683,320.0,50.0,0.5,89.89379743803187,0.0673,0.1207,0.2988,0.2961,0.1916,24.26167773908749,64.40376060850991,36.335569464528504,3.56442286060745,2.3936519436259722,0.24125705229666827,0.21915704508914682,0.24876975635958998,0.25576704769614333,0.1314876605210979,28.893306290704956,123.77541666917459,90.88879766693205,10.357090581733317,7.736643389698591
4,0.12,3.0,15.0,0.9659258262890683,320.0,50.0,0.5,89.89379743803187,0.0938,0.1669,0.2401,0.3428,0.2555,26.537280872977853,62.21476665015113,32.251947509339814,3.969627018820681,2.667852396403572,0.2638855493933451,0.21170820292373269,0.2208114319455833,0.28484268639371835,0.1465499907590258,40.68325334202319,120.06455359768589,71.62869640975077,13.023037514355313,10.517803337166448
0,0.12,3.0,15.0,0.9659258262890683,320.0,90.0,0.9,163.54494133649348,0.0145,0.0288,0.4156,0.2031,0.0641,20.533843690525913,68.28169475361491,42.6009346149851,2.810382692154696,1.499479642368332,0.2041876350997623,0.23235311594373015,0.29166528228507527,0.20166049657369975,0.08236914756928122,6.524451370370608,127.45132086940833,124.38775445638862,5.1238057380287465,2.2391427360057405
1,0.12,3.0,15.0,0.9659258262890683,320.0,90.0,0.9,163.54494133649348,0.0251,0.0472,0.3922,0.2218,0.0897,21.270185887649504,67.38037841280854,41.01042285642143,2.9672059574116627,1.574139024953573,0.2115097893988232,0.22928606172088112,0.28077591881848063,0.21291343292087825,0.08647032342244731,10.823013026628834,125.72421387288756,116.91534068837292,6.057937722129447,3.1533738626966192
2,0.12,3.0,15.0,0.9659258262890683,320.0,90.0,0.9,163.54494133649348,0.0407,0.0745,0.3575,0.2494,0.1275,22.531223782008464,65.95099501717988,38.53944623207518,3.1689432720000443,1.699425356883563,0.22404949454614262,0.22442206871293127,0.2638584943259611,0.22738920063425927,0.0933525298036263,17.637134851399352,123.22091424414985,105.36752135566354,7.414248945325574,4.523454096241736
3,0.12,3.0,15.0,0.9659258262890683,320.0,90.0,0.9,163.54494133649348,0.0673,0.1207,0.2988,0.2961,0.1916,24.86885016127411,63.59372538342817,34.69176568856521,3.5771462056674617,1.9133751315451242,0.24729474805653628,0.2164006078148368,0.23751553161849803,0.2566800180506943,0.10510518056564559,29.347803825493177,120.04487621382481,86.77399040895568,9.770121150329427,6.863020141894092
4,0.12,3.0,15.0,0.9659258262890683,320.0,90.0,0.9,163.54494133649348,0.0938,0.1669,0.2401,0.3428,0.2555,27.23088953556939,61.80029412635319,30.943208413305964,3.9958921680075816,2.1062340142667875,0.2707827633116832,0.21029781053782293,0.21185121167501775,0.2867273560660724,0.11569927022321311,41.306463183597266,117.48192767659512,68.43832629610148,12.200246893662598,9.222927113887577
0,0.12,3.0,30.0,0.8660254037844387,270.0,50.0,0.5,3.5027922523960817,0.0145,0.0288,0.4156,0.2031,0.0641,20.488902570563056,73.44538100103182,50.25372377739832,2.887838035009687,2.597773388809333,0.20374074258697938,0.24992442248016591,0.3440597410333648,0.2072183456687809,0.14270042324577725,5.644840066249468,135.5221931292343,132.92392428669984,6.471445823994551,2.96429785644768
1,0.12,3.0,30.0,0.8660254037844387,270.0,50.0,0.5,3.5027922523960817,0.0251,0.0472,0.3922,0.2218,0.0897,21.183055236367608,72.23107486236593,48.28966594661944,3.0245220338971697,2.7384875498663424,0.21064336604925027,0.24579230748145783,0.33061291206551313,0.21702617830533755,0.1504301083776714,9.329871977490884,132.03291458698695,124.41609500691148,7.534137080298184,4.218978283483179
2,0.12,3.0,30.0,0.8660254037844387,270.0,50.0,0.5,3.5027922523960817,0.0407,0.0745,0.3575,0.2494,0.1275,22.258493557823382,70.73663910290169,45.71234855192559,3.2096821806342986,2.948394812172352,0.2213374772377478,0.24070695032179437,0.31296743052255194,0.23031244257137623,0.1619606965738801,15.134884347220797,128.01388434216182,112.57779242004978,9.041795588575232,6.0770534874160935
3,0.12,3.0,30.0,0.8660254037844387,270.0,50.0,0.5,3.5027922523960817,0.0673,0.1207,0.2988,0.2961,0.1916,24.108154541170464,68.11848093189612,41.37417684614146,3.570292096042481,3.3003850663407843,0.23973042439455303,0.23179772199549425,0.2832663432904521,0.2561881977892037,0.18129616227100392,25.052670584370322,120.74364236942174,92.01205344369484,11.688689598101986,9.257159300509414
4,0.12,3.0,30.0,0.8660254037844387,270.0,50.0,0.5,3.5027922523960817,0.0938,0.1669,0.2401,0.3428,0.2555,25.90233476802988,65.65782842718632,37.18808751737903,3.945064344615761,3.6813679378541364,0.2575716733582923,0.2234244635579714,0.254606480853665,0.2830801787141879,0.2022242452394977,34.8258015088568,114.87068448677672,73.05182325996552,14.46882004584793,12.59373951371283
0,0.12,3.0,30.0,0.8660254037844387,270.0,90.0,0.9,6.307579202674779,0.0145,0.0288,0.4156,0.2031,0.0641,20.653677959559555,73.6303795543815,50.163100231298976,2.910077697198887,2.5770488645412697,0.20537926178041038,0.25055394684201704,0.34343929121474875,0.20881416439241063,0.1415619873847588,5.67476594198013,134.13435627950776,131.50777470561724,6.190460620316496,2.8476561070852853
1,0.12,3.0,30.0,0.8660254037844387,270.0,90.0,0.9,6.307579202674779,0.0251,0.0472,0.3922,0.2218,0.0897,21.3029544482011,72.6901071785831,48.26159151163911,3.031002229797324,2.697918488498164,0.21183563851823287,0.24735433064706303,0.3304207017753508,0.21749116818972872,0.14820157595338,9.417918221807827,130.9469365844319,123.24271634153443,7.206764661490565,4.044135264670974
2,0.12,3.0,30.0,0.8660254037844387,270.0,90.0,0.9,6.307579202674779,0.0407,0.0745,0.3575,0.2494,0.1275,22.440022161790957,71.04269853559073,45.63572381641348,3.2376610049272987,2.9343705137115617,0.22314258966120518,0.241748428028314,0.3124428228979742,0.2323200779073841,0.16119031631873507,15.303988753962715,126.98429692478297,111.39608803149765,8.710587255526907,5.872233389901577
3,0.12,3.0,30.0,0.8660254037844387,270.0,90.0,0.9,6.307579202674779,0.0673,0.1207,0.2988,0.2961,0.1916,24.31325220934741,68.31356410403555,41.10186270764359,3.590391397787287,3.272224353372414,0.24176990655194613,0.23246156291330314,0.2814019574314794,0.25763043381704326,0.17974924302208087,25.13628463813329,119.6490735029375,90.85384914270094,11.317638547448361,8.929695324002621
4,0.12,3.0,30.0,0.8660254037844387,270.0,90.0,0.9,6.307579202674779,0.0938,0.1669,0.2401,0.3428,0.2555,26.16782875799216,66.01036830792913,37.0025172942825,3.983423153848471,3.651794153148512,0.26021173387305163,0.22462410776833552,0.25333598310538047,0.285832635359839,0.20059970338659713,35.12745208982164,114.43148519021109,72.34101762011122,14.05709096773092,12.13767228464695
0,0.12,3.0,30.0,0.8660254037844387,285.0,50.0,0.5,10.524269951667252,0.0145,0.0288,0.4156,0.2031,0.0641,20.490203256607874,72.00693612873458,48.71301123705199,2.8719982084339017,2.5217879685619633,0.20375367655158444,0.2450295945266777,0.333511325557001,0.2060817505346623,0.13852640572888456,5.628281272841821,130.3986469991724,127.80012412147146,5.870329719686985,2.7329039187409547
1,0.12,3.0,30.0,0.8660254037844387,285.0,50.0,0.5,10.524269951667252,0.0251,0.0472,0.3922,0.2218,0.0897,21.209443655285536,70.82018649282092,46.76231788387523,3.0072334957235283,2.6395278890368097,0.21090577132193478,0.24099125047642214,0.3201559958524319,0.2157856301042465,0.14499407398550088,9.390833200086856,127.42140673293028,119.75021924810176,6.8708782561847555,3.8635066179563364
2,0.12,3.0,30.0,0.8660254037844387,285.0,50.0,0.5,10.524269951667252,0.0407,0.0745,0.3575,0.2494,0.1275,22.253301990087085,69.4333819288665,44.262711165467984,3.1919796784251364,2.848189791464663,0.22128585251738314,0.23627214731411028,0.30304255677615693,0.22904219016195804,0.15645625229558488,15.169974163109009,123.69040841454824,108.24239489890365,8.304662556654215,5.585623926171702
3,0.12,3.0,30.0,0.8660254037844387,285.0,50.0,0.5,10.524269951667252,0.0673,0.1207,0.2988,0.2961,0.1916,24.100126614312995,67.04440499388788,40.015030303391406,3.552589962816739,3.1810404230266713,0.23965059504431127,0.2281427908773239,0.2739610108220293,0.25491797185638604,0.1747403436663465,25.04823353162057,117.27295560905135,88.5807688716406,10.800309634041746,8.52303256445161
4,0.12,3.0,30.0,0.8660254037844387,285.0,50.0,0.5,10.524269951667252,0.0938,0.1669,0.2401,0.3428,0.2555,25.90869478322916,64.72413899910687,35.96342787135019,3.9251368644487794,3.5602053695091667,0.25763491706864244,0.22024724821906108,0.2462219065575767,0.28165027183454683,0.1955685647021367,34.872717087017996,112.169360688122,70.38133276046831,13.423773175069728,11.581345550530894
0,0.12,3.0,30.0,0.8660254037844387,285.0,90.0,0.9,18.966876247123928,0.0145,0.0288,0.4156,0.2031,0.0641,20.767177356785538,72.21020684136421,48.17017902431604,2.9093685669141602,2.461277902608052,0.2065078947754845,0.2457212965066889,0.3297948505079919,0.20876328037374917,0.1352024776066511,5.704562833514078,127.8691339182896,125.17846596081205,5.55511649926982,2.6004286880621845
1,0.12,3.0,30.0,0.8660254037844387,285.0,90.0,0.9,18.966876247123928,0.0251,0.0472,0.3922,0.2218,0.0897,21.48055075361667,71.12866039067931,46.32359224813096,3.0183495695403586,2.5838777749382094,0.21360164833849812,0.24204094427229722,0.3171522815548108,0.21658326986060766,0.14193711186949973,9.471527490785629,125.08991887786388,117.35653409485525,6.491163619271674,3.685491869679419
2,0.12,3.0,30.0,0.8660254037844387,285.0,90.0,0.9,18.966876247123928,0.0407,0.0745,0.3575,0.2494,0.1275,22.51550711242601,69.640979483973,43.72340580742938,3.2291896365711414,2.789297205793036,0.2238932086776977,0.23697857293762986,0.2993502281708861,0.23171221039021986,0.15322117531097104,15.330582553579045,121.63729021107758,106.02700568073044,7.93337402391286,5.3503439547019545
3,0.12,3.0,30.0,0.8660254037844387,285.0,90.0,0.9,18.966876247123928,0.0673,0.1207,0.2988,0.2961,0.1916,24.39489073228001,67.24895346285967,39.515497057660085,3.5850769333931995,3.106902328172354,0.24258171641968834,0.2288388408845566,0.27054098010101885,0.25724909161346127,0.1706678030975959,25.179692972457605,115.55278332994499,86.73720034273833,10.326390941062558,8.120128350958522
4,0.12,3.0,30.0,0.8660254037844387,285.0,90.0,0.9,18.966876247123928,0.0938,0.1669,0.2401,0.3428,0.2555,26.2409224055875,64.86095482882143,35.62030948774365,3.973139438568967,3.460759937326889,0.2609385738776921,0.22071281346988436,0.24387276278605485,0.2850947219305838,0.19010584600488553,35.21774894037808,111.08071319416248,68.8827886849559,12.865579342668125,11.125967251731803
0,0.12,3.0,30.0,0.8660254037844387,300.0,50.0,0.5,28.115555280876997,0.0145,0.0288,0.4156,0.2031,0.0641,20.473738923363832,69.93932367342812,46.20326867793281,2.8560669207690874,2.349474524920639,0.2035899559486977,0.23799379674385993,0.3163284919270817,0.20493859256172384,0.12906091445682843,5.647694686526496,123.93524650710819,121.33860262309089,5.282361983667361,2.459668818625943
1,0.12,3.0,30.0,0.8660254037844387,300.0,50.0,0.5,28.115555280876997,0.0251,0.0472,0.3922,0.2218,0.0897,21.17521387136587,69.00172112757869,44.48181648043685,2.9824728159292726,2.475990431531241,0.2105653918618653,0.23480326560911013,0.3045426509435294,0.214008914428922,0.1360106636144834,9.342106295482797,121.20899840044514,113.61368668922317,6.16179995364349,3.4714279623013193
2,0.12,3.0,30.0,0.8660254037844387,300.0,50.0,0.5,28.115555280876997,0.0407,0.0745,0.3575,0.2494,0.1275,22.2759367857945,67.51676277131386,42.10579488138588,3.1730312670270786,2.65738898452441,0.2215109319265829,0.2297501587351548,0.2882753315369061,0.22768253687969084,0.14597521648880524,15.199369355560435,117.98928602145408,102.52352712120606,7.507808779834824,5.024966516629769
3,0.12,3.0,30.0,0.8660254037844387,300.0,50.0,0.5,28.115555280876997,0.0673,0.1207,0.2988,0.2961,0.1916,24.116788589819393,65.39147450941078,38.01394455742273,3.533864195267408,2.9613454453386905,0.2398162809931291,0.22251809819955023,0.2602606719855829,0.2535742945012474,0.1626720984390691,25.108851078758978,112.63622453411882,83.89941628060132,9.806542921537783,7.646728254199266
4,0.12,3.0,30.0,0.8660254037844387,300.0,50.0,0.5,28.115555280876997,0.0938,0.1669,0.2401,0.3428,0.2555,25.95726064049598,63.201862587321386,34.29836691358189,3.901234679001777,3.2928442094778236,0.25811785380914565,0.21506715318945913,0.23482214552748598,0.27993515787519363,0.18088192927030577,34.73432129836904,108.30796007729103,66.72819646003151,12.20495155382904,10.420641044370944
0,0.12,3.0,30.0,0.8660254037844387,300.0,90.0,0.9,50.77481736061284,0.0145,0.0288,0.4156,0.2031,0.0641,20.84855273572181,70.01740684605056,45.15442477717308,2.903784907056044,2.2181318197704414,0.20731708795094492,0.23825950292656473,0.3091476318085701,0.20836262190726001,0.1218460204649514,5.726086530047348,120.23091658654937,117.53007266790269,4.940814333316601,2.2837468706585087
1,0.12,3.0,30.0,0.8660254037844387,300.0,90.0,0.9,50.77481736061284,0.0251,0.0472,0.3922,0.2218,0.0897,21.571967256219203,69.03829670681746,43.4706903454868,3.013179374135642,2.3213110762729925,0.2145106900043853,0.2349277272211753,0.2976200237232269,0.21621227975466634,0.12751384493206058,9.501823445743426,117.90868091052322,110.12067833586507,5.807354938798046,3.245527349980491
2,0.12,3.0,30.0,0.8660254037844387,300.0,90.0,0.9,50.77481736061284,0.0407,0.0745,0.3575,0.2494,0.1275,22.709269618291202,67.61982014676859,41.21953447521133,3.210622642107724,2.499779842822511,0.22581997448150443,0.2301008486586298,0.2822075916180251,0.23037992588184097,0.1373174593013805,15.443680265887814,115.12536530258616,99.41474349116402,7.142922579480986,4.740956872710294
3,0.12,3.0,30.0,0.8660254037844387,300.0,90.0,0.9,50.77481736061284,0.0673,0.1207,0.2988,0.2961,0.1916,24.60823507276117,65.32641654004308,37.18774799216901,3.561944755996185,2.7953218617458298,0.2447032031223881,0.22229671497299,0.25460415631038635,0.255589229989016,0.1535521206344074,25.2268500019223,110.24221379957461,81.38723520332545,9.380044096325436,7.215566289417209
4,0.12,3.0,30.0,0.8660254037844387,300.0,90.0,0.9,50.77481736061284,0.0938,0.1669,0.2401,0.3428,0.2555,26.412829814286148,63.18039359650357,33.54201590675082,3.9523918268791536,3.100008194237312,0.26264801356016615,0.21499409719794213,0.2296438241618231,0.2836059660797291,0.17028909576512358,35.2740910788708,106.93866974694252,64.76483774695889,11.69484884512895,9.841912530923064
0,0.12,3.0,30.0,0.8660254037844387,320.0,50.0,0.5,89.89379743803187,0.0145,0.0288,0.4156,0.2031,0.0641,20.495100029519932,66.19859044042934,41.86586719715152,2.80570081379296,1.889390085515957,0.2038023698452319,0.22526460152195144,0.28663267800400444,0.20132454591546345,0.10378763830631081,5.629706266111047,113.43816805072649,110.80302154061572,4.526566945389224,2.033900347586994
1,0.12,3.0,30.0,0.8660254037844387,320.0,50.0,0.5,89.89379743803187,0.0251,0.0472,0.3922,0.2218,0.0897,21.159098292066936,65.22810826536376,40.216789643905024,2.9376171054502,1.977116768955974,0.21040513925281137,0.22196218557931843,0.27534234659638235,0.21079026919792654,0.108606624793264,9.31716052249153,111.24345155947668,103.64045170586104,5.363973397341237,2.891388610241135
2,0.12,3.0,30.0,0.8660254037844387,320.0,50.0,0.5,89.89379743803187,0.0407,0.0745,0.3575,0.2494,0.1275,22.218472089364056,63.92299827288404,38.11448761424617,3.113705212424819,2.1000929068887113,0.2209395055223159,0.2175210776880134,0.26094903526482177,0.2234255644523245,0.11536192801090762,15.16266847171503,108.89861105789277,93.53021677935769,6.608510892669003,4.174321160556295
3,0.12,3.0,30.0,0.8660254037844387,320.0,50.0,0.5,89.89379743803187,0.0673,0.1207,0.2988,0.2961,0.1916,24.08288965842855,62.155584838935475,34.507994838170056,3.4589520381805667,2.325225112172423,0.23947919151599922,0.21150681544656522,0.23625735319023844,0.2481989330461293,0.12772885005215842,25.03535844458812,105.22825131800366,76.64832504411277,8.659885633302505,6.343971184403971
4,0.12,3.0,30.0,0.8660254037844387,320.0,50.0,0.5,89.89379743803187,0.0938,0.1669,0.2401,0.3428,0.2555,25.83629787194492,60.302677602769805,31.09307491981272,3.8233720973363985,2.5739478389100627,0.25691500537911904,0.20520162967999508,0.2128772656177403,0.274348087143872,0.141391642399328,34.63217482828816,102.241122439772,60.95201873542586,10.869329060818016,8.638911975750965
0,0.12,3.0,30.0,0.8660254037844387,320.0,90.0,0.9,163.54494133649348,0.0145,0.0288,0.4156,0.2031,0.0641,20.921008020937286,65.37082628639067,40.06253438478634,2.817023754710563,1.5499782704038876,0.20803758010826337,0.2224478351667603,0.2742862452666481,0.20213702953005896,0.08514312917408462,5.711004021592302,108.3456474748817,105.5633639866922,4.275305423740583,1.801022351756908
1,0.12,3.0,30.0,0.8660254037844387,320.0,90.0,0.9,163.54494133649348,0.0251,0.0472,0.3922,0.2218,0.0897,21.663356304541715,64.52470288247827,38.45727793993959,2.9278660402743784,1.61381769160966,0.21541945866612403,0.21956859483622423,0.26329593300337034,0.21009057635859615,0.08864994484363947,9.505629546590193,106.60285657368576,98.79094151329,5.01112376219072,2.5193607021138993
2,0.12,3.0,30.0,0.8660254037844387,320.0,90.0,0.9,163.54494133649348,0.0407,0.0745,0.3575,0.2494,0.1275,22.812895329429992,63.29848041598235,36.57055036145633,3.125292601526281,1.7145729593896997,0.22685042397804575,0.21539593023030584,0.2503785419473584,0.22425702368622763,0.0941846151957148,15.47099652223292,105.12897662818781,89.42576057513745,6.19657197139086,3.678592780533405
3,0.12,3.0,30.0,0.8660254037844387,320.0,90.0,0.9,163.54494133649348,0.0673,0.1207,0.2988,0.2961,0.1916,24.665278168123805,61.530764205071094,33.12662354667335,3.468771744022076,1.8812429198704255,0.24527043714425031,0.20938063768094028,0.22679986003155161,0.24890355123273228,0.10334009965999198,25.252174378721193,101.94749141870811,73.27055359818785,8.202974251966921,5.608929502500646
4,0.12,3.0,30.0,0.8660254037844387,320.0,90.0,0.9,163.54494133649348,0.0938,0.1669,0.2401,0.3428,0.2555,26.522657032766837,59.721041848145084,29.880798470969438,3.838664139874713,2.052739247656636,0.2637401305719219,0.20322240405563138,0.20457747229501233,0.275445375744642,0.11276070527001619,35.118187622061555,99.90738234146266,58.16206199032469,10.209815798206112,7.602293825583518
0,0.12,3.0,45.0,0.7071067811865476,270.0,50.0,0.5,3.5027922523960817,0.0145,0.0288,0.4156,0.2031,0.0641,20.37770509514695,66.91451141540985,44.57952927174581,2.803191811252045,2.6348068412584977,0.202634999800754,0.22770078108525066,0.3052116369438968,0.20114451111105122,0.1447347382331867,4.157556291915386,100.43276849627496,98.57453516080649,4.71501921460418,2.1377449223333014
1,0.12,3.0,45.0,0.7071067811865476,270.0,50.0,0.5,3.5027922523960817,0.0251,0.0472,0.3922,0.2218,0.0897,20.90025737691277,65.98564754175118,43.11520827492333,2.9271378312809095,2.7278457893656394,0.20783123662021402,0.22453998643727177,0.29518623255420157,0.21003832333709757,0.14984553709286563,6.932405478693415,97.4222757037167,91.79727162994317,5.48389449934015,3.038945703122873
2,0.12,3.0,45.0,0.7071067811865476,270.0,50.0,0.5,3.5027922523960817,0.0407,0.0745,0.3575,0.2494,0.1275,21.781314059703814,64.8450125725943,41.166309034364374,3.08958162913489,2.8753665664032915,0.21659242537568063,0.22065856418795143,0.2818431861567441,0.22169456397364795,0.15794912203661146,11.044741878920258,94.07256203418369,82.91211689145858,6.633894724695674,4.403006205519009
3,0.12,3.0,45.0,0.7071067811865476,270.0,50.0,0.5,3.5027922523960817,0.0673,0.1207,0.2988,0.2961,0.1916,23.077380216864913,63.08244278313205,37.895963992407694,3.330384337288756,3.142675518255949,0.2294804500218244,0.21466078419541315,0.2594529236319315,0.23897348966521256,0.172632889578107,18.2216765703539,88.54859796568421,67.70019348638891,8.529689256954585,6.676422925261264
4,0.12,3.0,45.0,0.7071067811865476,270.0,50.0,0.5,3.5027922523960817,0.0938,0.1669,0.2401,0.3428,0.2555,24.470737053895213,61.341755585420856,34.85988243797295,3.6021294803142827,3.4230517332510555,0.24333592889325315,0.20873746762087625,0.23866653498534926,0.258472706137402,0.18803446568178278,25.47871160439304,84.10317160753019,53.56180166118438,10.568668038680125,9.068165408734849
0,0.12,3.0,45.0,0.7071067811865476,270.0,90.0,0.9,6.307579202674779,0.0145,0.0288,0.4156,0.2031,0.0641,20.47153379735328,67.10945494863074,44.397840461224355,2.8391777248467824,2.619190571423745,0.20356802827300396,0.22836414683122985,0.3039677131030771,0.20372669937510188,0.14387690809121234,4.221714850420686,99.25930670395883,97.38164452417749,4.492735231259692,2.054158249252918
1,0.12,3.0,45.0,0.7071067811865476,270.0,90.0,0.9,6.307579202674779,0.0251,0.0472,0.3922,0.2218,0.0897,21.028115951794568,66.19022869477304,42.89288722432351,2.965968236380005,2.706352274919134,0.20910265664394712,0.22523614766378372,0.2936641220050517,0.21282461959358281,0.14866485920088007,7.073860665477606,96.61416807196159,90.89894219856988,5.25411031647508,2.942784846322801
2,0.12,3.0,45.0,0.7071067811865476,270.0,90.0,0.9,6.307579202674779,0.0407,0.0745,0.3575,0.2494,0.1275,21.937676411363697,65.07810731211659,40.96780900608001,3.109660111539734,2.8465494211623796,0.21814728569726766,0.2214517531858743,0.2804841651092859,0.22313530609873655,0.15636614376748,11.173852507146325,93.40560762525317,82.13114340732386,6.356971483947007,4.243838633122248
3,0.12,3.0,45.0,0.7071067811865476,270.0,90.0,0.9,6.307579202674779,0.0673,0.1207,0.2988,0.2961,0.1916,23.328216048057293,63.33150439373681,37.6881037439792,3.3535444077518264,3.122483380835125,0.23197475045292618,0.21550830623620015,0.2580298182803316,0.24063535277136622,0.1715236986961767,18.35878216783454,87.97642770988486,66.97838821803688,8.23125970278851,6.457588484004441
4,0.12,3.0,45.0,0.7071067811865476,270.0,90.0,0.9,6.307579202674779,0.0938,0.1669,0.2401,0.3428,0.2555,24.72916337041029,61.59662879195873,34.669950854082444,3.6444928135900807,3.40548105063513,0.24590570877528772,0.20960476571479927,0.23736617738683802,0.2615125095238812,0.18706927608641202,25.7443692778331,83.9563716995659,53.15999725376666,10.21008060805092,8.738087523317667
0,0.12,3.0,45.0,0.7071067811865476,285.0,50.0,0.5,10.524269951667252,0.0145,0.0288,0.4156,0.2031,0.0641,20.36063954680388,65.6905445305252,43.1334878410619,2.7951834907342397,2.535257862065764,0.20246530074146588,0.22353579191002473,0.2953113827384883,0.2005698698364482,0.139266331510074,4.151050413717487,96.32878574760035,94.48753896009543,4.27808646056091,1.958825019792724
1,0.12,3.0,45.0,0.7071067811865476,285.0,50.0,0.5,10.524269951667252,0.0251,0.0472,0.3922,0.2218,0.0897,20.899832424170814,64.77726956157655,41.62945046597955,2.913298638775273,2.629870132804074,0.20782701090890945,0.22042804413788264,0.28501406204505003,0.2090452847588796,0.14446355584717796,6.9317583540770755,93.54287843896631,87.9476859814664,4.980221421407793,2.7850563814466023
2,0.12,3.0,45.0,0.7071067811865476,285.0,50.0,0.5,10.524269951667252,0.0407,0.0745,0.3575,0.2494,0.1275,21.758300151842,63.67953963720626,39.80602753080117,3.0810587881290434,2.7729829631798504,0.21636357609195517,0.21669262179207732,0.2725300832328385,0.2210830030092798,0.1523250042531472,11.06018272003964,90.6457275845216,79.48634003939685,6.0714731805142055,4.053741898798758
3,0.12,3.0,45.0,0.7071067811865476,285.0,50.0,0.5,10.524269951667252,0.0673,0.1207,0.2988,0.2961,0.1916,23.10708122570085,62.06899953847816,36.6914806091674,3.3165611471235987,3.032523684067977,0.2297757955424044,0.21121217770465245,0.2512064851639621,0.23798159934339982,0.1665820487204574,18.23723663234343,85.95096732634394,65.08973296871798,7.812812779791778,6.144489556867204
4,0.12,3.0,45.0,0.7071067811865476,285.0,50.0,0.5,10.524269951667252,0.0938,0.1669,0.2401,0.3428,0.2555,24.49338253752243,60.363725472674794,33.77581973921744,3.5865923001483284,3.312501388861349,0.2435611145826555,0.2054093670954962,0.2312445510334754,0.25735782755649983,0.18196173393299536,25.520603390880297,82.01156422225449,51.47543569255664,9.686731008638828,8.327345585113132
0,0.12,3.0,45.0,0.7071067811865476,285.0,90.0,0.9,18.966876247123928,0.0145,0.0288,0.4156,0.2031,0.0641,20.586713306410687,65.8573290362258,42.597686347322295,2.851288166257241,2.479405001883923,0.20471336822595365,0.2241033363995179,0.29164304317428175,0.20459569050409557,0.13619823218248447,4.234593641821108,94.54281129957741,92.65175599138723,4.008322036170693,1.866232599042905
1,0.12,3.0,45.0,0.7071067811865476,285.0,90.0,0.9,18.966876247123928,0.0251,0.0472,0.3922,0.2218,0.0897,21.117283119475807,64.96023649673444,41.27758297707982,2.9630869340640564,2.5827022021140604,0.20998933102268394,0.22105065518542638,0.28260501793828574,0.2126178702218922,0.14187253551334605,7.066568171107549,92.08956578726766,86.34426570429126,4.703150348013047,2.6441922833594784
2,0.12,3.0,45.0,0.7071067811865476,285.0,90.0,0.9,18.966876247123928,0.0407,0.0745,0.3575,0.2494,0.1275,22.046507616226055,63.925338856817454,39.41158022422439,3.1170896055685327,2.713554913098046,0.21922949839357622,0.2175290423697926,0.2698295184199051,0.22366841337246166,0.1490605132333082,11.2174896116849,89.3373224737058,78.0038444639936,5.7313977714630315,3.8616537057795988
3,0.12,3.0,45.0,0.7071067811865476,285.0,90.0,0.9,18.966876247123928,0.0673,0.1207,0.2988,0.2961,0.1916,23.44765505895048,62.128261931831176,36.33400249935403,3.3635414846889216,2.9797616770715005,0.23316244670407604,0.2114138393916323,0.24875902820669674,0.24135269831475,0.16368373558732274,18.448623244387473,84.76191143915315,63.74107499446697,7.454670112166816,5.879666605778091
4,0.12,3.0,45.0,0.7071067811865476,285.0,90.0,0.9,18.966876247123928,0.0938,0.1669,0.2401,0.3428,0.2555,24.892811221053947,60.62266108420359,33.42480545915879,3.6418606180315214,3.239693672781026,0.24753301577711828,0.2062904889889203,0.22884134838065412,0.2613236349393273,0.1779622734931521,25.86176863908022,81.50652034492023,50.63898087206351,9.278469397038899,7.956856631881076
0,0.12,3.0,45.0,0.7071067811865476,300.0,50.0,0.5,28.115555280876997,0.0145,0.0288,0.4156,0.2031,0.0641,20.35260882648914,63.886870805227915,40.894369632216204,2.787739822324306,2.3678355659414687,0.20238544361320832,0.21739814093737553,0.2799813659124511,0.2000357454725075,0.13006951987876111,4.159896926978709,90.96320177121217,89.10739147829203,3.798004156522109,1.751742317954276
1,0.12,3.0,45.0,0.7071067811865476,300.0,50.0,0.5,28.115555280876997,0.0251,0.0472,0.3922,0.2218,0.0897,20.899689640264615,63.035193629466455,39.62051758984302,2.898097633460145,2.444993164763475,0.20782559107205006,0.21450000189322338,0.2712599982033609,0.20795452858221178,0.13430792729950028,6.953579626814062,88.90332587173067,83.2814417566265,4.462434627349819,2.5046951560414157
2,0.12,3.0,45.0,0.7071067811865476,300.0,50.0,0.5,28.115555280876997,0.0407,0.0745,0.3575,0.2494,0.1275,21.762906280831025,62.0178123418452,37.79027932375386,3.0678183177485554,2.5836878846727607,0.21640937923526377,0.21103799478964122,0.25872935855067897,0.22013292605383447,0.14192668085139534,11.046557510366604,86.24459367754834,75.11061293976218,5.472226625276013,3.6514670807846095
3,0.12,3.0,45.0,0.7071067811865476,300.0,50.0,0.5,28.115555280876997,0.0673,0.1207,0.2988,0.2961,0.1916,23.1128616512398,60.44769810172992,34.836257195565906,3.295516115956174,2.818288910144009,0.22983327583876087,0.20569511427979428,0.23850478588153312,0.23647150200061479,0.15481374242992074,18.221625007791506,82.1003767448436,61.32291077760463,7.141068661445205,5.544938981642788
4,0.12,3.0,45.0,0.7071067811865476,300.0,50.0,0.5,28.115555280876997,0.0938,0.1669,0.2401,0.3428,0.2555,24.474058220886725,58.89121138370762,32.12185869080102,3.562582527959577,3.058608530821273,0.2433689544311889,0.20039860633337478,0.21992078500733742,0.25563499365358644,0.168014936857672,25.516659507325837,79.10319166669694,48.65869260890142,8.84223049809547,7.485701601367828
0,0.12,3.0,45.0,0.7071067811865476,300.0,90.0,0.9,50.77481736061284,0.0145,0.0288,0.4156,0.2031,0.0641,20.723745068511455,63.87127465201584,39.95398502306653,2.8448071732830025,2.2420580289480125,0.20607600601840062,0.21734506939589376,0.2735430671999224,0.20413064342523188,0.12316033070887583,4.2036786021683685,88.66718987397901,86.81446473010513,3.5696728569193956,1.6361641077409121
1,0.12,3.0,45.0,0.7071067811865476,300.0,90.0,0.9,50.77481736061284,0.0251,0.0472,0.3922,0.2218,0.0897,21.294351677799142,63.003739713605455,38.76690197172704,2.954226524570881,2.3154116937219507,0.21175009294916378,0.21439296858971052,0.26541575928065025,0.21198208685216538,0.12718978110472717,7.085233796176856,86.62161279837036,80.89258891935955,4.197448066211053,2.3203981333387356
2,0.12,3.0,45.0,0.7071067811865476,300.0,90.0,0.9,50.77481736061284,0.0407,0.0745,0.3575,0.2494,0.1275,22.15859087091853,61.98814184437202,36.945116420008745,3.104999973339397,2.438431299739704,0.22034404932981913,0.2109370302110031,0.2529429907367911,0.22280091541728045,0.1339474721034437,11.26940750189303,84.3518749991255,72.98104093185572,5.164654445172614,3.3784161576051677
3,0.12,3.0,45.0,0.7071067811865476,300.0,90.0,0.9,50.77481736061284,0.0673,0.1207,0.2988,0.2961,0.1916,23.597004745764142,60.443744960180474,34.161599353116976,3.3325642998881313,2.66234984924093,0.23464757339603784,0.20568166228859672,0.23388577289878765,0.23912991403458025,0.14624772582228365,18.49436477995365,80.80954040813205,59.76520399701359,6.788716581631212,5.180592836912187
4,0.12,3.0,45.0,0.7071067811865476,300.0,90.0,0.9,50.77481736061284,0.0938,0.1669,0.2401,0.3428,0.2555,25.01890501707186,59.020669514282105,31.492949419209566,3.6178561436931482,2.888436002105282,0.248786886917743,0.20083913435676043,0.21561498744941485,0.2596011811864701,0.15866704994144398,25.899176220428195,78.4343874370443,47.554108389664805,8.470777735051184,6.987774265125087
0,0.12,3.0,45.0,0.7071067811865476,320.0,50.0,0.5,89.89379743803187,0.0145,0.0288,0.4156,0.2031,0.0641,20.3380265613261,60.474789721057114,36.83438948472155,2.7329922193853635,1.870151668868517,0.2022404382122267,0.2057873032945712,0.2521849040157138,0.19610730226592685,0.10273083704335438,4.126115932146787,82.9432037848655,81.05786736432053,3.2852258063822264,1.4361298591744798
1,0.12,3.0,45.0,0.7071067811865476,320.0,50.0,0.5,89.89379743803187,0.0251,0.0472,0.3922,0.2218,0.0897,20.82788263771473,59.70927516234011,35.69826723253642,2.840586887127165,1.9483029972203767,0.2071115454089369,0.20318236365943176,0.2444064967955734,0.20382781455988017,0.10702383183692321,6.929839539857083,81.20392600363631,75.60522189437543,3.88279291274171,2.0622256197736015
2,0.12,3.0,45.0,0.7071067811865476,320.0,50.0,0.5,89.89379743803187,0.0407,0.0745,0.3575,0.2494,0.1275,21.713959459092205,58.73786143914487,34.13107201950212,2.9977769579046165,2.0414571054630475,0.2159226542008704,0.19987677778800075,0.2336767689542344,0.2151070712311958,0.11214095665257345,11.041008088940135,79.1754374214629,68.07165266971072,4.756591922755263,2.9937111695853487
3,0.12,3.0,45.0,0.7071067811865476,320.0,50.0,0.5,89.89379743803187,0.0673,0.1207,0.2988,0.2961,0.1916,23.1056077922039,57.39197554675599,31.55463179303305,3.2271232838304904,2.2278602361538944,0.22976114378476212,0.19529691517724285,0.21603729290200252,0.23156393815635673,0.12238042009403767,18.222610117997363,76.63515411966998,55.91800153040809,6.289825443681406,4.538309723125177
4,0.12,3.0,45.0,0.7071067811865476,320.0,50.0,0.5,89.89379743803187,0.0938,0.1669,0.2401,0.3428,0.2555,24.44418349791119,56.07119047658969,29.111025708456875,3.4890361330950075,2.3907742172915496,0.2430718815048741,0.19080246717543997,0.1993072595144079,0.25035763318912124,0.13132958177270643,25.415977426624224,74.6353047592797,44.44497909035221,7.796507138136334,6.071530942565798
0,0.12,3.0,45.0,0.7071067811865476,320.0,90.0,0.9,163.54494133649348,0.0145,0.0288,0.4156,0.2031,0.0641,20.847091941993238,59.64641943227804,35.40247893956841,2.762942228807595,1.5397061646415309,0.2073025618826013,0.20296847434711254,0.24238139624919267,0.19825638103350335,0.08457886369726196,4.1901842326480025,79.37789301433654,77.44024408723872,3.112460733446901,1.268032882315424
1,0.12,3.0,45.0,0.7071067811865476,320.0,90.0,0.9,163.54494133649348,0.0251,0.0472,0.3922,0.2218,0.0897,21.351031304605385,59.080227550781025,34.3340012280957,2.857786521374706,1.5895668055360739,0.21231371265574817,0.20104180207627073,0.23506611417502007,0.20506198341272983,0.08731779950652366,7.059460040612032,77.95386139516656,72.19099382263654,3.6505475579141318,1.7945346023868098
2,0.12,3.0,45.0,0.7071067811865476,320.0,90.0,0.9,163.54494133649348,0.0407,0.0745,0.3575,0.2494,0.1275,22.24748933095091,58.093354911766,32.801105674941944,3.0207754186383466,1.6559958738046159,0.22122805169155899,0.19768361166312765,0.22457121733144567,0.21675733794574026,0.09096686920543547,11.25519863662715,76.47460736252386,65.11609616049265,4.495300091297761,2.6105244421515517
3,0.12,3.0,45.0,0.7071067811865476,320.0,90.0,0.9,163.54494133649348,0.0673,0.1207,0.2988,0.2961,0.1916,23.67340375157296,56.934103378125016,30.304106206623437,3.265650889416163,1.7661698100444352,0.2354072817368232,0.1937388398326105,0.20747562866948657,0.23432850687359627,0.0970189241690447,18.541180790439128,74.30020171615456,53.34518582900675,5.892791799892186,3.9495672125552894
4,0.12,3.0,45.0,0.7071067811865476,320.0,90.0,0.9,163.54494133649348,0.0938,0.1669,0.2401,0.3428,0.2555,25.127429984100846,55.7111520755024,27.93110814135607,3.5036507122472984,1.8771632268304084,0.24986605439855678,0.1895773065426541,0.1912290097437908,0.2514063100462958,0.10311599469147119,25.96243559781565,73.23260753979129,42.522058483333716,7.369432348893736,5.327265007223365
0,0.12,3.0,60.0,0.5000000000000001,270.0,50.0,0.5,3.5027922523960817,0.0145,0.0288,0.4156,0.2031,0.0641,18.723254379313843,55.32972089764936,35.39972521596786,2.55820395477186,2.490690311483934,0.18618321492567305,0.1882793492641765,0.2423625430109117,0.18356527788767746,0.1368181547913304,2.4119032263881888,58.15606474411875,57.10017082227931,2.6895817398020267,1.2168740795517452
1,0.12,3.0,60.0,0.5000000000000001,270.0,50.0,0.5,3.5027922523960817,0.0251,0.0472,0.3922,0.2218,0.0897,19.12370519391014,54.81377652331815,34.63296981403468,2.6238661565631443,2.5360425687485297,0.19016528014631742,0.18652366227570805,0.2371129884466843,0.18827690390797605,0.13930943687724606,4.026816309437002,56.532655147430944,53.32393933404225,3.1432773771331024,1.726876137464553
2,0.12,3.0,60.0,0.5000000000000001,270.0,50.0,0.5,3.5027922523960817,0.0407,0.0745,0.3575,0.2494,0.1275,19.59076849917551,53.990898783372856,33.50715332962944,2.693311271033375,2.6047562117910417,0.19480973703326726,0.18372352370845463,0.22940513917781538,0.1932599748284517,0.14308400242910121,6.437164508275503,54.46075767020409,48.02221651759159,3.783916835355069,2.4703206263217625
3,0.12,3.0,60.0,0.5000000000000001,270.0,50.0,0.5,3.5027922523960817,0.0673,0.1207,0.2988,0.2961,0.1916,20.343659472450298,52.90720427688068,31.557169615325982,2.8518783064266118,2.7611950807378998,0.20229645163175555,0.18003586193873516,0.21605466798220083,0.2046380363240921,0.15167747440282073,10.671194001265942,51.807114919436685,39.76206249283183,4.912777427445793,3.774407208239806
4,0.12,3.0,60.0,0.5000000000000001,270.0,50.0,0.5,3.5027922523960817,0.0938,0.1669,0.2401,0.3428,0.2555,21.153057065038972,51.78856844913764,29.63086950320298,3.0001851530408112,2.9251328815507214,0.21034506555796242,0.176229299709718,0.20286634544782856,0.21527987254696218,0.16068287636080059,14.879349146528277,49.08951216959119,31.431042753893713,6.011768479756766,5.078115084610625
0,0.12,3.0,60.0,0.5000000000000001,270.0,90.0,0.9,6.307579202674779,0.0145,0.0288,0.4156,0.2031,0.0641,18.890628095981192,55.53692467618753,35.283638080467064,2.584662726878826,2.460255857804378,0.18784757177474812,0.18898443492076986,0.24156775793280225,0.1854638410750739,0.13514633482426341,2.434645802833137,57.57364985467255,56.4903695975315,2.5963249612786825,1.1655841660411694
1,0.12,3.0,60.0,0.5000000000000001,270.0,90.0,0.9,6.307579202674779,0.0251,0.0472,0.3922,0.2218,0.0897,19.232862413834937,54.99128786181493,34.456330636762914,2.642853170348187,2.51037577381,0.19125073472201348,0.18712770868615375,0.23590363668087935,0.18963932712493933,0.1378995130875619,4.087737522899335,56.126109799717995,52.844620730964444,3.001502920544583,1.6491201044310357
2,0.12,3.0,60.0,0.5000000000000001,270.0,90.0,0.9,6.307579202674779,0.0407,0.0745,0.3575,0.2494,0.1275,19.743389708459745,54.18939176259356,33.261708447359176,2.714387761966777,2.584382934387045,0.19632739560024037,0.1843989677257905,0.22772471240972278,0.19477232958338447,0.14196486119800772,6.524638264934888,53.98469629117494,47.45748577703375,3.6297720191073246,2.365198336884214
3,0.12,3.0,60.0,0.5000000000000001,270.0,90.0,0.9,6.307579202674779,0.0673,0.1207,0.2988,0.2961,0.1916,20.531896729558508,53.160992962241465,31.408740196807997,2.880101129587611,2.7353454773741706,0.20416827460585976,0.18089946955784336,0.21503845299436744,0.2066631799279318,0.1502575086134143,10.782828098214928,51.42726287863549,39.274807304893535,4.724963050510802,3.6142503144415614
4,0.12,3.0,60.0,0.5000000000000001,270.0,90.0,0.9,6.307579202674779,0.0938,0.1669,0.2401,0.3428,0.2555,21.36771150572793,52.09599852109744,29.517011757547643,3.0269403038325704,2.8919450478222015,0.21247957983928828,0.17727544151115424,0.20208682378176573,0.21719970254364981,0.1588598082132587,15.110540320707287,48.97029175340293,31.056496057169607,5.80981527557748,4.891284667314266
0,0.12,3.0,60.0,0.5000000000000001,285.0,50.0,0.5,10.524269951667252,0.0145,0.0288,0.4156,0.2031,0.0641,18.77497920055821,54.22092377087273,34.18464836787674,2.54841655625323,2.3950089070789753,0.1866975642645023,0.1845062667669474,0.23404357688729296,0.18286297793011605,0.1315622009948385,2.400825267214256,55.410552073734976,54.3475824119041,2.4337496945333665,1.1105045377401679
1,0.12,3.0,60.0,0.5000000000000001,285.0,50.0,0.5,10.524269951667252,0.0251,0.0472,0.3922,0.2218,0.0897,19.119067927679183,53.773489795449066,33.42085148827051,2.6106362460092924,2.44926423684416,0.19011916737564974,0.18298371114286816,0.22881427770613252,0.1873275846784764,0.13454254506725957,4.018036464820572,54.075976183704235,50.8860459849469,2.8402704847775206,1.5743551232921156
2,0.12,3.0,60.0,0.5000000000000001,285.0,50.0,0.5,10.524269951667252,0.0407,0.0745,0.3575,0.2494,0.1275,19.626177600361615,53.02666017219763,32.300286643048636,2.6822720735307946,2.514694013185203,0.19516184357216793,0.1804423537458717,0.22114238353634114,0.1924678513726818,0.13813672184070896,6.446821036195647,52.23066802910717,45.77458345795889,3.4301021342767664,2.2532430516773845
3,0.12,3.0,60.0,0.5000000000000001,285.0,50.0,0.5,10.524269951667252,0.0673,0.1207,0.2988,0.2961,0.1916,20.347455011017452,51.95884822668296,30.46826055161821,2.838706116758523,2.6562499881509964,0.2023341942996962,0.17680873812344844,0.2085995036220887,0.20369285888728075,0.14591264934370254,10.670743715081697,49.925553557775594,37.892197149752334,4.477956600813058,3.426079275345594
4,0.12,3.0,60.0,0.5000000000000001,285.0,50.0,0.5,10.524269951667252,0.0938,0.1669,0.2401,0.3428,0.2555,21.157099955105927,50.8986787984602,28.66915111159152,2.990457017706991,2.80424211256614,0.21038526787829667,0.17320112892504322,0.19628198600353042,0.2145818250505729,0.15404212625729977,14.882184597765804,47.60414385838993,29.96747958359717,5.52048962755152,4.647273481501058
0,0.12,3.0,60.0,0.5000000000000001,285.0,90.0,0.9,18.966876247123928,0.0145,0.0288,0.4156,0.2031,0.0641,19.003413892151528,54.45422087714742,33.78506200681814,2.5879527893981553,2.3332867585396144,0.18896910875243,0.18530014439079928,0.23130782778111192,0.185699921251364,0.12817169096877248,2.4650728306429546,54.48369085974497,53.38508552537533,2.3199805575533494,1.0681470428434214
1,0.12,3.0,60.0,0.5000000000000001,285.0,90.0,0.9,18.966876247123928,0.0251,0.0472,0.3922,0.2218,0.0897,19.35146427856337,53.8916501426703,33.038414494696525,2.6455514629538373,2.3830356331257683,0.1924301064286606,0.18338579437991892,0.22619594093265302,0.189832944538068,0.13090448725116843,4.084980588584511,53.2975415055794,50.046706456747344,2.708542553555502,1.5035033697943887
2,0.12,3.0,60.0,0.5000000000000001,285.0,90.0,0.9,18.966876247123928,0.0407,0.0745,0.3575,0.2494,0.1275,19.838431146207206,53.150662092328936,31.952669939750933,2.7296562468904533,2.4572142873153293,0.19727248346116966,0.18086431504354422,0.21876244223198607,0.19586792779505577,0.13497925581806958,6.52652800511902,51.572741486052905,45.06810739814415,3.281301513429236,2.153309750394043
3,0.12,3.0,60.0,0.5000000000000001,285.0,90.0,0.9,18.966876247123928,0.0673,0.1207,0.2988,0.2961,0.1916,20.624663153615003,52.150598690460285,30.098513662316307,2.881049432722737,2.588018159396985,0.20509073983108678,0.1774612382979547,0.20606804904680964,0.20673122592097956,0.1421645507281826,10.796665118487827,49.23547124465222,37.073424735250796,4.28658666515316,3.2911188676058005
4,0.12,3.0,60.0,0.5000000000000001,285.0,90.0,0.9,18.966876247123928,0.0938,0.1669,0.2401,0.3428,0.2555,21.488361219356708,51.209962155287,28.401803010930106,3.028023909186758,2.737790521143191,0.21367931526498896,0.1742603829192669,0.1944515998875328,0.2172774572189919,0.1503918193204978,15.189185789199527,47.39469588551313,29.408348601873797,5.2947771024314925,4.457942523070941
0,0.12,3.0,60.0,0.5000000000000001,300.0,50.0,0.5,28.115555280876997,0.0145,0.0288,0.4156,0.2031,0.0641,18.743911451602237,52.62019405781574,32.34759324684874,2.533735923675209,2.2183825367288743,0.18638862794050953,0.17905920605829656,0.22146626595995472,0.1818095613744405,0.12185979280407744,2.401379607799403,52.173991703666246,51.12989083237736,2.1626540264992915,1.0001207155352214
1,0.12,3.0,60.0,0.5000000000000001,300.0,50.0,0.5,28.115555280876997,0.0251,0.0472,0.3922,0.2218,0.0897,19.123720285295327,52.23798849115633,31.61162356072981,2.591638877392506,2.267861096739889,0.19016543021438545,0.1777586136423526,0.216427484341778,0.18596441844508432,0.12457774021457098,4.010531368709749,51.02211506352088,47.83454341527618,2.5523083666990045,1.4214603045599332
2,0.12,3.0,60.0,0.5000000000000001,300.0,50.0,0.5,28.115555280876997,0.0407,0.0745,0.3575,0.2494,0.1275,19.590274719813408,51.57795608895195,30.61986063508188,2.6680342359875016,2.3264520336506407,0.19480482691309062,0.17551261512357838,0.20963742641738622,0.19144620780893112,0.12779624708339493,6.4504087724817465,49.546521487611784,43.11452748548643,3.1073747805618472,2.013912053424847
3,0.12,3.0,60.0,0.5000000000000001,300.0,50.0,0.5,28.115555280876997,0.0673,0.1207,0.2988,0.2961,0.1916,20.33964018203135,50.54952925872787,28.82318162322882,2.8304433809521825,2.469428365879611,0.20225648398527915,0.17201302157387305,0.19733654861027203,0.20309996190908083,0.13565019739757317,10.695252120737212,47.57849056913116,35.522594571989984,4.1032369760465945,3.096471069707201
4,0.12,3.0,60.0,0.5000000000000001,300.0,50.0,0.5,28.115555280876997,0.0938,0.1669,0.2401,0.3428,0.2555,21.158682061000484,49.520396493325194,27.1620006129357,2.9622368569496804,2.5922030140479957,0.21040100026946298,0.16851102582488148,0.18596335145690907,0.21255687248891814,0.14239443241551292,14.882297394870045,45.775819230154845,28.18099910955323,5.034896823785259,4.14464933676431
0,0.12,3.0,60.0,0.5000000000000001,300.0,90.0,0.9,50.77481736061284,0.0145,0.0288,0.4156,0.2031,0.0641,19.104891417731892,52.670325704701014,31.65032251946906,2.561175768359445,2.08153830800535,0.18997819678661965,0.17922979708424014,0.21669243493093365,0.18377852194353853,0.11434269010308347,2.4599946404279023,50.735210635281334,49.63309669546802,2.0476741857915455,0.9231077028388943
1,0.12,3.0,60.0,0.5000000000000001,300.0,90.0,0.9,50.77481736061284,0.0251,0.0472,0.3922,0.2218,0.0897,19.47249425528416,52.21948396281395,30.954730059133446,2.617243143281411,2.132064747567743,0.1936336231737598,0.17769564530457282,0.21193009407778737,0.18780166608682913,0.11711819944570569,4.085124674334372,49.72688208152048,46.45760969413292,2.399237423212158,1.303584860119274
2,0.12,3.0,60.0,0.5000000000000001,300.0,90.0,0.9,50.77481736061284,0.0407,0.0745,0.3575,0.2494,0.1275,19.953375746455603,51.625933819401745,29.97442682219652,2.709697457327987,2.1947225397908965,0.19841548749129367,0.17567587667129103,0.20521849436970002,0.1944357742931812,0.12056010608329279,6.5395309194645606,48.538297148847576,42.00354071463516,2.952223692751999,1.8686604232675692
3,0.12,3.0,60.0,0.5000000000000001,300.0,90.0,0.9,50.77481736061284,0.0673,0.1207,0.2988,0.2961,0.1916,20.772918324199292,50.622403200707026,28.220202936616463,2.861402508785802,2.299409996684257,0.20656498270198606,0.17226100146879303,0.19320828357495953,0.20532145050202036,0.12631077874456512,10.831144956361776,46.78576269857078,34.59757310226948,3.912981781035438,2.8780510221131212
4,0.12,3.0,60.0,0.5000000000000001,300.0,90.0,0.9,50.77481736061284,0.0938,0.1669,0.2401,0.3428,0.2555,21.671594574811145,49.7505044426719,26.662376591566428,3.0074859012759827,2.424056583568946,0.21550137966196778,0.1692940511910071,0.18254269924479039,0.21580374159816795,0.13315784276531836,15.22149801090605,45.413618775075605,27.45083963643377,4.795558438155506,3.8737802191446216
0,0.12,3.0,60.0,0.5000000000000001,320.0,50.0,0.5,89.89379743803187,0.0145,0.0288,0.4156,0.2031,0.0641,18.737060623741087,49.69184622227597,29.102979053591902,2.4816082791791434,1.7580731214765706,0.18632050361071884,0.1690944454206189,0.19925216847277102,0.17806911467170536,0.09657415832052968,2.394643097687267,47.091187074597904,46.02882570300886,1.8609126050568277,0.7944249881487834
1,0.12,3.0,60.0,0.5000000000000001,320.0,50.0,0.5,89.89379743803187,0.0251,0.0472,0.3922,0.2218,0.0897,19.104173388509892,49.355072227118775,28.46939534405132,2.5424617795884026,1.79426841823131,0.1899710567357367,0.16794845032741057,0.19491436759669878,0.1824356897808662,0.0985624318892166,4.00004274160253,46.354007524744986,43.160567436220674,2.2019767748082804,1.1318251779765203
2,0.12,3.0,60.0,0.5000000000000001,320.0,50.0,0.5,89.89379743803187,0.0407,0.0745,0.3575,0.2494,0.1275,19.607654288370945,48.78070813589867,27.578715466585322,2.6150957912434674,1.8349443934306806,0.19497764857552757,0.16599396916283585,0.1888163699768208,0.18764758170554574,0.10079683728496412,6.437675623119953,45.380823610322864,38.955962326173136,2.7099447993932424,1.619394038291247
3,0.12,3.0,60.0,0.5000000000000001,320.0,50.0,0.5,89.89379743803187,0.0673,0.1207,0.2988,0.2961,0.1916,20.35819531588306,47.91513575144662,26.04843321998692,2.7638540370995957,1.9231168183324885,0.20244099541710078,0.1630485466549736,0.17833936501287423,0.1983218083197794,0.10564030916218643,10.666227930970198,44.06201795466994,32.0716191050403,3.605595100592356,2.4990215548377366
4,0.12,3.0,60.0,0.5000000000000001,320.0,50.0,0.5,89.89379743803187,0.0938,0.1669,0.2401,0.3428,0.2555,21.14535175869967,47.03354099792312,24.5333862181309,2.9081097394097952,2.0168678989982958,0.2102684443319098,0.16004860225230502,0.16796666743088134,0.20867295254034074,0.11079022676023048,14.905275530496866,42.950160679490004,25.438543170760013,4.434621801882717,3.3561621867717584
0,0.12,3.0,60.0,0.5000000000000001,320.0,90.0,0.9,163.54494133649348,0.0145,0.0288,0.4156,0.2031,0.0641,19.21484033799896,49.21059395702279,27.98381326265529,2.5032334146292503,1.3876753767853311,0.19107152399556607,0.167456810857065,0.19158985286191807,0.17962083770412932,0.07622753564573691,2.456393975009366,45.19839974763912,44.05016848709175,1.7646097528591371,0.7079626658540852
1,0.12,3.0,60.0,0.5000000000000001,320.0,90.0,0.9,163.54494133649348,0.0251,0.0472,0.3922,0.2218,0.0897,19.547152394057946,48.882354843358655,27.387850167716486,2.55691334688082,1.4166434764733522,0.1943760204096072,0.16633985877921065,0.18750961974290875,0.18347266963581352,0.07781880611756246,4.077192435047948,44.55693303348053,41.25172475878826,2.0598826818097398,0.9824303538599791
2,0.12,3.0,60.0,0.5000000000000001,320.0,90.0,0.9,163.54494133649348,0.0407,0.0745,0.3575,0.2494,0.1275,20.049815179656896,48.37057462809466,26.486938114299086,2.642138058194096,1.4490780315628427,0.19937447695729507,0.16459834184522085,0.18134156801472942,0.18958801387407764,0.07960049529761067,6.571592043250932,43.76272267241025,37.22572557465438,2.5365121604590417,1.4137253419728495
3,0.12,3.0,60.0,0.5000000000000001,320.0,90.0,0.9,163.54494133649348,0.0673,0.1207,0.2988,0.2961,0.1916,20.96291131852081,47.55262511569943,24.998909522552992,2.7722933057748627,1.513280308909077,0.2084542646494245,0.161814973351286,0.17115385069861158,0.19892737250736287,0.08312724331578542,10.870679293028788,42.847460693545216,30.669599244103416,3.380750525584137,2.170804718640027
4,0.12,3.0,60.0,0.5000000000000001,320.0,90.0,0.9,163.54494133649348,0.0938,0.1669,0.2401,0.3428,0.2555,21.770831614825674,46.743182733746764,23.725779444619274,2.921265672762928,1.5732364658811677,0.21648818840660705,0.15906055343973777,0.1624374258848813,0.20961696349667394,0.08642074420888259,15.272161359580078,42.165109364295134,24.28228761398008,4.15404167536421,2.9194409323620283
0,0.12,3.0,65.0,0.42261826174069944,270.0,50.0,0.5,3.5027922523960817,0.0145,0.0288,0.4156,0.2031,0.0641,17.4168862745409,49.050766592241644,31.407959510596438,2.359982793811792,2.303937435619644,0.17319274816730287,0.16691294055106318,0.21503310806317455,0.16934181363769826,0.12655947921054195,1.8605884110369715,44.66265773069086,43.859339513582526,2.0673611853932052,0.9211254937168383
1,0.12,3.0,65.0,0.42261826174069944,270.0,50.0,0.5,3.5027922523960817,0.0251,0.0472,0.3922,0.2218,0.0897,17.63573795346594,48.538189920176485,30.764949163571995,2.405742264862109,2.3506301688586557,0.1753689996003424,0.16516871338528824,0.21063076815978804,0.17262530868651024,0.1291243960829729,3.092270091337994,43.500559539307766,41.039462077596994,2.378060351664296,1.2815043041708623
2,0.12,3.0,65.0,0.42261826174069944,270.0,50.0,0.5,3.5027922523960817,0.0407,0.0745,0.3575,0.2494,0.1275,18.00586938798926,48.08724152062517,29.936480315954526,2.4652307531572424,2.4140951069271464,0.1790495702441264,0.16363419866441511,0.20495869541094877,0.1768939366294249,0.13261064071179773,4.989164274932099,41.985399869917224,37.03626697932391,2.877596868918218,1.8420902130512524
3,0.12,3.0,65.0,0.42261826174069944,270.0,50.0,0.5,3.5027922523960817,0.0673,0.1207,0.2988,0.2961,0.1916,18.566509759858846,47.200956906207864,28.44688986571681,2.5698285898972277,2.5363962380396083,0.18462455335000832,0.16061829531702573,0.19476028490460012,0.1843994097297265,0.1393288645754985,8.21353511378705,39.62480105545713,30.407075771663642,3.704560096386359,2.7952116488153083
4,0.12,3.0,65.0,0.42261826174069944,270.0,50.0,0.5,3.5027922523960817,0.0938,0.1669,0.2401,0.3428,0.2555,19.21490372784538,46.35999133729999,27.00181197075866,2.692745769091511,2.6442905536773855,0.1910721543414002,0.15775660638205985,0.1848666275009282,0.19321939693750181,0.14525569582785078,11.482952024279744,37.56650869384923,23.99574832912338,4.572926758057698,3.7887104455553455
0,0.12,3.0,65.0,0.42261826174069944,270.0,90.0,0.9,6.307579202674779,0.0145,0.0288,0.4156,0.2031,0.0641,17.535518330728294,49.139702832708124,31.30133069448965,2.384744739483338,2.2888812688608327,0.17437242009648496,0.16721557821504138,0.2143030789210775,0.17111862014671733,0.1257324165505745,1.874857428967025,44.10785714959284,43.309172015168556,1.9815868244818093,0.8921929906499528
1,0.12,3.0,65.0,0.42261826174069944,270.0,90.0,0.9,6.307579202674779,0.0251,0.0472,0.3922,0.2218,0.0897,17.78514218724117,48.671786255800654,30.66533380032736,2.4324678262167696,2.335549544463845,0.17685466870488184,0.16562332314523853,0.20994875629072315,0.1745430154774881,0.12829598992051836,3.134859317079713,43.01687883437527,40.53751537946488,2.284436281021134,1.2427714499334073
2,0.12,3.0,65.0,0.42261826174069944,270.0,90.0,0.9,6.307579202674779,0.0407,0.0745,0.3575,0.2494,0.1275,18.12774700383013,48.19518666596196,29.7987697757474,2.5022850363274185,2.4017485805927734,0.18026151587521283,0.16400152098938825,0.2040158667160822,0.17955278631745483,0.13193242353507253,5.044399202086156,41.590680227221654,36.586536443705896,2.7635928429918644,1.7943234013518041
3,0.12,3.0,65.0,0.42261826174069944,270.0,90.0,0.9,6.307579202674779,0.0673,0.1207,0.2988,0.2961,0.1916,18.7254936399312,47.35106760607223,28.228102306304432,2.609777054143019,2.5150057691414065,0.18620548203438983,0.16112910116295315,0.1932623662356039,0.18726593291165888,0.1381538471631452,8.34754094541249,39.2330922150133,29.859847776487854,3.58106085761149,2.717584575100098
4,0.12,3.0,65.0,0.42261826174069944,270.0,90.0,0.9,6.307579202674779,0.0938,0.1669,0.2401,0.3428,0.2555,19.394608147708247,46.561025152797406,26.86761077964423,2.7334114628166466,2.6250783138190132,0.19285912715865722,0.1584406965120637,0.18394782539850638,0.19613738530008934,0.14420033250359035,11.670616853821766,37.40147742492438,23.600934344454586,4.412423942539595,3.65629345281407
0,0.12,3.0,65.0,0.42261826174069944,285.0,50.0,0.5,10.524269951667252,0.0145,0.0288,0.4156,0.2031,0.0641,17.412808997368767,48.11477367268838,30.253571594465754,2.357206590549856,2.2138090035812303,0.17315220390311292,0.1637278867508577,0.2071296458394537,0.16914260570421846,0.12160856029907571,1.8429647205847877,42.492665692992425,41.71095373152798,1.8613294879609283,0.8394595460624474
1,0.12,3.0,65.0,0.42261826174069944,285.0,50.0,0.5,10.524269951667252,0.0251,0.0472,0.3922,0.2218,0.0897,17.657306996802255,47.634811361625644,29.652557764415395,2.3991447376735486,2.2612780806909583,0.17558348121501635,0.1620946417221075,0.20301483310158455,0.17215189963345934,0.12421612315418269,3.0965130117169277,41.510742614537975,39.05929859339996,2.1602731713785923,1.1752064394140131
2,0.12,3.0,65.0,0.42261826174069944,285.0,50.0,0.5,10.524269951667252,0.0407,0.0745,0.3575,0.2494,0.1275,17.989258079064683,47.174613090681284,28.864090040011412,2.462300721124433,2.3297864546009817,0.17888438812156132,0.16052865097463592,0.1976166261493346,0.1766836906311263,0.12797941289875936,4.980858187268064,40.21023948384922,35.26609622787777,2.6207036761768787,1.6920962693085144
3,0.12,3.0,65.0,0.42261826174069944,285.0,50.0,0.5,10.524269951667252,0.0673,0.1207,0.2988,0.2961,0.1916,18.544173559153084,46.39499799938229,27.447886021165978,2.564869014701491,2.443715047062648,0.1844024431563222,0.15787572918712442,0.18792065237169553,0.18404353278828403,0.13423771796651857,8.180851067939544,38.15372112518767,28.948280360802194,3.3768327530511444,2.562377620907059
4,0.12,3.0,65.0,0.42261826174069944,285.0,50.0,0.5,10.524269951667252,0.0938,0.1669,0.2401,0.3428,0.2555,19.215588761877207,45.58917962692673,26.06421001785543,2.684172335413503,2.5465204546493454,0.19107896628956883,0.15513364127614968,0.178447380112671,0.19260420566918268,0.1398850062318358,11.505108747493997,36.3912203007194,22.852721875255448,4.181078024380007,3.4702478511832817
0,0.12,3.0,65.0,0.42261826174069944,285.0,90.0,0.9,18.966876247123928,0.0145,0.0288,0.4156,0.2031,0.0641,17.626584394831983,48.20161137588867,29.951624242310626,2.3820455018028244,2.1688289120640096,0.17527797701741132,0.1640233833842203,0.2050623775858934,0.17092493491924196,0.11913772195544207,1.9069270703108803,41.68900202043788,40.86573027789885,1.7619600611908073,0.8077087955662007
1,0.12,3.0,65.0,0.42261826174069944,285.0,90.0,0.9,18.966876247123928,0.0251,0.0472,0.3922,0.2218,0.0897,17.86121736668848,47.84562681538919,29.38657007144454,2.427259349608945,2.2103888576168322,0.17761115693062512,0.16281201740746215,0.20119376095244415,0.17416927848356964,0.12142068545256893,3.1569215210265544,40.74128645313793,38.25512828571245,2.062424277863525,1.1308496588938968
2,0.12,3.0,65.0,0.42261826174069944,285.0,90.0,0.9,18.966876247123928,0.0407,0.0745,0.3575,0.2494,0.1275,18.223570756509684,47.33368996325414,28.540728959568526,2.4966947927733854,2.2714726487042194,0.18121438304128804,0.161069967459973,0.19540274981869168,0.17915165543438283,0.12477612934123776,5.086678886495241,39.634594069406184,34.588503410280396,2.5020063691946675,1.628823557558433
3,0.12,3.0,65.0,0.42261826174069944,285.0,90.0,0.9,18.966876247123928,0.0673,0.1207,0.2988,0.2961,0.1916,18.863773791446615,46.5813966941314,27.123360608491232,2.603831334189736,2.3839461515285225,0.18758053375606026,0.15851001803553508,0.185698804495542,0.18683929463153626,0.13095450368524456,8.385207744327067,37.62315596943602,28.206000291630726,3.251063785576267,2.4653406327502276
4,0.12,3.0,65.0,0.42261826174069944,285.0,90.0,0.9,18.966876247123928,0.0938,0.1669,0.2401,0.3428,0.2555,19.531504131570838,45.75309766921619,25.742894522589378,2.721434752707806,2.491395848798233,0.19422041477829827,0.15569143158909932,0.17624750878411155,0.19527799013137792,0.13685691124091134,11.797590369820568,36.17558021763934,22.340192166870068,4.01499428096708,3.3231057117088008
0,0.12,3.0,65.0,0.42261826174069944,300.0,50.0,0.5,28.115555280876997,0.0145,0.0288,0.4156,0.2031,0.0641,17.424672529233277,46.70209382011685,28.672172702042047,2.338707503812101,2.056220595361354,0.17327017434020467,0.15892073357810277,0.19630267317952005,0.16781519395061295,0.1129519420395778,1.8476482585288134,39.880217029531266,39.067014209498154,1.6644384318533583,0.762226152687408
1,0.12,3.0,65.0,0.42261826174069944,300.0,50.0,0.5,28.115555280876997,0.0251,0.0472,0.3922,0.2218,0.0897,17.648960303127527,46.282968943454236,28.03653587283276,2.3873808377123535,2.092447001855201,0.17550048206161717,0.1574945098820816,0.1919508157168224,0.17130777476945402,0.11494192452289012,3.0943047077748527,39.07218595287056,36.61316182784917,1.9495208967533313,1.0653284905347205
2,0.12,3.0,65.0,0.42261826174069944,300.0,50.0,0.5,28.115555280876997,0.0407,0.0745,0.3575,0.2494,0.1275,17.997874482387758,45.91043579548744,27.307911406306747,2.448791070517945,2.14949086288679,0.17897006925579612,0.15622683136246152,0.1869623227968955,0.17571429850618664,0.11807544769617664,4.993954650167755,37.94214438493726,32.99255975422014,2.363906824657146,1.5215627471148774
3,0.12,3.0,65.0,0.42261826174069944,300.0,50.0,0.5,28.115555280876997,0.0673,0.1207,0.2988,0.2961,0.1916,18.594101233091024,45.1239374032101,25.98406577191779,2.552120419373667,2.2454678488782176,0.1848989217416795,0.15355048665851437,0.1778986763265643,0.1831287505874105,0.12334763832751888,8.194633445470155,36.280243975757564,27.081144749533664,3.0838330968612215,2.2935468455035672
4,0.12,3.0,65.0,0.42261826174069944,300.0,50.0,0.5,28.115555280876997,0.0938,0.1669,0.2401,0.3428,0.2555,19.22469858027682,44.4070759125725,24.71750924716841,2.667570448295975,2.3475533056054365,0.19116955392154067,0.15111110665116775,0.1692272570335451,0.191412928477814,0.12895537838096888,11.497143998347537,34.99513762509048,21.447176881551012,3.7992644775901843,3.099543163176725
0,0.12,3.0,65.0,0.42261826174069944,300.0,90.0,0.9,50.77481736061284,0.0145,0.0288,0.4156,0.2031,0.0641,17.74087897884731,46.81197056348758,28.02872732565749,2.3695867224767024,1.932690094207381,0.17641451731481156,0.15929462886268908,0.19189735486821202,0.17003094861886317,0.10616618664059954,1.9101472708061142,38.81779522095278,37.97825382661986,1.5809663781493295,0.7037899895079337
1,0.12,3.0,65.0,0.42261826174069944,300.0,90.0,0.9,50.77481736061284,0.0251,0.0472,0.3922,0.2218,0.0897,17.990880964040016,46.47965284878127,27.501118429211914,2.4079330809226094,1.9577873471917135,0.17890052601810646,0.15816379787242252,0.18828510553357453,0.17278251185172167,0.10754482445350443,3.1793322314379044,38.1031171786378,35.58464523448585,1.8560663052905602,0.9862016570013041
2,0.12,3.0,65.0,0.42261826174069944,300.0,90.0,0.9,50.77481736061284,0.0407,0.0745,0.3575,0.2494,0.1275,18.35389294774006,46.014127587507254,26.709187215852,2.4849757074263614,2.0040172740648043,0.182510301157224,0.15657968011732226,0.1828631859681354,0.17831074626672122,0.1100843185294042,5.109688859941559,37.16856125316705,32.09170220708958,2.286758067130788,1.4390011975668648
3,0.12,3.0,65.0,0.42261826174069944,300.0,90.0,0.9,50.77481736061284,0.0673,0.1207,0.2988,0.2961,0.1916,19.00197441937236,45.22163935272319,25.39901219617238,2.5826894688250754,2.097122977946546,0.18895479469866594,0.15388295281192574,0.1738931347142999,0.18532224889970997,0.11519878440535583,8.43405614618948,35.76015447866119,26.32585110517742,2.958897019608314,2.1595540290132433
4,0.12,3.0,65.0,0.42261826174069944,300.0,90.0,0.9,50.77481736061284,0.0938,0.1669,0.2401,0.3428,0.2555,19.649981274699023,44.52658900217654,24.13346975341854,2.705000472609668,2.1959020072801825,0.1953985462588589,0.15151779308251312,0.16522865828566063,0.19409873967033806,0.1206248963804953,11.84545537734653,34.649662216173766,20.768083488522556,3.6749920959705307,2.9191113306009435
0,0.12,3.0,65.0,0.42261826174069944,320.0,50.0,0.5,89.89379743803187,0.0145,0.0288,0.4156,0.2031,0.0641,17.41629409906149,44.10098862339402,25.723579752272503,2.286079561475885,1.6208106488457814,0.17318685960047986,0.15006953415288665,0.1761152711234204,0.1640388481117349,0.08903408072001455,1.846136443894991,35.93217668038836,35.11739896359197,1.422285889774583,0.6034150435900902
1,0.12,3.0,65.0,0.42261826174069944,320.0,50.0,0.5,89.89379743803187,0.0251,0.0472,0.3922,0.2218,0.0897,17.66302890480384,43.76010282724573,25.231768913695404,2.3212739412646686,1.6419925772921609,0.17564037961556478,0.14890954717245483,0.17274811149744373,0.1665642394488727,0.09019764262556072,3.0852677616389466,35.337459400135096,32.87336336832864,1.6708062975319171,0.8448244635292206
2,0.12,3.0,65.0,0.42261826174069944,320.0,50.0,0.5,89.89379743803187,0.0407,0.0745,0.3575,0.2494,0.1275,17.997227103128804,43.44020601937308,24.556619615168547,2.379861616960154,1.6822247032409312,0.17896363174502655,0.14782098280161035,0.16812573378392429,0.17076822910723205,0.09240766657364587,4.999885615685643,34.54830903530682,29.598027188101618,2.0560345405587235,1.217324276712335
3,0.12,3.0,65.0,0.42261826174069944,320.0,50.0,0.5,89.89379743803187,0.0673,0.1207,0.2988,0.2961,0.1916,18.57410184681825,42.6526002179733,23.384530208432025,2.495582817955426,1.7438208626884608,0.18470004872754586,0.14514086973835177,0.16010107914268776,0.17907186509316236,0.09579125578944948,8.180010278647492,33.46631069860056,24.33214637353055,2.700673681393325,1.8398078148582706
4,0.12,3.0,65.0,0.42261826174069944,320.0,50.0,0.5,89.89379743803187,0.0938,0.1669,0.2401,0.3428,0.2555,19.22412495359953,42.16123388528094,22.270888856541166,2.599638270405093,1.823260045963566,0.19116384980318707,0.14346881840917958,0.1524765863422569,0.18653841912182836,0.10015499479936063,11.491211646226773,32.79959655973145,19.367425075241893,3.3556138624073815,2.496083721961539
0,0.12,3.0,65.0,0.42261826174069944,320.0,90.0,0.9,163.54494133649348,0.0145,0.0288,0.4156,0.2031,0.0641,17.86488498395797,43.733665213708484,24.711996147640154,2.2985361675436122,1.252129142729525,0.1776476275548295,0.14881958364847286,0.1691895118585928,0.16493267846880805,0.06878173415571541,1.9316276033072899,34.393845304000806,33.50909811153133,1.3339176898856542,0.5255232643826022
1,0.12,3.0,65.0,0.42261826174069944,320.0,90.0,0.9,163.54494133649348,0.0251,0.0472,0.3922,0.2218,0.0897,18.10619903190464,43.458531837553394,24.27318340640971,2.3326283421626166,1.2674594642095987,0.18004724379371786,0.14788334301354972,0.16618520119738384,0.167378980490998,0.06962385663380541,3.1931466194661846,33.89436458823209,31.3365363061854,1.5609051871980864,0.7352395015081811
2,0.12,3.0,65.0,0.42261826174069944,320.0,90.0,0.9,163.54494133649348,0.0407,0.0745,0.3575,0.2494,0.1275,18.50474476857361,43.10290504333012,23.588838571866106,2.3996972456427725,1.2941838641302539,0.1840103650035611,0.1466731944656992,0.16149986668180533,0.17219154513502952,0.07109187659124089,5.135716147304353,33.36545031944811,28.26304744767169,1.9170172685428226,1.0599214441618332
3,0.12,3.0,65.0,0.42261826174069944,320.0,90.0,0.9,163.54494133649348,0.0673,0.1207,0.2988,0.2961,0.1916,19.09891225313026,42.44317509110055,22.534109704779837,2.507685100063175,1.341383367551989,0.1899187402377981,0.14442822514214806,0.15427871541990965,0.1799402707470744,0.07368463127272573,8.483482495134986,32.69833717902377,23.251285793064163,2.539978060064702,1.5911376396410724
4,0.12,3.0,65.0,0.42261826174069944,320.0,90.0,0.9,163.54494133649348,0.0938,0.1669,0.2401,0.3428,0.2555,19.78856324039544,41.81600720468931,21.39375564851491,2.6256032386058465,1.384561282966019,0.1967765992074203,0.14229406000237935,0.1464713353534534,0.18840154914874643,0.07605647280093404,11.883229596509,32.220623737834686,18.38738735774892,3.1760139725855123,2.1561332419150863
0,0.12,5.0,0.0,1.0,270.0,50.0,0.5,3.5027922523960817,0.0145,0.0288,0.4156,0.2031,0.0641,26.561117592594968,90.82642706936323,59.65466563481078,3.753490418196358,3.2748905440076728,0.26412258068083855,0.30906970624781166,0.40842284445746896,0.2693336902946016,0.17989570172927383,6.23830853963055,154.78014087930055,151.96793652312317,6.9209436946014815,3.090351478795391
1,0.12,5.0,0.0,1.0,270.0,50.0,0.5,3.5027922523960817,0.0251,0.0472,0.3922,0.2218,0.0897,27.271907041463557,89.61910101257862,57.876264052976246,3.8707904171006304,3.4024321793958134,0.27119063957939266,0.30496134349749915,0.39624710220979675,0.27775061375956717,0.18690179603671003,10.502757229662562,150.56759247921943,141.97994881904157,8.040196748435555,4.3573850013288595
2,0.12,5.0,0.0,1.0,270.0,50.0,0.5,3.5027922523960817,0.0407,0.0745,0.3575,0.2494,0.1275,28.335350546623133,87.94427892112822,55.15536215107435,4.065759775962369,3.592433909856821,0.28176547484420583,0.29926215672417594,0.37761857613494715,0.29174074323000226,0.19733893711722708,16.790694406047805,144.76017029637447,127.71532368874537,9.647648421267673,6.289496099661033
3,0.12,5.0,0.0,1.0,270.0,50.0,0.5,3.5027922523960817,0.0673,0.1207,0.2988,0.2961,0.1916,30.195558375305048,85.19697719031919,50.774905765833175,4.376153248291715,3.874434708163489,0.30026329936538276,0.289913470815098,0.3476279888465308,0.3140131910136813,0.21282975454085656,28.07192732182708,136.16376210543334,104.0266623649023,12.620093347989974,9.60343114837152
4,0.12,5.0,0.0,1.0,270.0,50.0,0.5,3.5027922523960817,0.0938,0.1669,0.2401,0.3428,0.2555,32.13453726728567,82.5069595931302,46.51754463859064,4.705609292709546,4.149400770321063,0.31954441986229937,0.280759714850111,0.31848016741516916,0.3376534837403523,0.22793414109633464,39.36679460247413,128.73060687678915,81.45406779133799,15.650286545879824,13.070127839314376
0,0.12,5.0,0.0,1.0,270.0,90.0,0.9,6.307579202674779,0.0145,0.0288,0.4156,0.2031,0.0641,26.69456915102867,91.20311942371154,59.44573614504987,3.795966390084412,3.2544139262657645,0.2654496170860844,0.31035153796860937,0.40699241859570023,0.2723815761242813,0.1787708838252181,6.256270348355686,153.6763640599703,150.88024456912854,6.642498038578439,2.9559690242236023
1,0.12,5.0,0.0,1.0,270.0,90.0,0.9,6.307579202674779,0.0251,0.0472,0.3922,0.2218,0.0897,27.481214101546463,89.92928979001593,57.498418786569076,3.9126270845317053,3.3765643668103587,0.2732719797440561,0.30601687279020934,0.393660202479011,0.2807526259597885,0.18548082998159204,10.616258432323749,149.52563138085497,140.84919283912598,7.755352834400621,4.198964700638
2,0.12,5.0,0.0,1.0,270.0,90.0,0.9,6.307579202674779,0.0407,0.0745,0.3575,0.2494,0.1275,28.581946973318825,87.83143743923519,54.895499177305865,4.08069259476187,3.554322275412626,0.28421761882416013,0.29887817284650325,0.37583943658590624,0.2928122555413892,0.19524539562927315,16.92736551699474,143.44837062446356,126.27149192552106,9.391755817274852,6.0772397279426285
3,0.12,5.0,0.0,1.0,270.0,90.0,0.9,6.307579202674779,0.0673,0.1207,0.2988,0.2961,0.1916,30.492499564361015,85.43878115746384,50.5549565518648,4.409159415779396,3.839426740243717,0.3032160694395518,0.29073629610401835,0.34612211696460493,0.31638156601974043,0.2109067031074073,28.2508568186245,135.48177078326844,103.08640224799711,12.236929513198156,9.295767888260052
4,0.12,5.0,0.0,1.0,270.0,90.0,0.9,6.307579202674779,0.0938,0.1669,0.2401,0.3428,0.2555,32.29337396170525,82.80475698568854,46.24143188914669,4.747484938813413,4.131792354323658,0.3211238849390478,0.2817730779825072,0.316589774546165,0.34065829287585686,0.2269668787376002,39.591953753797995,128.46618735728123,80.86461539946134,15.181400616627155,12.597389785571677
0,0.12,5.0,0.0,1.0,285.0,50.0,0.5,10.524269951667252,0.0145,0.0288,0.4156,0.2031,0.0641,26.574544032023862,89.36886995734228,57.661215695951114,3.7425592052378436,3.1956665908931643,0.264256092601749,0.3041098419991862,0.39477478381294606,0.2685493153269075,0.17554378570405593,6.2380551526228505,148.98840030104273,146.21640111306922,6.27841003011075,2.854056265943181
1,0.12,5.0,0.0,1.0,285.0,50.0,0.5,10.524269951667252,0.0251,0.0472,0.3922,0.2218,0.0897,27.30715370293971,88.13501628265982,56.17526508224023,3.8573744879849956,3.29114503865379,0.2715411308249892,0.2999112094525634,0.3846012932750832,0.27678794666977585,0.18078859072245515,10.541327132962246,145.3594677924358,136.74467400767497,7.346706369037777,4.009176173921213
2,0.12,5.0,0.0,1.0,285.0,50.0,0.5,10.524269951667252,0.0407,0.0745,0.3575,0.2494,0.1275,28.333608740438613,86.41695389025887,53.406781411290794,4.04120142984715,3.4755921097423026,0.28174815440040685,0.29406488194560054,0.3656470008707786,0.28997854611483753,0.1909206042476374,16.748935646716703,139.77739089213355,122.77014931854944,8.939870249469875,5.811045265457771
3,0.12,5.0,0.0,1.0,285.0,50.0,0.5,10.524269951667252,0.0673,0.1207,0.2988,0.2961,0.1916,30.251023617704316,83.85973052803813,49.215351118099484,4.353156100339379,3.775499642034268,0.30081484328703867,0.2853630063035254,0.33695057177384885,0.31236301849846015,0.20739507118036538,28.062798326648984,132.09317916778346,100.0315610170409,11.680426228568528,8.843848213416994
4,0.12,5.0,0.0,1.0,285.0,50.0,0.5,10.524269951667252,0.0938,0.1669,0.2401,0.3428,0.2555,32.09162172632287,81.39018052286649,45.037400522770454,4.696724458821449,4.021673462709227,0.31911766961766475,0.27695947090870265,0.3083464307902587,0.33701594778524907,0.22091784747550938,39.35090207545983,125.69563422069771,78.44967727701399,14.497414282394953,12.017472198567724
0,0.12,5.0,0.0,1.0,285.0,90.0,0.9,18.966876247123928,0.0145,0.0288,0.4156,0.2031,0.0641,26.87137022487877,89.49779033347669,57.21180791180781,3.8063482031919316,3.118479971923226,0.2672077191587717,0.30454854011896126,0.3916979346919608,0.27312652861507275,0.17130378415374012,6.334625116847695,146.78734473879658,143.99235281401613,5.94755170646506,2.7350722418306592
1,0.12,5.0,0.0,1.0,285.0,90.0,0.9,18.966876247123928,0.0251,0.0472,0.3922,0.2218,0.0897,27.592258937929735,88.23558901928855,55.522254140750434,3.9111153331123796,3.2257794821023267,0.2743762046944779,0.3002534444954837,0.38013048477507744,0.2806441494370828,0.17719794165900282,10.707290964485328,143.1693310373784,134.40446018278112,6.967144126869737,3.853769370365992
2,0.12,5.0,0.0,1.0,285.0,90.0,0.9,18.966876247123928,0.0407,0.0745,0.3575,0.2494,0.1275,28.745805836098064,86.46775516603714,52.75804074211516,4.092185292137391,3.3995148725614612,0.2858470241213509,0.2942377516255871,0.36120542858803434,0.29363692012041204,0.18674154305937443,17.018722714776025,137.68568999451696,120.45358568911546,8.478551284109146,5.564169765555162
3,0.12,5.0,0.0,1.0,285.0,90.0,0.9,18.966876247123928,0.0673,0.1207,0.2988,0.2961,0.1916,30.60226753103283,84.07150640035795,48.68527944266721,4.418508847554091,3.6851369311329045,0.304307597253936,0.2860836501597268,0.33332146113945693,0.31705243944193673,0.20243128290429463,28.356406320642,130.69884735994947,98.27859459371884,11.134013595939168,8.517070109146575
4,0.12,5.0,0.0,1.0,285.0,90.0,0.9,18.966876247123928,0.0938,0.1669,0.2401,0.3428,0.2555,32.45647706148422,81.58556333662398,44.54023171412714,4.766455933683252,3.940098636670167,0.3227457749623305,0.2776243314652869,0.3049425880758484,0.3420195666470868,0.2164367937191962,39.73346357412716,124.61176508610751,76.97676811639835,13.894551209027082,11.564193875202829
0,0.12,5.0,0.0,1.0,300.0,50.0,0.5,28.115555280876997,0.0145,0.0288,0.4156,0.2031,0.0641,26.56942265234567,86.97088762340574,54.94532166145878,3.7321869326094474,3.001584445137172,0.2642051658283353,0.29594984144151587,0.37618054386526373,0.26780504741824185,0.16488249998023735,6.199987887673314,141.3221273540003,138.55746100194833,5.649152012488424,2.60824343275542
1,0.12,5.0,0.0,1.0,300.0,50.0,0.5,28.115555280876997,0.0251,0.0472,0.3922,0.2218,0.0897,27.327352874954855,85.94563020438041,53.318866440786415,3.8401422534968996,3.108480683667063,0.2717419904997246,0.29246103295756487,0.3650450951867605,0.2755514385694219,0.17075450503938097,10.588435993133436,138.5296284018003,129.86225416293797,6.632708276728309,3.690085313791217
2,0.12,5.0,0.0,1.0,300.0,50.0,0.5,28.115555280876997,0.0407,0.0745,0.3575,0.2494,0.1275,28.347305865230197,84.1901731462722,50.95169904524226,4.025747073137369,3.2443365116530773,0.28188435800461326,0.2864874566011394,0.3488383956653243,0.288869610574841,0.17821731308781333,16.77052129256461,133.36800675752892,116.40858384718962,8.049224255356222,5.285633255291011
3,0.12,5.0,0.0,1.0,300.0,50.0,0.5,28.115555280876997,0.0673,0.1207,0.2988,0.2961,0.1916,30.23770574273071,81.89697841004808,46.84875644188526,4.334682530527077,3.5416127628496272,0.30068241092627856,0.2786840336727824,0.3207477933481948,0.31103743772533726,0.1945472389579483,28.05253290028907,126.94528584453818,94.9290861399837,10.630780417388829,8.063662622140304
4,0.12,5.0,0.0,1.0,300.0,50.0,0.5,28.115555280876997,0.0938,0.1669,0.2401,0.3428,0.2555,32.083376115662496,79.34386096002925,42.947825077400815,4.673911063868039,3.743867539735823,0.3190356756292975,0.2699961298791997,0.2940402514156091,0.33537896056365846,0.2056574621935358,39.2636866963833,121.50595914851726,74.47776110755966,13.295751189663552,10.972679207735
0,0.12,5.0,0.0,1.0,300.0,90.0,0.9,50.77481736061284,0.0145,0.0288,0.4156,0.2031,0.0641,27.019681375977775,86.7047786332831,53.67055398433313,3.7815786727166385,2.854698573997121,0.26868251869743776,0.295044309537852,0.36745290730618324,0.271349177854449,0.15681379157372113,6.3653794541379405,137.8809187031977,134.9831638392497,5.276690933511434,2.4252071657897045
1,0.12,5.0,0.0,1.0,300.0,90.0,0.9,50.77481736061284,0.0251,0.0472,0.3922,0.2218,0.0897,27.772001621431418,85.82082292117425,52.13080775586911,3.8924039981120635,2.9471245669758015,0.27616355800366993,0.29203633112129584,0.3569111076383804,0.2793015076971326,0.1618909196918955,10.69328461891886,135.0833003065097,126.40875527548897,6.241458975061292,3.447797474639293
2,0.12,5.0,0.0,1.0,300.0,90.0,0.9,50.77481736061284,0.0407,0.0745,0.3575,0.2494,0.1275,28.860650358766527,83.97103496763512,49.6936224867575,4.06876695067996,3.0746538680639253,0.2869890329844384,0.28574175983991684,0.3402250340599284,0.2919565246424505,0.16889633645376884,17.12078427728758,130.5158272234433,113.14887536192654,7.614030282774641,4.930127042754261
3,0.12,5.0,0.0,1.0,300.0,90.0,0.9,50.77481736061284,0.0673,0.1207,0.2988,0.2961,0.1916,30.75430034233288,81.8372174525644,45.78837833690785,4.412630210122515,3.3424570393628175,0.3058194048173319,0.2784806754413674,0.3134879648464896,0.31663061470364123,0.18360725236950587,28.316894274892235,124.62994164099015,92.29638786652552,10.160898382218171,7.568669860384704
4,0.12,5.0,0.0,1.0,300.0,90.0,0.9,50.77481736061284,0.0938,0.1669,0.2401,0.3428,0.2555,32.64119287918561,79.6743306555743,42.10047549896841,4.740423610919865,3.5473609258413346,0.324582580898443,0.27112067231713916,0.288238912636983,0.340151603557901,0.19486299601949025,39.87433066715273,119.99231097206452,72.34040990077641,12.68439444137605,10.325104838786224
0,0.12,5.0,0.0,1.0,320.0,50.0,0.5,89.89379743803187,0.0145,0.0288,0.4156,0.2031,0.0641,26.571307663324333,82.52095048617016,49.8952671349883,3.6662519872902255,2.4745073241519218,0.2642239102942849,0.28080732391436164,0.34160558459899626,0.26307385054183363,0.13592919382514015,6.283290238183987,129.84028743798297,126.93218569022699,4.9189936907913046,2.1685607191592937
1,0.12,5.0,0.0,1.0,320.0,50.0,0.5,89.89379743803187,0.0251,0.0472,0.3922,0.2218,0.0897,27.331423118485404,81.65904239917855,48.59212452405736,3.7720057477235227,2.5601781497772103,0.27178246482169316,0.27787437050141195,0.3326836803987727,0.2706622675581525,0.1406352482982546,10.591778351569372,127.33872473366249,118.68066258107315,5.817693658480909,3.0734488392724155
2,0.12,5.0,0.0,1.0,320.0,50.0,0.5,89.89379743803187,0.0407,0.0745,0.3575,0.2494,0.1275,28.307996049373102,80.0405350502304,46.35697071343401,3.940688088655205,2.6579354799976014,0.2814934629312388,0.27236681496895326,0.3173808056375062,0.2827661581530013,0.14600523648041122,16.829745551224583,123.47359996256682,106.45758710380025,7.073757498965611,4.386838135460946
3,0.12,5.0,0.0,1.0,320.0,50.0,0.5,89.89379743803187,0.0673,0.1207,0.2988,0.2961,0.1916,30.187281071100163,78.06606552366067,42.680920965060245,4.240324420217807,2.851334548807679,0.3001809902178082,0.26564796962555864,0.29221290504463354,0.30426672161117896,0.15662899954358842,27.94045668831933,118.74095563571765,86.95659547302216,9.393509434308726,6.7125159018867375
4,0.12,5.0,0.0,1.0,320.0,50.0,0.5,89.89379743803187,0.0938,0.1669,0.2401,0.3428,0.2555,32.092399620742654,75.92054048024134,39.16282374112624,4.570858598104586,3.016905748123504,0.3191254049654314,0.2583470461354106,0.2681264189335022,0.32798437637517236,0.16572412705604186,39.35379957994033,115.20447480556658,68.24843076919632,11.74605967611831,9.102349779365898
0,0.12,5.0,0.0,1.0,320.0,90.0,0.9,163.54494133649348,0.0145,0.0288,0.4156,0.2031,0.0641,27.112675721992076,81.33896749047192,47.75590982889941,3.6952035086487034,2.041427850426653,0.2696072503685506,0.27678520007818586,0.32695857607140477,0.26515128227026435,0.1121393496201458,6.354726868525509,124.62210884834155,121.67975211574766,4.611011805050913,1.9000478854489717
1,0.12,5.0,0.0,1.0,320.0,90.0,0.9,163.54494133649348,0.0251,0.0472,0.3922,0.2218,0.0897,27.823481285839854,80.4493775779074,46.407522172056694,3.7875179530504006,2.099267360707116,0.2766754695137463,0.27375804926064506,0.3177269038060643,0.27177535405626674,0.115316579255689,10.736715129008775,122.30746914696986,113.5269567844005,5.4137932847925345,2.6757765875963497
2,0.12,5.0,0.0,1.0,320.0,90.0,0.9,163.54494133649348,0.0407,0.0745,0.3575,0.2494,0.1275,28.93854041559441,79.1096630609348,44.27504022166602,3.9639912903017995,2.2065472768188226,0.2877635682707282,0.2691991869825943,0.303126967075809,0.2844382917129353,0.12120966042314553,17.05643639623507,119.27371864060314,101.97907788754247,6.708554936405626,3.8693404484934026
3,0.12,5.0,0.0,1.0,320.0,90.0,0.9,163.54494133649348,0.0673,0.1207,0.2988,0.2961,0.1916,30.82984938503864,77.21408559420992,40.83280198169287,4.286371181330296,2.3274394272761527,0.3065706611625459,0.2627488003526853,0.2795598459075073,0.3075708313103586,0.12785048641346033,28.274858493878572,115.5077484740264,83.39256307091814,8.948904305911753,5.924285488881667
4,0.12,5.0,0.0,1.0,320.0,90.0,0.9,163.54494133649348,0.0938,0.1669,0.2401,0.3428,0.2555,32.76500096058777,75.32977818155713,37.5764324151152,4.612670758982743,2.447637172566382,0.3258137229938418,0.2563367641502217,0.25726526581333453,0.3309846300947268,0.13445316746331334,39.882902850388035,112.57964129749459,65.13390760100464,11.207321983574825,8.035195458936311
0,0.12,5.0,15.0,0.9659258262890683,270.0,50.0,0.5,3.5027922523960817,0.0145,0.0288,0.4156,0.2031,0.0641,26.655920281342112,90.28421840440559,59.05779698603012,3.7804925269992093,3.344325373663209,0.26506529443224935,0.30722464552913453,0.4043364115069466,0.27127124089399884,0.183709883375189,5.973514181395444,147.57798196093498,144.8540924280619,6.542857004315643,2.911916999950881
1,0.12,5.0,15.0,0.9659258262890683,270.0,50.0,0.5,3.5027922523960817,0.0251,0.0472,0.3922,0.2218,0.0897,27.39945923044639,89.05533819258122,57.19171740734573,3.888291589581564,3.442557890249082,0.2724590129152732,0.3030429369852957,0.3915603860041646,0.27900641964784684,0.18910597440979882,9.98379106184,143.30726017746775,135.1459485609032,7.576299757941353,4.147393113256308
2,0.12,5.0,15.0,0.9659258262890683,270.0,50.0,0.5,3.5027922523960817,0.0407,0.0745,0.3575,0.2494,0.1275,28.41234081576319,87.32633953273731,54.597184369807145,4.046618099534865,3.579715021453156,0.2825310626814531,0.2971593948803892,0.37379703837738604,0.29036722211332333,0.19664026541389937,16.03323908946919,138.09452600223338,121.79286077794217,9.167820776101076,5.931123861545398
3,0.12,5.0,15.0,0.9659258262890683,270.0,50.0,0.5,3.5027922523960817,0.0673,0.1207,0.2988,0.2961,0.1916,30.07743788958125,84.73531729221371,50.386297295296735,4.335112033081187,3.8485177808835456,0.2990887144703051,0.28834250635356645,0.3449673993481607,0.31106825690828455,0.21140609052612389,26.48476856342601,129.72827503025945,99.36178686584077,11.831176086114278,9.062193309206396
4,0.12,5.0,15.0,0.9659258262890683,270.0,50.0,0.5,3.5027922523960817,0.0938,0.1669,0.2401,0.3428,0.2555,31.845440708243242,82.41946590947487,46.36885188321575,4.668854837846392,4.107007068574818,0.3166696564426485,0.28046198600644257,0.3174621495040102,0.3350161483910812,0.22560537785308765,37.289173173521114,122.57107102958906,77.6579073571267,14.67667216636616,12.337721867008899
0,0.12,5.0,15.0,0.9659258262890683,270.0,90.0,0.9,6.307579202674779,0.0145,0.0288,0.4156,0.2031,0.0641,26.887110617385588,90.70400183854535,58.79382753565814,3.8018807364217926,3.3147204128013095,0.26736424092692906,0.30865311020470954,0.4025291571602239,0.27280596317400035,0.18208362895924707,5.998338199787963,146.37683136610755,143.68919463235804,6.286806353961408,2.8068379692714682
1,0.12,5.0,15.0,0.9659258262890683,270.0,90.0,0.9,6.307579202674779,0.0251,0.0472,0.3922,0.2218,0.0897,27.611511629572995,89.30074077879776,56.77387759857065,3.924541082231129,3.429547579402209,0.27456765261018184,0.3038780078747019,0.3886996655322373,0.28160752116639176,0.18839129434093457,10.108460900579718,142.1538495101235,133.9177246234803,7.288445850203,4.0010693753270825
2,0.12,5.0,15.0,0.9659258262890683,270.0,90.0,0.9,6.307579202674779,0.0407,0.0745,0.3575,0.2494,0.1275,28.619516660345088,87.7041796144614,54.29240585634338,4.060952325186865,3.564394291187385,0.2845912101332666,0.29844513215791013,0.3717103867119419,0.2913957820567969,0.1957986697986783,16.083710513962814,137.11342409875317,120.85524823150284,8.837459357983661,5.738993819249757
3,0.12,5.0,15.0,0.9659258262890683,270.0,90.0,0.9,6.307579202674779,0.0673,0.1207,0.2988,0.2961,0.1916,30.342214767067127,85.0711524024713,50.19021942587554,4.398670622659692,3.8288233650891006,0.30172164405025925,0.28948530655196847,0.3436249614967039,0.31562893712158974,0.21032424039956849,26.673113767895657,129.13304444915357,98.49445137875831,11.508220942973537,8.754078274391741
4,0.12,5.0,15.0,0.9659258262890683,270.0,90.0,0.9,6.307579202674779,0.0938,0.1669,0.2401,0.3428,0.2555,32.127712322538144,82.81295842428624,46.184792359260086,4.692832357159965,4.086256199452953,0.31947655291304783,0.2818009863380375,0.3162019946858833,0.33673666797187657,0.2244654948212713,37.603936814613874,122.22229395435156,76.9437494733883,14.25550940793303,11.916417816568874
0,0.12,5.0,15.0,0.9659258262890683,285.0,50.0,0.5,10.524269951667252,0.0145,0.0288,0.4156,0.2031,0.0641,26.65264852880424,88.70244433716056,57.1892405719095,3.7581829392064345,3.231253991353485,0.26503276026945893,0.30184208824830616,0.3915434284675939,0.26967040462169883,0.17749866642220521,5.95251749551372,142.0348681134686,139.32714850389988,5.941465751782131,2.6788881975360903
1,0.12,5.0,15.0,0.9659258262890683,285.0,50.0,0.5,10.524269951667252,0.0251,0.0472,0.3922,0.2218,0.0897,27.422546734411583,87.57383037837748,55.36657502411703,3.8801860907429715,3.3380119559027266,0.27268859403540147,0.2980015718263415,0.37906463507226834,0.2784248052914351,0.1833630758397707,10.043550925975602,138.0442558840363,129.8156803708662,6.940968004891767,3.839600726989616
2,0.12,5.0,15.0,0.9659258262890683,285.0,50.0,0.5,10.524269951667252,0.0407,0.0745,0.3575,0.2494,0.1275,28.392687628609494,85.99560801383475,52.92882776022544,4.033122960304811,3.4714790607199992,0.282335632256075,0.29263110049611474,0.3623747138231577,0.2893988712598752,0.19069466697426254,16.011392075187075,133.38593470312404,117.1259401653174,8.420117182682644,5.489540203756742
3,0.12,5.0,15.0,0.9659258262890683,285.0,50.0,0.5,10.524269951667252,0.0673,0.1207,0.2988,0.2961,0.1916,30.028026327653095,83.42583597822775,48.9529716053596,4.326402087931756,3.7344442140599416,0.29859736807998705,0.2838865234627988,0.33515420285986314,0.3104432701871283,0.20513982175263984,26.51504568618909,126.02298477671208,95.6021515307402,10.969060251484116,8.340049403617463
4,0.12,5.0,15.0,0.9659258262890683,285.0,50.0,0.5,10.524269951667252,0.0938,0.1669,0.2401,0.3428,0.2555,31.906163983362582,81.25789919192744,45.034278085034536,4.6487896585032065,3.9742419712051738,0.3172734860095333,0.2765093359269073,0.3083250531681034,0.3335763608342183,0.21831234926617205,37.271535305621356,119.74764213726108,74.87810444050518,13.609503875513411,11.360683143851894
0,0.12,5.0,15.0,0.9659258262890683,285.0,90.0,0.9,18.966876247123928,0.0145,0.0288,0.4156,0.2031,0.0641,26.97777481247832,88.94455758952226,56.46306220908326,3.8002857789609537,3.1734669611850164,0.2682658016801528,0.3026659659918288,0.3865716826808588,0.27269151615777565,0.1743243196147893,6.0423375545658,139.71354775875346,136.9585482998154,5.635581875095264,2.562645454067396
1,0.12,5.0,15.0,0.9659258262890683,285.0,90.0,0.9,18.966876247123928,0.0251,0.0472,0.3922,0.2218,0.0897,27.6805509802768,87.73858925147037,54.74363318493924,3.9235973739193875,3.268299908314455,0.27525417686552806,0.29856222336963795,0.3747996932578917,0.28153980487732627,0.17953366610794816,10.182468276339971,136.19388479275275,127.89465690875164,6.581612831854134,3.667345982669025
2,0.12,5.0,15.0,0.9659258262890683,285.0,90.0,0.9,18.966876247123928,0.0407,0.0745,0.3575,0.2494,0.1275,28.736582754794618,86.26446663571008,52.26145563943466,4.073012260276477,3.3983759268847717,0.2857553102080638,0.29354598901442824,0.3578055821888681,0.29226114907802386,0.18667897869913513,16.19755645243361,131.52383808573623,115.09225696054142,7.988308053605825,5.224631796991696
3,0.12,5.0,15.0,0.9659258262890683,285.0,90.0,0.9,18.966876247123928,0.0673,0.1207,0.2988,0.2961,0.1916,30.428032183314222,83.63319875473553,48.29942486056897,4.383442790579795,3.6492802759079592,0.3025750086486248,0.28459215016738165,0.330679726007921,0.31453625597622636,0.2004616115315646,26.77206755361691,124.58115787221097,93.89967302894658,10.521512343911175,7.993199147063267
4,0.12,5.0,15.0,0.9659258262890683,285.0,90.0,0.9,18.966876247123928,0.0938,0.1669,0.2401,0.3428,0.2555,32.218258406867406,81.3985618208959,44.50570075318541,4.683376837840596,3.9161400826569284,0.3203769391780541,0.27698799130087826,0.3047061734863173,0.3360581821817993,0.21512070671454295,37.7300779377465,118.76991090319915,73.36562056113233,13.033439546710186,10.827786000829594
0,0.12,5.0,15.0,0.9659258262890683,300.0,50.0,0.5,28.115555280876997,0.0145,0.0288,0.4156,0.2031,0.0641,26.675743076738073,86.3376731194256,54.272891183322955,3.7397982737851234,3.0505217612764275,0.26526241143450036,0.29379510050265306,0.3715767804268535,0.2683512032301757,0.16757071587915567,5.989042716034685,134.72647886838257,131.92119797344927,5.344990644876882,2.425359497205782
1,0.12,5.0,15.0,0.9659258262890683,300.0,50.0,0.5,28.115555280876997,0.0251,0.0472,0.3922,0.2218,0.0897,27.351750976668377,85.31826546830467,52.54971327578899,3.8667384066578925,3.155512585401887,0.27198460414599995,0.2903261979657504,0.3597791244512142,0.27745985960701514,0.17333805305497185,10.019827093193843,131.44271552036417,123.21479054717717,6.24854740896663,3.4738977455066102
2,0.12,5.0,15.0,0.9659258262890683,300.0,50.0,0.5,28.115555280876997,0.0407,0.0745,0.3575,0.2494,0.1275,28.32455355084697,83.87186897421024,50.275484774015574,4.0074582402161845,3.2565369564051734,0.2816581099948896,0.2854043117485789,0.344208726666627,0.28755728569505323,0.17888750573718404,16.06685185026604,127.33061578627353,111.02937771339657,7.5920788768682295,4.962145077119202
3,0.12,5.0,15.0,0.9659258262890683,300.0,50.0,0.5,28.115555280876997,0.0673,0.1207,0.2988,0.2961,0.1916,30.001923812761728,81.31555570359154,46.50789153931965,4.296798182994172,3.477975000977118,0.2983378058243201,0.2767055330217208,0.31841407792794907,0.308319026329913,0.19105150080282643,26.501978126975363,120.74734287133289,90.43145440267044,9.975559038151959,7.576917273494092
4,0.12,5.0,15.0,0.9659258262890683,300.0,50.0,0.5,28.115555280876997,0.0938,0.1669,0.2401,0.3428,0.2555,31.812952602777138,79.43581749027693,42.883822214292024,4.622249453107819,3.724654311414958,0.316346596156227,0.2703090451694765,0.29360205884297214,0.33167195435813857,0.2046020445712305,37.36612930857127,115.92594158268156,71.05042828781588,12.45131319414757,10.278099751686064
0,0.12,5.0,15.0,0.9659258262890683,300.0,90.0,0.9,50.77481736061284,0.0145,0.0288,0.4156,0.2031,0.0641,27.06552190041138,86.15401736507229,53.14627952209326,3.784343729127091,2.8911318847692273,0.2691383548485695,0.2931701454991346,0.36386348701749643,0.2715475859397047,0.15881513968584707,6.060091188072629,131.29540753978756,128.4718683091411,5.0355631040061315,2.295219237642189
1,0.12,5.0,15.0,0.9659258262890683,300.0,90.0,0.9,50.77481736061284,0.0251,0.0472,0.3922,0.2218,0.0897,27.802991017826216,85.19021278798654,51.47460829485504,3.8924758164722313,2.979319644283683,0.27647171519325364,0.2898904524942265,0.3524184690903834,0.2793066610615534,0.16365945392126913,10.219667194142211,128.2771562163151,119.91042633296829,5.921057144364969,3.258156045869234
2,0.12,5.0,15.0,0.9659258262890683,300.0,90.0,0.9,50.77481736061284,0.0407,0.0745,0.3575,0.2494,0.1275,28.87624376510436,83.71303814734087,49.360165309263486,4.0471575800481165,3.083602296696238,0.28714409312862077,0.28486383252256986,0.3379420352787335,0.29040593282289956,0.16938788993519124,16.220364726431185,124.53817172370947,108.12767821221755,7.241786583598616,4.669651310155624
3,0.12,5.0,15.0,0.9659258262890683,300.0,90.0,0.9,50.77481736061284,0.0673,0.1207,0.2988,0.2961,0.1916,30.515739832408933,81.43478097505476,45.43498756310068,4.353735679169379,3.291366258540345,0.30344716963897417,0.2771112400479403,0.3110684916417127,0.3124046064839639,0.1808007427337036,26.889029817135597,118.662261629458,87.92464420823626,9.572403215045007,7.125671772999551
4,0.12,5.0,15.0,0.9659258262890683,300.0,90.0,0.9,50.77481736061284,0.0938,0.1669,0.2401,0.3428,0.2555,32.427033115215956,79.35523480907268,41.87316620293574,4.6602305147527545,3.5375473029688465,0.3224529856605742,0.2700348335065049,0.2866826503016006,0.3343973055258266,0.1943239158427854,37.80195135541036,114.37581878321824,69.00650745206485,11.965626414524163,9.720443080505087
0,0.12,5.0,15.0,0.9659258262890683,320.0,50.0,0.5,89.89379743803187,0.0145,0.0288,0.4156,0.2031,0.0641,26.526954125785274,81.94994449504883,49.23212735537052,3.67174456003438,2.5013502195826542,0.26378286067518275,0.27886426989763985,0.3370654294882056,0.26346797300428165,0.1374037229567452,5.939680443855646,123.45036022586194,120.64024412605666,4.620188021750553,2.033134700523144
1,0.12,5.0,15.0,0.9659258262890683,320.0,50.0,0.5,89.89379743803187,0.0251,0.0472,0.3922,0.2218,0.0897,27.282943161389554,80.96147645443074,47.75664271499148,3.8081368107979134,2.573919632577359,0.2713003822686976,0.2755006505546058,0.3269635937413422,0.2732548710998897,0.14139009297410393,10.070206414911425,120.51414689298146,112.26871507181042,5.450186552412192,2.891589594045114
2,0.12,5.0,15.0,0.9659258262890683,320.0,50.0,0.5,89.89379743803187,0.0407,0.0745,0.3575,0.2494,0.1275,28.262513932210965,79.68665973850484,45.70153879332047,3.936517945958581,2.649417077751433,0.281041190766191,0.27116262647258266,0.3128934220219524,0.2824669273580879,0.1455373051315328,16.034446840203774,117.29652920721107,101.1024287536793,6.703456506335028,4.128338218277747
3,0.12,5.0,15.0,0.9659258262890683,320.0,50.0,0.5,89.89379743803187,0.0673,0.1207,0.2988,0.2961,0.1916,29.94985130931368,77.61361081991652,42.37868962788944,4.246656314192891,2.820275996063753,0.2978199991490075,0.2641083291608968,0.2901436925011061,0.3047210700124952,0.15492289667832235,26.582254053180822,113.04211524547094,82.74257307184463,8.814144354767844,6.31387114967527
4,0.12,5.0,15.0,0.9659258262890683,320.0,50.0,0.5,89.89379743803187,0.0938,0.1669,0.2401,0.3428,0.2555,31.852266906995624,75.87498989160616,39.035333716293565,4.541161756780507,2.9785449448082537,0.316737535861669,0.2581920438139151,0.26725356451334886,0.3258534638183872,0.1636168982682209,37.304211468631465,109.61502953740779,64.9726241054293,11.066111487890513,8.587920989194581
0,0.12,5.0,15.0,0.9659258262890683,320.0,90.0,0.9,163.54494133649348,0.0145,0.0288,0.4156,0.2031,0.0641,27.146695545814165,80.91480077794806,47.181786628881504,3.6877014532115613,2.0709637545547603,0.2699455419946794,0.27534181971555494,0.3230278687591588,0.26461296831430353,0.11376181062393619,6.142319747199249,118.28853881706047,115.3031536818119,4.358917608273561,1.8000507959418615
1,0.12,5.0,15.0,0.9659258262890683,320.0,90.0,0.9,163.54494133649348,0.0251,0.0472,0.3922,0.2218,0.0897,27.83065869947206,79.8816089901933,45.76346657317555,3.8234917229059895,2.1249714092264163,0.27674684139802574,0.2718260116777121,0.31331740763531885,0.27435667093989163,0.11672854945241017,10.272913665885493,115.9336095852576,107.52548705961328,5.152529410402233,2.575583895841824
2,0.12,5.0,15.0,0.9659258262890683,320.0,90.0,0.9,163.54494133649348,0.0407,0.0745,0.3575,0.2494,0.1275,28.93404656451798,78.69859682429588,43.901919906381124,3.935092379629621,2.184364294961726,0.2877188816140254,0.2678003857184054,0.3005724164992218,0.28236463509212734,0.1199911088306558,16.26399305165524,113.30575705354937,96.8663729384595,6.336990959305389,3.6524916571527446
3,0.12,5.0,15.0,0.9659258262890683,320.0,90.0,0.9,163.54494133649348,0.0673,0.1207,0.2988,0.2961,0.1916,30.715785794111035,76.8910291150693,40.521486140561706,4.229502876152375,2.285783094861599,0.30543641785021175,0.261649484059717,0.2774284367376391,0.3034902159929152,0.1255622282104813,26.993314019964927,109.63090489959482,78.87840553629624,8.365597885479575,5.561543465178034
4,0.12,5.0,15.0,0.9659258262890683,320.0,90.0,0.9,163.54494133649348,0.0938,0.1669,0.2401,0.3428,0.2555,32.618742112919925,75.09932091692659,37.426738541963395,4.528012691720521,2.433457892430611,0.32435933146988705,0.25555255011274075,0.2562403937967049,0.3249099457000616,0.13367427378251298,37.958683071027934,107.174492560906,61.97487553060324,10.407964551991746,7.540937949100424
0,0.12,5.0,30.0,0.8660254037844387,270.0,50.0,0.5,3.5027922523960817,0.0145,0.0288,0.4156,0.2031,0.0641,26.88305546450218,86.41821270214021,55.33844228889336,3.7390467655269046,3.349436012426574,0.26732391666568944,0.29406916550745515,0.3788720256322497,0.2682972783576113,0.1839906200698253,5.135749696602871,124.92889074830177,122.48335915631955,5.589482510133225,2.4716136385763816
1,0.12,5.0,30.0,0.8660254037844387,270.0,50.0,0.5,3.5027922523960817,0.0251,0.0472,0.3922,0.2218,0.0897,27.47099139916168,85.36896632929552,53.94320861908756,3.825853131025693,3.444320504866815,0.27317032564286897,0.2904987259481732,0.3693196243566587,0.27452611502854257,0.18920279804077955,8.429909905541194,121.43175698508873,114.53811481289056,6.471527653199096,3.523090761830209
2,0.12,5.0,30.0,0.8660254037844387,270.0,50.0,0.5,3.5027922523960817,0.0407,0.0745,0.3575,0.2494,0.1275,28.355893261209857,84.0319942595349,51.81562809945513,3.9770491019150627,3.5725955861420906,0.2819697506911058,0.28594919583677875,0.3547532450400758,0.2853752618919245,0.19624918186652898,13.427700962680957,116.46890753016307,102.90952775802731,7.822531711112632,5.013412841559784
3,0.12,5.0,30.0,0.8660254037844387,270.0,50.0,0.5,3.5027922523960817,0.0673,0.1207,0.2988,0.2961,0.1916,29.72282809053401,81.54224958022301,48.13671104352393,4.23429326196997,3.798184346739755,0.29556249028442283,0.27747694077296,0.32956571356173797,0.3038339526610397,0.20864118332264206,22.386984443548947,109.20934451449592,83.66404042932888,10.15622468925676,7.59357936345809
4,0.12,5.0,30.0,0.8660254037844387,270.0,50.0,0.5,3.5027922523960817,0.0938,0.1669,0.2401,0.3428,0.2555,31.152472805170177,79.43642418373327,44.60179790536755,4.531385666624376,4.028808982850922,0.30977881420867287,0.2703111096629767,0.3053640980898807,0.32515197529835826,0.22130981459191956,31.429540532486648,103.46745298226189,65.75197124944833,12.596568380726394,10.280019720099387
0,0.12,5.0,30.0,0.8660254037844387,270.0,90.0,0.9,6.307579202674779,0.0145,0.0288,0.4156,0.2031,0.0641,27.09979320858139,86.61364072107082,55.188566676347776,3.7778027674865005,3.325995286463995,0.26947914722395117,0.29473417989095996,0.37784590934546336,0.27107823577746765,0.18270297830305002,5.195099641622814,123.76438883632176,121.27272383403061,5.3215233345233095,2.368900284083529
1,0.12,5.0,30.0,0.8660254037844387,270.0,90.0,0.9,6.307579202674779,0.0251,0.0472,0.3922,0.2218,0.0897,27.714732084233347,85.56524326668561,53.71761509017933,3.876981602944182,3.414495078484264,0.27559407225419347,0.29116662908319413,0.3677751089396763,0.2781948655744805,0.18756443305228204,8.505438437783184,120.25040378734175,113.24109971717033,6.184916622616788,3.3695339589784363
2,0.12,5.0,30.0,0.8660254037844387,270.0,90.0,0.9,6.307579202674779,0.0407,0.0745,0.3575,0.2494,0.1275,28.565278833745865,84.11703989448691,51.47812420677395,4.014831785414073,3.5403419343711198,0.28405187158013656,0.28623859431099374,0.35244254061490715,0.28808637833082335,0.19447743003522355,13.577723967303667,115.48288708933664,101.77873247782088,7.551817617677493,4.847569696926049
3,0.12,5.0,30.0,0.8660254037844387,270.0,90.0,0.9,6.307579202674779,0.0673,0.1207,0.2988,0.2961,0.1916,29.93958222843915,81.72225810611225,47.964016567655456,4.2684633293140335,3.7751114586746732,0.29771788386216586,0.2780894847649878,0.32838336900736437,0.3062858439169161,0.20737374756147323,22.578991581793073,108.6881558069461,82.79989042978626,9.786143408341001,7.327232575074401
4,0.12,5.0,30.0,0.8660254037844387,270.0,90.0,0.9,6.307579202674779,0.0938,0.1669,0.2401,0.3428,0.2555,31.412145743968413,79.78783626311305,44.45857538020852,4.561274075484608,3.99093827855947,0.3123609904476534,0.2715069161220693,0.30438353185095607,0.327296633885026,0.21922950783603165,31.82618749700877,103.09345048992292,64.83307461915484,12.162842924996433,9.929719100798325
0,0.12,5.0,30.0,0.8660254037844387,285.0,50.0,0.5,10.524269951667252,0.0145,0.0288,0.4156,0.2031,0.0641,26.92753425806955,84.89483726727805,53.57410737637644,3.727053448380122,3.2521906549972766,0.2677662118252071,0.28888533065508987,0.36679259017020116,0.26743669154210836,0.17864875548547526,5.155771341700644,120.15666529008276,117.69394760261655,5.060510114852054,2.275891291559767
1,0.12,5.0,30.0,0.8660254037844387,285.0,50.0,0.5,10.524269951667252,0.0251,0.0472,0.3922,0.2218,0.0897,27.466693195672573,84.02147016378133,52.19720797095756,3.815716822096119,3.342511196209466,0.27312758449713676,0.28591338380180137,0.3573657135678651,0.2737987788198944,0.18361022730372134,8.385495653803101,116.89098203242827,110.02961170162138,5.8730808535690056,3.2404223805519674
2,0.12,5.0,30.0,0.8660254037844387,285.0,50.0,0.5,10.524269951667252,0.0407,0.0745,0.3575,0.2494,0.1275,28.34745506013326,82.61894908853304,50.16415341936902,3.960873680950442,3.4538431435890926,0.2818858415921424,0.2811407995361854,0.3434465018170167,0.2842145860049288,0.18972589392818046,13.460372135599645,112.58675734985769,99.02584182280971,7.130942819799358,4.626719375803685
3,0.12,5.0,30.0,0.8660254037844387,285.0,50.0,0.5,10.524269951667252,0.0673,0.1207,0.2988,0.2961,0.1916,29.694045616367884,80.29147048748969,46.737296652323984,4.221900230449138,3.67687508408529,0.2952762786320466,0.2732207133813797,0.31998468917502043,0.3029446841292055,0.20197744459970454,22.43392814715159,106.00311878511397,80.43094178072859,9.34658346945005,6.9916856653313735
4,0.12,5.0,30.0,0.8660254037844387,285.0,50.0,0.5,10.524269951667252,0.0938,0.1669,0.2401,0.3428,0.2555,31.165851472387303,78.27948006311401,43.28607123198502,4.5108189493141895,3.8932171771996593,0.30991185108481856,0.26637418963823717,0.29635603770176117,0.32367619961939426,0.2138615097711658,31.436181643434402,100.80015354829247,63.1225381979847,11.593172504092909,9.500533645613931
0,0.12,5.0,30.0,0.8660254037844387,285.0,90.0,0.9,18.966876247123928,0.0145,0.0288,0.4156,0.2031,0.0641,27.218806802919453,85.04855018221788,53.06382032977442,3.772914816802249,3.206276079709204,0.2706626131516588,0.2894083943382035,0.36329893406057107,0.27072749829073117,0.17612658424645078,5.170407005296136,117.71256867139145,115.26846574552879,4.754785693277024,2.179887389309645
1,0.12,5.0,30.0,0.8660254037844387,285.0,90.0,0.9,18.966876247123928,0.0251,0.0472,0.3922,0.2218,0.0897,27.824310181966972,84.04728861447528,51.66853148840615,3.8735694318213367,3.280352131343513,0.27668371202023895,0.2860012404006925,0.3537461550554893,0.2779500234307581,0.18019571666813478,8.54756467537192,114.80586642873608,107.77236606862448,5.570017526062539,3.1004224521797115
2,0.12,5.0,30.0,0.8660254037844387,285.0,90.0,0.9,18.966876247123928,0.0407,0.0745,0.3575,0.2494,0.1275,28.68342332132483,82.7175421821528,49.53954514116225,3.993785897584174,3.3865409092897707,0.2852266951486024,0.28147629812912084,0.33917015080671065,0.28657621951776935,0.18602885962901025,13.640792911859984,110.56634872568587,96.76806989646728,6.833238406943962,4.434669795309205
3,0.12,5.0,30.0,0.8660254037844387,285.0,90.0,0.9,18.966876247123928,0.0673,0.1207,0.2988,0.2961,0.1916,30.1407672912174,80.40989059188009,46.15505608159965,4.24426120138614,3.589829998192238,0.2997184592442139,0.27362368053597036,0.31599840666847656,0.3045492074261977,0.19719589950731417,22.58012435031665,104.70145277147145,78.8152791929753,8.896309766710043,6.672379093087132
4,0.12,5.0,30.0,0.8660254037844387,285.0,90.0,0.9,18.966876247123928,0.0938,0.1669,0.2401,0.3428,0.2555,31.613438845531203,78.38594184982824,42.8660992976148,4.533020282191201,3.809250500821234,0.31436264016260507,0.26673646430000775,0.29348071973287293,0.32526926800295436,0.20924906731973456,31.94561807394872,100.10679598373,61.780866956539796,11.113771182941155,9.07125674079185
0,0.12,5.0,30.0,0.8660254037844387,300.0,50.0,0.5,28.115555280876997,0.0145,0.0288,0.4156,0.2031,0.0641,26.880744145288006,82.66024613299982,50.93276817946506,3.7108495626637374,3.0768532176331878,0.2673009330094673,0.28128132763812763,0.3487087863888915,0.2662739731517939,0.16901715073100765,5.152225676315613,113.62159801511169,111.14331880852241,4.551031024333999,2.06836839875586
1,0.12,5.0,30.0,0.8660254037844387,300.0,50.0,0.5,28.115555280876997,0.0251,0.0472,0.3922,0.2218,0.0897,27.46480121550428,81.79448087311101,49.701542798699535,3.797541624768463,3.1568227379836875,0.2731087707298733,0.2783352488019642,0.34027926010072396,0.27249460792222563,0.17341002212230655,8.486192613617748,110.90420990340796,103.95474028586682,5.329999687973183,2.9282267292059774
2,0.12,5.0,30.0,0.8660254037844387,300.0,50.0,0.5,28.115555280876997,0.0407,0.0745,0.3575,0.2494,0.1275,28.342516160193036,80.64216280609857,47.75480144076323,3.9546180995990783,3.259502301295652,0.28183672938918675,0.27441407059461714,0.32695098754449703,0.28376571345629165,0.17905039753242832,13.504680115195011,107.34280497018818,93.7266142143249,6.528390569235221,4.170168854863354
3,0.12,5.0,30.0,0.8660254037844387,300.0,50.0,0.5,28.115555280876997,0.0673,0.1207,0.2988,0.2961,0.1916,29.68329658711685,78.45303348012881,44.425862455249735,4.197792409748796,3.452296873356436,0.2951693907597385,0.26696476779203926,0.3041595643587237,0.30121481470348216,0.1896409544882728,22.43372354589338,101.76160820453579,76.19423882185234,8.518722092185815,6.308332359923466
4,0.12,5.0,30.0,0.8660254037844387,300.0,50.0,0.5,28.115555280876997,0.0938,0.1669,0.2401,0.3428,0.2555,31.176336616219736,76.5330366199337,41.38137251462391,4.469649755356776,3.639537002188426,0.31001611489217445,0.26043128536049936,0.2833156080941033,0.3207220823313228,0.19992639576194965,31.57712536633069,97.37090011781689,59.61852761124479,10.632319039041418,8.596906435106938
0,0.12,5.0,30.0,0.8660254037844387,300.0,90.0,0.9,50.77481736061284,0.0145,0.0288,0.4156,0.2031,0.0641,27.297334477948485,82.47337204778101,49.80345887779504,3.750873000155328,2.9225544200477476,0.2714434888851903,0.2806454211020289,0.34097702371195515,0.2691458760786343,0.16054123677461407,5.215477251852244,110.51387194762107,108.02359381467596,4.22154584519914,1.9283990866443652
1,0.12,5.0,30.0,0.8660254037844387,300.0,90.0,0.9,50.77481736061284,0.0251,0.0472,0.3922,0.2218,0.0897,27.943028979090048,81.60025830319292,48.44728936145376,3.846003683998794,2.986181498219361,0.2778642464974559,0.277674336393889,0.33169207331391964,0.2759720286153768,0.16403638805458887,8.594561134338235,107.89487099075633,100.83544651890898,4.989362591036667,2.726228469260807
2,0.12,5.0,30.0,0.8660254037844387,300.0,90.0,0.9,50.77481736061284,0.0407,0.0745,0.3575,0.2494,0.1275,28.781217733878748,80.39560195768627,46.49557073140983,3.9633475277706554,3.0858064796462883,0.2861991584694646,0.27357505829995976,0.3183297240998118,0.2843920981920071,0.16950896971883914,13.645408868386127,104.57619019419653,90.75070465036237,6.171422507889296,3.91460831805363
3,0.12,5.0,30.0,0.8660254037844387,300.0,90.0,0.9,50.77481736061284,0.0673,0.1207,0.2988,0.2961,0.1916,30.237845426101693,78.37451592315776,43.4597957869201,4.206522604737344,3.242708924186864,0.3006837999315527,0.2666975834597765,0.2975454346437044,0.30184125446255494,0.17812790674417356,22.683104006548113,99.82074596410885,73.8758923419293,8.065774831623497,5.927273879722078
4,0.12,5.0,30.0,0.8660254037844387,300.0,90.0,0.9,50.77481736061284,0.0938,0.1669,0.2401,0.3428,0.2555,31.74523083002611,76.5176615739008,40.462347605734855,4.508254113227151,3.4180497438765696,0.31567317383787286,0.260378966216014,0.2770235475583268,0.32349215844934787,0.1877596972959471,32.00725468685317,96.15958618689281,57.87067109604892,10.120134844204848,8.025576011929367
0,0.12,5.0,30.0,0.8660254037844387,320.0,50.0,0.5,89.89379743803187,0.0145,0.0288,0.4156,0.2031,0.0641,26.769607312307937,78.4964955335853,46.17656727319845,3.645400799330549,2.507946744085505,0.2661957932489485,0.2671126631186326,0.3161456820235047,0.26157766252095016,0.13776608206110857,5.1517390170065225,103.77561112914468,101.18066000357699,3.920551874785176,1.6975138974899315
1,0.12,5.0,30.0,0.8660254037844387,320.0,50.0,0.5,89.89379743803187,0.0251,0.0472,0.3922,0.2218,0.0897,27.391232542720957,77.71486760610242,44.979136694226796,3.7399446952939868,2.5706096953161475,0.2723772070957356,0.2644528919293758,0.3079475302461092,0.26836170978299106,0.14120827209237247,8.471415285234897,101.67943800833942,94.69994244492115,4.6253677303351495,2.4215932729042686
2,0.12,5.0,30.0,0.8660254037844387,320.0,50.0,0.5,89.89379743803187,0.0407,0.0745,0.3575,0.2494,0.1275,28.201388109822503,76.46561277567639,43.34426128330517,3.883072612952278,2.632020963463864,0.2804333582870343,0.2602018513905515,0.29675443313364225,0.2786319292193346,0.14458170489235805,13.478110775058472,98.82863152969223,85.21618063997732,5.684788087122662,3.4546802198143554
3,0.12,5.0,30.0,0.8660254037844387,320.0,50.0,0.5,89.89379743803187,0.0673,0.1207,0.2988,0.2961,0.1916,29.62915337084238,74.61812369652768,40.45564072756677,4.092903711445768,2.747512025968864,0.2946309930075009,0.25391510285917457,0.27697762923442554,0.29368847067787873,0.15092583928512807,22.421081138289615,94.86446447921006,69.40480828757657,7.486678548314084,5.199119377134233
4,0.12,5.0,30.0,0.8660254037844387,320.0,50.0,0.5,89.89379743803187,0.0938,0.1669,0.2401,0.3428,0.2555,31.144321824996126,73.1612633679259,37.68000410996563,4.395598500255005,2.906348488824851,0.30969776122168374,0.24895760966767017,0.2579743645194617,0.3154084953535011,0.15965101545871277,31.5160734066616,92.01205320717821,54.413222466219906,9.38858500962526,7.078328034537865
0,0.12,5.0,30.0,0.8660254037844387,320.0,90.0,0.9,163.54494133649348,0.0145,0.0288,0.4156,0.2031,0.0641,27.347995707147568,77.53878571414614,44.298570453620634,3.656534128547386,2.083100323307188,0.2719472619116783,0.2638537097268113,0.30328806569506,0.26237654044766573,0.11442849444831578,5.145096096331808,99.19182652601127,96.6960948770374,3.6954886762733326,1.5037525950556359
1,0.12,5.0,30.0,0.8660254037844387,320.0,90.0,0.9,163.54494133649348,0.0251,0.0472,0.3922,0.2218,0.0897,27.98008050560132,76.61406365088364,43.200025628075686,3.7503606863356502,2.12283313902016,0.2782326852412778,0.26070700908389,0.29576693054764774,0.26910911472952476,0.11661109037581747,8.623670846540696,97.60488953272025,90.44563177663139,4.3447062052625345,2.1317772502847747
2,0.12,5.0,30.0,0.8660254037844387,320.0,90.0,0.9,163.54494133649348,0.0407,0.0745,0.3575,0.2494,0.1275,28.882552185166908,75.65086650252704,41.555262729437764,3.8826395255928423,2.1654576298663453,0.2872068237792092,0.25742938307451324,0.28450613921856494,0.278600852806785,0.11895253128463143,13.700680357618475,95.10598376426786,81.22146244125935,5.3628319434362774,3.0291677974230224
3,0.12,5.0,30.0,0.8660254037844387,320.0,90.0,0.9,163.54494133649348,0.0673,0.1207,0.2988,0.2961,0.1916,30.357642966880384,73.89267808085789,38.74760991520844,4.110240384515771,2.2754353559838014,0.3018750613880551,0.2514465122675553,0.2652836771289038,0.29493247282391827,0.1249938080688864,22.746909875345693,92.25052888575968,66.31130391506323,7.030050697916828,4.546281019851923
4,0.12,5.0,30.0,0.8660254037844387,320.0,90.0,0.9,163.54494133649348,0.0938,0.1669,0.2401,0.3428,0.2555,31.85748935252878,72.44469863852342,36.207512447423056,4.3724318242120175,2.364505089060852,0.31678946762948235,0.2465192394975562,0.24789302005368022,0.3137461582604666,0.12988657071832949,32.095924066908616,90.17594435490004,51.984138948286116,8.783691801567354,6.200197598914291
0,0.12,5.0,45.0,0.7071067811865476,270.0,50.0,0.5,3.5027922523960817,0.0145,0.0288,0.4156,0.2031,0.0641,25.888885817215353,78.38156742260018,49.46922841087402,3.5004417803007657,3.2427725783403525,0.257437937585157,0.2667215787322055,0.33868873064130267,0.2511760514371692,0.17813140338275,3.6766432169114203,89.994412563437,88.3291030364976,3.8564922210645287,1.6860687661744873
1,0.12,5.0,45.0,0.7071067811865476,270.0,50.0,0.5,3.5027922523960817,0.0251,0.0472,0.3922,0.2218,0.0897,26.303397226125956,77.59785692209104,48.337391100802606,3.570912432641503,3.3149906229535935,0.2615598207348947,0.2640547208364225,0.33093966007451187,0.2562327103699817,0.18209847209501184,6.1280418926653795,87.39636067149847,82.45015005944488,4.518031137541538,2.388194707916167
2,0.12,5.0,45.0,0.7071067811865476,270.0,50.0,0.5,3.5027922523960817,0.0407,0.0745,0.3575,0.2494,0.1275,26.894555256671236,76.48763774469694,46.71856823037827,3.6629845054454413,3.402382449952531,0.2674382700913085,0.26027679929861025,0.31985646592069705,0.26283939065378914,0.18689906430782452,9.829075747678337,84.38103103741042,74.46031441676637,5.512441741410896,3.4446607950985655
3,0.12,5.0,45.0,0.7071067811865476,270.0,50.0,0.5,3.5027922523960817,0.0673,0.1207,0.2988,0.2961,0.1916,27.951500636487854,75.05896211548097,44.10403170323671,3.848689953070643,3.5394091334958784,0.2779484882846003,0.25541521472138173,0.30195616534923625,0.27616478327347793,0.19442618958435343,16.26352076664052,79.29726252023815,60.76415227358719,7.112888682100834,5.238187537535053
4,0.12,5.0,45.0,0.7071067811865476,270.0,50.0,0.5,3.5027922523960817,0.0938,0.1669,0.2401,0.3428,0.2555,29.019254972352492,73.63777285921766,41.57654979128062,4.0478337227304655,3.7074952072103335,0.28856619025962366,0.25057910523068916,0.2846518800798284,0.2904544497987042,0.2036594637275486,22.717472669093105,74.80444311784271,47.63401578574096,8.880930429019273,7.16645719253467
0,0.12,5.0,45.0,0.7071067811865476,270.0,90.0,0.9,6.307579202674779,0.0145,0.0288,0.4156,0.2031,0.0641,26.1096159038785,78.5330744359851,49.27568514781545,3.5273505521091444,3.221709660408504,0.2596328678218135,0.26723713603895277,0.33736364585232964,0.2531069045911593,0.17697437894150592,3.7222330137844235,89.19284852437978,87.48457553980703,3.701366629985479,1.6188256855168146
1,0.12,5.0,45.0,0.7071067811865476,270.0,90.0,0.9,6.307579202674779,0.0251,0.0472,0.3922,0.2218,0.0897,26.517353422913327,77.77821701770029,48.155938654063654,3.6059326385287496,3.2824669308620398,0.2636873917096903,0.2646684611713385,0.3296973544871406,0.25874560376668876,0.18031188645710625,6.189029743344149,86.77239269460996,81.75961837176953,4.336769519456514,2.2923524678875395
2,0.12,5.0,45.0,0.7071067811865476,270.0,90.0,0.9,6.307579202674779,0.0407,0.0745,0.3575,0.2494,0.1275,27.09277078518924,76.60748111425963,46.45677620042187,3.70916749182904,3.372170593610316,0.2694093165557761,0.2606846096267453,0.3180641191797794,0.26615327526935106,0.1852394720178863,9.854694568662389,83.70566705231403,73.74607478506066,5.308241045772718,3.3317919529392768
3,0.12,5.0,45.0,0.7071067811865476,270.0,90.0,0.9,6.307579202674779,0.0673,0.1207,0.2988,0.2961,0.1916,28.20856943370223,75.20346203976925,43.92427993613821,3.8872740545908244,3.5126887888747085,0.2805047690546425,0.2559069278779337,0.30072550338452003,0.2789334058863806,0.19295839239190407,16.390632291073857,78.83108323106846,60.21068520209572,6.891646424008059,5.056821122321933
4,0.12,5.0,45.0,0.7071067811865476,270.0,90.0,0.9,6.307579202674779,0.0938,0.1669,0.2401,0.3428,0.2555,29.290699651520704,73.70364942129673,41.384747361545756,4.081381065249792,3.674274901745083,0.29126542416512685,0.25080327401446,0.28333871382380205,0.2928616571054033,0.20183461184837137,22.99413455247843,74.71252433570092,47.24027512228591,8.599464555110224,6.945365961269828
0,0.12,5.0,45.0,0.7071067811865476,285.0,50.0,0.5,10.524269951667252,0.0145,0.0288,0.4156,0.2031,0.0641,25.858671225192893,77.09270577224935,47.930824763996355,3.4880435065350692,3.138379520432698,0.25713748501604466,0.2623357616906104,0.32815612289477847,0.2502864067452821,0.1723969025939144,3.6903603576087884,86.25535028530311,84.57063864812108,3.4727259576892675,1.5507895203497597
1,0.12,5.0,45.0,0.7071067811865476,285.0,50.0,0.5,10.524269951667252,0.0251,0.0472,0.3922,0.2218,0.0897,26.294073692322904,76.30782266647559,46.8129095568165,3.5597424445994,3.1970832569083054,0.26146710792638644,0.25966491358210664,0.32050236934641857,0.2554312019698692,0.17562160574826355,6.1276352554806115,84.01751893707106,79.05559560835337,4.085953920183498,2.2021675085783508
2,0.12,5.0,45.0,0.7071067811865476,285.0,50.0,0.5,10.524269951667252,0.0407,0.0745,0.3575,0.2494,0.1275,26.880631516790356,75.27164039983695,45.20387508914097,3.650805633178123,3.2787358133483493,0.2672998130366591,0.25613892936030497,0.30948619102867997,0.26196548923246626,0.1801069293770634,9.779134480331887,81.1583253035861,71.30676715869457,5.016771737232194,3.18353754880527
3,0.12,5.0,45.0,0.7071067811865476,285.0,50.0,0.5,10.524269951667252,0.0673,0.1207,0.2988,0.2961,0.1916,27.923772583194562,73.88291980674983,42.690234686606495,3.833826692018592,3.4128717083807225,0.27767276174683136,0.2514133062171867,0.29227667099832594,0.27509826211505056,0.18747525837605436,16.2434836200691,76.6645380308483,58.18363876991978,6.5677484256056555,4.833205625623962
4,0.12,5.0,45.0,0.7071067811865476,285.0,50.0,0.5,10.524269951667252,0.0938,0.1669,0.2401,0.3428,0.2555,29.033535536560173,72.4729133328892,40.272334937005,4.033020082750292,3.5807587238095007,0.2887081955596251,0.24661525018057961,0.27572263481630116,0.28939148922653546,0.1966975978850974,22.727858122569046,72.80323255233566,45.6842694917154,8.170425432390251,6.611065664043801
0,0.12,5.0,45.0,0.7071067811865476,285.0,90.0,0.9,18.966876247123928,0.0145,0.0288,0.4156,0.2031,0.0641,26.221919900909135,77.06217936477982,47.358808555350016,3.5270073716290344,3.0809904552311034,0.2607496138101214,0.26223188456922814,0.3242398409992215,0.25308227949429024,0.16924441672689247,3.7554523464163845,84.69885742849411,82.95432314712411,3.2772739060025344,1.4884142307868433
1,0.12,5.0,45.0,0.7071067811865476,285.0,90.0,0.9,18.966876247123928,0.0251,0.0472,0.3922,0.2218,0.0897,26.615217710007787,76.48057422767442,46.27633272288415,3.6045336602331934,3.136330958905427,0.2646605498598988,0.2602527631320267,0.3168287214522838,0.2586452193391283,0.17228437137843353,6.195579313202783,82.71837878053765,77.71139224709864,3.875810874961595,2.1062863838156476
2,0.12,5.0,45.0,0.7071067811865476,285.0,90.0,0.9,18.966876247123928,0.0407,0.0745,0.3575,0.2494,0.1275,27.189140941867443,75.26621378569162,44.6470151235291,3.721934190421826,3.2045296946643753,0.2703676171390904,0.2561204633466795,0.305673675633623,0.2670693564795773,0.17603065213546654,9.888140360674504,79.96724605267183,70.01723778068651,4.7856578266943455,3.055637436520464
3,0.12,5.0,45.0,0.7071067811865476,285.0,90.0,0.9,18.966876247123928,0.0673,0.1207,0.2988,0.2961,0.1916,28.313951450069972,73.8651962199611,42.2274305836296,3.892960168293063,3.3537681258459133,0.28155268317284055,0.2513529953149615,0.2891081046145742,0.2793414159826458,0.18422859094948385,16.43583936969648,75.63021884445479,56.96834082345462,6.270426699927135,4.624729987862597
4,0.12,5.0,45.0,0.7071067811865476,285.0,90.0,0.9,18.966876247123928,0.0938,0.1669,0.2401,0.3428,0.2555,29.448762555100778,72.51418248619277,39.81650982024072,4.0842064259765865,3.5034457915355333,0.29283719469992975,0.24675568337277032,0.2726018497312971,0.2930643923587749,0.19245065771495273,23.086385544495826,72.32747205148736,44.813775753982355,7.826761312533478,6.336302832599112
0,0.12,5.0,45.0,0.7071067811865476,300.0,50.0,0.5,28.115555280876997,0.0145,0.0288,0.4156,0.2031,0.0641,25.8744114798195,75.00073176014455,45.52340350351002,3.4645401715109974,2.9557287849681044,0.2572940054131273,0.25521706491631685,0.3116738271924713,0.24859991250899052,0.16236356505599453,3.725386870706446,81.52956890716317,79.8031825674035,3.1086293877258555,1.4040414324643877
1,0.12,5.0,45.0,0.7071067811865476,300.0,50.0,0.5,28.115555280876997,0.0251,0.0472,0.3922,0.2218,0.0897,26.288746511108755,74.3361462941927,44.50781859279123,3.5353998329674132,3.0090178694208998,0.2614141346715853,0.25295557295449567,0.30472067317492857,0.25368448499665747,0.16529083151370477,6.1581283144683585,79.57990219071792,74.61219501364866,3.6703498030228814,1.9850609931733807
2,0.12,5.0,45.0,0.7071067811865476,300.0,50.0,0.5,28.115555280876997,0.0407,0.0745,0.3575,0.2494,0.1275,26.859153984785053,73.43403891953895,43.022906398414925,3.6306243410442502,3.095088859218822,0.2670862414066206,0.24988582695341946,0.2945542921258853,0.26051736994089203,0.17001886773359076,9.797601235481563,77.20832308368023,67.3388878757761,4.502457661162288,2.8677343182145774
3,0.12,5.0,45.0,0.7071067811865476,300.0,50.0,0.5,28.115555280876997,0.0673,0.1207,0.2988,0.2961,0.1916,27.909451506806352,71.9712955590923,40.63131963751782,3.8094999055708567,3.2036685546789507,0.27753035359549527,0.24490831462230103,0.2781804065754744,0.2733526806863052,0.17598334814778105,16.2257373189184,73.25627672576157,54.85749529581869,5.9548670367863785,4.378898997389149
4,0.12,5.0,45.0,0.7071067811865476,300.0,50.0,0.5,28.115555280876997,0.0938,0.1669,0.2401,0.3428,0.2555,29.044506606591376,70.7065108098613,38.33611810267186,4.010374391207046,3.3516933062746275,0.2888172913956482,0.2406044279284756,0.26246641791273484,0.28776653565184473,0.18411461733182474,22.726300639011075,70.33511898169996,43.25817030749144,7.448029585408804,5.987637423177923
0,0.12,5.0,45.0,0.7071067811865476,300.0,90.0,0.9,50.77481736061284,0.0145,0.0288,0.4156,0.2031,0.0641,26.309579083675086,74.68664272445791,44.475305501262014,3.504081947611729,2.795249832334215,0.2616212928534374,0.25414826358692855,0.30449807383281235,0.2514372535679642,0.15354816392764928,3.773360315723798,79.11896468309983,77.32846139714925,2.947662374914433,1.3309601751021471
1,0.12,5.0,45.0,0.7071067811865476,300.0,90.0,0.9,50.77481736061284,0.0251,0.0472,0.3922,0.2218,0.0897,26.747732614379117,74.2064196479396,43.499024164441565,3.585360047172761,2.841569317261282,0.2659782722185012,0.25251413120957994,0.297814009873492,0.25726940659246134,0.1560925775905548,6.26011745787269,77.48467029594926,72.39620147229314,3.4768602785567335,1.864791608011764
2,0.12,5.0,45.0,0.7071067811865476,300.0,90.0,0.9,50.77481736061284,0.0407,0.0745,0.3575,0.2494,0.1275,27.291166484936106,73.25944874180236,42.04959805975939,3.6775192779721753,2.923308582073905,0.271382154634989,0.24929172084699305,0.28789058265777123,0.26388234094433466,0.1605826642681715,9.97601669462746,75.38032733339902,65.32245530241534,4.298321173936881,2.711252966460437
3,0.12,5.0,45.0,0.7071067811865476,300.0,90.0,0.9,50.77481736061284,0.0673,0.1207,0.2988,0.2961,0.1916,28.456591502587038,71.86708385775043,39.69226403584379,3.855545477805084,3.032506568971137,0.282971089557584,0.2445536966882859,0.2717512068497178,0.2766567050768964,0.1665811085570184,16.543919714118708,72.04167800339037,53.26791691373739,5.658723338738399,4.115844539552649
4,0.12,5.0,45.0,0.7071067811865476,300.0,90.0,0.9,50.77481736061284,0.0938,0.1669,0.2401,0.3428,0.2555,29.572987571738665,70.77120357058642,37.56328588145509,4.058340987167033,3.1657014547450664,0.2940724827809052,0.24082456840078997,0.25717525869293445,0.29120840411596655,0.17389774620370105,23.197304714449004,69.63372963888156,42.03674362045513,7.1365068613366525,5.624127978246147
0,0.12,5.0,45.0,0.7071067811865476,320.0,50.0,0.5,89.89379743803187,0.0145,0.0288,0.4156,0.2031,0.0641,25.785450123606374,71.13006729082937,41.16990903883977,3.395185821314052,2.423167710249842,0.25640937761454297,0.24204573175794572,0.2818678334169752,0.2436233544269525,0.13310901533510663,3.7170838675349023,74.00748540661557,72.2451935555464,2.695475938658838,1.1478539773566612
1,0.12,5.0,45.0,0.7071067811865476,320.0,50.0,0.5,89.89379743803187,0.0251,0.0472,0.3922,0.2218,0.0897,26.199053304610104,70.578575152969,40.30640129776403,3.4775741450658075,2.451952132944344,0.2605222293860725,0.2401690806714033,0.2759558685426738,0.2495351721754868,0.13469019609517033,6.151966708087238,72.68222644898191,67.6857371651405,3.195864776789077,1.6389561424855976
2,0.12,5.0,45.0,0.7071067811865476,320.0,50.0,0.5,89.89379743803187,0.0407,0.0745,0.3575,0.2494,0.1275,26.74124407318156,69.77790949019641,39.023345752922054,3.5816610299920826,2.4860610195932233,0.26591375045129845,0.23744452671524197,0.2671714894895877,0.2570039816581374,0.1365638593570256,9.792133633581079,70.73550179238144,60.873251277010894,4.0013818984100755,2.3676396745529344
3,0.12,5.0,45.0,0.7071067811865476,320.0,50.0,0.5,89.89379743803187,0.0673,0.1207,0.2988,0.2961,0.1916,27.92000311611965,68.54406407677052,36.90433870192247,3.730681150299212,2.604790437158648,0.2776352783326585,0.23324592228052696,0.25266380802016614,0.26769699921211615,0.1430858824908742,16.201086728532786,68.23422031434029,49.85773849072612,5.244144250615423,3.5819820515952547
4,0.12,5.0,45.0,0.7071067811865476,320.0,50.0,0.5,89.89379743803187,0.0938,0.1669,0.2401,0.3428,0.2555,29.005874609256217,67.42318006516341,34.91083279038518,3.9377023390901527,2.7099240256990793,0.28843313651973057,0.22943170979432276,0.2390153641613554,0.2825519141137059,0.14886106197600368,22.747694367312313,66.1388557222655,39.181690234584686,6.588576801362245,4.92215370314094
0,0.12,5.0,45.0,0.7071067811865476,320.0,90.0,0.9,163.54494133649348,0.0145,0.0288,0.4156,0.2031,0.0641,26.398901818636425,70.30988851858648,39.49392504644455,3.4305373306720175,1.9672114425704013,0.2625095141863393,0.23925477740262122,0.2703932883473637,0.2461600206794376,0.1080625071755773,3.811907282392488,70.93493965927034,69.08744474948949,2.5263325228356504,1.0162285155789492
1,0.12,5.0,45.0,0.7071067811865476,320.0,90.0,0.9,163.54494133649348,0.0251,0.0472,0.3922,0.2218,0.0897,26.85009458549613,69.74138340489331,38.66925967052303,3.4853390456464117,1.9902764099983938,0.2669961551400594,0.23732023352416015,0.26474725588744974,0.2500923467237436,0.10932950784172595,6.301832595483715,69.69302324203242,64.54256951303712,3.0013986461523428,1.4506177514415435
2,0.12,5.0,45.0,0.7071067811865476,320.0,90.0,0.9,163.54494133649348,0.0407,0.0745,0.3575,0.2494,0.1275,27.379693626072694,68.98277563705655,37.50784376070343,3.573608006331967,2.0363869887692245,0.2722624646180226,0.23473879673832734,0.2567956768376146,0.2564261326859131,0.11186244590901485,9.924565049715728,68.15255556369898,58.16398090778755,3.7317085701063384,2.0954701164935345
3,0.12,5.0,45.0,0.7071067811865476,320.0,90.0,0.9,163.54494133649348,0.0673,0.1207,0.2988,0.2961,0.1916,28.598670707191808,67.79028315897867,35.440144730360664,3.7399229177569326,2.105649056327791,0.2843839188954487,0.2306809105944544,0.24263927330290522,0.2683601471243009,0.11566713741831358,16.437703695361165,66.32267414309108,47.74232706112099,4.91733355718551,3.1678355710515067
4,0.12,5.0,45.0,0.7071067811865476,320.0,90.0,0.9,163.54494133649348,0.0938,0.1669,0.2401,0.3428,0.2555,29.70764153475836,66.80002284789875,33.51181365861082,3.9392099277281796,2.1691893366897284,0.2954114758442686,0.22731119240416817,0.22943704589958522,0.2826600919338377,0.11915752073652892,23.22522583894627,64.9725839637877,37.539007817708864,6.17869553040058,4.302896208855406
0,0.12,5.0,60.0,0.5000000000000001,270.0,50.0,0.5,3.5027922523960817,0.0145,0.0288,0.4156,0.2031,0.0641,22.217876983415444,62.27245228465233,38.60101224125178,3.0035312530014595,2.861817434882091,0.2209335878150365,0.2119044991195127,0.26428000309350214,0.21551997371949402,0.15720484356682,2.0834640036610947,51.68495846096187,50.7964384110454,2.23634357204607,0.9238842945623889
1,0.12,5.0,60.0,0.5000000000000001,270.0,50.0,0.5,3.5027922523960817,0.0251,0.0472,0.3922,0.2218,0.0897,22.46241438144,61.91395644660375,38.04337416259374,3.05086186915959,2.8916378487068677,0.22336525690479006,0.21068458761432796,0.2604621603843074,0.21891620711654428,0.15884293320639023,3.4552265026735722,50.28325277964172,47.57581183533938,2.5893911695780822,1.3052584990188603
2,0.12,5.0,60.0,0.5000000000000001,270.0,50.0,0.5,3.5027922523960817,0.0407,0.0745,0.3575,0.2494,0.1275,22.875604072600453,61.25630196302621,37.030138002112665,3.107841315390046,2.936326524354682,0.22747399695157347,0.20844668082210507,0.2535250869740868,0.22300479741899826,0.16129776354559824,5.566223318831057,48.28667441748867,42.75339630639761,3.1456766639351876,1.9022885547740536
3,0.12,5.0,60.0,0.5000000000000001,270.0,50.0,0.5,3.5027922523960817,0.0673,0.1207,0.2988,0.2961,0.1916,23.5178204019956,60.18318377270996,35.50722795086614,3.204175444800925,3.021816233529821,0.23386016777755225,0.20479500878620152,0.24309855539664685,0.22991730382897,0.16599386896226134,9.354737437441752,45.52695153335006,34.94276155312667,4.127673142579731,2.928784200686988
4,0.12,5.0,60.0,0.5000000000000001,270.0,50.0,0.5,3.5027922523960817,0.0938,0.1669,0.2401,0.3428,0.2555,24.097505197829356,59.32055143705645,34.146287850045624,3.3130002956411935,3.1100667217880495,0.2396245277945322,0.20185959085572755,0.23378094341779443,0.23772608856183558,0.17084162900181882,13.073310628131809,42.95969596511641,27.387539783888506,5.12142361582333,3.9836388188270053
0,0.12,5.0,60.0,0.5000000000000001,270.0,90.0,0.9,6.307579202674779,0.0145,0.0288,0.4156,0.2031,0.0641,22.382412676754882,62.43544975071157,38.4196536661337,3.0299644754453934,2.8397774310877653,0.22256972348543613,0.212459156839513,0.2630383401937397,0.21741670357730564,0.15599414601970624,2.1251441643948916,51.22569742856456,50.31506508282196,2.1393440622657987,0.896489961094961
1,0.12,5.0,60.0,0.5000000000000001,270.0,90.0,0.9,6.307579202674779,0.0251,0.0472,0.3922,0.2218,0.0897,22.640446829644198,62.015873209183454,37.82121769338053,3.0694976600637145,2.8676674935485837,0.22513560370968996,0.2110313961907369,0.25894117663383037,0.2202534281499147,0.1575261979433477,3.496397544369595,49.912892993450725,47.1426552854257,2.4851500172861507,1.2615862659553865
2,0.12,5.0,60.0,0.5000000000000001,270.0,90.0,0.9,6.307579202674779,0.0407,0.0745,0.3575,0.2494,0.1275,23.082790008373507,61.33866027373534,36.95153606724142,3.131844785569339,2.911356197118652,0.2295342447497463,0.20872693470546544,0.2529869425476894,0.22472717911788959,0.15992609799520155,5.630108623485063,47.948852850017445,42.32575691138111,3.016187767768876,1.8377447016464288
3,0.12,5.0,60.0,0.5000000000000001,270.0,90.0,0.9,6.307579202674779,0.0673,0.1207,0.2988,0.2961,0.1916,23.6435630352022,60.34192934246134,35.398654656382675,3.2417665722472044,3.006195209554871,0.23511054697068492,0.20533519789408894,0.2423552134753877,0.2326146750619852,0.16513577766670784,9.386838751516962,45.14649269836016,34.53840322648511,3.9171940471951174,2.8180949402492406
4,0.12,5.0,60.0,0.5000000000000001,270.0,90.0,0.9,6.307579202674779,0.0938,0.1669,0.2401,0.3428,0.2555,24.308078516665915,59.49151637761338,34.03079594201739,3.3524514358358335,3.094765394871996,0.24171845958033725,0.20244136078394737,0.23299023353640025,0.24055692599342757,0.17000109924793463,13.204081023385974,42.956124274442544,27.18205411900716,4.892696937672648,3.8421710267841593
0,0.12,5.0,60.0,0.5000000000000001,285.0,50.0,0.5,10.524269951667252,0.0145,0.0288,0.4156,0.2031,0.0641,22.231026500561462,61.190669903143,37.26686660744696,3.000402369778329,2.770006036000501,0.22106434603299197,0.20822334404532034,0.2551458381647307,0.21529545904885541,0.15216147622168189,2.076978149415946,49.48690805740547,48.59532460686499,2.005110951450609,0.8519257084270073
1,0.12,5.0,60.0,0.5000000000000001,285.0,50.0,0.5,10.524269951667252,0.0251,0.0472,0.3922,0.2218,0.0897,22.47211949467362,60.87925846225684,36.74640017210299,3.0426644833847,2.799710370444572,0.22346176412230936,0.2071636541988466,0.25158248935193,0.21832799936441674,0.15379318940946915,3.4579456591125033,48.25495698431187,45.5320485380782,2.335988585008344,1.2054851149264467
2,0.12,5.0,60.0,0.5000000000000001,285.0,50.0,0.5,10.524269951667252,0.0407,0.0745,0.3575,0.2494,0.1275,22.877627335072518,60.274359541964785,35.83882679363888,3.097896202209578,2.8424940148220394,0.22749411618426965,0.20510526725534714,0.24536883117713867,0.22229118056245648,0.15614337291160277,5.58889056881579,46.42062549202049,40.8542807060744,2.8641751961314768,1.7425971869414352
3,0.12,5.0,60.0,0.5000000000000001,285.0,50.0,0.5,10.524269951667252,0.0673,0.1207,0.2988,0.2961,0.1916,23.500339567176425,59.223183717690326,34.33874439525465,3.189039167975998,2.9247520812425263,0.2336863391278804,0.2015282620410476,0.23509858804445144,0.22883119227935342,0.16066195830636765,9.311332140659148,43.89016101704129,33.36964855551891,3.7589702665050937,2.685696681565087
4,0.12,5.0,60.0,0.5000000000000001,285.0,50.0,0.5,10.524269951667252,0.0938,0.1669,0.2401,0.3428,0.2555,24.095085957731705,58.42344854594767,33.08335285986712,3.298854189998779,3.008399871573498,0.23960047097780937,0.19880687441652087,0.22650360932259256,0.23671102726915227,0.16525688376646513,13.063689470002348,41.74037414727148,26.177343523103616,4.678631391890846,3.660072239011984
0,0.12,5.0,60.0,0.5000000000000001,285.0,90.0,0.9,18.966876247123928,0.0145,0.0288,0.4156,0.2031,0.0641,22.551494141387664,61.24176308985363,36.86662018148628,3.0260939323551255,2.7078801005475914,0.22425106210488324,0.20839720705763348,0.2524055699554424,0.21713897071061378,0.1487487854450882,2.1213548327326937,48.443352793035224,47.53158912863796,1.8749977618488636,0.8247220068680807
1,0.12,5.0,60.0,0.5000000000000001,285.0,90.0,0.9,18.966876247123928,0.0251,0.0472,0.3922,0.2218,0.0897,22.79452188901321,60.843919451228906,36.24810150987955,3.0727943819233587,2.736907910519559,0.2266677192977194,0.20704340045651728,0.24817091114846607,0.22048998617069138,0.15034333591155377,3.5225436203568883,47.3709132645641,44.55435427803579,2.221737580801132,1.1618741109006507
2,0.12,5.0,60.0,0.5000000000000001,285.0,90.0,0.9,18.966876247123928,0.0407,0.0745,0.3575,0.2494,0.1275,23.175511141985034,60.265063299178806,35.36788990327832,3.1364592476838933,2.7868432538389936,0.2304562596087881,0.20507363343334425,0.242144584049538,0.22505829228765087,0.15308637526106092,5.644933013587046,45.702308086059325,40.06980275869659,2.7211442941166255,1.6682620732121989
3,0.12,5.0,60.0,0.5000000000000001,285.0,90.0,0.9,18.966876247123928,0.0673,0.1207,0.2988,0.2961,0.1916,23.77352432083248,59.352111210348085,33.97230247895622,3.224992768406437,2.8553779931233874,0.2364028762572673,0.20196698437736244,0.2325897608103966,0.2314110618952084,0.1568511133036677,9.418952757912619,43.37766882687845,32.75489933210184,3.564868965862822,2.571356648821782
4,0.12,5.0,60.0,0.5000000000000001,285.0,90.0,0.9,18.966876247123928,0.0938,0.1669,0.2401,0.3428,0.2555,24.43268987928728,58.577611964314094,32.65140544090186,3.3477972098042876,2.953571167406667,0.2429575894687154,0.19933147110017418,0.22354630176529552,0.2402229595427702,0.16224504319394684,13.316500689253159,41.64660147783561,25.786868520509973,4.4803759066968025,3.5199559866839802
0,0.12,5.0,60.0,0.5000000000000001,300.0,50.0,0.5,28.115555280876997,0.0145,0.0288,0.4156,0.2031,0.0641,22.226987572014814,59.56476810051876,35.34519203316663,2.9801914937724843,2.5922609397468372,0.22102418310584077,0.20269062621484693,0.24198918415624399,0.21384521695089995,0.14239761437964307,2.0722533597552117,46.3644303198156,45.47178684789874,1.781728534153934,0.7619785751816233
1,0.12,5.0,60.0,0.5000000000000001,300.0,50.0,0.5,28.115555280876997,0.0251,0.0472,0.3922,0.2218,0.0897,22.466701843832617,59.24963222728534,34.897337473632504,3.021431764482851,2.618118759264333,0.22340789124153296,0.20161826264279956,0.23892296911402208,0.21680443438897426,0.14381803149733896,3.4457635710959966,45.46027846137814,42.73990671121331,2.0823730180006605,1.082190195955198
2,0.12,5.0,60.0,0.5000000000000001,300.0,50.0,0.5,28.115555280876997,0.0407,0.0745,0.3575,0.2494,0.1275,22.893356585975,58.7329853304002,34.03868184681145,3.082315355732807,2.65414541963239,0.22765052716080544,0.19986018506773226,0.23304422401028585,0.22117316868232526,0.14579704156218912,5.599395647546247,43.995161396867715,38.41392361158664,2.5761772297348875,1.592603990002167
3,0.12,5.0,60.0,0.5000000000000001,300.0,50.0,0.5,28.115555280876997,0.0673,0.1207,0.2988,0.2961,0.1916,23.499193408812207,57.75460987596199,32.60687305451357,3.1678471466286924,2.723252677891329,0.23367494177970893,0.19653090939257709,0.22324141288987165,0.22731054757846336,0.14959322911472456,9.316237620405998,41.91801666559156,31.41358667347754,3.418151784601622,2.427778989370405
4,0.12,5.0,60.0,0.5000000000000001,300.0,50.0,0.5,28.115555280876997,0.0938,0.1669,0.2401,0.3428,0.2555,24.078013972632352,57.069350177031865,31.431093377588077,3.2819410277090046,2.804043380783753,0.2394307079117009,0.1941990658896938,0.21519149298846885,0.23549741436315602,0.15403120955856803,13.087214895087879,40.12490637021704,24.568023631750854,4.242588432011587,3.2859296311996737
0,0.12,5.0,60.0,0.5000000000000001,300.0,90.0,0.9,50.77481736061284,0.0145,0.0288,0.4156,0.2031,0.0641,22.70610846353878,59.50592421923342,34.64473330463809,3.016051404409494,2.4282930538911964,0.2257885400982097,0.20249038866625932,0.23719352662826432,0.21641836380607202,0.13339055979547104,2.1192876459210623,45.11250762484458,44.17464255629808,1.6880663251746753,0.7239629881286656
1,0.12,5.0,60.0,0.5000000000000001,300.0,90.0,0.9,50.77481736061284,0.0251,0.0472,0.3922,0.2218,0.0897,22.94074751694904,59.16963650922509,34.066242177483275,3.0659745738794655,2.4537642930318064,0.22812178048612564,0.20134604833381786,0.2332329145096356,0.22000062723729488,0.13478974134903426,3.5309359636633584,44.19341151518318,41.35551379621367,1.9921805644687829,1.0222371855661427
2,0.12,5.0,60.0,0.5000000000000001,300.0,90.0,0.9,50.77481736061284,0.0407,0.0745,0.3575,0.2494,0.1275,23.334411866948876,58.720622037294554,33.22158413486791,3.135053617943475,2.4961788769857662,0.2320363614024418,0.19981811449981815,0.22745000320357445,0.2249574305821462,0.1371196516899812,5.71317716378409,42.959018748953255,37.260877353101854,2.4476494833960554,1.4846580695917062
3,0.12,5.0,60.0,0.5000000000000001,300.0,90.0,0.9,50.77481736061284,0.0673,0.1207,0.2988,0.2961,0.1916,23.92076563374756,57.83855916703487,31.984324677016154,3.2164287756106167,2.554609602281757,0.23786703737226528,0.1968165771609656,0.21897916489226482,0.23079654806238423,0.14032935784303305,9.500644472978603,41.15091726226886,30.43829904044599,3.2365376008666145,2.287834222034537
4,0.12,5.0,60.0,0.5000000000000001,300.0,90.0,0.9,50.77481736061284,0.0938,0.1669,0.2401,0.3428,0.2555,24.581223750821586,57.08916709604868,30.780022478641122,3.331040662609344,2.635489348724117,0.2444346037295571,0.19426650011051355,0.21073396689789886,0.23902058463574208,0.14477222961123828,13.401145830421505,39.85731838388304,23.96344178830087,4.063644391573593,3.1059878673510695
0,0.12,5.0,60.0,0.5000000000000001,320.0,50.0,0.5,89.89379743803187,0.0145,0.0288,0.4156,0.2031,0.0641,22.17578364641922,56.44275196577289,31.944106284193285,2.9172968339949072,2.0733542870202863,0.2205150135303456,0.19206683927528215,0.21870381156957955,0.20933217737163332,0.11389312692584415,2.0818391643010363,41.9384655294213,41.02909335189785,1.5449694919338905,0.615605505450296
1,0.12,5.0,60.0,0.5000000000000001,320.0,50.0,0.5,89.89379743803187,0.0251,0.0472,0.3922,0.2218,0.0897,22.47443907801591,56.19645204556227,31.51216329664151,2.963993558692433,2.1037797616082408,0.22348482995665664,0.19122871488302545,0.21574653435174518,0.21268292555164311,0.11556445365505694,3.424217520957174,41.16056092273139,38.44849096585242,1.813227104772039,0.8757976607249102
2,0.12,5.0,60.0,0.5000000000000001,320.0,50.0,0.5,89.89379743803187,0.0407,0.0745,0.3575,0.2494,0.1275,22.85373456081697,55.7127262333395,30.778176683980575,3.0372702870118733,2.131176434811801,0.22725652749192643,0.18958266318296244,0.21072132975212793,0.2179409359505276,0.11706940280824932,5.590339459356045,40.20561434925482,34.63720173527157,2.2365207428690743,1.2704876431439984
3,0.12,5.0,60.0,0.5000000000000001,320.0,50.0,0.5,89.89379743803187,0.0673,0.1207,0.2988,0.2961,0.1916,23.44538739883204,54.78678844791872,29.525968184504343,3.1199611699373837,2.1773309318309897,0.2331398971919743,0.18643182560652446,0.20214814353496366,0.22387446399260758,0.11960475338490333,9.330099588741106,38.75346772863286,28.293727520895597,2.9983113403918584,1.9814665346180291
4,0.12,5.0,60.0,0.5000000000000001,320.0,50.0,0.5,89.89379743803187,0.0938,0.1669,0.2401,0.3428,0.2555,24.035175326557404,54.25865776830016,28.525123357734397,3.211632550211282,2.2339301370114675,0.2390047223064362,0.18463467031508593,0.19529590680444056,0.23045239237198334,0.12271385080249242,13.124894537247043,37.68571450515773,22.14729929664045,3.753545817339785,2.711379814797299
0,0.12,5.0,60.0,0.5000000000000001,320.0,90.0,0.9,163.54494133649348,0.0145,0.0288,0.4156,0.2031,0.0641,22.81836558841348,55.89270983775754,30.686825370107023,2.9268152456129224,1.6380745097884488,0.2269048199918684,0.1901951223706879,0.2100958973058954,0.21001517603186565,0.08998241604209745,2.1452683838828017,40.04856574488179,39.0337427621237,1.4582431749012472,0.5541176285224041
1,0.12,5.0,60.0,0.5000000000000001,320.0,90.0,0.9,163.54494133649348,0.0251,0.0472,0.3922,0.2218,0.0897,23.075091832965043,55.59317375327391,30.261605227926662,2.9784165115538808,1.6598777106655866,0.2294576944333551,0.18917584271135177,0.207184647730664,0.21371785216296119,0.09118010557371065,3.572882384807931,39.49663160801074,36.607465033156046,1.71322566436266,0.781803622302884
2,0.12,5.0,60.0,0.5000000000000001,320.0,90.0,0.9,163.54494133649348,0.0407,0.0745,0.3575,0.2494,0.1275,23.460890078681622,55.34576875470952,29.55036091359836,3.0452690177960573,1.680143843878558,0.23329405515596308,0.18833395789106547,0.20231514720005245,0.2185148891087223,0.09229336117926284,5.745298498734142,38.74658196482792,33.034479628325464,2.09618007645897,1.1179167969146855
3,0.12,5.0,60.0,0.5000000000000001,320.0,90.0,0.9,163.54494133649348,0.0673,0.1207,0.2988,0.2961,0.1916,24.034156200175744,54.46311173015536,28.428672070438818,3.1366775782357816,1.7194081393782625,0.2389945881586909,0.18533039872773757,0.1946355576315863,0.22507395871188338,0.09445022043819273,9.556490624933765,37.794291577301294,27.094751822624453,2.7825411954237507,1.7185781459709535
4,0.12,5.0,60.0,0.5000000000000001,320.0,90.0,0.9,163.54494133649348,0.0938,0.1669,0.2401,0.3428,0.2555,24.71889366867531,53.85337379361709,27.39822449906016,3.2497710068726575,1.7566136770863188,0.24580358731463722,0.1832555452845859,0.1875806471113742,0.23318903750232708,0.09649398838227033,13.428379895642419,37.134918882363124,21.303867949913677,3.488707572544687,2.3402435909070483
0,0.12,5.0,65.0,0.42261826174069944,270.0,50.0,0.5,3.5027922523960817,0.0145,0.0288,0.4156,0.2031,0.0641,20.035441132059212,54.4069484261197,33.71958602566721,2.7032643177371143,2.5975967471274664,0.19923154206259064,0.18513928281092457,0.23085954957553095,0.19397416095915207,0.14269071999649702,1.6424843961423898,39.706497819637455,38.993109300302805,1.722523738085914,0.7113064925445092
1,0.12,5.0,65.0,0.42261826174069944,270.0,50.0,0.5,3.5027922523960817,0.0251,0.0472,0.3922,0.2218,0.0897,20.231702717993073,54.01505256514787,33.24985012327028,2.734213473330276,2.625293756593877,0.20118315860826708,0.18380571567040724,0.22764352495517337,0.19619493398870294,0.14421216716757249,2.6432052215027357,38.44715435835858,36.38011816570619,1.9899235791740548,1.0099511230531348
2,0.12,5.0,65.0,0.42261826174069944,270.0,50.0,0.5,3.5027922523960817,0.0407,0.0745,0.3575,0.2494,0.1275,20.46289389903671,53.54391032638492,32.541666506235295,2.7868393438007995,2.6692049659381687,0.20348211350559112,0.18220248412168413,0.22279497934369943,0.19997113115976237,0.14662428986682627,4.264726724418786,36.97436077094948,32.7482312669034,2.4100408040606323,1.4640970832093987
3,0.12,5.0,65.0,0.42261826174069944,270.0,50.0,0.5,3.5027922523960817,0.0673,0.1207,0.2988,0.2961,0.1916,21.003294259003773,52.80172950185909,31.36974807744064,2.8647578346296454,2.732579025859541,0.20885583082670067,0.1796769459405579,0.21477149529484849,0.20556221368268074,0.15010554239352494,7.190554455103647,34.764971848588814,26.688880165960047,3.1379603080975276,2.2255851319482574
4,0.12,5.0,65.0,0.42261826174069944,270.0,50.0,0.5,3.5027922523960817,0.0938,0.1669,0.2401,0.3428,0.2555,21.467115712717497,52.18969353096078,30.365626849635454,2.9555516225761638,2.794855706798609,0.21346805088494702,0.17759427260591076,0.20789682683972924,0.21207716996041967,0.1535265138942071,10.075922784889263,32.87100587245363,20.94905377008829,3.884594286054052,3.023375369496793
0,0.12,5.0,65.0,0.42261826174069944,270.0,90.0,0.9,6.307579202674779,0.0145,0.0288,0.4156,0.2031,0.0641,20.236761497552088,54.54375402135765,33.55807672194602,2.7315368998646976,2.5819131145417917,0.20123346288885935,0.18560481323524658,0.22975378377280287,0.19600287504395805,0.14182918949593523,1.6485738826011547,39.24083212205676,38.5403699346338,1.6425746919744566,0.6889788217018378
1,0.12,5.0,65.0,0.42261826174069944,270.0,90.0,0.9,6.307579202674779,0.0251,0.0472,0.3922,0.2218,0.0897,20.40347741569674,54.18666777242312,33.0468306171318,2.7676776582502955,2.600722781521078,0.2028912786184662,0.18438969836588104,0.22625356151652087,0.19859617427787912,0.142862438758792,2.689809115424555,38.12913674877154,36.04337902470029,1.9083805324248693,0.972577584622845
2,0.12,5.0,65.0,0.42261826174069944,270.0,90.0,0.9,6.307579202674779,0.0407,0.0745,0.3575,0.2494,0.1275,20.678466309114963,53.67695788306824,32.36691012351066,2.8088304051062276,2.6516916557377788,0.20562575603399624,0.1826552264631802,0.2215985180416375,0.2015491113954844,0.14566225184272605,4.299628648172357,36.60786975228756,32.37572749675253,2.3061876016741985,1.4057409170713404
3,0.12,5.0,65.0,0.42261826174069944,270.0,90.0,0.9,6.307579202674779,0.0673,0.1207,0.2988,0.2961,0.1916,21.20125676198978,53.02112103290367,31.207083981584987,2.888050269741707,2.714412038695476,0.21082436121644899,0.18042350482480665,0.213657823262435,0.20723357468423448,0.14910759670335028,7.242405154779807,34.457255795791866,26.32403449664821,3.0370254121446294,2.1611531320905786
4,0.12,5.0,65.0,0.42261826174069944,270.0,90.0,0.9,6.307579202674779,0.0938,0.1669,0.2401,0.3428,0.2555,21.686793345479714,52.293184260370936,30.202719614350492,2.977640744704129,2.7694873776626214,0.21565251556647796,0.17794643717265896,0.20678149016472222,0.21366218660233022,0.15213298537461484,10.122031983944174,32.73487242458837,20.77005279395219,3.756842688200788,2.9198055632100193
0,0.12,5.0,65.0,0.42261826174069944,285.0,50.0,0.5,10.524269951667252,0.0145,0.0288,0.4156,0.2031,0.0641,20.04455352081638,53.43385166465541,32.58562264748125,2.6971327656944357,2.510811157436199,0.19932215525408453,0.18182796979420993,0.22309592298403344,0.19353418819916257,0.13792342950305855,1.6388541816277293,37.82229143358246,37.10621408022843,1.5542591795628582,0.6577979188257695
1,0.12,5.0,65.0,0.42261826174069944,285.0,50.0,0.5,10.524269951667252,0.0251,0.0472,0.3922,0.2218,0.0897,20.20680416999008,53.048521619879814,32.11750062780395,2.729345992233895,2.5384500512180903,0.2009355685461836,0.1805167452135458,0.2198909477353211,0.19584566530807115,0.13944168427374456,2.6426275700711437,36.67214782204183,34.612373370786784,1.7947852134959525,0.9251470806124885
2,0.12,5.0,65.0,0.42261826174069944,285.0,50.0,0.5,10.524269951667252,0.0407,0.0745,0.3575,0.2494,0.1275,20.467510543420474,52.58049453122959,31.47099103847972,2.778247688965842,2.5751229855888598,0.20352802121352076,0.17892411408764372,0.21546465043516913,0.1993546324226886,0.1414561953465414,4.257123038701977,35.36740828665918,31.164387422321813,2.1745382467398944,1.3348349648575843
3,0.12,5.0,65.0,0.42261826174069944,285.0,50.0,0.5,10.524269951667252,0.0673,0.1207,0.2988,0.2961,0.1916,21.0173308475362,51.893124989913474,30.274356654761416,2.851273022161593,2.6344886254474336,0.2089954100433588,0.17658509108439355,0.20727194977088703,0.20459460383150213,0.14471725805915844,7.205654857186175,33.493456006609165,25.397867558161455,2.852523803946861,2.0313657769561244
4,0.12,5.0,65.0,0.42261826174069944,285.0,50.0,0.5,10.524269951667252,0.0938,0.1669,0.2401,0.3428,0.2555,21.47548424218616,51.265447916789505,29.336924169449258,2.9418453746985707,2.704860188085738,0.21355126717251705,0.17444919325301944,0.20085386263447022,0.21109367089430547,0.14858289615377127,10.065301966893296,31.843683663983278,19.941128761736415,3.5457931785754724,2.768889132031819
0,0.12,5.0,65.0,0.42261826174069944,285.0,90.0,0.9,18.966876247123928,0.0145,0.0288,0.4156,0.2031,0.0641,20.362619753068046,53.63568369309587,32.18241389274879,2.729818249790131,2.4514338988831277,0.2024849918251316,0.18251477613190564,0.2203353733310338,0.19587955239881047,0.1346617285543931,1.6642825471505591,37.02873071023238,36.310771920071936,1.4503837282731924,0.6330299761146723
1,0.12,5.0,65.0,0.42261826174069944,285.0,90.0,0.9,18.966876247123928,0.0251,0.0472,0.3922,0.2218,0.0897,20.515707070931754,53.25858981851151,31.69497455165433,2.765042236714772,2.4764462573478507,0.20400728535524057,0.18123157809355683,0.216998142955643,0.19840706821164183,0.1360357029567281,2.6842329930977296,36.06374756514381,33.96742207270758,1.6973322031664222,0.8887700388106095
2,0.12,5.0,65.0,0.42261826174069944,285.0,90.0,0.9,18.966876247123928,0.0407,0.0745,0.3575,0.2494,0.1275,20.766150380917587,52.80835452869634,31.077813975506704,2.810683412604614,2.5107740602504505,0.20649768257279405,0.17969948998599203,0.2127727822849407,0.20168207492864396,0.13792139168708492,4.366571033843136,34.87888473555509,30.577614927322184,2.0603537809234735,1.285754233479499
3,0.12,5.0,65.0,0.42261826174069944,285.0,90.0,0.9,18.966876247123928,0.0673,0.1207,0.2988,0.2961,0.1916,21.33266489524155,52.10871069463718,29.95643390416986,2.8867781602970894,2.5671942405590626,0.2121310778919019,0.17731869927069044,0.20509530670814266,0.207142293798178,0.1410206549424269,7.286326261470535,33.01512288332889,24.8594350734542,2.7406478761109128,1.9686160088561477
4,0.12,5.0,65.0,0.42261826174069944,285.0,90.0,0.9,18.966876247123928,0.0938,0.1669,0.2401,0.3428,0.2555,21.824089882069217,51.52270780471918,29.071651834987254,2.9733613501627723,2.633980640153279,0.21701778626475124,0.1753246128919649,0.19903768815349848,0.21335511638351132,0.1446893535018207,10.205867368466235,31.61733145161517,19.55766641544018,3.4106298213850366,2.659525534866832
0,0.12,5.0,65.0,0.42261826174069944,300.0,50.0,0.5,28.115555280876997,0.0145,0.0288,0.4156,0.2031,0.0641,20.03288103229088,51.97983127630755,30.847840519117224,2.6799270682591896,2.3263067021561263,0.19920608454352146,0.17688014052463177,0.211198279901786,0.19229958427907212,0.12778826375972727,1.6456602371508677,35.456780259195966,34.72785259237978,1.3742552334273417,0.5954851111947399
1,0.12,5.0,65.0,0.42261826174069944,300.0,50.0,0.5,28.115555280876997,0.0251,0.0472,0.3922,0.2218,0.0897,20.21334978801324,51.72481624742315,30.426669363286777,2.7082011782146695,2.3551498009287055,0.20100065788282018,0.17601235982897712,0.20831475151993664,0.19432840799397694,0.1293726677036191,2.659143345746955,34.54125428673388,32.46048485407303,1.6089758787927362,0.840195250836064
2,0.12,5.0,65.0,0.42261826174069944,300.0,50.0,0.5,28.115555280876997,0.0407,0.0745,0.3575,0.2494,0.1275,20.479048497004595,51.254160656243116,29.797240501423275,2.758519334933516,2.3970334098334254,0.20364275411456642,0.17441078427433362,0.20400539661181177,0.19793901394416377,0.1316734106181131,4.2817320178545994,33.444995661375344,29.22439892303793,1.976091257153656,1.2068399750364414
3,0.12,5.0,65.0,0.42261826174069944,300.0,50.0,0.5,28.115555280876997,0.0673,0.1207,0.2988,0.2961,0.1916,21.014469544329078,50.535190848038255,28.70571684191785,2.826196632252483,2.4450706774612967,0.2089669573705923,0.17196422995536628,0.19653233154533545,0.20279523420989745,0.13431218521315574,7.170441270510755,31.858289784129266,23.832793537895306,2.6046201339988158,1.845555994430748
4,0.12,5.0,65.0,0.42261826174069944,300.0,50.0,0.5,28.115555280876997,0.0938,0.1669,0.2401,0.3428,0.2555,21.469849672447033,50.02511761932688,27.850964159006736,2.9224656988614974,2.503150518592074,0.21349523725979458,0.17022852165934024,0.190680307762329,0.20970307200410765,0.13750261665999114,10.057275537088918,30.54721660640695,18.6699098557356,3.249059274019004,2.499390101516136
0,0.12,5.0,65.0,0.42261826174069944,300.0,90.0,0.9,50.77481736061284,0.0145,0.0288,0.4156,0.2031,0.0641,20.470087520433403,52.02152887319356,30.15819213125414,2.712684074896577,2.1913625482631884,0.20355364655916508,0.17702203165077898,0.20647663485945447,0.19465008061652958,0.12037553562954512,1.6733335528341173,34.395267199186954,33.65464593533548,1.3056236473915344,0.5595405806351119
1,0.12,5.0,65.0,0.42261826174069944,300.0,90.0,0.9,50.77481736061284,0.0251,0.0472,0.3922,0.2218,0.0897,20.6277898535173,51.777427794890016,29.769599208894043,2.7427714866634627,2.2111983250840743,0.205121831596873,0.17619138961188832,0.2038161518109377,0.1968090187620231,0.121465150974726,2.7192955146905984,33.63790155461609,31.5188768090957,1.534522300013181,0.7810785730117549
2,0.12,5.0,65.0,0.42261826174069944,300.0,90.0,0.9,50.77481736061284,0.0407,0.0745,0.3575,0.2494,0.1275,20.898146372116855,51.383796995789986,29.14494003177686,2.794617009902282,2.244880052188174,0.20781024488172326,0.17485191871808087,0.19953945232365086,0.20052922170472187,0.12331534958485449,4.368904936779922,32.73405178837314,28.438625122280197,1.8739291752893974,1.1272271290026785
3,0.12,5.0,65.0,0.42261826174069944,300.0,90.0,0.9,50.77481736061284,0.0673,0.1207,0.2988,0.2961,0.1916,21.435336922370496,50.64184286823229,28.17083389140316,2.867029589682066,2.279767328953601,0.21315204399675397,0.17232715195522577,0.1928702807438381,0.20572522466806853,0.1252317712333959,7.319863373350417,31.2585517659099,23.07678293193858,2.492250440586452,1.735526046334456
4,0.12,5.0,65.0,0.42261826174069944,300.0,90.0,0.9,50.77481736061284,0.0938,0.1669,0.2401,0.3428,0.2555,21.926156090154645,50.10200553676145,27.26786314187811,2.9507619811879406,2.3345680500653634,0.2180327281317812,0.17049016055478378,0.18668813425020814,0.21173348670921857,0.12824207464573725,10.252349908296768,30.244498611705154,18.14917717124328,3.0967845768723925,2.3384451684953573
0,0.12,5.0,65.0,0.42261826174069944,320.0,50.0,0.5,89.89379743803187,0.0145,0.0288,0.4156,0.2031,0.0641,19.995701598994096,49.170279610362556,27.81572216177264,2.6382552288765577,1.8556246486483159,0.19883637390027142,0.16731962673916137,0.19043902509647975,0.18930939940264946,0.10193284136642092,1.66158078078804,31.92117546878235,31.181576728729013,1.1837854969989487,0.4828007234568309
1,0.12,5.0,65.0,0.42261826174069944,320.0,50.0,0.5,89.89379743803187,0.0251,0.0472,0.3922,0.2218,0.0897,20.182230479881042,49.01530053846618,27.441184860317684,2.654256814353781,1.8695249230448188,0.20069120885665534,0.16679225449992321,0.18787477319115362,0.1904576016323,0.10269640875384517,2.6768179683053748,31.222966167656818,29.139779510359944,1.3796371187211587,0.6745603120738367
2,0.12,5.0,65.0,0.42261826174069944,320.0,50.0,0.5,89.89379743803187,0.0407,0.0745,0.3575,0.2494,0.1275,20.41048842015624,48.595535338614624,26.924570156321955,2.695637860489254,1.8988234922791232,0.20296099573727916,0.16536385187309638,0.18433779507470324,0.19342692048546328,0.10430583251969075,4.295101286947966,30.51725837264585,26.281376523564496,1.6924927576679898,0.9708481047788704
3,0.12,5.0,65.0,0.42261826174069944,320.0,50.0,0.5,89.89379743803187,0.0673,0.1207,0.2988,0.2961,0.1916,20.92476364227561,47.98541135386149,25.98102943794425,2.7704519731304007,1.938282074175694,0.20807492584104287,0.16328768476153108,0.1778778882097423,0.1987952467095218,0.10647336428422993,7.154381624850307,29.298182013003462,21.33746961982076,2.26227995110382,1.4783351987964388
4,0.12,5.0,65.0,0.42261826174069944,320.0,50.0,0.5,89.89379743803187,0.0938,0.1669,0.2401,0.3428,0.2555,21.438496929983458,47.57234452894703,25.201401198031498,2.8623527772551696,1.9838795432453724,0.21318346697294455,0.16188207577352662,0.17254020036963597,0.20538963751866615,0.10897811630117228,10.03096175997372,28.516203191900036,16.751132388662384,2.8396998149157966,2.0141464042217554
0,0.12,5.0,65.0,0.42261826174069944,320.0,90.0,0.9,163.54494133649348,0.0145,0.0288,0.4156,0.2031,0.0641,20.537521859727015,48.83094792496213,26.779952752132104,2.6495419960018425,1.4476448765903192,0.20422421065190874,0.1661649281815798,0.18334767886252207,0.19011928734764372,0.07952176948494476,1.6755568202922706,30.516975956542787,29.732068701914425,1.1239341545637804,0.4265414188883371
1,0.12,5.0,65.0,0.42261826174069944,320.0,90.0,0.9,163.54494133649348,0.0251,0.0472,0.3922,0.2218,0.0897,20.714987389561003,48.598549942817016,26.359004620149665,2.6730861335147575,1.4607374772496518,0.2059889200455644,0.16537411015216064,0.18046567740289102,0.19180870938810388,0.08024096988307149,2.7439057300880494,29.989464995216423,27.8238812504021,1.3107729389424714,0.5896135492677446
2,0.12,5.0,65.0,0.42261826174069944,320.0,90.0,0.9,163.54494133649348,0.0407,0.0745,0.3575,0.2494,0.1275,21.006030986851137,48.24223233724888,25.89176364732473,2.718764144024019,1.4762871374044106,0.2088830447275897,0.16416161086932785,0.17726673419974823,0.19508635919270542,0.08109514103401592,4.389633815367785,29.439586031146728,25.113891770353547,1.609759741174839,0.841521913938412
3,0.12,5.0,65.0,0.42261826174069944,320.0,90.0,0.9,163.54494133649348,0.0673,0.1207,0.2988,0.2961,0.1916,21.528474204161995,47.73824437337321,24.98774875856031,2.78808458311394,1.4966351985458282,0.2140781970149247,0.1624466098836728,0.17107743905624126,0.20006048396532228,0.08221289708988272,7.3161680914344185,28.602030171581767,20.478017441650415,2.133678492084402,1.2921706215926814
4,0.12,5.0,65.0,0.42261826174069944,320.0,90.0,0.9,163.54494133649348,0.0938,0.1669,0.2401,0.3428,0.2555,22.01897915427184,47.21439345473078,24.23917136607473,2.876575213790629,1.525774579357502,0.2189557565832712,0.16066401802393998,0.1659523393732232,0.20641017597495365,0.08381357634576331,10.281233051913915,28.01542422799754,16.016381387655645,2.6770254209662743,1.7508120380231997
0,0.12,10.0,0.0,1.0,270.0,50.0,0.5,3.5027922523960817,0.0145,0.0288,0.4156,0.2031,0.0641,40.0538121307991,120.08003881719952,71.87097240881043,5.279081143585096,4.355752578016841,0.3982933394730917,0.4086156807105797,0.4920612105149675,0.3788032597268878,0.2392694216957003,4.821443624262766,125.84915731293512,123.92145408394205,4.700275725208501,1.8091788570356195
1,0.12,10.0,0.0,1.0,270.0,50.0,0.5,3.5027922523960817,0.0251,0.0472,0.3922,0.2218,0.0897,40.51613082440395,119.21518160116274,70.65097513906652,5.322087547042469,4.39658614176286,0.4028906161511615,0.4056726918214246,0.4837085569574159,0.38188920695438555,0.24151248371731146,8.065325790248092,121.6413560217637,115.27249586542403,5.473760163511544,2.568738561134264
2,0.12,10.0,0.0,1.0,270.0,50.0,0.5,3.5027922523960817,0.0407,0.0745,0.3575,0.2494,0.1275,41.22431113521806,117.99198243163029,68.75548183635351,5.415456830795322,4.4301479196183235,0.409932729896094,0.40151031507482815,0.47073115178539904,0.38858896929596726,0.24335609329676386,13.065777499506854,115.59133731103589,102.42575156770769,6.642015982442281,3.7248677245277486
3,0.12,10.0,0.0,1.0,270.0,50.0,0.5,3.5027922523960817,0.0673,0.1207,0.2988,0.2961,0.1916,42.28139456054741,115.98501421565251,66.0252535123511,5.584061972635254,4.531457443056324,0.42044432080786975,0.3946808812087658,0.4520387728031134,0.4006873204291546,0.2489212099215272,21.651044013615458,107.30363620837403,82.47613386123966,8.673460963492634,5.71182016427125
4,0.12,10.0,0.0,1.0,270.0,50.0,0.5,3.5027922523960817,0.0938,0.1669,0.2401,0.3428,0.2555,43.48634438272802,114.45418300067097,63.39269141905758,5.741683126620787,4.613345122228482,0.4324262886417077,0.3894716753730238,0.43401506104625076,0.41199750970407933,0.2534194492702016,30.66004055308595,100.88074114106473,63.9971568063891,10.894090911079607,7.867082864516901
0,0.12,10.0,0.0,1.0,270.0,90.0,0.9,6.307579202674779,0.0145,0.0288,0.4156,0.2031,0.0641,40.27699135950246,120.46541161310408,71.52266904709192,5.305176719399565,4.331200758344876,0.4005126238700677,0.4099270507673932,0.48967656803623805,0.3806757615722104,0.23792074552797296,4.894102539942711,125.0846245727184,123.13127981360233,4.512863785952536,1.7508700565078232
1,0.12,10.0,0.0,1.0,270.0,90.0,0.9,6.307579202674779,0.0251,0.0472,0.3922,0.2218,0.0897,40.7178695231104,119.51074622706065,70.33436307992889,5.388375429111666,4.359912698390175,0.4048966968644368,0.40667845715923484,0.48154088748166796,0.38664572899396743,0.23949794468411237,8.210868419570025,120.51771614408399,114.01548142577754,5.230218157166059,2.4735938896961667
2,0.12,10.0,0.0,1.0,270.0,90.0,0.9,6.307579202674779,0.0407,0.0745,0.3575,0.2494,0.1275,41.412358558523565,118.18848213422523,68.4187961285377,5.478893039982843,4.394413767799712,0.41180266517124514,0.4021789762488763,0.46842604902418156,0.39314086803958664,0.24139315125924382,13.234335669869541,114.76326728925096,101.4132861450073,6.372889783022674,3.578073723901169
3,0.12,10.0,0.0,1.0,270.0,90.0,0.9,6.307579202674779,0.0673,0.1207,0.2988,0.2961,0.1916,42.534750284881284,116.24159722846771,65.62791936168966,5.614329960881266,4.495209325693415,0.42296367894511855,0.39555399753578385,0.449318443348806,0.4028592159354203,0.24693003482063802,21.86906502533844,106.77611446737531,81.69298835516173,8.35779418720171,5.512367087198524
4,0.12,10.0,0.0,1.0,270.0,90.0,0.9,6.307579202674779,0.0938,0.1669,0.2401,0.3428,0.2555,43.823929676406536,114.66401352862405,63.14933347817924,5.77158003234209,4.577334083402531,0.43578322189782664,0.3901856994927522,0.43234892242361056,0.41414277798750754,0.25144129732510884,30.960960371259375,100.56214405505494,63.40966034053422,10.574103003848503,7.621543357682432
0,0.12,10.0,0.0,1.0,285.0,50.0,0.5,10.524269951667252,0.0145,0.0288,0.4156,0.2031,0.0641,40.004830190064126,118.43398255900405,69.78531909008008,5.262653509509743,4.251592850342445,0.39780626521695106,0.4030143800693102,0.4777818837946961,0.37762448615472816,0.23354773816151264,4.8499637228606485,121.01565154037364,119.039692295999,4.29617748319666,1.6766477345875075
1,0.12,10.0,0.0,1.0,285.0,50.0,0.5,10.524269951667252,0.0251,0.0472,0.3922,0.2218,0.0897,40.540733346116426,117.49462170710123,68.67072825558438,5.310832024921437,4.279167430897379,0.40313526254088144,0.399817865663469,0.47015089040655583,0.3810815610111979,0.2350624600895163,8.086132685058185,116.79727103604779,110.40974231601987,5.013967226239695,2.391599904176151
2,0.12,10.0,0.0,1.0,285.0,50.0,0.5,10.524269951667252,0.0407,0.0745,0.3575,0.2494,0.1275,41.207053029380525,116.41113296987888,66.79925914253815,5.4115173270847485,4.321000496114194,0.4097611160535822,0.3961309040979724,0.45733796571188434,0.38830628812349,0.2373604265471848,13.108370492893156,111.55515856849148,98.290153603628,6.073417242121435,3.45008791385656
3,0.12,10.0,0.0,1.0,285.0,50.0,0.5,10.524269951667252,0.0673,0.1207,0.2988,0.2961,0.1916,42.324358596897326,114.58998380597588,64.11096423825902,5.575866555724131,4.4171993028935495,0.4208715532884928,0.3899337866368716,0.4389326819027752,0.400099253953888,0.24264480219838228,21.634433309946715,104.14736110468453,79.31510493776793,7.9686292541416925,5.301936393397005
4,0.12,10.0,0.0,1.0,285.0,50.0,0.5,10.524269951667252,0.0938,0.1669,0.2401,0.3428,0.2555,43.46153921289396,113.03168511611118,61.67174532975129,5.73143923593786,4.488958317586938,0.4321796271280135,0.3846311128021404,0.42223268510846196,0.411262453909816,0.2465866555611731,30.700373979834296,98.62690125781059,61.726918585739185,10.066176584605696,7.3323867760624255
0,0.12,10.0,0.0,1.0,285.0,90.0,0.9,18.966876247123928,0.0145,0.0288,0.4156,0.2031,0.0641,40.41629886144521,118.34914778049725,68.96821321249055,5.309243732216934,4.176939660952423,0.40189789151903055,0.4027256991102687,0.472187607082276,0.38096759222808924,0.22944690251183883,4.925934686298255,119.01401719929386,116.99423791476667,4.046220837026397,1.625115758694803
1,0.12,10.0,0.0,1.0,285.0,90.0,0.9,18.966876247123928,0.0251,0.0472,0.3922,0.2218,0.0897,40.903068400379595,117.52055506582525,67.76030432763825,5.3744059191475255,4.20623676732579,0.4067383063235648,0.3999061132784141,0.46391771607966936,0.38564333941758555,0.231056245920069,8.279952027894868,115.11988913934394,108.56683544592875,4.727310579940488,2.282614490836192
2,0.12,10.0,0.0,1.0,285.0,90.0,0.9,18.966876247123928,0.0407,0.0745,0.3575,0.2494,0.1275,41.5861189554184,116.33160792294728,66.00424950475825,5.482603151129963,4.249689344926697,0.41353053088653363,0.3958602914174172,0.45189496985937394,0.3934070890273405,0.23344317514241023,13.311670188087023,110.2156409795105,96.7922744510305,5.776967416536673,3.303814066196021
3,0.12,10.0,0.0,1.0,285.0,90.0,0.9,18.966876247123928,0.0673,0.1207,0.2988,0.2961,0.1916,42.71634295440755,114.49480485307066,63.395482225388335,5.618004082583107,4.325932880863867,0.4247694284336631,0.3896099058902149,0.43403416816968876,0.4031228544814922,0.23763137142421736,21.980875309529168,103.12575159228325,77.98835660866064,7.650397391126354,5.062714245429412
4,0.12,10.0,0.0,1.0,285.0,90.0,0.9,18.966876247123928,0.0938,0.1669,0.2401,0.3428,0.2555,44.00291080039398,112.90431902650775,60.901758706429135,5.787431363681976,4.407091587064407,0.43756300229283157,0.3841977037033811,0.41696100813994796,0.4152801986520594,0.24208956695997386,31.14618837460867,97.81769213085437,60.54771112241124,9.671191226104115,7.066253334187246
0,0.12,10.0,0.0,1.0,300.0,50.0,0.5,28.115555280876997,0.0145,0.0288,0.4156,0.2031,0.0641,39.99295182895459,115.67462043641265,66.54695800666678,5.223948765562549,4.01236474051601,0.39768814731850144,0.39362465432341726,0.4556105979280592,0.3748472067806637,0.2204065024126291,4.862714251712555,114.67736922612845,112.63316196992125,3.8685999541219296,1.5323058569285648
1,0.12,10.0,0.0,1.0,300.0,50.0,0.5,28.115555280876997,0.0251,0.0472,0.3922,0.2218,0.0897,40.481635754231846,114.83706636175836,65.54597202795343,5.291552354239576,4.051111191010056,0.40254759869631,0.3907745742291913,0.4487573948074371,0.37969813804380814,0.2225349155023121,8.09524270530608,111.2581350079475,104.83448548280543,4.542135398534033,2.174401092924805
2,0.12,10.0,0.0,1.0,300.0,50.0,0.5,28.115555280876997,0.0407,0.0745,0.3575,0.2494,0.1275,41.21012135400391,113.86555983296536,63.88976418033837,5.394741535953225,4.090988536061994,0.40979162733817215,0.38746867255321127,0.43741824617694003,0.3871025323576138,0.22472545068961636,13.07641150824794,106.61034462959684,93.426594233818,5.496659525125853,3.1314790254084484
3,0.12,10.0,0.0,1.0,300.0,50.0,0.5,28.115555280876997,0.0673,0.1207,0.2988,0.2961,0.1916,42.285229596959596,112.01838780609167,61.26914981563276,5.556643561336966,4.172254847736932,0.4204824562406376,0.3811830029066553,0.41947633397829726,0.39871989782400197,0.22918955719004983,21.651703832143763,99.9226419821644,75.11900779628647,7.314737635352297,4.833329070077623
4,0.12,10.0,0.0,1.0,300.0,50.0,0.5,28.115555280876997,0.0938,0.1669,0.2401,0.3428,0.2555,43.50779778230712,110.61761496191379,59.10003221312304,5.699793971512099,4.253752399427435,0.43263962029996555,0.3764163676283641,0.404625572989993,0.4089917312227885,0.2336663661256667,30.803247308170658,95.3398925916774,58.4147920978476,9.221999216116828,6.683454945997129
0,0.12,10.0,0.0,1.0,300.0,90.0,0.9,50.77481736061284,0.0145,0.0288,0.4156,0.2031,0.0641,40.60306120179952,115.42010944718007,65.08236695353015,5.29296990338688,3.838667838784456,0.4037550479860508,0.39275858880463516,0.4455833446105925,0.37979985503265845,0.21086501526815818,4.8900362736926155,111.85294851822526,109.87400461926309,3.625061497297385,1.4671645124488433
1,0.12,10.0,0.0,1.0,300.0,90.0,0.9,50.77481736061284,0.0251,0.0472,0.3922,0.2218,0.0897,41.10147451163324,114.59611879815644,64.06789023087055,5.354410703833791,3.862916055375742,0.40871124793434144,0.3899546631624849,0.43863777775013985,0.38420857216666204,0.21219701396574964,8.240213136259436,108.57899853754695,102.03705537934573,4.252556077296424,2.0626681029179434
2,0.12,10.0,0.0,1.0,300.0,90.0,0.9,50.77481736061284,0.0407,0.0745,0.3575,0.2494,0.1275,41.82111366805103,113.41956073591453,62.43570705623105,5.444850379911784,3.9050616618164176,0.41586730793405463,0.3859509996207836,0.42746311290593886,0.3906981189599743,0.2145121488820369,13.28014471451636,104.16807572547071,90.86116702021496,5.201880950167348,2.980685933744052
3,0.12,10.0,0.0,1.0,300.0,90.0,0.9,50.77481736061284,0.0673,0.1207,0.2988,0.2961,0.1916,42.91945799345806,111.7301505203881,59.978956528876054,5.59167625859752,3.9782989299482723,0.42678919541455496,0.38020217148901037,0.4106430867130639,0.4012336875458078,0.21853520539836,22.05730933063799,98.25596175406591,73.09082606520225,6.901061150796751,4.54621547973865
4,0.12,10.0,0.0,1.0,300.0,90.0,0.9,50.77481736061284,0.0938,0.1669,0.2401,0.3428,0.2555,44.212612735904514,110.32525025804179,57.72398726015795,5.7484331459249445,4.055290766515557,0.43964826908131377,0.375421491180412,0.3952045463559355,0.4124818609095427,0.22276450719656532,31.382013725826575,94.35976682041479,56.8386120797777,8.814202865175208,6.293821563091055
0,0.12,10.0,0.0,1.0,320.0,50.0,0.5,89.89379743803187,0.0145,0.0288,0.4156,0.2031,0.0641,39.95121742793512,110.36821384071038,60.88804691584832,5.13947513365321,3.3910634204283996,0.3972731422773166,0.3755676902802026,0.4168671310147973,0.3687857566422981,0.1862772894021368,4.87951861733101,104.80257967639233,102.7419852142303,3.3427523694959187,1.290105922520842
1,0.12,10.0,0.0,1.0,320.0,50.0,0.5,89.89379743803187,0.0251,0.0472,0.3922,0.2218,0.0897,40.362053600166504,109.70581964628073,59.917598787372214,5.2194923724655995,3.4149658190919436,0.401358479035776,0.37331365491078,0.41022300384028587,0.3745274359368682,0.18759029169116265,8.03294580104367,101.62634475849225,95.21630059323546,3.952643818331533,1.8178207326444493
2,0.12,10.0,0.0,1.0,320.0,50.0,0.5,89.89379743803187,0.0407,0.0745,0.3575,0.2494,0.1275,41.121847263903945,108.82481977825366,58.37670147182911,5.322063996619634,3.4440218322069707,0.4089138336834746,0.3703157348207654,0.3996733233092839,0.3818875170813385,0.1891863914076393,13.153372825250603,98.41169409539327,85.17900317727972,4.876518193871808,2.686315630775283
3,0.12,10.0,0.0,1.0,320.0,50.0,0.5,89.89379743803187,0.0673,0.1207,0.2988,0.2961,0.1916,42.27271929930507,107.0611296760868,56.12020399598056,5.43856602445992,3.4958742953097435,0.4203580543930844,0.3643141425598192,0.3842243201543761,0.39024718171053624,0.19203474163825474,21.63449580749817,93.25024014550242,68.5862604235229,6.397889420576848,4.080463880019374
4,0.12,10.0,0.0,1.0,320.0,50.0,0.5,89.89379743803187,0.0938,0.1669,0.2401,0.3428,0.2555,43.433332835051885,105.86748503235992,54.065445366749756,5.618430798007808,3.555199056666436,0.4318991441520493,0.36025233575639626,0.37015651246333336,0.40315347367249466,0.19529355882031654,30.832816121604985,90.35112624947958,53.52285476140943,8.151376919481379,5.633437273814477
0,0.12,10.0,0.0,1.0,320.0,90.0,0.9,163.54494133649348,0.0145,0.0288,0.4156,0.2031,0.0641,40.86435248153819,109.17218417845164,58.33882359404255,5.156920725713361,2.8493874188959816,0.4063533169358941,0.37149776759023845,0.39941399421200424,0.37003757432808626,0.15652204015147567,4.955805727415923,100.31463183516809,98.19347184336624,3.1557703022230856,1.1573504164890758
1,0.12,10.0,0.0,1.0,320.0,90.0,0.9,163.54494133649348,0.0251,0.0472,0.3922,0.2218,0.0897,41.3283876090007,108.29789586352476,57.39959507474483,5.219862759840749,2.8613339081532394,0.4109676617564648,0.36852268598250343,0.39298361061392223,0.3745540132788814,0.15717828256301766,8.239373382146947,97.77506052728833,91.17870002086838,3.7238437327123313,1.6384506126082428
2,0.12,10.0,0.0,1.0,320.0,90.0,0.9,163.54494133649348,0.0407,0.0745,0.3575,0.2494,0.1275,41.99117713612828,107.47785492538475,55.88409421682288,5.344791377256024,2.8890473045587806,0.4175584115523986,0.3657322006574718,0.3826078057278577,0.38351833230011567,0.15870062989850303,13.308713185079569,94.70511940991464,81.32992921509803,4.526670111861725,2.3630402972933444
3,0.12,10.0,0.0,1.0,320.0,90.0,0.9,163.54494133649348,0.0673,0.1207,0.2988,0.2961,0.1916,43.1583554198382,105.88210405910559,53.792983887243636,5.469144730218868,2.946419948744599,0.4291647808752784,0.3603020822723355,0.36829111784112223,0.3924413729162907,0.16185221372922284,22.11125025430148,90.6159036848188,65.54220914179209,6.038897110528701,3.621381998914163
4,0.12,10.0,0.0,1.0,320.0,90.0,0.9,163.54494133649348,0.0938,0.1669,0.2401,0.3428,0.2555,44.37535482109744,104.70662955254545,51.74818059090239,5.625716797160633,2.9901970139338254,0.4412665691914914,0.3563021059200027,0.35429146886546253,0.4036762843954954,0.16425696764573897,31.44593229580034,88.37532224622689,50.992539184091385,7.6974300602423895,5.026582510834621
0,0.12,10.0,15.0,0.9659258262890683,270.0,50.0,0.5,3.5027922523960817,0.0145,0.0288,0.4156,0.2031,0.0641,39.731247676402255,117.95484629978966,70.49510323143929,5.23891683396004,4.335845314883626,0.3950857727796272,0.4013839459801769,0.48264138732019346,0.37592124844559893,0.23817587947719412,4.60965393406563,118.88662990725753,116.92128164696763,4.4425215146975905,1.7275858568863123
1,0.12,10.0,15.0,0.9659258262890683,270.0,50.0,0.5,3.5027922523960817,0.0251,0.0472,0.3922,0.2218,0.0897,40.10291063556636,116.92378469948255,69.26139614200058,5.283802312120758,4.372412501194361,0.39878157283682314,0.39787538667411776,0.474194870131069,0.3791420296723359,0.24018458161646766,7.649502614849402,114.5456035644936,108.44263580121239,5.12147375513846,2.401250472079921
2,0.12,10.0,15.0,0.9659258262890683,270.0,50.0,0.5,3.5027922523960817,0.0407,0.0745,0.3575,0.2494,0.1275,40.79272516698701,115.81930490085752,67.74949471464255,5.36593767781225,4.424755279179877,0.40564105808230694,0.3941169954444706,0.4638437085759778,0.3850356962814586,0.24305986573654106,12.383108059772486,108.9299372291224,96.41723673240836,6.170528126194178,3.4761712425007874
3,0.12,10.0,15.0,0.9659258262890683,270.0,50.0,0.5,3.5027922523960817,0.0673,0.1207,0.2988,0.2961,0.1916,41.735952712670034,114.0710823213492,65.02716618285089,5.491345321771728,4.505608897877446,0.4150204711535592,0.38816803701311237,0.44520541514711875,0.39403438810574426,0.2475013022601418,20.609688227668876,101.38942345759916,77.85617078304813,8.119914060003174,5.361510048987859
4,0.12,10.0,15.0,0.9659258262890683,270.0,50.0,0.5,3.5027922523960817,0.0938,0.1669,0.2401,0.3428,0.2555,42.8572324138448,112.90969640936409,62.36151113954435,5.65212450833504,4.56738297276311,0.4261704269981086,0.38421600218977336,0.42695513407447877,0.4055711836786684,0.25089466469497723,29.090250096024814,95.35058664396601,60.383483211917195,10.190416829608541,7.388534052436476
0,0.12,10.0,15.0,0.9659258262890683,270.0,90.0,0.9,6.307579202674779,0.0145,0.0288,0.4156,0.2031,0.0641,39.94123106245722,118.10940645273205,70.03260642258591,5.276048964671048,4.300366987320515,0.39717383829989733,0.4019098926964452,0.47947492481111237,0.37858568412509724,0.23622699033192932,4.63528296596813,117.79754413513145,115.77388840525211,4.238668806730966,1.6516113911667798
1,0.12,10.0,15.0,0.9659258262890683,270.0,90.0,0.9,6.307579202674779,0.0251,0.0472,0.3922,0.2218,0.0897,40.36000848114719,117.24346099847018,68.86579022248857,5.328725816942776,4.3270978173626755,0.4013381424625389,0.3989632006838777,0.4714863729295186,0.3823655395222679,0.23769536350764947,7.710154833649948,113.41674136996967,107.24940583533773,4.928071311743729,2.333008842488054
2,0.12,10.0,15.0,0.9659258262890683,270.0,90.0,0.9,6.307579202674779,0.0407,0.0745,0.3575,0.2494,0.1275,40.98422026367215,116.01660725556624,67.3189230085795,5.394442203896432,4.386445214890093,0.4075452768693322,0.3947883879320916,0.46089581977194505,0.3870810536275527,0.24095542413579363,12.475615105758719,108.07840899723726,95.46485878610616,5.943627500514038,3.3516096701836133
3,0.12,10.0,15.0,0.9659258262890683,270.0,90.0,0.9,6.307579202674779,0.0673,0.1207,0.2988,0.2961,0.1916,41.98638050889788,114.41001244705383,64.74283681488703,5.534425160889514,4.476504034504694,0.4175107141029882,0.3893213691188669,0.4432587675883597,0.3971256047478974,0.24590251911004343,20.803561779404767,100.98266901245307,77.18705134629252,7.8347533398681195,5.178627536840958
4,0.12,10.0,15.0,0.9659258262890683,270.0,90.0,0.9,6.307579202674779,0.0938,0.1669,0.2401,0.3428,0.2555,43.123899576721556,113.05453489852985,62.15077907736934,5.671465217170356,4.549864646766912,0.42882215349253455,0.3847088674355421,0.4255123669860035,0.4069589864710443,0.24993235114407863,29.344834441882636,95.35111983961697,60.03148870976905,9.82377809587037,7.157989324419146
0,0.12,10.0,15.0,0.9659258262890683,285.0,50.0,0.5,10.524269951667252,0.0145,0.0288,0.4156,0.2031,0.0641,39.74121950409936,116.26076584394481,68.3869596853582,5.225090392508466,4.217079564005628,0.3951849321939961,0.39561922566977353,0.4682080823229619,0.37492912482600965,0.2316518604883166,4.5958996114142305,114.25379467236733,112.28296965673995,4.010229621253885,1.5903017582287209
1,0.12,10.0,15.0,0.9659258262890683,285.0,50.0,0.5,10.524269951667252,0.0251,0.0472,0.3922,0.2218,0.0897,40.13347819643326,115.34961073401578,67.31435216476075,5.282222243408972,4.264428484465049,0.3990855353125412,0.3925186914832103,0.46086452570610525,0.3790286510061746,0.234252822919796,7.6654038093659596,110.21346109577533,104.10196423568509,4.641381595433789,2.216091535547721
2,0.12,10.0,15.0,0.9659258262890683,285.0,50.0,0.5,10.524269951667252,0.0407,0.0745,0.3575,0.2494,0.1275,40.7597066764322,114.26075616780733,65.83135883037848,5.357308442240622,4.293974170611597,0.4053127236699796,0.38881347074753575,0.45071128204118005,0.38441650091874746,0.23587582126767412,12.375586995603953,105.40870221448948,92.9031883995593,5.649367903546745,3.210622333576851
3,0.12,10.0,15.0,0.9659258262890683,285.0,50.0,0.5,10.524269951667252,0.0673,0.1207,0.2988,0.2961,0.1916,41.72503566724428,112.55005023092104,63.21909328749999,5.484535139954032,4.381942583928633,0.41491191253582754,0.3829921762361261,0.4328265296559771,0.3935457199073001,0.24070808641700422,20.63749145196918,98.46108235361613,74.92091306057594,7.425562683288328,4.958776277415123
4,0.12,10.0,15.0,0.9659258262890683,285.0,50.0,0.5,10.524269951667252,0.0938,0.1669,0.2401,0.3428,0.2555,42.852436641671375,111.27556125716269,60.78318863077264,5.628262594353827,4.459469102135354,0.426122738051347,0.3786552674151422,0.4161492237295949,0.4038589594196437,0.2449667592514123,29.123423592011665,93.18905604588038,58.20225339055651,9.31006551374092,6.790021879496588
0,0.12,10.0,15.0,0.9659258262890683,285.0,90.0,0.9,18.966876247123928,0.0145,0.0288,0.4156,0.2031,0.0641,40.229314032501364,116.28619555064923,67.55806959140835,5.256582388818088,4.152870459377444,0.40003852263529865,0.39570575942690456,0.4625331255310481,0.3771888496782953,0.22812473743511066,4.644041175201085,112.0895303429733,110.05280572362207,3.807989461652234,1.541646293708588
1,0.12,10.0,15.0,0.9659258262890683,285.0,90.0,0.9,18.966876247123928,0.0251,0.0472,0.3922,0.2218,0.0897,40.511516235759615,115.32490604168892,66.49929290816864,5.313427231050778,4.191480996225856,0.402844728885414,0.3924346248492274,0.45528426108746517,0.3812677813996934,0.23024568454071653,7.729085842575698,108.34455692533014,102.14540038351387,4.428653072308567,2.146014414205344
2,0.12,10.0,15.0,0.9659258262890683,285.0,90.0,0.9,18.966876247123928,0.0407,0.0745,0.3575,0.2494,0.1275,41.21368899345643,114.30816728794095,64.92831802113133,5.394973272366753,4.219850304496732,0.4098271037873785,0.38897480419910246,0.4445286558869791,0.3871191607265391,0.23180406230949466,12.461408489352966,103.48847827392095,90.87560313532146,5.411965704683702,3.0942097646058415
3,0.12,10.0,15.0,0.9659258262890683,285.0,90.0,0.9,18.966876247123928,0.0673,0.1207,0.2988,0.2961,0.1916,42.18809790517947,112.56032118045019,62.44107229943037,5.53025944296221,4.308572676918947,0.4195165829858911,0.38302712684968965,0.427499845789534,0.39682669145464694,0.23667774380556333,20.8698370477357,97.34447319242238,73.49000736695237,7.132817815718391,4.794705714417763
4,0.12,10.0,15.0,0.9659258262890683,285.0,90.0,0.9,18.966876247123928,0.0938,0.1669,0.2401,0.3428,0.2555,43.29722753799359,111.40347992214426,60.03625606626509,5.681164429241644,4.393431795287092,0.4305457190870817,0.3790905568511042,0.41103538528346895,0.40765495856343215,0.24133920972078235,29.453013268877633,92.57875780251376,57.2063893015905,8.96404204278699,6.5721340719295736
0,0.12,10.0,15.0,0.9659258262890683,300.0,50.0,0.5,28.115555280876997,0.0145,0.0288,0.4156,0.2031,0.0641,39.76986682216807,113.52932920277124,65.25488901413243,5.199383987820406,3.9886136359832753,0.39546979986010666,0.38632452645544335,0.4467645087320075,0.37308454816070713,0.21910181098574164,4.6200831967368465,108.28257329068605,106.24379956917983,3.6221318338888437,1.4695983630329892
1,0.12,10.0,15.0,0.9659258262890683,300.0,50.0,0.5,28.115555280876997,0.0251,0.0472,0.3922,0.2218,0.0897,40.13693678982641,112.68917314942482,64.20509757869142,5.248148548313071,4.021137395051771,0.39911992741254754,0.38346559218940873,0.439577161362153,0.3765836749919393,0.22088840030281262,7.701769939380176,104.73007509226858,98.56370282364844,4.224392177577788,2.0376334814653414
2,0.12,10.0,15.0,0.9659258262890683,300.0,50.0,0.5,28.115555280876997,0.0407,0.0745,0.3575,0.2494,0.1275,40.80585684228748,111.70740019319997,62.74237766259198,5.319600094799629,4.071607348318386,0.405771638881738,0.3801247552879337,0.42956271869583934,0.3817107185030103,0.22366080675033634,12.408052369285091,100.23764331461882,87.73023791165255,5.144918296058788,2.929759843013533
3,0.12,10.0,15.0,0.9659258262890683,300.0,50.0,0.5,28.115555280876997,0.0673,0.1207,0.2988,0.2961,0.1916,41.762318409371325,110.25785785209752,60.40487521684847,5.452316285141777,4.138252759533039,0.41528265047752466,0.3751921641906734,0.4135591188489942,0.39123383893870006,0.22732176056127626,20.639869724211206,94.41976052440688,70.91443295382876,6.819231143603782,4.559165469527285
4,0.12,10.0,15.0,0.9659258262890683,300.0,50.0,0.5,28.115555280876997,0.0938,0.1669,0.2401,0.3428,0.2555,42.897985156538965,109.1372642007941,58.05772473642322,5.6007824424235775,4.207103210819758,0.42657567047224637,0.371378939760222,0.3974894641893996,0.4018871065827882,0.23110384123913738,29.140713817580234,90.09527189769946,55.12702816398078,8.572518947770643,6.300025171403866
0,0.12,10.0,15.0,0.9659258262890683,300.0,90.0,0.9,50.77481736061284,0.0145,0.0288,0.4156,0.2031,0.0641,40.453326603251924,113.22228572985247,63.73341307922145,5.233854478561007,3.7789666463444123,0.4022660937488004,0.3852797001968057,0.4363477957641736,0.3755579964563053,0.20758552004114122,4.656912572105517,105.1291403953932,103.07045693720781,3.3861559626422326,1.3863125359184565
1,0.12,10.0,15.0,0.9659258262890683,300.0,90.0,0.9,50.77481736061284,0.0251,0.0472,0.3922,0.2218,0.0897,40.74212744982167,112.49462460203472,62.71520985941358,5.273965426009994,3.8126554580142837,0.4051379166166785,0.3828035705253079,0.42937671561739266,0.3784361787064254,0.20943610781936978,7.734474822016461,101.90126553787661,95.69027668173432,3.9666322761709427,1.9331892252688463
2,0.12,10.0,15.0,0.9659258262890683,300.0,90.0,0.9,50.77481736061284,0.0407,0.0745,0.3575,0.2494,0.1275,41.43846320904213,111.29938689431022,61.317184274276784,5.354218338323102,3.8665885799927526,0.41206224866349467,0.37873634274654033,0.41980519962564605,0.38419476887769455,0.21239875243126996,12.520125995061495,97.81971939947773,85.16327285890078,4.870122547952663,2.7996133004237254
3,0.12,10.0,15.0,0.9659258262890683,300.0,90.0,0.9,50.77481736061284,0.0673,0.1207,0.2988,0.2961,0.1916,42.46028162218022,109.8411877898374,59.07488105692804,5.505482193832833,3.9417193571891826,0.42222316585097297,0.37377429388683947,0.4044533767896582,0.3950487868379167,0.2165258228489205,20.954940282023998,92.89188922386742,68.96039021556797,6.490681429375392,4.296357467847836
4,0.12,10.0,15.0,0.9659258262890683,300.0,90.0,0.9,50.77481736061284,0.0938,0.1669,0.2401,0.3428,0.2555,43.61701229486501,108.64771476170259,56.719932570069055,5.664611703569472,3.9882696458254543,0.43372564459107565,0.36971307106742135,0.3883303334481412,0.406467208977578,0.21908291497990645,29.65540315533829,89.02186239027228,53.49058899962555,8.183691039751922,5.881218562536494
0,0.12,10.0,15.0,0.9659258262890683,320.0,50.0,0.5,89.89379743803187,0.0145,0.0288,0.4156,0.2031,0.0641,39.804558450171584,108.29505413502736,59.60274525717189,5.127821336510122,3.3648322200295513,0.39581477187735575,0.3685130159754332,0.40806737404966553,0.3679495322642428,0.18483636179263654,4.609157047045155,98.60197063476092,96.56233216912439,3.190542650059845,1.2563191939810727
1,0.12,10.0,15.0,0.9659258262890683,320.0,50.0,0.5,89.89379743803187,0.0251,0.0472,0.3922,0.2218,0.0897,40.12961991421411,107.59400139752742,58.69509176044604,5.175858363314049,3.390654848216437,0.3990471687244952,0.3661274309575632,0.4018531673489877,0.3713964545308246,0.18625484578645243,7.658111960938698,95.74668804162602,89.57595048517857,3.7119392487286644,1.7449936826716104
2,0.12,10.0,15.0,0.9659258262890683,320.0,50.0,0.5,89.89379743803187,0.0407,0.0745,0.3575,0.2494,0.1275,40.73284523304446,106.83233367906278,57.43567236614686,5.244558375167319,3.4246868802057655,0.40504561466285105,0.3635355815850835,0.39323061208175275,0.37632606021891246,0.18812428728189284,12.36294237081377,92.48254318094283,79.95073671221962,4.510522672294366,2.492732951736162
3,0.12,10.0,15.0,0.9659258262890683,320.0,50.0,0.5,89.89379743803187,0.0673,0.1207,0.2988,0.2961,0.1916,41.73144651678727,105.20352722188447,55.208902255701005,5.366000223510879,3.483050442274791,0.4149756617406473,0.3579929796189158,0.3779851359269009,0.3850401842811461,0.19133030403657153,20.592043636758866,88.02093939394028,64.61356898412555,6.043522845586227,3.8557307864159016
4,0.12,10.0,15.0,0.9659258262890683,320.0,50.0,0.5,89.89379743803187,0.0938,0.1669,0.2401,0.3428,0.2555,42.857891386057965,104.26956261782847,53.29222221823176,5.5144409849997595,3.527104474705556,0.42617697978870306,0.35481482789440727,0.36486267677827006,0.3956916296366807,0.193750272268071,29.142093306812935,85.43462612542211,50.55256291304357,7.621847110733361,5.273689912302253
0,0.12,10.0,15.0,0.9659258262890683,320.0,90.0,0.9,163.54494133649348,0.0145,0.0288,0.4156,0.2031,0.0641,40.681395731518805,106.79298402868183,57.04100673878003,5.116718160584288,2.8114271210247965,0.40453400309114945,0.36340168019452335,0.3905285525458647,0.3671528180028722,0.1544368118570875,4.674187823025425,94.60637526403684,92.49527520387481,2.9441250155007577,1.10656301610836
1,0.12,10.0,15.0,0.9659258262890683,320.0,90.0,0.9,163.54494133649348,0.0251,0.0472,0.3922,0.2218,0.0897,41.04127207351603,106.10661237734355,56.11261114665798,5.174583302044948,2.8316099341200998,0.40811259754761114,0.3610660528721589,0.38417233607090395,0.371304961835041,0.15554549053683572,7.744098310950733,91.93328062013914,85.62782149251609,3.42211120128621,1.5327901226945464
2,0.12,10.0,15.0,0.9659258262890683,320.0,90.0,0.9,163.54494133649348,0.0407,0.0745,0.3575,0.2494,0.1275,41.582095243264106,105.21602394971659,54.959369959996664,5.271145176141334,2.8505095389721817,0.4134905192705162,0.35803550424665637,0.37627672487621355,0.3782338101853825,0.15658368025083774,12.57144537918349,89.30268009468254,76.560324246887,4.202144335780234,2.19571985764544
3,0.12,10.0,15.0,0.9659258262890683,320.0,90.0,0.9,163.54494133649348,0.0673,0.1207,0.2988,0.2961,0.1916,42.672868411271466,103.82572459229448,52.90666766443847,5.385086053159461,2.901402690184911,0.424337119496097,0.3533045087879578,0.36222299577632183,0.38640969808266445,0.1593793337322588,21.00006621756355,85.7224931527666,61.87031876046676,5.627617339867145,3.398019231798522
4,0.12,10.0,15.0,0.9659258262890683,320.0,90.0,0.9,163.54494133649348,0.0938,0.1669,0.2401,0.3428,0.2555,43.85565495314722,102.82847803335113,51.05042545044275,5.529363005392695,2.9332176402797496,0.4360986966490811,0.34991101736729585,0.34951432132521965,0.39676236710269286,0.161126986881542,29.75236640802158,83.73928677271604,48.249837617190735,7.177556598277373,4.684788132016589
0,0.12,10.0,30.0,0.8660254037844387,270.0,50.0,0.5,3.5027922523960817,0.0145,0.0288,0.4156,0.2031,0.0641,38.150180040432836,110.6483173496473,65.84857965634782,4.96652852827184,4.227616868458531,0.3793637060108848,0.37652084358612314,0.45082918361101476,0.35637588149636085,0.23223069381218403,3.9197006448622522,98.81530874887912,97.12974728934154,3.681494431967238,1.4054739674910008
1,0.12,10.0,30.0,0.8660254037844387,270.0,50.0,0.5,3.5027922523960817,0.0251,0.0472,0.3922,0.2218,0.0897,38.49934387778917,110.13632896134669,64.8148857654014,5.020192916758193,4.24689455830021,0.3828357757941492,0.3747786182682263,0.4437520473175496,0.36022659807695034,0.23328965242322333,6.489039832461067,95.3448838152059,90.21548509081927,4.255581002217953,1.9612944404478176
2,0.12,10.0,30.0,0.8660254037844387,270.0,50.0,0.5,3.5027922523960817,0.0407,0.0745,0.3575,0.2494,0.1275,39.03642677583227,109.13605295510467,63.36162122759767,5.096015435471433,4.280241811543656,0.38817650442035107,0.3713748180595067,0.433802340451158,0.36566728301208906,0.23512147777505085,10.30725153450957,90.81994359611463,80.50853725222953,5.137026348206703,2.8317205289769145
3,0.12,10.0,30.0,0.8660254037844387,270.0,50.0,0.5,3.5027922523960817,0.0673,0.1207,0.2988,0.2961,0.1916,39.89186673535335,107.95707266177664,61.22071959869524,5.21164313451155,4.344968287499686,0.3966829616105865,0.3673629120021146,0.4191447587905257,0.37396420971577116,0.2386770209775188,17.255891702155175,84.51536939231045,64.89606143427439,6.745626881166606,4.417906928302599
4,0.12,10.0,30.0,0.8660254037844387,270.0,50.0,0.5,3.5027922523960817,0.0938,0.1669,0.2401,0.3428,0.2555,40.73360875903306,106.91656845357622,59.16638578101586,5.355830259915224,4.403376341806055,0.4050532071315724,0.3638222208139374,0.4050798595516609,0.38431043316413227,0.2418854817718229,24.343599579890245,79.61852047146144,50.434936993404,8.470914746051784,6.059269097763584
0,0.12,10.0,30.0,0.8660254037844387,270.0,90.0,0.9,6.307579202674779,0.0145,0.0288,0.4156,0.2031,0.0641,38.31785105514864,111.0009995166768,65.58932583632637,4.9985740796208,4.1920093426884035,0.38103101917862814,0.37772097197694277,0.44905421460426803,0.3586753269832866,0.23027470757411533,3.9666427496761676,98.09039195211395,96.3626398030799,3.5003894963412012,1.3768152425995563
1,0.12,10.0,30.0,0.8660254037844387,270.0,90.0,0.9,6.307579202674779,0.0251,0.0472,0.3922,0.2218,0.0897,38.775889555128344,110.33322937149244,64.57801298857362,5.054780523905986,4.212372506762482,0.38558573380025796,0.3754486429943706,0.44213030906360007,0.36270845012229314,0.23139329326157826,6.505370069922694,94.65712837376186,89.5154151771895,4.055587580604087,1.9161576318434514
2,0.12,10.0,30.0,0.8660254037844387,270.0,90.0,0.9,6.307579202674779,0.0407,0.0745,0.3575,0.2494,0.1275,39.23184218181603,109.32721789136964,63.03931638301055,5.124187843354041,4.249195595374022,0.3901197065899621,0.37202532576527797,0.4315956955893037,0.3676888090409616,0.23341605258027773,10.332707299576239,90.13293165093047,79.75953027582445,4.926896508749278,2.7545967584113304
3,0.12,10.0,30.0,0.8660254037844387,270.0,90.0,0.9,6.307579202674779,0.0673,0.1207,0.2988,0.2961,0.1916,40.15202023498391,108.0750168849919,60.82898676578626,5.247004428419214,4.312847696657612,0.3992699165252672,0.3677642597992148,0.4164627784930667,0.3765015780637953,0.23691257842536484,17.352995339386805,83.9835557371878,64.21267396727086,6.527557815046883,4.272095534061259
4,0.12,10.0,30.0,0.8660254037844387,270.0,90.0,0.9,6.307579202674779,0.0938,0.1669,0.2401,0.3428,0.2555,41.05694165096994,107.17336986165218,58.898379341475504,5.38239876510298,4.376476276652586,0.40826841513400886,0.3646960803096704,0.40324496614969174,0.3862168703067821,0.24040781220323193,24.67648463774591,79.58548182975801,50.01929190152982,8.20318399738549,5.848520876641857
0,0.12,10.0,30.0,0.8660254037844387,285.0,50.0,0.5,10.524269951667252,0.0145,0.0288,0.4156,0.2031,0.0641,38.18318221435808,109.12981443410352,63.899461092532945,4.952215341730904,4.111207664711499,0.3796918781713681,0.3713535892397076,0.4374846356272675,0.3553488312254299,0.2258361242488938,3.926982822082765,94.98690039002835,93.29340912760833,3.328869091562669,1.3098158693802118
1,0.12,10.0,30.0,0.8660254037844387,285.0,50.0,0.5,10.524269951667252,0.0251,0.0472,0.3922,0.2218,0.0897,38.51857924431421,108.50454190312831,63.03239354454813,5.00879862460515,4.126467883282545,0.38302705142964244,0.3692258737310292,0.43154829870347,0.359408994616716,0.2266743958465213,6.460198536957899,91.6864591120444,86.5601266519184,3.847743852376386,1.827087262324326
2,0.12,10.0,30.0,0.8660254037844387,285.0,50.0,0.5,10.524269951667252,0.0407,0.0745,0.3575,0.2494,0.1275,39.05311770362567,107.68675410523728,61.490080614845425,5.071944730644308,4.161973842316718,0.3883424782694326,0.3664430555290735,0.42098892623713385,0.3639400768554801,0.22862480283881328,10.263821499015402,87.63369776400032,77.34739960258665,4.691879963378301,2.6469352359662968
3,0.12,10.0,30.0,0.8660254037844387,285.0,50.0,0.5,10.524269951667252,0.0673,0.1207,0.2988,0.2961,0.1916,39.8898507035275,106.4921535920625,59.491997080526886,5.194223522004511,4.2337406403748234,0.3966629142791171,0.3623779960347872,0.4073091419006375,0.3727142562065579,0.23256708375600282,17.20750847610071,81.99452587738753,62.40431506139798,6.208698614012517,4.100953501419136
4,0.12,10.0,30.0,0.8660254037844387,285.0,50.0,0.5,10.524269951667252,0.0938,0.1669,0.2401,0.3428,0.2555,40.73195802300523,105.39657780486291,57.55089096666166,5.337512124926131,4.292330490301885,0.4050367922853908,0.35864990391834406,0.39401945077619355,0.382996005698963,0.2357855309148331,24.33885845680106,77.66605180942972,48.52580041524094,7.821819756921593,5.630946772467382
0,0.12,10.0,30.0,0.8660254037844387,285.0,90.0,0.9,18.966876247123928,0.0145,0.0288,0.4156,0.2031,0.0641,38.5475527445041,109.18323852232885,63.16529719893128,5.014390762613333,4.023658419248862,0.38331516263636534,0.37153538398587493,0.4324582172820813,0.35981026143734757,0.2210268847531836,3.939946563548185,93.21282049728383,91.48614318462391,3.1561927654593327,1.2639482537793887
1,0.12,10.0,30.0,0.8660254037844387,285.0,90.0,0.9,18.966876247123928,0.0251,0.0472,0.3922,0.2218,0.0897,38.93857336847064,108.67367813595466,62.118884858168826,5.0532753928861025,4.053916083088522,0.3872034544577255,0.3698014208210361,0.4252940047239908,0.36260044864985114,0.22268899333237996,6.5148127042897865,90.21727255621576,85.02894639722766,3.6718470645135692,1.7584733722888635
2,0.12,10.0,30.0,0.8660254037844387,285.0,90.0,0.9,18.966876247123928,0.0407,0.0745,0.3575,0.2494,0.1275,39.482526396445394,107.63102347774173,60.856337966744995,5.121231256366613,4.0780127676949975,0.392612499352655,0.3662534119503836,0.4166500371957351,0.3674766575778486,0.22401266810207962,10.359046748791368,86.20092807647497,75.81717127732762,4.451996297527202,2.5082017255324716
3,0.12,10.0,30.0,0.8660254037844387,285.0,90.0,0.9,18.966876247123928,0.0673,0.1207,0.2988,0.2961,0.1916,40.38777292336313,106.51759204930592,58.74738000411625,5.245255025321079,4.1424857414842,0.4016142308501481,0.36246455956878615,0.4022111563341612,0.3763760487191753,0.22755428596885205,17.416353256400846,81.0756731707768,61.244248990838166,5.95192524283643,3.9355857075185448
4,0.12,10.0,30.0,0.8660254037844387,285.0,90.0,0.9,18.966876247123928,0.0938,0.1669,0.2401,0.3428,0.2555,41.26057900981246,105.5777064549229,56.806391964283,5.364588564087776,4.208045396940536,0.41029337603985233,0.35926625953722524,0.388922273597988,0.38493888991257114,0.231155597238637,24.75157994033281,77.26238601160534,47.62017635645894,7.5060460523010875,5.399406779835676
0,0.12,10.0,30.0,0.8660254037844387,300.0,50.0,0.5,28.115555280876997,0.0145,0.0288,0.4156,0.2031,0.0641,38.14519859914003,106.59252482895144,60.98338684522242,4.928087627798122,3.876314605091985,0.3793141707785973,0.3627195454021019,0.4175198713282493,0.3536175343502906,0.21293302070275907,3.919610653040763,89.68346560062736,87.95743345302508,2.976684949209145,1.176586421024178
1,0.12,10.0,30.0,0.8660254037844387,300.0,50.0,0.5,28.115555280876997,0.0251,0.0472,0.3922,0.2218,0.0897,38.49778304377844,106.00892749595437,60.07984970448416,4.986031038320789,3.9047264540016515,0.3828202549296565,0.36073364479920067,0.4113338470639888,0.3577752944204026,0.2144937353062999,6.453619553090325,86.95381918699687,81.8286380349553,3.4699463207511285,1.653145504227388
2,0.12,10.0,30.0,0.8660254037844387,300.0,50.0,0.5,28.115555280876997,0.0407,0.0745,0.3575,0.2494,0.1275,39.07146957375639,105.24092786363335,58.79901509757643,5.054900158950644,3.947489503874051,0.38852496845578666,0.3581202488040173,0.40256467355733927,0.3627170345982012,0.21684278751476393,10.28667349709448,83.3090320624341,73.03014482371992,4.247407831720427,2.3965444903863116
3,0.12,10.0,30.0,0.8660254037844387,300.0,50.0,0.5,28.115555280876997,0.0673,0.1207,0.2988,0.2961,0.1916,39.85895488937739,104.17397732466596,56.72640294638603,5.160779767396394,4.0065996238014865,0.39635568766724294,0.3544895644283371,0.38837463257331384,0.37031448190521854,0.22008981405221717,17.215946633129192,78.59728920483326,58.99984543810531,5.681354056603439,3.7453167001875
4,0.12,10.0,30.0,0.8660254037844387,300.0,50.0,0.5,28.115555280876997,0.0938,0.1669,0.2401,0.3428,0.2555,40.742787697308884,103.06878780566329,54.9070780132505,5.3114192803799005,4.053484944635617,0.4051444820885417,0.3507287581188976,0.37591871053810577,0.3811236998372375,0.22266531011198357,24.31668778089295,75.02823541688976,45.95924030932401,7.1742154423431845,5.137302786618466
0,0.12,10.0,30.0,0.8660254037844387,300.0,90.0,0.9,50.77481736061284,0.0145,0.0288,0.4156,0.2031,0.0641,38.75002408021432,106.36299100413135,59.63360239603151,4.992839548379795,3.6896685927781094,0.3853285286596605,0.36193847370193577,0.40827863599021547,0.3582638426609177,0.20268021533141206,3.940128153987261,87.34676195815128,85.59313653266275,2.8320827251076626,1.135065066803124
1,0.12,10.0,30.0,0.8660254037844387,300.0,90.0,0.9,50.77481736061284,0.0251,0.0472,0.3922,0.2218,0.0897,39.16766972715861,105.74351280257252,58.68578369906266,5.038026277843282,3.702984046531257,0.3894815785340302,0.359830475490837,0.4017894401473324,0.36150624033422596,0.2034116574558364,6.512690798521188,84.5424121430676,79.34884095924535,3.3027079353359436,1.5795273603081696
2,0.12,10.0,30.0,0.8660254037844387,300.0,90.0,0.9,50.77481736061284,0.0407,0.0745,0.3575,0.2494,0.1275,39.67815688366059,104.90754849243244,57.45519471392168,5.103201986647152,3.726060790923632,0.39455784028053575,0.3569858051442722,0.39336427091168386,0.3661829577928915,0.20467930505208645,10.422893324569486,81.51187770433602,71.09158322686685,4.0483334781370806,2.2575860488170747
3,0.12,10.0,30.0,0.8660254037844387,300.0,90.0,0.9,50.77481736061284,0.0673,0.1207,0.2988,0.2961,0.1916,40.59015209930836,103.78696474804306,55.571363493360366,5.2089191194130136,3.7749615476524747,0.40362668044080907,0.35317261442567216,0.38046670963308266,0.37376874657156006,0.20736551267600975,17.49249800172706,77.22339488068889,57.406229570771856,5.409720840691639,3.5178540993007283
4,0.12,10.0,30.0,0.8660254037844387,300.0,90.0,0.9,50.77481736061284,0.0938,0.1669,0.2401,0.3428,0.2555,41.50823911773132,102.92054300347213,53.75049348031739,5.350187209485416,3.845560293897042,0.41275609721892886,0.35022430166338825,0.3680002092814261,0.3839055130957579,0.21124363037985555,24.85945065450828,74.23589483411607,44.56557705526617,6.81657673368179,4.818112113133099
0,0.12,10.0,30.0,0.8660254037844387,320.0,50.0,0.5,89.89379743803187,0.0145,0.0288,0.4156,0.2031,0.0641,38.156146938663085,101.65321998787968,55.66943341284755,4.860762788255426,3.2331895837166247,0.3794230405834509,0.3459117776019593,0.38113814069461727,0.348786604878719,0.17760499203576383,3.86674235954269,82.12607721023426,80.39840184907558,2.5960645787974275,1.0067924096448815
1,0.12,10.0,30.0,0.8660254037844387,320.0,50.0,0.5,89.89379743803187,0.0251,0.0472,0.3922,0.2218,0.0897,38.53985337752307,101.22181650075238,54.81228396955585,4.898335914364544,3.260739964076512,0.38323860047102914,0.34444377150128014,0.3752697076051181,0.3514826844162648,0.1791183846029808,6.4093360561267705,79.48021747174013,74.36464675795838,3.0499559400522207,1.4053245827949237
2,0.12,10.0,30.0,0.8660254037844387,320.0,50.0,0.5,89.89379743803187,0.0407,0.0745,0.3575,0.2494,0.1275,39.05399073070142,100.39535830114485,53.590482148229896,4.977735506141382,3.2714106589896637,0.3883511596121302,0.3416314491274878,0.36690469927058017,0.3571800441211063,0.17970454530775698,10.249530807173599,76.92627213008745,66.67574447312377,3.7535969027398908,2.0304048325514854
3,0.12,10.0,30.0,0.8660254037844387,320.0,50.0,0.5,89.89379743803187,0.0673,0.1207,0.2988,0.2961,0.1916,39.87116041612023,99.54510370780227,51.864509846730975,5.099111905098915,3.314653348727628,0.39647705888630597,0.338738150933565,0.35508791160893516,0.36588947182802734,0.18207994500754435,17.196307003583236,73.29374144890792,53.77833852227458,4.993457333037993,3.128637651823682
4,0.12,10.0,30.0,0.8660254037844387,320.0,50.0,0.5,89.89379743803187,0.0938,0.1669,0.2401,0.3428,0.2555,40.748245284697056,98.54399445857214,50.33235785991877,5.22990291703475,3.357225350732536,0.40519875209657996,0.33533151531477945,0.3445981055571207,0.37527445006888593,0.1844185026087156,24.343104750572216,70.93742399451347,41.97265081326181,6.361170939321982,4.30307667111769
0,0.12,10.0,30.0,0.8660254037844387,320.0,90.0,0.9,163.54494133649348,0.0145,0.0288,0.4156,0.2031,0.0641,38.99160268866832,100.4906271102844,53.36036802683776,4.9038130777867845,2.7062066592557947,0.38773077567655356,0.3419556356424197,0.36532923383114335,0.35187570117466843,0.14865686026730132,3.9406084912565786,78.58467203508519,76.8044090155408,2.4337671229101527,0.8967972330034895
1,0.12,10.0,30.0,0.8660254037844387,320.0,90.0,0.9,163.54494133649348,0.0251,0.0472,0.3922,0.2218,0.0897,39.38537456577759,99.94649520025126,52.50342364496305,4.942757818633314,2.710426509453699,0.39164642583769865,0.3401040303880859,0.3594622046849288,0.3546702016531865,0.1488886643237555,6.549914608288315,76.2787682846441,71.01275364656428,2.860135589703416,1.251741838110104
2,0.12,10.0,30.0,0.8660254037844387,320.0,90.0,0.9,163.54494133649348,0.0407,0.0745,0.3575,0.2494,0.1275,39.8974555655288,99.22078404597187,51.36063770335407,4.986698337812242,2.7261355949156694,0.3967385366911072,0.33763453620548856,0.35163817483058013,0.3578231768483671,0.14975159299716637,10.442147856970006,74.11886703620267,63.685105337654676,3.4928375136183716,1.792233122211093
3,0.12,10.0,30.0,0.8660254037844387,320.0,90.0,0.9,163.54494133649348,0.0673,0.1207,0.2988,0.2961,0.1916,40.78245294828476,98.2773522061665,49.826968306055775,5.099843121755622,2.7548198296170985,0.405538911593045,0.33442416879369113,0.3411379798997008,0.3659419406659925,0.15132727024831075,17.49762240481534,71.26871196770858,51.588324660462845,4.704279485001031,2.8058172372573624
4,0.12,10.0,30.0,0.8660254037844387,320.0,90.0,0.9,163.54494133649348,0.0938,0.1669,0.2401,0.3428,0.2555,41.752579214811874,97.58568491432419,48.206574148991294,5.218675348336044,2.7786184855438685,0.41518580435680597,0.3320705211427969,0.33004402800628263,0.3744688099383026,0.15263457375987197,24.85830312166578,69.55865462705805,40.01729303551729,5.924363639314633,3.828850536418594
0,0.12,10.0,45.0,0.7071067811865476,270.0,50.0,0.5,3.5027922523960817,0.0145,0.0288,0.4156,0.2031,0.0641,34.43548649707136,96.89074420249594,57.09768507052635,4.480031362657155,3.8873095872407277,0.342424957417542,0.32970573449870294,0.39091659806124235,0.32146702005431405,0.21353699509596988,2.8375857686193457,71.4116633083761,70.1895805088044,2.6473288718693717,1.0067320560201447
1,0.12,10.0,45.0,0.7071067811865476,270.0,50.0,0.5,3.5027922523960817,0.0251,0.0472,0.3922,0.2218,0.0897,34.61324148412673,96.28289035443628,56.44024743069332,4.5342419985304065,3.9051903355772914,0.3441925451610277,0.32763729234675165,0.38641548238057166,0.32535693290507756,0.21451921716605907,4.688090569162001,69.00625801510841,65.27285047485428,3.042382932311507,1.381931804358548
2,0.12,10.0,45.0,0.7071067811865476,270.0,50.0,0.5,3.5027922523960817,0.0407,0.0745,0.3575,0.2494,0.1275,34.95783418018766,95.58589045825477,55.489231236541734,4.581145740180308,3.925584064866673,0.3476191597170641,0.32526549858453463,0.3799043950245837,0.32872253569600274,0.21563948185646317,7.356884876179382,65.46333100312646,58.09313482402757,3.665377676658023,1.9837422604649295
3,0.12,10.0,45.0,0.7071067811865476,270.0,50.0,0.5,3.5027922523960817,0.0673,0.1207,0.2988,0.2961,0.1916,35.557523018122765,94.66138344926817,54.0240057280033,4.651648633741212,3.972100419229505,0.3535824390455315,0.3221195297414212,0.3698727979382411,0.33378150811462165,0.21819470991600887,12.26068246148277,60.52197628663036,46.59702487992128,4.818086932182441,3.064474412896224
4,0.12,10.0,45.0,0.7071067811865476,270.0,50.0,0.5,3.5027922523960817,0.0938,0.1669,0.2401,0.3428,0.2555,36.222148026771904,93.96738085923606,52.438427307096966,4.762147713411243,4.021283674079469,0.3601914407886801,0.3197579353953986,0.35901721033439316,0.3417104280227181,0.2208964356762037,17.368198451241412,56.93257025268522,36.215242415497656,6.048543969697259,4.236156988503625
0,0.12,10.0,45.0,0.7071067811865476,270.0,90.0,0.9,6.307579202674779,0.0145,0.0288,0.4156,0.2031,0.0641,34.57651812066875,97.04727042501537,56.94582686507167,4.5196598939837145,3.86893089314028,0.3438273696561195,0.33023837147645413,0.3898769080459518,0.32431058628040454,0.21252741995822447,2.907937323453301,70.74152320499599,69.48088057101575,2.512413790483128,0.9784136126108459
1,0.12,10.0,45.0,0.7071067811865476,270.0,90.0,0.9,6.307579202674779,0.0251,0.0472,0.3922,0.2218,0.0897,34.79411022914073,96.6111796429449,56.21735717870537,4.559486415470265,3.87988965285656,0.3459910959761831,0.3287544151626275,0.3848894748210617,0.32716835939514827,0.21312940458725274,4.768509806086528,68.4038842058485,64.62767064987358,2.895286931249262,1.3332380423728507
2,0.12,10.0,45.0,0.7071067811865476,270.0,90.0,0.9,6.307579202674779,0.0407,0.0745,0.3575,0.2494,0.1275,35.12967762779266,95.81632677393897,55.23529218834169,4.608538724924474,3.9067208693469815,0.3493279633732468,0.32604964133566317,0.3781658133515324,0.33068813380531537,0.2146032921733971,7.573109719740262,65.17335742895817,57.58949321314904,3.522002107500662,1.9204473062143688
3,0.12,10.0,45.0,0.7071067811865476,270.0,90.0,0.9,6.307579202674779,0.0673,0.1207,0.2988,0.2961,0.1916,35.74375261497793,94.79981603162165,53.668895182483034,4.669255953031003,3.9442850929880198,0.3554342979347166,0.3225905965767426,0.36744155039783755,0.33504493062331514,0.21666676338900306,12.443461928781952,60.14822510640688,46.03282652409996,4.618603095122238,2.9818938990846653
4,0.12,10.0,45.0,0.7071067811865476,270.0,90.0,0.9,6.307579202674779,0.0938,0.1669,0.2401,0.3428,0.2555,36.502300195365464,93.95424879683075,52.1269144112869,4.790653525063516,3.9901192267036936,0.3629772615845977,0.31971324881241836,0.35688445203899355,0.3437558776154305,0.21918451582595755,17.571502357705988,56.82000168231747,35.88749945453275,5.855173174131673,4.117443787603464
0,0.12,10.0,45.0,0.7071067811865476,285.0,50.0,0.5,10.524269951667252,0.0145,0.0288,0.4156,0.2031,0.0641,34.44692077659839,95.44799684524473,55.32010758911914,4.480563027815586,3.776932009104761,0.3425386593883411,0.3247962657869711,0.3787464979781362,0.3215051699689714,0.20747375371213786,2.8334974661118073,68.3802079541873,67.1452324444964,2.381731355650233,0.9245244136300996
1,0.12,10.0,45.0,0.7071067811865476,285.0,50.0,0.5,10.524269951667252,0.0251,0.0472,0.3922,0.2218,0.0897,34.6163619164002,94.86534243730412,54.72866617764898,4.5228782701398424,3.790239918922776,0.34422357460178954,0.3228135738269684,0.3746972223509567,0.32454152256378593,0.20820478143446655,4.663373753406198,66.08673384875998,62.373547850800335,2.7528529473337224,1.2697952521839906
2,0.12,10.0,45.0,0.7071067811865476,285.0,50.0,0.5,10.524269951667252,0.0407,0.0745,0.3575,0.2494,0.1275,34.99290190097862,94.25138053309925,53.87519271372481,4.5731719589906765,3.8185668501723904,0.34796787158438724,0.3207243468089879,0.3688539566801913,0.32815037280916176,0.20976083135629084,7.347269830695216,63.12052064407602,55.76121382484804,3.3387658920221215,1.8367769894242816
3,0.12,10.0,45.0,0.7071067811865476,285.0,50.0,0.5,10.524269951667252,0.0673,0.1207,0.2988,0.2961,0.1916,35.53448453879671,93.357727555285,52.43821550287588,4.6358654115648,3.85670575502014,0.3533533454242504,0.3176833699451771,0.3590157602268194,0.33264897465911986,0.2118558708571762,12.246067149185247,58.61165363595033,44.691262047253446,4.402309289051619,2.8644030340722577
4,0.12,10.0,45.0,0.7071067811865476,285.0,50.0,0.5,10.524269951667252,0.0938,0.1669,0.2401,0.3428,0.2555,36.286082200893496,92.63948531807041,50.871794824911284,4.7535989842232595,3.9019681399074697,0.3608271993934837,0.31523929144915575,0.3482913352031718,0.3410970094381477,0.21434221608973536,17.33499702773291,55.44160146483881,34.796522251523314,5.574793596170976,3.931248930919118
0,0.12,10.0,45.0,0.7071067811865476,285.0,90.0,0.9,18.966876247123928,0.0145,0.0288,0.4156,0.2031,0.0641,34.764793032735014,95.40480209053766,54.736590055751435,4.525157762345094,3.693514435935735,0.34569956706946414,0.32464928004086696,0.3747514728073007,0.32470508873266757,0.2028914745000117,2.883487594893852,67.08019516930133,65.82790286761383,2.2529351121573216,0.9040884071297441
1,0.12,10.0,45.0,0.7071067811865476,285.0,90.0,0.9,18.966876247123928,0.0251,0.0472,0.3922,0.2218,0.0897,34.99010576582945,95.00602989784528,54.139378531602134,4.570430726181684,3.7126009109304623,0.3479400669399118,0.32329231369932954,0.37066269237679733,0.3279536741990298,0.20393992933127233,4.776837429889035,64.9096903064859,61.120309696465384,2.609363638682451,1.2258869552361769
2,0.12,10.0,45.0,0.7071067811865476,285.0,90.0,0.9,18.966876247123928,0.0407,0.0745,0.3575,0.2494,0.1275,35.338471488316664,94.35468254691119,53.19043336974544,4.619470058709844,3.731505472231687,0.351404200304154,0.32107586920278725,0.36416578424538204,0.3314725174430044,0.20497839131205234,7.560933251935147,62.19231347806277,54.63805912061906,3.1724656204143082,1.7722814469036638
3,0.12,10.0,45.0,0.7071067811865476,285.0,90.0,0.9,18.966876247123928,0.0673,0.1207,0.2988,0.2961,0.1916,35.947976825992846,93.48194793695082,51.74915166319388,4.676578042386816,3.7930056380739265,0.3574650944726532,0.31810607463708496,0.3542981172659395,0.33557033101792055,0.20835670742429627,12.501928236122378,57.90402043909022,43.71821645153727,4.195434919721343,2.744602654792031
4,0.12,10.0,45.0,0.7071067811865476,285.0,90.0,0.9,18.966876247123928,0.0938,0.1669,0.2401,0.3428,0.2555,36.660736756827774,92.68249394609873,50.297693785053916,4.781441485864007,3.833522768113034,0.36455274775688473,0.3153856438320441,0.344360779609416,0.3430948628701379,0.21058238716610578,17.598940540974333,54.956950126832005,33.96433094032876,5.368027095056941,3.8116632986709984
0,0.12,10.0,45.0,0.7071067811865476,300.0,50.0,0.5,28.115555280876997,0.0145,0.0288,0.4156,0.2031,0.0641,34.4116696764747,93.14710958572323,52.73865068770446,4.452144759817475,3.5674871889108304,0.3421881240050294,0.31696666627111036,0.36107267549835836,0.3194660021174679,0.19596856830333342,2.8159889067026276,64.48497440185263,63.254560225234506,2.126933954812469,0.8512293879783308
1,0.12,10.0,45.0,0.7071067811865476,300.0,50.0,0.5,28.115555280876997,0.0251,0.0472,0.3922,0.2218,0.0897,34.59986351611458,92.68567786731236,52.14592436681346,4.49528567551747,3.5858824356919494,0.3440595152377454,0.31539647827336215,0.3570146027996515,0.3225616013420828,0.19697905270997343,4.645766194015331,62.56202815067769,58.877227617671515,2.482577944833492,1.1660713719531415
2,0.12,10.0,45.0,0.7071067811865476,300.0,50.0,0.5,28.115555280876997,0.0407,0.0745,0.3575,0.2494,0.1275,34.95779844085255,91.9895711720039,51.36804544569098,4.5474291986145365,3.603713529613274,0.3476188043266936,0.3130277239495593,0.35168889158783717,0.3263031874222314,0.19795854717260417,7.351332769616587,59.830256144856804,52.49630796589764,3.0353890289772556,1.6805408323055384
3,0.12,10.0,45.0,0.7071067811865476,300.0,50.0,0.5,28.115555280876997,0.0673,0.1207,0.2988,0.2961,0.1916,35.55463537297797,91.19640479469854,49.93273240180027,4.619508453330725,3.6373988475341625,0.3535537244296997,0.31032868901942606,0.3418620887747698,0.3314752724693338,0.19980894303283836,12.27833639265679,56.27340629246741,42.3194931780609,4.021479963599554,2.6148004528107087
4,0.12,10.0,45.0,0.7071067811865476,300.0,50.0,0.5,28.115555280876997,0.0938,0.1669,0.2401,0.3428,0.2555,36.281720137948206,90.54879296173502,48.51547797667386,4.722764796837862,3.696296863120884,0.3607838232321386,0.3081249559712925,0.33215892344025,0.3388844860131552,0.20304431829257716,17.341720018003375,53.551357244827585,32.9136433321413,5.104792601775973,3.6018077026097766
0,0.12,10.0,45.0,0.7071067811865476,300.0,90.0,0.9,50.77481736061284,0.0145,0.0288,0.4156,0.2031,0.0641,34.95887150747156,92.96409509811211,51.69292377529832,4.493921967374081,3.388527276065454,0.34762947485377765,0.3163438934091782,0.35391315569306403,0.32246374774294656,0.18613797437351892,2.8845318615141133,62.705777082637276,61.45423466737178,2.0197407075260494,0.8112346235857013
1,0.12,10.0,45.0,0.7071067811865476,300.0,90.0,0.9,50.77481736061284,0.0251,0.0472,0.3922,0.2218,0.0897,35.183736176673534,92.43621047901401,51.044017730206335,4.528419953761301,3.3991976658783667,0.3498655191966606,0.3145475754274878,0.34947045117193665,0.3249391690032112,0.18672411831858335,4.784536823100285,61.01182060311217,57.20254926596254,2.3517049988045065,1.1074183878877935
2,0.12,10.0,45.0,0.7071067811865476,300.0,90.0,0.9,50.77481736061284,0.0407,0.0745,0.3575,0.2494,0.1275,35.53772964578987,91.85507748971115,50.19789614598036,4.585528579444854,3.4160322730522203,0.3533856146249205,0.3125700606436289,0.3436775197975166,0.32903702864564915,0.18764887394939933,7.6067373362436665,58.65699315758678,51.08217611082232,2.887489528768785,1.5985716845156386
3,0.12,10.0,45.0,0.7071067811865476,300.0,90.0,0.9,50.77481736061284,0.0673,0.1207,0.2988,0.2961,0.1916,36.207385944363054,91.19580714627466,48.886450048574446,4.652475109898892,3.4478099811707583,0.36004464729294494,0.310326655304914,0.3346987661701957,0.3338408123484647,0.1893944813291002,12.62517716265679,55.223303611790605,40.97917258781273,3.85364540757553,2.480181563208077
4,0.12,10.0,45.0,0.7071067811865476,300.0,90.0,0.9,50.77481736061284,0.0938,0.1669,0.2401,0.3428,0.2555,36.93708949810555,90.32267904603765,47.57019816228965,4.75311878188871,3.4872076441798967,0.367300787215317,0.30735552174649633,0.3256871099368023,0.34106255226563825,0.1915586667082088,17.653568091753552,52.85561366730147,31.85124005071976,4.902445743485113,3.435325927805998
0,0.12,10.0,45.0,0.7071067811865476,320.0,50.0,0.5,89.89379743803187,0.0145,0.0288,0.4156,0.2031,0.0641,34.39378435452149,88.74953088718377,48.152049685968635,4.3791010865605795,2.973428578949807,0.34201027315315463,0.30200231723290316,0.32967072885116616,0.31422471470786634,0.16333584697382172,2.8204761514906833,58.62584347326847,57.35888392030557,1.8520306069093584,0.7171516009921409
1,0.12,10.0,45.0,0.7071067811865476,320.0,50.0,0.5,89.89379743803187,0.0251,0.0472,0.3922,0.2218,0.0897,34.572177794605935,88.44631355444987,47.493181045980705,4.41776574877909,2.984796174068674,0.34378420964537404,0.30097051079747283,0.3251598158956728,0.3169991179962886,0.1639602896760747,4.636871976793023,56.93287911936785,53.1892894256367,2.1593038523471373,0.977859568039422
2,0.12,10.0,45.0,0.7071067811865476,320.0,50.0,0.5,89.89379743803187,0.0407,0.0745,0.3575,0.2494,0.1275,34.9153637831184,87.7603698907362,46.74865468336276,4.47917559847403,3.0052057722520433,0.34719683596365397,0.2986363398575037,0.32006245139688405,0.3214056142427138,0.16508142607372558,7.321547775486578,55.021015355387526,47.71367624649093,2.6536783104989716,1.3954379880043462
3,0.12,10.0,45.0,0.7071067811865476,320.0,50.0,0.5,89.89379743803187,0.0673,0.1207,0.2988,0.2961,0.1916,35.53708925502093,87.12550200464054,45.61494071263141,4.545750007365306,3.034253036772997,0.3533792466073872,0.29647597268912546,0.31230053236171856,0.32618269616596673,0.16667704521399712,12.289878991960407,52.050103486969206,38.1801776137296,3.5715686624035166,2.1948504171161227
4,0.12,10.0,45.0,0.7071067811865476,320.0,50.0,0.5,89.89379743803187,0.0938,0.1669,0.2401,0.3428,0.2555,36.253334625258454,86.41391505612681,44.38593157595866,4.660509589175078,3.0506493983553615,0.36050155894715774,0.29405454121545366,0.30388617948382407,0.33441733065861146,0.16757772721635092,17.321445506053465,50.2541555288022,29.724315839068844,4.512455562455346,2.9814924431937126
0,0.12,10.0,45.0,0.7071067811865476,320.0,90.0,0.9,163.54494133649348,0.0145,0.0288,0.4156,0.2031,0.0641,35.13764275698082,87.72849466595574,46.14299498335743,4.398243428544401,2.435211166205074,0.3494071682662374,0.2985278728983008,0.31591583093028497,0.31559828358189085,0.1337705843039616,2.890635580042723,56.01761468578599,54.70659428434499,1.716463318426489,0.6328488935866615
1,0.12,10.0,45.0,0.7071067811865476,320.0,90.0,0.9,163.54494133649348,0.0251,0.0472,0.3922,0.2218,0.0897,35.3440300890057,87.37485860265387,45.66238539851936,4.44200485066591,2.441945279638227,0.35145947478399636,0.29732449853105997,0.3126253601578104,0.3187384075729865,0.1341405014188399,4.783815602854407,54.57097073226611,50.77523059130208,2.0335813710323047,0.8700198438522944
2,0.12,10.0,45.0,0.7071067811865476,320.0,90.0,0.9,163.54494133649348,0.0407,0.0745,0.3575,0.2494,0.1275,35.76278596840195,86.77390984043117,44.99685100296178,4.4802440359180995,2.451962244653884,0.3556235647608521,0.29527955342639,0.30806881042233936,0.3214822805366425,0.13469075154979054,7.592961514995704,52.99495145238103,45.450451391027016,2.4998394227642446,1.2459667086330684
3,0.12,10.0,45.0,0.7071067811865476,320.0,90.0,0.9,163.54494133649348,0.0673,0.1207,0.2988,0.2961,0.1916,36.45597928919485,86.17265059243162,43.74578282760996,4.556639248660212,2.4793687453742708,0.3625166485386817,0.2932335517817797,0.29950343138031454,0.32696405943473855,0.13619624054637983,12.594457399308206,50.5663927361212,36.43897552982273,3.3211943139893174,1.9368200247348843
4,0.12,10.0,45.0,0.7071067811865476,320.0,90.0,0.9,163.54494133649348,0.0938,0.1669,0.2401,0.3428,0.2555,37.13399889393459,85.54842564678404,42.63644787583445,4.651846777601167,2.5061550009986377,0.3692588455539906,0.29110940106035454,0.2919084221444258,0.3337957260320971,0.13766765835027023,17.681293012222618,49.35538549373886,28.480786930706202,4.2391966130263325,2.6749539244871636
0,0.12,10.0,60.0,0.5000000000000001,270.0,50.0,0.5,3.5027922523960817,0.0145,0.0288,0.4156,0.2031,0.0641,27.228826614873253,73.06355442316017,43.43658134912737,3.555446841040999,3.187747596847594,0.27076224971935775,0.24862511971038642,0.2973864980942344,0.2551229686644588,0.17510878093926324,1.6419047575065275,41.0421544463726,40.35973806403693,1.4701014436425763,0.5413312285994116
1,0.12,10.0,60.0,0.5000000000000001,270.0,50.0,0.5,3.5027922523960817,0.0251,0.0472,0.3922,0.2218,0.0897,27.376092276127466,72.82907513632547,43.03818118106047,3.5770368440720803,3.199327189329794,0.27222665295316506,0.24782721929041449,0.2946588702022214,0.256672170751573,0.1757448690427683,2.707781078557386,39.70961558625855,37.593592663991544,1.7090350800500973,0.7595763220982261
2,0.12,10.0,60.0,0.5000000000000001,270.0,50.0,0.5,3.5027922523960817,0.0407,0.0745,0.3575,0.2494,0.1275,27.554109473307456,72.44198568620506,42.42138005661433,3.614013669070989,3.2105960936835998,0.27399684810255354,0.24651000769792303,0.29043597050057834,0.2593254623875536,0.17636389048156334,4.280533568982545,37.80337517297837,33.55304436459795,2.0847820386202143,1.1147682050705994
3,0.12,10.0,60.0,0.5000000000000001,270.0,50.0,0.5,3.5027922523960817,0.0673,0.1207,0.2988,0.2961,0.1916,27.94030464907515,71.7431657762808,41.53490708812045,3.657690212918128,3.2373320399236922,0.2778371558800655,0.2441320206819253,0.28436677528383986,0.2624594958931771,0.1778325446993534,7.203902664975365,35.20800472307259,27.071147805045044,2.740288937538224,1.741780478190902
4,0.12,10.0,60.0,0.5000000000000001,270.0,50.0,0.5,3.5027922523960817,0.0938,0.1669,0.2401,0.3428,0.2555,28.304302539932543,71.29936767676627,40.70001936561271,3.7037675558940815,3.2625426354750804,0.28145673483642847,0.24262183743817023,0.27865075601190803,0.2657658000101453,0.1792174086258832,10.118096456680156,32.98546928385978,20.98048485856286,3.449111327032811,2.3948124050302324
0,0.12,10.0,60.0,0.5000000000000001,270.0,90.0,0.9,6.307579202674779,0.0145,0.0288,0.4156,0.2031,0.0641,27.477590484304887,73.33972347841355,43.23540595669506,3.577702132204105,3.1610109464069605,0.2732359466541867,0.24956488461731943,0.29600916029277824,0.25671990885337787,0.17364008803845501,1.6742324936106239,40.63367635365328,39.92571122968924,1.4074432727831552,0.5232902718335848
1,0.12,10.0,60.0,0.5000000000000001,270.0,90.0,0.9,6.307579202674779,0.0251,0.0472,0.3922,0.2218,0.0897,27.632515326196074,73.05701765197838,42.818568011525684,3.604176103457019,3.176230805582126,0.27477651244209916,0.2486028759866801,0.2931552990326032,0.25861956266353114,0.17447614262096528,2.7172216747524702,39.40038329364551,37.29119597152666,1.6380277436914144,0.7305615693777121
2,0.12,10.0,60.0,0.5000000000000001,270.0,90.0,0.9,6.307579202674779,0.0407,0.0745,0.3575,0.2494,0.1275,27.833050908869062,72.67493276393446,42.20547029487641,3.6383729733639374,3.1876071979296507,0.2767706294226547,0.24730269422329004,0.288957754537137,0.26107337715148193,0.1751010685710097,4.335692486290785,37.550138706571445,33.2572871229693,2.016477766204126,1.0767286465933292
3,0.12,10.0,60.0,0.5000000000000001,270.0,90.0,0.9,6.307579202674779,0.0673,0.1207,0.2988,0.2961,0.1916,28.20859848594856,71.94768084646235,41.35348188084766,3.681996572569338,3.2111467502692634,0.28050505794889735,0.2448279570377173,0.2831246561901843,0.2642036115863334,0.17639413905065554,7.246615520345005,34.96144201165444,26.757828563199823,2.650390015342282,1.692041277566664
4,0.12,10.0,60.0,0.5000000000000001,270.0,90.0,0.9,6.307579202674779,0.0938,0.1669,0.2401,0.3428,0.2555,28.614615010227332,71.37483790614091,40.45271296096494,3.7397926249665883,3.238290473694798,0.284542468340901,0.2428786521382075,0.2769575844189748,0.2683507978962139,0.17788519321187532,10.233849324352096,32.95102699681469,20.80272926304371,3.3187742987810185,2.333042248345574
0,0.12,10.0,60.0,0.5000000000000001,285.0,50.0,0.5,10.524269951667252,0.0145,0.0288,0.4156,0.2031,0.0641,27.23695022263596,71.93640735982545,41.98633845913338,3.545126117742718,3.089964770757131,0.27084303051629693,0.2447895949297309,0.28745747879653955,0.2543823997052416,0.16973739222253117,1.6442756213523304,39.170621683301576,38.49774594593862,1.312195901881148,0.5007785832537557
1,0.12,10.0,60.0,0.5000000000000001,285.0,50.0,0.5,10.524269951667252,0.0251,0.0472,0.3922,0.2218,0.0897,27.38764979641531,71.60044638625307,41.62157667664956,3.566453558273447,3.1057543078249514,0.27234158042464873,0.2436463664359639,0.28496015451911566,0.2559127614812656,0.17060474024916777,2.716924040991241,38.0128222019612,35.889306765528495,1.5334831159698015,0.7010292018004048
2,0.12,10.0,60.0,0.5000000000000001,285.0,50.0,0.5,10.524269951667252,0.0407,0.0745,0.3575,0.2494,0.1275,27.577999240883372,71.31013186398776,41.06072318859623,3.603307721359809,3.1184791902254285,0.2742344068966073,0.24265846647103972,0.28112029766170055,0.2585572514468317,0.1713037412136565,4.301018303703419,36.28548468182372,32.02897486939522,1.8932153178858617,1.0318398621858418
3,0.12,10.0,60.0,0.5000000000000001,285.0,50.0,0.5,10.524269951667252,0.0673,0.1207,0.2988,0.2961,0.1916,27.943757118032917,70.64135005668825,40.212477379352,3.6497521091924967,3.138090984678072,0.2778714870789568,0.24038269494291295,0.2753128228812453,0.26188989306163635,0.17238105279943886,7.206941712503756,33.936273960362726,25.816087209286007,2.5118095274370154,1.624301464755589
4,0.12,10.0,60.0,0.5000000000000001,285.0,50.0,0.5,10.524269951667252,0.0938,0.1669,0.2401,0.3428,0.2555,28.302446928525804,70.20400585532937,39.416142546183984,3.697960054591097,3.168288326775898,0.2814382827185241,0.2388944734174758,0.26986075414123956,0.265349079682383,0.17403984779549983,10.12752159695141,32.090234270164736,20.07499070008014,3.1433351565384307,2.207597540685094
0,0.12,10.0,60.0,0.5000000000000001,285.0,90.0,0.9,18.966876247123928,0.0145,0.0288,0.4156,0.2031,0.0641,27.629017644696262,72.06311388911467,41.574616268894076,3.576942315763545,3.024999062202421,0.2747417316516859,0.24522075963642131,0.28463864231033403,0.25666538782279513,0.16616870753773347,1.6850957117399157,38.407876075700784,37.68707630020364,1.2448651298103421,0.48193391151070386
1,0.12,10.0,60.0,0.5000000000000001,285.0,90.0,0.9,18.966876247123928,0.0251,0.0472,0.3922,0.2218,0.0897,27.76436122562791,71.68887169052755,41.18400312994163,3.5942545057551887,3.037796563303193,0.2760875822451195,0.24394726545510198,0.2819643279445466,0.2579076331725971,0.1668716975796807,2.7584742527047323,37.29205867593418,35.12830333807343,1.4593276630966072,0.6744853886428792
2,0.12,10.0,60.0,0.5000000000000001,285.0,90.0,0.9,18.966876247123928,0.0407,0.0745,0.3575,0.2494,0.1275,27.98692517768454,71.3706358230841,40.60623427181258,3.637032548999912,3.050194087636735,0.27830074835828456,0.24286435303366377,0.2780086608066135,0.26097719429224947,0.1675527161693765,4.358772593776298,35.72656739226794,31.408572126611396,1.8154301312090504,0.989991435497249
3,0.12,10.0,60.0,0.5000000000000001,285.0,90.0,0.9,18.966876247123928,0.0673,0.1207,0.2988,0.2961,0.1916,28.3221033507715,70.82520552831599,39.74228533211783,3.6842989163415365,3.0700511293749866,0.2816337453135142,0.2410083295565551,0.27209367528685163,0.26436881748148816,0.16864349963519543,7.264144371647577,33.48592368474012,25.274312640789766,2.4172805348693136,1.571439700307237
4,0.12,10.0,60.0,0.5000000000000001,285.0,90.0,0.9,18.966876247123928,0.0938,0.1669,0.2401,0.3428,0.2555,28.75173669455141,70.3370426401448,38.919488199545114,3.7413219401164253,3.08855892679235,0.2859060003159665,0.23934717910380274,0.2664604336665901,0.2684605347136924,0.16966016665325867,10.25631784773842,31.83952762766355,19.661212963235737,3.049126962847049,2.143335361341128
0,0.12,10.0,60.0,0.5000000000000001,300.0,50.0,0.5,28.115555280876997,0.0145,0.0288,0.4156,0.2031,0.0641,27.217885609276117,70.12958603048554,39.92647298941312,3.521448785768243,2.898750615878762,0.2706534528427397,0.23864123309804838,0.273354707363823,0.25268342022574153,0.15923365046073212,1.6362464015577218,36.8574800559196,36.19507245761847,1.1700918404292382,0.45785807435355075
1,0.12,10.0,60.0,0.5000000000000001,300.0,50.0,0.5,28.115555280876997,0.0251,0.0472,0.3922,0.2218,0.0897,27.39133639624677,69.80895579928675,39.581510202240494,3.53931529850028,2.9004473052290534,0.27237823981061127,0.23755017298957248,0.2709929359705926,0.25396544129697884,0.15932685269671087,2.704174595329402,35.851558619914485,33.74900855169237,1.3764795214548489,0.6534804752900301
2,0.12,10.0,60.0,0.5000000000000001,300.0,50.0,0.5,28.115555280876997,0.0407,0.0745,0.3575,0.2494,0.1275,27.569981009009368,69.55177000390512,39.08753577237758,3.577177466873552,2.9132079229008268,0.2741546739528531,0.236675005477269,0.2676109634192933,0.25668226121507237,0.16002781666473206,4.2962850129737715,34.427676786065824,30.187444742258332,1.700668016916223,0.9507997276286962
3,0.12,10.0,60.0,0.5000000000000001,300.0,50.0,0.5,28.115555280876997,0.0673,0.1207,0.2988,0.2961,0.1916,27.96606839796391,68.95599195173007,38.27633099265033,3.6282664236010853,2.933612222735637,0.2780933494615589,0.23464765558015135,0.2620570882940531,0.2603481763275824,0.16114866201444739,7.201942094072461,32.38607304140679,24.28271052651376,2.278110166980327,1.4784800616735407
4,0.12,10.0,60.0,0.5000000000000001,300.0,50.0,0.5,28.115555280876997,0.0938,0.1669,0.2401,0.3428,0.2555,28.331492273029543,68.41816775317112,37.56406780666531,3.6751220623337955,2.9595174964905406,0.28172710834193204,0.23281751459117866,0.25718061210687304,0.2637103274682414,0.1625716858798265,10.141877352541927,30.901872071484902,18.913435860086985,2.8829961559818056,2.038568546316337
0,0.12,10.0,60.0,0.5000000000000001,300.0,90.0,0.9,50.77481736061284,0.0145,0.0288,0.4156,0.2031,0.0641,27.797571089764496,70.1008815045235,39.0986500495857,3.560502176680468,2.73241314538655,0.27641781966789497,0.2385435555861906,0.26768705679209365,0.255485716947192,0.15009643027704628,1.6783804154074624,35.90677213502085,35.179523715537286,1.1167495312056548,0.43026136286551403
1,0.12,10.0,60.0,0.5000000000000001,300.0,90.0,0.9,50.77481736061284,0.0251,0.0472,0.3922,0.2218,0.0897,27.960807740012996,69.77038269406651,38.76569367947051,3.580992885404273,2.742613387379147,0.2780410377111504,0.23741891407425283,0.2654074867649116,0.25695603858983684,0.15065674814611954,2.7507193756139023,34.9243361197936,32.76254989698603,1.3138580922396967,0.6068910247268162
2,0.12,10.0,60.0,0.5000000000000001,300.0,90.0,0.9,50.77481736061284,0.0407,0.0745,0.3575,0.2494,0.1275,28.168430062133723,69.41126679816506,38.23328681914295,3.6148822625179555,2.7534184192461706,0.28010562491589824,0.23619689259838417,0.26176238839767235,0.2593877887697666,0.15125028822442294,4.375940706300851,33.582597251378246,29.242434846472552,1.6287065283187714,0.8846405113535761
3,0.12,10.0,60.0,0.5000000000000001,300.0,90.0,0.9,50.77481736061284,0.0673,0.1207,0.2988,0.2961,0.1916,28.516478411437262,68.97206870207515,37.422731968740386,3.6669895881179375,2.7691434654961724,0.2835666023352138,0.23470236252687268,0.2562129629827886,0.2631267774793659,0.15211409365298775,7.331406003694213,31.815002516048793,23.545725871678897,2.1871879591094454,1.388795962206762
4,0.12,10.0,60.0,0.5000000000000001,300.0,90.0,0.9,50.77481736061284,0.0938,0.1669,0.2401,0.3428,0.2555,28.937448894763072,68.49531398763804,36.71057486789916,3.7192897808730865,2.7864337709295697,0.2877527142357715,0.23308003250357665,0.25133721310252394,0.26687960547369766,0.15306388161910647,10.328586199836476,30.65375209170256,18.41406688443983,2.756596138357162,1.8975583942779632
0,0.12,10.0,60.0,0.5000000000000001,320.0,50.0,0.5,89.89379743803187,0.0145,0.0288,0.4156,0.2031,0.0641,27.202073931814603,66.61440826722014,36.29060491994143,3.4652132192107516,2.389966459634496,0.27049622222013997,0.22667957178694587,0.24846190873351476,0.2486482074026821,0.1312852101735369,1.6245409945796856,33.305913173580876,32.61260723126409,1.0244548086569136,0.3798810971391955
1,0.12,10.0,60.0,0.5000000000000001,320.0,50.0,0.5,89.89379743803187,0.0251,0.0472,0.3922,0.2218,0.0897,27.35839173545917,66.37956181246825,35.93391810712241,3.4677841795043194,2.3984017706503766,0.27205063955822945,0.22588042194558886,0.2460198693536644,0.2488326880184073,0.13174857716981198,2.7117570754922387,32.51690579248899,30.388205026565227,1.2013202601041226,0.531191496025976
2,0.12,10.0,60.0,0.5000000000000001,320.0,50.0,0.5,89.89379743803187,0.0407,0.0745,0.3575,0.2494,0.1275,27.54886244751793,66.15914994815444,35.48416086206859,3.502469157762902,2.403154616422169,0.273944671909756,0.2251303910090534,0.24294062766509741,0.2513215269793073,0.13200965964381775,4.299438625579096,31.391606900406178,27.11463209937228,1.4946926931531554,0.7764234778263509
3,0.12,10.0,60.0,0.5000000000000001,320.0,50.0,0.5,89.89379743803187,0.0673,0.1207,0.2988,0.2961,0.1916,27.93703318630164,65.62357810421817,34.84128109800523,3.5562746772129623,2.41907951038803,0.2778046245986792,0.22330791446977957,0.2385391817917727,0.25518237048684617,0.13288444307137223,7.175973035279902,29.976011405155184,21.9025131053315,2.0053432232868333,1.2134172427061451
4,0.12,10.0,60.0,0.5000000000000001,320.0,50.0,0.5,89.89379743803187,0.0938,0.1669,0.2401,0.3428,0.2555,28.31451772872615,65.27083822892459,34.16932580301447,3.6049909754928406,2.428060574851715,0.28155831422279665,0.22210758970575886,0.2339386716722719,0.2586780342374725,0.13337778929844743,10.0523102278767,28.95722324082876,17.084076594996922,2.545207446404945,1.6570983324026418
0,0.12,10.0,60.0,0.5000000000000001,320.0,90.0,0.9,163.54494133649348,0.0145,0.0288,0.4156,0.2031,0.0641,28.01196421000325,65.94409675430457,34.8234786769204,3.469469248792332,1.9009633826081482,0.27854973539020117,0.22439859488324002,0.2384172983585102,0.2489536010564538,0.10442338059257765,1.646312616544578,31.859641440262607,31.124850399355495,0.9614608804844115,0.33611525477522425
1,0.12,10.0,60.0,0.5000000000000001,320.0,90.0,0.9,163.54494133649348,0.0251,0.0472,0.3922,0.2218,0.0897,28.130353096139793,65.76440623249881,34.54049808152011,3.4847362764842704,1.9074666389848345,0.2797269892471334,0.22378713301490508,0.23647988510726214,0.25004909470369097,0.10478061630891328,2.7382679196186017,31.160054000541358,28.97346467091328,1.1299242257155107,0.4654128792790181
2,0.12,10.0,60.0,0.5000000000000001,320.0,90.0,0.9,163.54494133649348,0.0407,0.0745,0.3575,0.2494,0.1275,28.369183000438415,65.52308108458159,34.03008258116782,3.5107742616685877,1.9155705828165897,0.2821019032712593,0.22296593708125875,0.23298534954511127,0.25191746410288557,0.10522578070228691,4.359417885185415,30.288458489149157,25.948802459472034,1.3966940913936248,0.6810004194471467
3,0.12,10.0,60.0,0.5000000000000001,320.0,90.0,0.9,163.54494133649348,0.0673,0.1207,0.2988,0.2961,0.1916,28.723163596878187,65.01558968589593,33.38953757695987,3.5605503780012033,1.9260972104800562,0.2856218706941918,0.2212390143939303,0.2285998884946185,0.2554891756584565,0.10580402753066631,7.325966266683567,29.113456659537384,20.911313205489744,1.8984115026757649,1.06911657682474
4,0.12,10.0,60.0,0.5000000000000001,320.0,90.0,0.9,163.54494133649348,0.0938,0.1669,0.2401,0.3428,0.2555,29.147271523241244,64.61812933718493,32.70827157253861,3.614985547949114,1.9444452752022852,0.28983918118979535,0.2198865120751123,0.2239356330437332,0.2593952000705102,0.10681192014088473,10.35737613501473,28.45840535955265,16.273032032158092,2.3843433230566653,1.4616996042790942
0,0.12,10.0,65.0,0.42261826174069944,270.0,50.0,0.5,3.5027922523960817,0.0145,0.0288,0.4156,0.2031,0.0641,23.830078016602087,62.628395278973734,37.51506009612117,3.1270560235145375,2.849175433516504,0.2369652437111832,0.21311572365234463,0.25684508313645993,0.22438355896372328,0.1565103954085186,1.2553012363513019,31.788343307477064,31.284924385615014,1.1335006283724371,0.40971010061348656
1,0.12,10.0,65.0,0.42261826174069944,270.0,50.0,0.5,3.5027922523960817,0.0251,0.0472,0.3922,0.2218,0.0897,23.926380151682732,62.38952546710249,37.16795258010729,3.1455382958928153,2.8621767660319772,0.2379228678907345,0.21230288288596574,0.25446862795874076,0.22570976419407085,0.15722458228128794,2.0876324680687763,30.740242607672066,29.13135068591084,1.3111365648467104,0.5817942433501642
2,0.12,10.0,65.0,0.42261826174069944,270.0,50.0,0.5,3.5027922523960817,0.0407,0.0745,0.3575,0.2494,0.1275,24.103206058386817,62.098953525196805,36.7200373837979,3.1689580974049756,2.8759456432434094,0.23968121690022545,0.21131410695778727,0.2514019977697073,0.2273902644390317,0.15798093178203906,3.3566695660756305,29.25234361170852,25.931911553199658,1.6099168337868643,0.8465854161452269
3,0.12,10.0,65.0,0.42261826174069944,270.0,50.0,0.5,3.5027922523960817,0.0673,0.1207,0.2988,0.2961,0.1916,24.37185291547796,61.62505064300868,36.03658874203611,3.2005078144559285,2.8950876560480534,0.24235262938651672,0.20970148132322367,0.2467227989955873,0.22965413107364188,0.1590324374063425,5.557294262093555,27.175693022385975,20.93110933864456,2.112452801211459,1.3089532604696268
4,0.12,10.0,65.0,0.42261826174069944,270.0,50.0,0.5,3.5027922523960817,0.0938,0.1669,0.2401,0.3428,0.2555,24.709333427078214,61.19266469236072,35.37273792349868,3.252747137376904,2.90802470833096,0.24570852069427554,0.20823013203574825,0.24217777579049102,0.23340259132082655,0.15974309324887143,7.8309666278859025,25.523267709095744,16.301792503446883,2.6462531615870706,1.8146555889758367
0,0.12,10.0,65.0,0.42261826174069944,270.0,90.0,0.9,6.307579202674779,0.0145,0.0288,0.4156,0.2031,0.0641,24.023786089423876,62.83625113737308,37.30106726190553,3.148366547266133,2.829445558123546,0.2388914682352095,0.21382302824606506,0.25537999132656025,0.2259127068673127,0.15542659742163878,1.2818918408145272,31.45624082203691,30.949387587397318,1.091094383467675,0.40038290551267985
1,0.12,10.0,65.0,0.42261826174069944,270.0,90.0,0.9,6.307579202674779,0.0251,0.0472,0.3922,0.2218,0.0897,24.116740461072254,62.6186236193012,37.01331177991303,3.164596543477591,2.8381111177541287,0.2398158024029924,0.21308247205276074,0.2534098870402825,0.22707729883001176,0.15590261239364234,2.114822563520644,30.408150327125046,28.791150073935952,1.2764094355060507,0.5705113752500711
2,0.12,10.0,65.0,0.42261826174069944,270.0,90.0,0.9,6.307579202674779,0.0407,0.0745,0.3575,0.2494,0.1275,24.307603288610245,62.261911781487434,36.55443532498389,3.1854061438082173,2.8447657698226867,0.24171373393353277,0.21186863125239522,0.2502682111129707,0.22857050270857568,0.15626816455105044,3.4204734908854344,28.976030332739075,25.590116191746787,1.5490640639386852,0.8296180518871532
3,0.12,10.0,65.0,0.42261826174069944,270.0,90.0,0.9,6.307579202674779,0.0673,0.1207,0.2988,0.2961,0.1916,24.58592001538834,61.73126802915162,35.811852661343245,3.21297787849684,2.864767194566748,0.2444813031770712,0.21006292432382237,0.24518415405722324,0.2305489271146992,0.15736687923832512,5.630729106114777,27.052954170815248,20.74599100617724,2.0538056197980836,1.2830274691778247
4,0.12,10.0,65.0,0.42261826174069944,270.0,90.0,0.9,6.307579202674779,0.0938,0.1669,0.2401,0.3428,0.2555,24.88896528382263,61.34605151521119,35.18013804435176,3.271940250420879,2.8913237482309815,0.24749477194708625,0.20875208607280923,0.24085914983481305,0.23477980329912682,0.15882567909521805,7.97512378819942,25.393370150312318,16.022047022965765,2.5667772918341925,1.765910831950264
0,0.12,10.0,65.0,0.42261826174069944,285.0,50.0,0.5,10.524269951667252,0.0145,0.0288,0.4156,0.2031,0.0641,23.845978051359765,61.62964157937601,36.27827000017518,3.120055093952297,2.7689572926045196,0.23712335295483503,0.20971710364153165,0.2483774582892205,0.22388120355997698,0.15210386683699595,1.2675045529059006,30.26173053306064,29.743288131998064,1.016997995910328,0.38188556551758934
1,0.12,10.0,65.0,0.42261826174069944,285.0,50.0,0.5,10.524269951667252,0.0251,0.0472,0.3922,0.2218,0.0897,23.919594367100494,61.37714930139943,35.96730641206439,3.136878954688408,2.772468136091157,0.2378553903484377,0.20885790751654848,0.246248460802982,0.22508840858575582,0.15229672386357535,2.0992939073506083,29.357839649204728,27.72217724542155,1.1801081659515145,0.5408903405637797
2,0.12,10.0,65.0,0.42261826174069944,285.0,50.0,0.5,10.524269951667252,0.0407,0.0745,0.3575,0.2494,0.1275,24.111564638816958,61.06721539593631,35.54044633307943,3.158068154576068,2.777344499875752,0.23976433425499566,0.2078032455177387,0.24332598347804593,0.2266088508313166,0.1525645914069722,3.364208257370997,28.0662935228197,24.733508164325087,1.4456101481565882,0.7898496124820983
3,0.12,10.0,65.0,0.42261826174069944,285.0,50.0,0.5,10.524269951667252,0.0673,0.1207,0.2988,0.2961,0.1916,24.410886848740056,60.61973869146405,34.85533269292389,3.1932244262111595,2.7915568660185768,0.2427407810955466,0.20628054449264654,0.23863538537123744,0.22913150769772966,0.15334530256239542,5.56189088439151,26.19160745568824,19.949642155410793,1.9124835972238774,1.2224284968534234
4,0.12,10.0,65.0,0.42261826174069944,285.0,50.0,0.5,10.524269951667252,0.0938,0.1669,0.2401,0.3428,0.2555,24.69804830208782,60.234119045835094,34.23602775081276,3.2469532697443384,2.8166487136287284,0.2455963019096036,0.20496833444053353,0.2343953434004717,0.23298684928429642,0.15472364344825243,7.850087553942825,24.7372565171532,15.484582055952572,2.412897636617505,1.6713121236527406
0,0.12,10.0,65.0,0.42261826174069944,285.0,90.0,0.9,18.966876247123928,0.0145,0.0288,0.4156,0.2031,0.0641,24.157776035493043,61.726973674848,35.80803778963345,3.1480482094202755,2.69671294646292,0.24022385834333285,0.21004831123305165,0.24515803571864278,0.2258898643668045,0.1481353533338817,1.297713322369378,29.752904327428553,29.22708494921355,0.9708834961502049,0.3704012485336565
1,0.12,10.0,65.0,0.42261826174069944,285.0,90.0,0.9,18.966876247123928,0.0251,0.0472,0.3922,0.2218,0.0897,24.254895569470484,61.544651657112254,35.53986603860717,3.167633470160324,2.7081232216378335,0.24118961070142614,0.20942789474985055,0.2433220105194104,0.2272952151104555,0.14876214052934114,2.140892110529928,28.826588259826597,27.186124608380446,1.138585672832769,0.5274346598556268
2,0.12,10.0,65.0,0.42261826174069944,285.0,90.0,0.9,18.966876247123928,0.0407,0.0745,0.3575,0.2494,0.1275,24.4422294494939,61.299866487741895,35.08099574771192,3.193373678477134,2.712128877283072,0.24305245053368282,0.20859492484414965,0.24018037679386484,0.22914221737301876,0.14898217848893172,3.4444207835642158,27.54537712402598,24.138181661398438,1.3947212945521978,0.7662899814163981
3,0.12,10.0,65.0,0.42261826174069944,285.0,90.0,0.9,18.966876247123928,0.0673,0.1207,0.2988,0.2961,0.1916,24.76669379560206,60.79283235796986,34.37705912496328,3.2162533718240702,2.7312496949455047,0.24627890966644533,0.2068695581793729,0.2353609080277368,0.2307839618709041,0.15003251982547344,5.678342048771194,25.830951719611114,19.458945757022658,1.842870871057273,1.179310804809688
4,0.12,10.0,65.0,0.42261826174069944,285.0,90.0,0.9,18.966876247123928,0.0938,0.1669,0.2401,0.3428,0.2555,25.055852226874073,60.34926021142532,33.763527755489406,3.273417427018647,2.7536087603486985,0.24915428834081557,0.20536014382216675,0.23116039454873435,0.23488579888722394,0.15126074400782916,7.998546020769375,24.553161745751694,15.163107490088244,2.3171209350818955,1.6144439666175001
0,0.12,10.0,65.0,0.42261826174069944,300.0,50.0,0.5,28.115555280876997,0.0145,0.0288,0.4156,0.2031,0.0641,23.81830525346913,59.96481902259379,34.36623130433562,3.102873905193518,2.582065178498319,0.2368481758743506,0.20405194389472736,0.23528677586635488,0.22264835827292984,0.14183754264600223,1.265730751799771,28.3704445511282,27.855322915411847,0.9149838836657165,0.35233791944760096
1,0.12,10.0,65.0,0.42261826174069944,300.0,50.0,0.5,28.115555280876997,0.0251,0.0472,0.3922,0.2218,0.0897,23.940654131744626,59.78632002232916,34.123207628548144,3.1157867168635716,2.586770661454326,0.23806480771828098,0.20344453660857278,0.23362292577383653,0.22357492390429914,0.14209602339428098,2.0900293875302443,27.582998278547134,25.968666774922518,1.0699119780629371,0.4973192092061647
2,0.12,10.0,65.0,0.42261826174069944,300.0,50.0,0.5,28.115555280876997,0.0407,0.0745,0.3575,0.2494,0.1275,24.091026517710432,59.53832449461389,33.73511568429722,3.13726720320991,2.5977182329409483,0.23956010408546005,0.2026006422996709,0.2309658726482299,0.2251162675637728,0.14269739343347845,3.359454950523646,26.51749061426464,23.17014791826319,1.3092265396292424,0.7250661409752666
3,0.12,10.0,65.0,0.42261826174069944,300.0,50.0,0.5,28.115555280876997,0.0673,0.1207,0.2988,0.2961,0.1916,24.40512802631,59.06301773658413,33.14026138385492,3.1698806482397592,2.6186720449457153,0.2426835156195512,0.20098323947076,0.22689323083825502,0.22745646256214722,0.143848424487447,5.5524202780445755,24.927230679254688,18.6789146253661,1.74972343153126,1.1200440888987364
4,0.12,10.0,65.0,0.42261826174069944,300.0,50.0,0.5,28.115555280876997,0.0938,0.1669,0.2401,0.3428,0.2555,24.691288280240023,58.7153523474362,32.561408733606896,3.2216651390069586,2.632966692122613,0.2455290805508007,0.19980018247772843,0.2229301435688817,0.23117228608756296,0.14463365548992,7.859717260842873,23.794428207920376,14.533845319479925,2.2034235503890685,1.5226533366676505
0,0.12,10.0,65.0,0.42261826174069944,300.0,90.0,0.9,50.77481736061284,0.0145,0.0288,0.4156,0.2031,0.0641,24.33210116942859,60.0431416141461,33.64947476889017,3.137487469776477,2.4261093030367276,0.2419573397788213,0.20431846478677074,0.23037953617479107,0.2251320729077626,0.13327060238404384,1.3084314645373945,27.570909458856903,27.030654976954345,0.8694747853056003,0.3255873528613721
1,0.12,10.0,65.0,0.42261826174069944,300.0,90.0,0.9,50.77481736061284,0.0251,0.0472,0.3922,0.2218,0.0897,24.42400202357958,59.88049547193477,33.415855825704504,3.154751458829901,2.4278499800045563,0.24287119781512245,0.2037650025729901,0.2287800751388489,0.22637085957374764,0.13336622093996306,2.168351480377372,26.855990609480628,25.160113234533597,1.0269505331528044,0.4620356315024951
2,0.12,10.0,65.0,0.42261826174069944,300.0,90.0,0.9,50.77481736061284,0.0407,0.0745,0.3575,0.2494,0.1275,24.6039203240487,59.58973358485763,32.99400175110412,3.182938866440763,2.437020393244441,0.2446602974516853,0.20277558028779594,0.2258918711859678,0.22839346191605486,0.13386996844015206,3.4675514342865634,25.792629141434407,22.374853537449383,1.2682963514286933,0.6782242120018217
3,0.12,10.0,65.0,0.42261826174069944,300.0,90.0,0.9,50.77481736061284,0.0673,0.1207,0.2988,0.2961,0.1916,24.94558014672454,59.224426058986964,32.35667055852768,3.2051121475339763,2.450723686567031,0.24805774764426528,0.20153248955579195,0.22152841334468126,0.22998451742903106,0.1346227152984494,5.704943969915299,24.452682191565522,18.081549763579964,1.6881347124852626,1.0460325675580306
4,0.12,10.0,65.0,0.42261826174069944,300.0,90.0,0.9,50.77481736061284,0.0938,0.1669,0.2401,0.3428,0.2555,25.232742843783708,58.80387865400107,31.80452531643095,3.2499884438660365,2.4610444812435963,0.2509132808257336,0.20010142519362115,0.21774817708099478,0.23320463980879613,0.13518965534600053,8.05739083876798,23.438414552568183,14.00450231433442,2.130016640345361,1.4350635472129345
0,0.12,10.0,65.0,0.42261826174069944,320.0,50.0,0.5,89.89379743803187,0.0145,0.0288,0.4156,0.2031,0.0641,23.83284413861244,56.94000945072013,31.142635990123093,3.047593698475417,2.1143551376455845,0.23699274990633126,0.19375893737669486,0.2132165831395991,0.21868169780046512,0.11614537832039269,1.2756970986212492,25.608657791220953,25.045074290377457,0.7986731942874536,0.29012358357940765
1,0.12,10.0,65.0,0.42261826174069944,320.0,50.0,0.5,89.89379743803187,0.0251,0.0472,0.3922,0.2218,0.0897,23.94965507330268,56.73266420834752,30.928832497682098,3.0648257553253275,2.12379566831373,0.23815431268374723,0.1930533703383367,0.2117527876491968,0.21991819315429711,0.11666396386284703,2.09106401056411,24.94293378430453,23.30194955293951,0.9396728194669097,0.4066828541519638
2,0.12,10.0,65.0,0.42261826174069944,320.0,50.0,0.5,89.89379743803187,0.0407,0.0745,0.3575,0.2494,0.1275,24.136407681515408,56.56278978015865,30.566832570988083,3.0797487461619966,2.1352240380791305,0.24001137237478126,0.1924753112721218,0.2092743722867027,0.22098900025501272,0.11729174502711531,3.342633614723685,24.08053707792656,20.770204793130432,1.160077248957354,0.5891443540370934
3,0.12,10.0,65.0,0.42261826174069944,320.0,50.0,0.5,89.89379743803187,0.0673,0.1207,0.2988,0.2961,0.1916,24.40437525692349,56.12141029881511,29.986225950684315,3.1113121603452667,2.1402548238127084,0.24267603011400612,0.1909733582498095,0.20529927654436855,0.22325384973459714,0.11756809524939911,5.563987457414186,22.969429598486094,16.738161761968552,1.537806195283495,0.9140853040199046
4,0.12,10.0,65.0,0.42261826174069944,320.0,50.0,0.5,89.89379743803187,0.0938,0.1669,0.2401,0.3428,0.2555,24.703762328738165,55.84053462463726,29.48890079497234,3.1524149742502052,2.154980653327009,0.24565312193834327,0.1900175773729067,0.20189436340715353,0.22620320388689277,0.11837701188292386,7.827389903632648,22.25454517879816,13.060185893510901,1.9466520084337504,1.249013177822298
0,0.12,10.0,65.0,0.42261826174069944,320.0,90.0,0.9,163.54494133649348,0.0145,0.0288,0.4156,0.2031,0.0641,24.530517458568827,56.451938100863195,29.873212842638445,3.053143248872944,1.6345368404672107,0.2439303825980529,0.19209809841610184,0.20452553764971723,0.21907990872456815,0.08978808542356892,1.3181877661573076,24.384923108477228,23.78862691088428,0.7398791516933927,0.2572206829919174
1,0.12,10.0,65.0,0.42261826174069944,320.0,90.0,0.9,163.54494133649348,0.0251,0.0472,0.3922,0.2218,0.0897,24.646343547817178,56.315274251534014,29.691630315668824,3.0714821627248066,1.6381287173527157,0.24508215211587514,0.19163305033340441,0.20328234147420415,0.22039582718802606,0.08998539376232406,2.175537945155039,23.90117838892691,22.17787806597969,0.8806363758058435,0.3609573939065958
2,0.12,10.0,65.0,0.42261826174069944,320.0,90.0,0.9,163.54494133649348,0.0407,0.0745,0.3575,0.2494,0.1275,24.80780835888095,56.121543522037875,29.358903846093977,3.107662996949573,1.6507433066851818,0.24668775106850346,0.19097381158991825,0.20100434545018905,0.222992002084984,0.09067833612772401,3.474989718314526,23.169548900794943,19.745857830578153,1.094950028033474,0.5231877961421335
3,0.12,10.0,65.0,0.42261826174069944,320.0,90.0,0.9,163.54494133649348,0.0673,0.1207,0.2988,0.2961,0.1916,25.11221543581774,55.84071312227124,28.81632786012658,3.1239142491107774,1.6535226943461854,0.24971476160214418,0.19001818477554358,0.19728962464562205,0.22415811927960003,0.09083101295369268,5.721044734140275,22.297698694564403,15.938339013249626,1.4603987528623064,0.80759789941299
4,0.12,10.0,65.0,0.42261826174069944,320.0,90.0,0.9,163.54494133649348,0.0938,0.1669,0.2401,0.3428,0.2555,25.43406445192133,55.46925444193645,28.315067353157836,3.1669679122486905,1.6687321494294731,0.2529152140088068,0.18875416251992191,0.19385776831231116,0.22724745765047213,0.09166649602048843,8.102434150936357,21.89592261033595,12.45273231522885,1.8307577647473818,1.0994002824950946
0,0.12,20.0,0.0,1.0,270.0,50.0,0.5,3.5027922523960817,0.0145,0.0288,0.4156,0.2031,0.0641,55.59076445259747,154.68602434590593,87.62639490626898,6.522027548375461,4.794373506316951,0.5527921074124573,0.5263750391581508,0.5999299648456635,0.46799153643533353,0.2633636680924461,3.3828737694537736,90.30176437924207,88.91448950090357,2.410495825875531,0.7564305759338077
1,0.12,20.0,0.0,1.0,270.0,50.0,0.5,3.5027922523960817,0.0251,0.0472,0.3922,0.2218,0.0897,55.81030096438447,154.11164850076352,87.01326635183545,6.535925939545485,4.798371716329658,0.5549751687932412,0.5244205179966123,0.5957322092207672,0.4689888228450266,0.263583297049882,5.62221954648928,86.58082698250648,82.11200646647785,2.7724316422289967,1.037998066231763
2,0.12,20.0,0.0,1.0,270.0,50.0,0.5,3.5027922523960817,0.0407,0.0745,0.3575,0.2494,0.1275,56.09607918047681,153.41526437756067,86.14827081269361,6.56252504868009,4.809131458667052,0.5578169347570995,0.5220508196242478,0.5898100582074326,0.47089745599006994,0.26417434929184264,9.10780773261221,81.66522781791618,72.51822497113085,3.3668552386086237,1.5201879157810227
3,0.12,20.0,0.0,1.0,270.0,50.0,0.5,3.5027922523960817,0.0673,0.1207,0.2988,0.2961,0.1916,56.73086244806095,152.4284914713954,84.7766708961039,6.621674177105604,4.8205070772646605,0.5641291915445955,0.5186929685881294,0.580419464304509,0.4751417329860421,0.26479923273839506,15.154671293740382,75.06003205925172,57.67670823607014,4.42912172323817,2.382704656761967
4,0.12,20.0,0.0,1.0,270.0,50.0,0.5,3.5027922523960817,0.0938,0.1669,0.2401,0.3428,0.2555,57.10579533941756,151.3987457060278,83.52509151836058,6.6748613365616105,4.82160565656489,0.5678575076631479,0.5151888868854655,0.571850585339509,0.478958205745138,0.26485957970006124,21.7680588364858,70.25594395044486,44.145399417899746,5.555824088475873,3.3105919783657147
0,0.12,20.0,0.0,1.0,270.0,90.0,0.9,6.307579202674779,0.0145,0.0288,0.4156,0.2031,0.0641,56.01602776867784,154.97683970619792,87.23134071823138,6.550985530128702,4.7643062540825545,0.5570209070523999,0.5273646434052621,0.5972252450475359,0.4700694317328075,0.26171201916949965,3.4537047601294333,89.39265546801064,87.95588046968477,2.293681929426638,0.7255629962530377
1,0.12,20.0,0.0,1.0,270.0,90.0,0.9,6.307579202674779,0.0251,0.0472,0.3922,0.2218,0.0897,56.20377135858798,154.30631045218357,86.65797417761318,6.570550472358029,4.768861852464482,0.5588878210216817,0.5250829255588636,0.5932997181680529,0.4714733245109747,0.26196226648515825,5.740799006231477,85.97094399503655,81.37368988630872,2.6528644819454796,1.0129653904415972
2,0.12,20.0,0.0,1.0,270.0,90.0,0.9,6.307579202674779,0.0407,0.0745,0.3575,0.2494,0.1275,56.515895202412466,153.73649650295712,85.78113100041186,6.59064342695108,4.7794693821168,0.5619915667445623,0.5231439278950137,0.5872964528615635,0.4729151050955828,0.26254495740712186,9.229615944355718,81.17240328394477,71.93070512577489,3.2411634756767937,1.481477074542527
3,0.12,20.0,0.0,1.0,270.0,90.0,0.9,6.307579202674779,0.0673,0.1207,0.2988,0.2961,0.1916,57.05998584441272,152.65518614145057,84.38496226324642,6.646071683106675,4.793437349777029,0.5674019800672858,0.5194643790392791,0.577737649691557,0.47689238893374286,0.2633122433088038,15.394672518233838,74.78096712424241,57.193647340370006,4.296542557398708,2.3266650296816755
4,0.12,20.0,0.0,1.0,270.0,90.0,0.9,6.307579202674779,0.0938,0.1669,0.2401,0.3428,0.2555,57.508053706585926,151.83515104337928,83.087203441784,6.702581080884246,4.803024968475749,0.5718575471067664,0.5166739135871895,0.5688526053510828,0.480947250660837,0.2638389086646506,21.943217147553483,70.04225437054313,43.77199253360264,5.379471355488323,3.2259969301623403
0,0.12,20.0,0.0,1.0,285.0,50.0,0.5,10.524269951667252,0.0145,0.0288,0.4156,0.2031,0.0641,55.66736915083734,152.70690311664183,85.32005432809825,6.503465977899797,4.674203022175596,0.5535538611496958,0.5196403647170839,0.5841397132500783,0.4666596411280648,0.25676248454714806,3.364665485026913,86.69329383104568,85.34119850697451,2.191109425359999,0.6982012617209035
1,0.12,20.0,0.0,1.0,285.0,50.0,0.5,10.524269951667252,0.0251,0.0472,0.3922,0.2218,0.0897,55.8160729360771,152.19225172969186,84.73635924653078,6.52286612160065,4.680851157788937,0.555032565024923,0.5178890775849457,0.5801434725038975,0.4680517087006542,0.2571276787438035,5.642593277344329,83.34946989632422,78.85382796334102,2.5415777627779175,0.9646371665135379
2,0.12,20.0,0.0,1.0,285.0,50.0,0.5,10.524269951667252,0.0407,0.0745,0.3575,0.2494,0.1275,56.08299196240915,151.48091973662946,83.8834803708292,6.546958357423452,4.693418301748631,0.5576867960384287,0.5154685136892354,0.5743042776532528,0.4697804598252464,0.2578180148484708,9.1612603802931,78.83119908806145,69.63376899318206,3.096465828825222,1.4161047283235262
3,0.12,20.0,0.0,1.0,285.0,50.0,0.5,10.524269951667252,0.0673,0.1207,0.2988,0.2961,0.1916,56.64485582857125,150.4367857735668,82.59560311678493,6.61528332975065,4.704907970804458,0.5632739455175387,0.5119154709498058,0.5654868869963533,0.474683154353771,0.2584491632943989,15.24843389057299,72.7504886806185,55.30821484301598,4.092104279207392,2.230500102274451
4,0.12,20.0,0.0,1.0,285.0,50.0,0.5,10.524269951667252,0.0938,0.1669,0.2401,0.3428,0.2555,57.13125822931965,149.79600608446938,81.27749710255897,6.675613127019497,4.721505782710489,0.5681107095161605,0.5097349867375659,0.5564625365637776,0.4790121508670888,0.25936091132990785,21.775704098739237,68.43314336186637,42.3668622347148,5.155809842065661,3.1133147556263996
0,0.12,20.0,0.0,1.0,285.0,90.0,0.9,18.966876247123928,0.0145,0.0288,0.4156,0.2031,0.0641,56.315535558300674,152.58595855829859,84.28206652246212,6.5429222154437205,4.598701605255111,0.5599991992892918,0.5192288071965963,0.5770331788729467,0.46949084432265076,0.2526150542144556,3.471045902704519,85.02683963127225,83.57838315192748,2.070271041775827,0.6778438265138712
1,0.12,20.0,0.0,1.0,285.0,90.0,0.9,18.966876247123928,0.0251,0.0472,0.3922,0.2218,0.0897,56.43062963626285,152.10188945435056,83.67711674558225,6.553129439962831,4.606779221862666,0.5611436897192023,0.5175815873225105,0.5728914188614211,0.47022326911693557,0.2530587724054575,5.754792975503333,81.85463783602455,77.28761150823917,2.411415409909919,0.933735729380399
2,0.12,20.0,0.0,1.0,285.0,90.0,0.9,18.966876247123928,0.0407,0.0745,0.3575,0.2494,0.1275,56.797607155693925,151.43439859994024,82.92554595238188,6.572868112653491,4.618072066012744,0.5647928979705527,0.5153102087276203,0.5677458250021048,0.47163962801624704,0.2536791089008603,9.270896983129116,77.58783045663984,68.27023715671432,2.9682635001911235,1.3791311217890272
3,0.12,20.0,0.0,1.0,285.0,90.0,0.9,18.966876247123928,0.0673,0.1207,0.2988,0.2961,0.1916,57.34417744599513,150.40800557981916,81.56359473246007,6.636078043674117,4.632009331710281,0.5702279688065056,0.5118175359509916,0.5584212904441878,0.47617529005031534,0.25444470828781796,15.399632764997342,71.83441397850201,54.26840693349413,3.93162725576738,2.1630646042524426
4,0.12,20.0,0.0,1.0,285.0,90.0,0.9,18.966876247123928,0.0938,0.1669,0.2401,0.3428,0.2555,57.79033096356416,149.62151105884715,80.35099844179102,6.700329421311632,4.651070711303604,0.5746644996877596,0.5091412044205583,0.5501193073395396,0.4807856816372318,0.2554917845829764,22.013964924952507,67.84744561028455,41.53507249890477,4.934030875032496,2.997460086099068
0,0.12,20.0,0.0,1.0,300.0,50.0,0.5,28.115555280876997,0.0145,0.0288,0.4156,0.2031,0.0641,55.64780796617897,149.58328496086946,81.75888830752064,6.472597971430254,4.458552041312857,0.5533593455930694,0.5090111263226503,0.5597583586614296,0.46444469099680147,0.24491638343030483,3.382812066920119,81.8788933096676,80.50711434710527,1.9293934620365027,0.6373753622471133
1,0.12,20.0,0.0,1.0,300.0,50.0,0.5,28.115555280876997,0.0251,0.0472,0.3922,0.2218,0.0897,55.83550493531345,149.03952601655564,81.19657298359058,6.4928286856355015,4.468094179670675,0.5552257959674164,0.5071607902188162,0.555908493413882,0.4658963565952481,0.24544055046819815,5.63967650817294,78.83594469588976,74.32461597285811,2.2435384904365145,0.8837872351695307
2,0.12,20.0,0.0,1.0,300.0,50.0,0.5,28.115555280876997,0.0407,0.0745,0.3575,0.2494,0.1275,56.06977501801434,148.4193724504148,80.53164410846458,6.502954433753687,4.473657994680147,0.5575553673268882,0.505050493835922,0.5513560893453828,0.4666229350072892,0.24574618095934617,9.134487651811813,74.97111927309014,65.79859473703618,2.7886496164343635,1.3176980932985085
3,0.12,20.0,0.0,1.0,300.0,50.0,0.5,28.115555280876997,0.0673,0.1207,0.2988,0.2961,0.1916,56.65783005344908,147.36289925923637,79.20670347907489,6.565087092868371,4.481922217502901,0.5634029606369184,0.5014554624183937,0.5422849460436118,0.47108129682594424,0.24620014976959134,15.203147995339028,69.59916904683844,52.19441768017721,3.728027921360934,2.073018317588391
4,0.12,20.0,0.0,1.0,300.0,50.0,0.5,28.115555280876997,0.0938,0.1669,0.2401,0.3428,0.2555,57.179810346778616,146.75648384201287,77.97128236051789,6.6362227735941905,4.497308181216772,0.568593509628621,0.4993919150466329,0.5338266938352642,0.47618567522228233,0.247045328776918,21.7276948567613,66.0443141295824,40.08719468582568,4.7040311643631805,2.858607268403025
0,0.12,20.0,0.0,1.0,300.0,90.0,0.9,50.77481736061284,0.0145,0.0288,0.4156,0.2031,0.0641,56.51860011443979,149.06240812718642,79.83473086956157,6.515422151961992,4.2368824408806685,0.5620184642703415,0.50723865486063,0.5465847058442952,0.46751756272188705,0.23273966857955564,3.491257200381691,79.72622594596686,78.25836255756728,1.8317798516980504,0.6187451980043698
1,0.12,20.0,0.0,1.0,300.0,90.0,0.9,50.77481736061284,0.0251,0.0472,0.3922,0.2218,0.0897,56.773144186636685,148.6131429887741,79.36599805678193,6.523987357708524,4.2456495615113115,0.5645496392862752,0.505709868043436,0.5433755488295202,0.4681321635906311,0.2332212624822528,5.776673486862455,76.99151050966198,72.33570450209615,2.130218225766857,0.849511942234723
2,0.12,20.0,0.0,1.0,300.0,90.0,0.9,50.77481736061284,0.0407,0.0745,0.3575,0.2494,0.1275,57.08823785957016,147.8621991913573,78.55702912345723,6.536826544161981,4.254847260505855,0.5676829168586992,0.5031545106836339,0.5378369813208391,0.4690534462056408,0.23372650883863735,9.273762418827983,73.21081539442342,63.92430625522033,2.63410207148957,1.254228993131068
3,0.12,20.0,0.0,1.0,300.0,90.0,0.9,50.77481736061284,0.0673,0.1207,0.2988,0.2961,0.1916,57.60280815196797,146.84754231005738,77.34003697701692,6.601876772272036,4.269399368670004,0.5727997811282846,0.4997017743560649,0.5295049021977353,0.4737211597307511,0.2345258826420214,15.517803369829045,68.72412528736683,51.062421234425656,3.5368452876353924,1.9666454797542607
4,0.12,20.0,0.0,1.0,300.0,90.0,0.9,50.77481736061284,0.0938,0.1669,0.2401,0.3428,0.2555,58.0867413808607,146.2286437838594,76.2536469165782,6.668805323990392,4.287248248723828,0.5776119917909862,0.497595748699643,0.5220669840742652,0.47852365335987823,0.235506354129302,22.038014882849858,65.31818493252482,39.07867596791829,4.50766268393897,2.7369673845646076
0,0.12,20.0,0.0,1.0,320.0,50.0,0.5,89.89379743803187,0.0145,0.0288,0.4156,0.2031,0.0641,55.56723973746462,143.13020433146283,75.01309294713928,6.389261931474117,3.8164793198553517,0.5525581786837805,0.4870521899329032,0.513573590045323,0.4584648693707454,0.20964615951421908,3.422289281756597,74.39081863358247,72.93263822798353,1.7063636781607667,0.5516267316411649
1,0.12,20.0,0.0,1.0,320.0,50.0,0.5,89.89379743803187,0.0251,0.0472,0.3922,0.2218,0.0897,55.75925317729315,142.66759585073686,74.50549216381906,6.409091572941184,3.8203334371404587,0.554467551852139,0.4854779975765691,0.5100983253100948,0.4598877557827242,0.20985787319570987,5.660414225445713,72.04732092893948,67.54717018764809,1.9738368158765733,0.7448038788736203
2,0.12,20.0,0.0,1.0,320.0,50.0,0.5,89.89379743803187,0.0407,0.0745,0.3575,0.2494,0.1275,56.01065741246492,142.1311090165335,73.98277246341716,6.427212660686659,3.8251863139353453,0.5569675044673171,0.48365240745260196,0.5065195496247356,0.4611880440187033,0.21012445055598813,9.093764588686271,68.67312701354655,59.556469528624454,2.4505099360306892,1.120532834228526
3,0.12,20.0,0.0,1.0,320.0,50.0,0.5,89.89379743803187,0.0673,0.1207,0.2988,0.2961,0.1916,56.58196788778627,141.24227969681115,72.69735451924163,6.470194907498387,3.827701594155551,0.5626485906108437,0.48062784482677906,0.49771899651643864,0.46427225787331566,0.21026261947924804,15.232722819960358,64.93226368114007,47.56449924581278,3.2818340238257955,1.7565068521502794
4,0.12,20.0,0.0,1.0,320.0,50.0,0.5,89.89379743803187,0.0938,0.1669,0.2401,0.3428,0.2555,57.088267576063735,140.65217506823973,71.6492987896354,6.512452516213445,3.847258946735326,0.5676832123581993,0.47861980080156646,0.4905435325744206,0.467304474938018,0.21133694047380563,21.747213616183643,62.43387774368008,36.55335278779518,4.184450689349279,2.4390075408182716
0,0.12,20.0,0.0,1.0,320.0,90.0,0.9,163.54494133649348,0.0145,0.0288,0.4156,0.2031,0.0641,56.768526945584945,141.3276119549069,71.87434715900363,6.4112364812973315,3.215660027889181,0.5645037256451055,0.480918218639711,0.49208431558241816,0.46004166481632774,0.17664206160978344,3.5580131487859754,71.24661214506449,69.65468940693005,1.5802317097811545,0.49576210021715894
1,0.12,20.0,0.0,1.0,320.0,90.0,0.9,163.54494133649348,0.0251,0.0472,0.3922,0.2218,0.0897,56.997346129398935,141.0011262567927,71.37624368391769,6.41675011240798,3.215327377776115,0.5667790935067005,0.4798072331912445,0.4886740737184518,0.460437298333002,0.17662378853325883,5.847255676507054,69.23047063868894,64.51941503787901,1.8361919034428775,0.6757985599163107
2,0.12,20.0,0.0,1.0,320.0,90.0,0.9,163.54494133649348,0.0407,0.0745,0.3575,0.2494,0.1275,57.27305401040774,140.40934298075246,70.74743704148018,6.426543572439622,3.2188985042403173,0.5695207205030883,0.4777934769620311,0.48436897880617363,0.4611400332376357,0.1768199570135817,9.302021471802588,66.12217429281182,56.809755982575425,2.2975957528783884,1.0058165709755955
3,0.12,20.0,0.0,1.0,320.0,90.0,0.9,163.54494133649348,0.0673,0.1207,0.2988,0.2961,0.1916,57.81339328251262,139.60522083323406,69.72302169716146,6.456726664254752,3.2322112992610226,0.5748938303691934,0.47505716106873863,0.47735536764298603,0.4633058369555991,0.17755125308899095,15.596296908738028,63.076201831357736,45.40524269881115,3.0843040908500536,1.5887178945347529
4,0.12,20.0,0.0,1.0,320.0,90.0,0.9,163.54494133649348,0.0938,0.1669,0.2401,0.3428,0.2555,58.3107330219813,138.9688991369894,68.72080708296993,6.51580113101676,3.2383106175184113,0.5798393547811717,0.47289184678650603,0.47049375272772126,0.46754475656441563,0.1778862997487918,22.11830653911422,61.11617779987897,34.9702243480966,3.9340685124483463,2.20718790877134
0,0.12,20.0,15.0,0.9659258262890683,270.0,50.0,0.5,3.5027922523960817,0.0145,0.0288,0.4156,0.2031,0.0641,54.42911889666024,150.85768008724662,85.42630988366791,6.384043800132266,4.719273581655803,0.541240755290282,0.5133477157940409,0.5848671868815766,0.4580904395962802,0.2592382924607465,3.226761543282742,85.56612385959258,84.25064300753229,2.1957284309138347,0.7368394060787122
1,0.12,20.0,15.0,0.9659258262890683,270.0,50.0,0.5,3.5027922523960817,0.0251,0.0472,0.3922,0.2218,0.0897,54.565313151780394,150.35012535410192,84.89665964927225,6.3920520648944805,4.72410840114149,0.5425950649502893,0.511620577588352,0.5812409616232925,0.45866507687011127,0.2595038779001449,5.335906920650041,81.97128154025745,77.81164881725238,2.5410189309233067,1.0068380325920734
2,0.12,20.0,15.0,0.9659258262890683,270.0,50.0,0.5,3.5027922523960817,0.0407,0.0745,0.3575,0.2494,0.1275,54.81834193941951,149.69817728376984,84.07807020815532,6.409614378633689,4.731460276691108,0.5451111720434795,0.5094020889271996,0.575636527763408,0.4599252699817179,0.2599077298131332,8.584770636854529,77.10465702079817,68.49545845288402,3.1164592786206167,1.456198560487595
3,0.12,20.0,15.0,0.9659258262890683,270.0,50.0,0.5,3.5027922523960817,0.0673,0.1207,0.2988,0.2961,0.1916,55.2372624896198,148.76719350846824,82.8542219127192,6.4773568259036445,4.750493621210775,0.5492768994995405,0.5062340805486008,0.5672575083407466,0.46478616511664456,0.26095326609063896,14.326993969058925,71.24277163102344,54.89117821641944,4.11250129839643,2.2499153471995186
4,0.12,20.0,15.0,0.9659258262890683,270.0,50.0,0.5,3.5027922523960817,0.0938,0.1669,0.2401,0.3428,0.2555,55.875993738685764,148.00513650305524,81.60554790808513,6.524589348238565,4.7571749147720475,0.5556284148405904,0.5036409064867474,0.5587085208752105,0.46817535973952557,0.26132028171376065,20.457182132319566,66.63517567210536,42.096841820000265,5.165440904716439,3.0824330474202757
0,0.12,20.0,15.0,0.9659258262890683,270.0,90.0,0.9,6.307579202674779,0.0145,0.0288,0.4156,0.2031,0.0641,54.71373071650342,150.80853024596723,85.07186772535147,6.417940635637821,4.687755882288619,0.5440709226613345,0.5131804657161011,0.5824405154225252,0.4605227249570637,0.25750696783527877,3.262879701983712,84.63024248396505,83.3262058764129,2.1285421175597232,0.7196857383720012
1,0.12,20.0,15.0,0.9659258262890683,270.0,90.0,0.9,6.307579202674779,0.0251,0.0472,0.3922,0.2218,0.0897,54.87648193222566,150.32378002863166,84.44161646424968,6.4268296571345775,4.701072924243268,0.5456893135650925,0.5115309281078337,0.5781255299969444,0.4611605613962413,0.25823849720250397,5.399487424368166,81.3953401392593,77.20312673344965,2.4532576752696116,0.9794351525249962
2,0.12,20.0,15.0,0.9659258262890683,270.0,90.0,0.9,6.307579202674779,0.0407,0.0745,0.3575,0.2494,0.1275,55.15871923303821,149.6898130396991,83.59778932808054,6.450158089209038,4.7054598202868085,0.5484958688237382,0.5093736265672748,0.5723483074525356,0.4628345053788719,0.2584794773914786,8.705190070753849,76.73289859216597,68.00467019526748,3.0080260064377704,1.4149171840012265
3,0.12,20.0,15.0,0.9659258262890683,270.0,90.0,0.9,6.307579202674779,0.0673,0.1207,0.2988,0.2961,0.1916,55.60465225538404,148.79030740606206,82.34481178103013,6.507791813850826,4.720799253796823,0.5529302071102274,0.5063127339292308,0.5637698559875585,0.466970043774799,0.2593221004099678,14.381590781499355,70.64819064735204,54.21891774366179,4.012125958865287,2.18505580684054
4,0.12,20.0,15.0,0.9659258262890683,270.0,90.0,0.9,6.307579202674779,0.0938,0.1669,0.2401,0.3428,0.2555,56.32060159835713,148.16496437422003,81.15896626134995,6.54538832188957,4.724138493963749,0.56004957576795,0.5041847785159025,0.555651020770212,0.4696678010950725,0.25950553095367584,20.634239511363816,66.59529975697342,41.87477089445244,5.030948921868095,3.0453488924377714
0,0.12,20.0,15.0,0.9659258262890683,285.0,50.0,0.5,10.524269951667252,0.0145,0.0288,0.4156,0.2031,0.0641,54.39746521102066,148.90968091632598,83.19328837941535,6.364968704004222,4.607386011922855,0.5409259924377763,0.5067189453914837,0.5695789108549428,0.45672169598420537,0.25309210448853414,3.2033172488503405,81.79774981347364,80.47731387096646,2.02105724722056,0.691578635544948
1,0.12,20.0,15.0,0.9659258262890683,285.0,50.0,0.5,10.524269951667252,0.0251,0.0472,0.3922,0.2218,0.0897,54.55473132897865,148.28027027216535,82.66356507077296,6.372468156133268,4.613183943481883,0.5424898397715309,0.5045771484588419,0.5659521852972876,0.4572598231384167,0.25341059542811634,5.330195473994214,78.8748255741322,74.71934253637085,2.3499916097019575,0.9395272800197928
2,0.12,20.0,15.0,0.9659258262890683,285.0,50.0,0.5,10.524269951667252,0.0407,0.0745,0.3575,0.2494,0.1275,54.82327544134802,147.76070284919317,81.81133806007676,6.393977043745666,4.61793510931625,0.5451602305688449,0.5028091327394598,0.5601174534095454,0.4588032047457588,0.25367158562009984,8.587190037765756,74.31542980480114,65.70163317047266,2.860213059898836,1.353179306861975
3,0.12,20.0,15.0,0.9659258262890683,285.0,50.0,0.5,10.524269951667252,0.0673,0.1207,0.2988,0.2961,0.1916,55.287526355035304,146.75267719452557,80.57968907949406,6.462892019281156,4.62856518755455,0.5497767211581079,0.4993789615543658,0.5516850269652811,0.46374823526656533,0.2542555151769564,14.329547041616138,68.8560219999679,52.540166064469844,3.779291548786551,2.0658913034435495
4,0.12,20.0,15.0,0.9659258262890683,285.0,50.0,0.5,10.524269951667252,0.0938,0.1669,0.2401,0.3428,0.2555,55.90605120929244,146.1392650490037,79.4473256219252,6.50388763311795,4.63363198532494,0.5559273050012811,0.497291605288766,0.5439323541545548,0.4666898972212698,0.25453384360600645,20.489175040061795,65.01406049119339,40.48574018540465,4.782135936011352,2.8716465329806673
0,0.12,20.0,15.0,0.9659258262890683,285.0,90.0,0.9,18.966876247123928,0.0145,0.0288,0.4156,0.2031,0.0641,54.945190728319304,148.73322083415565,82.1846481309696,6.425604033644903,4.538070715748393,0.546372550799989,0.5061184762601899,0.5626733031389203,0.46107261613446954,0.24928448903442574,3.2640005426692404,80.52775724129718,79.25877968349147,1.9145635668779426,0.6683906350790572
1,0.12,20.0,15.0,0.9659258262890683,285.0,90.0,0.9,18.966876247123928,0.0251,0.0472,0.3922,0.2218,0.0897,55.10937902943763,148.1612222321474,81.66539311755622,6.428597110048794,4.5410654784905695,0.5480052320174792,0.504172044526595,0.5591182482690235,0.46128738591496127,0.24944899680583882,5.42826128573359,77.541214158644,73.36749069947743,2.230162720863836,0.913092979257718
2,0.12,20.0,15.0,0.9659258262890683,285.0,90.0,0.9,18.966876247123928,0.0407,0.0745,0.3575,0.2494,0.1275,55.45179420769493,147.67744341654998,80.81528748324106,6.447104355474966,4.548351914976148,0.5514101934326125,0.5025258124634158,0.5532980402842568,0.4626153830995695,0.2498492540318635,8.726875498135406,73.23566666560598,64.50331394694273,2.7239482132353894,1.3041072741618513
3,0.12,20.0,15.0,0.9659258262890683,285.0,90.0,0.9,18.966876247123928,0.0673,0.1207,0.2988,0.2961,0.1916,55.95759110302202,146.80344816208,79.59732547202078,6.503805927980672,4.5599531389229755,0.5564398154290677,0.49955172809967957,0.5449593210278463,0.46668403442592804,0.2504865303911152,14.458129954323212,67.99891262759967,51.51573101048803,3.6257828962677343,2.0112751403793423
4,0.12,20.0,15.0,0.9659258262890683,285.0,90.0,0.9,18.966876247123928,0.0938,0.1669,0.2401,0.3428,0.2555,56.606385769151814,146.06758868917697,78.62851567674801,6.534741172893336,4.56758268977102,0.5628914009451056,0.49704770059944414,0.5383264106240594,0.46890380928724196,0.2509056355139412,20.78691829421841,64.57736014008758,39.6903963417262,4.5800485498275165,2.790028121156986
0,0.12,20.0,15.0,0.9659258262890683,300.0,50.0,0.5,28.115555280876997,0.0145,0.0288,0.4156,0.2031,0.0641,54.39791153940115,145.4672837475503,79.63589192717272,6.327303646252033,4.40213619422422,0.5409304307074867,0.4950049463267701,0.5452233644374636,0.45401901984298554,0.24181735820662764,3.2184203409315497,77.28500870390918,75.9646797855918,1.8098407916152393,0.6270896042339376
1,0.12,20.0,15.0,0.9659258262890683,300.0,50.0,0.5,28.115555280876997,0.0251,0.0472,0.3922,0.2218,0.0897,54.533312023808556,145.2243486142741,79.11130864560955,6.345568703609842,4.405408892265712,0.542276847146571,0.49417827183673857,0.5416318298318981,0.45532963869464765,0.2419971334702008,5.353292746536889,74.56038428688885,70.3829194640823,2.1161807216866313,0.8620867030019516
2,0.12,20.0,15.0,0.9659258262890683,300.0,50.0,0.5,28.115555280876997,0.0407,0.0745,0.3575,0.2494,0.1275,54.813828235262605,144.6376855350901,78.37297080745174,6.3723834298688695,4.40941277431086,0.545066287968621,0.49218193892570855,0.5365768347728859,0.45725374356050047,0.2422170740027084,8.622785657325679,70.6942119573229,62.04539435284365,2.6009019119359094,1.243431831105014
3,0.12,20.0,15.0,0.9659258262890683,300.0,50.0,0.5,28.115555280876997,0.0673,0.1207,0.2988,0.2961,0.1916,55.26524503278937,143.71548192066723,77.37588190025492,6.424726503853577,4.415323591617414,0.5495551566734036,0.4890438082141187,0.5297503127679302,0.4610096485201404,0.24254176596198673,14.378697320333101,65.79547437285322,49.50891990751367,3.447137124887759,1.9154718456231214
4,0.12,20.0,15.0,0.9659258262890683,300.0,50.0,0.5,28.115555280876997,0.0938,0.1669,0.2401,0.3428,0.2555,55.926136990168494,143.09960492595545,76.16813851749757,6.472510778211145,4.425037519115199,0.5561270371195355,0.4869480644093449,0.5214815548675824,0.4644384344012451,0.2430753696901965,20.588863437492243,62.89472883485311,38.30625772423886,4.352742249536109,2.6523765719189356
0,0.12,20.0,15.0,0.9659258262890683,300.0,90.0,0.9,50.77481736061284,0.0145,0.0288,0.4156,0.2031,0.0641,55.22659730148989,145.0298315072773,77.80214012441165,6.394151952181734,4.195745586601744,0.5491708453396393,0.49351635715992576,0.5326686695222741,0.4588157553931033,0.230479946256627,3.2610306303117027,75.18798579064865,73.85981583176654,1.7090778341644475,0.5974847067758683
1,0.12,20.0,15.0,0.9659258262890683,300.0,90.0,0.9,50.77481736061284,0.0251,0.0472,0.3922,0.2218,0.0897,55.47338002655265,144.68397065457793,77.31471446223851,6.396744914795816,4.203598025465719,0.5516248418623307,0.49233944075359426,0.5293315327989706,0.4590018147969747,0.23091129502408606,5.452016817424903,72.40098012746918,68.15234494261689,1.9971229728727227,0.8154911794601559
2,0.12,20.0,15.0,0.9659258262890683,300.0,90.0,0.9,50.77481736061284,0.0407,0.0745,0.3575,0.2494,0.1275,55.76469442021764,144.18412664752012,76.61020762630517,6.418843266457326,4.211645544858379,0.5545216593315521,0.4906385410769714,0.524508160095265,0.4605874937089466,0.23135335992026143,8.805105208856137,69.02212776848407,60.21845172139898,2.4580646063750993,1.1786363546011889
3,0.12,20.0,15.0,0.9659258262890683,300.0,90.0,0.9,50.77481736061284,0.0673,0.1207,0.2988,0.2961,0.1916,56.28682309763062,143.35247193955541,75.5549985950052,6.484681926852376,4.222980617317005,0.5597136838480293,0.4878085357075654,0.5172837214118093,0.4653117816096928,0.23197601609355797,14.59466550033704,64.74277354641433,48.1793734491977,3.2972273297264643,1.8150072217829911
4,0.12,20.0,15.0,0.9659258262890683,300.0,90.0,0.9,50.77481736061284,0.0938,0.1669,0.2401,0.3428,0.2555,56.92792020566212,142.77655215966192,74.46257709738663,6.511030760239577,4.224540473589749,0.566088725186181,0.48584876075067923,0.5098045093391913,0.4672024560861025,0.23206170183939015,21.01971665137401,62.31754686722336,37.265143322112934,4.212484314914635,2.532161453838842
0,0.12,20.0,15.0,0.9659258262890683,320.0,50.0,0.5,89.89379743803187,0.0145,0.0288,0.4156,0.2031,0.0641,54.2898219207015,139.31044096465672,73.09558812448842,6.246930268071386,3.770244945432674,0.5398555923112395,0.47405406615100737,0.5004454840439881,0.44825178557967305,0.20710642112632072,3.226694593473076,70.1404934753296,68.75650650563202,1.58383652270625,0.5366651572999405
1,0.12,20.0,15.0,0.9659258262890683,320.0,50.0,0.5,89.89379743803187,0.0251,0.0472,0.3922,0.2218,0.0897,54.50906523379628,139.13234585422512,72.5784079074414,6.263713147272351,3.7767638266696713,0.5420357381371724,0.473448033245813,0.4969046341692013,0.449456049953721,0.20746451514468883,5.355653889662424,68.10592311842522,63.89269317017157,1.8595144633338783,0.744234737179463
2,0.12,20.0,15.0,0.9659258262890683,320.0,50.0,0.5,89.89379743803187,0.0407,0.0745,0.3575,0.2494,0.1275,54.774630323660844,138.49324940529797,71.99421929064889,6.28371734328824,3.7804267504391436,0.5446765056662211,0.4712732768658986,0.4929050144574642,0.4508914616196778,0.20766572621816906,8.61638613497075,64.91157550698871,56.30303691533824,2.2809378946886856,1.0725605206928979
3,0.12,20.0,15.0,0.9659258262890683,320.0,50.0,0.5,89.89379743803187,0.0673,0.1207,0.2988,0.2961,0.1916,55.19945918975241,137.8821399783733,70.93948460525448,6.329268444716535,3.796268803727295,0.5489009851546558,0.4691937564316021,0.48568382336079724,0.4541600049960484,0.20853595905642966,14.309780244323306,61.19669978725834,44.98592567363457,3.0494480389825833,1.6349338748326068
4,0.12,20.0,15.0,0.9659258262890683,320.0,50.0,0.5,89.89379743803187,0.0938,0.1669,0.2401,0.3428,0.2555,55.86634623006706,137.11195647100382,70.03374875083045,6.38181172852467,3.80114651730827,0.5555324804408186,0.46657292901319225,0.4794827457073654,0.45793027611746556,0.20880390074659988,20.526831858501183,59.16566838863547,34.777450648021436,3.889640656869359,2.2678590546992137
0,0.12,20.0,15.0,0.9659258262890683,320.0,90.0,0.9,163.54494133649348,0.0145,0.0288,0.4156,0.2031,0.0641,55.47421362504703,137.60857153303482,69.9840200984284,6.259773840517134,3.175183997299966,0.5516331311289558,0.4682628410387191,0.4791422808426486,0.44917338291387954,0.17441863953560574,3.2778843080887095,67.33325628759381,65.90859249200862,1.4866386034529477,0.4882255225451193
1,0.12,20.0,15.0,0.9659258262890683,320.0,90.0,0.9,163.54494133649348,0.0251,0.0472,0.3922,0.2218,0.0897,55.78371229224396,137.16823740453913,69.51784804813487,6.280471158357286,3.1770486984088113,0.5547107722113523,0.46676444520684174,0.4759506559670185,0.4506585299029498,0.17452107096346062,5.500721451977207,65.32679228506666,60.95345347637012,1.7265369023906025,0.663563150900056
2,0.12,20.0,15.0,0.9659258262890683,320.0,90.0,0.9,163.54494133649348,0.0407,0.0745,0.3575,0.2494,0.1275,56.0788172234451,136.82075354007037,68.88827150004244,6.28834411310129,3.1810742963917273,0.5576452826184828,0.46558200591706106,0.47164028993211815,0.4512234579348545,0.17474220439197832,8.817234181556739,62.63609186111986,53.82424045173756,2.131577991780746,0.9673338677601404
3,0.12,20.0,15.0,0.9659258262890683,320.0,90.0,0.9,163.54494133649348,0.0673,0.1207,0.2988,0.2961,0.1916,56.5481000895943,136.32336563433026,67.94580156460896,6.3303699374715645,3.183560740883322,0.562311810720869,0.463889464011819,0.4651877141318983,0.4542390431912991,0.17487878931615078,14.664418014654066,59.5114083384674,42.939499375283376,2.8527068133180635,1.4818316426384426
4,0.12,20.0,15.0,0.9659258262890683,320.0,90.0,0.9,163.54494133649348,0.0938,0.1669,0.2401,0.3428,0.2555,57.1809406390048,135.55729963227083,66.97569542719998,6.38180009130064,3.187755811402945,0.5686047492046163,0.4612826478916371,0.4585459283830395,0.4579294410823,0.17510923217974883,20.976712910315555,58.1567065719582,33.27843452797532,3.6236690889485246,2.034430610042479
0,0.12,20.0,30.0,0.8660254037844387,270.0,50.0,0.5,3.5027922523960817,0.0145,0.0288,0.4156,0.2031,0.0641,50.26606323666735,138.6139246495954,78.61843313392077,5.939377888413965,4.533335834505601,0.4998435136041174,0.4716839179481235,0.5382573809718596,0.4261832019034096,0.24902439338471447,2.7293439500441865,71.17169216469112,69.96722273054363,1.870226463546824,0.6022411243644223
1,0.12,20.0,30.0,0.8660254037844387,270.0,50.0,0.5,3.5027922523960817,0.0251,0.0472,0.3922,0.2218,0.0897,50.38794331123759,138.16079958416617,78.05828138853548,5.95787039067199,4.535158095199662,0.5010554836847002,0.47014199633582915,0.5344223285624035,0.4275101411841893,0.24912449348329385,4.440683146739868,68.35264910858663,64.81495384539019,2.1544941932788775,0.8188309376843065
2,0.12,20.0,30.0,0.8660254037844387,270.0,50.0,0.5,3.5027922523960817,0.0407,0.0745,0.3575,0.2494,0.1275,50.603971617077946,137.5161807209362,77.39313991869639,5.977762970092317,4.53933989045028,0.503203659620436,0.46794844794766965,0.5298684689742647,0.42893754374229404,0.24935420711218886,7.21569043691089,64.72171189278446,57.467222542776575,2.621812282788443,1.18675980492123
3,0.12,20.0,30.0,0.8660254037844387,270.0,50.0,0.5,3.5027922523960817,0.0673,0.1207,0.2988,0.2961,0.1916,51.03854535585086,136.86310693482386,76.1808767092332,6.017874318672851,4.547181358904318,0.5075250416925828,0.465726128632194,0.5215687662943258,0.4318157547758204,0.24978495325505107,12.087138604431765,59.41648091941709,45.63631618858204,3.4531743868803346,1.8313768227373797
4,0.12,20.0,30.0,0.8660254037844387,270.0,50.0,0.5,3.5027922523960817,0.0938,0.1669,0.2401,0.3428,0.2555,51.5434356791649,136.07145039906766,75.23090734361523,6.072177753369808,4.551337804814771,0.512545648776965,0.46303223148298134,0.5150648460003405,0.43571232645526314,0.2500132743985253,17.362917000132683,56.001299454712374,35.231914593631615,4.364697296388023,2.53527006824892
0,0.12,20.0,30.0,0.8660254037844387,270.0,90.0,0.9,6.307579202674779,0.0145,0.0288,0.4156,0.2031,0.0641,50.67727342998645,138.65722206335374,78.15481276751197,5.977190464071733,4.513166114246942,0.5039325696117601,0.47183125302870926,0.5350832260791599,0.42889646326997094,0.24791643391832746,2.7768684614195163,70.88274087981752,69.64321508481873,1.7803565938525665,0.5889580746268303
1,0.12,20.0,30.0,0.8660254037844387,270.0,90.0,0.9,6.307579202674779,0.0251,0.0472,0.3922,0.2218,0.0897,50.74880003099341,138.223671816875,77.68742270946899,5.993458140160465,4.514978715230005,0.5046438269743101,0.47035594180436135,0.5318832621711288,0.43006375897219384,0.24801600339138968,4.494136929312035,67.86613131877724,64.28846894840413,2.0603095578706374,0.8017830151767293
2,0.12,20.0,30.0,0.8660254037844387,270.0,90.0,0.9,6.307579202674779,0.0407,0.0745,0.3575,0.2494,0.1275,51.00167230857477,137.51279063343188,76.97419584630612,5.99964088704021,4.5213427710298095,0.5071583777383958,0.4679369119511219,0.5270001882137673,0.4305074052447955,0.24836559256652868,7.370179298873964,64.20131699890294,56.794111354007825,2.5185413439032844,1.1551425217801485
3,0.12,20.0,30.0,0.8660254037844387,270.0,90.0,0.9,6.307579202674779,0.0673,0.1207,0.2988,0.2961,0.1916,51.45495906724433,136.82930043841029,75.74257741214716,6.048154719805597,4.527002597193468,0.5116658412542245,0.4656110898240745,0.5185679709041471,0.4339885409753393,0.24867649712522916,12.166739305744324,58.91462143009113,45.03848497523168,3.32947138443849,1.7688190059482627
4,0.12,20.0,30.0,0.8660254037844387,270.0,90.0,0.9,6.307579202674779,0.0938,0.1669,0.2401,0.3428,0.2555,51.96307848751228,136.21344658095208,74.74391763172117,6.102067078911212,4.533538846658896,0.5167185583361532,0.4635154247521585,0.5117306939899866,0.4378570508188732,0.2490355452120155,17.48236632394237,55.73171738449727,34.78807683146048,4.206893324582211,2.4509313003168685
0,0.12,20.0,30.0,0.8660254037844387,285.0,50.0,0.5,10.524269951667252,0.0145,0.0288,0.4156,0.2031,0.0641,50.28546067560028,136.67174625909044,76.46818383720615,5.926964341192833,4.416748685406986,0.5000364008804793,0.4650749548522198,0.5235358009460319,0.425292461256649,0.2426200489591923,2.7416220073038398,68.16234623786463,66.95337819535533,1.6812929513271109,0.5582939009773962
1,0.12,20.0,30.0,0.8660254037844387,285.0,50.0,0.5,10.524269951667252,0.0251,0.0472,0.3922,0.2218,0.0897,50.37190368894761,136.29014469620068,75.9351969339538,5.935156180141531,4.416765944472702,0.5008959863887898,0.4637764177771461,0.519886731342365,0.42588027099332926,0.24262099703110385,4.430750662242416,65.48133677111251,61.9361957716098,1.962053509636176,0.7714708309828933
2,0.12,20.0,30.0,0.8660254037844387,285.0,50.0,0.5,10.524269951667252,0.0407,0.0745,0.3575,0.2494,0.1275,50.62240598397442,135.8130282323191,75.27628041396312,5.960748558887715,4.425565472255981,0.5033869701509865,0.4621528567707745,0.5153754905786992,0.4277166656668607,0.24310437111771438,7.24247898326721,62.13826497346308,54.841393524901875,2.396294254166846,1.1100251906826069
3,0.12,20.0,30.0,0.8660254037844387,285.0,50.0,0.5,10.524269951667252,0.0673,0.1207,0.2988,0.2961,0.1916,51.05399684182359,135.0871917626862,74.20977778740712,5.99810893796872,4.432895812084205,0.5076786905869204,0.4596829361574482,0.5080737308299164,0.43039747942887563,0.2435070400343062,12.096757605764857,57.50013808906516,43.69871014186698,3.179180309216424,1.71385099034574
4,0.12,20.0,30.0,0.8660254037844387,285.0,50.0,0.5,10.524269951667252,0.0938,0.1669,0.2401,0.3428,0.2555,51.55652383939142,134.5331612809398,73.24092370878307,6.065721936296172,4.446142564626273,0.5126757968644217,0.45779764743949697,0.5014405172422611,0.43524908588646344,0.2442347082760891,17.38173106683437,54.56246890065701,33.77675922846839,4.015545674348803,2.373580794910716
0,0.12,20.0,30.0,0.8660254037844387,285.0,90.0,0.9,18.966876247123928,0.0145,0.0288,0.4156,0.2031,0.0641,50.881410993705934,136.66473551629093,75.49302062709698,5.985571019338082,4.34085728061286,0.5059625045328164,0.4650510982689814,0.5168593921883127,0.4294978144458422,0.2384511958823648,2.7894447202927943,67.13414496682763,65.87462057346139,1.577920503840521,0.5332998490304168
1,0.12,20.0,30.0,0.8660254037844387,285.0,90.0,0.9,18.966876247123928,0.0251,0.0472,0.3922,0.2218,0.0897,50.9821759920971,136.27860566919094,74.91616261563739,5.992650531370783,4.3487561470048455,0.5069645072280944,0.4637371520721816,0.5129099611189862,0.430005808576321,0.2388850949984901,4.51721844729907,64.51293951342953,60.93121404816406,1.831247430353422,0.7348532385028552
2,0.12,20.0,30.0,0.8660254037844387,285.0,90.0,0.9,18.966876247123928,0.0407,0.0745,0.3575,0.2494,0.1275,51.24369290862461,135.5877417939329,74.34409478551092,6.009146706143986,4.353162559939987,0.5095650199002042,0.46138623833624703,0.508993325799409,0.43118950032250813,0.239127147285864,7.420684592120873,61.398585257871595,53.96514380263584,2.255565584268172,1.0653913376771431
3,0.12,20.0,30.0,0.8660254037844387,285.0,90.0,0.9,18.966876247123928,0.0673,0.1207,0.2988,0.2961,0.1916,51.59520799949897,134.9217622883059,73.14377510845485,6.043853525994363,4.36617675307037,0.5130604704446451,0.4591200026511858,0.5007753939487368,0.43367990653838007,0.23984204061563175,12.257995143287477,56.72960854152106,42.7795624480821,3.0184976446345217,1.644435370968116
4,0.12,20.0,30.0,0.8660254037844387,285.0,90.0,0.9,18.966876247123928,0.0938,0.1669,0.2401,0.3428,0.2555,52.19286069896101,134.35123703700776,72.32223569624584,6.107377425118409,4.371885844494766,0.5190035025020309,0.4571785845252585,0.4951507632514101,0.4382380975197767,0.24015565140482517,17.54507303603539,54.0994795905346,33.12564958741723,3.8350296730356517,2.2779766005306263
0,0.12,20.0,30.0,0.8660254037844387,300.0,50.0,0.5,28.115555280876997,0.0145,0.0288,0.4156,0.2031,0.0641,50.26182904274432,133.78334894768489,73.14291564995749,5.905326919342478,4.199716310244928,0.4998014089666843,0.45524614029496185,0.500769509706818,0.4237398566070766,0.2306980653377275,2.7234096725963983,64.29789506535525,63.09509196855377,1.5021259132830087,0.5118127951994711
1,0.12,20.0,30.0,0.8660254037844387,300.0,50.0,0.5,28.115555280876997,0.0251,0.0472,0.3922,0.2218,0.0897,50.31858703717177,133.42136938614215,72.68775023675079,5.907460990932625,4.20053614787294,0.500365807957434,0.4540143741629716,0.49765324125099314,0.42389298804280395,0.23074310051170152,4.457695667573441,61.83737751098063,58.24200716077911,1.7557886979521218,0.6997737145333772
2,0.12,20.0,30.0,0.8660254037844387,300.0,50.0,0.5,28.115555280876997,0.0407,0.0745,0.3575,0.2494,0.1275,50.633396505855416,132.9280430672867,72.0396564191727,5.929131834404485,4.203216686359443,0.5034962594153453,0.45233565327332864,0.49321609760709206,0.42544799087850516,0.2308903473724933,7.227884685885633,58.93749392673314,51.666981332468936,2.1831141392985303,1.019449916543459
3,0.12,20.0,30.0,0.8660254037844387,300.0,50.0,0.5,28.115555280876997,0.0673,0.1207,0.2988,0.2961,0.1916,51.06721732345237,132.41464547759364,71.03417272280282,5.962361583643303,4.210478315899822,0.5078101544725594,0.4505886326389753,0.48633210107543845,0.42783240911137643,0.2312892419078404,12.138510932482253,54.99449815998543,41.14852576962113,2.900846846876213,1.565075104408757
4,0.12,20.0,30.0,0.8660254037844387,300.0,50.0,0.5,28.115555280876997,0.0938,0.1669,0.2401,0.3428,0.2555,51.56460069374335,131.59965007927565,70.17824917760109,6.029375364589296,4.221602463126457,0.5127561127475083,0.4478153165846171,0.48047206103918316,0.432641018408813,0.23190031157401197,17.335758383911404,52.59560970215073,31.888990829693842,3.6861185018440383,2.1738277244126767
0,0.12,20.0,30.0,0.8660254037844387,300.0,90.0,0.9,50.77481736061284,0.0145,0.0288,0.4156,0.2031,0.0641,51.1155019059118,133.46555330552545,71.38855970292634,5.950078908597175,3.9969750623216815,0.508290294228796,0.45416472589897283,0.48875839475960386,0.4269510592667556,0.21956111936212616,2.7702918080860126,62.565725462792614,61.30596231361117,1.4213475435386176,0.49205283643392916
1,0.12,20.0,30.0,0.8660254037844387,300.0,90.0,0.9,50.77481736061284,0.0251,0.0472,0.3922,0.2218,0.0897,51.28397579404621,132.89640974698543,71.04187728938118,5.958241334096264,3.9981970275400456,0.5099655911343676,0.45222800948144315,0.486384850025814,0.42753675842580147,0.21962824413698273,4.50698479309857,60.55797729040246,56.945449033395924,1.673585961112952,0.6703975898451766
2,0.12,20.0,30.0,0.8660254037844387,300.0,90.0,0.9,50.77481736061284,0.0407,0.0745,0.3575,0.2494,0.1275,51.5295110206298,132.42569405152074,70.34823403076882,5.969546381459869,4.006022685422597,0.5124071825872585,0.4506262294002736,0.4816358542899987,0.4283479580789654,0.2200581217763593,7.398839113553919,57.658051105393874,50.2433463235232,2.058320606738641,0.9666193165442101
3,0.12,20.0,30.0,0.8660254037844387,300.0,90.0,0.9,50.77481736061284,0.0673,0.1207,0.2988,0.2961,0.1916,51.95945207971161,131.86064806966272,69.39682781473527,6.017513097162994,4.0153230709913075,0.5166824974970874,0.4487034564666208,0.4751220966676579,0.43178983513531943,0.22056900889327302,12.25955352301016,53.75057252478861,39.80025884235975,2.756805656492665,1.4950714796118907
4,0.12,20.0,30.0,0.8660254037844387,300.0,90.0,0.9,50.77481736061284,0.0938,0.1669,0.2401,0.3428,0.2555,52.52261863791651,131.21860325538276,68.56710365517895,6.0603794922133325,4.019206109496269,0.5222826008883579,0.44651866720923983,0.46944142948505074,0.43486573598551576,0.22078231127004103,17.518182567943125,51.69913010927958,30.774643661779503,3.504929890343524,2.055392996496398
0,0.12,20.0,30.0,0.8660254037844387,320.0,50.0,0.5,89.89379743803187,0.0145,0.0288,0.4156,0.2031,0.0641,50.22283687499713,128.03591776013008,66.96133599720847,5.816345141088869,3.5984787901094775,0.49941367257209074,0.4356884308690423,0.45844761722532007,0.4173549220432802,0.19767099339828686,2.711058557310794,58.293845050257474,57.065901171328285,1.3355162123642526,0.4538370657260129
1,0.12,20.0,30.0,0.8660254037844387,320.0,50.0,0.5,89.89379743803187,0.0251,0.0472,0.3922,0.2218,0.0897,50.3277557261269,127.6504569567733,66.6443158811953,5.8311859876670304,3.599686451538763,0.500456980995611,0.4343767613351021,0.4562771540074896,0.41841983483927797,0.19773733243995964,4.454934469185431,56.347090321199076,52.74075259575706,1.5562165915423194,0.6099149319374291
2,0.12,20.0,30.0,0.8660254037844387,320.0,50.0,0.5,89.89379743803187,0.0407,0.0745,0.3575,0.2494,0.1275,50.5604061519613,127.27493822871205,66.04042034449664,5.852520895453951,3.593390433544724,0.5027704465587094,0.4330989233014227,0.4521426118014612,0.41995073243221964,0.19739148070540008,7.217010055606118,53.97423319991105,46.70031613693525,1.9124238141824934,0.8765058889523899
3,0.12,20.0,30.0,0.8660254037844387,320.0,50.0,0.5,89.89379743803187,0.0673,0.1207,0.2988,0.2961,0.1916,51.015724268528686,126.7005923467957,65.17989339551302,5.889712427657108,3.591743421995345,0.5072981098077907,0.43114450410057753,0.4462510547791198,0.42261943049720635,0.19730100736149736,12.14034439257763,50.93270498115866,37.118608231691674,2.5496648070526153,1.3448148321885744
4,0.12,20.0,30.0,0.8660254037844387,320.0,50.0,0.5,89.89379743803187,0.0938,0.1669,0.2401,0.3428,0.2555,51.50804805923006,126.19967763441169,64.42334329887396,5.938241450080966,3.597948695126972,0.5121937558466784,0.42943996096256,0.4410713703545106,0.4261016561697279,0.19764187431550242,17.275318727273024,49.47918980574517,28.90561736218332,3.2371885307050645,1.8581977428025256
0,0.12,20.0,30.0,0.8660254037844387,320.0,90.0,0.9,163.54494133649348,0.0145,0.0288,0.4156,0.2031,0.0641,51.374313436126684,126.43516306330659,64.28658389064728,5.826094048689864,2.998848308754048,0.5108639046588545,0.4302412851441069,0.44013505353972543,0.4180544600646877,0.16473219902573072,2.77786229319072,55.85446202732303,54.578042040142606,1.2183648308162502,0.3975414607560681
1,0.12,20.0,30.0,0.8660254037844387,320.0,90.0,0.9,163.54494133649348,0.0251,0.0472,0.3922,0.2218,0.0897,51.514254098527935,125.98848102083143,63.786438938513776,5.842692946243686,2.9998226021873458,0.512255468427463,0.4287212882433311,0.4367108347997882,0.4192455227383314,0.16478571873838008,4.540274903648675,54.074315848826906,50.43611181421916,1.4243537486790527,0.5440142341504349
2,0.12,20.0,30.0,0.8660254037844387,320.0,90.0,0.9,163.54494133649348,0.0407,0.0745,0.3575,0.2494,0.1275,51.75392819263712,125.66551810093203,63.31574644999178,5.858975564396704,2.9951927680400905,0.5146387770377945,0.4276222903194558,0.43348826095780624,0.42041389061628043,0.16453139351693574,7.359334986969227,52.066899211747916,44.67528874574123,1.7702937145230944,0.7853694059572544
3,0.12,20.0,30.0,0.8660254037844387,320.0,90.0,0.9,163.54494133649348,0.0673,0.1207,0.2988,0.2961,0.1916,52.243614573689555,125.13826035893752,62.38729957886474,5.908229438280547,2.996686814727844,0.5195081967915736,0.42582810551341166,0.42713169340356516,0.4239481283887096,0.16461346422241369,12.31613256412998,49.34890430306537,35.369567384775806,2.3468812484957096,1.1945649261952784
4,0.12,20.0,30.0,0.8660254037844387,320.0,90.0,0.9,163.54494133649348,0.0938,0.1669,0.2401,0.3428,0.2555,52.76445578309244,124.74797247780728,61.71984653073167,5.956270791242267,3.0024134188887603,0.5246874187829995,0.4245000101047826,0.42256200770405733,0.42739536108103204,0.1649280370181179,17.58277845119536,48.38930532884977,27.52872091155895,3.0241520452910784,1.6651033966158217
0,0.12,20.0,45.0,0.7071067811865476,270.0,50.0,0.5,3.5027922523960817,0.0145,0.0288,0.4156,0.2031,0.0641,43.0974786968407,116.66767083925485,66.50328464709145,5.187913452796507,4.081455898692216,0.42855942542946784,0.39700386680814176,0.45531159033904733,0.3722614738529473,0.22420180555829897,1.9572253670494555,51.22598592428389,50.44919457408489,1.308705667156938,0.42904604223084425
1,0.12,20.0,45.0,0.7071067811865476,270.0,50.0,0.5,3.5027922523960817,0.0251,0.0472,0.3922,0.2218,0.0897,43.25818472942068,116.36457192914675,66.14570025098622,5.199699730325273,4.085453542504071,0.4301574791223529,0.39597246334844605,0.452863405697716,0.3731072044311498,0.2244214034132909,3.2157812156957886,49.12088250408002,46.63299875464797,1.52290389067889,0.5917737201572383
2,0.12,20.0,45.0,0.7071067811865476,270.0,50.0,0.5,3.5027922523960817,0.0407,0.0745,0.3575,0.2494,0.1275,43.43423868938979,115.90741167454675,65.7028999086483,5.208940950065479,4.090906691882521,0.43190815192759235,0.3944168105483035,0.44983179411428165,0.3737703130415746,0.22472095483978538,5.120221255169853,46.18182922445381,41.087007339433725,1.8434898092667962,0.8467001142224482
3,0.12,20.0,45.0,0.7071067811865476,270.0,50.0,0.5,3.5027922523960817,0.0673,0.1207,0.2988,0.2961,0.1916,43.780463068740524,115.4870111017996,64.88664336396758,5.227351652205845,4.0948464593765195,0.4353509918702246,0.39298624583583114,0.44424333231941765,0.37509138271164516,0.22493737344323453,8.668580434326614,42.54090600799702,32.70112991500679,2.3747841664433307,1.26039446016725
4,0.12,20.0,45.0,0.7071067811865476,270.0,50.0,0.5,3.5027922523960817,0.0938,0.1669,0.2401,0.3428,0.2555,44.060581476451304,115.08159313430365,64.18140369381044,5.256238181568215,4.096659867507695,0.4381364769494144,0.3916066648464142,0.4394149423008883,0.37716415090501887,0.2250369872544125,12.412160404409303,39.974587578354075,25.17461868023819,2.9992776904508527,1.7761188412425697
0,0.12,20.0,45.0,0.7071067811865476,270.0,90.0,0.9,6.307579202674779,0.0145,0.0288,0.4156,0.2031,0.0641,43.39687335024412,116.90832769409104,66.1302070333567,5.227966570265653,4.051478200286178,0.4315365926447887,0.3978227886333275,0.45275733211660185,0.3751355064822758,0.22255507599023738,1.9795873938471709,51.0050914689588,50.19969879582037,1.2351376663761093,0.41337406350405215
1,0.12,20.0,45.0,0.7071067811865476,270.0,90.0,0.9,6.307579202674779,0.0251,0.0472,0.3922,0.2218,0.0897,43.54945814781281,116.61559599436256,65.81273624673979,5.235361668449859,4.058978291197329,0.43305388913527,0.396826663349489,0.4505837834038158,0.37566614566397916,0.22296706964296073,3.250895877404872,48.76476010692081,46.234572877914346,1.4372130517998531,0.5681157705498512
2,0.12,20.0,45.0,0.7071067811865476,270.0,90.0,0.9,6.307579202674779,0.0407,0.0745,0.3575,0.2494,0.1275,43.72570514428138,116.19865033362962,65.26431144316044,5.241728683005356,4.066734074327535,0.43480648148693757,0.3954078552223608,0.4468290189463279,0.3761230141611194,0.22339310893493688,5.177606070827732,45.820028202007926,40.65829357680951,1.7551134369331933,0.8116338714300364
3,0.12,20.0,45.0,0.7071067811865476,270.0,90.0,0.9,6.307579202674779,0.0673,0.1207,0.2988,0.2961,0.1916,44.04572408708461,115.63371429424923,64.5428540982139,5.262956452429378,4.0739322859632034,0.4379887357254982,0.3934854564076771,0.44188959538503225,0.3776462239841624,0.22378851980928316,8.802643625273301,42.27887580693847,32.27144465785386,2.299235685674567,1.2386759509747591
4,0.12,20.0,45.0,0.7071067811865476,270.0,90.0,0.9,6.307579202674779,0.0938,0.1669,0.2401,0.3428,0.2555,44.36908414550845,115.31826431667095,63.78072478594304,5.292725149514907,4.081780131504986,0.44120421387028164,0.39241202398220537,0.4366717131246976,0.3797822925891171,0.22421961625718892,12.550218232164115,39.90270370869493,24.957341989733663,2.8804097235324035,1.7248712094894167
0,0.12,20.0,45.0,0.7071067811865476,285.0,50.0,0.5,10.524269951667252,0.0145,0.0288,0.4156,0.2031,0.0641,43.130680690624246,115.14428567771186,64.57776270202545,5.1786843817411725,3.976544281984985,0.42888958458980014,0.3918199988572336,0.4421285954885956,0.3715992369778312,0.21843881939021662,1.9723163683210765,49.03930215374199,48.23304970682791,1.171918227169623,0.3967241736501031
1,0.12,20.0,45.0,0.7071067811865476,285.0,50.0,0.5,10.524269951667252,0.0251,0.0472,0.3922,0.2218,0.0897,43.2691942482482,114.80974526391832,64.2596706491758,5.191444474509581,3.9820614620562447,0.4302669572915091,0.39068160433093313,0.43995079330595527,0.37251484418363523,0.2187418881392782,3.2268038531654684,47.017868532179236,44.50991434110264,1.3771967209011229,0.5516969750117874
2,0.12,20.0,45.0,0.7071067811865476,285.0,50.0,0.5,10.524269951667252,0.0407,0.0745,0.3575,0.2494,0.1275,43.44621601943523,114.29593445363955,63.77675456475981,5.2042357365608805,3.986810305786241,0.4320272539687711,0.3889331775643652,0.4366445311933009,0.3734326879578195,0.21900275077383968,5.160449299320716,44.44272640951956,39.310458786043455,1.6819154118357629,0.7868285343229596
3,0.12,20.0,45.0,0.7071067811865476,285.0,50.0,0.5,10.524269951667252,0.0673,0.1207,0.2988,0.2961,0.1916,43.799467580232644,113.9346715494812,63.09497378604076,5.221402842597069,3.995946877423192,0.43553997189346266,0.38770385011783703,0.4319767513645531,0.3746645227316584,0.2195046392931481,8.68178536149059,41.0341061362169,31.176548469546024,2.1808343432352917,1.172401788936456
4,0.12,20.0,45.0,0.7071067811865476,285.0,50.0,0.5,10.524269951667252,0.0938,0.1669,0.2401,0.3428,0.2555,44.09999287888279,113.50278298421706,62.425362865256666,5.249003041329341,3.9992615544466683,0.4385283821951996,0.38623419336368514,0.427392291892085,0.37664498959028947,0.21968672053865268,12.384202389101695,38.836844491555205,24.101978336080805,2.7345271548223957,1.6260771003130148
0,0.12,20.0,45.0,0.7071067811865476,285.0,90.0,0.9,18.966876247123928,0.0145,0.0288,0.4156,0.2031,0.0641,43.64851763714536,115.19739759726852,63.82270981976181,5.22468774814249,3.9055648402781644,0.43403893232376645,0.39200073133681357,0.43695916167133564,0.374900232866558,0.2145397893913164,2.0161709088471813,48.28386257055064,47.480007861513144,1.113793022342664,0.3741477508588586
1,0.12,20.0,45.0,0.7071067811865476,285.0,90.0,0.9,18.966876247123928,0.0251,0.0472,0.3922,0.2218,0.0897,43.796481225767465,114.89180281104971,63.46622570437437,5.242413688663207,3.912992208468462,0.43551027571650697,0.39096083475764526,0.4345185100498557,0.3761721671044191,0.21494778825254252,3.287646366334502,46.3526806829829,43.800146549011686,1.3076879262951477,0.5231739103027391
2,0.12,20.0,45.0,0.7071067811865476,285.0,90.0,0.9,18.966876247123928,0.0407,0.0745,0.3575,0.2494,0.1275,43.97954703183227,114.61155074078887,63.10185721413772,5.243115552618337,3.912949026707727,0.4373306740097525,0.3900071759181898,0.4320238784291852,0.3762225297237569,0.2149454161997838,5.2117896935026105,43.79544008355028,38.61395324620662,1.5928736458184987,0.7656812537908441
3,0.12,20.0,45.0,0.7071067811865476,285.0,90.0,0.9,18.966876247123928,0.0673,0.1207,0.2988,0.2961,0.1916,44.32945371318604,114.09647828506641,62.2713219545449,5.263356978389149,3.9123985433355983,0.44081013060093116,0.38825445594754837,0.4263376580885723,0.3776749639362563,0.21491517714562652,8.833179199203816,40.53880119135387,30.540668453084702,2.092675324423163,1.1578908640877426
4,0.12,20.0,45.0,0.7071067811865476,285.0,90.0,0.9,18.966876247123928,0.0938,0.1669,0.2401,0.3428,0.2555,44.70029116279044,113.68553998903488,61.58588909638403,5.295864968414136,3.924346263142006,0.44449772182751124,0.3868560900474624,0.4216448744708008,0.38000759195497846,0.21557148715347435,12.583610383342695,38.687693312166736,23.719518623231572,2.634020599900908,1.6091644451254927
0,0.12,20.0,45.0,0.7071067811865476,300.0,50.0,0.5,28.115555280876997,0.0145,0.0288,0.4156,0.2031,0.0641,43.11372165611857,112.58315906377129,61.69150559797984,5.160722689463506,3.7759469662500575,0.4287209446994085,0.38310484099211634,0.4223679728495173,0.37031038624795387,0.20741964351419415,1.9809850861889984,46.24439890631148,45.441273276089234,1.0623495550272484,0.3720956632896943
1,0.12,20.0,45.0,0.7071067811865476,300.0,50.0,0.5,28.115555280876997,0.0251,0.0472,0.3922,0.2218,0.0897,43.253189489315034,112.36998691233897,61.438982633819805,5.175048107440314,3.7810456570490247,0.43010780667527976,0.3823794457921809,0.42063908632881425,0.3713383141920354,0.20769972388538674,3.2360977518480407,44.436504536874246,41.93279290760675,1.243682514646337,0.5118188316182031
2,0.12,20.0,45.0,0.7071067811865476,300.0,50.0,0.5,28.115555280876997,0.0407,0.0745,0.3575,0.2494,0.1275,43.4237193118021,111.91636471351403,60.98099734941254,5.180109501958079,3.789347400548626,0.4318035477012856,0.38083583250404346,0.4175035117582961,0.37170149723278545,0.20815575377474285,5.154300168735196,42.20423554130346,37.07030611688953,1.520497607444767,0.7291569393270623
3,0.12,20.0,45.0,0.7071067811865476,300.0,50.0,0.5,28.115555280876997,0.0673,0.1207,0.2988,0.2961,0.1916,43.782732086525925,111.44737970132951,60.30315222143746,5.196615164789229,3.7894048435626635,0.43537355488290663,0.37923994169750763,0.41286267717606906,0.37288586979958904,0.20815890922411767,8.716903897033278,39.2773931485137,29.407591832790317,1.984828970092981,1.0972185663219036
4,0.12,20.0,45.0,0.7071067811865476,300.0,50.0,0.5,28.115555280876997,0.0938,0.1669,0.2401,0.3428,0.2555,44.086508511692635,111.11543910158132,59.66966352765215,5.2215235613266255,3.7950491082396263,0.43839429424318865,0.37811039397702373,0.4085255268208676,0.3746731849679496,0.20846895896201376,12.415824690082987,37.44194978996659,22.67579330889884,2.519862161373562,1.5273053446613116
0,0.12,20.0,45.0,0.7071067811865476,300.0,90.0,0.9,50.77481736061284,0.0145,0.0288,0.4156,0.2031,0.0641,43.8825900651464,112.31664835012404,60.350871506707364,5.207113376987326,3.5781384400900604,0.43636653821362936,0.38219794207913865,0.41318938500383096,0.37363917456869195,0.19655366092839485,2.004273612808213,44.779421754097264,43.95354024679273,0.9942081744100362,0.3450018979045242
1,0.12,20.0,45.0,0.7071067811865476,300.0,90.0,0.9,50.77481736061284,0.0251,0.0472,0.3922,0.2218,0.0897,44.05672902787248,112.12745238357194,59.98438910280255,5.2134678996339705,3.58054014214431,0.4380981683708302,0.3815541345036092,0.41068028057329553,0.37409514670230504,0.19668559079615316,3.2532301504279975,43.152263446084305,40.62824998714424,1.1673220883269424,0.4760730345366767
2,0.12,20.0,45.0,0.7071067811865476,300.0,90.0,0.9,50.77481736061284,0.0407,0.0745,0.3575,0.2494,0.1275,44.22354066611023,111.86323393088655,59.575602454830616,5.224220876322441,3.584369484860851,0.43975693593681686,0.38065503583605553,0.4078815421382668,0.3748667322321675,0.19689594356547382,5.192628088216884,41.16777366922989,36.004482304517644,1.432048611612374,0.6809172661448004
3,0.12,20.0,45.0,0.7071067811865476,300.0,90.0,0.9,50.77481736061284,0.0673,0.1207,0.2988,0.2961,0.1916,44.58565671617513,111.37287573553752,58.92806336976926,5.240630560596563,3.586004482155713,0.4433578019514215,0.3789864150581294,0.40344819644428276,0.37604421780684555,0.19698575694449585,8.864296010327637,38.61680095175366,28.60476884255588,1.8973206188683354,1.0355145239662866
4,0.12,20.0,45.0,0.7071067811865476,300.0,90.0,0.9,50.77481736061284,0.0938,0.1669,0.2401,0.3428,0.2555,44.97406300572137,110.8781700814891,58.297612541847606,5.2784748521573555,3.5923239401028177,0.4472200969467278,0.3773030004825554,0.3991318446939165,0.37875975496480396,0.19733289627836556,12.599803817732743,37.00725846010368,22.081747437610673,2.4222296166849513,1.4507235358741637
0,0.12,20.0,45.0,0.7071067811865476,320.0,50.0,0.5,89.89379743803187,0.0145,0.0288,0.4156,0.2031,0.0641,43.0886046680112,107.55394106232251,56.43765866281496,5.0866487610079645,3.214206775365353,0.42847118247857113,0.3659911112053339,0.3863977585038343,0.3649951723316397,0.1765622318020232,2.0031680273215624,41.81684657774117,40.95960560819414,0.933562781680489,0.31256064152906793
1,0.12,20.0,45.0,0.7071067811865476,320.0,50.0,0.5,89.89379743803187,0.0251,0.0472,0.3922,0.2218,0.0897,43.21097622462844,107.37659514719701,56.19155481940342,5.099722272726173,3.215540153852604,0.42968803983493054,0.36538762770762645,0.3847128201894805,0.36593326907996354,0.17663547671064272,3.230722113619164,40.2994716555009,37.78083619563383,1.0884636972468262,0.4273759636071654
2,0.12,20.0,45.0,0.7071067811865476,320.0,50.0,0.5,89.89379743803187,0.0407,0.0745,0.3575,0.2494,0.1275,43.45464286634992,107.18809781663457,55.76368634344936,5.105956581275635,3.218078135894235,0.43211105016244983,0.36474619749325793,0.38178343892242894,0.36638061518744836,0.17677489268629754,5.180715678503139,38.68425966207467,33.53539573833469,1.3449030092895184,0.6184335154358288
3,0.12,20.0,45.0,0.7071067811865476,320.0,50.0,0.5,89.89379743803187,0.0673,0.1207,0.2988,0.2961,0.1916,43.712390335553465,106.73947813730658,55.1366807336798,5.1242995765143995,3.220212563826629,0.4346740796167893,0.3632196070836077,0.3774906746950583,0.36769682651298224,0.1768921406997895,8.694368857626129,36.36577425115941,26.56077202604598,1.759090754984332,0.9235136827796431
4,0.12,20.0,45.0,0.7071067811865476,320.0,50.0,0.5,89.89379743803187,0.0938,0.1669,0.2401,0.3428,0.2555,44.06155159614988,106.34681527780822,54.64250825277623,5.146828234332161,3.2278169969891195,0.43814612377686674,0.361883429953719,0.37410734619668407,0.3693133822707981,0.17730986606240437,12.346353710142715,35.223594724058906,20.5604226225159,2.232104678540831,1.2862958716134023
0,0.12,20.0,45.0,0.7071067811865476,320.0,90.0,0.9,163.54494133649348,0.0145,0.0288,0.4156,0.2031,0.0641,44.16416523474866,106.46958468032807,54.158956299074624,5.0998911365332935,2.662665285560212,0.43916650926875267,0.36230119716528236,0.3707967306350652,0.3659453859917608,0.14626505331376638,2.008647802514904,40.02734463488753,39.14619810526277,0.8752168495120578,0.2867378000452062
1,0.12,20.0,45.0,0.7071067811865476,320.0,90.0,0.9,163.54494133649348,0.0251,0.0472,0.3922,0.2218,0.0897,44.3067080839226,106.28847724680261,53.880144779271404,5.120748503734624,2.6632980570591487,0.44058394906774356,0.36168491374331907,0.36888786076254526,0.3674420174073974,0.14629981260459024,3.2578952633785656,38.70451814194192,36.13655206056255,1.0340591210812204,0.39731197782605704
2,0.12,20.0,45.0,0.7071067811865476,320.0,90.0,0.9,163.54494133649348,0.0407,0.0745,0.3575,0.2494,0.1275,44.502134822743045,105.86534760741728,53.582755474688355,5.121645216897772,2.6608303121356633,0.4425272639305822,0.3602450623964231,0.3668517989659276,0.3675063615347184,0.14616425488174925,5.236888125584375,37.19241657450707,31.982891078625926,1.2659203004855972,0.5694298530717641
3,0.12,20.0,45.0,0.7071067811865476,320.0,90.0,0.9,163.54494133649348,0.0673,0.1207,0.2988,0.2961,0.1916,44.870568140493745,105.62151663050737,52.92289042204939,5.130979952020652,2.6627662063012316,0.4461909485761503,0.35941533947503035,0.36233406411838504,0.3681761803908901,0.14627059707386486,8.858393075867852,35.3869294345983,25.40463815539641,1.6551427943686585,0.845936081535591
4,0.12,20.0,45.0,0.7071067811865476,320.0,90.0,0.9,163.54494133649348,0.0938,0.1669,0.2401,0.3428,0.2555,45.21642311185882,105.27190776830773,52.37951682149914,5.156940768152136,2.6721370805569515,0.44963011514208234,0.35822566911335074,0.35861388248333237,0.37003901248388166,0.14678535626272818,12.547682188188281,34.4161359415152,19.566062056494278,2.1223251143264488,1.1870835347111126
0,0.12,20.0,60.0,0.5000000000000001,270.0,50.0,0.5,3.5027922523960817,0.0145,0.0288,0.4156,0.2031,0.0641,32.27871765773846,84.47460088552674,48.81872156425508,3.960860916077635,3.3417912283073954,0.3209781432994705,0.2874553246617535,0.33423506630829647,0.2842136700547288,0.18357067815567346,1.1216411226102942,29.30761540243015,28.86098307011,0.7394032801992974,0.23407410892277364
1,0.12,20.0,60.0,0.5000000000000001,270.0,50.0,0.5,3.5027922523960817,0.0251,0.0472,0.3922,0.2218,0.0897,32.34180553809837,84.37435303252752,48.63521810154613,3.957945458624611,3.341477026335219,0.3216054863964714,0.2871141951526649,0.3329787185371735,0.2840044698631116,0.1835534184691252,1.8718302523286012,28.10476354937437,26.648543226695004,0.8629777518532581,0.3239440113278539
2,0.12,20.0,60.0,0.5000000000000001,270.0,50.0,0.5,3.5027922523960817,0.0407,0.0745,0.3575,0.2494,0.1275,32.47432715733436,84.11724124668804,48.32634779539294,3.9590317262598727,3.341438306764265,0.3229232755273915,0.2862392794845458,0.33086405260677015,0.28408241557184033,0.1835512915325776,2.971212688417582,26.46887023237877,23.525770664599648,1.0445159968238626,0.46319013753088023
3,0.12,20.0,60.0,0.5000000000000001,270.0,50.0,0.5,3.5027922523960817,0.0673,0.1207,0.2988,0.2961,0.1916,32.6564589255599,83.73088486190605,47.86117294586096,3.971325590796266,3.3408229378774355,0.32473438578960073,0.2849245624115034,0.3276792550189506,0.2849645683242536,0.18351748819893,4.989992878346907,24.218214610709833,18.582536967842405,1.3593695945888888,0.7018072946247166
4,0.12,20.0,60.0,0.5000000000000001,270.0,50.0,0.5,3.5027922523960817,0.0938,0.1669,0.2401,0.3428,0.2555,32.82319463188767,83.56717715052984,47.436748512768546,3.9821011488101856,3.3360655205575935,0.3263923982920268,0.2843674878254151,0.3247734532283242,0.2857377741890676,0.18325615460146427,7.151153729203832,22.76565351808479,14.293420492987295,1.7229684685764861,0.9768672022888838
0,0.12,20.0,60.0,0.5000000000000001,270.0,90.0,0.9,6.307579202674779,0.0145,0.0288,0.4156,0.2031,0.0641,32.52903978950303,84.6640128662284,48.56379453937502,3.9965803269296165,3.3269433487336424,0.3234673355261417,0.2880998673034075,0.3324897204996723,0.2867767352735115,0.18275505709010853,1.1569497735926313,29.056824274145022,28.588884516350856,0.7088073515734117,0.22895456239312792
1,0.12,20.0,60.0,0.5000000000000001,270.0,90.0,0.9,6.307579202674779,0.0251,0.0472,0.3922,0.2218,0.0897,32.632291909382666,84.4158112772228,48.36199363600473,3.995206161287755,3.3285366377335452,0.32449407004769587,0.2872552717965775,0.33110810016718845,0.28667813129104114,0.1828425793565304,1.88684230270277,27.741333687396217,26.282398326768014,0.8192760995639372,0.3140384647017049
2,0.12,20.0,60.0,0.5000000000000001,270.0,90.0,0.9,6.307579202674779,0.0407,0.0745,0.3575,0.2494,0.1275,32.71894879042874,84.26204730131431,48.06013157909811,3.9963910921755916,3.3247572224461726,0.3253557822469605,0.28673203436008515,0.32904141588350955,0.2867631566336443,0.1826349691918205,3.0090997199801093,26.132025100394266,23.148216951462388,0.994602398762331,0.45589000342171376
3,0.12,20.0,60.0,0.5000000000000001,270.0,90.0,0.9,6.307579202674779,0.0673,0.1207,0.2988,0.2961,0.1916,32.918452392619,83.86353675701505,47.58827365739616,4.004565463979015,3.3254906512980087,0.3273396372591572,0.28537595837165985,0.325810862958428,0.2873497130060765,0.18267525777435373,5.049957495207453,24.13436603594355,18.44719057263653,1.3082671461788367,0.6959227057847117
4,0.12,20.0,60.0,0.5000000000000001,270.0,90.0,0.9,6.307579202674779,0.0938,0.1669,0.2401,0.3428,0.2555,33.10965453449502,83.71134440410857,47.16792139461674,4.0111415499919,3.3254375953854747,0.32924094291649436,0.2848580689497843,0.3229329410890894,0.28782158353622594,0.18267234331645418,7.241846873414138,22.76289849884307,14.21126729316076,1.6528780658064361,0.962348693571457
0,0.12,20.0,60.0,0.5000000000000001,285.0,50.0,0.5,10.524269951667252,0.0145,0.0288,0.4156,0.2031,0.0641,32.317246183404585,83.23563484478345,47.32889945427987,3.94642423967848,3.235772045774628,0.3213612692576795,0.28323929544405557,0.32403506975452095,0.28317775870370376,0.17774685137972382,1.1321771543823387,28.039777310740725,27.58170981011488,0.6745618968012972,0.21635109101311792
1,0.12,20.0,60.0,0.5000000000000001,285.0,50.0,0.5,10.524269951667252,0.0251,0.0472,0.3922,0.2218,0.0897,32.367272204168074,83.11058981051022,47.13740993451968,3.947284092739679,3.236796137314787,0.32185872579952807,0.2828137845739532,0.3227240458218243,0.2832394579149129,0.17780310659307408,1.8812318341971785,26.816367322553724,25.346552151428227,0.788097447612143,0.3008865551431312
2,0.12,20.0,60.0,0.5000000000000001,285.0,50.0,0.5,10.524269951667252,0.0407,0.0745,0.3575,0.2494,0.1275,32.48712261712532,82.81667102125608,46.85491943070196,3.950523478341563,3.236885265891805,0.3230505130146398,0.2818136197894669,0.3207899879593974,0.28347190174218706,0.17780800258812837,2.970267803804765,25.31007959055081,22.367082494456294,0.9532136469607778,0.4328864682651549
3,0.12,20.0,60.0,0.5000000000000001,285.0,50.0,0.5,10.524269951667252,0.0673,0.1207,0.2988,0.2961,0.1916,32.712887725466715,82.6208717647325,46.43743928498068,3.958463611457685,3.245035020884353,0.32529551128457107,0.28114734213603604,0.31793172990354285,0.28404165019371586,0.17825568347199447,5.027553636451447,23.418022278215812,17.768522530752815,1.2382226219070127,0.657995018534137
4,0.12,20.0,60.0,0.5000000000000001,285.0,50.0,0.5,10.524269951667252,0.0938,0.1669,0.2401,0.3428,0.2555,32.84110276953945,82.37162602752493,46.02272997747854,3.970944183397616,3.2480824562816424,0.3265704760222009,0.28029919353801364,0.3150924422603954,0.2849372002346253,0.178423084648279,7.146330943933293,22.144064298450203,13.674445157484266,1.5586280480073693,0.9209105312266528
0,0.12,20.0,60.0,0.5000000000000001,285.0,90.0,0.9,18.966876247123928,0.0145,0.0288,0.4156,0.2031,0.0641,32.755610546688665,83.23186065651504,46.825956994347955,4.001142889568162,3.165721398895941,0.32572034513261117,0.2832264524059985,0.3205916980098646,0.2871041243689205,0.1738988417722304,1.1631316438947958,27.43850428108642,26.980045438932013,0.6399467062166488,0.2116979495155285
1,0.12,20.0,60.0,0.5000000000000001,285.0,90.0,0.9,18.966876247123928,0.0251,0.0472,0.3922,0.2218,0.0897,32.805825209773744,83.13088728336274,46.60143124841069,4.0008742702692945,3.168932859272194,0.32621967752537717,0.2828828540526778,0.3190544931184483,0.2870848494490492,0.17407525313932748,1.9138732051755678,26.325680680281323,24.83779842228508,0.7448671573126837,0.294640897766908
2,0.12,20.0,60.0,0.5000000000000001,285.0,90.0,0.9,18.966876247123928,0.0407,0.0745,0.3575,0.2494,0.1275,32.91380077010884,82.9423432614943,46.29517399381996,4.000841117047184,3.1700097724024143,0.32729338173028294,0.28224126495428514,0.31695771732187605,0.28708247052206093,0.17413440993881715,3.0313420940378024,25.017499827174625,22.00199033097106,0.9069972663609059,0.4261628300267231
3,0.12,20.0,60.0,0.5000000000000001,285.0,90.0,0.9,18.966876247123928,0.0673,0.1207,0.2988,0.2961,0.1916,33.090847417272265,82.68078130008112,45.83897455868557,4.0040915841958205,3.171536307606978,0.32905392577315595,0.2813512059572728,0.3138343694838697,0.28731570951158375,0.17421826529769072,5.063605902748426,23.28319828841063,17.595644909918875,1.1948944875403562,0.6527189450630422
4,0.12,20.0,60.0,0.5000000000000001,285.0,90.0,0.9,18.966876247123928,0.0938,0.1669,0.2401,0.3428,0.2555,33.3205123702044,82.44229638916033,45.4204092853643,4.018130136771945,3.1769784977353592,0.3313377039255214,0.2805396749553263,0.31096868215326745,0.2883230532771073,0.17451721471262022,7.247401467371415,21.9741627889441,13.428706572266108,1.5208287850089643,0.8988267278715538
0,0.12,20.0,60.0,0.5000000000000001,300.0,50.0,0.5,28.115555280876997,0.0145,0.0288,0.4156,0.2031,0.0641,32.314856358595925,81.20718939822888,45.07752467680698,3.921983916642734,3.0539386700474274,0.32133750494529173,0.2763367775477218,0.3086211389115542,0.2814240303970327,0.1677584129007336,1.1482753912952792,26.16811730414458,25.690808182812034,0.6017709393949212,0.19769372876809715
1,0.12,20.0,60.0,0.5000000000000001,300.0,50.0,0.5,28.115555280876997,0.0251,0.0472,0.3922,0.2218,0.0897,32.40156898173747,81.04871607081009,44.90420872346066,3.9239709112770678,3.056160733405567,0.32219977144149275,0.2757975148426499,0.3074345394410468,0.28156660824800206,0.1678804748877612,1.8757997046326635,25.239638653445404,23.77069577601236,0.7040393019693401,0.2757468471874299
2,0.12,20.0,60.0,0.5000000000000001,300.0,50.0,0.5,28.115555280876997,0.0407,0.0745,0.3575,0.2494,0.1275,32.46885240804565,80.87171808262443,44.648524493087294,3.9307804214285462,3.054753594173684,0.322868834862172,0.2751952152919562,0.3056840094608557,0.28205522825068147,0.16780317816710785,2.9760476281970103,23.994071260553486,21.035183147288727,0.8546124409381988,0.3953041818019887
3,0.12,20.0,60.0,0.5000000000000001,300.0,50.0,0.5,28.115555280876997,0.0673,0.1207,0.2988,0.2961,0.1916,32.685447265071865,80.62526534672003,44.242378996908286,3.9312427519066637,3.056951679775222,0.32502264455788715,0.2743565708891353,0.30290335354655584,0.28208840301867966,0.16792392301229764,5.007359340594502,22.41757166880884,16.77155321922244,1.1301092741204808,0.6121579773172278
4,0.12,20.0,60.0,0.5000000000000001,300.0,50.0,0.5,28.115555280876997,0.0938,0.1669,0.2401,0.3428,0.2555,32.87147533404144,80.41113192776749,43.85218389569592,3.948195676364386,3.060765474300403,0.3268724994626753,0.2736279046294468,0.3002319012563677,0.28330486908006847,0.16813342169115092,7.158414898713379,21.362431363886138,12.896099130021534,1.4340554833398127,0.8461894679308277
0,0.12,20.0,60.0,0.5000000000000001,300.0,90.0,0.9,50.77481736061284,0.0145,0.0288,0.4156,0.2031,0.0641,32.98080973181907,81.17849134738262,44.11143436332751,3.987956176423606,2.887944505735317,0.32795971588711764,0.27623912206978296,0.30200684731113586,0.28615790479237335,0.15864005115074115,1.161021012416981,25.50936689520015,25.038500250374696,0.5703397666795853,0.19189789783902894
1,0.12,20.0,60.0,0.5000000000000001,300.0,90.0,0.9,50.77481736061284,0.0251,0.0472,0.3922,0.2218,0.0897,33.0472845559057,81.07794608156233,43.94421090800369,3.993414365590557,2.8854198150385795,0.32862073860300517,0.27589698050620526,0.30086195983994524,0.2865495600430526,0.1585013652928672,1.921353671681241,24.624946560888784,23.123319058638916,0.6696667126003417,0.26575775901062276
2,0.12,20.0,60.0,0.5000000000000001,300.0,90.0,0.9,50.77481736061284,0.0407,0.0745,0.3575,0.2494,0.1275,33.105137903211954,80.81401909435951,43.67451443197689,3.99475262403545,2.8839369939710435,0.3291960297344225,0.27499887365517445,0.2990154956831711,0.2866455874856121,0.15841991123115165,3.0542302977144105,23.441957668429275,20.395065916492307,0.8219403861220889,0.3816228689987692
3,0.12,20.0,60.0,0.5000000000000001,300.0,90.0,0.9,50.77481736061284,0.0673,0.1207,0.2988,0.2961,0.1916,33.313315313510735,80.5555667291371,43.24531445814625,3.9892463442774613,2.8879660282266975,0.33126613671150607,0.27411939618175873,0.29607699837893525,0.28625048146913634,0.1586412334203889,5.097725143160284,21.955915659273295,16.229213180118002,1.0981259841346542,0.5872358150665677
4,0.12,20.0,60.0,0.5000000000000001,300.0,90.0,0.9,50.77481736061284,0.0938,0.1669,0.2401,0.3428,0.2555,33.528549181613386,80.36209043917556,42.84242435579222,4.007214168065502,2.8895010944394683,0.33340641279345223,0.27346102326064115,0.29331863036436084,0.28753977216878374,0.15872555740307975,7.304487171904143,21.052684995729752,12.459116737239192,1.3926904846956314,0.8119412833760972
0,0.12,20.0,60.0,0.5000000000000001,320.0,50.0,0.5,89.89379743803187,0.0145,0.0288,0.4156,0.2031,0.0641,32.30140666743806,77.4040038643857,40.99123927087244,3.8507705057582986,2.547610336792178,0.321203761810215,0.2633950658270443,0.28064457930809306,0.2763140744320492,0.1399448754428071,1.144471787680359,23.593367780165757,23.106191284458887,0.5207044432789791,0.16633562533392163
1,0.12,20.0,60.0,0.5000000000000001,320.0,50.0,0.5,89.89379743803187,0.0251,0.0472,0.3922,0.2218,0.0897,32.37704179957841,77.21290478101446,40.879291296253626,3.8533316299616676,2.551803131650056,0.32195587422496574,0.2627447822095167,0.27987813279903095,0.27649784925391957,0.14017519330016112,1.8828628558418021,22.81703186677663,21.336045722376966,0.6111923725929809,0.23087940263805232
2,0.12,20.0,60.0,0.5000000000000001,320.0,50.0,0.5,89.89379743803187,0.0407,0.0745,0.3575,0.2494,0.1275,32.446608886724405,77.07870059614496,40.64390576032808,3.8621513123855626,2.5533953959801887,0.32264764626819376,0.2622881040230769,0.27826657686951856,0.2771307102312484,0.1402626592796064,2.969805412309468,21.843643885972995,18.88500086703232,0.7484222830687026,0.3336475985280394
3,0.12,20.0,60.0,0.5000000000000001,320.0,50.0,0.5,89.89379743803187,0.0673,0.1207,0.2988,0.2961,0.1916,32.64750330911305,76.77774572487311,40.29481596759075,3.877876668595057,2.5583443846007263,0.32464533153503916,0.2612639964295149,0.27587655012804524,0.2782590914836869,0.1405345162375041,4.968278694006786,20.5151864121716,14.951599750317222,0.9985003071866272,0.517317576971865
4,0.12,20.0,60.0,0.5000000000000001,320.0,50.0,0.5,89.89379743803187,0.0938,0.1669,0.2401,0.3428,0.2555,32.82347954266746,76.71032677886231,39.94930354558699,3.869146441342719,2.5567243873285332,0.32639523143224236,0.261034579127619,0.273511015685961,0.2776326494095087,0.14044552683704492,7.133072001620949,19.97212145139408,11.602091956539038,1.2685599979240911,0.7178052732722038
0,0.12,20.0,60.0,0.5000000000000001,320.0,90.0,0.9,163.54494133649348,0.0145,0.0288,0.4156,0.2031,0.0641,33.22571218546034,76.70866576915807,39.391622265951625,3.8895700264781286,2.033889777328581,0.33039501507380675,0.2610289269424795,0.2696928772033199,0.2790981545635645,0.11172526953672267,1.1664990595949263,22.525978975922083,22.023962450560518,0.4908425295187917,0.14729630453287296
1,0.12,20.0,60.0,0.5000000000000001,320.0,90.0,0.9,163.54494133649348,0.0251,0.0472,0.3922,0.2218,0.0897,33.276771906482516,76.55362942738323,39.18273242500083,3.8914499712781363,2.033025782556851,0.33090275068539043,0.2605013598218055,0.2682627227952528,0.2792330509970499,0.11167780873042636,1.9257060540804016,21.940850890402107,20.42316055404178,0.5791538778531962,0.20370195072370167
2,0.12,20.0,60.0,0.5000000000000001,320.0,90.0,0.9,163.54494133649348,0.0407,0.0745,0.3575,0.2494,0.1275,33.348705495279546,76.40772539210512,39.03210169516257,3.89750491614509,2.0327426975738447,0.33161805511655645,0.26000486867072964,0.26723143663366633,0.2796675267686254,0.11166225835676269,3.041296645091256,21.047802022789764,18.026015892431296,0.7051965097552806,0.2934759764839358
3,0.12,20.0,60.0,0.5000000000000001,320.0,90.0,0.9,163.54494133649348,0.0673,0.1207,0.2988,0.2961,0.1916,33.56694726216101,76.19709391756916,38.70142666746759,3.9086374456752777,2.0334116426683195,0.33378824161116194,0.259288119041113,0.26496748570937473,0.2804663473134024,0.1116990047290679,5.100888210968973,20.063613530747283,14.377406313856994,0.9375605433333773,0.45707371518440165
4,0.12,20.0,60.0,0.5000000000000001,320.0,90.0,0.9,163.54494133649348,0.0938,0.1669,0.2401,0.3428,0.2555,33.764786612015214,76.03510586330724,38.34115170993626,3.910041307856965,2.0366089059364922,0.33575554737160485,0.2587368962091485,0.2625008802665999,0.28056708218679544,0.11187463622316274,7.351963804161362,19.634797543919525,11.042363687607075,1.1973855606494728,0.6370887165910833
0,0.12,20.0,65.0,0.42261826174069944,270.0,50.0,0.5,3.5027922523960817,0.0145,0.0288,0.4156,0.2031,0.0641,27.763891507586592,71.126435139014,41.7395658650744,3.4537090384481406,2.944744993390306,0.27608291138965446,0.24203337205019496,0.28576796191253406,0.24782271882714468,0.16176020538122565,0.8463030337790414,22.48142258901767,22.183656653584457,0.5757319371826715,0.1685256629282448
1,0.12,20.0,65.0,0.42261826174069944,270.0,50.0,0.5,3.5027922523960817,0.0251,0.0472,0.3922,0.2218,0.0897,27.835732628168614,70.98634923027565,41.57928684825666,3.455128448605314,2.945329481643987,0.2767972963209729,0.24155667917500173,0.28467061921085357,0.2479245693537425,0.1617923123854554,1.4224320495037173,21.572245917766494,20.503550574718833,0.6688056662851563,0.23917643759871754
2,0.12,20.0,65.0,0.42261826174069944,270.0,50.0,0.5,3.5027922523960817,0.0407,0.0745,0.3575,0.2494,0.1275,27.899390869039337,70.82031593463229,41.331928582708194,3.4549046411650433,2.9485561941058704,0.27743031105771215,0.24099169094891354,0.28297709255471865,0.24790850993248723,0.16196956157739292,2.313699481805302,20.52562478738215,18.27170995175039,0.8065100906444138,0.3473151441460859
3,0.12,20.0,65.0,0.42261826174069944,270.0,50.0,0.5,3.5027922523960817,0.0673,0.1207,0.2988,0.2961,0.1916,28.02680840248521,70.63856147296559,40.96350296641016,3.4643993630684227,2.953590707184506,0.27869734538487817,0.2403732057801239,0.28045468401251683,0.24858980872471564,0.16224611654952886,3.836044226278468,18.751587619107394,14.47152946213028,1.05543230916244,0.5471425479789099
4,0.12,20.0,65.0,0.42261826174069944,270.0,50.0,0.5,3.5027922523960817,0.0938,0.1669,0.2401,0.3428,0.2555,28.22042161190251,70.45337901141521,40.68483772920735,3.478019486250109,2.953434289714879,0.2806226265913984,0.23974305560422943,0.2785468156568962,0.24956712786772103,0.16223752425305876,5.525744507393133,17.598909884672985,11.092017323725113,1.3132387977960742,0.7554958979171021
0,0.12,20.0,65.0,0.42261826174069944,270.0,90.0,0.9,6.307579202674779,0.0145,0.0288,0.4156,0.2031,0.0641,28.004542973610548,71.30057619391935,41.51011709447048,3.471820146263616,2.9314574470756893,0.278475938943156,0.2426259498540557,0.2841970517657737,0.249122290947968,0.16103029626322413,0.8563076336125561,22.33050651428925,22.01719213553948,0.5483485958019724,0.16985943037945658
1,0.12,20.0,65.0,0.42261826174069944,270.0,90.0,0.9,6.307579202674779,0.0251,0.0472,0.3922,0.2218,0.0897,28.068289340346794,71.1715508268368,41.3510518395983,3.4733193823402413,2.93100074609795,0.2791098299996113,0.24218689446467803,0.28310801902779886,0.24922986942563846,0.16100520884678476,1.428242606292383,21.46178609856994,20.389693271221653,0.6358975229508056,0.23215603018984005
2,0.12,20.0,65.0,0.42261826174069944,270.0,90.0,0.9,6.307579202674779,0.0407,0.0745,0.3575,0.2494,0.1275,28.15465307429642,70.95766956058185,41.125516553540734,3.475841572596958,2.9334492640402674,0.27996862715709114,0.24145908624556967,0.28156390236773654,0.24941085052157344,0.16113971039653452,2.3253937918761327,20.34498774188084,18.097570177953067,0.7763277460538501,0.3435071805303029
3,0.12,20.0,65.0,0.42261826174069944,270.0,90.0,0.9,6.307579202674779,0.0673,0.1207,0.2988,0.2961,0.1916,28.26738425312506,70.77551062273065,40.75317830300949,3.4878785262100838,2.9366442180848025,0.28108962102233853,0.24083922470054722,0.2790147061604654,0.2502745684947995,0.16131521504076946,3.8868963599347115,18.72444935998307,14.401363550999749,1.0205318761414315,0.541730073381574
4,0.12,20.0,65.0,0.42261826174069944,270.0,90.0,0.9,6.307579202674779,0.0938,0.1669,0.2401,0.3428,0.2555,28.442416567190378,70.60181318730032,40.44800800131015,3.502190237873495,2.9344965234710285,0.2828301346258158,0.24024815647209594,0.2769253721354121,0.2513015129351136,0.16119723826430835,5.610304956897943,17.570437132758578,10.99004714542763,1.2847788840801129,0.7489065904984222
0,0.12,20.0,65.0,0.42261826174069944,285.0,50.0,0.5,10.524269951667252,0.0145,0.0288,0.4156,0.2031,0.0641,27.7796372668969,70.03086507463863,40.39877124258888,3.4394427015033107,2.8591167814903766,0.2762394865250688,0.2383052994077271,0.2765882749974965,0.24679903027376252,0.1570564917576522,0.840968395906589,21.35266559427903,21.060975627147428,0.5123734671526832,0.15625336619354807
1,0.12,20.0,65.0,0.42261826174069944,285.0,50.0,0.5,10.524269951667252,0.0251,0.0472,0.3922,0.2218,0.0897,27.818460488337443,69.86517336609023,40.24170418909905,3.441970709011218,2.860615121615852,0.276625542925048,0.23774147355504172,0.27551292285069917,0.2469804287896336,0.1571387983094833,1.410438136065289,20.621549201462667,19.552049314297662,0.5999368592892778,0.22357259634812945
2,0.12,20.0,65.0,0.42261826174069944,285.0,50.0,0.5,10.524269951667252,0.0407,0.0745,0.3575,0.2494,0.1275,27.905814204233717,69.75568382863597,40.04448740439097,3.4395119428261944,2.85925057515788,0.2774941844192981,0.23736889587836668,0.27416268746964245,0.2468039987215099,0.15706384128746975,2.2936927870391886,19.541773734489084,17.32037316174435,0.7296491176111363,0.3266465787136604
3,0.12,20.0,65.0,0.42261826174069944,285.0,50.0,0.5,10.524269951667252,0.0673,0.1207,0.2988,0.2961,0.1916,28.05295827159043,69.48589927405634,39.65665367935954,3.450781705040673,2.86122271114823,0.27895737852875696,0.23645085653976708,0.27150740222969905,0.24761266647013488,0.15717217430902333,3.8279062945142606,18.059762852412817,13.793188752887474,0.9588433511527994,0.517732991825583
4,0.12,20.0,65.0,0.42261826174069944,285.0,50.0,0.5,10.524269951667252,0.0938,0.1669,0.2401,0.3428,0.2555,28.205070506147685,69.36606799865307,39.42134973880499,3.4654873964571418,2.8591164548733223,0.28046997587351596,0.23604308736637544,0.2698964049390318,0.24866788113601762,0.1570564738159826,5.522590685791788,17.05901904984989,10.558405697664353,1.2077932765129384,0.7101031146883499
0,0.12,20.0,65.0,0.42261826174069944,285.0,90.0,0.9,18.966876247123928,0.0145,0.0288,0.4156,0.2031,0.0641,28.184165370845786,70.17116101215834,39.87473611176385,3.4780602135417196,2.794377267986016,0.2802620961310251,0.2387827069816688,0.2730004932800124,0.24957005027607249,0.1535002323789108,0.850079944049835,21.045023935325812,20.74759892810249,0.4898304752531084,0.1601703814242766
1,0.12,20.0,65.0,0.42261826174069944,285.0,90.0,0.9,18.966876247123928,0.0251,0.0472,0.3922,0.2218,0.0897,28.255889136306273,70.00444152748246,39.73815818521554,3.4798721927280925,2.7953586080857504,0.28097531408819615,0.23821538374968468,0.27206541897094755,0.24970006980100237,0.15355413917778074,1.4365708109178952,20.296102407702033,19.220463028904653,0.570098951206442,0.22327236374272566
2,0.12,20.0,65.0,0.42261826174069944,285.0,90.0,0.9,18.966876247123928,0.0407,0.0745,0.3575,0.2494,0.1275,28.342188764518063,69.87547565250058,39.5613047338671,3.4821739088214176,2.7950273082445167,0.28183347378104917,0.23777653080365613,0.27085460018781954,0.2498652306567276,0.15353594027414696,2.3355947191250883,19.293024024548412,17.036173609656426,0.6979713602159685,0.3235753781222719
3,0.12,20.0,65.0,0.42261826174069944,285.0,90.0,0.9,18.966876247123928,0.0673,0.1207,0.2988,0.2961,0.1916,28.461741088345505,69.65102412335759,39.21290415325472,3.490397319045572,2.7992482526489115,0.28302229681101454,0.2370127534492291,0.26846929210453513,0.2504553058069772,0.1537678044373564,3.893789901346628,17.908936967608533,13.570235197592282,0.9186919924123726,0.4987330079768873
4,0.12,20.0,65.0,0.42261826174069944,285.0,90.0,0.9,18.966876247123928,0.0938,0.1669,0.2401,0.3428,0.2555,28.662240861019708,69.48049109526269,38.90254804646477,3.5057577449741784,2.80302057468125,0.2850160576985231,0.23643245325908083,0.2663444537104041,0.2515575012940877,0.15397502495664922,5.615150931090477,16.959553790333896,10.353663809364981,1.154922166978448,0.689833903743911
0,0.12,20.0,65.0,0.42261826174069944,300.0,50.0,0.5,28.115555280876997,0.0145,0.0288,0.4156,0.2031,0.0641,27.777556418429754,68.27695889000994,38.36361124986068,3.4160260395650455,2.690330626261708,0.27621879465977994,0.23233700045817765,0.2626546484435484,0.24511875531058713,0.14778476086191075,0.8308279484346182,20.076527227159485,19.7887720406624,0.45455167462250573,0.14407829658097185
1,0.12,20.0,65.0,0.42261826174069944,300.0,50.0,0.5,28.115555280876997,0.0251,0.0472,0.3922,0.2218,0.0897,27.831421494887042,68.14372865364832,38.24797545033374,3.4166036042186176,2.6919538859453085,0.27675442660195526,0.23188363648312926,0.26186295341581955,0.24516019876779596,0.14787392947256997,1.3970709906736707,19.321563135544228,18.26177619152093,0.5377219344256159,0.2043478592573327
2,0.12,20.0,65.0,0.42261826174069944,300.0,50.0,0.5,28.115555280876997,0.0407,0.0745,0.3575,0.2494,0.1275,27.916178512195682,68.03076082794368,38.0743824734979,3.4209953546440275,2.6954056077309074,0.2775972466400929,0.23149922267502776,0.2606744573171043,0.24547533114250358,0.14806353883644038,2.2913804568639904,18.451824378463783,16.214438266840187,0.6573279697387013,0.2965918900998585
3,0.12,20.0,65.0,0.42261826174069944,300.0,50.0,0.5,28.115555280876997,0.0673,0.1207,0.2988,0.2961,0.1916,28.04039363579681,67.82968652657286,37.71739776146046,3.431571133130108,2.699555504205342,0.27883243634514754,0.23081499477722434,0.2582303783843564,0.24623420172162794,0.14829150020746643,3.849199643645977,17.203807292676423,12.910083988270674,0.8775033728693112,0.4688428013588424
4,0.12,20.0,65.0,0.42261826174069944,300.0,50.0,0.5,28.115555280876997,0.0938,0.1669,0.2401,0.3428,0.2555,28.210548283332514,67.69572191802058,37.467581559418925,3.4487150292497715,2.7046594808708053,0.28052444664800086,0.23035913183569043,0.25652002358237047,0.24746437105563013,0.14857187094093213,5.524424282273315,16.393121242723527,9.912299616006752,1.1031951287846309,0.6496846955940384
0,0.12,20.0,65.0,0.42261826174069944,300.0,90.0,0.9,50.77481736061284,0.0145,0.0288,0.4156,0.2031,0.0641,28.42043716749297,68.36260267560634,37.57457436658673,3.4691899598277103,2.5247496258170736,0.2826115724456042,0.23262843435589134,0.2572525447720369,0.24893356052907278,0.13868909495560225,0.8471572532405338,19.538732216613013,19.22988696577111,0.4355652600925686,0.1420456678751207
1,0.12,20.0,65.0,0.42261826174069944,300.0,90.0,0.9,50.77481736061284,0.0251,0.0472,0.3922,0.2218,0.0897,28.479198575451395,68.25371570250275,37.431803450386944,3.470050788051658,2.5256185159105837,0.2831958932920563,0.23225790712194389,0.2562750704524744,0.24899532971360078,0.13873682467083917,1.4316827504774379,18.92167554976943,17.842138338108278,0.5100289504219829,0.19659674209548772
2,0.12,20.0,65.0,0.42261826174069944,300.0,90.0,0.9,50.77481736061284,0.0407,0.0745,0.3575,0.2494,0.1275,28.559829884957125,68.06812267117381,37.278342614259074,3.476608595100061,2.5268000827039208,0.28399768747394966,0.2316263598341631,0.255224408102142,0.24946588862698546,0.13880173028663642,2.350830087483726,18.048411371301995,15.766360689669153,0.6323268113400657,0.28671533774803404
3,0.12,20.0,65.0,0.42261826174069944,300.0,90.0,0.9,50.77481736061284,0.0673,0.1207,0.2988,0.2961,0.1916,28.677587475040063,67.87549112928856,36.94003657895567,3.4846083367966645,2.531064476372831,0.2851686637507963,0.23097086147332735,0.2529082118454804,0.2500399143237355,0.1390359811970744,3.913260881371201,16.90307198050928,12.564460612805679,0.8405444121469313,0.44983277931413135
4,0.12,20.0,65.0,0.42261826174069944,300.0,90.0,0.9,50.77481736061284,0.0938,0.1669,0.2401,0.3428,0.2555,28.887015313529822,67.72226483751447,36.64448455766633,3.4945484376999914,2.5369787193975313,0.2872512049306052,0.2304494537012051,0.25088472892196356,0.25075317152167986,0.13936086133728937,5.666064440369424,16.233447193341423,9.607787856143496,1.0656264716337782,0.6196765167148806
0,0.12,20.0,65.0,0.42261826174069944,320.0,50.0,0.5,89.89379743803187,0.0145,0.0288,0.4156,0.2031,0.0641,27.767158857987077,64.94675232319477,34.834700903385865,3.3575666933309867,2.2200508983795464,0.276115401777785,0.2210047704172001,0.23849413080079107,0.24092397400060983,0.12195143894792644,0.8285613327688158,18.01681261054409,17.705841392312387,0.39315735880686525,0.12287505241048374
1,0.12,20.0,65.0,0.42261826174069944,320.0,50.0,0.5,89.89379743803187,0.0251,0.0472,0.3922,0.2218,0.0897,27.840366039207897,64.8465321893324,34.709599541642824,3.3579064771985783,2.2222919961813097,0.27684337075578475,0.22066373523248115,0.23763763024941123,0.24094835537175105,0.12207454653160732,1.4047282382382056,17.423050006132616,16.357705728379546,0.46363975631580817,0.17361869161845514
2,0.12,20.0,65.0,0.42261826174069944,320.0,50.0,0.5,89.89379743803187,0.0407,0.0745,0.3575,0.2494,0.1275,27.908827169532408,64.68235392528206,34.55415710827237,3.3609865477539125,2.21997990183467,0.27752414521320734,0.2201050594210506,0.23657340098735824,0.24116936746359344,0.12194753897841928,2.296347598270855,16.705926635993144,14.470913645851093,0.5668436164511843,0.2530354431669648
3,0.12,20.0,65.0,0.42261826174069944,320.0,50.0,0.5,89.89379743803187,0.0673,0.1207,0.2988,0.2961,0.1916,28.02961753252397,64.58556128294983,34.279028458594446,3.364436401443558,2.2222693776719913,0.27872527924996193,0.21977568751358004,0.23468974571081894,0.24141691353982803,0.1220733040556982,3.818364523743079,15.858250020786919,11.592279839140694,0.7572053583454279,0.39686614153016897
4,0.12,20.0,65.0,0.42261826174069944,320.0,50.0,0.5,89.89379743803187,0.0938,0.1669,0.2401,0.3428,0.2555,28.168073983789306,64.41605215651991,33.993519435111,3.382339140955824,2.222870838289451,0.280102084088562,0.21919887151847317,0.2327350216963851,0.24270153408284212,0.12210634338277997,5.544912658196117,15.387636747001665,8.89580338018518,0.9726551715376441,0.5444319195616105
0,0.12,20.0,65.0,0.42261826174069944,320.0,90.0,0.9,163.54494133649348,0.0145,0.0288,0.4156,0.2031,0.0641,28.591345826170024,64.45146031022055,33.494246750481416,3.3816649442407747,1.740494526523367,0.28431108060195787,0.21931936054370674,0.22931677489462382,0.2426531567409503,0.09560853408606249,0.8649753547575493,17.285119631847582,16.925156231721196,0.3738725570503507,0.11106946447575551
1,0.12,20.0,65.0,0.42261826174069944,320.0,90.0,0.9,163.54494133649348,0.0251,0.0472,0.3922,0.2218,0.0897,28.651026152364203,64.29391665018919,33.37834650340541,3.3907149853500425,1.741330648216648,0.2849045391307765,0.2187832613675285,0.2285232693392682,0.24330254722759187,0.09565446377339787,1.4469321807734543,16.828400733224655,15.693112291347136,0.4344442441597519,0.15627703026173728
2,0.12,20.0,65.0,0.42261826174069944,320.0,90.0,0.9,163.54494133649348,0.0407,0.0745,0.3575,0.2494,0.1275,28.71612905189341,64.2548606120832,33.19720760999111,3.3960599216564664,1.7418012255450992,0.2855519194894348,0.21865035909872735,0.2272831104798918,0.24368607595936106,0.0956803134430531,2.3900882250219033,16.232826182978645,13.892601112327512,0.5472017311757772,0.23349363973725767
3,0.12,20.0,65.0,0.42261826174069944,320.0,90.0,0.9,163.54494133649348,0.0673,0.1207,0.2988,0.2961,0.1916,28.897332433366437,64.08058886953975,32.93792941275501,3.4074307525508702,1.7428881143087533,0.28735379791476484,0.21805733658300003,0.22550797457569893,0.24450199594457242,0.09574001822225464,3.9354505910701016,15.488696334949164,11.100172212902052,0.7255593923190222,0.3556220349754353
4,0.12,20.0,65.0,0.42261826174069944,320.0,90.0,0.9,163.54494133649348,0.0938,0.1669,0.2401,0.3428,0.2555,29.06604004496739,63.95419792564659,32.67881517236367,3.418252114163076,1.7435740350127629,0.28903141895616885,0.21762724576954534,0.22373396119428268,0.24527848847080838,0.09577769709570715,5.687097889716316,15.120788097091664,8.491444303379804,0.9272180639371791,0.4938747641991695
0,0.12,50.0,0.0,1.0,270.0,50.0,0.5,3.5027922523960817,0.0145,0.0288,0.4156,0.2031,0.0641,72.2672275352062,194.32066514351632,106.580484581857,7.009031290986035,4.845624824232468,0.7186221200484967,0.6612462124918752,0.7296982425994201,0.5029367475776645,0.26617899632313535,1.7606010383383643,48.08072314837572,47.313306831214675,0.33287038047519923,0.08332298241899588
1,0.12,50.0,0.0,1.0,270.0,50.0,0.5,3.5027922523960817,0.0251,0.0472,0.3922,0.2218,0.0897,72.32068861169842,194.16850159444834,106.36484916754279,7.014985158325629,4.845645468444255,0.7191537346328557,0.6607284210854584,0.7282219049426286,0.5033639704778013,0.26618013034728555,2.960842645944246,46.00286529470931,43.589739574538,0.38963453378677715,0.12220688560947979
2,0.12,50.0,0.0,1.0,270.0,50.0,0.5,3.5027922523960817,0.0407,0.0745,0.3575,0.2494,0.1275,72.4658804429161,193.91044399339222,106.20174324328264,7.015889075082121,4.845108913794881,0.7205975157923383,0.6598502869396274,0.7271052079529581,0.5034288315027728,0.2661506564232358,4.7723157621264445,43.024607403898344,38.17798283867528,0.47684874071074274,0.17936136938761923
3,0.12,50.0,0.0,1.0,270.0,50.0,0.5,3.5027922523960817,0.0673,0.1207,0.2988,0.2961,0.1916,72.66340196992223,193.43441048754673,105.8265979325318,7.015711825827556,4.844641100554009,0.7225616611364117,0.6582304110889191,0.7245367933407684,0.503416112888759,0.26612495858994517,8.014639222988322,39.16049543691576,29.964804585827054,0.6379080074284695,0.2838163766176245
4,0.12,50.0,0.0,1.0,270.0,50.0,0.5,3.5027922523960817,0.0938,0.1669,0.2401,0.3428,0.2555,72.80229499374964,193.3829506371411,105.44284437610038,7.02142867107918,4.844147297461173,0.7239428072332946,0.658055300371019,0.7219094427820063,0.5038263281436052,0.2660978330867541,11.420376384041035,36.47055227034609,22.729345404828877,0.8320415753523953,0.4220539945759455
0,0.12,50.0,0.0,1.0,270.0,90.0,0.9,6.307579202674779,0.0145,0.0288,0.4156,0.2031,0.0641,72.79228550057525,194.41777991286682,105.89946832138347,7.041013152867514,4.828516808004663,0.7238432732750825,0.6615766805528126,0.7250356970086511,0.5052316229931638,0.2652392218350602,1.7727487637840686,47.97184873403694,47.23029074345558,0.32074952001019125,0.08419644838335548
1,0.12,50.0,0.0,1.0,270.0,90.0,0.9,6.307579202674779,0.0251,0.0472,0.3922,0.2218,0.0897,72.8123060565193,194.35252578138233,105.76204841820262,7.040060400759607,4.82697917766766,0.7240423567994927,0.6613546298138359,0.7240948581464274,0.505163257761721,0.2651547570003556,2.970194811745794,45.57959991604779,43.17245873472465,0.3740243282665364,0.11961026696680345
2,0.12,50.0,0.0,1.0,270.0,90.0,0.9,6.307579202674779,0.0407,0.0745,0.3575,0.2494,0.1275,72.89006298811412,194.06484135207035,105.55474671785117,7.041804202503216,4.8265494501285024,0.7248155682943423,0.6603756796896433,0.7226755768677976,0.5052883851781842,0.26513115128402087,4.8223622459275335,42.63478229930451,37.74650770869188,0.46112949089319977,0.17317700915129336
3,0.12,50.0,0.0,1.0,270.0,90.0,0.9,6.307579202674779,0.0673,0.1207,0.2988,0.2961,0.1916,73.106524324361,193.74111943486005,105.16508766086346,7.041623757601926,4.825128735061231,0.7269680502653227,0.6592740990034213,0.7200077945790193,0.5052754372588493,0.2650531088180057,8.119878664113527,38.90614727411938,29.609341859059505,0.6171270283984093,0.27479638922695054
4,0.12,50.0,0.0,1.0,270.0,90.0,0.9,6.307579202674779,0.0938,0.1669,0.2401,0.3428,0.2555,73.33676030460786,193.5542781985257,104.88528176443502,7.045247800788736,4.823366793286509,0.7292575066880952,0.6586383042475102,0.7180921167540045,0.5055354823945871,0.2649563221475169,11.669011397134366,36.545226617174734,22.5762374376278,0.8042727338906063,0.40532636684518314
0,0.12,50.0,0.0,1.0,285.0,50.0,0.5,10.524269951667252,0.0145,0.0288,0.4156,0.2031,0.0641,72.28029614773652,191.72221149874207,103.82930795933237,6.9924615406436335,4.7519047565407755,0.7187520737545255,0.6524040359293687,0.71086244208291,0.5017477763775932,0.2610307823242395,1.7666893781767277,45.91924845096738,45.14254262075757,0.3112715956191657,0.07899552211394589
1,0.12,50.0,0.0,1.0,285.0,50.0,0.5,10.524269951667252,0.0251,0.0472,0.3922,0.2218,0.0897,72.37947949169894,191.76894614686566,103.66085756031899,6.995653916703995,4.751599535715981,0.7197383485479933,0.6525630674407163,0.7097091543998274,0.5019768470103507,0.2610140159884731,2.946247949355148,43.888085857406864,41.5152543568028,0.36215225602928625,0.11388251351976676
2,0.12,50.0,0.0,1.0,285.0,50.0,0.5,10.524269951667252,0.0407,0.0745,0.3575,0.2494,0.1275,72.51521665996569,191.54879320327035,103.51990085094339,6.99654932060967,4.750635205986256,0.7210881129565104,0.6518139175753954,0.7087441009614095,0.5020410971912092,0.2609610436002067,4.773325821414814,41.1859474602517,36.35270603846453,0.44498016878961116,0.16352611227431765
3,0.12,50.0,0.0,1.0,285.0,50.0,0.5,10.524269951667252,0.0673,0.1207,0.2988,0.2961,0.1916,72.68913778837009,191.16265783428736,103.06464246070522,6.998178595716876,4.7506165372372955,0.7228175769788338,0.6504999525883953,0.7056271959427398,0.5021580066883006,0.26096001809182723,8.031627671274112,37.72982024641493,28.55204706281731,0.5972459124261182,0.2631230674470171
4,0.12,50.0,0.0,1.0,285.0,50.0,0.5,10.524269951667252,0.0938,0.1669,0.2401,0.3428,0.2555,72.79737339146266,191.0178967353897,102.68288854108786,7.001303734921363,4.749490784432454,0.7238938670374391,0.6500073506909516,0.7030135358027705,0.5023822527049011,0.2608981784400651,11.475049080251962,35.47600269879125,21.725904552459923,0.7762416664489193,0.3918677737276422
0,0.12,50.0,0.0,1.0,285.0,90.0,0.9,18.966876247123928,0.0145,0.0288,0.4156,0.2031,0.0641,73.10258637024364,191.90287937602417,102.53398184131838,7.0290147480993905,4.676607303503802,0.7269288914234383,0.6530188236025352,0.7019940531314413,0.5043706711127006,0.2568945560991221,1.7739958140805059,45.26310191271583,44.51690359129228,0.28937200320095224,0.07807747126243227
1,0.12,50.0,0.0,1.0,285.0,90.0,0.9,18.966876247123928,0.0251,0.0472,0.3922,0.2218,0.0897,73.1614121581876,191.76900808264142,102.36172474164917,7.029806902760674,4.677688293135932,0.7275138524616243,0.6525632781995521,0.7008147030525124,0.504427512589416,0.2569539368282857,2.9863215601755178,43.33128537474947,40.92645746310623,0.3381290996255814,0.11195995390291441
2,0.12,50.0,0.0,1.0,285.0,90.0,0.9,18.966876247123928,0.0407,0.0745,0.3575,0.2494,0.1275,73.2893299855451,191.69367833064172,102.16696727580721,7.034221050461732,4.677071252666021,0.7287858616893597,0.6523069415244951,0.6994813052816582,0.5047442520924844,0.25692004167153515,4.840726670974409,40.45435240248318,35.58288205199946,0.42015150732680034,0.15986429835854746
3,0.12,50.0,0.0,1.0,285.0,90.0,0.9,18.966876247123928,0.0673,0.1207,0.2988,0.2961,0.1916,73.50266651171845,191.2448839429489,101.83128704862996,7.033683245088244,4.678157585268269,0.7309072706869276,0.6507797566065641,0.6971830864960372,0.5047056615834479,0.2569797158997778,8.1685627639216,37.296335740658876,27.983901530228596,0.5605284727979506,0.25305663698924363
4,0.12,50.0,0.0,1.0,285.0,90.0,0.9,18.966876247123928,0.0938,0.1669,0.2401,0.3428,0.2555,73.63143399732375,191.02032640896505,101.49511981689636,7.034143441037465,4.6774802168370755,0.7321877288787674,0.6500156185323985,0.6948815334567741,0.5047386831871961,0.25694250681824626,11.772733292517632,35.30977600099514,21.252775384922394,0.7394170520621526,0.37565442834003687
0,0.12,50.0,0.0,1.0,300.0,50.0,0.5,28.115555280876997,0.0145,0.0288,0.4156,0.2031,0.0641,72.33152690567198,188.05984990701924,99.69068876358644,6.953872863271703,4.552740881308525,0.7192615101496236,0.6399415285088951,0.6825275816647758,0.4989788254220279,0.2500903479455742,1.7721116700948376,43.23234221827455,42.44386323833253,0.28005072475860293,0.07454543509106044
1,0.12,50.0,0.0,1.0,300.0,50.0,0.5,28.115555280876997,0.0251,0.0472,0.3922,0.2218,0.0897,72.36834730556292,188.11003358111546,99.52037947696508,6.954134255166494,4.554549234838292,0.7196276505805371,0.6401122965762056,0.6813615671956773,0.4989975817356969,0.2501896840982915,2.960536690940007,41.615101943882834,39.227142758633214,0.32853364862062745,0.10768046965556195
2,0.12,50.0,0.0,1.0,300.0,50.0,0.5,28.115555280876997,0.0407,0.0745,0.3575,0.2494,0.1275,72.49849204491045,187.8697979146242,99.3358715736933,6.957313889543553,4.555672566748545,0.7209218041227844,0.6392948079964116,0.6800983425697871,0.49922573808222953,0.25025139076590514,4.774814052594303,39.143816608559824,34.318246241758004,0.40295261310267017,0.1547478146790471
3,0.12,50.0,0.0,1.0,300.0,50.0,0.5,28.115555280876997,0.0673,0.1207,0.2988,0.2961,0.1916,72.72614154253291,187.44161377657372,98.98358651682086,6.953966400272517,4.555901458443064,0.7231855406765318,0.6378377568931444,0.6776864396036637,0.49898553721899597,0.25026396420353675,7.982119750281492,36.14697430524469,27.037741626292174,0.5426348938053526,0.24584819841510439
4,0.12,50.0,0.0,1.0,300.0,50.0,0.5,28.115555280876997,0.0938,0.1669,0.2401,0.3428,0.2555,72.84118972661585,187.22909192001885,98.64700638640892,6.963819704937894,4.5558733763953585,0.7243295747397334,0.6371145745562845,0.6753820596731441,0.499692566306977,0.25026242160551393,11.464698908376569,34.2335868381234,20.529549404016514,0.7130452288978744,0.36825211872190294
0,0.12,50.0,0.0,1.0,300.0,90.0,0.9,50.77481736061284,0.0145,0.0288,0.4156,0.2031,0.0641,73.50527123364441,187.6830013071688,97.41696603998611,7.001844934421877,4.35010015737319,0.7309331719267622,0.6386591651063721,0.6669606466665091,0.5024210867613176,0.2389589239357006,1.8044802190658151,42.16745163214506,41.36962324733834,0.26286131390985323,0.0732151437919392
1,0.12,50.0,0.0,1.0,300.0,90.0,0.9,50.77481736061284,0.0251,0.0472,0.3922,0.2218,0.0897,73.5418583260774,187.64462379861823,97.33901199521985,7.002233059939746,4.350390984833637,0.7312969923586142,0.638528571779331,0.6664269379890471,0.5024489369131439,0.23897489961775045,2.989556005157326,40.30678732907276,37.89263311290547,0.30876420152718154,0.10548714621835294
2,0.12,50.0,0.0,1.0,300.0,90.0,0.9,50.77481736061284,0.0407,0.0745,0.3575,0.2494,0.1275,73.66462555367235,187.41352080525772,97.07260524377429,7.004599580145026,4.35217780701067,0.7325177842497074,0.6377421604167396,0.6646029967758962,0.5026187478221993,0.23907305301404977,4.8300762109705175,38.07158456608075,33.20284173788331,0.3904301917299401,0.15223123444981962
3,0.12,50.0,0.0,1.0,300.0,90.0,0.9,50.77481736061284,0.0673,0.1207,0.2988,0.2961,0.1916,73.87290315245947,186.99069223684012,96.75539097649059,7.005137688752992,4.350013742820027,0.7345888874966957,0.6363033335724974,0.6624312043105822,0.5026573600899862,0.23895417702691937,8.135657663733426,35.485798445489124,26.23603166122484,0.5242699536320227,0.23987716988581645
4,0.12,50.0,0.0,1.0,300.0,90.0,0.9,50.77481736061284,0.0938,0.1669,0.2401,0.3428,0.2555,74.04805223212738,186.76759762285292,96.45716388282104,7.009281676613297,4.351483312498597,0.73633056221217,0.6355441736117313,0.6603894066306414,0.5029547141307854,0.23903490316570594,11.66645598758953,33.797954105542544,19.92463383817529,0.6827816518867951,0.34871466070727125
0,0.12,50.0,0.0,1.0,320.0,50.0,0.5,89.89379743803187,0.0145,0.0288,0.4156,0.2031,0.0641,72.22849637837422,180.5277038938843,91.80364959709428,6.870531969805253,3.979781999043429,0.7182369791349205,0.614310682610736,0.6285293413520102,0.49299865552977223,0.21861667308468447,1.7449334319167107,39.11212320545145,38.3494539863482,0.24805265598894083,0.06553456886069302
1,0.12,50.0,0.0,1.0,320.0,50.0,0.5,89.89379743803187,0.0251,0.0472,0.3922,0.2218,0.0897,72.30679264287593,180.42412158749426,91.71845684114558,6.867180721518595,3.980554710429455,0.7190155537323849,0.6139582064202546,0.6279460731810889,0.49275818493638446,0.2186591195283611,2.9426809407502224,37.530905492608525,35.11166793877791,0.29072398581673736,0.0939349839121786
2,0.12,50.0,0.0,1.0,320.0,50.0,0.5,89.89379743803187,0.0407,0.0745,0.3575,0.2494,0.1275,72.3868271223343,180.34972153754273,91.46596688508237,6.869205481825253,3.97982433251301,0.7198114130626371,0.613705033392037,0.6262174126487582,0.4929034726831469,0.21861899853926517,4.738146086343118,35.659824035517175,30.878184757006412,0.36079865424734325,0.13646407213718775
3,0.12,50.0,0.0,1.0,320.0,50.0,0.5,89.89379743803187,0.0673,0.1207,0.2988,0.2961,0.1916,72.59016007682868,179.98326904369966,91.20326273347716,6.874028927698552,3.982280275823821,0.721833346985082,0.6124580464931758,0.6244188211101481,0.4932495815930548,0.2187539079780292,7.9982148589065964,33.35452747939374,24.2592428730484,0.48967024069593396,0.21436058570279679
4,0.12,50.0,0.0,1.0,320.0,50.0,0.5,89.89379743803187,0.0938,0.1669,0.2401,0.3428,0.2555,72.77585865320826,179.7805870703726,90.83648522795772,6.878610571896804,3.9821066687574924,0.7236799254301022,0.6117683479111753,0.6219076962803771,0.4935783398958734,0.21874437142570702,11.45170577506936,32.10106262132118,18.477668133821687,0.6375005458455664,0.30815994609948205
0,0.12,50.0,0.0,1.0,320.0,90.0,0.9,163.54494133649348,0.0145,0.0288,0.4156,0.2031,0.0641,73.86381146624356,178.43519550386853,87.95473761591559,6.872101177360436,3.3479756267854257,0.734498480170358,0.6071901674226909,0.6021779476648395,0.4931112548478967,0.18391039842694007,1.7962349519310834,37.55154467354031,36.751363990247654,0.22880295695824865,0.06163927991229494
1,0.12,50.0,0.0,1.0,320.0,90.0,0.9,163.54494133649348,0.0251,0.0472,0.3922,0.2218,0.0897,73.95350175756303,178.4835119092622,87.82353984375526,6.875583822157992,3.3479403333894964,0.7353903564674578,0.6073545814341611,0.6012797083281172,0.49336115386742363,0.18390845969642622,3.0079888845701097,36.14791541253853,33.735528457161536,0.269897418650379,0.08853085381337743
2,0.12,50.0,0.0,1.0,320.0,90.0,0.9,163.54494133649348,0.0407,0.0745,0.3575,0.2494,0.1275,73.98760213153422,178.34821522800655,87.63049656613791,6.879107920776072,3.3492695284307077,0.7357294490807129,0.6068941856343786,0.5999580466658001,0.49361402742776844,0.18398147480073598,4.871601556646869,34.32405320378088,29.42429262287277,0.3338864844161326,0.12398406579338087
3,0.12,50.0,0.0,1.0,320.0,90.0,0.9,163.54494133649348,0.0673,0.1207,0.2988,0.2961,0.1916,74.23734512343059,178.0275579364914,87.4637768443735,6.877588770312994,3.3516472772584005,0.7382128823661035,0.6058030334434076,0.5988166079825793,0.49350501998276475,0.18411208887413655,8.211843685817357,32.43487856629653,23.16569080649714,0.45214408725014665,0.1926483693017406
4,0.12,50.0,0.0,1.0,320.0,90.0,0.9,163.54494133649348,0.0938,0.1669,0.2401,0.3428,0.2555,74.3877264860503,177.84421416853044,87.1657142056565,6.88484119864915,3.350908065220225,0.7397082679967327,0.6051791400862155,0.5967759362356865,0.49402542181405884,0.18407148261064551,11.759126157627948,31.488618268632553,17.675474614108953,0.5932805867575512,0.2833762480281105
0,0.12,50.0,15.0,0.9659258262890683,270.0,50.0,0.5,3.5027922523960817,0.0145,0.0288,0.4156,0.2031,0.0641,70.28161448971738,188.25915556085724,103.23604643855838,6.823880620641853,4.7823158101400844,0.6988772715879689,0.64061973794499,0.7068007051635385,0.4896511632952142,0.2627013168822828,1.654483721398692,45.564272027144625,44.85659980564987,0.3159618905741691,0.0882323102387263
1,0.12,50.0,15.0,0.9659258262890683,270.0,50.0,0.5,3.5027922523960817,0.0251,0.0472,0.3922,0.2218,0.0897,70.34783044689638,188.20401352711664,103.13370458542273,6.825944353705561,4.783367650738611,0.6995357201427558,0.6404320972690325,0.7061000265104959,0.4897992475527726,0.26275909640194506,2.7748692500965273,43.37077736472062,41.14205807552371,0.3704406471355889,0.1233884699583215
2,0.12,50.0,15.0,0.9659258262890683,270.0,50.0,0.5,3.5027922523960817,0.0407,0.0745,0.3575,0.2494,0.1275,70.35580766430209,187.93883773673898,102.8465766249953,6.8265509436984075,4.782832509810084,0.699615045240448,0.639529740914384,0.704134218520909,0.4898427737385535,0.2627297001361561,4.467527115924526,40.55625305623507,36.029311945142354,0.44844338471426726,0.17118102376251138
3,0.12,50.0,15.0,0.9659258262890683,270.0,50.0,0.5,3.5027922523960817,0.0673,0.1207,0.2988,0.2961,0.1916,70.52114646250331,187.62081005738116,102.49027079906617,6.829289678415125,4.7838335946506065,0.7012591669501366,0.6384475369280626,0.7016947875497659,0.49003929309675287,0.26278469154959616,7.5775608061502,36.87405708505632,28.176603260805148,0.602325986497282,0.2691431913174721
4,0.12,50.0,15.0,0.9659258262890683,270.0,50.0,0.5,3.5027922523960817,0.0938,0.1669,0.2401,0.3428,0.2555,70.68409176911268,187.21414214296044,102.17568717143857,6.832691090901577,4.782191752935464,0.7028794878851071,0.6370637025430059,0.6995410056343336,0.49028336324883026,0.26269450219410323,10.800651003494274,34.21975138617987,21.290725000163214,0.7823116598026963,0.39703075283770106
0,0.12,50.0,15.0,0.9659258262890683,270.0,90.0,0.9,6.307579202674779,0.0145,0.0288,0.4156,0.2031,0.0641,70.77339874890644,188.4370535446793,102.65626085668526,6.865515377189588,4.7571866988958575,0.7037675525493182,0.6412251000557332,0.7028312306219552,0.49263868727320453,0.2613209290371425,1.6637866716599499,45.22097027126236,44.53092224994545,0.30119519138393996,0.08376773629619999
1,0.12,50.0,15.0,0.9659258262890683,270.0,90.0,0.9,6.307579202674779,0.0251,0.0472,0.3922,0.2218,0.0897,70.79519253562127,188.18518663428526,102.45506997311657,6.867357481615704,4.758971778653329,0.7039842690022258,0.6403680319697059,0.7014537867611671,0.4927708684506464,0.261418986719162,2.776964667340833,42.82589025689213,40.61660730764146,0.3514958402350884,0.11378665355937151
2,0.12,50.0,15.0,0.9659258262890683,270.0,90.0,0.9,6.307579202674779,0.0407,0.0745,0.3575,0.2494,0.1275,70.87595992459991,188.2435373653927,102.28808867250034,6.864910750745378,4.758798549672494,0.70478741635239,0.6405665913967872,0.7003105571907193,0.49259530198289464,0.26140947093576455,4.488920304442469,40.127828270726425,35.60328685099685,0.43147018739541054,0.16220782377280613
3,0.12,50.0,15.0,0.9659258262890683,270.0,90.0,0.9,6.307579202674779,0.0673,0.1207,0.2988,0.2961,0.1916,70.96331052333812,187.81263432228118,101.84323797570983,6.876346932659377,4.758639067739282,0.7056560268497579,0.6391002882375308,0.6972649079525809,0.4934159112650832,0.2614007103027288,7.568487636250875,36.84086350264387,28.136961521136005,0.5804560669193867,0.25613531076872853
4,0.12,50.0,15.0,0.9659258262890683,270.0,90.0,0.9,6.307579202674779,0.0938,0.1669,0.2401,0.3428,0.2555,71.2121432519279,187.48273950117198,101.60701690517448,6.869061123470813,4.7572692698705605,0.7081304085170154,0.6379777020173878,0.6956476315749133,0.4928931141730685,0.2613254648111591,10.890183575861865,34.1731068937282,21.13448218870836,0.7537243758426981,0.38184806303529756
0,0.12,50.0,15.0,0.9659258262890683,285.0,50.0,0.5,10.524269951667252,0.0145,0.0288,0.4156,0.2031,0.0641,70.35198288602408,185.92168542683785,100.70055922286333,6.809666595091441,4.672174828748798,0.6995770118141135,0.6326656519923116,0.6894416119610207,0.48863122837360756,0.25665107218852,1.650623653286265,43.47036711125848,42.75233961767934,0.2923602907459062,0.08240757738446106
1,0.12,50.0,15.0,0.9659258262890683,285.0,50.0,0.5,10.524269951667252,0.0251,0.0472,0.3922,0.2218,0.0897,70.40789549247434,185.8681659724877,100.54450141018512,6.809952359771983,4.672181104668252,0.7001330043041416,0.6324835327284776,0.6883731695336667,0.4886517335694096,0.2566514169362052,2.747797928922063,41.406381324873394,39.20301883323714,0.34351915990257087,0.11449827391271297
2,0.12,50.0,15.0,0.9659258262890683,285.0,50.0,0.5,10.524269951667252,0.0407,0.0745,0.3575,0.2494,0.1275,70.37220413214666,185.67446765904268,100.24243853922786,6.812096129498043,4.674672157473926,0.6997780909927986,0.6318244042923075,0.6863051103860959,0.488805560900009,0.25678825500346253,4.469981825514474,38.92830587619273,34.411298405554064,0.4172344939039945,0.15890842475129727
3,0.12,50.0,15.0,0.9659258262890683,285.0,50.0,0.5,10.524269951667252,0.0673,0.1207,0.2988,0.2961,0.1916,70.52862202316186,185.3202802162916,99.92053067778325,6.818847163399374,4.672472928741032,0.7013335035952829,0.6306191536574438,0.684101183450535,0.4892899849084292,0.2566674473639855,7.538325903598094,35.658813749794234,27.038105249859022,0.5644586264824683,0.253067721545096
4,0.12,50.0,15.0,0.9659258262890683,285.0,50.0,0.5,10.524269951667252,0.0938,0.1669,0.2401,0.3428,0.2555,70.72867712475973,185.06528448203497,99.59940575379747,6.822452375103803,4.669492915443101,0.7033228426932404,0.6297514386187255,0.6819026168592252,0.48954867878118824,0.2565037498064061,10.784808722144483,33.33970202387252,20.460376442958214,0.7330135783263663,0.3698661507545543
0,0.12,50.0,15.0,0.9659258262890683,285.0,90.0,0.9,18.966876247123928,0.0145,0.0288,0.4156,0.2031,0.0641,71.11318662700658,185.81574487627577,99.35185056537996,6.8714974093964845,4.607317938285323,0.7071463882076828,0.6323051510247137,0.6802077419799888,0.49306793115829184,0.2530883650796506,1.6695162751512458,42.65706150627426,41.904149701347244,0.2813096892067717,0.08072226805973148
1,0.12,50.0,15.0,0.9659258262890683,285.0,90.0,0.9,18.966876247123928,0.0251,0.0472,0.3922,0.2218,0.0897,71.10625557884755,185.72914784704443,99.21329366475996,6.871184454577707,4.608625165954659,0.7070774661707917,0.6320104733714134,0.6792591187186188,0.49304547491973905,0.25316017347621683,2.795202894868555,40.627515069821335,38.35767137392399,0.3279608250025476,0.10921242181126926
2,0.12,50.0,15.0,0.9659258262890683,285.0,90.0,0.9,18.966876247123928,0.0407,0.0745,0.3575,0.2494,0.1275,71.19711348481768,185.46215577204794,99.00518883891297,6.8718874287212826,4.608463147581859,0.707980953176428,0.6311019364526744,0.6778343388793004,0.49309591720123597,0.25315127351193517,4.538660676897923,38.25906439351357,33.66354548779745,0.4005892378495332,0.15465233175655577
3,0.12,50.0,15.0,0.9659258262890683,285.0,90.0,0.9,18.966876247123928,0.0673,0.1207,0.2988,0.2961,0.1916,71.32181632261715,185.24452322519528,98.67534319449618,6.880630905081505,4.606618016682557,0.7092209926899387,0.6303613631471282,0.6755760662883633,0.49372330997215824,0.2530499171113313,7.610466581781285,35.17811347396485,26.443310679475722,0.5415291699883367,0.24232992854988247
4,0.12,50.0,15.0,0.9659258262890683,285.0,90.0,0.9,18.966876247123928,0.0938,0.1669,0.2401,0.3428,0.2555,71.51066029044239,184.92736947070935,98.35280816946187,6.87535914709891,4.604801101893973,0.7110988487686271,0.6292821330056684,0.6733678455069732,0.49334503218972164,0.25295011067307566,10.93417974235977,33.1212564762742,20.065005989134196,0.710160550438711,0.35910067435680887
0,0.12,50.0,15.0,0.9659258262890683,300.0,50.0,0.5,28.115555280876997,0.0145,0.0288,0.4156,0.2031,0.0641,70.36470659682774,182.16805200086654,96.57216105466108,6.777248427383026,4.489350368641217,0.6997035358325997,0.6198925592068721,0.661176729324142,0.48630504560272086,0.24660819163957798,1.6495580179046545,40.7713900620027,40.04784455189372,0.2633200449324815,0.07858926838712973
1,0.12,50.0,15.0,0.9659258262890683,300.0,50.0,0.5,28.115555280876997,0.0251,0.0472,0.3922,0.2218,0.0897,70.37447865054364,182.0865258156659,96.37767887735305,6.781598988890484,4.488592415781805,0.6998007087033193,0.6196151369309499,0.6598452163032044,0.48661722244483474,0.24656655590864612,2.740711590814999,39.01483659562001,36.82561712698231,0.31201272554511383,0.10773828133745049
2,0.12,50.0,15.0,0.9659258262890683,300.0,50.0,0.5,28.115555280876997,0.0407,0.0745,0.3575,0.2494,0.1275,70.35636597326064,181.9728073596924,96.2662952039928,6.779927747566399,4.488249452818273,0.6996205970400827,0.6192281688323827,0.6590826332559973,0.4864973016396539,0.24654771632846392,4.453853002692059,36.60206858409228,32.112885636370386,0.3816671191448121,0.15093821232849222
3,0.12,50.0,15.0,0.9659258262890683,300.0,50.0,0.5,28.115555280876997,0.0673,0.1207,0.2988,0.2961,0.1916,70.47359810249496,181.52392626633866,95.90230706961891,6.785075332484022,4.486848443917684,0.7007863481574496,0.6177006888671399,0.6565906057237367,0.48686666931813444,0.24647075635807297,7.510731568062455,34.029074021169976,25.4357217589654,0.5147161188665574,0.2359730127574905
4,0.12,50.0,15.0,0.9659258262890683,300.0,50.0,0.5,28.115555280876997,0.0938,0.1669,0.2401,0.3428,0.2555,70.71312972855287,181.4833754075545,95.6710837820187,6.793600493377744,4.483444539354931,0.7031682400717691,0.6175626999313543,0.6550075464303596,0.48747839674728416,0.24628377368133697,10.768444718615328,31.99219138203511,19.139925236004622,0.6809795169149793,0.34793148428520276
0,0.12,50.0,15.0,0.9659258262890683,300.0,90.0,0.9,50.77481736061284,0.0145,0.0288,0.4156,0.2031,0.0641,71.49265744247036,181.83845229799357,94.39679082990932,6.840646162034361,4.285093587493,0.7109198292432098,0.618770977233065,0.6462831600536315,0.4908541835856458,0.23538799466387864,1.6621959960014756,39.868490982310554,39.13691435632517,0.25016097543994703,0.07208557630969026
1,0.12,50.0,15.0,0.9659258262890683,300.0,90.0,0.9,50.77481736061284,0.0251,0.0472,0.3922,0.2218,0.0897,71.51789607919176,181.62010959444763,94.25451787097768,6.840137015689052,4.28579839808818,0.7111708011324943,0.6180279873630048,0.645309094974934,0.49081764952033496,0.23542671119345493,2.793414722374075,38.088499995077974,35.85746855731752,0.2926802614526969,0.09741412738015157
2,0.12,50.0,15.0,0.9659258262890683,300.0,90.0,0.9,50.77481736061284,0.0407,0.0745,0.3575,0.2494,0.1275,71.59997896421024,181.57086336677727,93.98042368143034,6.841258242593559,4.283790722771578,0.7119870297172002,0.6178604092955744,0.6434325220807116,0.4908981037499194,0.23531642593198704,4.553643999944077,36.064309815052795,31.46570195353935,0.3600723945266619,0.1361388432277675
3,0.12,50.0,15.0,0.9659258262890683,300.0,90.0,0.9,50.77481736061284,0.0673,0.1207,0.2988,0.2961,0.1916,71.66295597911832,181.0425095066472,93.66047740325634,6.8508767819451215,4.2837269171341825,0.7126132703730428,0.6160624945518777,0.6412420250321597,0.49158828712863306,0.2353129209721237,7.592023849006132,33.47230966560009,24.809228562880676,0.49096801977767635,0.2159486456022131
4,0.12,50.0,15.0,0.9659258262890683,300.0,90.0,0.9,50.77481736061284,0.0938,0.1669,0.2401,0.3428,0.2555,71.87157821788276,181.11875224200227,93.48413462775297,6.8568448949853735,4.283180981046213,0.7146878007047498,0.6163219379823863,0.6400347025670315,0.4920165322365555,0.23528293170856668,10.917475927348185,31.75937396437548,18.773754213276376,0.6476227239765928,0.3253777862996025
0,0.12,50.0,15.0,0.9659258262890683,320.0,50.0,0.5,89.89379743803187,0.0145,0.0288,0.4156,0.2031,0.0641,70.25204068748194,174.9323587329684,88.8739426029669,6.69416573878414,3.9069888936430135,0.6985831910042081,0.5952705007931829,0.6084712410972297,0.4803434033373097,0.21461801523609714,1.6366322724396885,36.95247548759857,36.22680132694178,0.2321390888234004,0.06431082206506199
1,0.12,50.0,15.0,0.9659258262890683,320.0,50.0,0.5,89.89379743803187,0.0251,0.0472,0.3922,0.2218,0.0897,70.28915533335973,174.71022608985777,88.73710243756095,6.698760882480634,3.9091549821868354,0.698952257404224,0.5945146142855939,0.6075343713822393,0.48067313030376496,0.21473700242463437,2.702830033539467,35.37484742708081,33.2285084279499,0.27537078382163527,0.08933764486382514
2,0.12,50.0,15.0,0.9659258262890683,320.0,50.0,0.5,89.89379743803187,0.0407,0.0745,0.3575,0.2494,0.1275,70.32761855610246,174.5435477333011,88.53722110591129,6.698808694123481,3.9089493458278133,0.6993347339930458,0.5939474310068825,0.6061658933066759,0.4806765610534865,0.21472570644493358,4.439239787510948,33.58749036616786,29.112896817175105,0.3380502458967366,0.12492951704190122
3,0.12,50.0,15.0,0.9659258262890683,320.0,50.0,0.5,89.89379743803187,0.0673,0.1207,0.2988,0.2961,0.1916,70.44407994105178,174.24200308994185,88.29384125654566,6.707883184062082,3.9094236462839698,0.7004928208632705,0.5929213165008868,0.6044996046886146,0.4813277058788086,0.21475176063277412,7.521666340656001,31.55458896609533,23.01586570355577,0.4562168490017811,0.19842811800055446
4,0.12,50.0,15.0,0.9659258262890683,320.0,50.0,0.5,89.89379743803187,0.0938,0.1669,0.2401,0.3428,0.2555,70.63490800410857,174.2059419153738,88.11369952379337,6.699232962196373,3.9078287202600737,0.7023904066973445,0.5927986053364127,0.6032662728425091,0.4807070046334653,0.21466414844164303,10.711012872052693,30.157999515816023,17.45383108008875,0.6170177521490944,0.2999646050557409
0,0.12,50.0,15.0,0.9659258262890683,320.0,90.0,0.9,163.54494133649348,0.0145,0.0288,0.4156,0.2031,0.0641,71.80231212102828,172.79562631485805,85.22354776498818,6.717527919902385,3.286878959036525,0.7139990216956921,0.5879994973847674,0.5834789856339767,0.482019769000428,0.18055424719980365,1.658525101465019,35.19883123858551,34.43751561737137,0.2179958777333612,0.062019910509085195
1,0.12,50.0,15.0,0.9659258262890683,320.0,90.0,0.9,163.54494133649348,0.0251,0.0472,0.3922,0.2218,0.0897,71.81110257056892,172.73985708806663,85.15381227232488,6.71193356772078,3.2860768025743803,0.7140864335378303,0.587809722458039,0.5830015448844544,0.4816183433006114,0.1805101832844712,2.7762153896249715,33.76863219678833,31.50827765544477,0.2540812681346343,0.08325306374765006
2,0.12,50.0,15.0,0.9659258262890683,320.0,90.0,0.9,163.54494133649348,0.0407,0.0745,0.3575,0.2494,0.1275,71.8539667420722,172.6379927229175,84.97858711284542,6.712048938692406,3.2880369613576628,0.7145126729668274,0.5874630921828029,0.5818018741245305,0.48162662180570365,0.18061785837622796,4.548083724658529,32.37501654184279,27.743737567409084,0.31557679233076974,0.11792983987624003
3,0.12,50.0,15.0,0.9659258262890683,320.0,90.0,0.9,163.54494133649348,0.0673,0.1207,0.2988,0.2961,0.1916,71.97858767414515,172.4761693307101,84.65563375347678,6.720381571408882,3.2880323597885184,0.7157518980134095,0.5869124296729217,0.5795907892369225,0.48222453427366097,0.1806176056036546,7.614951826717754,30.57135934899555,21.972618320391803,0.42833434277009247,0.18132886448843355
4,0.12,50.0,15.0,0.9659258262890683,320.0,90.0,0.9,163.54494133649348,0.0938,0.1669,0.2401,0.3428,0.2555,72.1949214504451,172.2324791377598,84.44056925186304,6.712775916000011,3.2886871998338068,0.7179031115339093,0.5860831858197741,0.5781183603069102,0.4816787864469316,0.18065357715992025,10.954099214818147,29.676269968651322,16.69954922075626,0.5745780955416873,0.26949941872976213
0,0.12,50.0,30.0,0.8660254037844387,270.0,50.0,0.5,3.5027922523960817,0.0145,0.0288,0.4156,0.2031,0.0641,63.627603898756504,169.53365388372504,93.40510549444312,6.344208620317278,4.5784824239198745,0.6327100840426606,0.5768994586228242,0.6394936333467461,0.45523204519859967,0.25150437776105494,1.3398377443237128,37.942036069040505,37.378731303373804,0.24817047845177864,0.06976242531042838
1,0.12,50.0,30.0,0.8660254037844387,270.0,50.0,0.5,3.5027922523960817,0.0251,0.0472,0.3922,0.2218,0.0897,63.67441984875807,169.38848874692803,93.19954273992326,6.345138029471286,4.578773500486669,0.6331756197825756,0.576405481840571,0.6380862576784375,0.45529873544403876,0.2515203671269702,2.2479449722584217,36.067799897404356,34.26551631194515,0.292727487695847,0.09732791542402784
2,0.12,50.0,30.0,0.8660254037844387,270.0,50.0,0.5,3.5027922523960817,0.0407,0.0745,0.3575,0.2494,0.1275,63.72342519445658,169.26064287049974,92.97432646099686,6.34856317514978,4.579636709805426,0.6336629267766404,0.575970440093938,0.6365443250855982,0.45554450858386436,0.2515677847869042,3.6643528494176487,33.865784261477316,30.131935992793075,0.3578846327165387,0.14188853249879826
3,0.12,50.0,30.0,0.8660254037844387,270.0,50.0,0.5,3.5027922523960817,0.0673,0.1207,0.2988,0.2961,0.1916,63.8371829594675,169.05513823240517,92.7419232538986,6.347879027743607,4.5772600776096635,0.634794128969561,0.5752711363760902,0.6349531875292305,0.45549541722486775,0.2514372320521292,6.302124661463597,30.796088048134266,23.57830385958006,0.4749084968406664,0.21518240990838725
4,0.12,50.0,30.0,0.8660254037844387,270.0,50.0,0.5,3.5027922523960817,0.0938,0.1669,0.2401,0.3428,0.2555,63.95668803016292,168.77018640062428,92.57492250906145,6.347951240096281,4.5782421731924146,0.6359824821164678,0.5743014849014589,0.6338098248348446,0.45550059886042915,0.2514911803510571,9.043668609856677,28.704203514355754,17.86593835508051,0.6243327531023658,0.31203374146286467
0,0.12,50.0,30.0,0.8660254037844387,270.0,90.0,0.9,6.307579202674779,0.0145,0.0288,0.4156,0.2031,0.0641,64.0370282625214,169.58538151318822,92.89678288851616,6.3750378254061255,4.56178530275413,0.6367813818400598,0.5770754805556354,0.6360134266872091,0.457444211116268,0.25058717448705037,1.353933441336848,37.64946396739708,37.06749234871258,0.23988693181121376,0.07020714210352795
1,0.12,50.0,30.0,0.8660254037844387,270.0,90.0,0.9,6.307579202674779,0.0251,0.0472,0.3922,0.2218,0.0897,64.11755729570052,169.5592645622962,92.70428246110302,6.376268421748158,4.562227162603714,0.6375821589906768,0.5769866082020623,0.6346954816231188,0.4575325132076909,0.2506114466532919,2.3101528164397336,35.84583683510937,33.99409714396131,0.28613940602609345,0.09992642639566199
2,0.12,50.0,30.0,0.8660254037844387,270.0,90.0,0.9,6.307579202674779,0.0407,0.0745,0.3575,0.2494,0.1275,64.18521044640535,169.36030719179251,92.48312566874603,6.37808025674192,4.562833559423228,0.6382548989344332,0.5763095839257418,0.6331813421129172,0.45766252238600375,0.2506447571349422,3.758369354903103,33.601243412772085,29.779912103988508,0.35109139515868965,0.14273706700229943
3,0.12,50.0,30.0,0.8660254037844387,270.0,90.0,0.9,6.307579202674779,0.0673,0.1207,0.2988,0.2961,0.1916,64.28760744825945,169.1155277101809,92.23123659707034,6.377249431516818,4.562818946011135,0.6392731302000946,0.5754766333746933,0.6314567955071023,0.45760290608252746,0.2506439543936024,6.323945687689872,30.59615941885647,23.31800366435435,0.46423059392941807,0.2159328039732686
4,0.12,50.0,30.0,0.8660254037844387,270.0,90.0,0.9,6.307579202674779,0.0938,0.1669,0.2401,0.3428,0.2555,64.45131046291053,168.9133971982077,91.94446577125001,6.375638793788982,4.562757841615683,0.6409009857503795,0.5747888113390256,0.6294934326226976,0.45748733392045055,0.25064059781787845,9.164834346570498,28.64861673809149,17.705694031394657,0.6113260814079385,0.30903196948570444
0,0.12,50.0,30.0,0.8660254037844387,285.0,50.0,0.5,10.524269951667252,0.0145,0.0288,0.4156,0.2031,0.0641,63.64394581353545,167.42300248552414,90.86934072021614,6.336628057198892,4.473285468576814,0.6328725873217351,0.5697172052998426,0.6221326398528779,0.45468809788244613,0.24572571742205507,1.3639246078213008,36.0811673698903,35.49514579896873,0.2316330787111665,0.0685616991025942
1,0.12,50.0,30.0,0.8660254037844387,285.0,50.0,0.5,10.524269951667252,0.0251,0.0472,0.3922,0.2218,0.0897,63.69244669977296,167.37071754819505,90.74733870402056,6.337814004765767,4.473491914101009,0.6333548779931912,0.5695392869258307,0.6212973588240782,0.45477319617739154,0.2457370578506724,2.2622378329740074,34.425112235581395,32.62336976668269,0.272767976264902,0.09346230105470608
2,0.12,50.0,30.0,0.8660254037844387,285.0,50.0,0.5,10.524269951667252,0.0407,0.0745,0.3575,0.2494,0.1275,63.751770343577135,167.20201239802944,90.63503027724795,6.341672084270142,4.4727008231544305,0.6339447896880711,0.5689652067501968,0.6205284444964074,0.4550500347128853,0.24569360178426222,3.6620919395236355,32.349019945847644,28.627726820629817,0.33317311768633995,0.13475401446264412
3,0.12,50.0,30.0,0.8660254037844387,285.0,50.0,0.5,10.524269951667252,0.0673,0.1207,0.2988,0.2961,0.1916,63.83911762076475,166.88874909826234,90.27679278519207,6.340737057540739,4.47164707709087,0.6348133671560866,0.5678992152853636,0.6180757884645649,0.4549829413753525,0.24563571759393543,6.3287547101318715,29.813171997000662,22.570306901644177,0.4421599607387515,0.20640869135879197
4,0.12,50.0,30.0,0.8660254037844387,285.0,50.0,0.5,10.524269951667252,0.0938,0.1669,0.2401,0.3428,0.2555,64.02945634574137,166.74722226360055,90.10824911427876,6.337337652196262,4.472352776615967,0.6367060870338955,0.5674176191395448,0.6169218621998345,0.45473901524680915,0.24567448295405095,9.035348544191383,27.91418312478335,17.1290622624772,0.5931054647034728,0.29731808472824656
0,0.12,50.0,30.0,0.8660254037844387,285.0,90.0,0.9,18.966876247123928,0.0145,0.0288,0.4156,0.2031,0.0641,64.39837887957098,167.36035652004455,89.79232688050713,6.37697683421381,4.391166877016663,0.6403746364225537,0.5695040297872398,0.6147589155808013,0.457583345718865,0.24121479363537646,1.3853808323079733,35.549288997671404,34.95331963184209,0.21866882573399704,0.06603989944435074
1,0.12,50.0,30.0,0.8660254037844387,285.0,90.0,0.9,18.966876247123928,0.0251,0.0472,0.3922,0.2218,0.0897,64.46257425415591,167.3149185287931,89.70000001395654,6.3716743841882115,4.391065231497737,0.6410129923932328,0.5693494106189899,0.6141268040593442,0.4572028656126487,0.24120921006190763,2.31774172951158,33.91548399084352,32.06102222726372,0.2630003658679703,0.09119081512381812
2,0.12,50.0,30.0,0.8660254037844387,285.0,90.0,0.9,18.966876247123928,0.0407,0.0745,0.3575,0.2494,0.1275,64.54473783088147,167.00667627327257,89.50902171756024,6.3740870653980215,4.390421031877713,0.6418300233727114,0.5683005050697918,0.6128192801932092,0.45737598882900016,0.2411738230035798,3.749538278239365,31.876276768933824,28.09416772038173,0.3198612270874708,0.13348702659908437
3,0.12,50.0,30.0,0.8660254037844387,285.0,90.0,0.9,18.966876247123928,0.0673,0.1207,0.2988,0.2961,0.1916,64.7078241656966,166.81582491209838,89.25540201489893,6.372544166264602,4.390003500807501,0.6434517466859336,0.5676510644164668,0.6110828849042723,0.4572652772855947,0.2411508872614962,6.397609362600834,29.374953828549984,22.045513023933054,0.42318435457337567,0.199001522221144
4,0.12,50.0,30.0,0.8660254037844387,285.0,90.0,0.9,18.966876247123928,0.0938,0.1669,0.2401,0.3428,0.2555,64.79123739601728,166.56381406917782,88.98094855367569,6.37687488424956,4.388741264167667,0.6442812041655905,0.5667935065480588,0.6092038522735272,0.4575760302452557,0.241081550304117,9.199352745862708,27.682969404053438,16.685923605159132,0.5669059545208671,0.2877792060284121
0,0.12,50.0,30.0,0.8660254037844387,300.0,50.0,0.5,28.115555280876997,0.0145,0.0288,0.4156,0.2031,0.0641,63.670984127662734,164.04415359783778,87.1937156700229,6.298279542732349,4.266897549686871,0.6331414551236889,0.5582194522023278,0.5969676469359946,0.45193637994318653,0.23438845316902915,1.3520459276468255,33.83298167926241,33.26919102558088,0.21379658137496002,0.06437222116187816
1,0.12,50.0,30.0,0.8660254037844387,300.0,50.0,0.5,28.115555280876997,0.0251,0.0472,0.3922,0.2218,0.0897,63.71993645341904,163.94024487723826,87.04975147136187,6.298415047961978,4.267176917585373,0.6336282348897891,0.5578658652696639,0.5959820028645464,0.45194610319261147,0.23440379935647151,2.2607268032334034,32.469045841113584,30.667360840461335,0.25507688146614715,0.08888342987310306
2,0.12,50.0,30.0,0.8660254037844387,300.0,50.0,0.5,28.115555280876997,0.0407,0.0745,0.3575,0.2494,0.1275,63.758792206643214,163.75446077945247,86.96886749447825,6.302857388308899,4.26693736416777,0.6340146147843885,0.5572336678092891,0.595428234545534,0.45226486567389573,0.23439064025097403,3.684513970901018,30.567932463321274,26.83654086538286,0.3108331584094012,0.12670637330166465
3,0.12,50.0,30.0,0.8660254037844387,300.0,50.0,0.5,28.115555280876997,0.0673,0.1207,0.2988,0.2961,0.1916,63.834149844896054,163.43567882526278,86.6441713320563,6.298194811064262,4.265942815685504,0.634763967812173,0.5561488971305607,0.5932052176393188,0.45193029997752576,0.2343360078915969,6.29245194802026,28.3143621440106,21.112891354435625,0.4184224717543648,0.19356867505311104
4,0.12,50.0,30.0,0.8660254037844387,300.0,50.0,0.5,28.115555280876997,0.0938,0.1669,0.2401,0.3428,0.2555,64.02737428438346,163.41250020974155,86.45313127987066,6.300097885051612,4.265161276142731,0.6366853831076744,0.5560700235238195,0.5918972709650954,0.4520668560580826,0.23429307650119252,9.060104454783586,26.87050888206374,16.04413944131926,0.5552413412377515,0.2784334523429557
0,0.12,50.0,30.0,0.8660254037844387,300.0,90.0,0.9,50.77481736061284,0.0145,0.0288,0.4156,0.2031,0.0641,64.81284933465882,163.53617318383414,85.24626026196401,6.337321921924518,4.073583660435538,0.6444961123292858,0.5564908654638464,0.5836344856694037,0.4547378865128399,0.22376936917414061,1.399084105501145,33.12902010595146,32.524948878106954,0.19776826566336353,0.061341331953083035
1,0.12,50.0,30.0,0.8660254037844387,300.0,90.0,0.9,50.77481736061284,0.0251,0.0472,0.3922,0.2218,0.0897,64.88629395434971,163.33491334344305,85.06818213342025,6.337612152587578,4.074250240279006,0.6452264423849492,0.5558060062025474,0.5824152821918293,0.45475871216757974,0.22380598561890044,2.3509468810789933,31.701563343874394,29.80916003041705,0.2367109265061687,0.08442411403382166
2,0.12,50.0,30.0,0.8660254037844387,300.0,90.0,0.9,50.77481736061284,0.0407,0.0745,0.3575,0.2494,0.1275,64.92535414605882,163.37614720143154,84.88763773865078,6.344398717812604,4.072873553620043,0.6456148552068169,0.5559463192896871,0.5811791935392835,0.45524568574492524,0.22373036171353705,3.7534287590003337,29.85148097798814,26.047486836071755,0.2908306587710281,0.12030680226993024
3,0.12,50.0,30.0,0.8660254037844387,300.0,90.0,0.9,50.77481736061284,0.0673,0.1207,0.2988,0.2961,0.1916,65.05549164959967,163.1299238670325,84.75385468963454,6.342691281760981,4.071331020820021,0.6469089367965221,0.5551084555083016,0.5802632542269437,0.45512316776792544,0.22364562757761058,6.411454329865258,27.881795920516634,20.56583557590244,0.3900274465418678,0.1820069421307288
4,0.12,50.0,30.0,0.8660254037844387,300.0,90.0,0.9,50.77481736061284,0.0938,0.1669,0.2401,0.3428,0.2555,65.17874056596929,162.8870732384371,84.47082208139128,6.344796943044626,4.070940573333264,0.6481345185795242,0.5542820685759525,0.5783254848722283,0.45527426060708265,0.22362417958609002,9.244927518738315,26.604681117352627,15.623889181749988,0.5229378598114152,0.26396737644630114
0,0.12,50.0,30.0,0.8660254037844387,320.0,50.0,0.5,89.89379743803187,0.0145,0.0288,0.4156,0.2031,0.0641,63.61449060171261,157.32779893898987,80.12701542874254,6.2129715804282775,3.710460029931152,0.6325796859958015,0.5353646308860499,0.5485858182431556,0.44581506198604387,0.20382232683906248,1.3533791300628002,30.475473286305107,29.866346703807345,0.1825267892229328,0.054625580702689865
1,0.12,50.0,30.0,0.8660254037844387,320.0,50.0,0.5,89.89379743803187,0.0251,0.0472,0.3922,0.2218,0.0897,63.70448643575091,157.1685276681439,80.04324141058234,6.215750460368042,3.7110363327145968,0.6334746005962077,0.5348226528904112,0.548012263393346,0.44601446198595707,0.203853984200505,2.2779256533916072,29.246305002475964,27.423006941695483,0.21809634562762661,0.07683265252854676
2,0.12,50.0,30.0,0.8660254037844387,320.0,50.0,0.5,89.89379743803187,0.0407,0.0745,0.3575,0.2494,0.1275,63.68655001917115,157.00405610949568,79.9130706505141,6.222731575716944,3.709941095527835,0.6332962416616223,0.5342629790382326,0.5471210554462975,0.44651539561034487,0.20379382082721823,3.6717808437700157,27.845852511659093,24.128067555556086,0.2726029611138318,0.11156122952099398
3,0.12,50.0,30.0,0.8660254037844387,320.0,50.0,0.5,89.89379743803187,0.0673,0.1207,0.2988,0.2961,0.1916,63.737461925605444,156.84620736061186,79.69091855675366,6.2173986481775785,3.709524178030261,0.63380250741147,0.5337258416870975,0.5456001016521507,0.4461327285740077,0.20377091878979697,6.2831577257518285,26.089066867880746,18.96710350865434,0.3678589787127487,0.1677945848024379
4,0.12,50.0,30.0,0.8660254037844387,320.0,50.0,0.5,89.89379743803187,0.0938,0.1669,0.2401,0.3428,0.2555,63.95818671847197,156.69573392457656,79.53956096559344,6.215467974664732,3.7089295619988603,0.6359973850068467,0.5332138015004014,0.5445638390689301,0.44599419207490065,0.20373825544829263,8.99788114631535,25.140241868147836,14.456436964585704,0.4946233023157342,0.2387902330513416
0,0.12,50.0,30.0,0.8660254037844387,320.0,90.0,0.9,163.54494133649348,0.0145,0.0288,0.4156,0.2031,0.0641,65.07771442920505,155.47663465945678,76.8975314091637,6.2151358390820945,3.0979143447538875,0.6471299191357934,0.5290653761586257,0.526475308773857,0.4459703595104917,0.17017407679973393,1.3803787859891403,29.242210741395535,28.60037813523437,0.17193734447924125,0.04984526195298481
1,0.12,50.0,30.0,0.8660254037844387,320.0,90.0,0.9,163.54494133649348,0.0251,0.0472,0.3922,0.2218,0.0897,65.14190295076926,155.29178688478459,76.62877583001023,6.218155923747157,3.097412442085607,0.6477682069603372,0.5284363648756555,0.5246352864229878,0.44618706728304924,0.17014650637211298,2.327574654810469,28.120013431964566,26.22365130415381,0.20548591764884488,0.06850199154283687
2,0.12,50.0,30.0,0.8660254037844387,320.0,90.0,0.9,163.54494133649348,0.0407,0.0745,0.3575,0.2494,0.1275,65.18813624551393,155.25121620537334,76.58314354970966,6.222611370941415,3.0976523487247865,0.6482279488021016,0.5282983084930309,0.5243228671759581,0.44650677025309676,0.17015968488071495,3.788688175371129,26.868448825107166,23.031129508126764,0.2544329747986682,0.1018601854275793
3,0.12,50.0,30.0,0.8660254037844387,320.0,90.0,0.9,163.54494133649348,0.0673,0.1207,0.2988,0.2961,0.1916,65.34469645787894,155.12013940763026,76.40072905953042,6.22587796780178,3.0969066934170053,0.6497847766418049,0.5278522723702689,0.5230739750037121,0.4467411666386161,0.17011872467669015,6.445221401217521,25.468884053874817,18.18680326829908,0.3457333766538918,0.1556277450329478
4,0.12,50.0,30.0,0.8660254037844387,320.0,90.0,0.9,163.54494133649348,0.0938,0.1669,0.2401,0.3428,0.2555,65.46642495705608,154.81467656020826,76.26546505719494,6.23272091597492,3.0960026003867136,0.6509952394633706,0.5268128247604863,0.5221478964145746,0.4472321860042263,0.1700690612000251,9.264157822093608,24.8196129228045,13.893116374399664,0.4662334953809061,0.2231162657041721
0,0.12,50.0,45.0,0.7071067811865476,270.0,50.0,0.5,3.5027922523960817,0.0145,0.0288,0.4156,0.2031,0.0641,52.83687182236893,138.9967499197874,77.25904008990646,5.442624492816471,4.127448732304369,0.5254075206804333,0.47298661912904877,0.5289503608441994,0.39053839925410966,0.22672827566958728,0.9739245193355521,27.49500060784888,27.08342933939852,0.18062962212771125,0.0451012279449393
1,0.12,50.0,45.0,0.7071067811865476,270.0,50.0,0.5,3.5027922523960817,0.0251,0.0472,0.3922,0.2218,0.0897,52.88908205504225,138.84730640667192,77.1474996188316,5.438952781443753,4.128935896744662,0.5259266969290814,0.4724780836268874,0.5281867042888614,0.39027493366247884,0.2268099683206784,1.6596291254899613,26.174937256386606,24.830823376624892,0.21152375434472132,0.06799607687980541
2,0.12,50.0,45.0,0.7071067811865476,270.0,50.0,0.5,3.5027922523960817,0.0407,0.0745,0.3575,0.2494,0.1275,52.92883316870075,138.69641242654697,77.00567439315337,5.441335067032071,4.128124036338501,0.52632198024831,0.47196461238711085,0.5272157045946896,0.390445875824933,0.22676537135002856,2.6899196876049523,24.45314053624613,21.741395773971778,0.26986942497233984,0.09812231646628877
3,0.12,50.0,45.0,0.7071067811865476,270.0,50.0,0.5,3.5027922523960817,0.0673,0.1207,0.2988,0.2961,0.1916,53.02220986926291,138.60442817903527,76.75273394814162,5.447136375245422,4.127497422972472,0.527250514036166,0.4716516027788373,0.5254839598110971,0.3908621517642729,0.22673095033666035,4.500524711599361,22.24489312227297,17.116569768032917,0.3551360667631751,0.15809865062554052
4,0.12,50.0,45.0,0.7071067811865476,270.0,50.0,0.5,3.5027922523960817,0.0938,0.1669,0.2401,0.3428,0.2555,53.13462377658176,138.45702258353137,76.49798084617512,5.451959175810349,4.126739869873805,0.5283683529675274,0.47115000202703317,0.5237398047574677,0.39120821436973735,0.22668933656531423,6.511957516980127,20.701985394814486,12.899009782800281,0.4577607766661167,0.2252995052034156
0,0.12,50.0,45.0,0.7071067811865476,270.0,90.0,0.9,6.307579202674779,0.0145,0.0288,0.4156,0.2031,0.0641,53.245735743195645,139.08881287262093,76.77953431904272,5.472310125048858,4.104100370150796,0.5294732454579987,0.4732998965605923,0.52566744728185,0.39266850749659166,0.22544570761505126,0.9984426220725972,27.171558437638943,26.744346706656298,0.18211274205271805,0.045423116701754356
1,0.12,50.0,45.0,0.7071067811865476,270.0,90.0,0.9,6.307579202674779,0.0251,0.0472,0.3922,0.2218,0.0897,53.2901608353138,139.05686660249012,76.68962613221274,5.471529996930232,4.104410099271569,0.5299150066126762,0.4731911878439376,0.5250518951366094,0.39261252899080584,0.2254627215997261,1.6803002186854274,25.924115127522306,24.568919027960263,0.21326381919358353,0.06715277975808687
2,0.12,50.0,45.0,0.7071067811865476,270.0,90.0,0.9,6.307579202674779,0.0407,0.0745,0.3575,0.2494,0.1275,53.315381717486346,139.06119958747013,76.48222821322366,5.472576521330563,4.104575582943233,0.5301658019515108,0.4732059323895303,0.5236319551016317,0.3926876229026906,0.2254718119191852,2.691343169613001,24.325212384302418,21.62995420346555,0.2669725203072129,0.09746617831413017
3,0.12,50.0,45.0,0.7071067811865476,270.0,90.0,0.9,6.307579202674779,0.0673,0.1207,0.2988,0.2961,0.1916,53.41389233312822,138.78138722988916,76.24542396262224,5.47344093786255,4.102901328427075,0.5311453871642596,0.47225376983120343,0.5220106860092472,0.39274964956815994,0.22537984206950312,4.563341301103525,22.188411503320573,16.982026896760225,0.3466820318415573,0.15584427447091273
4,0.12,50.0,45.0,0.7071067811865476,270.0,90.0,0.9,6.307579202674779,0.0938,0.1669,0.2401,0.3428,0.2555,53.50443365200933,138.75348374456237,76.0896192188855,5.474249903770674,4.102258934839804,0.53204572604186,0.47215881814928096,0.5209439762064217,0.3928076973447844,0.22534455421984353,6.6118100502344905,20.662937260064584,12.738401909988816,0.4430766454491345,0.22036823066114067
0,0.12,50.0,45.0,0.7071067811865476,285.0,50.0,0.5,10.524269951667252,0.0145,0.0288,0.4156,0.2031,0.0641,52.86337963865408,137.1841439740251,75.18596775329691,5.433339476933636,4.015808773686408,0.5256711132352662,0.466818573051755,0.514757169222485,0.3898721480283054,0.22059568942686422,0.9833004342332147,26.163123152256492,25.738985454934333,0.17123801150520795,0.04453607961267264
1,0.12,50.0,45.0,0.7071067811865476,285.0,50.0,0.5,10.524269951667252,0.0251,0.0472,0.3922,0.2218,0.0897,52.89913416770054,137.03056711130688,75.06355903545054,5.4315974699151965,4.016296003039517,0.5260266546935598,0.46629597233544007,0.5139191037300849,0.389747149393296,0.22062245382256013,1.654821396051716,25.0146557430942,23.683371995210013,0.20025059008415072,0.06478040014476132
2,0.12,50.0,45.0,0.7071067811865476,285.0,50.0,0.5,10.524269951667252,0.0407,0.0745,0.3575,0.2494,0.1275,52.96059286535275,136.9657859490369,74.89526358856337,5.434249856708797,4.016105914396589,0.5266377972696429,0.4660755310449566,0.5127668769193995,0.38993747281060004,0.22061201190721955,2.699633820884677,23.4619725061955,20.75632258376084,0.25775943795797174,0.09491336549474028
3,0.12,50.0,45.0,0.7071067811865476,285.0,50.0,0.5,10.524269951667252,0.0673,0.1207,0.2988,0.2961,0.1916,53.008374963638346,136.75400169559495,74.60447489780607,5.439003596561055,4.016316731174751,0.5271129403454393,0.4653548586689616,0.5107760059128935,0.39027857992809856,0.2206235924567781,4.493406934299815,21.51273346077132,16.390902503373137,0.33316856583270915,0.15119774359050006
4,0.12,50.0,45.0,0.7071067811865476,285.0,50.0,0.5,10.524269951667252,0.0938,0.1669,0.2401,0.3428,0.2555,53.164254239425304,136.6662913631426,74.5146189509326,5.442464478508866,4.015730468012849,0.5286629969818736,0.46505639259955156,0.5101608114260424,0.39052691734283096,0.22059138795360736,6.511659065817856,20.075922850272946,12.279056700473186,0.43556092736650076,0.21652436044183723
0,0.12,50.0,45.0,0.7071067811865476,285.0,90.0,0.9,18.966876247123928,0.0145,0.0288,0.4156,0.2031,0.0641,53.53154285633131,137.18743672256107,74.22026510838593,5.4700721468745295,3.944852179971678,0.53231529877278,0.4668297778173238,0.5081455317765703,0.392507920188957,0.2166979145097797,0.9797983007409758,25.710389215379106,25.293021991879318,0.16163275729654286,0.04373994550094181
1,0.12,50.0,45.0,0.7071067811865476,285.0,90.0,0.9,18.966876247123928,0.0251,0.0472,0.3922,0.2218,0.0897,53.611489909362966,137.13029390718302,74.07449368480728,5.469618889184058,3.9447952778867275,0.5331102887385047,0.46663532875956687,0.5071475146252703,0.3924753964436352,0.21669478877462475,1.6548648632308782,24.554678137654104,23.220865682621493,0.19139374972782153,0.06594874170957649
2,0.12,50.0,45.0,0.7071067811865476,285.0,90.0,0.9,18.966876247123928,0.0407,0.0745,0.3575,0.2494,0.1275,53.6620341116035,137.10156132993154,74.01120785023339,5.470447828870313,3.9446234958123165,0.5336128980540836,0.46653755579307027,0.5067142311545563,0.39253487744927423,0.21668535247243226,2.687397054059186,23.02128073761589,20.31138822087649,0.24110637735449378,0.09466699298175954
3,0.12,50.0,45.0,0.7071067811865476,285.0,90.0,0.9,18.966876247123928,0.0673,0.1207,0.2988,0.2961,0.1916,53.681120504049005,136.92843529301666,73.78328318501269,5.473634804031883,3.9448059519978558,0.5338026922979071,0.46594843195434144,0.5051537557231571,0.39276356053768224,0.21669537512298845,4.572619721226124,21.050136542291348,15.865944072901836,0.3182709774135224,0.14892347677402662
4,0.12,50.0,45.0,0.7071067811865476,285.0,90.0,0.9,18.966876247123928,0.0938,0.1669,0.2401,0.3428,0.2555,53.81667649347191,136.7767399562575,73.62962573129309,5.469739119212976,3.944006961173641,0.5351506550720001,0.46543223380932897,0.50410174723979,0.39248402361295365,0.21665148510191268,6.614396555184295,20.048215520776573,12.123828550191703,0.4151669554592836,0.21452442427875823
0,0.12,50.0,45.0,0.7071067811865476,300.0,50.0,0.5,28.115555280876997,0.0145,0.0288,0.4156,0.2031,0.0641,52.89053168945572,134.175985345779,71.9241737550674,5.405606938250066,3.8234787102394576,0.5259411120296884,0.45658222738037,0.49242545101377866,0.38788218504647026,0.21003064877512884,0.9794537581118932,24.53736848144087,24.117728283721043,0.15608149209925395,0.04019760830501271
1,0.12,50.0,45.0,0.7071067811865476,300.0,50.0,0.5,28.115555280876997,0.0251,0.0472,0.3922,0.2218,0.0897,52.952394993308964,134.1739121965302,71.88012806071997,5.405140565782448,3.8227141375400135,0.5265562779919714,0.4565751727416486,0.4921238942523745,0.3878487202433775,0.20998864940432813,1.6650722502625963,23.466268058097064,22.11321456134293,0.1866091844579824,0.06296086211780313
2,0.12,50.0,45.0,0.7071067811865476,300.0,50.0,0.5,28.115555280876997,0.0407,0.0745,0.3575,0.2494,0.1275,52.95833793252564,134.04471423379422,71.68070176322978,5.40686298033429,3.822717426931487,0.5266153743171642,0.4561355300332535,0.4907585315466445,0.38797231301058316,0.2099888300965923,2.6980263637543684,22.14698175783767,19.436150757358224,0.23436556074253434,0.09090925827547972
3,0.12,50.0,45.0,0.7071067811865476,300.0,50.0,0.5,28.115555280876997,0.0673,0.1207,0.2988,0.2961,0.1916,53.03545667195999,133.96513370053663,71.51169166753436,5.407869626286907,3.824799128629384,0.5273822396573461,0.45586472854044363,0.4896014119267221,0.3880445454233593,0.2101031817619997,4.499260146930403,20.440659378635846,15.34306886581146,0.3077939473823402,0.14371447686156835
4,0.12,50.0,45.0,0.7071067811865476,300.0,50.0,0.5,28.115555280876997,0.0938,0.1669,0.2401,0.3428,0.2555,53.19274574551487,133.83955148140853,71.40601261181897,5.410799579532057,3.823752911280305,0.5289463152605426,0.45543738970495,0.48887788527418685,0.38825478576820777,0.21004571113767048,6.513776967456417,19.400517323992773,11.624938010944543,0.3972698255565751,0.20142511780891884
0,0.12,50.0,45.0,0.7071067811865476,300.0,90.0,0.9,50.77481736061284,0.0145,0.0288,0.4156,0.2031,0.0641,53.8634779974296,134.00595096559704,70.39804900712919,5.46053573947317,3.628325645609329,0.5356160471610926,0.45600362401975636,0.4819769101676099,0.39182363023177225,0.19931053552722386,1.000093794981105,23.76446819819613,23.319081479715116,0.14571316962758885,0.03741178429980651
1,0.12,50.0,45.0,0.7071067811865476,300.0,90.0,0.9,50.77481736061284,0.0251,0.0472,0.3922,0.2218,0.0897,53.94976707165296,133.92784900711425,70.27934792287022,5.459358317804289,3.6281571896594653,0.5364741019055506,0.45573785391138005,0.48116422881306137,0.391739143717147,0.1993012819351102,1.6808146556909938,22.85590773480167,21.508521251762595,0.1728587539386718,0.05658325482815566
2,0.12,50.0,45.0,0.7071067811865476,300.0,90.0,0.9,50.77481736061284,0.0407,0.0745,0.3575,0.2494,0.1275,53.987562479342444,133.88235398909146,70.10281625996035,5.465185256722869,3.6276733250265902,0.5368499377709667,0.4555830406889541,0.4799556131392459,0.3921572588012976,0.19927470236962447,2.7041124165027277,21.67761456533844,18.948952796450754,0.22063599810913348,0.08448996616595975
3,0.12,50.0,45.0,0.7071067811865476,300.0,90.0,0.9,50.77481736061284,0.0673,0.1207,0.2988,0.2961,0.1916,54.04915235139117,133.6790208400632,69.86327130406215,5.4651413809514136,3.62695997103858,0.5374623847394575,0.4548911262465572,0.47831557993778095,0.3921541104721096,0.19923551653592103,4.581729045424845,20.0794895691864,14.87606658964824,0.2918524517642159,0.13236016430894917
4,0.12,50.0,45.0,0.7071067811865476,300.0,90.0,0.9,50.77481736061284,0.0938,0.1669,0.2401,0.3428,0.2555,54.13454262728828,133.61798949424264,69.75940452615994,5.461857967503559,3.6267080402928085,0.5383115018730408,0.4546834450602185,0.47760446095950776,0.39191850740346007,0.19922167752124595,6.612525250448406,19.15263126458847,11.238852696877105,0.3789465026055753,0.1901858172478511
0,0.12,50.0,45.0,0.7071067811865476,320.0,50.0,0.5,89.89379743803187,0.0145,0.0288,0.4156,0.2031,0.0641,52.80207250639542,128.65070356424866,65.91025793405656,5.344230759088537,3.2922821571402245,0.525061477818765,0.4377804615039053,0.4512514610197467,0.3834781048469794,0.1808510547118061,0.9694681644884764,22.087309012230993,21.681628527475446,0.1377768070400209,0.035860922798856644
1,0.12,50.0,45.0,0.7071067811865476,320.0,50.0,0.5,89.89379743803187,0.0251,0.0472,0.3922,0.2218,0.0897,52.89277151755453,128.5002754132123,65.82191259632108,5.3386437676726555,3.2921788439185207,0.5259633847814157,0.43726857541576597,0.45064660884685276,0.38307720732280065,0.18084537952838653,1.6511124888717277,21.16131701502794,19.845449260888387,0.16459127181071723,0.05462549408517033
2,0.12,50.0,45.0,0.7071067811865476,320.0,50.0,0.5,89.89379743803187,0.0407,0.0745,0.3575,0.2494,0.1275,52.95117694708298,128.47255875798845,65.70401031831776,5.343276565196849,3.2914144694132914,0.5265441657940764,0.43717425949071403,0.44983939648152127,0.38340963615957874,0.18080339104475496,2.6850014342323636,20.225736205349207,17.5476035039901,0.2076658691232055,0.07750886830726925
3,0.12,50.0,45.0,0.7071067811865476,320.0,50.0,0.5,89.89379743803187,0.0673,0.1207,0.2988,0.2961,0.1916,53.01222658168727,128.37478854550852,65.51164345639711,5.348007124385191,3.292182854105564,0.5271512406652709,0.4368415610479152,0.4485223658672529,0.383749079936277,0.18084559981526405,4.517953286108616,18.83586153353713,13.740969157009253,0.2740300136713826,0.1221646693187887
4,0.12,50.0,45.0,0.7071067811865476,320.0,50.0,0.5,89.89379743803187,0.0938,0.1669,0.2401,0.3428,0.2555,53.1607961854924,128.22792277079128,65.4570732623738,5.350651712228201,3.294901312663152,0.5286286102462361,0.43634179723121186,0.4481487536170052,0.38393884373575626,0.1809949296946196,6.508927667268614,18.156355860930283,10.420258642873819,0.3478908526245356,0.16973181137174956
0,0.12,50.0,45.0,0.7071067811865476,320.0,90.0,0.9,163.54494133649348,0.0145,0.0288,0.4156,0.2031,0.0641,54.17430155173055,127.2426597651846,63.23320213721925,5.359079578014809,2.730819708592543,0.5387068628623582,0.4329890841768148,0.43292312522772397,0.38454358970303265,0.15000889989202512,0.985489832670301,21.05510768676806,20.604374501307518,0.12581277539157207,0.03469281431904863
1,0.12,50.0,45.0,0.7071067811865476,320.0,90.0,0.9,163.54494133649348,0.0251,0.0472,0.3922,0.2218,0.0897,54.230993948202666,127.10628239512192,63.19302042977199,5.3546184530624865,2.731201456171706,0.5392706095499363,0.4325250109432401,0.4326480230697263,0.3842234793224521,0.15002986998177748,1.6801823718609752,20.29338367149748,18.940878888620883,0.15221511119192366,0.051819712404734
2,0.12,50.0,45.0,0.7071067811865476,320.0,90.0,0.9,163.54494133649348,0.0407,0.0745,0.3575,0.2494,0.1275,54.27230292541925,127.02907378968007,63.050109650883606,5.351705202061012,2.731252573146766,0.5396813841956075,0.43226228079108414,0.4316695911868868,0.38401443745593294,0.15003267793031044,2.7387847314588036,19.370072652769643,16.614768270060477,0.19487746609152845,0.07275500024308909
3,0.12,50.0,45.0,0.7071067811865476,320.0,90.0,0.9,163.54494133649348,0.0673,0.1207,0.2988,0.2961,0.1916,54.35801487009503,126.9812413578483,62.882392577396956,5.351635012447515,2.730854490936636,0.5405336999893245,0.4320995136743718,0.43052132418231026,0.384009400963091,0.15001081054953086,4.566998891523523,18.209658260681692,13.068954713074348,0.2563854068656173,0.11285232008991752
4,0.12,50.0,45.0,0.7071067811865476,320.0,90.0,0.9,163.54494133649348,0.0938,0.1669,0.2401,0.3428,0.2555,54.41485930940479,126.80688430391993,62.79275196210227,5.360546110994033,2.73087887722003,0.5410989585841675,0.43150620085586006,0.4299076039529204,0.3846488215526514,0.15001215013248936,6.633978254701878,17.755282459386414,9.89947699117118,0.327703026643596,0.157608571246761
0,0.12,50.0,60.0,0.5000000000000001,270.0,50.0,0.5,3.5027922523960817,0.0145,0.0288,0.4156,0.2031,0.0641,37.86236249228725,97.08389693966292,55.12617226793193,4.13121092908741,3.345742287867921,0.37650166101912447,0.33036300641463523,0.3774187289817439,0.2964372253416244,0.18378771705290178,0.5752966856721385,15.72186412507593,15.486790800317703,0.10979834253774817,0.02987415372161641
1,0.12,50.0,60.0,0.5000000000000001,270.0,50.0,0.5,3.5027922523960817,0.0251,0.0472,0.3922,0.2218,0.0897,37.90584631304909,97.03414716097508,55.05525895858091,4.130871419290859,3.345884612907174,0.37693406221299147,0.330193714833087,0.37693322436602217,0.29641286363659564,0.18379553522650668,0.9711713280599517,15.006241923461019,14.248958590274881,0.12925344399428546,0.04283492136597655
2,0.12,50.0,60.0,0.5000000000000001,270.0,50.0,0.5,3.5027922523960817,0.0407,0.0745,0.3575,0.2494,0.1275,37.93209628648784,96.95818518972101,54.975777082910305,4.132600482906834,3.3458230891650467,0.3771950907899434,0.32993522680378723,0.3763890554665948,0.29653693351091504,0.18379215561530615,1.545176505066729,13.982903336060978,12.448286570778208,0.15910348614350886,0.05982582655565599
3,0.12,50.0,60.0,0.5000000000000001,270.0,50.0,0.5,3.5027922523960817,0.0673,0.1207,0.2988,0.2961,0.1916,37.97675641736046,96.83473442936841,54.86427492459457,4.131293237682513,3.345136991239283,0.3776391891596185,0.32951514102622925,0.37562566121774854,0.29644313143840156,0.18375446700673997,2.5891975390847093,12.731165705812373,9.802232460932299,0.2095663481039975,0.09506892633585738
4,0.12,50.0,60.0,0.5000000000000001,270.0,50.0,0.5,3.5027922523960817,0.0938,0.1669,0.2401,0.3428,0.2555,38.03784004489656,96.81001306919397,54.73591442270127,4.129126955069406,3.3455471220778423,0.3782466020550262,0.329431017673878,0.37474684711760453,0.2962876886836844,0.18377699624062183,3.7294964207991903,11.86314699124259,7.440353510456005,0.26571212581796616,0.13404483719426327
0,0.12,50.0,60.0,0.5000000000000001,270.0,90.0,0.9,6.307579202674779,0.0145,0.0288,0.4156,0.2031,0.0641,38.17061892684156,97.30484429005833,54.86280275143852,4.162393297315152,3.3234557215958858,0.3795669493949667,0.3311148595358726,0.3756155820539224,0.2986747326671229,0.18256347537985418,0.5792850127827265,15.547297853595873,15.32866911646078,0.1042375191189748,0.02767835168602878
1,0.12,50.0,60.0,0.5000000000000001,270.0,90.0,0.9,6.307579202674779,0.0251,0.0472,0.3922,0.2218,0.0897,38.18816336340967,97.14305600103145,54.769953390669656,4.163161337796523,3.323661624003014,0.37974141049762195,0.3305643164772352,0.3749798933005326,0.298729843818104,0.18257478597406193,0.9876621148574708,14.879251991452099,14.117956898680795,0.12389517242790307,0.040159142539171716
2,0.12,50.0,60.0,0.5000000000000001,270.0,90.0,0.9,6.307579202674779,0.0407,0.0745,0.3575,0.2494,0.1275,38.23559734905639,97.15240293615972,54.665728619394216,4.16356550433307,3.323651004922045,0.38021309195670644,0.3305961227982326,0.3742663233375756,0.29875884500171007,0.1825742026486051,1.5766756864954066,13.850094431721658,12.29080022132256,0.15376518660570093,0.05784324479821753
3,0.12,50.0,60.0,0.5000000000000001,270.0,90.0,0.9,6.307579202674779,0.0673,0.1207,0.2988,0.2961,0.1916,38.29102704520447,97.02264678769302,54.553166909910146,4.163280896141012,3.323129233117589,0.38076428240800986,0.33015458066138487,0.37349567492181024,0.29873842279035095,0.18254554077314886,2.639226097415288,12.711598218587966,9.721853243716078,0.20260694561676468,0.09231945858104598
4,0.12,50.0,60.0,0.5000000000000001,270.0,90.0,0.9,6.307579202674779,0.0938,0.1669,0.2401,0.3428,0.2555,38.3607199969243,96.88009410898123,54.44671067199609,4.160041121452481,3.324177734457085,0.3814573060430032,0.32966949371085835,0.3727668273281406,0.29850595104395855,0.18260313686123122,3.8193122832207234,11.881543596574117,7.353224829730956,0.25528781153437163,0.13282395472426525
0,0.12,50.0,60.0,0.5000000000000001,285.0,50.0,0.5,10.524269951667252,0.0145,0.0288,0.4156,0.2031,0.0641,37.90454938937275,95.70133585440608,53.48262230009634,4.122493179479947,3.2509122989064707,0.3769211656612125,0.32565834322047854,0.36616624192598396,0.29581167860745405,0.17857853305729787,0.5754579042998679,14.909206280261856,14.663151189246616,0.10058581838450126,0.028554307515040782
1,0.12,50.0,60.0,0.5000000000000001,285.0,50.0,0.5,10.524269951667252,0.0251,0.0472,0.3922,0.2218,0.0897,37.922486482595716,95.63255987474865,53.41263953513264,4.124035349637076,3.2516182672304805,0.37709953132430807,0.3254243081217138,0.36568710823836187,0.29592233784278027,0.17861731318302718,0.9751310957963363,14.262197333444535,13.49263566174193,0.11884888175204121,0.04014762939687162
2,0.12,50.0,60.0,0.5000000000000001,285.0,50.0,0.5,10.524269951667252,0.0407,0.0745,0.3575,0.2494,0.1275,37.94219632978448,95.546924745527,53.379756017745244,4.122222075314693,3.2510006173662416,0.3772955251745733,0.3251329036804401,0.36546197279314213,0.2957922253846809,0.1785833845511364,1.5496788464848177,13.397341370579813,11.857406280689947,0.14514276637335471,0.05690188250962133
3,0.12,50.0,60.0,0.5000000000000001,285.0,50.0,0.5,10.524269951667252,0.0673,0.1207,0.2988,0.2961,0.1916,37.96728850723702,95.4955975612358,53.22192889992646,4.121138702996932,3.249339442475154,0.37754504067935446,0.3249582444068865,0.364381416901895,0.29571448743099094,0.1784921331890797,2.608557501963526,12.269088208763847,9.325143362692724,0.19419420735414428,0.09000582839994947
4,0.12,50.0,60.0,0.5000000000000001,285.0,50.0,0.5,10.524269951667252,0.0938,0.1669,0.2401,0.3428,0.2555,38.064096655805926,95.39383244725585,53.13787932205129,4.120976721878097,3.250273666432786,0.3785076966346928,0.324611951869583,0.36380597544554066,0.2957028643901321,0.17854345181245723,3.7444344674630248,11.501767582135088,7.061957059957759,0.24383097388793745,0.1289093832808318
0,0.12,50.0,60.0,0.5000000000000001,285.0,90.0,0.9,18.966876247123928,0.0145,0.0288,0.4156,0.2031,0.0641,38.42604107156493,95.88204855585339,52.86788637944094,4.167765546485,3.1797616682628775,0.3821068559253372,0.32627328342404854,0.3619574815443358,0.29906022124785375,0.1746700993383358,0.5844098971866452,14.665964033441718,14.433385679541416,0.09514939699385036,0.025695088553095817
1,0.12,50.0,60.0,0.5000000000000001,285.0,90.0,0.9,18.966876247123928,0.0251,0.0472,0.3922,0.2218,0.0897,38.47113509919677,95.76755538850787,52.75531251317174,4.169901572604618,3.179915823135425,0.3825552689452297,0.3258836790903689,0.3611867498977165,0.2992134929318771,0.17467856734622775,0.9942405938210107,14.090533390362637,13.31702823083089,0.11234695665070488,0.03651344130050783
2,0.12,50.0,60.0,0.5000000000000001,285.0,90.0,0.9,18.966876247123928,0.0407,0.0745,0.3575,0.2494,0.1275,38.507421648476935,95.75539576372658,52.73843586934282,4.167105692124326,3.179326158869143,0.38291610078923877,0.32584230157745225,0.3610712047546141,0.2990128730491863,0.17464617601419938,1.587626687901499,13.253433437237721,11.686050676445891,0.13770123320849578,0.05162324699816908
3,0.12,50.0,60.0,0.5000000000000001,285.0,90.0,0.9,18.966876247123928,0.0673,0.1207,0.2988,0.2961,0.1916,38.56829943767155,95.5808274898691,52.55738220862758,4.169131264412285,3.17947062116543,0.3835214668372664,0.3252482700068817,0.35983162943687724,0.29915821906009643,0.17465411159122549,2.6449571282451436,12.194835927604416,9.199392895580647,0.18511534588178447,0.0829997917003116
4,0.12,50.0,60.0,0.5000000000000001,285.0,90.0,0.9,18.966876247123928,0.0938,0.1669,0.2401,0.3428,0.2555,38.602842840112324,95.43334452290216,52.43144028154242,4.163109847458681,3.1798973635731627,0.3838649649060637,0.3247464059707437,0.35896937399467155,0.2987261491016774,0.1746775533288546,3.829345827259558,11.483741806378731,6.946166450533559,0.23735570108121706,0.1227597318872883
0,0.12,50.0,60.0,0.5000000000000001,300.0,50.0,0.5,28.115555280876997,0.0145,0.0288,0.4156,0.2031,0.0641,37.90029083872389,93.46330275413295,51.001394301475614,4.098378619394156,3.077908488861842,0.3768788188215731,0.3180426276716764,0.34917863188475295,0.2940813255935631,0.1690751187014306,0.5752282855192772,13.986237088470439,13.741902747285614,0.09037760172890003,0.026554033705809776
1,0.12,50.0,60.0,0.5000000000000001,300.0,50.0,0.5,28.115555280876997,0.0251,0.0472,0.3922,0.2218,0.0897,37.945635650890864,93.45870763447608,50.95033223622976,4.100024533880839,3.077547353140456,0.37732972563181094,0.3180269911182156,0.3488290378721195,0.29419942905813,0.16905528085856372,0.9817966357882417,13.353341319312804,12.577126909181871,0.10738168742260133,0.037081404099658315
2,0.12,50.0,60.0,0.5000000000000001,300.0,50.0,0.5,28.115555280876997,0.0407,0.0745,0.3575,0.2494,0.1275,37.975592096742716,93.30890781222314,50.8671784068951,4.10063438400025,3.0780864094877605,0.3776276112067998,0.31751724314558716,0.3482597291157466,0.2942431891760169,0.1690848922054368,1.5643690652718871,12.66475839607968,11.110987486955628,0.131858099966967,0.05179697412356757
3,0.12,50.0,60.0,0.5000000000000001,300.0,50.0,0.5,28.115555280876997,0.0673,0.1207,0.2988,0.2961,0.1916,37.99308472340327,93.29215757786369,50.77497696858125,4.1009204469318075,3.0770106550352514,0.37780155711402175,0.31746024442638066,0.34762847633277505,0.29426371577297833,0.16902579905422396,2.6288496566549036,11.703100354453031,8.733910686577453,0.17914007431913778,0.08267247297810303
4,0.12,50.0,60.0,0.5000000000000001,300.0,50.0,0.5,28.115555280876997,0.0938,0.1669,0.2401,0.3428,0.2555,38.04258407102333,93.22526438992989,50.65463588741317,4.100245117515971,3.0779074426398076,0.3782937764413844,0.31723261620613935,0.3468045668170192,0.2942152571535424,0.1690750612305489,3.75809786297484,11.02904918175433,6.587299924159957,0.22925849577378812,0.11809190896266222
0,0.12,50.0,60.0,0.5000000000000001,300.0,90.0,0.9,50.77481736061284,0.0145,0.0288,0.4156,0.2031,0.0641,38.74606643537475,93.40724934821075,49.97495557886634,4.156615418259064,2.8962330524142073,0.38528917401410384,0.31785188572286743,0.34215116775787774,0.2982601378993548,0.1590953561147019,0.5910213226391886,13.670709974918067,13.427982278369935,0.08804429417343136,0.024728907965208775
1,0.12,50.0,60.0,0.5000000000000001,300.0,90.0,0.9,50.77481736061284,0.0251,0.0472,0.3922,0.2218,0.0897,38.74051888944223,93.44493139263722,49.85432999046788,4.158280316085988,2.896211440182341,0.3852340094622722,0.31798011248216523,0.3413253103768365,0.29837960352354154,0.15909416891544584,0.9974720732432923,13.072323591343217,12.28487105626648,0.10385389208184306,0.03501638786470802
2,0.12,50.0,60.0,0.5000000000000001,300.0,90.0,0.9,50.77481736061284,0.0407,0.0745,0.3575,0.2494,0.1275,38.79845675893364,93.30021820846329,49.79697298780229,4.1557536025579065,2.89677284449523,0.38581014107856715,0.3174876736318661,0.3409326183731357,0.2981982978578773,0.15912500787676803,1.5812677228584655,12.368769812684102,10.809945232255583,0.12878845552435936,0.04939611087029673
3,0.12,50.0,60.0,0.5000000000000001,300.0,90.0,0.9,50.77481736061284,0.0673,0.1207,0.2988,0.2961,0.1916,38.855183748016586,93.17967274247401,49.665232629813204,4.155419198395082,2.8973002689641842,0.38637423175354,0.3170774741671843,0.3400306642482206,0.29817430251029714,0.15915398026337965,2.6561320968496425,11.435096311314068,8.442405698915453,0.17005730698719523,0.07832386301978682
4,0.12,50.0,60.0,0.5000000000000001,300.0,90.0,0.9,50.77481736061284,0.0938,0.1669,0.2401,0.3428,0.2555,38.87701807352394,93.13069194109171,49.57746165572284,4.152336625661871,2.8970716074544134,0.38659135132241074,0.31691079930851734,0.33942974442883483,0.29795311087335774,0.15914141947021543,3.8843627989555145,11.006781081319055,6.44136827951868,0.21877232532434102,0.11216631954104161
0,0.12,50.0,60.0,0.5000000000000001,320.0,50.0,0.5,89.89379743803187,0.0145,0.0288,0.4156,0.2031,0.0641,37.89109039931827,89.17718030218626,46.53869532570688,4.018523937855711,2.607980717192963,0.3767873300583184,0.3034575487479657,0.31862497459332223,0.28835131068216646,0.14326113038321558,0.5823060560232192,12.519317082746353,12.250631107421508,0.08223686651660911,0.022783962965907054
1,0.12,50.0,60.0,0.5000000000000001,320.0,50.0,0.5,89.89379743803187,0.0251,0.0472,0.3922,0.2218,0.0897,37.92243064352657,89.03530931479098,46.472966548655975,4.019309757491621,2.6067601425250264,0.37709897606306975,0.30297478149823276,0.3181749656325784,0.28840769758578544,0.1431940819938264,0.9711000347012475,12.054454017504936,11.270488967490525,0.09759402976949536,0.03224468691564019
2,0.12,50.0,60.0,0.5000000000000001,320.0,50.0,0.5,89.89379743803187,0.0407,0.0745,0.3575,0.2494,0.1275,37.94209554020691,88.94463596070962,46.36828679631544,4.018799659111276,2.6064857301339632,0.3772945229274638,0.3026662326780856,0.3174582806632962,0.288371095206697,0.1431790080214325,1.5538419049094592,11.459872763553541,9.901119008133412,0.11835040091698774,0.044141109031045594
3,0.12,50.0,60.0,0.5000000000000001,320.0,50.0,0.5,89.89379743803187,0.0673,0.1207,0.2988,0.2961,0.1916,37.959849708608445,88.98505302480444,46.28688353609129,4.022310722432019,2.6060774281297605,0.3774710695942111,0.30280376632914124,0.31690095709547356,0.28862303341238665,0.14315657924875247,2.6211444561684094,10.759429880471526,7.801759197909776,0.15729344301888853,0.06955457280535884
4,0.12,50.0,60.0,0.5000000000000001,320.0,50.0,0.5,89.89379743803187,0.0938,0.1669,0.2401,0.3428,0.2555,38.015399111267854,88.92750537674861,46.21209662853824,4.02154645197215,2.607138951767332,0.3780234504017782,0.30260793968205446,0.31638893207302216,0.28856819278129253,0.14321489067538398,3.7669219871834096,10.341975130069976,5.915099160537837,0.20266372923290732,0.10112667318464734
0,0.12,50.0,60.0,0.5000000000000001,320.0,90.0,0.9,163.54494133649348,0.0145,0.0288,0.4156,0.2031,0.0641,38.99494423931483,88.43513028434116,44.66253075274554,4.057287691309512,2.071403850347585,0.38776400390865473,0.30093245568379157,0.3057799026546061,0.2911328243145895,0.11378598588732725,0.5846212726164519,11.992344292769543,11.724791826937267,0.07342298203684279,0.019876284711287776
1,0.12,50.0,60.0,0.5000000000000001,320.0,90.0,0.9,163.54494133649348,0.0251,0.0472,0.3922,0.2218,0.0897,39.04990194239816,88.43960252061005,44.59307250044311,4.0595119785196845,2.072391912767294,0.38831050088176045,0.3009476740821641,0.30530436001809097,0.29129242921984955,0.11384026195547588,0.9805280617685993,11.572290498510128,10.767168406560472,0.08645439937485967,0.027998081765707766
2,0.12,50.0,60.0,0.5000000000000001,320.0,90.0,0.9,163.54494133649348,0.0407,0.0745,0.3575,0.2494,0.1275,39.06217624909819,88.25584774088759,44.49156257771987,4.058257537202221,2.0734809406677526,0.3884325560456811,0.30032238210907924,0.3046093771372366,0.2912024161196022,0.11390008424135785,1.5960183075083827,11.054924982242767,9.454225112302915,0.10678424703789352,0.03873785453505037
3,0.12,50.0,60.0,0.5000000000000001,320.0,90.0,0.9,163.54494133649348,0.0673,0.1207,0.2988,0.2961,0.1916,39.0855701710096,88.16719761467888,44.441227891006996,4.058924100846227,2.0727557176690588,0.38866518417233836,0.3000207180521497,0.304264763087298,0.2912502457464439,0.11386024642128201,2.7059996699109723,10.46708382097173,7.424481249513874,0.14451647206293328,0.0624257970797576
4,0.12,50.0,60.0,0.5000000000000001,320.0,90.0,0.9,163.54494133649348,0.0938,0.1669,0.2401,0.3428,0.2555,39.12074728518654,88.13466494322552,44.36716150649503,4.0551569053216125,2.072155369787895,0.38901498384266203,0.2999100138933054,0.30375767109174073,0.29097992863898925,0.11382726821883148,3.8932215360699685,10.2005516516684,5.636585519236058,0.18662812280991586,0.09102090191680401
0,0.12,50.0,65.0,0.42261826174069944,270.0,50.0,0.5,3.5027922523960817,0.0145,0.0288,0.4156,0.2031,0.0641,32.12380328071964,80.83913661057268,46.58676108189326,3.5574105186836107,2.9503846540681713,0.3194376815737869,0.27508434507145896,0.3189540545178132,0.2552638733923542,0.16207000221306664,0.44148342602397544,11.940717689163245,11.769631597072202,0.08143763251585989,0.023109530004308133
1,0.12,50.0,65.0,0.42261826174069944,270.0,50.0,0.5,3.5027922523960817,0.0251,0.0472,0.3922,0.2218,0.0897,32.14090129116302,80.83641530008435,46.53198234822472,3.556996731349743,2.9503811416581907,0.3196077034347673,0.2750750848301352,0.31857901451075593,0.25523418186334756,0.16206980926998968,0.728739052720434,11.294744780524137,10.738056727910848,0.09491075618892228,0.03075353072740436
2,0.12,50.0,65.0,0.42261826174069944,270.0,50.0,0.5,3.5027922523960817,0.0407,0.0745,0.3575,0.2494,0.1275,32.18277448503625,80.77195215856136,46.45172984798553,3.555088598052694,2.95079688599086,0.3200240886259623,0.2748557257200482,0.318029569566698,0.25509726274934724,0.16209264686332617,1.1907559360673257,10.63437104158946,9.460176128387658,0.11779637848669731,0.04457548949673128
3,0.12,50.0,65.0,0.42261826174069944,270.0,50.0,0.5,3.5027922523960817,0.0673,0.1207,0.2988,0.2961,0.1916,32.16011387984966,80.67201398275822,46.380759322681946,3.55615142182241,2.9513809150727623,0.31979875256844115,0.274515649999412,0.31754367322466537,0.2551735262311035,0.16212472864441388,2.0139940202213777,9.630166415015667,7.392030258175002,0.1524465222900999,0.06736140258911974
4,0.12,50.0,65.0,0.42261826174069944,270.0,50.0,0.5,3.5027922523960817,0.0938,0.1669,0.2401,0.3428,0.2555,32.20598912260742,80.5908512250484,46.297596303358354,3.554254676439261,2.9518035947929415,0.3202549339570555,0.27423946441672387,0.3169743015494683,0.2550374242628885,0.16214794721121684,2.910003573104701,9.05027823748671,5.628208705327506,0.20017304212622694,0.09827664535860403
0,0.12,50.0,65.0,0.42261826174069944,270.0,90.0,0.9,6.307579202674779,0.0145,0.0288,0.4156,0.2031,0.0641,32.42431698585384,81.06727769433974,46.32676056060263,3.5855258673867043,2.930034894326762,0.3224259765901131,0.2758606774674156,0.31717397325617297,0.2572813051096203,0.16095215285000886,0.4350231625101339,11.817695249450336,11.655300519742323,0.07493181359497705,0.02256462733534167
1,0.12,50.0,65.0,0.42261826174069944,270.0,90.0,0.9,6.307579202674779,0.0251,0.0472,0.3922,0.2218,0.0897,32.44891712693572,81.01810375030287,46.249332241347425,3.5840421842501557,2.9300363087805716,0.3226705993069474,0.27569334537114243,0.31664386393353655,0.2571748426413914,0.16095223054853258,0.7330872680995937,11.253893844546704,10.694130927663137,0.08988524740462116,0.03118656339051238
2,0.12,50.0,65.0,0.42261826174069944,270.0,90.0,0.9,6.307579202674779,0.0407,0.0745,0.3575,0.2494,0.1275,32.48928372573104,80.98144819778007,46.21388059094525,3.5814883943319806,2.929865114507226,0.3230720029832032,0.2755686116211082,0.3164011458871962,0.25699159409503447,0.16094282653532305,1.2116595444262315,10.566556858040478,9.366811146459288,0.11125215067099394,0.0444898618171207
3,0.12,50.0,65.0,0.42261826174069944,270.0,90.0,0.9,6.307579202674779,0.0673,0.1207,0.2988,0.2961,0.1916,32.488916029707575,80.91256355200433,46.14744232527114,3.581755024167533,2.9304054688884524,0.3230683466301794,0.27533420674664766,0.3159462794461779,0.2570107262599133,0.1609725091855634,2.045016338897744,9.6197218517655,7.332898018800638,0.14675566651931093,0.06712745992205629
4,0.12,50.0,65.0,0.42261826174069944,270.0,90.0,0.9,6.307579202674779,0.0938,0.1669,0.2401,0.3428,0.2555,32.51107445257008,80.8568759545649,46.05774035362715,3.5824600385970786,2.9308139709413603,0.323288689008841,0.27514470959325743,0.3153321391434469,0.2570613149432092,0.16099494894728314,2.9371283986306778,9.0058285859662,5.57521059471155,0.19303796423231862,0.09869803232381535
0,0.12,50.0,65.0,0.42261826174069944,285.0,50.0,0.5,10.524269951667252,0.0145,0.0288,0.4156,0.2031,0.0641,32.13716609181087,79.55833607982753,45.09518529252379,3.544286263499928,2.8782192951147714,0.31957056077731666,0.27072595889936907,0.308742051481077,0.2543221355198254,0.15810582762004965,0.4391499060781506,11.313382958669788,11.143438846841597,0.07218423002416507,0.02099064766035412
1,0.12,50.0,65.0,0.42261826174069944,285.0,50.0,0.5,10.524269951667252,0.0251,0.0472,0.3922,0.2218,0.0897,32.152550199416176,79.50975405130238,45.03761984516293,3.545255616408613,2.8782214938311927,0.31972353966414324,0.2705606410093047,0.30834793237063696,0.25439169195050876,0.15810594839954692,0.7342426152817487,10.847802391213616,10.287091435642264,0.08461245109970614,0.027539413639785782
2,0.12,50.0,65.0,0.42261826174069944,285.0,50.0,0.5,10.524269951667252,0.0407,0.0745,0.3575,0.2494,0.1275,32.188568505666105,79.52514438467534,45.00896454018971,3.5423858202558565,2.8775197284269796,0.32008170411130255,0.27061301217448336,0.30815174518156435,0.25418576820964395,0.15806739914785628,1.1896827284151104,10.119059434576139,8.938884380985577,0.10585262954482944,0.04100544879778914
3,0.12,50.0,65.0,0.42261826174069944,285.0,50.0,0.5,10.524269951667252,0.0673,0.1207,0.2988,0.2961,0.1916,32.19770026718745,79.49680184008204,44.95351643193778,3.540467652255986,2.878562848190452,0.32017250994470814,0.2705165664349072,0.3077721223331073,0.254048129050235,0.15812469961616687,2.0192550530412077,9.312527858785456,7.062097406363495,0.13955732203472698,0.06289496270945369
4,0.12,50.0,65.0,0.42261826174069944,285.0,50.0,0.5,10.524269951667252,0.0938,0.1669,0.2401,0.3428,0.2555,32.23354512430813,79.39881989951178,44.87487200192688,3.539417125596291,2.8774806833865725,0.32052894962138384,0.2701831475108476,0.3072336869657478,0.2539727479541126,0.15806525433267887,2.898680678184327,8.729669182609545,5.3273644944898315,0.18391481034743498,0.09247247276992547
0,0.12,50.0,65.0,0.42261826174069944,285.0,90.0,0.9,18.966876247123928,0.0145,0.0288,0.4156,0.2031,0.0641,32.64387947874367,79.79336521299355,44.54995281106294,3.5874880784471705,2.813587862214503,0.32460929632583635,0.2715257303699767,0.3050091431058618,0.257422104602138,0.15455550530572468,0.44785706184741014,11.184611188030013,11.009889195179966,0.07024092977120563,0.019797746992225116
1,0.12,50.0,65.0,0.42261826174069944,285.0,90.0,0.9,18.966876247123928,0.0251,0.0472,0.3922,0.2218,0.0897,32.656832725122854,79.72700079957048,44.51079568805016,3.58494432256316,2.8135295913981793,0.32473810283595167,0.27129990149589456,0.30474105571669513,0.25723957605320985,0.1545523043836627,0.7502507958795044,10.662119720872964,10.079278190549763,0.0832660718426622,0.027334322381261173
2,0.12,50.0,65.0,0.42261826174069944,285.0,90.0,0.9,18.966876247123928,0.0407,0.0745,0.3575,0.2494,0.1275,32.69491484383045,79.69485785163454,44.423442552083955,3.5834054701054523,2.8141927772867823,0.32511678974307373,0.2711905235120076,0.3041429966062476,0.25712915488116045,0.15458873439230084,1.20870721137958,10.00139659668824,8.812929677097824,0.10314576173278141,0.040139973492838155
3,0.12,50.0,65.0,0.42261826174069944,285.0,90.0,0.9,18.966876247123928,0.0673,0.1207,0.2988,0.2961,0.1916,32.73228318277971,79.60791071129853,44.383683230846145,3.586835467683034,2.8143680987161344,0.32548837885579185,0.2708946544792842,0.30387078629543884,0.2573752761715714,0.15459836511770605,2.0403387154615364,9.211078292023236,6.927737291416694,0.1346907323082076,0.06002626068884945
4,0.12,50.0,65.0,0.42261826174069944,285.0,90.0,0.9,18.966876247123928,0.0938,0.1669,0.2401,0.3428,0.2555,32.74767066846588,79.62059290069837,44.3212732022925,3.5862859867092753,2.8145457237256397,0.3256413913341054,0.2709378102069602,0.3034434989891854,0.2573358478736619,0.1546081223829643,2.9369959190029737,8.666230501072768,5.218813985761522,0.17801955376436704,0.08909346733296163
0,0.12,50.0,65.0,0.42261826174069944,300.0,50.0,0.5,28.115555280876997,0.0145,0.0288,0.4156,0.2031,0.0641,32.15576785823529,77.66647525019035,42.94494293275454,3.5272345533499085,2.711419319785364,0.31975553592138256,0.2642882194688489,0.2940205189487175,0.25309858103883504,0.14894320120335466,0.4438779125449561,10.567660135505818,10.387376568435215,0.06894881703907652,0.01954022524367898
1,0.12,50.0,65.0,0.42261826174069944,300.0,50.0,0.5,28.115555280876997,0.0251,0.0472,0.3922,0.2218,0.0897,32.1833949786664,77.70485122939274,42.89588313464213,3.5259742519592407,2.71093540656014,0.3200302587872261,0.26441880759173075,0.29368463336323386,0.25300814744593536,0.1489166189686027,0.7349394394443542,10.131491949084154,9.568353146013626,0.08226060637514965,0.027346208681313367
2,0.12,50.0,65.0,0.42261826174069944,300.0,50.0,0.5,28.115555280876997,0.0407,0.0745,0.3575,0.2494,0.1275,32.21138836118689,77.62656253301692,42.812299498417886,3.5259582892830426,2.7113915799687973,0.3203086237471161,0.26415240204026147,0.29311238195433675,0.25300700203566157,0.14894167740471162,1.1960775430239745,9.549738815446275,8.374906788950153,0.10141845392257934,0.039331205743942645
3,0.12,50.0,65.0,0.42261826174069944,300.0,50.0,0.5,28.115555280876997,0.0673,0.1207,0.2988,0.2961,0.1916,32.21762409875403,77.54322524255855,42.7910886400689,3.5222341478599866,2.712145461381294,0.32037063164617907,0.2638688168248947,0.2929671628166869,0.2527397742980369,0.1489830894836496,2.023716239027609,8.83196246616631,6.582923775179545,0.13165819356087471,0.06048313674102853
4,0.12,50.0,65.0,0.42261826174069944,300.0,50.0,0.5,28.115555280876997,0.0938,0.1669,0.2401,0.3428,0.2555,32.24130345997167,77.51687395771864,42.73481811502595,3.522965525154997,2.711074175762748,0.32060609816869545,0.26377914706546995,0.2925819093306,0.25279225466268834,0.14892424181362487,2.914682613402761,8.39410885044692,4.988553424793107,0.171322499762792,0.08678915315028038
0,0.12,50.0,65.0,0.42261826174069944,300.0,90.0,0.9,50.77481736061284,0.0145,0.0288,0.4156,0.2031,0.0641,32.914104301207054,77.83420602950736,42.05245662671241,3.576475514308395,2.552582081250462,0.32729640003012284,0.2648589839959246,0.28791015370110207,0.2566318922374751,0.14021798242031452,0.45057206584032283,10.323847205632926,10.132284031122722,0.06412136014086911,0.01886257540472171
1,0.12,50.0,65.0,0.42261826174069944,300.0,90.0,0.9,50.77481736061284,0.0251,0.0472,0.3922,0.2218,0.0897,32.90933088319274,77.76458830897876,41.96755896344584,3.5755846480221836,2.5524881919890605,0.32724893337213246,0.2646220845699791,0.28732890586826043,0.25656796765590134,0.14021282491219703,0.7593317204661654,9.94135349616184,9.34939312981956,0.07649820114179837,0.02539911321224328
2,0.12,50.0,65.0,0.42261826174069944,300.0,90.0,0.9,50.77481736061284,0.0407,0.0745,0.3575,0.2494,0.1275,32.948700302419034,77.7119711084252,41.949557524241165,3.57599944091583,2.5520194900286945,0.3276404211387788,0.26444303555039966,0.28720565986686114,0.25659773133938174,0.1401870782599261,1.2160069441528172,9.353685199399742,8.145488892464547,0.09601167383033214,0.036947817697681934
3,0.12,50.0,65.0,0.42261826174069944,300.0,90.0,0.9,50.77481736061284,0.0673,0.1207,0.2988,0.2961,0.1916,32.96885250875756,77.68383211283428,41.86793704943392,3.5766291642072265,2.55253682395992,0.3278408137888993,0.26434728245978484,0.2866468491496774,0.25664291746723594,0.14021549635492364,2.0645555782883624,8.672360840004256,6.372937712461397,0.1253204169467073,0.05594573584961214
4,0.12,50.0,65.0,0.42261826174069944,300.0,90.0,0.9,50.77481736061284,0.0938,0.1669,0.2401,0.3428,0.2555,33.000016150292225,77.61104732116547,41.80577872446314,3.5753665743651695,2.5520319496563855,0.32815070366446103,0.2640996059309789,0.2862212851200894,0.2565523196652964,0.1401877626899663,2.9619544071095087,8.28861873327793,4.820931287720661,0.16444572454133838,0.08180212763445273
0,0.12,50.0,65.0,0.42261826174069944,320.0,50.0,0.5,89.89379743803187,0.0145,0.0288,0.4156,0.2031,0.0641,32.11989486845798,73.97598611717957,39.052974326819125,3.471328312587939,2.2690733355382933,0.3193988164948114,0.2517299979351613,0.26737434011827677,0.24908699916242377,0.12464433069946564,0.44015022080214444,9.445034298975491,9.251574219069951,0.059560969589768704,0.015618263504640711
1,0.12,50.0,65.0,0.42261826174069944,320.0,50.0,0.5,89.89379743803187,0.0251,0.0472,0.3922,0.2218,0.0897,32.142072256086706,73.95703530595232,39.0030727888493,3.4727186269831707,2.2687518239122273,0.3196193474582709,0.2516655109587586,0.2670326916007039,0.24918676190723382,0.12462666948031709,0.7325661964395684,9.101438867645518,8.521249276250948,0.0704671389494712,0.022338792380668954
2,0.12,50.0,65.0,0.42261826174069944,320.0,50.0,0.5,89.89379743803187,0.0407,0.0745,0.3575,0.2494,0.1275,32.18222525271489,73.93891389457954,38.94268618640865,3.47250882897233,2.2692945795410857,0.3200186270840071,0.2516038463147723,0.2666192575855522,0.24917170773999728,0.12465648403546295,1.1921914025563112,8.663269131923226,7.472037710153866,0.08857797909918261,0.03294903701536206
3,0.12,50.0,65.0,0.42261826174069944,320.0,50.0,0.5,89.89379743803187,0.0673,0.1207,0.2988,0.2961,0.1916,32.18819733330321,73.82713780471266,38.88892878325262,3.469947359613615,2.269400055851496,0.32007801318971296,0.25122348781807285,0.26625121006950303,0.2489879081513225,0.12466227804128455,2.0161592774515826,8.110048436874923,5.870294474372029,0.11722682116768121,0.05096417609605628
4,0.12,50.0,65.0,0.42261826174069944,320.0,50.0,0.5,89.89379743803187,0.0938,0.1669,0.2401,0.3428,0.2555,32.236772070897366,73.83840624327156,38.84671188733011,3.4719777247900696,2.2696342005809487,0.3205610382357991,0.2512618327481515,0.2659621740899472,0.24913359807848182,0.12467514003769178,2.876616435993565,7.817912139466607,4.457630795407762,0.152152852448052,0.07314270886885547
0,0.12,50.0,65.0,0.42261826174069944,320.0,90.0,0.9,163.54494133649348,0.0145,0.0288,0.4156,0.2031,0.0641,33.16469773220368,73.43881898776003,37.522432413305694,3.490852641578874,1.7629889422229714,0.3297882900443798,0.249902092861136,0.256895557357088,0.25048797771618847,0.09684419330669654,0.4465760909277112,9.12130403679768,8.91626303438213,0.05625444781362044,0.014670903708870567
1,0.12,50.0,65.0,0.42261826174069944,320.0,90.0,0.9,163.54494133649348,0.0251,0.0472,0.3922,0.2218,0.0897,33.15673295621346,73.49510410782966,37.52372754928092,3.4960438035093038,1.7629016385115401,0.32970908866357396,0.2500936233009799,0.25690442444423595,0.25086047228627223,0.09683939755483234,0.7464729596410653,8.736854721235924,8.142535945945419,0.06635542801398273,0.020260805817268805
2,0.12,50.0,65.0,0.42261826174069944,320.0,90.0,0.9,163.54494133649348,0.0407,0.0745,0.3575,0.2494,0.1275,33.18249214557359,73.37529789945984,37.46076774344697,3.491056054361577,1.7631946984756393,0.3299652369053159,0.2496859394272187,0.25647337311385704,0.2505025737080026,0.09685549587237362,1.199967186602359,8.373053583779285,7.176677907128017,0.0800273962333107,0.02884516014178763
3,0.12,50.0,65.0,0.42261826174069944,320.0,90.0,0.9,163.54494133649348,0.0673,0.1207,0.2988,0.2961,0.1916,33.217085026403005,73.35616803389325,37.351762295849085,3.4955986471003673,1.7636045543826115,0.33030922698502535,0.24962084315378819,0.25572707247675636,0.250828529852692,0.0968780100037627,2.0591554474141884,7.917264845678792,5.630453435872594,0.10674188924657607,0.04441206724530415
4,0.12,50.0,65.0,0.42261826174069944,320.0,90.0,0.9,163.54494133649348,0.0938,0.1669,0.2401,0.3428,0.2555,33.27994110990884,73.3242972839716,37.28366751164696,3.495472990369718,1.7634685400032144,0.33093426510434304,0.2495123914219078,0.25526086476004894,0.25081951328752056,0.0968705384861965,2.9603763592696124,7.6562820836313215,4.207581502135805,0.14091999482728473,0.06540721804182054
