Timestamp,AOD_550nm,site_name,lat,lon,height
2023-02-23 01:13:26,0.221043,Ejina,41.95,101.06666666666666,940.5
2023-02-23 09:06:36,0.25434,Ejina,41.95,101.06666666666666,940.5
2023-02-24 02:00:54,0.101246,Ejina,41.95,101.06666666666666,940.5
2023-02-25 01:33:13,0.128493,Ejina,41.95,101.06666666666666,940.5
2023-02-25 01:58:44,0.130988,Ejina,41.95,101.06666666666666,940.5
2023-02-25 08:15:14,0.113977,Ejina,41.95,101.06666666666666,940.5
2023-02-25 08:30:16,0.109466,Ejina,41.95,101.06666666666666,940.5
2023-02-25 08:40:58,0.110232,Ejina,41.95,101.06666666666666,940.5
2023-02-25 09:09:52,0.110555,Ejina,41.95,101.06666666666666,940.5
2023-02-25 09:30:17,0.107495,Ejina,41.95,101.06666666666666,940.5
2023-02-25 09:43:41,0.106341,Ejina,41.95,101.06666666666666,940.5
2023-02-25 09:50:49,0.103518,Ejina,41.95,101.06666666666666,940.5
2023-02-26 02:07:04,0.285183,Ejina,41.95,101.06666666666666,940.5
2023-02-26 07:30:09,0.22957,Ejina,41.95,101.06666666666666,940.5
2023-02-26 07:45:04,0.235529,Ejina,41.95,101.06666666666666,940.5
2023-02-27 04:29:55,0.196979,Ejina,41.95,101.06666666666666,940.5
2023-02-27 05:44:57,0.289315,Ejina,41.95,101.06666666666666,940.5
2023-02-27 08:40:32,0.14028,Ejina,41.95,101.06666666666666,940.5
2023-03-01 09:57:09,0.173328,Ejina,41.95,101.06666666666666,940.5
2023-03-01 10:21:42,0.148291,Ejina,41.95,101.06666666666666,940.5
2023-03-03 02:28:20,0.263867,Ejina,41.95,101.06666666666666,940.5
2023-03-03 04:18:40,0.236059,Ejina,41.95,101.06666666666666,940.5
2023-03-04 07:03:25,0.242843,Ejina,41.95,101.06666666666666,940.5
2023-03-04 07:19:19,0.24062,Ejina,41.95,101.06666666666666,940.5
2023-03-04 07:47:18,0.240989,Ejina,41.95,101.06666666666666,940.5
2023-03-04 08:30:52,0.264098,Ejina,41.95,101.06666666666666,940.5
2023-03-04 08:59:51,0.232278,Ejina,41.95,101.06666666666666,940.5
2023-03-06 06:33:52,0.262592,Ejina,41.95,101.06666666666666,940.5
2023-03-06 07:58:47,0.243633,Ejina,41.95,101.06666666666666,940.5
2023-03-07 08:55:01,0.094281,Ejina,41.95,101.06666666666666,940.5
2023-03-07 08:57:55,0.097971,Ejina,41.95,101.06666666666666,940.5
2023-03-07 08:59:49,0.096351,Ejina,41.95,101.06666666666666,940.5
2023-03-07 09:03:56,0.110077,Ejina,41.95,101.06666666666666,940.5
2023-03-07 09:52:01,0.128649,Ejina,41.95,101.06666666666666,940.5
2023-03-07 09:54:57,0.121995,Ejina,41.95,101.06666666666666,940.5
2023-03-08 02:08:47,0.078588,Ejina,41.95,101.06666666666666,940.5
2023-03-08 02:18:56,0.083596,Ejina,41.95,101.06666666666666,940.5
2023-03-08 02:21:57,0.084767,Ejina,41.95,101.06666666666666,940.5
2023-03-08 02:27:53,0.085952,Ejina,41.95,101.06666666666666,940.5
2023-03-08 02:33:56,0.084338,Ejina,41.95,101.06666666666666,940.5
2023-03-08 02:39:59,0.08801,Ejina,41.95,101.06666666666666,940.5
2023-03-08 03:00:57,0.103806,Ejina,41.95,101.06666666666666,940.5
2023-03-08 03:15:56,0.105405,Ejina,41.95,101.06666666666666,940.5
2023-03-08 03:27:55,0.103983,Ejina,41.95,101.06666666666666,940.5
2023-03-08 03:39:57,0.118469,Ejina,41.95,101.06666666666666,940.5
2023-03-08 03:45:56,0.125474,Ejina,41.95,101.06666666666666,940.5
2023-03-08 03:48:56,0.126799,Ejina,41.95,101.06666666666666,940.5
2023-03-08 03:51:57,0.128371,Ejina,41.95,101.06666666666666,940.5
2023-03-08 04:03:57,0.129246,Ejina,41.95,101.06666666666666,940.5
2023-03-08 04:09:56,0.128792,Ejina,41.95,101.06666666666666,940.5
2023-03-08 04:12:51,0.13057,Ejina,41.95,101.06666666666666,940.5
2023-03-08 04:15:57,0.128745,Ejina,41.95,101.06666666666666,940.5
2023-03-08 04:21:57,0.133939,Ejina,41.95,101.06666666666666,940.5
2023-03-08 04:24:57,0.134145,Ejina,41.95,101.06666666666666,940.5
2023-03-08 04:27:53,0.129916,Ejina,41.95,101.06666666666666,940.5
2023-03-08 04:30:56,0.129635,Ejina,41.95,101.06666666666666,940.5
2023-03-08 04:39:56,0.13119,Ejina,41.95,101.06666666666666,940.5
2023-03-08 04:42:53,0.132729,Ejina,41.95,101.06666666666666,940.5
2023-03-08 04:51:56,0.136929,Ejina,41.95,101.06666666666666,940.5
2023-03-08 04:54:57,0.135171,Ejina,41.95,101.06666666666666,940.5
2023-03-08 05:00:57,0.13469,Ejina,41.95,101.06666666666666,940.5
2023-03-08 05:03:57,0.134543,Ejina,41.95,101.06666666666666,940.5
2023-03-08 05:12:52,0.13973,Ejina,41.95,101.06666666666666,940.5
2023-03-08 05:18:55,0.137032,Ejina,41.95,101.06666666666666,940.5
2023-03-08 05:22:01,0.142368,Ejina,41.95,101.06666666666666,940.5
2023-03-08 05:34:00,0.141759,Ejina,41.95,101.06666666666666,940.5
2023-03-08 05:40:00,0.14679,Ejina,41.95,101.06666666666666,940.5
2023-03-08 05:42:56,0.14134,Ejina,41.95,101.06666666666666,940.5
2023-03-08 06:15:58,0.162696,Ejina,41.95,101.06666666666666,940.5
2023-03-08 06:25:01,0.142712,Ejina,41.95,101.06666666666666,940.5
2023-03-08 06:37:00,0.139676,Ejina,41.95,101.06666666666666,940.5
2023-03-08 06:54:55,0.132441,Ejina,41.95,101.06666666666666,940.5
2023-03-08 07:57:59,0.145567,Ejina,41.95,101.06666666666666,940.5
2023-03-08 08:03:56,0.141355,Ejina,41.95,101.06666666666666,940.5
2023-03-08 08:06:56,0.145318,Ejina,41.95,101.06666666666666,940.5
2023-03-08 08:09:58,0.14314,Ejina,41.95,101.06666666666666,940.5
2023-03-08 08:12:52,0.144864,Ejina,41.95,101.06666666666666,940.5
2023-03-08 08:24:56,0.129359,Ejina,41.95,101.06666666666666,940.5
2023-03-08 08:32:38,0.132851,Ejina,41.95,101.06666666666666,940.5
2023-03-08 08:42:56,0.140232,Ejina,41.95,101.06666666666666,940.5
2023-03-08 08:45:59,0.139994,Ejina,41.95,101.06666666666666,940.5
2023-03-08 10:09:56,0.159668,Ejina,41.95,101.06666666666666,940.5
2023-03-08 10:24:03,0.158639,Ejina,41.95,101.06666666666666,940.5
2023-03-09 00:33:37,0.191576,Ejina,41.95,101.06666666666666,940.5
2023-03-09 00:36:54,0.190545,Ejina,41.95,101.06666666666666,940.5
2023-03-09 00:38:52,0.192071,Ejina,41.95,101.06666666666666,940.5
2023-03-09 00:57:56,0.188688,Ejina,41.95,101.06666666666666,940.5
2023-03-09 01:03:58,0.189043,Ejina,41.95,101.06666666666666,940.5
2023-03-09 01:05:55,0.192224,Ejina,41.95,101.06666666666666,940.5
2023-03-09 01:09:48,0.192198,Ejina,41.95,101.06666666666666,940.5
2023-03-09 01:37:01,0.191727,Ejina,41.95,101.06666666666666,940.5
2023-03-09 01:39:57,0.189271,Ejina,41.95,101.06666666666666,940.5
2023-03-09 01:53:42,0.189135,Ejina,41.95,101.06666666666666,940.5
2023-03-09 01:57:57,0.187556,Ejina,41.95,101.06666666666666,940.5
2023-03-09 02:00:58,0.185017,Ejina,41.95,101.06666666666666,940.5
2023-03-09 02:03:57,0.179781,Ejina,41.95,101.06666666666666,940.5
2023-03-09 02:42:44,0.176187,Ejina,41.95,101.06666666666666,940.5
2023-03-09 03:12:58,0.174002,Ejina,41.95,101.06666666666666,940.5
2023-03-09 03:15:57,0.175267,Ejina,41.95,101.06666666666666,940.5
2023-03-09 03:18:58,0.16829,Ejina,41.95,101.06666666666666,940.5
2023-03-09 03:33:58,0.151463,Ejina,41.95,101.06666666666666,940.5
2023-03-09 03:48:58,0.150025,Ejina,41.95,101.06666666666666,940.5
2023-03-09 03:54:57,0.150258,Ejina,41.95,101.06666666666666,940.5
2023-03-09 04:06:58,0.164106,Ejina,41.95,101.06666666666666,940.5
2023-03-09 04:09:57,0.169739,Ejina,41.95,101.06666666666666,940.5
2023-03-09 04:33:57,0.191099,Ejina,41.95,101.06666666666666,940.5
2023-03-09 04:36:58,0.190069,Ejina,41.95,101.06666666666666,940.5
2023-03-09 05:00:55,0.267975,Ejina,41.95,101.06666666666666,940.5
2023-03-09 05:03:59,0.287159,Ejina,41.95,101.06666666666666,940.5
2023-03-09 05:06:57,0.28271,Ejina,41.95,101.06666666666666,940.5
2023-03-09 05:12:37,0.323352,Ejina,41.95,101.06666666666666,940.5
2023-03-09 05:48:57,0.344199,Ejina,41.95,101.06666666666666,940.5
2023-03-09 06:46:01,0.536201,Ejina,41.95,101.06666666666666,940.5
2023-03-09 07:27:37,0.575752,Ejina,41.95,101.06666666666666,940.5
2023-03-09 07:42:44,0.447799,Ejina,41.95,101.06666666666666,940.5
2023-03-09 07:57:36,0.343137,Ejina,41.95,101.06666666666666,940.5
2023-03-09 08:00:56,0.339148,Ejina,41.95,101.06666666666666,940.5
2023-03-09 08:04:01,0.373173,Ejina,41.95,101.06666666666666,940.5
2023-03-09 08:12:36,0.415075,Ejina,41.95,101.06666666666666,940.5
2023-03-09 08:21:56,0.429875,Ejina,41.95,101.06666666666666,940.5
2023-03-09 08:33:20,0.392467,Ejina,41.95,101.06666666666666,940.5
2023-03-10 04:09:57,1.441464,Ejina,41.95,101.06666666666666,940.5
2023-03-10 04:12:21,1.599399,Ejina,41.95,101.06666666666666,940.5
2023-03-10 04:48:57,1.225662,Ejina,41.95,101.06666666666666,940.5
2023-03-10 06:12:20,1.022637,Ejina,41.95,101.06666666666666,940.5
2023-03-11 02:17:20,0.125413,Ejina,41.95,101.06666666666666,940.5
2023-03-11 02:27:06,0.113265,Ejina,41.95,101.06666666666666,940.5
2023-03-11 02:30:57,0.113356,Ejina,41.95,101.06666666666666,940.5
2023-03-11 02:36:57,0.112732,Ejina,41.95,101.06666666666666,940.5
2023-03-11 02:42:19,0.112917,Ejina,41.95,101.06666666666666,940.5
2023-03-11 02:57:21,0.115367,Ejina,41.95,101.06666666666666,940.5
2023-03-11 03:31:16,0.095429,Ejina,41.95,101.06666666666666,940.5
2023-03-11 03:40:17,0.088843,Ejina,41.95,101.06666666666666,940.5
2023-03-11 04:03:56,0.109566,Ejina,41.95,101.06666666666666,940.5
2023-03-11 04:06:56,0.11007,Ejina,41.95,101.06666666666666,940.5
2023-03-11 04:12:07,0.1061,Ejina,41.95,101.06666666666666,940.5
2023-03-11 04:15:57,0.089837,Ejina,41.95,101.06666666666666,940.5
2023-03-11 04:18:57,0.092159,Ejina,41.95,101.06666666666666,940.5
2023-03-11 04:24:57,0.096891,Ejina,41.95,101.06666666666666,940.5
2023-03-11 04:30:56,0.096946,Ejina,41.95,101.06666666666666,940.5
2023-03-11 04:39:57,0.102957,Ejina,41.95,101.06666666666666,940.5
2023-03-11 04:42:04,0.104607,Ejina,41.95,101.06666666666666,940.5
2023-03-11 04:45:57,0.103407,Ejina,41.95,101.06666666666666,940.5
2023-03-11 04:57:04,0.097774,Ejina,41.95,101.06666666666666,940.5
2023-03-11 05:00:57,0.099024,Ejina,41.95,101.06666666666666,940.5
2023-03-11 05:03:57,0.096809,Ejina,41.95,101.06666666666666,940.5
2023-03-11 05:06:57,0.098282,Ejina,41.95,101.06666666666666,940.5
2023-03-11 05:15:56,0.097256,Ejina,41.95,101.06666666666666,940.5
2023-03-11 05:18:57,0.098832,Ejina,41.95,101.06666666666666,940.5
2023-03-11 05:24:58,0.098983,Ejina,41.95,101.06666666666666,940.5
2023-03-11 05:27:05,0.098836,Ejina,41.95,101.06666666666666,940.5
2023-03-11 05:30:57,0.096508,Ejina,41.95,101.06666666666666,940.5
2023-03-11 05:33:56,0.098218,Ejina,41.95,101.06666666666666,940.5
2023-03-11 05:36:56,0.100141,Ejina,41.95,101.06666666666666,940.5
2023-03-11 05:54:57,0.099143,Ejina,41.95,101.06666666666666,940.5
2023-03-11 06:00:57,0.099915,Ejina,41.95,101.06666666666666,940.5
2023-03-11 06:18:56,0.100578,Ejina,41.95,101.06666666666666,940.5
2023-03-11 06:27:05,0.097357,Ejina,41.95,101.06666666666666,940.5
2023-03-11 06:30:56,0.098452,Ejina,41.95,101.06666666666666,940.5
2023-03-11 06:42:03,0.097722,Ejina,41.95,101.06666666666666,940.5
2023-03-11 07:18:57,0.097151,Ejina,41.95,101.06666666666666,940.5
2023-03-11 07:24:56,0.096381,Ejina,41.95,101.06666666666666,940.5
2023-03-11 07:27:05,0.096232,Ejina,41.95,101.06666666666666,940.5
2023-03-11 07:34:12,0.093114,Ejina,41.95,101.06666666666666,940.5
2023-03-11 07:36:57,0.093856,Ejina,41.95,101.06666666666666,940.5
2023-03-11 07:45:56,0.100497,Ejina,41.95,101.06666666666666,940.5
2023-03-11 07:48:57,0.103465,Ejina,41.95,101.06666666666666,940.5
2023-03-11 07:51:57,0.099772,Ejina,41.95,101.06666666666666,940.5
2023-03-11 08:03:58,0.097317,Ejina,41.95,101.06666666666666,940.5
2023-03-11 08:24:59,0.101802,Ejina,41.95,101.06666666666666,940.5
2023-03-11 08:27:04,0.098771,Ejina,41.95,101.06666666666666,940.5
2023-03-11 08:30:56,0.095821,Ejina,41.95,101.06666666666666,940.5
2023-03-11 08:33:56,0.094445,Ejina,41.95,101.06666666666666,940.5
2023-03-11 08:51:56,0.093797,Ejina,41.95,101.06666666666666,940.5
2023-03-11 08:54:59,0.090863,Ejina,41.95,101.06666666666666,940.5
2023-03-11 09:15:58,0.085444,Ejina,41.95,101.06666666666666,940.5
2023-03-11 09:18:56,0.085249,Ejina,41.95,101.06666666666666,940.5
2023-03-11 09:21:59,0.083673,Ejina,41.95,101.06666666666666,940.5
2023-03-11 09:23:47,0.081766,Ejina,41.95,101.06666666666666,940.5
2023-03-11 09:27:56,0.08562,Ejina,41.95,101.06666666666666,940.5
2023-03-11 09:36:56,0.080015,Ejina,41.95,101.06666666666666,940.5
2023-03-11 09:43:04,0.082074,Ejina,41.95,101.06666666666666,940.5
2023-03-11 09:48:13,0.083138,Ejina,41.95,101.06666666666666,940.5
2023-03-11 09:52:38,0.084035,Ejina,41.95,101.06666666666666,940.5
2023-03-11 09:54:58,0.084864,Ejina,41.95,101.06666666666666,940.5
2023-03-11 09:57:56,0.083714,Ejina,41.95,101.06666666666666,940.5
2023-03-11 10:01:52,0.085179,Ejina,41.95,101.06666666666666,940.5
2023-03-11 10:12:55,0.085222,Ejina,41.95,101.06666666666666,940.5
2023-03-11 10:15:09,0.086848,Ejina,41.95,101.06666666666666,940.5
2023-03-11 10:20:14,0.085479,Ejina,41.95,101.06666666666666,940.5
2023-03-12 01:48:57,0.081735,Ejina,41.95,101.06666666666666,940.5
2023-03-12 01:59:46,0.082287,Ejina,41.95,101.06666666666666,940.5
2023-03-12 02:12:56,0.085014,Ejina,41.95,101.06666666666666,940.5
2023-03-12 02:18:57,0.084161,Ejina,41.95,101.06666666666666,940.5
2023-03-12 02:21:57,0.084706,Ejina,41.95,101.06666666666666,940.5
2023-03-12 02:30:57,0.084111,Ejina,41.95,101.06666666666666,940.5
2023-03-12 02:33:58,0.085001,Ejina,41.95,101.06666666666666,940.5
2023-03-12 02:49:14,0.086641,Ejina,41.95,101.06666666666666,940.5
2023-03-12 03:07:17,0.089851,Ejina,41.95,101.06666666666666,940.5
2023-03-12 03:25:14,0.093746,Ejina,41.95,101.06666666666666,940.5
2023-03-12 03:37:14,0.092857,Ejina,41.95,101.06666666666666,940.5
2023-03-12 03:45:57,0.091839,Ejina,41.95,101.06666666666666,940.5
2023-03-12 03:51:58,0.09279,Ejina,41.95,101.06666666666666,940.5
2023-03-12 03:54:57,0.092327,Ejina,41.95,101.06666666666666,940.5
2023-03-12 03:56:48,0.092957,Ejina,41.95,101.06666666666666,940.5
2023-03-12 04:03:57,0.094244,Ejina,41.95,101.06666666666666,940.5
2023-03-12 04:09:57,0.095215,Ejina,41.95,101.06666666666666,940.5
2023-03-12 04:12:56,0.097099,Ejina,41.95,101.06666666666666,940.5
2023-03-12 04:15:57,0.101062,Ejina,41.95,101.06666666666666,940.5
2023-03-12 04:18:57,0.097139,Ejina,41.95,101.06666666666666,940.5
2023-03-12 04:21:58,0.097746,Ejina,41.95,101.06666666666666,940.5
2023-03-12 04:24:57,0.096369,Ejina,41.95,101.06666666666666,940.5
2023-03-12 04:27:57,0.09734,Ejina,41.95,101.06666666666666,940.5
2023-03-12 04:30:57,0.096187,Ejina,41.95,101.06666666666666,940.5
2023-03-12 04:33:57,0.09264,Ejina,41.95,101.06666666666666,940.5
2023-03-12 04:36:57,0.091657,Ejina,41.95,101.06666666666666,940.5
2023-03-12 04:39:57,0.094323,Ejina,41.95,101.06666666666666,940.5
2023-03-12 04:41:49,0.092719,Ejina,41.95,101.06666666666666,940.5
2023-03-12 04:51:57,0.093001,Ejina,41.95,101.06666666666666,940.5
2023-03-12 04:56:48,0.093746,Ejina,41.95,101.06666666666666,940.5
2023-03-12 05:00:57,0.093947,Ejina,41.95,101.06666666666666,940.5
2023-03-12 05:15:57,0.09721,Ejina,41.95,101.06666666666666,940.5
2023-03-12 05:18:57,0.097191,Ejina,41.95,101.06666666666666,940.5
2023-03-12 05:21:57,0.096733,Ejina,41.95,101.06666666666666,940.5
2023-03-12 05:24:57,0.098534,Ejina,41.95,101.06666666666666,940.5
2023-03-12 05:30:57,0.103045,Ejina,41.95,101.06666666666666,940.5
2023-03-12 05:33:57,0.099759,Ejina,41.95,101.06666666666666,940.5
2023-03-12 05:36:57,0.097234,Ejina,41.95,101.06666666666666,940.5
2023-03-12 05:39:57,0.100347,Ejina,41.95,101.06666666666666,940.5
2023-03-12 05:41:47,0.102149,Ejina,41.95,101.06666666666666,940.5
2023-03-12 05:54:57,0.112195,Ejina,41.95,101.06666666666666,940.5
2023-03-12 06:00:56,0.11332,Ejina,41.95,101.06666666666666,940.5
2023-03-12 06:03:57,0.115893,Ejina,41.95,101.06666666666666,940.5
2023-03-12 06:48:57,0.117854,Ejina,41.95,101.06666666666666,940.5
2023-03-12 06:56:47,0.114008,Ejina,41.95,101.06666666666666,940.5
2023-03-12 07:18:56,0.112171,Ejina,41.95,101.06666666666666,940.5
2023-03-12 07:24:57,0.108907,Ejina,41.95,101.06666666666666,940.5
2023-03-12 07:33:56,0.103857,Ejina,41.95,101.06666666666666,940.5
2023-03-12 07:41:47,0.103041,Ejina,41.95,101.06666666666666,940.5
2023-03-12 07:45:55,0.104468,Ejina,41.95,101.06666666666666,940.5
2023-03-12 07:48:56,0.107464,Ejina,41.95,101.06666666666666,940.5
2023-03-12 07:54:57,0.094043,Ejina,41.95,101.06666666666666,940.5
2023-03-12 08:06:56,0.098184,Ejina,41.95,101.06666666666666,940.5
2023-03-12 08:30:56,0.094875,Ejina,41.95,101.06666666666666,940.5
2023-03-12 08:36:56,0.094921,Ejina,41.95,101.06666666666666,940.5
2023-03-12 08:38:47,0.096221,Ejina,41.95,101.06666666666666,940.5
2023-03-12 08:46:00,0.096665,Ejina,41.95,101.06666666666666,940.5
2023-03-12 08:55:00,0.096343,Ejina,41.95,101.06666666666666,940.5
2023-03-12 09:03:57,0.0982,Ejina,41.95,101.06666666666666,940.5
2023-03-12 09:09:56,0.090505,Ejina,41.95,101.06666666666666,940.5
2023-03-12 09:15:55,0.090493,Ejina,41.95,101.06666666666666,940.5
2023-03-12 09:24:55,0.086082,Ejina,41.95,101.06666666666666,940.5
2023-03-12 09:32:28,0.085402,Ejina,41.95,101.06666666666666,940.5
2023-03-12 09:38:53,0.08653,Ejina,41.95,101.06666666666666,940.5
2023-03-12 09:42:58,0.088006,Ejina,41.95,101.06666666666666,940.5
2023-03-12 09:51:58,0.088007,Ejina,41.95,101.06666666666666,940.5
2023-03-12 10:03:12,0.087369,Ejina,41.95,101.06666666666666,940.5
2023-03-12 10:09:55,0.08759,Ejina,41.95,101.06666666666666,940.5
2023-03-12 10:18:56,0.095648,Ejina,41.95,101.06666666666666,940.5
2023-03-12 10:24:59,0.103839,Ejina,41.95,101.06666666666666,940.5
2023-03-13 00:22:57,0.262503,Ejina,41.95,101.06666666666666,940.5
2023-03-13 00:33:56,0.245711,Ejina,41.95,101.06666666666666,940.5
2023-03-13 00:35:48,0.244225,Ejina,41.95,101.06666666666666,940.5
2023-03-13 00:39:55,0.245658,Ejina,41.95,101.06666666666666,940.5
2023-03-13 00:57:51,0.254814,Ejina,41.95,101.06666666666666,940.5
2023-03-13 01:03:11,0.25087,Ejina,41.95,101.06666666666666,940.5
2023-03-13 01:06:56,0.244493,Ejina,41.95,101.06666666666666,940.5
2023-03-13 01:12:52,0.248687,Ejina,41.95,101.06666666666666,940.5
2023-03-13 01:15:57,0.248005,Ejina,41.95,101.06666666666666,940.5
2023-03-13 01:20:09,0.255794,Ejina,41.95,101.06666666666666,940.5
2023-03-13 01:24:57,0.253322,Ejina,41.95,101.06666666666666,940.5
2023-03-13 01:33:57,0.259769,Ejina,41.95,101.06666666666666,940.5
2023-03-13 01:35:51,0.265987,Ejina,41.95,101.06666666666666,940.5
2023-03-13 01:39:57,0.271802,Ejina,41.95,101.06666666666666,940.5
2023-03-13 01:45:24,0.281199,Ejina,41.95,101.06666666666666,940.5
2023-03-13 02:03:58,0.275626,Ejina,41.95,101.06666666666666,940.5
2023-03-13 02:18:57,0.250609,Ejina,41.95,101.06666666666666,940.5
2023-03-13 02:33:58,0.232015,Ejina,41.95,101.06666666666666,940.5
2023-03-13 02:39:57,0.224952,Ejina,41.95,101.06666666666666,940.5
2023-03-13 02:51:58,0.227717,Ejina,41.95,101.06666666666666,940.5
2023-03-13 03:04:15,0.232876,Ejina,41.95,101.06666666666666,940.5
2023-03-13 03:11:51,0.23644,Ejina,41.95,101.06666666666666,940.5
2023-03-13 03:52:01,0.234519,Ejina,41.95,101.06666666666666,940.5
2023-03-13 04:06:57,0.223956,Ejina,41.95,101.06666666666666,940.5
2023-03-13 04:11:48,0.225585,Ejina,41.95,101.06666666666666,940.5
2023-03-13 04:15:55,0.222364,Ejina,41.95,101.06666666666666,940.5
2023-03-13 04:18:57,0.222366,Ejina,41.95,101.06666666666666,940.5
2023-03-13 04:21:57,0.223431,Ejina,41.95,101.06666666666666,940.5
2023-03-13 04:24:57,0.220078,Ejina,41.95,101.06666666666666,940.5
2023-03-13 04:26:51,0.219754,Ejina,41.95,101.06666666666666,940.5
2023-03-13 04:36:58,0.227589,Ejina,41.95,101.06666666666666,940.5
2023-03-13 04:42:57,0.224242,Ejina,41.95,101.06666666666666,940.5
2023-03-13 04:45:58,0.218375,Ejina,41.95,101.06666666666666,940.5
2023-03-13 04:48:57,0.213301,Ejina,41.95,101.06666666666666,940.5
2023-03-13 04:54:57,0.213967,Ejina,41.95,101.06666666666666,940.5
2023-03-13 05:03:58,0.213229,Ejina,41.95,101.06666666666666,940.5
2023-03-13 05:09:57,0.210933,Ejina,41.95,101.06666666666666,940.5
2023-03-13 05:11:48,0.214091,Ejina,41.95,101.06666666666666,940.5
2023-03-13 05:21:57,0.21298,Ejina,41.95,101.06666666666666,940.5
2023-03-13 05:24:57,0.209541,Ejina,41.95,101.06666666666666,940.5
2023-03-13 05:27:57,0.209591,Ejina,41.95,101.06666666666666,940.5
2023-03-13 05:33:57,0.211382,Ejina,41.95,101.06666666666666,940.5
2023-03-13 05:36:56,0.210868,Ejina,41.95,101.06666666666666,940.5
2023-03-13 05:56:36,0.194626,Ejina,41.95,101.06666666666666,940.5
2023-03-13 06:30:56,0.200646,Ejina,41.95,101.06666666666666,940.5
2023-03-13 06:41:32,0.202506,Ejina,41.95,101.06666666666666,940.5
2023-03-13 06:48:56,0.195088,Ejina,41.95,101.06666666666666,940.5
2023-03-13 06:57:56,0.202427,Ejina,41.95,101.06666666666666,940.5
2023-03-13 07:21:56,0.202339,Ejina,41.95,101.06666666666666,940.5
2023-03-13 07:24:57,0.199777,Ejina,41.95,101.06666666666666,940.5
2023-03-13 07:26:48,0.20755,Ejina,41.95,101.06666666666666,940.5
2023-03-13 07:41:30,0.197865,Ejina,41.95,101.06666666666666,940.5
2023-03-13 07:49:04,0.18962,Ejina,41.95,101.06666666666666,940.5
2023-03-13 07:57:56,0.177073,Ejina,41.95,101.06666666666666,940.5
2023-03-13 08:06:56,0.187027,Ejina,41.95,101.06666666666666,940.5
2023-03-13 08:33:56,0.200419,Ejina,41.95,101.06666666666666,940.5
2023-03-13 08:39:56,0.195623,Ejina,41.95,101.06666666666666,940.5
2023-03-13 08:45:58,0.188314,Ejina,41.95,101.06666666666666,940.5
2023-03-13 08:48:56,0.188488,Ejina,41.95,101.06666666666666,940.5
2023-03-13 08:55:39,0.180933,Ejina,41.95,101.06666666666666,940.5
2023-03-13 09:27:56,0.190306,Ejina,41.95,101.06666666666666,940.5
2023-03-13 09:33:49,0.199756,Ejina,41.95,101.06666666666666,940.5
2023-03-13 09:36:57,0.203812,Ejina,41.95,101.06666666666666,940.5
2023-03-13 09:42:56,0.198893,Ejina,41.95,101.06666666666666,940.5
2023-03-13 09:57:56,0.202839,Ejina,41.95,101.06666666666666,940.5
2023-03-13 10:00:56,0.198083,Ejina,41.95,101.06666666666666,940.5
2023-03-13 10:03:57,0.197005,Ejina,41.95,101.06666666666666,940.5
2023-03-13 10:05:47,0.201674,Ejina,41.95,101.06666666666666,940.5
2023-03-13 10:11:46,0.196407,Ejina,41.95,101.06666666666666,940.5
2023-03-13 10:15:55,0.188908,Ejina,41.95,101.06666666666666,940.5
2023-03-13 10:17:49,0.183089,Ejina,41.95,101.06666666666666,940.5
2023-03-13 10:21:56,0.17441,Ejina,41.95,101.06666666666666,940.5
2023-03-13 10:26:38,0.182152,Ejina,41.95,101.06666666666666,940.5
2023-03-14 08:07:02,0.462078,Ejina,41.95,101.06666666666666,940.5
2023-03-15 00:23:51,0.264376,Ejina,41.95,101.06666666666666,940.5
2023-03-15 00:27:00,0.263574,Ejina,41.95,101.06666666666666,940.5
2023-03-15 00:31:52,0.259591,Ejina,41.95,101.06666666666666,940.5
2023-03-15 00:33:56,0.261667,Ejina,41.95,101.06666666666666,940.5
2023-03-15 00:36:56,0.258821,Ejina,41.95,101.06666666666666,940.5
2023-03-15 01:06:56,0.241992,Ejina,41.95,101.06666666666666,940.5
2023-03-15 01:15:22,0.241454,Ejina,41.95,101.06666666666666,940.5
2023-03-15 01:18:57,0.235978,Ejina,41.95,101.06666666666666,940.5
2023-03-15 01:21:59,0.23627,Ejina,41.95,101.06666666666666,940.5
2023-03-15 01:23:56,0.240735,Ejina,41.95,101.06666666666666,940.5
2023-03-15 01:39:56,0.254404,Ejina,41.95,101.06666666666666,940.5
2023-03-15 01:42:02,0.265098,Ejina,41.95,101.06666666666666,940.5
2023-03-15 02:04:00,0.227868,Ejina,41.95,101.06666666666666,940.5
2023-03-15 02:08:18,0.229343,Ejina,41.95,101.06666666666666,940.5
2023-03-15 02:13:06,0.242885,Ejina,41.95,101.06666666666666,940.5
2023-03-15 02:15:59,0.252106,Ejina,41.95,101.06666666666666,940.5
2023-03-15 02:48:57,0.240793,Ejina,41.95,101.06666666666666,940.5
2023-03-15 03:04:21,0.22172,Ejina,41.95,101.06666666666666,940.5
2023-03-15 03:13:18,0.21748,Ejina,41.95,101.06666666666666,940.5
2023-03-15 03:25:16,0.214039,Ejina,41.95,101.06666666666666,940.5
2023-03-15 03:39:56,0.2135,Ejina,41.95,101.06666666666666,940.5
2023-03-15 03:42:59,0.209108,Ejina,41.95,101.06666666666666,940.5
2023-03-15 03:45:58,0.20033,Ejina,41.95,101.06666666666666,940.5
2023-03-15 03:51:57,0.20208,Ejina,41.95,101.06666666666666,940.5
2023-03-15 03:55:56,0.210783,Ejina,41.95,101.06666666666666,940.5
2023-03-15 04:04:00,0.210598,Ejina,41.95,101.06666666666666,940.5
2023-03-15 04:06:57,0.212051,Ejina,41.95,101.06666666666666,940.5
2023-03-15 04:09:57,0.195907,Ejina,41.95,101.06666666666666,940.5
2023-03-15 04:11:48,0.195613,Ejina,41.95,101.06666666666666,940.5
2023-03-15 04:15:57,0.190066,Ejina,41.95,101.06666666666666,940.5
2023-03-15 04:18:57,0.199338,Ejina,41.95,101.06666666666666,940.5
2023-03-15 04:21:57,0.191297,Ejina,41.95,101.06666666666666,940.5
2023-03-15 04:25:58,0.178399,Ejina,41.95,101.06666666666666,940.5
2023-03-15 04:36:58,0.192593,Ejina,41.95,101.06666666666666,940.5
2023-03-15 04:45:57,0.202762,Ejina,41.95,101.06666666666666,940.5
2023-03-15 04:48:57,0.195635,Ejina,41.95,101.06666666666666,940.5
2023-03-15 04:51:57,0.195857,Ejina,41.95,101.06666666666666,940.5
2023-03-15 04:56:38,0.185296,Ejina,41.95,101.06666666666666,940.5
2023-03-15 05:09:57,0.261135,Ejina,41.95,101.06666666666666,940.5
2023-03-15 05:18:56,0.192865,Ejina,41.95,101.06666666666666,940.5
2023-03-15 05:40:55,0.189887,Ejina,41.95,101.06666666666666,940.5
2023-03-15 05:54:57,0.247816,Ejina,41.95,101.06666666666666,940.5
2023-03-15 05:56:48,0.24134,Ejina,41.95,101.06666666666666,940.5
2023-03-15 06:00:57,0.206961,Ejina,41.95,101.06666666666666,940.5
2023-03-15 06:09:56,0.174913,Ejina,41.95,101.06666666666666,940.5
2023-03-15 06:12:56,0.194403,Ejina,41.95,101.06666666666666,940.5
2023-03-15 06:19:01,0.185261,Ejina,41.95,101.06666666666666,940.5
2023-03-15 06:25:05,0.212211,Ejina,41.95,101.06666666666666,940.5
2023-03-15 06:26:50,0.205297,Ejina,41.95,101.06666666666666,940.5
2023-03-15 06:41:06,0.179879,Ejina,41.95,101.06666666666666,940.5
2023-03-15 06:57:56,0.189681,Ejina,41.95,101.06666666666666,940.5
2023-03-15 07:01:01,0.209841,Ejina,41.95,101.06666666666666,940.5
2023-03-15 07:07:00,0.201547,Ejina,41.95,101.06666666666666,940.5
2023-03-15 07:12:59,0.202657,Ejina,41.95,101.06666666666666,940.5
2023-03-15 07:15:56,0.183556,Ejina,41.95,101.06666666666666,940.5
2023-03-15 07:25:14,0.215032,Ejina,41.95,101.06666666666666,940.5
2023-03-15 07:37:12,0.218199,Ejina,41.95,101.06666666666666,940.5
2023-03-15 07:39:59,0.212005,Ejina,41.95,101.06666666666666,940.5
2023-03-15 07:41:49,0.201887,Ejina,41.95,101.06666666666666,940.5
2023-03-15 07:45:58,0.174753,Ejina,41.95,101.06666666666666,940.5
2023-03-15 08:03:56,0.164703,Ejina,41.95,101.06666666666666,940.5
2023-03-15 08:10:55,0.15072,Ejina,41.95,101.06666666666666,940.5
2023-03-15 08:15:56,0.156498,Ejina,41.95,101.06666666666666,940.5
2023-03-15 08:21:56,0.141422,Ejina,41.95,101.06666666666666,940.5
2023-03-15 08:24:56,0.143149,Ejina,41.95,101.06666666666666,940.5
2023-03-15 08:26:49,0.138793,Ejina,41.95,101.06666666666666,940.5
2023-03-15 08:51:56,0.144062,Ejina,41.95,101.06666666666666,940.5
2023-03-15 09:00:57,0.143746,Ejina,41.95,101.06666666666666,940.5
2023-03-15 09:54:57,0.172842,Ejina,41.95,101.06666666666666,940.5
2023-03-15 10:06:55,0.186836,Ejina,41.95,101.06666666666666,940.5
2023-03-15 10:09:56,0.186225,Ejina,41.95,101.06666666666666,940.5
2023-03-15 10:12:58,0.187966,Ejina,41.95,101.06666666666666,940.5
2023-03-15 10:18:54,0.204072,Ejina,41.95,101.06666666666666,940.5
2023-03-15 10:24:58,0.211446,Ejina,41.95,101.06666666666666,940.5
2023-03-15 10:30:55,0.203083,Ejina,41.95,101.06666666666666,940.5
2023-03-16 00:24:56,0.367966,Ejina,41.95,101.06666666666666,940.5
2023-03-16 00:26:53,0.370756,Ejina,41.95,101.06666666666666,940.5
2023-03-16 00:35:58,0.391018,Ejina,41.95,101.06666666666666,940.5
2023-03-16 00:39:56,0.368645,Ejina,41.95,101.06666666666666,940.5
2023-03-16 00:45:57,0.363788,Ejina,41.95,101.06666666666666,940.5
2023-03-16 00:48:58,0.360766,Ejina,41.95,101.06666666666666,940.5
2023-03-16 00:53:08,0.375145,Ejina,41.95,101.06666666666666,940.5
2023-03-16 00:57:57,0.376535,Ejina,41.95,101.06666666666666,940.5
2023-03-16 01:14:08,0.378548,Ejina,41.95,101.06666666666666,940.5
2023-03-16 01:24:57,0.384909,Ejina,41.95,101.06666666666666,940.5
2023-03-16 01:29:39,0.394524,Ejina,41.95,101.06666666666666,940.5
2023-03-16 01:33:57,0.398782,Ejina,41.95,101.06666666666666,940.5
2023-03-16 01:42:57,0.38833,Ejina,41.95,101.06666666666666,940.5
2023-03-16 02:39:58,0.445331,Ejina,41.95,101.06666666666666,940.5
2023-03-16 03:00:58,0.452042,Ejina,41.95,101.06666666666666,940.5
2023-03-16 03:51:59,0.450603,Ejina,41.95,101.06666666666666,940.5
2023-03-16 04:06:58,0.473083,Ejina,41.95,101.06666666666666,940.5
2023-03-16 04:11:09,0.476967,Ejina,41.95,101.06666666666666,940.5
2023-03-16 04:18:57,0.477479,Ejina,41.95,101.06666666666666,940.5
2023-03-16 04:26:40,0.479525,Ejina,41.95,101.06666666666666,940.5
2023-03-16 04:30:58,0.467723,Ejina,41.95,101.06666666666666,940.5
2023-03-16 04:33:57,0.462365,Ejina,41.95,101.06666666666666,940.5
2023-03-16 04:37:21,0.469426,Ejina,41.95,101.06666666666666,940.5
2023-03-16 04:41:08,0.460568,Ejina,41.95,101.06666666666666,940.5
2023-03-16 04:48:57,0.462381,Ejina,41.95,101.06666666666666,940.5
2023-03-16 04:51:57,0.470331,Ejina,41.95,101.06666666666666,940.5
2023-03-16 04:55:17,0.473856,Ejina,41.95,101.06666666666666,940.5
2023-03-16 04:56:56,0.456874,Ejina,41.95,101.06666666666666,940.5
2023-03-16 05:00:57,0.451188,Ejina,41.95,101.06666666666666,940.5
2023-03-16 06:09:57,0.495012,Ejina,41.95,101.06666666666666,940.5
2023-03-16 06:11:48,0.492147,Ejina,41.95,101.06666666666666,940.5
2023-03-16 06:24:56,0.481847,Ejina,41.95,101.06666666666666,940.5
2023-03-16 06:48:56,0.480789,Ejina,41.95,101.06666666666666,940.5
2023-03-16 06:52:01,0.475889,Ejina,41.95,101.06666666666666,940.5
2023-03-16 07:04:04,0.498874,Ejina,41.95,101.06666666666666,940.5
2023-03-16 07:10:51,0.502487,Ejina,41.95,101.06666666666666,940.5
2023-03-16 08:01:21,0.42879,Ejina,41.95,101.06666666666666,940.5
2023-03-16 08:09:58,0.39061,Ejina,41.95,101.06666666666666,940.5
2023-03-16 08:19:01,0.362645,Ejina,41.95,101.06666666666666,940.5
2023-03-16 08:27:38,0.358054,Ejina,41.95,101.06666666666666,940.5
2023-03-16 08:36:59,0.350278,Ejina,41.95,101.06666666666666,940.5
2023-03-16 08:42:56,0.34441,Ejina,41.95,101.06666666666666,940.5
2023-03-16 09:12:09,0.333874,Ejina,41.95,101.06666666666666,940.5
2023-03-16 09:15:56,0.326594,Ejina,41.95,101.06666666666666,940.5
2023-03-16 09:18:57,0.325382,Ejina,41.95,101.06666666666666,940.5
2023-03-16 09:21:58,0.322503,Ejina,41.95,101.06666666666666,940.5
2023-03-16 09:27:55,0.322379,Ejina,41.95,101.06666666666666,940.5
2023-03-16 09:36:56,0.315651,Ejina,41.95,101.06666666666666,940.5
2023-03-16 09:38:49,0.314741,Ejina,41.95,101.06666666666666,940.5
2023-03-16 09:44:38,0.319644,Ejina,41.95,101.06666666666666,940.5
2023-03-16 09:57:56,0.308775,Ejina,41.95,101.06666666666666,940.5
2023-03-16 10:08:12,0.283475,Ejina,41.95,101.06666666666666,940.5
2023-03-16 10:12:55,0.277506,Ejina,41.95,101.06666666666666,940.5
2023-03-16 10:18:56,0.276841,Ejina,41.95,101.06666666666666,940.5
2023-03-16 10:24:57,0.261916,Ejina,41.95,101.06666666666666,940.5
2023-03-17 00:23:44,0.173496,Ejina,41.95,101.06666666666666,940.5
2023-03-17 00:48:56,0.178186,Ejina,41.95,101.06666666666666,940.5
2023-03-17 00:59:43,0.184578,Ejina,41.95,101.06666666666666,940.5
2023-03-17 01:24:56,0.199144,Ejina,41.95,101.06666666666666,940.5
2023-03-17 01:33:58,0.214688,Ejina,41.95,101.06666666666666,940.5
2023-03-17 01:36:59,0.224521,Ejina,41.95,101.06666666666666,940.5
2023-03-17 01:39:00,0.223254,Ejina,41.95,101.06666666666666,940.5
2023-03-17 01:42:58,0.22278,Ejina,41.95,101.06666666666666,940.5
2023-03-17 01:49:00,0.24552,Ejina,41.95,101.06666666666666,940.5
2023-03-17 01:50:57,0.250554,Ejina,41.95,101.06666666666666,940.5
2023-03-17 01:55:00,0.276783,Ejina,41.95,101.06666666666666,940.5
2023-03-17 01:58:03,0.29179,Ejina,41.95,101.06666666666666,940.5
2023-03-17 02:00:56,0.316539,Ejina,41.95,101.06666666666666,940.5
2023-03-17 02:03:54,0.342794,Ejina,41.95,101.06666666666666,940.5
2023-03-17 02:15:58,0.48043,Ejina,41.95,101.06666666666666,940.5
2023-03-17 02:49:17,0.771548,Ejina,41.95,101.06666666666666,940.5
2023-03-17 03:28:16,0.802157,Ejina,41.95,101.06666666666666,940.5
2023-03-17 03:40:59,0.851176,Ejina,41.95,101.06666666666666,940.5
2023-03-17 04:21:58,0.939442,Ejina,41.95,101.06666666666666,940.5
2023-03-17 04:25:01,0.905752,Ejina,41.95,101.06666666666666,940.5
2023-03-17 05:25:51,0.640575,Ejina,41.95,101.06666666666666,940.5
2023-03-17 05:33:57,0.568431,Ejina,41.95,101.06666666666666,940.5
2023-03-17 07:34:01,0.422151,Ejina,41.95,101.06666666666666,940.5
2023-03-17 07:46:12,0.397832,Ejina,41.95,101.06666666666666,940.5
2023-03-17 08:00:58,0.358699,Ejina,41.95,101.06666666666666,940.5
2023-03-17 08:04:00,0.338526,Ejina,41.95,101.06666666666666,940.5
2023-03-17 08:06:58,0.413907,Ejina,41.95,101.06666666666666,940.5
2023-03-17 08:10:39,0.383036,Ejina,41.95,101.06666666666666,940.5
2023-03-18 00:15:56,0.210437,Ejina,41.95,101.06666666666666,940.5
2023-03-18 00:25:00,0.226675,Ejina,41.95,101.06666666666666,940.5
2023-03-18 00:26:58,0.228752,Ejina,41.95,101.06666666666666,940.5
2023-03-18 00:30:56,0.230514,Ejina,41.95,101.06666666666666,940.5
2023-03-18 00:32:49,0.234965,Ejina,41.95,101.06666666666666,940.5
2023-03-18 00:39:30,0.238731,Ejina,41.95,101.06666666666666,940.5
2023-03-18 00:45:56,0.246252,Ejina,41.95,101.06666666666666,940.5
2023-03-18 00:48:37,0.251717,Ejina,41.95,101.06666666666666,940.5
2023-03-18 01:03:20,0.280187,Ejina,41.95,101.06666666666666,940.5
2023-03-18 01:24:58,0.281666,Ejina,41.95,101.06666666666666,940.5
2023-03-18 01:42:57,0.301171,Ejina,41.95,101.06666666666666,940.5
2023-03-18 01:48:56,0.307652,Ejina,41.95,101.06666666666666,940.5
2023-03-18 01:52:00,0.308587,Ejina,41.95,101.06666666666666,940.5
2023-03-18 01:57:59,0.307339,Ejina,41.95,101.06666666666666,940.5
2023-03-18 02:20:27,0.315748,Ejina,41.95,101.06666666666666,940.5
2023-03-18 02:27:56,0.334292,Ejina,41.95,101.06666666666666,940.5
2023-03-18 02:49:00,0.379364,Ejina,41.95,101.06666666666666,940.5
2023-03-18 03:19:16,0.486133,Ejina,41.95,101.06666666666666,940.5
2023-03-18 04:09:57,0.486694,Ejina,41.95,101.06666666666666,940.5
2023-03-18 04:34:19,0.534066,Ejina,41.95,101.06666666666666,940.5
2023-03-18 04:48:58,0.540732,Ejina,41.95,101.06666666666666,940.5
2023-03-18 05:09:58,0.597292,Ejina,41.95,101.06666666666666,940.5
2023-03-18 06:27:57,0.533387,Ejina,41.95,101.06666666666666,940.5
2023-03-18 06:36:56,0.514648,Ejina,41.95,101.06666666666666,940.5
2023-03-18 06:39:56,0.520209,Ejina,41.95,101.06666666666666,940.5
2023-03-18 06:41:50,0.525611,Ejina,41.95,101.06666666666666,940.5
2023-03-18 06:46:04,0.506147,Ejina,41.95,101.06666666666666,940.5
2023-03-18 06:55:03,0.491494,Ejina,41.95,101.06666666666666,940.5
2023-03-18 07:11:14,0.445372,Ejina,41.95,101.06666666666666,940.5
2023-03-18 07:16:06,0.427227,Ejina,41.95,101.06666666666666,940.5
2023-03-18 07:37:25,0.392536,Ejina,41.95,101.06666666666666,940.5
2023-03-18 07:43:23,0.384119,Ejina,41.95,101.06666666666666,940.5
2023-03-18 08:03:56,0.362129,Ejina,41.95,101.06666666666666,940.5
2023-03-18 08:21:56,0.354509,Ejina,41.95,101.06666666666666,940.5
2023-03-18 08:24:57,0.356491,Ejina,41.95,101.06666666666666,940.5
2023-03-18 08:45:56,0.324602,Ejina,41.95,101.06666666666666,940.5
2023-03-18 08:55:05,0.324518,Ejina,41.95,101.06666666666666,940.5
2023-03-18 09:09:58,0.303747,Ejina,41.95,101.06666666666666,940.5
2023-03-18 09:31:00,0.285585,Ejina,41.95,101.06666666666666,940.5
2023-03-18 10:00:56,0.256316,Ejina,41.95,101.06666666666666,940.5
2023-03-18 10:03:55,0.247671,Ejina,41.95,101.06666666666666,940.5
2023-03-18 10:06:56,0.248157,Ejina,41.95,101.06666666666666,940.5
2023-03-18 10:09:55,0.247919,Ejina,41.95,101.06666666666666,940.5
2023-03-18 10:11:48,0.247221,Ejina,41.95,101.06666666666666,940.5
2023-03-18 10:18:56,0.252413,Ejina,41.95,101.06666666666666,940.5
2023-03-18 10:21:55,0.253975,Ejina,41.95,101.06666666666666,940.5
2023-03-18 10:27:55,0.24668,Ejina,41.95,101.06666666666666,940.5
2023-03-18 10:29:51,0.239766,Ejina,41.95,101.06666666666666,940.5
2023-03-18 10:33:53,0.233692,Ejina,41.95,101.06666666666666,940.5
2023-03-19 00:18:56,0.19053,Ejina,41.95,101.06666666666666,940.5
2023-03-19 00:20:48,0.188022,Ejina,41.95,101.06666666666666,940.5
2023-03-19 00:27:59,0.192886,Ejina,41.95,101.06666666666666,940.5
2023-03-19 00:33:56,0.196331,Ejina,41.95,101.06666666666666,940.5
2023-03-19 00:38:42,0.198091,Ejina,41.95,101.06666666666666,940.5
2023-03-19 00:47:07,0.202391,Ejina,41.95,101.06666666666666,940.5
2023-03-19 00:55:59,0.197259,Ejina,41.95,101.06666666666666,940.5
2023-03-19 01:08:15,0.192809,Ejina,41.95,101.06666666666666,940.5
2023-03-19 01:15:56,0.201801,Ejina,41.95,101.06666666666666,940.5
2023-03-19 01:24:56,0.209536,Ejina,41.95,101.06666666666666,940.5
2023-03-19 01:37:00,0.206636,Ejina,41.95,101.06666666666666,940.5
2023-03-19 01:40:00,0.203719,Ejina,41.95,101.06666666666666,940.5
2023-03-19 01:42:57,0.204983,Ejina,41.95,101.06666666666666,940.5
2023-03-19 02:06:57,0.2101,Ejina,41.95,101.06666666666666,940.5
2023-03-19 02:09:57,0.208581,Ejina,41.95,101.06666666666666,940.5
2023-03-19 02:21:58,0.213542,Ejina,41.95,101.06666666666666,940.5
2023-03-19 02:33:57,0.218311,Ejina,41.95,101.06666666666666,940.5
2023-03-19 02:45:57,0.221566,Ejina,41.95,101.06666666666666,940.5
2023-03-19 03:28:15,0.22385,Ejina,41.95,101.06666666666666,940.5
2023-03-19 03:43:02,0.235028,Ejina,41.95,101.06666666666666,940.5
2023-03-19 03:54:46,0.249771,Ejina,41.95,101.06666666666666,940.5
2023-03-19 04:09:43,0.272352,Ejina,41.95,101.06666666666666,940.5
2023-03-19 04:12:58,0.27689,Ejina,41.95,101.06666666666666,940.5
2023-03-19 04:18:57,0.286419,Ejina,41.95,101.06666666666666,940.5
2023-03-19 04:21:57,0.291363,Ejina,41.95,101.06666666666666,940.5
2023-03-19 04:24:44,0.290483,Ejina,41.95,101.06666666666666,940.5
2023-03-19 04:27:58,0.290012,Ejina,41.95,101.06666666666666,940.5
2023-03-19 04:30:57,0.291452,Ejina,41.95,101.06666666666666,940.5
2023-03-19 04:33:57,0.278914,Ejina,41.95,101.06666666666666,940.5
2023-03-19 04:36:58,0.282693,Ejina,41.95,101.06666666666666,940.5
2023-03-19 04:45:58,0.276442,Ejina,41.95,101.06666666666666,940.5
2023-03-19 04:52:03,0.280577,Ejina,41.95,101.06666666666666,940.5
2023-03-19 04:54:43,0.272093,Ejina,41.95,101.06666666666666,940.5
2023-03-19 05:06:57,0.270576,Ejina,41.95,101.06666666666666,940.5
2023-03-19 05:27:58,0.259957,Ejina,41.95,101.06666666666666,940.5
2023-03-19 05:33:57,0.257569,Ejina,41.95,101.06666666666666,940.5
2023-03-19 05:36:57,0.26153,Ejina,41.95,101.06666666666666,940.5
2023-03-19 05:57:57,0.262357,Ejina,41.95,101.06666666666666,940.5
2023-03-19 06:28:04,0.262966,Ejina,41.95,101.06666666666666,940.5
2023-03-19 06:51:57,0.264994,Ejina,41.95,101.06666666666666,940.5
2023-03-19 06:57:56,0.265876,Ejina,41.95,101.06666666666666,940.5
2023-03-19 07:01:00,0.268261,Ejina,41.95,101.06666666666666,940.5
2023-03-19 07:13:07,0.262473,Ejina,41.95,101.06666666666666,940.5
2023-03-19 07:15:59,0.259581,Ejina,41.95,101.06666666666666,940.5
2023-03-19 07:18:58,0.25822,Ejina,41.95,101.06666666666666,940.5
2023-03-19 07:28:05,0.257714,Ejina,41.95,101.06666666666666,940.5
2023-03-19 07:37:11,0.256966,Ejina,41.95,101.06666666666666,940.5
2023-03-19 07:49:12,0.257075,Ejina,41.95,101.06666666666666,940.5
2023-03-19 08:01:03,0.249536,Ejina,41.95,101.06666666666666,940.5
2023-03-19 08:09:45,0.248666,Ejina,41.95,101.06666666666666,940.5
2023-03-19 08:18:56,0.253372,Ejina,41.95,101.06666666666666,940.5
2023-03-19 08:27:59,0.255906,Ejina,41.95,101.06666666666666,940.5
2023-03-19 08:31:01,0.258317,Ejina,41.95,101.06666666666666,940.5
2023-03-19 08:32:58,0.261358,Ejina,41.95,101.06666666666666,940.5
2023-03-19 08:39:59,0.266873,Ejina,41.95,101.06666666666666,940.5
2023-03-19 08:43:06,0.268345,Ejina,41.95,101.06666666666666,940.5
2023-03-19 08:54:57,0.272548,Ejina,41.95,101.06666666666666,940.5
2023-03-19 09:04:46,0.278833,Ejina,41.95,101.06666666666666,940.5
2023-03-19 09:09:56,0.284598,Ejina,41.95,101.06666666666666,940.5
2023-03-19 10:29:41,0.277706,Ejina,41.95,101.06666666666666,940.5
2023-03-19 10:33:40,0.276001,Ejina,41.95,101.06666666666666,940.5
2023-03-19 10:36:55,0.275169,Ejina,41.95,101.06666666666666,940.5
2023-03-20 07:28:15,1.24287,Ejina,41.95,101.06666666666666,940.5
2023-03-20 07:45:56,1.234765,Ejina,41.95,101.06666666666666,940.5
2023-03-20 07:48:58,1.301657,Ejina,41.95,101.06666666666666,940.5
2023-03-20 08:30:56,0.750105,Ejina,41.95,101.06666666666666,940.5
2023-03-20 08:33:00,0.71551,Ejina,41.95,101.06666666666666,940.5
2023-03-20 08:42:56,0.624223,Ejina,41.95,101.06666666666666,940.5
2023-03-20 08:51:26,0.600111,Ejina,41.95,101.06666666666666,940.5
2023-03-20 08:54:56,0.590595,Ejina,41.95,101.06666666666666,940.5
2023-03-20 09:00:57,0.572465,Ejina,41.95,101.06666666666666,940.5
2023-03-20 09:05:57,0.549893,Ejina,41.95,101.06666666666666,940.5
2023-03-20 09:09:56,0.533931,Ejina,41.95,101.06666666666666,940.5
2023-03-20 09:15:55,0.534936,Ejina,41.95,101.06666666666666,940.5
2023-03-20 09:24:59,0.509944,Ejina,41.95,101.06666666666666,940.5
2023-03-20 09:35:54,0.524093,Ejina,41.95,101.06666666666666,940.5
2023-03-20 09:43:00,0.558239,Ejina,41.95,101.06666666666666,940.5
2023-03-20 09:59:48,0.663697,Ejina,41.95,101.06666666666666,940.5
2023-03-20 10:06:55,0.631398,Ejina,41.95,101.06666666666666,940.5
2023-03-21 00:08:47,0.21258,Ejina,41.95,101.06666666666666,940.5
2023-03-21 00:15:56,0.17276,Ejina,41.95,101.06666666666666,940.5
2023-03-21 00:17:54,0.170515,Ejina,41.95,101.06666666666666,940.5
2023-03-21 00:25:01,0.189628,Ejina,41.95,101.06666666666666,940.5
2023-03-21 00:30:56,0.174297,Ejina,41.95,101.06666666666666,940.5
2023-03-21 00:44:38,0.200238,Ejina,41.95,101.06666666666666,940.5
2023-03-21 00:47:24,0.214423,Ejina,41.95,101.06666666666666,940.5
2023-03-21 00:51:57,0.2277,Ejina,41.95,101.06666666666666,940.5
2023-03-21 00:55:00,0.225718,Ejina,41.95,101.06666666666666,940.5
2023-03-21 01:00:57,0.228409,Ejina,41.95,101.06666666666666,940.5
2023-03-21 01:24:57,0.182569,Ejina,41.95,101.06666666666666,940.5
2023-03-21 02:00:59,0.179837,Ejina,41.95,101.06666666666666,940.5
2023-03-21 03:54:25,0.231346,Ejina,41.95,101.06666666666666,940.5
2023-03-21 04:21:57,0.26049,Ejina,41.95,101.06666666666666,940.5
2023-03-21 04:39:06,0.264645,Ejina,41.95,101.06666666666666,940.5
2023-03-21 04:54:07,0.234828,Ejina,41.95,101.06666666666666,940.5
2023-03-21 05:36:56,0.191131,Ejina,41.95,101.06666666666666,940.5
2023-03-21 05:57:57,0.172937,Ejina,41.95,101.06666666666666,940.5
2023-03-21 06:30:56,0.152492,Ejina,41.95,101.06666666666666,940.5
2023-03-21 06:45:56,0.171707,Ejina,41.95,101.06666666666666,940.5
2023-03-21 07:03:57,0.171864,Ejina,41.95,101.06666666666666,940.5
2023-03-21 07:31:26,0.153131,Ejina,41.95,101.06666666666666,940.5
2023-03-21 07:39:59,0.140858,Ejina,41.95,101.06666666666666,940.5
2023-03-21 07:45:58,0.157356,Ejina,41.95,101.06666666666666,940.5
2023-03-21 07:48:59,0.147214,Ejina,41.95,101.06666666666666,940.5
2023-03-21 08:06:57,0.125176,Ejina,41.95,101.06666666666666,940.5
2023-03-21 08:09:05,0.127496,Ejina,41.95,101.06666666666666,940.5
2023-03-21 08:21:56,0.119554,Ejina,41.95,101.06666666666666,940.5
2023-03-21 08:35:39,0.102485,Ejina,41.95,101.06666666666666,940.5
2023-03-21 08:42:56,0.110218,Ejina,41.95,101.06666666666666,940.5
2023-03-21 08:54:56,0.091939,Ejina,41.95,101.06666666666666,940.5
2023-03-21 09:03:56,0.089487,Ejina,41.95,101.06666666666666,940.5
2023-03-21 09:06:56,0.087276,Ejina,41.95,101.06666666666666,940.5
2023-03-21 09:08:53,0.088322,Ejina,41.95,101.06666666666666,940.5
2023-03-21 09:12:56,0.087378,Ejina,41.95,101.06666666666666,940.5
2023-03-21 09:15:56,0.089752,Ejina,41.95,101.06666666666666,940.5
2023-03-21 09:21:55,0.092306,Ejina,41.95,101.06666666666666,940.5
2023-03-21 09:24:56,0.092783,Ejina,41.95,101.06666666666666,940.5
2023-03-21 09:28:53,0.087676,Ejina,41.95,101.06666666666666,940.5
2023-03-21 09:33:55,0.090521,Ejina,41.95,101.06666666666666,940.5
2023-03-21 09:50:31,0.091667,Ejina,41.95,101.06666666666666,940.5
2023-03-21 09:55:00,0.086957,Ejina,41.95,101.06666666666666,940.5
2023-03-21 10:00:49,0.088099,Ejina,41.95,101.06666666666666,940.5
2023-03-21 10:03:55,0.084295,Ejina,41.95,101.06666666666666,940.5
2023-03-21 10:21:20,0.085967,Ejina,41.95,101.06666666666666,940.5
2023-03-21 10:27:08,0.089801,Ejina,41.95,101.06666666666666,940.5
2023-03-21 10:36:01,0.087609,Ejina,41.95,101.06666666666666,940.5
2023-03-22 00:24:58,0.094364,Ejina,41.95,101.06666666666666,940.5
2023-03-22 00:33:56,0.090495,Ejina,41.95,101.06666666666666,940.5
2023-03-22 00:37:03,0.092408,Ejina,41.95,101.06666666666666,940.5
2023-03-22 01:06:59,0.095575,Ejina,41.95,101.06666666666666,940.5
2023-03-22 01:09:10,0.098484,Ejina,41.95,101.06666666666666,940.5
2023-03-22 01:17:41,0.100677,Ejina,41.95,101.06666666666666,940.5
2023-03-22 01:21:58,0.101697,Ejina,41.95,101.06666666666666,940.5
2023-03-22 01:24:56,0.100028,Ejina,41.95,101.06666666666666,940.5
2023-03-22 01:27:09,0.099011,Ejina,41.95,101.06666666666666,940.5
2023-03-22 01:38:51,0.095497,Ejina,41.95,101.06666666666666,940.5
2023-03-22 02:00:57,0.09628,Ejina,41.95,101.06666666666666,940.5
2023-03-22 02:11:23,0.095004,Ejina,41.95,101.06666666666666,940.5
2023-03-22 02:18:56,0.098228,Ejina,41.95,101.06666666666666,940.5
2023-03-22 02:21:57,0.097754,Ejina,41.95,101.06666666666666,940.5
2023-03-22 02:23:50,0.097842,Ejina,41.95,101.06666666666666,940.5
2023-03-22 02:53:51,0.099119,Ejina,41.95,101.06666666666666,940.5
2023-03-22 03:22:18,0.094187,Ejina,41.95,101.06666666666666,940.5
2023-03-22 03:24:25,0.094706,Ejina,41.95,101.06666666666666,940.5
2023-03-22 03:28:16,0.096388,Ejina,41.95,101.06666666666666,940.5
2023-03-22 03:34:00,0.102572,Ejina,41.95,101.06666666666666,940.5
2023-03-22 03:54:06,0.099966,Ejina,41.95,101.06666666666666,940.5
2023-03-22 04:00:56,0.098515,Ejina,41.95,101.06666666666666,940.5
2023-03-22 04:12:57,0.097035,Ejina,41.95,101.06666666666666,940.5
2023-03-22 04:15:58,0.096722,Ejina,41.95,101.06666666666666,940.5
2023-03-22 04:21:57,0.097714,Ejina,41.95,101.06666666666666,940.5
2023-03-22 04:30:57,0.097591,Ejina,41.95,101.06666666666666,940.5
2023-03-22 04:33:57,0.098254,Ejina,41.95,101.06666666666666,940.5
2023-03-22 04:38:47,0.097368,Ejina,41.95,101.06666666666666,940.5
2023-03-22 04:42:56,0.100938,Ejina,41.95,101.06666666666666,940.5
2023-03-22 04:48:57,0.098064,Ejina,41.95,101.06666666666666,940.5
2023-03-22 04:51:57,0.09848,Ejina,41.95,101.06666666666666,940.5
2023-03-22 04:57:55,0.097538,Ejina,41.95,101.06666666666666,940.5
2023-03-22 05:00:57,0.097693,Ejina,41.95,101.06666666666666,940.5
2023-03-22 05:06:57,0.099206,Ejina,41.95,101.06666666666666,940.5
2023-03-22 05:08:47,0.099009,Ejina,41.95,101.06666666666666,940.5
2023-03-22 05:12:57,0.093344,Ejina,41.95,101.06666666666666,940.5
2023-03-22 05:15:57,0.097412,Ejina,41.95,101.06666666666666,940.5
2023-03-22 05:18:57,0.096065,Ejina,41.95,101.06666666666666,940.5
2023-03-22 05:23:48,0.098995,Ejina,41.95,101.06666666666666,940.5
2023-03-22 05:30:58,0.100547,Ejina,41.95,101.06666666666666,940.5
2023-03-22 05:33:57,0.096036,Ejina,41.95,101.06666666666666,940.5
2023-03-22 05:36:56,0.09471,Ejina,41.95,101.06666666666666,940.5
2023-03-22 05:57:57,0.118899,Ejina,41.95,101.06666666666666,940.5
2023-03-22 06:00:57,0.114893,Ejina,41.95,101.06666666666666,940.5
2023-03-22 06:03:58,0.117881,Ejina,41.95,101.06666666666666,940.5
2023-03-22 06:09:56,0.120791,Ejina,41.95,101.06666666666666,940.5
2023-03-22 06:15:57,0.123583,Ejina,41.95,101.06666666666666,940.5
2023-03-22 06:18:57,0.114435,Ejina,41.95,101.06666666666666,940.5
2023-03-22 06:30:56,0.130708,Ejina,41.95,101.06666666666666,940.5
2023-03-22 06:36:57,0.119553,Ejina,41.95,101.06666666666666,940.5
2023-03-22 06:51:56,0.118282,Ejina,41.95,101.06666666666666,940.5
2023-03-22 07:06:58,0.10321,Ejina,41.95,101.06666666666666,940.5
2023-03-22 07:08:49,0.101672,Ejina,41.95,101.06666666666666,940.5
2023-03-22 07:15:57,0.106927,Ejina,41.95,101.06666666666666,940.5
2023-03-22 07:28:16,0.10395,Ejina,41.95,101.06666666666666,940.5
2023-03-22 07:33:57,0.09953,Ejina,41.95,101.06666666666666,940.5
2023-03-22 07:43:19,0.104915,Ejina,41.95,101.06666666666666,940.5
2023-03-22 08:03:57,0.104627,Ejina,41.95,101.06666666666666,940.5
2023-03-22 08:15:56,0.10487,Ejina,41.95,101.06666666666666,940.5
2023-03-22 08:18:56,0.105165,Ejina,41.95,101.06666666666666,940.5
2023-03-22 08:21:56,0.099797,Ejina,41.95,101.06666666666666,940.5
2023-03-22 08:27:56,0.103729,Ejina,41.95,101.06666666666666,940.5
2023-03-22 08:42:56,0.094637,Ejina,41.95,101.06666666666666,940.5
2023-03-22 08:51:57,0.091644,Ejina,41.95,101.06666666666666,940.5
2023-03-22 08:54:24,0.094138,Ejina,41.95,101.06666666666666,940.5
2023-03-22 09:00:56,0.095937,Ejina,41.95,101.06666666666666,940.5
2023-03-22 09:06:55,0.086592,Ejina,41.95,101.06666666666666,940.5
2023-03-22 09:12:56,0.086731,Ejina,41.95,101.06666666666666,940.5
2023-03-22 09:15:56,0.086202,Ejina,41.95,101.06666666666666,940.5
2023-03-22 09:24:56,0.079825,Ejina,41.95,101.06666666666666,940.5
2023-03-22 09:27:57,0.080244,Ejina,41.95,101.06666666666666,940.5
2023-03-22 09:30:10,0.07997,Ejina,41.95,101.06666666666666,940.5
2023-03-22 09:37:00,0.078411,Ejina,41.95,101.06666666666666,940.5
2023-03-22 09:51:44,0.078632,Ejina,41.95,101.06666666666666,940.5
2023-03-22 09:57:11,0.082082,Ejina,41.95,101.06666666666666,940.5
2023-03-22 10:01:00,0.075912,Ejina,41.95,101.06666666666666,940.5
2023-03-22 10:06:19,0.071984,Ejina,41.95,101.06666666666666,940.5
2023-03-22 10:09:55,0.069573,Ejina,41.95,101.06666666666666,940.5
2023-03-22 10:15:20,0.066719,Ejina,41.95,101.06666666666666,940.5
2023-03-22 10:19:04,0.063923,Ejina,41.95,101.06666666666666,940.5
2023-03-22 10:24:56,0.060252,Ejina,41.95,101.06666666666666,940.5
2023-03-22 10:28:39,0.058978,Ejina,41.95,101.06666666666666,940.5
2023-03-22 10:31:02,0.057829,Ejina,41.95,101.06666666666666,940.5
2023-03-22 10:33:05,0.057333,Ejina,41.95,101.06666666666666,940.5
2023-03-22 10:36:55,0.055492,Ejina,41.95,101.06666666666666,940.5
2023-03-22 10:38:55,0.054834,Ejina,41.95,101.06666666666666,940.5
2023-03-23 03:45:59,3.21528,Ejina,41.95,101.06666666666666,940.5
2023-03-23 04:33:57,2.904337,Ejina,41.95,101.06666666666666,940.5
2023-03-23 06:18:57,2.246727,Ejina,41.95,101.06666666666666,940.5
2023-03-23 08:12:57,0.965546,Ejina,41.95,101.06666666666666,940.5
2023-03-23 08:15:57,1.057414,Ejina,41.95,101.06666666666666,940.5
2023-03-23 08:57:56,0.902484,Ejina,41.95,101.06666666666666,940.5
2023-03-23 09:11:49,0.895172,Ejina,41.95,101.06666666666666,940.5
2023-03-23 09:32:38,0.892892,Ejina,41.95,101.06666666666666,940.5
2023-03-23 09:36:56,0.723606,Ejina,41.95,101.06666666666666,940.5
2023-03-23 09:47:07,0.834541,Ejina,41.95,101.06666666666666,940.5
2023-03-23 10:06:55,0.625831,Ejina,41.95,101.06666666666666,940.5
2023-03-24 00:03:32,0.257693,Ejina,41.95,101.06666666666666,940.5
2023-03-24 00:15:46,0.233335,Ejina,41.95,101.06666666666666,940.5
2023-03-24 00:18:56,0.21477,Ejina,41.95,101.06666666666666,940.5
2023-03-24 00:47:11,0.193537,Ejina,41.95,101.06666666666666,940.5
2023-03-24 00:54:58,0.200208,Ejina,41.95,101.06666666666666,940.5
2023-03-24 00:57:56,0.204075,Ejina,41.95,101.06666666666666,940.5
2023-03-24 01:05:43,0.201326,Ejina,41.95,101.06666666666666,940.5
2023-03-24 01:15:56,0.192559,Ejina,41.95,101.06666666666666,940.5
2023-03-24 01:22:03,0.184548,Ejina,41.95,101.06666666666666,940.5
2023-03-24 01:23:51,0.180983,Ejina,41.95,101.06666666666666,940.5
2023-03-24 01:40:03,0.171352,Ejina,41.95,101.06666666666666,940.5
2023-03-24 01:45:59,0.172452,Ejina,41.95,101.06666666666666,940.5
2023-03-24 01:48:57,0.170421,Ejina,41.95,101.06666666666666,940.5
2023-03-24 02:01:04,0.174826,Ejina,41.95,101.06666666666666,940.5
2023-03-24 02:03:57,0.17613,Ejina,41.95,101.06666666666666,940.5
2023-03-24 02:09:58,0.176322,Ejina,41.95,101.06666666666666,940.5
2023-03-24 02:13:00,0.171898,Ejina,41.95,101.06666666666666,940.5
2023-03-24 02:36:57,0.17362,Ejina,41.95,101.06666666666666,940.5
2023-03-24 03:23:53,0.205295,Ejina,41.95,101.06666666666666,940.5
2023-03-24 04:36:58,0.231465,Ejina,41.95,101.06666666666666,940.5
2023-03-24 04:45:57,0.226711,Ejina,41.95,101.06666666666666,940.5
2023-03-24 04:48:58,0.230068,Ejina,41.95,101.06666666666666,940.5
2023-03-24 04:51:57,0.227066,Ejina,41.95,101.06666666666666,940.5
2023-03-24 04:53:48,0.223811,Ejina,41.95,101.06666666666666,940.5
2023-03-24 05:00:57,0.230907,Ejina,41.95,101.06666666666666,940.5
2023-03-24 05:06:57,0.235686,Ejina,41.95,101.06666666666666,940.5
2023-03-24 05:18:57,0.216063,Ejina,41.95,101.06666666666666,940.5
2023-03-24 05:24:56,0.219236,Ejina,41.95,101.06666666666666,940.5
2023-03-24 05:30:58,0.212702,Ejina,41.95,101.06666666666666,940.5
2023-03-24 05:38:38,0.211508,Ejina,41.95,101.06666666666666,940.5
2023-03-24 05:48:56,0.2073,Ejina,41.95,101.06666666666666,940.5
2023-03-24 05:51:57,0.208143,Ejina,41.95,101.06666666666666,940.5
2023-03-24 05:53:47,0.210628,Ejina,41.95,101.06666666666666,940.5
2023-03-24 06:16:05,0.216012,Ejina,41.95,101.06666666666666,940.5
2023-03-24 06:18:57,0.214476,Ejina,41.95,101.06666666666666,940.5
2023-03-24 06:24:59,0.218793,Ejina,41.95,101.06666666666666,940.5
2023-03-24 06:36:58,0.211744,Ejina,41.95,101.06666666666666,940.5
2023-03-24 06:38:47,0.213406,Ejina,41.95,101.06666666666666,940.5
2023-03-24 06:45:57,0.214155,Ejina,41.95,101.06666666666666,940.5
2023-03-24 06:48:56,0.213896,Ejina,41.95,101.06666666666666,940.5
2023-03-24 06:54:56,0.204982,Ejina,41.95,101.06666666666666,940.5
2023-03-24 07:06:57,0.204649,Ejina,41.95,101.06666666666666,940.5
2023-03-24 07:23:30,0.209257,Ejina,41.95,101.06666666666666,940.5
2023-03-24 07:34:22,0.210922,Ejina,41.95,101.06666666666666,940.5
2023-03-24 07:38:10,0.214893,Ejina,41.95,101.06666666666666,940.5
2023-03-24 07:48:57,0.229137,Ejina,41.95,101.06666666666666,940.5
2023-03-24 07:53:22,0.238776,Ejina,41.95,101.06666666666666,940.5
2023-03-24 08:03:56,0.2295,Ejina,41.95,101.06666666666666,940.5
2023-03-24 08:06:56,0.22953,Ejina,41.95,101.06666666666666,940.5
2023-03-24 08:13:02,0.229851,Ejina,41.95,101.06666666666666,940.5
2023-03-24 08:27:59,0.236287,Ejina,41.95,101.06666666666666,940.5
2023-03-24 08:42:56,0.253118,Ejina,41.95,101.06666666666666,940.5
2023-03-24 09:00:58,0.203831,Ejina,41.95,101.06666666666666,940.5
2023-03-24 09:03:59,0.207906,Ejina,41.95,101.06666666666666,940.5
2023-03-24 09:12:56,0.202899,Ejina,41.95,101.06666666666666,940.5
2023-03-24 09:24:55,0.200251,Ejina,41.95,101.06666666666666,940.5
2023-03-24 09:27:55,0.207499,Ejina,41.95,101.06666666666666,940.5
2023-03-24 09:32:46,0.199829,Ejina,41.95,101.06666666666666,940.5
2023-03-24 10:24:51,0.161176,Ejina,41.95,101.06666666666666,940.5
2023-03-24 10:27:55,0.158433,Ejina,41.95,101.06666666666666,940.5
2023-03-24 10:33:55,0.162317,Ejina,41.95,101.06666666666666,940.5
2023-03-24 10:35:50,0.161218,Ejina,41.95,101.06666666666666,940.5
2023-03-24 10:42:47,0.156894,Ejina,41.95,101.06666666666666,940.5
2023-03-25 00:20:47,0.218456,Ejina,41.95,101.06666666666666,940.5
2023-03-25 00:33:57,0.224604,Ejina,41.95,101.06666666666666,940.5
2023-03-25 00:50:40,0.209907,Ejina,41.95,101.06666666666666,940.5
2023-03-25 00:54:59,0.211068,Ejina,41.95,101.06666666666666,940.5
2023-03-25 01:30:58,0.205194,Ejina,41.95,101.06666666666666,940.5
2023-03-25 01:32:52,0.205162,Ejina,41.95,101.06666666666666,940.5
2023-03-25 01:37:00,0.204773,Ejina,41.95,101.06666666666666,940.5
2023-03-25 01:39:56,0.202522,Ejina,41.95,101.06666666666666,940.5
2023-03-25 01:46:01,0.201132,Ejina,41.95,101.06666666666666,940.5
2023-03-25 02:00:56,0.201552,Ejina,41.95,101.06666666666666,940.5
2023-03-25 02:05:45,0.200028,Ejina,41.95,101.06666666666666,940.5
2023-03-25 02:12:57,0.203935,Ejina,41.95,101.06666666666666,940.5
2023-03-25 02:43:01,0.206993,Ejina,41.95,101.06666666666666,940.5
2023-03-25 02:55:15,0.206889,Ejina,41.95,101.06666666666666,940.5
2023-03-25 03:04:14,0.205647,Ejina,41.95,101.06666666666666,940.5
2023-03-25 03:10:17,0.205175,Ejina,41.95,101.06666666666666,940.5
2023-03-25 03:49:15,0.210216,Ejina,41.95,101.06666666666666,940.5
2023-03-25 04:13:14,0.222984,Ejina,41.95,101.06666666666666,940.5
2023-03-25 04:28:14,0.239593,Ejina,41.95,101.06666666666666,940.5
2023-03-25 04:37:51,0.248814,Ejina,41.95,101.06666666666666,940.5
2023-03-25 04:45:57,0.221238,Ejina,41.95,101.06666666666666,940.5
2023-03-25 07:37:13,0.237026,Ejina,41.95,101.06666666666666,940.5
2023-03-25 08:49:02,0.204221,Ejina,41.95,101.06666666666666,940.5
2023-03-25 08:55:01,0.199386,Ejina,41.95,101.06666666666666,940.5
2023-03-25 08:57:59,0.194679,Ejina,41.95,101.06666666666666,940.5
2023-03-25 09:21:56,0.194329,Ejina,41.95,101.06666666666666,940.5
2023-03-25 09:27:56,0.18589,Ejina,41.95,101.06666666666666,940.5
2023-03-25 09:30:56,0.182454,Ejina,41.95,101.06666666666666,940.5
2023-03-25 09:49:14,0.185722,Ejina,41.95,101.06666666666666,940.5
2023-03-25 09:57:55,0.191645,Ejina,41.95,101.06666666666666,940.5
2023-03-25 10:05:33,0.176283,Ejina,41.95,101.06666666666666,940.5
2023-03-25 10:09:54,0.178375,Ejina,41.95,101.06666666666666,940.5
2023-03-25 10:18:48,0.187136,Ejina,41.95,101.06666666666666,940.5
2023-03-25 10:27:56,0.19325,Ejina,41.95,101.06666666666666,940.5
2023-03-25 10:43:54,0.213656,Ejina,41.95,101.06666666666666,940.5
2023-03-26 00:44:38,0.096631,Ejina,41.95,101.06666666666666,940.5
2023-03-26 01:13:03,0.086839,Ejina,41.95,101.06666666666666,940.5
2023-03-26 01:33:56,0.101532,Ejina,41.95,101.06666666666666,940.5
2023-03-26 01:44:58,0.098279,Ejina,41.95,101.06666666666666,940.5
2023-03-26 01:48:57,0.092028,Ejina,41.95,101.06666666666666,940.5
2023-03-26 02:08:38,0.091015,Ejina,41.95,101.06666666666666,940.5
2023-03-26 02:12:57,0.090189,Ejina,41.95,101.06666666666666,940.5
2023-03-26 02:15:57,0.089874,Ejina,41.95,101.06666666666666,940.5
2023-03-26 02:18:57,0.094488,Ejina,41.95,101.06666666666666,940.5
2023-03-26 02:23:40,0.092572,Ejina,41.95,101.06666666666666,940.5
2023-03-26 02:27:57,0.093888,Ejina,41.95,101.06666666666666,940.5
2023-03-26 02:30:59,0.094779,Ejina,41.95,101.06666666666666,940.5
2023-03-26 02:38:09,0.092735,Ejina,41.95,101.06666666666666,940.5
2023-03-26 02:45:56,0.096665,Ejina,41.95,101.06666666666666,940.5
2023-03-26 03:09:11,0.10141,Ejina,41.95,101.06666666666666,940.5
2023-03-26 03:22:16,0.101464,Ejina,41.95,101.06666666666666,940.5
2023-03-26 03:28:16,0.102457,Ejina,41.95,101.06666666666666,940.5
2023-03-26 03:34:00,0.103135,Ejina,41.95,101.06666666666666,940.5
2023-03-26 04:00:57,0.100656,Ejina,41.95,101.06666666666666,940.5
2023-03-26 04:03:57,0.102392,Ejina,41.95,101.06666666666666,940.5
2023-03-26 04:12:57,0.101414,Ejina,41.95,101.06666666666666,940.5
2023-03-26 04:18:57,0.09808,Ejina,41.95,101.06666666666666,940.5
2023-03-26 04:21:57,0.09998,Ejina,41.95,101.06666666666666,940.5
2023-03-26 04:23:49,0.100576,Ejina,41.95,101.06666666666666,940.5
2023-03-26 04:27:57,0.099605,Ejina,41.95,101.06666666666666,940.5
2023-03-26 04:30:57,0.097555,Ejina,41.95,101.06666666666666,940.5
2023-03-26 04:33:57,0.099993,Ejina,41.95,101.06666666666666,940.5
2023-03-26 04:37:38,0.096142,Ejina,41.95,101.06666666666666,940.5
2023-03-26 04:42:57,0.096469,Ejina,41.95,101.06666666666666,940.5
2023-03-26 04:45:57,0.097573,Ejina,41.95,101.06666666666666,940.5
2023-03-26 04:51:57,0.099098,Ejina,41.95,101.06666666666666,940.5
2023-03-26 04:57:57,0.098596,Ejina,41.95,101.06666666666666,940.5
2023-03-26 05:00:57,0.095787,Ejina,41.95,101.06666666666666,940.5
2023-03-26 05:03:57,0.09725,Ejina,41.95,101.06666666666666,940.5
2023-03-26 05:06:57,0.09845,Ejina,41.95,101.06666666666666,940.5
2023-03-26 05:08:47,0.098332,Ejina,41.95,101.06666666666666,940.5
2023-03-26 05:18:57,0.096557,Ejina,41.95,101.06666666666666,940.5
2023-03-26 05:21:57,0.097795,Ejina,41.95,101.06666666666666,940.5
2023-03-26 05:23:49,0.098471,Ejina,41.95,101.06666666666666,940.5
2023-03-26 05:27:57,0.096572,Ejina,41.95,101.06666666666666,940.5
2023-03-26 05:36:57,0.095601,Ejina,41.95,101.06666666666666,940.5
2023-03-26 05:38:47,0.095312,Ejina,41.95,101.06666666666666,940.5
2023-03-26 05:48:58,0.098519,Ejina,41.95,101.06666666666666,940.5
2023-03-26 07:06:56,0.088171,Ejina,41.95,101.06666666666666,940.5
2023-03-26 07:08:46,0.091437,Ejina,41.95,101.06666666666666,940.5
2023-03-26 07:12:58,0.092884,Ejina,41.95,101.06666666666666,940.5
2023-03-26 07:23:39,0.0935,Ejina,41.95,101.06666666666666,940.5
2023-03-26 07:27:58,0.093664,Ejina,41.95,101.06666666666666,940.5
2023-03-26 07:37:30,0.091941,Ejina,41.95,101.06666666666666,940.5
2023-03-26 07:42:55,0.085827,Ejina,41.95,101.06666666666666,940.5
2023-03-26 07:45:56,0.084731,Ejina,41.95,101.06666666666666,940.5
2023-03-26 07:48:56,0.084373,Ejina,41.95,101.06666666666666,940.5
2023-03-26 07:51:56,0.084642,Ejina,41.95,101.06666666666666,940.5
2023-03-26 08:00:58,0.080678,Ejina,41.95,101.06666666666666,940.5
2023-03-26 08:06:56,0.078693,Ejina,41.95,101.06666666666666,940.5
2023-03-26 08:12:57,0.075076,Ejina,41.95,101.06666666666666,940.5
2023-03-26 08:37:31,0.075987,Ejina,41.95,101.06666666666666,940.5
2023-03-26 08:42:21,0.074105,Ejina,41.95,101.06666666666666,940.5
2023-03-26 08:51:58,0.0743,Ejina,41.95,101.06666666666666,940.5
2023-03-26 08:54:56,0.076261,Ejina,41.95,101.06666666666666,940.5
2023-03-26 09:14:38,0.071752,Ejina,41.95,101.06666666666666,940.5
2023-03-26 09:18:56,0.072104,Ejina,41.95,101.06666666666666,940.5
2023-03-26 09:21:56,0.072189,Ejina,41.95,101.06666666666666,940.5
2023-03-26 09:25:43,0.072529,Ejina,41.95,101.06666666666666,940.5
2023-03-26 09:35:39,0.0728,Ejina,41.95,101.06666666666666,940.5
2023-03-26 09:51:55,0.073518,Ejina,41.95,101.06666666666666,940.5
2023-03-26 09:54:56,0.073781,Ejina,41.95,101.06666666666666,940.5
2023-03-26 10:00:55,0.071357,Ejina,41.95,101.06666666666666,940.5
2023-03-26 10:13:02,0.068699,Ejina,41.95,101.06666666666666,940.5
2023-03-26 10:27:01,0.06582,Ejina,41.95,101.06666666666666,940.5
2023-03-26 10:37:38,0.061604,Ejina,41.95,101.06666666666666,940.5
2023-03-26 10:39:56,0.060088,Ejina,41.95,101.06666666666666,940.5
2023-03-26 10:42:58,0.057744,Ejina,41.95,101.06666666666666,940.5
2023-03-27 00:09:59,0.096447,Ejina,41.95,101.06666666666666,940.5
2023-03-27 00:16:42,0.082592,Ejina,41.95,101.06666666666666,940.5
2023-03-27 00:21:59,0.086718,Ejina,41.95,101.06666666666666,940.5
2023-03-27 00:39:56,0.122793,Ejina,41.95,101.06666666666666,940.5
2023-03-27 00:48:57,0.102424,Ejina,41.95,101.06666666666666,940.5
2023-03-27 00:58:02,0.148634,Ejina,41.95,101.06666666666666,940.5
2023-03-27 01:04:02,0.087395,Ejina,41.95,101.06666666666666,940.5
2023-03-27 01:15:57,0.088977,Ejina,41.95,101.06666666666666,940.5
2023-03-27 01:17:55,0.089642,Ejina,41.95,101.06666666666666,940.5
2023-03-27 01:21:58,0.091499,Ejina,41.95,101.06666666666666,940.5
2023-03-27 01:33:57,0.098631,Ejina,41.95,101.06666666666666,940.5
2023-03-27 01:36:57,0.100893,Ejina,41.95,101.06666666666666,940.5
2023-03-27 01:42:56,0.129854,Ejina,41.95,101.06666666666666,940.5
2023-03-27 01:45:57,0.14017,Ejina,41.95,101.06666666666666,940.5
2023-03-27 02:00:37,0.389013,Ejina,41.95,101.06666666666666,940.5
2023-03-27 05:36:57,0.291225,Ejina,41.95,101.06666666666666,940.5
2023-03-27 08:38:08,0.210147,Ejina,41.95,101.06666666666666,940.5
2023-03-27 09:03:56,0.173769,Ejina,41.95,101.06666666666666,940.5
2023-03-27 09:15:31,0.174808,Ejina,41.95,101.06666666666666,940.5
2023-03-27 09:27:02,0.177607,Ejina,41.95,101.06666666666666,940.5
2023-03-27 09:42:55,0.181793,Ejina,41.95,101.06666666666666,940.5
2023-03-27 09:48:55,0.180424,Ejina,41.95,101.06666666666666,940.5
2023-03-27 09:51:35,0.177592,Ejina,41.95,101.06666666666666,940.5
2023-03-27 09:57:42,0.187147,Ejina,41.95,101.06666666666666,940.5
2023-03-27 10:03:55,0.186372,Ejina,41.95,101.06666666666666,940.5
2023-03-27 10:06:57,0.177994,Ejina,41.95,101.06666666666666,940.5
2023-03-27 10:16:01,0.177705,Ejina,41.95,101.06666666666666,940.5
2023-03-27 10:18:55,0.173949,Ejina,41.95,101.06666666666666,940.5
2023-03-27 10:27:55,0.179609,Ejina,41.95,101.06666666666666,940.5
2023-03-27 10:30:57,0.179383,Ejina,41.95,101.06666666666666,940.5
2023-03-27 10:33:52,0.184791,Ejina,41.95,101.06666666666666,940.5
2023-03-27 23:56:32,0.096185,Ejina,41.95,101.06666666666666,940.5
2023-03-28 00:06:57,0.097696,Ejina,41.95,101.06666666666666,940.5
2023-03-28 00:43:00,0.105436,Ejina,41.95,101.06666666666666,940.5
2023-03-28 00:52:05,0.10778,Ejina,41.95,101.06666666666666,940.5
2023-03-28 00:59:19,0.109467,Ejina,41.95,101.06666666666666,940.5
2023-03-28 01:03:59,0.111998,Ejina,41.95,101.06666666666666,940.5
2023-03-28 01:06:08,0.113224,Ejina,41.95,101.06666666666666,940.5
2023-03-28 01:09:57,0.1151,Ejina,41.95,101.06666666666666,940.5
2023-03-28 01:13:00,0.116573,Ejina,41.95,101.06666666666666,940.5
2023-03-28 01:21:58,0.121693,Ejina,41.95,101.06666666666666,940.5
2023-03-28 01:27:02,0.121568,Ejina,41.95,101.06666666666666,940.5
2023-03-28 01:45:57,0.126315,Ejina,41.95,101.06666666666666,940.5
2023-03-28 01:48:57,0.1273,Ejina,41.95,101.06666666666666,940.5
2023-03-28 01:54:58,0.129151,Ejina,41.95,101.06666666666666,940.5
2023-03-28 02:12:57,0.136077,Ejina,41.95,101.06666666666666,940.5
2023-03-28 02:15:58,0.136198,Ejina,41.95,101.06666666666666,940.5
2023-03-28 02:18:57,0.136371,Ejina,41.95,101.06666666666666,940.5
2023-03-28 02:21:54,0.135118,Ejina,41.95,101.06666666666666,940.5
2023-03-28 02:24:56,0.135459,Ejina,41.95,101.06666666666666,940.5
2023-03-28 02:33:57,0.136848,Ejina,41.95,101.06666666666666,940.5
2023-03-28 02:45:57,0.14182,Ejina,41.95,101.06666666666666,940.5
2023-03-28 02:51:52,0.14504,Ejina,41.95,101.06666666666666,940.5
2023-03-28 02:54:58,0.146373,Ejina,41.95,101.06666666666666,940.5
2023-03-28 03:21:57,0.156786,Ejina,41.95,101.06666666666666,940.5
2023-03-28 03:30:58,0.159202,Ejina,41.95,101.06666666666666,940.5
2023-03-28 04:00:58,0.171111,Ejina,41.95,101.06666666666666,940.5
2023-03-28 04:06:52,0.179873,Ejina,41.95,101.06666666666666,940.5
2023-03-28 04:24:55,0.179266,Ejina,41.95,101.06666666666666,940.5
2023-03-28 05:06:52,0.206562,Ejina,41.95,101.06666666666666,940.5
2023-03-28 05:09:57,0.209309,Ejina,41.95,101.06666666666666,940.5
2023-03-28 05:18:57,0.213846,Ejina,41.95,101.06666666666666,940.5
2023-03-28 05:21:54,0.218501,Ejina,41.95,101.06666666666666,940.5
2023-03-28 05:24:57,0.220191,Ejina,41.95,101.06666666666666,940.5
2023-03-28 05:27:57,0.219349,Ejina,41.95,101.06666666666666,940.5
2023-03-28 05:30:58,0.216835,Ejina,41.95,101.06666666666666,940.5
2023-03-28 05:36:52,0.210054,Ejina,41.95,101.06666666666666,940.5
2023-03-28 06:24:57,0.200824,Ejina,41.95,101.06666666666666,940.5
2023-03-28 06:51:53,0.203199,Ejina,41.95,101.06666666666666,940.5
2023-03-28 07:06:51,0.198241,Ejina,41.95,101.06666666666666,940.5
2023-03-28 07:12:56,0.203265,Ejina,41.95,101.06666666666666,940.5
2023-03-28 07:15:56,0.200151,Ejina,41.95,101.06666666666666,940.5
2023-03-28 07:18:56,0.199946,Ejina,41.95,101.06666666666666,940.5
2023-03-28 07:21:53,0.201213,Ejina,41.95,101.06666666666666,940.5
2023-03-28 07:45:56,0.206422,Ejina,41.95,101.06666666666666,940.5
2023-03-28 07:48:57,0.204291,Ejina,41.95,101.06666666666666,940.5
2023-03-28 07:54:56,0.19361,Ejina,41.95,101.06666666666666,940.5
2023-03-28 08:03:56,0.18972,Ejina,41.95,101.06666666666666,940.5
2023-03-28 08:06:52,0.195965,Ejina,41.95,101.06666666666666,940.5
2023-03-28 08:09:56,0.201648,Ejina,41.95,101.06666666666666,940.5
2023-03-28 08:15:56,0.212001,Ejina,41.95,101.06666666666666,940.5
2023-03-28 08:45:16,0.211547,Ejina,41.95,101.06666666666666,940.5
2023-03-28 08:52:01,0.226345,Ejina,41.95,101.06666666666666,940.5
2023-03-28 08:57:55,0.249353,Ejina,41.95,101.06666666666666,940.5
2023-03-28 09:16:43,0.264121,Ejina,41.95,101.06666666666666,940.5
2023-03-28 09:19:01,0.256533,Ejina,41.95,101.06666666666666,940.5
2023-03-28 09:24:55,0.258297,Ejina,41.95,101.06666666666666,940.5
2023-03-28 09:27:58,0.260961,Ejina,41.95,101.06666666666666,940.5
2023-03-28 09:37:40,0.274919,Ejina,41.95,101.06666666666666,940.5
2023-03-28 09:51:55,0.272484,Ejina,41.95,101.06666666666666,940.5
2023-03-28 09:54:57,0.275774,Ejina,41.95,101.06666666666666,940.5
2023-03-28 09:58:01,0.276883,Ejina,41.95,101.06666666666666,940.5
2023-03-28 10:07:00,0.268553,Ejina,41.95,101.06666666666666,940.5
2023-03-28 10:09:00,0.265229,Ejina,41.95,101.06666666666666,940.5
2023-03-28 10:13:01,0.260404,Ejina,41.95,101.06666666666666,940.5
2023-03-28 10:14:47,0.263606,Ejina,41.95,101.06666666666666,940.5
2023-03-28 10:18:55,0.264838,Ejina,41.95,101.06666666666666,940.5
2023-03-28 10:27:56,0.261394,Ejina,41.95,101.06666666666666,940.5
2023-03-28 10:29:49,0.261661,Ejina,41.95,101.06666666666666,940.5
2023-03-28 10:45:56,0.268375,Ejina,41.95,101.06666666666666,940.5
2023-03-28 23:54:58,0.126504,Ejina,41.95,101.06666666666666,940.5
2023-03-28 23:57:54,0.130196,Ejina,41.95,101.06666666666666,940.5
2023-03-29 00:03:56,0.129098,Ejina,41.95,101.06666666666666,940.5
2023-03-29 00:09:56,0.129872,Ejina,41.95,101.06666666666666,940.5
2023-03-29 00:25:04,0.131019,Ejina,41.95,101.06666666666666,940.5
2023-03-29 00:33:00,0.132287,Ejina,41.95,101.06666666666666,940.5
2023-03-29 00:36:57,0.133633,Ejina,41.95,101.06666666666666,940.5
2023-03-29 00:38:51,0.133827,Ejina,41.95,101.06666666666666,940.5
2023-03-29 00:42:56,0.137196,Ejina,41.95,101.06666666666666,940.5
2023-03-29 00:49:04,0.138696,Ejina,41.95,101.06666666666666,940.5
2023-03-29 00:51:56,0.139433,Ejina,41.95,101.06666666666666,940.5
2023-03-29 00:56:14,0.139225,Ejina,41.95,101.06666666666666,940.5
2023-03-29 01:00:54,0.140205,Ejina,41.95,101.06666666666666,940.5
2023-03-29 01:09:56,0.139217,Ejina,41.95,101.06666666666666,940.5
2023-03-29 01:24:58,0.141763,Ejina,41.95,101.06666666666666,940.5
2023-03-29 01:26:54,0.143594,Ejina,41.95,101.06666666666666,940.5
2023-03-29 01:39:01,0.146746,Ejina,41.95,101.06666666666666,940.5
2023-03-29 01:45:57,0.150643,Ejina,41.95,101.06666666666666,940.5
2023-03-29 01:56:31,0.152969,Ejina,41.95,101.06666666666666,940.5
2023-03-29 02:00:58,0.153432,Ejina,41.95,101.06666666666666,940.5
2023-03-29 02:03:57,0.153861,Ejina,41.95,101.06666666666666,940.5
2023-03-29 02:06:33,0.153591,Ejina,41.95,101.06666666666666,940.5
2023-03-29 02:12:57,0.155012,Ejina,41.95,101.06666666666666,940.5
2023-03-29 02:24:58,0.165059,Ejina,41.95,101.06666666666666,940.5
2023-03-29 02:27:58,0.166013,Ejina,41.95,101.06666666666666,940.5
2023-03-29 04:18:57,0.199697,Ejina,41.95,101.06666666666666,940.5
2023-03-29 04:21:35,0.194716,Ejina,41.95,101.06666666666666,940.5
2023-03-29 04:30:57,0.20103,Ejina,41.95,101.06666666666666,940.5
2023-03-29 04:33:57,0.210033,Ejina,41.95,101.06666666666666,940.5
2023-03-29 04:51:33,0.225973,Ejina,41.95,101.06666666666666,940.5
2023-03-29 04:54:57,0.197443,Ejina,41.95,101.06666666666666,940.5
2023-03-29 05:09:57,0.175319,Ejina,41.95,101.06666666666666,940.5
2023-03-29 05:12:57,0.170117,Ejina,41.95,101.06666666666666,940.5
2023-03-29 05:18:56,0.163811,Ejina,41.95,101.06666666666666,940.5
2023-03-29 05:36:36,0.167481,Ejina,41.95,101.06666666666666,940.5
2023-03-29 05:39:58,0.153248,Ejina,41.95,101.06666666666666,940.5
2023-03-29 05:51:33,0.153905,Ejina,41.95,101.06666666666666,940.5
2023-03-29 05:54:58,0.158581,Ejina,41.95,101.06666666666666,940.5
2023-03-29 06:00:56,0.151316,Ejina,41.95,101.06666666666666,940.5
2023-03-29 06:24:55,0.152227,Ejina,41.95,101.06666666666666,940.5
2023-03-29 07:03:56,0.160449,Ejina,41.95,101.06666666666666,940.5
2023-03-29 07:39:56,0.155819,Ejina,41.95,101.06666666666666,940.5
2023-03-29 07:51:32,0.163076,Ejina,41.95,101.06666666666666,940.5
2023-03-29 08:30:56,0.163731,Ejina,41.95,101.06666666666666,940.5
2023-03-29 08:36:32,0.16174,Ejina,41.95,101.06666666666666,940.5
2023-03-29 09:06:59,0.162829,Ejina,41.95,101.06666666666666,940.5
2023-03-29 09:16:00,0.171537,Ejina,41.95,101.06666666666666,940.5
2023-03-29 09:22:01,0.163668,Ejina,41.95,101.06666666666666,940.5
2023-03-29 10:00:03,0.170115,Ejina,41.95,101.06666666666666,940.5
2023-03-29 10:10:39,0.173532,Ejina,41.95,101.06666666666666,940.5
2023-03-29 10:12:55,0.176397,Ejina,41.95,101.06666666666666,940.5
2023-03-29 10:14:49,0.17546,Ejina,41.95,101.06666666666666,940.5
2023-03-29 10:18:54,0.171943,Ejina,41.95,101.06666666666666,940.5
2023-03-29 10:27:55,0.182906,Ejina,41.95,101.06666666666666,940.5
2023-03-30 00:35:58,0.208228,Ejina,41.95,101.06666666666666,940.5
2023-03-30 00:45:58,0.216731,Ejina,41.95,101.06666666666666,940.5
2023-03-30 01:07:02,0.226004,Ejina,41.95,101.06666666666666,940.5
2023-03-30 01:11:58,0.227185,Ejina,41.95,101.06666666666666,940.5
2023-03-30 01:15:56,0.231171,Ejina,41.95,101.06666666666666,940.5
2023-03-30 01:22:01,0.230705,Ejina,41.95,101.06666666666666,940.5
2023-03-30 01:27:58,0.234377,Ejina,41.95,101.06666666666666,940.5
2023-03-30 01:34:03,0.230145,Ejina,41.95,101.06666666666666,940.5
2023-03-30 01:51:57,0.23628,Ejina,41.95,101.06666666666666,940.5
2023-03-30 01:57:57,0.240574,Ejina,41.95,101.06666666666666,940.5
2023-03-30 02:00:59,0.240994,Ejina,41.95,101.06666666666666,940.5
2023-03-30 02:03:58,0.240619,Ejina,41.95,101.06666666666666,940.5
2023-03-30 02:09:58,0.241007,Ejina,41.95,101.06666666666666,940.5
2023-03-30 02:21:16,0.251321,Ejina,41.95,101.06666666666666,940.5
2023-03-30 02:27:57,0.262655,Ejina,41.95,101.06666666666666,940.5
2023-03-30 02:39:57,0.271465,Ejina,41.95,101.06666666666666,940.5
2023-03-30 03:00:58,0.293909,Ejina,41.95,101.06666666666666,940.5
2023-03-30 03:03:58,0.304159,Ejina,41.95,101.06666666666666,940.5
2023-03-30 03:09:58,0.300461,Ejina,41.95,101.06666666666666,940.5
2023-03-30 03:28:00,0.313631,Ejina,41.95,101.06666666666666,940.5
2023-03-30 03:36:16,0.318155,Ejina,41.95,101.06666666666666,940.5
2023-03-30 03:39:57,0.323137,Ejina,41.95,101.06666666666666,940.5
2023-03-30 03:42:58,0.328696,Ejina,41.95,101.06666666666666,940.5
2023-03-30 04:12:57,0.369842,Ejina,41.95,101.06666666666666,940.5
2023-03-30 04:36:14,0.422053,Ejina,41.95,101.06666666666666,940.5
2023-03-30 04:39:57,0.40727,Ejina,41.95,101.06666666666666,940.5
2023-03-30 04:51:14,0.429821,Ejina,41.95,101.06666666666666,940.5
2023-03-30 05:06:14,0.422566,Ejina,41.95,101.06666666666666,940.5
2023-03-30 05:09:57,0.407176,Ejina,41.95,101.06666666666666,940.5
2023-03-30 05:18:58,0.403111,Ejina,41.95,101.06666666666666,940.5
2023-03-30 05:30:57,0.405378,Ejina,41.95,101.06666666666666,940.5
2023-03-30 05:33:58,0.4318,Ejina,41.95,101.06666666666666,940.5
2023-03-30 05:39:58,0.403574,Ejina,41.95,101.06666666666666,940.5
2023-03-30 06:06:32,0.431327,Ejina,41.95,101.06666666666666,940.5
2023-03-30 06:21:16,0.424056,Ejina,41.95,101.06666666666666,940.5
2023-03-30 06:33:56,0.378343,Ejina,41.95,101.06666666666666,940.5
2023-03-30 06:39:57,0.408272,Ejina,41.95,101.06666666666666,940.5
2023-03-30 06:51:13,0.391708,Ejina,41.95,101.06666666666666,940.5
2023-03-30 06:57:57,0.385839,Ejina,41.95,101.06666666666666,940.5
2023-03-30 07:03:56,0.409511,Ejina,41.95,101.06666666666666,940.5
2023-03-30 07:15:59,0.367368,Ejina,41.95,101.06666666666666,940.5
2023-03-30 07:21:15,0.374475,Ejina,41.95,101.06666666666666,940.5
2023-03-30 07:24:59,0.385559,Ejina,41.95,101.06666666666666,940.5
2023-03-30 07:43:06,0.369228,Ejina,41.95,101.06666666666666,940.5
2023-03-30 07:48:56,0.338113,Ejina,41.95,101.06666666666666,940.5
2023-03-30 07:57:56,0.323851,Ejina,41.95,101.06666666666666,940.5
2023-03-30 08:03:58,0.342877,Ejina,41.95,101.06666666666666,940.5
2023-03-30 08:09:57,0.352178,Ejina,41.95,101.06666666666666,940.5
2023-03-30 08:24:55,0.358883,Ejina,41.95,101.06666666666666,940.5
2023-03-30 08:30:57,0.357017,Ejina,41.95,101.06666666666666,940.5
2023-03-30 08:33:59,0.351083,Ejina,41.95,101.06666666666666,940.5
2023-03-30 08:36:13,0.345003,Ejina,41.95,101.06666666666666,940.5
2023-03-30 08:46:02,0.343542,Ejina,41.95,101.06666666666666,940.5
2023-03-30 09:00:56,0.328631,Ejina,41.95,101.06666666666666,940.5
2023-03-30 09:03:56,0.325244,Ejina,41.95,101.06666666666666,940.5
2023-03-30 09:12:56,0.314843,Ejina,41.95,101.06666666666666,940.5
2023-03-30 09:15:57,0.312596,Ejina,41.95,101.06666666666666,940.5
2023-03-30 09:18:56,0.311261,Ejina,41.95,101.06666666666666,940.5
2023-03-30 09:21:56,0.309069,Ejina,41.95,101.06666666666666,940.5
2023-03-30 09:30:37,0.30151,Ejina,41.95,101.06666666666666,940.5
2023-03-30 09:42:56,0.303824,Ejina,41.95,101.06666666666666,940.5
2023-03-30 09:54:56,0.304062,Ejina,41.95,101.06666666666666,940.5
2023-03-30 09:56:49,0.298662,Ejina,41.95,101.06666666666666,940.5
2023-03-30 10:00:56,0.293542,Ejina,41.95,101.06666666666666,940.5
2023-03-30 10:06:35,0.288846,Ejina,41.95,101.06666666666666,940.5
2023-03-30 10:11:15,0.281619,Ejina,41.95,101.06666666666666,940.5
2023-03-30 10:18:55,0.270449,Ejina,41.95,101.06666666666666,940.5
2023-03-30 10:33:55,0.267473,Ejina,41.95,101.06666666666666,940.5
2023-03-30 10:36:55,0.267573,Ejina,41.95,101.06666666666666,940.5
2023-03-31 00:32:27,0.264019,Ejina,41.95,101.06666666666666,940.5
2023-03-31 00:36:54,0.252371,Ejina,41.95,101.06666666666666,940.5
2023-03-31 00:39:38,0.240198,Ejina,41.95,101.06666666666666,940.5
2023-03-31 00:49:01,0.217612,Ejina,41.95,101.06666666666666,940.5
2023-03-31 00:52:00,0.221414,Ejina,41.95,101.06666666666666,940.5
2023-03-31 01:09:57,0.154006,Ejina,41.95,101.06666666666666,940.5
2023-03-31 01:11:53,0.157302,Ejina,41.95,101.06666666666666,940.5
2023-03-31 01:15:57,0.163725,Ejina,41.95,101.06666666666666,940.5
2023-03-31 01:18:58,0.165007,Ejina,41.95,101.06666666666666,940.5
2023-03-31 01:21:21,0.166928,Ejina,41.95,101.06666666666666,940.5
2023-03-31 01:24:58,0.175524,Ejina,41.95,101.06666666666666,940.5
2023-03-31 01:30:57,0.182462,Ejina,41.95,101.06666666666666,940.5
2023-03-31 01:33:58,0.185534,Ejina,41.95,101.06666666666666,940.5
2023-03-31 01:36:57,0.194113,Ejina,41.95,101.06666666666666,940.5
2023-03-31 01:42:56,0.188132,Ejina,41.95,101.06666666666666,940.5
2023-03-31 01:48:58,0.188455,Ejina,41.95,101.06666666666666,940.5
2023-03-31 01:51:57,0.189339,Ejina,41.95,101.06666666666666,940.5
2023-03-31 02:09:57,0.179834,Ejina,41.95,101.06666666666666,940.5
2023-03-31 02:15:57,0.174431,Ejina,41.95,101.06666666666666,940.5
2023-03-31 02:18:57,0.173192,Ejina,41.95,101.06666666666666,940.5
2023-03-31 02:20:57,0.17292,Ejina,41.95,101.06666666666666,940.5
2023-03-31 02:33:56,0.170474,Ejina,41.95,101.06666666666666,940.5
2023-03-31 02:35:55,0.170324,Ejina,41.95,101.06666666666666,940.5
2023-03-31 02:39:57,0.167075,Ejina,41.95,101.06666666666666,940.5
2023-03-31 02:42:58,0.161789,Ejina,41.95,101.06666666666666,940.5
2023-03-31 03:00:58,0.159081,Ejina,41.95,101.06666666666666,940.5
2023-03-31 03:27:57,0.136448,Ejina,41.95,101.06666666666666,940.5
2023-03-31 03:35:56,0.129485,Ejina,41.95,101.06666666666666,940.5
2023-03-31 03:39:56,0.136461,Ejina,41.95,101.06666666666666,940.5
2023-03-31 03:57:58,0.15112,Ejina,41.95,101.06666666666666,940.5
2023-03-31 04:12:57,0.133532,Ejina,41.95,101.06666666666666,940.5
2023-03-31 04:15:57,0.127744,Ejina,41.95,101.06666666666666,940.5
2023-03-31 04:18:57,0.12834,Ejina,41.95,101.06666666666666,940.5
2023-03-31 04:33:57,0.134228,Ejina,41.95,101.06666666666666,940.5
2023-03-31 05:03:57,0.149219,Ejina,41.95,101.06666666666666,940.5
2023-03-31 05:09:57,0.150507,Ejina,41.95,101.06666666666666,940.5
2023-03-31 05:12:57,0.152827,Ejina,41.95,101.06666666666666,940.5
2023-03-31 05:15:57,0.1567,Ejina,41.95,101.06666666666666,940.5
2023-03-31 05:18:58,0.165788,Ejina,41.95,101.06666666666666,940.5
2023-03-31 05:20:57,0.166108,Ejina,41.95,101.06666666666666,940.5
2023-03-31 05:27:58,0.178037,Ejina,41.95,101.06666666666666,940.5
2023-03-31 05:33:58,0.184815,Ejina,41.95,101.06666666666666,940.5
2023-03-31 05:35:56,0.184131,Ejina,41.95,101.06666666666666,940.5
2023-03-31 05:39:57,0.186711,Ejina,41.95,101.06666666666666,940.5
2023-03-31 06:05:54,0.235709,Ejina,41.95,101.06666666666666,940.5
2023-03-31 06:48:58,0.253476,Ejina,41.95,101.06666666666666,940.5
2023-03-31 06:50:55,0.257818,Ejina,41.95,101.06666666666666,940.5
2023-03-31 07:20:56,0.223814,Ejina,41.95,101.06666666666666,940.5
2023-03-31 07:35:55,0.234456,Ejina,41.95,101.06666666666666,940.5
2023-03-31 08:18:59,0.225413,Ejina,41.95,101.06666666666666,940.5
2023-03-31 08:20:56,0.23428,Ejina,41.95,101.06666666666666,940.5
2023-03-31 08:33:55,0.245268,Ejina,41.95,101.06666666666666,940.5
2023-03-31 09:30:55,0.257298,Ejina,41.95,101.06666666666666,940.5
2023-03-31 09:36:56,0.254039,Ejina,41.95,101.06666666666666,940.5
2023-03-31 09:45:58,0.291243,Ejina,41.95,101.06666666666666,940.5
2023-03-31 09:56:16,0.269618,Ejina,41.95,101.06666666666666,940.5
2023-03-31 10:00:57,0.271538,Ejina,41.95,101.06666666666666,940.5
2023-03-31 10:15:55,0.259144,Ejina,41.95,101.06666666666666,940.5
2023-03-31 10:25:41,0.273315,Ejina,41.95,101.06666666666666,940.5
2023-03-31 10:27:55,0.262669,Ejina,41.95,101.06666666666666,940.5
2023-03-31 10:32:53,0.291482,Ejina,41.95,101.06666666666666,940.5
2023-03-31 10:38:16,0.276456,Ejina,41.95,101.06666666666666,940.5
2023-03-31 10:50:29,0.270296,Ejina,41.95,101.06666666666666,940.5
2023-04-01 04:39:57,0.430477,Ejina,41.95,101.06666666666666,940.5
2023-04-01 04:42:58,0.410362,Ejina,41.95,101.06666666666666,940.5
2023-04-01 04:54:57,0.521714,Ejina,41.95,101.06666666666666,940.5
2023-04-01 05:35:48,0.693861,Ejina,41.95,101.06666666666666,940.5
2023-04-01 06:45:57,0.374893,Ejina,41.95,101.06666666666666,940.5
2023-04-01 07:04:03,0.342194,Ejina,41.95,101.06666666666666,940.5
2023-04-01 07:05:49,0.347095,Ejina,41.95,101.06666666666666,940.5
2023-04-01 07:13:00,0.352423,Ejina,41.95,101.06666666666666,940.5
2023-04-01 09:54:57,0.536287,Ejina,41.95,101.06666666666666,940.5
2023-04-01 10:12:56,0.46252,Ejina,41.95,101.06666666666666,940.5
2023-04-01 10:26:36,0.456838,Ejina,41.95,101.06666666666666,940.5
2023-04-01 10:36:55,0.431139,Ejina,41.95,101.06666666666666,940.5
2023-04-01 10:42:55,0.389251,Ejina,41.95,101.06666666666666,940.5
2023-04-01 10:44:48,0.38139,Ejina,41.95,101.06666666666666,940.5
2023-04-01 23:47:59,0.369858,Ejina,41.95,101.06666666666666,940.5
2023-04-02 01:03:56,0.411789,Ejina,41.95,101.06666666666666,940.5
2023-04-02 01:06:25,0.415238,Ejina,41.95,101.06666666666666,940.5
2023-04-02 01:18:57,0.413548,Ejina,41.95,101.06666666666666,940.5
2023-04-02 01:21:58,0.409714,Ejina,41.95,101.06666666666666,940.5
2023-04-02 01:27:58,0.416546,Ejina,41.95,101.06666666666666,940.5
2023-04-02 01:34:00,0.42063,Ejina,41.95,101.06666666666666,940.5
2023-04-02 01:36:57,0.412698,Ejina,41.95,101.06666666666666,940.5
2023-04-02 01:42:57,0.412143,Ejina,41.95,101.06666666666666,940.5
2023-04-02 01:54:59,0.40971,Ejina,41.95,101.06666666666666,940.5
2023-04-02 02:00:57,0.413359,Ejina,41.95,101.06666666666666,940.5
2023-04-02 02:05:18,0.41873,Ejina,41.95,101.06666666666666,940.5
2023-04-02 02:09:57,0.419562,Ejina,41.95,101.06666666666666,940.5
2023-04-02 02:20:39,0.411905,Ejina,41.95,101.06666666666666,940.5
2023-04-02 02:24:57,0.416508,Ejina,41.95,101.06666666666666,940.5
2023-04-02 02:30:57,0.414637,Ejina,41.95,101.06666666666666,940.5
2023-04-02 02:33:57,0.412618,Ejina,41.95,101.06666666666666,940.5
2023-04-02 03:55:13,0.375147,Ejina,41.95,101.06666666666666,940.5
2023-04-02 04:00:58,0.375356,Ejina,41.95,101.06666666666666,940.5
2023-04-02 04:12:57,0.37202,Ejina,41.95,101.06666666666666,940.5
2023-04-02 04:15:58,0.373792,Ejina,41.95,101.06666666666666,940.5
2023-04-02 04:20:42,0.371416,Ejina,41.95,101.06666666666666,940.5
2023-04-02 04:36:57,0.367708,Ejina,41.95,101.06666666666666,940.5
2023-04-02 04:45:58,0.363323,Ejina,41.95,101.06666666666666,940.5
2023-04-02 04:48:57,0.364944,Ejina,41.95,101.06666666666666,940.5
2023-04-02 04:51:59,0.365788,Ejina,41.95,101.06666666666666,940.5
2023-04-02 05:20:19,0.345687,Ejina,41.95,101.06666666666666,940.5
2023-04-02 05:36:57,0.33454,Ejina,41.95,101.06666666666666,940.5
2023-04-02 05:39:59,0.332478,Ejina,41.95,101.06666666666666,940.5
2023-04-02 05:42:57,0.331749,Ejina,41.95,101.06666666666666,940.5
2023-04-02 05:48:57,0.342862,Ejina,41.95,101.06666666666666,940.5
2023-04-02 06:09:56,0.348261,Ejina,41.95,101.06666666666666,940.5
2023-04-02 06:12:58,0.35016,Ejina,41.95,101.06666666666666,940.5
2023-04-02 06:35:18,0.359858,Ejina,41.95,101.06666666666666,940.5
2023-04-02 06:39:56,0.374292,Ejina,41.95,101.06666666666666,940.5
2023-04-02 06:54:56,0.368632,Ejina,41.95,101.06666666666666,940.5
2023-04-02 07:05:21,0.35325,Ejina,41.95,101.06666666666666,940.5
2023-04-02 07:13:20,0.352486,Ejina,41.95,101.06666666666666,940.5
2023-04-02 07:19:23,0.338375,Ejina,41.95,101.06666666666666,940.5
2023-04-02 07:21:23,0.339796,Ejina,41.95,101.06666666666666,940.5
2023-04-02 07:34:07,0.34747,Ejina,41.95,101.06666666666666,940.5
2023-04-02 07:35:48,0.345817,Ejina,41.95,101.06666666666666,940.5
2023-04-02 07:40:03,0.349421,Ejina,41.95,101.06666666666666,940.5
2023-04-02 07:42:59,0.336661,Ejina,41.95,101.06666666666666,940.5
2023-04-02 07:45:57,0.331457,Ejina,41.95,101.06666666666666,940.5
2023-04-02 07:50:38,0.345528,Ejina,41.95,101.06666666666666,940.5
2023-04-02 07:57:56,0.336797,Ejina,41.95,101.06666666666666,940.5
2023-04-02 08:01:01,0.345402,Ejina,41.95,101.06666666666666,940.5
2023-04-02 08:04:00,0.387052,Ejina,41.95,101.06666666666666,940.5
2023-04-02 08:12:58,0.373134,Ejina,41.95,101.06666666666666,940.5
2023-04-02 08:15:57,0.356447,Ejina,41.95,101.06666666666666,940.5
2023-04-02 08:20:39,0.332583,Ejina,41.95,101.06666666666666,940.5
2023-04-02 08:25:04,0.335437,Ejina,41.95,101.06666666666666,940.5
2023-04-02 08:30:59,0.325559,Ejina,41.95,101.06666666666666,940.5
2023-04-02 08:33:56,0.324004,Ejina,41.95,101.06666666666666,940.5
2023-04-02 08:57:56,0.323878,Ejina,41.95,101.06666666666666,940.5
2023-04-02 09:12:56,0.343376,Ejina,41.95,101.06666666666666,940.5
2023-04-02 09:27:55,0.350141,Ejina,41.95,101.06666666666666,940.5
2023-04-02 09:31:00,0.366185,Ejina,41.95,101.06666666666666,940.5
2023-04-02 09:33:57,0.354795,Ejina,41.95,101.06666666666666,940.5
2023-04-02 09:39:56,0.344402,Ejina,41.95,101.06666666666666,940.5
2023-04-02 09:51:41,0.347109,Ejina,41.95,101.06666666666666,940.5
2023-04-02 09:57:56,0.370892,Ejina,41.95,101.06666666666666,940.5
2023-04-02 10:03:56,0.368683,Ejina,41.95,101.06666666666666,940.5
2023-04-02 10:24:55,0.374266,Ejina,41.95,101.06666666666666,940.5
2023-04-05 06:46:15,0.887696,Ejina,41.95,101.06666666666666,940.5
2023-04-05 08:25:02,0.459299,Ejina,41.95,101.06666666666666,940.5
2023-04-05 08:27:56,0.46419,Ejina,41.95,101.06666666666666,940.5
2023-04-05 08:54:59,0.468061,Ejina,41.95,101.06666666666666,940.5
2023-04-05 09:27:56,0.444116,Ejina,41.95,101.06666666666666,940.5
2023-04-05 09:47:55,0.412945,Ejina,41.95,101.06666666666666,940.5
2023-04-05 10:22:38,0.415512,Ejina,41.95,101.06666666666666,940.5
2023-04-05 10:51:55,0.486274,Ejina,41.95,101.06666666666666,940.5
2023-04-06 00:09:54,0.259463,Ejina,41.95,101.06666666666666,940.5
2023-04-06 00:12:57,0.258876,Ejina,41.95,101.06666666666666,940.5
2023-04-06 00:15:02,0.256857,Ejina,41.95,101.06666666666666,940.5
2023-04-06 00:20:08,0.252644,Ejina,41.95,101.06666666666666,940.5
2023-04-06 00:30:57,0.246311,Ejina,41.95,101.06666666666666,940.5
2023-04-06 00:35:15,0.244598,Ejina,41.95,101.06666666666666,940.5
2023-04-06 00:42:07,0.246771,Ejina,41.95,101.06666666666666,940.5
2023-04-06 01:15:58,0.250557,Ejina,41.95,101.06666666666666,940.5
2023-04-06 01:21:57,0.256465,Ejina,41.95,101.06666666666666,940.5
2023-04-06 01:40:00,0.250887,Ejina,41.95,101.06666666666666,940.5
2023-04-06 01:41:53,0.248375,Ejina,41.95,101.06666666666666,940.5
2023-04-06 01:45:57,0.248043,Ejina,41.95,101.06666666666666,940.5
2023-04-06 01:49:03,0.247037,Ejina,41.95,101.06666666666666,940.5
2023-04-06 02:18:57,0.271381,Ejina,41.95,101.06666666666666,940.5
2023-04-06 02:35:38,0.275552,Ejina,41.95,101.06666666666666,940.5
2023-04-06 02:50:13,0.279362,Ejina,41.95,101.06666666666666,940.5
2023-04-06 02:54:58,0.285078,Ejina,41.95,101.06666666666666,940.5
2023-04-06 03:19:02,0.29436,Ejina,41.95,101.06666666666666,940.5
2023-04-06 03:24:58,0.301232,Ejina,41.95,101.06666666666666,940.5
2023-04-06 03:31:01,0.298755,Ejina,41.95,101.06666666666666,940.5
2023-04-06 04:05:19,0.307583,Ejina,41.95,101.06666666666666,940.5
2023-04-06 04:19:43,0.300352,Ejina,41.95,101.06666666666666,940.5
2023-04-06 04:25:01,0.306741,Ejina,41.95,101.06666666666666,940.5
2023-04-06 04:30:58,0.302672,Ejina,41.95,101.06666666666666,940.5
2023-04-06 04:33:58,0.303735,Ejina,41.95,101.06666666666666,940.5
2023-04-06 04:35:48,0.306429,Ejina,41.95,101.06666666666666,940.5
2023-04-06 04:39:58,0.312805,Ejina,41.95,101.06666666666666,940.5
2023-04-06 04:42:57,0.335013,Ejina,41.95,101.06666666666666,940.5
2023-04-06 05:00:57,0.314064,Ejina,41.95,101.06666666666666,940.5
2023-04-06 05:06:57,0.305545,Ejina,41.95,101.06666666666666,940.5
2023-04-06 05:21:26,0.320626,Ejina,41.95,101.06666666666666,940.5
2023-04-06 05:39:57,0.311009,Ejina,41.95,101.06666666666666,940.5
2023-04-06 05:49:12,0.311174,Ejina,41.95,101.06666666666666,940.5
2023-04-06 06:04:39,0.293681,Ejina,41.95,101.06666666666666,940.5
2023-04-06 06:09:57,0.307919,Ejina,41.95,101.06666666666666,940.5
2023-04-06 06:16:10,0.322355,Ejina,41.95,101.06666666666666,940.5
2023-04-06 06:43:12,0.296807,Ejina,41.95,101.06666666666666,940.5
2023-04-06 06:45:56,0.293367,Ejina,41.95,101.06666666666666,940.5
2023-04-06 06:49:13,0.287484,Ejina,41.95,101.06666666666666,940.5
2023-04-06 06:51:12,0.282243,Ejina,41.95,101.06666666666666,940.5
2023-04-06 06:54:57,0.279105,Ejina,41.95,101.06666666666666,940.5
2023-04-06 06:57:56,0.289502,Ejina,41.95,101.06666666666666,940.5
2023-04-06 07:00:56,0.290295,Ejina,41.95,101.06666666666666,940.5
2023-04-06 07:31:09,0.279419,Ejina,41.95,101.06666666666666,940.5
2023-04-06 07:34:38,0.270058,Ejina,41.95,101.06666666666666,940.5
2023-04-06 07:37:02,0.278022,Ejina,41.95,101.06666666666666,940.5
2023-04-06 07:39:56,0.263203,Ejina,41.95,101.06666666666666,940.5
2023-04-06 07:42:56,0.258113,Ejina,41.95,101.06666666666666,940.5
2023-04-06 07:50:08,0.266628,Ejina,41.95,101.06666666666666,940.5
2023-04-06 07:57:58,0.2653,Ejina,41.95,101.06666666666666,940.5
2023-04-06 08:03:56,0.264517,Ejina,41.95,101.06666666666666,940.5
2023-04-06 08:05:48,0.260518,Ejina,41.95,101.06666666666666,940.5
2023-04-06 08:09:56,0.2386,Ejina,41.95,101.06666666666666,940.5
2023-04-06 08:15:56,0.254042,Ejina,41.95,101.06666666666666,940.5
2023-04-06 08:19:17,0.263962,Ejina,41.95,101.06666666666666,940.5
2023-04-06 08:21:05,0.262515,Ejina,41.95,101.06666666666666,940.5
2023-04-06 08:27:55,0.268281,Ejina,41.95,101.06666666666666,940.5
2023-04-06 08:33:56,0.261349,Ejina,41.95,101.06666666666666,940.5
2023-04-06 08:36:57,0.256644,Ejina,41.95,101.06666666666666,940.5
2023-04-06 08:39:56,0.249797,Ejina,41.95,101.06666666666666,940.5
2023-04-06 08:45:57,0.235509,Ejina,41.95,101.06666666666666,940.5
2023-04-06 09:03:55,0.228642,Ejina,41.95,101.06666666666666,940.5
2023-04-06 09:12:55,0.234936,Ejina,41.95,101.06666666666666,940.5
2023-04-06 09:15:55,0.221884,Ejina,41.95,101.06666666666666,940.5
2023-04-06 09:27:43,0.220204,Ejina,41.95,101.06666666666666,940.5
2023-04-06 09:42:55,0.237972,Ejina,41.95,101.06666666666666,940.5
2023-04-06 09:48:07,0.242313,Ejina,41.95,101.06666666666666,940.5
2023-04-06 09:51:56,0.241557,Ejina,41.95,101.06666666666666,940.5
2023-04-06 09:54:56,0.233012,Ejina,41.95,101.06666666666666,940.5
2023-04-06 10:00:56,0.227514,Ejina,41.95,101.06666666666666,940.5
2023-04-06 10:09:56,0.238678,Ejina,41.95,101.06666666666666,940.5
2023-04-06 10:21:55,0.24199,Ejina,41.95,101.06666666666666,940.5
2023-04-06 10:30:56,0.245283,Ejina,41.95,101.06666666666666,940.5
2023-04-06 10:32:49,0.247437,Ejina,41.95,101.06666666666666,940.5
2023-04-07 02:06:57,0.150037,Ejina,41.95,101.06666666666666,940.5
2023-04-07 02:09:58,0.146846,Ejina,41.95,101.06666666666666,940.5
2023-04-07 02:24:57,0.143618,Ejina,41.95,101.06666666666666,940.5
2023-04-07 02:33:48,0.147704,Ejina,41.95,101.06666666666666,940.5
2023-04-07 02:36:57,0.151444,Ejina,41.95,101.06666666666666,940.5
2023-04-07 02:39:57,0.154182,Ejina,41.95,101.06666666666666,940.5
2023-04-07 02:45:57,0.160743,Ejina,41.95,101.06666666666666,940.5
2023-04-07 02:48:51,0.161832,Ejina,41.95,101.06666666666666,940.5
2023-04-07 02:57:58,0.167037,Ejina,41.95,101.06666666666666,940.5
2023-04-07 03:00:59,0.163373,Ejina,41.95,101.06666666666666,940.5
2023-04-07 03:03:50,0.15804,Ejina,41.95,101.06666666666666,940.5
2023-04-07 03:18:51,0.169071,Ejina,41.95,101.06666666666666,940.5
2023-04-07 03:27:58,0.165392,Ejina,41.95,101.06666666666666,940.5
2023-04-07 03:30:58,0.171046,Ejina,41.95,101.06666666666666,940.5
2023-04-07 03:43:00,0.16966,Ejina,41.95,101.06666666666666,940.5
2023-04-07 03:52:01,0.173514,Ejina,41.95,101.06666666666666,940.5
2023-04-07 04:15:57,0.159936,Ejina,41.95,101.06666666666666,940.5
2023-04-07 04:24:57,0.154574,Ejina,41.95,101.06666666666666,940.5
2023-04-07 04:30:58,0.182267,Ejina,41.95,101.06666666666666,940.5
2023-04-07 04:39:57,0.199373,Ejina,41.95,101.06666666666666,940.5
2023-04-07 04:42:57,0.199914,Ejina,41.95,101.06666666666666,940.5
2023-04-07 04:45:57,0.191885,Ejina,41.95,101.06666666666666,940.5
2023-04-07 04:54:57,0.172268,Ejina,41.95,101.06666666666666,940.5
2023-04-07 04:57:58,0.17347,Ejina,41.95,101.06666666666666,940.5
2023-04-07 05:00:58,0.163858,Ejina,41.95,101.06666666666666,940.5
2023-04-07 05:03:49,0.163974,Ejina,41.95,101.06666666666666,940.5
2023-04-07 05:06:56,0.160422,Ejina,41.95,101.06666666666666,940.5
2023-04-07 05:12:57,0.14294,Ejina,41.95,101.06666666666666,940.5
2023-04-07 05:21:58,0.140981,Ejina,41.95,101.06666666666666,940.5
2023-04-07 05:24:58,0.147208,Ejina,41.95,101.06666666666666,940.5
2023-04-07 05:27:57,0.15015,Ejina,41.95,101.06666666666666,940.5
2023-04-07 05:36:57,0.159903,Ejina,41.95,101.06666666666666,940.5
2023-04-07 05:51:57,0.155252,Ejina,41.95,101.06666666666666,940.5
2023-04-07 05:57:57,0.153852,Ejina,41.95,101.06666666666666,940.5
2023-04-07 06:13:02,0.156354,Ejina,41.95,101.06666666666666,940.5
2023-04-07 07:03:48,0.154301,Ejina,41.95,101.06666666666666,940.5
2023-04-07 07:18:58,0.157193,Ejina,41.95,101.06666666666666,940.5
2023-04-07 07:27:56,0.161761,Ejina,41.95,101.06666666666666,940.5
2023-04-07 07:33:48,0.15983,Ejina,41.95,101.06666666666666,940.5
2023-04-07 07:36:56,0.157404,Ejina,41.95,101.06666666666666,940.5
2023-04-07 07:48:52,0.166636,Ejina,41.95,101.06666666666666,940.5
2023-04-07 08:01:00,0.161498,Ejina,41.95,101.06666666666666,940.5
2023-04-07 08:03:47,0.164887,Ejina,41.95,101.06666666666666,940.5
2023-04-07 08:12:56,0.156636,Ejina,41.95,101.06666666666666,940.5
2023-04-07 08:18:49,0.15047,Ejina,41.95,101.06666666666666,940.5
2023-04-07 08:21:56,0.156303,Ejina,41.95,101.06666666666666,940.5
2023-04-07 08:30:56,0.157519,Ejina,41.95,101.06666666666666,940.5
2023-04-07 08:33:56,0.158239,Ejina,41.95,101.06666666666666,940.5
2023-04-07 08:42:57,0.153551,Ejina,41.95,101.06666666666666,940.5
2023-04-07 08:48:56,0.145409,Ejina,41.95,101.06666666666666,940.5
2023-04-07 08:55:00,0.14332,Ejina,41.95,101.06666666666666,940.5
2023-04-07 08:57:56,0.13999,Ejina,41.95,101.06666666666666,940.5
2023-04-07 09:03:56,0.138631,Ejina,41.95,101.06666666666666,940.5
2023-04-07 09:07:02,0.134601,Ejina,41.95,101.06666666666666,940.5
2023-04-07 09:09:56,0.137223,Ejina,41.95,101.06666666666666,940.5
2023-04-07 09:12:56,0.137409,Ejina,41.95,101.06666666666666,940.5
2023-04-07 09:18:55,0.133732,Ejina,41.95,101.06666666666666,940.5
2023-04-07 09:29:39,0.130027,Ejina,41.95,101.06666666666666,940.5
2023-04-07 10:05:39,0.121703,Ejina,41.95,101.06666666666666,940.5
2023-04-07 10:18:56,0.12222,Ejina,41.95,101.06666666666666,940.5
2023-04-07 10:21:55,0.121277,Ejina,41.95,101.06666666666666,940.5
2023-04-07 10:30:55,0.123103,Ejina,41.95,101.06666666666666,940.5
2023-04-07 10:40:41,0.120582,Ejina,41.95,101.06666666666666,940.5
2023-04-07 10:42:56,0.119735,Ejina,41.95,101.06666666666666,940.5
2023-04-07 23:54:59,0.439535,Ejina,41.95,101.06666666666666,940.5
2023-04-08 00:03:56,0.619,Ejina,41.95,101.06666666666666,940.5
2023-04-08 00:09:59,0.642506,Ejina,41.95,101.06666666666666,940.5
2023-04-08 00:15:57,0.596159,Ejina,41.95,101.06666666666666,940.5
2023-04-08 00:20:48,0.557026,Ejina,41.95,101.06666666666666,940.5
2023-04-08 00:26:09,0.529741,Ejina,41.95,101.06666666666666,940.5
2023-04-08 00:32:47,0.499608,Ejina,41.95,101.06666666666666,940.5
2023-04-08 00:45:57,0.468419,Ejina,41.95,101.06666666666666,940.5
2023-04-08 00:52:01,0.476345,Ejina,41.95,101.06666666666666,940.5
2023-04-08 00:56:39,0.485122,Ejina,41.95,101.06666666666666,940.5
2023-04-08 01:12:59,0.472212,Ejina,41.95,101.06666666666666,940.5
2023-04-08 01:15:56,0.460948,Ejina,41.95,101.06666666666666,940.5
2023-04-08 01:18:56,0.453195,Ejina,41.95,101.06666666666666,940.5
2023-04-08 01:20:51,0.45375,Ejina,41.95,101.06666666666666,940.5
2023-04-08 01:25:01,0.446366,Ejina,41.95,101.06666666666666,940.5
2023-04-08 01:27:59,0.444701,Ejina,41.95,101.06666666666666,940.5
2023-04-08 01:40:00,0.466084,Ejina,41.95,101.06666666666666,940.5
2023-04-08 01:45:56,0.46969,Ejina,41.95,101.06666666666666,940.5
2023-04-08 01:54:57,0.528019,Ejina,41.95,101.06666666666666,940.5
2023-04-08 02:00:57,0.551969,Ejina,41.95,101.06666666666666,940.5
2023-04-08 02:06:57,0.583079,Ejina,41.95,101.06666666666666,940.5
2023-04-08 02:15:57,0.725835,Ejina,41.95,101.06666666666666,940.5
2023-04-08 02:33:30,0.997805,Ejina,41.95,101.06666666666666,940.5
2023-04-08 02:39:57,0.887112,Ejina,41.95,101.06666666666666,940.5
2023-04-08 02:45:58,0.810717,Ejina,41.95,101.06666666666666,940.5
2023-04-08 02:54:57,0.772788,Ejina,41.95,101.06666666666666,940.5
2023-04-08 04:03:31,1.06113,Ejina,41.95,101.06666666666666,940.5
2023-04-08 04:09:57,1.088527,Ejina,41.95,101.06666666666666,940.5
2023-04-08 04:15:57,1.037969,Ejina,41.95,101.06666666666666,940.5
2023-04-08 04:18:32,1.032463,Ejina,41.95,101.06666666666666,940.5
2023-04-08 04:48:30,0.928496,Ejina,41.95,101.06666666666666,940.5
2023-04-08 05:01:06,0.952545,Ejina,41.95,101.06666666666666,940.5
2023-04-08 05:18:32,0.873624,Ejina,41.95,101.06666666666666,940.5
2023-04-08 05:30:58,0.92941,Ejina,41.95,101.06666666666666,940.5
2023-04-08 06:09:56,0.88168,Ejina,41.95,101.06666666666666,940.5
2023-04-08 07:12:56,0.909623,Ejina,41.95,101.06666666666666,940.5
2023-04-08 07:15:57,0.951816,Ejina,41.95,101.06666666666666,940.5
2023-04-08 07:39:57,0.789055,Ejina,41.95,101.06666666666666,940.5
2023-04-08 07:57:56,0.768577,Ejina,41.95,101.06666666666666,940.5
2023-04-08 08:09:56,0.711796,Ejina,41.95,101.06666666666666,940.5
2023-04-08 08:15:59,0.731867,Ejina,41.95,101.06666666666666,940.5
2023-04-08 08:33:56,0.678168,Ejina,41.95,101.06666666666666,940.5
2023-04-08 08:49:00,0.645425,Ejina,41.95,101.06666666666666,940.5
2023-04-08 08:54:56,0.650736,Ejina,41.95,101.06666666666666,940.5
2023-04-08 08:57:56,0.639081,Ejina,41.95,101.06666666666666,940.5
2023-04-08 08:59:53,0.619886,Ejina,41.95,101.06666666666666,940.5
2023-04-08 09:03:56,0.602817,Ejina,41.95,101.06666666666666,940.5
2023-04-08 09:07:00,0.61138,Ejina,41.95,101.06666666666666,940.5
2023-04-08 09:18:56,0.618541,Ejina,41.95,101.06666666666666,940.5
2023-04-08 09:24:58,0.621025,Ejina,41.95,101.06666666666666,940.5
2023-04-08 09:33:56,0.631069,Ejina,41.95,101.06666666666666,940.5
2023-04-08 09:42:54,0.664183,Ejina,41.95,101.06666666666666,940.5
2023-04-08 09:48:58,0.705036,Ejina,41.95,101.06666666666666,940.5
2023-04-08 10:26:47,0.954929,Ejina,41.95,101.06666666666666,940.5
2023-04-08 10:30:57,1.022132,Ejina,41.95,101.06666666666666,940.5
2023-04-08 23:57:56,0.278316,Ejina,41.95,101.06666666666666,940.5
2023-04-09 00:00:58,0.200718,Ejina,41.95,101.06666666666666,940.5
2023-04-09 00:16:04,0.207358,Ejina,41.95,101.06666666666666,940.5
2023-04-09 00:27:56,0.193682,Ejina,41.95,101.06666666666666,940.5
2023-04-09 01:21:56,0.227591,Ejina,41.95,101.06666666666666,940.5
2023-04-09 01:35:24,0.297124,Ejina,41.95,101.06666666666666,940.5
2023-04-09 02:11:41,0.323426,Ejina,41.95,101.06666666666666,940.5
2023-04-09 02:18:16,0.300879,Ejina,41.95,101.06666666666666,940.5
2023-04-09 02:42:57,0.223403,Ejina,41.95,101.06666666666666,940.5
2023-04-09 03:57:58,0.352669,Ejina,41.95,101.06666666666666,940.5
2023-04-09 04:03:13,0.317007,Ejina,41.95,101.06666666666666,940.5
2023-04-09 04:09:57,0.340969,Ejina,41.95,101.06666666666666,940.5
2023-04-10 00:29:58,0.210989,Ejina,41.95,101.06666666666666,940.5
2023-04-10 03:06:59,0.4429,Ejina,41.95,101.06666666666666,940.5
2023-04-11 00:03:56,0.14413,Ejina,41.95,101.06666666666666,940.5
2023-04-11 00:06:55,0.146141,Ejina,41.95,101.06666666666666,940.5
2023-04-11 00:21:06,0.146058,Ejina,41.95,101.06666666666666,940.5
2023-04-11 00:27:03,0.143491,Ejina,41.95,101.06666666666666,940.5
2023-04-11 00:45:56,0.143173,Ejina,41.95,101.06666666666666,940.5
2023-04-11 00:55:04,0.143853,Ejina,41.95,101.06666666666666,940.5
2023-04-11 00:57:57,0.14198,Ejina,41.95,101.06666666666666,940.5
2023-04-11 01:01:02,0.141778,Ejina,41.95,101.06666666666666,940.5
2023-04-11 01:02:59,0.143722,Ejina,41.95,101.06666666666666,940.5
2023-04-11 01:06:57,0.146562,Ejina,41.95,101.06666666666666,940.5
2023-04-11 01:10:02,0.14545,Ejina,41.95,101.06666666666666,940.5
2023-04-11 01:25:05,0.14847,Ejina,41.95,101.06666666666666,940.5
2023-04-11 01:32:09,0.151827,Ejina,41.95,101.06666666666666,940.5
2023-04-11 01:36:56,0.151498,Ejina,41.95,101.06666666666666,940.5
2023-04-11 01:39:57,0.150976,Ejina,41.95,101.06666666666666,940.5
2023-04-11 01:48:57,0.150105,Ejina,41.95,101.06666666666666,940.5
2023-04-11 01:51:57,0.150239,Ejina,41.95,101.06666666666666,940.5
2023-04-11 01:54:57,0.151625,Ejina,41.95,101.06666666666666,940.5
2023-04-11 02:06:47,0.159952,Ejina,41.95,101.06666666666666,940.5
2023-04-11 02:12:57,0.160179,Ejina,41.95,101.06666666666666,940.5
2023-04-11 02:15:57,0.163349,Ejina,41.95,101.06666666666666,940.5
2023-04-11 02:21:58,0.167318,Ejina,41.95,101.06666666666666,940.5
2023-04-11 02:24:57,0.168239,Ejina,41.95,101.06666666666666,940.5
2023-04-11 02:27:57,0.16835,Ejina,41.95,101.06666666666666,940.5
2023-04-11 02:30:57,0.172686,Ejina,41.95,101.06666666666666,940.5
2023-04-11 02:36:57,0.175713,Ejina,41.95,101.06666666666666,940.5
2023-04-11 02:39:57,0.177888,Ejina,41.95,101.06666666666666,940.5
2023-04-11 02:45:58,0.178569,Ejina,41.95,101.06666666666666,940.5
2023-04-11 02:51:57,0.18356,Ejina,41.95,101.06666666666666,940.5
2023-04-11 03:02:41,0.19108,Ejina,41.95,101.06666666666666,940.5
2023-04-11 03:21:58,0.188579,Ejina,41.95,101.06666666666666,940.5
2023-04-11 03:24:58,0.182689,Ejina,41.95,101.06666666666666,940.5
2023-04-11 03:32:40,0.187781,Ejina,41.95,101.06666666666666,940.5
2023-04-11 03:57:58,0.191219,Ejina,41.95,101.06666666666666,940.5
2023-04-11 04:06:57,0.172106,Ejina,41.95,101.06666666666666,940.5
2023-04-11 04:17:42,0.192,Ejina,41.95,101.06666666666666,940.5
2023-04-11 04:27:57,0.20242,Ejina,41.95,101.06666666666666,940.5
2023-04-11 04:32:40,0.192951,Ejina,41.95,101.06666666666666,940.5
2023-04-11 04:51:58,0.19285,Ejina,41.95,101.06666666666666,940.5
2023-04-11 05:15:58,0.17663,Ejina,41.95,101.06666666666666,940.5
2023-04-11 05:21:58,0.182118,Ejina,41.95,101.06666666666666,940.5
2023-04-11 05:24:58,0.196858,Ejina,41.95,101.06666666666666,940.5
2023-04-11 05:30:57,0.198084,Ejina,41.95,101.06666666666666,940.5
2023-04-11 05:36:57,0.187653,Ejina,41.95,101.06666666666666,940.5
2023-04-11 05:42:58,0.185862,Ejina,41.95,101.06666666666666,940.5
2023-04-11 05:45:57,0.185243,Ejina,41.95,101.06666666666666,940.5
2023-04-11 06:00:57,0.170198,Ejina,41.95,101.06666666666666,940.5
2023-04-11 06:24:57,0.165023,Ejina,41.95,101.06666666666666,940.5
2023-04-11 06:51:56,0.166199,Ejina,41.95,101.06666666666666,940.5
2023-04-11 06:57:57,0.162285,Ejina,41.95,101.06666666666666,940.5
2023-04-11 07:02:40,0.158497,Ejina,41.95,101.06666666666666,940.5
2023-04-11 07:09:57,0.156865,Ejina,41.95,101.06666666666666,940.5
2023-04-11 07:15:57,0.158593,Ejina,41.95,101.06666666666666,940.5
2023-04-11 07:47:39,0.159247,Ejina,41.95,101.06666666666666,940.5
2023-04-11 08:06:56,0.16624,Ejina,41.95,101.06666666666666,940.5
2023-04-11 08:25:00,0.161594,Ejina,41.95,101.06666666666666,940.5
2023-04-11 08:39:56,0.162382,Ejina,41.95,101.06666666666666,940.5
2023-04-11 08:42:56,0.159537,Ejina,41.95,101.06666666666666,940.5
2023-04-11 08:51:57,0.162118,Ejina,41.95,101.06666666666666,940.5
2023-04-11 09:20:51,0.171273,Ejina,41.95,101.06666666666666,940.5
2023-04-11 09:31:01,0.155803,Ejina,41.95,101.06666666666666,940.5
2023-04-11 09:44:40,0.135641,Ejina,41.95,101.06666666666666,940.5
2023-04-11 23:54:57,0.187739,Ejina,41.95,101.06666666666666,940.5
2023-04-12 00:00:59,0.192691,Ejina,41.95,101.06666666666666,940.5
2023-04-12 00:03:56,0.187838,Ejina,41.95,101.06666666666666,940.5
2023-04-12 00:09:34,0.198727,Ejina,41.95,101.06666666666666,940.5
2023-04-12 00:14:13,0.200534,Ejina,41.95,101.06666666666666,940.5
2023-04-12 00:18:55,0.202316,Ejina,41.95,101.06666666666666,940.5
2023-04-12 00:20:56,0.208247,Ejina,41.95,101.06666666666666,940.5
2023-04-12 00:24:56,0.201043,Ejina,41.95,101.06666666666666,940.5
2023-04-12 00:32:18,0.195931,Ejina,41.95,101.06666666666666,940.5
2023-04-12 00:45:58,0.201993,Ejina,41.95,101.06666666666666,940.5
2023-04-12 00:49:50,0.205275,Ejina,41.95,101.06666666666666,940.5
2023-04-12 00:58:01,0.199498,Ejina,41.95,101.06666666666666,940.5
2023-04-12 01:09:57,0.202518,Ejina,41.95,101.06666666666666,940.5
2023-04-12 01:28:03,0.254505,Ejina,41.95,101.06666666666666,940.5
2023-04-12 01:30:11,0.261635,Ejina,41.95,101.06666666666666,940.5
2023-04-12 01:45:57,0.28709,Ejina,41.95,101.06666666666666,940.5
2023-04-12 07:09:56,0.203025,Ejina,41.95,101.06666666666666,940.5
2023-04-12 07:27:57,0.207292,Ejina,41.95,101.06666666666666,940.5
2023-04-12 07:42:57,0.205199,Ejina,41.95,101.06666666666666,940.5
2023-04-12 07:45:55,0.204157,Ejina,41.95,101.06666666666666,940.5
2023-04-12 07:51:59,0.213355,Ejina,41.95,101.06666666666666,940.5
2023-04-12 07:55:00,0.220096,Ejina,41.95,101.06666666666666,940.5
2023-04-12 07:57:56,0.229066,Ejina,41.95,101.06666666666666,940.5
2023-04-12 23:30:04,0.096041,Ejina,41.95,101.06666666666666,940.5
2023-04-13 00:03:46,0.122628,Ejina,41.95,101.06666666666666,940.5
2023-04-13 00:23:57,0.10126,Ejina,41.95,101.06666666666666,940.5
2023-04-13 01:24:58,0.085338,Ejina,41.95,101.06666666666666,940.5
2023-04-13 01:30:56,0.088749,Ejina,41.95,101.06666666666666,940.5
2023-04-13 01:42:57,0.082463,Ejina,41.95,101.06666666666666,940.5
2023-04-13 01:51:57,0.090706,Ejina,41.95,101.06666666666666,940.5
2023-04-13 01:57:57,0.09826,Ejina,41.95,101.06666666666666,940.5
2023-04-13 02:00:57,0.089646,Ejina,41.95,101.06666666666666,940.5
2023-04-13 02:15:58,0.091197,Ejina,41.95,101.06666666666666,940.5
2023-04-13 02:17:50,0.084761,Ejina,41.95,101.06666666666666,940.5
2023-04-13 02:21:57,0.107574,Ejina,41.95,101.06666666666666,940.5
2023-04-13 03:33:57,0.098929,Ejina,41.95,101.06666666666666,940.5
2023-04-13 03:39:58,0.08248,Ejina,41.95,101.06666666666666,940.5
2023-04-13 03:47:50,0.087428,Ejina,41.95,101.06666666666666,940.5
2023-04-13 03:57:58,0.092071,Ejina,41.95,101.06666666666666,940.5
2023-04-13 04:15:58,0.102623,Ejina,41.95,101.06666666666666,940.5
2023-04-13 04:17:50,0.117542,Ejina,41.95,101.06666666666666,940.5
2023-04-13 04:27:59,0.121963,Ejina,41.95,101.06666666666666,940.5
2023-04-13 04:32:08,0.113019,Ejina,41.95,101.06666666666666,940.5
2023-04-13 04:39:57,0.110942,Ejina,41.95,101.06666666666666,940.5
2023-04-13 05:17:12,0.12263,Ejina,41.95,101.06666666666666,940.5
2023-04-13 07:15:57,0.156174,Ejina,41.95,101.06666666666666,940.5
2023-04-13 08:51:56,0.121292,Ejina,41.95,101.06666666666666,940.5
2023-04-13 08:54:56,0.122825,Ejina,41.95,101.06666666666666,940.5
2023-04-13 08:57:56,0.122963,Ejina,41.95,101.06666666666666,940.5
2023-04-13 09:10:06,0.118724,Ejina,41.95,101.06666666666666,940.5
2023-04-13 09:16:02,0.121064,Ejina,41.95,101.06666666666666,940.5
2023-04-13 09:18:56,0.117408,Ejina,41.95,101.06666666666666,940.5
2023-04-13 09:48:56,0.128203,Ejina,41.95,101.06666666666666,940.5
2023-04-14 01:00:58,0.084695,Ejina,41.95,101.06666666666666,940.5
2023-04-14 01:03:56,0.08333,Ejina,41.95,101.06666666666666,940.5
2023-04-14 01:06:59,0.083854,Ejina,41.95,101.06666666666666,940.5
2023-04-14 01:11:41,0.084639,Ejina,41.95,101.06666666666666,940.5
2023-04-14 01:24:58,0.0898,Ejina,41.95,101.06666666666666,940.5
2023-04-14 01:33:57,0.09116,Ejina,41.95,101.06666666666666,940.5
2023-04-14 01:39:57,0.092963,Ejina,41.95,101.06666666666666,940.5
2023-04-14 01:45:57,0.095504,Ejina,41.95,101.06666666666666,940.5
2023-04-14 05:02:49,0.158362,Ejina,41.95,101.06666666666666,940.5
2023-04-14 05:09:57,0.150058,Ejina,41.95,101.06666666666666,940.5
2023-04-14 05:15:57,0.14001,Ejina,41.95,101.06666666666666,940.5
2023-04-14 05:17:48,0.133353,Ejina,41.95,101.06666666666666,940.5
2023-04-14 06:46:03,0.140149,Ejina,41.95,101.06666666666666,940.5
2023-04-14 06:47:48,0.14245,Ejina,41.95,101.06666666666666,940.5
2023-04-14 11:03:55,0.156994,Ejina,41.95,101.06666666666666,940.5
2023-04-14 11:05:46,0.147926,Ejina,41.95,101.06666666666666,940.5
2023-04-15 02:47:18,0.488025,Ejina,41.95,101.06666666666666,940.5
2023-04-15 03:51:58,0.468515,Ejina,41.95,101.06666666666666,940.5
2023-04-15 04:15:57,0.492548,Ejina,41.95,101.06666666666666,940.5
2023-04-15 09:57:49,1.548612,Ejina,41.95,101.06666666666666,940.5
2023-04-15 23:59:11,0.285896,Ejina,41.95,101.06666666666666,940.5
2023-04-16 00:13:46,0.313659,Ejina,41.95,101.06666666666666,940.5
2023-04-16 00:18:59,0.312808,Ejina,41.95,101.06666666666666,940.5
2023-04-16 00:20:49,0.311283,Ejina,41.95,101.06666666666666,940.5
2023-04-16 00:26:53,0.319559,Ejina,41.95,101.06666666666666,940.5
2023-04-16 01:00:59,0.297005,Ejina,41.95,101.06666666666666,940.5
2023-04-16 01:21:57,0.369807,Ejina,41.95,101.06666666666666,940.5
2023-04-16 01:54:57,0.309235,Ejina,41.95,101.06666666666666,940.5
2023-04-16 02:03:56,0.31072,Ejina,41.95,101.06666666666666,940.5
2023-04-16 02:06:57,0.313096,Ejina,41.95,101.06666666666666,940.5
2023-04-16 02:13:05,0.319691,Ejina,41.95,101.06666666666666,940.5
2023-04-16 02:32:34,0.35506,Ejina,41.95,101.06666666666666,940.5
2023-04-16 02:46:23,0.35106,Ejina,41.95,101.06666666666666,940.5
2023-04-16 03:16:02,0.376708,Ejina,41.95,101.06666666666666,940.5
2023-04-16 03:46:23,0.368292,Ejina,41.95,101.06666666666666,940.5
2023-04-16 03:48:57,0.36642,Ejina,41.95,101.06666666666666,940.5
2023-04-16 03:51:57,0.36294,Ejina,41.95,101.06666666666666,940.5
2023-04-16 03:57:58,0.365769,Ejina,41.95,101.06666666666666,940.5
2023-04-16 04:03:57,0.362338,Ejina,41.95,101.06666666666666,940.5
2023-04-16 04:27:58,0.345616,Ejina,41.95,101.06666666666666,940.5
2023-04-16 04:32:48,0.344474,Ejina,41.95,101.06666666666666,940.5
2023-04-16 04:46:00,0.355503,Ejina,41.95,101.06666666666666,940.5
2023-04-16 04:47:48,0.351651,Ejina,41.95,101.06666666666666,940.5
2023-04-16 04:51:57,0.342771,Ejina,41.95,101.06666666666666,940.5
2023-04-16 04:57:58,0.345898,Ejina,41.95,101.06666666666666,940.5
2023-04-16 05:17:48,0.342856,Ejina,41.95,101.06666666666666,940.5
2023-04-16 05:27:58,0.349555,Ejina,41.95,101.06666666666666,940.5
2023-04-16 05:45:57,0.347613,Ejina,41.95,101.06666666666666,940.5
2023-04-16 07:17:50,0.361179,Ejina,41.95,101.06666666666666,940.5
2023-04-16 08:24:58,0.348713,Ejina,41.95,101.06666666666666,940.5
2023-04-16 09:18:57,0.305756,Ejina,41.95,101.06666666666666,940.5
2023-04-16 09:24:56,0.315859,Ejina,41.95,101.06666666666666,940.5
2023-04-16 09:27:55,0.305206,Ejina,41.95,101.06666666666666,940.5
2023-04-16 09:37:02,0.289431,Ejina,41.95,101.06666666666666,940.5
2023-04-16 09:42:55,0.277259,Ejina,41.95,101.06666666666666,940.5
2023-04-16 09:45:58,0.277022,Ejina,41.95,101.06666666666666,940.5
2023-04-16 09:59:43,0.287381,Ejina,41.95,101.06666666666666,940.5
2023-04-16 10:03:56,0.267456,Ejina,41.95,101.06666666666666,940.5
2023-04-16 10:06:45,0.274867,Ejina,41.95,101.06666666666666,940.5
2023-04-16 10:21:55,0.343398,Ejina,41.95,101.06666666666666,940.5
2023-04-16 10:59:51,0.341523,Ejina,41.95,101.06666666666666,940.5
2023-04-17 03:39:57,0.112783,Ejina,41.95,101.06666666666666,940.5
2023-04-17 04:15:58,0.11339,Ejina,41.95,101.06666666666666,940.5
2023-04-17 04:17:49,0.110307,Ejina,41.95,101.06666666666666,940.5
2023-04-17 04:24:57,0.105201,Ejina,41.95,101.06666666666666,940.5
2023-04-17 04:27:57,0.104109,Ejina,41.95,101.06666666666666,940.5
2023-04-17 04:30:57,0.101658,Ejina,41.95,101.06666666666666,940.5
2023-04-17 04:39:57,0.103125,Ejina,41.95,101.06666666666666,940.5
2023-04-17 04:42:57,0.103452,Ejina,41.95,101.06666666666666,940.5
2023-04-17 04:45:58,0.101359,Ejina,41.95,101.06666666666666,940.5
2023-04-17 04:47:48,0.101541,Ejina,41.95,101.06666666666666,940.5
2023-04-17 04:51:57,0.105774,Ejina,41.95,101.06666666666666,940.5
2023-04-17 05:12:58,0.10011,Ejina,41.95,101.06666666666666,940.5
2023-04-17 05:15:57,0.096968,Ejina,41.95,101.06666666666666,940.5
2023-04-17 05:30:57,0.095848,Ejina,41.95,101.06666666666666,940.5
2023-04-17 05:51:57,0.095364,Ejina,41.95,101.06666666666666,940.5
2023-04-17 06:06:57,0.092568,Ejina,41.95,101.06666666666666,940.5
2023-04-17 06:09:57,0.090839,Ejina,41.95,101.06666666666666,940.5
2023-04-17 06:30:57,0.092195,Ejina,41.95,101.06666666666666,940.5
2023-04-17 06:32:48,0.096526,Ejina,41.95,101.06666666666666,940.5
2023-04-17 06:36:58,0.098827,Ejina,41.95,101.06666666666666,940.5
2023-04-17 06:39:57,0.101053,Ejina,41.95,101.06666666666666,940.5
2023-04-17 06:42:57,0.103931,Ejina,41.95,101.06666666666666,940.5
2023-04-17 06:45:57,0.103566,Ejina,41.95,101.06666666666666,940.5
2023-04-17 06:47:48,0.099048,Ejina,41.95,101.06666666666666,940.5
2023-04-17 06:51:57,0.115064,Ejina,41.95,101.06666666666666,940.5
2023-04-17 06:54:57,0.112565,Ejina,41.95,101.06666666666666,940.5
2023-04-17 06:57:56,0.119076,Ejina,41.95,101.06666666666666,940.5
2023-04-17 07:00:56,0.109135,Ejina,41.95,101.06666666666666,940.5
2023-04-17 07:02:49,0.109701,Ejina,41.95,101.06666666666666,940.5
2023-04-17 07:21:55,0.097332,Ejina,41.95,101.06666666666666,940.5
2023-04-17 07:24:56,0.09629,Ejina,41.95,101.06666666666666,940.5
2023-04-17 07:36:57,0.096376,Ejina,41.95,101.06666666666666,940.5
2023-04-17 07:57:56,0.093428,Ejina,41.95,101.06666666666666,940.5
2023-04-17 08:02:47,0.098719,Ejina,41.95,101.06666666666666,940.5
2023-04-17 08:06:56,0.10289,Ejina,41.95,101.06666666666666,940.5
2023-04-17 08:09:56,0.096584,Ejina,41.95,101.06666666666666,940.5
2023-04-17 08:12:56,0.092243,Ejina,41.95,101.06666666666666,940.5
2023-04-17 09:39:51,0.076556,Ejina,41.95,101.06666666666666,940.5
2023-04-17 10:25:50,0.076826,Ejina,41.95,101.06666666666666,940.5
2023-04-17 23:24:55,0.250669,Ejina,41.95,101.06666666666666,940.5
2023-04-17 23:57:56,0.243997,Ejina,41.95,101.06666666666666,940.5
2023-04-18 00:00:26,0.245407,Ejina,41.95,101.06666666666666,940.5
2023-04-18 00:05:49,0.246436,Ejina,41.95,101.06666666666666,940.5
2023-04-18 00:16:24,0.25179,Ejina,41.95,101.06666666666666,940.5
2023-04-18 00:18:58,0.253501,Ejina,41.95,101.06666666666666,940.5
2023-04-18 00:21:56,0.255178,Ejina,41.95,101.06666666666666,940.5
2023-04-18 00:27:57,0.26085,Ejina,41.95,101.06666666666666,940.5
2023-04-18 00:31:40,0.260782,Ejina,41.95,101.06666666666666,940.5
2023-04-18 00:37:01,0.259405,Ejina,41.95,101.06666666666666,940.5
2023-04-18 00:39:56,0.259534,Ejina,41.95,101.06666666666666,940.5
2023-04-18 00:41:54,0.257106,Ejina,41.95,101.06666666666666,940.5
2023-04-18 00:48:57,0.261338,Ejina,41.95,101.06666666666666,940.5
2023-04-18 01:15:56,0.272097,Ejina,41.95,101.06666666666666,940.5
2023-04-18 01:19:01,0.273565,Ejina,41.95,101.06666666666666,940.5
2023-04-18 01:20:58,0.271887,Ejina,41.95,101.06666666666666,940.5
2023-04-18 01:25:03,0.272029,Ejina,41.95,101.06666666666666,940.5
2023-04-18 01:48:57,0.283169,Ejina,41.95,101.06666666666666,940.5
2023-04-18 01:54:29,0.285705,Ejina,41.95,101.06666666666666,940.5
2023-04-18 02:01:00,0.287376,Ejina,41.95,101.06666666666666,940.5
2023-04-18 02:03:59,0.288547,Ejina,41.95,101.06666666666666,940.5
2023-04-18 02:13:04,0.292516,Ejina,41.95,101.06666666666666,940.5
2023-04-18 02:24:58,0.294056,Ejina,41.95,101.06666666666666,940.5
2023-04-18 02:27:57,0.293518,Ejina,41.95,101.06666666666666,940.5
2023-04-18 02:30:58,0.293947,Ejina,41.95,101.06666666666666,940.5
2023-04-18 02:45:56,0.293156,Ejina,41.95,101.06666666666666,940.5
2023-04-18 02:49:02,0.29321,Ejina,41.95,101.06666666666666,940.5
2023-04-18 03:03:58,0.292682,Ejina,41.95,101.06666666666666,940.5
2023-04-18 03:06:59,0.294811,Ejina,41.95,101.06666666666666,940.5
2023-04-18 03:24:58,0.290434,Ejina,41.95,101.06666666666666,940.5
2023-04-18 03:42:57,0.295322,Ejina,41.95,101.06666666666666,940.5
2023-04-18 03:57:57,0.300928,Ejina,41.95,101.06666666666666,940.5
2023-04-18 04:00:57,0.300936,Ejina,41.95,101.06666666666666,940.5
2023-04-18 04:15:58,0.310036,Ejina,41.95,101.06666666666666,940.5
2023-04-18 04:42:58,0.319361,Ejina,41.95,101.06666666666666,940.5
2023-04-18 04:45:57,0.318558,Ejina,41.95,101.06666666666666,940.5
2023-04-18 05:00:57,0.343671,Ejina,41.95,101.06666666666666,940.5
2023-04-18 05:15:58,0.344197,Ejina,41.95,101.06666666666666,940.5
2023-04-18 05:21:58,0.334696,Ejina,41.95,101.06666666666666,940.5
2023-04-18 05:31:00,0.353342,Ejina,41.95,101.06666666666666,940.5
2023-04-18 06:03:57,0.336275,Ejina,41.95,101.06666666666666,940.5
2023-04-18 06:09:58,0.34361,Ejina,41.95,101.06666666666666,940.5
2023-04-18 06:36:56,0.343799,Ejina,41.95,101.06666666666666,940.5
2023-04-18 07:12:56,0.353819,Ejina,41.95,101.06666666666666,940.5
2023-04-18 07:30:55,0.347807,Ejina,41.95,101.06666666666666,940.5
2023-04-18 07:34:00,0.356661,Ejina,41.95,101.06666666666666,940.5
2023-04-18 07:36:59,0.358127,Ejina,41.95,101.06666666666666,940.5
2023-04-18 07:45:56,0.355916,Ejina,41.95,101.06666666666666,940.5
2023-04-18 07:48:56,0.35214,Ejina,41.95,101.06666666666666,940.5
2023-04-18 07:51:55,0.35397,Ejina,41.95,101.06666666666666,940.5
2023-04-18 08:00:55,0.346317,Ejina,41.95,101.06666666666666,940.5
2023-04-18 08:03:56,0.348372,Ejina,41.95,101.06666666666666,940.5
2023-04-18 08:16:00,0.348087,Ejina,41.95,101.06666666666666,940.5
2023-04-18 08:22:00,0.346859,Ejina,41.95,101.06666666666666,940.5
2023-04-18 08:24:56,0.340804,Ejina,41.95,101.06666666666666,940.5
2023-04-18 08:27:56,0.338765,Ejina,41.95,101.06666666666666,940.5
2023-04-18 08:30:55,0.33277,Ejina,41.95,101.06666666666666,940.5
2023-04-18 08:54:56,0.344026,Ejina,41.95,101.06666666666666,940.5
2023-04-18 09:09:55,0.350683,Ejina,41.95,101.06666666666666,940.5
2023-04-18 09:27:45,0.335961,Ejina,41.95,101.06666666666666,940.5
2023-04-18 09:30:55,0.337575,Ejina,41.95,101.06666666666666,940.5
2023-04-18 09:57:55,0.321816,Ejina,41.95,101.06666666666666,940.5
2023-04-18 10:03:56,0.325669,Ejina,41.95,101.06666666666666,940.5
2023-04-18 10:08:46,0.327503,Ejina,41.95,101.06666666666666,940.5
2023-04-18 10:12:55,0.334054,Ejina,41.95,101.06666666666666,940.5
2023-04-18 10:15:33,0.327743,Ejina,41.95,101.06666666666666,940.5
2023-04-18 10:24:55,0.326245,Ejina,41.95,101.06666666666666,940.5
2023-04-18 10:26:47,0.33572,Ejina,41.95,101.06666666666666,940.5
2023-04-18 10:54:55,0.341597,Ejina,41.95,101.06666666666666,940.5
2023-04-18 11:02:51,0.346196,Ejina,41.95,101.06666666666666,940.5
2023-04-19 00:00:55,0.741585,Ejina,41.95,101.06666666666666,940.5
2023-04-19 00:03:39,0.759332,Ejina,41.95,101.06666666666666,940.5
2023-04-19 04:30:42,1.100868,Ejina,41.95,101.06666666666666,940.5
2023-04-19 11:00:58,0.484307,Ejina,41.95,101.06666666666666,940.5
2023-04-20 03:12:57,2.185054,Ejina,41.95,101.06666666666666,940.5
2023-04-20 05:30:29,2.030905,Ejina,41.95,101.06666666666666,940.5
2023-04-20 08:12:57,2.237435,Ejina,41.95,101.06666666666666,940.5
2023-04-21 00:01:07,0.798438,Ejina,41.95,101.06666666666666,940.5
2023-04-21 00:24:58,0.625662,Ejina,41.95,101.06666666666666,940.5
2023-04-21 00:35:49,0.57732,Ejina,41.95,101.06666666666666,940.5
2023-04-21 00:57:57,0.861148,Ejina,41.95,101.06666666666666,940.5
2023-04-21 03:06:58,1.773673,Ejina,41.95,101.06666666666666,940.5
2023-04-21 03:09:59,1.81865,Ejina,41.95,101.06666666666666,940.5
2023-04-21 05:57:57,2.882786,Ejina,41.95,101.06666666666666,940.5
2023-04-22 00:05:39,0.286995,Ejina,41.95,101.06666666666666,940.5
2023-04-22 00:09:58,0.278362,Ejina,41.95,101.06666666666666,940.5
2023-04-22 00:12:56,0.289459,Ejina,41.95,101.06666666666666,940.5
2023-04-22 00:15:57,0.280439,Ejina,41.95,101.06666666666666,940.5
2023-04-22 00:17:50,0.282282,Ejina,41.95,101.06666666666666,940.5
2023-04-22 00:21:57,0.276,Ejina,41.95,101.06666666666666,940.5
2023-04-22 00:24:56,0.26903,Ejina,41.95,101.06666666666666,940.5
2023-04-22 00:26:55,0.271486,Ejina,41.95,101.06666666666666,940.5
2023-04-22 00:30:58,0.271048,Ejina,41.95,101.06666666666666,940.5
2023-04-22 00:33:56,0.276409,Ejina,41.95,101.06666666666666,940.5
2023-04-22 00:39:56,0.285217,Ejina,41.95,101.06666666666666,940.5
2023-04-22 00:48:59,0.300441,Ejina,41.95,101.06666666666666,940.5
2023-04-22 00:51:57,0.299869,Ejina,41.95,101.06666666666666,940.5
2023-04-22 00:54:56,0.31154,Ejina,41.95,101.06666666666666,940.5
2023-04-22 01:18:59,0.367222,Ejina,41.95,101.06666666666666,940.5
2023-04-22 01:21:58,0.365215,Ejina,41.95,101.06666666666666,940.5
2023-04-22 01:57:57,0.783711,Ejina,41.95,101.06666666666666,940.5
2023-04-22 02:00:05,0.806397,Ejina,41.95,101.06666666666666,940.5
2023-04-22 02:12:57,0.823648,Ejina,41.95,101.06666666666666,940.5
2023-04-22 02:18:57,0.814643,Ejina,41.95,101.06666666666666,940.5
2023-04-22 02:24:58,0.803153,Ejina,41.95,101.06666666666666,940.5
2023-04-22 02:30:06,0.770694,Ejina,41.95,101.06666666666666,940.5
2023-04-22 02:33:57,0.710558,Ejina,41.95,101.06666666666666,940.5
2023-04-22 02:36:58,0.671629,Ejina,41.95,101.06666666666666,940.5
2023-04-22 02:48:56,0.700807,Ejina,41.95,101.06666666666666,940.5
2023-04-22 02:51:58,0.700421,Ejina,41.95,101.06666666666666,940.5
2023-04-22 04:09:57,1.274605,Ejina,41.95,101.06666666666666,940.5
2023-04-22 04:12:57,1.231545,Ejina,41.95,101.06666666666666,940.5
2023-04-23 00:09:17,0.416133,Ejina,41.95,101.06666666666666,940.5
2023-04-23 00:15:56,0.433163,Ejina,41.95,101.06666666666666,940.5
2023-04-23 00:17:52,0.428655,Ejina,41.95,101.06666666666666,940.5
2023-04-23 00:30:56,0.39968,Ejina,41.95,101.06666666666666,940.5
2023-04-23 00:33:01,0.413722,Ejina,41.95,101.06666666666666,940.5
2023-04-23 00:36:56,0.41632,Ejina,41.95,101.06666666666666,940.5
2023-04-23 00:44:43,0.433767,Ejina,41.95,101.06666666666666,940.5
2023-04-23 01:00:56,0.406998,Ejina,41.95,101.06666666666666,940.5
2023-04-23 01:03:58,0.389778,Ejina,41.95,101.06666666666666,940.5
2023-04-23 01:09:56,0.385044,Ejina,41.95,101.06666666666666,940.5
2023-04-23 01:13:01,0.396597,Ejina,41.95,101.06666666666666,940.5
2023-04-23 01:43:05,0.41331,Ejina,41.95,101.06666666666666,940.5
2023-04-23 02:30:00,0.429892,Ejina,41.95,101.06666666666666,940.5
2023-04-24 02:12:57,0.590959,Ejina,41.95,101.06666666666666,940.5
2023-04-24 03:29:43,0.449216,Ejina,41.95,101.06666666666666,940.5
2023-04-24 03:36:58,0.464552,Ejina,41.95,101.06666666666666,940.5
2023-04-24 03:39:58,0.470896,Ejina,41.95,101.06666666666666,940.5
2023-04-24 03:55:00,0.41621,Ejina,41.95,101.06666666666666,940.5
2023-04-24 04:12:58,0.400247,Ejina,41.95,101.06666666666666,940.5
2023-04-24 04:24:58,0.386981,Ejina,41.95,101.06666666666666,940.5
2023-04-24 06:48:57,0.3265,Ejina,41.95,101.06666666666666,940.5
2023-04-24 07:29:43,0.288711,Ejina,41.95,101.06666666666666,940.5
2023-04-24 09:47:03,0.267155,Ejina,41.95,101.06666666666666,940.5
2023-04-24 10:00:56,0.259964,Ejina,41.95,101.06666666666666,940.5
2023-04-24 10:18:54,0.253198,Ejina,41.95,101.06666666666666,940.5
2023-04-24 10:27:28,0.256244,Ejina,41.95,101.06666666666666,940.5
2023-04-24 10:48:55,0.250643,Ejina,41.95,101.06666666666666,940.5
2023-04-24 10:50:55,0.252424,Ejina,41.95,101.06666666666666,940.5
2023-04-24 10:54:55,0.249166,Ejina,41.95,101.06666666666666,940.5
2023-04-24 11:00:55,0.242334,Ejina,41.95,101.06666666666666,940.5
2023-04-24 11:03:20,0.243586,Ejina,41.95,101.06666666666666,940.5
2023-04-24 11:06:55,0.252565,Ejina,41.95,101.06666666666666,940.5
2023-04-25 01:09:57,0.244739,Ejina,41.95,101.06666666666666,940.5
2023-04-25 01:15:58,0.246804,Ejina,41.95,101.06666666666666,940.5
2023-04-25 01:59:33,0.240757,Ejina,41.95,101.06666666666666,940.5
2023-04-25 04:03:58,0.247045,Ejina,41.95,101.06666666666666,940.5
2023-04-25 04:06:58,0.247128,Ejina,41.95,101.06666666666666,940.5
2023-04-25 04:09:58,0.25109,Ejina,41.95,101.06666666666666,940.5
2023-04-25 04:12:58,0.25334,Ejina,41.95,101.06666666666666,940.5
2023-04-25 04:14:50,0.247682,Ejina,41.95,101.06666666666666,940.5
2023-04-25 04:27:58,0.234744,Ejina,41.95,101.06666666666666,940.5
2023-04-25 04:29:48,0.234762,Ejina,41.95,101.06666666666666,940.5
2023-04-25 04:33:58,0.229644,Ejina,41.95,101.06666666666666,940.5
2023-04-25 04:39:58,0.232463,Ejina,41.95,101.06666666666666,940.5
2023-04-25 04:42:57,0.232285,Ejina,41.95,101.06666666666666,940.5
2023-04-25 04:45:57,0.23123,Ejina,41.95,101.06666666666666,940.5
2023-04-25 04:48:58,0.234787,Ejina,41.95,101.06666666666666,940.5
2023-04-25 04:51:58,0.238772,Ejina,41.95,101.06666666666666,940.5
2023-04-25 04:59:34,0.231287,Ejina,41.95,101.06666666666666,940.5
2023-04-25 05:03:58,0.234126,Ejina,41.95,101.06666666666666,940.5
2023-04-25 05:06:57,0.23588,Ejina,41.95,101.06666666666666,940.5
2023-04-25 05:09:58,0.231824,Ejina,41.95,101.06666666666666,940.5
2023-04-25 05:21:56,0.221333,Ejina,41.95,101.06666666666666,940.5
2023-04-25 05:27:58,0.237226,Ejina,41.95,101.06666666666666,940.5
2023-04-25 05:29:48,0.229504,Ejina,41.95,101.06666666666666,940.5
2023-04-25 05:36:57,0.228893,Ejina,41.95,101.06666666666666,940.5
2023-04-25 05:39:58,0.22613,Ejina,41.95,101.06666666666666,940.5
2023-04-25 05:59:33,0.217,Ejina,41.95,101.06666666666666,940.5
2023-04-25 06:21:57,0.240172,Ejina,41.95,101.06666666666666,940.5
2023-04-25 11:09:01,0.193867,Ejina,41.95,101.06666666666666,940.5
2023-04-25 11:12:57,0.190368,Ejina,41.95,101.06666666666666,940.5
2023-04-25 11:14:53,0.191796,Ejina,41.95,101.06666666666666,940.5
2023-04-25 11:16:56,0.191227,Ejina,41.95,101.06666666666666,940.5
2023-04-25 23:23:34,0.194806,Ejina,41.95,101.06666666666666,940.5
2023-04-25 23:29:55,0.186283,Ejina,41.95,101.06666666666666,940.5
2023-04-26 00:06:56,0.130964,Ejina,41.95,101.06666666666666,940.5
2023-04-26 00:12:06,0.154729,Ejina,41.95,101.06666666666666,940.5
2023-04-26 00:18:56,0.129532,Ejina,41.95,101.06666666666666,940.5
2023-04-26 00:21:01,0.135766,Ejina,41.95,101.06666666666666,940.5
2023-04-26 04:59:49,0.21615,Ejina,41.95,101.06666666666666,940.5
2023-04-26 05:45:58,0.327346,Ejina,41.95,101.06666666666666,940.5
2023-04-26 05:51:59,0.307348,Ejina,41.95,101.06666666666666,940.5
2023-04-26 06:27:57,0.259292,Ejina,41.95,101.06666666666666,940.5
2023-04-26 06:31:05,0.251702,Ejina,41.95,101.06666666666666,940.5
2023-04-26 07:03:57,0.260217,Ejina,41.95,101.06666666666666,940.5
2023-04-26 07:12:57,0.292189,Ejina,41.95,101.06666666666666,940.5
2023-04-26 07:21:56,0.304682,Ejina,41.95,101.06666666666666,940.5
2023-04-26 07:36:57,0.291213,Ejina,41.95,101.06666666666666,940.5
2023-04-26 07:48:57,0.273879,Ejina,41.95,101.06666666666666,940.5
2023-04-26 07:54:59,0.309821,Ejina,41.95,101.06666666666666,940.5
2023-04-26 07:59:48,0.317,Ejina,41.95,101.06666666666666,940.5
2023-04-26 08:19:02,0.302336,Ejina,41.95,101.06666666666666,940.5
2023-04-26 23:18:56,0.186841,Ejina,41.95,101.06666666666666,940.5
2023-04-26 23:21:58,0.184759,Ejina,41.95,101.06666666666666,940.5
2023-04-27 00:15:57,0.191288,Ejina,41.95,101.06666666666666,940.5
2023-04-27 00:30:59,0.201678,Ejina,41.95,101.06666666666666,940.5
2023-04-27 00:37:01,0.206416,Ejina,41.95,101.06666666666666,940.5
2023-04-27 00:39:00,0.212087,Ejina,41.95,101.06666666666666,940.5
2023-04-27 00:42:57,0.212004,Ejina,41.95,101.06666666666666,940.5
2023-04-27 01:07:39,0.262733,Ejina,41.95,101.06666666666666,940.5
2023-04-27 01:24:58,0.29665,Ejina,41.95,101.06666666666666,940.5
2023-04-27 01:30:58,0.278029,Ejina,41.95,101.06666666666666,940.5
2023-04-27 01:33:57,0.249887,Ejina,41.95,101.06666666666666,940.5
2023-04-27 01:44:20,0.21331,Ejina,41.95,101.06666666666666,940.5
2023-04-27 01:59:14,0.190458,Ejina,41.95,101.06666666666666,940.5
2023-04-27 02:03:57,0.178705,Ejina,41.95,101.06666666666666,940.5
2023-04-27 02:14:16,0.19879,Ejina,41.95,101.06666666666666,940.5
2023-04-27 02:18:57,0.207611,Ejina,41.95,101.06666666666666,940.5
2023-04-27 02:29:14,0.225379,Ejina,41.95,101.06666666666666,940.5
2023-04-27 02:44:18,0.225429,Ejina,41.95,101.06666666666666,940.5
2023-04-27 03:18:58,0.204816,Ejina,41.95,101.06666666666666,940.5
2023-04-27 23:17:38,0.12412,Ejina,41.95,101.06666666666666,940.5
2023-04-27 23:22:14,0.115292,Ejina,41.95,101.06666666666666,940.5
2023-04-27 23:26:42,0.112451,Ejina,41.95,101.06666666666666,940.5
2023-04-27 23:42:41,0.114359,Ejina,41.95,101.06666666666666,940.5
2023-04-28 00:09:34,0.104889,Ejina,41.95,101.06666666666666,940.5
2023-04-28 00:12:59,0.10506,Ejina,41.95,101.06666666666666,940.5
2023-04-28 00:15:57,0.106212,Ejina,41.95,101.06666666666666,940.5
2023-04-28 00:18:59,0.106126,Ejina,41.95,101.06666666666666,940.5
2023-04-28 00:21:56,0.106681,Ejina,41.95,101.06666666666666,940.5
2023-04-28 00:24:57,0.105978,Ejina,41.95,101.06666666666666,940.5
2023-04-28 00:26:48,0.106105,Ejina,41.95,101.06666666666666,940.5
2023-04-28 00:31:03,0.106059,Ejina,41.95,101.06666666666666,940.5
2023-04-28 00:33:59,0.106254,Ejina,41.95,101.06666666666666,940.5
2023-04-28 00:55:02,0.116363,Ejina,41.95,101.06666666666666,940.5
2023-04-28 01:01:01,0.116616,Ejina,41.95,101.06666666666666,940.5
2023-04-28 01:03:57,0.11575,Ejina,41.95,101.06666666666666,940.5
2023-04-28 01:06:23,0.115572,Ejina,41.95,101.06666666666666,940.5
2023-04-28 01:21:57,0.118697,Ejina,41.95,101.06666666666666,940.5
2023-04-28 01:27:59,0.116201,Ejina,41.95,101.06666666666666,940.5
2023-04-28 01:39:36,0.115665,Ejina,41.95,101.06666666666666,940.5
2023-04-28 01:42:57,0.116227,Ejina,41.95,101.06666666666666,940.5
2023-04-28 01:48:58,0.115309,Ejina,41.95,101.06666666666666,940.5
2023-04-28 01:51:58,0.117924,Ejina,41.95,101.06666666666666,940.5
2023-04-28 01:57:58,0.121105,Ejina,41.95,101.06666666666666,940.5
2023-04-28 02:09:58,0.120333,Ejina,41.95,101.06666666666666,940.5
2023-04-28 02:12:57,0.117591,Ejina,41.95,101.06666666666666,940.5
2023-04-28 02:24:57,0.123864,Ejina,41.95,101.06666666666666,940.5
2023-04-28 02:27:57,0.122512,Ejina,41.95,101.06666666666666,940.5
2023-04-28 02:29:48,0.12451,Ejina,41.95,101.06666666666666,940.5
2023-04-28 02:36:59,0.118841,Ejina,41.95,101.06666666666666,940.5
2023-04-28 02:39:59,0.12133,Ejina,41.95,101.06666666666666,940.5
2023-04-28 02:44:09,0.124265,Ejina,41.95,101.06666666666666,940.5
2023-04-28 02:48:58,0.125759,Ejina,41.95,101.06666666666666,940.5
2023-04-28 02:51:57,0.125653,Ejina,41.95,101.06666666666666,940.5
2023-04-28 02:55:01,0.135155,Ejina,41.95,101.06666666666666,940.5
2023-04-28 02:57:58,0.133683,Ejina,41.95,101.06666666666666,940.5
2023-04-28 03:28:00,0.129427,Ejina,41.95,101.06666666666666,940.5
2023-04-28 03:30:57,0.130603,Ejina,41.95,101.06666666666666,940.5
2023-04-28 03:36:58,0.131088,Ejina,41.95,101.06666666666666,940.5
2023-04-28 03:39:59,0.130355,Ejina,41.95,101.06666666666666,940.5
2023-04-28 03:44:40,0.132762,Ejina,41.95,101.06666666666666,940.5
2023-04-28 03:48:58,0.132191,Ejina,41.95,101.06666666666666,940.5
2023-04-28 03:54:58,0.135077,Ejina,41.95,101.06666666666666,940.5
2023-04-28 03:57:57,0.135673,Ejina,41.95,101.06666666666666,940.5
2023-04-28 04:09:59,0.140328,Ejina,41.95,101.06666666666666,940.5
2023-04-28 04:18:58,0.135192,Ejina,41.95,101.06666666666666,940.5
2023-04-28 04:24:58,0.13778,Ejina,41.95,101.06666666666666,940.5
2023-04-28 04:27:58,0.138046,Ejina,41.95,101.06666666666666,940.5
2023-04-28 04:36:57,0.140487,Ejina,41.95,101.06666666666666,940.5
2023-04-28 04:39:57,0.140829,Ejina,41.95,101.06666666666666,940.5
2023-04-28 04:44:06,0.139748,Ejina,41.95,101.06666666666666,940.5
2023-04-28 04:51:57,0.139947,Ejina,41.95,101.06666666666666,940.5
2023-04-28 04:57:57,0.141231,Ejina,41.95,101.06666666666666,940.5
2023-04-28 04:59:48,0.141095,Ejina,41.95,101.06666666666666,940.5
2023-04-28 05:03:58,0.141484,Ejina,41.95,101.06666666666666,940.5
2023-04-28 05:06:58,0.141787,Ejina,41.95,101.06666666666666,940.5
2023-04-28 05:12:57,0.142198,Ejina,41.95,101.06666666666666,940.5
2023-04-28 05:15:57,0.145413,Ejina,41.95,101.06666666666666,940.5
2023-04-28 05:24:57,0.143771,Ejina,41.95,101.06666666666666,940.5
2023-04-28 05:42:57,0.142439,Ejina,41.95,101.06666666666666,940.5
2023-04-28 05:57:57,0.142364,Ejina,41.95,101.06666666666666,940.5
2023-04-28 06:06:57,0.139947,Ejina,41.95,101.06666666666666,940.5
2023-04-28 06:09:57,0.136495,Ejina,41.95,101.06666666666666,940.5
2023-04-28 06:30:57,0.135646,Ejina,41.95,101.06666666666666,940.5
2023-04-28 06:33:59,0.13823,Ejina,41.95,101.06666666666666,940.5
2023-04-28 06:36:56,0.133109,Ejina,41.95,101.06666666666666,940.5
2023-04-28 06:44:05,0.13456,Ejina,41.95,101.06666666666666,940.5
2023-04-28 06:51:56,0.135971,Ejina,41.95,101.06666666666666,940.5
2023-04-28 06:54:56,0.135295,Ejina,41.95,101.06666666666666,940.5
2023-04-28 07:03:58,0.141696,Ejina,41.95,101.06666666666666,940.5
2023-04-28 07:06:57,0.127897,Ejina,41.95,101.06666666666666,940.5
2023-04-28 07:09:57,0.132709,Ejina,41.95,101.06666666666666,940.5
2023-04-28 07:12:57,0.129896,Ejina,41.95,101.06666666666666,940.5
2023-04-28 07:27:58,0.128473,Ejina,41.95,101.06666666666666,940.5
2023-04-28 07:33:56,0.133938,Ejina,41.95,101.06666666666666,940.5
2023-04-28 07:36:56,0.125829,Ejina,41.95,101.06666666666666,940.5
2023-04-28 07:39:57,0.126812,Ejina,41.95,101.06666666666666,940.5
2023-04-28 07:44:39,0.129454,Ejina,41.95,101.06666666666666,940.5
2023-04-28 07:48:57,0.125241,Ejina,41.95,101.06666666666666,940.5
2023-04-28 07:51:56,0.12765,Ejina,41.95,101.06666666666666,940.5
2023-04-28 07:54:56,0.122943,Ejina,41.95,101.06666666666666,940.5
2023-04-28 07:57:57,0.12111,Ejina,41.95,101.06666666666666,940.5
2023-04-28 08:09:56,0.117671,Ejina,41.95,101.06666666666666,940.5
2023-04-28 08:12:56,0.116909,Ejina,41.95,101.06666666666666,940.5
2023-04-28 08:14:49,0.115702,Ejina,41.95,101.06666666666666,940.5
2023-04-28 08:21:56,0.118244,Ejina,41.95,101.06666666666666,940.5
2023-04-28 08:24:56,0.116697,Ejina,41.95,101.06666666666666,940.5
2023-04-28 08:29:08,0.118155,Ejina,41.95,101.06666666666666,940.5
2023-04-28 08:34:00,0.118928,Ejina,41.95,101.06666666666666,940.5
2023-04-28 08:42:56,0.108304,Ejina,41.95,101.06666666666666,940.5
2023-04-28 08:45:56,0.113616,Ejina,41.95,101.06666666666666,940.5
2023-04-28 09:00:56,0.110651,Ejina,41.95,101.06666666666666,940.5
2023-04-28 09:03:56,0.111428,Ejina,41.95,101.06666666666666,940.5
2023-04-28 09:09:56,0.113385,Ejina,41.95,101.06666666666666,940.5
2023-04-28 09:15:55,0.111159,Ejina,41.95,101.06666666666666,940.5
2023-04-28 09:18:59,0.11078,Ejina,41.95,101.06666666666666,940.5
2023-04-28 09:30:57,0.103021,Ejina,41.95,101.06666666666666,940.5
2023-04-28 09:38:00,0.104642,Ejina,41.95,101.06666666666666,940.5
2023-04-28 09:50:54,0.101469,Ejina,41.95,101.06666666666666,940.5
2023-04-28 10:01:42,0.10383,Ejina,41.95,101.06666666666666,940.5
2023-04-28 10:04:01,0.098617,Ejina,41.95,101.06666666666666,940.5
2023-04-28 10:09:56,0.096678,Ejina,41.95,101.06666666666666,940.5
2023-04-28 10:15:57,0.093644,Ejina,41.95,101.06666666666666,940.5
2023-04-28 10:18:36,0.094921,Ejina,41.95,101.06666666666666,940.5
2023-04-28 10:24:58,0.093234,Ejina,41.95,101.06666666666666,940.5
2023-04-28 10:36:37,0.090437,Ejina,41.95,101.06666666666666,940.5
2023-04-28 10:39:55,0.092184,Ejina,41.95,101.06666666666666,940.5
2023-04-28 10:45:40,0.088295,Ejina,41.95,101.06666666666666,940.5
2023-04-28 10:51:59,0.088602,Ejina,41.95,101.06666666666666,940.5
2023-04-28 11:17:07,0.103267,Ejina,41.95,101.06666666666666,940.5
2023-04-28 23:14:50,0.094385,Ejina,41.95,101.06666666666666,940.5
2023-04-28 23:25:26,0.092005,Ejina,41.95,101.06666666666666,940.5
2023-04-28 23:48:58,0.094687,Ejina,41.95,101.06666666666666,940.5
2023-04-29 00:24:59,0.099336,Ejina,41.95,101.06666666666666,940.5
2023-04-29 00:40:00,0.102947,Ejina,41.95,101.06666666666666,940.5
2023-04-29 00:45:57,0.105819,Ejina,41.95,101.06666666666666,940.5
2023-04-29 00:48:59,0.109791,Ejina,41.95,101.06666666666666,940.5
2023-04-29 01:05:16,0.114084,Ejina,41.95,101.06666666666666,940.5
2023-04-29 01:09:57,0.117611,Ejina,41.95,101.06666666666666,940.5
2023-04-29 01:42:57,0.122969,Ejina,41.95,101.06666666666666,940.5
2023-04-29 01:44:49,0.12234,Ejina,41.95,101.06666666666666,940.5
2023-04-29 01:57:57,0.127264,Ejina,41.95,101.06666666666666,940.5
2023-04-29 01:59:48,0.126952,Ejina,41.95,101.06666666666666,940.5
2023-04-29 02:18:57,0.132885,Ejina,41.95,101.06666666666666,940.5
2023-04-29 02:24:58,0.136372,Ejina,41.95,101.06666666666666,940.5
2023-04-29 02:33:57,0.135718,Ejina,41.95,101.06666666666666,940.5
2023-04-29 02:42:58,0.135262,Ejina,41.95,101.06666666666666,940.5
2023-04-29 02:44:51,0.135702,Ejina,41.95,101.06666666666666,940.5
2023-04-29 02:58:58,0.136463,Ejina,41.95,101.06666666666666,940.5
2023-04-29 03:29:14,0.142939,Ejina,41.95,101.06666666666666,940.5
2023-04-29 03:33:57,0.143871,Ejina,41.95,101.06666666666666,940.5
2023-04-29 03:42:57,0.144659,Ejina,41.95,101.06666666666666,940.5
2023-04-29 03:54:58,0.142002,Ejina,41.95,101.06666666666666,940.5
2023-04-29 03:59:50,0.143037,Ejina,41.95,101.06666666666666,940.5
2023-04-29 04:09:58,0.141683,Ejina,41.95,101.06666666666666,940.5
2023-04-29 04:14:50,0.141784,Ejina,41.95,101.06666666666666,940.5
2023-04-29 04:21:57,0.140897,Ejina,41.95,101.06666666666666,940.5
2023-04-29 04:24:57,0.138777,Ejina,41.95,101.06666666666666,940.5
2023-04-29 04:29:39,0.139189,Ejina,41.95,101.06666666666666,940.5
2023-04-29 04:33:58,0.144112,Ejina,41.95,101.06666666666666,940.5
2023-04-29 04:42:58,0.143409,Ejina,41.95,101.06666666666666,940.5
2023-04-29 04:44:48,0.143654,Ejina,41.95,101.06666666666666,940.5
2023-04-29 04:48:57,0.140543,Ejina,41.95,101.06666666666666,940.5
2023-04-29 04:51:57,0.143496,Ejina,41.95,101.06666666666666,940.5
2023-04-29 04:54:59,0.139887,Ejina,41.95,101.06666666666666,940.5
2023-04-29 05:00:56,0.139259,Ejina,41.95,101.06666666666666,940.5
2023-04-29 05:06:59,0.136365,Ejina,41.95,101.06666666666666,940.5
2023-04-29 05:12:58,0.135235,Ejina,41.95,101.06666666666666,940.5
2023-04-29 05:14:49,0.137483,Ejina,41.95,101.06666666666666,940.5
2023-04-29 05:24:57,0.1405,Ejina,41.95,101.06666666666666,940.5
2023-04-29 05:27:57,0.143749,Ejina,41.95,101.06666666666666,940.5
2023-04-29 05:29:47,0.143491,Ejina,41.95,101.06666666666666,940.5
2023-04-29 05:33:57,0.149867,Ejina,41.95,101.06666666666666,940.5
2023-04-29 05:36:57,0.143476,Ejina,41.95,101.06666666666666,940.5
2023-04-29 05:44:39,0.148687,Ejina,41.95,101.06666666666666,940.5
2023-04-29 05:52:00,0.150273,Ejina,41.95,101.06666666666666,940.5
2023-04-29 05:59:48,0.169552,Ejina,41.95,101.06666666666666,940.5
2023-04-29 06:09:58,0.148767,Ejina,41.95,101.06666666666666,940.5
2023-04-29 06:27:57,0.144619,Ejina,41.95,101.06666666666666,940.5
2023-04-29 07:54:57,0.165489,Ejina,41.95,101.06666666666666,940.5
2023-04-29 08:03:57,0.169687,Ejina,41.95,101.06666666666666,940.5
2023-04-29 08:06:56,0.169931,Ejina,41.95,101.06666666666666,940.5
2023-04-29 08:31:07,0.16229,Ejina,41.95,101.06666666666666,940.5
2023-04-29 09:06:56,0.157833,Ejina,41.95,101.06666666666666,940.5
2023-04-29 09:21:56,0.143788,Ejina,41.95,101.06666666666666,940.5
2023-04-29 09:23:48,0.149353,Ejina,41.95,101.06666666666666,940.5
2023-04-29 09:27:55,0.177169,Ejina,41.95,101.06666666666666,940.5
2023-04-29 09:38:54,0.146661,Ejina,41.95,101.06666666666666,940.5
2023-04-29 09:45:55,0.154152,Ejina,41.95,101.06666666666666,940.5
2023-04-29 09:54:57,0.143461,Ejina,41.95,101.06666666666666,940.5
2023-04-29 09:57:55,0.140926,Ejina,41.95,101.06666666666666,940.5
2023-04-29 10:00:59,0.145333,Ejina,41.95,101.06666666666666,940.5
2023-04-29 10:11:47,0.148279,Ejina,41.95,101.06666666666666,940.5
2023-04-29 10:24:55,0.123519,Ejina,41.95,101.06666666666666,940.5
2023-04-29 10:47:47,0.118305,Ejina,41.95,101.06666666666666,940.5
2023-04-29 10:57:55,0.118869,Ejina,41.95,101.06666666666666,940.5
2023-04-29 11:00:56,0.11659,Ejina,41.95,101.06666666666666,940.5
2023-04-29 11:02:48,0.115486,Ejina,41.95,101.06666666666666,940.5
2023-04-29 11:12:55,0.115588,Ejina,41.95,101.06666666666666,940.5
2023-04-29 23:06:00,0.116454,Ejina,41.95,101.06666666666666,940.5
2023-04-29 23:30:56,0.114692,Ejina,41.95,101.06666666666666,940.5
2023-04-29 23:36:58,0.118259,Ejina,41.95,101.06666666666666,940.5
2023-04-29 23:48:55,0.125827,Ejina,41.95,101.06666666666666,940.5
2023-04-29 23:51:05,0.127861,Ejina,41.95,101.06666666666666,940.5
2023-04-29 23:54:24,0.125215,Ejina,41.95,101.06666666666666,940.5
2023-04-30 00:12:57,0.13145,Ejina,41.95,101.06666666666666,940.5
2023-04-30 00:15:01,0.132286,Ejina,41.95,101.06666666666666,940.5
2023-04-30 00:22:02,0.134675,Ejina,41.95,101.06666666666666,940.5
2023-04-30 00:24:04,0.1344,Ejina,41.95,101.06666666666666,940.5
2023-04-30 00:39:56,0.136656,Ejina,41.95,101.06666666666666,940.5
2023-04-30 00:47:51,0.140507,Ejina,41.95,101.06666666666666,940.5
2023-04-30 01:03:54,0.156317,Ejina,41.95,101.06666666666666,940.5
2023-04-30 01:06:59,0.171922,Ejina,41.95,101.06666666666666,940.5
2023-04-30 01:09:58,0.193833,Ejina,41.95,101.06666666666666,940.5
2023-04-30 01:45:57,0.264221,Ejina,41.95,101.06666666666666,940.5
2023-04-30 01:48:59,0.265899,Ejina,41.95,101.06666666666666,940.5
2023-04-30 02:09:57,0.299811,Ejina,41.95,101.06666666666666,940.5
2023-04-30 02:12:59,0.28538,Ejina,41.95,101.06666666666666,940.5
2023-04-30 02:43:50,0.283162,Ejina,41.95,101.06666666666666,940.5
2023-04-30 02:59:50,0.265545,Ejina,41.95,101.06666666666666,940.5
2023-04-30 03:03:57,0.256161,Ejina,41.95,101.06666666666666,940.5
2023-04-30 04:28:49,0.352795,Ejina,41.95,101.06666666666666,940.5
2023-04-30 05:12:57,0.223566,Ejina,41.95,101.06666666666666,940.5
2023-04-30 06:24:57,0.226933,Ejina,41.95,101.06666666666666,940.5
2023-04-30 06:45:57,0.21793,Ejina,41.95,101.06666666666666,940.5
2023-04-30 07:00:57,0.228529,Ejina,41.95,101.06666666666666,940.5
2023-04-30 07:13:49,0.232291,Ejina,41.95,101.06666666666666,940.5
2023-04-30 23:42:56,0.594073,Ejina,41.95,101.06666666666666,940.5
2023-05-01 00:15:57,0.408329,Ejina,41.95,101.06666666666666,940.5
2023-05-01 00:18:57,0.412823,Ejina,41.95,101.06666666666666,940.5
2023-05-01 00:21:56,0.418731,Ejina,41.95,101.06666666666666,940.5
2023-05-01 00:23:51,0.40872,Ejina,41.95,101.06666666666666,940.5
2023-05-01 00:27:56,0.421464,Ejina,41.95,101.06666666666666,940.5
2023-05-01 00:36:57,0.451771,Ejina,41.95,101.06666666666666,940.5
2023-05-01 00:45:57,0.480265,Ejina,41.95,101.06666666666666,940.5
2023-05-01 00:47:53,0.493462,Ejina,41.95,101.06666666666666,940.5
2023-05-01 01:06:56,0.519529,Ejina,41.95,101.06666666666666,940.5
2023-05-01 01:27:57,0.584691,Ejina,41.95,101.06666666666666,940.5
2023-05-01 01:30:57,0.594264,Ejina,41.95,101.06666666666666,940.5
2023-05-01 01:45:55,0.621606,Ejina,41.95,101.06666666666666,940.5
2023-05-01 01:48:58,0.617517,Ejina,41.95,101.06666666666666,940.5
2023-05-01 02:30:57,0.434694,Ejina,41.95,101.06666666666666,940.5
2023-05-01 02:36:58,0.424828,Ejina,41.95,101.06666666666666,940.5
2023-05-01 02:52:08,0.397941,Ejina,41.95,101.06666666666666,940.5
2023-05-01 02:59:11,0.399751,Ejina,41.95,101.06666666666666,940.5
2023-05-01 03:12:57,0.389174,Ejina,41.95,101.06666666666666,940.5
2023-05-01 03:39:57,0.361374,Ejina,41.95,101.06666666666666,940.5
2023-05-01 03:54:57,0.370454,Ejina,41.95,101.06666666666666,940.5
2023-05-01 04:13:01,0.36947,Ejina,41.95,101.06666666666666,940.5
2023-05-01 04:36:58,0.378929,Ejina,41.95,101.06666666666666,940.5
2023-05-01 04:42:57,0.402427,Ejina,41.95,101.06666666666666,940.5
2023-05-01 04:44:49,0.400068,Ejina,41.95,101.06666666666666,940.5
2023-05-01 04:57:57,0.411251,Ejina,41.95,101.06666666666666,940.5
2023-05-01 05:15:03,0.461983,Ejina,41.95,101.06666666666666,940.5
2023-05-01 05:21:58,0.442998,Ejina,41.95,101.06666666666666,940.5
2023-05-01 05:42:57,0.402973,Ejina,41.95,101.06666666666666,940.5
2023-05-01 05:51:59,0.415246,Ejina,41.95,101.06666666666666,940.5
2023-05-01 05:54:59,0.440438,Ejina,41.95,101.06666666666666,940.5
2023-05-01 05:59:48,0.400643,Ejina,41.95,101.06666666666666,940.5
2023-05-01 06:07:05,0.404703,Ejina,41.95,101.06666666666666,940.5
2023-05-01 06:18:58,0.376729,Ejina,41.95,101.06666666666666,940.5
2023-05-01 06:42:57,0.381288,Ejina,41.95,101.06666666666666,940.5
2023-05-01 06:58:41,0.414621,Ejina,41.95,101.06666666666666,940.5
2023-05-01 07:00:57,0.403956,Ejina,41.95,101.06666666666666,940.5
2023-05-01 07:13:42,0.436105,Ejina,41.95,101.06666666666666,940.5
2023-05-01 07:42:57,0.43337,Ejina,41.95,101.06666666666666,940.5
2023-05-01 08:13:51,0.384159,Ejina,41.95,101.06666666666666,940.5
2023-05-01 09:40:45,0.362133,Ejina,41.95,101.06666666666666,940.5
2023-05-01 09:45:55,0.357563,Ejina,41.95,101.06666666666666,940.5
2023-05-01 09:48:55,0.364234,Ejina,41.95,101.06666666666666,940.5
2023-05-01 10:06:55,0.373037,Ejina,41.95,101.06666666666666,940.5
2023-05-01 10:13:39,0.362593,Ejina,41.95,101.06666666666666,940.5
2023-05-01 10:27:55,0.398976,Ejina,41.95,101.06666666666666,940.5
2023-05-01 10:48:25,0.398125,Ejina,41.95,101.06666666666666,940.5
2023-05-01 10:51:57,0.400811,Ejina,41.95,101.06666666666666,940.5
2023-05-01 10:54:54,0.396423,Ejina,41.95,101.06666666666666,940.5
2023-05-01 11:12:07,0.391804,Ejina,41.95,101.06666666666666,940.5
2023-05-01 11:20:49,0.38108,Ejina,41.95,101.06666666666666,940.5
2023-05-01 23:15:55,0.389055,Ejina,41.95,101.06666666666666,940.5
2023-05-01 23:24:57,0.379485,Ejina,41.95,101.06666666666666,940.5
2023-05-01 23:28:55,0.377151,Ejina,41.95,101.06666666666666,940.5
2023-05-01 23:30:55,0.372101,Ejina,41.95,101.06666666666666,940.5
2023-05-01 23:37:48,0.378907,Ejina,41.95,101.06666666666666,940.5
2023-05-01 23:52:14,0.406908,Ejina,41.95,101.06666666666666,940.5
2023-05-01 23:54:58,0.40085,Ejina,41.95,101.06666666666666,940.5
2023-05-02 00:12:39,0.42244,Ejina,41.95,101.06666666666666,940.5
2023-05-02 00:15:56,0.422712,Ejina,41.95,101.06666666666666,940.5
2023-05-02 00:18:57,0.427159,Ejina,41.95,101.06666666666666,940.5
2023-05-02 00:27:58,0.418872,Ejina,41.95,101.06666666666666,940.5
2023-05-02 00:30:56,0.427663,Ejina,41.95,101.06666666666666,940.5
2023-05-02 00:32:54,0.428076,Ejina,41.95,101.06666666666666,940.5
2023-05-02 00:36:56,0.427384,Ejina,41.95,101.06666666666666,940.5
2023-05-02 00:58:00,0.473962,Ejina,41.95,101.06666666666666,940.5
2023-05-02 01:02:54,0.476301,Ejina,41.95,101.06666666666666,940.5
2023-05-02 01:09:57,0.492732,Ejina,41.95,101.06666666666666,940.5
2023-05-02 01:24:57,0.500819,Ejina,41.95,101.06666666666666,940.5
2023-05-02 01:27:57,0.521572,Ejina,41.95,101.06666666666666,940.5
2023-05-02 01:30:56,0.504029,Ejina,41.95,101.06666666666666,940.5
2023-05-02 01:33:57,0.532886,Ejina,41.95,101.06666666666666,940.5
2023-05-02 01:48:59,0.564719,Ejina,41.95,101.06666666666666,940.5
2023-05-02 02:44:50,0.560259,Ejina,41.95,101.06666666666666,940.5
2023-05-02 02:54:58,0.558198,Ejina,41.95,101.06666666666666,940.5
2023-05-02 02:57:58,0.560259,Ejina,41.95,101.06666666666666,940.5
2023-05-02 03:44:51,0.568016,Ejina,41.95,101.06666666666666,940.5
2023-05-02 04:14:50,0.55653,Ejina,41.95,101.06666666666666,940.5
2023-05-02 05:28:00,0.599265,Ejina,41.95,101.06666666666666,940.5
2023-05-02 05:29:51,0.606106,Ejina,41.95,101.06666666666666,940.5
2023-05-02 05:33:57,0.58697,Ejina,41.95,101.06666666666666,940.5
2023-05-02 05:36:57,0.581651,Ejina,41.95,101.06666666666666,940.5
2023-05-02 06:01:14,0.565611,Ejina,41.95,101.06666666666666,940.5
2023-05-02 06:14:04,0.528144,Ejina,41.95,101.06666666666666,940.5
2023-05-02 06:25:05,0.538472,Ejina,41.95,101.06666666666666,940.5
2023-05-02 06:36:56,0.543216,Ejina,41.95,101.06666666666666,940.5
2023-05-02 06:39:57,0.526884,Ejina,41.95,101.06666666666666,940.5
2023-05-02 06:59:39,0.495665,Ejina,41.95,101.06666666666666,940.5
2023-05-02 07:03:57,0.497559,Ejina,41.95,101.06666666666666,940.5
2023-05-02 07:14:11,0.493453,Ejina,41.95,101.06666666666666,940.5
2023-05-02 07:21:57,0.506122,Ejina,41.95,101.06666666666666,940.5
2023-05-02 07:24:57,0.496901,Ejina,41.95,101.06666666666666,940.5
2023-05-02 07:27:59,0.490937,Ejina,41.95,101.06666666666666,940.5
2023-05-02 07:29:52,0.491807,Ejina,41.95,101.06666666666666,940.5
2023-05-02 07:33:56,0.474936,Ejina,41.95,101.06666666666666,940.5
2023-05-02 07:36:56,0.487795,Ejina,41.95,101.06666666666666,940.5
2023-05-02 07:42:58,0.497397,Ejina,41.95,101.06666666666666,940.5
2023-05-02 07:54:56,0.513848,Ejina,41.95,101.06666666666666,940.5
2023-05-02 08:03:56,0.497483,Ejina,41.95,101.06666666666666,940.5
2023-05-02 08:09:56,0.484603,Ejina,41.95,101.06666666666666,940.5
2023-05-02 08:21:56,0.474582,Ejina,41.95,101.06666666666666,940.5
2023-05-02 08:28:05,0.501839,Ejina,41.95,101.06666666666666,940.5
2023-05-02 09:00:56,0.503772,Ejina,41.95,101.06666666666666,940.5
2023-05-02 09:03:57,0.516204,Ejina,41.95,101.06666666666666,940.5
2023-05-02 09:06:56,0.478964,Ejina,41.95,101.06666666666666,940.5
2023-05-02 09:21:56,0.520626,Ejina,41.95,101.06666666666666,940.5
2023-05-02 09:24:55,0.513441,Ejina,41.95,101.06666666666666,940.5
2023-05-02 09:33:55,0.486402,Ejina,41.95,101.06666666666666,940.5
2023-05-02 09:39:58,0.467553,Ejina,41.95,101.06666666666666,940.5
2023-05-02 10:09:58,0.44835,Ejina,41.95,101.06666666666666,940.5
2023-05-02 10:33:55,0.426986,Ejina,41.95,101.06666666666666,940.5
2023-05-02 10:41:45,0.421287,Ejina,41.95,101.06666666666666,940.5
2023-05-02 10:48:54,0.430632,Ejina,41.95,101.06666666666666,940.5
2023-05-02 10:50:47,0.423629,Ejina,41.95,101.06666666666666,940.5
2023-05-02 11:00:54,0.414058,Ejina,41.95,101.06666666666666,940.5
2023-05-02 11:05:37,0.398348,Ejina,41.95,101.06666666666666,940.5
2023-05-02 11:21:55,0.414,Ejina,41.95,101.06666666666666,940.5
2023-05-02 23:18:55,0.529954,Ejina,41.95,101.06666666666666,940.5
2023-05-02 23:20:49,0.518085,Ejina,41.95,101.06666666666666,940.5
2023-05-03 23:50:49,0.467514,Ejina,41.95,101.06666666666666,940.5
2023-05-04 00:20:49,0.419106,Ejina,41.95,101.06666666666666,940.5
2023-05-04 01:57:57,0.463195,Ejina,41.95,101.06666666666666,940.5
2023-05-04 02:34:00,0.353376,Ejina,41.95,101.06666666666666,940.5
2023-05-04 02:39:57,0.357709,Ejina,41.95,101.06666666666666,940.5
2023-05-04 02:42:58,0.367027,Ejina,41.95,101.06666666666666,940.5
2023-05-04 02:51:58,0.379311,Ejina,41.95,101.06666666666666,940.5
2023-05-04 02:57:57,0.3862,Ejina,41.95,101.06666666666666,940.5
2023-05-04 02:59:53,0.388943,Ejina,41.95,101.06666666666666,940.5
2023-05-04 03:37:03,0.397749,Ejina,41.95,101.06666666666666,940.5
2023-05-04 10:18:54,0.613401,Ejina,41.95,101.06666666666666,940.5
2023-05-05 04:58:00,2.986107,Ejina,41.95,101.06666666666666,940.5
2023-05-05 08:33:56,2.454198,Ejina,41.95,101.06666666666666,940.5
2023-05-05 23:57:56,1.015808,Ejina,41.95,101.06666666666666,940.5
2023-05-06 01:06:56,1.520293,Ejina,41.95,101.06666666666666,940.5
2023-05-06 01:27:56,1.899054,Ejina,41.95,101.06666666666666,940.5
2023-05-06 05:30:57,3.01759,Ejina,41.95,101.06666666666666,940.5
2023-05-06 09:21:55,1.763819,Ejina,41.95,101.06666666666666,940.5
2023-05-06 10:03:56,1.877903,Ejina,41.95,101.06666666666666,940.5
2023-05-07 06:43:39,0.735002,Ejina,41.95,101.06666666666666,940.5
2023-05-07 07:13:13,0.741816,Ejina,41.95,101.06666666666666,940.5
2023-05-07 07:28:11,0.755301,Ejina,41.95,101.06666666666666,940.5
2023-05-09 01:06:58,0.270907,Ejina,41.95,101.06666666666666,940.5
2023-05-09 01:31:04,0.258553,Ejina,41.95,101.06666666666666,940.5
2023-05-09 01:43:05,0.253229,Ejina,41.95,101.06666666666666,940.5
2023-05-09 01:46:02,0.255982,Ejina,41.95,101.06666666666666,940.5
2023-05-09 01:58:07,0.257928,Ejina,41.95,101.06666666666666,940.5
2023-05-09 02:00:56,0.260559,Ejina,41.95,101.06666666666666,940.5
2023-05-09 02:06:58,0.260583,Ejina,41.95,101.06666666666666,940.5
2023-05-09 02:14:49,0.263828,Ejina,41.95,101.06666666666666,940.5
2023-05-09 02:24:57,0.267304,Ejina,41.95,101.06666666666666,940.5
2023-05-09 02:42:58,0.271063,Ejina,41.95,101.06666666666666,940.5
2023-05-09 02:44:56,0.273499,Ejina,41.95,101.06666666666666,940.5
2023-05-09 02:51:58,0.276322,Ejina,41.95,101.06666666666666,940.5
2023-05-09 02:57:58,0.277361,Ejina,41.95,101.06666666666666,940.5
2023-05-09 02:59:49,0.277898,Ejina,41.95,101.06666666666666,940.5
2023-05-09 03:06:57,0.28304,Ejina,41.95,101.06666666666666,940.5
2023-05-09 03:09:58,0.284737,Ejina,41.95,101.06666666666666,940.5
2023-05-09 03:43:42,0.301493,Ejina,41.95,101.06666666666666,940.5
2023-05-09 03:45:57,0.305292,Ejina,41.95,101.06666666666666,940.5
2023-05-09 03:52:00,0.314913,Ejina,41.95,101.06666666666666,940.5
2023-05-09 03:57:59,0.308836,Ejina,41.95,101.06666666666666,940.5
2023-05-09 03:59:53,0.311967,Ejina,41.95,101.06666666666666,940.5
2023-05-09 04:03:59,0.326635,Ejina,41.95,101.06666666666666,940.5
2023-05-09 04:09:59,0.329504,Ejina,41.95,101.06666666666666,940.5
2023-05-09 04:13:02,0.323804,Ejina,41.95,101.06666666666666,940.5
2023-05-09 04:24:58,0.32657,Ejina,41.95,101.06666666666666,940.5
2023-05-09 04:27:58,0.322392,Ejina,41.95,101.06666666666666,940.5
2023-05-09 04:36:59,0.327288,Ejina,41.95,101.06666666666666,940.5
2023-05-09 04:39:58,0.34166,Ejina,41.95,101.06666666666666,940.5
2023-05-09 04:42:58,0.343804,Ejina,41.95,101.06666666666666,940.5
2023-05-09 04:48:57,0.327092,Ejina,41.95,101.06666666666666,940.5
2023-05-09 04:51:58,0.327014,Ejina,41.95,101.06666666666666,940.5
2023-05-09 04:57:57,0.345937,Ejina,41.95,101.06666666666666,940.5
2023-05-09 05:13:07,0.334003,Ejina,41.95,101.06666666666666,940.5
2023-05-09 05:18:58,0.341691,Ejina,41.95,101.06666666666666,940.5
2023-05-09 05:21:58,0.334176,Ejina,41.95,101.06666666666666,940.5
2023-05-09 05:29:10,0.332946,Ejina,41.95,101.06666666666666,940.5
2023-05-09 05:33:57,0.346456,Ejina,41.95,101.06666666666666,940.5
2023-05-09 05:44:19,0.364076,Ejina,41.95,101.06666666666666,940.5
2023-05-09 05:49:03,0.345757,Ejina,41.95,101.06666666666666,940.5
2023-05-09 05:57:58,0.348294,Ejina,41.95,101.06666666666666,940.5
2023-05-09 06:03:58,0.33781,Ejina,41.95,101.06666666666666,940.5
2023-05-09 06:19:00,0.347416,Ejina,41.95,101.06666666666666,940.5
2023-05-09 06:21:57,0.330841,Ejina,41.95,101.06666666666666,940.5
2023-05-09 06:31:01,0.32326,Ejina,41.95,101.06666666666666,940.5
2023-05-09 06:33:57,0.33076,Ejina,41.95,101.06666666666666,940.5
2023-05-09 06:36:57,0.338069,Ejina,41.95,101.06666666666666,940.5
2023-05-09 06:39:57,0.3413,Ejina,41.95,101.06666666666666,940.5
2023-05-09 06:44:48,0.345961,Ejina,41.95,101.06666666666666,940.5
2023-05-09 07:12:56,0.340019,Ejina,41.95,101.06666666666666,940.5
2023-05-09 10:47:49,0.350235,Ejina,41.95,101.06666666666666,940.5
2023-05-09 23:02:22,0.209657,Ejina,41.95,101.06666666666666,940.5
2023-05-09 23:18:56,0.203136,Ejina,41.95,101.06666666666666,940.5
2023-05-09 23:29:17,0.193273,Ejina,41.95,101.06666666666666,940.5
2023-05-09 23:51:58,0.190989,Ejina,41.95,101.06666666666666,940.5
2023-05-09 23:56:39,0.195949,Ejina,41.95,101.06666666666666,940.5
2023-05-10 00:03:58,0.218364,Ejina,41.95,101.06666666666666,940.5
2023-05-10 00:40:00,0.192652,Ejina,41.95,101.06666666666666,940.5
2023-05-10 00:43:01,0.188333,Ejina,41.95,101.06666666666666,940.5
2023-05-10 00:49:00,0.186541,Ejina,41.95,101.06666666666666,940.5
2023-05-10 00:54:57,0.188083,Ejina,41.95,101.06666666666666,940.5
2023-05-10 01:10:01,0.251549,Ejina,41.95,101.06666666666666,940.5
2023-05-10 01:48:57,0.187009,Ejina,41.95,101.06666666666666,940.5
2023-05-10 01:51:57,0.186494,Ejina,41.95,101.06666666666666,940.5
2023-05-10 01:54:57,0.188684,Ejina,41.95,101.06666666666666,940.5
2023-05-10 01:57:57,0.188535,Ejina,41.95,101.06666666666666,940.5
2023-05-10 02:03:57,0.19291,Ejina,41.95,101.06666666666666,940.5
2023-05-10 02:09:57,0.198381,Ejina,41.95,101.06666666666666,940.5
2023-05-10 02:12:58,0.201686,Ejina,41.95,101.06666666666666,940.5
2023-05-10 02:14:51,0.202643,Ejina,41.95,101.06666666666666,940.5
2023-05-10 02:18:58,0.20227,Ejina,41.95,101.06666666666666,940.5
2023-05-10 02:28:03,0.199065,Ejina,41.95,101.06666666666666,940.5
2023-05-10 02:42:57,0.185325,Ejina,41.95,101.06666666666666,940.5
2023-05-10 03:33:58,0.195353,Ejina,41.95,101.06666666666666,940.5
2023-05-10 03:36:58,0.195084,Ejina,41.95,101.06666666666666,940.5
2023-05-10 03:42:57,0.209947,Ejina,41.95,101.06666666666666,940.5
2023-05-10 03:48:57,0.203368,Ejina,41.95,101.06666666666666,940.5
2023-05-10 04:13:06,0.208313,Ejina,41.95,101.06666666666666,940.5
2023-05-10 04:24:58,0.215959,Ejina,41.95,101.06666666666666,940.5
2023-05-10 04:43:03,0.23704,Ejina,41.95,101.06666666666666,940.5
2023-05-10 04:57:58,0.259139,Ejina,41.95,101.06666666666666,940.5
2023-05-10 05:18:57,0.283053,Ejina,41.95,101.06666666666666,940.5
2023-05-10 09:36:57,0.189253,Ejina,41.95,101.06666666666666,940.5
2023-05-10 09:42:59,0.200839,Ejina,41.95,101.06666666666666,940.5
2023-05-10 10:12:44,0.161735,Ejina,41.95,101.06666666666666,940.5
2023-05-10 10:24:57,0.157401,Ejina,41.95,101.06666666666666,940.5
2023-05-10 10:33:55,0.155846,Ejina,41.95,101.06666666666666,940.5
2023-05-10 10:39:58,0.150614,Ejina,41.95,101.06666666666666,940.5
2023-05-10 10:45:55,0.154229,Ejina,41.95,101.06666666666666,940.5
2023-05-10 10:47:50,0.15103,Ejina,41.95,101.06666666666666,940.5
2023-05-10 10:52:43,0.15431,Ejina,41.95,101.06666666666666,940.5
2023-05-10 10:55:03,0.149776,Ejina,41.95,101.06666666666666,940.5
2023-05-10 11:00:57,0.146167,Ejina,41.95,101.06666666666666,940.5
2023-05-10 11:03:55,0.143041,Ejina,41.95,101.06666666666666,940.5
2023-05-10 23:06:19,0.212132,Ejina,41.95,101.06666666666666,940.5
2023-05-10 23:16:00,0.21235,Ejina,41.95,101.06666666666666,940.5
2023-05-10 23:36:57,0.214901,Ejina,41.95,101.06666666666666,940.5
2023-05-10 23:54:56,0.22596,Ejina,41.95,101.06666666666666,940.5
2023-05-11 00:23:19,0.238474,Ejina,41.95,101.06666666666666,940.5
2023-05-11 01:07:00,0.252657,Ejina,41.95,101.06666666666666,940.5
2023-05-11 01:39:59,0.259957,Ejina,41.95,101.06666666666666,940.5
2023-05-11 01:44:49,0.259179,Ejina,41.95,101.06666666666666,940.5
2023-05-11 01:54:57,0.25938,Ejina,41.95,101.06666666666666,940.5
2023-05-11 01:59:48,0.264034,Ejina,41.95,101.06666666666666,940.5
2023-05-11 02:12:57,0.267989,Ejina,41.95,101.06666666666666,940.5
2023-05-11 02:29:49,0.268057,Ejina,41.95,101.06666666666666,940.5
2023-05-11 02:33:58,0.268416,Ejina,41.95,101.06666666666666,940.5
2023-05-11 02:45:57,0.271325,Ejina,41.95,101.06666666666666,940.5
2023-05-11 02:51:57,0.275625,Ejina,41.95,101.06666666666666,940.5
2023-05-11 02:54:57,0.273648,Ejina,41.95,101.06666666666666,940.5
2023-05-11 03:12:57,0.280316,Ejina,41.95,101.06666666666666,940.5
2023-05-11 03:21:58,0.283797,Ejina,41.95,101.06666666666666,940.5
2023-05-11 03:37:00,0.284967,Ejina,41.95,101.06666666666666,940.5
2023-05-11 03:43:05,0.29122,Ejina,41.95,101.06666666666666,940.5
2023-05-11 03:45:57,0.289921,Ejina,41.95,101.06666666666666,940.5
2023-05-11 03:58:00,0.2912,Ejina,41.95,101.06666666666666,940.5
2023-05-11 03:59:58,0.289305,Ejina,41.95,101.06666666666666,940.5
2023-05-11 04:15:58,0.289099,Ejina,41.95,101.06666666666666,940.5
2023-05-11 04:28:02,0.282203,Ejina,41.95,101.06666666666666,940.5
2023-05-11 04:36:58,0.284638,Ejina,41.95,101.06666666666666,940.5
2023-05-11 04:39:57,0.284779,Ejina,41.95,101.06666666666666,940.5
2023-05-11 04:44:49,0.287836,Ejina,41.95,101.06666666666666,940.5
2023-05-11 04:54:57,0.27508,Ejina,41.95,101.06666666666666,940.5
2023-05-11 04:57:58,0.281448,Ejina,41.95,101.06666666666666,940.5
2023-05-11 05:12:57,0.27912,Ejina,41.95,101.06666666666666,940.5
2023-05-11 05:14:50,0.279877,Ejina,41.95,101.06666666666666,940.5
2023-05-11 05:21:57,0.304807,Ejina,41.95,101.06666666666666,940.5
2023-05-11 05:27:57,0.289932,Ejina,41.95,101.06666666666666,940.5
2023-05-11 05:29:48,0.293024,Ejina,41.95,101.06666666666666,940.5
2023-05-11 05:43:01,0.317752,Ejina,41.95,101.06666666666666,940.5
2023-05-11 05:45:57,0.314642,Ejina,41.95,101.06666666666666,940.5
2023-05-11 05:49:12,0.303191,Ejina,41.95,101.06666666666666,940.5
2023-05-11 05:58:00,0.307478,Ejina,41.95,101.06666666666666,940.5
2023-05-11 06:03:56,0.323689,Ejina,41.95,101.06666666666666,940.5
2023-05-11 06:28:01,0.343416,Ejina,41.95,101.06666666666666,940.5
2023-05-11 07:29:49,0.323886,Ejina,41.95,101.06666666666666,940.5
2023-05-11 08:12:56,0.315501,Ejina,41.95,101.06666666666666,940.5
2023-05-11 09:15:56,0.230319,Ejina,41.95,101.06666666666666,940.5
2023-05-11 09:48:56,0.240168,Ejina,41.95,101.06666666666666,940.5
2023-05-11 09:50:50,0.252474,Ejina,41.95,101.06666666666666,940.5
2023-05-11 10:22:40,0.230441,Ejina,41.95,101.06666666666666,940.5
2023-05-11 10:30:32,0.23028,Ejina,41.95,101.06666666666666,940.5
2023-05-11 10:37:40,0.216668,Ejina,41.95,101.06666666666666,940.5
2023-05-11 10:39:58,0.214725,Ejina,41.95,101.06666666666666,940.5
2023-05-11 10:45:55,0.219287,Ejina,41.95,101.06666666666666,940.5
2023-05-11 10:48:41,0.22551,Ejina,41.95,101.06666666666666,940.5
2023-05-11 10:53:26,0.210393,Ejina,41.95,101.06666666666666,940.5
2023-05-11 11:13:54,0.211143,Ejina,41.95,101.06666666666666,940.5
2023-05-11 11:28:50,0.209403,Ejina,41.95,101.06666666666666,940.5
2023-05-11 23:15:56,0.385739,Ejina,41.95,101.06666666666666,940.5
2023-05-11 23:18:23,0.391719,Ejina,41.95,101.06666666666666,940.5
2023-05-11 23:27:25,0.390484,Ejina,41.95,101.06666666666666,940.5
2023-05-11 23:32:42,0.397885,Ejina,41.95,101.06666666666666,940.5
2023-05-11 23:51:57,0.412302,Ejina,41.95,101.06666666666666,940.5
2023-05-12 00:22:26,0.410089,Ejina,41.95,101.06666666666666,940.5
2023-05-12 00:39:58,0.381154,Ejina,41.95,101.06666666666666,940.5
2023-05-12 00:43:02,0.374328,Ejina,41.95,101.06666666666666,940.5
2023-05-12 01:03:56,0.350458,Ejina,41.95,101.06666666666666,940.5
2023-05-12 01:09:56,0.348532,Ejina,41.95,101.06666666666666,940.5
2023-05-12 01:13:01,0.348166,Ejina,41.95,101.06666666666666,940.5
2023-05-12 01:23:58,0.323853,Ejina,41.95,101.06666666666666,940.5
2023-05-12 01:42:57,0.360118,Ejina,41.95,101.06666666666666,940.5
2023-05-12 01:59:50,0.345884,Ejina,41.95,101.06666666666666,940.5
2023-05-12 02:10:02,0.385592,Ejina,41.95,101.06666666666666,940.5
2023-05-12 02:14:50,0.373744,Ejina,41.95,101.06666666666666,940.5
2023-05-12 02:18:58,0.383335,Ejina,41.95,101.06666666666666,940.5
2023-05-12 02:36:57,0.38137,Ejina,41.95,101.06666666666666,940.5
2023-05-12 02:45:56,0.393485,Ejina,41.95,101.06666666666666,940.5
2023-05-12 03:01:01,0.39181,Ejina,41.95,101.06666666666666,940.5
2023-05-12 03:09:57,0.393522,Ejina,41.95,101.06666666666666,940.5
2023-05-12 03:36:57,0.381921,Ejina,41.95,101.06666666666666,940.5
2023-05-12 03:39:57,0.373874,Ejina,41.95,101.06666666666666,940.5
2023-05-12 03:42:58,0.372039,Ejina,41.95,101.06666666666666,940.5
2023-05-12 03:48:58,0.354993,Ejina,41.95,101.06666666666666,940.5
2023-05-12 03:51:58,0.380236,Ejina,41.95,101.06666666666666,940.5
2023-05-12 04:00:58,0.309577,Ejina,41.95,101.06666666666666,940.5
2023-05-12 04:06:59,0.287885,Ejina,41.95,101.06666666666666,940.5
2023-05-12 04:15:58,0.274829,Ejina,41.95,101.06666666666666,940.5
2023-05-12 04:18:58,0.272418,Ejina,41.95,101.06666666666666,940.5
2023-05-12 04:44:41,0.303332,Ejina,41.95,101.06666666666666,940.5
2023-05-12 06:24:58,0.398679,Ejina,41.95,101.06666666666666,940.5
2023-05-12 07:54:57,0.376431,Ejina,41.95,101.06666666666666,940.5
2023-05-12 07:57:57,0.390665,Ejina,41.95,101.06666666666666,940.5
2023-05-12 07:59:49,0.381197,Ejina,41.95,101.06666666666666,940.5
2023-05-12 08:03:57,0.37432,Ejina,41.95,101.06666666666666,940.5
2023-05-12 08:09:57,0.381654,Ejina,41.95,101.06666666666666,940.5
2023-05-12 08:28:39,0.367604,Ejina,41.95,101.06666666666666,940.5
2023-05-12 08:30:57,0.366042,Ejina,41.95,101.06666666666666,940.5
2023-05-12 08:36:56,0.373659,Ejina,41.95,101.06666666666666,940.5
2023-05-12 09:27:56,0.387063,Ejina,41.95,101.06666666666666,940.5
2023-05-12 22:59:28,0.439232,Ejina,41.95,101.06666666666666,940.5
2023-05-12 23:03:55,0.455609,Ejina,41.95,101.06666666666666,940.5
2023-05-12 23:35:39,0.490184,Ejina,41.95,101.06666666666666,940.5
2023-05-12 23:45:56,0.505804,Ejina,41.95,101.06666666666666,940.5
2023-05-12 23:51:57,0.514055,Ejina,41.95,101.06666666666666,940.5
2023-05-13 00:00:09,0.528756,Ejina,41.95,101.06666666666666,940.5
2023-05-13 00:05:08,0.534924,Ejina,41.95,101.06666666666666,940.5
2023-05-13 00:42:56,0.536825,Ejina,41.95,101.06666666666666,940.5
2023-05-13 00:45:57,0.53313,Ejina,41.95,101.06666666666666,940.5
2023-05-13 00:48:56,0.534703,Ejina,41.95,101.06666666666666,940.5
2023-05-13 00:50:53,0.53332,Ejina,41.95,101.06666666666666,940.5
2023-05-13 00:54:56,0.534641,Ejina,41.95,101.06666666666666,940.5
2023-05-13 00:58:00,0.553933,Ejina,41.95,101.06666666666666,940.5
2023-05-13 01:04:00,0.562981,Ejina,41.95,101.06666666666666,940.5
2023-05-13 01:06:58,0.557553,Ejina,41.95,101.06666666666666,940.5
2023-05-13 01:09:59,0.54931,Ejina,41.95,101.06666666666666,940.5
2023-05-13 01:12:57,0.551217,Ejina,41.95,101.06666666666666,940.5
2023-05-13 01:23:41,0.545644,Ejina,41.95,101.06666666666666,940.5
2023-05-13 01:36:57,0.581592,Ejina,41.95,101.06666666666666,940.5
2023-05-13 01:40:00,0.585027,Ejina,41.95,101.06666666666666,940.5
2023-05-13 01:44:11,0.549163,Ejina,41.95,101.06666666666666,940.5
2023-05-13 01:48:57,0.514211,Ejina,41.95,101.06666666666666,940.5
2023-05-13 01:51:57,0.513472,Ejina,41.95,101.06666666666666,940.5
2023-05-13 01:59:09,0.510227,Ejina,41.95,101.06666666666666,940.5
2023-05-13 02:13:06,0.491015,Ejina,41.95,101.06666666666666,940.5
2023-05-13 02:18:58,0.471264,Ejina,41.95,101.06666666666666,940.5
2023-05-13 03:06:57,0.441454,Ejina,41.95,101.06666666666666,940.5
2023-05-13 03:45:58,0.438519,Ejina,41.95,101.06666666666666,940.5
2023-05-13 03:58:01,0.418339,Ejina,41.95,101.06666666666666,940.5
2023-05-13 04:18:58,0.445722,Ejina,41.95,101.06666666666666,940.5
2023-05-13 04:24:58,0.460309,Ejina,41.95,101.06666666666666,940.5
2023-05-13 04:27:58,0.462169,Ejina,41.95,101.06666666666666,940.5
2023-05-13 04:30:56,0.45138,Ejina,41.95,101.06666666666666,940.5
2023-05-13 04:36:58,0.475985,Ejina,41.95,101.06666666666666,940.5
2023-05-13 04:51:58,0.494683,Ejina,41.95,101.06666666666666,940.5
2023-05-13 06:59:40,0.43622,Ejina,41.95,101.06666666666666,940.5
2023-05-13 07:22:00,0.435862,Ejina,41.95,101.06666666666666,940.5
2023-05-13 10:56:41,0.316133,Ejina,41.95,101.06666666666666,940.5
2023-05-13 10:59:31,0.300365,Ejina,41.95,101.06666666666666,940.5
2023-05-13 11:06:56,0.387493,Ejina,41.95,101.06666666666666,940.5
2023-05-13 11:08:48,0.365881,Ejina,41.95,101.06666666666666,940.5
2023-05-13 11:35:09,0.284872,Ejina,41.95,101.06666666666666,940.5
2023-05-13 22:59:53,0.173874,Ejina,41.95,101.06666666666666,940.5
2023-05-13 23:03:31,0.17787,Ejina,41.95,101.06666666666666,940.5
2023-05-13 23:12:55,0.185674,Ejina,41.95,101.06666666666666,940.5
2023-05-13 23:17:57,0.192454,Ejina,41.95,101.06666666666666,940.5
2023-05-13 23:34:50,0.189119,Ejina,41.95,101.06666666666666,940.5
2023-05-13 23:37:04,0.189173,Ejina,41.95,101.06666666666666,940.5
2023-05-13 23:39:56,0.189662,Ejina,41.95,101.06666666666666,940.5
2023-05-13 23:41:53,0.190827,Ejina,41.95,101.06666666666666,940.5
2023-05-14 00:45:57,0.190844,Ejina,41.95,101.06666666666666,940.5
2023-05-14 00:48:59,0.191707,Ejina,41.95,101.06666666666666,940.5
2023-05-14 00:50:59,0.189771,Ejina,41.95,101.06666666666666,940.5
2023-05-14 00:58:06,0.191679,Ejina,41.95,101.06666666666666,940.5
2023-05-14 01:09:56,0.194184,Ejina,41.95,101.06666666666666,940.5
2023-05-14 01:22:13,0.199721,Ejina,41.95,101.06666666666666,940.5
2023-05-14 01:29:38,0.203572,Ejina,41.95,101.06666666666666,940.5
2023-05-14 01:33:58,0.207289,Ejina,41.95,101.06666666666666,940.5
2023-05-14 01:39:57,0.210204,Ejina,41.95,101.06666666666666,940.5
2023-05-14 01:48:57,0.216173,Ejina,41.95,101.06666666666666,940.5
2023-05-14 01:51:56,0.215528,Ejina,41.95,101.06666666666666,940.5
2023-05-14 01:58:00,0.21804,Ejina,41.95,101.06666666666666,940.5
2023-05-14 02:03:57,0.217975,Ejina,41.95,101.06666666666666,940.5
2023-05-14 02:06:57,0.220505,Ejina,41.95,101.06666666666666,940.5
2023-05-14 02:09:58,0.220605,Ejina,41.95,101.06666666666666,940.5
2023-05-14 02:14:51,0.222328,Ejina,41.95,101.06666666666666,940.5
2023-05-14 02:18:57,0.224029,Ejina,41.95,101.06666666666666,940.5
2023-05-14 02:24:57,0.229811,Ejina,41.95,101.06666666666666,940.5
2023-05-14 02:29:09,0.227709,Ejina,41.95,101.06666666666666,940.5
2023-05-14 02:45:57,0.232932,Ejina,41.95,101.06666666666666,940.5
2023-05-14 02:48:59,0.23312,Ejina,41.95,101.06666666666666,940.5
2023-05-14 02:54:58,0.235025,Ejina,41.95,101.06666666666666,940.5
2023-05-14 02:59:12,0.237316,Ejina,41.95,101.06666666666666,940.5
2023-05-14 03:03:57,0.238837,Ejina,41.95,101.06666666666666,940.5
2023-05-14 03:14:13,0.241094,Ejina,41.95,101.06666666666666,940.5
2023-05-14 03:21:58,0.24413,Ejina,41.95,101.06666666666666,940.5
2023-05-14 03:28:44,0.246752,Ejina,41.95,101.06666666666666,940.5
2023-05-14 03:51:57,0.25831,Ejina,41.95,101.06666666666666,940.5
2023-05-14 03:57:57,0.250409,Ejina,41.95,101.06666666666666,940.5
2023-05-14 04:18:57,0.235959,Ejina,41.95,101.06666666666666,940.5
2023-05-14 04:28:42,0.242749,Ejina,41.95,101.06666666666666,940.5
2023-05-14 04:33:58,0.253837,Ejina,41.95,101.06666666666666,940.5
2023-05-14 04:42:57,0.256865,Ejina,41.95,101.06666666666666,940.5
2023-05-14 05:04:00,0.247066,Ejina,41.95,101.06666666666666,940.5
2023-05-14 05:06:58,0.249948,Ejina,41.95,101.06666666666666,940.5
2023-05-14 05:15:57,0.24697,Ejina,41.95,101.06666666666666,940.5
2023-05-14 05:18:57,0.249679,Ejina,41.95,101.06666666666666,940.5
2023-05-14 05:24:57,0.235869,Ejina,41.95,101.06666666666666,940.5
2023-05-14 05:27:57,0.235504,Ejina,41.95,101.06666666666666,940.5
2023-05-14 05:33:56,0.23049,Ejina,41.95,101.06666666666666,940.5
2023-05-14 05:45:55,0.219605,Ejina,41.95,101.06666666666666,940.5
2023-05-14 05:52:08,0.212049,Ejina,41.95,101.06666666666666,940.5
2023-05-14 05:59:09,0.20167,Ejina,41.95,101.06666666666666,940.5
2023-05-14 06:06:57,0.212741,Ejina,41.95,101.06666666666666,940.5
2023-05-14 06:09:57,0.214935,Ejina,41.95,101.06666666666666,940.5
2023-05-14 06:14:09,0.217681,Ejina,41.95,101.06666666666666,940.5
2023-05-14 06:21:58,0.190159,Ejina,41.95,101.06666666666666,940.5
2023-05-14 06:24:57,0.206892,Ejina,41.95,101.06666666666666,940.5
2023-05-14 06:39:58,0.189715,Ejina,41.95,101.06666666666666,940.5
2023-05-14 06:42:56,0.18735,Ejina,41.95,101.06666666666666,940.5
2023-05-14 06:54:56,0.202662,Ejina,41.95,101.06666666666666,940.5
2023-05-14 06:59:48,0.19184,Ejina,41.95,101.06666666666666,940.5
2023-05-14 07:28:01,0.211794,Ejina,41.95,101.06666666666666,940.5
2023-05-14 07:30:57,0.207014,Ejina,41.95,101.06666666666666,940.5
2023-05-14 07:39:56,0.211993,Ejina,41.95,101.06666666666666,940.5
2023-05-14 07:42:57,0.213451,Ejina,41.95,101.06666666666666,940.5
2023-05-14 07:44:48,0.214169,Ejina,41.95,101.06666666666666,940.5
2023-05-14 07:48:56,0.218805,Ejina,41.95,101.06666666666666,940.5
2023-05-14 08:06:56,0.202307,Ejina,41.95,101.06666666666666,940.5
2023-05-14 08:09:57,0.19781,Ejina,41.95,101.06666666666666,940.5
2023-05-14 08:14:07,0.19626,Ejina,41.95,101.06666666666666,940.5
2023-05-14 08:48:57,0.215908,Ejina,41.95,101.06666666666666,940.5
2023-05-14 08:51:56,0.217501,Ejina,41.95,101.06666666666666,940.5
2023-05-14 09:00:53,0.21173,Ejina,41.95,101.06666666666666,940.5
2023-05-14 09:03:48,0.208376,Ejina,41.95,101.06666666666666,940.5
2023-05-14 09:06:55,0.201838,Ejina,41.95,101.06666666666666,940.5
2023-05-14 09:12:55,0.208618,Ejina,41.95,101.06666666666666,940.5
2023-05-14 09:24:56,0.212643,Ejina,41.95,101.06666666666666,940.5
2023-05-14 09:27:56,0.214825,Ejina,41.95,101.06666666666666,940.5
2023-05-14 09:39:56,0.212991,Ejina,41.95,101.06666666666666,940.5
2023-05-14 09:42:55,0.210502,Ejina,41.95,101.06666666666666,940.5
2023-05-14 09:48:56,0.209603,Ejina,41.95,101.06666666666666,940.5
2023-05-14 09:51:56,0.211937,Ejina,41.95,101.06666666666666,940.5
2023-05-14 09:57:55,0.208233,Ejina,41.95,101.06666666666666,940.5
2023-05-14 10:05:58,0.200679,Ejina,41.95,101.06666666666666,940.5
2023-05-14 10:16:05,0.200463,Ejina,41.95,101.06666666666666,940.5
2023-05-14 10:33:07,0.201867,Ejina,41.95,101.06666666666666,940.5
2023-05-14 10:41:08,0.193985,Ejina,41.95,101.06666666666666,940.5
2023-05-14 10:54:57,0.187929,Ejina,41.95,101.06666666666666,940.5
2023-05-14 11:00:26,0.187089,Ejina,41.95,101.06666666666666,940.5
2023-05-14 11:09:24,0.180644,Ejina,41.95,101.06666666666666,940.5
2023-05-14 11:15:55,0.17297,Ejina,41.95,101.06666666666666,940.5
2023-05-14 11:17:49,0.174222,Ejina,41.95,101.06666666666666,940.5
2023-05-14 11:24:57,0.163355,Ejina,41.95,101.06666666666666,940.5
2023-05-14 11:27:28,0.161189,Ejina,41.95,101.06666666666666,940.5
2023-05-14 11:31:37,0.14971,Ejina,41.95,101.06666666666666,940.5
2023-05-14 11:33:55,0.146506,Ejina,41.95,101.06666666666666,940.5
2023-05-14 11:35:47,0.144788,Ejina,41.95,101.06666666666666,940.5
2023-05-14 23:00:53,0.18506,Ejina,41.95,101.06666666666666,940.5
2023-05-14 23:08:33,0.183823,Ejina,41.95,101.06666666666666,940.5
2023-05-14 23:12:56,0.186233,Ejina,41.95,101.06666666666666,940.5
2023-05-14 23:15:45,0.1877,Ejina,41.95,101.06666666666666,940.5
2023-05-14 23:29:16,0.190277,Ejina,41.95,101.06666666666666,940.5
2023-05-14 23:33:53,0.193098,Ejina,41.95,101.06666666666666,940.5
2023-05-14 23:39:17,0.194402,Ejina,41.95,101.06666666666666,940.5
2023-05-14 23:42:56,0.198359,Ejina,41.95,101.06666666666666,940.5
2023-05-15 00:00:04,0.201604,Ejina,41.95,101.06666666666666,940.5
2023-05-15 00:05:17,0.205758,Ejina,41.95,101.06666666666666,940.5
2023-05-15 00:12:58,0.21046,Ejina,41.95,101.06666666666666,940.5
2023-05-15 01:18:57,0.235848,Ejina,41.95,101.06666666666666,940.5
2023-05-15 01:33:58,0.235251,Ejina,41.95,101.06666666666666,940.5
2023-05-15 01:36:57,0.236923,Ejina,41.95,101.06666666666666,940.5
2023-05-15 01:45:58,0.236293,Ejina,41.95,101.06666666666666,940.5
2023-05-15 01:48:57,0.238341,Ejina,41.95,101.06666666666666,940.5
2023-05-15 01:57:58,0.238942,Ejina,41.95,101.06666666666666,940.5
2023-05-15 01:59:52,0.23946,Ejina,41.95,101.06666666666666,940.5
2023-05-15 02:09:57,0.241817,Ejina,41.95,101.06666666666666,940.5
2023-05-15 02:12:57,0.243854,Ejina,41.95,101.06666666666666,940.5
2023-05-15 02:14:51,0.241025,Ejina,41.95,101.06666666666666,940.5
2023-05-15 02:18:57,0.244068,Ejina,41.95,101.06666666666666,940.5
2023-05-15 02:28:03,0.24294,Ejina,41.95,101.06666666666666,940.5
2023-05-15 02:54:57,0.247226,Ejina,41.95,101.06666666666666,940.5
2023-05-15 02:57:57,0.244868,Ejina,41.95,101.06666666666666,940.5
2023-05-15 02:59:50,0.244314,Ejina,41.95,101.06666666666666,940.5
2023-05-15 03:03:56,0.244802,Ejina,41.95,101.06666666666666,940.5
2023-05-15 03:12:58,0.244403,Ejina,41.95,101.06666666666666,940.5
2023-05-15 03:18:59,0.24474,Ejina,41.95,101.06666666666666,940.5
2023-05-15 03:30:57,0.250215,Ejina,41.95,101.06666666666666,940.5
2023-05-15 03:55:00,0.244228,Ejina,41.95,101.06666666666666,940.5
2023-05-15 04:18:58,0.242896,Ejina,41.95,101.06666666666666,940.5
2023-05-15 04:27:58,0.244926,Ejina,41.95,101.06666666666666,940.5
2023-05-15 04:30:59,0.241641,Ejina,41.95,101.06666666666666,940.5
2023-05-15 04:33:59,0.242288,Ejina,41.95,101.06666666666666,940.5
2023-05-15 04:39:57,0.248178,Ejina,41.95,101.06666666666666,940.5
2023-05-15 04:42:58,0.246239,Ejina,41.95,101.06666666666666,940.5
2023-05-15 04:51:57,0.24195,Ejina,41.95,101.06666666666666,940.5
2023-05-15 04:57:57,0.242596,Ejina,41.95,101.06666666666666,940.5
2023-05-15 05:12:58,0.248904,Ejina,41.95,101.06666666666666,940.5
2023-05-15 05:18:58,0.256988,Ejina,41.95,101.06666666666666,940.5
2023-05-15 05:24:57,0.238653,Ejina,41.95,101.06666666666666,940.5
2023-05-15 05:29:40,0.24663,Ejina,41.95,101.06666666666666,940.5
2023-05-15 05:42:57,0.265541,Ejina,41.95,101.06666666666666,940.5
2023-05-15 05:44:48,0.261387,Ejina,41.95,101.06666666666666,940.5
2023-05-15 05:48:57,0.267354,Ejina,41.95,101.06666666666666,940.5
2023-05-15 06:31:00,0.28341,Ejina,41.95,101.06666666666666,940.5
2023-05-15 06:36:56,0.278942,Ejina,41.95,101.06666666666666,940.5
2023-05-15 06:42:56,0.261108,Ejina,41.95,101.06666666666666,940.5
2023-05-15 07:29:49,0.26174,Ejina,41.95,101.06666666666666,940.5
2023-05-15 07:42:56,0.254424,Ejina,41.95,101.06666666666666,940.5
2023-05-15 07:45:56,0.257755,Ejina,41.95,101.06666666666666,940.5
2023-05-15 07:51:56,0.261827,Ejina,41.95,101.06666666666666,940.5
2023-05-15 07:54:56,0.266693,Ejina,41.95,101.06666666666666,940.5
2023-05-15 08:06:57,0.275035,Ejina,41.95,101.06666666666666,940.5
2023-05-15 08:21:57,0.295362,Ejina,41.95,101.06666666666666,940.5
2023-05-15 08:42:58,0.303706,Ejina,41.95,101.06666666666666,940.5
2023-05-15 23:03:57,0.144998,Ejina,41.95,101.06666666666666,940.5
2023-05-15 23:06:56,0.143991,Ejina,41.95,101.06666666666666,940.5
2023-05-15 23:30:57,0.18459,Ejina,41.95,101.06666666666666,940.5
2023-05-15 23:42:56,0.21366,Ejina,41.95,101.06666666666666,940.5
2023-05-15 23:58:02,0.223893,Ejina,41.95,101.06666666666666,940.5
2023-05-16 00:03:57,0.230191,Ejina,41.95,101.06666666666666,940.5
2023-05-16 08:42:56,0.157193,Ejina,41.95,101.06666666666666,940.5
2023-05-16 09:05:29,0.155428,Ejina,41.95,101.06666666666666,940.5
2023-05-16 09:30:57,0.146726,Ejina,41.95,101.06666666666666,940.5
2023-05-16 09:57:56,0.141414,Ejina,41.95,101.06666666666666,940.5
2023-05-16 10:06:56,0.135539,Ejina,41.95,101.06666666666666,940.5
2023-05-16 10:09:55,0.135723,Ejina,41.95,101.06666666666666,940.5
2023-05-16 10:45:55,0.126178,Ejina,41.95,101.06666666666666,940.5
2023-05-16 10:47:53,0.131259,Ejina,41.95,101.06666666666666,940.5
2023-05-16 10:51:55,0.134622,Ejina,41.95,101.06666666666666,940.5
2023-05-16 10:53:49,0.138439,Ejina,41.95,101.06666666666666,940.5
2023-05-16 11:02:09,0.143251,Ejina,41.95,101.06666666666666,940.5
2023-05-16 11:06:57,0.133228,Ejina,41.95,101.06666666666666,940.5
2023-05-16 11:21:58,0.109175,Ejina,41.95,101.06666666666666,940.5
2023-05-16 11:29:57,0.099638,Ejina,41.95,101.06666666666666,940.5
2023-05-16 11:37:01,0.100776,Ejina,41.95,101.06666666666666,940.5
2023-05-16 11:38:58,0.099788,Ejina,41.95,101.06666666666666,940.5
2023-05-16 23:00:55,0.221329,Ejina,41.95,101.06666666666666,940.5
2023-05-16 23:14:09,0.224226,Ejina,41.95,101.06666666666666,940.5
2023-05-16 23:32:16,0.218797,Ejina,41.95,101.06666666666666,940.5
2023-05-16 23:43:47,0.22635,Ejina,41.95,101.06666666666666,940.5
2023-05-17 00:07:38,0.218501,Ejina,41.95,101.06666666666666,940.5
2023-05-17 00:45:58,0.215964,Ejina,41.95,101.06666666666666,940.5
2023-05-17 01:01:06,0.215674,Ejina,41.95,101.06666666666666,940.5
2023-05-17 01:28:07,0.220693,Ejina,41.95,101.06666666666666,940.5
2023-05-17 01:30:58,0.224594,Ejina,41.95,101.06666666666666,940.5
2023-05-17 01:33:57,0.227485,Ejina,41.95,101.06666666666666,940.5
2023-05-17 01:43:08,0.220287,Ejina,41.95,101.06666666666666,940.5
2023-05-17 01:45:57,0.223982,Ejina,41.95,101.06666666666666,940.5
2023-05-17 01:51:57,0.222373,Ejina,41.95,101.06666666666666,940.5
2023-05-17 02:12:57,0.225135,Ejina,41.95,101.06666666666666,940.5
2023-05-17 02:14:51,0.224874,Ejina,41.95,101.06666666666666,940.5
2023-05-17 02:18:57,0.234736,Ejina,41.95,101.06666666666666,940.5
2023-05-17 02:21:57,0.229208,Ejina,41.95,101.06666666666666,940.5
2023-05-17 02:24:57,0.236714,Ejina,41.95,101.06666666666666,940.5
2023-05-17 02:39:58,0.254977,Ejina,41.95,101.06666666666666,940.5
2023-05-17 02:42:58,0.242735,Ejina,41.95,101.06666666666666,940.5
2023-05-17 02:45:58,0.248462,Ejina,41.95,101.06666666666666,940.5
2023-05-17 02:48:57,0.246681,Ejina,41.95,101.06666666666666,940.5
2023-05-17 02:59:57,0.248285,Ejina,41.95,101.06666666666666,940.5
2023-05-17 03:18:58,0.238316,Ejina,41.95,101.06666666666666,940.5
2023-05-17 03:55:00,0.237259,Ejina,41.95,101.06666666666666,940.5
2023-05-17 03:58:45,0.252032,Ejina,41.95,101.06666666666666,940.5
2023-05-17 04:03:58,0.246908,Ejina,41.95,101.06666666666666,940.5
2023-05-17 04:12:58,0.227468,Ejina,41.95,101.06666666666666,940.5
2023-05-17 04:15:58,0.231907,Ejina,41.95,101.06666666666666,940.5
2023-05-17 04:18:57,0.224787,Ejina,41.95,101.06666666666666,940.5
2023-05-17 04:28:05,0.216017,Ejina,41.95,101.06666666666666,940.5
2023-05-17 04:42:57,0.213138,Ejina,41.95,101.06666666666666,940.5
2023-05-17 04:57:57,0.201211,Ejina,41.95,101.06666666666666,940.5
2023-05-17 04:59:49,0.202521,Ejina,41.95,101.06666666666666,940.5
2023-05-17 05:13:06,0.208397,Ejina,41.95,101.06666666666666,940.5
2023-05-17 05:24:57,0.199338,Ejina,41.95,101.06666666666666,940.5
2023-05-17 05:27:57,0.198859,Ejina,41.95,101.06666666666666,940.5
2023-05-17 05:30:57,0.200012,Ejina,41.95,101.06666666666666,940.5
2023-05-17 05:42:57,0.199549,Ejina,41.95,101.06666666666666,940.5
2023-05-17 05:44:53,0.198527,Ejina,41.95,101.06666666666666,940.5
2023-05-17 05:51:57,0.199012,Ejina,41.95,101.06666666666666,940.5
2023-05-17 06:18:57,0.205815,Ejina,41.95,101.06666666666666,940.5
2023-05-17 06:21:58,0.204153,Ejina,41.95,101.06666666666666,940.5
2023-05-17 06:27:58,0.200548,Ejina,41.95,101.06666666666666,940.5
2023-05-17 06:29:49,0.206342,Ejina,41.95,101.06666666666666,940.5
2023-05-17 06:39:58,0.215546,Ejina,41.95,101.06666666666666,940.5
2023-05-17 06:42:57,0.215648,Ejina,41.95,101.06666666666666,940.5
2023-05-17 06:44:47,0.212967,Ejina,41.95,101.06666666666666,940.5
2023-05-17 06:54:56,0.214593,Ejina,41.95,101.06666666666666,940.5
2023-05-17 07:00:55,0.218393,Ejina,41.95,101.06666666666666,940.5
2023-05-17 07:24:56,0.217731,Ejina,41.95,101.06666666666666,940.5
2023-05-17 07:27:57,0.214051,Ejina,41.95,101.06666666666666,940.5
2023-05-17 07:30:58,0.210335,Ejina,41.95,101.06666666666666,940.5
2023-05-17 07:33:57,0.208388,Ejina,41.95,101.06666666666666,940.5
2023-05-17 07:36:56,0.204896,Ejina,41.95,101.06666666666666,940.5
2023-05-17 07:42:57,0.206579,Ejina,41.95,101.06666666666666,940.5
2023-05-17 07:48:56,0.215156,Ejina,41.95,101.06666666666666,940.5
2023-05-17 07:51:56,0.205394,Ejina,41.95,101.06666666666666,940.5
2023-05-17 07:54:56,0.20523,Ejina,41.95,101.06666666666666,940.5
2023-05-17 07:57:56,0.203342,Ejina,41.95,101.06666666666666,940.5
2023-05-17 08:10:01,0.19772,Ejina,41.95,101.06666666666666,940.5
2023-05-17 08:21:56,0.190401,Ejina,41.95,101.06666666666666,940.5
2023-05-17 08:27:59,0.186568,Ejina,41.95,101.06666666666666,940.5
2023-05-17 08:29:48,0.183738,Ejina,41.95,101.06666666666666,940.5
2023-05-17 08:39:56,0.169684,Ejina,41.95,101.06666666666666,940.5
2023-05-17 08:42:56,0.1676,Ejina,41.95,101.06666666666666,940.5
2023-05-17 08:44:49,0.167183,Ejina,41.95,101.06666666666666,940.5
2023-05-17 08:51:56,0.164227,Ejina,41.95,101.06666666666666,940.5
2023-05-17 08:54:57,0.163354,Ejina,41.95,101.06666666666666,940.5
2023-05-17 09:21:56,0.155185,Ejina,41.95,101.06666666666666,940.5
2023-05-17 09:30:57,0.151428,Ejina,41.95,101.06666666666666,940.5
2023-05-17 09:54:45,0.1508,Ejina,41.95,101.06666666666666,940.5
2023-05-17 09:57:56,0.150659,Ejina,41.95,101.06666666666666,940.5
2023-05-17 10:15:56,0.144146,Ejina,41.95,101.06666666666666,940.5
2023-05-17 10:25:04,0.139618,Ejina,41.95,101.06666666666666,940.5
2023-05-17 10:27:51,0.139058,Ejina,41.95,101.06666666666666,940.5
2023-05-17 10:35:38,0.138824,Ejina,41.95,101.06666666666666,940.5
2023-05-17 10:48:32,0.132387,Ejina,41.95,101.06666666666666,940.5
2023-05-17 10:53:54,0.134654,Ejina,41.95,101.06666666666666,940.5
2023-05-17 10:57:56,0.133047,Ejina,41.95,101.06666666666666,940.5
2023-05-17 10:59:52,0.131723,Ejina,41.95,101.06666666666666,940.5
2023-05-17 11:02:58,0.129198,Ejina,41.95,101.06666666666666,940.5
2023-05-17 11:12:02,0.123558,Ejina,41.95,101.06666666666666,940.5
2023-05-17 11:18:55,0.124225,Ejina,41.95,101.06666666666666,940.5
2023-05-17 11:25:57,0.121745,Ejina,41.95,101.06666666666666,940.5
2023-05-17 11:27:56,0.120643,Ejina,41.95,101.06666666666666,940.5
2023-05-17 11:30:10,0.119393,Ejina,41.95,101.06666666666666,940.5
2023-05-17 11:34:43,0.116221,Ejina,41.95,101.06666666666666,940.5
2023-05-17 11:38:08,0.114949,Ejina,41.95,101.06666666666666,940.5
2023-05-18 02:03:57,0.183657,Ejina,41.95,101.06666666666666,940.5
2023-05-18 02:59:41,0.178945,Ejina,41.95,101.06666666666666,940.5
2023-05-18 03:03:57,0.183438,Ejina,41.95,101.06666666666666,940.5
2023-05-18 03:15:58,0.188449,Ejina,41.95,101.06666666666666,940.5
2023-05-18 03:21:57,0.198728,Ejina,41.95,101.06666666666666,940.5
2023-05-18 03:43:08,0.199606,Ejina,41.95,101.06666666666666,940.5
2023-05-18 03:51:58,0.196816,Ejina,41.95,101.06666666666666,940.5
2023-05-18 03:58:00,0.18933,Ejina,41.95,101.06666666666666,940.5
2023-05-18 04:03:58,0.191034,Ejina,41.95,101.06666666666666,940.5
2023-05-18 04:06:57,0.195157,Ejina,41.95,101.06666666666666,940.5
2023-05-18 04:24:58,0.193412,Ejina,41.95,101.06666666666666,940.5
2023-05-18 04:30:58,0.201566,Ejina,41.95,101.06666666666666,940.5
2023-05-18 04:39:58,0.211299,Ejina,41.95,101.06666666666666,940.5
2023-05-18 04:48:57,0.208419,Ejina,41.95,101.06666666666666,940.5
2023-05-18 04:52:04,0.204473,Ejina,41.95,101.06666666666666,940.5
2023-05-18 04:54:57,0.195046,Ejina,41.95,101.06666666666666,940.5
2023-05-18 05:10:11,0.211909,Ejina,41.95,101.06666666666666,940.5
2023-05-18 06:06:58,0.30165,Ejina,41.95,101.06666666666666,940.5
2023-05-18 06:12:57,0.231764,Ejina,41.95,101.06666666666666,940.5
2023-05-18 06:42:57,0.308414,Ejina,41.95,101.06666666666666,940.5
2023-05-18 06:44:50,0.299382,Ejina,41.95,101.06666666666666,940.5
2023-05-18 09:30:57,0.244063,Ejina,41.95,101.06666666666666,940.5
2023-05-18 10:06:56,0.186982,Ejina,41.95,101.06666666666666,940.5
2023-05-18 10:18:56,0.167235,Ejina,41.95,101.06666666666666,940.5
2023-05-18 10:20:48,0.164126,Ejina,41.95,101.06666666666666,940.5
2023-05-18 10:24:56,0.171821,Ejina,41.95,101.06666666666666,940.5
2023-05-18 10:30:56,0.163664,Ejina,41.95,101.06666666666666,940.5
2023-05-18 10:33:55,0.159736,Ejina,41.95,101.06666666666666,940.5
2023-05-18 10:45:56,0.169846,Ejina,41.95,101.06666666666666,940.5
2023-05-18 10:51:55,0.225007,Ejina,41.95,101.06666666666666,940.5
2023-05-18 10:54:42,0.244069,Ejina,41.95,101.06666666666666,940.5
2023-05-18 11:09:57,0.254,Ejina,41.95,101.06666666666666,940.5
2023-05-18 11:18:59,0.275438,Ejina,41.95,101.06666666666666,940.5
2023-05-18 11:20:47,0.280911,Ejina,41.95,101.06666666666666,940.5
2023-05-18 11:38:51,0.278854,Ejina,41.95,101.06666666666666,940.5
2023-05-18 23:06:56,0.384504,Ejina,41.95,101.06666666666666,940.5
2023-05-18 23:24:56,0.333377,Ejina,41.95,101.06666666666666,940.5
2023-05-18 23:27:57,0.325048,Ejina,41.95,101.06666666666666,940.5
2023-05-18 23:33:57,0.326053,Ejina,41.95,101.06666666666666,940.5
2023-05-18 23:45:58,0.320331,Ejina,41.95,101.06666666666666,940.5
2023-05-18 23:48:58,0.322456,Ejina,41.95,101.06666666666666,940.5
2023-05-18 23:50:54,0.320788,Ejina,41.95,101.06666666666666,940.5
2023-05-18 23:54:54,0.323537,Ejina,41.95,101.06666666666666,940.5
2023-05-19 00:00:57,0.327049,Ejina,41.95,101.06666666666666,940.5
2023-05-19 00:55:01,0.337069,Ejina,41.95,101.06666666666666,940.5
2023-05-19 01:00:57,0.355932,Ejina,41.95,101.06666666666666,940.5
2023-05-19 01:21:56,0.366397,Ejina,41.95,101.06666666666666,940.5
2023-05-19 01:24:57,0.352463,Ejina,41.95,101.06666666666666,940.5
2023-05-19 01:27:56,0.337536,Ejina,41.95,101.06666666666666,940.5
2023-05-19 01:48:57,0.347372,Ejina,41.95,101.06666666666666,940.5
2023-05-19 01:58:02,0.34972,Ejina,41.95,101.06666666666666,940.5
2023-05-19 02:10:01,0.344874,Ejina,41.95,101.06666666666666,940.5
2023-05-19 02:13:02,0.34128,Ejina,41.95,101.06666666666666,940.5
2023-05-19 02:14:51,0.336942,Ejina,41.95,101.06666666666666,940.5
2023-05-19 02:28:04,0.33927,Ejina,41.95,101.06666666666666,940.5
2023-05-19 02:29:51,0.33186,Ejina,41.95,101.06666666666666,940.5
2023-05-19 02:39:58,0.342834,Ejina,41.95,101.06666666666666,940.5
2023-05-19 02:48:58,0.340413,Ejina,41.95,101.06666666666666,940.5
2023-05-19 03:28:09,0.289724,Ejina,41.95,101.06666666666666,940.5
2023-05-19 03:57:58,0.264881,Ejina,41.95,101.06666666666666,940.5
2023-05-19 04:13:13,0.255934,Ejina,41.95,101.06666666666666,940.5
2023-05-19 04:58:11,0.260362,Ejina,41.95,101.06666666666666,940.5
2023-05-19 05:46:06,0.270932,Ejina,41.95,101.06666666666666,940.5
2023-05-19 05:51:57,0.269401,Ejina,41.95,101.06666666666666,940.5
2023-05-19 05:54:57,0.271221,Ejina,41.95,101.06666666666666,940.5
2023-05-19 05:59:55,0.268142,Ejina,41.95,101.06666666666666,940.5
2023-05-19 06:07:15,0.268517,Ejina,41.95,101.06666666666666,940.5
2023-05-19 06:10:07,0.269362,Ejina,41.95,101.06666666666666,940.5
2023-05-19 06:27:57,0.266279,Ejina,41.95,101.06666666666666,940.5
2023-05-19 06:29:50,0.267663,Ejina,41.95,101.06666666666666,940.5
2023-05-19 06:33:57,0.270957,Ejina,41.95,101.06666666666666,940.5
2023-05-19 06:36:58,0.264241,Ejina,41.95,101.06666666666666,940.5
2023-05-19 06:40:00,0.262712,Ejina,41.95,101.06666666666666,940.5
2023-05-19 06:42:57,0.263791,Ejina,41.95,101.06666666666666,940.5
2023-05-19 06:44:50,0.259215,Ejina,41.95,101.06666666666666,940.5
2023-05-19 07:12:57,0.241982,Ejina,41.95,101.06666666666666,940.5
2023-05-19 07:27:56,0.244476,Ejina,41.95,101.06666666666666,940.5
2023-05-19 07:29:49,0.24573,Ejina,41.95,101.06666666666666,940.5
2023-05-19 07:33:57,0.237883,Ejina,41.95,101.06666666666666,940.5
2023-05-19 07:48:57,0.239459,Ejina,41.95,101.06666666666666,940.5
2023-05-19 07:51:57,0.2393,Ejina,41.95,101.06666666666666,940.5
2023-05-19 07:54:57,0.237887,Ejina,41.95,101.06666666666666,940.5
2023-05-19 07:57:56,0.237828,Ejina,41.95,101.06666666666666,940.5
2023-05-19 07:59:50,0.23736,Ejina,41.95,101.06666666666666,940.5
2023-05-19 08:15:57,0.227385,Ejina,41.95,101.06666666666666,940.5
2023-05-19 08:18:58,0.229116,Ejina,41.95,101.06666666666666,940.5
2023-05-19 08:30:57,0.228325,Ejina,41.95,101.06666666666666,940.5
2023-05-19 08:36:56,0.223541,Ejina,41.95,101.06666666666666,940.5
2023-05-19 08:40:00,0.222821,Ejina,41.95,101.06666666666666,940.5
2023-05-19 08:45:56,0.218603,Ejina,41.95,101.06666666666666,940.5
2023-05-19 08:54:56,0.211179,Ejina,41.95,101.06666666666666,940.5
2023-05-19 09:06:56,0.207389,Ejina,41.95,101.06666666666666,940.5
2023-05-19 09:15:56,0.201265,Ejina,41.95,101.06666666666666,940.5
2023-05-19 09:33:55,0.19718,Ejina,41.95,101.06666666666666,940.5
2023-05-19 09:39:55,0.20103,Ejina,41.95,101.06666666666666,940.5
2023-05-19 09:45:55,0.208606,Ejina,41.95,101.06666666666666,940.5
2023-05-19 10:03:54,0.198038,Ejina,41.95,101.06666666666666,940.5
2023-05-19 10:06:57,0.193643,Ejina,41.95,101.06666666666666,940.5
2023-05-19 10:18:55,0.187471,Ejina,41.95,101.06666666666666,940.5
2023-05-19 10:29:21,0.188773,Ejina,41.95,101.06666666666666,940.5
2023-05-19 10:33:56,0.19117,Ejina,41.95,101.06666666666666,940.5
2023-05-19 10:38:06,0.193731,Ejina,41.95,101.06666666666666,940.5
2023-05-19 10:43:02,0.193213,Ejina,41.95,101.06666666666666,940.5
2023-05-19 10:44:48,0.193984,Ejina,41.95,101.06666666666666,940.5
2023-05-19 10:50:09,0.195392,Ejina,41.95,101.06666666666666,940.5
2023-05-19 10:54:58,0.192539,Ejina,41.95,101.06666666666666,940.5
2023-05-19 10:56:47,0.194434,Ejina,41.95,101.06666666666666,940.5
2023-05-19 11:00:25,0.189817,Ejina,41.95,101.06666666666666,940.5
2023-05-19 11:03:55,0.187686,Ejina,41.95,101.06666666666666,940.5
2023-05-19 11:12:55,0.182031,Ejina,41.95,101.06666666666666,940.5
2023-05-19 11:14:47,0.191725,Ejina,41.95,101.06666666666666,940.5
2023-05-19 11:27:55,0.190553,Ejina,41.95,101.06666666666666,940.5
2023-05-19 11:31:00,0.190051,Ejina,41.95,101.06666666666666,940.5
2023-05-19 11:32:48,0.191716,Ejina,41.95,101.06666666666666,940.5
2023-05-19 11:39:45,0.233674,Ejina,41.95,101.06666666666666,940.5
2023-05-20 01:39:56,1.627547,Ejina,41.95,101.06666666666666,940.5
2023-05-20 01:42:57,1.640582,Ejina,41.95,101.06666666666666,940.5
2023-05-20 02:00:57,1.966189,Ejina,41.95,101.06666666666666,940.5
2023-05-20 03:59:49,1.668128,Ejina,41.95,101.06666666666666,940.5
2023-05-20 06:36:56,1.852107,Ejina,41.95,101.06666666666666,940.5
2023-05-20 07:14:11,1.999355,Ejina,41.95,101.06666666666666,940.5
2023-05-20 09:45:56,0.827108,Ejina,41.95,101.06666666666666,940.5
2023-05-20 10:00:56,0.818289,Ejina,41.95,101.06666666666666,940.5
2023-05-20 10:12:56,0.75209,Ejina,41.95,101.06666666666666,940.5
2023-05-20 10:57:55,0.985763,Ejina,41.95,101.06666666666666,940.5
2023-05-20 11:00:55,0.955614,Ejina,41.95,101.06666666666666,940.5
2023-05-20 11:06:56,0.8584,Ejina,41.95,101.06666666666666,940.5
2023-05-20 11:09:55,0.894128,Ejina,41.95,101.06666666666666,940.5
2023-05-20 23:01:01,0.228775,Ejina,41.95,101.06666666666666,940.5
2023-05-20 23:06:56,0.237303,Ejina,41.95,101.06666666666666,940.5
2023-05-20 23:11:09,0.25152,Ejina,41.95,101.06666666666666,940.5
2023-05-20 23:15:56,0.262451,Ejina,41.95,101.06666666666666,940.5
2023-05-20 23:27:55,0.283264,Ejina,41.95,101.06666666666666,940.5
2023-05-20 23:36:57,0.269845,Ejina,41.95,101.06666666666666,940.5
2023-05-20 23:40:00,0.265693,Ejina,41.95,101.06666666666666,940.5
2023-05-20 23:45:56,0.264602,Ejina,41.95,101.06666666666666,940.5
2023-05-20 23:47:57,0.266668,Ejina,41.95,101.06666666666666,940.5
2023-05-20 23:51:56,0.265901,Ejina,41.95,101.06666666666666,940.5
2023-05-20 23:54:56,0.267239,Ejina,41.95,101.06666666666666,940.5
2023-05-21 00:03:57,0.268588,Ejina,41.95,101.06666666666666,940.5
2023-05-21 01:00:57,0.274829,Ejina,41.95,101.06666666666666,940.5
2023-05-21 01:03:59,0.275608,Ejina,41.95,101.06666666666666,940.5
2023-05-21 01:10:03,0.279314,Ejina,41.95,101.06666666666666,940.5
2023-05-21 01:17:54,0.287103,Ejina,41.95,101.06666666666666,940.5
2023-05-21 01:44:11,0.271053,Ejina,41.95,101.06666666666666,940.5
2023-05-21 02:00:55,0.281281,Ejina,41.95,101.06666666666666,940.5
2023-05-21 02:09:57,0.284306,Ejina,41.95,101.06666666666666,940.5
2023-05-21 02:39:58,0.287264,Ejina,41.95,101.06666666666666,940.5
2023-05-21 02:43:43,0.291179,Ejina,41.95,101.06666666666666,940.5
2023-05-21 02:51:58,0.278339,Ejina,41.95,101.06666666666666,940.5
2023-05-21 02:54:58,0.295227,Ejina,41.95,101.06666666666666,940.5
2023-05-21 02:57:58,0.280542,Ejina,41.95,101.06666666666666,940.5
2023-05-21 02:59:54,0.282527,Ejina,41.95,101.06666666666666,940.5
2023-05-21 03:13:18,0.306112,Ejina,41.95,101.06666666666666,940.5
2023-05-21 03:27:57,0.312093,Ejina,41.95,101.06666666666666,940.5
2023-05-21 03:30:58,0.300026,Ejina,41.95,101.06666666666666,940.5
2023-05-21 03:39:59,0.261626,Ejina,41.95,101.06666666666666,940.5
2023-05-21 03:54:58,0.27319,Ejina,41.95,101.06666666666666,940.5
2023-05-21 04:09:59,0.256704,Ejina,41.95,101.06666666666666,940.5
2023-05-21 04:27:58,0.263784,Ejina,41.95,101.06666666666666,940.5
2023-05-21 04:33:59,0.259404,Ejina,41.95,101.06666666666666,940.5
2023-05-21 04:36:58,0.286821,Ejina,41.95,101.06666666666666,940.5
2023-05-21 04:43:42,0.304881,Ejina,41.95,101.06666666666666,940.5
2023-05-21 04:51:57,0.267487,Ejina,41.95,101.06666666666666,940.5
2023-05-21 04:54:57,0.298959,Ejina,41.95,101.06666666666666,940.5
2023-05-21 05:00:56,0.274831,Ejina,41.95,101.06666666666666,940.5
2023-05-21 05:03:58,0.261018,Ejina,41.95,101.06666666666666,940.5
2023-05-21 05:09:58,0.288336,Ejina,41.95,101.06666666666666,940.5
2023-05-21 05:12:56,0.267005,Ejina,41.95,101.06666666666666,940.5
2023-05-21 05:44:32,0.261455,Ejina,41.95,101.06666666666666,940.5
2023-05-21 05:48:57,0.246477,Ejina,41.95,101.06666666666666,940.5
2023-05-21 05:51:59,0.250971,Ejina,41.95,101.06666666666666,940.5
2023-05-21 05:57:57,0.268742,Ejina,41.95,101.06666666666666,940.5
2023-05-21 06:12:57,0.268237,Ejina,41.95,101.06666666666666,940.5
2023-05-21 06:14:54,0.266936,Ejina,41.95,101.06666666666666,940.5
2023-05-21 06:25:02,0.267857,Ejina,41.95,101.06666666666666,940.5
2023-05-21 06:27:57,0.287021,Ejina,41.95,101.06666666666666,940.5
2023-05-21 06:30:55,0.303136,Ejina,41.95,101.06666666666666,940.5
2023-05-21 06:42:57,0.306163,Ejina,41.95,101.06666666666666,940.5
2023-05-21 06:44:49,0.30007,Ejina,41.95,101.06666666666666,940.5
2023-05-21 07:12:57,0.327352,Ejina,41.95,101.06666666666666,940.5
2023-05-21 07:14:52,0.335673,Ejina,41.95,101.06666666666666,940.5
2023-05-21 07:30:56,0.327154,Ejina,41.95,101.06666666666666,940.5
2023-05-21 07:33:56,0.322561,Ejina,41.95,101.06666666666666,940.5
2023-05-21 07:36:57,0.295958,Ejina,41.95,101.06666666666666,940.5
2023-05-21 07:44:10,0.31818,Ejina,41.95,101.06666666666666,940.5
2023-05-21 07:48:57,0.307683,Ejina,41.95,101.06666666666666,940.5
2023-05-21 07:51:56,0.319311,Ejina,41.95,101.06666666666666,940.5
2023-05-21 07:54:57,0.327349,Ejina,41.95,101.06666666666666,940.5
2023-05-21 07:57:57,0.305823,Ejina,41.95,101.06666666666666,940.5
2023-05-21 08:00:57,0.291952,Ejina,41.95,101.06666666666666,940.5
2023-05-21 08:18:56,0.321358,Ejina,41.95,101.06666666666666,940.5
2023-05-21 08:39:57,0.332651,Ejina,41.95,101.06666666666666,940.5
2023-05-21 08:43:00,0.342481,Ejina,41.95,101.06666666666666,940.5
2023-05-21 08:51:56,0.354243,Ejina,41.95,101.06666666666666,940.5
2023-05-21 08:57:58,0.316766,Ejina,41.95,101.06666666666666,940.5
2023-05-21 09:06:56,0.320189,Ejina,41.95,101.06666666666666,940.5
2023-05-21 09:15:56,0.310804,Ejina,41.95,101.06666666666666,940.5
2023-05-21 09:21:55,0.301075,Ejina,41.95,101.06666666666666,940.5
2023-05-21 09:37:02,0.303185,Ejina,41.95,101.06666666666666,940.5
2023-05-21 09:41:56,0.289582,Ejina,41.95,101.06666666666666,940.5
2023-05-21 09:48:56,0.275184,Ejina,41.95,101.06666666666666,940.5
2023-05-21 09:51:56,0.28228,Ejina,41.95,101.06666666666666,940.5
2023-05-21 09:54:58,0.287423,Ejina,41.95,101.06666666666666,940.5
2023-05-21 09:57:50,0.288705,Ejina,41.95,101.06666666666666,940.5
2023-05-21 10:12:56,0.297227,Ejina,41.95,101.06666666666666,940.5
2023-05-21 10:16:01,0.289372,Ejina,41.95,101.06666666666666,940.5
2023-05-21 10:21:42,0.288896,Ejina,41.95,101.06666666666666,940.5
2023-05-21 10:33:57,0.281585,Ejina,41.95,101.06666666666666,940.5
2023-05-21 10:37:02,0.265995,Ejina,41.95,101.06666666666666,940.5
2023-05-21 10:39:55,0.271351,Ejina,41.95,101.06666666666666,940.5
2023-05-21 10:45:43,0.258742,Ejina,41.95,101.06666666666666,940.5
2023-05-21 10:48:56,0.250355,Ejina,41.95,101.06666666666666,940.5
2023-05-21 10:57:12,0.251082,Ejina,41.95,101.06666666666666,940.5
2023-05-21 11:04:02,0.250864,Ejina,41.95,101.06666666666666,940.5
2023-05-21 11:12:56,0.244025,Ejina,41.95,101.06666666666666,940.5
2023-05-21 11:21:55,0.242798,Ejina,41.95,101.06666666666666,940.5
2023-05-21 11:29:39,0.241718,Ejina,41.95,101.06666666666666,940.5
2023-05-21 11:33:38,0.240733,Ejina,41.95,101.06666666666666,940.5
2023-05-21 11:36:55,0.240446,Ejina,41.95,101.06666666666666,940.5
2023-05-21 11:38:50,0.237651,Ejina,41.95,101.06666666666666,940.5
2023-05-21 11:41:29,0.234848,Ejina,41.95,101.06666666666666,940.5
2023-05-21 23:39:57,0.272024,Ejina,41.95,101.06666666666666,940.5
2023-05-21 23:41:52,0.276553,Ejina,41.95,101.06666666666666,940.5
2023-05-22 04:09:59,1.533631,Ejina,41.95,101.06666666666666,940.5
2023-05-22 09:30:56,0.384162,Ejina,41.95,101.06666666666666,940.5
2023-05-22 09:39:55,0.400065,Ejina,41.95,101.06666666666666,940.5
2023-05-22 09:48:55,0.398657,Ejina,41.95,101.06666666666666,940.5
2023-05-22 10:15:56,0.462293,Ejina,41.95,101.06666666666666,940.5
2023-05-22 10:19:12,0.455649,Ejina,41.95,101.06666666666666,940.5
2023-05-22 10:21:58,0.460574,Ejina,41.95,101.06666666666666,940.5
2023-05-22 10:23:56,0.457458,Ejina,41.95,101.06666666666666,940.5
2023-05-22 23:42:56,0.428478,Ejina,41.95,101.06666666666666,940.5
2023-05-23 00:00:56,0.387323,Ejina,41.95,101.06666666666666,940.5
2023-05-23 02:54:58,0.389812,Ejina,41.95,101.06666666666666,940.5
2023-05-23 02:57:57,0.388897,Ejina,41.95,101.06666666666666,940.5
2023-05-23 03:15:57,0.384445,Ejina,41.95,101.06666666666666,940.5
2023-05-23 03:18:58,0.383106,Ejina,41.95,101.06666666666666,940.5
2023-05-23 03:21:57,0.396338,Ejina,41.95,101.06666666666666,940.5
2023-05-23 03:29:42,0.399535,Ejina,41.95,101.06666666666666,940.5
2023-05-23 03:55:03,0.461453,Ejina,41.95,101.06666666666666,940.5
2023-05-23 04:12:57,0.466876,Ejina,41.95,101.06666666666666,940.5
2023-05-23 23:09:13,0.125519,Ejina,41.95,101.06666666666666,940.5
2023-05-23 23:26:04,0.125566,Ejina,41.95,101.06666666666666,940.5
2023-05-24 00:03:05,0.144984,Ejina,41.95,101.06666666666666,940.5
2023-05-24 01:00:59,0.169878,Ejina,41.95,101.06666666666666,940.5
2023-05-24 01:06:56,0.173898,Ejina,41.95,101.06666666666666,940.5
2023-05-24 01:09:57,0.172915,Ejina,41.95,101.06666666666666,940.5
2023-05-24 01:12:57,0.170624,Ejina,41.95,101.06666666666666,940.5
2023-05-24 01:19:03,0.164226,Ejina,41.95,101.06666666666666,940.5
2023-05-24 01:24:57,0.165459,Ejina,41.95,101.06666666666666,940.5
2023-05-24 01:29:48,0.168854,Ejina,41.95,101.06666666666666,940.5
2023-05-24 01:39:57,0.173485,Ejina,41.95,101.06666666666666,940.5
2023-05-24 01:42:57,0.167398,Ejina,41.95,101.06666666666666,940.5
2023-05-24 01:59:50,0.167309,Ejina,41.95,101.06666666666666,940.5
2023-05-24 02:09:58,0.170583,Ejina,41.95,101.06666666666666,940.5
2023-05-24 02:12:58,0.170461,Ejina,41.95,101.06666666666666,940.5
2023-05-24 02:48:58,0.155764,Ejina,41.95,101.06666666666666,940.5
2023-05-24 02:58:42,0.156318,Ejina,41.95,101.06666666666666,940.5
2023-05-24 03:03:58,0.161057,Ejina,41.95,101.06666666666666,940.5
2023-05-24 03:06:59,0.159607,Ejina,41.95,101.06666666666666,940.5
2023-05-24 03:12:58,0.160127,Ejina,41.95,101.06666666666666,940.5
2023-05-24 03:28:32,0.167649,Ejina,41.95,101.06666666666666,940.5
2023-05-24 03:33:57,0.161433,Ejina,41.95,101.06666666666666,940.5
2023-05-24 04:14:57,0.172007,Ejina,41.95,101.06666666666666,940.5
2023-05-24 04:27:58,0.17769,Ejina,41.95,101.06666666666666,940.5
2023-05-24 04:29:49,0.16974,Ejina,41.95,101.06666666666666,940.5
2023-05-24 04:33:58,0.170066,Ejina,41.95,101.06666666666666,940.5
2023-05-24 04:42:59,0.180337,Ejina,41.95,101.06666666666666,940.5
2023-05-24 04:54:57,0.179599,Ejina,41.95,101.06666666666666,940.5
2023-05-24 05:03:59,0.185145,Ejina,41.95,101.06666666666666,940.5
2023-05-24 05:13:33,0.183601,Ejina,41.95,101.06666666666666,940.5
2023-05-24 23:00:55,0.286511,Ejina,41.95,101.06666666666666,940.5
2023-05-24 23:08:40,0.306031,Ejina,41.95,101.06666666666666,940.5
2023-05-24 23:15:58,0.322123,Ejina,41.95,101.06666666666666,940.5
2023-05-24 23:22:03,0.325196,Ejina,41.95,101.06666666666666,940.5
2023-05-24 23:23:48,0.320957,Ejina,41.95,101.06666666666666,940.5
2023-05-24 23:27:06,0.319553,Ejina,41.95,101.06666666666666,940.5
2023-05-25 00:09:57,0.383023,Ejina,41.95,101.06666666666666,940.5
2023-05-25 01:04:05,0.401039,Ejina,41.95,101.06666666666666,940.5
2023-05-25 01:07:00,0.403726,Ejina,41.95,101.06666666666666,940.5
2023-05-25 01:09:57,0.403083,Ejina,41.95,101.06666666666666,940.5
2023-05-25 01:39:57,0.410974,Ejina,41.95,101.06666666666666,940.5
2023-05-25 01:42:58,0.413404,Ejina,41.95,101.06666666666666,940.5
2023-05-25 01:59:58,0.406031,Ejina,41.95,101.06666666666666,940.5
2023-05-25 02:12:58,0.398947,Ejina,41.95,101.06666666666666,940.5
2023-05-25 02:14:51,0.400476,Ejina,41.95,101.06666666666666,940.5
2023-05-25 02:19:06,0.407283,Ejina,41.95,101.06666666666666,940.5
2023-05-25 02:22:00,0.40922,Ejina,41.95,101.06666666666666,940.5
2023-05-25 02:27:58,0.424219,Ejina,41.95,101.06666666666666,940.5
2023-05-25 02:48:57,0.412678,Ejina,41.95,101.06666666666666,940.5
2023-05-25 03:01:06,0.430759,Ejina,41.95,101.06666666666666,940.5
2023-05-25 03:03:57,0.434568,Ejina,41.95,101.06666666666666,940.5
2023-05-25 03:06:58,0.432969,Ejina,41.95,101.06666666666666,940.5
2023-05-25 03:09:59,0.428656,Ejina,41.95,101.06666666666666,940.5
2023-05-25 03:24:58,0.428667,Ejina,41.95,101.06666666666666,940.5
2023-05-25 03:28:43,0.427709,Ejina,41.95,101.06666666666666,940.5
2023-05-25 03:54:58,0.394288,Ejina,41.95,101.06666666666666,940.5
2023-05-25 03:57:58,0.395226,Ejina,41.95,101.06666666666666,940.5
2023-05-25 03:59:51,0.390385,Ejina,41.95,101.06666666666666,940.5
2023-05-25 04:03:58,0.392564,Ejina,41.95,101.06666666666666,940.5
2023-05-25 04:07:00,0.3898,Ejina,41.95,101.06666666666666,940.5
2023-05-25 04:14:55,0.38555,Ejina,41.95,101.06666666666666,940.5
2023-05-25 04:33:59,0.342369,Ejina,41.95,101.06666666666666,940.5
2023-05-25 04:40:07,0.326956,Ejina,41.95,101.06666666666666,940.5
2023-05-25 04:48:57,0.331873,Ejina,41.95,101.06666666666666,940.5
2023-05-25 04:57:58,0.326525,Ejina,41.95,101.06666666666666,940.5
2023-05-25 04:59:49,0.33407,Ejina,41.95,101.06666666666666,940.5
2023-05-25 05:06:58,0.338552,Ejina,41.95,101.06666666666666,940.5
2023-05-25 05:09:58,0.339721,Ejina,41.95,101.06666666666666,940.5
2023-05-25 05:12:57,0.337515,Ejina,41.95,101.06666666666666,940.5
2023-05-25 05:14:50,0.337604,Ejina,41.95,101.06666666666666,940.5
2023-05-25 05:21:59,0.340087,Ejina,41.95,101.06666666666666,940.5
2023-05-25 05:30:58,0.339657,Ejina,41.95,101.06666666666666,940.5
2023-05-25 05:36:59,0.334754,Ejina,41.95,101.06666666666666,940.5
2023-05-25 05:40:06,0.333789,Ejina,41.95,101.06666666666666,940.5
2023-05-25 05:51:57,0.325176,Ejina,41.95,101.06666666666666,940.5
2023-05-25 06:03:57,0.323112,Ejina,41.95,101.06666666666666,940.5
2023-05-25 06:06:56,0.329406,Ejina,41.95,101.06666666666666,940.5
2023-05-25 06:10:13,0.335551,Ejina,41.95,101.06666666666666,940.5
2023-05-25 06:12:56,0.328507,Ejina,41.95,101.06666666666666,940.5
2023-05-25 06:19:09,0.320116,Ejina,41.95,101.06666666666666,940.5
2023-05-25 06:25:07,0.318025,Ejina,41.95,101.06666666666666,940.5
2023-05-25 06:30:57,0.306797,Ejina,41.95,101.06666666666666,940.5
2023-05-25 06:48:56,0.306645,Ejina,41.95,101.06666666666666,940.5
2023-05-25 06:58:41,0.310832,Ejina,41.95,101.06666666666666,940.5
2023-05-25 07:18:57,0.289951,Ejina,41.95,101.06666666666666,940.5
2023-05-25 08:21:56,0.269555,Ejina,41.95,101.06666666666666,940.5
2023-05-25 08:44:08,0.241852,Ejina,41.95,101.06666666666666,940.5
2023-05-25 08:58:41,0.214172,Ejina,41.95,101.06666666666666,940.5
2023-05-25 09:09:56,0.226701,Ejina,41.95,101.06666666666666,940.5
2023-05-25 09:18:56,0.218765,Ejina,41.95,101.06666666666666,940.5
2023-05-25 09:30:56,0.211994,Ejina,41.95,101.06666666666666,940.5
2023-05-25 09:36:56,0.212977,Ejina,41.95,101.06666666666666,940.5
2023-05-25 09:39:59,0.211058,Ejina,41.95,101.06666666666666,940.5
2023-05-25 09:51:58,0.214709,Ejina,41.95,101.06666666666666,940.5
2023-05-25 10:06:57,0.218229,Ejina,41.95,101.06666666666666,940.5
2023-05-25 10:30:59,0.202604,Ejina,41.95,101.06666666666666,940.5
2023-05-25 10:33:54,0.200495,Ejina,41.95,101.06666666666666,940.5
2023-05-25 10:48:45,0.206279,Ejina,41.95,101.06666666666666,940.5
2023-05-25 10:51:56,0.202664,Ejina,41.95,101.06666666666666,940.5
2023-05-25 11:07:03,0.210758,Ejina,41.95,101.06666666666666,940.5
2023-05-25 11:09:23,0.213347,Ejina,41.95,101.06666666666666,940.5
2023-05-25 11:18:39,0.195735,Ejina,41.95,101.06666666666666,940.5
2023-05-25 11:22:03,0.197654,Ejina,41.95,101.06666666666666,940.5
2023-05-25 11:25:04,0.194854,Ejina,41.95,101.06666666666666,940.5
2023-05-25 11:27:04,0.195872,Ejina,41.95,101.06666666666666,940.5
2023-05-25 11:36:54,0.199016,Ejina,41.95,101.06666666666666,940.5
2023-05-25 11:39:58,0.195554,Ejina,41.95,101.06666666666666,940.5
2023-05-25 11:41:48,0.187844,Ejina,41.95,101.06666666666666,940.5
2023-05-25 23:08:15,0.158743,Ejina,41.95,101.06666666666666,940.5
2023-05-25 23:17:16,0.160706,Ejina,41.95,101.06666666666666,940.5
2023-05-25 23:21:41,0.159637,Ejina,41.95,101.06666666666666,940.5
2023-05-25 23:31:54,0.157189,Ejina,41.95,101.06666666666666,940.5
2023-05-25 23:33:56,0.158418,Ejina,41.95,101.06666666666666,940.5
2023-05-25 23:38:45,0.177715,Ejina,41.95,101.06666666666666,940.5
2023-05-26 00:02:04,0.162102,Ejina,41.95,101.06666666666666,940.5
2023-05-26 00:09:56,0.163381,Ejina,41.95,101.06666666666666,940.5
2023-05-26 02:59:51,0.19983,Ejina,41.95,101.06666666666666,940.5
2023-05-26 03:09:57,0.196809,Ejina,41.95,101.06666666666666,940.5
2023-05-26 03:12:57,0.217853,Ejina,41.95,101.06666666666666,940.5
2023-05-26 05:19:08,0.355732,Ejina,41.95,101.06666666666666,940.5
2023-05-26 09:13:03,2.310705,Ejina,41.95,101.06666666666666,940.5
2023-05-26 09:42:58,1.483139,Ejina,41.95,101.06666666666666,940.5
2023-05-26 11:01:40,1.413799,Ejina,41.95,101.06666666666666,940.5
2023-05-27 02:36:58,0.242877,Ejina,41.95,101.06666666666666,940.5
2023-05-27 02:39:57,0.234992,Ejina,41.95,101.06666666666666,940.5
2023-05-27 02:44:50,0.238316,Ejina,41.95,101.06666666666666,940.5
2023-05-27 02:58:51,0.243861,Ejina,41.95,101.06666666666666,940.5
2023-05-27 03:00:58,0.248677,Ejina,41.95,101.06666666666666,940.5
2023-05-27 03:06:58,0.273543,Ejina,41.95,101.06666666666666,940.5
2023-05-27 03:24:58,0.300237,Ejina,41.95,101.06666666666666,940.5
2023-05-27 03:27:57,0.290049,Ejina,41.95,101.06666666666666,940.5
2023-05-27 03:33:58,0.275313,Ejina,41.95,101.06666666666666,940.5
2023-05-27 04:18:58,0.265635,Ejina,41.95,101.06666666666666,940.5
2023-05-27 04:29:10,0.264118,Ejina,41.95,101.06666666666666,940.5
2023-05-27 04:33:58,0.254562,Ejina,41.95,101.06666666666666,940.5
2023-05-27 05:45:57,0.338454,Ejina,41.95,101.06666666666666,940.5
2023-05-27 07:36:57,0.214455,Ejina,41.95,101.06666666666666,940.5
2023-05-27 07:51:56,0.22031,Ejina,41.95,101.06666666666666,940.5
2023-05-27 07:57:56,0.217781,Ejina,41.95,101.06666666666666,940.5
2023-05-27 07:59:51,0.207745,Ejina,41.95,101.06666666666666,940.5
2023-05-27 08:13:49,0.206809,Ejina,41.95,101.06666666666666,940.5
2023-05-27 08:18:57,0.228252,Ejina,41.95,101.06666666666666,940.5
2023-05-27 08:24:57,0.221469,Ejina,41.95,101.06666666666666,940.5
2023-05-27 08:30:56,0.198372,Ejina,41.95,101.06666666666666,940.5
2023-05-27 23:23:46,0.331011,Ejina,41.95,101.06666666666666,940.5
2023-05-27 23:30:55,0.310577,Ejina,41.95,101.06666666666666,940.5
2023-05-27 23:33:55,0.323582,Ejina,41.95,101.06666666666666,940.5
2023-05-27 23:51:18,0.31555,Ejina,41.95,101.06666666666666,940.5
2023-05-28 01:39:57,0.5042,Ejina,41.95,101.06666666666666,940.5
2023-05-28 04:12:57,0.223972,Ejina,41.95,101.06666666666666,940.5
2023-05-28 04:18:58,0.227254,Ejina,41.95,101.06666666666666,940.5
2023-05-28 09:30:55,0.531454,Ejina,41.95,101.06666666666666,940.5
2023-05-28 09:33:57,0.474863,Ejina,41.95,101.06666666666666,940.5
2023-05-28 09:36:56,0.462981,Ejina,41.95,101.06666666666666,940.5
2023-05-28 09:39:56,0.426195,Ejina,41.95,101.06666666666666,940.5
2023-05-28 09:54:56,0.440976,Ejina,41.95,101.06666666666666,940.5
2023-05-28 10:12:59,0.375047,Ejina,41.95,101.06666666666666,940.5
2023-05-28 10:18:55,0.429329,Ejina,41.95,101.06666666666666,940.5
2023-05-28 10:48:55,0.387024,Ejina,41.95,101.06666666666666,940.5
2023-05-28 10:54:55,0.381628,Ejina,41.95,101.06666666666666,940.5
2023-05-29 09:16:56,0.516323,Ejina,41.95,101.06666666666666,940.5
2023-05-29 09:54:57,0.435947,Ejina,41.95,101.06666666666666,940.5
2023-05-29 10:03:28,0.435707,Ejina,41.95,101.06666666666666,940.5
2023-05-29 10:36:40,0.369328,Ejina,41.95,101.06666666666666,940.5
2023-05-29 10:39:55,0.371651,Ejina,41.95,101.06666666666666,940.5
2023-05-29 10:44:48,0.36139,Ejina,41.95,101.06666666666666,940.5
2023-05-29 11:03:08,0.342989,Ejina,41.95,101.06666666666666,940.5
2023-05-29 11:06:57,0.334141,Ejina,41.95,101.06666666666666,940.5
2023-05-29 11:08:50,0.329218,Ejina,41.95,101.06666666666666,940.5
2023-05-29 11:12:19,0.330093,Ejina,41.95,101.06666666666666,940.5
2023-05-29 11:21:33,0.329198,Ejina,41.95,101.06666666666666,940.5
2023-05-30 01:12:45,0.296034,Ejina,41.95,101.06666666666666,940.5
2023-05-30 01:22:01,0.301633,Ejina,41.95,101.06666666666666,940.5
2023-05-30 01:24:56,0.306522,Ejina,41.95,101.06666666666666,940.5
2023-05-30 01:28:00,0.302613,Ejina,41.95,101.06666666666666,940.5
2023-05-30 01:29:49,0.303377,Ejina,41.95,101.06666666666666,940.5
2023-05-30 01:33:57,0.304337,Ejina,41.95,101.06666666666666,940.5
2023-05-30 01:44:13,0.320111,Ejina,41.95,101.06666666666666,940.5
2023-05-30 01:48:57,0.326657,Ejina,41.95,101.06666666666666,940.5
2023-05-30 01:54:57,0.324372,Ejina,41.95,101.06666666666666,940.5
2023-05-30 02:44:42,0.328135,Ejina,41.95,101.06666666666666,940.5
2023-05-30 02:48:57,0.321317,Ejina,41.95,101.06666666666666,940.5
2023-05-30 02:51:57,0.314803,Ejina,41.95,101.06666666666666,940.5
2023-05-30 03:09:58,0.309237,Ejina,41.95,101.06666666666666,940.5
2023-05-30 03:12:58,0.307411,Ejina,41.95,101.06666666666666,940.5
2023-05-30 03:14:55,0.309145,Ejina,41.95,101.06666666666666,940.5
2023-05-30 03:39:58,0.286755,Ejina,41.95,101.06666666666666,940.5
2023-05-30 03:44:11,0.292621,Ejina,41.95,101.06666666666666,940.5
2023-05-30 03:51:58,0.290835,Ejina,41.95,101.06666666666666,940.5
2023-05-30 04:03:59,0.289488,Ejina,41.95,101.06666666666666,940.5
2023-05-30 04:06:59,0.289126,Ejina,41.95,101.06666666666666,940.5
2023-05-30 04:12:58,0.294659,Ejina,41.95,101.06666666666666,940.5
2023-05-30 04:18:58,0.296847,Ejina,41.95,101.06666666666666,940.5
2023-05-30 04:21:59,0.287817,Ejina,41.95,101.06666666666666,940.5
2023-05-30 04:27:58,0.286534,Ejina,41.95,101.06666666666666,940.5
2023-05-30 04:33:58,0.280358,Ejina,41.95,101.06666666666666,940.5
2023-05-30 04:36:58,0.280005,Ejina,41.95,101.06666666666666,940.5
2023-05-30 04:39:58,0.284755,Ejina,41.95,101.06666666666666,940.5
2023-05-30 04:42:58,0.296307,Ejina,41.95,101.06666666666666,940.5
2023-05-30 04:46:04,0.289346,Ejina,41.95,101.06666666666666,940.5
2023-05-30 04:48:58,0.283402,Ejina,41.95,101.06666666666666,940.5
2023-05-30 04:57:58,0.285076,Ejina,41.95,101.06666666666666,940.5
2023-05-30 04:59:49,0.289521,Ejina,41.95,101.06666666666666,940.5
2023-05-30 05:03:58,0.301363,Ejina,41.95,101.06666666666666,940.5
2023-05-30 05:13:04,0.294905,Ejina,41.95,101.06666666666666,940.5
2023-05-30 05:14:50,0.29942,Ejina,41.95,101.06666666666666,940.5
2023-05-30 22:47:14,0.078803,Ejina,41.95,101.06666666666666,940.5
2023-05-30 22:51:56,0.081278,Ejina,41.95,101.06666666666666,940.5
2023-05-30 23:03:59,0.084861,Ejina,41.95,101.06666666666666,940.5
2023-05-30 23:12:56,0.088722,Ejina,41.95,101.06666666666666,940.5
2023-05-30 23:19:40,0.090269,Ejina,41.95,101.06666666666666,940.5
2023-05-30 23:27:56,0.090611,Ejina,41.95,101.06666666666666,940.5
2023-05-30 23:33:57,0.092797,Ejina,41.95,101.06666666666666,940.5
2023-05-30 23:50:39,0.093984,Ejina,41.95,101.06666666666666,940.5
2023-05-30 23:57:56,0.094446,Ejina,41.95,101.06666666666666,940.5
2023-05-31 01:07:03,0.114246,Ejina,41.95,101.06666666666666,940.5
2023-05-31 01:12:27,0.1178,Ejina,41.95,101.06666666666666,940.5
2023-05-31 01:24:59,0.119612,Ejina,41.95,101.06666666666666,940.5
2023-05-31 01:27:57,0.119621,Ejina,41.95,101.06666666666666,940.5
2023-05-31 01:42:57,0.122023,Ejina,41.95,101.06666666666666,940.5
2023-05-31 01:44:50,0.122314,Ejina,41.95,101.06666666666666,940.5
2023-05-31 02:03:57,0.125466,Ejina,41.95,101.06666666666666,940.5
2023-05-31 02:06:58,0.12535,Ejina,41.95,101.06666666666666,940.5
2023-05-31 02:10:02,0.124912,Ejina,41.95,101.06666666666666,940.5
2023-05-31 02:12:57,0.127645,Ejina,41.95,101.06666666666666,940.5
2023-05-31 02:29:19,0.128395,Ejina,41.95,101.06666666666666,940.5
2023-05-31 02:45:58,0.133665,Ejina,41.95,101.06666666666666,940.5
2023-05-31 02:48:57,0.13476,Ejina,41.95,101.06666666666666,940.5
2023-05-31 03:14:21,0.139763,Ejina,41.95,101.06666666666666,940.5
2023-05-31 03:29:22,0.145375,Ejina,41.95,101.06666666666666,940.5
2023-05-31 03:44:20,0.143098,Ejina,41.95,101.06666666666666,940.5
2023-05-31 03:59:20,0.142296,Ejina,41.95,101.06666666666666,940.5
2023-05-31 04:06:58,0.143435,Ejina,41.95,101.06666666666666,940.5
2023-05-31 04:09:58,0.144985,Ejina,41.95,101.06666666666666,940.5
2023-05-31 04:12:58,0.141291,Ejina,41.95,101.06666666666666,940.5
2023-05-31 04:18:58,0.140766,Ejina,41.95,101.06666666666666,940.5
2023-05-31 04:22:00,0.143823,Ejina,41.95,101.06666666666666,940.5
2023-05-31 04:29:20,0.143319,Ejina,41.95,101.06666666666666,940.5
2023-05-31 04:37:01,0.146427,Ejina,41.95,101.06666666666666,940.5
2023-05-31 04:39:58,0.150371,Ejina,41.95,101.06666666666666,940.5
2023-05-31 04:48:58,0.147117,Ejina,41.95,101.06666666666666,940.5
2023-05-31 04:57:57,0.154314,Ejina,41.95,101.06666666666666,940.5
2023-05-31 05:12:58,0.150231,Ejina,41.95,101.06666666666666,940.5
2023-05-31 05:14:49,0.158859,Ejina,41.95,101.06666666666666,940.5
2023-05-31 05:24:58,0.153497,Ejina,41.95,101.06666666666666,940.5
2023-05-31 05:27:58,0.153885,Ejina,41.95,101.06666666666666,940.5
2023-05-31 05:29:48,0.147606,Ejina,41.95,101.06666666666666,940.5
2023-05-31 05:33:57,0.146743,Ejina,41.95,101.06666666666666,940.5
2023-05-31 05:51:57,0.163044,Ejina,41.95,101.06666666666666,940.5
2023-05-31 05:54:58,0.154599,Ejina,41.95,101.06666666666666,940.5
2023-05-31 05:57:56,0.156681,Ejina,41.95,101.06666666666666,940.5
2023-05-31 05:59:49,0.154853,Ejina,41.95,101.06666666666666,940.5
2023-05-31 06:03:57,0.158253,Ejina,41.95,101.06666666666666,940.5
2023-05-31 06:21:57,0.173194,Ejina,41.95,101.06666666666666,940.5
2023-05-31 06:24:56,0.159901,Ejina,41.95,101.06666666666666,940.5
2023-05-31 06:29:40,0.169824,Ejina,41.95,101.06666666666666,940.5
2023-05-31 06:45:57,0.15296,Ejina,41.95,101.06666666666666,940.5
2023-05-31 06:48:56,0.14733,Ejina,41.95,101.06666666666666,940.5
2023-05-31 06:51:57,0.145714,Ejina,41.95,101.06666666666666,940.5
2023-05-31 06:54:58,0.145375,Ejina,41.95,101.06666666666666,940.5
2023-05-31 07:09:55,0.152258,Ejina,41.95,101.06666666666666,940.5
2023-05-31 07:15:58,0.152057,Ejina,41.95,101.06666666666666,940.5
2023-05-31 07:21:56,0.143358,Ejina,41.95,101.06666666666666,940.5
2023-05-31 07:30:56,0.150066,Ejina,41.95,101.06666666666666,940.5
2023-05-31 07:33:56,0.141815,Ejina,41.95,101.06666666666666,940.5
2023-05-31 07:39:55,0.14295,Ejina,41.95,101.06666666666666,940.5
2023-05-31 07:42:56,0.146335,Ejina,41.95,101.06666666666666,940.5
2023-05-31 07:44:49,0.146964,Ejina,41.95,101.06666666666666,940.5
2023-05-31 08:06:57,0.138395,Ejina,41.95,101.06666666666666,940.5
2023-05-31 08:14:21,0.158003,Ejina,41.95,101.06666666666666,940.5
2023-05-31 08:21:55,0.141132,Ejina,41.95,101.06666666666666,940.5
2023-05-31 08:29:18,0.142573,Ejina,41.95,101.06666666666666,940.5
2023-05-31 08:36:57,0.162101,Ejina,41.95,101.06666666666666,940.5
2023-05-31 08:57:57,0.150509,Ejina,41.95,101.06666666666666,940.5
2023-05-31 09:10:01,0.182165,Ejina,41.95,101.06666666666666,940.5
2023-05-31 09:18:58,0.169722,Ejina,41.95,101.06666666666666,940.5
2023-05-31 10:21:55,0.245933,Ejina,41.95,101.06666666666666,940.5
2023-05-31 10:38:12,0.171893,Ejina,41.95,101.06666666666666,940.5
2023-05-31 10:47:08,0.204279,Ejina,41.95,101.06666666666666,940.5
2023-05-31 10:59:04,0.152493,Ejina,41.95,101.06666666666666,940.5
2023-05-31 11:03:55,0.148336,Ejina,41.95,101.06666666666666,940.5
2023-05-31 11:06:55,0.149065,Ejina,41.95,101.06666666666666,940.5
2023-05-31 11:14:48,0.191825,Ejina,41.95,101.06666666666666,940.5
2023-05-31 11:19:06,0.172725,Ejina,41.95,101.06666666666666,940.5
2023-05-31 11:21:55,0.163562,Ejina,41.95,101.06666666666666,940.5
2023-05-31 11:23:49,0.159179,Ejina,41.95,101.06666666666666,940.5
2023-05-31 11:41:27,0.21424,Ejina,41.95,101.06666666666666,940.5
2023-05-31 11:45:42,0.180776,Ejina,41.95,101.06666666666666,940.5
2023-05-31 22:45:56,0.076743,Ejina,41.95,101.06666666666666,940.5
2023-05-31 22:51:53,0.079499,Ejina,41.95,101.06666666666666,940.5
2023-05-31 23:14:51,0.077883,Ejina,41.95,101.06666666666666,940.5
2023-05-31 23:27:56,0.078683,Ejina,41.95,101.06666666666666,940.5
2023-06-01 00:10:31,0.088704,Ejina,41.95,101.06666666666666,940.5
2023-06-01 01:12:03,0.100863,Ejina,41.95,101.06666666666666,940.5
2023-06-01 01:27:57,0.10369,Ejina,41.95,101.06666666666666,940.5
2023-06-01 01:59:49,0.110134,Ejina,41.95,101.06666666666666,940.5
2023-06-01 02:09:57,0.113287,Ejina,41.95,101.06666666666666,940.5
2023-06-01 02:12:57,0.112665,Ejina,41.95,101.06666666666666,940.5
2023-06-01 02:24:58,0.116234,Ejina,41.95,101.06666666666666,940.5
2023-06-01 02:33:58,0.118852,Ejina,41.95,101.06666666666666,940.5
2023-06-01 02:36:57,0.119898,Ejina,41.95,101.06666666666666,940.5
2023-06-01 02:39:58,0.121208,Ejina,41.95,101.06666666666666,940.5
2023-06-01 02:54:57,0.121267,Ejina,41.95,101.06666666666666,940.5
2023-06-01 02:59:51,0.11937,Ejina,41.95,101.06666666666666,940.5
2023-06-01 03:03:58,0.118653,Ejina,41.95,101.06666666666666,940.5
2023-06-01 03:06:58,0.119498,Ejina,41.95,101.06666666666666,940.5
2023-06-01 03:09:58,0.11875,Ejina,41.95,101.06666666666666,940.5
2023-06-01 03:12:58,0.119362,Ejina,41.95,101.06666666666666,940.5
2023-06-01 03:27:58,0.119253,Ejina,41.95,101.06666666666666,940.5
2023-06-01 03:39:58,0.120268,Ejina,41.95,101.06666666666666,940.5
2023-06-01 03:48:59,0.121255,Ejina,41.95,101.06666666666666,940.5
2023-06-01 03:59:28,0.119603,Ejina,41.95,101.06666666666666,940.5
2023-06-01 04:03:58,0.120342,Ejina,41.95,101.06666666666666,940.5
2023-06-01 04:12:58,0.122752,Ejina,41.95,101.06666666666666,940.5
2023-06-01 04:15:58,0.123033,Ejina,41.95,101.06666666666666,940.5
2023-06-01 04:24:59,0.123388,Ejina,41.95,101.06666666666666,940.5
2023-06-01 04:27:58,0.125435,Ejina,41.95,101.06666666666666,940.5
2023-06-01 04:33:57,0.125176,Ejina,41.95,101.06666666666666,940.5
2023-06-01 04:42:58,0.125989,Ejina,41.95,101.06666666666666,940.5
2023-06-01 04:44:49,0.12686,Ejina,41.95,101.06666666666666,940.5
2023-06-01 04:49:00,0.126219,Ejina,41.95,101.06666666666666,940.5
2023-06-01 04:57:58,0.12742,Ejina,41.95,101.06666666666666,940.5
2023-06-01 05:00:57,0.127966,Ejina,41.95,101.06666666666666,940.5
2023-06-01 05:06:57,0.125199,Ejina,41.95,101.06666666666666,940.5
2023-06-01 05:09:58,0.124339,Ejina,41.95,101.06666666666666,940.5
2023-06-01 05:14:49,0.125672,Ejina,41.95,101.06666666666666,940.5
2023-06-01 05:24:57,0.124487,Ejina,41.95,101.06666666666666,940.5
2023-06-01 05:28:01,0.124165,Ejina,41.95,101.06666666666666,940.5
2023-06-01 05:36:57,0.123981,Ejina,41.95,101.06666666666666,940.5
2023-06-01 05:39:57,0.122998,Ejina,41.95,101.06666666666666,940.5
2023-06-01 05:42:57,0.124492,Ejina,41.95,101.06666666666666,940.5
2023-06-01 05:57:57,0.122446,Ejina,41.95,101.06666666666666,940.5
2023-06-01 05:59:49,0.124438,Ejina,41.95,101.06666666666666,940.5
2023-06-01 06:03:56,0.12614,Ejina,41.95,101.06666666666666,940.5
2023-06-01 06:09:57,0.126874,Ejina,41.95,101.06666666666666,940.5
2023-06-01 06:12:57,0.125565,Ejina,41.95,101.06666666666666,940.5
2023-06-01 06:24:57,0.126853,Ejina,41.95,101.06666666666666,940.5
2023-06-01 06:27:56,0.12694,Ejina,41.95,101.06666666666666,940.5
2023-06-01 06:48:56,0.127329,Ejina,41.95,101.06666666666666,940.5
2023-06-01 06:57:57,0.126903,Ejina,41.95,101.06666666666666,940.5
2023-06-01 06:59:50,0.125956,Ejina,41.95,101.06666666666666,940.5
2023-06-01 07:03:56,0.124106,Ejina,41.95,101.06666666666666,940.5
2023-06-01 07:24:57,0.126863,Ejina,41.95,101.06666666666666,940.5
2023-06-01 07:33:56,0.122851,Ejina,41.95,101.06666666666666,940.5
2023-06-01 07:39:56,0.120146,Ejina,41.95,101.06666666666666,940.5
2023-06-01 07:42:57,0.119575,Ejina,41.95,101.06666666666666,940.5
2023-06-01 07:44:50,0.11956,Ejina,41.95,101.06666666666666,940.5
2023-06-01 07:48:55,0.118418,Ejina,41.95,101.06666666666666,940.5
2023-06-01 07:59:27,0.133196,Ejina,41.95,101.06666666666666,940.5
2023-06-01 08:03:56,0.121225,Ejina,41.95,101.06666666666666,940.5
2023-06-01 08:21:57,0.11505,Ejina,41.95,101.06666666666666,940.5
2023-06-01 08:27:56,0.11173,Ejina,41.95,101.06666666666666,940.5
2023-06-01 08:36:56,0.109818,Ejina,41.95,101.06666666666666,940.5
2023-06-01 08:39:56,0.110985,Ejina,41.95,101.06666666666666,940.5
2023-06-01 08:42:56,0.110517,Ejina,41.95,101.06666666666666,940.5
2023-06-01 08:44:50,0.109557,Ejina,41.95,101.06666666666666,940.5
2023-06-01 09:21:56,0.102173,Ejina,41.95,101.06666666666666,940.5
2023-06-01 09:36:56,0.099119,Ejina,41.95,101.06666666666666,940.5
2023-06-01 09:45:55,0.096701,Ejina,41.95,101.06666666666666,940.5
2023-06-01 09:49:40,0.106045,Ejina,41.95,101.06666666666666,940.5
2023-06-01 10:00:56,0.097275,Ejina,41.95,101.06666666666666,940.5
2023-06-01 10:03:56,0.091851,Ejina,41.95,101.06666666666666,940.5
2023-06-01 10:15:57,0.092627,Ejina,41.95,101.06666666666666,940.5
2023-06-01 10:18:32,0.092332,Ejina,41.95,101.06666666666666,940.5
2023-06-01 10:59:56,0.0912,Ejina,41.95,101.06666666666666,940.5
2023-06-01 11:09:59,0.098595,Ejina,41.95,101.06666666666666,940.5
2023-06-01 11:11:56,0.093421,Ejina,41.95,101.06666666666666,940.5
2023-06-01 22:46:29,0.075415,Ejina,41.95,101.06666666666666,940.5
2023-06-01 22:48:55,0.075682,Ejina,41.95,101.06666666666666,940.5
2023-06-01 23:13:04,0.07946,Ejina,41.95,101.06666666666666,940.5
2023-06-01 23:22:24,0.080919,Ejina,41.95,101.06666666666666,940.5
2023-06-01 23:27:57,0.081409,Ejina,41.95,101.06666666666666,940.5
2023-06-01 23:42:00,0.084806,Ejina,41.95,101.06666666666666,940.5
2023-06-01 23:59:16,0.090269,Ejina,41.95,101.06666666666666,940.5
2023-06-02 00:12:57,0.100027,Ejina,41.95,101.06666666666666,940.5
2023-06-02 00:15:57,0.096727,Ejina,41.95,101.06666666666666,940.5
2023-06-02 00:18:58,0.095505,Ejina,41.95,101.06666666666666,940.5
2023-06-02 01:11:43,0.108253,Ejina,41.95,101.06666666666666,940.5
2023-06-02 01:16:46,0.111015,Ejina,41.95,101.06666666666666,940.5
2023-06-02 01:24:57,0.116694,Ejina,41.95,101.06666666666666,940.5
2023-06-02 01:42:57,0.120617,Ejina,41.95,101.06666666666666,940.5
2023-06-02 01:44:50,0.121076,Ejina,41.95,101.06666666666666,940.5
2023-06-02 01:48:58,0.12027,Ejina,41.95,101.06666666666666,940.5
2023-06-02 01:57:57,0.126299,Ejina,41.95,101.06666666666666,940.5
2023-06-02 02:03:57,0.136652,Ejina,41.95,101.06666666666666,940.5
2023-06-02 02:12:57,0.128723,Ejina,41.95,101.06666666666666,940.5
2023-06-02 02:30:56,0.129296,Ejina,41.95,101.06666666666666,940.5
2023-06-02 03:00:58,0.139985,Ejina,41.95,101.06666666666666,940.5
2023-06-02 03:15:56,0.156713,Ejina,41.95,101.06666666666666,940.5
2023-06-02 03:21:58,0.146423,Ejina,41.95,101.06666666666666,940.5
2023-06-02 03:24:58,0.159274,Ejina,41.95,101.06666666666666,940.5
2023-06-02 03:29:40,0.166476,Ejina,41.95,101.06666666666666,940.5
2023-06-02 03:36:58,0.174107,Ejina,41.95,101.06666666666666,940.5
2023-06-02 03:39:58,0.175982,Ejina,41.95,101.06666666666666,940.5
2023-06-02 03:45:58,0.170631,Ejina,41.95,101.06666666666666,940.5
2023-06-02 03:51:58,0.17067,Ejina,41.95,101.06666666666666,940.5
2023-06-02 04:04:00,0.167237,Ejina,41.95,101.06666666666666,940.5
2023-06-02 04:06:58,0.167095,Ejina,41.95,101.06666666666666,940.5
2023-06-02 04:14:53,0.167285,Ejina,41.95,101.06666666666666,940.5
2023-06-02 04:21:58,0.166034,Ejina,41.95,101.06666666666666,940.5
2023-06-02 04:27:57,0.165476,Ejina,41.95,101.06666666666666,940.5
2023-06-02 04:29:50,0.164805,Ejina,41.95,101.06666666666666,940.5
2023-06-02 04:36:58,0.164676,Ejina,41.95,101.06666666666666,940.5
2023-06-02 04:39:58,0.164434,Ejina,41.95,101.06666666666666,940.5
2023-06-02 04:42:58,0.16385,Ejina,41.95,101.06666666666666,940.5
2023-06-02 04:44:49,0.163125,Ejina,41.95,101.06666666666666,940.5
2023-06-02 04:48:57,0.164011,Ejina,41.95,101.06666666666666,940.5
2023-06-02 04:51:57,0.16291,Ejina,41.95,101.06666666666666,940.5
2023-06-02 04:54:57,0.163544,Ejina,41.95,101.06666666666666,940.5
2023-06-02 04:57:57,0.164396,Ejina,41.95,101.06666666666666,940.5
2023-06-02 04:59:48,0.164482,Ejina,41.95,101.06666666666666,940.5
2023-06-02 05:03:58,0.164106,Ejina,41.95,101.06666666666666,940.5
2023-06-02 05:06:59,0.165173,Ejina,41.95,101.06666666666666,940.5
2023-06-02 05:09:57,0.166703,Ejina,41.95,101.06666666666666,940.5
2023-06-02 05:14:39,0.166616,Ejina,41.95,101.06666666666666,940.5
2023-06-02 05:27:59,0.168861,Ejina,41.95,101.06666666666666,940.5
2023-06-02 05:30:58,0.171283,Ejina,41.95,101.06666666666666,940.5
2023-06-02 05:39:57,0.171035,Ejina,41.95,101.06666666666666,940.5
2023-06-02 05:45:58,0.171381,Ejina,41.95,101.06666666666666,940.5
2023-06-02 05:57:57,0.169293,Ejina,41.95,101.06666666666666,940.5
2023-06-02 06:00:57,0.16922,Ejina,41.95,101.06666666666666,940.5
2023-06-02 06:03:57,0.169033,Ejina,41.95,101.06666666666666,940.5
2023-06-02 06:09:56,0.167485,Ejina,41.95,101.06666666666666,940.5
2023-06-02 06:15:57,0.167675,Ejina,41.95,101.06666666666666,940.5
2023-06-02 06:18:56,0.168145,Ejina,41.95,101.06666666666666,940.5
2023-06-02 06:24:56,0.168583,Ejina,41.95,101.06666666666666,940.5
2023-06-02 06:27:57,0.167726,Ejina,41.95,101.06666666666666,940.5
2023-06-02 06:30:56,0.16945,Ejina,41.95,101.06666666666666,940.5
2023-06-02 06:48:56,0.167026,Ejina,41.95,101.06666666666666,940.5
2023-06-02 06:51:56,0.167493,Ejina,41.95,101.06666666666666,940.5
2023-06-02 06:54:57,0.168372,Ejina,41.95,101.06666666666666,940.5
2023-06-02 06:57:56,0.167637,Ejina,41.95,101.06666666666666,940.5
2023-06-02 06:59:48,0.167742,Ejina,41.95,101.06666666666666,940.5
2023-06-02 07:21:56,0.166045,Ejina,41.95,101.06666666666666,940.5
2023-06-02 07:39:56,0.165339,Ejina,41.95,101.06666666666666,940.5
2023-06-02 07:44:35,0.167155,Ejina,41.95,101.06666666666666,940.5
2023-06-02 07:48:56,0.165955,Ejina,41.95,101.06666666666666,940.5
2023-06-02 08:03:55,0.164484,Ejina,41.95,101.06666666666666,940.5
2023-06-02 08:12:56,0.163594,Ejina,41.95,101.06666666666666,940.5
2023-06-02 08:24:56,0.161715,Ejina,41.95,101.06666666666666,940.5
2023-06-02 08:36:55,0.154618,Ejina,41.95,101.06666666666666,940.5
2023-06-02 08:39:57,0.156814,Ejina,41.95,101.06666666666666,940.5
2023-06-02 09:14:36,0.151691,Ejina,41.95,101.06666666666666,940.5
2023-06-02 09:21:56,0.149117,Ejina,41.95,101.06666666666666,940.5
2023-06-02 09:45:56,0.149861,Ejina,41.95,101.06666666666666,940.5
2023-06-02 10:05:57,0.14508,Ejina,41.95,101.06666666666666,940.5
2023-06-02 10:19:40,0.149989,Ejina,41.95,101.06666666666666,940.5
2023-06-02 10:27:57,0.137576,Ejina,41.95,101.06666666666666,940.5
2023-06-02 10:30:59,0.134561,Ejina,41.95,101.06666666666666,940.5
2023-06-02 10:48:55,0.135258,Ejina,41.95,101.06666666666666,940.5
2023-06-02 11:05:48,0.127186,Ejina,41.95,101.06666666666666,940.5
2023-06-02 11:11:07,0.124156,Ejina,41.95,101.06666666666666,940.5
2023-06-02 11:18:58,0.119225,Ejina,41.95,101.06666666666666,940.5
2023-06-02 11:27:56,0.117907,Ejina,41.95,101.06666666666666,940.5
2023-06-02 11:45:58,0.127259,Ejina,41.95,101.06666666666666,940.5
2023-06-02 11:48:59,0.122357,Ejina,41.95,101.06666666666666,940.5
2023-06-02 23:35:10,0.41915,Ejina,41.95,101.06666666666666,940.5
2023-06-03 10:42:55,1.232522,Ejina,41.95,101.06666666666666,940.5
2023-06-04 03:29:55,0.375522,Ejina,41.95,101.06666666666666,940.5
2023-06-04 03:48:58,0.308071,Ejina,41.95,101.06666666666666,940.5
2023-06-04 03:58:00,0.353479,Ejina,41.95,101.06666666666666,940.5
2023-06-04 04:16:10,0.480116,Ejina,41.95,101.06666666666666,940.5
2023-06-04 04:22:01,0.312282,Ejina,41.95,101.06666666666666,940.5
2023-06-04 04:33:58,0.274209,Ejina,41.95,101.06666666666666,940.5
2023-06-04 05:14:56,0.292994,Ejina,41.95,101.06666666666666,940.5
2023-06-04 05:36:57,0.266191,Ejina,41.95,101.06666666666666,940.5
2023-06-04 05:42:57,0.261059,Ejina,41.95,101.06666666666666,940.5
2023-06-04 05:44:55,0.261497,Ejina,41.95,101.06666666666666,940.5
2023-06-04 05:48:56,0.265254,Ejina,41.95,101.06666666666666,940.5
2023-06-04 05:51:57,0.258977,Ejina,41.95,101.06666666666666,940.5
2023-06-04 06:03:57,0.25671,Ejina,41.95,101.06666666666666,940.5
2023-06-04 06:06:57,0.255945,Ejina,41.95,101.06666666666666,940.5
2023-06-04 06:09:57,0.25795,Ejina,41.95,101.06666666666666,940.5
2023-06-04 06:12:58,0.251887,Ejina,41.95,101.06666666666666,940.5
2023-06-04 06:24:56,0.251121,Ejina,41.95,101.06666666666666,940.5
2023-06-04 06:28:03,0.247467,Ejina,41.95,101.06666666666666,940.5
2023-06-04 06:29:54,0.245989,Ejina,41.95,101.06666666666666,940.5
2023-06-04 06:33:57,0.250113,Ejina,41.95,101.06666666666666,940.5
2023-06-04 06:36:57,0.256569,Ejina,41.95,101.06666666666666,940.5
2023-06-04 06:39:56,0.267254,Ejina,41.95,101.06666666666666,940.5
2023-06-04 06:44:54,0.312569,Ejina,41.95,101.06666666666666,940.5
2023-06-04 06:59:54,0.26535,Ejina,41.95,101.06666666666666,940.5
2023-06-04 07:36:57,0.233417,Ejina,41.95,101.06666666666666,940.5
2023-06-04 07:42:57,0.248579,Ejina,41.95,101.06666666666666,940.5
2023-06-04 07:44:55,0.247298,Ejina,41.95,101.06666666666666,940.5
2023-06-04 07:57:55,0.265492,Ejina,41.95,101.06666666666666,940.5
2023-06-04 08:14:59,0.250493,Ejina,41.95,101.06666666666666,940.5
2023-06-04 08:29:52,0.289775,Ejina,41.95,101.06666666666666,940.5
2023-06-04 09:03:56,0.245268,Ejina,41.95,101.06666666666666,940.5
2023-06-04 09:14:53,0.268667,Ejina,41.95,101.06666666666666,940.5
2023-06-04 09:33:58,0.239776,Ejina,41.95,101.06666666666666,940.5
2023-06-04 09:36:55,0.229576,Ejina,41.95,101.06666666666666,940.5
2023-06-04 09:45:55,0.227038,Ejina,41.95,101.06666666666666,940.5
2023-06-04 10:03:55,0.244713,Ejina,41.95,101.06666666666666,940.5
2023-06-04 10:15:55,0.234895,Ejina,41.95,101.06666666666666,940.5
2023-06-04 10:20:11,0.235181,Ejina,41.95,101.06666666666666,940.5
2023-06-04 10:27:58,0.234672,Ejina,41.95,101.06666666666666,940.5
2023-06-04 10:42:56,0.230158,Ejina,41.95,101.06666666666666,940.5
2023-06-04 10:45:55,0.229145,Ejina,41.95,101.06666666666666,940.5
2023-06-04 10:48:25,0.232454,Ejina,41.95,101.06666666666666,940.5
2023-06-04 10:51:58,0.238451,Ejina,41.95,101.06666666666666,940.5
2023-06-04 10:57:58,0.238223,Ejina,41.95,101.06666666666666,940.5
2023-06-04 11:02:48,0.243027,Ejina,41.95,101.06666666666666,940.5
2023-06-04 11:08:39,0.242872,Ejina,41.95,101.06666666666666,940.5
2023-06-04 11:11:49,0.235507,Ejina,41.95,101.06666666666666,940.5
2023-06-04 11:15:57,0.227194,Ejina,41.95,101.06666666666666,940.5
2023-06-04 11:21:55,0.22842,Ejina,41.95,101.06666666666666,940.5
2023-06-04 11:24:57,0.235172,Ejina,41.95,101.06666666666666,940.5
2023-06-04 11:36:57,0.236746,Ejina,41.95,101.06666666666666,940.5
2023-06-04 11:38:59,0.232754,Ejina,41.95,101.06666666666666,940.5
2023-06-04 11:42:53,0.227852,Ejina,41.95,101.06666666666666,940.5
2023-06-04 11:44:46,0.223452,Ejina,41.95,101.06666666666666,940.5
2023-06-04 11:51:55,0.239074,Ejina,41.95,101.06666666666666,940.5
2023-06-04 22:45:28,0.161794,Ejina,41.95,101.06666666666666,940.5
2023-06-04 22:56:38,0.161826,Ejina,41.95,101.06666666666666,940.5
2023-06-04 23:00:56,0.160697,Ejina,41.95,101.06666666666666,940.5
2023-06-04 23:13:19,0.163362,Ejina,41.95,101.06666666666666,940.5
2023-06-04 23:58:28,0.181467,Ejina,41.95,101.06666666666666,940.5
2023-06-05 00:09:24,0.185043,Ejina,41.95,101.06666666666666,940.5
2023-06-05 01:30:04,0.211127,Ejina,41.95,101.06666666666666,940.5
2023-06-05 01:36:57,0.183051,Ejina,41.95,101.06666666666666,940.5
2023-06-05 01:42:56,0.189427,Ejina,41.95,101.06666666666666,940.5
2023-06-05 03:39:57,0.263787,Ejina,41.95,101.06666666666666,940.5
2023-06-05 04:03:59,0.249012,Ejina,41.95,101.06666666666666,940.5
2023-06-05 06:54:56,0.238156,Ejina,41.95,101.06666666666666,940.5
2023-06-05 06:57:57,0.206099,Ejina,41.95,101.06666666666666,940.5
2023-06-05 07:00:03,0.208384,Ejina,41.95,101.06666666666666,940.5
2023-06-05 09:09:56,0.260482,Ejina,41.95,101.06666666666666,940.5
2023-06-05 09:48:56,0.167392,Ejina,41.95,101.06666666666666,940.5
2023-06-05 10:03:56,0.225227,Ejina,41.95,101.06666666666666,940.5
2023-06-05 10:16:03,0.205177,Ejina,41.95,101.06666666666666,940.5
2023-06-05 10:20:46,0.156889,Ejina,41.95,101.06666666666666,940.5
2023-06-05 10:24:55,0.157956,Ejina,41.95,101.06666666666666,940.5
2023-06-05 10:45:58,0.250054,Ejina,41.95,101.06666666666666,940.5
2023-06-05 10:48:55,0.178185,Ejina,41.95,101.06666666666666,940.5
2023-06-05 10:50:50,0.152318,Ejina,41.95,101.06666666666666,940.5
2023-06-05 11:00:56,0.245607,Ejina,41.95,101.06666666666666,940.5
2023-06-05 11:08:37,0.133922,Ejina,41.95,101.06666666666666,940.5
2023-06-05 11:12:25,0.131984,Ejina,41.95,101.06666666666666,940.5
2023-06-05 11:16:53,0.128579,Ejina,41.95,101.06666666666666,940.5
2023-06-05 11:24:54,0.125488,Ejina,41.95,101.06666666666666,940.5
2023-06-05 11:26:51,0.123526,Ejina,41.95,101.06666666666666,940.5
2023-06-05 11:36:54,0.129028,Ejina,41.95,101.06666666666666,940.5
2023-06-05 11:39:35,0.122088,Ejina,41.95,101.06666666666666,940.5
2023-06-05 11:48:54,0.1192,Ejina,41.95,101.06666666666666,940.5
2023-06-05 11:50:52,0.118902,Ejina,41.95,101.06666666666666,940.5
2023-06-05 11:52:55,0.119394,Ejina,41.95,101.06666666666666,940.5
2023-06-05 23:39:56,0.309971,Ejina,41.95,101.06666666666666,940.5
2023-06-06 04:09:58,0.208087,Ejina,41.95,101.06666666666666,940.5
2023-06-06 04:12:58,0.190691,Ejina,41.95,101.06666666666666,940.5
2023-06-06 04:24:58,0.205387,Ejina,41.95,101.06666666666666,940.5
2023-06-06 09:20:08,0.165901,Ejina,41.95,101.06666666666666,940.5
2023-06-06 10:51:54,0.162866,Ejina,41.95,101.06666666666666,940.5
2023-06-06 11:00:57,0.141463,Ejina,41.95,101.06666666666666,940.5
2023-06-06 11:08:42,0.14836,Ejina,41.95,101.06666666666666,940.5
2023-06-06 11:12:55,0.139339,Ejina,41.95,101.06666666666666,940.5
2023-06-06 11:14:54,0.13467,Ejina,41.95,101.06666666666666,940.5
2023-06-06 11:17:29,0.133461,Ejina,41.95,101.06666666666666,940.5
2023-06-06 11:22:05,0.142643,Ejina,41.95,101.06666666666666,940.5
2023-06-06 22:56:39,0.088171,Ejina,41.95,101.06666666666666,940.5
2023-06-06 23:00:56,0.087259,Ejina,41.95,101.06666666666666,940.5
2023-06-06 23:06:56,0.087215,Ejina,41.95,101.06666666666666,940.5
2023-06-06 23:22:09,0.091358,Ejina,41.95,101.06666666666666,940.5
2023-06-06 23:24:55,0.090177,Ejina,41.95,101.06666666666666,940.5
2023-06-06 23:30:57,0.094791,Ejina,41.95,101.06666666666666,940.5
2023-06-06 23:36:56,0.095309,Ejina,41.95,101.06666666666666,940.5
2023-06-06 23:39:56,0.095304,Ejina,41.95,101.06666666666666,940.5
2023-06-06 23:53:14,0.097499,Ejina,41.95,101.06666666666666,940.5
2023-06-06 23:59:48,0.098163,Ejina,41.95,101.06666666666666,940.5
2023-06-07 00:55:01,0.113805,Ejina,41.95,101.06666666666666,940.5
2023-06-07 01:09:57,0.11941,Ejina,41.95,101.06666666666666,940.5
2023-06-07 01:11:55,0.120873,Ejina,41.95,101.06666666666666,940.5
2023-06-07 01:16:45,0.121337,Ejina,41.95,101.06666666666666,940.5
2023-06-07 01:21:57,0.123144,Ejina,41.95,101.06666666666666,940.5
2023-06-07 01:27:58,0.124262,Ejina,41.95,101.06666666666666,940.5
2023-06-07 01:30:25,0.125457,Ejina,41.95,101.06666666666666,940.5
2023-06-07 01:33:58,0.12564,Ejina,41.95,101.06666666666666,940.5
2023-06-07 01:45:25,0.129824,Ejina,41.95,101.06666666666666,940.5
2023-06-07 01:51:59,0.129804,Ejina,41.95,101.06666666666666,940.5
2023-06-07 01:57:56,0.130836,Ejina,41.95,101.06666666666666,940.5
2023-06-07 02:00:23,0.131672,Ejina,41.95,101.06666666666666,940.5
2023-06-07 02:03:57,0.132035,Ejina,41.95,101.06666666666666,940.5
2023-06-07 02:06:57,0.133257,Ejina,41.95,101.06666666666666,940.5
2023-06-07 02:09:57,0.133461,Ejina,41.95,101.06666666666666,940.5
2023-06-07 02:15:25,0.13552,Ejina,41.95,101.06666666666666,940.5
2023-06-07 02:18:57,0.136084,Ejina,41.95,101.06666666666666,940.5
2023-06-07 02:27:57,0.138602,Ejina,41.95,101.06666666666666,940.5
2023-06-07 02:48:57,0.14774,Ejina,41.95,101.06666666666666,940.5
2023-06-07 03:00:25,0.152756,Ejina,41.95,101.06666666666666,940.5
2023-06-07 03:18:58,0.153574,Ejina,41.95,101.06666666666666,940.5
2023-06-07 03:33:59,0.164988,Ejina,41.95,101.06666666666666,940.5
2023-06-07 03:36:58,0.162888,Ejina,41.95,101.06666666666666,940.5
2023-06-07 03:42:58,0.161255,Ejina,41.95,101.06666666666666,940.5
2023-06-07 03:51:58,0.156366,Ejina,41.95,101.06666666666666,940.5
2023-06-07 03:54:58,0.156748,Ejina,41.95,101.06666666666666,940.5
2023-06-07 04:07:02,0.154745,Ejina,41.95,101.06666666666666,940.5
2023-06-07 04:18:58,0.155722,Ejina,41.95,101.06666666666666,940.5
2023-06-07 04:36:58,0.157095,Ejina,41.95,101.06666666666666,940.5
2023-06-07 04:39:58,0.15727,Ejina,41.95,101.06666666666666,940.5
2023-06-07 04:45:25,0.159239,Ejina,41.95,101.06666666666666,940.5
2023-06-07 04:48:57,0.161084,Ejina,41.95,101.06666666666666,940.5
2023-06-07 04:51:57,0.160165,Ejina,41.95,101.06666666666666,940.5
2023-06-07 04:54:58,0.159699,Ejina,41.95,101.06666666666666,940.5
2023-06-07 04:57:58,0.159525,Ejina,41.95,101.06666666666666,940.5
2023-06-07 05:00:25,0.15797,Ejina,41.95,101.06666666666666,940.5
2023-06-07 05:03:59,0.159209,Ejina,41.95,101.06666666666666,940.5
2023-06-07 05:06:57,0.159965,Ejina,41.95,101.06666666666666,940.5
2023-06-07 05:09:58,0.16118,Ejina,41.95,101.06666666666666,940.5
2023-06-07 05:12:57,0.16091,Ejina,41.95,101.06666666666666,940.5
2023-06-07 05:24:57,0.163237,Ejina,41.95,101.06666666666666,940.5
2023-06-07 05:27:57,0.163362,Ejina,41.95,101.06666666666666,940.5
2023-06-07 05:30:25,0.162473,Ejina,41.95,101.06666666666666,940.5
2023-06-07 05:42:58,0.161816,Ejina,41.95,101.06666666666666,940.5
2023-06-07 05:48:57,0.16172,Ejina,41.95,101.06666666666666,940.5
2023-06-07 05:51:56,0.163764,Ejina,41.95,101.06666666666666,940.5
2023-06-07 06:00:24,0.161642,Ejina,41.95,101.06666666666666,940.5
2023-06-07 06:09:56,0.163628,Ejina,41.95,101.06666666666666,940.5
2023-06-07 06:12:57,0.160572,Ejina,41.95,101.06666666666666,940.5
2023-06-07 06:21:57,0.158162,Ejina,41.95,101.06666666666666,940.5
2023-06-07 06:30:25,0.157458,Ejina,41.95,101.06666666666666,940.5
2023-06-07 06:39:56,0.167819,Ejina,41.95,101.06666666666666,940.5
2023-06-07 06:42:58,0.168737,Ejina,41.95,101.06666666666666,940.5
2023-06-07 06:45:23,0.166216,Ejina,41.95,101.06666666666666,940.5
2023-06-07 06:48:57,0.166386,Ejina,41.95,101.06666666666666,940.5
2023-06-07 06:57:57,0.174868,Ejina,41.95,101.06666666666666,940.5
2023-06-07 07:03:56,0.178025,Ejina,41.95,101.06666666666666,940.5
2023-06-07 07:06:56,0.180029,Ejina,41.95,101.06666666666666,940.5
2023-06-07 07:21:57,0.189407,Ejina,41.95,101.06666666666666,940.5
2023-06-07 07:24:56,0.186232,Ejina,41.95,101.06666666666666,940.5
2023-06-07 07:30:23,0.1831,Ejina,41.95,101.06666666666666,940.5
2023-06-07 07:42:56,0.190845,Ejina,41.95,101.06666666666666,940.5
2023-06-07 08:09:56,0.194997,Ejina,41.95,101.06666666666666,940.5
2023-06-07 08:12:56,0.201269,Ejina,41.95,101.06666666666666,940.5
2023-06-07 08:15:25,0.209583,Ejina,41.95,101.06666666666666,940.5
2023-06-07 08:27:56,0.195367,Ejina,41.95,101.06666666666666,940.5
2023-06-07 08:36:56,0.203299,Ejina,41.95,101.06666666666666,940.5
2023-06-07 08:42:56,0.190066,Ejina,41.95,101.06666666666666,940.5
2023-06-07 08:48:56,0.189757,Ejina,41.95,101.06666666666666,940.5
2023-06-07 09:15:24,0.187721,Ejina,41.95,101.06666666666666,940.5
2023-06-07 09:33:56,0.209847,Ejina,41.95,101.06666666666666,940.5
2023-06-07 10:00:56,0.201765,Ejina,41.95,101.06666666666666,940.5
2023-06-07 10:06:57,0.204952,Ejina,41.95,101.06666666666666,940.5
2023-06-07 10:08:57,0.205657,Ejina,41.95,101.06666666666666,940.5
2023-06-07 10:19:00,0.202394,Ejina,41.95,101.06666666666666,940.5
2023-06-07 10:24:55,0.202613,Ejina,41.95,101.06666666666666,940.5
2023-06-07 10:32:43,0.203689,Ejina,41.95,101.06666666666666,940.5
2023-06-07 10:50:37,0.197644,Ejina,41.95,101.06666666666666,940.5
2023-06-07 11:03:12,0.192071,Ejina,41.95,101.06666666666666,940.5
2023-06-07 11:08:39,0.188041,Ejina,41.95,101.06666666666666,940.5
2023-06-07 11:14:39,0.18632,Ejina,41.95,101.06666666666666,940.5
2023-06-07 11:18:04,0.184226,Ejina,41.95,101.06666666666666,940.5
2023-06-07 11:27:13,0.176233,Ejina,41.95,101.06666666666666,940.5
2023-06-07 11:30:55,0.176923,Ejina,41.95,101.06666666666666,940.5
2023-06-07 11:33:55,0.173258,Ejina,41.95,101.06666666666666,940.5
2023-06-07 11:35:53,0.170307,Ejina,41.95,101.06666666666666,940.5
2023-06-08 01:10:29,0.189564,Ejina,41.95,101.06666666666666,940.5
2023-06-08 01:27:56,0.193438,Ejina,41.95,101.06666666666666,940.5
2023-06-08 01:42:56,0.198099,Ejina,41.95,101.06666666666666,940.5
2023-06-08 01:45:35,0.198394,Ejina,41.95,101.06666666666666,940.5
2023-06-08 01:48:57,0.198633,Ejina,41.95,101.06666666666666,940.5
2023-06-08 01:51:57,0.199228,Ejina,41.95,101.06666666666666,940.5
2023-06-08 01:57:58,0.200693,Ejina,41.95,101.06666666666666,940.5
2023-06-08 02:03:57,0.203691,Ejina,41.95,101.06666666666666,940.5
2023-06-08 02:12:57,0.211545,Ejina,41.95,101.06666666666666,940.5
2023-06-08 02:15:36,0.21169,Ejina,41.95,101.06666666666666,940.5
2023-06-08 02:21:57,0.213986,Ejina,41.95,101.06666666666666,940.5
2023-06-08 02:36:57,0.229494,Ejina,41.95,101.06666666666666,940.5
2023-06-08 02:39:57,0.221302,Ejina,41.95,101.06666666666666,940.5
2023-06-08 02:42:57,0.223783,Ejina,41.95,101.06666666666666,940.5
2023-06-08 02:45:35,0.239766,Ejina,41.95,101.06666666666666,940.5
2023-06-08 02:57:57,0.248827,Ejina,41.95,101.06666666666666,940.5
2023-06-08 03:03:57,0.258098,Ejina,41.95,101.06666666666666,940.5
2023-06-08 03:18:57,0.256263,Ejina,41.95,101.06666666666666,940.5
2023-06-08 03:27:59,0.23989,Ejina,41.95,101.06666666666666,940.5
2023-06-08 03:30:36,0.249816,Ejina,41.95,101.06666666666666,940.5
2023-06-08 03:52:03,0.25715,Ejina,41.95,101.06666666666666,940.5
2023-06-08 03:54:58,0.264547,Ejina,41.95,101.06666666666666,940.5
2023-06-08 03:57:58,0.26631,Ejina,41.95,101.06666666666666,940.5
2023-06-08 04:03:58,0.271194,Ejina,41.95,101.06666666666666,940.5
2023-06-08 04:13:00,0.256225,Ejina,41.95,101.06666666666666,940.5
2023-06-08 04:21:59,0.248496,Ejina,41.95,101.06666666666666,940.5
2023-06-08 04:33:58,0.23876,Ejina,41.95,101.06666666666666,940.5
2023-06-08 04:36:58,0.23457,Ejina,41.95,101.06666666666666,940.5
2023-06-08 04:42:58,0.23353,Ejina,41.95,101.06666666666666,940.5
2023-06-08 04:51:58,0.229567,Ejina,41.95,101.06666666666666,940.5
2023-06-08 05:00:36,0.234467,Ejina,41.95,101.06666666666666,940.5
2023-06-08 05:03:58,0.236777,Ejina,41.95,101.06666666666666,940.5
2023-06-08 05:06:59,0.236133,Ejina,41.95,101.06666666666666,940.5
2023-06-08 05:09:58,0.23802,Ejina,41.95,101.06666666666666,940.5
2023-06-08 05:12:58,0.238759,Ejina,41.95,101.06666666666666,940.5
2023-06-08 05:15:38,0.238777,Ejina,41.95,101.06666666666666,940.5
2023-06-08 05:21:57,0.240781,Ejina,41.95,101.06666666666666,940.5
2023-06-08 05:27:57,0.241887,Ejina,41.95,101.06666666666666,940.5
2023-06-08 05:39:57,0.239359,Ejina,41.95,101.06666666666666,940.5
2023-06-08 06:09:57,0.235047,Ejina,41.95,101.06666666666666,940.5
2023-06-08 06:15:37,0.233737,Ejina,41.95,101.06666666666666,940.5
2023-06-08 06:25:01,0.235841,Ejina,41.95,101.06666666666666,940.5
2023-06-08 06:30:34,0.231877,Ejina,41.95,101.06666666666666,940.5
2023-06-08 06:36:56,0.232201,Ejina,41.95,101.06666666666666,940.5
2023-06-08 06:39:57,0.227207,Ejina,41.95,101.06666666666666,940.5
2023-06-08 06:42:57,0.228244,Ejina,41.95,101.06666666666666,940.5
2023-06-08 06:45:35,0.227357,Ejina,41.95,101.06666666666666,940.5
2023-06-08 06:48:57,0.22995,Ejina,41.95,101.06666666666666,940.5
2023-06-08 06:57:56,0.227523,Ejina,41.95,101.06666666666666,940.5
2023-06-08 07:03:57,0.230685,Ejina,41.95,101.06666666666666,940.5
2023-06-08 07:24:57,0.221203,Ejina,41.95,101.06666666666666,940.5
2023-06-08 07:30:35,0.217715,Ejina,41.95,101.06666666666666,940.5
2023-06-08 07:54:56,0.21939,Ejina,41.95,101.06666666666666,940.5
2023-06-08 08:03:57,0.211992,Ejina,41.95,101.06666666666666,940.5
2023-06-08 08:15:36,0.214644,Ejina,41.95,101.06666666666666,940.5
2023-06-08 08:33:57,0.207242,Ejina,41.95,101.06666666666666,940.5
2023-06-08 08:45:35,0.201321,Ejina,41.95,101.06666666666666,940.5
2023-06-08 08:51:55,0.20135,Ejina,41.95,101.06666666666666,940.5
2023-06-08 08:57:56,0.197976,Ejina,41.95,101.06666666666666,940.5
2023-06-09 01:45:46,0.21552,Ejina,41.95,101.06666666666666,940.5
2023-06-09 01:54:58,0.226511,Ejina,41.95,101.06666666666666,940.5
2023-06-09 02:00:46,0.229877,Ejina,41.95,101.06666666666666,940.5
2023-06-09 02:04:02,0.242728,Ejina,41.95,101.06666666666666,940.5
2023-06-09 02:09:57,0.252023,Ejina,41.95,101.06666666666666,940.5
2023-06-09 02:24:57,0.256534,Ejina,41.95,101.06666666666666,940.5
2023-06-09 02:27:57,0.25949,Ejina,41.95,101.06666666666666,940.5
2023-06-09 02:36:57,0.257281,Ejina,41.95,101.06666666666666,940.5
2023-06-09 02:42:56,0.260221,Ejina,41.95,101.06666666666666,940.5
2023-06-09 02:54:59,0.254016,Ejina,41.95,101.06666666666666,940.5
2023-06-09 03:15:49,0.261297,Ejina,41.95,101.06666666666666,940.5
2023-06-09 03:24:58,0.266934,Ejina,41.95,101.06666666666666,940.5
2023-06-09 03:27:57,0.264192,Ejina,41.95,101.06666666666666,940.5
2023-06-09 03:36:58,0.261597,Ejina,41.95,101.06666666666666,940.5
2023-06-09 03:39:58,0.267707,Ejina,41.95,101.06666666666666,940.5
2023-06-09 03:55:00,0.27235,Ejina,41.95,101.06666666666666,940.5
2023-06-09 03:57:59,0.275016,Ejina,41.95,101.06666666666666,940.5
2023-06-09 04:03:58,0.278548,Ejina,41.95,101.06666666666666,940.5
2023-06-09 04:09:58,0.279824,Ejina,41.95,101.06666666666666,940.5
2023-06-09 04:27:59,0.281125,Ejina,41.95,101.06666666666666,940.5
2023-06-09 04:30:48,0.275765,Ejina,41.95,101.06666666666666,940.5
2023-06-09 04:33:58,0.278874,Ejina,41.95,101.06666666666666,940.5
2023-06-09 04:39:58,0.283499,Ejina,41.95,101.06666666666666,940.5
2023-06-09 04:45:47,0.28586,Ejina,41.95,101.06666666666666,940.5
2023-06-09 04:57:58,0.286651,Ejina,41.95,101.06666666666666,940.5
2023-06-09 05:03:58,0.282372,Ejina,41.95,101.06666666666666,940.5
2023-06-09 05:06:58,0.284906,Ejina,41.95,101.06666666666666,940.5
2023-06-09 05:09:57,0.280965,Ejina,41.95,101.06666666666666,940.5
2023-06-09 05:12:58,0.27297,Ejina,41.95,101.06666666666666,940.5
2023-06-09 05:18:58,0.273754,Ejina,41.95,101.06666666666666,940.5
2023-06-09 05:24:57,0.275662,Ejina,41.95,101.06666666666666,940.5
2023-06-09 05:27:58,0.279245,Ejina,41.95,101.06666666666666,940.5
2023-06-09 05:30:46,0.277774,Ejina,41.95,101.06666666666666,940.5
2023-06-09 05:36:57,0.276066,Ejina,41.95,101.06666666666666,940.5
2023-06-09 05:45:46,0.281241,Ejina,41.95,101.06666666666666,940.5
2023-06-09 06:06:57,0.27513,Ejina,41.95,101.06666666666666,940.5
2023-06-09 06:09:57,0.27636,Ejina,41.95,101.06666666666666,940.5
2023-06-09 06:21:57,0.271013,Ejina,41.95,101.06666666666666,940.5
2023-06-09 06:24:59,0.269053,Ejina,41.95,101.06666666666666,940.5
2023-06-09 06:27:57,0.266671,Ejina,41.95,101.06666666666666,940.5
2023-06-09 06:33:56,0.262443,Ejina,41.95,101.06666666666666,940.5
2023-06-09 06:48:56,0.255741,Ejina,41.95,101.06666666666666,940.5
2023-06-09 06:54:56,0.253684,Ejina,41.95,101.06666666666666,940.5
2023-06-09 07:03:57,0.243055,Ejina,41.95,101.06666666666666,940.5
2023-06-09 07:06:56,0.254375,Ejina,41.95,101.06666666666666,940.5
2023-06-09 08:15:46,0.219115,Ejina,41.95,101.06666666666666,940.5
2023-06-09 08:30:53,0.210211,Ejina,41.95,101.06666666666666,940.5
2023-06-09 08:36:55,0.225874,Ejina,41.95,101.06666666666666,940.5
2023-06-09 09:24:56,0.224461,Ejina,41.95,101.06666666666666,940.5
2023-06-09 09:27:56,0.225718,Ejina,41.95,101.06666666666666,940.5
2023-06-09 10:00:56,0.220743,Ejina,41.95,101.06666666666666,940.5
2023-06-09 10:12:55,0.216005,Ejina,41.95,101.06666666666666,940.5
2023-06-09 10:58:06,0.209256,Ejina,41.95,101.06666666666666,940.5
2023-06-09 11:03:55,0.215288,Ejina,41.95,101.06666666666666,940.5
2023-06-09 11:05:47,0.215324,Ejina,41.95,101.06666666666666,940.5
2023-06-09 11:27:57,0.208141,Ejina,41.95,101.06666666666666,940.5
2023-06-09 11:35:44,0.212743,Ejina,41.95,101.06666666666666,940.5
2023-06-09 11:39:54,0.214245,Ejina,41.95,101.06666666666666,940.5
2023-06-09 11:41:51,0.210821,Ejina,41.95,101.06666666666666,940.5
2023-06-09 23:03:09,0.628552,Ejina,41.95,101.06666666666666,940.5
2023-06-09 23:21:44,0.701996,Ejina,41.95,101.06666666666666,940.5
2023-06-09 23:33:20,0.679508,Ejina,41.95,101.06666666666666,940.5
2023-06-09 23:36:56,0.692163,Ejina,41.95,101.06666666666666,940.5
2023-06-09 23:48:22,0.799156,Ejina,41.95,101.06666666666666,940.5
2023-06-09 23:51:56,0.801297,Ejina,41.95,101.06666666666666,940.5
2023-06-10 00:08:40,0.858005,Ejina,41.95,101.06666666666666,940.5
2023-06-10 00:54:57,1.01291,Ejina,41.95,101.06666666666666,940.5
2023-06-10 00:57:57,1.003762,Ejina,41.95,101.06666666666666,940.5
2023-06-10 01:00:56,1.006822,Ejina,41.95,101.06666666666666,940.5
2023-06-10 01:06:56,1.012448,Ejina,41.95,101.06666666666666,940.5
2023-06-10 01:09:57,1.048784,Ejina,41.95,101.06666666666666,940.5
2023-06-10 01:11:50,1.029702,Ejina,41.95,101.06666666666666,940.5
2023-06-10 01:16:49,1.051938,Ejina,41.95,101.06666666666666,940.5
2023-06-10 01:21:57,1.081818,Ejina,41.95,101.06666666666666,940.5
2023-06-10 01:24:58,1.078864,Ejina,41.95,101.06666666666666,940.5
2023-06-10 02:02:53,1.113922,Ejina,41.95,101.06666666666666,940.5
2023-06-10 02:06:59,1.126686,Ejina,41.95,101.06666666666666,940.5
2023-06-10 02:09:57,1.136569,Ejina,41.95,101.06666666666666,940.5
2023-06-10 02:17:51,1.16002,Ejina,41.95,101.06666666666666,940.5
2023-06-10 02:42:58,1.312369,Ejina,41.95,101.06666666666666,940.5
2023-06-10 02:47:54,1.303759,Ejina,41.95,101.06666666666666,940.5
2023-06-10 02:54:57,1.30349,Ejina,41.95,101.06666666666666,940.5
2023-06-10 02:57:58,1.286681,Ejina,41.95,101.06666666666666,940.5
2023-06-10 03:06:57,1.310314,Ejina,41.95,101.06666666666666,940.5
2023-06-10 03:09:58,1.368895,Ejina,41.95,101.06666666666666,940.5
2023-06-10 03:17:43,1.302007,Ejina,41.95,101.06666666666666,940.5
2023-06-10 04:06:56,1.506282,Ejina,41.95,101.06666666666666,940.5
2023-06-10 04:09:59,1.529377,Ejina,41.95,101.06666666666666,940.5
2023-06-10 04:15:58,1.543334,Ejina,41.95,101.06666666666666,940.5
2023-06-10 04:24:58,1.507777,Ejina,41.95,101.06666666666666,940.5
2023-06-10 04:27:58,1.451153,Ejina,41.95,101.06666666666666,940.5
2023-06-10 04:31:42,1.437779,Ejina,41.95,101.06666666666666,940.5
2023-06-10 04:33:58,1.41368,Ejina,41.95,101.06666666666666,940.5
2023-06-10 04:40:00,1.376524,Ejina,41.95,101.06666666666666,940.5
2023-06-10 04:45:57,1.328482,Ejina,41.95,101.06666666666666,940.5
2023-06-10 04:47:50,1.335156,Ejina,41.95,101.06666666666666,940.5
2023-06-10 04:54:58,1.361147,Ejina,41.95,101.06666666666666,940.5
2023-06-10 05:01:53,1.30259,Ejina,41.95,101.06666666666666,940.5
2023-06-10 05:04:14,1.276743,Ejina,41.95,101.06666666666666,940.5
2023-06-10 05:09:58,1.291161,Ejina,41.95,101.06666666666666,940.5
2023-06-10 05:12:57,1.310011,Ejina,41.95,101.06666666666666,940.5
2023-06-10 05:15:58,1.274792,Ejina,41.95,101.06666666666666,940.5
2023-06-10 05:25:14,1.242591,Ejina,41.95,101.06666666666666,940.5
2023-06-10 05:39:57,1.143629,Ejina,41.95,101.06666666666666,940.5
2023-06-10 05:51:57,1.094772,Ejina,41.95,101.06666666666666,940.5
2023-06-10 06:00:59,0.976067,Ejina,41.95,101.06666666666666,940.5
2023-06-10 06:02:50,0.99289,Ejina,41.95,101.06666666666666,940.5
2023-06-10 06:10:00,0.996244,Ejina,41.95,101.06666666666666,940.5
2023-06-10 06:12:57,0.986175,Ejina,41.95,101.06666666666666,940.5
2023-06-10 06:51:56,0.796576,Ejina,41.95,101.06666666666666,940.5
2023-06-10 06:57:56,0.80711,Ejina,41.95,101.06666666666666,940.5
2023-06-10 07:02:51,0.836961,Ejina,41.95,101.06666666666666,940.5
2023-06-10 07:27:56,0.831138,Ejina,41.95,101.06666666666666,940.5
2023-06-10 07:48:57,0.924721,Ejina,41.95,101.06666666666666,940.5
2023-06-10 08:39:56,0.751827,Ejina,41.95,101.06666666666666,940.5
2023-06-10 09:54:06,0.837126,Ejina,41.95,101.06666666666666,940.5
2023-06-11 00:21:44,0.422256,Ejina,41.95,101.06666666666666,940.5
2023-06-11 00:57:56,0.376313,Ejina,41.95,101.06666666666666,940.5
2023-06-11 01:04:00,0.369867,Ejina,41.95,101.06666666666666,940.5
2023-06-11 01:06:56,0.364474,Ejina,41.95,101.06666666666666,940.5
2023-06-11 01:09:56,0.373747,Ejina,41.95,101.06666666666666,940.5
2023-06-11 01:16:09,0.379367,Ejina,41.95,101.06666666666666,940.5
2023-06-11 01:46:11,0.429719,Ejina,41.95,101.06666666666666,940.5
2023-06-11 01:48:57,0.442384,Ejina,41.95,101.06666666666666,940.5
2023-06-11 02:15:57,0.53332,Ejina,41.95,101.06666666666666,940.5
2023-06-11 05:03:59,0.679497,Ejina,41.95,101.06666666666666,940.5
2023-06-11 05:18:58,0.769409,Ejina,41.95,101.06666666666666,940.5
2023-06-11 05:24:58,0.778525,Ejina,41.95,101.06666666666666,940.5
2023-06-11 05:27:57,0.777767,Ejina,41.95,101.06666666666666,940.5
2023-06-11 05:30:57,0.749785,Ejina,41.95,101.06666666666666,940.5
2023-06-11 05:33:57,0.756513,Ejina,41.95,101.06666666666666,940.5
2023-06-11 05:43:09,0.648167,Ejina,41.95,101.06666666666666,940.5
2023-06-11 05:48:57,0.6684,Ejina,41.95,101.06666666666666,940.5
2023-06-11 06:09:56,0.649154,Ejina,41.95,101.06666666666666,940.5
2023-06-11 06:15:57,0.621292,Ejina,41.95,101.06666666666666,940.5
2023-06-11 06:27:57,0.542217,Ejina,41.95,101.06666666666666,940.5
2023-06-11 06:32:51,0.584183,Ejina,41.95,101.06666666666666,940.5
2023-06-11 06:37:07,0.5556,Ejina,41.95,101.06666666666666,940.5
2023-06-11 06:39:58,0.507312,Ejina,41.95,101.06666666666666,940.5
2023-06-11 06:57:56,0.476894,Ejina,41.95,101.06666666666666,940.5
2023-06-11 07:00:56,0.438962,Ejina,41.95,101.06666666666666,940.5
2023-06-11 07:02:50,0.429359,Ejina,41.95,101.06666666666666,940.5
2023-06-11 07:06:55,0.441688,Ejina,41.95,101.06666666666666,940.5
2023-06-11 07:27:58,0.456345,Ejina,41.95,101.06666666666666,940.5
2023-06-11 07:30:57,0.441537,Ejina,41.95,101.06666666666666,940.5
2023-06-11 07:46:40,0.409402,Ejina,41.95,101.06666666666666,940.5
2023-06-11 07:51:57,0.42161,Ejina,41.95,101.06666666666666,940.5
2023-06-11 08:00:56,0.41867,Ejina,41.95,101.06666666666666,940.5
2023-06-11 08:06:56,0.394457,Ejina,41.95,101.06666666666666,940.5
2023-06-11 08:09:56,0.383366,Ejina,41.95,101.06666666666666,940.5
2023-06-11 08:24:56,0.407679,Ejina,41.95,101.06666666666666,940.5
2023-06-11 08:33:55,0.370188,Ejina,41.95,101.06666666666666,940.5
2023-06-11 09:02:37,0.379349,Ejina,41.95,101.06666666666666,940.5
2023-06-11 09:23:40,0.33147,Ejina,41.95,101.06666666666666,940.5
2023-06-11 09:27:55,0.339199,Ejina,41.95,101.06666666666666,940.5
2023-06-11 09:33:56,0.353778,Ejina,41.95,101.06666666666666,940.5
2023-06-11 09:45:56,0.354564,Ejina,41.95,101.06666666666666,940.5
2023-06-11 10:03:55,0.324907,Ejina,41.95,101.06666666666666,940.5
2023-06-11 10:09:55,0.313826,Ejina,41.95,101.06666666666666,940.5
2023-06-11 10:23:42,0.29654,Ejina,41.95,101.06666666666666,940.5
2023-06-11 10:33:55,0.292459,Ejina,41.95,101.06666666666666,940.5
2023-06-11 10:35:47,0.29407,Ejina,41.95,101.06666666666666,940.5
2023-06-11 10:39:55,0.294698,Ejina,41.95,101.06666666666666,940.5
2023-06-11 10:43:59,0.289673,Ejina,41.95,101.06666666666666,940.5
2023-06-11 10:48:56,0.285347,Ejina,41.95,101.06666666666666,940.5
2023-06-11 10:53:13,0.283154,Ejina,41.95,101.06666666666666,940.5
2023-06-11 11:29:15,0.294539,Ejina,41.95,101.06666666666666,940.5
2023-06-11 11:36:45,0.274302,Ejina,41.95,101.06666666666666,940.5
2023-06-11 23:48:41,0.175448,Ejina,41.95,101.06666666666666,940.5
2023-06-11 23:57:34,0.175797,Ejina,41.95,101.06666666666666,940.5
2023-06-12 00:01:01,0.174646,Ejina,41.95,101.06666666666666,940.5
2023-06-12 00:58:06,0.197,Ejina,41.95,101.06666666666666,940.5
2023-06-12 01:42:57,0.212571,Ejina,41.95,101.06666666666666,940.5
2023-06-12 01:46:01,0.21283,Ejina,41.95,101.06666666666666,940.5
2023-06-12 01:47:49,0.213196,Ejina,41.95,101.06666666666666,940.5
2023-06-12 01:51:56,0.211243,Ejina,41.95,101.06666666666666,940.5
2023-06-12 01:54:57,0.21108,Ejina,41.95,101.06666666666666,940.5
2023-06-12 02:00:57,0.210754,Ejina,41.95,101.06666666666666,940.5
2023-06-12 02:02:48,0.208537,Ejina,41.95,101.06666666666666,940.5
2023-06-12 02:06:57,0.207342,Ejina,41.95,101.06666666666666,940.5
2023-06-12 02:16:21,0.21234,Ejina,41.95,101.06666666666666,940.5
2023-06-12 02:31:19,0.211684,Ejina,41.95,101.06666666666666,940.5
2023-06-12 02:33:58,0.212259,Ejina,41.95,101.06666666666666,940.5
2023-06-12 02:51:57,0.210517,Ejina,41.95,101.06666666666666,940.5
2023-06-12 02:54:57,0.210105,Ejina,41.95,101.06666666666666,940.5
2023-06-12 03:01:20,0.208683,Ejina,41.95,101.06666666666666,940.5
2023-06-12 03:17:13,0.209987,Ejina,41.95,101.06666666666666,940.5
2023-06-12 03:27:58,0.21401,Ejina,41.95,101.06666666666666,940.5
2023-06-12 03:32:10,0.213107,Ejina,41.95,101.06666666666666,940.5
2023-06-12 03:42:58,0.216752,Ejina,41.95,101.06666666666666,940.5
2023-06-12 03:46:42,0.216479,Ejina,41.95,101.06666666666666,940.5
2023-06-12 03:51:58,0.219483,Ejina,41.95,101.06666666666666,940.5
2023-06-12 04:06:58,0.21757,Ejina,41.95,101.06666666666666,940.5
2023-06-12 04:09:58,0.219213,Ejina,41.95,101.06666666666666,940.5
2023-06-12 04:16:01,0.214401,Ejina,41.95,101.06666666666666,940.5
2023-06-12 04:18:58,0.219794,Ejina,41.95,101.06666666666666,940.5
2023-06-12 04:24:58,0.218011,Ejina,41.95,101.06666666666666,940.5
2023-06-12 04:27:58,0.218922,Ejina,41.95,101.06666666666666,940.5
2023-06-12 04:32:42,0.219151,Ejina,41.95,101.06666666666666,940.5
2023-06-12 04:39:58,0.223228,Ejina,41.95,101.06666666666666,940.5
2023-06-12 04:42:58,0.225166,Ejina,41.95,101.06666666666666,940.5
2023-06-12 04:48:58,0.226378,Ejina,41.95,101.06666666666666,940.5
2023-06-12 04:51:57,0.223104,Ejina,41.95,101.06666666666666,940.5
2023-06-12 04:54:57,0.216119,Ejina,41.95,101.06666666666666,940.5
2023-06-12 04:57:58,0.21352,Ejina,41.95,101.06666666666666,940.5
2023-06-12 05:00:57,0.224339,Ejina,41.95,101.06666666666666,940.5
2023-06-12 05:06:58,0.214175,Ejina,41.95,101.06666666666666,940.5
2023-06-12 05:09:57,0.203478,Ejina,41.95,101.06666666666666,940.5
2023-06-12 05:12:58,0.200437,Ejina,41.95,101.06666666666666,940.5
2023-06-12 05:15:58,0.219329,Ejina,41.95,101.06666666666666,940.5
2023-06-12 05:18:57,0.231434,Ejina,41.95,101.06666666666666,940.5
2023-06-12 05:21:58,0.225808,Ejina,41.95,101.06666666666666,940.5
2023-06-12 05:24:57,0.211697,Ejina,41.95,101.06666666666666,940.5
2023-06-12 05:32:10,0.200785,Ejina,41.95,101.06666666666666,940.5
2023-06-12 05:36:57,0.200458,Ejina,41.95,101.06666666666666,940.5
2023-06-12 05:42:58,0.212552,Ejina,41.95,101.06666666666666,940.5
2023-06-12 05:51:57,0.214046,Ejina,41.95,101.06666666666666,940.5
2023-06-12 06:09:57,0.228398,Ejina,41.95,101.06666666666666,940.5
2023-06-12 06:12:57,0.222576,Ejina,41.95,101.06666666666666,940.5
2023-06-12 06:15:56,0.219124,Ejina,41.95,101.06666666666666,940.5
2023-06-12 06:17:49,0.217338,Ejina,41.95,101.06666666666666,940.5
2023-06-12 06:30:56,0.212345,Ejina,41.95,101.06666666666666,940.5
2023-06-12 06:32:48,0.218374,Ejina,41.95,101.06666666666666,940.5
2023-06-12 06:36:57,0.222466,Ejina,41.95,101.06666666666666,940.5
2023-06-12 06:45:57,0.206457,Ejina,41.95,101.06666666666666,940.5
2023-06-12 06:51:56,0.206684,Ejina,41.95,101.06666666666666,940.5
2023-06-12 07:00:56,0.208651,Ejina,41.95,101.06666666666666,940.5
2023-06-12 07:06:57,0.211982,Ejina,41.95,101.06666666666666,940.5
2023-06-12 07:21:56,0.210463,Ejina,41.95,101.06666666666666,940.5
2023-06-12 07:24:57,0.206098,Ejina,41.95,101.06666666666666,940.5
2023-06-12 07:30:56,0.204944,Ejina,41.95,101.06666666666666,940.5
2023-06-12 07:32:50,0.205763,Ejina,41.95,101.06666666666666,940.5
2023-06-12 07:47:39,0.212549,Ejina,41.95,101.06666666666666,940.5
2023-06-12 08:00:56,0.217939,Ejina,41.95,101.06666666666666,940.5
2023-06-12 08:06:56,0.221061,Ejina,41.95,101.06666666666666,940.5
2023-06-12 08:21:56,0.230829,Ejina,41.95,101.06666666666666,940.5
2023-06-12 08:39:57,0.220694,Ejina,41.95,101.06666666666666,940.5
2023-06-12 08:42:55,0.21453,Ejina,41.95,101.06666666666666,940.5
2023-06-12 08:54:56,0.19806,Ejina,41.95,101.06666666666666,940.5
2023-06-12 08:57:57,0.196173,Ejina,41.95,101.06666666666666,940.5
2023-06-12 09:00:56,0.197593,Ejina,41.95,101.06666666666666,940.5
2023-06-12 09:09:56,0.196071,Ejina,41.95,101.06666666666666,940.5
2023-06-12 09:39:55,0.187669,Ejina,41.95,101.06666666666666,940.5
2023-06-12 09:42:57,0.188796,Ejina,41.95,101.06666666666666,940.5
2023-06-12 10:00:56,0.191302,Ejina,41.95,101.06666666666666,940.5
2023-06-12 10:09:55,0.182614,Ejina,41.95,101.06666666666666,940.5
2023-06-12 10:12:57,0.179858,Ejina,41.95,101.06666666666666,940.5
2023-06-12 10:59:53,0.194165,Ejina,41.95,101.06666666666666,940.5
2023-06-12 11:10:00,0.165846,Ejina,41.95,101.06666666666666,940.5
2023-06-12 11:17:39,0.163038,Ejina,41.95,101.06666666666666,940.5
2023-06-12 11:21:57,0.165069,Ejina,41.95,101.06666666666666,940.5
2023-06-12 11:27:55,0.164009,Ejina,41.95,101.06666666666666,940.5
2023-06-12 11:29:48,0.162914,Ejina,41.95,101.06666666666666,940.5
2023-06-12 11:36:55,0.165479,Ejina,41.95,101.06666666666666,940.5
2023-06-12 11:38:49,0.168547,Ejina,41.95,101.06666666666666,940.5
2023-06-12 23:40:00,0.177398,Ejina,41.95,101.06666666666666,940.5
2023-06-13 01:21:58,0.203965,Ejina,41.95,101.06666666666666,940.5
2023-06-13 01:24:57,0.203189,Ejina,41.95,101.06666666666666,940.5
2023-06-13 01:28:02,0.202886,Ejina,41.95,101.06666666666666,940.5
2023-06-13 01:32:49,0.204784,Ejina,41.95,101.06666666666666,940.5
2023-06-13 01:42:59,0.205816,Ejina,41.95,101.06666666666666,940.5
2023-06-13 01:46:01,0.206712,Ejina,41.95,101.06666666666666,940.5
2023-06-13 01:47:49,0.207882,Ejina,41.95,101.06666666666666,940.5
2023-06-13 01:51:56,0.207482,Ejina,41.95,101.06666666666666,940.5
2023-06-13 01:54:57,0.208057,Ejina,41.95,101.06666666666666,940.5
2023-06-13 02:00:57,0.207251,Ejina,41.95,101.06666666666666,940.5
2023-06-13 02:06:57,0.209548,Ejina,41.95,101.06666666666666,940.5
2023-06-13 02:09:57,0.210555,Ejina,41.95,101.06666666666666,940.5
2023-06-13 02:12:57,0.209026,Ejina,41.95,101.06666666666666,940.5
2023-06-13 02:15:57,0.210439,Ejina,41.95,101.06666666666666,940.5
2023-06-13 02:17:53,0.2102,Ejina,41.95,101.06666666666666,940.5
2023-06-13 02:32:40,0.211321,Ejina,41.95,101.06666666666666,940.5
2023-06-13 02:42:57,0.213001,Ejina,41.95,101.06666666666666,940.5
2023-06-13 02:47:41,0.213269,Ejina,41.95,101.06666666666666,940.5
2023-06-13 03:00:58,0.218027,Ejina,41.95,101.06666666666666,940.5
2023-06-13 03:03:57,0.214857,Ejina,41.95,101.06666666666666,940.5
2023-06-13 03:06:58,0.217503,Ejina,41.95,101.06666666666666,940.5
2023-06-13 03:09:57,0.218436,Ejina,41.95,101.06666666666666,940.5
2023-06-13 03:12:57,0.217542,Ejina,41.95,101.06666666666666,940.5
2023-06-13 03:17:13,0.221262,Ejina,41.95,101.06666666666666,940.5
2023-06-13 03:24:57,0.218858,Ejina,41.95,101.06666666666666,940.5
2023-06-13 03:31:00,0.218383,Ejina,41.95,101.06666666666666,940.5
2023-06-13 03:32:52,0.217374,Ejina,41.95,101.06666666666666,940.5
2023-06-13 03:39:58,0.218454,Ejina,41.95,101.06666666666666,940.5
2023-06-13 03:42:58,0.216496,Ejina,41.95,101.06666666666666,940.5
2023-06-13 03:47:11,0.21472,Ejina,41.95,101.06666666666666,940.5
2023-06-13 03:57:58,0.214496,Ejina,41.95,101.06666666666666,940.5
2023-06-13 04:01:02,0.216407,Ejina,41.95,101.06666666666666,940.5
2023-06-13 04:09:59,0.220016,Ejina,41.95,101.06666666666666,940.5
2023-06-13 04:15:58,0.220514,Ejina,41.95,101.06666666666666,940.5
2023-06-13 04:17:52,0.216711,Ejina,41.95,101.06666666666666,940.5
2023-06-13 04:24:59,0.222554,Ejina,41.95,101.06666666666666,940.5
2023-06-13 04:32:40,0.219233,Ejina,41.95,101.06666666666666,940.5
2023-06-13 04:47:41,0.223605,Ejina,41.95,101.06666666666666,940.5
2023-06-13 04:51:58,0.223628,Ejina,41.95,101.06666666666666,940.5
2023-06-13 04:57:57,0.22715,Ejina,41.95,101.06666666666666,940.5
2023-06-13 05:06:59,0.225689,Ejina,41.95,101.06666666666666,940.5
2023-06-13 05:09:58,0.226025,Ejina,41.95,101.06666666666666,940.5
2023-06-13 05:15:57,0.226755,Ejina,41.95,101.06666666666666,940.5
2023-06-13 05:21:57,0.227352,Ejina,41.95,101.06666666666666,940.5
2023-06-13 05:24:57,0.230876,Ejina,41.95,101.06666666666666,940.5
2023-06-13 05:27:58,0.229584,Ejina,41.95,101.06666666666666,940.5
2023-06-13 05:30:57,0.228751,Ejina,41.95,101.06666666666666,940.5
2023-06-13 05:32:48,0.227368,Ejina,41.95,101.06666666666666,940.5
2023-06-13 05:42:57,0.223829,Ejina,41.95,101.06666666666666,940.5
2023-06-13 05:51:58,0.218022,Ejina,41.95,101.06666666666666,940.5
2023-06-13 05:57:56,0.217495,Ejina,41.95,101.06666666666666,940.5
2023-06-13 06:00:56,0.217177,Ejina,41.95,101.06666666666666,940.5
2023-06-13 06:06:57,0.21667,Ejina,41.95,101.06666666666666,940.5
2023-06-13 06:16:43,0.219042,Ejina,41.95,101.06666666666666,940.5
2023-06-13 06:21:57,0.225644,Ejina,41.95,101.06666666666666,940.5
2023-06-13 06:24:57,0.227028,Ejina,41.95,101.06666666666666,940.5
2023-06-13 06:32:39,0.223674,Ejina,41.95,101.06666666666666,940.5
2023-06-13 06:42:56,0.221698,Ejina,41.95,101.06666666666666,940.5
2023-06-13 06:45:57,0.222827,Ejina,41.95,101.06666666666666,940.5
2023-06-13 06:51:56,0.220842,Ejina,41.95,101.06666666666666,940.5
2023-06-13 06:54:57,0.219976,Ejina,41.95,101.06666666666666,940.5
2023-06-13 06:57:56,0.221384,Ejina,41.95,101.06666666666666,940.5
2023-06-13 07:00:56,0.217503,Ejina,41.95,101.06666666666666,940.5
2023-06-13 07:02:50,0.218935,Ejina,41.95,101.06666666666666,940.5
2023-06-13 07:06:56,0.219313,Ejina,41.95,101.06666666666666,940.5
2023-06-13 07:09:56,0.216273,Ejina,41.95,101.06666666666666,940.5
2023-06-13 07:27:56,0.22257,Ejina,41.95,101.06666666666666,940.5
2023-06-13 07:36:57,0.221372,Ejina,41.95,101.06666666666666,940.5
2023-06-13 07:42:56,0.225615,Ejina,41.95,101.06666666666666,940.5
2023-06-13 07:48:57,0.226347,Ejina,41.95,101.06666666666666,940.5
2023-06-13 07:51:57,0.224667,Ejina,41.95,101.06666666666666,940.5
2023-06-13 08:07:00,0.228689,Ejina,41.95,101.06666666666666,940.5
2023-06-13 08:12:56,0.223236,Ejina,41.95,101.06666666666666,940.5
2023-06-13 08:15:57,0.224934,Ejina,41.95,101.06666666666666,940.5
2023-06-13 08:30:56,0.222176,Ejina,41.95,101.06666666666666,940.5
2023-06-13 08:39:57,0.227216,Ejina,41.95,101.06666666666666,940.5
2023-06-13 08:48:57,0.224148,Ejina,41.95,101.06666666666666,940.5
2023-06-13 08:51:56,0.226165,Ejina,41.95,101.06666666666666,940.5
2023-06-13 08:57:57,0.222595,Ejina,41.95,101.06666666666666,940.5
2023-06-13 09:45:59,0.232163,Ejina,41.95,101.06666666666666,940.5
2023-06-13 09:57:58,0.239315,Ejina,41.95,101.06666666666666,940.5
2023-06-13 10:03:56,0.24238,Ejina,41.95,101.06666666666666,940.5
2023-06-13 10:11:56,0.24064,Ejina,41.95,101.06666666666666,940.5
2023-06-13 10:33:55,0.235141,Ejina,41.95,101.06666666666666,940.5
2023-06-13 10:36:56,0.236622,Ejina,41.95,101.06666666666666,940.5
2023-06-13 10:43:00,0.23713,Ejina,41.95,101.06666666666666,940.5
2023-06-13 10:48:55,0.236392,Ejina,41.95,101.06666666666666,940.5
2023-06-13 10:52:55,0.235838,Ejina,41.95,101.06666666666666,940.5
2023-06-13 11:09:55,0.231257,Ejina,41.95,101.06666666666666,940.5
2023-06-13 11:15:55,0.228484,Ejina,41.95,101.06666666666666,940.5
2023-06-13 11:24:55,0.21956,Ejina,41.95,101.06666666666666,940.5
2023-06-13 11:27:58,0.219596,Ejina,41.95,101.06666666666666,940.5
2023-06-13 11:44:08,0.208928,Ejina,41.95,101.06666666666666,940.5
2023-06-13 11:51:56,0.201575,Ejina,41.95,101.06666666666666,940.5
2023-06-13 22:51:56,0.172907,Ejina,41.95,101.06666666666666,940.5
2023-06-13 23:03:01,0.173066,Ejina,41.95,101.06666666666666,940.5
2023-06-14 02:02:49,0.180565,Ejina,41.95,101.06666666666666,940.5
2023-06-14 02:21:56,0.181127,Ejina,41.95,101.06666666666666,940.5
2023-06-14 02:24:57,0.180725,Ejina,41.95,101.06666666666666,940.5
2023-06-14 02:45:57,0.189551,Ejina,41.95,101.06666666666666,940.5
2023-06-14 03:01:42,0.18658,Ejina,41.95,101.06666666666666,940.5
2023-06-14 03:03:57,0.183163,Ejina,41.95,101.06666666666666,940.5
2023-06-14 03:06:57,0.183057,Ejina,41.95,101.06666666666666,940.5
2023-06-14 03:09:58,0.181992,Ejina,41.95,101.06666666666666,940.5
2023-06-14 03:45:58,0.174424,Ejina,41.95,101.06666666666666,940.5
2023-06-14 04:15:59,0.178363,Ejina,41.95,101.06666666666666,940.5
2023-06-14 04:30:59,0.173078,Ejina,41.95,101.06666666666666,940.5
2023-06-14 04:46:43,0.176746,Ejina,41.95,101.06666666666666,940.5
2023-06-14 05:06:58,0.175566,Ejina,41.95,101.06666666666666,940.5
2023-06-14 05:09:57,0.17409,Ejina,41.95,101.06666666666666,940.5
2023-06-14 05:12:58,0.176208,Ejina,41.95,101.06666666666666,940.5
2023-06-14 05:17:49,0.175956,Ejina,41.95,101.06666666666666,940.5
2023-06-14 05:27:57,0.176129,Ejina,41.95,101.06666666666666,940.5
2023-06-14 05:30:58,0.177367,Ejina,41.95,101.06666666666666,940.5
2023-06-14 05:32:49,0.176704,Ejina,41.95,101.06666666666666,940.5
2023-06-14 05:36:57,0.17809,Ejina,41.95,101.06666666666666,940.5
2023-06-14 05:42:57,0.185407,Ejina,41.95,101.06666666666666,940.5
2023-06-14 06:30:57,0.19691,Ejina,41.95,101.06666666666666,940.5
2023-06-14 06:32:48,0.184812,Ejina,41.95,101.06666666666666,940.5
2023-06-14 06:45:57,0.245651,Ejina,41.95,101.06666666666666,940.5
2023-06-14 06:54:56,0.217437,Ejina,41.95,101.06666666666666,940.5
2023-06-14 07:00:58,0.216758,Ejina,41.95,101.06666666666666,940.5
2023-06-14 07:02:48,0.213864,Ejina,41.95,101.06666666666666,940.5
2023-06-14 07:30:56,0.256002,Ejina,41.95,101.06666666666666,940.5
2023-06-14 07:39:56,0.218737,Ejina,41.95,101.06666666666666,940.5
2023-06-14 07:42:56,0.212018,Ejina,41.95,101.06666666666666,940.5
2023-06-14 07:49:00,0.214929,Ejina,41.95,101.06666666666666,940.5
2023-06-14 07:51:55,0.226188,Ejina,41.95,101.06666666666666,940.5
2023-06-14 08:00:56,0.234464,Ejina,41.95,101.06666666666666,940.5
2023-06-14 08:02:50,0.225191,Ejina,41.95,101.06666666666666,940.5
2023-06-14 08:12:57,0.203901,Ejina,41.95,101.06666666666666,940.5
2023-06-14 08:15:56,0.196451,Ejina,41.95,101.06666666666666,940.5
2023-06-14 08:42:56,0.217439,Ejina,41.95,101.06666666666666,940.5
2023-06-14 08:57:56,0.17294,Ejina,41.95,101.06666666666666,940.5
2023-06-14 09:06:56,0.169791,Ejina,41.95,101.06666666666666,940.5
2023-06-14 09:09:56,0.173915,Ejina,41.95,101.06666666666666,940.5
2023-06-14 09:21:56,0.168481,Ejina,41.95,101.06666666666666,940.5
2023-06-14 09:30:56,0.178254,Ejina,41.95,101.06666666666666,940.5
2023-06-14 09:39:56,0.177182,Ejina,41.95,101.06666666666666,940.5
2023-06-14 09:45:56,0.180984,Ejina,41.95,101.06666666666666,940.5
2023-06-14 10:06:56,0.221631,Ejina,41.95,101.06666666666666,940.5
2023-06-14 10:33:55,0.219097,Ejina,41.95,101.06666666666666,940.5
2023-06-14 10:35:53,0.216411,Ejina,41.95,101.06666666666666,940.5
2023-06-14 10:57:56,0.191224,Ejina,41.95,101.06666666666666,940.5
2023-06-14 11:03:55,0.246652,Ejina,41.95,101.06666666666666,940.5
2023-06-14 11:24:57,0.177568,Ejina,41.95,101.06666666666666,940.5
2023-06-14 11:38:50,0.250411,Ejina,41.95,101.06666666666666,940.5
2023-06-14 22:55:01,0.28247,Ejina,41.95,101.06666666666666,940.5
2023-06-14 22:56:51,0.284716,Ejina,41.95,101.06666666666666,940.5
2023-06-14 23:02:52,0.284936,Ejina,41.95,101.06666666666666,940.5
2023-06-14 23:06:55,0.288696,Ejina,41.95,101.06666666666666,940.5
2023-06-14 23:19:25,0.288848,Ejina,41.95,101.06666666666666,940.5
2023-06-14 23:36:57,0.29263,Ejina,41.95,101.06666666666666,940.5
2023-06-14 23:41:48,0.301356,Ejina,41.95,101.06666666666666,940.5
2023-06-14 23:47:59,0.297745,Ejina,41.95,101.06666666666666,940.5
2023-06-15 01:11:54,0.323572,Ejina,41.95,101.06666666666666,940.5
2023-06-15 01:16:59,0.314085,Ejina,41.95,101.06666666666666,940.5
2023-06-15 01:48:56,0.311464,Ejina,41.95,101.06666666666666,940.5
2023-06-15 01:54:57,0.316545,Ejina,41.95,101.06666666666666,940.5
2023-06-15 03:06:57,0.339872,Ejina,41.95,101.06666666666666,940.5
2023-06-15 03:09:58,0.322196,Ejina,41.95,101.06666666666666,940.5
2023-06-15 03:15:57,0.321645,Ejina,41.95,101.06666666666666,940.5
2023-06-15 03:17:51,0.371527,Ejina,41.95,101.06666666666666,940.5
2023-06-15 03:39:58,0.319425,Ejina,41.95,101.06666666666666,940.5
2023-06-15 03:58:00,0.331377,Ejina,41.95,101.06666666666666,940.5
2023-06-15 04:21:59,0.27111,Ejina,41.95,101.06666666666666,940.5
2023-06-15 04:36:56,0.292732,Ejina,41.95,101.06666666666666,940.5
2023-06-15 04:42:58,0.30213,Ejina,41.95,101.06666666666666,940.5
2023-06-15 04:45:58,0.30624,Ejina,41.95,101.06666666666666,940.5
2023-06-15 04:47:49,0.317829,Ejina,41.95,101.06666666666666,940.5
2023-06-15 04:54:57,0.317341,Ejina,41.95,101.06666666666666,940.5
2023-06-15 05:00:58,0.324427,Ejina,41.95,101.06666666666666,940.5
2023-06-15 05:13:00,0.370954,Ejina,41.95,101.06666666666666,940.5
2023-06-15 05:27:57,0.465517,Ejina,41.95,101.06666666666666,940.5
2023-06-15 05:30:57,0.463623,Ejina,41.95,101.06666666666666,940.5
2023-06-15 05:32:48,0.468826,Ejina,41.95,101.06666666666666,940.5
2023-06-15 05:51:56,0.440589,Ejina,41.95,101.06666666666666,940.5
2023-06-15 05:57:57,0.417754,Ejina,41.95,101.06666666666666,940.5
2023-06-15 06:03:56,0.409567,Ejina,41.95,101.06666666666666,940.5
2023-06-15 06:15:56,0.349677,Ejina,41.95,101.06666666666666,940.5
2023-06-15 06:17:51,0.347826,Ejina,41.95,101.06666666666666,940.5
2023-06-15 06:27:57,0.34532,Ejina,41.95,101.06666666666666,940.5
2023-06-15 06:33:58,0.365699,Ejina,41.95,101.06666666666666,940.5
2023-06-15 06:36:56,0.359046,Ejina,41.95,101.06666666666666,940.5
2023-06-15 06:39:56,0.37731,Ejina,41.95,101.06666666666666,940.5
2023-06-15 06:42:56,0.385481,Ejina,41.95,101.06666666666666,940.5
2023-06-15 06:45:57,0.407469,Ejina,41.95,101.06666666666666,940.5
2023-06-15 06:48:55,0.413123,Ejina,41.95,101.06666666666666,940.5
2023-06-15 06:54:57,0.440749,Ejina,41.95,101.06666666666666,940.5
2023-06-15 06:57:56,0.471433,Ejina,41.95,101.06666666666666,940.5
2023-06-15 07:00:56,0.48571,Ejina,41.95,101.06666666666666,940.5
2023-06-15 07:54:56,0.411204,Ejina,41.95,101.06666666666666,940.5
2023-06-15 08:09:56,0.375376,Ejina,41.95,101.06666666666666,940.5
2023-06-15 08:27:56,0.420336,Ejina,41.95,101.06666666666666,940.5
2023-06-15 08:32:48,0.416546,Ejina,41.95,101.06666666666666,940.5
2023-06-15 08:48:56,0.379121,Ejina,41.95,101.06666666666666,940.5
2023-06-15 09:06:57,0.428151,Ejina,41.95,101.06666666666666,940.5
2023-06-15 09:24:55,0.379832,Ejina,41.95,101.06666666666666,940.5
2023-06-15 09:27:55,0.38083,Ejina,41.95,101.06666666666666,940.5
2023-06-15 09:45:56,0.507784,Ejina,41.95,101.06666666666666,940.5
2023-06-15 09:57:55,0.507679,Ejina,41.95,101.06666666666666,940.5
2023-06-15 10:09:55,0.514432,Ejina,41.95,101.06666666666666,940.5
2023-06-15 10:12:10,0.505971,Ejina,41.95,101.06666666666666,940.5
2023-06-15 10:15:55,0.502163,Ejina,41.95,101.06666666666666,940.5
2023-06-15 10:24:56,0.445465,Ejina,41.95,101.06666666666666,940.5
2023-06-15 10:27:55,0.432977,Ejina,41.95,101.06666666666666,940.5
2023-06-15 10:30:54,0.42563,Ejina,41.95,101.06666666666666,940.5
2023-06-15 10:33:55,0.418671,Ejina,41.95,101.06666666666666,940.5
2023-06-15 10:36:16,0.412751,Ejina,41.95,101.06666666666666,940.5
2023-06-15 10:45:35,0.391623,Ejina,41.95,101.06666666666666,940.5
2023-06-15 10:51:59,0.37614,Ejina,41.95,101.06666666666666,940.5
2023-06-15 11:03:53,0.344405,Ejina,41.95,101.06666666666666,940.5
2023-06-15 11:06:51,0.340775,Ejina,41.95,101.06666666666666,940.5
2023-06-15 11:12:20,0.33187,Ejina,41.95,101.06666666666666,940.5
2023-06-15 11:15:56,0.32674,Ejina,41.95,101.06666666666666,940.5
2023-06-15 11:18:56,0.327555,Ejina,41.95,101.06666666666666,940.5
2023-06-15 11:24:56,0.31548,Ejina,41.95,101.06666666666666,940.5
2023-06-15 11:27:55,0.316112,Ejina,41.95,101.06666666666666,940.5
2023-06-15 11:32:07,0.31635,Ejina,41.95,101.06666666666666,940.5
2023-06-15 11:38:26,0.317918,Ejina,41.95,101.06666666666666,940.5
2023-06-15 11:44:36,0.315609,Ejina,41.95,101.06666666666666,940.5
2023-06-15 11:48:55,0.307872,Ejina,41.95,101.06666666666666,940.5
2023-06-15 11:50:48,0.306618,Ejina,41.95,101.06666666666666,940.5
2023-06-15 11:54:56,0.309152,Ejina,41.95,101.06666666666666,940.5
2023-06-15 22:57:55,0.351425,Ejina,41.95,101.06666666666666,940.5
2023-06-15 23:27:01,0.367449,Ejina,41.95,101.06666666666666,940.5
2023-06-15 23:47:57,0.390721,Ejina,41.95,101.06666666666666,940.5
2023-06-16 01:09:56,0.460281,Ejina,41.95,101.06666666666666,940.5
2023-06-16 01:11:54,0.454744,Ejina,41.95,101.06666666666666,940.5
2023-06-16 01:21:59,0.440183,Ejina,41.95,101.06666666666666,940.5
2023-06-16 01:28:02,0.433533,Ejina,41.95,101.06666666666666,940.5
2023-06-16 01:30:57,0.432151,Ejina,41.95,101.06666666666666,940.5
2023-06-16 01:32:52,0.432767,Ejina,41.95,101.06666666666666,940.5
2023-06-16 02:31:03,0.412626,Ejina,41.95,101.06666666666666,940.5
2023-06-16 02:32:51,0.427978,Ejina,41.95,101.06666666666666,940.5
2023-06-16 02:36:57,0.420228,Ejina,41.95,101.06666666666666,940.5
2023-06-16 02:42:58,0.439187,Ejina,41.95,101.06666666666666,940.5
2023-06-16 02:47:49,0.433831,Ejina,41.95,101.06666666666666,940.5
2023-06-16 03:06:57,0.547965,Ejina,41.95,101.06666666666666,940.5
2023-06-16 04:45:58,0.576054,Ejina,41.95,101.06666666666666,940.5
2023-06-16 04:47:48,0.570218,Ejina,41.95,101.06666666666666,940.5
2023-06-16 04:51:57,0.632338,Ejina,41.95,101.06666666666666,940.5
2023-06-16 05:04:10,0.645484,Ejina,41.95,101.06666666666666,940.5
2023-06-16 05:12:57,0.634522,Ejina,41.95,101.06666666666666,940.5
2023-06-16 05:17:29,0.675814,Ejina,41.95,101.06666666666666,940.5
2023-06-16 05:54:57,0.656114,Ejina,41.95,101.06666666666666,940.5
2023-06-16 06:18:57,0.710392,Ejina,41.95,101.06666666666666,940.5
2023-06-16 06:24:56,0.707931,Ejina,41.95,101.06666666666666,940.5
2023-06-16 06:27:56,0.689264,Ejina,41.95,101.06666666666666,940.5
2023-06-16 06:37:06,0.665328,Ejina,41.95,101.06666666666666,940.5
2023-06-16 06:39:56,0.66166,Ejina,41.95,101.06666666666666,940.5
2023-06-16 06:54:56,0.70681,Ejina,41.95,101.06666666666666,940.5
2023-06-16 07:02:50,0.641649,Ejina,41.95,101.06666666666666,940.5
2023-06-16 07:06:56,0.682731,Ejina,41.95,101.06666666666666,940.5
2023-06-16 07:27:55,0.627499,Ejina,41.95,101.06666666666666,940.5
2023-06-16 07:32:50,0.608386,Ejina,41.95,101.06666666666666,940.5
2023-06-16 07:42:56,0.667126,Ejina,41.95,101.06666666666666,940.5
2023-06-16 07:47:47,0.599578,Ejina,41.95,101.06666666666666,940.5
2023-06-16 08:39:57,0.466197,Ejina,41.95,101.06666666666666,940.5
2023-06-16 08:46:01,0.456014,Ejina,41.95,101.06666666666666,940.5
2023-06-16 08:47:51,0.462814,Ejina,41.95,101.06666666666666,940.5
2023-06-16 08:54:57,0.469826,Ejina,41.95,101.06666666666666,940.5
2023-06-16 09:02:05,0.493232,Ejina,41.95,101.06666666666666,940.5
2023-06-16 09:06:56,0.594245,Ejina,41.95,101.06666666666666,940.5
2023-06-16 09:30:55,0.522387,Ejina,41.95,101.06666666666666,940.5
2023-06-16 10:39:55,0.463991,Ejina,41.95,101.06666666666666,940.5
2023-06-16 11:17:34,0.397516,Ejina,41.95,101.06666666666666,940.5
2023-06-16 11:21:56,0.411993,Ejina,41.95,101.06666666666666,940.5
2023-06-16 11:27:54,0.455768,Ejina,41.95,101.06666666666666,940.5
2023-06-17 23:07:04,0.148446,Ejina,41.95,101.06666666666666,940.5
2023-06-17 23:19:38,0.14231,Ejina,41.95,101.06666666666666,940.5
2023-06-17 23:27:12,0.146362,Ejina,41.95,101.06666666666666,940.5
2023-06-17 23:57:48,0.145776,Ejina,41.95,101.06666666666666,940.5
2023-06-18 00:15:57,0.156023,Ejina,41.95,101.06666666666666,940.5
2023-06-18 00:58:10,0.155646,Ejina,41.95,101.06666666666666,940.5
2023-06-18 01:17:53,0.14923,Ejina,41.95,101.06666666666666,940.5
2023-06-18 01:27:56,0.149717,Ejina,41.95,101.06666666666666,940.5
2023-06-18 01:32:48,0.149176,Ejina,41.95,101.06666666666666,940.5
2023-06-18 01:47:30,0.155603,Ejina,41.95,101.06666666666666,940.5
2023-06-18 01:57:56,0.150455,Ejina,41.95,101.06666666666666,940.5
2023-06-18 02:17:48,0.153964,Ejina,41.95,101.06666666666666,940.5
2023-06-18 02:23:46,0.154233,Ejina,41.95,101.06666666666666,940.5
2023-06-18 02:47:29,0.158524,Ejina,41.95,101.06666666666666,940.5
2023-06-18 02:55:01,0.153663,Ejina,41.95,101.06666666666666,940.5
2023-06-18 03:00:58,0.1542,Ejina,41.95,101.06666666666666,940.5
2023-06-18 03:03:59,0.156512,Ejina,41.95,101.06666666666666,940.5
2023-06-18 03:17:34,0.159756,Ejina,41.95,101.06666666666666,940.5
2023-06-18 04:07:03,0.164854,Ejina,41.95,101.06666666666666,940.5
2023-06-18 04:28:01,0.172479,Ejina,41.95,101.06666666666666,940.5
2023-06-18 04:31:00,0.169902,Ejina,41.95,101.06666666666666,940.5
2023-06-18 04:47:54,0.166389,Ejina,41.95,101.06666666666666,940.5
2023-06-18 04:58:00,0.163868,Ejina,41.95,101.06666666666666,940.5
2023-06-18 05:12:58,0.167522,Ejina,41.95,101.06666666666666,940.5
2023-06-18 05:15:59,0.167885,Ejina,41.95,101.06666666666666,940.5
2023-06-18 05:17:55,0.166172,Ejina,41.95,101.06666666666666,940.5
2023-06-18 05:32:44,0.170293,Ejina,41.95,101.06666666666666,940.5
2023-06-18 05:36:57,0.174268,Ejina,41.95,101.06666666666666,940.5
2023-06-18 05:39:59,0.173517,Ejina,41.95,101.06666666666666,940.5
2023-06-18 05:42:59,0.174551,Ejina,41.95,101.06666666666666,940.5
2023-06-18 05:47:53,0.180954,Ejina,41.95,101.06666666666666,940.5
2023-06-18 05:51:57,0.179026,Ejina,41.95,101.06666666666666,940.5
2023-06-18 05:54:56,0.177656,Ejina,41.95,101.06666666666666,940.5
2023-06-18 05:58:01,0.179946,Ejina,41.95,101.06666666666666,940.5
2023-06-18 06:00:58,0.17759,Ejina,41.95,101.06666666666666,940.5
2023-06-18 06:02:51,0.175308,Ejina,41.95,101.06666666666666,940.5
2023-06-18 06:42:57,0.171965,Ejina,41.95,101.06666666666666,940.5
2023-06-18 06:45:59,0.175079,Ejina,41.95,101.06666666666666,940.5
2023-06-18 06:47:51,0.17505,Ejina,41.95,101.06666666666666,940.5
2023-06-18 06:54:58,0.180186,Ejina,41.95,101.06666666666666,940.5
2023-06-18 07:02:31,0.184493,Ejina,41.95,101.06666666666666,940.5
2023-06-18 07:06:58,0.181273,Ejina,41.95,101.06666666666666,940.5
2023-06-18 07:09:57,0.181139,Ejina,41.95,101.06666666666666,940.5
2023-06-18 07:15:57,0.174805,Ejina,41.95,101.06666666666666,940.5
2023-06-18 07:27:56,0.175479,Ejina,41.95,101.06666666666666,940.5
2023-06-18 07:33:56,0.177709,Ejina,41.95,101.06666666666666,940.5
2023-06-18 07:36:56,0.173288,Ejina,41.95,101.06666666666666,940.5
2023-06-18 07:51:56,0.174627,Ejina,41.95,101.06666666666666,940.5
2023-06-18 08:06:56,0.186942,Ejina,41.95,101.06666666666666,940.5
2023-06-18 08:15:56,0.187801,Ejina,41.95,101.06666666666666,940.5
2023-06-18 08:27:59,0.189181,Ejina,41.95,101.06666666666666,940.5
2023-06-18 09:12:56,0.169168,Ejina,41.95,101.06666666666666,940.5
2023-06-18 09:17:31,0.180792,Ejina,41.95,101.06666666666666,940.5
2023-06-18 09:45:56,0.177088,Ejina,41.95,101.06666666666666,940.5
2023-06-18 09:48:59,0.15111,Ejina,41.95,101.06666666666666,940.5
2023-06-18 09:51:55,0.152781,Ejina,41.95,101.06666666666666,940.5
2023-06-18 10:12:55,0.147521,Ejina,41.95,101.06666666666666,940.5
2023-06-18 10:14:54,0.149591,Ejina,41.95,101.06666666666666,940.5
2023-06-18 10:24:57,0.15353,Ejina,41.95,101.06666666666666,940.5
2023-06-18 10:26:52,0.156813,Ejina,41.95,101.06666666666666,940.5
2023-06-18 10:30:56,0.161026,Ejina,41.95,101.06666666666666,940.5
2023-06-18 10:36:58,0.151176,Ejina,41.95,101.06666666666666,940.5
2023-06-18 10:38:46,0.147191,Ejina,41.95,101.06666666666666,940.5
2023-06-18 10:42:54,0.137948,Ejina,41.95,101.06666666666666,940.5
2023-06-18 11:01:01,0.133668,Ejina,41.95,101.06666666666666,940.5
2023-06-18 11:03:54,0.132933,Ejina,41.95,101.06666666666666,940.5
2023-06-18 11:12:55,0.135425,Ejina,41.95,101.06666666666666,940.5
2023-06-18 11:14:49,0.136301,Ejina,41.95,101.06666666666666,940.5
2023-06-18 11:18:13,0.133841,Ejina,41.95,101.06666666666666,940.5
2023-06-18 11:21:55,0.133524,Ejina,41.95,101.06666666666666,940.5
2023-06-18 11:23:53,0.132087,Ejina,41.95,101.06666666666666,940.5
2023-06-18 11:28:00,0.131091,Ejina,41.95,101.06666666666666,940.5
2023-06-18 11:30:55,0.125431,Ejina,41.95,101.06666666666666,940.5
2023-06-18 11:42:55,0.127274,Ejina,41.95,101.06666666666666,940.5
2023-06-18 11:50:50,0.125477,Ejina,41.95,101.06666666666666,940.5
2023-06-18 11:55:06,0.12637,Ejina,41.95,101.06666666666666,940.5
2023-06-18 11:58:50,0.126933,Ejina,41.95,101.06666666666666,940.5
2023-06-18 22:57:55,0.203699,Ejina,41.95,101.06666666666666,940.5
2023-06-18 23:19:40,0.272127,Ejina,41.95,101.06666666666666,940.5
2023-06-18 23:21:48,0.274651,Ejina,41.95,101.06666666666666,940.5
2023-06-19 00:08:51,0.605534,Ejina,41.95,101.06666666666666,940.5
2023-06-19 00:15:56,0.668453,Ejina,41.95,101.06666666666666,940.5
2023-06-19 00:18:56,0.67621,Ejina,41.95,101.06666666666666,940.5
2023-06-19 01:10:34,0.712208,Ejina,41.95,101.06666666666666,940.5
2023-06-19 01:15:56,0.722636,Ejina,41.95,101.06666666666666,940.5
2023-06-19 03:39:58,0.662023,Ejina,41.95,101.06666666666666,940.5
2023-06-19 05:07:17,0.440178,Ejina,41.95,101.06666666666666,940.5
2023-06-19 05:15:57,0.521175,Ejina,41.95,101.06666666666666,940.5
2023-06-19 05:39:58,0.390648,Ejina,41.95,101.06666666666666,940.5
2023-06-19 05:42:58,0.369412,Ejina,41.95,101.06666666666666,940.5
2023-06-19 05:47:42,0.327687,Ejina,41.95,101.06666666666666,940.5
2023-06-19 06:21:56,0.362013,Ejina,41.95,101.06666666666666,940.5
2023-06-19 06:32:48,0.365798,Ejina,41.95,101.06666666666666,940.5
2023-06-19 06:39:56,0.371869,Ejina,41.95,101.06666666666666,940.5
2023-06-19 07:02:49,0.369925,Ejina,41.95,101.06666666666666,940.5
2023-06-19 07:21:56,0.352386,Ejina,41.95,101.06666666666666,940.5
2023-06-19 07:24:56,0.346393,Ejina,41.95,101.06666666666666,940.5
2023-06-19 07:32:50,0.324697,Ejina,41.95,101.06666666666666,940.5
2023-06-19 08:02:42,0.280905,Ejina,41.95,101.06666666666666,940.5
2023-06-19 08:21:55,0.263422,Ejina,41.95,101.06666666666666,940.5
2023-06-19 08:24:55,0.255434,Ejina,41.95,101.06666666666666,940.5
2023-06-19 08:57:55,0.215347,Ejina,41.95,101.06666666666666,940.5
2023-06-19 09:00:56,0.218919,Ejina,41.95,101.06666666666666,940.5
2023-06-19 09:02:49,0.227903,Ejina,41.95,101.06666666666666,940.5
2023-06-19 09:06:56,0.227179,Ejina,41.95,101.06666666666666,940.5
2023-06-19 09:39:55,0.188694,Ejina,41.95,101.06666666666666,940.5
2023-06-19 09:42:56,0.184453,Ejina,41.95,101.06666666666666,940.5
2023-06-19 09:48:56,0.212888,Ejina,41.95,101.06666666666666,940.5
2023-06-19 09:51:55,0.167198,Ejina,41.95,101.06666666666666,940.5
2023-06-19 11:39:45,0.144409,Ejina,41.95,101.06666666666666,940.5
2023-06-19 23:30:56,0.121898,Ejina,41.95,101.06666666666666,940.5
2023-06-19 23:45:56,0.12358,Ejina,41.95,101.06666666666666,940.5
2023-06-19 23:58:03,0.133664,Ejina,41.95,101.06666666666666,940.5
2023-06-20 01:17:55,0.177772,Ejina,41.95,101.06666666666666,940.5
2023-06-20 02:39:57,0.198767,Ejina,41.95,101.06666666666666,940.5
2023-06-20 03:02:55,0.270675,Ejina,41.95,101.06666666666666,940.5
2023-06-20 03:06:57,0.271653,Ejina,41.95,101.06666666666666,940.5
2023-06-20 03:09:58,0.270899,Ejina,41.95,101.06666666666666,940.5
2023-06-20 03:12:57,0.268442,Ejina,41.95,101.06666666666666,940.5
2023-06-20 03:51:58,0.420243,Ejina,41.95,101.06666666666666,940.5
2023-06-20 05:30:59,0.531128,Ejina,41.95,101.06666666666666,940.5
2023-06-20 06:02:53,0.495195,Ejina,41.95,101.06666666666666,940.5
2023-06-20 06:24:55,0.443265,Ejina,41.95,101.06666666666666,940.5
2023-06-20 06:32:57,0.446183,Ejina,41.95,101.06666666666666,940.5
2023-06-20 06:48:56,0.418114,Ejina,41.95,101.06666666666666,940.5
2023-06-20 06:54:56,0.419028,Ejina,41.95,101.06666666666666,940.5
2023-06-20 07:02:53,0.385501,Ejina,41.95,101.06666666666666,940.5
2023-06-20 07:06:57,0.39771,Ejina,41.95,101.06666666666666,940.5
2023-06-20 07:09:56,0.400926,Ejina,41.95,101.06666666666666,940.5
2023-06-20 07:30:56,0.376383,Ejina,41.95,101.06666666666666,940.5
2023-06-20 07:47:56,0.392932,Ejina,41.95,101.06666666666666,940.5
2023-06-20 07:57:56,0.365371,Ejina,41.95,101.06666666666666,940.5
2023-06-20 08:00:56,0.366099,Ejina,41.95,101.06666666666666,940.5
2023-06-20 08:06:57,0.364972,Ejina,41.95,101.06666666666666,940.5
2023-06-20 08:09:56,0.368187,Ejina,41.95,101.06666666666666,940.5
2023-06-20 08:15:56,0.360559,Ejina,41.95,101.06666666666666,940.5
2023-06-20 08:17:54,0.364104,Ejina,41.95,101.06666666666666,940.5
2023-06-20 08:21:56,0.356173,Ejina,41.95,101.06666666666666,940.5
2023-06-20 08:27:56,0.345986,Ejina,41.95,101.06666666666666,940.5
2023-06-20 08:39:56,0.353689,Ejina,41.95,101.06666666666666,940.5
2023-06-20 08:47:53,0.357936,Ejina,41.95,101.06666666666666,940.5
2023-06-20 08:54:56,0.367332,Ejina,41.95,101.06666666666666,940.5
2023-06-20 09:00:55,0.35636,Ejina,41.95,101.06666666666666,940.5
2023-06-20 09:24:56,0.34711,Ejina,41.95,101.06666666666666,940.5
2023-06-20 09:30:58,0.334961,Ejina,41.95,101.06666666666666,940.5
2023-06-20 09:57:37,0.325991,Ejina,41.95,101.06666666666666,940.5
2023-06-20 10:09:55,0.310049,Ejina,41.95,101.06666666666666,940.5
2023-06-20 10:42:54,0.298386,Ejina,41.95,101.06666666666666,940.5
2023-06-20 10:45:54,0.300574,Ejina,41.95,101.06666666666666,940.5
2023-06-20 10:47:48,0.296844,Ejina,41.95,101.06666666666666,940.5
2023-06-20 10:56:08,0.289295,Ejina,41.95,101.06666666666666,940.5
2023-06-20 11:09:59,0.289905,Ejina,41.95,101.06666666666666,940.5
2023-06-20 11:18:47,0.32373,Ejina,41.95,101.06666666666666,940.5
2023-06-20 11:36:54,0.300991,Ejina,41.95,101.06666666666666,940.5
2023-06-20 11:41:47,0.277811,Ejina,41.95,101.06666666666666,940.5
2023-06-20 11:46:42,0.276078,Ejina,41.95,101.06666666666666,940.5
2023-06-20 11:54:56,0.280218,Ejina,41.95,101.06666666666666,940.5
2023-06-20 22:56:52,0.399826,Ejina,41.95,101.06666666666666,940.5
2023-06-20 23:03:25,0.392823,Ejina,41.95,101.06666666666666,940.5
2023-06-20 23:20:01,0.372183,Ejina,41.95,101.06666666666666,940.5
2023-06-20 23:36:55,0.45175,Ejina,41.95,101.06666666666666,940.5
2023-06-20 23:39:56,0.45266,Ejina,41.95,101.06666666666666,940.5
2023-06-20 23:58:10,0.393726,Ejina,41.95,101.06666666666666,940.5
2023-06-21 00:03:57,0.387755,Ejina,41.95,101.06666666666666,940.5
2023-06-21 00:58:05,0.391966,Ejina,41.95,101.06666666666666,940.5
2023-06-21 01:00:56,0.393819,Ejina,41.95,101.06666666666666,940.5
2023-06-21 01:15:57,0.396298,Ejina,41.95,101.06666666666666,940.5
2023-06-21 01:18:11,0.401089,Ejina,41.95,101.06666666666666,940.5
2023-06-21 01:24:57,0.402317,Ejina,41.95,101.06666666666666,940.5
2023-06-21 02:00:58,0.401409,Ejina,41.95,101.06666666666666,940.5
2023-06-21 02:06:58,0.39597,Ejina,41.95,101.06666666666666,940.5
2023-06-21 02:15:57,0.411517,Ejina,41.95,101.06666666666666,940.5
2023-06-21 02:18:08,0.406199,Ejina,41.95,101.06666666666666,940.5
2023-06-21 03:27:58,0.461541,Ejina,41.95,101.06666666666666,940.5
2023-06-21 06:12:56,0.464531,Ejina,41.95,101.06666666666666,940.5
2023-06-21 06:27:57,0.422172,Ejina,41.95,101.06666666666666,940.5
2023-06-21 06:30:57,0.408654,Ejina,41.95,101.06666666666666,940.5
2023-06-21 06:33:06,0.419747,Ejina,41.95,101.06666666666666,940.5
2023-06-21 06:36:57,0.415316,Ejina,41.95,101.06666666666666,940.5
2023-06-21 06:39:57,0.414507,Ejina,41.95,101.06666666666666,940.5
2023-06-21 07:03:05,0.481262,Ejina,41.95,101.06666666666666,940.5
2023-06-21 11:06:55,0.418881,Ejina,41.95,101.06666666666666,940.5
2023-06-21 11:12:53,0.366869,Ejina,41.95,101.06666666666666,940.5
2023-06-21 11:14:48,0.359766,Ejina,41.95,101.06666666666666,940.5
2023-06-21 11:30:55,0.38024,Ejina,41.95,101.06666666666666,940.5
2023-06-21 11:36:57,0.419095,Ejina,41.95,101.06666666666666,940.5
2023-06-21 11:39:56,0.419299,Ejina,41.95,101.06666666666666,940.5
2023-06-22 01:39:56,0.721566,Ejina,41.95,101.06666666666666,940.5
2023-06-22 02:36:56,0.430999,Ejina,41.95,101.06666666666666,940.5
2023-06-22 02:39:56,0.420178,Ejina,41.95,101.06666666666666,940.5
2023-06-22 02:42:58,0.451077,Ejina,41.95,101.06666666666666,940.5
2023-06-22 03:00:57,0.433558,Ejina,41.95,101.06666666666666,940.5
2023-06-22 03:03:19,0.429796,Ejina,41.95,101.06666666666666,940.5
2023-06-22 03:06:56,0.438649,Ejina,41.95,101.06666666666666,940.5
2023-06-22 04:54:58,0.518385,Ejina,41.95,101.06666666666666,940.5
2023-06-22 05:00:58,0.528651,Ejina,41.95,101.06666666666666,940.5
2023-06-22 05:07:10,0.530453,Ejina,41.95,101.06666666666666,940.5
2023-06-22 05:10:15,0.52464,Ejina,41.95,101.06666666666666,940.5
2023-06-22 05:24:57,0.561713,Ejina,41.95,101.06666666666666,940.5
2023-06-22 05:42:57,0.762403,Ejina,41.95,101.06666666666666,940.5
2023-06-23 01:33:33,0.538602,Ejina,41.95,101.06666666666666,940.5
2023-06-23 01:48:30,0.538887,Ejina,41.95,101.06666666666666,940.5
2023-06-23 09:57:55,0.215062,Ejina,41.95,101.06666666666666,940.5
2023-06-23 10:14:49,0.206385,Ejina,41.95,101.06666666666666,940.5
2023-06-23 11:52:08,0.149428,Ejina,41.95,101.06666666666666,940.5
2023-06-23 12:00:06,0.138729,Ejina,41.95,101.06666666666666,940.5
2023-06-23 23:05:40,0.131145,Ejina,41.95,101.06666666666666,940.5
2023-06-23 23:09:56,0.135963,Ejina,41.95,101.06666666666666,940.5
2023-06-23 23:12:57,0.137705,Ejina,41.95,101.06666666666666,940.5
2023-06-23 23:47:36,0.14508,Ejina,41.95,101.06666666666666,940.5
2023-06-24 00:03:57,0.146953,Ejina,41.95,101.06666666666666,940.5
2023-06-24 01:18:43,0.154098,Ejina,41.95,101.06666666666666,940.5
2023-06-24 01:33:46,0.146316,Ejina,41.95,101.06666666666666,940.5
2023-06-24 01:36:57,0.147572,Ejina,41.95,101.06666666666666,940.5
2023-06-24 01:48:44,0.149898,Ejina,41.95,101.06666666666666,940.5
2023-06-24 01:51:57,0.148049,Ejina,41.95,101.06666666666666,940.5
2023-06-24 01:54:57,0.146354,Ejina,41.95,101.06666666666666,940.5
2023-06-24 02:09:57,0.143453,Ejina,41.95,101.06666666666666,940.5
2023-06-24 02:15:56,0.140145,Ejina,41.95,101.06666666666666,940.5
2023-06-24 02:18:44,0.1351,Ejina,41.95,101.06666666666666,940.5
2023-06-24 02:24:48,0.134851,Ejina,41.95,101.06666666666666,940.5
2023-06-24 02:33:42,0.135265,Ejina,41.95,101.06666666666666,940.5
2023-06-24 02:36:56,0.137005,Ejina,41.95,101.06666666666666,940.5
2023-06-24 02:51:57,0.140665,Ejina,41.95,101.06666666666666,940.5
2023-06-24 03:30:57,0.145693,Ejina,41.95,101.06666666666666,940.5
2023-06-24 03:36:56,0.146414,Ejina,41.95,101.06666666666666,940.5
2023-06-24 03:48:43,0.147419,Ejina,41.95,101.06666666666666,940.5
2023-06-24 04:03:44,0.149256,Ejina,41.95,101.06666666666666,940.5
2023-06-24 04:06:58,0.149118,Ejina,41.95,101.06666666666666,940.5
2023-06-24 04:18:46,0.152028,Ejina,41.95,101.06666666666666,940.5
2023-06-24 04:24:59,0.155627,Ejina,41.95,101.06666666666666,940.5
2023-06-24 04:30:59,0.153027,Ejina,41.95,101.06666666666666,940.5
2023-06-24 04:48:43,0.154741,Ejina,41.95,101.06666666666666,940.5
2023-06-24 05:18:44,0.152906,Ejina,41.95,101.06666666666666,940.5
2023-06-24 05:24:57,0.16094,Ejina,41.95,101.06666666666666,940.5
2023-06-24 05:27:58,0.154533,Ejina,41.95,101.06666666666666,940.5
2023-06-24 06:24:55,0.156902,Ejina,41.95,101.06666666666666,940.5
2023-06-24 07:03:42,0.151516,Ejina,41.95,101.06666666666666,940.5
2023-06-24 07:18:43,0.148602,Ejina,41.95,101.06666666666666,940.5
2023-06-24 07:27:56,0.142581,Ejina,41.95,101.06666666666666,940.5
2023-06-24 07:30:56,0.137783,Ejina,41.95,101.06666666666666,940.5
2023-06-24 07:33:41,0.139473,Ejina,41.95,101.06666666666666,940.5
2023-06-24 07:51:59,0.140599,Ejina,41.95,101.06666666666666,940.5
2023-06-24 07:54:56,0.141729,Ejina,41.95,101.06666666666666,940.5
2023-06-24 08:06:54,0.138674,Ejina,41.95,101.06666666666666,940.5
2023-06-24 08:18:43,0.138114,Ejina,41.95,101.06666666666666,940.5
2023-06-24 10:40:01,0.111881,Ejina,41.95,101.06666666666666,940.5
2023-06-24 10:42:55,0.110724,Ejina,41.95,101.06666666666666,940.5
2023-06-24 10:54:55,0.113291,Ejina,41.95,101.06666666666666,940.5
2023-06-24 10:56:54,0.113537,Ejina,41.95,101.06666666666666,940.5
2023-06-24 11:00:58,0.113651,Ejina,41.95,101.06666666666666,940.5
2023-06-24 11:03:02,0.119881,Ejina,41.95,101.06666666666666,940.5
2023-06-24 11:06:54,0.115359,Ejina,41.95,101.06666666666666,940.5
2023-06-24 11:12:58,0.110871,Ejina,41.95,101.06666666666666,940.5
2023-06-24 11:14:47,0.109509,Ejina,41.95,101.06666666666666,940.5
2023-06-24 11:20:47,0.108188,Ejina,41.95,101.06666666666666,940.5
2023-06-24 11:27:55,0.106064,Ejina,41.95,101.06666666666666,940.5
2023-06-24 11:33:22,0.103213,Ejina,41.95,101.06666666666666,940.5
2023-06-24 11:39:55,0.102515,Ejina,41.95,101.06666666666666,940.5
2023-06-25 08:30:56,0.121372,Ejina,41.95,101.06666666666666,940.5
2023-06-25 08:33:54,0.120839,Ejina,41.95,101.06666666666666,940.5
2023-06-25 08:36:57,0.120438,Ejina,41.95,101.06666666666666,940.5
2023-06-25 08:39:56,0.116071,Ejina,41.95,101.06666666666666,940.5
2023-06-25 08:42:57,0.115704,Ejina,41.95,101.06666666666666,940.5
2023-06-25 08:45:57,0.111931,Ejina,41.95,101.06666666666666,940.5
2023-06-25 09:00:56,0.104614,Ejina,41.95,101.06666666666666,940.5
2023-06-25 09:24:55,0.102539,Ejina,41.95,101.06666666666666,940.5
2023-06-25 09:39:56,0.102193,Ejina,41.95,101.06666666666666,940.5
2023-06-25 09:57:55,0.104583,Ejina,41.95,101.06666666666666,940.5
2023-06-25 09:59:55,0.103032,Ejina,41.95,101.06666666666666,940.5
2023-06-25 10:09:57,0.103637,Ejina,41.95,101.06666666666666,940.5
2023-06-25 10:21:56,0.103092,Ejina,41.95,101.06666666666666,940.5
2023-06-25 10:24:56,0.102607,Ejina,41.95,101.06666666666666,940.5
2023-06-25 10:30:55,0.099711,Ejina,41.95,101.06666666666666,940.5
2023-06-25 10:33:55,0.097792,Ejina,41.95,101.06666666666666,940.5
2023-06-25 10:56:12,0.098005,Ejina,41.95,101.06666666666666,940.5
2023-06-25 11:07:30,0.099107,Ejina,41.95,101.06666666666666,940.5
2023-06-25 11:09:32,0.102209,Ejina,41.95,101.06666666666666,940.5
2023-06-25 11:14:51,0.103845,Ejina,41.95,101.06666666666666,940.5
2023-06-25 11:40:59,0.097758,Ejina,41.95,101.06666666666666,940.5
2023-06-25 11:54:56,0.098759,Ejina,41.95,101.06666666666666,940.5
2023-06-25 12:00:26,0.098966,Ejina,41.95,101.06666666666666,940.5
2023-06-25 23:03:56,0.10354,Ejina,41.95,101.06666666666666,940.5
2023-06-25 23:12:55,0.110257,Ejina,41.95,101.06666666666666,940.5
2023-06-25 23:21:58,0.116298,Ejina,41.95,101.06666666666666,940.5
2023-06-25 23:23:48,0.116322,Ejina,41.95,101.06666666666666,940.5
2023-06-25 23:27:56,0.114993,Ejina,41.95,101.06666666666666,940.5
2023-06-25 23:30:55,0.11476,Ejina,41.95,101.06666666666666,940.5
2023-06-25 23:33:59,0.117142,Ejina,41.95,101.06666666666666,940.5
2023-06-25 23:39:59,0.116433,Ejina,41.95,101.06666666666666,940.5
2023-06-25 23:48:56,0.117837,Ejina,41.95,101.06666666666666,940.5
2023-06-25 23:50:49,0.11978,Ejina,41.95,101.06666666666666,940.5
2023-06-25 23:59:51,0.120286,Ejina,41.95,101.06666666666666,940.5
2023-06-26 00:21:58,0.131976,Ejina,41.95,101.06666666666666,940.5
2023-06-26 01:04:01,0.135387,Ejina,41.95,101.06666666666666,940.5
2023-06-26 01:18:56,0.139913,Ejina,41.95,101.06666666666666,940.5
2023-06-26 01:20:54,0.140016,Ejina,41.95,101.06666666666666,940.5
2023-06-26 02:09:57,0.158927,Ejina,41.95,101.06666666666666,940.5
2023-06-26 02:15:57,0.156197,Ejina,41.95,101.06666666666666,940.5
2023-06-26 02:24:57,0.158606,Ejina,41.95,101.06666666666666,940.5
2023-06-26 02:27:57,0.158032,Ejina,41.95,101.06666666666666,940.5
2023-06-26 02:33:57,0.157499,Ejina,41.95,101.06666666666666,940.5
2023-06-26 02:49:07,0.159652,Ejina,41.95,101.06666666666666,940.5
2023-06-26 02:51:57,0.159715,Ejina,41.95,101.06666666666666,940.5
2023-06-26 03:04:06,0.161608,Ejina,41.95,101.06666666666666,940.5
2023-06-26 03:06:57,0.16237,Ejina,41.95,101.06666666666666,940.5
2023-06-26 03:09:57,0.163075,Ejina,41.95,101.06666666666666,940.5
2023-06-26 03:34:07,0.167043,Ejina,41.95,101.06666666666666,940.5
2023-06-26 03:50:50,0.164968,Ejina,41.95,101.06666666666666,940.5
2023-06-26 04:20:54,0.173914,Ejina,41.95,101.06666666666666,940.5
2023-06-26 04:49:07,0.181857,Ejina,41.95,101.06666666666666,940.5
2023-06-26 04:51:58,0.182143,Ejina,41.95,101.06666666666666,940.5
2023-06-26 04:54:57,0.183104,Ejina,41.95,101.06666666666666,940.5
2023-06-26 04:57:57,0.189521,Ejina,41.95,101.06666666666666,940.5
2023-06-26 05:00:58,0.195168,Ejina,41.95,101.06666666666666,940.5
2023-06-26 05:05:48,0.204711,Ejina,41.95,101.06666666666666,940.5
2023-06-26 05:34:06,0.187034,Ejina,41.95,101.06666666666666,940.5
2023-06-26 06:33:57,0.198601,Ejina,41.95,101.06666666666666,940.5
2023-06-26 06:35:49,0.1922,Ejina,41.95,101.06666666666666,940.5
2023-06-26 06:39:56,0.18801,Ejina,41.95,101.06666666666666,940.5
2023-06-26 06:50:49,0.186086,Ejina,41.95,101.06666666666666,940.5
2023-06-26 07:05:48,0.18452,Ejina,41.95,101.06666666666666,940.5
2023-06-26 07:33:56,0.187695,Ejina,41.95,101.06666666666666,940.5
2023-06-26 07:39:56,0.186734,Ejina,41.95,101.06666666666666,940.5
2023-06-26 07:54:56,0.18924,Ejina,41.95,101.06666666666666,940.5
2023-06-26 08:00:55,0.184505,Ejina,41.95,101.06666666666666,940.5
2023-06-26 08:09:57,0.222796,Ejina,41.95,101.06666666666666,940.5
2023-06-27 07:04:00,0.168278,Ejina,41.95,101.06666666666666,940.5
2023-06-27 07:34:15,0.18255,Ejina,41.95,101.06666666666666,940.5
2023-06-27 07:36:57,0.178122,Ejina,41.95,101.06666666666666,940.5
2023-06-27 07:39:57,0.1799,Ejina,41.95,101.06666666666666,940.5
2023-06-27 07:42:56,0.182159,Ejina,41.95,101.06666666666666,940.5
2023-06-27 07:49:17,0.170777,Ejina,41.95,101.06666666666666,940.5
2023-06-27 08:15:58,0.173242,Ejina,41.95,101.06666666666666,940.5
2023-06-27 08:18:56,0.172764,Ejina,41.95,101.06666666666666,940.5
2023-06-27 09:03:59,0.189063,Ejina,41.95,101.06666666666666,940.5
2023-06-27 09:42:58,0.233587,Ejina,41.95,101.06666666666666,940.5
2023-06-27 10:14:58,0.127565,Ejina,41.95,101.06666666666666,940.5
2023-06-27 10:48:20,0.090697,Ejina,41.95,101.06666666666666,940.5
2023-06-27 10:51:54,0.088892,Ejina,41.95,101.06666666666666,940.5
2023-06-27 10:54:56,0.089337,Ejina,41.95,101.06666666666666,940.5
2023-06-27 11:18:55,0.071586,Ejina,41.95,101.06666666666666,940.5
2023-06-27 11:20:49,0.069617,Ejina,41.95,101.06666666666666,940.5
2023-06-27 11:47:53,0.05843,Ejina,41.95,101.06666666666666,940.5
2023-06-27 11:54:55,0.055218,Ejina,41.95,101.06666666666666,940.5
2023-06-27 11:56:51,0.054192,Ejina,41.95,101.06666666666666,940.5
2023-06-27 23:03:56,0.099626,Ejina,41.95,101.06666666666666,940.5
2023-06-27 23:16:06,0.095796,Ejina,41.95,101.06666666666666,940.5
2023-06-27 23:37:01,0.119621,Ejina,41.95,101.06666666666666,940.5
2023-06-27 23:48:59,0.098564,Ejina,41.95,101.06666666666666,940.5
2023-06-27 23:50:48,0.098895,Ejina,41.95,101.06666666666666,940.5
2023-06-28 00:18:56,0.108095,Ejina,41.95,101.06666666666666,940.5
2023-06-28 01:00:56,0.11712,Ejina,41.95,101.06666666666666,940.5
2023-06-28 01:04:00,0.114558,Ejina,41.95,101.06666666666666,940.5
2023-06-28 01:06:59,0.116524,Ejina,41.95,101.06666666666666,940.5
2023-06-28 01:12:38,0.115884,Ejina,41.95,101.06666666666666,940.5
2023-06-28 01:18:56,0.121297,Ejina,41.95,101.06666666666666,940.5
2023-06-28 01:20:52,0.119486,Ejina,41.95,101.06666666666666,940.5
2023-06-28 01:30:58,0.128242,Ejina,41.95,101.06666666666666,940.5
2023-06-28 01:35:50,0.131768,Ejina,41.95,101.06666666666666,940.5
2023-06-28 01:39:56,0.129107,Ejina,41.95,101.06666666666666,940.5
2023-06-28 01:54:57,0.127367,Ejina,41.95,101.06666666666666,940.5
2023-06-28 01:57:57,0.12551,Ejina,41.95,101.06666666666666,940.5
2023-06-28 02:00:57,0.130536,Ejina,41.95,101.06666666666666,940.5
2023-06-28 02:05:54,0.124974,Ejina,41.95,101.06666666666666,940.5
2023-06-28 02:09:57,0.125843,Ejina,41.95,101.06666666666666,940.5
2023-06-28 02:15:57,0.129666,Ejina,41.95,101.06666666666666,940.5
2023-06-28 02:20:13,0.125751,Ejina,41.95,101.06666666666666,940.5
2023-06-28 02:39:57,0.131338,Ejina,41.95,101.06666666666666,940.5
2023-06-28 02:42:56,0.12976,Ejina,41.95,101.06666666666666,940.5
2023-06-28 02:48:57,0.129285,Ejina,41.95,101.06666666666666,940.5
2023-06-28 02:50:50,0.130643,Ejina,41.95,101.06666666666666,940.5
2023-06-28 03:00:58,0.132107,Ejina,41.95,101.06666666666666,940.5
2023-06-28 03:05:49,0.132784,Ejina,41.95,101.06666666666666,940.5
2023-06-28 03:12:57,0.135048,Ejina,41.95,101.06666666666666,940.5
2023-06-28 03:20:51,0.134851,Ejina,41.95,101.06666666666666,940.5
2023-06-28 03:30:58,0.138732,Ejina,41.95,101.06666666666666,940.5
2023-06-28 03:50:50,0.138061,Ejina,41.95,101.06666666666666,940.5
2023-06-28 04:03:58,0.140057,Ejina,41.95,101.06666666666666,940.5
2023-06-28 04:09:58,0.14056,Ejina,41.95,101.06666666666666,940.5
2023-06-28 04:35:51,0.144866,Ejina,41.95,101.06666666666666,940.5
2023-06-28 04:39:58,0.1413,Ejina,41.95,101.06666666666666,940.5
2023-06-28 04:49:29,0.14369,Ejina,41.95,101.06666666666666,940.5
2023-06-28 04:51:57,0.140965,Ejina,41.95,101.06666666666666,940.5
2023-06-28 04:54:57,0.142664,Ejina,41.95,101.06666666666666,940.5
2023-06-28 04:57:57,0.144104,Ejina,41.95,101.06666666666666,940.5
2023-06-28 05:00:58,0.143506,Ejina,41.95,101.06666666666666,940.5
2023-06-28 05:19:31,0.141855,Ejina,41.95,101.06666666666666,940.5
2023-06-28 05:24:57,0.144251,Ejina,41.95,101.06666666666666,940.5
2023-06-28 05:27:57,0.143959,Ejina,41.95,101.06666666666666,940.5
2023-06-28 05:30:57,0.146138,Ejina,41.95,101.06666666666666,940.5
2023-06-28 05:45:57,0.144402,Ejina,41.95,101.06666666666666,940.5
2023-06-28 05:48:58,0.146276,Ejina,41.95,101.06666666666666,940.5
2023-06-28 06:33:59,0.146246,Ejina,41.95,101.06666666666666,940.5
2023-06-28 06:35:51,0.145475,Ejina,41.95,101.06666666666666,940.5
2023-06-28 06:50:48,0.14291,Ejina,41.95,101.06666666666666,940.5
2023-06-28 07:27:55,0.13261,Ejina,41.95,101.06666666666666,940.5
2023-06-28 07:35:50,0.134966,Ejina,41.95,101.06666666666666,940.5
2023-06-28 07:50:47,0.129951,Ejina,41.95,101.06666666666666,940.5
2023-06-28 08:05:48,0.131638,Ejina,41.95,101.06666666666666,940.5
2023-06-28 08:19:29,0.123126,Ejina,41.95,101.06666666666666,940.5
2023-06-28 08:27:57,0.123199,Ejina,41.95,101.06666666666666,940.5
2023-06-28 08:49:29,0.121926,Ejina,41.95,101.06666666666666,940.5
2023-06-28 09:03:57,0.118046,Ejina,41.95,101.06666666666666,940.5
2023-06-28 09:15:56,0.118694,Ejina,41.95,101.06666666666666,940.5
2023-06-28 09:20:39,0.117503,Ejina,41.95,101.06666666666666,940.5
2023-06-28 09:54:58,0.106825,Ejina,41.95,101.06666666666666,940.5
2023-06-28 09:57:55,0.106042,Ejina,41.95,101.06666666666666,940.5
2023-06-28 09:59:47,0.106773,Ejina,41.95,101.06666666666666,940.5
2023-06-28 10:21:55,0.09992,Ejina,41.95,101.06666666666666,940.5
2023-06-28 10:25:10,0.099113,Ejina,41.95,101.06666666666666,940.5
2023-06-28 10:28:00,0.09809,Ejina,41.95,101.06666666666666,940.5
2023-06-28 10:36:55,0.097878,Ejina,41.95,101.06666666666666,940.5
2023-06-28 10:42:56,0.096985,Ejina,41.95,101.06666666666666,940.5
2023-06-28 10:48:23,0.096131,Ejina,41.95,101.06666666666666,940.5
2023-06-28 10:56:28,0.095409,Ejina,41.95,101.06666666666666,940.5
2023-06-28 11:07:00,0.090275,Ejina,41.95,101.06666666666666,940.5
2023-06-28 11:15:05,0.088569,Ejina,41.95,101.06666666666666,940.5
2023-06-28 11:19:00,0.089181,Ejina,41.95,101.06666666666666,940.5
2023-06-28 11:30:55,0.087713,Ejina,41.95,101.06666666666666,940.5
2023-06-28 11:33:47,0.08767,Ejina,41.95,101.06666666666666,940.5
2023-06-28 11:36:55,0.086515,Ejina,41.95,101.06666666666666,940.5
2023-06-28 11:39:54,0.086052,Ejina,41.95,101.06666666666666,940.5
2023-06-28 11:46:01,0.084163,Ejina,41.95,101.06666666666666,940.5
2023-06-28 11:51:55,0.084474,Ejina,41.95,101.06666666666666,940.5
2023-06-28 11:56:57,0.083217,Ejina,41.95,101.06666666666666,940.5
2023-06-28 22:58:42,0.119752,Ejina,41.95,101.06666666666666,940.5
2023-06-28 23:00:55,0.119085,Ejina,41.95,101.06666666666666,940.5
2023-06-28 23:05:40,0.12058,Ejina,41.95,101.06666666666666,940.5
2023-06-28 23:12:55,0.121606,Ejina,41.95,101.06666666666666,940.5
2023-06-28 23:21:58,0.126722,Ejina,41.95,101.06666666666666,940.5
2023-06-28 23:24:15,0.126313,Ejina,41.95,101.06666666666666,940.5
2023-06-28 23:27:54,0.127903,Ejina,41.95,101.06666666666666,940.5
2023-06-28 23:29:53,0.129477,Ejina,41.95,101.06666666666666,940.5
2023-06-28 23:33:56,0.130281,Ejina,41.95,101.06666666666666,940.5
2023-06-28 23:35:59,0.131613,Ejina,41.95,101.06666666666666,940.5
2023-06-28 23:42:55,0.132034,Ejina,41.95,101.06666666666666,940.5
2023-06-28 23:49:01,0.135526,Ejina,41.95,101.06666666666666,940.5
2023-06-29 00:11:17,0.140752,Ejina,41.95,101.06666666666666,940.5
2023-06-29 00:18:56,0.143268,Ejina,41.95,101.06666666666666,940.5
2023-06-29 01:00:59,0.15814,Ejina,41.95,101.06666666666666,940.5
2023-06-29 02:27:57,0.175512,Ejina,41.95,101.06666666666666,940.5
2023-06-29 02:30:57,0.176705,Ejina,41.95,101.06666666666666,940.5
2023-06-29 02:35:50,0.177669,Ejina,41.95,101.06666666666666,940.5
2023-06-29 03:24:57,0.202414,Ejina,41.95,101.06666666666666,940.5
2023-06-29 03:50:53,0.211487,Ejina,41.95,101.06666666666666,940.5
2023-06-29 04:01:00,0.214428,Ejina,41.95,101.06666666666666,940.5
2023-06-29 04:09:58,0.213603,Ejina,41.95,101.06666666666666,940.5
2023-06-29 04:12:58,0.21373,Ejina,41.95,101.06666666666666,940.5
2023-06-29 04:27:58,0.217382,Ejina,41.95,101.06666666666666,940.5
2023-06-29 04:30:59,0.217933,Ejina,41.95,101.06666666666666,940.5
2023-06-29 04:34:41,0.215556,Ejina,41.95,101.06666666666666,940.5
2023-06-29 04:39:58,0.215248,Ejina,41.95,101.06666666666666,940.5
2023-06-29 04:48:59,0.21543,Ejina,41.95,101.06666666666666,940.5
2023-06-29 04:50:50,0.215385,Ejina,41.95,101.06666666666666,940.5
2023-06-29 04:54:58,0.219637,Ejina,41.95,101.06666666666666,940.5
2023-06-29 04:57:57,0.220064,Ejina,41.95,101.06666666666666,940.5
2023-06-29 05:06:59,0.227413,Ejina,41.95,101.06666666666666,940.5
2023-06-29 05:12:57,0.224825,Ejina,41.95,101.06666666666666,940.5
2023-06-29 05:15:57,0.222514,Ejina,41.95,101.06666666666666,940.5
2023-06-29 05:21:57,0.225238,Ejina,41.95,101.06666666666666,940.5
2023-06-29 05:27:57,0.225311,Ejina,41.95,101.06666666666666,940.5
2023-06-29 05:39:57,0.223792,Ejina,41.95,101.06666666666666,940.5
2023-06-29 05:42:57,0.225417,Ejina,41.95,101.06666666666666,940.5
2023-06-29 10:28:40,0.18133,Ejina,41.95,101.06666666666666,940.5
2023-06-29 10:30:55,0.178283,Ejina,41.95,101.06666666666666,940.5
2023-06-29 10:33:55,0.176523,Ejina,41.95,101.06666666666666,940.5
2023-06-29 10:39:03,0.174909,Ejina,41.95,101.06666666666666,940.5
2023-06-29 11:03:29,0.165145,Ejina,41.95,101.06666666666666,940.5
2023-06-29 11:24:26,0.164325,Ejina,41.95,101.06666666666666,940.5
2023-06-29 11:30:56,0.164158,Ejina,41.95,101.06666666666666,940.5
2023-06-29 11:39:55,0.162945,Ejina,41.95,101.06666666666666,940.5
2023-06-29 11:45:57,0.162155,Ejina,41.95,101.06666666666666,940.5
2023-06-29 11:47:48,0.160957,Ejina,41.95,101.06666666666666,940.5
2023-06-29 23:19:04,0.171472,Ejina,41.95,101.06666666666666,940.5
2023-06-29 23:30:58,0.172985,Ejina,41.95,101.06666666666666,940.5
2023-06-30 00:24:43,0.206678,Ejina,41.95,101.06666666666666,940.5
2023-06-30 05:48:57,2.024929,Ejina,41.95,101.06666666666666,940.5
2023-06-30 05:51:58,2.038758,Ejina,41.95,101.06666666666666,940.5
2023-06-30 23:10:00,0.20133,Ejina,41.95,101.06666666666666,940.5
2023-06-30 23:15:45,0.191247,Ejina,41.95,101.06666666666666,940.5
2023-07-01 01:33:57,0.178943,Ejina,41.95,101.06666666666666,940.5
2023-07-01 01:39:58,0.180414,Ejina,41.95,101.06666666666666,940.5
2023-07-01 01:42:56,0.177167,Ejina,41.95,101.06666666666666,940.5
2023-07-01 01:50:03,0.178155,Ejina,41.95,101.06666666666666,940.5
2023-07-01 02:00:57,0.181555,Ejina,41.95,101.06666666666666,940.5
2023-07-01 02:26:08,0.180692,Ejina,41.95,101.06666666666666,940.5
2023-07-01 02:35:50,0.184218,Ejina,41.95,101.06666666666666,940.5
2023-07-01 03:05:49,0.200997,Ejina,41.95,101.06666666666666,940.5
2023-07-01 03:15:58,0.199344,Ejina,41.95,101.06666666666666,940.5
2023-07-01 03:18:58,0.198822,Ejina,41.95,101.06666666666666,940.5
2023-07-01 03:33:58,0.214063,Ejina,41.95,101.06666666666666,940.5
2023-07-01 03:35:51,0.211297,Ejina,41.95,101.06666666666666,940.5
2023-07-01 04:00:58,0.209138,Ejina,41.95,101.06666666666666,940.5
2023-07-01 04:48:58,0.225066,Ejina,41.95,101.06666666666666,940.5
2023-07-01 04:50:49,0.222396,Ejina,41.95,101.06666666666666,940.5
2023-07-01 05:03:58,0.208962,Ejina,41.95,101.06666666666666,940.5
2023-07-01 05:06:58,0.210139,Ejina,41.95,101.06666666666666,940.5
2023-07-01 05:09:57,0.208351,Ejina,41.95,101.06666666666666,940.5
2023-07-01 05:12:58,0.207933,Ejina,41.95,101.06666666666666,940.5
2023-07-01 05:16:18,0.21687,Ejina,41.95,101.06666666666666,940.5
2023-07-01 05:19:00,0.212181,Ejina,41.95,101.06666666666666,940.5
2023-07-01 05:24:57,0.210255,Ejina,41.95,101.06666666666666,940.5
2023-07-01 05:30:57,0.212281,Ejina,41.95,101.06666666666666,940.5
2023-07-01 05:35:38,0.195435,Ejina,41.95,101.06666666666666,940.5
2023-07-01 05:39:57,0.206403,Ejina,41.95,101.06666666666666,940.5
2023-07-01 05:42:58,0.20063,Ejina,41.95,101.06666666666666,940.5
2023-07-01 05:50:04,0.201761,Ejina,41.95,101.06666666666666,940.5
2023-07-01 05:54:58,0.207097,Ejina,41.95,101.06666666666666,940.5
2023-07-01 06:05:50,0.206965,Ejina,41.95,101.06666666666666,940.5
2023-07-01 06:15:57,0.197469,Ejina,41.95,101.06666666666666,940.5
2023-07-01 06:18:56,0.197651,Ejina,41.95,101.06666666666666,940.5
2023-07-01 06:20:51,0.196785,Ejina,41.95,101.06666666666666,940.5
2023-07-01 06:27:56,0.198925,Ejina,41.95,101.06666666666666,940.5
2023-07-01 06:30:56,0.200246,Ejina,41.95,101.06666666666666,940.5
2023-07-01 06:33:56,0.194078,Ejina,41.95,101.06666666666666,940.5
2023-07-01 06:39:57,0.192048,Ejina,41.95,101.06666666666666,940.5
2023-07-01 06:42:59,0.197899,Ejina,41.95,101.06666666666666,940.5
2023-07-01 06:45:56,0.203666,Ejina,41.95,101.06666666666666,940.5
2023-07-01 06:54:58,0.196714,Ejina,41.95,101.06666666666666,940.5
2023-07-01 07:00:59,0.191695,Ejina,41.95,101.06666666666666,940.5
2023-07-01 07:03:58,0.193608,Ejina,41.95,101.06666666666666,940.5
2023-07-01 07:30:56,0.196259,Ejina,41.95,101.06666666666666,940.5
2023-07-01 07:35:40,0.186368,Ejina,41.95,101.06666666666666,940.5
2023-07-01 07:48:57,0.180997,Ejina,41.95,101.06666666666666,940.5
2023-07-01 07:54:56,0.177923,Ejina,41.95,101.06666666666666,940.5
2023-07-01 08:09:56,0.174367,Ejina,41.95,101.06666666666666,940.5
2023-07-01 08:12:55,0.17328,Ejina,41.95,101.06666666666666,940.5
2023-07-01 08:16:00,0.17238,Ejina,41.95,101.06666666666666,940.5
2023-07-01 08:18:56,0.172962,Ejina,41.95,101.06666666666666,940.5
2023-07-01 08:21:55,0.17372,Ejina,41.95,101.06666666666666,940.5
2023-07-01 08:24:55,0.172673,Ejina,41.95,101.06666666666666,940.5
2023-07-01 08:36:57,0.169346,Ejina,41.95,101.06666666666666,940.5
2023-07-01 08:45:59,0.167685,Ejina,41.95,101.06666666666666,940.5
2023-07-01 08:51:56,0.169386,Ejina,41.95,101.06666666666666,940.5
2023-07-01 08:57:56,0.169197,Ejina,41.95,101.06666666666666,940.5
2023-07-01 09:09:56,0.16933,Ejina,41.95,101.06666666666666,940.5
2023-07-01 09:20:49,0.171317,Ejina,41.95,101.06666666666666,940.5
2023-07-01 09:27:56,0.172904,Ejina,41.95,101.06666666666666,940.5
2023-07-01 09:30:56,0.17042,Ejina,41.95,101.06666666666666,940.5
2023-07-01 09:33:55,0.170641,Ejina,41.95,101.06666666666666,940.5
2023-07-01 09:42:56,0.165789,Ejina,41.95,101.06666666666666,940.5
2023-07-01 10:00:55,0.157882,Ejina,41.95,101.06666666666666,940.5
2023-07-01 10:12:58,0.153159,Ejina,41.95,101.06666666666666,940.5
2023-07-01 10:28:02,0.14978,Ejina,41.95,101.06666666666666,940.5
2023-07-01 10:36:55,0.147474,Ejina,41.95,101.06666666666666,940.5
2023-07-01 10:39:04,0.145323,Ejina,41.95,101.06666666666666,940.5
2023-07-02 03:54:58,0.246345,Ejina,41.95,101.06666666666666,940.5
2023-07-02 03:57:58,0.244389,Ejina,41.95,101.06666666666666,940.5
2023-07-02 04:05:41,0.242945,Ejina,41.95,101.06666666666666,940.5
2023-07-02 04:12:58,0.249888,Ejina,41.95,101.06666666666666,940.5
2023-07-02 04:18:58,0.247698,Ejina,41.95,101.06666666666666,940.5
2023-07-02 04:39:58,0.231011,Ejina,41.95,101.06666666666666,940.5
2023-07-03 01:21:54,0.111108,Ejina,41.95,101.06666666666666,940.5
2023-07-03 01:35:23,0.114518,Ejina,41.95,101.06666666666666,940.5
2023-07-03 01:39:57,0.114476,Ejina,41.95,101.06666666666666,940.5
2023-07-03 01:42:57,0.117438,Ejina,41.95,101.06666666666666,940.5
2023-07-03 01:50:24,0.117007,Ejina,41.95,101.06666666666666,940.5
2023-07-03 01:57:56,0.122223,Ejina,41.95,101.06666666666666,940.5
2023-07-03 02:12:57,0.127968,Ejina,41.95,101.06666666666666,940.5
2023-07-03 02:24:57,0.131186,Ejina,41.95,101.06666666666666,940.5
2023-07-03 02:30:57,0.138907,Ejina,41.95,101.06666666666666,940.5
2023-07-03 02:39:57,0.131022,Ejina,41.95,101.06666666666666,940.5
2023-07-03 02:45:57,0.143436,Ejina,41.95,101.06666666666666,940.5
2023-07-03 02:48:57,0.146417,Ejina,41.95,101.06666666666666,940.5
2023-07-03 04:33:58,0.398433,Ejina,41.95,101.06666666666666,940.5
2023-07-03 05:18:57,0.334789,Ejina,41.95,101.06666666666666,940.5
2023-07-03 05:35:24,0.387807,Ejina,41.95,101.06666666666666,940.5
2023-07-03 05:39:57,0.396629,Ejina,41.95,101.06666666666666,940.5
2023-07-03 06:18:57,0.254135,Ejina,41.95,101.06666666666666,940.5
2023-07-03 06:20:51,0.248056,Ejina,41.95,101.06666666666666,940.5
2023-07-03 06:27:56,0.222901,Ejina,41.95,101.06666666666666,940.5
2023-07-03 06:30:56,0.231133,Ejina,41.95,101.06666666666666,940.5
2023-07-03 06:33:56,0.233809,Ejina,41.95,101.06666666666666,940.5
2023-07-03 06:35:53,0.217888,Ejina,41.95,101.06666666666666,940.5
2023-07-03 07:18:56,0.219137,Ejina,41.95,101.06666666666666,940.5
2023-07-03 07:35:49,0.204042,Ejina,41.95,101.06666666666666,940.5
2023-07-03 07:54:57,0.216081,Ejina,41.95,101.06666666666666,940.5
2023-07-03 07:57:56,0.203769,Ejina,41.95,101.06666666666666,940.5
2023-07-03 08:05:49,0.185571,Ejina,41.95,101.06666666666666,940.5
2023-07-03 08:39:56,0.16224,Ejina,41.95,101.06666666666666,940.5
2023-07-03 09:18:55,0.14958,Ejina,41.95,101.06666666666666,940.5
2023-07-03 09:30:56,0.149083,Ejina,41.95,101.06666666666666,940.5
2023-07-03 09:45:55,0.148427,Ejina,41.95,101.06666666666666,940.5
2023-07-03 10:39:00,0.110483,Ejina,41.95,101.06666666666666,940.5
2023-07-03 11:24:22,0.113629,Ejina,41.95,101.06666666666666,940.5
2023-07-03 11:33:35,0.098279,Ejina,41.95,101.06666666666666,940.5
2023-07-03 11:47:14,0.095248,Ejina,41.95,101.06666666666666,940.5
2023-07-03 23:12:57,0.071147,Ejina,41.95,101.06666666666666,940.5
2023-07-03 23:15:56,0.073318,Ejina,41.95,101.06666666666666,940.5
2023-07-03 23:27:56,0.076863,Ejina,41.95,101.06666666666666,940.5
2023-07-03 23:33:56,0.082442,Ejina,41.95,101.06666666666666,940.5
2023-07-03 23:39:56,0.082197,Ejina,41.95,101.06666666666666,940.5
2023-07-03 23:44:57,0.078779,Ejina,41.95,101.06666666666666,940.5
2023-07-03 23:48:59,0.077393,Ejina,41.95,101.06666666666666,940.5
2023-07-03 23:57:58,0.075305,Ejina,41.95,101.06666666666666,940.5
2023-07-04 00:26:46,0.140784,Ejina,41.95,101.06666666666666,940.5
2023-07-04 01:09:56,0.098459,Ejina,41.95,101.06666666666666,940.5
2023-07-04 01:12:56,0.100381,Ejina,41.95,101.06666666666666,940.5
2023-07-04 01:18:55,0.103987,Ejina,41.95,101.06666666666666,940.5
2023-07-04 01:50:52,0.106542,Ejina,41.95,101.06666666666666,940.5
2023-07-04 02:05:34,0.110249,Ejina,41.95,101.06666666666666,940.5
2023-07-04 02:15:57,0.110481,Ejina,41.95,101.06666666666666,940.5
2023-07-04 02:18:57,0.111698,Ejina,41.95,101.06666666666666,940.5
2023-07-04 02:20:51,0.110732,Ejina,41.95,101.06666666666666,940.5
2023-07-04 02:33:57,0.110489,Ejina,41.95,101.06666666666666,940.5
2023-07-04 02:39:58,0.110821,Ejina,41.95,101.06666666666666,940.5
2023-07-04 02:50:35,0.11309,Ejina,41.95,101.06666666666666,940.5
2023-07-04 03:00:57,0.118225,Ejina,41.95,101.06666666666666,940.5
2023-07-04 03:18:58,0.125941,Ejina,41.95,101.06666666666666,940.5
2023-07-04 03:20:51,0.124376,Ejina,41.95,101.06666666666666,940.5
2023-07-04 03:27:58,0.124644,Ejina,41.95,101.06666666666666,940.5
2023-07-04 03:33:58,0.124301,Ejina,41.95,101.06666666666666,940.5
2023-07-04 03:42:58,0.125427,Ejina,41.95,101.06666666666666,940.5
2023-07-04 03:50:36,0.123911,Ejina,41.95,101.06666666666666,940.5
2023-07-04 03:55:00,0.124663,Ejina,41.95,101.06666666666666,940.5
2023-07-04 03:57:58,0.127482,Ejina,41.95,101.06666666666666,940.5
2023-07-04 04:00:58,0.128979,Ejina,41.95,101.06666666666666,940.5
2023-07-04 04:03:57,0.129167,Ejina,41.95,101.06666666666666,940.5
2023-07-04 04:27:56,0.137965,Ejina,41.95,101.06666666666666,940.5
2023-07-04 04:30:59,0.136841,Ejina,41.95,101.06666666666666,940.5
2023-07-04 04:35:50,0.134586,Ejina,41.95,101.06666666666666,940.5
2023-07-04 05:03:59,0.141586,Ejina,41.95,101.06666666666666,940.5
2023-07-04 05:05:49,0.141415,Ejina,41.95,101.06666666666666,940.5
2023-07-04 05:33:58,0.14487,Ejina,41.95,101.06666666666666,940.5
2023-07-04 05:35:50,0.145454,Ejina,41.95,101.06666666666666,940.5
2023-07-04 05:45:57,0.146321,Ejina,41.95,101.06666666666666,940.5
2023-07-04 05:48:59,0.142959,Ejina,41.95,101.06666666666666,940.5
2023-07-04 05:50:49,0.140576,Ejina,41.95,101.06666666666666,940.5
2023-07-04 06:00:57,0.143332,Ejina,41.95,101.06666666666666,940.5
2023-07-04 06:03:57,0.14334,Ejina,41.95,101.06666666666666,940.5
2023-07-04 06:09:57,0.143388,Ejina,41.95,101.06666666666666,940.5
2023-07-04 06:34:00,0.146933,Ejina,41.95,101.06666666666666,940.5
2023-07-04 06:35:48,0.147312,Ejina,41.95,101.06666666666666,940.5
2023-07-04 06:39:56,0.145314,Ejina,41.95,101.06666666666666,940.5
2023-07-04 06:42:56,0.148849,Ejina,41.95,101.06666666666666,940.5
2023-07-04 06:45:57,0.147135,Ejina,41.95,101.06666666666666,940.5
2023-07-04 06:48:56,0.149522,Ejina,41.95,101.06666666666666,940.5
2023-07-04 07:05:33,0.148857,Ejina,41.95,101.06666666666666,940.5
2023-07-04 07:27:56,0.148782,Ejina,41.95,101.06666666666666,940.5
2023-07-04 07:30:57,0.145945,Ejina,41.95,101.06666666666666,940.5
2023-07-04 07:48:56,0.144137,Ejina,41.95,101.06666666666666,940.5
2023-07-04 07:54:56,0.146195,Ejina,41.95,101.06666666666666,940.5
2023-07-04 08:09:56,0.140349,Ejina,41.95,101.06666666666666,940.5
2023-07-04 08:15:55,0.146346,Ejina,41.95,101.06666666666666,940.5
2023-07-04 08:18:56,0.143892,Ejina,41.95,101.06666666666666,940.5
2023-07-04 08:24:56,0.143111,Ejina,41.95,101.06666666666666,940.5
2023-07-04 08:30:55,0.144564,Ejina,41.95,101.06666666666666,940.5
2023-07-04 08:33:56,0.140252,Ejina,41.95,101.06666666666666,940.5
2023-07-04 08:50:32,0.139569,Ejina,41.95,101.06666666666666,940.5
2023-07-04 09:03:55,0.142605,Ejina,41.95,101.06666666666666,940.5
2023-07-04 09:06:55,0.144389,Ejina,41.95,101.06666666666666,940.5
2023-07-04 09:18:55,0.143508,Ejina,41.95,101.06666666666666,940.5
2023-07-04 09:24:56,0.141284,Ejina,41.95,101.06666666666666,940.5
2023-07-04 09:42:55,0.128262,Ejina,41.95,101.06666666666666,940.5
2023-07-04 09:54:56,0.128419,Ejina,41.95,101.06666666666666,940.5
2023-07-04 10:09:55,0.121211,Ejina,41.95,101.06666666666666,940.5
2023-07-04 10:12:54,0.121716,Ejina,41.95,101.06666666666666,940.5
2023-07-04 10:14:48,0.123615,Ejina,41.95,101.06666666666666,940.5
2023-07-04 10:28:03,0.117169,Ejina,41.95,101.06666666666666,940.5
2023-07-04 10:36:55,0.113204,Ejina,41.95,101.06666666666666,940.5
2023-07-04 10:38:53,0.111738,Ejina,41.95,101.06666666666666,940.5
2023-07-04 10:42:56,0.110365,Ejina,41.95,101.06666666666666,940.5
2023-07-04 10:45:55,0.111321,Ejina,41.95,101.06666666666666,940.5
2023-07-04 10:48:13,0.109998,Ejina,41.95,101.06666666666666,940.5
2023-07-04 10:54:55,0.109412,Ejina,41.95,101.06666666666666,940.5
2023-07-04 11:00:56,0.107737,Ejina,41.95,101.06666666666666,940.5
2023-07-04 11:03:15,0.106147,Ejina,41.95,101.06666666666666,940.5
2023-07-04 11:14:52,0.10566,Ejina,41.95,101.06666666666666,940.5
2023-07-04 11:19:01,0.104935,Ejina,41.95,101.06666666666666,940.5
2023-07-04 11:20:48,0.106705,Ejina,41.95,101.06666666666666,940.5
2023-07-04 11:30:57,0.103533,Ejina,41.95,101.06666666666666,940.5
2023-07-04 11:41:08,0.102483,Ejina,41.95,101.06666666666666,940.5
2023-07-04 11:45:59,0.105263,Ejina,41.95,101.06666666666666,940.5
2023-07-04 11:47:51,0.106276,Ejina,41.95,101.06666666666666,940.5
2023-07-04 11:51:54,0.102285,Ejina,41.95,101.06666666666666,940.5
2023-07-04 11:55:00,0.097862,Ejina,41.95,101.06666666666666,940.5
2023-07-04 12:00:15,0.097943,Ejina,41.95,101.06666666666666,940.5
2023-07-04 23:16:01,0.111968,Ejina,41.95,101.06666666666666,940.5
2023-07-04 23:17:49,0.112396,Ejina,41.95,101.06666666666666,940.5
2023-07-04 23:53:48,0.120433,Ejina,41.95,101.06666666666666,940.5
2023-07-04 23:57:56,0.122307,Ejina,41.95,101.06666666666666,940.5
2023-07-05 00:13:41,0.127608,Ejina,41.95,101.06666666666666,940.5
2023-07-05 00:15:57,0.129695,Ejina,41.95,101.06666666666666,940.5
2023-07-05 01:01:04,0.146735,Ejina,41.95,101.06666666666666,940.5
2023-07-05 01:07:01,0.14767,Ejina,41.95,101.06666666666666,940.5
2023-07-05 01:09:57,0.149016,Ejina,41.95,101.06666666666666,940.5
2023-07-05 01:12:56,0.15093,Ejina,41.95,101.06666666666666,940.5
2023-07-05 01:15:21,0.151033,Ejina,41.95,101.06666666666666,940.5
2023-07-05 01:35:48,0.157842,Ejina,41.95,101.06666666666666,940.5
2023-07-05 01:40:02,0.159531,Ejina,41.95,101.06666666666666,940.5
2023-07-05 01:43:01,0.161014,Ejina,41.95,101.06666666666666,940.5
2023-07-05 01:45:58,0.161379,Ejina,41.95,101.06666666666666,940.5
2023-07-05 01:48:59,0.164728,Ejina,41.95,101.06666666666666,940.5
2023-07-05 02:18:57,0.174623,Ejina,41.95,101.06666666666666,940.5
2023-07-05 02:48:58,0.184784,Ejina,41.95,101.06666666666666,940.5
2023-07-05 02:50:50,0.185903,Ejina,41.95,101.06666666666666,940.5
2023-07-05 02:54:57,0.191231,Ejina,41.95,101.06666666666666,940.5
2023-07-05 03:00:57,0.187804,Ejina,41.95,101.06666666666666,940.5
2023-07-05 03:03:57,0.189217,Ejina,41.95,101.06666666666666,940.5
2023-07-05 03:05:49,0.192036,Ejina,41.95,101.06666666666666,940.5
2023-07-05 03:39:58,0.200896,Ejina,41.95,101.06666666666666,940.5
2023-07-05 03:42:57,0.208209,Ejina,41.95,101.06666666666666,940.5
2023-07-05 03:48:59,0.208714,Ejina,41.95,101.06666666666666,940.5
2023-07-05 04:05:45,0.208681,Ejina,41.95,101.06666666666666,940.5
2023-07-05 04:12:58,0.207206,Ejina,41.95,101.06666666666666,940.5
2023-07-05 05:00:58,0.215842,Ejina,41.95,101.06666666666666,940.5
2023-07-05 05:03:58,0.210792,Ejina,41.95,101.06666666666666,940.5
2023-07-05 05:10:00,0.21095,Ejina,41.95,101.06666666666666,940.5
2023-07-05 05:30:59,0.218461,Ejina,41.95,101.06666666666666,940.5
2023-07-05 07:33:55,0.234234,Ejina,41.95,101.06666666666666,940.5
2023-07-05 07:39:57,0.235988,Ejina,41.95,101.06666666666666,940.5
2023-07-05 07:42:57,0.226381,Ejina,41.95,101.06666666666666,940.5
2023-07-05 07:54:56,0.219264,Ejina,41.95,101.06666666666666,940.5
2023-07-05 08:03:56,0.215539,Ejina,41.95,101.06666666666666,940.5
2023-07-05 08:09:56,0.212116,Ejina,41.95,101.06666666666666,940.5
2023-07-05 08:20:51,0.207365,Ejina,41.95,101.06666666666666,940.5
2023-07-05 08:24:55,0.208803,Ejina,41.95,101.06666666666666,940.5
2023-07-05 08:33:56,0.229044,Ejina,41.95,101.06666666666666,940.5
2023-07-05 08:39:56,0.210338,Ejina,41.95,101.06666666666666,940.5
2023-07-05 08:45:56,0.226813,Ejina,41.95,101.06666666666666,940.5
2023-07-05 08:57:55,0.215935,Ejina,41.95,101.06666666666666,940.5
2023-07-05 09:09:56,0.201031,Ejina,41.95,101.06666666666666,940.5
2023-07-05 09:12:56,0.197251,Ejina,41.95,101.06666666666666,940.5
2023-07-05 09:36:55,0.190656,Ejina,41.95,101.06666666666666,940.5
2023-07-05 09:45:55,0.179768,Ejina,41.95,101.06666666666666,940.5
2023-07-05 09:54:54,0.172126,Ejina,41.95,101.06666666666666,940.5
2023-07-05 10:09:56,0.174692,Ejina,41.95,101.06666666666666,940.5
2023-07-05 10:38:46,0.149027,Ejina,41.95,101.06666666666666,940.5
2023-07-05 10:42:54,0.148218,Ejina,41.95,101.06666666666666,940.5
2023-07-05 10:48:04,0.148814,Ejina,41.95,101.06666666666666,940.5
2023-07-05 10:51:57,0.142449,Ejina,41.95,101.06666666666666,940.5
2023-07-05 11:03:08,0.139883,Ejina,41.95,101.06666666666666,940.5
2023-07-05 11:13:04,0.137664,Ejina,41.95,101.06666666666666,940.5
2023-07-05 11:18:56,0.136755,Ejina,41.95,101.06666666666666,940.5
2023-07-05 11:27:56,0.126735,Ejina,41.95,101.06666666666666,940.5
2023-07-05 11:30:54,0.127575,Ejina,41.95,101.06666666666666,940.5
2023-07-05 11:36:54,0.126601,Ejina,41.95,101.06666666666666,940.5
2023-07-05 11:39:55,0.12788,Ejina,41.95,101.06666666666666,940.5
2023-07-05 11:43:01,0.133537,Ejina,41.95,101.06666666666666,940.5
2023-07-05 11:46:54,0.130485,Ejina,41.95,101.06666666666666,940.5
2023-07-05 11:51:55,0.131673,Ejina,41.95,101.06666666666666,940.5
2023-07-05 11:53:50,0.130381,Ejina,41.95,101.06666666666666,940.5
2023-07-05 23:08:51,0.09805,Ejina,41.95,101.06666666666666,940.5
2023-07-05 23:27:14,0.100291,Ejina,41.95,101.06666666666666,940.5
2023-07-06 00:00:56,0.100758,Ejina,41.95,101.06666666666666,940.5
2023-07-06 01:33:59,0.124302,Ejina,41.95,101.06666666666666,940.5
2023-07-06 01:35:54,0.123112,Ejina,41.95,101.06666666666666,940.5
2023-07-06 01:39:57,0.122871,Ejina,41.95,101.06666666666666,940.5
2023-07-06 01:55:00,0.125174,Ejina,41.95,101.06666666666666,940.5
2023-07-06 01:57:57,0.12574,Ejina,41.95,101.06666666666666,940.5
2023-07-06 02:05:53,0.126022,Ejina,41.95,101.06666666666666,940.5
2023-07-06 02:12:57,0.12471,Ejina,41.95,101.06666666666666,940.5
2023-07-06 02:15:57,0.125427,Ejina,41.95,101.06666666666666,940.5
2023-07-06 02:27:57,0.126712,Ejina,41.95,101.06666666666666,940.5
2023-07-06 02:35:55,0.126813,Ejina,41.95,101.06666666666666,940.5
2023-07-06 02:39:57,0.127959,Ejina,41.95,101.06666666666666,940.5
2023-07-06 02:42:57,0.128907,Ejina,41.95,101.06666666666666,940.5
2023-07-06 02:54:57,0.12838,Ejina,41.95,101.06666666666666,940.5
2023-07-06 02:57:57,0.128581,Ejina,41.95,101.06666666666666,940.5
2023-07-06 03:03:57,0.13053,Ejina,41.95,101.06666666666666,940.5
2023-07-06 03:20:56,0.131212,Ejina,41.95,101.06666666666666,940.5
2023-07-06 03:27:57,0.132743,Ejina,41.95,101.06666666666666,940.5
2023-07-06 03:48:58,0.134533,Ejina,41.95,101.06666666666666,940.5
2023-07-06 04:09:58,0.139233,Ejina,41.95,101.06666666666666,940.5
2023-07-06 04:12:58,0.140679,Ejina,41.95,101.06666666666666,940.5
2023-07-06 04:18:58,0.14013,Ejina,41.95,101.06666666666666,940.5
2023-07-06 04:20:57,0.138332,Ejina,41.95,101.06666666666666,940.5
2023-07-06 04:27:58,0.140102,Ejina,41.95,101.06666666666666,940.5
2023-07-06 04:35:55,0.143696,Ejina,41.95,101.06666666666666,940.5
2023-07-06 04:39:56,0.143363,Ejina,41.95,101.06666666666666,940.5
2023-07-06 04:42:58,0.142935,Ejina,41.95,101.06666666666666,940.5
2023-07-06 04:45:58,0.143049,Ejina,41.95,101.06666666666666,940.5
2023-07-06 04:48:58,0.145698,Ejina,41.95,101.06666666666666,940.5
2023-07-06 04:50:55,0.145907,Ejina,41.95,101.06666666666666,940.5
2023-07-06 04:54:57,0.147724,Ejina,41.95,101.06666666666666,940.5
2023-07-06 04:57:57,0.148055,Ejina,41.95,101.06666666666666,940.5
2023-07-06 05:00:58,0.146329,Ejina,41.95,101.06666666666666,940.5
2023-07-06 05:15:57,0.144753,Ejina,41.95,101.06666666666666,940.5
2023-07-06 05:21:57,0.152169,Ejina,41.95,101.06666666666666,940.5
2023-07-06 05:30:57,0.156754,Ejina,41.95,101.06666666666666,940.5
2023-07-06 05:39:58,0.150609,Ejina,41.95,101.06666666666666,940.5
2023-07-06 05:51:57,0.148897,Ejina,41.95,101.06666666666666,940.5
2023-07-06 06:00:57,0.144977,Ejina,41.95,101.06666666666666,940.5
2023-07-06 06:06:57,0.143725,Ejina,41.95,101.06666666666666,940.5
2023-07-06 06:15:57,0.140539,Ejina,41.95,101.06666666666666,940.5
2023-07-06 06:20:55,0.145501,Ejina,41.95,101.06666666666666,940.5
2023-07-06 06:33:56,0.146229,Ejina,41.95,101.06666666666666,940.5
2023-07-06 06:35:53,0.146771,Ejina,41.95,101.06666666666666,940.5
2023-07-06 06:39:56,0.148337,Ejina,41.95,101.06666666666666,940.5
2023-07-06 06:42:57,0.146049,Ejina,41.95,101.06666666666666,940.5
2023-07-06 06:48:57,0.141493,Ejina,41.95,101.06666666666666,940.5
2023-07-06 06:54:58,0.140216,Ejina,41.95,101.06666666666666,940.5
2023-07-06 07:03:56,0.14153,Ejina,41.95,101.06666666666666,940.5
2023-07-06 07:05:53,0.144149,Ejina,41.95,101.06666666666666,940.5
2023-07-06 07:09:56,0.141881,Ejina,41.95,101.06666666666666,940.5
2023-07-06 07:24:56,0.131546,Ejina,41.95,101.06666666666666,940.5
2023-07-06 07:27:55,0.129921,Ejina,41.95,101.06666666666666,940.5
2023-07-06 07:33:57,0.127852,Ejina,41.95,101.06666666666666,940.5
2023-07-06 07:48:55,0.126886,Ejina,41.95,101.06666666666666,940.5
2023-07-06 07:50:54,0.12668,Ejina,41.95,101.06666666666666,940.5
2023-07-06 07:54:56,0.123084,Ejina,41.95,101.06666666666666,940.5
2023-07-06 08:09:56,0.123235,Ejina,41.95,101.06666666666666,940.5
2023-07-06 08:12:56,0.121685,Ejina,41.95,101.06666666666666,940.5
2023-07-06 08:20:55,0.120357,Ejina,41.95,101.06666666666666,940.5
2023-07-06 08:24:56,0.120138,Ejina,41.95,101.06666666666666,940.5
2023-07-06 08:27:56,0.118345,Ejina,41.95,101.06666666666666,940.5
2023-07-06 08:30:55,0.115489,Ejina,41.95,101.06666666666666,940.5
2023-07-06 08:35:52,0.11354,Ejina,41.95,101.06666666666666,940.5
2023-07-06 08:45:56,0.11546,Ejina,41.95,101.06666666666666,940.5
2023-07-06 08:50:53,0.11245,Ejina,41.95,101.06666666666666,940.5
2023-07-06 08:54:55,0.113391,Ejina,41.95,101.06666666666666,940.5
2023-07-06 09:15:56,0.1097,Ejina,41.95,101.06666666666666,940.5
2023-07-06 09:18:58,0.109924,Ejina,41.95,101.06666666666666,940.5
2023-07-06 09:24:56,0.108823,Ejina,41.95,101.06666666666666,940.5
2023-07-06 09:36:55,0.110459,Ejina,41.95,101.06666666666666,940.5
2023-07-06 09:42:54,0.108662,Ejina,41.95,101.06666666666666,940.5
2023-07-06 09:48:55,0.106252,Ejina,41.95,101.06666666666666,940.5
2023-07-06 10:18:54,0.096478,Ejina,41.95,101.06666666666666,940.5
2023-07-06 10:27:40,0.094416,Ejina,41.95,101.06666666666666,940.5
2023-07-06 10:33:57,0.092769,Ejina,41.95,101.06666666666666,940.5
2023-07-06 10:55:59,0.086827,Ejina,41.95,101.06666666666666,940.5
2023-07-06 11:02:58,0.085588,Ejina,41.95,101.06666666666666,940.5
2023-07-06 11:06:59,0.084851,Ejina,41.95,101.06666666666666,940.5
2023-07-06 11:09:06,0.084286,Ejina,41.95,101.06666666666666,940.5
2023-07-06 11:16:01,0.084091,Ejina,41.95,101.06666666666666,940.5
2023-07-06 11:20:43,0.082179,Ejina,41.95,101.06666666666666,940.5
2023-07-06 11:33:18,0.079824,Ejina,41.95,101.06666666666666,940.5
2023-07-06 11:40:48,0.076733,Ejina,41.95,101.06666666666666,940.5
2023-07-06 11:42:56,0.075814,Ejina,41.95,101.06666666666666,940.5
2023-07-06 11:46:43,0.077603,Ejina,41.95,101.06666666666666,940.5
2023-07-06 11:48:54,0.076197,Ejina,41.95,101.06666666666666,940.5
2023-07-06 11:56:41,0.07526,Ejina,41.95,101.06666666666666,940.5
2023-07-06 23:27:47,0.10244,Ejina,41.95,101.06666666666666,940.5
2023-07-06 23:39:21,0.106109,Ejina,41.95,101.06666666666666,940.5
2023-07-06 23:54:27,0.115755,Ejina,41.95,101.06666666666666,940.5
2023-07-07 00:03:40,0.121645,Ejina,41.95,101.06666666666666,940.5
2023-07-07 00:06:56,0.126284,Ejina,41.95,101.06666666666666,940.5
2023-07-07 01:16:13,0.207075,Ejina,41.95,101.06666666666666,940.5
2023-07-07 01:36:06,0.292158,Ejina,41.95,101.06666666666666,940.5
2023-07-07 01:51:06,0.276735,Ejina,41.95,101.06666666666666,940.5
2023-07-07 01:54:57,0.252442,Ejina,41.95,101.06666666666666,940.5
2023-07-07 02:12:57,0.249911,Ejina,41.95,101.06666666666666,940.5
2023-07-07 02:18:58,0.256726,Ejina,41.95,101.06666666666666,940.5
2023-07-07 02:21:06,0.266984,Ejina,41.95,101.06666666666666,940.5
2023-07-07 02:24:56,0.265309,Ejina,41.95,101.06666666666666,940.5
2023-07-07 03:18:57,0.282166,Ejina,41.95,101.06666666666666,940.5
2023-07-07 03:27:57,0.253182,Ejina,41.95,101.06666666666666,940.5
2023-07-07 03:30:58,0.25548,Ejina,41.95,101.06666666666666,940.5
2023-07-07 04:00:59,0.269956,Ejina,41.95,101.06666666666666,940.5
2023-07-07 04:15:57,0.276269,Ejina,41.95,101.06666666666666,940.5
2023-07-07 04:33:58,0.265644,Ejina,41.95,101.06666666666666,940.5
2023-07-07 04:39:58,0.250449,Ejina,41.95,101.06666666666666,940.5
2023-07-07 04:42:58,0.255763,Ejina,41.95,101.06666666666666,940.5
2023-07-07 04:45:58,0.250184,Ejina,41.95,101.06666666666666,940.5
2023-07-07 04:54:58,0.245474,Ejina,41.95,101.06666666666666,940.5
2023-07-07 04:57:58,0.237702,Ejina,41.95,101.06666666666666,940.5
2023-07-07 05:00:57,0.243481,Ejina,41.95,101.06666666666666,940.5
2023-07-07 05:12:58,0.235323,Ejina,41.95,101.06666666666666,940.5
2023-07-07 05:27:58,0.220333,Ejina,41.95,101.06666666666666,940.5
2023-07-07 05:30:57,0.215977,Ejina,41.95,101.06666666666666,940.5
2023-07-07 05:42:57,0.217092,Ejina,41.95,101.06666666666666,940.5
2023-07-07 05:45:57,0.208455,Ejina,41.95,101.06666666666666,940.5
2023-07-07 05:51:03,0.205958,Ejina,41.95,101.06666666666666,940.5
2023-07-07 05:57:57,0.205139,Ejina,41.95,101.06666666666666,940.5
2023-07-07 06:09:57,0.209121,Ejina,41.95,101.06666666666666,940.5
2023-07-07 06:15:57,0.204349,Ejina,41.95,101.06666666666666,940.5
2023-07-07 06:18:57,0.206248,Ejina,41.95,101.06666666666666,940.5
2023-07-07 06:21:05,0.211459,Ejina,41.95,101.06666666666666,940.5
2023-07-07 06:28:00,0.210292,Ejina,41.95,101.06666666666666,940.5
2023-07-07 06:30:56,0.198502,Ejina,41.95,101.06666666666666,940.5
2023-07-07 06:39:56,0.182654,Ejina,41.95,101.06666666666666,940.5
2023-07-07 06:42:57,0.184391,Ejina,41.95,101.06666666666666,940.5
2023-07-07 06:51:04,0.178226,Ejina,41.95,101.06666666666666,940.5
2023-07-07 06:57:57,0.172446,Ejina,41.95,101.06666666666666,940.5
2023-07-07 07:03:56,0.177762,Ejina,41.95,101.06666666666666,940.5
2023-07-07 07:06:03,0.179038,Ejina,41.95,101.06666666666666,940.5
2023-07-07 07:09:57,0.179312,Ejina,41.95,101.06666666666666,940.5
2023-07-07 07:30:57,0.172246,Ejina,41.95,101.06666666666666,940.5
2023-07-07 07:33:56,0.172231,Ejina,41.95,101.06666666666666,940.5
2023-07-07 07:42:57,0.172401,Ejina,41.95,101.06666666666666,940.5
2023-07-07 07:45:56,0.17398,Ejina,41.95,101.06666666666666,940.5
2023-07-07 07:48:55,0.173982,Ejina,41.95,101.06666666666666,940.5
2023-07-07 07:51:03,0.173701,Ejina,41.95,101.06666666666666,940.5
2023-07-07 07:57:55,0.174207,Ejina,41.95,101.06666666666666,940.5
2023-07-07 08:00:56,0.173886,Ejina,41.95,101.06666666666666,940.5
2023-07-07 08:06:03,0.169063,Ejina,41.95,101.06666666666666,940.5
2023-07-07 08:09:56,0.16788,Ejina,41.95,101.06666666666666,940.5
2023-07-07 08:12:57,0.166818,Ejina,41.95,101.06666666666666,940.5
2023-07-07 08:15:56,0.164852,Ejina,41.95,101.06666666666666,940.5
2023-07-07 08:21:05,0.163751,Ejina,41.95,101.06666666666666,940.5
2023-07-07 08:27:55,0.161831,Ejina,41.95,101.06666666666666,940.5
2023-07-07 08:30:55,0.16229,Ejina,41.95,101.06666666666666,940.5
2023-07-07 08:33:56,0.159033,Ejina,41.95,101.06666666666666,940.5
2023-07-07 08:42:56,0.161024,Ejina,41.95,101.06666666666666,940.5
2023-07-07 08:45:55,0.161359,Ejina,41.95,101.06666666666666,940.5
2023-07-07 08:48:56,0.156965,Ejina,41.95,101.06666666666666,940.5
2023-07-07 09:00:55,0.151001,Ejina,41.95,101.06666666666666,940.5
2023-07-07 09:03:56,0.150045,Ejina,41.95,101.06666666666666,940.5
2023-07-07 09:27:54,0.157187,Ejina,41.95,101.06666666666666,940.5
2023-07-07 09:36:56,0.155998,Ejina,41.95,101.06666666666666,940.5
2023-07-07 09:42:55,0.143268,Ejina,41.95,101.06666666666666,940.5
2023-07-07 09:45:55,0.139977,Ejina,41.95,101.06666666666666,940.5
2023-07-07 10:06:57,0.128539,Ejina,41.95,101.06666666666666,940.5
2023-07-07 10:42:57,0.137272,Ejina,41.95,101.06666666666666,940.5
2023-07-07 11:00:56,0.145351,Ejina,41.95,101.06666666666666,940.5
2023-07-07 11:18:55,0.15287,Ejina,41.95,101.06666666666666,940.5
2023-07-07 22:54:58,0.128386,Ejina,41.95,101.06666666666666,940.5
2023-07-07 22:56:48,0.12977,Ejina,41.95,101.06666666666666,940.5
2023-07-07 23:09:42,0.135031,Ejina,41.95,101.06666666666666,940.5
2023-07-07 23:18:59,0.135753,Ejina,41.95,101.06666666666666,940.5
2023-07-07 23:36:58,0.142912,Ejina,41.95,101.06666666666666,940.5
2023-07-08 00:42:57,0.229666,Ejina,41.95,101.06666666666666,940.5
2023-07-08 01:00:56,0.326076,Ejina,41.95,101.06666666666666,940.5
2023-07-08 01:03:57,0.318238,Ejina,41.95,101.06666666666666,940.5
2023-07-08 01:33:58,0.371616,Ejina,41.95,101.06666666666666,940.5
2023-07-08 01:36:13,0.37278,Ejina,41.95,101.06666666666666,940.5
2023-07-08 01:51:13,0.358673,Ejina,41.95,101.06666666666666,940.5
2023-07-08 02:06:19,0.346819,Ejina,41.95,101.06666666666666,940.5
2023-07-08 02:24:56,0.250038,Ejina,41.95,101.06666666666666,940.5
2023-07-08 02:45:58,0.254638,Ejina,41.95,101.06666666666666,940.5
2023-07-08 02:48:57,0.228791,Ejina,41.95,101.06666666666666,940.5
2023-07-08 02:54:58,0.23907,Ejina,41.95,101.06666666666666,940.5
2023-07-08 02:57:57,0.227101,Ejina,41.95,101.06666666666666,940.5
2023-07-08 03:00:56,0.218528,Ejina,41.95,101.06666666666666,940.5
2023-07-08 03:03:59,0.222408,Ejina,41.95,101.06666666666666,940.5
2023-07-08 03:06:13,0.21737,Ejina,41.95,101.06666666666666,940.5
2023-07-08 03:12:58,0.230773,Ejina,41.95,101.06666666666666,940.5
2023-07-08 03:42:58,0.248175,Ejina,41.95,101.06666666666666,940.5
2023-07-08 03:45:58,0.249676,Ejina,41.95,101.06666666666666,940.5
2023-07-08 03:57:58,0.265983,Ejina,41.95,101.06666666666666,940.5
2023-07-08 04:00:59,0.270342,Ejina,41.95,101.06666666666666,940.5
2023-07-08 04:03:58,0.242298,Ejina,41.95,101.06666666666666,940.5
2023-07-08 04:06:13,0.286058,Ejina,41.95,101.06666666666666,940.5
2023-07-08 04:09:58,0.278568,Ejina,41.95,101.06666666666666,940.5
2023-07-08 04:25:01,0.274572,Ejina,41.95,101.06666666666666,940.5
2023-07-08 04:36:15,0.27202,Ejina,41.95,101.06666666666666,940.5
2023-07-08 04:42:58,0.284764,Ejina,41.95,101.06666666666666,940.5
2023-07-08 04:45:58,0.274301,Ejina,41.95,101.06666666666666,940.5
2023-07-08 04:51:14,0.285147,Ejina,41.95,101.06666666666666,940.5
2023-07-08 05:00:57,0.266474,Ejina,41.95,101.06666666666666,940.5
2023-07-08 05:03:58,0.284959,Ejina,41.95,101.06666666666666,940.5
2023-07-08 05:09:58,0.256193,Ejina,41.95,101.06666666666666,940.5
2023-07-08 05:12:58,0.26825,Ejina,41.95,101.06666666666666,940.5
2023-07-08 05:16:10,0.28152,Ejina,41.95,101.06666666666666,940.5
2023-07-08 05:54:57,0.272677,Ejina,41.95,101.06666666666666,940.5
2023-07-08 06:09:56,0.262661,Ejina,41.95,101.06666666666666,940.5
2023-07-08 06:12:57,0.260712,Ejina,41.95,101.06666666666666,940.5
2023-07-08 06:15:58,0.269231,Ejina,41.95,101.06666666666666,940.5
2023-07-08 06:21:14,0.23791,Ejina,41.95,101.06666666666666,940.5
2023-07-08 06:42:56,0.228488,Ejina,41.95,101.06666666666666,940.5
2023-07-08 07:00:58,0.229953,Ejina,41.95,101.06666666666666,940.5
2023-07-08 07:03:57,0.221943,Ejina,41.95,101.06666666666666,940.5
2023-07-08 09:15:56,0.223617,Ejina,41.95,101.06666666666666,940.5
2023-07-08 11:36:55,0.194988,Ejina,41.95,101.06666666666666,940.5
2023-07-08 11:59:23,0.158663,Ejina,41.95,101.06666666666666,940.5
2023-07-08 22:57:56,0.114195,Ejina,41.95,101.06666666666666,940.5
2023-07-08 23:28:48,0.119915,Ejina,41.95,101.06666666666666,940.5
2023-07-08 23:30:56,0.119711,Ejina,41.95,101.06666666666666,940.5
2023-07-08 23:54:07,0.123847,Ejina,41.95,101.06666666666666,940.5
2023-07-08 23:59:12,0.126219,Ejina,41.95,101.06666666666666,940.5
2023-07-09 00:03:56,0.125916,Ejina,41.95,101.06666666666666,940.5
2023-07-09 00:29:49,0.195949,Ejina,41.95,101.06666666666666,940.5
2023-07-09 00:42:58,0.137767,Ejina,41.95,101.06666666666666,940.5
2023-07-09 01:17:12,0.146661,Ejina,41.95,101.06666666666666,940.5
2023-07-09 01:48:57,0.156441,Ejina,41.95,101.06666666666666,940.5
2023-07-09 01:54:57,0.160268,Ejina,41.95,101.06666666666666,940.5
2023-07-09 02:00:58,0.162339,Ejina,41.95,101.06666666666666,940.5
2023-07-09 02:21:24,0.172904,Ejina,41.95,101.06666666666666,940.5
2023-07-09 02:51:22,0.178281,Ejina,41.95,101.06666666666666,940.5
2023-07-09 03:06:22,0.178428,Ejina,41.95,101.06666666666666,940.5
2023-07-09 03:09:57,0.181097,Ejina,41.95,101.06666666666666,940.5
2023-07-09 03:15:57,0.182126,Ejina,41.95,101.06666666666666,940.5
2023-07-09 03:21:24,0.182729,Ejina,41.95,101.06666666666666,940.5
2023-07-09 03:27:57,0.187216,Ejina,41.95,101.06666666666666,940.5
2023-07-09 03:30:58,0.185917,Ejina,41.95,101.06666666666666,940.5
2023-07-09 03:51:23,0.194188,Ejina,41.95,101.06666666666666,940.5
2023-07-09 03:54:58,0.193689,Ejina,41.95,101.06666666666666,940.5
2023-07-09 04:03:58,0.199123,Ejina,41.95,101.06666666666666,940.5
2023-07-09 04:10:00,0.196464,Ejina,41.95,101.06666666666666,940.5
2023-07-09 04:18:57,0.198648,Ejina,41.95,101.06666666666666,940.5
2023-07-09 05:51:22,0.20091,Ejina,41.95,101.06666666666666,940.5
2023-07-10 10:42:54,1.564472,Ejina,41.95,101.06666666666666,940.5
2023-07-12 06:36:46,0.130909,Ejina,41.95,101.06666666666666,940.5
2023-07-12 07:06:54,0.135577,Ejina,41.95,101.06666666666666,940.5
2023-07-12 07:54:56,0.143791,Ejina,41.95,101.06666666666666,940.5
2023-07-12 10:24:56,0.131827,Ejina,41.95,101.06666666666666,940.5
2023-07-12 11:04:03,0.161838,Ejina,41.95,101.06666666666666,940.5
2023-07-13 01:19:22,0.073041,Ejina,41.95,101.06666666666666,940.5
2023-07-13 01:51:54,0.075737,Ejina,41.95,101.06666666666666,940.5
2023-07-13 01:54:57,0.076912,Ejina,41.95,101.06666666666666,940.5
2023-07-13 01:57:57,0.079891,Ejina,41.95,101.06666666666666,940.5
2023-07-13 02:00:59,0.08166,Ejina,41.95,101.06666666666666,940.5
2023-07-13 02:04:04,0.079544,Ejina,41.95,101.06666666666666,940.5
2023-07-13 02:21:55,0.082857,Ejina,41.95,101.06666666666666,940.5
2023-07-13 03:03:58,0.094113,Ejina,41.95,101.06666666666666,940.5
2023-07-13 03:15:57,0.094883,Ejina,41.95,101.06666666666666,940.5
2023-09-21 08:57:57,0.111182,Ejina,41.95,101.06666666666666,940.5
2023-09-21 08:59:49,0.111596,Ejina,41.95,101.06666666666666,940.5
2023-09-21 09:19:40,0.111064,Ejina,41.95,101.06666666666666,940.5
2023-09-21 09:33:56,0.118207,Ejina,41.95,101.06666666666666,940.5
2023-09-22 01:33:57,1.907591,Ejina,41.95,101.06666666666666,940.5
2023-09-23 02:39:26,0.142823,Ejina,41.95,101.06666666666666,940.5
2023-09-24 04:12:58,0.309163,Ejina,41.95,101.06666666666666,940.5
2023-09-26 10:18:56,0.210238,Ejina,41.95,101.06666666666666,940.5
2023-09-27 06:23:01,0.108671,Ejina,41.95,101.06666666666666,940.5
2023-09-27 06:48:58,0.112267,Ejina,41.95,101.06666666666666,940.5
2023-09-27 07:48:56,0.109661,Ejina,41.95,101.06666666666666,940.5
2023-09-27 07:57:57,0.108647,Ejina,41.95,101.06666666666666,940.5
2023-09-27 08:24:55,0.108692,Ejina,41.95,101.06666666666666,940.5
2023-09-27 08:30:56,0.11529,Ejina,41.95,101.06666666666666,940.5
2023-09-27 08:32:48,0.112492,Ejina,41.95,101.06666666666666,940.5
2023-09-27 08:47:08,0.111437,Ejina,41.95,101.06666666666666,940.5
2023-09-27 08:51:56,0.105631,Ejina,41.95,101.06666666666666,940.5
2023-09-27 08:59:37,0.104717,Ejina,41.95,101.06666666666666,940.5
2023-09-27 09:09:57,0.111151,Ejina,41.95,101.06666666666666,940.5
2023-09-27 09:27:57,0.11614,Ejina,41.95,101.06666666666666,940.5
2023-09-27 09:29:50,0.118596,Ejina,41.95,101.06666666666666,940.5
2023-09-27 09:33:58,0.118379,Ejina,41.95,101.06666666666666,940.5
2023-09-27 09:49:00,0.129506,Ejina,41.95,101.06666666666666,940.5
2023-09-27 09:54:57,0.132881,Ejina,41.95,101.06666666666666,940.5
2023-09-28 06:21:58,0.058053,Ejina,41.95,101.06666666666666,940.5
2023-09-28 08:27:57,0.047126,Ejina,41.95,101.06666666666666,940.5
2023-09-28 08:54:56,0.043955,Ejina,41.95,101.06666666666666,940.5
2023-09-28 09:03:56,0.042987,Ejina,41.95,101.06666666666666,940.5
2023-09-28 09:12:59,0.041427,Ejina,41.95,101.06666666666666,940.5
2023-09-29 05:51:58,0.094506,Ejina,41.95,101.06666666666666,940.5
2023-09-29 05:53:49,0.094798,Ejina,41.95,101.06666666666666,940.5
2023-09-29 06:09:58,0.097998,Ejina,41.95,101.06666666666666,940.5
2023-09-29 06:21:59,0.097522,Ejina,41.95,101.06666666666666,940.5
2023-09-29 06:42:58,0.09864,Ejina,41.95,101.06666666666666,940.5
2023-09-29 07:18:57,0.09994,Ejina,41.95,101.06666666666666,940.5
2023-09-29 07:51:57,0.103917,Ejina,41.95,101.06666666666666,940.5
2023-09-29 07:53:48,0.103261,Ejina,41.95,101.06666666666666,940.5
2023-09-29 07:57:55,0.102893,Ejina,41.95,101.06666666666666,940.5
2023-09-29 08:03:56,0.099642,Ejina,41.95,101.06666666666666,940.5
2023-09-29 08:08:39,0.100357,Ejina,41.95,101.06666666666666,940.5
2023-09-29 08:10:56,0.099945,Ejina,41.95,101.06666666666666,940.5
2023-09-29 08:18:57,0.10105,Ejina,41.95,101.06666666666666,940.5
2023-09-29 08:45:57,0.096283,Ejina,41.95,101.06666666666666,940.5
2023-09-29 08:48:57,0.096699,Ejina,41.95,101.06666666666666,940.5
2023-09-29 08:54:57,0.097281,Ejina,41.95,101.06666666666666,940.5
2023-09-29 09:00:57,0.09758,Ejina,41.95,101.06666666666666,940.5
2023-09-29 09:03:55,0.098707,Ejina,41.95,101.06666666666666,940.5
2023-09-29 09:09:57,0.098502,Ejina,41.95,101.06666666666666,940.5
2023-09-29 09:12:23,0.096172,Ejina,41.95,101.06666666666666,940.5
2023-09-29 09:18:57,0.093118,Ejina,41.95,101.06666666666666,940.5
2023-09-29 09:20:49,0.093748,Ejina,41.95,101.06666666666666,940.5
2023-09-29 09:24:57,0.091705,Ejina,41.95,101.06666666666666,940.5
2023-09-29 09:30:57,0.090677,Ejina,41.95,101.06666666666666,940.5
2023-09-29 09:36:24,0.089654,Ejina,41.95,101.06666666666666,940.5
2023-09-29 09:41:02,0.089228,Ejina,41.95,101.06666666666666,940.5
2023-09-29 09:45:57,0.090632,Ejina,41.95,101.06666666666666,940.5
2023-09-29 09:51:57,0.090315,Ejina,41.95,101.06666666666666,940.5
2023-09-29 10:01:02,0.089851,Ejina,41.95,101.06666666666666,940.5
2023-09-29 10:03:57,0.089894,Ejina,41.95,101.06666666666666,940.5
2023-09-29 10:15:22,0.088785,Ejina,41.95,101.06666666666666,940.5
2023-09-30 01:15:58,0.140818,Ejina,41.95,101.06666666666666,940.5
2023-09-30 01:18:58,0.140185,Ejina,41.95,101.06666666666666,940.5
2023-09-30 01:21:58,0.145464,Ejina,41.95,101.06666666666666,940.5
2023-09-30 01:49:44,0.135887,Ejina,41.95,101.06666666666666,940.5
2023-09-30 01:57:57,0.134378,Ejina,41.95,101.06666666666666,940.5
2023-09-30 03:03:58,0.128583,Ejina,41.95,101.06666666666666,940.5
2023-09-30 04:03:58,0.142463,Ejina,41.95,101.06666666666666,940.5
2023-09-30 04:39:58,0.12298,Ejina,41.95,101.06666666666666,940.5
2023-09-30 05:06:59,0.116986,Ejina,41.95,101.06666666666666,940.5
2023-09-30 05:48:57,0.117021,Ejina,41.95,101.06666666666666,940.5
2023-09-30 05:51:58,0.116716,Ejina,41.95,101.06666666666666,940.5
2023-09-30 06:18:57,0.114847,Ejina,41.95,101.06666666666666,940.5
2023-09-30 06:24:56,0.109766,Ejina,41.95,101.06666666666666,940.5
2023-09-30 06:39:58,0.107518,Ejina,41.95,101.06666666666666,940.5
2023-09-30 06:45:57,0.108799,Ejina,41.95,101.06666666666666,940.5
2023-09-30 06:48:57,0.10711,Ejina,41.95,101.06666666666666,940.5
2023-09-30 07:15:57,0.103944,Ejina,41.95,101.06666666666666,940.5
2023-09-30 07:21:56,0.103027,Ejina,41.95,101.06666666666666,940.5
2023-09-30 07:27:57,0.103708,Ejina,41.95,101.06666666666666,940.5
2023-09-30 07:39:57,0.102197,Ejina,41.95,101.06666666666666,940.5
2023-09-30 08:09:57,0.098093,Ejina,41.95,101.06666666666666,940.5
2023-09-30 09:15:56,0.113514,Ejina,41.95,101.06666666666666,940.5
2023-10-01 01:57:59,0.18256,Ejina,41.95,101.06666666666666,940.5
2023-10-02 00:30:58,0.101264,Ejina,41.95,101.06666666666666,940.5
2023-10-02 00:36:57,0.101395,Ejina,41.95,101.06666666666666,940.5
2023-10-02 00:45:58,0.101011,Ejina,41.95,101.06666666666666,940.5
2023-10-02 00:47:50,0.101379,Ejina,41.95,101.06666666666666,940.5
2023-10-02 00:51:58,0.102392,Ejina,41.95,101.06666666666666,940.5
2023-10-02 00:57:57,0.104988,Ejina,41.95,101.06666666666666,940.5
2023-10-02 00:59:49,0.106069,Ejina,41.95,101.06666666666666,940.5
2023-10-02 01:09:57,0.106126,Ejina,41.95,101.06666666666666,940.5
2023-10-02 01:27:58,0.108655,Ejina,41.95,101.06666666666666,940.5
2023-10-02 01:33:58,0.109053,Ejina,41.95,101.06666666666666,940.5
2023-10-02 01:36:58,0.109071,Ejina,41.95,101.06666666666666,940.5
2023-10-02 01:51:58,0.112164,Ejina,41.95,101.06666666666666,940.5
2023-10-02 01:57:56,0.112637,Ejina,41.95,101.06666666666666,940.5
2023-10-02 03:30:59,0.134682,Ejina,41.95,101.06666666666666,940.5
2023-10-02 03:45:58,0.129056,Ejina,41.95,101.06666666666666,940.5
2023-10-02 03:51:16,0.132036,Ejina,41.95,101.06666666666666,940.5
2023-10-02 04:19:00,0.127266,Ejina,41.95,101.06666666666666,940.5
2023-10-02 04:21:17,0.128696,Ejina,41.95,101.06666666666666,940.5
2023-10-02 04:24:57,0.13061,Ejina,41.95,101.06666666666666,940.5
2023-10-02 04:30:57,0.131704,Ejina,41.95,101.06666666666666,940.5
2023-10-02 05:24:58,0.130348,Ejina,41.95,101.06666666666666,940.5
2023-10-02 05:48:58,0.127707,Ejina,41.95,101.06666666666666,940.5
2023-10-02 06:06:17,0.129627,Ejina,41.95,101.06666666666666,940.5
2023-10-02 06:42:58,0.127352,Ejina,41.95,101.06666666666666,940.5
2023-10-02 07:03:57,0.121656,Ejina,41.95,101.06666666666666,940.5
2023-10-02 07:24:57,0.11854,Ejina,41.95,101.06666666666666,940.5
2023-10-02 07:27:57,0.119359,Ejina,41.95,101.06666666666666,940.5
2023-10-02 07:30:57,0.118708,Ejina,41.95,101.06666666666666,940.5
2023-10-02 07:36:16,0.117895,Ejina,41.95,101.06666666666666,940.5
2023-10-02 07:39:57,0.118791,Ejina,41.95,101.06666666666666,940.5
2023-10-02 07:42:58,0.115609,Ejina,41.95,101.06666666666666,940.5
2023-10-02 07:51:16,0.115125,Ejina,41.95,101.06666666666666,940.5
2023-10-02 07:54:57,0.115034,Ejina,41.95,101.06666666666666,940.5
2023-10-02 07:57:57,0.115117,Ejina,41.95,101.06666666666666,940.5
2023-10-02 08:06:16,0.11199,Ejina,41.95,101.06666666666666,940.5
2023-10-03 00:36:57,0.079949,Ejina,41.95,101.06666666666666,940.5
2023-10-03 00:38:49,0.079494,Ejina,41.95,101.06666666666666,940.5
2023-10-03 00:43:44,0.079972,Ejina,41.95,101.06666666666666,940.5
2023-10-03 00:45:58,0.081115,Ejina,41.95,101.06666666666666,940.5
2023-10-03 00:48:06,0.081486,Ejina,41.95,101.06666666666666,940.5
2023-10-03 00:51:57,0.081261,Ejina,41.95,101.06666666666666,940.5
2023-10-03 01:06:57,0.082974,Ejina,41.95,101.06666666666666,940.5
2023-10-03 01:08:50,0.08393,Ejina,41.95,101.06666666666666,940.5
2023-10-03 01:21:58,0.087151,Ejina,41.95,101.06666666666666,940.5
2023-10-03 01:24:58,0.087854,Ejina,41.95,101.06666666666666,940.5
2023-10-03 01:38:42,0.087728,Ejina,41.95,101.06666666666666,940.5
2023-10-03 01:45:58,0.089286,Ejina,41.95,101.06666666666666,940.5
2023-10-03 01:48:57,0.089587,Ejina,41.95,101.06666666666666,940.5
2023-10-03 01:51:59,0.09065,Ejina,41.95,101.06666666666666,940.5
2023-10-03 02:05:59,0.088001,Ejina,41.95,101.06666666666666,940.5
2023-10-03 02:20:57,0.105026,Ejina,41.95,101.06666666666666,940.5
2023-10-03 03:30:59,0.097842,Ejina,41.95,101.06666666666666,940.5
2023-10-03 03:42:59,0.098712,Ejina,41.95,101.06666666666666,940.5
2023-10-03 03:48:57,0.100272,Ejina,41.95,101.06666666666666,940.5
2023-10-03 03:54:57,0.102592,Ejina,41.95,101.06666666666666,940.5
2023-10-03 04:18:58,0.102078,Ejina,41.95,101.06666666666666,940.5
2023-10-03 04:20:57,0.107475,Ejina,41.95,101.06666666666666,940.5
2023-10-03 06:20:57,0.106522,Ejina,41.95,101.06666666666666,940.5
2023-10-03 08:36:55,0.101043,Ejina,41.95,101.06666666666666,940.5
2023-10-04 07:24:58,1.374674,Ejina,41.95,101.06666666666666,940.5
2023-10-04 07:42:58,0.858368,Ejina,41.95,101.06666666666666,940.5
2023-10-04 07:54:57,1.185234,Ejina,41.95,101.06666666666666,940.5
2023-10-04 08:33:57,0.607177,Ejina,41.95,101.06666666666666,940.5
2023-10-04 08:36:56,0.556637,Ejina,41.95,101.06666666666666,940.5
2023-10-04 09:15:58,0.41367,Ejina,41.95,101.06666666666666,940.5
2023-10-04 09:17:49,0.406814,Ejina,41.95,101.06666666666666,940.5
2023-10-04 09:40:39,0.345842,Ejina,41.95,101.06666666666666,940.5
2023-10-06 02:20:11,0.218295,Ejina,41.95,101.06666666666666,940.5
2023-10-06 02:36:59,0.232969,Ejina,41.95,101.06666666666666,940.5
2023-10-06 02:42:59,0.250449,Ejina,41.95,101.06666666666666,940.5
2023-10-06 02:45:58,0.252231,Ejina,41.95,101.06666666666666,940.5
2023-10-06 03:46:00,0.248005,Ejina,41.95,101.06666666666666,940.5
2023-10-06 04:54:58,0.261208,Ejina,41.95,101.06666666666666,940.5
2023-10-06 05:20:00,0.228685,Ejina,41.95,101.06666666666666,940.5
2023-10-06 05:27:58,0.221913,Ejina,41.95,101.06666666666666,940.5
2023-10-06 05:30:59,0.222235,Ejina,41.95,101.06666666666666,940.5
2023-10-06 07:05:00,0.203428,Ejina,41.95,101.06666666666666,940.5
2023-10-07 01:36:58,0.065908,Ejina,41.95,101.06666666666666,940.5
2023-10-07 01:42:57,0.064808,Ejina,41.95,101.06666666666666,940.5
2023-10-07 02:06:57,0.07042,Ejina,41.95,101.06666666666666,940.5
2023-10-07 02:09:57,0.070549,Ejina,41.95,101.06666666666666,940.5
2023-10-07 02:27:57,0.071462,Ejina,41.95,101.06666666666666,940.5
2023-10-07 02:42:57,0.075958,Ejina,41.95,101.06666666666666,940.5
2023-10-07 03:35:47,0.080515,Ejina,41.95,101.06666666666666,940.5
2023-10-07 04:00:57,0.083517,Ejina,41.95,101.06666666666666,940.5
2023-10-07 04:05:50,0.083095,Ejina,41.95,101.06666666666666,940.5
2023-10-07 05:35:48,0.085622,Ejina,41.95,101.06666666666666,940.5
2023-10-07 06:04:42,0.082958,Ejina,41.95,101.06666666666666,940.5
2023-10-07 07:00:57,0.08028,Ejina,41.95,101.06666666666666,940.5
2023-10-07 07:03:57,0.081462,Ejina,41.95,101.06666666666666,940.5
2023-10-07 07:09:58,0.078666,Ejina,41.95,101.06666666666666,940.5
2023-10-07 07:12:57,0.077644,Ejina,41.95,101.06666666666666,940.5
2023-10-07 07:27:57,0.080844,Ejina,41.95,101.06666666666666,940.5
2023-10-07 07:45:57,0.0785,Ejina,41.95,101.06666666666666,940.5
2023-10-07 08:21:57,0.076085,Ejina,41.95,101.06666666666666,940.5
2023-10-07 08:24:27,0.077067,Ejina,41.95,101.06666666666666,940.5
2023-10-07 08:37:06,0.0782,Ejina,41.95,101.06666666666666,940.5
2023-10-07 08:54:57,0.073628,Ejina,41.95,101.06666666666666,940.5
2023-10-07 09:00:58,0.073207,Ejina,41.95,101.06666666666666,940.5
2023-10-07 09:03:53,0.072965,Ejina,41.95,101.06666666666666,940.5
2023-10-07 09:10:40,0.071376,Ejina,41.95,101.06666666666666,940.5
2023-10-07 09:12:57,0.070349,Ejina,41.95,101.06666666666666,940.5
2023-10-07 09:16:42,0.070097,Ejina,41.95,101.06666666666666,940.5
2023-10-07 09:18:57,0.070987,Ejina,41.95,101.06666666666666,940.5
2023-10-07 09:21:11,0.071453,Ejina,41.95,101.06666666666666,940.5
2023-10-07 09:24:58,0.069282,Ejina,41.95,101.06666666666666,940.5
2023-10-07 09:26:48,0.068354,Ejina,41.95,101.06666666666666,940.5
2023-10-07 09:30:55,0.06897,Ejina,41.95,101.06666666666666,940.5
2023-10-07 09:33:56,0.068543,Ejina,41.95,101.06666666666666,940.5
2023-10-07 09:35:49,0.068491,Ejina,41.95,101.06666666666666,940.5
2023-10-07 09:42:28,0.067587,Ejina,41.95,101.06666666666666,940.5
2023-10-07 09:48:28,0.065491,Ejina,41.95,101.06666666666666,940.5
2023-10-07 09:53:23,0.063495,Ejina,41.95,101.06666666666666,940.5
2023-10-07 09:57:31,0.063381,Ejina,41.95,101.06666666666666,940.5
2023-10-07 10:02:17,0.063187,Ejina,41.95,101.06666666666666,940.5
2023-10-08 00:39:55,0.069464,Ejina,41.95,101.06666666666666,940.5
2023-10-08 00:48:57,0.07086,Ejina,41.95,101.06666666666666,940.5
2023-10-08 00:57:55,0.070983,Ejina,41.95,101.06666666666666,940.5
2023-10-08 01:03:57,0.071163,Ejina,41.95,101.06666666666666,940.5
2023-10-08 01:12:57,0.072032,Ejina,41.95,101.06666666666666,940.5
2023-10-08 01:14:49,0.073069,Ejina,41.95,101.06666666666666,940.5
2023-10-08 01:18:58,0.073224,Ejina,41.95,101.06666666666666,940.5
2023-10-08 01:21:57,0.073375,Ejina,41.95,101.06666666666666,940.5
2023-10-08 02:48:58,0.08508,Ejina,41.95,101.06666666666666,940.5
2023-10-08 02:54:57,0.085014,Ejina,41.95,101.06666666666666,940.5
2023-10-08 03:06:59,0.087341,Ejina,41.95,101.06666666666666,940.5
2023-10-08 03:10:00,0.089076,Ejina,41.95,101.06666666666666,940.5
2023-10-08 03:49:04,0.093063,Ejina,41.95,101.06666666666666,940.5
2023-10-08 04:06:57,0.095777,Ejina,41.95,101.06666666666666,940.5
2023-10-08 04:15:58,0.096688,Ejina,41.95,101.06666666666666,940.5
2023-10-08 04:19:41,0.103381,Ejina,41.95,101.06666666666666,940.5
2023-10-08 04:35:48,0.103884,Ejina,41.95,101.06666666666666,940.5
2023-10-08 04:45:59,0.103698,Ejina,41.95,101.06666666666666,940.5
2023-10-08 04:51:58,0.097158,Ejina,41.95,101.06666666666666,940.5
2023-10-08 05:20:48,0.105532,Ejina,41.95,101.06666666666666,940.5
2023-10-08 05:49:25,0.1089,Ejina,41.95,101.06666666666666,940.5
2023-10-08 05:54:58,0.124033,Ejina,41.95,101.06666666666666,940.5
2023-10-08 05:57:58,0.136857,Ejina,41.95,101.06666666666666,940.5
2023-10-08 06:05:08,0.108229,Ejina,41.95,101.06666666666666,940.5
2023-10-08 06:50:46,0.106541,Ejina,41.95,101.06666666666666,940.5
2023-10-08 08:33:57,0.127538,Ejina,41.95,101.06666666666666,940.5
2023-10-08 08:35:49,0.128831,Ejina,41.95,101.06666666666666,940.5
2023-10-08 08:48:57,0.116886,Ejina,41.95,101.06666666666666,940.5
2023-10-08 08:54:22,0.137602,Ejina,41.95,101.06666666666666,940.5
2023-10-08 09:56:49,0.111756,Ejina,41.95,101.06666666666666,940.5
2023-10-09 00:56:49,0.086188,Ejina,41.95,101.06666666666666,940.5
2023-10-09 01:00:58,0.094102,Ejina,41.95,101.06666666666666,940.5
2023-10-09 01:09:57,0.102402,Ejina,41.95,101.06666666666666,940.5
2023-10-09 01:18:58,0.086804,Ejina,41.95,101.06666666666666,940.5
2023-10-09 01:21:58,0.08768,Ejina,41.95,101.06666666666666,940.5
2023-10-09 01:51:58,0.099727,Ejina,41.95,101.06666666666666,940.5
2023-10-09 02:21:57,0.08971,Ejina,41.95,101.06666666666666,940.5
2023-10-09 03:42:59,0.115666,Ejina,41.95,101.06666666666666,940.5
2023-10-09 03:51:59,0.117596,Ejina,41.95,101.06666666666666,940.5
2023-10-09 04:03:57,0.11894,Ejina,41.95,101.06666666666666,940.5
2023-10-09 04:20:52,0.114642,Ejina,41.95,101.06666666666666,940.5
2023-10-09 04:30:57,0.115847,Ejina,41.95,101.06666666666666,940.5
2023-10-09 04:49:05,0.109372,Ejina,41.95,101.06666666666666,940.5
2023-10-09 05:33:58,0.104421,Ejina,41.95,101.06666666666666,940.5
2023-10-09 05:42:57,0.106423,Ejina,41.95,101.06666666666666,940.5
2023-10-09 06:24:57,0.11134,Ejina,41.95,101.06666666666666,940.5
2023-10-09 06:42:56,0.105709,Ejina,41.95,101.06666666666666,940.5
2023-10-09 07:19:04,0.101045,Ejina,41.95,101.06666666666666,940.5
2023-10-09 07:21:55,0.101306,Ejina,41.95,101.06666666666666,940.5
2023-10-09 07:30:57,0.096826,Ejina,41.95,101.06666666666666,940.5
2023-10-09 07:33:56,0.097682,Ejina,41.95,101.06666666666666,940.5
2023-10-09 07:35:47,0.097949,Ejina,41.95,101.06666666666666,940.5
2023-10-09 08:06:56,0.093153,Ejina,41.95,101.06666666666666,940.5
2023-10-09 08:19:58,0.090989,Ejina,41.95,101.06666666666666,940.5
2023-10-09 08:24:57,0.08947,Ejina,41.95,101.06666666666666,940.5
2023-10-09 08:27:57,0.088917,Ejina,41.95,101.06666666666666,940.5
2023-10-09 08:32:53,0.087652,Ejina,41.95,101.06666666666666,940.5
2023-10-09 08:39:56,0.087195,Ejina,41.95,101.06666666666666,940.5
2023-10-09 08:44:40,0.0877,Ejina,41.95,101.06666666666666,940.5
2023-10-09 08:48:57,0.089103,Ejina,41.95,101.06666666666666,940.5
2023-10-09 08:51:57,0.088081,Ejina,41.95,101.06666666666666,940.5
2023-10-09 08:53:48,0.087206,Ejina,41.95,101.06666666666666,940.5
2023-10-09 08:57:57,0.08478,Ejina,41.95,101.06666666666666,940.5
2023-10-09 08:59:57,0.084394,Ejina,41.95,101.06666666666666,940.5
2023-10-09 09:03:57,0.085015,Ejina,41.95,101.06666666666666,940.5
2023-10-09 09:06:32,0.086565,Ejina,41.95,101.06666666666666,940.5
2023-10-09 09:09:56,0.08654,Ejina,41.95,101.06666666666666,940.5
2023-10-09 09:12:17,0.086524,Ejina,41.95,101.06666666666666,940.5
2023-10-09 09:15:57,0.088638,Ejina,41.95,101.06666666666666,940.5
2023-10-09 09:17:49,0.089425,Ejina,41.95,101.06666666666666,940.5
2023-10-09 09:24:57,0.087985,Ejina,41.95,101.06666666666666,940.5
2023-10-09 09:30:59,0.087753,Ejina,41.95,101.06666666666666,940.5
2023-10-09 09:32:48,0.087255,Ejina,41.95,101.06666666666666,940.5
2023-10-09 09:36:57,0.085418,Ejina,41.95,101.06666666666666,940.5
2023-10-09 09:46:04,0.084218,Ejina,41.95,101.06666666666666,940.5
2023-10-09 09:48:58,0.084112,Ejina,41.95,101.06666666666666,940.5
2023-10-10 01:09:43,0.074266,Ejina,41.95,101.06666666666666,940.5
2023-10-10 01:15:58,0.075951,Ejina,41.95,101.06666666666666,940.5
2023-10-10 01:36:58,0.075889,Ejina,41.95,101.06666666666666,940.5
2023-10-10 01:46:01,0.076992,Ejina,41.95,101.06666666666666,940.5
2023-10-10 02:00:57,0.076139,Ejina,41.95,101.06666666666666,940.5
2023-10-10 02:57:58,0.079949,Ejina,41.95,101.06666666666666,940.5
2023-10-10 04:01:02,0.090442,Ejina,41.95,101.06666666666666,940.5
2023-10-10 04:03:49,0.089028,Ejina,41.95,101.06666666666666,940.5
2023-10-10 04:18:50,0.091273,Ejina,41.95,101.06666666666666,940.5
2023-10-10 04:39:58,0.089028,Ejina,41.95,101.06666666666666,940.5
2023-10-10 04:48:49,0.088769,Ejina,41.95,101.06666666666666,940.5
2023-10-10 07:18:48,0.246683,Ejina,41.95,101.06666666666666,940.5
2023-10-10 08:09:57,0.235693,Ejina,41.95,101.06666666666666,940.5
2023-10-10 08:30:40,0.167085,Ejina,41.95,101.06666666666666,940.5
2023-10-10 08:36:58,0.147661,Ejina,41.95,101.06666666666666,940.5
2023-10-10 08:39:57,0.140496,Ejina,41.95,101.06666666666666,940.5
2023-10-10 08:41:49,0.13729,Ejina,41.95,101.06666666666666,940.5
2023-10-10 08:50:49,0.123215,Ejina,41.95,101.06666666666666,940.5
2023-10-10 08:54:57,0.11806,Ejina,41.95,101.06666666666666,940.5
2023-10-10 08:57:57,0.11823,Ejina,41.95,101.06666666666666,940.5
2023-10-10 09:29:36,0.131002,Ejina,41.95,101.06666666666666,940.5
2023-10-10 09:43:40,0.23962,Ejina,41.95,101.06666666666666,940.5
2023-10-11 00:48:57,0.103099,Ejina,41.95,101.06666666666666,940.5
2023-10-11 00:57:57,0.098075,Ejina,41.95,101.06666666666666,940.5
2023-10-11 00:59:50,0.101798,Ejina,41.95,101.06666666666666,940.5
2023-10-11 01:03:56,0.093519,Ejina,41.95,101.06666666666666,940.5
2023-10-11 01:11:13,0.093543,Ejina,41.95,101.06666666666666,940.5
2023-10-11 01:15:57,0.093938,Ejina,41.95,101.06666666666666,940.5
2023-10-11 01:33:57,0.097869,Ejina,41.95,101.06666666666666,940.5
2023-10-11 02:03:35,0.142894,Ejina,41.95,101.06666666666666,940.5
2023-10-11 02:12:58,0.102169,Ejina,41.95,101.06666666666666,940.5
2023-10-11 03:09:59,0.115519,Ejina,41.95,101.06666666666666,940.5
2023-10-11 03:12:57,0.11611,Ejina,41.95,101.06666666666666,940.5
2023-10-11 03:51:58,0.120253,Ejina,41.95,101.06666666666666,940.5
2023-10-11 04:03:34,0.122482,Ejina,41.95,101.06666666666666,940.5
2023-10-11 04:24:57,0.126795,Ejina,41.95,101.06666666666666,940.5
2023-10-11 04:45:58,0.138113,Ejina,41.95,101.06666666666666,940.5
2023-10-11 06:03:34,0.134674,Ejina,41.95,101.06666666666666,940.5
2023-10-11 07:09:57,0.137647,Ejina,41.95,101.06666666666666,940.5
2023-10-11 07:30:57,0.152068,Ejina,41.95,101.06666666666666,940.5
2023-10-11 08:06:57,0.17774,Ejina,41.95,101.06666666666666,940.5
2023-10-11 08:09:57,0.172377,Ejina,41.95,101.06666666666666,940.5
2023-10-11 09:14:52,0.198251,Ejina,41.95,101.06666666666666,940.5
2023-10-12 00:36:56,0.129887,Ejina,41.95,101.06666666666666,940.5
2023-10-12 00:39:58,0.129522,Ejina,41.95,101.06666666666666,940.5
2023-10-12 01:18:58,0.128679,Ejina,41.95,101.06666666666666,940.5
2023-10-12 01:29:25,0.12958,Ejina,41.95,101.06666666666666,940.5
2023-10-12 01:33:58,0.131278,Ejina,41.95,101.06666666666666,940.5
2023-10-12 01:39:58,0.134102,Ejina,41.95,101.06666666666666,940.5
2023-10-12 01:54:58,0.138671,Ejina,41.95,101.06666666666666,940.5
2023-10-12 02:00:59,0.14084,Ejina,41.95,101.06666666666666,940.5
2023-10-12 02:03:18,0.139989,Ejina,41.95,101.06666666666666,940.5
2023-10-12 02:09:57,0.140807,Ejina,41.95,101.06666666666666,940.5
2023-10-12 02:39:57,0.146218,Ejina,41.95,101.06666666666666,940.5
2023-10-12 02:42:57,0.148161,Ejina,41.95,101.06666666666666,940.5
2023-10-12 02:45:57,0.147289,Ejina,41.95,101.06666666666666,940.5
2023-10-12 03:24:57,0.156978,Ejina,41.95,101.06666666666666,940.5
2023-10-12 03:33:17,0.159626,Ejina,41.95,101.06666666666666,940.5
2023-10-12 03:40:01,0.157546,Ejina,41.95,101.06666666666666,940.5
2023-10-12 03:48:17,0.161719,Ejina,41.95,101.06666666666666,940.5
2023-10-12 03:57:58,0.158833,Ejina,41.95,101.06666666666666,940.5
2023-10-12 04:15:59,0.163347,Ejina,41.95,101.06666666666666,940.5
2023-10-12 04:42:58,0.162579,Ejina,41.95,101.06666666666666,940.5
2023-10-12 04:57:58,0.158657,Ejina,41.95,101.06666666666666,940.5
2023-10-12 05:00:58,0.161125,Ejina,41.95,101.06666666666666,940.5
2023-10-12 05:03:19,0.159628,Ejina,41.95,101.06666666666666,940.5
2023-10-12 05:06:58,0.163391,Ejina,41.95,101.06666666666666,940.5
2023-10-12 05:12:58,0.161983,Ejina,41.95,101.06666666666666,940.5
2023-10-12 05:36:57,0.162157,Ejina,41.95,101.06666666666666,940.5
2023-10-12 05:39:57,0.163428,Ejina,41.95,101.06666666666666,940.5
2023-10-12 05:48:16,0.159065,Ejina,41.95,101.06666666666666,940.5
2023-10-12 05:51:56,0.160027,Ejina,41.95,101.06666666666666,940.5
2023-10-12 06:15:56,0.157536,Ejina,41.95,101.06666666666666,940.5
2023-10-12 06:24:57,0.160421,Ejina,41.95,101.06666666666666,940.5
2023-10-12 06:27:57,0.156707,Ejina,41.95,101.06666666666666,940.5
2023-10-12 07:03:17,0.144141,Ejina,41.95,101.06666666666666,940.5
2023-10-12 07:06:57,0.141052,Ejina,41.95,101.06666666666666,940.5
2023-10-12 07:21:56,0.138696,Ejina,41.95,101.06666666666666,940.5
2023-10-12 07:24:56,0.139005,Ejina,41.95,101.06666666666666,940.5
2023-10-12 07:54:59,0.137547,Ejina,41.95,101.06666666666666,940.5
2023-10-12 07:57:57,0.139132,Ejina,41.95,101.06666666666666,940.5
2023-10-12 08:00:57,0.141844,Ejina,41.95,101.06666666666666,940.5
2023-10-12 08:09:56,0.140053,Ejina,41.95,101.06666666666666,940.5
2023-10-12 08:12:59,0.144657,Ejina,41.95,101.06666666666666,940.5
2023-10-12 08:18:57,0.141109,Ejina,41.95,101.06666666666666,940.5
2023-10-12 08:21:56,0.141802,Ejina,41.95,101.06666666666666,940.5
2023-10-12 08:24:59,0.145409,Ejina,41.95,101.06666666666666,940.5
2023-10-12 08:30:57,0.14039,Ejina,41.95,101.06666666666666,940.5
2023-10-12 08:33:57,0.138663,Ejina,41.95,101.06666666666666,940.5
2023-10-12 08:38:39,0.139506,Ejina,41.95,101.06666666666666,940.5
2023-10-12 08:42:57,0.13678,Ejina,41.95,101.06666666666666,940.5
2023-10-12 08:47:09,0.134426,Ejina,41.95,101.06666666666666,940.5
2023-10-12 08:51:57,0.135187,Ejina,41.95,101.06666666666666,940.5
2023-10-12 09:06:37,0.135093,Ejina,41.95,101.06666666666666,940.5
2023-10-12 09:11:41,0.13195,Ejina,41.95,101.06666666666666,940.5
2023-10-12 09:15:58,0.129111,Ejina,41.95,101.06666666666666,940.5
2023-10-12 09:21:58,0.13403,Ejina,41.95,101.06666666666666,940.5
2023-10-12 09:24:56,0.13423,Ejina,41.95,101.06666666666666,940.5
2023-10-12 09:26:52,0.13447,Ejina,41.95,101.06666666666666,940.5
2023-10-12 09:31:03,0.135105,Ejina,41.95,101.06666666666666,940.5
2023-10-12 09:39:29,0.131504,Ejina,41.95,101.06666666666666,940.5
2023-10-13 01:03:58,0.100565,Ejina,41.95,101.06666666666666,940.5
2023-10-13 01:07:43,0.100957,Ejina,41.95,101.06666666666666,940.5
2023-10-13 01:14:12,0.102638,Ejina,41.95,101.06666666666666,940.5
2023-10-13 01:21:52,0.105161,Ejina,41.95,101.06666666666666,940.5
2023-10-13 01:30:57,0.102478,Ejina,41.95,101.06666666666666,940.5
2023-10-13 01:41:53,0.104242,Ejina,41.95,101.06666666666666,940.5
2023-10-13 01:57:57,0.105907,Ejina,41.95,101.06666666666666,940.5
2023-10-13 02:09:58,0.107319,Ejina,41.95,101.06666666666666,940.5
2023-10-13 02:15:58,0.109167,Ejina,41.95,101.06666666666666,940.5
2023-10-13 02:24:57,0.110216,Ejina,41.95,101.06666666666666,940.5
2023-10-13 02:27:58,0.115432,Ejina,41.95,101.06666666666666,940.5
2023-10-13 02:54:58,0.117034,Ejina,41.95,101.06666666666666,940.5
2023-10-13 04:03:03,0.120798,Ejina,41.95,101.06666666666666,940.5
2023-10-13 05:21:58,0.120057,Ejina,41.95,101.06666666666666,940.5
2023-10-13 06:00:57,0.121098,Ejina,41.95,101.06666666666666,940.5
2023-10-13 06:48:01,0.120504,Ejina,41.95,101.06666666666666,940.5
2023-10-13 06:51:57,0.117117,Ejina,41.95,101.06666666666666,940.5
2023-10-13 07:03:56,0.11195,Ejina,41.95,101.06666666666666,940.5
2023-10-13 07:06:57,0.111208,Ejina,41.95,101.06666666666666,940.5
2023-10-13 07:15:59,0.109762,Ejina,41.95,101.06666666666666,940.5
2023-10-13 07:18:01,0.109031,Ejina,41.95,101.06666666666666,940.5
2023-10-13 07:24:57,0.109049,Ejina,41.95,101.06666666666666,940.5
2023-10-13 07:27:56,0.108754,Ejina,41.95,101.06666666666666,940.5
2023-10-13 07:33:04,0.107112,Ejina,41.95,101.06666666666666,940.5
2023-10-13 07:36:56,0.106087,Ejina,41.95,101.06666666666666,940.5
2023-10-13 07:48:01,0.105866,Ejina,41.95,101.06666666666666,940.5
2023-10-13 08:24:28,0.102502,Ejina,41.95,101.06666666666666,940.5
2023-10-13 08:43:00,0.1036,Ejina,41.95,101.06666666666666,940.5
2023-10-13 08:44:49,0.103161,Ejina,41.95,101.06666666666666,940.5
2023-10-13 08:48:57,0.102086,Ejina,41.95,101.06666666666666,940.5
2023-10-13 08:54:57,0.100536,Ejina,41.95,101.06666666666666,940.5
2023-10-13 08:57:56,0.098595,Ejina,41.95,101.06666666666666,940.5
2023-10-13 08:59:47,0.097913,Ejina,41.95,101.06666666666666,940.5
2023-10-13 09:03:56,0.097629,Ejina,41.95,101.06666666666666,940.5
2023-10-13 09:05:48,0.096736,Ejina,41.95,101.06666666666666,940.5
2023-10-13 09:09:48,0.095932,Ejina,41.95,101.06666666666666,940.5
2023-10-13 09:12:57,0.093849,Ejina,41.95,101.06666666666666,940.5
2023-10-13 09:14:48,0.094088,Ejina,41.95,101.06666666666666,940.5
2023-10-13 09:21:58,0.092702,Ejina,41.95,101.06666666666666,940.5
2023-10-13 09:24:02,0.091748,Ejina,41.95,101.06666666666666,940.5
2023-10-13 09:39:57,0.089684,Ejina,41.95,101.06666666666666,940.5
2023-10-13 09:46:02,0.086995,Ejina,41.95,101.06666666666666,940.5
2023-10-13 09:47:51,0.086751,Ejina,41.95,101.06666666666666,940.5
2023-10-14 01:06:57,0.089326,Ejina,41.95,101.06666666666666,940.5
2023-10-14 01:09:57,0.091034,Ejina,41.95,101.06666666666666,940.5
2023-10-14 01:18:57,0.090831,Ejina,41.95,101.06666666666666,940.5
2023-10-14 01:30:58,0.092916,Ejina,41.95,101.06666666666666,940.5
2023-10-14 01:36:57,0.093579,Ejina,41.95,101.06666666666666,940.5
2023-10-14 01:39:58,0.094055,Ejina,41.95,101.06666666666666,940.5
2023-10-14 01:51:57,0.098854,Ejina,41.95,101.06666666666666,940.5
2023-10-14 02:09:57,0.102658,Ejina,41.95,101.06666666666666,940.5
2023-10-14 02:12:58,0.100047,Ejina,41.95,101.06666666666666,940.5
2023-10-14 02:24:58,0.102565,Ejina,41.95,101.06666666666666,940.5
2023-10-14 02:27:57,0.101794,Ejina,41.95,101.06666666666666,940.5
2023-10-14 02:32:47,0.102477,Ejina,41.95,101.06666666666666,940.5
2023-10-14 03:24:57,0.108445,Ejina,41.95,101.06666666666666,940.5
2023-10-14 03:30:58,0.109228,Ejina,41.95,101.06666666666666,940.5
2023-10-14 03:36:59,0.109864,Ejina,41.95,101.06666666666666,940.5
2023-10-14 04:00:57,0.11261,Ejina,41.95,101.06666666666666,940.5
2023-10-14 04:06:58,0.108689,Ejina,41.95,101.06666666666666,940.5
2023-10-14 04:17:47,0.113003,Ejina,41.95,101.06666666666666,940.5
2023-10-14 04:42:57,0.115816,Ejina,41.95,101.06666666666666,940.5
2023-10-14 05:32:47,0.10925,Ejina,41.95,101.06666666666666,940.5
2023-10-14 05:57:58,0.107974,Ejina,41.95,101.06666666666666,940.5
2023-10-14 06:17:46,0.106691,Ejina,41.95,101.06666666666666,940.5
2023-10-14 06:27:57,0.108684,Ejina,41.95,101.06666666666666,940.5
2023-10-14 06:39:58,0.104713,Ejina,41.95,101.06666666666666,940.5
2023-10-14 06:47:46,0.10726,Ejina,41.95,101.06666666666666,940.5
2023-10-14 07:17:45,0.104342,Ejina,41.95,101.06666666666666,940.5
2023-10-14 07:36:58,0.103194,Ejina,41.95,101.06666666666666,940.5
2023-10-14 07:42:57,0.10299,Ejina,41.95,101.06666666666666,940.5
2023-10-14 07:57:57,0.099978,Ejina,41.95,101.06666666666666,940.5
2023-10-14 08:06:56,0.099792,Ejina,41.95,101.06666666666666,940.5
2023-10-14 08:12:56,0.096861,Ejina,41.95,101.06666666666666,940.5
2023-10-14 08:15:57,0.097838,Ejina,41.95,101.06666666666666,940.5
2023-10-14 08:32:59,0.094515,Ejina,41.95,101.06666666666666,940.5
2023-10-14 08:36:57,0.094923,Ejina,41.95,101.06666666666666,940.5
2023-10-14 08:42:14,0.093434,Ejina,41.95,101.06666666666666,940.5
2023-10-14 08:45:56,0.093372,Ejina,41.95,101.06666666666666,940.5
2023-10-14 08:48:58,0.093228,Ejina,41.95,101.06666666666666,940.5
2023-10-14 08:50:48,0.093128,Ejina,41.95,101.06666666666666,940.5
2023-10-14 08:54:56,0.093092,Ejina,41.95,101.06666666666666,940.5
2023-10-14 08:56:48,0.093077,Ejina,41.95,101.06666666666666,940.5
2023-10-14 09:00:56,0.092187,Ejina,41.95,101.06666666666666,940.5
2023-10-14 09:02:48,0.091181,Ejina,41.95,101.06666666666666,940.5
2023-10-14 09:06:56,0.091337,Ejina,41.95,101.06666666666666,940.5
2023-10-14 09:09:56,0.09096,Ejina,41.95,101.06666666666666,940.5
2023-10-14 09:12:35,0.089806,Ejina,41.95,101.06666666666666,940.5
2023-10-15 01:48:58,0.079519,Ejina,41.95,101.06666666666666,940.5
2023-10-15 02:02:37,0.080985,Ejina,41.95,101.06666666666666,940.5
2023-10-15 02:06:59,0.082616,Ejina,41.95,101.06666666666666,940.5
2023-10-15 02:09:58,0.084134,Ejina,41.95,101.06666666666666,940.5
2023-10-15 02:12:58,0.084055,Ejina,41.95,101.06666666666666,940.5
2023-10-15 02:17:39,0.084354,Ejina,41.95,101.06666666666666,940.5
2023-10-15 02:42:58,0.093035,Ejina,41.95,101.06666666666666,940.5
2023-10-15 03:09:59,0.095952,Ejina,41.95,101.06666666666666,940.5
2023-10-15 03:24:57,0.0967,Ejina,41.95,101.06666666666666,940.5
2023-10-15 03:32:33,0.09798,Ejina,41.95,101.06666666666666,940.5
2023-10-15 04:12:58,0.107843,Ejina,41.95,101.06666666666666,940.5
2023-10-15 04:17:33,0.106557,Ejina,41.95,101.06666666666666,940.5
2023-10-15 04:42:58,0.107304,Ejina,41.95,101.06666666666666,940.5
2023-10-15 04:45:58,0.108169,Ejina,41.95,101.06666666666666,940.5
2023-10-15 05:02:40,0.107926,Ejina,41.95,101.06666666666666,940.5
2023-10-15 05:33:58,0.106451,Ejina,41.95,101.06666666666666,940.5
2023-10-15 05:54:58,0.105422,Ejina,41.95,101.06666666666666,940.5
2023-10-15 06:02:35,0.10204,Ejina,41.95,101.06666666666666,940.5
2023-10-15 06:21:58,0.100915,Ejina,41.95,101.06666666666666,940.5
2023-10-15 06:36:57,0.102194,Ejina,41.95,101.06666666666666,940.5
2023-10-15 06:39:57,0.104111,Ejina,41.95,101.06666666666666,940.5
2023-10-15 06:54:59,0.101375,Ejina,41.95,101.06666666666666,940.5
2023-10-15 07:17:32,0.102254,Ejina,41.95,101.06666666666666,940.5
2023-10-15 07:48:57,0.097555,Ejina,41.95,101.06666666666666,940.5
2023-10-15 07:57:57,0.094117,Ejina,41.95,101.06666666666666,940.5
2023-10-15 08:09:53,0.092087,Ejina,41.95,101.06666666666666,940.5
2023-10-15 08:12:57,0.090862,Ejina,41.95,101.06666666666666,940.5
2023-10-15 08:20:48,0.09022,Ejina,41.95,101.06666666666666,940.5
2023-10-15 08:39:57,0.087005,Ejina,41.95,101.06666666666666,940.5
2023-10-15 08:45:57,0.085909,Ejina,41.95,101.06666666666666,940.5
2023-10-15 08:48:02,0.086327,Ejina,41.95,101.06666666666666,940.5
2023-10-15 08:51:57,0.085817,Ejina,41.95,101.06666666666666,940.5
2023-10-15 08:54:51,0.083966,Ejina,41.95,101.06666666666666,940.5
2023-10-15 08:57:57,0.082697,Ejina,41.95,101.06666666666666,940.5
2023-10-15 09:00:47,0.083174,Ejina,41.95,101.06666666666666,940.5
2023-10-15 09:06:03,0.079985,Ejina,41.95,101.06666666666666,940.5
2023-10-15 09:09:54,0.080584,Ejina,41.95,101.06666666666666,940.5
2023-10-15 09:11:45,0.080017,Ejina,41.95,101.06666666666666,940.5
2023-10-15 09:15:56,0.078485,Ejina,41.95,101.06666666666666,940.5
2023-10-15 09:19:00,0.07885,Ejina,41.95,101.06666666666666,940.5
2023-10-15 09:20:46,0.078112,Ejina,41.95,101.06666666666666,940.5
2023-10-15 09:35:08,0.076754,Ejina,41.95,101.06666666666666,940.5
2023-10-15 09:39:12,0.076034,Ejina,41.95,101.06666666666666,940.5
2023-10-15 09:44:39,0.075168,Ejina,41.95,101.06666666666666,940.5
2023-10-16 00:58:04,0.127282,Ejina,41.95,101.06666666666666,940.5
2023-10-16 01:06:56,0.1277,Ejina,41.95,101.06666666666666,940.5
2023-10-16 01:15:55,0.125241,Ejina,41.95,101.06666666666666,940.5
2023-10-16 01:27:58,0.131391,Ejina,41.95,101.06666666666666,940.5
2023-10-16 01:30:58,0.135396,Ejina,41.95,101.06666666666666,940.5
2023-10-16 01:33:58,0.13641,Ejina,41.95,101.06666666666666,940.5
2023-10-16 01:35:52,0.135635,Ejina,41.95,101.06666666666666,940.5
2023-10-16 01:42:58,0.137457,Ejina,41.95,101.06666666666666,940.5
2023-10-16 01:45:58,0.144252,Ejina,41.95,101.06666666666666,940.5
2023-10-16 02:02:29,0.139119,Ejina,41.95,101.06666666666666,940.5
2023-10-16 02:06:58,0.143114,Ejina,41.95,101.06666666666666,940.5
2023-10-16 02:09:59,0.142068,Ejina,41.95,101.06666666666666,940.5
2023-10-16 02:33:58,0.158226,Ejina,41.95,101.06666666666666,940.5
2023-10-16 04:09:57,0.152784,Ejina,41.95,101.06666666666666,940.5
2023-10-16 05:00:58,0.175878,Ejina,41.95,101.06666666666666,940.5
2023-10-16 05:02:50,0.184937,Ejina,41.95,101.06666666666666,940.5
2023-10-16 05:06:56,0.16517,Ejina,41.95,101.06666666666666,940.5
2023-10-16 05:09:59,0.162275,Ejina,41.95,101.06666666666666,940.5
2023-10-16 05:21:58,0.154422,Ejina,41.95,101.06666666666666,940.5
2023-10-16 05:24:58,0.154159,Ejina,41.95,101.06666666666666,940.5
2023-10-16 05:30:58,0.152116,Ejina,41.95,101.06666666666666,940.5
2023-10-16 05:47:37,0.153583,Ejina,41.95,101.06666666666666,940.5
2023-10-16 05:51:58,0.155723,Ejina,41.95,101.06666666666666,940.5
2023-10-16 06:00:58,0.159807,Ejina,41.95,101.06666666666666,940.5
2023-10-16 06:09:57,0.155328,Ejina,41.95,101.06666666666666,940.5
2023-10-16 06:18:59,0.156285,Ejina,41.95,101.06666666666666,940.5
2023-10-16 06:27:58,0.156383,Ejina,41.95,101.06666666666666,940.5
2023-10-16 06:33:57,0.165786,Ejina,41.95,101.06666666666666,940.5
2023-10-16 06:39:58,0.175105,Ejina,41.95,101.06666666666666,940.5
2023-10-16 06:42:58,0.180092,Ejina,41.95,101.06666666666666,940.5
2023-10-17 01:45:58,0.086468,Ejina,41.95,101.06666666666666,940.5
2023-10-17 01:54:58,0.086899,Ejina,41.95,101.06666666666666,940.5
2023-10-17 01:57:59,0.090541,Ejina,41.95,101.06666666666666,940.5
2023-10-17 02:15:58,0.102894,Ejina,41.95,101.06666666666666,940.5
2023-10-17 02:42:58,0.095409,Ejina,41.95,101.06666666666666,940.5
2023-10-17 02:48:58,0.091084,Ejina,41.95,101.06666666666666,940.5
2023-10-17 03:15:59,0.094744,Ejina,41.95,101.06666666666666,940.5
2023-10-17 03:17:47,0.096727,Ejina,41.95,101.06666666666666,940.5
2023-10-17 03:24:58,0.097673,Ejina,41.95,101.06666666666666,940.5
2023-10-17 03:36:58,0.099336,Ejina,41.95,101.06666666666666,940.5
2023-10-17 03:39:58,0.099347,Ejina,41.95,101.06666666666666,940.5
2023-10-17 04:12:58,0.105789,Ejina,41.95,101.06666666666666,940.5
2023-10-17 04:33:58,0.103788,Ejina,41.95,101.06666666666666,940.5
2023-10-17 04:54:58,0.105478,Ejina,41.95,101.06666666666666,940.5
2023-10-17 05:17:06,0.105241,Ejina,41.95,101.06666666666666,940.5
2023-10-17 05:21:57,0.100037,Ejina,41.95,101.06666666666666,940.5
2023-10-17 05:24:58,0.101919,Ejina,41.95,101.06666666666666,940.5
2023-10-17 06:00:57,0.102788,Ejina,41.95,101.06666666666666,940.5
2023-10-17 06:18:56,0.096899,Ejina,41.95,101.06666666666666,940.5
2023-10-17 06:30:58,0.101829,Ejina,41.95,101.06666666666666,940.5
2023-10-17 06:33:57,0.10381,Ejina,41.95,101.06666666666666,940.5
2023-10-17 07:03:57,0.100701,Ejina,41.95,101.06666666666666,940.5
2023-10-17 07:06:58,0.101448,Ejina,41.95,101.06666666666666,940.5
2023-10-17 07:24:57,0.0982,Ejina,41.95,101.06666666666666,940.5
2023-10-17 07:27:57,0.098068,Ejina,41.95,101.06666666666666,940.5
2023-10-17 07:30:58,0.097089,Ejina,41.95,101.06666666666666,940.5
2023-10-17 07:32:48,0.098126,Ejina,41.95,101.06666666666666,940.5
2023-10-17 07:57:57,0.100039,Ejina,41.95,101.06666666666666,940.5
2023-10-17 08:00:57,0.098576,Ejina,41.95,101.06666666666666,940.5
2023-10-17 08:06:57,0.098036,Ejina,41.95,101.06666666666666,940.5
2023-10-17 08:12:57,0.098446,Ejina,41.95,101.06666666666666,940.5
2023-10-17 08:15:28,0.099416,Ejina,41.95,101.06666666666666,940.5
2023-10-17 08:18:57,0.1039,Ejina,41.95,101.06666666666666,940.5
2023-10-17 08:21:59,0.105317,Ejina,41.95,101.06666666666666,940.5
2023-10-17 08:36:06,0.107482,Ejina,41.95,101.06666666666666,940.5
2023-10-17 08:39:57,0.107895,Ejina,41.95,101.06666666666666,940.5
2023-10-17 08:42:58,0.108915,Ejina,41.95,101.06666666666666,940.5
2023-10-17 08:44:47,0.110357,Ejina,41.95,101.06666666666666,940.5
2023-10-17 08:48:58,0.110806,Ejina,41.95,101.06666666666666,940.5
2023-10-17 08:50:56,0.110668,Ejina,41.95,101.06666666666666,940.5
2023-10-17 08:56:58,0.109595,Ejina,41.95,101.06666666666666,940.5
2023-10-17 09:00:57,0.111092,Ejina,41.95,101.06666666666666,940.5
2023-10-17 09:16:45,0.115745,Ejina,41.95,101.06666666666666,940.5
2023-10-17 09:18:59,0.116643,Ejina,41.95,101.06666666666666,940.5
2023-10-17 09:21:57,0.11669,Ejina,41.95,101.06666666666666,940.5
2023-10-17 09:24:27,0.11884,Ejina,41.95,101.06666666666666,940.5
2023-10-18 04:01:56,0.136124,Ejina,41.95,101.06666666666666,940.5
2023-10-18 04:33:58,0.145201,Ejina,41.95,101.06666666666666,940.5
2023-10-18 04:48:58,0.144306,Ejina,41.95,101.06666666666666,940.5
2023-10-18 05:06:59,0.151952,Ejina,41.95,101.06666666666666,940.5
2023-10-18 05:22:00,0.140903,Ejina,41.95,101.06666666666666,940.5
2023-10-18 05:49:14,0.134159,Ejina,41.95,101.06666666666666,940.5
2023-10-18 05:57:58,0.130716,Ejina,41.95,101.06666666666666,940.5
2023-10-18 06:12:58,0.126792,Ejina,41.95,101.06666666666666,940.5
2023-10-18 06:15:57,0.125997,Ejina,41.95,101.06666666666666,940.5
2023-10-18 06:27:57,0.122164,Ejina,41.95,101.06666666666666,940.5
2023-10-18 06:30:59,0.121476,Ejina,41.95,101.06666666666666,940.5
2023-10-18 06:42:57,0.118806,Ejina,41.95,101.06666666666666,940.5
2023-10-18 06:54:57,0.116124,Ejina,41.95,101.06666666666666,940.5
2023-10-18 07:00:57,0.114535,Ejina,41.95,101.06666666666666,940.5
2023-10-18 07:09:58,0.112688,Ejina,41.95,101.06666666666666,940.5
2023-10-18 07:15:57,0.110875,Ejina,41.95,101.06666666666666,940.5
2023-10-18 07:21:57,0.111585,Ejina,41.95,101.06666666666666,940.5
2023-10-18 07:24:58,0.110374,Ejina,41.95,101.06666666666666,940.5
2023-10-18 07:27:57,0.110531,Ejina,41.95,101.06666666666666,940.5
2023-10-18 07:31:54,0.108968,Ejina,41.95,101.06666666666666,940.5
2023-10-18 07:36:57,0.108399,Ejina,41.95,101.06666666666666,940.5
2023-10-18 07:42:58,0.109445,Ejina,41.95,101.06666666666666,940.5
2023-10-18 07:46:54,0.109648,Ejina,41.95,101.06666666666666,940.5
2023-10-18 07:51:57,0.110763,Ejina,41.95,101.06666666666666,940.5
2023-10-18 07:57:57,0.110032,Ejina,41.95,101.06666666666666,940.5
2023-10-18 08:00:57,0.108654,Ejina,41.95,101.06666666666666,940.5
2023-10-18 08:03:58,0.108825,Ejina,41.95,101.06666666666666,940.5
2023-10-18 08:06:57,0.108317,Ejina,41.95,101.06666666666666,940.5
2023-10-18 08:12:57,0.108379,Ejina,41.95,101.06666666666666,940.5
2023-10-18 08:18:59,0.107348,Ejina,41.95,101.06666666666666,940.5
2023-10-18 08:35:40,0.107746,Ejina,41.95,101.06666666666666,940.5
2023-10-18 08:42:06,0.105456,Ejina,41.95,101.06666666666666,940.5
2023-10-18 08:49:40,0.106198,Ejina,41.95,101.06666666666666,940.5
2023-10-18 08:54:57,0.105099,Ejina,41.95,101.06666666666666,940.5
2023-10-18 08:56:48,0.106015,Ejina,41.95,101.06666666666666,940.5
2023-10-18 09:06:57,0.10548,Ejina,41.95,101.06666666666666,940.5
2023-10-18 09:12:57,0.104188,Ejina,41.95,101.06666666666666,940.5
2023-10-18 09:27:57,0.098616,Ejina,41.95,101.06666666666666,940.5
2023-10-18 09:29:49,0.096897,Ejina,41.95,101.06666666666666,940.5
2023-10-18 09:41:59,0.090874,Ejina,41.95,101.06666666666666,940.5
2023-10-19 02:33:57,0.049327,Ejina,41.95,101.06666666666666,940.5
2023-10-19 02:51:58,0.0518,Ejina,41.95,101.06666666666666,940.5
2023-10-19 03:21:57,0.053788,Ejina,41.95,101.06666666666666,940.5
2023-10-19 03:54:58,0.055513,Ejina,41.95,101.06666666666666,940.5
2023-10-19 04:45:58,0.058457,Ejina,41.95,101.06666666666666,940.5
2023-10-19 04:47:48,0.055423,Ejina,41.95,101.06666666666666,940.5
2023-10-19 05:09:58,0.053993,Ejina,41.95,101.06666666666666,940.5
2023-10-19 05:18:58,0.054809,Ejina,41.95,101.06666666666666,940.5
2023-10-19 05:24:58,0.054294,Ejina,41.95,101.06666666666666,940.5
2023-10-19 05:30:58,0.056072,Ejina,41.95,101.06666666666666,940.5
2023-10-19 05:48:58,0.056727,Ejina,41.95,101.06666666666666,940.5
2023-10-19 05:51:58,0.057096,Ejina,41.95,101.06666666666666,940.5
2023-10-19 06:18:57,0.05597,Ejina,41.95,101.06666666666666,940.5
2023-10-19 06:47:37,0.054885,Ejina,41.95,101.06666666666666,940.5
2023-10-19 07:01:44,0.052347,Ejina,41.95,101.06666666666666,940.5
2023-10-19 07:12:57,0.05076,Ejina,41.95,101.06666666666666,940.5
2023-10-19 07:31:41,0.049032,Ejina,41.95,101.06666666666666,940.5
2023-10-19 07:39:57,0.049302,Ejina,41.95,101.06666666666666,940.5
2023-10-19 07:42:58,0.048731,Ejina,41.95,101.06666666666666,940.5
2023-10-19 07:47:37,0.047944,Ejina,41.95,101.06666666666666,940.5
2023-10-19 07:55:00,0.048245,Ejina,41.95,101.06666666666666,940.5
2023-10-19 08:21:55,0.045418,Ejina,41.95,101.06666666666666,940.5
2023-10-19 08:27:57,0.04479,Ejina,41.95,101.06666666666666,940.5
2023-10-19 08:30:56,0.043955,Ejina,41.95,101.06666666666666,940.5
2023-10-19 08:45:58,0.043291,Ejina,41.95,101.06666666666666,940.5
2023-10-19 08:47:47,0.042944,Ejina,41.95,101.06666666666666,940.5
2023-10-19 08:53:11,0.041818,Ejina,41.95,101.06666666666666,940.5
2023-10-19 08:57:57,0.041604,Ejina,41.95,101.06666666666666,940.5
2023-10-19 08:59:49,0.041375,Ejina,41.95,101.06666666666666,940.5
2023-10-19 09:03:17,0.040826,Ejina,41.95,101.06666666666666,940.5
2023-10-19 09:06:56,0.040297,Ejina,41.95,101.06666666666666,940.5
2023-10-19 09:09:56,0.040079,Ejina,41.95,101.06666666666666,940.5
2023-10-19 09:13:42,0.039562,Ejina,41.95,101.06666666666666,940.5
2023-10-19 09:15:57,0.039246,Ejina,41.95,101.06666666666666,940.5
2023-10-19 09:18:56,0.038575,Ejina,41.95,101.06666666666666,940.5
2023-10-19 09:20:55,0.038134,Ejina,41.95,101.06666666666666,940.5
2023-10-19 09:27:10,0.037782,Ejina,41.95,101.06666666666666,940.5
2023-10-19 09:32:20,0.036229,Ejina,41.95,101.06666666666666,940.5
2023-10-19 09:39:56,0.035424,Ejina,41.95,101.06666666666666,940.5
2023-10-19 09:41:51,0.035412,Ejina,41.95,101.06666666666666,940.5
2023-10-20 02:06:59,0.04648,Ejina,41.95,101.06666666666666,940.5
2023-10-20 02:31:41,0.049642,Ejina,41.95,101.06666666666666,940.5
2023-10-20 02:36:57,0.050157,Ejina,41.95,101.06666666666666,940.5
2023-10-20 03:00:57,0.054387,Ejina,41.95,101.06666666666666,940.5
2023-10-20 03:39:58,0.05709,Ejina,41.95,101.06666666666666,940.5
2023-10-20 03:42:59,0.057358,Ejina,41.95,101.06666666666666,940.5
2023-10-20 03:48:58,0.056771,Ejina,41.95,101.06666666666666,940.5
2023-10-20 04:00:58,0.061333,Ejina,41.95,101.06666666666666,940.5
2023-10-20 04:18:59,0.062375,Ejina,41.95,101.06666666666666,940.5
2023-10-20 04:28:02,0.060332,Ejina,41.95,101.06666666666666,940.5
2023-10-20 04:33:59,0.061994,Ejina,41.95,101.06666666666666,940.5
2023-10-20 04:45:58,0.060183,Ejina,41.95,101.06666666666666,940.5
2023-10-20 05:03:58,0.05972,Ejina,41.95,101.06666666666666,940.5
2023-10-20 05:09:59,0.05862,Ejina,41.95,101.06666666666666,940.5
2023-10-20 05:12:58,0.059688,Ejina,41.95,101.06666666666666,940.5
2023-10-20 05:21:58,0.061824,Ejina,41.95,101.06666666666666,940.5
2023-10-20 05:24:59,0.060738,Ejina,41.95,101.06666666666666,940.5
2023-10-20 05:47:38,0.061076,Ejina,41.95,101.06666666666666,940.5
2023-10-20 06:09:58,0.060443,Ejina,41.95,101.06666666666666,940.5
2023-10-20 06:33:58,0.057312,Ejina,41.95,101.06666666666666,940.5
2023-10-20 06:45:57,0.059098,Ejina,41.95,101.06666666666666,940.5
2023-10-20 06:57:58,0.057068,Ejina,41.95,101.06666666666666,940.5
2023-10-20 07:03:58,0.05612,Ejina,41.95,101.06666666666666,940.5
2023-10-20 07:24:57,0.053746,Ejina,41.95,101.06666666666666,940.5
2023-10-20 07:30:57,0.051465,Ejina,41.95,101.06666666666666,940.5
2023-10-20 07:45:58,0.050187,Ejina,41.95,101.06666666666666,940.5
2023-10-20 07:48:57,0.04943,Ejina,41.95,101.06666666666666,940.5
2023-10-20 07:51:56,0.049808,Ejina,41.95,101.06666666666666,940.5
2023-10-20 07:54:57,0.049009,Ejina,41.95,101.06666666666666,940.5
2023-10-20 08:00:56,0.048382,Ejina,41.95,101.06666666666666,940.5
2023-10-20 08:03:56,0.046585,Ejina,41.95,101.06666666666666,940.5
2023-10-20 08:08:53,0.045249,Ejina,41.95,101.06666666666666,940.5
2023-10-20 08:15:58,0.044753,Ejina,41.95,101.06666666666666,940.5
2023-10-20 08:20:25,0.045073,Ejina,41.95,101.06666666666666,940.5
2023-10-20 08:24:58,0.044649,Ejina,41.95,101.06666666666666,940.5
2023-10-20 08:27:58,0.043058,Ejina,41.95,101.06666666666666,940.5
2023-10-20 08:36:57,0.041295,Ejina,41.95,101.06666666666666,940.5
2023-10-20 08:42:55,0.040724,Ejina,41.95,101.06666666666666,940.5
2023-10-20 08:48:57,0.040305,Ejina,41.95,101.06666666666666,940.5
2023-10-20 08:51:17,0.04018,Ejina,41.95,101.06666666666666,940.5
2023-10-20 08:56:41,0.039878,Ejina,41.95,101.06666666666666,940.5
2023-10-20 09:00:56,0.039863,Ejina,41.95,101.06666666666666,940.5
2023-10-20 09:02:49,0.039822,Ejina,41.95,101.06666666666666,940.5
2023-10-20 09:12:55,0.038355,Ejina,41.95,101.06666666666666,940.5
2023-10-20 09:15:57,0.03777,Ejina,41.95,101.06666666666666,940.5
2023-10-20 09:18:58,0.03706,Ejina,41.95,101.06666666666666,940.5
2023-10-20 09:20:47,0.036859,Ejina,41.95,101.06666666666666,940.5
2023-10-20 09:24:57,0.035937,Ejina,41.95,101.06666666666666,940.5
2023-10-20 09:26:49,0.035924,Ejina,41.95,101.06666666666666,940.5
2023-10-20 09:33:57,0.03612,Ejina,41.95,101.06666666666666,940.5
2023-10-20 09:35:50,0.035567,Ejina,41.95,101.06666666666666,940.5
2023-10-21 01:51:58,0.048177,Ejina,41.95,101.06666666666666,940.5
2023-10-21 01:56:10,0.047309,Ejina,41.95,101.06666666666666,940.5
2023-10-21 02:09:57,0.049944,Ejina,41.95,101.06666666666666,940.5
2023-10-21 03:33:57,0.06302,Ejina,41.95,101.06666666666666,940.5
2023-10-21 03:39:58,0.062277,Ejina,41.95,101.06666666666666,940.5
2023-10-21 03:45:57,0.065413,Ejina,41.95,101.06666666666666,940.5
2023-10-21 03:47:47,0.063912,Ejina,41.95,101.06666666666666,940.5
2023-10-21 04:12:58,0.066479,Ejina,41.95,101.06666666666666,940.5
2023-10-21 04:17:37,0.068762,Ejina,41.95,101.06666666666666,940.5
2023-10-21 04:21:58,0.068269,Ejina,41.95,101.06666666666666,940.5
2023-10-21 04:45:58,0.06786,Ejina,41.95,101.06666666666666,940.5
2023-10-21 04:48:56,0.071132,Ejina,41.95,101.06666666666666,940.5
2023-10-21 04:51:58,0.069818,Ejina,41.95,101.06666666666666,940.5
2023-10-21 05:03:58,0.067967,Ejina,41.95,101.06666666666666,940.5
2023-10-21 05:18:56,0.06841,Ejina,41.95,101.06666666666666,940.5
2023-10-21 05:54:57,0.073418,Ejina,41.95,101.06666666666666,940.5
2023-10-21 06:09:57,0.069788,Ejina,41.95,101.06666666666666,940.5
2023-10-21 06:48:57,0.06538,Ejina,41.95,101.06666666666666,940.5
2023-10-21 06:57:59,0.065347,Ejina,41.95,101.06666666666666,940.5
2023-10-21 07:12:58,0.066442,Ejina,41.95,101.06666666666666,940.5
2023-10-21 07:17:38,0.065181,Ejina,41.95,101.06666666666666,940.5
2023-10-21 07:21:57,0.063929,Ejina,41.95,101.06666666666666,940.5
2023-10-21 07:24:57,0.063177,Ejina,41.95,101.06666666666666,940.5
2023-10-21 07:32:37,0.064114,Ejina,41.95,101.06666666666666,940.5
2023-10-21 07:57:56,0.065736,Ejina,41.95,101.06666666666666,940.5
2023-10-21 08:01:39,0.065005,Ejina,41.95,101.06666666666666,940.5
2023-10-21 08:18:20,0.06569,Ejina,41.95,101.06666666666666,940.5
2023-10-21 08:21:57,0.065435,Ejina,41.95,101.06666666666666,940.5
2023-10-21 08:29:38,0.064486,Ejina,41.95,101.06666666666666,940.5
2023-10-21 08:33:55,0.063117,Ejina,41.95,101.06666666666666,940.5
2023-10-21 08:36:13,0.065194,Ejina,41.95,101.06666666666666,940.5
2023-10-21 08:39:55,0.062409,Ejina,41.95,101.06666666666666,940.5
2023-10-21 08:48:57,0.061085,Ejina,41.95,101.06666666666666,940.5
2023-10-21 08:51:57,0.061595,Ejina,41.95,101.06666666666666,940.5
2023-10-21 08:54:50,0.060989,Ejina,41.95,101.06666666666666,940.5
2023-10-21 08:59:39,0.059559,Ejina,41.95,101.06666666666666,940.5
2023-10-21 09:09:37,0.06026,Ejina,41.95,101.06666666666666,940.5
2023-10-21 09:12:57,0.056065,Ejina,41.95,101.06666666666666,940.5
2023-10-21 09:23:44,0.056348,Ejina,41.95,101.06666666666666,940.5
2023-10-21 09:29:12,0.05821,Ejina,41.95,101.06666666666666,940.5
2023-10-22 02:36:59,0.155209,Ejina,41.95,101.06666666666666,940.5
2023-10-22 03:27:58,0.157231,Ejina,41.95,101.06666666666666,940.5
2023-10-22 03:32:08,0.150421,Ejina,41.95,101.06666666666666,940.5
2023-10-22 03:42:59,0.157602,Ejina,41.95,101.06666666666666,940.5
2023-10-22 03:51:58,0.157626,Ejina,41.95,101.06666666666666,940.5
2023-10-22 04:00:58,0.146386,Ejina,41.95,101.06666666666666,940.5
2023-10-22 04:02:49,0.143231,Ejina,41.95,101.06666666666666,940.5
2023-10-22 04:09:58,0.134999,Ejina,41.95,101.06666666666666,940.5
2023-10-22 04:18:58,0.129702,Ejina,41.95,101.06666666666666,940.5
2023-10-22 04:42:57,0.119072,Ejina,41.95,101.06666666666666,940.5
2023-10-22 04:57:58,0.122051,Ejina,41.95,101.06666666666666,940.5
2023-10-22 05:16:38,0.125571,Ejina,41.95,101.06666666666666,940.5
2023-10-22 05:18:58,0.125116,Ejina,41.95,101.06666666666666,940.5
2023-10-22 05:21:58,0.127519,Ejina,41.95,101.06666666666666,940.5
2023-10-22 05:27:58,0.125783,Ejina,41.95,101.06666666666666,940.5
2023-10-22 05:33:58,0.130022,Ejina,41.95,101.06666666666666,940.5
2023-10-22 05:45:57,0.129612,Ejina,41.95,101.06666666666666,940.5
2023-10-22 06:01:13,0.134794,Ejina,41.95,101.06666666666666,940.5
2023-10-22 06:06:59,0.135944,Ejina,41.95,101.06666666666666,940.5
2023-10-22 06:09:57,0.138316,Ejina,41.95,101.06666666666666,940.5
2023-10-22 06:18:57,0.134884,Ejina,41.95,101.06666666666666,940.5
2023-10-22 06:21:57,0.131387,Ejina,41.95,101.06666666666666,940.5
2023-10-22 06:27:58,0.124951,Ejina,41.95,101.06666666666666,940.5
2023-10-22 06:31:02,0.122816,Ejina,41.95,101.06666666666666,940.5
2023-10-22 06:32:46,0.119882,Ejina,41.95,101.06666666666666,940.5
2023-10-22 06:36:55,0.118429,Ejina,41.95,101.06666666666666,940.5
2023-10-22 06:46:40,0.114803,Ejina,41.95,101.06666666666666,940.5
2023-10-22 06:51:58,0.118066,Ejina,41.95,101.06666666666666,940.5
2023-10-22 07:00:57,0.113367,Ejina,41.95,101.06666666666666,940.5
2023-10-22 07:02:48,0.116328,Ejina,41.95,101.06666666666666,940.5
2023-10-22 07:15:59,0.116141,Ejina,41.95,101.06666666666666,940.5
2023-10-22 07:17:47,0.115703,Ejina,41.95,101.06666666666666,940.5
2023-10-22 07:33:57,0.106855,Ejina,41.95,101.06666666666666,940.5
2023-10-22 07:36:57,0.109557,Ejina,41.95,101.06666666666666,940.5
2023-10-22 07:39:57,0.107926,Ejina,41.95,101.06666666666666,940.5
2023-10-22 07:45:57,0.107247,Ejina,41.95,101.06666666666666,940.5
2023-10-22 07:55:00,0.107648,Ejina,41.95,101.06666666666666,940.5
2023-10-22 08:00:57,0.110755,Ejina,41.95,101.06666666666666,940.5
2023-10-22 08:02:49,0.112805,Ejina,41.95,101.06666666666666,940.5
2023-10-22 08:05:05,0.11281,Ejina,41.95,101.06666666666666,940.5
2023-10-22 08:09:58,0.114479,Ejina,41.95,101.06666666666666,940.5
2023-10-22 08:17:39,0.115538,Ejina,41.95,101.06666666666666,940.5
2023-10-22 08:24:58,0.125231,Ejina,41.95,101.06666666666666,940.5
2023-10-22 08:30:57,0.128632,Ejina,41.95,101.06666666666666,940.5
2023-10-22 08:53:39,0.115921,Ejina,41.95,101.06666666666666,940.5
2023-10-22 09:00:56,0.107607,Ejina,41.95,101.06666666666666,940.5
2023-10-22 09:03:57,0.10456,Ejina,41.95,101.06666666666666,940.5
2023-10-22 09:06:58,0.101944,Ejina,41.95,101.06666666666666,940.5
2023-10-22 09:12:56,0.097571,Ejina,41.95,101.06666666666666,940.5
2023-10-22 09:19:05,0.097648,Ejina,41.95,101.06666666666666,940.5
2023-10-22 09:22:05,0.100974,Ejina,41.95,101.06666666666666,940.5
2023-10-22 09:23:50,0.099948,Ejina,41.95,101.06666666666666,940.5
2023-10-22 09:27:14,0.104024,Ejina,41.95,101.06666666666666,940.5
2023-10-22 09:31:48,0.104428,Ejina,41.95,101.06666666666666,940.5
2023-10-23 01:47:58,0.101927,Ejina,41.95,101.06666666666666,940.5
2023-10-23 02:06:58,0.115838,Ejina,41.95,101.06666666666666,940.5
2023-10-23 02:21:58,0.114334,Ejina,41.95,101.06666666666666,940.5
2023-10-23 02:45:58,0.124238,Ejina,41.95,101.06666666666666,940.5
2023-10-23 03:09:58,0.132196,Ejina,41.95,101.06666666666666,940.5
2023-10-23 03:15:58,0.135227,Ejina,41.95,101.06666666666666,940.5
2023-10-23 03:24:57,0.129657,Ejina,41.95,101.06666666666666,940.5
2023-10-23 03:30:59,0.129628,Ejina,41.95,101.06666666666666,940.5
2023-10-23 03:42:58,0.132682,Ejina,41.95,101.06666666666666,940.5
2023-10-23 03:45:57,0.134013,Ejina,41.95,101.06666666666666,940.5
2023-10-23 03:57:57,0.141308,Ejina,41.95,101.06666666666666,940.5
2023-10-23 05:51:57,0.128426,Ejina,41.95,101.06666666666666,940.5
2023-10-23 06:13:00,0.121235,Ejina,41.95,101.06666666666666,940.5
2023-10-23 06:42:57,0.104837,Ejina,41.95,101.06666666666666,940.5
2023-10-23 07:03:59,0.102474,Ejina,41.95,101.06666666666666,940.5
2023-10-23 07:18:55,0.103348,Ejina,41.95,101.06666666666666,940.5
2023-10-23 07:27:57,0.095112,Ejina,41.95,101.06666666666666,940.5
2023-10-23 07:51:56,0.095696,Ejina,41.95,101.06666666666666,940.5
2023-10-23 08:06:56,0.101991,Ejina,41.95,101.06666666666666,940.5
2023-10-23 08:09:57,0.100673,Ejina,41.95,101.06666666666666,940.5
2023-10-23 08:14:07,0.100625,Ejina,41.95,101.06666666666666,940.5
2023-10-23 08:32:18,0.103799,Ejina,41.95,101.06666666666666,940.5
2023-10-23 08:39:25,0.102561,Ejina,41.95,101.06666666666666,940.5
2023-10-23 08:48:57,0.088936,Ejina,41.95,101.06666666666666,940.5
2023-10-23 09:09:57,0.086718,Ejina,41.95,101.06666666666666,940.5
2023-10-24 02:15:54,0.174947,Ejina,41.95,101.06666666666666,940.5
2023-10-24 02:33:57,0.170007,Ejina,41.95,101.06666666666666,940.5
2023-10-24 02:36:57,0.169504,Ejina,41.95,101.06666666666666,940.5
2023-10-24 02:48:58,0.175307,Ejina,41.95,101.06666666666666,940.5
2023-10-24 03:12:58,0.173694,Ejina,41.95,101.06666666666666,940.5
2023-10-24 03:36:57,0.160153,Ejina,41.95,101.06666666666666,940.5
2023-10-24 03:39:58,0.159814,Ejina,41.95,101.06666666666666,940.5
2023-10-24 03:42:58,0.163444,Ejina,41.95,101.06666666666666,940.5
2023-10-24 03:45:54,0.161038,Ejina,41.95,101.06666666666666,940.5
2023-10-24 03:48:57,0.154862,Ejina,41.95,101.06666666666666,940.5
2023-10-24 03:54:58,0.163093,Ejina,41.95,101.06666666666666,940.5
2023-10-24 04:00:56,0.161394,Ejina,41.95,101.06666666666666,940.5
2023-10-24 04:03:58,0.159939,Ejina,41.95,101.06666666666666,940.5
2023-10-24 04:06:58,0.161853,Ejina,41.95,101.06666666666666,940.5
2023-10-24 04:15:54,0.158535,Ejina,41.95,101.06666666666666,940.5
2023-10-24 04:18:59,0.166538,Ejina,41.95,101.06666666666666,940.5
2023-10-24 04:39:58,0.163362,Ejina,41.95,101.06666666666666,940.5
2023-10-24 04:48:58,0.161065,Ejina,41.95,101.06666666666666,940.5
2023-10-24 05:01:11,0.156416,Ejina,41.95,101.06666666666666,940.5
2023-10-24 05:12:58,0.151426,Ejina,41.95,101.06666666666666,940.5
2023-10-24 05:45:54,0.138081,Ejina,41.95,101.06666666666666,940.5
2023-10-24 05:48:58,0.132904,Ejina,41.95,101.06666666666666,940.5
2023-10-24 05:54:58,0.129762,Ejina,41.95,101.06666666666666,940.5
2023-10-24 05:57:57,0.131018,Ejina,41.95,101.06666666666666,940.5
2023-10-24 06:03:55,0.131668,Ejina,41.95,101.06666666666666,940.5
2023-10-24 06:06:58,0.136514,Ejina,41.95,101.06666666666666,940.5
2023-10-24 06:12:57,0.132825,Ejina,41.95,101.06666666666666,940.5
2023-10-24 06:15:54,0.13512,Ejina,41.95,101.06666666666666,940.5
2023-10-24 06:24:57,0.128596,Ejina,41.95,101.06666666666666,940.5
2023-10-24 06:39:57,0.127751,Ejina,41.95,101.06666666666666,940.5
2023-10-24 06:45:53,0.13229,Ejina,41.95,101.06666666666666,940.5
2023-10-24 07:09:58,0.115423,Ejina,41.95,101.06666666666666,940.5
2023-10-24 07:12:57,0.115507,Ejina,41.95,101.06666666666666,940.5
2023-10-24 07:15:53,0.112358,Ejina,41.95,101.06666666666666,940.5
2023-10-24 07:21:57,0.111672,Ejina,41.95,101.06666666666666,940.5
2023-10-24 07:24:57,0.112572,Ejina,41.95,101.06666666666666,940.5
2023-10-24 07:30:54,0.114666,Ejina,41.95,101.06666666666666,940.5
2023-10-24 07:48:56,0.113404,Ejina,41.95,101.06666666666666,940.5
2023-10-24 08:00:55,0.098181,Ejina,41.95,101.06666666666666,940.5
2023-10-24 08:09:56,0.101611,Ejina,41.95,101.06666666666666,940.5
2023-10-24 08:15:56,0.104035,Ejina,41.95,101.06666666666666,940.5
2023-10-24 08:21:57,0.100772,Ejina,41.95,101.06666666666666,940.5
2023-10-24 08:24:57,0.101882,Ejina,41.95,101.06666666666666,940.5
2023-10-24 08:27:59,0.101972,Ejina,41.95,101.06666666666666,940.5
2023-10-24 08:33:56,0.101321,Ejina,41.95,101.06666666666666,940.5
2023-10-24 08:36:57,0.099315,Ejina,41.95,101.06666666666666,940.5
2023-10-24 08:38:47,0.099583,Ejina,41.95,101.06666666666666,940.5
2023-10-24 08:50:37,0.094477,Ejina,41.95,101.06666666666666,940.5
2023-10-24 09:03:57,0.098509,Ejina,41.95,101.06666666666666,940.5
2023-10-24 09:28:08,0.104942,Ejina,41.95,101.06666666666666,940.5
2023-10-24 09:30:03,0.105094,Ejina,41.95,101.06666666666666,940.5
2023-10-25 02:33:57,0.122466,Ejina,41.95,101.06666666666666,940.5
2023-10-25 02:42:57,0.121985,Ejina,41.95,101.06666666666666,940.5
2023-10-25 03:00:48,0.111903,Ejina,41.95,101.06666666666666,940.5
2023-10-25 03:06:58,0.114752,Ejina,41.95,101.06666666666666,940.5
2023-10-25 03:09:58,0.118575,Ejina,41.95,101.06666666666666,940.5
2023-10-25 03:18:58,0.122537,Ejina,41.95,101.06666666666666,940.5
2023-10-25 03:21:59,0.122906,Ejina,41.95,101.06666666666666,940.5
2023-10-25 03:30:48,0.128415,Ejina,41.95,101.06666666666666,940.5
2023-10-25 03:33:58,0.128785,Ejina,41.95,101.06666666666666,940.5
2023-10-25 03:45:47,0.127162,Ejina,41.95,101.06666666666666,940.5
2023-10-25 03:51:58,0.123371,Ejina,41.95,101.06666666666666,940.5
2023-10-25 03:54:58,0.126417,Ejina,41.95,101.06666666666666,940.5
2023-10-25 03:57:58,0.128722,Ejina,41.95,101.06666666666666,940.5
2023-10-25 04:06:58,0.12673,Ejina,41.95,101.06666666666666,940.5
2023-10-25 04:15:48,0.123948,Ejina,41.95,101.06666666666666,940.5
2023-10-25 04:42:58,0.116862,Ejina,41.95,101.06666666666666,940.5
2023-10-25 04:57:58,0.120869,Ejina,41.95,101.06666666666666,940.5
2023-10-25 05:00:49,0.123039,Ejina,41.95,101.06666666666666,940.5
2023-10-25 05:06:58,0.124695,Ejina,41.95,101.06666666666666,940.5
2023-10-25 05:09:57,0.124835,Ejina,41.95,101.06666666666666,940.5
2023-10-25 05:27:58,0.126117,Ejina,41.95,101.06666666666666,940.5
2023-10-25 05:36:58,0.123607,Ejina,41.95,101.06666666666666,940.5
2023-10-25 05:42:57,0.122478,Ejina,41.95,101.06666666666666,940.5
2023-10-25 06:00:48,0.12103,Ejina,41.95,101.06666666666666,940.5
2023-10-25 06:06:58,0.123421,Ejina,41.95,101.06666666666666,940.5
2023-10-25 06:21:57,0.12287,Ejina,41.95,101.06666666666666,940.5
2023-10-25 06:27:57,0.121397,Ejina,41.95,101.06666666666666,940.5
2023-10-25 06:33:57,0.12078,Ejina,41.95,101.06666666666666,940.5
2023-10-25 06:42:57,0.113786,Ejina,41.95,101.06666666666666,940.5
2023-10-25 06:48:57,0.115532,Ejina,41.95,101.06666666666666,940.5
2023-10-25 07:03:57,0.111109,Ejina,41.95,101.06666666666666,940.5
2023-10-25 07:09:58,0.108313,Ejina,41.95,101.06666666666666,940.5
2023-10-25 07:15:45,0.107632,Ejina,41.95,101.06666666666666,940.5
2023-10-25 07:18:56,0.106649,Ejina,41.95,101.06666666666666,940.5
2023-10-25 07:21:57,0.103135,Ejina,41.95,101.06666666666666,940.5
2023-10-25 07:24:57,0.104047,Ejina,41.95,101.06666666666666,940.5
2023-10-25 07:42:57,0.096477,Ejina,41.95,101.06666666666666,940.5
2023-10-25 07:45:46,0.092202,Ejina,41.95,101.06666666666666,940.5
2023-10-25 07:48:55,0.094792,Ejina,41.95,101.06666666666666,940.5
2023-10-25 07:51:56,0.092742,Ejina,41.95,101.06666666666666,940.5
2023-10-25 07:54:57,0.092215,Ejina,41.95,101.06666666666666,940.5
2023-10-25 07:57:56,0.088491,Ejina,41.95,101.06666666666666,940.5
2023-10-25 08:00:47,0.085461,Ejina,41.95,101.06666666666666,940.5
2023-10-25 08:06:57,0.088496,Ejina,41.95,101.06666666666666,940.5
2023-10-25 08:12:58,0.089904,Ejina,41.95,101.06666666666666,940.5
2023-10-25 08:15:57,0.087578,Ejina,41.95,101.06666666666666,940.5
2023-10-25 08:20:09,0.082877,Ejina,41.95,101.06666666666666,940.5
2023-10-25 08:24:57,0.087462,Ejina,41.95,101.06666666666666,940.5
2023-10-25 08:29:08,0.086755,Ejina,41.95,101.06666666666666,940.5
2023-10-25 08:33:56,0.087706,Ejina,41.95,101.06666666666666,940.5
2023-10-25 08:35:48,0.087981,Ejina,41.95,101.06666666666666,940.5
2023-10-25 08:39:57,0.089679,Ejina,41.95,101.06666666666666,940.5
2023-10-25 08:42:00,0.087752,Ejina,41.95,101.06666666666666,940.5
2023-10-25 08:47:32,0.087799,Ejina,41.95,101.06666666666666,940.5
2023-10-25 08:51:56,0.091511,Ejina,41.95,101.06666666666666,940.5
2023-10-25 08:53:47,0.092824,Ejina,41.95,101.06666666666666,940.5
2023-10-25 09:00:57,0.094005,Ejina,41.95,101.06666666666666,940.5
2023-10-25 09:02:55,0.092112,Ejina,41.95,101.06666666666666,940.5
2023-10-25 09:17:39,0.094272,Ejina,41.95,101.06666666666666,940.5
2023-10-25 09:22:00,0.092884,Ejina,41.95,101.06666666666666,940.5
2023-10-25 09:23:54,0.092913,Ejina,41.95,101.06666666666666,940.5
2023-10-26 01:53:40,0.121903,Ejina,41.95,101.06666666666666,940.5
2023-10-26 01:57:58,0.121164,Ejina,41.95,101.06666666666666,940.5
2023-10-26 02:09:56,0.120198,Ejina,41.95,101.06666666666666,940.5
2023-10-26 02:18:58,0.121681,Ejina,41.95,101.06666666666666,940.5
2023-10-26 02:21:57,0.123022,Ejina,41.95,101.06666666666666,940.5
2023-10-26 02:54:57,0.121026,Ejina,41.95,101.06666666666666,940.5
2023-10-26 03:06:57,0.119069,Ejina,41.95,101.06666666666666,940.5
2023-10-26 03:24:58,0.119559,Ejina,41.95,101.06666666666666,940.5
2023-10-26 03:33:58,0.121373,Ejina,41.95,101.06666666666666,940.5
2023-10-26 03:36:58,0.120485,Ejina,41.95,101.06666666666666,940.5
2023-10-26 03:39:58,0.122399,Ejina,41.95,101.06666666666666,940.5
2023-10-26 03:48:57,0.125706,Ejina,41.95,101.06666666666666,940.5
2023-10-26 03:51:58,0.120853,Ejina,41.95,101.06666666666666,940.5
2023-10-26 04:06:58,0.115517,Ejina,41.95,101.06666666666666,940.5
2023-10-26 04:09:58,0.113944,Ejina,41.95,101.06666666666666,940.5
2023-10-26 04:18:58,0.111164,Ejina,41.95,101.06666666666666,940.5
2023-10-26 04:21:58,0.112078,Ejina,41.95,101.06666666666666,940.5
2023-10-26 04:51:57,0.116401,Ejina,41.95,101.06666666666666,940.5
2023-10-26 04:54:58,0.117105,Ejina,41.95,101.06666666666666,940.5
2023-10-26 04:57:57,0.119449,Ejina,41.95,101.06666666666666,940.5
2023-10-26 05:12:58,0.118744,Ejina,41.95,101.06666666666666,940.5
2023-10-26 05:18:57,0.119386,Ejina,41.95,101.06666666666666,940.5
2023-10-26 05:27:59,0.121159,Ejina,41.95,101.06666666666666,940.5
2023-10-26 05:30:39,0.12137,Ejina,41.95,101.06666666666666,940.5
2023-10-26 05:42:56,0.12212,Ejina,41.95,101.06666666666666,940.5
2023-10-26 06:03:57,0.119282,Ejina,41.95,101.06666666666666,940.5
2023-10-26 06:15:38,0.112603,Ejina,41.95,101.06666666666666,940.5
2023-10-26 06:24:57,0.113319,Ejina,41.95,101.06666666666666,940.5
2023-10-26 06:33:55,0.112735,Ejina,41.95,101.06666666666666,940.5
2023-10-26 06:39:58,0.114421,Ejina,41.95,101.06666666666666,940.5
2023-10-26 06:42:57,0.112145,Ejina,41.95,101.06666666666666,940.5
2023-10-26 06:48:57,0.11418,Ejina,41.95,101.06666666666666,940.5
2023-10-26 06:51:57,0.110637,Ejina,41.95,101.06666666666666,940.5
2023-10-26 06:57:57,0.116479,Ejina,41.95,101.06666666666666,940.5
2023-10-26 07:00:40,0.111639,Ejina,41.95,101.06666666666666,940.5
2023-10-26 07:15:40,0.112779,Ejina,41.95,101.06666666666666,940.5
2023-10-26 07:21:57,0.108919,Ejina,41.95,101.06666666666666,940.5
2023-10-26 07:30:39,0.110509,Ejina,41.95,101.06666666666666,940.5
2023-10-26 07:33:56,0.112155,Ejina,41.95,101.06666666666666,940.5
2023-10-26 07:39:56,0.107853,Ejina,41.95,101.06666666666666,940.5
2023-10-26 07:42:56,0.108921,Ejina,41.95,101.06666666666666,940.5
2023-10-26 07:45:39,0.107718,Ejina,41.95,101.06666666666666,940.5
2023-10-26 07:51:56,0.107184,Ejina,41.95,101.06666666666666,940.5
2023-10-26 07:57:58,0.112389,Ejina,41.95,101.06666666666666,940.5
2023-10-26 08:00:41,0.115197,Ejina,41.95,101.06666666666666,940.5
2023-10-26 08:03:56,0.111483,Ejina,41.95,101.06666666666666,940.5
2023-10-26 08:06:57,0.109549,Ejina,41.95,101.06666666666666,940.5
2023-10-26 08:15:57,0.105757,Ejina,41.95,101.06666666666666,940.5
2023-10-26 08:18:56,0.108734,Ejina,41.95,101.06666666666666,940.5
2023-10-26 08:24:57,0.108509,Ejina,41.95,101.06666666666666,940.5
2023-10-26 08:26:47,0.108055,Ejina,41.95,101.06666666666666,940.5
2023-10-26 08:30:57,0.108852,Ejina,41.95,101.06666666666666,940.5
2023-10-26 08:36:56,0.106652,Ejina,41.95,101.06666666666666,940.5
2023-10-26 08:39:56,0.112932,Ejina,41.95,101.06666666666666,940.5
2023-10-26 08:41:48,0.113897,Ejina,41.95,101.06666666666666,940.5
2023-10-26 08:45:48,0.110941,Ejina,41.95,101.06666666666666,940.5
2023-10-26 08:48:57,0.106633,Ejina,41.95,101.06666666666666,940.5
2023-10-26 08:50:51,0.105171,Ejina,41.95,101.06666666666666,940.5
2023-10-26 08:57:57,0.108287,Ejina,41.95,101.06666666666666,940.5
2023-10-26 09:08:58,0.1036,Ejina,41.95,101.06666666666666,940.5
2023-10-26 09:28:08,0.103197,Ejina,41.95,101.06666666666666,940.5
2023-10-27 02:09:58,0.110047,Ejina,41.95,101.06666666666666,940.5
2023-10-27 02:21:58,0.115962,Ejina,41.95,101.06666666666666,940.5
2023-10-27 02:27:58,0.119627,Ejina,41.95,101.06666666666666,940.5
2023-10-27 02:30:34,0.119114,Ejina,41.95,101.06666666666666,940.5
2023-10-27 02:36:58,0.117955,Ejina,41.95,101.06666666666666,940.5
2023-10-27 02:45:33,0.117102,Ejina,41.95,101.06666666666666,940.5
2023-10-27 02:48:58,0.114315,Ejina,41.95,101.06666666666666,940.5
2023-10-27 02:54:58,0.109932,Ejina,41.95,101.06666666666666,940.5
2023-10-27 03:03:58,0.110447,Ejina,41.95,101.06666666666666,940.5
2023-10-27 03:06:57,0.110591,Ejina,41.95,101.06666666666666,940.5
2023-10-27 03:15:34,0.110098,Ejina,41.95,101.06666666666666,940.5
2023-10-27 03:30:35,0.110209,Ejina,41.95,101.06666666666666,940.5
2023-10-27 03:48:58,0.112452,Ejina,41.95,101.06666666666666,940.5
2023-10-27 04:00:35,0.113728,Ejina,41.95,101.06666666666666,940.5
2023-10-27 04:03:57,0.115405,Ejina,41.95,101.06666666666666,940.5
2023-10-27 04:09:58,0.118596,Ejina,41.95,101.06666666666666,940.5
2023-10-27 04:12:57,0.116766,Ejina,41.95,101.06666666666666,940.5
2023-10-27 04:21:58,0.119252,Ejina,41.95,101.06666666666666,940.5
2023-10-27 04:30:34,0.119319,Ejina,41.95,101.06666666666666,940.5
2023-10-27 04:36:58,0.118777,Ejina,41.95,101.06666666666666,940.5
2023-10-27 04:42:58,0.119213,Ejina,41.95,101.06666666666666,940.5
2023-10-27 04:48:58,0.120587,Ejina,41.95,101.06666666666666,940.5
2023-10-27 05:00:35,0.123499,Ejina,41.95,101.06666666666666,940.5
2023-10-27 05:15:34,0.127239,Ejina,41.95,101.06666666666666,940.5
2023-10-27 05:30:33,0.126348,Ejina,41.95,101.06666666666666,940.5
2023-10-27 05:33:58,0.12533,Ejina,41.95,101.06666666666666,940.5
2023-10-27 05:39:57,0.123353,Ejina,41.95,101.06666666666666,940.5
2023-10-27 05:42:58,0.125108,Ejina,41.95,101.06666666666666,940.5
2023-10-27 05:45:33,0.123408,Ejina,41.95,101.06666666666666,940.5
2023-10-27 06:00:36,0.123948,Ejina,41.95,101.06666666666666,940.5
2023-10-27 06:03:57,0.123026,Ejina,41.95,101.06666666666666,940.5
2023-10-27 06:06:58,0.124083,Ejina,41.95,101.06666666666666,940.5
2023-10-27 06:09:58,0.122243,Ejina,41.95,101.06666666666666,940.5
2023-10-27 06:18:57,0.123498,Ejina,41.95,101.06666666666666,940.5
2023-10-27 06:39:56,0.125624,Ejina,41.95,101.06666666666666,940.5
2023-10-27 06:42:57,0.127933,Ejina,41.95,101.06666666666666,940.5
2023-10-27 07:00:35,0.122006,Ejina,41.95,101.06666666666666,940.5
2023-10-27 07:12:57,0.123225,Ejina,41.95,101.06666666666666,940.5
2023-10-27 07:15:33,0.12398,Ejina,41.95,101.06666666666666,940.5
2023-10-27 07:18:58,0.124286,Ejina,41.95,101.06666666666666,940.5
2023-10-27 07:36:58,0.138583,Ejina,41.95,101.06666666666666,940.5
2023-10-27 07:48:57,0.145879,Ejina,41.95,101.06666666666666,940.5
2023-10-27 07:51:57,0.147352,Ejina,41.95,101.06666666666666,940.5
2023-10-27 07:54:57,0.146798,Ejina,41.95,101.06666666666666,940.5
2023-10-27 08:03:57,0.151041,Ejina,41.95,101.06666666666666,940.5
2023-10-27 08:05:49,0.151875,Ejina,41.95,101.06666666666666,940.5
2023-10-27 08:09:56,0.153863,Ejina,41.95,101.06666666666666,940.5
2023-10-27 08:15:57,0.154454,Ejina,41.95,101.06666666666666,940.5
2023-10-27 08:21:57,0.154633,Ejina,41.95,101.06666666666666,940.5
2023-10-27 08:24:33,0.154316,Ejina,41.95,101.06666666666666,940.5
2023-10-27 08:30:57,0.151508,Ejina,41.95,101.06666666666666,940.5
2023-10-27 08:33:59,0.154612,Ejina,41.95,101.06666666666666,940.5
2023-10-27 08:38:19,0.152779,Ejina,41.95,101.06666666666666,940.5
2023-10-27 08:42:59,0.14916,Ejina,41.95,101.06666666666666,940.5
2023-10-27 08:48:56,0.148396,Ejina,41.95,101.06666666666666,940.5
2023-10-27 08:51:56,0.143761,Ejina,41.95,101.06666666666666,940.5
2023-10-27 08:55:01,0.143374,Ejina,41.95,101.06666666666666,940.5
2023-10-27 08:57:57,0.142772,Ejina,41.95,101.06666666666666,940.5
2023-10-27 08:59:47,0.139203,Ejina,41.95,101.06666666666666,940.5
2023-10-27 09:06:58,0.129416,Ejina,41.95,101.06666666666666,940.5
2023-10-27 09:13:03,0.12005,Ejina,41.95,101.06666666666666,940.5
2023-10-27 09:14:53,0.114735,Ejina,41.95,101.06666666666666,940.5
2023-10-28 02:21:57,0.114463,Ejina,41.95,101.06666666666666,940.5
2023-10-28 02:27:58,0.114149,Ejina,41.95,101.06666666666666,940.5
2023-10-28 02:54:58,0.113692,Ejina,41.95,101.06666666666666,940.5
2023-10-28 02:57:59,0.113583,Ejina,41.95,101.06666666666666,940.5
2023-10-28 03:18:57,0.10947,Ejina,41.95,101.06666666666666,940.5
2023-10-28 03:21:58,0.110824,Ejina,41.95,101.06666666666666,940.5
2023-10-28 03:24:58,0.115322,Ejina,41.95,101.06666666666666,940.5
2023-10-28 03:27:58,0.115628,Ejina,41.95,101.06666666666666,940.5
2023-10-28 03:30:29,0.116419,Ejina,41.95,101.06666666666666,940.5
2023-10-28 03:45:29,0.117609,Ejina,41.95,101.06666666666666,940.5
2023-10-28 03:48:58,0.119516,Ejina,41.95,101.06666666666666,940.5
2023-10-28 03:57:58,0.119796,Ejina,41.95,101.06666666666666,940.5
2023-10-28 04:03:57,0.118577,Ejina,41.95,101.06666666666666,940.5
2023-10-28 04:09:59,0.118672,Ejina,41.95,101.06666666666666,940.5
2023-10-28 04:36:57,0.124749,Ejina,41.95,101.06666666666666,940.5
2023-10-28 04:54:59,0.118066,Ejina,41.95,101.06666666666666,940.5
2023-10-28 05:03:57,0.115439,Ejina,41.95,101.06666666666666,940.5
2023-10-28 05:06:57,0.114769,Ejina,41.95,101.06666666666666,940.5
2023-10-28 05:09:58,0.113319,Ejina,41.95,101.06666666666666,940.5
2023-10-28 05:12:58,0.114855,Ejina,41.95,101.06666666666666,940.5
2023-10-28 05:15:29,0.116168,Ejina,41.95,101.06666666666666,940.5
2023-10-28 05:27:57,0.112438,Ejina,41.95,101.06666666666666,940.5
2023-10-28 05:33:57,0.121175,Ejina,41.95,101.06666666666666,940.5
2023-10-28 05:42:57,0.115985,Ejina,41.95,101.06666666666666,940.5
2023-10-28 05:54:58,0.117524,Ejina,41.95,101.06666666666666,940.5
2023-10-28 06:00:30,0.11235,Ejina,41.95,101.06666666666666,940.5
2023-10-28 06:03:57,0.116142,Ejina,41.95,101.06666666666666,940.5
2023-10-28 06:15:28,0.120677,Ejina,41.95,101.06666666666666,940.5
2023-10-28 06:21:57,0.124884,Ejina,41.95,101.06666666666666,940.5
2023-10-28 06:30:28,0.120327,Ejina,41.95,101.06666666666666,940.5
2023-10-28 06:45:28,0.115651,Ejina,41.95,101.06666666666666,940.5
2023-10-28 06:48:57,0.111726,Ejina,41.95,101.06666666666666,940.5
2023-10-28 07:09:59,0.111185,Ejina,41.95,101.06666666666666,940.5
2023-10-28 07:21:57,0.109789,Ejina,41.95,101.06666666666666,940.5
2023-10-28 07:24:56,0.110702,Ejina,41.95,101.06666666666666,940.5
2023-10-28 07:27:57,0.108854,Ejina,41.95,101.06666666666666,940.5
2023-10-28 07:30:29,0.109245,Ejina,41.95,101.06666666666666,940.5
2023-10-28 07:33:58,0.106305,Ejina,41.95,101.06666666666666,940.5
2023-10-28 07:42:57,0.107566,Ejina,41.95,101.06666666666666,940.5
2023-10-28 07:48:57,0.104907,Ejina,41.95,101.06666666666666,940.5
2023-10-28 07:51:57,0.101746,Ejina,41.95,101.06666666666666,940.5
2023-10-28 07:57:57,0.098388,Ejina,41.95,101.06666666666666,940.5
2023-10-28 08:03:42,0.095264,Ejina,41.95,101.06666666666666,940.5
2023-10-28 08:06:56,0.094985,Ejina,41.95,101.06666666666666,940.5
2023-10-28 08:18:57,0.09714,Ejina,41.95,101.06666666666666,940.5
2023-10-28 08:21:56,0.098706,Ejina,41.95,101.06666666666666,940.5
2023-10-28 08:24:57,0.099337,Ejina,41.95,101.06666666666666,940.5
2023-10-28 08:27:56,0.098856,Ejina,41.95,101.06666666666666,940.5
2023-10-28 08:33:56,0.097173,Ejina,41.95,101.06666666666666,940.5
2023-10-28 08:36:32,0.097418,Ejina,41.95,101.06666666666666,940.5
2023-10-28 08:42:10,0.096784,Ejina,41.95,101.06666666666666,940.5
2023-10-28 08:45:55,0.097962,Ejina,41.95,101.06666666666666,940.5
2023-10-28 08:47:48,0.096961,Ejina,41.95,101.06666666666666,940.5
2023-10-28 08:51:57,0.098193,Ejina,41.95,101.06666666666666,940.5
2023-10-28 08:57:33,0.096859,Ejina,41.95,101.06666666666666,940.5
2023-10-28 09:00:57,0.096578,Ejina,41.95,101.06666666666666,940.5
2023-10-29 05:51:58,0.133085,Ejina,41.95,101.06666666666666,940.5
2023-10-29 06:42:58,0.130119,Ejina,41.95,101.06666666666666,940.5
2023-10-29 07:13:00,0.133733,Ejina,41.95,101.06666666666666,940.5
2023-10-29 07:39:57,0.135875,Ejina,41.95,101.06666666666666,940.5
2023-10-29 08:01:38,0.124683,Ejina,41.95,101.06666666666666,940.5
2023-10-29 08:03:56,0.121142,Ejina,41.95,101.06666666666666,940.5
2023-10-29 08:06:57,0.122699,Ejina,41.95,101.06666666666666,940.5
2023-10-29 08:12:58,0.122268,Ejina,41.95,101.06666666666666,940.5
2023-10-29 08:21:55,0.124412,Ejina,41.95,101.06666666666666,940.5
2023-10-29 08:27:59,0.12161,Ejina,41.95,101.06666666666666,940.5
2023-10-29 08:30:57,0.12903,Ejina,41.95,101.06666666666666,940.5
2023-10-29 08:39:58,0.123544,Ejina,41.95,101.06666666666666,940.5
2023-10-29 08:45:29,0.125515,Ejina,41.95,101.06666666666666,940.5
2023-10-29 09:01:02,0.121153,Ejina,41.95,101.06666666666666,940.5
2023-10-30 02:18:58,0.102997,Ejina,41.95,101.06666666666666,940.5
2023-10-30 02:24:57,0.105353,Ejina,41.95,101.06666666666666,940.5
2023-10-30 02:27:58,0.10558,Ejina,41.95,101.06666666666666,940.5
2023-10-30 02:33:57,0.11034,Ejina,41.95,101.06666666666666,940.5
2023-10-30 05:18:58,0.119833,Ejina,41.95,101.06666666666666,940.5
2023-10-30 05:39:57,0.125309,Ejina,41.95,101.06666666666666,940.5
2023-10-30 05:42:58,0.111283,Ejina,41.95,101.06666666666666,940.5
2023-10-30 05:45:19,0.107916,Ejina,41.95,101.06666666666666,940.5
2023-10-30 06:12:56,0.116345,Ejina,41.95,101.06666666666666,940.5
2023-10-30 06:15:19,0.106954,Ejina,41.95,101.06666666666666,940.5
2023-10-30 06:18:57,0.118799,Ejina,41.95,101.06666666666666,940.5
2023-10-30 06:30:22,0.099509,Ejina,41.95,101.06666666666666,940.5
2023-10-30 06:36:57,0.094866,Ejina,41.95,101.06666666666666,940.5
2023-10-30 07:12:56,0.089776,Ejina,41.95,101.06666666666666,940.5
2023-10-30 07:30:20,0.148246,Ejina,41.95,101.06666666666666,940.5
2023-10-30 07:51:57,0.095071,Ejina,41.95,101.06666666666666,940.5
2023-10-30 07:54:57,0.101538,Ejina,41.95,101.06666666666666,940.5
2023-10-30 08:03:59,0.123934,Ejina,41.95,101.06666666666666,940.5
2023-10-30 08:24:56,0.093987,Ejina,41.95,101.06666666666666,940.5
2023-10-30 08:32:55,0.089855,Ejina,41.95,101.06666666666666,940.5
2023-10-30 08:57:58,0.090271,Ejina,41.95,101.06666666666666,940.5
2023-10-30 09:00:58,0.089631,Ejina,41.95,101.06666666666666,940.5
2023-10-31 02:39:58,0.079269,Ejina,41.95,101.06666666666666,940.5
2023-10-31 02:45:18,0.084273,Ejina,41.95,101.06666666666666,940.5
2023-10-31 02:51:58,0.082462,Ejina,41.95,101.06666666666666,940.5
2023-10-31 02:57:57,0.082459,Ejina,41.95,101.06666666666666,940.5
2023-10-31 03:03:57,0.079279,Ejina,41.95,101.06666666666666,940.5
2023-10-31 03:09:58,0.077526,Ejina,41.95,101.06666666666666,940.5
2023-10-31 04:39:58,0.08092,Ejina,41.95,101.06666666666666,940.5
2023-10-31 05:24:58,0.068157,Ejina,41.95,101.06666666666666,940.5
2023-10-31 05:27:57,0.069228,Ejina,41.95,101.06666666666666,940.5
2023-10-31 05:39:58,0.066108,Ejina,41.95,101.06666666666666,940.5
2023-10-31 05:42:57,0.063847,Ejina,41.95,101.06666666666666,940.5
2023-10-31 05:45:18,0.066646,Ejina,41.95,101.06666666666666,940.5
2023-10-31 05:48:58,0.065713,Ejina,41.95,101.06666666666666,940.5
2023-10-31 06:03:57,0.059214,Ejina,41.95,101.06666666666666,940.5
2023-10-31 06:06:57,0.062132,Ejina,41.95,101.06666666666666,940.5
2023-10-31 06:12:57,0.063381,Ejina,41.95,101.06666666666666,940.5
2023-10-31 06:21:57,0.067143,Ejina,41.95,101.06666666666666,940.5
2023-10-31 06:30:17,0.060851,Ejina,41.95,101.06666666666666,940.5
2023-10-31 06:39:56,0.061973,Ejina,41.95,101.06666666666666,940.5
2023-10-31 06:42:57,0.061392,Ejina,41.95,101.06666666666666,940.5
2023-10-31 06:57:58,0.061291,Ejina,41.95,101.06666666666666,940.5
2023-10-31 07:06:56,0.056572,Ejina,41.95,101.06666666666666,940.5
2023-10-31 07:09:57,0.06237,Ejina,41.95,101.06666666666666,940.5
2023-10-31 07:18:59,0.070693,Ejina,41.95,101.06666666666666,940.5
2023-10-31 07:24:57,0.070033,Ejina,41.95,101.06666666666666,940.5
2023-10-31 07:30:17,0.066132,Ejina,41.95,101.06666666666666,940.5
2023-10-31 07:42:58,0.068732,Ejina,41.95,101.06666666666666,940.5
2023-10-31 07:45:16,0.067999,Ejina,41.95,101.06666666666666,940.5
2023-10-31 07:51:56,0.076113,Ejina,41.95,101.06666666666666,940.5
2023-10-31 08:03:57,0.068913,Ejina,41.95,101.06666666666666,940.5
2023-10-31 08:06:58,0.066516,Ejina,41.95,101.06666666666666,940.5
2023-10-31 08:08:47,0.064674,Ejina,41.95,101.06666666666666,940.5
2023-10-31 08:27:56,0.053485,Ejina,41.95,101.06666666666666,940.5
2023-10-31 08:30:57,0.048107,Ejina,41.95,101.06666666666666,940.5
2023-10-31 08:32:46,0.048418,Ejina,41.95,101.06666666666666,940.5
2023-10-31 08:39:57,0.052793,Ejina,41.95,101.06666666666666,940.5
2023-10-31 08:42:03,0.052227,Ejina,41.95,101.06666666666666,940.5
2023-10-31 08:45:56,0.053492,Ejina,41.95,101.06666666666666,940.5
2023-10-31 08:48:57,0.051913,Ejina,41.95,101.06666666666666,940.5
2023-10-31 08:51:56,0.046187,Ejina,41.95,101.06666666666666,940.5
2023-10-31 08:53:47,0.047172,Ejina,41.95,101.06666666666666,940.5
2023-10-31 08:57:57,0.050577,Ejina,41.95,101.06666666666666,940.5
2023-11-01 02:09:57,0.083204,Ejina,41.95,101.06666666666666,940.5
2023-11-01 02:15:16,0.094925,Ejina,41.95,101.06666666666666,940.5
2023-11-01 02:18:58,0.096681,Ejina,41.95,101.06666666666666,940.5
2023-11-01 04:48:57,0.094819,Ejina,41.95,101.06666666666666,940.5
2023-11-01 05:27:58,0.117299,Ejina,41.95,101.06666666666666,940.5
2023-11-01 07:12:58,0.463791,Ejina,41.95,101.06666666666666,940.5
2023-11-01 08:41:09,0.279678,Ejina,41.95,101.06666666666666,940.5
2023-11-02 06:21:57,0.037061,Ejina,41.95,101.06666666666666,940.5
2023-11-02 06:24:57,0.036918,Ejina,41.95,101.06666666666666,940.5
2023-11-02 06:48:58,0.036524,Ejina,41.95,101.06666666666666,940.5
2023-11-02 07:06:57,0.035285,Ejina,41.95,101.06666666666666,940.5
2023-11-02 07:12:57,0.034827,Ejina,41.95,101.06666666666666,940.5
2023-11-02 07:15:13,0.035882,Ejina,41.95,101.06666666666666,940.5
2023-11-02 07:24:57,0.034491,Ejina,41.95,101.06666666666666,940.5
2023-11-02 07:27:57,0.034156,Ejina,41.95,101.06666666666666,940.5
2023-11-02 07:33:55,0.032623,Ejina,41.95,101.06666666666666,940.5
2023-11-02 07:36:57,0.03176,Ejina,41.95,101.06666666666666,940.5
2023-11-02 07:39:56,0.032397,Ejina,41.95,101.06666666666666,940.5
2023-11-02 07:48:57,0.031572,Ejina,41.95,101.06666666666666,940.5
2023-11-02 07:51:57,0.03207,Ejina,41.95,101.06666666666666,940.5
2023-11-02 07:57:57,0.03191,Ejina,41.95,101.06666666666666,940.5
2023-11-02 08:00:17,0.032294,Ejina,41.95,101.06666666666666,940.5
2023-11-02 08:03:57,0.032573,Ejina,41.95,101.06666666666666,940.5
2023-11-02 08:15:57,0.031263,Ejina,41.95,101.06666666666666,940.5
2023-11-02 08:18:57,0.031243,Ejina,41.95,101.06666666666666,940.5
2023-11-02 08:20:58,0.03091,Ejina,41.95,101.06666666666666,940.5
2023-11-02 08:51:57,0.029258,Ejina,41.95,101.06666666666666,940.5
2023-11-02 08:54:56,0.029397,Ejina,41.95,101.06666666666666,940.5
2023-11-03 06:21:57,0.12488,Ejina,41.95,101.06666666666666,940.5
2023-11-03 08:11:40,0.08061,Ejina,41.95,101.06666666666666,940.5
2023-11-03 08:18:57,0.08949,Ejina,41.95,101.06666666666666,940.5
2023-11-03 08:25:58,0.081456,Ejina,41.95,101.06666666666666,940.5
2023-11-03 08:27:57,0.08572,Ejina,41.95,101.06666666666666,940.5
2023-11-03 08:36:58,0.06702,Ejina,41.95,101.06666666666666,940.5
2023-11-03 08:38:48,0.08414,Ejina,41.95,101.06666666666666,940.5
2023-11-03 08:42:57,0.091321,Ejina,41.95,101.06666666666666,940.5
2023-11-03 08:48:57,0.137156,Ejina,41.95,101.06666666666666,940.5
2023-11-03 09:07:01,0.117827,Ejina,41.95,101.06666666666666,940.5
2023-11-03 09:16:03,0.10053,Ejina,41.95,101.06666666666666,940.5
2023-11-13 06:30:59,0.4086,Ejina,41.95,101.06666666666666,940.5
2023-11-13 08:39:58,0.492013,Ejina,41.95,101.06666666666666,940.5
