time,0,1,2,3,4,5,6,7,8,9,10,11,12,13,14,15,16,17,18,19,20,21,22,23,24,25,26,27,28,29,30,31,32,33,34,35,36,37,38,39,40,41,42,43,44,45,46,47,48,49,50,51,52,53,54,55,56,57,58,59,60,61,62,63,64,65,66,67,68,69,70,71,72,73,74,75,76,77,78,79,80,81,82,83,84,85,86,87,88,89,90,91,92,93,94,95,96,97,98,99,100,101,102,103,104,105,106,107,108,109,110,111,112,113,114,115,116,117,118,119,120
2021-12-27 05:00:00,0.1213,0.1315,0.1305,0.1283,0.1283,0.1335,0.131,0.1245,0.1258,0.1265,0.1373,0.11950000000000001,0.131,0.132,0.132,0.1363,0.1298,0.1323,0.1295,0.1265,0.1218,0.1393,0.12150000000000001,0.12150000000000001,0.12150000000000001,0.1213,0.1263,0.1273,0.1315,0.1323,0.129,0.1295,0.1278,0.124,0.124,0.1208,0.12300000000000001,0.1253,0.12350000000000001,0.1275,0.12480000000000001,0.1303,0.1388,0.1283,0.1268,0.1268,0.1273,0.1288,0.126,0.132,0.1308,0.1283,0.1343,0.1343,0.1335,0.129,0.1298,0.1343,0.1315,0.1295,0.12200000000000001,0.1308,0.1283,0.1283,0.1343,0.1335,0.129,0.1298,0.1343,0.1315,0.1295,0.12200000000000001,0.1293,0.1293,0.1355,0.1375,0.1363,0.1218,0.1293,0.1275,0.1258,0.1288,0.12430000000000001,0.12430000000000001,0.1208,0.1258,0.1285,0.13770000000000002,0.12250000000000001,0.12380000000000001,0.1253,0.1323,0.134,0.134,0.1335,0.1295,0.1295,0.1305,0.1268,0.1213,0.12300000000000001,0.1255,0.1213,0.1213,0.1278,0.1315,0.1363,0.1305,0.135,0.1315,0.12380000000000001,0.12250000000000001,0.12200000000000001,0.12200000000000001,0.1233,0.1233,0.12050000000000001,0.12200000000000001,0.1268,0.1258,0.1325
2021-08-04 05:00:00,0.1505,0.2023,0.18330000000000002,0.17250000000000001,0.1623,0.167,0.24130000000000001,0.24130000000000001,0.216,0.1933,0.20900000000000002,0.261,0.273,0.24230000000000002,0.2023,0.14750000000000002,0.14880000000000002,0.14880000000000002,0.24130000000000001,0.216,0.1933,0.20900000000000002,0.261,0.273,0.24230000000000002,0.2023,0.14750000000000002,0.14750000000000002,0.14880000000000002,0.1463,0.1645,0.18430000000000002,0.2013,0.248,0.1668,0.167,0.15030000000000002,0.15030000000000002,0.17830000000000001,0.1668,0.14850000000000002,0.14,0.14650000000000002,0.1638,0.2963,0.3135,0.3065,0.3065,0.1608,0.2008,0.167,0.1568,0.151,0.14730000000000001,0.16,0.36100000000000004,0.276,0.276,0.17950000000000002,0.1995,0.1688,0.154,0.1845,0.189,0.1653,0.1598,0.3685,0.3685,0.2298,0.28650000000000003,0.522,0.313,0.14850000000000002,0.15230000000000002,0.2293,0.1945,0.1573,0.3498,0.34650000000000003,0.3158,0.47450000000000003,0.5528000000000001,0.3668,0.156,0.1708,0.1763,0.1763,0.1968,0.5395,0.4435,0.4565,0.45,0.38880000000000003,0.2258,0.156,0.1708,0.1708,0.1763,0.1968,0.5395,0.4435,0.4565,0.45,0.38880000000000003,0.2258,0.1673,0.1673,0.1633,0.171,0.24980000000000002,0.5153,0.4425,0.458,0.4675,0.41400000000000003,0.2953,0.2953,0.1943,0.164,0.15280000000000002,0.17930000000000001
2021-06-28 01:00:00,0.15430000000000002,0.16,0.1608,0.21150000000000002,0.1773,0.1773,0.18030000000000002,0.22,0.24100000000000002,0.199,0.2285,0.1638,0.1575,0.18530000000000002,0.26080000000000003,0.26080000000000003,0.1773,0.18030000000000002,0.22,0.24100000000000002,0.199,0.2285,0.1638,0.1575,0.18530000000000002,0.18530000000000002,0.26080000000000003,0.2068,0.2033,0.24480000000000002,0.27030000000000004,0.2058,0.21180000000000002,0.169,0.1663,0.1663,0.22,0.2548,0.25780000000000003,0.24130000000000001,0.2083,0.2185,0.2093,0.2005,0.2248,0.2248,0.2275,0.23900000000000002,0.2025,0.2018,0.248,0.2245,0.21450000000000002,0.2015,0.1893,0.1875,0.1945,0.2338,0.26780000000000004,0.2275,0.2,0.21580000000000002,0.2038,0.1955,0.2033,0.2033,0.2005,0.17950000000000002,0.18050000000000002,0.1865,0.18280000000000002,0.1945,0.198,0.21880000000000002,0.24080000000000001,0.24080000000000001,0.233,0.24600000000000002,0.2538,0.2582,0.2338,0.24130000000000001,0.248,0.24180000000000001,0.24180000000000001,0.2733,0.2515,0.2015,0.26,0.2933,0.2778,0.2878,0.24130000000000001,0.248,0.248,0.24180000000000001,0.2733,0.2515,0.2015,0.26,0.2933,0.2778,0.2878,0.28750000000000003,0.28750000000000003,0.2582,0.256,0.2393,0.25930000000000003,0.26230000000000003,0.23750000000000002,0.2278,0.24080000000000001,0.24630000000000002,0.24630000000000002,0.2313,0.24150000000000002,0.24430000000000002,0.25780000000000003,0.26180000000000003,0.2548
2021-07-08 01:00:00,0.4403,0.42850000000000005,0.438,0.4043,0.388,0.388,0.42350000000000004,0.4283,0.3755,0.33230000000000004,0.35450000000000004,0.4053,0.4005,0.4208,0.4233,0.4233,0.388,0.42350000000000004,0.4283,0.3755,0.33230000000000004,0.35450000000000004,0.4053,0.4005,0.4208,0.4208,0.4233,0.4158,0.41200000000000003,0.35800000000000004,0.336,0.2998,0.4283,0.4248,0.42500000000000004,0.42500000000000004,0.42900000000000005,0.444,0.456,0.405,0.32930000000000004,0.2988,0.3365,0.4615,0.432,0.432,0.42100000000000004,0.4353,0.44930000000000003,0.431,0.3438,0.2868,0.33,0.38630000000000003,0.451,0.42600000000000005,0.403,0.3875,0.4183,0.4233,0.38380000000000003,0.3345,0.3345,0.3945,0.4273,0.4273,0.4068,0.3708,0.35800000000000004,0.4035,0.389,0.3563,0.3685,0.40130000000000005,0.44680000000000003,0.44680000000000003,0.45280000000000004,0.3765,0.3808,0.3725,0.4005,0.3523,0.402,0.4413,0.4413,0.46280000000000004,0.4708,0.42250000000000004,0.3728,0.3773,0.386,0.39680000000000004,0.3523,0.402,0.402,0.4413,0.46280000000000004,0.4708,0.42250000000000004,0.3728,0.3773,0.386,0.39680000000000004,0.3805,0.3805,0.4373,0.46,0.44680000000000003,0.396,0.39980000000000004,0.4,0.39730000000000004,0.39030000000000004,0.39580000000000004,0.39580000000000004,0.39630000000000004,0.40080000000000005,0.42300000000000004,0.4323,0.41100000000000003,0.3355
2021-04-14 02:00:00,0.3055,0.3488,0.4078,0.35050000000000003,0.35050000000000003,0.39180000000000004,0.378,0.3638,0.3613,0.3095,0.2768,0.3055,0.3488,0.4078,0.4078,0.35050000000000003,0.3005,0.298,0.26680000000000004,0.25930000000000003,0.24180000000000001,0.2398,0.33480000000000004,0.302,0.302,0.2645,0.2298,0.2165,0.2755,0.28150000000000003,0.278,0.24130000000000001,0.24730000000000002,0.28650000000000003,0.28650000000000003,0.24400000000000002,0.2398,0.23650000000000002,0.24300000000000002,0.24700000000000003,0.24230000000000002,0.2323,0.23650000000000002,0.2318,0.373,0.3005,0.28500000000000003,0.2773,0.2725,0.24650000000000002,0.258,0.2485,0.24400000000000002,0.2318,0.2318,0.391,0.3755,0.3008,0.3123,0.29450000000000004,0.2798,0.29050000000000004,0.2808,0.278,0.278,0.24100000000000002,0.3033,0.3683,0.2993,0.28650000000000003,0.31930000000000003,0.28900000000000003,0.26330000000000003,0.26330000000000003,0.339,0.29250000000000004,0.2993,0.20950000000000002,0.2535,0.2665,0.257,0.31930000000000003,0.28900000000000003,0.28900000000000003,0.26330000000000003,0.339,0.29250000000000004,0.2993,0.20950000000000002,0.2535,0.2665,0.257,0.29550000000000004,0.29550000000000004,0.276,0.269,0.2543,0.29350000000000004,0.312,0.1963,0.2063,0.2015,0.21780000000000002,0.21780000000000002,0.2303,0.23500000000000001,0.23750000000000002,0.25120000000000003,0.2775,0.33130000000000004,0.2325,0.21480000000000002,0.1933,0.1933,0.193,0.198,0.2388,0.2738,0.3015,0.3428,0.38680000000000003
2021-06-18 05:00:00,0.5298,0.6138,0.6913,0.7043,0.6895,0.6988000000000001,0.6995,0.6995,0.6925,0.684,0.6948000000000001,0.5780000000000001,0.6323000000000001,0.7033,0.6823,0.6975,0.7028,0.7028,0.6995,0.6925,0.684,0.6948000000000001,0.5780000000000001,0.6323000000000001,0.7033,0.6823,0.6975,0.6975,0.7028,0.6953,0.6948000000000001,0.6965,0.6753,0.6463,0.6733,0.6958000000000001,0.6998000000000001,0.6998000000000001,0.7353000000000001,0.7185,0.6895,0.6953,0.7183,0.6923,0.682,0.6993,0.7043,0.7043,0.7198,0.7438,0.6738000000000001,0.6885,0.7048,0.7230000000000001,0.6863,0.6978000000000001,0.7328,0.7328,0.6988000000000001,0.7173,0.7120000000000001,0.661,0.6695,0.6898000000000001,0.7463000000000001,0.6793,0.6893,0.6893,0.7338,0.687,0.7063,0.6915,0.6305000000000001,0.6725,0.6813,0.732,0.673,0.6563,0.7148,0.6943,0.653,0.6873,0.6933,0.6808000000000001,0.7098,0.6988000000000001,0.6988000000000001,0.7168,0.6658000000000001,0.6955,0.6613,0.6783,0.7433000000000001,0.7558,0.6808000000000001,0.7098,0.7098,0.6988000000000001,0.7168,0.6658000000000001,0.6955,0.6613,0.6783,0.7433000000000001,0.7558,0.7545000000000001,0.7545000000000001,0.7388,0.7358,0.6695,0.6288,0.6833,0.679,0.6805,0.6825,0.7008,0.7008,0.7513000000000001,0.7733,0.7368,0.6595000000000001
2021-07-31 02:00:00,0.0998,0.0998,0.1013,0.1005,0.1018,0.1018,0.10250000000000001,0.1015,0.0995,0.0993,0.1033,0.1,0.1058,0.1,0.10250000000000001,0.10250000000000001,0.1018,0.10250000000000001,0.1015,0.0995,0.0993,0.1033,0.1,0.1058,0.1,0.1,0.10250000000000001,0.10300000000000001,0.1038,0.1005,0.1028,0.10450000000000001,0.10300000000000001,0.1013,0.10450000000000001,0.10450000000000001,0.1063,0.10500000000000001,0.1023,0.1003,0.10200000000000001,0.1085,0.10880000000000001,0.1,0.1015,0.1015,0.1038,0.10350000000000001,0.1038,0.1033,0.10250000000000001,0.1053,0.10600000000000001,0.1005,0.1003,0.10200000000000001,0.10600000000000001,0.10650000000000001,0.1048,0.10500000000000001,0.1043,0.10300000000000001,0.1058,0.1005,0.1063,0.1063,0.10200000000000001,0.1015,0.1068,0.10300000000000001,0.10600000000000001,0.1048,0.10550000000000001,0.10200000000000001,0.1043,0.1043,0.10830000000000001,0.10550000000000001,0.1038,0.10350000000000001,0.1043,0.1028,0.10450000000000001,0.1075,0.1075,0.1053,0.11230000000000001,0.1075,0.1053,0.10200000000000001,0.10350000000000001,0.10550000000000001,0.1028,0.10450000000000001,0.10450000000000001,0.1075,0.1053,0.11230000000000001,0.1075,0.1053,0.10200000000000001,0.10350000000000001,0.10550000000000001,0.108,0.108,0.1015,0.1033,0.108,0.10700000000000001,0.10200000000000001,0.1033,0.1078,0.1038,0.1063,0.1063,0.1015,0.10600000000000001,0.1058,0.10550000000000001,0.10880000000000001,0.1075
2021-11-18 03:00:00,0.1163,0.11130000000000001,0.109,0.111,0.111,0.1125,0.11080000000000001,0.115,0.1153,0.1153,0.12000000000000001,0.113,0.11180000000000001,0.11,0.11,0.1143,0.117,0.115,0.1145,0.11750000000000001,0.12050000000000001,0.11850000000000001,0.113,0.1145,0.1145,0.11330000000000001,0.1165,0.1153,0.10930000000000001,0.11950000000000001,0.11180000000000001,0.1158,0.11750000000000001,0.1125,0.1125,0.115,0.11330000000000001,0.1153,0.1143,0.11750000000000001,0.1153,0.1145,0.116,0.1165,0.1143,0.1135,0.1155,0.1178,0.11230000000000001,0.1155,0.11750000000000001,0.1145,0.1183,0.1165,0.1165,0.1165,0.1165,0.1173,0.1193,0.1148,0.1208,0.117,0.1145,0.1145,0.114,0.11850000000000001,0.11380000000000001,0.1145,0.117,0.1178,0.1165,0.1208,0.117,0.117,0.1145,0.114,0.11850000000000001,0.11380000000000001,0.1145,0.117,0.1178,0.1165,0.11380000000000001,0.11380000000000001,0.1188,0.1153,0.117,0.11900000000000001,0.1145,0.1158,0.1188,0.1203,0.11850000000000001,0.11850000000000001,0.1168,0.1145,0.1173,0.12100000000000001,0.126,0.1153,0.1165,0.1193,0.1183,0.1183,0.1228,0.1173,0.12050000000000001,0.1213,0.124,0.12000000000000001,0.1153,0.1165,0.1188,0.1188,0.11900000000000001,0.11950000000000001,0.1233,0.12000000000000001,0.124,0.1213,0.1198
2021-06-27 01:00:00,0.444,0.45480000000000004,0.47250000000000003,0.4958,0.48950000000000005,0.48950000000000005,0.42750000000000005,0.4315,0.4525,0.4098,0.3915,0.4433,0.4693,0.4963,0.5268,0.5268,0.48950000000000005,0.42750000000000005,0.4315,0.4525,0.4098,0.3915,0.4433,0.4693,0.4963,0.4963,0.5268,0.47450000000000003,0.41600000000000004,0.4405,0.45980000000000004,0.4505,0.40700000000000003,0.4545,0.4723,0.4723,0.48700000000000004,0.4788,0.4475,0.47650000000000003,0.47300000000000003,0.45580000000000004,0.45030000000000003,0.42300000000000004,0.47400000000000003,0.47400000000000003,0.4995,0.46780000000000005,0.4475,0.44980000000000003,0.447,0.45,0.45280000000000004,0.4408,0.42650000000000005,0.45580000000000004,0.497,0.4973,0.435,0.4505,0.4313,0.41300000000000003,0.4328,0.4223,0.452,0.452,0.46,0.47850000000000004,0.46630000000000005,0.4428,0.46080000000000004,0.44480000000000003,0.4103,0.41950000000000004,0.4108,0.4108,0.42200000000000004,0.46580000000000005,0.44680000000000003,0.4345,0.4428,0.45430000000000004,0.457,0.4445,0.4445,0.42700000000000005,0.4158,0.401,0.447,0.45780000000000004,0.448,0.4393,0.45430000000000004,0.457,0.457,0.4445,0.42700000000000005,0.4158,0.401,0.447,0.45780000000000004,0.448,0.4393,0.45830000000000004,0.45830000000000004,0.4495,0.46080000000000004,0.434,0.4268,0.4063,0.4423,0.4585,0.4433,0.45180000000000003,0.45180000000000003,0.4505,0.442,0.45680000000000004,0.45180000000000003,0.42700000000000005,0.4128
2021-10-23 04:00:00,0.1348,0.1413,0.14450000000000002,0.1373,0.1353,0.1353,0.136,0.1365,0.1338,0.134,0.1355,0.1373,0.1398,0.138,0.1353,0.1353,0.1398,0.1373,0.1358,0.139,0.1393,0.1395,0.1443,0.14,0.14450000000000002,0.14450000000000002,0.1468,0.14750000000000002,0.14200000000000002,0.14450000000000002,0.15280000000000002,0.1585,0.154,0.1393,0.1373,0.1373,0.1413,0.1403,0.13770000000000002,0.1365,0.1388,0.14350000000000002,0.1535,0.1705,0.14250000000000002,0.14250000000000002,0.1463,0.14500000000000002,0.1438,0.14150000000000001,0.14350000000000002,0.14300000000000002,0.14600000000000002,0.149,0.1718,0.1448,0.14450000000000002,0.14780000000000001,0.14450000000000002,0.14700000000000002,0.14200000000000002,0.14500000000000002,0.1428,0.1515,0.1515,0.154,0.15030000000000002,0.14980000000000002,0.15080000000000002,0.1458,0.15,0.153,0.14500000000000002,0.1428,0.1428,0.1515,0.154,0.15030000000000002,0.14980000000000002,0.15080000000000002,0.1458,0.15,0.153,0.1448,0.1448,0.15,0.156,0.1618,0.15180000000000002,0.1463,0.14850000000000002,0.14830000000000002,0.14600000000000002,0.14550000000000002,0.14550000000000002,0.1468,0.1433,0.1525,0.152,0.1568,0.151,0.1545,0.15380000000000002,0.15080000000000002,0.15080000000000002,0.15230000000000002,0.1505,0.15,0.152,0.155,0.1623,0.1583,0.1578,0.15180000000000002,0.15180000000000002,0.15280000000000002,0.1525,0.1558,0.15080000000000002,0.1535,0.1535
2021-10-31 03:00:00,0.1975,0.1748,0.1645,0.1665,0.1665,0.1845,0.1895,0.198,0.2053,0.197,0.21000000000000002,0.193,0.1718,0.157,0.157,0.1468,0.1648,0.1613,0.1743,0.2028,0.1835,0.1895,0.157,0.167,0.167,0.155,0.14980000000000002,0.15230000000000002,0.1553,0.153,0.1675,0.1613,0.1578,0.166,0.166,0.17,0.158,0.14850000000000002,0.1393,0.14750000000000002,0.1535,0.14600000000000002,0.1418,0.14450000000000002,0.1663,0.164,0.164,0.1648,0.15380000000000002,0.15180000000000002,0.14930000000000002,0.15080000000000002,0.1535,0.14700000000000002,0.14700000000000002,0.14930000000000002,0.152,0.151,0.1563,0.15480000000000002,0.153,0.15230000000000002,0.1598,0.1598,0.153,0.15030000000000002,0.15230000000000002,0.1563,0.15330000000000002,0.1603,0.1605,0.153,0.15230000000000002,0.15230000000000002,0.1598,0.153,0.15030000000000002,0.15230000000000002,0.1563,0.15330000000000002,0.1603,0.1605,0.1585,0.1585,0.1535,0.1645,0.1625,0.1625,0.1558,0.155,0.1578,0.1605,0.1645,0.1645,0.171,0.17980000000000002,0.1733,0.18380000000000002,0.1893,0.1643,0.1658,0.166,0.1683,0.1683,0.162,0.1628,0.169,0.1623,0.1693,0.2325,0.1713,0.167,0.1535,0.1535,0.1578,0.1605,0.1468,0.14880000000000002,0.14550000000000002,0.1468,0.201
2021-04-27 04:00:00,0.17500000000000002,0.18080000000000002,0.17550000000000002,0.1778,0.18280000000000002,0.18100000000000002,0.18100000000000002,0.17600000000000002,0.1683,0.1673,0.1658,0.17500000000000002,0.18080000000000002,0.17550000000000002,0.1778,0.18280000000000002,0.18280000000000002,0.18100000000000002,0.1825,0.1825,0.17830000000000001,0.1673,0.1778,0.1705,0.1663,0.1688,0.1688,0.169,0.1708,0.17930000000000001,0.18150000000000002,0.182,0.1963,0.1743,0.18130000000000002,0.18100000000000002,0.18100000000000002,0.1733,0.18150000000000002,0.18430000000000002,0.18380000000000002,0.188,0.1945,0.194,0.185,0.1888,0.1888,0.1965,0.201,0.1965,0.1945,0.1978,0.197,0.189,0.1835,0.21380000000000002,0.21380000000000002,0.21880000000000002,0.2033,0.2018,0.20350000000000001,0.21180000000000002,0.1965,0.18480000000000002,0.184,0.18150000000000002,0.24130000000000001,0.2233,0.1888,0.1898,0.2,0.1918,0.191,0.1893,0.18680000000000002,0.18680000000000002,0.189,0.1915,0.18780000000000002,0.195,0.193,0.1875,0.18150000000000002,0.191,0.1893,0.1893,0.18680000000000002,0.189,0.1915,0.18780000000000002,0.195,0.193,0.1875,0.18150000000000002,0.18100000000000002,0.18100000000000002,0.18280000000000002,0.18680000000000002,0.1928,0.1955,0.2005,0.1888,0.17750000000000002,0.1773,0.1855,0.1855,0.2048,0.2018,0.1935,0.1888,0.197,0.1915,0.1835,0.1825,0.1895,0.1895,0.18730000000000002,0.1955,0.1845,0.18680000000000002,0.203
2021-09-12 03:00:00,0.136,0.129,0.1278,0.13770000000000002,0.1273,0.1273,0.1305,0.1265,0.1388,0.12350000000000001,0.1228,0.136,0.129,0.1278,0.13770000000000002,0.13770000000000002,0.1273,0.1293,0.127,0.12480000000000001,0.1308,0.127,0.12480000000000001,0.125,0.1308,0.1308,0.1315,0.1265,0.1255,0.12150000000000001,0.1325,0.133,0.131,0.1413,0.132,0.132,0.1308,0.1308,0.1273,0.1278,0.1245,0.13,0.137,0.1263,0.1283,0.1283,0.1335,0.1288,0.1295,0.126,0.136,0.1365,0.1285,0.125,0.1288,0.1355,0.14300000000000002,0.1303,0.1288,0.1343,0.1438,0.1358,0.1305,0.138,0.1293,0.1293,0.1413,0.13770000000000002,0.1315,0.1348,0.135,0.13770000000000002,0.1293,0.1313,0.1313,0.1338,0.1263,0.1433,0.1423,0.134,0.1385,0.131,0.13770000000000002,0.1293,0.1293,0.1313,0.1338,0.1263,0.1433,0.1423,0.134,0.1385,0.131,0.1263,0.1263,0.1355,0.1303,0.1343,0.1345,0.1315,0.134,0.13,0.132,0.1323,0.1323,0.1298,0.1325,0.1285,0.1318,0.132,0.14300000000000002,0.14650000000000002,0.1348,0.1328,0.1328,0.1315,0.1343,0.13770000000000002,0.129,0.1323,0.1358
2021-03-21 05:00:00,0.2858,0.26780000000000004,0.2315,0.2155,0.21330000000000002,0.2245,0.2245,0.1998,0.2003,0.20500000000000002,0.217,0.2858,0.26780000000000004,0.2315,0.2155,0.21330000000000002,0.21330000000000002,0.2245,0.21180000000000002,0.2005,0.21480000000000002,0.20950000000000002,0.24100000000000002,0.2645,0.24550000000000002,0.2295,0.2295,0.2205,0.2268,0.21300000000000002,0.2053,0.21450000000000002,0.218,0.21300000000000002,0.2068,0.2205,0.2205,0.2318,0.2063,0.1938,0.188,0.18680000000000002,0.1875,0.195,0.21300000000000002,0.2,0.2,0.1988,0.1993,0.191,0.191,0.1903,0.189,0.17900000000000002,0.18000000000000002,0.2068,0.2068,0.20600000000000002,0.193,0.188,0.18100000000000002,0.17830000000000001,0.18230000000000002,0.19,0.186,0.18730000000000002,0.21250000000000002,0.2053,0.2185,0.20350000000000001,0.1965,0.18580000000000002,0.189,0.18530000000000002,0.18680000000000002,0.18680000000000002,0.18630000000000002,0.2073,0.2233,0.2508,0.2215,0.20900000000000002,0.1975,0.189,0.18530000000000002,0.18530000000000002,0.18680000000000002,0.18630000000000002,0.2073,0.2233,0.2508,0.2215,0.20900000000000002,0.1975,0.196,0.196,0.1965,0.1978,0.1903,0.2058,0.22,0.267,0.2585,0.21680000000000002,0.1955,0.1955,0.1948,0.2005,0.1945,0.186,0.1885,0.1955,0.2063,0.24480000000000002,0.232,0.232,0.1885,0.18480000000000002,0.17950000000000002,0.18730000000000002,0.1865
2021-10-08 03:00:00,0.5018,0.4928,0.4848,0.4938,0.5033,0.5033,0.4938,0.497,0.5005000000000001,0.4978,0.4943,0.5018,0.4928,0.4848,0.4938,0.4938,0.5033,0.5073,0.5045000000000001,0.5035000000000001,0.5065000000000001,0.5028,0.5065000000000001,0.5025000000000001,0.49150000000000005,0.49150000000000005,0.4938,0.5015000000000001,0.499,0.5045000000000001,0.5058,0.5055000000000001,0.5048,0.5107,0.502,0.502,0.4963,0.498,0.4948,0.49450000000000005,0.496,0.4968,0.505,0.506,0.505,0.505,0.5073,0.5025000000000001,0.497,0.4988,0.49150000000000005,0.49300000000000005,0.4898,0.4953,0.5038,0.5082,0.5038,0.5033,0.5053,0.5008,0.5013000000000001,0.502,0.5035000000000001,0.5023,0.5038,0.5038,0.5088,0.5028,0.498,0.502,0.502,0.4995,0.5035000000000001,0.5082,0.5082,0.5033,0.5015000000000001,0.5058,0.5148,0.5048,0.4978,0.4948,0.4995,0.5035000000000001,0.5035000000000001,0.5082,0.5033,0.5015000000000001,0.5058,0.5148,0.5048,0.4978,0.4948,0.4918,0.4918,0.49350000000000005,0.4963,0.5048,0.5038,0.4893,0.49250000000000005,0.5088,0.5113,0.5028,0.5028,0.5035000000000001,0.4958,0.49350000000000005,0.4955,0.5063,0.499,0.5008,0.4793,0.4908,0.4908,0.503,0.5013000000000001,0.5015000000000001,0.5055000000000001,0.5068,0.5053
2021-11-08 04:00:00,0.11280000000000001,0.116,0.1105,0.11180000000000001,0.1158,0.1158,0.1153,0.11,0.1183,0.1208,0.11380000000000001,0.1165,0.1148,0.1148,0.11280000000000001,0.11280000000000001,0.1145,0.116,0.1165,0.1155,0.1158,0.12380000000000001,0.1143,0.1145,0.1173,0.1173,0.11750000000000001,0.1153,0.117,0.112,0.12100000000000001,0.12430000000000001,0.1213,0.1183,0.11800000000000001,0.11800000000000001,0.1173,0.116,0.1163,0.1165,0.1188,0.1198,0.12050000000000001,0.1173,0.1223,0.1223,0.11850000000000001,0.1193,0.1163,0.12150000000000001,0.1148,0.11950000000000001,0.12000000000000001,0.11750000000000001,0.1165,0.1148,0.116,0.12000000000000001,0.1213,0.11750000000000001,0.11950000000000001,0.1228,0.1163,0.11950000000000001,0.11950000000000001,0.1193,0.11950000000000001,0.12380000000000001,0.1275,0.1178,0.11900000000000001,0.1178,0.1228,0.1163,0.1163,0.11950000000000001,0.1193,0.11950000000000001,0.12380000000000001,0.1275,0.1178,0.11900000000000001,0.1178,0.12000000000000001,0.12000000000000001,0.1153,0.11850000000000001,0.12250000000000001,0.12000000000000001,0.11800000000000001,0.12250000000000001,0.12000000000000001,0.11850000000000001,0.117,0.117,0.11900000000000001,0.1165,0.1163,0.1155,0.1263,0.12150000000000001,0.12000000000000001,0.1223,0.12430000000000001,0.12430000000000001,0.1208,0.12200000000000001,0.11850000000000001,0.11800000000000001,0.1258,0.12430000000000001,0.1213,0.1188,0.1203,0.1203,0.12200000000000001,0.1208,0.1273,0.1258,0.12250000000000001,0.12200000000000001
2021-04-29 02:00:00,0.114,0.11380000000000001,0.1163,0.11900000000000001,0.12100000000000001,0.12100000000000001,0.1245,0.12150000000000001,0.126,0.1268,0.1285,0.1148,0.11750000000000001,0.12250000000000001,0.12350000000000001,0.12350000000000001,0.12100000000000001,0.1245,0.12150000000000001,0.126,0.1268,0.1285,0.1148,0.11750000000000001,0.12250000000000001,0.12250000000000001,0.12350000000000001,0.1213,0.12430000000000001,0.1265,0.1293,0.13,0.139,0.11800000000000001,0.1193,0.1193,0.1208,0.1228,0.1245,0.1228,0.1283,0.1298,0.1443,0.1395,0.1203,0.1203,0.1203,0.125,0.1283,0.1223,0.1258,0.1295,0.15,0.154,0.14750000000000002,0.1158,0.1208,0.1218,0.1203,0.12350000000000001,0.1258,0.1285,0.1453,0.14800000000000002,0.14780000000000001,0.14780000000000001,0.1228,0.1223,0.12250000000000001,0.1228,0.12380000000000001,0.1265,0.134,0.1358,0.14300000000000002,0.14300000000000002,0.14930000000000002,0.11950000000000001,0.12430000000000001,0.1208,0.124,0.126,0.1275,0.1308,0.1308,0.1433,0.129,0.1348,0.12430000000000001,0.12200000000000001,0.1208,0.1213,0.126,0.1275,0.1275,0.1308,0.1433,0.129,0.1348,0.12430000000000001,0.12200000000000001,0.1208,0.1213,0.128,0.128,0.125,0.1295,0.1283,0.1263,0.138,0.12380000000000001,0.1245,0.12480000000000001,0.125,0.125,0.1255,0.1265,0.125,0.1255,0.1305,0.1563
2021-08-01 01:00:00,0.0913,0.0918,0.09050000000000001,0.0893,0.0893,0.0915,0.09280000000000001,0.0915,0.08850000000000001,0.092,0.0908,0.0915,0.08850000000000001,0.09280000000000001,0.09280000000000001,0.0893,0.0915,0.09280000000000001,0.0915,0.08850000000000001,0.092,0.0908,0.0915,0.08850000000000001,0.08850000000000001,0.09280000000000001,0.09280000000000001,0.0863,0.09330000000000001,0.0908,0.0915,0.0913,0.0858,0.0945,0.0945,0.09330000000000001,0.0945,0.0945,0.09050000000000001,0.092,0.09630000000000001,0.0925,0.09000000000000001,0.0888,0.09380000000000001,0.09430000000000001,0.0935,0.09330000000000001,0.0898,0.0898,0.09280000000000001,0.099,0.09280000000000001,0.09230000000000001,0.09230000000000001,0.09580000000000001,0.099,0.0988,0.09330000000000001,0.0945,0.095,0.09380000000000001,0.09430000000000001,0.098,0.098,0.09330000000000001,0.09330000000000001,0.09730000000000001,0.0955,0.09230000000000001,0.09480000000000001,0.0955,0.09380000000000001,0.0955,0.0955,0.09530000000000001,0.09380000000000001,0.0925,0.0945,0.09680000000000001,0.09680000000000001,0.092,0.09380000000000001,0.09380000000000001,0.094,0.09280000000000001,0.094,0.09280000000000001,0.09430000000000001,0.097,0.0975,0.09680000000000001,0.092,0.092,0.09380000000000001,0.094,0.09280000000000001,0.094,0.09280000000000001,0.09430000000000001,0.097,0.0975,0.09280000000000001,0.09280000000000001,0.0925,0.1,0.09280000000000001,0.0945,0.095,0.0945,0.096,0.0978,0.0965,0.0965,0.09430000000000001,0.0998,0.094,0.0945,0.09680000000000001,0.1023,0.09380000000000001
2021-11-21 04:00:00,0.42100000000000004,0.4318,0.4183,0.4128,0.4208,0.4208,0.4268,0.4288,0.4305,0.4348,0.45130000000000003,0.4093,0.4188,0.4188,0.41800000000000004,0.41800000000000004,0.40700000000000003,0.41250000000000003,0.4288,0.4318,0.4378,0.444,0.3935,0.4088,0.41150000000000003,0.41150000000000003,0.3945,0.3655,0.3798,0.39480000000000004,0.4128,0.42250000000000004,0.42150000000000004,0.3835,0.3778,0.3778,0.389,0.387,0.3678,0.3673,0.38280000000000003,0.3775,0.3915,0.39980000000000004,0.36050000000000004,0.36050000000000004,0.35700000000000004,0.3588,0.3493,0.3563,0.3453,0.3683,0.3558,0.3608,0.38530000000000003,0.308,0.339,0.34450000000000003,0.3355,0.314,0.3153,0.3008,0.32130000000000003,0.34800000000000003,0.34800000000000003,0.3543,0.2255,0.2508,0.3,0.3003,0.3035,0.26630000000000004,0.3008,0.32130000000000003,0.32130000000000003,0.34800000000000003,0.3543,0.2255,0.2508,0.3,0.3003,0.3035,0.26630000000000004,0.28700000000000003,0.28700000000000003,0.301,0.32430000000000003,0.335,0.24000000000000002,0.2388,0.2733,0.2713,0.2893,0.2963,0.2963,0.3038,0.307,0.3048,0.328,0.26030000000000003,0.24530000000000002,0.232,0.2543,0.2778,0.2778,0.2882,0.3015,0.29050000000000004,0.2878,0.28350000000000003,0.275,0.271,0.2795,0.26030000000000003,0.26030000000000003,0.27,0.26680000000000004,0.2723,0.273,0.2818,0.29000000000000004
2021-05-25 05:00:00,0.5337000000000001,0.547,0.5878,0.5780000000000001,0.5315,0.5,0.4813,0.4813,0.4828,0.5118,0.5245000000000001,0.5375,0.514,0.5328,0.5428000000000001,0.5093,0.46530000000000005,0.46530000000000005,0.4813,0.4828,0.5118,0.5245000000000001,0.5375,0.514,0.5328,0.5428000000000001,0.5093,0.5093,0.46530000000000005,0.48900000000000005,0.4918,0.501,0.47100000000000003,0.513,0.5155000000000001,0.5128,0.5085000000000001,0.5085000000000001,0.4728,0.4743,0.45580000000000004,0.436,0.4193,0.3478,0.4908,0.54,0.5245000000000001,0.5245000000000001,0.4723,0.42000000000000004,0.4193,0.3765,0.401,0.3715,0.4043,0.5498000000000001,0.5673,0.5673,0.547,0.5265000000000001,0.46950000000000003,0.40950000000000003,0.3865,0.375,0.39180000000000004,0.41000000000000003,0.549,0.549,0.5078,0.5033,0.5403,0.446,0.40750000000000003,0.4445,0.45880000000000004,0.4375,0.371,0.5778,0.5413,0.5345,0.501,0.4625,0.42200000000000004,0.39580000000000004,0.46780000000000005,0.48750000000000004,0.48750000000000004,0.4545,0.5168,0.4495,0.45080000000000003,0.4625,0.4595,0.46950000000000003,0.39580000000000004,0.46780000000000005,0.46780000000000005,0.48750000000000004,0.4545,0.5168,0.4495,0.45080000000000003,0.4625,0.4595,0.46950000000000003,0.4575,0.4575,0.47150000000000003,0.4823,0.5138,0.4325,0.42100000000000004,0.4363,0.4318,0.4708,0.5105000000000001,0.5105000000000001,0.5085000000000001,0.498,0.4848,0.5373
2021-04-29 01:00:00,0.11030000000000001,0.1053,0.10500000000000001,0.10400000000000001,0.10400000000000001,0.1023,0.1058,0.1078,0.1008,0.1015,0.1023,0.1153,0.1125,0.10830000000000001,0.10830000000000001,0.10400000000000001,0.1023,0.1058,0.1078,0.1008,0.1015,0.1023,0.1153,0.1125,0.1125,0.10830000000000001,0.1048,0.1028,0.1033,0.10400000000000001,0.10200000000000001,0.101,0.1038,0.1265,0.1265,0.1143,0.1095,0.108,0.108,0.11130000000000001,0.11080000000000001,0.1063,0.10200000000000001,0.1013,0.14980000000000002,0.1323,0.1233,0.114,0.11080000000000001,0.10980000000000001,0.1058,0.11030000000000001,0.10830000000000001,0.1058,0.1058,0.1715,0.14600000000000002,0.1298,0.1213,0.1135,0.112,0.11080000000000001,0.1125,0.1105,0.1105,0.111,0.1918,0.1758,0.134,0.1188,0.114,0.12050000000000001,0.116,0.11080000000000001,0.11080000000000001,0.1145,0.1125,0.21180000000000002,0.161,0.132,0.1208,0.12050000000000001,0.1233,0.1233,0.12150000000000001,0.1145,0.1135,0.117,0.17900000000000002,0.14930000000000002,0.1328,0.1208,0.12050000000000001,0.12050000000000001,0.1233,0.12150000000000001,0.1145,0.1135,0.117,0.17900000000000002,0.14930000000000002,0.1328,0.11950000000000001,0.11950000000000001,0.1145,0.1333,0.133,0.1178,0.1178,0.11380000000000001,0.1515,0.1348,0.1293,0.1293,0.1255,0.1423,0.14700000000000002,0.1343,0.12300000000000001,0.1295,0.114
2021-11-30 04:00:00,0.113,0.1148,0.1148,0.11030000000000001,0.11030000000000001,0.11280000000000001,0.1155,0.11750000000000001,0.114,0.1183,0.1193,0.11330000000000001,0.109,0.1173,0.1173,0.1148,0.1135,0.114,0.1135,0.1158,0.11380000000000001,0.1168,0.1178,0.11380000000000001,0.11380000000000001,0.1153,0.1203,0.1153,0.11900000000000001,0.11850000000000001,0.1163,0.1135,0.1165,0.1155,0.1155,0.1168,0.1153,0.12050000000000001,0.112,0.1173,0.11330000000000001,0.11850000000000001,0.1183,0.12050000000000001,0.1165,0.1173,0.1188,0.1173,0.1188,0.1198,0.1193,0.1153,0.1198,0.1198,0.11900000000000001,0.116,0.1145,0.1228,0.1183,0.12250000000000001,0.11900000000000001,0.1193,0.1153,0.1153,0.1198,0.11900000000000001,0.116,0.1145,0.1228,0.1183,0.12250000000000001,0.11900000000000001,0.117,0.117,0.116,0.1178,0.1208,0.11750000000000001,0.11850000000000001,0.12000000000000001,0.12000000000000001,0.12380000000000001,0.1173,0.1173,0.1208,0.116,0.11850000000000001,0.1228,0.1183,0.1153,0.11900000000000001,0.12350000000000001,0.1218,0.1218,0.12050000000000001,0.1208,0.1198,0.12100000000000001,0.1223,0.1198,0.115,0.11900000000000001,0.11750000000000001,0.11750000000000001,0.1208,0.11850000000000001,0.1213,0.1275,0.12300000000000001,0.12350000000000001,0.1153,0.1143,0.116,0.116,0.12100000000000001,0.1198,0.1255,0.1183,0.12300000000000001,0.1208,0.1295
2021-12-18 04:00:00,0.115,0.1188,0.108,0.108,0.1148,0.1125,0.12000000000000001,0.1163,0.115,0.1178,0.1223,0.11230000000000001,0.1105,0.1105,0.11080000000000001,0.113,0.1125,0.1153,0.11330000000000001,0.116,0.1183,0.1153,0.11380000000000001,0.11380000000000001,0.11280000000000001,0.1163,0.1085,0.115,0.1145,0.11800000000000001,0.11280000000000001,0.11230000000000001,0.1188,0.11280000000000001,0.1178,0.11130000000000001,0.1158,0.1168,0.12300000000000001,0.1153,0.1143,0.1153,0.1168,0.1168,0.117,0.11800000000000001,0.1165,0.1188,0.1145,0.1255,0.1125,0.1165,0.1165,0.1178,0.1168,0.11230000000000001,0.1145,0.1173,0.1173,0.12000000000000001,0.1255,0.1125,0.1125,0.1165,0.1178,0.1168,0.11230000000000001,0.1145,0.1173,0.1173,0.12000000000000001,0.1188,0.1188,0.12000000000000001,0.1168,0.1135,0.1198,0.11230000000000001,0.1145,0.1165,0.1203,0.116,0.116,0.1163,0.1145,0.11800000000000001,0.11800000000000001,0.1188,0.116,0.1158,0.1148,0.1158,0.1158,0.11750000000000001,0.11950000000000001,0.1168,0.1183,0.1203,0.12200000000000001,0.1163,0.1158,0.1155,0.1155,0.1155,0.116,0.1255,0.11900000000000001,0.1153,0.1198,0.11800000000000001,0.1165,0.1188,0.1188,0.11030000000000001,0.12050000000000001,0.117,0.1188,0.11950000000000001,0.12050000000000001,0.125,0.11950000000000001
2021-04-18 03:00:00,0.4223,0.4043,0.4098,0.41300000000000003,0.40950000000000003,0.40950000000000003,0.41900000000000004,0.404,0.4178,0.41550000000000004,0.3995,0.4223,0.4043,0.4098,0.41300000000000003,0.41300000000000003,0.40950000000000003,0.397,0.4108,0.4053,0.41700000000000004,0.433,0.44980000000000003,0.4305,0.41100000000000003,0.41100000000000003,0.4178,0.4313,0.4305,0.4428,0.4403,0.45280000000000004,0.47000000000000003,0.456,0.44,0.44,0.42500000000000004,0.42800000000000005,0.45330000000000004,0.46630000000000005,0.48700000000000004,0.5105000000000001,0.4853,0.47800000000000004,0.4813,0.4813,0.4778,0.4773,0.465,0.45880000000000004,0.47600000000000003,0.4788,0.47650000000000003,0.4783,0.4728,0.47550000000000003,0.4853,0.5098,0.5073,0.5065000000000001,0.5178,0.5225000000000001,0.5115000000000001,0.5055000000000001,0.517,0.517,0.506,0.5138,0.5197,0.5188,0.533,0.525,0.5038,0.4863,0.4863,0.5305,0.5518000000000001,0.5158,0.4985,0.4903,0.48850000000000005,0.517,0.525,0.5038,0.5038,0.4863,0.5305,0.5518000000000001,0.5158,0.4985,0.4903,0.48850000000000005,0.517,0.5283,0.5283,0.5253,0.5288,0.5305,0.5323,0.5203,0.4923,0.49100000000000005,0.4965,0.5178,0.5178,0.5248,0.5315,0.5335,0.5305,0.5133,0.5268,0.5243,0.5143,0.528,0.528,0.5365,0.535,0.5318,0.5713,0.5798,0.5598000000000001
2021-06-13 01:00:00,0.187,0.2038,0.20980000000000001,0.2298,0.28250000000000003,0.28250000000000003,0.33580000000000004,0.3633,0.3775,0.38130000000000003,0.38730000000000003,0.21880000000000002,0.219,0.2155,0.259,0.259,0.28250000000000003,0.33580000000000004,0.3633,0.3775,0.38130000000000003,0.38730000000000003,0.21880000000000002,0.219,0.2155,0.2155,0.259,0.3093,0.3508,0.375,0.395,0.39980000000000004,0.4068,0.2338,0.24280000000000002,0.24280000000000002,0.2645,0.306,0.3423,0.3753,0.40030000000000004,0.41100000000000003,0.4183,0.41850000000000004,0.2738,0.2738,0.28850000000000003,0.3185,0.3543,0.39180000000000004,0.41450000000000004,0.4298,0.4363,0.4403,0.4345,0.3003,0.311,0.328,0.3573,0.38430000000000003,0.4153,0.4345,0.446,0.45230000000000004,0.457,0.457,0.3073,0.32980000000000004,0.35000000000000003,0.3773,0.41600000000000004,0.4445,0.4595,0.46380000000000005,0.4733,0.4733,0.4718,0.3655,0.39030000000000004,0.4068,0.4218,0.461,0.4733,0.4798,0.4798,0.48250000000000004,0.48300000000000004,0.48200000000000004,0.4293,0.44780000000000003,0.464,0.4793,0.461,0.4733,0.4733,0.4798,0.48250000000000004,0.48300000000000004,0.48200000000000004,0.4293,0.44780000000000003,0.464,0.4793,0.4958,0.4958,0.4918,0.502,0.49500000000000005,0.48950000000000005,0.49250000000000005,0.45680000000000004,0.47900000000000004,0.4978,0.5005000000000001,0.5005000000000001,0.5048,0.5038,0.5078,0.4975,0.4958,0.49050000000000005
2021-10-16 05:00:00,0.535,0.5243,0.5273,0.5195000000000001,0.5248,0.5248,0.5278,0.5225000000000001,0.515,0.4908,0.5118,0.5365,0.5285000000000001,0.5378000000000001,0.5205000000000001,0.5205000000000001,0.5213,0.5173,0.5038,0.5197,0.5312,0.5388000000000001,0.5388000000000001,0.5303,0.5443,0.5443,0.5433,0.5197,0.5138,0.531,0.5418000000000001,0.54,0.541,0.5418000000000001,0.5275000000000001,0.5275000000000001,0.5158,0.5253,0.5175000000000001,0.5075000000000001,0.5,0.5203,0.5608000000000001,0.5293,0.5445,0.5445,0.531,0.5213,0.5125000000000001,0.5088,0.5078,0.5003000000000001,0.524,0.5273,0.5208,0.5573,0.535,0.535,0.525,0.5218,0.5188,0.5053,0.4993,0.4958,0.4958,0.4813,0.5363,0.543,0.5435,0.5358,0.5403,0.5388000000000001,0.5053,0.4993,0.4993,0.4958,0.4813,0.5363,0.543,0.5435,0.5358,0.5403,0.5388000000000001,0.5233,0.5233,0.498,0.47700000000000004,0.46480000000000005,0.5268,0.517,0.521,0.5303,0.5358,0.5345,0.5345,0.514,0.5118,0.5008,0.4883,0.5278,0.5388000000000001,0.5703,0.5435,0.5185000000000001,0.5185000000000001,0.52,0.5163,0.5075000000000001,0.5215000000000001,0.5155000000000001,0.5253,0.5228,0.5588000000000001,0.5368,0.5368,0.5043,0.496,0.511,0.5135000000000001,0.5268,0.5243
2021-04-15 04:00:00,0.29300000000000004,0.29100000000000004,0.21130000000000002,0.2518,0.2595,0.2285,0.2285,0.3093,0.368,0.3408,0.23850000000000002,0.29300000000000004,0.29100000000000004,0.21130000000000002,0.2518,0.2595,0.2595,0.2285,0.1958,0.22130000000000002,0.26,0.2233,0.1915,0.2558,0.195,0.1905,0.1905,0.21130000000000002,0.21430000000000002,0.1955,0.18530000000000002,0.18730000000000002,0.1983,0.1875,0.1978,0.17850000000000002,0.17850000000000002,0.18580000000000002,0.1893,0.194,0.188,0.18380000000000002,0.18680000000000002,0.1958,0.17800000000000002,0.194,0.194,0.1778,0.17350000000000002,0.17800000000000002,0.18080000000000002,0.18480000000000002,0.18630000000000002,0.183,0.1908,0.1718,0.1718,0.168,0.17400000000000002,0.17450000000000002,0.17400000000000002,0.17600000000000002,0.1895,0.1903,0.1993,0.20900000000000002,0.17450000000000002,0.17450000000000002,0.17930000000000001,0.1865,0.1938,0.188,0.1895,0.2063,0.221,0.221,0.23800000000000002,0.18150000000000002,0.17850000000000002,0.1743,0.17600000000000002,0.18180000000000002,0.1825,0.1895,0.2063,0.2063,0.221,0.23800000000000002,0.18150000000000002,0.17850000000000002,0.1743,0.17600000000000002,0.18180000000000002,0.1825,0.1988,0.1988,0.21080000000000002,0.24150000000000002,0.27030000000000004,0.162,0.1638,0.1683,0.17,0.1685,0.17500000000000002,0.17500000000000002,0.1748,0.194,0.2,0.22,0.16,0.163,0.1615,0.1643,0.1618,0.1618,0.166,0.17250000000000001,0.17700000000000002,0.18030000000000002,0.182
2021-08-25 02:00:00,0.1095,0.11130000000000001,0.117,0.1305,0.1305,0.14750000000000002,0.14750000000000002,0.1973,0.29200000000000004,0.2503,0.17350000000000002,0.1095,0.11130000000000001,0.117,0.117,0.1305,0.149,0.1605,0.159,0.20650000000000002,0.2543,0.1525,0.1063,0.1095,0.1095,0.11280000000000001,0.11850000000000001,0.14800000000000002,0.1593,0.1948,0.26780000000000004,0.2058,0.12300000000000001,0.10930000000000001,0.10930000000000001,0.0975,0.1038,0.1373,0.2018,0.2363,0.276,0.2485,0.1385,0.1105,0.10650000000000001,0.1,0.098,0.1203,0.1908,0.34400000000000003,0.36200000000000004,0.2523,0.1403,0.109,0.109,0.096,0.1023,0.134,0.1898,0.272,0.3865,0.33130000000000004,0.1363,0.12200000000000001,0.12200000000000001,0.11130000000000001,0.111,0.1188,0.203,0.194,0.3158,0.3685,0.18680000000000002,0.18680000000000002,0.11800000000000001,0.11280000000000001,0.18030000000000002,0.1273,0.14100000000000001,0.1525,0.1708,0.3158,0.3685,0.3685,0.18680000000000002,0.11800000000000001,0.11280000000000001,0.18030000000000002,0.1273,0.14100000000000001,0.1525,0.1708,0.2705,0.2705,0.1893,0.1213,0.12350000000000001,0.1585,0.1638,0.12430000000000001,0.14500000000000002,0.1443,0.139,0.139,0.12100000000000001,0.11900000000000001,0.11750000000000001,0.134,0.14800000000000002,0.11030000000000001,0.1263,0.12300000000000001,0.1163,0.1163,0.1135,0.114,0.11380000000000001,0.11900000000000001,0.1105,0.0988,0.1063
2021-06-11 04:00:00,0.1388,0.14500000000000002,0.1363,0.135,0.1388,0.1428,0.14750000000000002,0.14750000000000002,0.1388,0.14150000000000001,0.1385,0.1433,0.14300000000000002,0.1438,0.1443,0.1398,0.14650000000000002,0.14650000000000002,0.14750000000000002,0.1388,0.14150000000000001,0.1385,0.1433,0.14300000000000002,0.1438,0.1443,0.1398,0.1398,0.14650000000000002,0.15,0.14350000000000002,0.14150000000000001,0.1393,0.14350000000000002,0.14200000000000002,0.1423,0.14200000000000002,0.14200000000000002,0.14350000000000002,0.14750000000000002,0.14350000000000002,0.14,0.14450000000000002,0.1468,0.1405,0.1433,0.1468,0.1468,0.14200000000000002,0.14150000000000001,0.1423,0.1443,0.14750000000000002,0.15380000000000002,0.153,0.14,0.1388,0.1388,0.14200000000000002,0.14100000000000001,0.1383,0.14100000000000001,0.14150000000000001,0.14450000000000002,0.1398,0.1458,0.14200000000000002,0.14200000000000002,0.14200000000000002,0.14300000000000002,0.1423,0.1388,0.1398,0.14,0.1413,0.1403,0.1398,0.14250000000000002,0.14550000000000002,0.14500000000000002,0.1423,0.1443,0.14150000000000001,0.14150000000000001,0.1408,0.14250000000000002,0.14250000000000002,0.1398,0.15430000000000002,0.1545,0.14830000000000002,0.1448,0.14730000000000001,0.14600000000000002,0.14150000000000001,0.1408,0.1408,0.14250000000000002,0.1398,0.15430000000000002,0.1545,0.14830000000000002,0.1448,0.14730000000000001,0.14600000000000002,0.14600000000000002,0.14600000000000002,0.14880000000000002,0.14300000000000002,0.1453,0.14500000000000002,0.1433,0.14200000000000002,0.1453,0.14800000000000002,0.1463,0.1463,0.14550000000000002,0.14500000000000002,0.14650000000000002,0.14600000000000002
2021-10-12 02:00:00,0.1038,0.0993,0.10400000000000001,0.1115,0.1115,0.10350000000000001,0.10450000000000001,0.1028,0.1135,0.1115,0.1268,0.1038,0.0993,0.10400000000000001,0.10400000000000001,0.1115,0.10200000000000001,0.10600000000000001,0.1078,0.1053,0.111,0.11280000000000001,0.10650000000000001,0.10300000000000001,0.10300000000000001,0.1075,0.1063,0.1068,0.111,0.11080000000000001,0.10980000000000001,0.12300000000000001,0.1028,0.1043,0.1043,0.10500000000000001,0.1078,0.1078,0.11230000000000001,0.1158,0.1143,0.1178,0.12050000000000001,0.1015,0.1245,0.1048,0.10700000000000001,0.10500000000000001,0.11080000000000001,0.11030000000000001,0.12480000000000001,0.1148,0.1165,0.112,0.112,0.1155,0.109,0.11230000000000001,0.108,0.1038,0.11080000000000001,0.12380000000000001,0.12000000000000001,0.1278,0.1278,0.1193,0.1193,0.1183,0.12000000000000001,0.12050000000000001,0.1105,0.1115,0.11180000000000001,0.11180000000000001,0.1193,0.11850000000000001,0.1148,0.127,0.12200000000000001,0.1203,0.1263,0.1105,0.1115,0.1115,0.11180000000000001,0.1193,0.11850000000000001,0.1148,0.127,0.12200000000000001,0.1203,0.1263,0.1148,0.1148,0.114,0.1125,0.1173,0.11950000000000001,0.11330000000000001,0.1275,0.1158,0.1168,0.11130000000000001,0.11130000000000001,0.11800000000000001,0.12050000000000001,0.1153,0.11850000000000001,0.12380000000000001,0.1145,0.1178,0.1213,0.1213,0.1213,0.1165,0.11330000000000001,0.12100000000000001,0.1358,0.112,0.1213,0.1305
2021-04-07 02:00:00,0.5238,0.5195000000000001,0.5305,0.5095000000000001,0.5095000000000001,0.5775,0.5735,0.5710000000000001,0.5438000000000001,0.5013000000000001,0.48350000000000004,0.5238,0.5195000000000001,0.5305,0.5305,0.5095000000000001,0.544,0.5633,0.5623,0.5368,0.501,0.463,0.5623,0.5245000000000001,0.5245000000000001,0.5363,0.542,0.53,0.5623,0.5853,0.5443,0.5095000000000001,0.4983,0.5743,0.5743,0.5765,0.5578000000000001,0.5413,0.5293,0.5713,0.5893,0.5638000000000001,0.513,0.5148,0.5458000000000001,0.5595,0.55,0.54,0.5438000000000001,0.5465,0.5725,0.5848,0.5918,0.5498000000000001,0.5498000000000001,0.5363,0.544,0.5288,0.5195000000000001,0.534,0.531,0.5715,0.5785,0.5800000000000001,0.5800000000000001,0.5853,0.5488000000000001,0.54,0.5473,0.5268,0.53,0.5293,0.5233,0.5233,0.5395,0.5578000000000001,0.5745,0.545,0.5515,0.5323,0.5508000000000001,0.53,0.5293,0.5293,0.5233,0.5395,0.5578000000000001,0.5745,0.545,0.5515,0.5323,0.5508000000000001,0.5575,0.5575,0.55,0.5285000000000001,0.5438000000000001,0.5653,0.5778,0.5405,0.5343,0.5288,0.5375,0.5375,0.5593,0.5795,0.5283,0.533,0.5598000000000001,0.5810000000000001,0.5305,0.5345,0.546,0.546,0.5355,0.4933,0.537,0.5535,0.5248,0.5355,0.5603
2021-05-29 03:00:00,0.36150000000000004,0.35900000000000004,0.3473,0.36100000000000004,0.3513,0.35950000000000004,0.35950000000000004,0.372,0.3845,0.3705,0.34700000000000003,0.33030000000000004,0.329,0.327,0.33430000000000004,0.343,0.343,0.35950000000000004,0.372,0.3845,0.3705,0.34700000000000003,0.33030000000000004,0.329,0.327,0.33430000000000004,0.33430000000000004,0.343,0.34900000000000003,0.3583,0.3578,0.3398,0.333,0.306,0.3073,0.3158,0.3158,0.3065,0.3083,0.3015,0.3383,0.3438,0.323,0.32,0.317,0.3105,0.3105,0.2903,0.279,0.2858,0.2795,0.3373,0.314,0.299,0.29550000000000004,0.32530000000000003,0.32530000000000003,0.31980000000000003,0.29700000000000004,0.298,0.3058,0.303,0.33680000000000004,0.3083,0.2933,0.2868,0.3115,0.3225,0.3538,0.3265,0.305,0.314,0.3175,0.3225,0.2765,0.2505,0.2505,0.32930000000000004,0.34800000000000003,0.39780000000000004,0.3438,0.3023,0.33430000000000004,0.3355,0.32280000000000003,0.32280000000000003,0.267,0.226,0.3738,0.3758,0.3773,0.33480000000000004,0.307,0.33430000000000004,0.3355,0.3355,0.32280000000000003,0.267,0.226,0.3738,0.3758,0.3773,0.33480000000000004,0.307,0.3415,0.3415,0.32980000000000004,0.3618,0.301,0.231,0.36050000000000004,0.38180000000000003,0.3735,0.33430000000000004,0.3255,0.3255,0.35850000000000004,0.3435,0.38180000000000003,0.3275,0.264
2021-06-05 05:00:00,0.12050000000000001,0.1213,0.1153,0.11750000000000001,0.11380000000000001,0.12000000000000001,0.11800000000000001,0.11800000000000001,0.12000000000000001,0.1178,0.117,0.1165,0.11900000000000001,0.1165,0.11900000000000001,0.11950000000000001,0.1198,0.1198,0.11800000000000001,0.12000000000000001,0.1178,0.117,0.1165,0.11900000000000001,0.1165,0.11900000000000001,0.11950000000000001,0.11950000000000001,0.1198,0.11800000000000001,0.1228,0.12150000000000001,0.11750000000000001,0.12050000000000001,0.1193,0.11750000000000001,0.12050000000000001,0.12050000000000001,0.12000000000000001,0.12250000000000001,0.1188,0.1193,0.12350000000000001,0.134,0.1203,0.1178,0.12050000000000001,0.12050000000000001,0.12000000000000001,0.1193,0.12100000000000001,0.11750000000000001,0.12050000000000001,0.1208,0.1308,0.1203,0.1193,0.1193,0.1228,0.1228,0.1203,0.12000000000000001,0.1203,0.1208,0.1178,0.12100000000000001,0.1188,0.1188,0.12380000000000001,0.1193,0.12200000000000001,0.12050000000000001,0.12200000000000001,0.1228,0.1213,0.12430000000000001,0.1328,0.11900000000000001,0.1268,0.1245,0.1188,0.1223,0.12300000000000001,0.12000000000000001,0.12350000000000001,0.12430000000000001,0.12430000000000001,0.1213,0.132,0.1323,0.126,0.1258,0.1278,0.1268,0.12000000000000001,0.12350000000000001,0.12350000000000001,0.12430000000000001,0.1213,0.132,0.1323,0.126,0.1258,0.1278,0.1268,0.1295,0.1295,0.125,0.1255,0.1255,0.1263,0.12480000000000001,0.1265,0.1275,0.12380000000000001,0.12480000000000001,0.12480000000000001,0.1263,0.13,0.13,0.1323
2021-11-09 03:00:00,0.1058,0.10350000000000001,0.1028,0.1053,0.1053,0.10300000000000001,0.1033,0.10350000000000001,0.10300000000000001,0.10700000000000001,0.1075,0.1058,0.10650000000000001,0.1038,0.1038,0.10600000000000001,0.1043,0.108,0.1068,0.1028,0.1125,0.1148,0.10300000000000001,0.1033,0.1033,0.1068,0.1033,0.10350000000000001,0.1038,0.10450000000000001,0.10880000000000001,0.10600000000000001,0.1085,0.10550000000000001,0.10550000000000001,0.108,0.1078,0.1033,0.1075,0.1023,0.108,0.1105,0.1018,0.1038,0.10880000000000001,0.10400000000000001,0.1073,0.1115,0.1053,0.11,0.10500000000000001,0.109,0.1095,0.1048,0.1048,0.1078,0.11380000000000001,0.10700000000000001,0.109,0.1155,0.11230000000000001,0.10980000000000001,0.11330000000000001,0.11330000000000001,0.111,0.111,0.11030000000000001,0.11380000000000001,0.10980000000000001,0.1125,0.1155,0.11230000000000001,0.10980000000000001,0.10980000000000001,0.11330000000000001,0.111,0.111,0.11030000000000001,0.11380000000000001,0.10980000000000001,0.1125,0.1155,0.10830000000000001,0.10830000000000001,0.1068,0.10930000000000001,0.1078,0.11030000000000001,0.1145,0.1165,0.1168,0.1165,0.11180000000000001,0.11180000000000001,0.11280000000000001,0.1085,0.111,0.10700000000000001,0.11330000000000001,0.11280000000000001,0.112,0.1145,0.1143,0.1143,0.1168,0.1148,0.1153,0.1168,0.1178,0.11850000000000001,0.1188,0.1153,0.1153,0.1153,0.1153,0.1155,0.12200000000000001,0.1168,0.11280000000000001,0.1158,0.1203
2021-02-18 04:00:00,0.1343,0.132,0.136,0.134,0.134,0.1355,0.1363,0.1348,0.1348,0.1393,0.1403,0.1348,0.135,0.1305,0.1305,0.1343,0.1343,0.132,0.1383,0.135,0.1418,0.14,0.1398,0.1413,0.1413,0.1418,0.1398,0.14350000000000002,0.1453,0.14200000000000002,0.1375,0.1458,0.14100000000000001,0.1355,0.1355,0.1358,0.1385,0.1368,0.1373,0.1403,0.1393,0.137,0.1398,0.1358,0.1365,0.137,0.1345,0.1403,0.13770000000000002,0.1368,0.1358,0.1383,0.14100000000000001,0.1355,0.1355,0.1365,0.1398,0.1365,0.14,0.13770000000000002,0.1343,0.1335,0.1363,0.1363,0.137,0.138,0.14400000000000002,0.14500000000000002,0.1453,0.14100000000000001,0.14700000000000002,0.1343,0.1335,0.1335,0.1363,0.137,0.138,0.14400000000000002,0.14500000000000002,0.1453,0.14100000000000001,0.14700000000000002,0.14100000000000001,0.14100000000000001,0.1438,0.14200000000000002,0.14600000000000002,0.1385,0.1373,0.1393,0.1403,0.1395,0.1413,0.1413,0.1365,0.1375,0.1338,0.1348,0.1363,0.1373,0.139,0.1395,0.1413,0.1413,0.1393,0.1448,0.1385,0.137,0.1355,0.137,0.1323,0.1333,0.1363,0.1363,0.1393,0.1383,0.14200000000000002,0.1383,0.1353,0.1355,0.137
2021-10-21 03:00:00,0.1628,0.1738,0.182,0.1875,0.1875,0.166,0.1845,0.1605,0.1553,0.14200000000000002,0.14350000000000002,0.1655,0.162,0.1695,0.1695,0.1578,0.1355,0.1728,0.1768,0.15480000000000002,0.14300000000000002,0.1313,0.18530000000000002,0.17550000000000002,0.17550000000000002,0.1608,0.14350000000000002,0.1395,0.1555,0.1928,0.189,0.14880000000000002,0.1448,0.2023,0.2023,0.187,0.166,0.15330000000000002,0.1368,0.1458,0.1628,0.1708,0.133,0.1335,0.1505,0.1893,0.21050000000000002,0.162,0.1423,0.1305,0.1305,0.155,0.1463,0.1345,0.1345,0.1433,0.1458,0.13770000000000002,0.1565,0.14200000000000002,0.131,0.128,0.1275,0.1275,0.134,0.136,0.1315,0.1375,0.135,0.1395,0.1383,0.131,0.128,0.128,0.1275,0.134,0.136,0.1315,0.1375,0.135,0.1395,0.1383,0.14250000000000002,0.14250000000000002,0.1338,0.1258,0.1298,0.1438,0.132,0.1345,0.1343,0.1295,0.1283,0.1283,0.1298,0.1268,0.124,0.129,0.1335,0.1308,0.1358,0.134,0.1325,0.1325,0.1315,0.134,0.1318,0.131,0.1353,0.1353,0.1318,0.1323,0.134,0.134,0.1323,0.1323,0.1338,0.1333,0.1353,0.1333,0.1355
2021-05-06 03:00:00,0.439,0.46030000000000004,0.47300000000000003,0.4773,0.47800000000000004,0.4883,0.4883,0.4858,0.4748,0.45930000000000004,0.4703,0.4425,0.45580000000000004,0.47450000000000003,0.48150000000000004,0.49350000000000005,0.49350000000000005,0.4883,0.4858,0.4748,0.45930000000000004,0.4703,0.4425,0.45580000000000004,0.47450000000000003,0.48150000000000004,0.48150000000000004,0.49350000000000005,0.5033,0.5063,0.5003000000000001,0.4903,0.4843,0.4485,0.45880000000000004,0.46630000000000005,0.46630000000000005,0.46830000000000005,0.4808,0.4993,0.522,0.5205000000000001,0.5255000000000001,0.5208,0.438,0.44580000000000003,0.44580000000000003,0.45780000000000004,0.458,0.465,0.48200000000000004,0.512,0.5228,0.5293,0.5312,0.4258,0.4258,0.433,0.4318,0.435,0.4445,0.4625,0.49100000000000005,0.5068,0.5035000000000001,0.503,0.4043,0.4188,0.4258,0.4273,0.41900000000000004,0.41400000000000003,0.4223,0.449,0.47800000000000004,0.4948,0.4948,0.4313,0.4298,0.437,0.42900000000000005,0.40900000000000003,0.4025,0.40650000000000003,0.4093,0.4093,0.4338,0.4615,0.455,0.4383,0.438,0.4253,0.41100000000000003,0.4025,0.40650000000000003,0.40650000000000003,0.4093,0.4338,0.4615,0.455,0.4383,0.438,0.4253,0.41100000000000003,0.4228,0.4228,0.41550000000000004,0.41600000000000004,0.4208,0.4323,0.446,0.4258,0.41400000000000003,0.39480000000000004,0.387,0.387,0.39980000000000004,0.396,0.41250000000000003,0.4198,0.42650000000000005
2021-08-08 02:00:00,0.1563,0.1565,0.1633,0.168,0.1585,0.1585,0.17,0.1665,0.1668,0.1643,0.138,0.1623,0.16,0.163,0.158,0.158,0.1585,0.17,0.1665,0.1668,0.1643,0.138,0.1623,0.16,0.163,0.163,0.158,0.1525,0.156,0.1558,0.15130000000000002,0.1343,0.12250000000000001,0.1463,0.1545,0.1545,0.155,0.151,0.151,0.14930000000000002,0.1395,0.1353,0.1233,0.11180000000000001,0.17,0.17,0.165,0.1568,0.157,0.15030000000000002,0.1428,0.1395,0.1303,0.1203,0.1153,0.15430000000000002,0.169,0.1645,0.14400000000000002,0.14350000000000002,0.13,0.1308,0.12380000000000001,0.1208,0.1188,0.1188,0.151,0.14880000000000002,0.14100000000000001,0.13,0.137,0.1408,0.14650000000000002,0.138,0.12250000000000001,0.12250000000000001,0.1333,0.14980000000000002,0.13,0.13,0.1308,0.134,0.1355,0.1325,0.1325,0.132,0.12200000000000001,0.1208,0.14250000000000002,0.1255,0.1278,0.1338,0.134,0.1355,0.1355,0.1325,0.132,0.12200000000000001,0.1208,0.14250000000000002,0.1255,0.1278,0.1338,0.133,0.133,0.138,0.1323,0.12050000000000001,0.1168,0.1168,0.1335,0.1263,0.1278,0.1233,0.1233,0.12200000000000001,0.127,0.1228,0.12000000000000001,0.12200000000000001,0.11950000000000001
2021-05-22 02:00:00,0.1943,0.224,0.25930000000000003,0.24600000000000002,0.1943,0.1943,0.18480000000000002,0.17,0.156,0.151,0.13770000000000002,0.2,0.21430000000000002,0.1883,0.21150000000000002,0.21150000000000002,0.1943,0.18480000000000002,0.17,0.156,0.151,0.13770000000000002,0.2,0.21430000000000002,0.1883,0.1883,0.21150000000000002,0.2003,0.182,0.1658,0.14780000000000001,0.1355,0.133,0.24150000000000002,0.24250000000000002,0.24250000000000002,0.18230000000000002,0.23,0.2293,0.1968,0.163,0.14350000000000002,0.1348,0.1285,0.21050000000000002,0.21050000000000002,0.1973,0.17400000000000002,0.1943,0.192,0.1728,0.14850000000000002,0.1368,0.1333,0.1275,0.1568,0.17,0.17750000000000002,0.18050000000000002,0.1955,0.167,0.14550000000000002,0.1385,0.1348,0.1283,0.1283,0.14700000000000002,0.1585,0.1683,0.18150000000000002,0.184,0.1608,0.14780000000000001,0.14600000000000002,0.135,0.135,0.131,0.1453,0.1428,0.1585,0.14850000000000002,0.1495,0.14300000000000002,0.1388,0.1388,0.1318,0.1323,0.1223,0.1315,0.1283,0.131,0.1305,0.1495,0.14300000000000002,0.14300000000000002,0.1388,0.1318,0.1323,0.1223,0.1315,0.1283,0.131,0.1305,0.125,0.125,0.1273,0.12200000000000001,0.125,0.129,0.1203,0.12430000000000001,0.1253,0.1223,0.126,0.126,0.1245,0.127,0.1218,0.12250000000000001,0.1213,0.12480000000000001
2021-06-03 02:00:00,0.5218,0.5085000000000001,0.5553,0.5383,0.5423,0.5423,0.5348,0.5443,0.5558000000000001,0.5323,0.5298,0.554,0.528,0.5378000000000001,0.5425,0.5425,0.5423,0.5348,0.5443,0.5558000000000001,0.5323,0.5298,0.554,0.528,0.5378000000000001,0.5378000000000001,0.5425,0.5308,0.5197,0.524,0.5698,0.5625,0.5423,0.5755,0.5395,0.5395,0.5473,0.548,0.5353,0.5215000000000001,0.5222,0.5567,0.5895,0.5725,0.516,0.516,0.533,0.5435,0.546,0.5555,0.5388000000000001,0.5265000000000001,0.55,0.5513,0.5583,0.5615,0.5518000000000001,0.5553,0.5423,0.5483,0.5605,0.5155000000000001,0.5248,0.5355,0.5208,0.5208,0.5503,0.5923,0.5653,0.5753,0.5785,0.536,0.5248,0.499,0.53,0.53,0.53,0.5248,0.5443,0.5628000000000001,0.5640000000000001,0.5465,0.546,0.5548000000000001,0.5548000000000001,0.5543,0.544,0.5345,0.5285000000000001,0.5163,0.5133,0.5528000000000001,0.5465,0.546,0.546,0.5548000000000001,0.5543,0.544,0.5345,0.5285000000000001,0.5163,0.5133,0.5528000000000001,0.5513,0.5513,0.5463,0.5393,0.5625,0.552,0.5515,0.5408000000000001,0.536,0.5085000000000001,0.4983,0.4983,0.5355,0.5595,0.5218,0.5658000000000001,0.5920000000000001,0.5838
2021-06-03 04:00:00,0.7070000000000001,0.7193,0.6815,0.6903,0.681,0.6488,0.626,0.626,0.6228,0.631,0.6293000000000001,0.6855,0.6785,0.6605000000000001,0.6928000000000001,0.6625,0.6403,0.6403,0.626,0.6228,0.631,0.6293000000000001,0.6855,0.6785,0.6605000000000001,0.6928000000000001,0.6625,0.6625,0.6403,0.6218,0.5978,0.602,0.5955,0.6928000000000001,0.6865,0.6903,0.6910000000000001,0.6910000000000001,0.653,0.6663,0.6403,0.6165,0.6053000000000001,0.6158,0.7010000000000001,0.7088,0.7058,0.7058,0.678,0.6418,0.6718000000000001,0.6448,0.6263000000000001,0.634,0.6383,0.6845,0.7113,0.7113,0.685,0.6513,0.6568,0.6428,0.6465000000000001,0.629,0.6518,0.5978,0.6835,0.6835,0.6773,0.6765,0.6900000000000001,0.6955,0.6865,0.64,0.6538,0.6508,0.599,0.6868000000000001,0.6768000000000001,0.6718000000000001,0.673,0.7070000000000001,0.6843,0.6685,0.6483,0.649,0.649,0.603,0.6900000000000001,0.6783,0.6778000000000001,0.6693,0.684,0.6818000000000001,0.6685,0.6483,0.6483,0.649,0.603,0.6900000000000001,0.6783,0.6778000000000001,0.6693,0.684,0.6818000000000001,0.6693,0.6693,0.6738000000000001,0.6378,0.6055,0.7203,0.6975,0.6920000000000001,0.6745,0.6713,0.684,0.684,0.6805,0.6453,0.6178,0.598
2021-08-14 04:00:00,0.639,0.6345000000000001,0.6183000000000001,0.629,0.632,0.599,0.599,0.5975,0.5653,0.5705,0.5563,0.639,0.6345000000000001,0.6183000000000001,0.629,0.632,0.632,0.599,0.5680000000000001,0.5435,0.548,0.56,0.6118,0.6093000000000001,0.5578000000000001,0.6003000000000001,0.6003000000000001,0.638,0.5938,0.549,0.5048,0.4995,0.5075000000000001,0.612,0.61,0.5435,0.5435,0.5575,0.5768,0.522,0.5048,0.506,0.45980000000000004,0.47400000000000003,0.6208,0.6255000000000001,0.6255000000000001,0.5700000000000001,0.5780000000000001,0.562,0.5308,0.5005000000000001,0.4788,0.4445,0.44,0.613,0.613,0.6113000000000001,0.604,0.5998,0.5760000000000001,0.5473,0.5255000000000001,0.49450000000000005,0.4793,0.48100000000000004,0.5878,0.5785,0.5545,0.5638000000000001,0.5655,0.5688,0.561,0.5283,0.5115000000000001,0.5115000000000001,0.46480000000000005,0.5818,0.5558000000000001,0.529,0.5073,0.5398000000000001,0.5738,0.561,0.5283,0.5283,0.5115000000000001,0.46480000000000005,0.5818,0.5558000000000001,0.529,0.5073,0.5398000000000001,0.5738,0.5640000000000001,0.5640000000000001,0.541,0.5328,0.5163,0.4975,0.5185000000000001,0.5305,0.52,0.5115000000000001,0.5303,0.5303,0.5498000000000001,0.5395,0.555,0.5613,0.507,0.527,0.5228,0.5135000000000001,0.5068,0.5068,0.523,0.5328,0.527,0.5235000000000001,0.5545
2021-03-04 04:00:00,0.1358,0.131,0.1345,0.1305,0.133,0.133,0.1348,0.1375,0.1375,0.1355,0.1335,0.1358,0.131,0.1345,0.1305,0.1305,0.133,0.1363,0.1375,0.1343,0.1388,0.1405,0.1353,0.1328,0.1333,0.1333,0.1315,0.134,0.134,0.1355,0.1345,0.1408,0.14300000000000002,0.1405,0.1453,0.1453,0.14,0.1353,0.1433,0.1373,0.1375,0.1408,0.1423,0.14100000000000001,0.1353,0.1353,0.138,0.13770000000000002,0.134,0.1348,0.1383,0.135,0.13770000000000002,0.1355,0.1365,0.1358,0.138,0.1348,0.1373,0.135,0.1323,0.1368,0.1353,0.139,0.1375,0.1375,0.1385,0.1363,0.1353,0.1365,0.134,0.1305,0.1345,0.135,0.135,0.1368,0.1345,0.14450000000000002,0.14800000000000002,0.14250000000000002,0.1418,0.1398,0.1305,0.1345,0.1345,0.135,0.1368,0.1345,0.14450000000000002,0.14800000000000002,0.14250000000000002,0.1418,0.1398,0.1428,0.1428,0.1383,0.1358,0.14100000000000001,0.14400000000000002,0.1385,0.1385,0.14,0.1388,0.1333,0.1333,0.137,0.1363,0.136,0.135,0.136,0.1353,0.138,0.1373,0.1385,0.1385,0.138,0.14450000000000002,0.1413,0.1338,0.1365,0.1345
2021-05-02 02:00:00,0.11900000000000001,0.1208,0.125,0.1253,0.1218,0.1218,0.12100000000000001,0.12200000000000001,0.1265,0.12250000000000001,0.1303,0.1173,0.1213,0.12050000000000001,0.12380000000000001,0.12380000000000001,0.1218,0.12100000000000001,0.12200000000000001,0.1265,0.12250000000000001,0.1303,0.1173,0.1213,0.12050000000000001,0.12050000000000001,0.12380000000000001,0.1203,0.1255,0.1293,0.12200000000000001,0.125,0.1285,0.12050000000000001,0.12200000000000001,0.12200000000000001,0.1255,0.12380000000000001,0.1193,0.1265,0.12380000000000001,0.1273,0.1303,0.1273,0.131,0.131,0.124,0.126,0.1323,0.1263,0.1253,0.1268,0.1363,0.1283,0.124,0.125,0.1268,0.1288,0.1265,0.1258,0.1275,0.1318,0.1273,0.1288,0.1268,0.1268,0.1343,0.1365,0.1315,0.1295,0.131,0.1323,0.134,0.1353,0.132,0.132,0.1325,0.1648,0.14750000000000002,0.14200000000000002,0.14980000000000002,0.14830000000000002,0.1463,0.159,0.159,0.1648,0.1598,0.14780000000000001,0.20700000000000002,0.21980000000000002,0.233,0.28550000000000003,0.14830000000000002,0.1463,0.1463,0.159,0.1648,0.1598,0.14780000000000001,0.20700000000000002,0.21980000000000002,0.233,0.28550000000000003,0.29300000000000004,0.29300000000000004,0.28200000000000003,0.2958,0.2838,0.2868,0.2795,0.29650000000000004,0.3045,0.3413,0.3388,0.3388,0.2765,0.2675,0.3163,0.3195,0.3133,0.2943
2021-05-02 03:00:00,0.1365,0.1288,0.132,0.1278,0.136,0.1323,0.1323,0.1313,0.1318,0.1365,0.1338,0.135,0.1315,0.133,0.1315,0.1333,0.1333,0.1323,0.1313,0.1318,0.1365,0.1338,0.135,0.1315,0.133,0.1315,0.1315,0.1333,0.1348,0.1313,0.136,0.1398,0.1343,0.1363,0.1318,0.134,0.134,0.1335,0.1358,0.1338,0.1348,0.14,0.1463,0.1355,0.1408,0.1388,0.1388,0.14400000000000002,0.1405,0.1398,0.13770000000000002,0.1395,0.1433,0.1438,0.1388,0.1395,0.1395,0.1398,0.14,0.1388,0.1373,0.1393,0.1388,0.135,0.1363,0.131,0.1595,0.15280000000000002,0.14400000000000002,0.1408,0.1388,0.1398,0.1418,0.1373,0.1385,0.1363,0.1363,0.2018,0.1985,0.1578,0.14650000000000002,0.1453,0.1405,0.14100000000000001,0.1413,0.1413,0.14400000000000002,0.1388,0.2795,0.2558,0.22080000000000002,0.21830000000000002,0.20600000000000002,0.1405,0.14100000000000001,0.14100000000000001,0.1413,0.14400000000000002,0.1388,0.2795,0.2558,0.22080000000000002,0.21830000000000002,0.20600000000000002,0.168,0.168,0.14880000000000002,0.14750000000000002,0.15,0.1468,0.317,0.331,0.312,0.3083,0.2923,0.2923,0.23700000000000002,0.1768,0.195,0.20800000000000002,0.21150000000000002
2021-08-01 03:00:00,0.117,0.1143,0.1173,0.1155,0.115,0.1188,0.1188,0.11800000000000001,0.12380000000000001,0.1183,0.1163,0.117,0.11230000000000001,0.1213,0.1158,0.117,0.117,0.1188,0.11800000000000001,0.12380000000000001,0.1183,0.1163,0.117,0.11230000000000001,0.1213,0.1158,0.1158,0.117,0.1183,0.1188,0.12200000000000001,0.1223,0.12100000000000001,0.1188,0.1163,0.12100000000000001,0.12100000000000001,0.1193,0.1135,0.1145,0.11750000000000001,0.1223,0.1255,0.1293,0.117,0.11900000000000001,0.11900000000000001,0.1178,0.1155,0.1178,0.1148,0.1233,0.1183,0.1298,0.1223,0.1198,0.1198,0.11950000000000001,0.1163,0.12000000000000001,0.1193,0.1163,0.1155,0.1203,0.11900000000000001,0.1203,0.11280000000000001,0.1208,0.11800000000000001,0.1193,0.115,0.1178,0.11950000000000001,0.1155,0.12150000000000001,0.1223,0.1223,0.115,0.1148,0.11800000000000001,0.12150000000000001,0.12200000000000001,0.12150000000000001,0.1188,0.1173,0.1173,0.11900000000000001,0.1198,0.13,0.1208,0.1178,0.11900000000000001,0.116,0.12150000000000001,0.1188,0.1188,0.1173,0.11900000000000001,0.1198,0.13,0.1208,0.1178,0.11900000000000001,0.116,0.1173,0.1173,0.12050000000000001,0.12150000000000001,0.1223,0.11850000000000001,0.1208,0.1193,0.1188,0.1188,0.1173,0.1173,0.12000000000000001,0.12000000000000001,0.12300000000000001,0.12350000000000001,0.12000000000000001
2021-08-25 04:00:00,0.3785,0.364,0.3433,0.2963,0.26630000000000004,0.32730000000000004,0.32730000000000004,0.39630000000000004,0.39080000000000004,0.3795,0.3703,0.3785,0.364,0.3433,0.2963,0.26630000000000004,0.26630000000000004,0.32730000000000004,0.3488,0.3715,0.3573,0.3433,0.3578,0.307,0.23550000000000001,0.1988,0.1988,0.21630000000000002,0.3155,0.335,0.33330000000000004,0.3128,0.314,0.3038,0.2283,0.2083,0.2083,0.215,0.2765,0.3158,0.314,0.3063,0.29450000000000004,0.2923,0.26180000000000003,0.2285,0.2285,0.2525,0.23,0.2713,0.2833,0.3,0.3175,0.274,0.26030000000000003,0.2808,0.2808,0.272,0.2528,0.24400000000000002,0.2882,0.34400000000000003,0.29250000000000004,0.2868,0.24130000000000001,0.2278,0.2908,0.2828,0.2518,0.262,0.2803,0.32280000000000003,0.38330000000000003,0.32880000000000004,0.2923,0.2923,0.2353,0.26580000000000004,0.2595,0.2238,0.2185,0.26730000000000004,0.35450000000000004,0.38330000000000003,0.32880000000000004,0.32880000000000004,0.2923,0.2353,0.26580000000000004,0.2595,0.2238,0.2185,0.26730000000000004,0.35450000000000004,0.3563,0.3563,0.3418,0.2913,0.251,0.2378,0.21330000000000002,0.21380000000000002,0.21330000000000002,0.2627,0.3183,0.3183,0.32530000000000003,0.3,0.28900000000000003,0.29250000000000004,0.23,0.229,0.20350000000000001,0.203,0.2165,0.2165,0.2313,0.23850000000000002,0.226,0.2358,0.24430000000000002
2021-05-02 01:00:00,0.1115,0.1043,0.1295,0.1653,0.1703,0.1703,0.1663,0.14250000000000002,0.198,0.1955,0.18530000000000002,0.12150000000000001,0.113,0.156,0.2325,0.2325,0.1703,0.1663,0.14250000000000002,0.198,0.1955,0.18530000000000002,0.12150000000000001,0.113,0.156,0.156,0.2325,0.192,0.157,0.1778,0.2088,0.25680000000000003,0.171,0.1468,0.1198,0.1198,0.1338,0.1855,0.1908,0.159,0.1718,0.1913,0.17350000000000002,0.194,0.1223,0.1223,0.1193,0.11900000000000001,0.14980000000000002,0.1903,0.18630000000000002,0.1645,0.182,0.2215,0.20850000000000002,0.1203,0.1218,0.12250000000000001,0.1245,0.139,0.1673,0.18380000000000002,0.20350000000000001,0.2333,0.263,0.263,0.1303,0.12300000000000001,0.1245,0.1333,0.1315,0.14,0.1695,0.21480000000000002,0.262,0.262,0.2795,0.1305,0.1398,0.16,0.161,0.14200000000000002,0.168,0.2048,0.2048,0.25,0.2788,0.2595,0.155,0.1625,0.1845,0.18150000000000002,0.14200000000000002,0.168,0.168,0.2048,0.25,0.2788,0.2595,0.155,0.1625,0.1845,0.18150000000000002,0.17300000000000001,0.17300000000000001,0.21330000000000002,0.273,0.305,0.29400000000000004,0.20980000000000001,0.17850000000000002,0.21080000000000002,0.216,0.17880000000000001,0.17880000000000001,0.20650000000000002,0.2773,0.28950000000000004,0.26330000000000003,0.21250000000000002,0.195
2021-06-20 05:00:00,0.3703,0.2985,0.3003,0.33230000000000004,0.34500000000000003,0.377,0.32030000000000003,0.32030000000000003,0.2873,0.2748,0.28600000000000003,0.34,0.2518,0.259,0.3383,0.3518,0.3788,0.3788,0.32030000000000003,0.2873,0.2748,0.28600000000000003,0.34,0.2518,0.259,0.3383,0.3518,0.3518,0.3788,0.3383,0.29350000000000004,0.2843,0.2975,0.35550000000000004,0.3538,0.3578,0.385,0.385,0.39280000000000004,0.3965,0.3503,0.3245,0.32080000000000003,0.2975,0.35850000000000004,0.3768,0.4108,0.4108,0.4243,0.4045,0.369,0.29700000000000004,0.3113,0.311,0.33530000000000004,0.3768,0.34900000000000003,0.34900000000000003,0.3675,0.3478,0.32880000000000004,0.2733,0.257,0.26230000000000003,0.26680000000000004,0.319,0.36150000000000004,0.36150000000000004,0.36300000000000004,0.3195,0.2868,0.258,0.24480000000000002,0.253,0.2828,0.2898,0.28500000000000003,0.3658,0.4033,0.387,0.312,0.2918,0.2828,0.29550000000000004,0.2938,0.2858,0.2858,0.2823,0.341,0.35050000000000003,0.39030000000000004,0.3795,0.342,0.32980000000000004,0.29550000000000004,0.2938,0.2938,0.2858,0.2823,0.341,0.35050000000000003,0.39030000000000004,0.3795,0.342,0.32980000000000004,0.33480000000000004,0.33480000000000004,0.42550000000000004,0.3573,0.298,0.28300000000000003,0.2755,0.34950000000000003,0.41500000000000004,0.4213,0.395,0.395,0.3945,0.397,0.35600000000000004,0.3018
2021-05-24 03:00:00,0.4098,0.3768,0.3708,0.3405,0.313,0.3735,0.3735,0.36150000000000004,0.446,0.439,0.41650000000000004,0.341,0.342,0.3153,0.299,0.3085,0.3085,0.3735,0.36150000000000004,0.446,0.439,0.41650000000000004,0.341,0.342,0.3153,0.299,0.299,0.3085,0.3573,0.368,0.39380000000000004,0.41800000000000004,0.4455,0.3375,0.2697,0.23800000000000002,0.23800000000000002,0.2725,0.3405,0.3808,0.3145,0.29200000000000004,0.39880000000000004,0.41500000000000004,0.2968,0.26130000000000003,0.26130000000000003,0.21300000000000002,0.21080000000000002,0.274,0.2745,0.1855,0.2323,0.32630000000000003,0.34500000000000003,0.2068,0.2068,0.2263,0.2263,0.232,0.2015,0.154,0.164,0.2783,0.2985,0.281,0.1683,0.1695,0.18280000000000002,0.17900000000000002,0.1825,0.1758,0.17850000000000002,0.218,0.2948,0.2948,0.2948,0.167,0.1645,0.1675,0.166,0.164,0.1658,0.17880000000000001,0.17450000000000002,0.17450000000000002,0.2175,0.226,0.1665,0.158,0.1653,0.164,0.1643,0.1658,0.17880000000000001,0.17880000000000001,0.17450000000000002,0.2175,0.226,0.1665,0.158,0.1653,0.164,0.1643,0.1623,0.1623,0.1723,0.17830000000000001,0.1895,0.1675,0.1643,0.1553,0.158,0.1603,0.15480000000000002,0.15480000000000002,0.1553,0.1575,0.15380000000000002,0.1433,0.1448
2021-12-26 05:00:00,0.1588,0.1558,0.1583,0.1633,0.1633,0.1633,0.1708,0.17900000000000002,0.1855,0.1985,0.20500000000000002,0.1618,0.1623,0.1595,0.1595,0.1568,0.157,0.1608,0.1663,0.17,0.1713,0.18000000000000002,0.1698,0.1675,0.1675,0.1665,0.161,0.1575,0.1583,0.159,0.1625,0.1633,0.1673,0.18030000000000002,0.18030000000000002,0.18280000000000002,0.17550000000000002,0.17850000000000002,0.17200000000000001,0.1638,0.1628,0.164,0.1653,0.1653,0.191,0.18730000000000002,0.185,0.185,0.1888,0.18230000000000002,0.17980000000000002,0.1763,0.17200000000000001,0.17200000000000001,0.1703,0.1918,0.1903,0.186,0.1825,0.17980000000000002,0.18150000000000002,0.17980000000000002,0.1763,0.1763,0.17200000000000001,0.1703,0.1918,0.1903,0.186,0.1825,0.17980000000000002,0.18150000000000002,0.18180000000000002,0.18180000000000002,0.17650000000000002,0.17400000000000002,0.168,0.18030000000000002,0.17750000000000002,0.17350000000000002,0.17250000000000001,0.1728,0.17650000000000002,0.17650000000000002,0.1713,0.1663,0.16,0.1555,0.1778,0.1708,0.1705,0.171,0.17,0.17,0.1728,0.17500000000000002,0.1693,0.166,0.1578,0.1693,0.164,0.1645,0.164,0.164,0.164,0.166,0.1675,0.1635,0.1618,0.1558,0.1718,0.1663,0.1645,0.1645,0.164,0.1608,0.163,0.1598,0.1588,0.1588,0.158
2021-03-04 03:00:00,0.1283,0.1273,0.124,0.1285,0.1233,0.1233,0.1273,0.1263,0.1295,0.1228,0.12250000000000001,0.1283,0.1273,0.124,0.1285,0.1285,0.1233,0.1268,0.12480000000000001,0.125,0.1245,0.1278,0.1233,0.12200000000000001,0.1198,0.1198,0.12100000000000001,0.12380000000000001,0.12300000000000001,0.1223,0.125,0.1325,0.1283,0.1283,0.1278,0.1278,0.126,0.1253,0.12480000000000001,0.1333,0.1288,0.1323,0.1285,0.1293,0.1233,0.1233,0.126,0.1255,0.12430000000000001,0.1223,0.12250000000000001,0.128,0.1273,0.1283,0.12430000000000001,0.1283,0.1268,0.1255,0.12480000000000001,0.1265,0.124,0.12430000000000001,0.12300000000000001,0.128,0.1313,0.1313,0.134,0.1268,0.1245,0.1263,0.1233,0.1253,0.1218,0.1275,0.1275,0.125,0.1323,0.1323,0.1345,0.132,0.1318,0.1275,0.1253,0.1218,0.1218,0.1275,0.125,0.1323,0.1323,0.1345,0.132,0.1318,0.1275,0.1255,0.1255,0.1298,0.12300000000000001,0.125,0.1363,0.1285,0.1283,0.13770000000000002,0.1263,0.12430000000000001,0.12430000000000001,0.1268,0.1283,0.1258,0.1268,0.128,0.1298,0.1273,0.1295,0.12480000000000001,0.12480000000000001,0.1263,0.1343,0.1303,0.124,0.12200000000000001,0.12300000000000001
2021-03-31 03:00:00,0.548,0.553,0.5563,0.535,0.5368,0.5368,0.5295,0.53,0.5273,0.5138,0.533,0.548,0.553,0.5563,0.535,0.535,0.5368,0.5278,0.5218,0.5025000000000001,0.5103,0.5095000000000001,0.5278,0.5343,0.541,0.541,0.5325,0.5328,0.519,0.5093,0.4943,0.47500000000000003,0.46330000000000005,0.5348,0.5273,0.5273,0.5195000000000001,0.5133,0.5068,0.5063,0.5118,0.51,0.4988,0.4818,0.5148,0.5148,0.5178,0.5213,0.519,0.5188,0.522,0.5213,0.5105000000000001,0.4998,0.4908,0.511,0.5228,0.5315,0.537,0.5333,0.5343,0.5443,0.532,0.5273,0.5258,0.5258,0.5078,0.5093,0.504,0.5265000000000001,0.5278,0.5398000000000001,0.5433,0.5378000000000001,0.5378000000000001,0.5228,0.5168,0.523,0.5185000000000001,0.516,0.5235000000000001,0.5243,0.5398000000000001,0.5433,0.5433,0.5378000000000001,0.5228,0.5168,0.523,0.5185000000000001,0.516,0.5235000000000001,0.5243,0.5222,0.5222,0.5238,0.518,0.5275000000000001,0.5248,0.5368,0.5353,0.5348,0.5365,0.5423,0.5423,0.5348,0.5293,0.517,0.5213,0.521,0.532,0.5323,0.5395,0.5425,0.5425,0.5428000000000001,0.5388000000000001,0.5305,0.5193,0.5213,0.5235000000000001
2021-11-12 03:00:00,0.161,0.1693,0.1688,0.1605,0.1605,0.1613,0.13,0.1188,0.1263,0.1333,0.15430000000000002,0.17980000000000002,0.1923,0.1733,0.1733,0.1825,0.1655,0.1313,0.124,0.1285,0.1253,0.153,0.193,0.17850000000000002,0.17850000000000002,0.18080000000000002,0.2005,0.164,0.14250000000000002,0.1388,0.1413,0.14650000000000002,0.1505,0.18030000000000002,0.18030000000000002,0.16,0.1693,0.1908,0.15230000000000002,0.15,0.1458,0.136,0.1295,0.1358,0.189,0.1595,0.149,0.1635,0.1598,0.1408,0.149,0.1275,0.134,0.1288,0.1288,0.1428,0.1418,0.1323,0.1325,0.1338,0.126,0.1278,0.1228,0.1228,0.12000000000000001,0.1233,0.1233,0.1368,0.1313,0.1233,0.12300000000000001,0.126,0.1278,0.1278,0.1228,0.12000000000000001,0.1233,0.1233,0.1368,0.1313,0.1233,0.12300000000000001,0.1188,0.1188,0.124,0.1198,0.12250000000000001,0.12300000000000001,0.12480000000000001,0.125,0.128,0.12430000000000001,0.1203,0.1203,0.1258,0.1293,0.1318,0.1313,0.1413,0.1325,0.1345,0.1323,0.1325,0.1325,0.136,0.1453,0.156,0.1495,0.1553,0.14350000000000002,0.1375,0.149,0.14880000000000002,0.14880000000000002,0.14150000000000001,0.14450000000000002,0.1558,0.1635,0.15380000000000002,0.156,0.1438
2021-08-01 05:00:00,0.127,0.1305,0.1258,0.1265,0.1245,0.1268,0.1273,0.1273,0.129,0.1275,0.12480000000000001,0.1285,0.129,0.12430000000000001,0.1313,0.1313,0.1293,0.1293,0.1273,0.129,0.1275,0.12480000000000001,0.1285,0.129,0.12430000000000001,0.1313,0.1313,0.1313,0.1293,0.1288,0.1273,0.13,0.131,0.1313,0.1313,0.1295,0.133,0.133,0.1328,0.1303,0.1298,0.129,0.133,0.13770000000000002,0.1273,0.131,0.1318,0.1318,0.1325,0.1348,0.1298,0.135,0.1305,0.132,0.14350000000000002,0.1288,0.1323,0.1323,0.126,0.1303,0.127,0.1295,0.1268,0.1288,0.1305,0.1335,0.1318,0.1318,0.1313,0.1275,0.13,0.1328,0.128,0.1323,0.1303,0.135,0.1343,0.1283,0.133,0.1333,0.1308,0.1315,0.1313,0.1283,0.1333,0.1303,0.1303,0.1313,0.1323,0.14250000000000002,0.132,0.1298,0.1305,0.13770000000000002,0.1283,0.1333,0.1333,0.1303,0.1313,0.1323,0.14250000000000002,0.132,0.1298,0.1305,0.13770000000000002,0.134,0.134,0.1365,0.1343,0.1305,0.1293,0.1298,0.131,0.1305,0.1318,0.1325,0.1325,0.1333,0.132,0.1328,0.1323
2021-08-27 03:00:00,0.46900000000000003,0.4738,0.4723,0.4843,0.4975,0.4975,0.5403,0.557,0.5860000000000001,0.601,0.5735,0.46900000000000003,0.4738,0.4723,0.4843,0.4843,0.4975,0.5348,0.5543,0.5707,0.5643,0.547,0.464,0.4295,0.48800000000000004,0.48800000000000004,0.5113,0.518,0.5285000000000001,0.5433,0.5778,0.5775,0.5503,0.49300000000000005,0.467,0.467,0.496,0.5318,0.5395,0.5335,0.549,0.5603,0.5753,0.5683,0.5305,0.5305,0.5173,0.5075000000000001,0.5168,0.527,0.5358,0.5458000000000001,0.5525,0.5588000000000001,0.548,0.5533,0.554,0.5840000000000001,0.553,0.5312,0.5263,0.538,0.5703,0.5628000000000001,0.5538000000000001,0.5538000000000001,0.5778,0.5605,0.5860000000000001,0.5890000000000001,0.5595,0.5353,0.5328,0.5820000000000001,0.5820000000000001,0.6045,0.5688,0.6135,0.5963,0.5968,0.5908,0.5858,0.5353,0.5328,0.5328,0.5820000000000001,0.6045,0.5688,0.6135,0.5963,0.5968,0.5908,0.5858,0.5843,0.5843,0.5378000000000001,0.5883,0.6065,0.5758,0.5830000000000001,0.6088,0.6065,0.5923,0.5603,0.5603,0.5973,0.6025,0.5868,0.5798,0.5328,0.5373,0.5533,0.5648000000000001,0.5138,0.5138,0.526,0.5918,0.6113000000000001,0.6078,0.5773,0.5195000000000001
2021-07-25 03:00:00,0.15,0.14100000000000001,0.1653,0.196,0.18680000000000002,0.20550000000000002,0.20550000000000002,0.167,0.156,0.1363,0.125,0.1463,0.1388,0.14650000000000002,0.17500000000000002,0.1948,0.1948,0.20550000000000002,0.167,0.156,0.1363,0.125,0.1463,0.1388,0.14650000000000002,0.17500000000000002,0.17500000000000002,0.1948,0.189,0.1695,0.162,0.1578,0.1338,0.1315,0.14,0.1343,0.1343,0.133,0.1705,0.20850000000000002,0.1568,0.1675,0.169,0.1413,0.1325,0.1323,0.1323,0.1298,0.1395,0.1433,0.1595,0.1678,0.1583,0.158,0.1463,0.1288,0.1288,0.129,0.1298,0.1293,0.14700000000000002,0.15280000000000002,0.15130000000000002,0.14100000000000001,0.1328,0.1373,0.12250000000000001,0.12150000000000001,0.11330000000000001,0.12350000000000001,0.1343,0.14750000000000002,0.1443,0.1408,0.1345,0.1343,0.1343,0.1213,0.1208,0.1208,0.1233,0.12000000000000001,0.1393,0.159,0.154,0.154,0.12100000000000001,0.1268,0.1275,0.116,0.114,0.11280000000000001,0.11850000000000001,0.1393,0.159,0.159,0.154,0.12100000000000001,0.1268,0.1275,0.116,0.114,0.11280000000000001,0.11850000000000001,0.1348,0.1348,0.15030000000000002,0.14930000000000002,0.132,0.1375,0.129,0.1388,0.1148,0.113,0.1155,0.1155,0.1268,0.1398,0.1318,0.1263,0.12300000000000001
2021-03-09 02:00:00,0.3705,0.36250000000000004,0.33580000000000004,0.319,0.319,0.3735,0.3723,0.3695,0.3598,0.3398,0.301,0.3705,0.36250000000000004,0.33580000000000004,0.33580000000000004,0.319,0.301,0.2983,0.3023,0.3063,0.277,0.2585,0.36150000000000004,0.3105,0.3105,0.2743,0.276,0.265,0.2575,0.25780000000000003,0.263,0.2258,0.20850000000000002,0.35250000000000004,0.35250000000000004,0.2913,0.2735,0.2665,0.2535,0.21280000000000002,0.2083,0.20900000000000002,0.2195,0.2018,0.3738,0.31,0.26230000000000003,0.26230000000000003,0.2238,0.2175,0.2043,0.182,0.17600000000000002,0.183,0.183,0.34450000000000003,0.29000000000000004,0.2695,0.2308,0.21380000000000002,0.21380000000000002,0.2068,0.2,0.1965,0.1965,0.191,0.2985,0.2818,0.25680000000000003,0.20600000000000002,0.1925,0.21930000000000002,0.2403,0.2403,0.225,0.1995,0.202,0.308,0.2968,0.2768,0.1925,0.1925,0.21930000000000002,0.21930000000000002,0.2403,0.225,0.1995,0.202,0.308,0.2968,0.2768,0.1925,0.18730000000000002,0.18730000000000002,0.248,0.2485,0.21580000000000002,0.21480000000000002,0.22130000000000002,0.3063,0.24150000000000002,0.1893,0.1903,0.1903,0.2263,0.24650000000000002,0.24330000000000002,0.2015,0.196,0.2155,0.23650000000000002,0.17,0.1978,0.1978,0.226,0.18680000000000002,0.20500000000000002,0.21100000000000002,0.20450000000000002,0.2348,0.227
2021-04-28 02:00:00,0.3335,0.3633,0.40180000000000005,0.3613,0.3018,0.3018,0.3175,0.3425,0.36050000000000004,0.369,0.4015,0.28,0.3178,0.3568,0.32430000000000003,0.32430000000000003,0.3018,0.3175,0.3425,0.36050000000000004,0.369,0.4015,0.28,0.3178,0.3568,0.3568,0.32430000000000003,0.27030000000000004,0.23950000000000002,0.217,0.26780000000000004,0.3005,0.34500000000000003,0.29600000000000004,0.3385,0.3385,0.3078,0.2695,0.2543,0.1908,0.18080000000000002,0.233,0.25780000000000003,0.2733,0.3065,0.3065,0.36000000000000004,0.3428,0.202,0.1698,0.1663,0.164,0.167,0.169,0.1915,0.2843,0.281,0.312,0.275,0.184,0.14550000000000002,0.151,0.1555,0.1555,0.1495,0.1495,0.2333,0.21530000000000002,0.2323,0.1883,0.1535,0.1453,0.1393,0.15180000000000002,0.14150000000000001,0.14150000000000001,0.14830000000000002,0.169,0.167,0.1618,0.15430000000000002,0.1333,0.1308,0.13770000000000002,0.13770000000000002,0.1448,0.1355,0.14,0.1598,0.1505,0.14400000000000002,0.14200000000000002,0.1333,0.1308,0.1308,0.13770000000000002,0.1448,0.1355,0.14,0.1598,0.1505,0.14400000000000002,0.14200000000000002,0.1353,0.1353,0.1345,0.1338,0.1433,0.14,0.1325,0.1525,0.1773,0.17550000000000002,0.1345,0.1345,0.137,0.134,0.127,0.1328,0.1335,0.1335
2021-06-19 04:00:00,0.6425000000000001,0.6668000000000001,0.6748000000000001,0.6713,0.6543,0.657,0.6355000000000001,0.6355000000000001,0.6258,0.6313000000000001,0.6748000000000001,0.6513,0.666,0.6803,0.6708000000000001,0.668,0.6635,0.6635,0.6355000000000001,0.6258,0.6313000000000001,0.6748000000000001,0.6513,0.666,0.6803,0.6708000000000001,0.668,0.668,0.6635,0.6465000000000001,0.636,0.6535000000000001,0.7108,0.619,0.63,0.6803,0.6748000000000001,0.6748000000000001,0.673,0.6838000000000001,0.6653,0.683,0.7015,0.7030000000000001,0.631,0.6193000000000001,0.6855,0.6855,0.6933,0.6863,0.7030000000000001,0.7053,0.7208,0.7423000000000001,0.6948000000000001,0.6955,0.68,0.68,0.7045,0.7140000000000001,0.7218,0.73,0.7178,0.7068,0.6935,0.681,0.7185,0.7185,0.7200000000000001,0.7123,0.6918000000000001,0.6743,0.6705,0.646,0.6613,0.6708000000000001,0.6845,0.7120000000000001,0.7295,0.7293000000000001,0.7098,0.639,0.6583,0.6453,0.638,0.6665,0.6665,0.6818000000000001,0.7288,0.7255,0.7055,0.7135,0.6785,0.6788000000000001,0.6453,0.638,0.638,0.6665,0.6818000000000001,0.7288,0.7255,0.7055,0.7135,0.6785,0.6788000000000001,0.6513,0.6513,0.6733,0.6965,0.7108,0.7120000000000001,0.6993,0.6938000000000001,0.6985,0.67,0.6808000000000001,0.6808000000000001,0.6843,0.6900000000000001,0.6988000000000001,0.6940000000000001
2021-08-24 04:00:00,0.2695,0.2268,0.273,0.2785,0.3295,0.42050000000000004,0.42050000000000004,0.41550000000000004,0.5008,0.507,0.445,0.2695,0.2268,0.273,0.2785,0.3295,0.3295,0.42050000000000004,0.4605,0.524,0.45580000000000004,0.4615,0.32980000000000004,0.28600000000000003,0.2545,0.2933,0.2933,0.26030000000000003,0.2808,0.4228,0.498,0.4718,0.4708,0.35550000000000004,0.33080000000000004,0.24230000000000002,0.24230000000000002,0.2858,0.33180000000000004,0.2748,0.3025,0.4305,0.48400000000000004,0.4505,0.3225,0.36100000000000004,0.36100000000000004,0.3085,0.2833,0.3225,0.3168,0.303,0.39080000000000004,0.4768,0.4645,0.32,0.32,0.3413,0.2923,0.2983,0.3408,0.3528,0.343,0.35250000000000004,0.4388,0.41250000000000003,0.21580000000000002,0.2715,0.33680000000000004,0.35100000000000003,0.2763,0.298,0.34650000000000003,0.3438,0.3113,0.3113,0.2958,0.195,0.226,0.274,0.33280000000000004,0.328,0.29200000000000004,0.34650000000000003,0.3438,0.3438,0.3113,0.2958,0.195,0.226,0.274,0.33280000000000004,0.328,0.29200000000000004,0.3178,0.3178,0.375,0.32530000000000003,0.2933,0.1993,0.201,0.2223,0.27030000000000004,0.29300000000000004,0.3365,0.3365,0.29100000000000004,0.28450000000000003,0.307,0.318,0.2318,0.24280000000000002,0.2,0.20850000000000002,0.23450000000000001,0.23450000000000001,0.29600000000000004,0.3108,0.24650000000000002,0.2943,0.29200000000000004
2021-02-22 04:00:00,0.1343,0.1358,0.134,0.1343,0.1343,0.1353,0.1323,0.1348,0.1355,0.1345,0.1365,0.1355,0.1358,0.1308,0.1308,0.1348,0.1338,0.1353,0.1353,0.1345,0.138,0.1375,0.1448,0.14400000000000002,0.14400000000000002,0.1393,0.14,0.14,0.14100000000000001,0.1423,0.1395,0.14830000000000002,0.1443,0.1363,0.1363,0.136,0.14,0.138,0.1355,0.14100000000000001,0.1363,0.1418,0.14100000000000001,0.1368,0.1345,0.1363,0.1363,0.1373,0.137,0.1388,0.1363,0.1355,0.1403,0.137,0.137,0.137,0.1395,0.1365,0.138,0.1333,0.1393,0.132,0.136,0.136,0.1388,0.1353,0.1433,0.14550000000000002,0.1395,0.14100000000000001,0.1453,0.1393,0.132,0.132,0.136,0.1388,0.1353,0.1433,0.14550000000000002,0.1395,0.14100000000000001,0.1453,0.1433,0.1433,0.14250000000000002,0.1408,0.14450000000000002,0.1438,0.1395,0.1393,0.14200000000000002,0.14100000000000001,0.1373,0.1373,0.1365,0.1368,0.138,0.1333,0.1343,0.1383,0.136,0.136,0.1373,0.1373,0.139,0.1408,0.1393,0.13770000000000002,0.1348,0.1375,0.1338,0.1325,0.138,0.138,0.1348,0.139,0.1433,0.1393,0.136,0.1358,0.133
2021-07-06 04:00:00,0.6498,0.624,0.6753,0.7408,0.779,0.6495000000000001,0.5513,0.5513,0.5710000000000001,0.6188,0.645,0.6398,0.665,0.6998000000000001,0.673,0.788,0.7698,0.7698,0.5513,0.5710000000000001,0.6188,0.645,0.6398,0.665,0.6998000000000001,0.673,0.788,0.788,0.7698,0.639,0.619,0.6265000000000001,0.61,0.6675,0.796,0.7130000000000001,0.5690000000000001,0.5690000000000001,0.6818000000000001,0.7493000000000001,0.6498,0.5923,0.6165,0.6413,0.6793,0.6675,0.6323000000000001,0.6323000000000001,0.5928,0.6033000000000001,0.5413,0.5143,0.48450000000000004,0.542,0.6913,0.6945,0.6973,0.6973,0.6433,0.6203000000000001,0.5563,0.5173,0.5163,0.5513,0.5640000000000001,0.62,0.7043,0.7043,0.625,0.6545000000000001,0.6853,0.5698,0.5768,0.5888,0.6348,0.6493,0.6138,0.6625,0.6378,0.6168,0.6735,0.6475000000000001,0.5635,0.6505000000000001,0.6868000000000001,0.7070000000000001,0.7070000000000001,0.7025,0.5718,0.614,0.6535000000000001,0.662,0.5663,0.6218,0.6505000000000001,0.6868000000000001,0.6868000000000001,0.7070000000000001,0.7025,0.5718,0.614,0.6535000000000001,0.662,0.5663,0.6218,0.7150000000000001,0.7150000000000001,0.747,0.733,0.7250000000000001,0.5253,0.5948,0.6055,0.5720000000000001,0.524,0.6425000000000001,0.6425000000000001,0.7010000000000001,0.7293000000000001,0.7218,0.7215
2021-08-11 04:00:00,0.548,0.4988,0.45480000000000004,0.4655,0.49200000000000005,0.48400000000000004,0.4728,0.4728,0.4625,0.459,0.44,0.5895,0.542,0.5455,0.5123,0.5128,0.506,0.506,0.4728,0.4625,0.459,0.44,0.5895,0.542,0.5455,0.5123,0.5128,0.5128,0.506,0.4793,0.4853,0.45280000000000004,0.4293,0.6118,0.6155,0.597,0.5398000000000001,0.5398000000000001,0.513,0.4823,0.45180000000000003,0.4355,0.42600000000000005,0.39180000000000004,0.6145,0.6023000000000001,0.5725,0.5725,0.557,0.5375,0.5088,0.5243,0.5055000000000001,0.5008,0.4948,0.598,0.5945,0.5945,0.5838,0.5965,0.5690000000000001,0.5203,0.505,0.4868,0.5197,0.5033,0.6053000000000001,0.6053000000000001,0.6095,0.6165,0.621,0.5918,0.5633,0.536,0.5363,0.5248,0.5073,0.5608000000000001,0.5943,0.5900000000000001,0.6043000000000001,0.6175,0.6005,0.5790000000000001,0.5773,0.5743,0.5743,0.5565,0.5288,0.5168,0.5398000000000001,0.5538000000000001,0.6013000000000001,0.6165,0.5790000000000001,0.5773,0.5773,0.5743,0.5565,0.5288,0.5168,0.5398000000000001,0.5538000000000001,0.6013000000000001,0.6165,0.5743,0.5743,0.551,0.5675,0.5707,0.453,0.447,0.4708,0.5018,0.56,0.5898,0.5898,0.5293,0.48800000000000004,0.4655,0.48100000000000004
2021-09-21 02:00:00,0.09050000000000001,0.094,0.0913,0.09230000000000001,0.09230000000000001,0.09380000000000001,0.0925,0.094,0.094,0.09280000000000001,0.09730000000000001,0.09050000000000001,0.094,0.0913,0.0913,0.09230000000000001,0.09050000000000001,0.08900000000000001,0.09530000000000001,0.097,0.0945,0.097,0.09380000000000001,0.09380000000000001,0.09380000000000001,0.09380000000000001,0.09050000000000001,0.091,0.0993,0.09680000000000001,0.1,0.1,0.092,0.0978,0.0978,0.0915,0.0988,0.094,0.09280000000000001,0.097,0.09530000000000001,0.101,0.094,0.0925,0.0945,0.09680000000000001,0.098,0.0935,0.098,0.1008,0.0983,0.096,0.098,0.098,0.098,0.09280000000000001,0.09530000000000001,0.097,0.09050000000000001,0.098,0.0995,0.1,0.09430000000000001,0.096,0.096,0.0975,0.095,0.095,0.09630000000000001,0.09730000000000001,0.09730000000000001,0.0975,0.09580000000000001,0.09580000000000001,0.1005,0.096,0.0925,0.099,0.09430000000000001,0.097,0.09480000000000001,0.09730000000000001,0.0975,0.0975,0.09580000000000001,0.1005,0.096,0.0925,0.099,0.09430000000000001,0.097,0.09480000000000001,0.09280000000000001,0.09280000000000001,0.0935,0.0975,0.09680000000000001,0.0965,0.09730000000000001,0.098,0.09630000000000001,0.096,0.10200000000000001,0.10200000000000001,0.09430000000000001,0.09580000000000001,0.0978,0.1003,0.099,0.1028,0.09630000000000001,0.098,0.09630000000000001,0.09630000000000001,0.0993,0.0945,0.0995,0.0985,0.0983,0.0935,0.0985
2021-03-07 02:00:00,0.1495,0.15,0.15080000000000002,0.1575,0.1575,0.184,0.17750000000000002,0.1698,0.17800000000000002,0.1888,0.2005,0.1495,0.15,0.15080000000000002,0.15080000000000002,0.1575,0.161,0.1643,0.1638,0.18630000000000002,0.17750000000000002,0.1633,0.14780000000000001,0.1428,0.1428,0.14980000000000002,0.161,0.1655,0.1593,0.1673,0.19,0.17650000000000002,0.1633,0.1555,0.1555,0.15280000000000002,0.18430000000000002,0.198,0.183,0.18150000000000002,0.1968,0.1953,0.1865,0.18100000000000002,0.1655,0.1553,0.1603,0.1898,0.1963,0.184,0.1898,0.2015,0.2155,0.21630000000000002,0.21630000000000002,0.1743,0.1608,0.162,0.183,0.1925,0.1933,0.2093,0.2343,0.263,0.263,0.2545,0.1668,0.1638,0.168,0.1778,0.2063,0.2175,0.23750000000000002,0.23750000000000002,0.2528,0.21330000000000002,0.1925,0.1668,0.1618,0.1718,0.21400000000000002,0.2063,0.2175,0.2175,0.23750000000000002,0.2528,0.21330000000000002,0.1925,0.1668,0.1618,0.1718,0.21400000000000002,0.25630000000000003,0.25630000000000003,0.277,0.25880000000000003,0.2053,0.18230000000000002,0.1563,0.15430000000000002,0.1558,0.185,0.25,0.25,0.2803,0.2738,0.2318,0.18730000000000002,0.1695,0.1448,0.18180000000000002,0.2048,0.23850000000000002,0.23850000000000002,0.2733,0.28850000000000003,0.274,0.227,0.1908,0.1593,0.14300000000000002
2021-06-15 04:00:00,0.5143,0.462,0.505,0.5285000000000001,0.5375,0.5515,0.48150000000000004,0.48150000000000004,0.509,0.538,0.5528000000000001,0.5710000000000001,0.5533,0.5213,0.5158,0.515,0.47550000000000003,0.47550000000000003,0.48150000000000004,0.509,0.538,0.5528000000000001,0.5710000000000001,0.5533,0.5213,0.5158,0.515,0.515,0.47550000000000003,0.4773,0.5103,0.49200000000000005,0.4595,0.52,0.4433,0.4843,0.5215000000000001,0.5215000000000001,0.47850000000000004,0.391,0.4,0.4355,0.3433,0.32,0.42050000000000004,0.3695,0.45830000000000004,0.45830000000000004,0.4025,0.4,0.4088,0.3815,0.3633,0.384,0.42650000000000005,0.4338,0.45730000000000004,0.45730000000000004,0.4218,0.3693,0.4128,0.501,0.4965,0.4348,0.46030000000000004,0.4375,0.5553,0.5553,0.5275000000000001,0.44480000000000003,0.46130000000000004,0.536,0.5285000000000001,0.4743,0.4343,0.4168,0.42600000000000005,0.5738,0.5798,0.5475,0.537,0.5725,0.544,0.51,0.5065000000000001,0.48350000000000004,0.48350000000000004,0.45130000000000003,0.5678000000000001,0.5678000000000001,0.5535,0.5448000000000001,0.5958,0.504,0.51,0.5065000000000001,0.5065000000000001,0.48350000000000004,0.45130000000000003,0.5678000000000001,0.5678000000000001,0.5535,0.5448000000000001,0.5958,0.504,0.5208,0.5208,0.5638000000000001,0.5743,0.5315,0.47050000000000003,0.462,0.504,0.5513,0.6313000000000001,0.6073000000000001,0.6073000000000001,0.541,0.6365000000000001,0.634,0.5858
2021-08-12 03:00:00,0.664,0.672,0.6715,0.671,0.67,0.66,0.66,0.6433,0.644,0.6458,0.6485000000000001,0.6563,0.6548,0.656,0.6695,0.6685,0.6685,0.66,0.6433,0.644,0.6458,0.6485000000000001,0.6563,0.6548,0.656,0.6695,0.6695,0.6685,0.6648000000000001,0.65,0.6485000000000001,0.6598,0.6475000000000001,0.6585000000000001,0.652,0.6435000000000001,0.6435000000000001,0.666,0.6833,0.676,0.6628000000000001,0.662,0.6653,0.6543,0.6643,0.645,0.645,0.6353,0.6408,0.6575000000000001,0.6688000000000001,0.6608,0.6633,0.6598,0.6548,0.6415000000000001,0.6415000000000001,0.6248,0.6323000000000001,0.6395000000000001,0.6463,0.6455000000000001,0.6395000000000001,0.646,0.6355000000000001,0.6393,0.6553,0.64,0.6195,0.6085,0.6235,0.6433,0.6183000000000001,0.608,0.6165,0.618,0.618,0.6508,0.629,0.609,0.5945,0.6173000000000001,0.6158,0.6133000000000001,0.5975,0.5975,0.5993,0.6035,0.642,0.6368,0.6233000000000001,0.6038,0.6078,0.6158,0.6133000000000001,0.6133000000000001,0.5975,0.5993,0.6035,0.642,0.6368,0.6233000000000001,0.6038,0.6078,0.6153000000000001,0.6153000000000001,0.6323000000000001,0.604,0.5908,0.5968,0.6428,0.635,0.6248,0.6008,0.6135,0.6135,0.605,0.6223000000000001,0.6118,0.5883,0.595
2021-07-25 02:00:00,0.1223,0.11800000000000001,0.12250000000000001,0.1345,0.1388,0.1388,0.14250000000000002,0.1395,0.1283,0.14550000000000002,0.133,0.12150000000000001,0.1218,0.1258,0.136,0.136,0.1388,0.14250000000000002,0.1395,0.1283,0.14550000000000002,0.133,0.12150000000000001,0.1218,0.1258,0.1258,0.136,0.1353,0.1355,0.15230000000000002,0.1403,0.1368,0.1433,0.1233,0.126,0.126,0.1143,0.1263,0.1288,0.1325,0.1448,0.14500000000000002,0.14650000000000002,0.128,0.1023,0.1023,0.1058,0.11,0.113,0.124,0.1325,0.1568,0.1398,0.1343,0.14700000000000002,0.0988,0.101,0.1023,0.10350000000000001,0.1193,0.1105,0.11,0.124,0.1268,0.1275,0.1275,0.0988,0.09580000000000001,0.1013,0.1008,0.1043,0.1125,0.10550000000000001,0.11130000000000001,0.1145,0.1145,0.1305,0.0983,0.09730000000000001,0.0988,0.09480000000000001,0.0993,0.1013,0.10550000000000001,0.10550000000000001,0.10700000000000001,0.1165,0.1273,0.098,0.09480000000000001,0.08900000000000001,0.09480000000000001,0.0993,0.1013,0.1013,0.10550000000000001,0.10700000000000001,0.1165,0.1273,0.098,0.09480000000000001,0.08900000000000001,0.09480000000000001,0.09430000000000001,0.09430000000000001,0.1008,0.0998,0.10600000000000001,0.1153,0.12000000000000001,0.09630000000000001,0.096,0.092,0.095,0.095,0.0988,0.09730000000000001,0.1005,0.0998,0.10400000000000001,0.1178
2021-02-26 03:00:00,0.5035000000000001,0.508,0.5063,0.5063,0.5113,0.5133,0.5158,0.5153,0.5135000000000001,0.5098,0.5045000000000001,0.4868,0.49000000000000005,0.49000000000000005,0.4998,0.4998,0.503,0.5053,0.506,0.5095000000000001,0.5113,0.5103,0.4763,0.4763,0.48450000000000004,0.48900000000000005,0.4958,0.4963,0.502,0.5185000000000001,0.5358,0.5415,0.5435,0.47850000000000004,0.47650000000000003,0.48550000000000004,0.4883,0.5023,0.5103,0.516,0.5163,0.5188,0.525,0.525,0.48200000000000004,0.4903,0.4965,0.5038,0.5155000000000001,0.5203,0.5203,0.5193,0.5143,0.5143,0.5138,0.4983,0.5023,0.5003000000000001,0.4975,0.5065000000000001,0.5085000000000001,0.5015000000000001,0.5015000000000001,0.48600000000000004,0.48800000000000004,0.48600000000000004,0.503,0.48850000000000005,0.4943,0.4858,0.5065000000000001,0.5085000000000001,0.5085000000000001,0.5015000000000001,0.48600000000000004,0.48800000000000004,0.48600000000000004,0.503,0.48850000000000005,0.4943,0.4858,0.497,0.497,0.5113,0.5075000000000001,0.5018,0.4923,0.49400000000000005,0.48950000000000005,0.4938,0.5065000000000001,0.5005000000000001,0.5005000000000001,0.499,0.4953,0.4958,0.498,0.499,0.49350000000000005,0.49150000000000005,0.5038,0.502,0.502,0.498,0.4923,0.4908,0.4883,0.49150000000000005,0.49100000000000005,0.5035000000000001,0.499,0.48550000000000004,0.48550000000000004,0.48500000000000004,0.501,0.509,0.4918,0.508,0.4985,0.5053,0.5075000000000001
2021-06-22 01:00:00,0.0873,0.08950000000000001,0.08650000000000001,0.08800000000000001,0.09050000000000001,0.09050000000000001,0.0868,0.0883,0.0853,0.0825,0.0845,0.0853,0.09050000000000001,0.0883,0.08700000000000001,0.08700000000000001,0.09050000000000001,0.0868,0.0883,0.0853,0.0825,0.0845,0.0853,0.09050000000000001,0.0883,0.0883,0.08700000000000001,0.0915,0.085,0.08600000000000001,0.0853,0.0858,0.082,0.08850000000000001,0.0935,0.0935,0.0868,0.08700000000000001,0.08950000000000001,0.08700000000000001,0.0863,0.09380000000000001,0.08600000000000001,0.0823,0.08900000000000001,0.08900000000000001,0.0898,0.0858,0.0873,0.08600000000000001,0.0858,0.082,0.09280000000000001,0.0853,0.0845,0.09280000000000001,0.0903,0.0868,0.0883,0.08600000000000001,0.08900000000000001,0.08750000000000001,0.0863,0.091,0.084,0.084,0.0888,0.08950000000000001,0.0908,0.0835,0.0893,0.0883,0.08700000000000001,0.08800000000000001,0.0903,0.0903,0.091,0.0918,0.0863,0.0888,0.09050000000000001,0.0888,0.0913,0.09050000000000001,0.09050000000000001,0.08900000000000001,0.0878,0.0883,0.0918,0.08900000000000001,0.091,0.09280000000000001,0.0888,0.0913,0.0913,0.09050000000000001,0.08900000000000001,0.0878,0.0883,0.0918,0.08900000000000001,0.091,0.09280000000000001,0.0893,0.0893,0.08850000000000001,0.0908,0.08850000000000001,0.08650000000000001,0.0878,0.093,0.09000000000000001,0.09330000000000001,0.0925,0.0925,0.09280000000000001,0.094,0.09330000000000001,0.09580000000000001,0.0935,0.09630000000000001
2021-03-29 02:00:00,0.15280000000000002,0.1618,0.20850000000000002,0.21930000000000002,0.21930000000000002,0.1933,0.18000000000000002,0.1605,0.17750000000000002,0.21350000000000002,0.2285,0.15280000000000002,0.1618,0.20850000000000002,0.20850000000000002,0.21930000000000002,0.21330000000000002,0.20650000000000002,0.21030000000000001,0.21180000000000002,0.23900000000000002,0.2255,0.201,0.2525,0.2525,0.254,0.261,0.26580000000000004,0.28150000000000003,0.254,0.26330000000000003,0.24400000000000002,0.1773,0.2485,0.2485,0.24500000000000002,0.24400000000000002,0.26680000000000004,0.29150000000000004,0.2943,0.267,0.24830000000000002,0.2248,0.2083,0.2373,0.2255,0.24350000000000002,0.24580000000000002,0.2305,0.24330000000000002,0.2675,0.2705,0.271,0.2775,0.2775,0.2038,0.1953,0.21150000000000002,0.20950000000000002,0.21100000000000002,0.21080000000000002,0.24700000000000003,0.276,0.2728,0.2728,0.2928,0.1683,0.1778,0.1763,0.18530000000000002,0.20550000000000002,0.216,0.26430000000000003,0.26430000000000003,0.28400000000000003,0.2948,0.3023,0.1653,0.1683,0.1715,0.18180000000000002,0.20550000000000002,0.216,0.216,0.26430000000000003,0.28400000000000003,0.2948,0.3023,0.1653,0.1683,0.1715,0.18180000000000002,0.1965,0.1965,0.26630000000000004,0.28950000000000004,0.303,0.2725,0.18280000000000002,0.155,0.1535,0.1643,0.1875,0.1875,0.222,0.29350000000000004,0.324,0.27030000000000004,0.1998,0.151,0.17400000000000002,0.189,0.199,0.199,0.215,0.233,0.2388,0.2543,0.22130000000000002,0.1695,0.152
2021-05-01 05:00:00,0.1338,0.135,0.127,0.1288,0.1325,0.1353,0.1313,0.1313,0.1328,0.1353,0.1343,0.1298,0.138,0.13,0.1328,0.1343,0.137,0.137,0.1313,0.1328,0.1353,0.1343,0.1298,0.138,0.13,0.1328,0.1343,0.1343,0.137,0.1303,0.1323,0.1368,0.136,0.1318,0.1368,0.1323,0.134,0.134,0.1345,0.1348,0.1353,0.1358,0.14,0.14200000000000002,0.1335,0.14,0.14,0.14,0.139,0.1385,0.1385,0.138,0.1428,0.1405,0.14830000000000002,0.1335,0.1338,0.1338,0.1375,0.134,0.1365,0.1363,0.1353,0.137,0.136,0.1385,0.1355,0.1355,0.1338,0.1353,0.1375,0.1345,0.1368,0.1355,0.1398,0.1393,0.136,0.136,0.1363,0.137,0.1363,0.1353,0.1385,0.1353,0.1365,0.1393,0.1393,0.1418,0.14,0.151,0.14150000000000001,0.1383,0.13770000000000002,0.1383,0.1353,0.1365,0.1365,0.1393,0.1418,0.14,0.151,0.14150000000000001,0.1383,0.13770000000000002,0.1383,0.13770000000000002,0.13770000000000002,0.1375,0.14,0.1413,0.1385,0.1393,0.1388,0.1368,0.1335,0.135,0.135,0.1335,0.1353,0.134,0.1358
2021-06-18 03:00:00,0.513,0.464,0.4938,0.508,0.5185000000000001,0.5258,0.5258,0.5535,0.5678000000000001,0.619,0.5578000000000001,0.5113,0.48750000000000004,0.4903,0.536,0.529,0.529,0.5258,0.5535,0.5678000000000001,0.619,0.5578000000000001,0.5113,0.48750000000000004,0.4903,0.536,0.536,0.529,0.5253,0.5375,0.5468000000000001,0.5718,0.5798,0.5885,0.6015,0.5463,0.5463,0.5948,0.5348,0.529,0.539,0.5263,0.5345,0.538,0.5930000000000001,0.5818,0.5818,0.5690000000000001,0.6248,0.6165,0.5463,0.5493,0.544,0.5028,0.5178,0.6023000000000001,0.6023000000000001,0.5890000000000001,0.5645,0.5840000000000001,0.5643,0.54,0.5323,0.5235000000000001,0.4878,0.48500000000000004,0.667,0.657,0.6163000000000001,0.5900000000000001,0.5925,0.5833,0.5933,0.5635,0.5235000000000001,0.4843,0.4843,0.7193,0.674,0.6678000000000001,0.6548,0.625,0.5973,0.5915,0.5683,0.5683,0.5513,0.5273,0.6908000000000001,0.6923,0.7025,0.6940000000000001,0.6793,0.5973,0.5915,0.5915,0.5683,0.5513,0.5273,0.6908000000000001,0.6923,0.7025,0.6940000000000001,0.6793,0.6428,0.6428,0.6635,0.6275000000000001,0.5973,0.5665,0.7010000000000001,0.677,0.6878000000000001,0.6928000000000001,0.7018,0.7018,0.7108,0.6890000000000001,0.6658000000000001,0.6645,0.6433
2021-07-10 04:00:00,0.4793,0.4595,0.4435,0.4778,0.46380000000000005,0.4693,0.46580000000000005,0.46580000000000005,0.46780000000000005,0.4455,0.45180000000000003,0.4743,0.454,0.47100000000000003,0.4655,0.45880000000000004,0.46230000000000004,0.46230000000000004,0.46580000000000005,0.46780000000000005,0.4455,0.45180000000000003,0.4743,0.454,0.47100000000000003,0.4655,0.45880000000000004,0.45880000000000004,0.46230000000000004,0.466,0.46430000000000005,0.4635,0.47900000000000004,0.4783,0.4738,0.4928,0.4693,0.4693,0.4595,0.461,0.4565,0.4878,0.506,0.5107,0.46280000000000004,0.4708,0.47500000000000003,0.47500000000000003,0.4728,0.47300000000000003,0.46780000000000005,0.4615,0.49150000000000005,0.5168,0.5128,0.4898,0.49450000000000005,0.49450000000000005,0.48800000000000004,0.508,0.507,0.48750000000000004,0.49500000000000005,0.5175000000000001,0.5283,0.5245000000000001,0.522,0.522,0.5188,0.52,0.5358,0.5265000000000001,0.5135000000000001,0.5215000000000001,0.537,0.5263,0.4983,0.5288,0.5423,0.5475,0.5483,0.5483,0.5388000000000001,0.5378000000000001,0.5513,0.5488000000000001,0.5488000000000001,0.537,0.5328,0.5375,0.5365,0.5375,0.528,0.53,0.5378000000000001,0.5513,0.5513,0.5488000000000001,0.537,0.5328,0.5375,0.5365,0.5375,0.528,0.53,0.5303,0.5303,0.53,0.4975,0.47800000000000004,0.5183,0.5208,0.5035000000000001,0.501,0.49250000000000005,0.4748,0.4748,0.4733,0.4485,0.4408,0.42300000000000004
2021-12-17 04:00:00,0.1153,0.1148,0.11280000000000001,0.11280000000000001,0.1173,0.1143,0.11850000000000001,0.1173,0.1183,0.1203,0.11950000000000001,0.115,0.1155,0.1155,0.1173,0.1145,0.1163,0.1183,0.1173,0.1173,0.1168,0.1188,0.1143,0.1143,0.117,0.11800000000000001,0.11330000000000001,0.1165,0.1193,0.1203,0.1183,0.1193,0.12100000000000001,0.11750000000000001,0.1178,0.1173,0.1198,0.114,0.1203,0.1188,0.12100000000000001,0.117,0.1168,0.1168,0.1203,0.12000000000000001,0.1165,0.12000000000000001,0.117,0.12050000000000001,0.1193,0.1158,0.1158,0.1173,0.12200000000000001,0.1193,0.1145,0.1233,0.1193,0.1143,0.12050000000000001,0.1193,0.1193,0.1158,0.1173,0.12200000000000001,0.1193,0.1145,0.1233,0.1193,0.1143,0.116,0.116,0.11900000000000001,0.1203,0.1165,0.1183,0.1183,0.1193,0.1208,0.1183,0.1208,0.1208,0.1213,0.1163,0.12100000000000001,0.1163,0.1228,0.12050000000000001,0.1165,0.1208,0.1183,0.1183,0.117,0.11900000000000001,0.11900000000000001,0.12100000000000001,0.1208,0.1253,0.1203,0.11850000000000001,0.12050000000000001,0.12050000000000001,0.1208,0.1173,0.1213,0.12100000000000001,0.12150000000000001,0.12300000000000001,0.12100000000000001,0.1158,0.12050000000000001,0.12050000000000001,0.1178,0.11750000000000001,0.1245,0.1178,0.12050000000000001,0.127,0.1338,0.1288
2021-11-03 04:00:00,0.14250000000000002,0.1403,0.1403,0.14550000000000002,0.14600000000000002,0.14600000000000002,0.14450000000000002,0.14650000000000002,0.14780000000000001,0.15130000000000002,0.14750000000000002,0.1403,0.1405,0.1433,0.1443,0.1443,0.14500000000000002,0.1463,0.1443,0.14780000000000001,0.153,0.15230000000000002,0.14400000000000002,0.14730000000000001,0.14930000000000002,0.14930000000000002,0.14750000000000002,0.15030000000000002,0.14930000000000002,0.1515,0.15280000000000002,0.1563,0.155,0.1458,0.14800000000000002,0.14800000000000002,0.14780000000000001,0.14750000000000002,0.149,0.1505,0.1505,0.14930000000000002,0.153,0.15480000000000002,0.14830000000000002,0.14830000000000002,0.152,0.15180000000000002,0.15,0.1603,0.153,0.1545,0.15430000000000002,0.15380000000000002,0.156,0.15080000000000002,0.14730000000000001,0.15230000000000002,0.152,0.153,0.15230000000000002,0.151,0.153,0.15480000000000002,0.15480000000000002,0.152,0.1525,0.15180000000000002,0.1565,0.1563,0.1553,0.1575,0.151,0.153,0.153,0.15480000000000002,0.152,0.1525,0.15180000000000002,0.1565,0.1563,0.1553,0.1575,0.158,0.158,0.15230000000000002,0.15480000000000002,0.1545,0.14780000000000001,0.14800000000000002,0.15080000000000002,0.15130000000000002,0.15280000000000002,0.153,0.153,0.14930000000000002,0.149,0.15230000000000002,0.15130000000000002,0.1558,0.156,0.15430000000000002,0.1563,0.158,0.158,0.1615,0.1575,0.1568,0.15480000000000002,0.154,0.1545,0.15280000000000002,0.1568,0.1565,0.1565,0.161,0.1593,0.1568,0.1553,0.156,0.15430000000000002
2021-05-10 04:00:00,0.26830000000000004,0.269,0.2063,0.1658,0.15430000000000002,0.17900000000000002,0.18530000000000002,0.18530000000000002,0.17830000000000001,0.1635,0.1748,0.2335,0.216,0.1773,0.1618,0.163,0.1975,0.1975,0.18530000000000002,0.17830000000000001,0.1635,0.1748,0.2335,0.216,0.1773,0.1618,0.163,0.163,0.1975,0.1668,0.1688,0.1628,0.18000000000000002,0.1718,0.1688,0.1545,0.157,0.157,0.165,0.17350000000000002,0.18000000000000002,0.17930000000000001,0.186,0.2228,0.1655,0.1625,0.165,0.165,0.17880000000000001,0.1758,0.17850000000000002,0.18150000000000002,0.18680000000000002,0.192,0.23750000000000002,0.1633,0.166,0.166,0.18430000000000002,0.18730000000000002,0.1905,0.1898,0.2078,0.2048,0.195,0.21030000000000001,0.17830000000000001,0.17830000000000001,0.1975,0.21030000000000001,0.1888,0.20800000000000002,0.20350000000000001,0.25680000000000003,0.255,0.233,0.2058,0.199,0.21400000000000002,0.23800000000000002,0.2383,0.21080000000000002,0.20500000000000002,0.185,0.25780000000000003,0.2725,0.2725,0.2735,0.278,0.25780000000000003,0.2903,0.3098,0.258,0.2048,0.185,0.25780000000000003,0.25780000000000003,0.2725,0.2735,0.278,0.25780000000000003,0.2903,0.3098,0.258,0.2048,0.221,0.221,0.24400000000000002,0.2773,0.2882,0.2923,0.27030000000000004,0.33030000000000004,0.3698,0.32230000000000003,0.2978,0.2978,0.3065,0.3088,0.2985,0.2605
2021-06-19 03:00:00,0.6493,0.6628000000000001,0.672,0.669,0.67,0.6463,0.6463,0.64,0.633,0.6475000000000001,0.633,0.646,0.6663,0.676,0.6848000000000001,0.6533,0.6533,0.6463,0.64,0.633,0.6475000000000001,0.633,0.646,0.6663,0.676,0.6848000000000001,0.6848000000000001,0.6533,0.666,0.669,0.6715,0.6805,0.634,0.6478,0.6505000000000001,0.6415000000000001,0.6415000000000001,0.6715,0.6743,0.6705,0.6483,0.6643,0.6788000000000001,0.6375000000000001,0.6745,0.648,0.648,0.6415000000000001,0.6573,0.66,0.669,0.6538,0.6423,0.6403,0.63,0.7018,0.7018,0.6585000000000001,0.656,0.6545000000000001,0.6315000000000001,0.6228,0.6455000000000001,0.6263000000000001,0.5988,0.6093000000000001,0.7365,0.6940000000000001,0.6815,0.6715,0.6375000000000001,0.6315000000000001,0.6305000000000001,0.652,0.6103000000000001,0.6073000000000001,0.6073000000000001,0.7123,0.7073,0.6613,0.6708000000000001,0.642,0.6263000000000001,0.6495000000000001,0.6588,0.6588,0.6148,0.654,0.686,0.687,0.6678000000000001,0.648,0.6693,0.6263000000000001,0.6495000000000001,0.6495000000000001,0.6588,0.6148,0.654,0.686,0.687,0.6678000000000001,0.648,0.6693,0.6475000000000001,0.6475000000000001,0.6355000000000001,0.6408,0.5938,0.6025,0.6783,0.678,0.6678000000000001,0.6678000000000001,0.6638000000000001,0.6638000000000001,0.6583,0.6485000000000001,0.6165,0.5723,0.5445
2021-11-22 04:00:00,0.1198,0.12150000000000001,0.1135,0.1173,0.117,0.117,0.11750000000000001,0.1173,0.1193,0.116,0.125,0.1183,0.126,0.11850000000000001,0.1163,0.1163,0.1213,0.1218,0.12100000000000001,0.1223,0.12480000000000001,0.131,0.12150000000000001,0.11750000000000001,0.1228,0.1228,0.1198,0.12050000000000001,0.1228,0.11900000000000001,0.1253,0.1198,0.1338,0.1213,0.11950000000000001,0.11950000000000001,0.1278,0.12150000000000001,0.1218,0.12000000000000001,0.12200000000000001,0.1208,0.1145,0.1263,0.11750000000000001,0.11750000000000001,0.1298,0.1203,0.1258,0.12100000000000001,0.1245,0.1183,0.12250000000000001,0.12380000000000001,0.1288,0.1218,0.1255,0.1263,0.12430000000000001,0.12350000000000001,0.12150000000000001,0.1218,0.12380000000000001,0.12050000000000001,0.12050000000000001,0.12050000000000001,0.12380000000000001,0.12050000000000001,0.12380000000000001,0.12300000000000001,0.1218,0.1228,0.1218,0.12380000000000001,0.12380000000000001,0.12050000000000001,0.12050000000000001,0.12380000000000001,0.12050000000000001,0.12380000000000001,0.12300000000000001,0.1218,0.1228,0.12350000000000001,0.12350000000000001,0.1245,0.1233,0.12380000000000001,0.12100000000000001,0.1208,0.125,0.1263,0.1245,0.1203,0.1203,0.126,0.1223,0.12250000000000001,0.1283,0.1268,0.1245,0.12300000000000001,0.1253,0.1263,0.1263,0.1268,0.1293,0.1288,0.1275,0.1295,0.1233,0.1193,0.12380000000000001,0.125,0.125,0.12380000000000001,0.1223,0.1313,0.126,0.129,0.1263
2021-09-01 01:00:00,0.38680000000000003,0.3725,0.38,0.38,0.3915,0.394,0.398,0.399,0.384,0.338,0.3375,0.38680000000000003,0.3725,0.3725,0.38,0.3783,0.38780000000000003,0.392,0.39530000000000004,0.39130000000000004,0.38730000000000003,0.3995,0.3765,0.3765,0.3765,0.3763,0.381,0.3765,0.38130000000000003,0.38630000000000003,0.388,0.4005,0.3945,0.3533,0.3803,0.3655,0.3695,0.38130000000000003,0.385,0.3793,0.38730000000000003,0.39030000000000004,0.39280000000000004,0.39280000000000004,0.35150000000000003,0.3638,0.3675,0.371,0.3645,0.38480000000000003,0.391,0.38380000000000003,0.385,0.385,0.38830000000000003,0.365,0.3678,0.3663,0.3753,0.35950000000000004,0.3668,0.3783,0.396,0.396,0.39980000000000004,0.381,0.38730000000000003,0.38,0.36000000000000004,0.3733,0.3638,0.35600000000000004,0.35600000000000004,0.3728,0.4005,0.401,0.3758,0.3773,0.3765,0.3678,0.3733,0.3638,0.3638,0.35600000000000004,0.3728,0.4005,0.401,0.3758,0.3773,0.3765,0.3678,0.3645,0.3645,0.3578,0.3673,0.3708,0.39430000000000004,0.4,0.3805,0.378,0.389,0.391,0.391,0.38930000000000003,0.3655,0.3783,0.3748,0.38880000000000003,0.38930000000000003,0.3788,0.38630000000000003,0.39180000000000004,0.39180000000000004,0.3885,0.389,0.38,0.364,0.383,0.3715,0.3533,0.3673
2021-10-16 04:00:00,0.47200000000000003,0.46580000000000005,0.47350000000000003,0.513,0.5068,0.5068,0.4993,0.45480000000000004,0.43,0.4413,0.46430000000000005,0.45480000000000004,0.4903,0.499,0.518,0.518,0.5225000000000001,0.5278,0.4768,0.4318,0.4365,0.4733,0.4708,0.459,0.4873,0.4873,0.525,0.4965,0.4595,0.49500000000000005,0.4918,0.45680000000000004,0.4183,0.5095000000000001,0.4978,0.4978,0.47900000000000004,0.4743,0.452,0.465,0.48650000000000004,0.4963,0.45880000000000004,0.4373,0.5485,0.5485,0.549,0.5248,0.5293,0.531,0.5173,0.49050000000000005,0.47200000000000003,0.4565,0.4248,0.5815,0.5885,0.5685,0.5658000000000001,0.5585,0.5618000000000001,0.5475,0.5228,0.499,0.499,0.46230000000000004,0.5938,0.5693,0.5723,0.5875,0.5668000000000001,0.5605,0.5475,0.5228,0.5228,0.499,0.46230000000000004,0.5938,0.5693,0.5723,0.5875,0.5668000000000001,0.5605,0.558,0.558,0.5475,0.5523,0.5388000000000001,0.5873,0.5618000000000001,0.5555,0.5693,0.562,0.5563,0.5563,0.5588000000000001,0.5675,0.5365,0.527,0.5738,0.5408000000000001,0.5263,0.5425,0.5478000000000001,0.5478000000000001,0.521,0.5263,0.5295,0.5337000000000001,0.5255000000000001,0.5465,0.527,0.532,0.5393,0.5393,0.5433,0.5458000000000001,0.5638000000000001,0.5533,0.5285000000000001,0.5107
2021-06-05 03:00:00,0.1075,0.10300000000000001,0.1018,0.10450000000000001,0.1023,0.1033,0.1033,0.10550000000000001,0.1063,0.1073,0.1073,0.1058,0.1028,0.1075,0.1068,0.1063,0.1063,0.1033,0.10550000000000001,0.1063,0.1073,0.1073,0.1058,0.1028,0.1075,0.1068,0.1068,0.1063,0.10650000000000001,0.10500000000000001,0.108,0.1085,0.1048,0.1078,0.1135,0.10650000000000001,0.10650000000000001,0.1063,0.1058,0.1068,0.1063,0.1095,0.114,0.10980000000000001,0.108,0.10880000000000001,0.10880000000000001,0.1063,0.10550000000000001,0.109,0.10550000000000001,0.108,0.1095,0.1165,0.10830000000000001,0.108,0.108,0.10930000000000001,0.11280000000000001,0.11,0.10830000000000001,0.10930000000000001,0.1143,0.1068,0.11030000000000001,0.11130000000000001,0.1105,0.10830000000000001,0.11130000000000001,0.1115,0.109,0.1048,0.11280000000000001,0.1043,0.1105,0.1053,0.1053,0.1148,0.108,0.10700000000000001,0.11130000000000001,0.112,0.1105,0.11280000000000001,0.112,0.112,0.11030000000000001,0.10500000000000001,0.117,0.11080000000000001,0.115,0.11380000000000001,0.11180000000000001,0.1105,0.11280000000000001,0.11280000000000001,0.112,0.11030000000000001,0.10500000000000001,0.117,0.11080000000000001,0.115,0.11380000000000001,0.11180000000000001,0.1153,0.1153,0.11280000000000001,0.1135,0.11280000000000001,0.1095,0.1155,0.11380000000000001,0.113,0.1178,0.1198,0.1198,0.114,0.1213,0.1183,0.1228,0.12300000000000001
2021-09-07 02:00:00,0.3345,0.3215,0.35400000000000004,0.3635,0.3635,0.398,0.3728,0.376,0.381,0.39130000000000004,0.3895,0.3345,0.3215,0.35400000000000004,0.35400000000000004,0.3635,0.31,0.3108,0.3373,0.38580000000000003,0.404,0.3885,0.306,0.2697,0.2697,0.24400000000000002,0.25680000000000003,0.26880000000000004,0.26430000000000003,0.2878,0.35500000000000004,0.3613,0.3905,0.28550000000000003,0.28550000000000003,0.28750000000000003,0.27030000000000004,0.24780000000000002,0.24250000000000002,0.24230000000000002,0.2555,0.3038,0.33030000000000004,0.3503,0.2812,0.2993,0.2938,0.3055,0.3063,0.28750000000000003,0.2655,0.27,0.29100000000000004,0.333,0.333,0.3473,0.32130000000000003,0.32780000000000004,0.3375,0.32630000000000003,0.2713,0.2798,0.2993,0.3008,0.3008,0.329,0.3835,0.3443,0.335,0.3673,0.3403,0.2903,0.2973,0.2973,0.306,0.233,0.27030000000000004,0.3855,0.39380000000000004,0.381,0.38230000000000003,0.3403,0.2903,0.2903,0.2973,0.306,0.233,0.27030000000000004,0.3855,0.39380000000000004,0.381,0.38230000000000003,0.36050000000000004,0.36050000000000004,0.3158,0.3138,0.2998,0.263,0.28400000000000003,0.39630000000000004,0.38280000000000003,0.38680000000000003,0.4058,0.4058,0.39730000000000004,0.39730000000000004,0.3725,0.3428,0.3393,0.3013,0.4055,0.3795,0.372,0.372,0.3668,0.3738,0.3718,0.3628,0.3483,0.3403,0.3015
2021-06-03 05:00:00,0.6900000000000001,0.6733,0.6813,0.6235,0.6188,0.6303000000000001,0.6960000000000001,0.6960000000000001,0.6960000000000001,0.6798000000000001,0.6950000000000001,0.7035,0.6665,0.6343,0.6043000000000001,0.6053000000000001,0.624,0.624,0.6960000000000001,0.6960000000000001,0.6798000000000001,0.6950000000000001,0.7035,0.6665,0.6343,0.6043000000000001,0.6053000000000001,0.6053000000000001,0.624,0.658,0.6818000000000001,0.6950000000000001,0.6765,0.6913,0.6618,0.6023000000000001,0.614,0.614,0.6188,0.6363,0.6328,0.6558,0.6805,0.677,0.6765,0.6533,0.6338,0.6338,0.6448,0.649,0.6595000000000001,0.6325000000000001,0.6733,0.682,0.6523,0.6575000000000001,0.6168,0.6168,0.6243000000000001,0.654,0.6545000000000001,0.6483,0.6323000000000001,0.6453,0.6525000000000001,0.6385000000000001,0.632,0.632,0.631,0.6313000000000001,0.6635,0.654,0.6793,0.6543,0.6375000000000001,0.6058,0.6243000000000001,0.596,0.5905,0.6208,0.6375000000000001,0.6373,0.6533,0.646,0.6663,0.6245,0.6245,0.6233000000000001,0.5938,0.5748,0.6073000000000001,0.6395000000000001,0.6385000000000001,0.678,0.646,0.6663,0.6663,0.6245,0.6233000000000001,0.5938,0.5748,0.6073000000000001,0.6395000000000001,0.6385000000000001,0.678,0.6478,0.6478,0.6355000000000001,0.616,0.6233000000000001,0.6148,0.5828,0.6093000000000001,0.628,0.667,0.6845,0.6845,0.665,0.625,0.6278,0.6088
2021-05-24 01:00:00,0.1038,0.09480000000000001,0.09680000000000001,0.0983,0.094,0.094,0.1003,0.0955,0.0985,0.0988,0.101,0.094,0.09430000000000001,0.09430000000000001,0.0978,0.0978,0.094,0.1003,0.0955,0.0985,0.0988,0.101,0.094,0.09430000000000001,0.09430000000000001,0.09430000000000001,0.0978,0.09530000000000001,0.098,0.0965,0.09730000000000001,0.09580000000000001,0.10200000000000001,0.08900000000000001,0.09530000000000001,0.09530000000000001,0.101,0.0975,0.0993,0.09480000000000001,0.09730000000000001,0.1013,0.099,0.098,0.09330000000000001,0.09330000000000001,0.0965,0.09730000000000001,0.0988,0.09630000000000001,0.09680000000000001,0.0983,0.10550000000000001,0.0978,0.0978,0.0995,0.1038,0.0955,0.1005,0.0983,0.1008,0.0965,0.1023,0.1003,0.0993,0.0993,0.09730000000000001,0.10550000000000001,0.09730000000000001,0.0975,0.096,0.1015,0.0988,0.0985,0.099,0.099,0.099,0.1058,0.1068,0.0995,0.0993,0.0995,0.097,0.1,0.1,0.0995,0.0965,0.099,0.1073,0.11280000000000001,0.1043,0.0975,0.0995,0.097,0.097,0.1,0.0995,0.0965,0.099,0.1073,0.11280000000000001,0.1043,0.0975,0.097,0.097,0.09480000000000001,0.0978,0.0945,0.0985,0.0965,0.11030000000000001,0.109,0.10550000000000001,0.1028,0.1028,0.1043,0.0993,0.0985,0.09680000000000001,0.1023,0.10500000000000001
2021-05-25 02:00:00,0.38730000000000003,0.41250000000000003,0.4415,0.41000000000000003,0.40850000000000003,0.40850000000000003,0.3975,0.387,0.4218,0.3925,0.3043,0.41500000000000004,0.4323,0.4685,0.47700000000000004,0.47700000000000004,0.40850000000000003,0.3975,0.387,0.4218,0.3925,0.3043,0.41500000000000004,0.4323,0.4685,0.4685,0.47700000000000004,0.45730000000000004,0.4143,0.4108,0.41200000000000003,0.3945,0.39680000000000004,0.4348,0.45080000000000003,0.45080000000000003,0.48100000000000004,0.4703,0.4615,0.42850000000000005,0.4055,0.4113,0.3793,0.3808,0.453,0.453,0.47600000000000003,0.456,0.4388,0.4238,0.38830000000000003,0.38130000000000003,0.3945,0.35700000000000004,0.38130000000000003,0.4398,0.4338,0.4198,0.3168,0.2928,0.342,0.32430000000000003,0.36000000000000004,0.389,0.3835,0.3835,0.4318,0.433,0.3865,0.3195,0.3425,0.38480000000000003,0.3643,0.3393,0.383,0.383,0.39630000000000004,0.38180000000000003,0.4128,0.3093,0.3163,0.3895,0.3385,0.308,0.308,0.32430000000000003,0.40650000000000003,0.4163,0.366,0.38380000000000003,0.31980000000000003,0.3443,0.3895,0.3385,0.3385,0.308,0.32430000000000003,0.40650000000000003,0.4163,0.366,0.38380000000000003,0.31980000000000003,0.3443,0.40800000000000003,0.40800000000000003,0.35450000000000004,0.317,0.3768,0.4295,0.41100000000000003,0.3743,0.41550000000000004,0.39030000000000004,0.3758,0.3758,0.4098,0.41800000000000004,0.3598,0.39930000000000004,0.4288,0.386
2021-06-03 01:00:00,0.4993,0.501,0.4978,0.48750000000000004,0.525,0.525,0.514,0.49250000000000005,0.47050000000000003,0.4823,0.4763,0.5008,0.4948,0.4828,0.46880000000000005,0.46880000000000005,0.525,0.514,0.49250000000000005,0.47050000000000003,0.4823,0.4763,0.5008,0.4948,0.4828,0.4828,0.46880000000000005,0.505,0.49300000000000005,0.4753,0.4808,0.5033,0.49400000000000005,0.4955,0.48900000000000005,0.48900000000000005,0.47850000000000004,0.4665,0.4783,0.4918,0.48850000000000005,0.4943,0.504,0.522,0.4853,0.4853,0.48400000000000004,0.47500000000000003,0.48100000000000004,0.48400000000000004,0.4698,0.4888,0.5085000000000001,0.5238,0.52,0.48350000000000004,0.4838,0.48650000000000004,0.49400000000000005,0.4943,0.4883,0.47650000000000003,0.502,0.506,0.5143,0.5143,0.4545,0.4665,0.4728,0.49500000000000005,0.4933,0.4955,0.49200000000000005,0.5095000000000001,0.5103,0.5103,0.52,0.4455,0.46330000000000005,0.44830000000000003,0.4723,0.4763,0.47900000000000004,0.49300000000000005,0.49300000000000005,0.4973,0.5143,0.5028,0.4388,0.4555,0.46430000000000005,0.48500000000000004,0.4763,0.47900000000000004,0.47900000000000004,0.49300000000000005,0.4973,0.5143,0.5028,0.4388,0.4555,0.46430000000000005,0.48500000000000004,0.4798,0.4798,0.48850000000000005,0.47200000000000003,0.48800000000000004,0.51,0.48250000000000004,0.45430000000000004,0.4693,0.4703,0.47350000000000003,0.47350000000000003,0.4853,0.48950000000000005,0.4615,0.48700000000000004,0.4995,0.5107
2021-07-31 03:00:00,0.1173,0.1155,0.114,0.11380000000000001,0.1145,0.1163,0.1163,0.1178,0.11750000000000001,0.1183,0.11,0.1208,0.11380000000000001,0.115,0.1173,0.11330000000000001,0.11330000000000001,0.1163,0.1178,0.11750000000000001,0.1183,0.11,0.1208,0.11380000000000001,0.115,0.1173,0.1173,0.11330000000000001,0.12050000000000001,0.116,0.11900000000000001,0.11750000000000001,0.1145,0.1145,0.1188,0.116,0.116,0.11800000000000001,0.1188,0.11330000000000001,0.1213,0.11750000000000001,0.12250000000000001,0.12150000000000001,0.116,0.1168,0.1168,0.114,0.1158,0.1165,0.1143,0.1173,0.116,0.1233,0.1178,0.1135,0.1135,0.1155,0.1165,0.1158,0.1173,0.11900000000000001,0.1143,0.1198,0.12250000000000001,0.11900000000000001,0.116,0.116,0.11280000000000001,0.117,0.116,0.1178,0.1193,0.1153,0.1213,0.1165,0.1165,0.11850000000000001,0.1155,0.1198,0.12050000000000001,0.1183,0.1163,0.1178,0.1148,0.1148,0.117,0.1188,0.128,0.1168,0.1168,0.11230000000000001,0.12200000000000001,0.1163,0.1178,0.1178,0.1148,0.117,0.1188,0.128,0.1168,0.1168,0.11230000000000001,0.12200000000000001,0.11380000000000001,0.11380000000000001,0.1188,0.1178,0.1153,0.1163,0.1165,0.1178,0.117,0.1168,0.1155,0.1155,0.1155,0.1188,0.11900000000000001,0.12100000000000001,0.1163
2021-11-14 03:00:00,0.1048,0.1005,0.1028,0.10500000000000001,0.10500000000000001,0.10350000000000001,0.10300000000000001,0.1028,0.1043,0.10650000000000001,0.1075,0.1085,0.10400000000000001,0.1073,0.1073,0.1028,0.10650000000000001,0.1063,0.1063,0.1053,0.1085,0.11180000000000001,0.10700000000000001,0.1075,0.1075,0.10200000000000001,0.10400000000000001,0.1028,0.10550000000000001,0.11,0.1028,0.1073,0.10930000000000001,0.1073,0.1073,0.1068,0.1058,0.10600000000000001,0.1078,0.10650000000000001,0.11180000000000001,0.10980000000000001,0.10400000000000001,0.1053,0.10980000000000001,0.1075,0.1085,0.108,0.10550000000000001,0.1073,0.10700000000000001,0.1095,0.1125,0.1105,0.1105,0.1078,0.10980000000000001,0.11030000000000001,0.10550000000000001,0.11180000000000001,0.112,0.1075,0.108,0.108,0.113,0.1115,0.10830000000000001,0.11230000000000001,0.10450000000000001,0.11080000000000001,0.11,0.112,0.1075,0.1075,0.108,0.113,0.1115,0.10830000000000001,0.11230000000000001,0.10450000000000001,0.11080000000000001,0.11,0.113,0.113,0.1105,0.10450000000000001,0.1105,0.11130000000000001,0.1115,0.1078,0.111,0.11130000000000001,0.1163,0.1163,0.1153,0.1063,0.109,0.11080000000000001,0.11380000000000001,0.11130000000000001,0.113,0.1148,0.115,0.115,0.11080000000000001,0.1165,0.1143,0.1075,0.1143,0.1178,0.11280000000000001,0.1143,0.1153,0.1153,0.1135,0.1165,0.12050000000000001,0.11750000000000001,0.11280000000000001,0.1193,0.1158
2021-05-12 04:00:00,0.5675,0.5728,0.6083000000000001,0.629,0.5928,0.5703,0.5623,0.5623,0.553,0.5205000000000001,0.5337000000000001,0.6115,0.596,0.637,0.61,0.6128,0.5528000000000001,0.5528000000000001,0.5623,0.553,0.5205000000000001,0.5337000000000001,0.6115,0.596,0.637,0.61,0.6128,0.6128,0.5528000000000001,0.5518000000000001,0.5438000000000001,0.5258,0.5165000000000001,0.5933,0.5968,0.5873,0.5908,0.5908,0.5623,0.538,0.5348,0.5103,0.5085000000000001,0.4938,0.5958,0.6173000000000001,0.606,0.606,0.5833,0.5533,0.5358,0.531,0.517,0.5095000000000001,0.505,0.5808,0.5855,0.5855,0.6338,0.6153000000000001,0.6008,0.5715,0.5680000000000001,0.5473,0.513,0.5222,0.5643,0.5643,0.5680000000000001,0.6015,0.641,0.5955,0.5635,0.553,0.5515,0.5413,0.5235000000000001,0.6205,0.6073000000000001,0.6263000000000001,0.6313000000000001,0.5953,0.5890000000000001,0.5688,0.5700000000000001,0.5543,0.5543,0.5653,0.6018,0.5993,0.6073000000000001,0.597,0.5903,0.5985,0.5688,0.5700000000000001,0.5700000000000001,0.5543,0.5653,0.6018,0.5993,0.6073000000000001,0.597,0.5903,0.5985,0.5718,0.5718,0.5635,0.5685,0.5673,0.5725,0.5943,0.5813,0.5713,0.5710000000000001,0.551,0.551,0.5578000000000001,0.5758,0.5650000000000001,0.5583
2021-06-04 01:00:00,0.0825,0.07780000000000001,0.07930000000000001,0.083,0.0868,0.0868,0.0873,0.09480000000000001,0.09280000000000001,0.08950000000000001,0.0853,0.0785,0.0805,0.08080000000000001,0.0843,0.0843,0.0868,0.0873,0.09480000000000001,0.09280000000000001,0.08950000000000001,0.0853,0.0785,0.0805,0.08080000000000001,0.08080000000000001,0.0843,0.09230000000000001,0.091,0.0893,0.0978,0.0898,0.094,0.084,0.082,0.082,0.0848,0.0828,0.0893,0.08650000000000001,0.093,0.0978,0.09280000000000001,0.099,0.085,0.085,0.0838,0.0813,0.0853,0.08600000000000001,0.092,0.09230000000000001,0.0918,0.08850000000000001,0.0878,0.0855,0.0858,0.08650000000000001,0.0858,0.0835,0.0858,0.0913,0.092,0.085,0.08600000000000001,0.08600000000000001,0.0813,0.085,0.08600000000000001,0.0815,0.0805,0.0855,0.0843,0.0838,0.0843,0.0843,0.0903,0.091,0.0843,0.0898,0.0925,0.0855,0.0848,0.083,0.083,0.0873,0.0828,0.0873,0.0855,0.0855,0.08750000000000001,0.08600000000000001,0.0855,0.0848,0.0848,0.083,0.0873,0.0828,0.0873,0.0855,0.0855,0.08750000000000001,0.08600000000000001,0.08850000000000001,0.08850000000000001,0.0858,0.083,0.08800000000000001,0.0868,0.0838,0.08700000000000001,0.08750000000000001,0.0908,0.0878,0.0878,0.08700000000000001,0.08900000000000001,0.0898,0.09330000000000001,0.0903,0.09230000000000001
2021-08-09 02:00:00,0.6085,0.6583,0.6263000000000001,0.5873,0.5775,0.5775,0.4828,0.44630000000000003,0.4233,0.5078,0.5675,0.5815,0.6255000000000001,0.6233000000000001,0.5700000000000001,0.5700000000000001,0.5775,0.4828,0.44630000000000003,0.4233,0.5078,0.5675,0.5815,0.6255000000000001,0.6233000000000001,0.6233000000000001,0.5700000000000001,0.5393,0.4415,0.4043,0.45,0.539,0.5770000000000001,0.558,0.6068,0.6068,0.6088,0.5425,0.4818,0.466,0.4015,0.464,0.48950000000000005,0.5518000000000001,0.5945,0.5945,0.599,0.5635,0.5225000000000001,0.4958,0.46430000000000005,0.397,0.46080000000000004,0.48450000000000004,0.5038,0.5545,0.5763,0.5773,0.5485,0.5225000000000001,0.507,0.46230000000000004,0.4218,0.4378,0.4433,0.4433,0.6155,0.5733,0.5738,0.5428000000000001,0.5428000000000001,0.5143,0.46630000000000005,0.4923,0.4883,0.4883,0.4375,0.5825,0.5348,0.5605,0.5838,0.5585,0.526,0.47600000000000003,0.47600000000000003,0.5015000000000001,0.5245000000000001,0.5158,0.5318,0.48550000000000004,0.5203,0.5088,0.5585,0.526,0.526,0.47600000000000003,0.5015000000000001,0.5245000000000001,0.5158,0.5318,0.48550000000000004,0.5203,0.5088,0.5155000000000001,0.5155000000000001,0.539,0.5003000000000001,0.532,0.5418000000000001,0.529,0.502,0.42800000000000005,0.4978,0.5255000000000001,0.5255000000000001,0.5435,0.543,0.515,0.5248,0.5235000000000001,0.4635
2021-11-12 04:00:00,0.2878,0.28600000000000003,0.318,0.3153,0.25780000000000003,0.25780000000000003,0.22130000000000002,0.2343,0.218,0.21380000000000002,0.24680000000000002,0.2923,0.3275,0.2918,0.264,0.264,0.26630000000000004,0.2788,0.2795,0.264,0.2733,0.26180000000000003,0.316,0.2893,0.2485,0.2485,0.24500000000000002,0.281,0.276,0.27,0.252,0.24200000000000002,0.2305,0.3275,0.2878,0.2878,0.24280000000000002,0.23850000000000002,0.261,0.2558,0.264,0.266,0.2548,0.23500000000000001,0.3235,0.3235,0.2558,0.2278,0.2325,0.23700000000000002,0.26930000000000004,0.27030000000000004,0.251,0.2625,0.259,0.3153,0.29500000000000004,0.24450000000000002,0.2305,0.24630000000000002,0.252,0.268,0.28200000000000003,0.2675,0.2675,0.2575,0.2635,0.25730000000000003,0.2773,0.2713,0.2625,0.2548,0.268,0.28200000000000003,0.28200000000000003,0.2675,0.2575,0.2635,0.25730000000000003,0.2773,0.2713,0.2625,0.2548,0.2843,0.2843,0.271,0.223,0.1988,0.2273,0.2353,0.24380000000000002,0.2655,0.28400000000000003,0.2728,0.2728,0.2543,0.2088,0.18050000000000002,0.17,0.268,0.28350000000000003,0.3,0.317,0.3018,0.3018,0.2518,0.21450000000000002,0.17950000000000002,0.1638,0.164,0.256,0.28500000000000003,0.2882,0.24350000000000002,0.24350000000000002,0.1973,0.1668,0.1628,0.1623,0.1613,0.167
2021-06-10 05:00:00,0.26830000000000004,0.2555,0.24730000000000002,0.2268,0.22,0.2233,0.21830000000000002,0.21830000000000002,0.257,0.23,0.264,0.24150000000000002,0.25880000000000003,0.2725,0.2553,0.24080000000000001,0.26080000000000003,0.26080000000000003,0.21830000000000002,0.257,0.23,0.264,0.24150000000000002,0.25880000000000003,0.2725,0.2553,0.24080000000000001,0.24080000000000001,0.26080000000000003,0.2305,0.25120000000000003,0.25780000000000003,0.25630000000000003,0.2265,0.24250000000000002,0.2635,0.28450000000000003,0.28450000000000003,0.268,0.24730000000000002,0.24530000000000002,0.2348,0.23550000000000001,0.2368,0.1883,0.2048,0.23,0.23,0.261,0.2878,0.3093,0.3015,0.2928,0.2778,0.24630000000000002,0.185,0.188,0.188,0.1998,0.229,0.24930000000000002,0.28900000000000003,0.3095,0.313,0.3063,0.28550000000000003,0.1743,0.1743,0.18380000000000002,0.1928,0.20500000000000002,0.2155,0.24130000000000001,0.274,0.303,0.3048,0.29250000000000004,0.1825,0.18430000000000002,0.1865,0.18580000000000002,0.1898,0.18530000000000002,0.186,0.1915,0.21630000000000002,0.21630000000000002,0.2495,0.1753,0.18100000000000002,0.1708,0.1695,0.1715,0.1768,0.186,0.1915,0.1915,0.21630000000000002,0.2495,0.1753,0.18100000000000002,0.1708,0.1695,0.1715,0.1768,0.1773,0.1773,0.18730000000000002,0.20950000000000002,0.2003,0.169,0.1718,0.1773,0.1773,0.17700000000000002,0.17800000000000002,0.17800000000000002,0.17830000000000001,0.185,0.20400000000000001,0.21780000000000002
2021-12-03 04:00:00,0.11180000000000001,0.11180000000000001,0.11,0.11080000000000001,0.11080000000000001,0.111,0.11130000000000001,0.1158,0.117,0.11750000000000001,0.1203,0.1095,0.11030000000000001,0.11130000000000001,0.11130000000000001,0.11950000000000001,0.112,0.1078,0.11330000000000001,0.11380000000000001,0.1075,0.1153,0.1135,0.11,0.11,0.115,0.1168,0.1155,0.1135,0.11380000000000001,0.116,0.112,0.1178,0.11230000000000001,0.11230000000000001,0.117,0.1165,0.1148,0.1125,0.113,0.116,0.11030000000000001,0.1143,0.1135,0.1145,0.1143,0.1148,0.1183,0.116,0.12300000000000001,0.1153,0.1155,0.115,0.115,0.1158,0.1115,0.11130000000000001,0.1178,0.11800000000000001,0.1168,0.1165,0.1153,0.1155,0.1155,0.115,0.1158,0.1115,0.11130000000000001,0.1178,0.11800000000000001,0.1168,0.1165,0.116,0.116,0.11330000000000001,0.11850000000000001,0.1148,0.1165,0.11750000000000001,0.11850000000000001,0.1145,0.11950000000000001,0.11380000000000001,0.11380000000000001,0.1183,0.114,0.1178,0.1165,0.11800000000000001,0.1148,0.11750000000000001,0.1198,0.1168,0.1168,0.1188,0.11800000000000001,0.11900000000000001,0.1198,0.11950000000000001,0.1165,0.1173,0.1155,0.11900000000000001,0.11900000000000001,0.11900000000000001,0.1193,0.11950000000000001,0.1213,0.11950000000000001,0.1213,0.117,0.117,0.1198,0.1198,0.1173,0.1168,0.11850000000000001,0.1198,0.1155,0.12430000000000001,0.1208
2021-05-04 05:00:00,0.18130000000000002,0.18000000000000002,0.1733,0.1675,0.1778,0.1663,0.17400000000000002,0.17400000000000002,0.1705,0.1703,0.1773,0.2028,0.1898,0.17250000000000001,0.1683,0.1713,0.1738,0.1738,0.17400000000000002,0.1705,0.1703,0.1773,0.2028,0.1898,0.17250000000000001,0.1683,0.1713,0.1713,0.1738,0.1685,0.1663,0.1693,0.1698,0.1988,0.19,0.17950000000000002,0.18050000000000002,0.18050000000000002,0.1773,0.1715,0.1743,0.1715,0.17300000000000001,0.17700000000000002,0.1995,0.18730000000000002,0.18580000000000002,0.18580000000000002,0.18780000000000002,0.184,0.18050000000000002,0.1768,0.17830000000000001,0.1743,0.1778,0.2233,0.20980000000000001,0.20980000000000001,0.1905,0.1925,0.1883,0.1925,0.18080000000000002,0.17400000000000002,0.17450000000000002,0.17400000000000002,0.217,0.217,0.21450000000000002,0.201,0.1888,0.19,0.2003,0.1875,0.1905,0.17830000000000001,0.17500000000000002,0.27,0.255,0.2255,0.225,0.21200000000000002,0.195,0.18680000000000002,0.1865,0.1938,0.1938,0.2078,0.29250000000000004,0.26880000000000004,0.2265,0.20500000000000002,0.21050000000000002,0.21430000000000002,0.18680000000000002,0.1865,0.1865,0.1938,0.2078,0.29250000000000004,0.26880000000000004,0.2265,0.20500000000000002,0.21050000000000002,0.21430000000000002,0.20650000000000002,0.20650000000000002,0.1948,0.2003,0.1965,0.2485,0.24180000000000001,0.24780000000000002,0.23850000000000002,0.21250000000000002,0.21000000000000002,0.21000000000000002,0.2073,0.1925,0.1935,0.1945
2021-07-09 04:00:00,0.17800000000000002,0.1643,0.17500000000000002,0.2715,0.2303,0.23700000000000002,0.266,0.266,0.2218,0.169,0.1608,0.1985,0.1575,0.17880000000000001,0.2245,0.2358,0.229,0.229,0.266,0.2218,0.169,0.1608,0.1985,0.1575,0.17880000000000001,0.2245,0.2358,0.2358,0.229,0.20850000000000002,0.24580000000000002,0.21100000000000002,0.1578,0.25730000000000003,0.21230000000000002,0.186,0.2043,0.2043,0.29500000000000004,0.233,0.255,0.2763,0.32280000000000003,0.1988,0.1578,0.21730000000000002,0.1758,0.1758,0.1935,0.2505,0.24180000000000001,0.21530000000000002,0.3138,0.337,0.2255,0.1443,0.1958,0.1958,0.2565,0.1935,0.18780000000000002,0.17550000000000002,0.2705,0.21880000000000002,0.272,0.2958,0.14830000000000002,0.14830000000000002,0.194,0.251,0.2995,0.22130000000000002,0.1698,0.2745,0.24930000000000002,0.1993,0.2743,0.14850000000000002,0.16,0.18050000000000002,0.3053,0.1875,0.234,0.228,0.169,0.1665,0.1665,0.1763,0.15130000000000002,0.1568,0.1695,0.24830000000000002,0.199,0.23550000000000001,0.228,0.169,0.169,0.1665,0.1763,0.15130000000000002,0.1568,0.1695,0.24830000000000002,0.199,0.23550000000000001,0.195,0.195,0.1615,0.1608,0.1628,0.15480000000000002,0.1545,0.18530000000000002,0.1948,0.2005,0.168,0.168,0.1865,0.1603,0.14750000000000002,0.1443
2021-09-07 03:00:00,0.3835,0.31930000000000003,0.401,0.45380000000000004,0.4278,0.4278,0.438,0.4033,0.3613,0.33180000000000004,0.308,0.3835,0.31930000000000003,0.401,0.45380000000000004,0.45380000000000004,0.4278,0.4283,0.4355,0.436,0.4045,0.36000000000000004,0.3528,0.389,0.3728,0.3728,0.3768,0.42700000000000005,0.3995,0.451,0.46950000000000003,0.4315,0.42700000000000005,0.36000000000000004,0.402,0.402,0.40800000000000003,0.35950000000000004,0.3755,0.3703,0.44730000000000003,0.454,0.4465,0.42750000000000005,0.40180000000000005,0.40180000000000005,0.42800000000000005,0.45980000000000004,0.42050000000000004,0.3955,0.396,0.46730000000000005,0.4983,0.46830000000000005,0.448,0.3875,0.4138,0.44480000000000003,0.4898,0.4893,0.453,0.4495,0.46280000000000004,0.4928,0.48000000000000004,0.48000000000000004,0.438,0.447,0.44,0.47200000000000003,0.48300000000000004,0.4838,0.5033,0.48300000000000004,0.48300000000000004,0.5075000000000001,0.47450000000000003,0.4928,0.47600000000000003,0.45330000000000004,0.457,0.46880000000000005,0.4838,0.5033,0.5033,0.48300000000000004,0.5075000000000001,0.47450000000000003,0.4928,0.47600000000000003,0.45330000000000004,0.457,0.46880000000000005,0.46880000000000005,0.46880000000000005,0.49300000000000005,0.503,0.5203,0.4873,0.4535,0.4288,0.41750000000000004,0.42000000000000004,0.4388,0.4388,0.4798,0.4803,0.4818,0.49300000000000005,0.5095000000000001,0.4385,0.4283,0.4068,0.38630000000000003,0.38630000000000003,0.4058,0.4238,0.45730000000000004,0.47700000000000004,0.4743,0.49400000000000005
2021-11-03 03:00:00,0.1705,0.1825,0.17450000000000002,0.1665,0.1665,0.15330000000000002,0.1565,0.157,0.15380000000000002,0.153,0.1515,0.183,0.1723,0.1645,0.1645,0.15330000000000002,0.14930000000000002,0.1463,0.14850000000000002,0.14650000000000002,0.15080000000000002,0.149,0.14980000000000002,0.15,0.15,0.1515,0.1535,0.1453,0.14650000000000002,0.14850000000000002,0.14800000000000002,0.15080000000000002,0.14980000000000002,0.14800000000000002,0.14800000000000002,0.1433,0.149,0.14400000000000002,0.14200000000000002,0.1448,0.14450000000000002,0.14350000000000002,0.1458,0.1448,0.14600000000000002,0.14550000000000002,0.1453,0.14850000000000002,0.14650000000000002,0.14800000000000002,0.14700000000000002,0.1448,0.14850000000000002,0.14930000000000002,0.14930000000000002,0.1448,0.14730000000000001,0.14750000000000002,0.14730000000000001,0.14930000000000002,0.14780000000000001,0.14780000000000001,0.14850000000000002,0.14850000000000002,0.14880000000000002,0.14800000000000002,0.14800000000000002,0.15130000000000002,0.14880000000000002,0.15230000000000002,0.14980000000000002,0.14780000000000001,0.14780000000000001,0.14780000000000001,0.14850000000000002,0.14880000000000002,0.14800000000000002,0.14800000000000002,0.15130000000000002,0.14880000000000002,0.15230000000000002,0.14980000000000002,0.1555,0.1555,0.14930000000000002,0.15130000000000002,0.15230000000000002,0.1535,0.1448,0.14780000000000001,0.14800000000000002,0.14750000000000002,0.14500000000000002,0.14500000000000002,0.14400000000000002,0.14100000000000001,0.14750000000000002,0.14930000000000002,0.15030000000000002,0.14800000000000002,0.14830000000000002,0.14880000000000002,0.1495,0.1495,0.14850000000000002,0.14650000000000002,0.15,0.15080000000000002,0.154,0.15180000000000002,0.14550000000000002,0.149,0.14700000000000002,0.14700000000000002,0.14700000000000002,0.14780000000000001,0.14730000000000001,0.153,0.14930000000000002,0.1495,0.15180000000000002
2021-02-17 04:00:00,0.1368,0.134,0.1358,0.1428,0.1428,0.1353,0.1358,0.1373,0.1385,0.1395,0.14,0.1358,0.1353,0.1328,0.1328,0.1368,0.1385,0.138,0.1388,0.1405,0.1443,0.1403,0.1383,0.1458,0.1458,0.1438,0.1468,0.14850000000000002,0.1463,0.14450000000000002,0.14750000000000002,0.1458,0.14880000000000002,0.139,0.139,0.1405,0.1413,0.1388,0.1385,0.14300000000000002,0.14600000000000002,0.1405,0.14500000000000002,0.14350000000000002,0.1423,0.1395,0.1393,0.139,0.1383,0.1405,0.1403,0.14550000000000002,0.1418,0.1418,0.1418,0.1398,0.14,0.13770000000000002,0.1393,0.1375,0.14,0.1393,0.14100000000000001,0.14100000000000001,0.14,0.1448,0.1463,0.14350000000000002,0.14400000000000002,0.14400000000000002,0.1458,0.14,0.1393,0.1393,0.14100000000000001,0.14,0.1448,0.1463,0.14350000000000002,0.14400000000000002,0.14400000000000002,0.1458,0.14830000000000002,0.14830000000000002,0.1443,0.14550000000000002,0.14500000000000002,0.14700000000000002,0.14500000000000002,0.14250000000000002,0.1405,0.14,0.1398,0.1398,0.1408,0.14150000000000001,0.1408,0.14830000000000002,0.1438,0.139,0.1408,0.1423,0.14300000000000002,0.14300000000000002,0.14150000000000001,0.1468,0.14830000000000002,0.1428,0.14800000000000002,0.14450000000000002,0.13770000000000002,0.14,0.1395,0.1395,0.1408,0.1403,0.14600000000000002,0.14350000000000002,0.1433,0.14500000000000002,0.14500000000000002
2021-04-26 03:00:00,0.681,0.6788000000000001,0.6728000000000001,0.658,0.6533,0.6533,0.647,0.6268,0.6393,0.6373,0.6013000000000001,0.681,0.6788000000000001,0.6728000000000001,0.658,0.658,0.6533,0.6575000000000001,0.6415000000000001,0.63,0.6055,0.5743,0.6085,0.6448,0.6755,0.6755,0.6633,0.6525000000000001,0.6585000000000001,0.6555000000000001,0.6383,0.6218,0.6063000000000001,0.5920000000000001,0.6418,0.6418,0.6198,0.6375000000000001,0.6553,0.6518,0.6625,0.628,0.6343,0.6348,0.6355000000000001,0.6355000000000001,0.6323000000000001,0.6113000000000001,0.6385000000000001,0.6188,0.6568,0.678,0.6593,0.6575000000000001,0.6518,0.6435000000000001,0.6368,0.616,0.6188,0.6278,0.6108,0.607,0.6525000000000001,0.6578,0.6463,0.6463,0.623,0.6035,0.5818,0.5893,0.6435000000000001,0.6695,0.6075,0.611,0.611,0.6205,0.615,0.6483,0.6113000000000001,0.5565,0.5813,0.6303000000000001,0.6695,0.6075,0.6075,0.611,0.6205,0.615,0.6483,0.6113000000000001,0.5565,0.5813,0.6303000000000001,0.616,0.616,0.5783,0.618,0.5740000000000001,0.5668000000000001,0.6505000000000001,0.6363,0.5978,0.623,0.6455000000000001,0.6455000000000001,0.6068,0.5875,0.5725,0.5633,0.55,0.6378,0.637,0.6255000000000001,0.61,0.61,0.6223000000000001,0.6083000000000001,0.5690000000000001,0.5683,0.5718,0.5498000000000001
2021-09-21 04:00:00,0.1233,0.12380000000000001,0.12050000000000001,0.1288,0.124,0.12250000000000001,0.12250000000000001,0.12250000000000001,0.1203,0.1203,0.1228,0.1233,0.12380000000000001,0.12050000000000001,0.1288,0.124,0.124,0.12250000000000001,0.1233,0.12250000000000001,0.1263,0.1255,0.1253,0.12350000000000001,0.1223,0.12350000000000001,0.12350000000000001,0.1255,0.1263,0.1218,0.1258,0.1308,0.1295,0.1263,0.1258,0.1275,0.1275,0.1258,0.1355,0.1258,0.1305,0.1285,0.1355,0.136,0.1265,0.1263,0.1263,0.1265,0.1253,0.1275,0.12430000000000001,0.1275,0.1295,0.129,0.128,0.1273,0.1273,0.12480000000000001,0.1263,0.12430000000000001,0.125,0.124,0.1305,0.1298,0.1305,0.1258,0.126,0.128,0.1253,0.1283,0.1273,0.1278,0.1263,0.1268,0.1315,0.1315,0.131,0.127,0.1368,0.1305,0.1325,0.1305,0.1273,0.1263,0.1268,0.1268,0.1315,0.131,0.127,0.1368,0.1305,0.1325,0.1305,0.1273,0.1268,0.1268,0.1263,0.1233,0.133,0.126,0.1315,0.1273,0.1285,0.1278,0.126,0.126,0.1265,0.1278,0.12430000000000001,0.1285,0.1268,0.1265,0.1305,0.1265,0.13,0.13,0.127,0.129,0.1268,0.1278,0.1278
2021-03-30 02:00:00,0.32,0.32680000000000003,0.33380000000000004,0.32680000000000003,0.32680000000000003,0.32,0.32730000000000004,0.3205,0.33230000000000004,0.33680000000000004,0.32180000000000003,0.32,0.32680000000000003,0.33380000000000004,0.33380000000000004,0.32680000000000003,0.3158,0.325,0.32180000000000003,0.32080000000000003,0.3215,0.32280000000000003,0.32880000000000004,0.33280000000000004,0.33280000000000004,0.343,0.3275,0.322,0.3275,0.3305,0.3235,0.3105,0.305,0.33280000000000004,0.33280000000000004,0.3488,0.3443,0.3408,0.3235,0.3158,0.3113,0.3148,0.3073,0.2953,0.32830000000000004,0.3443,0.35250000000000004,0.3468,0.3548,0.3528,0.329,0.3028,0.2998,0.2968,0.2968,0.324,0.3518,0.3393,0.3448,0.3715,0.35800000000000004,0.3523,0.34650000000000003,0.3105,0.3105,0.303,0.3123,0.3448,0.321,0.3523,0.36000000000000004,0.3613,0.35900000000000004,0.35900000000000004,0.35300000000000004,0.343,0.336,0.314,0.3085,0.32730000000000004,0.32630000000000003,0.36000000000000004,0.3613,0.3613,0.35900000000000004,0.35300000000000004,0.343,0.336,0.314,0.3085,0.32730000000000004,0.32630000000000003,0.33080000000000004,0.33080000000000004,0.3463,0.337,0.3553,0.3588,0.34900000000000003,0.3185,0.3235,0.32430000000000003,0.325,0.325,0.3163,0.32330000000000003,0.3088,0.3355,0.3433,0.3403,0.335,0.32880000000000004,0.3138,0.3138,0.3143,0.303,0.31880000000000003,0.32,0.33430000000000004,0.3423,0.32330000000000003
2021-08-13 03:00:00,0.6153000000000001,0.619,0.6055,0.621,0.641,0.6605000000000001,0.6605000000000001,0.652,0.6293000000000001,0.652,0.6285000000000001,0.6228,0.6658000000000001,0.6583,0.6435000000000001,0.6325000000000001,0.6325000000000001,0.6605000000000001,0.652,0.6293000000000001,0.652,0.6285000000000001,0.6228,0.6658000000000001,0.6583,0.6435000000000001,0.6435000000000001,0.6325000000000001,0.6635,0.6625,0.6803,0.6838000000000001,0.6815,0.6445000000000001,0.6603,0.6668000000000001,0.6668000000000001,0.6495000000000001,0.6485000000000001,0.678,0.6618,0.6973,0.7215,0.6925,0.6353,0.6538,0.6538,0.6633,0.6618,0.6658000000000001,0.6985,0.686,0.6878000000000001,0.7085,0.6803,0.6088,0.6088,0.6438,0.686,0.6878000000000001,0.6658000000000001,0.6808000000000001,0.6778000000000001,0.656,0.652,0.6695,0.7028,0.616,0.6255000000000001,0.679,0.6940000000000001,0.6708000000000001,0.6615,0.6723,0.6458,0.6278,0.6278,0.7513000000000001,0.6825,0.6705,0.6728000000000001,0.684,0.6653,0.6643,0.6438,0.6438,0.5903,0.6058,0.7183,0.6853,0.6980000000000001,0.7078,0.7023,0.6653,0.6643,0.6643,0.6438,0.5903,0.6058,0.7183,0.6853,0.6980000000000001,0.7078,0.7023,0.7020000000000001,0.7020000000000001,0.644,0.6153000000000001,0.6005,0.6373,0.7453000000000001,0.7070000000000001,0.6883,0.7118,0.7083,0.7083,0.7043,0.6735,0.658,0.6433,0.6488
2021-11-25 03:00:00,0.1068,0.1068,0.1048,0.1048,0.10700000000000001,0.11030000000000001,0.1073,0.10650000000000001,0.1085,0.11230000000000001,0.10930000000000001,0.10350000000000001,0.1078,0.1078,0.10450000000000001,0.10450000000000001,0.1068,0.10350000000000001,0.1058,0.10550000000000001,0.10500000000000001,0.1058,0.1063,0.1063,0.10600000000000001,0.108,0.1023,0.1058,0.1075,0.1085,0.1085,0.1068,0.1033,0.1048,0.10700000000000001,0.108,0.1095,0.1063,0.1105,0.10830000000000001,0.1058,0.10930000000000001,0.108,0.108,0.1058,0.10930000000000001,0.11180000000000001,0.112,0.11230000000000001,0.11,0.11080000000000001,0.11130000000000001,0.11130000000000001,0.10830000000000001,0.111,0.1095,0.10930000000000001,0.10830000000000001,0.11,0.11130000000000001,0.11,0.11080000000000001,0.11080000000000001,0.11130000000000001,0.10830000000000001,0.111,0.1095,0.10930000000000001,0.10830000000000001,0.11,0.11130000000000001,0.10700000000000001,0.10700000000000001,0.1085,0.109,0.108,0.11080000000000001,0.10930000000000001,0.1183,0.10830000000000001,0.11380000000000001,0.1095,0.1095,0.11180000000000001,0.10400000000000001,0.10930000000000001,0.11380000000000001,0.1145,0.11380000000000001,0.10880000000000001,0.109,0.11230000000000001,0.11230000000000001,0.11130000000000001,0.11380000000000001,0.11280000000000001,0.1148,0.11230000000000001,0.11380000000000001,0.1095,0.109,0.111,0.111,0.1115,0.11380000000000001,0.1153,0.11800000000000001,0.117,0.11080000000000001,0.1095,0.10880000000000001,0.11030000000000001,0.11030000000000001,0.11,0.1143,0.11280000000000001,0.10980000000000001,0.1135,0.113,0.1253,0.1143
2021-05-08 02:00:00,0.1068,0.108,0.10650000000000001,0.11,0.10930000000000001,0.10930000000000001,0.1075,0.111,0.11280000000000001,0.11030000000000001,0.11330000000000001,0.1075,0.108,0.108,0.1153,0.1153,0.10930000000000001,0.1075,0.111,0.11280000000000001,0.11030000000000001,0.11330000000000001,0.1075,0.108,0.108,0.108,0.1153,0.11,0.10880000000000001,0.109,0.112,0.10830000000000001,0.11030000000000001,0.10880000000000001,0.1125,0.1125,0.1105,0.114,0.11280000000000001,0.11230000000000001,0.10930000000000001,0.12000000000000001,0.11030000000000001,0.111,0.11280000000000001,0.11280000000000001,0.10700000000000001,0.1095,0.1115,0.10880000000000001,0.11080000000000001,0.11,0.11900000000000001,0.10830000000000001,0.1048,0.1115,0.11230000000000001,0.1115,0.11280000000000001,0.1105,0.113,0.109,0.1143,0.11180000000000001,0.112,0.112,0.11330000000000001,0.1105,0.10450000000000001,0.11180000000000001,0.1095,0.108,0.1105,0.1105,0.109,0.109,0.1135,0.11,0.113,0.1135,0.1105,0.10930000000000001,0.1115,0.10930000000000001,0.10930000000000001,0.1078,0.112,0.11,0.11180000000000001,0.1095,0.1085,0.109,0.10930000000000001,0.1115,0.1115,0.10930000000000001,0.1078,0.112,0.11,0.11180000000000001,0.1095,0.1085,0.109,0.10980000000000001,0.10980000000000001,0.11230000000000001,0.1058,0.11280000000000001,0.10830000000000001,0.1073,0.11380000000000001,0.11180000000000001,0.1155,0.112,0.112,0.113,0.10880000000000001,0.111,0.10930000000000001,0.109,0.10700000000000001
2021-08-25 05:00:00,0.5023,0.508,0.5138,0.4968,0.4758,0.47300000000000003,0.47300000000000003,0.4433,0.39980000000000004,0.386,0.40800000000000003,0.5023,0.508,0.5138,0.4968,0.4758,0.4758,0.47300000000000003,0.46330000000000005,0.4223,0.39730000000000004,0.38880000000000003,0.42850000000000005,0.4515,0.4525,0.41150000000000003,0.41150000000000003,0.3815,0.4123,0.44530000000000003,0.39580000000000004,0.36300000000000004,0.3798,0.40700000000000003,0.4348,0.403,0.403,0.32330000000000003,0.2958,0.3093,0.3648,0.3315,0.3285,0.3403,0.42450000000000004,0.42500000000000004,0.42500000000000004,0.32980000000000004,0.2728,0.256,0.26730000000000004,0.279,0.2582,0.2798,0.2873,0.4183,0.4183,0.3648,0.2793,0.2758,0.26480000000000004,0.2518,0.24830000000000002,0.2403,0.24550000000000002,0.24380000000000002,0.4288,0.39530000000000004,0.3088,0.28350000000000003,0.2615,0.256,0.228,0.21450000000000002,0.21530000000000002,0.21530000000000002,0.20450000000000002,0.4138,0.36050000000000004,0.2983,0.28350000000000003,0.2625,0.2505,0.228,0.21450000000000002,0.21450000000000002,0.21530000000000002,0.20450000000000002,0.4138,0.36050000000000004,0.2983,0.28350000000000003,0.2625,0.2505,0.21780000000000002,0.21780000000000002,0.20500000000000002,0.1938,0.192,0.391,0.3385,0.3068,0.2918,0.2803,0.27080000000000004,0.27080000000000004,0.2378,0.2225,0.1958,0.1993,0.3623,0.3483,0.32530000000000003,0.2953,0.2893,0.2893,0.28400000000000003,0.28300000000000003,0.26430000000000003,0.21980000000000002,0.2233
2021-07-08 02:00:00,0.5373,0.5383,0.5,0.46480000000000005,0.44630000000000003,0.44630000000000003,0.447,0.4375,0.449,0.46580000000000005,0.5128,0.5263,0.5183,0.5197,0.4955,0.4955,0.44630000000000003,0.447,0.4375,0.449,0.46580000000000005,0.5128,0.5263,0.5183,0.5197,0.5197,0.4955,0.449,0.4348,0.4898,0.5128,0.5125000000000001,0.5503,0.514,0.512,0.512,0.5603,0.5323,0.47450000000000003,0.49300000000000005,0.5423,0.5548000000000001,0.558,0.5755,0.5123,0.5123,0.4965,0.5513,0.5598000000000001,0.5258,0.5503,0.5723,0.5925,0.5933,0.5615,0.5015000000000001,0.48750000000000004,0.4738,0.5273,0.5443,0.5278,0.5593,0.5953,0.5933,0.5883,0.5883,0.508,0.48500000000000004,0.46880000000000005,0.498,0.4983,0.5408000000000001,0.5615,0.5668000000000001,0.5838,0.5838,0.5820000000000001,0.46880000000000005,0.4748,0.4803,0.49200000000000005,0.5165000000000001,0.5263,0.537,0.537,0.5263,0.5418000000000001,0.5605,0.46480000000000005,0.48650000000000004,0.4758,0.4858,0.5165000000000001,0.5263,0.5263,0.537,0.5263,0.5418000000000001,0.5605,0.46480000000000005,0.48650000000000004,0.4758,0.4858,0.4863,0.4863,0.496,0.5088,0.5195000000000001,0.5298,0.557,0.45130000000000003,0.45730000000000004,0.45530000000000004,0.4605,0.4605,0.46480000000000005,0.46630000000000005,0.4903,0.506,0.5055000000000001,0.5455
2021-07-30 04:00:00,0.1218,0.1323,0.1393,0.1348,0.1253,0.12200000000000001,0.149,0.149,0.15030000000000002,0.1328,0.1253,0.12350000000000001,0.1275,0.135,0.125,0.12200000000000001,0.125,0.125,0.149,0.15030000000000002,0.1328,0.1253,0.12350000000000001,0.1275,0.135,0.125,0.12200000000000001,0.12200000000000001,0.125,0.12350000000000001,0.14800000000000002,0.1395,0.1303,0.1273,0.126,0.1318,0.12350000000000001,0.12350000000000001,0.12350000000000001,0.127,0.12300000000000001,0.1315,0.138,0.14550000000000002,0.1293,0.1298,0.1405,0.1405,0.1305,0.1263,0.12380000000000001,0.125,0.129,0.1333,0.1405,0.1293,0.1325,0.1325,0.1395,0.131,0.12300000000000001,0.124,0.1223,0.1233,0.1313,0.1285,0.13,0.13,0.1288,0.1298,0.138,0.1295,0.12380000000000001,0.1313,0.1245,0.1315,0.1305,0.1295,0.1265,0.1315,0.1335,0.1373,0.1305,0.1275,0.128,0.1328,0.1328,0.1335,0.1323,0.138,0.1328,0.1278,0.1258,0.14650000000000002,0.1275,0.128,0.128,0.1328,0.1335,0.1323,0.138,0.1328,0.1278,0.1258,0.14650000000000002,0.1293,0.1293,0.1385,0.1373,0.1385,0.1288,0.1293,0.128,0.129,0.1348,0.149,0.149,0.136,0.1303,0.1303,0.14100000000000001
2021-03-09 03:00:00,0.3155,0.3523,0.41950000000000004,0.4153,0.4158,0.4158,0.4475,0.46900000000000003,0.4625,0.44630000000000003,0.44530000000000003,0.3155,0.3523,0.41950000000000004,0.4153,0.4153,0.4158,0.4435,0.4203,0.39280000000000004,0.4213,0.461,0.2665,0.3388,0.4228,0.4228,0.4033,0.4038,0.39,0.3945,0.3758,0.34950000000000003,0.3785,0.3028,0.339,0.339,0.4415,0.44530000000000003,0.4163,0.4403,0.42750000000000005,0.4113,0.393,0.375,0.3385,0.3385,0.3783,0.45280000000000004,0.47200000000000003,0.4253,0.439,0.4158,0.41200000000000003,0.3715,0.339,0.24530000000000002,0.2828,0.34400000000000003,0.42750000000000005,0.46330000000000005,0.4325,0.40280000000000005,0.41700000000000004,0.3855,0.3703,0.3703,0.21250000000000002,0.28,0.4395,0.4305,0.39730000000000004,0.4375,0.44,0.3805,0.3805,0.3768,0.3673,0.24750000000000003,0.3458,0.40700000000000003,0.3665,0.35650000000000004,0.4375,0.44,0.44,0.3805,0.3768,0.3673,0.24750000000000003,0.3458,0.40700000000000003,0.3665,0.35650000000000004,0.4238,0.4238,0.4415,0.4398,0.4123,0.42750000000000005,0.325,0.393,0.3788,0.3748,0.3563,0.3563,0.398,0.41450000000000004,0.4118,0.42650000000000005,0.41100000000000003,0.3748,0.36200000000000004,0.32730000000000004,0.3125,0.3125,0.3645,0.4088,0.394,0.38280000000000003,0.39280000000000004,0.4158
2021-09-02 05:00:00,0.5573,0.5575,0.5793,0.4933,0.4635,0.47200000000000003,0.47200000000000003,0.453,0.5465,0.5385,0.5478000000000001,0.5573,0.5575,0.5793,0.4933,0.4635,0.4635,0.47200000000000003,0.5635,0.5790000000000001,0.5312,0.5385,0.5375,0.5553,0.6163000000000001,0.5488000000000001,0.5488000000000001,0.5058,0.504,0.5763,0.5720000000000001,0.553,0.5303,0.5843,0.5628000000000001,0.5768,0.5768,0.5843,0.5748,0.5188,0.526,0.5640000000000001,0.531,0.4798,0.5775,0.598,0.598,0.6228,0.5953,0.5685,0.5118,0.5088,0.5115000000000001,0.48250000000000004,0.46080000000000004,0.5822,0.5822,0.5478000000000001,0.5770000000000001,0.5563,0.5263,0.5193,0.5023,0.528,0.4965,0.5055000000000001,0.5468000000000001,0.5038,0.4968,0.4778,0.46580000000000005,0.46330000000000005,0.49200000000000005,0.5533,0.5855,0.5855,0.549,0.506,0.464,0.45080000000000003,0.453,0.4505,0.4413,0.49200000000000005,0.5533,0.5533,0.5855,0.549,0.506,0.464,0.45080000000000003,0.453,0.4505,0.4413,0.47150000000000003,0.47150000000000003,0.5058,0.5065000000000001,0.5183,0.4713,0.45580000000000004,0.46830000000000005,0.46130000000000004,0.42650000000000005,0.4375,0.4375,0.4395,0.4428,0.45080000000000003,0.4793,0.48050000000000004,0.46880000000000005,0.438,0.42250000000000004,0.4475,0.4475,0.4475,0.467,0.45930000000000004,0.46430000000000005,0.47800000000000004
2021-04-19 04:00:00,0.42150000000000004,0.41000000000000003,0.3603,0.3613,0.3355,0.33330000000000004,0.33330000000000004,0.388,0.398,0.3748,0.3033,0.42150000000000004,0.41000000000000003,0.3603,0.3613,0.3355,0.3355,0.33330000000000004,0.343,0.2968,0.268,0.32,0.3915,0.373,0.3093,0.2645,0.2645,0.2323,0.2858,0.28900000000000003,0.2718,0.3175,0.339,0.3508,0.3628,0.38,0.38,0.373,0.3443,0.2983,0.2645,0.2748,0.3365,0.379,0.341,0.2888,0.2888,0.32880000000000004,0.4043,0.40080000000000005,0.33380000000000004,0.2978,0.31980000000000003,0.3788,0.3985,0.38280000000000003,0.38280000000000003,0.34600000000000003,0.3058,0.3245,0.3265,0.3325,0.3528,0.389,0.4188,0.42450000000000004,0.3558,0.3905,0.32830000000000004,0.3058,0.2985,0.313,0.3633,0.3733,0.372,0.372,0.44,0.3553,0.3553,0.3285,0.3275,0.3533,0.3623,0.3633,0.3733,0.3733,0.372,0.44,0.3553,0.3553,0.3285,0.3275,0.3533,0.3623,0.3508,0.3508,0.37,0.4365,0.4778,0.3885,0.3643,0.3743,0.38530000000000003,0.38530000000000003,0.384,0.384,0.42350000000000004,0.4675,0.5125000000000001,0.4883,0.3773,0.3588,0.3388,0.32580000000000003,0.38530000000000003,0.38530000000000003,0.4455,0.4675,0.5025000000000001,0.4823,0.4703
2021-04-14 05:00:00,0.24550000000000002,0.2533,0.24580000000000002,0.24080000000000001,0.23800000000000002,0.24200000000000002,0.24200000000000002,0.23900000000000002,0.273,0.3015,0.3038,0.24550000000000002,0.2533,0.24580000000000002,0.24080000000000001,0.23800000000000002,0.23800000000000002,0.24200000000000002,0.265,0.2933,0.2913,0.32480000000000003,0.255,0.26730000000000004,0.26030000000000003,0.2508,0.2508,0.25,0.2665,0.263,0.2743,0.2733,0.2953,0.28,0.2818,0.253,0.253,0.228,0.2175,0.21200000000000002,0.2258,0.2223,0.2245,0.2515,0.2808,0.2765,0.2765,0.2558,0.24000000000000002,0.2195,0.2008,0.202,0.2008,0.21230000000000002,0.21680000000000002,0.29200000000000004,0.29200000000000004,0.2838,0.26630000000000004,0.24480000000000002,0.219,0.2003,0.1888,0.1903,0.1938,0.2015,0.254,0.24250000000000002,0.2233,0.21580000000000002,0.20700000000000002,0.201,0.1938,0.1953,0.2058,0.2058,0.21930000000000002,0.21430000000000002,0.21450000000000002,0.2033,0.1928,0.1893,0.18680000000000002,0.1938,0.1953,0.1953,0.2058,0.21930000000000002,0.21430000000000002,0.21450000000000002,0.2033,0.1928,0.1893,0.18680000000000002,0.1945,0.1945,0.21250000000000002,0.2548,0.2605,0.20950000000000002,0.1978,0.1905,0.1945,0.1895,0.186,0.186,0.184,0.1825,0.188,0.1973,0.263,0.24200000000000002,0.228,0.2053,0.1993,0.1993,0.18680000000000002,0.1933,0.186,0.1845,0.18380000000000002
2021-05-02 04:00:00,0.14750000000000002,0.14700000000000002,0.15230000000000002,0.15130000000000002,0.1398,0.1423,0.14300000000000002,0.14300000000000002,0.14550000000000002,0.14400000000000002,0.14100000000000001,0.17830000000000001,0.1558,0.1593,0.15380000000000002,0.14350000000000002,0.1453,0.1453,0.14300000000000002,0.14550000000000002,0.14400000000000002,0.14100000000000001,0.17830000000000001,0.1558,0.1593,0.15380000000000002,0.14350000000000002,0.14350000000000002,0.1453,0.1448,0.14500000000000002,0.14550000000000002,0.14550000000000002,0.154,0.15230000000000002,0.149,0.1448,0.1448,0.1428,0.1428,0.14700000000000002,0.14550000000000002,0.14600000000000002,0.14780000000000001,0.14980000000000002,0.15,0.14880000000000002,0.14880000000000002,0.1458,0.1453,0.17400000000000002,0.1545,0.14980000000000002,0.14930000000000002,0.15430000000000002,0.14830000000000002,0.1458,0.1458,0.14830000000000002,0.15030000000000002,0.15480000000000002,0.149,0.15330000000000002,0.151,0.14600000000000002,0.14500000000000002,0.1665,0.1665,0.1595,0.153,0.15180000000000002,0.14930000000000002,0.14850000000000002,0.14750000000000002,0.14830000000000002,0.14300000000000002,0.14500000000000002,0.169,0.18030000000000002,0.1658,0.165,0.158,0.1515,0.15180000000000002,0.15030000000000002,0.1495,0.1495,0.14930000000000002,0.1893,0.2278,0.21000000000000002,0.20450000000000002,0.186,0.1718,0.15180000000000002,0.15030000000000002,0.15030000000000002,0.1495,0.14930000000000002,0.1893,0.2278,0.21000000000000002,0.20450000000000002,0.186,0.1718,0.1628,0.1628,0.16,0.1595,0.158,0.2543,0.2728,0.2685,0.252,0.2088,0.1875,0.1875,0.18780000000000002,0.18530000000000002,0.17350000000000002,0.1698
2021-08-14 01:00:00,0.4433,0.4268,0.4138,0.4288,0.4288,0.42850000000000005,0.4335,0.40180000000000005,0.4278,0.4363,0.4338,0.44380000000000003,0.4138,0.4108,0.4108,0.4288,0.42850000000000005,0.4335,0.40180000000000005,0.4278,0.4363,0.4338,0.44380000000000003,0.4138,0.4138,0.4108,0.42100000000000004,0.4208,0.4098,0.4123,0.42150000000000004,0.405,0.41000000000000003,0.4665,0.4665,0.4385,0.41850000000000004,0.4033,0.40800000000000003,0.3745,0.4103,0.398,0.3275,0.3845,0.4595,0.46830000000000005,0.44830000000000003,0.4343,0.41600000000000004,0.40030000000000004,0.38,0.379,0.3665,0.35700000000000004,0.35700000000000004,0.4228,0.4415,0.4328,0.4243,0.4088,0.4045,0.3845,0.364,0.3603,0.3603,0.341,0.4273,0.4283,0.4333,0.41650000000000004,0.41950000000000004,0.4088,0.38730000000000003,0.33230000000000004,0.33230000000000004,0.34400000000000003,0.3528,0.42200000000000004,0.4273,0.4383,0.42350000000000004,0.405,0.42250000000000004,0.42250000000000004,0.39830000000000004,0.3613,0.3448,0.373,0.385,0.41100000000000003,0.40230000000000005,0.42350000000000004,0.405,0.405,0.42250000000000004,0.39830000000000004,0.3613,0.3448,0.373,0.385,0.41100000000000003,0.40230000000000005,0.4093,0.4093,0.3975,0.397,0.39530000000000004,0.36300000000000004,0.35550000000000004,0.3763,0.385,0.38680000000000003,0.365,0.365,0.3788,0.4025,0.4,0.3773,0.3513,0.35250000000000004,0.3715
2021-09-15 03:00:00,0.1208,0.12000000000000001,0.1213,0.1218,0.12050000000000001,0.12050000000000001,0.1223,0.1258,0.1255,0.1303,0.1263,0.1208,0.12000000000000001,0.1213,0.1218,0.1218,0.12050000000000001,0.1233,0.12150000000000001,0.12200000000000001,0.1318,0.1268,0.1255,0.1203,0.12430000000000001,0.12430000000000001,0.1255,0.124,0.1213,0.1303,0.12480000000000001,0.1375,0.129,0.1255,0.1255,0.1255,0.12250000000000001,0.1285,0.1303,0.127,0.1293,0.1253,0.1355,0.1285,0.12380000000000001,0.12380000000000001,0.1293,0.1245,0.124,0.131,0.1275,0.1253,0.1255,0.1283,0.1283,0.1245,0.1305,0.1258,0.1245,0.133,0.1253,0.128,0.132,0.1303,0.1335,0.1335,0.1273,0.1263,0.1273,0.1283,0.1268,0.1245,0.128,0.128,0.128,0.1293,0.1313,0.13770000000000002,0.1273,0.1308,0.1288,0.1268,0.1245,0.128,0.128,0.128,0.1293,0.1313,0.13770000000000002,0.1273,0.1308,0.1288,0.1268,0.1263,0.1263,0.1298,0.127,0.1305,0.128,0.1318,0.128,0.125,0.1268,0.12480000000000001,0.12480000000000001,0.1265,0.127,0.126,0.127,0.1308,0.128,0.124,0.13,0.1293,0.1293,0.128,0.13,0.1295,0.129,0.126,0.1278
2021-05-07 02:00:00,0.1385,0.136,0.14,0.1433,0.14150000000000001,0.14150000000000001,0.1368,0.1398,0.1385,0.1388,0.1383,0.1315,0.1348,0.136,0.1355,0.1355,0.14150000000000001,0.1368,0.1398,0.1385,0.1388,0.1383,0.1315,0.1348,0.136,0.136,0.1355,0.14,0.13770000000000002,0.1375,0.1333,0.13770000000000002,0.138,0.1308,0.1365,0.1365,0.1353,0.1395,0.135,0.139,0.1413,0.14250000000000002,0.14350000000000002,0.1398,0.134,0.134,0.1385,0.1348,0.1353,0.1328,0.1398,0.1393,0.1428,0.1375,0.1343,0.1323,0.1325,0.1315,0.1318,0.135,0.1318,0.1358,0.134,0.13770000000000002,0.1338,0.1338,0.1333,0.1358,0.133,0.1335,0.1358,0.1348,0.137,0.1363,0.1393,0.1393,0.1393,0.1333,0.133,0.139,0.133,0.1375,0.1333,0.1368,0.1368,0.1403,0.1453,0.14880000000000002,0.135,0.134,0.1338,0.13770000000000002,0.1375,0.1333,0.1333,0.1368,0.1403,0.1453,0.14880000000000002,0.135,0.134,0.1338,0.13770000000000002,0.137,0.137,0.1398,0.1405,0.1418,0.15080000000000002,0.14550000000000002,0.1328,0.135,0.1303,0.131,0.131,0.1363,0.1338,0.1353,0.1418,0.15,0.139
2021-05-03 04:00:00,0.5865,0.5768,0.5658000000000001,0.5678000000000001,0.5673,0.5558000000000001,0.545,0.545,0.5505,0.5485,0.5305,0.5985,0.5820000000000001,0.5673,0.5618000000000001,0.5525,0.546,0.546,0.545,0.5505,0.5485,0.5305,0.5985,0.5820000000000001,0.5673,0.5618000000000001,0.5525,0.5525,0.546,0.5398000000000001,0.5333,0.5373,0.517,0.5808,0.5735,0.5638000000000001,0.5528000000000001,0.5528000000000001,0.55,0.5435,0.5395,0.5445,0.5345,0.518,0.5753,0.5700000000000001,0.5683,0.5683,0.5640000000000001,0.551,0.5375,0.5285000000000001,0.536,0.5315,0.5245000000000001,0.5880000000000001,0.5888,0.5888,0.5713,0.555,0.543,0.5388000000000001,0.5415,0.5408000000000001,0.5345,0.5195000000000001,0.608,0.608,0.5973,0.5710000000000001,0.5395,0.5268,0.5365,0.542,0.5383,0.5315,0.524,0.614,0.5968,0.5745,0.5535,0.54,0.5448000000000001,0.546,0.543,0.5433,0.5433,0.5408000000000001,0.5878,0.5728,0.5638000000000001,0.5533,0.5483,0.5518000000000001,0.546,0.543,0.543,0.5433,0.5408000000000001,0.5878,0.5728,0.5638000000000001,0.5533,0.5483,0.5518000000000001,0.5528000000000001,0.5528000000000001,0.5553,0.5548000000000001,0.554,0.5988,0.5898,0.5833,0.5760000000000001,0.5755,0.5640000000000001,0.5640000000000001,0.5553,0.5475,0.5548000000000001,0.5623
2021-04-17 05:00:00,0.1763,0.17200000000000001,0.17980000000000002,0.18580000000000002,0.1875,0.1893,0.1893,0.18580000000000002,0.1875,0.1825,0.18630000000000002,0.1763,0.17200000000000001,0.17980000000000002,0.18580000000000002,0.1875,0.1875,0.1893,0.1855,0.1855,0.1918,0.1948,0.17700000000000002,0.17200000000000001,0.17500000000000002,0.1778,0.1778,0.17850000000000002,0.1865,0.1888,0.193,0.1988,0.21050000000000002,0.1845,0.18630000000000002,0.184,0.184,0.18150000000000002,0.17980000000000002,0.17550000000000002,0.17880000000000001,0.1758,0.1773,0.18380000000000002,0.162,0.1635,0.1635,0.1668,0.1695,0.1733,0.17300000000000001,0.171,0.1748,0.17250000000000001,0.1705,0.1695,0.1695,0.1655,0.1608,0.1603,0.1595,0.1688,0.1733,0.1698,0.1698,0.165,0.17250000000000001,0.17500000000000002,0.17550000000000002,0.17700000000000002,0.18150000000000002,0.17980000000000002,0.1768,0.1773,0.18480000000000002,0.18480000000000002,0.1768,0.1768,0.17550000000000002,0.17400000000000002,0.1728,0.1753,0.1743,0.1768,0.1773,0.1773,0.18480000000000002,0.1768,0.1768,0.17550000000000002,0.17400000000000002,0.1728,0.1753,0.1743,0.17650000000000002,0.17650000000000002,0.17980000000000002,0.191,0.1893,0.1763,0.18150000000000002,0.18080000000000002,0.17980000000000002,0.1778,0.17400000000000002,0.17400000000000002,0.17350000000000002,0.1733,0.1763,0.17500000000000002,0.171,0.1705,0.17,0.1648,0.1688,0.1688,0.1683,0.1708,0.1718,0.1723,0.1688
2021-11-16 03:00:00,0.1575,0.1423,0.1405,0.137,0.137,0.135,0.1363,0.1428,0.1468,0.1348,0.1283,0.1428,0.1383,0.1555,0.1555,0.14850000000000002,0.1335,0.1348,0.14150000000000001,0.15280000000000002,0.1375,0.1263,0.1335,0.12350000000000001,0.12350000000000001,0.14300000000000002,0.186,0.1545,0.1585,0.1593,0.17250000000000001,0.1613,0.14730000000000001,0.132,0.132,0.1213,0.1273,0.14800000000000002,0.14750000000000002,0.14150000000000001,0.156,0.163,0.1708,0.152,0.1403,0.1385,0.131,0.1298,0.132,0.14550000000000002,0.1355,0.1398,0.133,0.1463,0.1463,0.155,0.1405,0.1353,0.1405,0.1468,0.1383,0.1355,0.1463,0.1463,0.1268,0.1355,0.1428,0.1443,0.13770000000000002,0.1363,0.14300000000000002,0.1383,0.1355,0.1355,0.1463,0.1268,0.1355,0.1428,0.1443,0.13770000000000002,0.1363,0.14300000000000002,0.14250000000000002,0.14250000000000002,0.1308,0.14150000000000001,0.1348,0.1345,0.1375,0.1368,0.139,0.1328,0.1335,0.1335,0.133,0.1328,0.1343,0.1365,0.1355,0.1368,0.1358,0.137,0.134,0.134,0.137,0.1393,0.1335,0.1343,0.1358,0.1353,0.135,0.13770000000000002,0.1388,0.1388,0.1365,0.1385,0.138,0.1365,0.136,0.137,0.1338
2021-12-27 04:00:00,0.1278,0.12250000000000001,0.11750000000000001,0.11750000000000001,0.1213,0.1203,0.126,0.1233,0.12100000000000001,0.12250000000000001,0.1208,0.1245,0.1245,0.1245,0.1288,0.12000000000000001,0.12150000000000001,0.12150000000000001,0.1213,0.1275,0.1258,0.11800000000000001,0.1258,0.1258,0.1228,0.1253,0.1245,0.12200000000000001,0.12300000000000001,0.1233,0.1265,0.12350000000000001,0.12480000000000001,0.125,0.1303,0.1263,0.129,0.1268,0.1245,0.1255,0.1245,0.1253,0.1278,0.1278,0.1268,0.1263,0.126,0.1263,0.1295,0.1305,0.125,0.127,0.127,0.1268,0.127,0.1358,0.1285,0.1285,0.135,0.1358,0.1305,0.125,0.125,0.127,0.1268,0.127,0.1358,0.1285,0.1285,0.135,0.1358,0.1325,0.1325,0.1333,0.1283,0.127,0.12380000000000001,0.129,0.134,0.1283,0.1293,0.127,0.127,0.128,0.1278,0.1343,0.1278,0.1253,0.1333,0.1383,0.1318,0.1293,0.1293,0.128,0.1295,0.1258,0.128,0.1305,0.131,0.1255,0.129,0.1275,0.1275,0.1323,0.1308,0.1333,0.132,0.132,0.1325,0.13,0.11850000000000001,0.1233,0.1233,0.1233,0.1255,0.1305,0.1285,0.1285,0.131,0.1318,0.1305
2021-06-30 01:00:00,0.4158,0.4033,0.38280000000000003,0.3723,0.3433,0.3433,0.326,0.3025,0.2743,0.3055,0.3468,0.387,0.3788,0.3603,0.3393,0.3393,0.3433,0.326,0.3025,0.2743,0.3055,0.3468,0.387,0.3788,0.3603,0.3603,0.3393,0.3125,0.29500000000000004,0.2828,0.2325,0.2275,0.3023,0.2993,0.2898,0.2898,0.268,0.2775,0.26530000000000004,0.25880000000000003,0.2295,0.21130000000000002,0.1918,0.24400000000000002,0.21830000000000002,0.21830000000000002,0.2038,0.21330000000000002,0.1988,0.1983,0.2273,0.20900000000000002,0.199,0.17300000000000001,0.18180000000000002,0.1635,0.1568,0.154,0.15230000000000002,0.14780000000000001,0.1428,0.1443,0.138,0.138,0.1398,0.1398,0.13,0.12200000000000001,0.1213,0.12100000000000001,0.1178,0.12300000000000001,0.1183,0.12000000000000001,0.1223,0.1223,0.1325,0.11950000000000001,0.1198,0.1218,0.12380000000000001,0.12050000000000001,0.1245,0.1278,0.1278,0.11850000000000001,0.1253,0.1303,0.1163,0.11080000000000001,0.1145,0.1163,0.12050000000000001,0.1245,0.1245,0.1278,0.11850000000000001,0.1253,0.1303,0.1163,0.11080000000000001,0.1145,0.1163,0.1135,0.1135,0.115,0.1148,0.115,0.1213,0.12380000000000001,0.113,0.1168,0.117,0.1188,0.1188,0.1165,0.11850000000000001,0.11950000000000001,0.1208,0.11800000000000001,0.1208
2021-11-08 05:00:00,0.11130000000000001,0.1163,0.1145,0.112,0.1143,0.1188,0.1188,0.116,0.116,0.1163,0.12050000000000001,0.1135,0.11280000000000001,0.1135,0.1158,0.1145,0.1145,0.1163,0.1143,0.11850000000000001,0.11750000000000001,0.1188,0.116,0.1135,0.12200000000000001,0.11950000000000001,0.11950000000000001,0.1153,0.1178,0.1183,0.11950000000000001,0.1198,0.1145,0.117,0.1183,0.1163,0.1163,0.12000000000000001,0.1148,0.1193,0.12000000000000001,0.12100000000000001,0.1183,0.1188,0.1198,0.1255,0.1255,0.12000000000000001,0.11850000000000001,0.1178,0.1198,0.12350000000000001,0.115,0.12000000000000001,0.117,0.11800000000000001,0.11800000000000001,0.1188,0.12000000000000001,0.1173,0.1228,0.1198,0.12200000000000001,0.11950000000000001,0.11800000000000001,0.11800000000000001,0.1198,0.11750000000000001,0.1253,0.12250000000000001,0.1213,0.12350000000000001,0.11950000000000001,0.12200000000000001,0.11950000000000001,0.11950000000000001,0.11800000000000001,0.1198,0.11750000000000001,0.1253,0.12250000000000001,0.1213,0.12350000000000001,0.11950000000000001,0.12150000000000001,0.12150000000000001,0.1213,0.11900000000000001,0.116,0.1218,0.1183,0.1203,0.12150000000000001,0.12250000000000001,0.1168,0.1168,0.11900000000000001,0.1193,0.1198,0.1283,0.12250000000000001,0.1198,0.1193,0.1293,0.12250000000000001,0.12250000000000001,0.12100000000000001,0.1223,0.1213,0.12050000000000001,0.1213,0.127,0.1223,0.1208,0.125,0.125,0.1253,0.124,0.1283,0.127,0.1255
2021-12-20 04:00:00,0.166,0.1615,0.1618,0.1618,0.149,0.155,0.1655,0.167,0.16,0.14880000000000002,0.139,0.17400000000000002,0.1663,0.1663,0.1635,0.15480000000000002,0.1453,0.169,0.1643,0.1625,0.1633,0.1598,0.1653,0.1653,0.15430000000000002,0.16,0.1563,0.15030000000000002,0.1458,0.14780000000000001,0.1545,0.155,0.1505,0.1628,0.1713,0.1678,0.1708,0.14850000000000002,0.156,0.14980000000000002,0.1558,0.1588,0.159,0.159,0.17900000000000002,0.164,0.17300000000000001,0.1713,0.1535,0.14880000000000002,0.1558,0.14830000000000002,0.14830000000000002,0.14880000000000002,0.164,0.29700000000000004,0.28250000000000003,0.2403,0.1955,0.17250000000000001,0.14880000000000002,0.1558,0.1558,0.14830000000000002,0.14880000000000002,0.164,0.29700000000000004,0.28250000000000003,0.2403,0.1955,0.17250000000000001,0.17,0.17,0.1768,0.18280000000000002,0.1635,0.149,0.3163,0.31880000000000003,0.32330000000000003,0.3018,0.25930000000000003,0.25930000000000003,0.232,0.21230000000000002,0.2015,0.1865,0.1683,0.309,0.3115,0.3133,0.317,0.317,0.325,0.32630000000000003,0.3143,0.29050000000000004,0.2733,0.252,0.3013,0.2903,0.29350000000000004,0.29350000000000004,0.307,0.3068,0.3143,0.3173,0.3265,0.31880000000000003,0.3178,0.307,0.2975,0.2975,0.29650000000000004,0.2958,0.29500000000000004,0.3045,0.3105,0.3138,0.316,0.3068
2021-03-30 03:00:00,0.3468,0.34700000000000003,0.3518,0.3563,0.3608,0.3608,0.3608,0.36300000000000004,0.3613,0.3493,0.342,0.3468,0.34700000000000003,0.3518,0.3563,0.3563,0.3608,0.35700000000000004,0.3593,0.3668,0.3663,0.35600000000000004,0.343,0.3448,0.35300000000000004,0.35300000000000004,0.3598,0.3655,0.371,0.3695,0.3693,0.36000000000000004,0.3563,0.3415,0.34400000000000003,0.34400000000000003,0.35050000000000003,0.35700000000000004,0.3683,0.3728,0.378,0.38730000000000003,0.38130000000000003,0.377,0.35100000000000003,0.35100000000000003,0.3538,0.366,0.3613,0.3648,0.3715,0.3775,0.379,0.3808,0.3815,0.3583,0.3463,0.3518,0.35500000000000004,0.3563,0.3633,0.3635,0.379,0.3753,0.3663,0.3663,0.3483,0.33380000000000004,0.33380000000000004,0.322,0.337,0.35150000000000003,0.35550000000000004,0.3645,0.3645,0.3635,0.34900000000000003,0.3403,0.3235,0.313,0.3073,0.3103,0.35150000000000003,0.35550000000000004,0.35550000000000004,0.3645,0.3635,0.34900000000000003,0.3403,0.3235,0.313,0.3073,0.3103,0.318,0.318,0.32080000000000003,0.31980000000000003,0.32480000000000003,0.32780000000000004,0.32380000000000003,0.3153,0.3045,0.3,0.2993,0.2993,0.3093,0.3,0.2882,0.28150000000000003,0.2775,0.314,0.307,0.29550000000000004,0.29150000000000004,0.29150000000000004,0.29050000000000004,0.2913,0.2948,0.2808,0.2645,0.26230000000000003
2021-04-06 03:00:00,0.1448,0.1423,0.14250000000000002,0.1438,0.1413,0.1413,0.138,0.1355,0.1373,0.1495,0.1553,0.1448,0.1423,0.14250000000000002,0.1438,0.1438,0.1413,0.1453,0.14200000000000002,0.15030000000000002,0.15130000000000002,0.15280000000000002,0.1458,0.15330000000000002,0.15280000000000002,0.15280000000000002,0.14930000000000002,0.1458,0.1468,0.1418,0.14750000000000002,0.158,0.15430000000000002,0.1575,0.1578,0.1578,0.15280000000000002,0.15180000000000002,0.1558,0.1603,0.1573,0.159,0.17350000000000002,0.15380000000000002,0.14830000000000002,0.14830000000000002,0.15080000000000002,0.1558,0.1555,0.156,0.1603,0.157,0.156,0.1633,0.1558,0.167,0.1663,0.17200000000000001,0.1678,0.162,0.163,0.152,0.1598,0.1585,0.1605,0.1605,0.1578,0.1598,0.1588,0.1643,0.1663,0.1605,0.14500000000000002,0.1448,0.1448,0.1418,0.14600000000000002,0.159,0.157,0.1558,0.15330000000000002,0.1505,0.1605,0.14500000000000002,0.14500000000000002,0.1448,0.1418,0.14600000000000002,0.159,0.157,0.1558,0.15330000000000002,0.1505,0.14650000000000002,0.14650000000000002,0.14880000000000002,0.1438,0.1448,0.1448,0.15180000000000002,0.154,0.1595,0.1558,0.151,0.151,0.1448,0.14500000000000002,0.14250000000000002,0.14,0.138,0.1598,0.155,0.154,0.1565,0.1565,0.1555,0.1525,0.14700000000000002,0.14700000000000002,0.14400000000000002,0.1448
2021-06-22 03:00:00,0.11380000000000001,0.113,0.10830000000000001,0.1085,0.1105,0.113,0.113,0.112,0.10700000000000001,0.11130000000000001,0.10980000000000001,0.1158,0.1085,0.11230000000000001,0.11330000000000001,0.1143,0.1143,0.113,0.112,0.10700000000000001,0.11130000000000001,0.10980000000000001,0.1158,0.1085,0.11230000000000001,0.11330000000000001,0.11330000000000001,0.1143,0.11180000000000001,0.11280000000000001,0.11180000000000001,0.11030000000000001,0.1143,0.1153,0.11,0.11330000000000001,0.11330000000000001,0.1145,0.112,0.1135,0.11180000000000001,0.11180000000000001,0.11950000000000001,0.1165,0.1158,0.1143,0.1143,0.1148,0.113,0.1135,0.11,0.1143,0.10980000000000001,0.1335,0.1183,0.114,0.114,0.1153,0.1165,0.112,0.1163,0.113,0.1125,0.1145,0.117,0.1148,0.115,0.112,0.115,0.1193,0.1148,0.12200000000000001,0.1178,0.1173,0.1158,0.1165,0.1165,0.1193,0.116,0.12300000000000001,0.1155,0.1158,0.12000000000000001,0.11850000000000001,0.1153,0.1153,0.12000000000000001,0.1178,0.128,0.11950000000000001,0.11900000000000001,0.116,0.12250000000000001,0.12000000000000001,0.11850000000000001,0.11850000000000001,0.1153,0.12000000000000001,0.1178,0.128,0.11950000000000001,0.11900000000000001,0.116,0.12250000000000001,0.11950000000000001,0.11950000000000001,0.12050000000000001,0.11850000000000001,0.12300000000000001,0.1183,0.124,0.12000000000000001,0.12100000000000001,0.11950000000000001,0.1223,0.1223,0.11750000000000001,0.1218,0.1245,0.1263,0.12300000000000001
2021-09-07 04:00:00,0.4153,0.4098,0.38,0.3493,0.3428,0.34,0.34,0.375,0.3558,0.3578,0.39030000000000004,0.4153,0.4098,0.38,0.3493,0.3428,0.3428,0.34,0.3773,0.3453,0.3143,0.328,0.4325,0.42850000000000005,0.4043,0.3793,0.3793,0.33330000000000004,0.3065,0.3073,0.32530000000000003,0.3603,0.3158,0.4423,0.4238,0.406,0.406,0.3738,0.34700000000000003,0.3325,0.3125,0.302,0.338,0.3023,0.45180000000000003,0.4325,0.4325,0.42450000000000004,0.381,0.35300000000000004,0.323,0.3053,0.2798,0.3003,0.26780000000000004,0.4405,0.4405,0.4405,0.4098,0.36200000000000004,0.3098,0.317,0.3,0.2943,0.301,0.3158,0.5153,0.5365,0.5155000000000001,0.46,0.40700000000000003,0.39080000000000004,0.38380000000000003,0.33380000000000004,0.332,0.332,0.3733,0.47600000000000003,0.4888,0.48150000000000004,0.4798,0.46080000000000004,0.45530000000000004,0.38380000000000003,0.33380000000000004,0.33380000000000004,0.332,0.3733,0.47600000000000003,0.4888,0.48150000000000004,0.4798,0.46080000000000004,0.45530000000000004,0.45,0.45,0.3865,0.3598,0.3655,0.44430000000000003,0.44880000000000003,0.4238,0.41450000000000004,0.4123,0.40280000000000005,0.40280000000000005,0.42000000000000004,0.3805,0.3443,0.3738,0.4153,0.4103,0.39730000000000004,0.383,0.3815,0.3815,0.3698,0.3493,0.34650000000000003,0.33380000000000004,0.3763
2021-05-21 01:00:00,0.1115,0.1033,0.1005,0.1085,0.1085,0.1085,0.11030000000000001,0.10450000000000001,0.10500000000000001,0.1048,0.10450000000000001,0.0988,0.10250000000000001,0.1073,0.1078,0.1078,0.1085,0.11030000000000001,0.10450000000000001,0.10500000000000001,0.1048,0.10450000000000001,0.0988,0.10250000000000001,0.1073,0.1073,0.1078,0.1145,0.112,0.1068,0.10700000000000001,0.112,0.10500000000000001,0.10980000000000001,0.111,0.111,0.1043,0.1073,0.113,0.11030000000000001,0.109,0.10930000000000001,0.10700000000000001,0.1033,0.115,0.115,0.1013,0.1023,0.1075,0.1008,0.10700000000000001,0.1068,0.10980000000000001,0.10700000000000001,0.1033,0.11030000000000001,0.10650000000000001,0.1048,0.10250000000000001,0.1038,0.10250000000000001,0.11080000000000001,0.1053,0.11230000000000001,0.11030000000000001,0.11030000000000001,0.1048,0.10930000000000001,0.1058,0.1058,0.11,0.10500000000000001,0.1073,0.10980000000000001,0.10450000000000001,0.10450000000000001,0.1078,0.11380000000000001,0.11230000000000001,0.10600000000000001,0.10400000000000001,0.10400000000000001,0.1068,0.108,0.108,0.1095,0.1048,0.1095,0.11080000000000001,0.10650000000000001,0.10350000000000001,0.1063,0.10400000000000001,0.1068,0.1068,0.108,0.1095,0.1048,0.1095,0.11080000000000001,0.10650000000000001,0.10350000000000001,0.1063,0.1048,0.1048,0.1018,0.10500000000000001,0.1085,0.11030000000000001,0.1063,0.109,0.1068,0.1075,0.10550000000000001,0.10550000000000001,0.10550000000000001,0.10650000000000001,0.10550000000000001,0.1105,0.11030000000000001,0.1075
2021-06-13 00:00:00,0.233,0.24930000000000002,0.2695,0.3008,0.3008,0.3103,0.317,0.32030000000000003,0.311,0.31,0.309,0.255,0.26380000000000003,0.2843,0.2843,0.3008,0.3103,0.317,0.32030000000000003,0.311,0.31,0.309,0.255,0.26380000000000003,0.26380000000000003,0.2843,0.302,0.3118,0.3085,0.32,0.32380000000000003,0.32480000000000003,0.32330000000000003,0.28300000000000003,0.28300000000000003,0.2898,0.29350000000000004,0.309,0.31980000000000003,0.316,0.33030000000000004,0.3393,0.3398,0.341,0.3013,0.302,0.3025,0.3053,0.3375,0.336,0.33480000000000004,0.3385,0.34950000000000003,0.3538,0.3538,0.31930000000000003,0.31980000000000003,0.31930000000000003,0.3315,0.3563,0.35100000000000003,0.3473,0.3583,0.3588,0.3588,0.3618,0.32830000000000004,0.3385,0.3438,0.35100000000000003,0.3735,0.35400000000000004,0.36300000000000004,0.377,0.377,0.3685,0.35850000000000004,0.34800000000000003,0.3543,0.3533,0.3675,0.3698,0.3688,0.3688,0.3835,0.385,0.3785,0.3778,0.36300000000000004,0.35450000000000004,0.35850000000000004,0.3675,0.3698,0.3698,0.3688,0.3835,0.385,0.3785,0.3778,0.36300000000000004,0.35450000000000004,0.35850000000000004,0.3698,0.3698,0.3745,0.3865,0.39930000000000004,0.4038,0.40030000000000004,0.381,0.3715,0.3623,0.3723,0.3723,0.3768,0.38930000000000003,0.40280000000000005,0.4088,0.40800000000000003,0.402,0.391
2021-07-09 01:00:00,0.17350000000000002,0.1308,0.12200000000000001,0.1285,0.1418,0.1418,0.12350000000000001,0.1245,0.1338,0.1365,0.20600000000000002,0.163,0.1695,0.159,0.1605,0.1605,0.1418,0.12350000000000001,0.1245,0.1338,0.1365,0.20600000000000002,0.163,0.1695,0.159,0.159,0.1605,0.189,0.1403,0.1338,0.1335,0.1733,0.23900000000000002,0.2325,0.1998,0.1998,0.191,0.1908,0.2228,0.17800000000000002,0.188,0.1935,0.21630000000000002,0.1995,0.2298,0.2298,0.226,0.2025,0.14400000000000002,0.1375,0.14980000000000002,0.1683,0.1678,0.14600000000000002,0.1555,0.17250000000000001,0.188,0.17500000000000002,0.14800000000000002,0.1318,0.1193,0.1183,0.1145,0.1363,0.15230000000000002,0.15230000000000002,0.1573,0.1515,0.16,0.157,0.151,0.15480000000000002,0.14,0.14300000000000002,0.1608,0.1608,0.14600000000000002,0.14800000000000002,0.137,0.161,0.14930000000000002,0.1338,0.1383,0.1288,0.1288,0.1338,0.14300000000000002,0.135,0.1163,0.11180000000000001,0.117,0.12000000000000001,0.1338,0.1383,0.1383,0.1288,0.1338,0.14300000000000002,0.135,0.1163,0.11180000000000001,0.117,0.12000000000000001,0.11750000000000001,0.11750000000000001,0.1208,0.1263,0.12000000000000001,0.11800000000000001,0.11280000000000001,0.124,0.10450000000000001,0.1318,0.1105,0.1105,0.11280000000000001,0.10700000000000001,0.117,0.1265,0.12380000000000001,0.1183
2021-08-09 04:00:00,0.7058,0.7018,0.6920000000000001,0.677,0.6685,0.6815,0.6900000000000001,0.6900000000000001,0.6613,0.627,0.6565000000000001,0.686,0.6843,0.6743,0.6533,0.6483,0.6863,0.6863,0.6900000000000001,0.6613,0.627,0.6565000000000001,0.686,0.6843,0.6743,0.6533,0.6483,0.6483,0.6863,0.6950000000000001,0.6738000000000001,0.6013000000000001,0.6363,0.6950000000000001,0.6815,0.6545000000000001,0.6383,0.6383,0.6193000000000001,0.623,0.6585000000000001,0.6605000000000001,0.6193000000000001,0.6043000000000001,0.6848000000000001,0.6728000000000001,0.6268,0.6268,0.6125,0.6073000000000001,0.6005,0.6495000000000001,0.6265000000000001,0.6175,0.6318,0.6970000000000001,0.6553,0.6553,0.6178,0.6243000000000001,0.5873,0.5818,0.6113000000000001,0.6065,0.6388,0.6548,0.6948000000000001,0.6948000000000001,0.645,0.6515000000000001,0.607,0.5698,0.6008,0.643,0.6005,0.658,0.6695,0.6655,0.6513,0.6495000000000001,0.6048,0.5728,0.5707,0.6053000000000001,0.625,0.5958,0.5958,0.5878,0.6363,0.6863,0.6563,0.626,0.5948,0.5985,0.6053000000000001,0.625,0.625,0.5958,0.5878,0.6363,0.6863,0.6563,0.626,0.5948,0.5985,0.6685,0.6685,0.6725,0.5800000000000001,0.5768,0.6308,0.6893,0.6935,0.6663,0.6575000000000001,0.6713,0.6713,0.7130000000000001,0.6910000000000001,0.5943,0.6545000000000001
2021-04-17 04:00:00,0.15380000000000002,0.1568,0.1535,0.1563,0.155,0.1535,0.1535,0.1525,0.15230000000000002,0.15280000000000002,0.1568,0.15380000000000002,0.1568,0.1535,0.1563,0.155,0.155,0.1535,0.15230000000000002,0.1525,0.14880000000000002,0.151,0.15130000000000002,0.15330000000000002,0.15280000000000002,0.152,0.152,0.15,0.1535,0.1505,0.15,0.1553,0.1573,0.15480000000000002,0.1565,0.153,0.153,0.15080000000000002,0.153,0.15280000000000002,0.151,0.15180000000000002,0.15280000000000002,0.1563,0.15230000000000002,0.15,0.15,0.15330000000000002,0.153,0.152,0.1515,0.14830000000000002,0.15,0.14850000000000002,0.14750000000000002,0.15380000000000002,0.15380000000000002,0.15230000000000002,0.152,0.1545,0.15230000000000002,0.151,0.153,0.155,0.14880000000000002,0.14750000000000002,0.149,0.1525,0.14830000000000002,0.14750000000000002,0.14980000000000002,0.1505,0.14880000000000002,0.15030000000000002,0.1505,0.1505,0.14930000000000002,0.14930000000000002,0.156,0.152,0.14700000000000002,0.14730000000000001,0.14830000000000002,0.14880000000000002,0.15030000000000002,0.15030000000000002,0.1505,0.14930000000000002,0.14930000000000002,0.156,0.152,0.14700000000000002,0.14730000000000001,0.14830000000000002,0.149,0.149,0.1458,0.14780000000000001,0.14650000000000002,0.14550000000000002,0.14730000000000001,0.14700000000000002,0.14350000000000002,0.14550000000000002,0.1438,0.1438,0.14350000000000002,0.1403,0.1438,0.14450000000000002,0.1448,0.14450000000000002,0.14750000000000002,0.14300000000000002,0.14200000000000002,0.14200000000000002,0.1428,0.14800000000000002,0.14350000000000002,0.1463,0.1413
2021-05-13 04:00:00,0.5138,0.509,0.5023,0.4975,0.4923,0.48700000000000004,0.4913,0.4913,0.4948,0.4918,0.4808,0.5183,0.5153,0.5133,0.5153,0.5158,0.507,0.507,0.4913,0.4948,0.4918,0.4808,0.5183,0.5153,0.5133,0.5153,0.5158,0.5158,0.507,0.5045000000000001,0.4995,0.4988,0.505,0.5175000000000001,0.5148,0.5218,0.5275000000000001,0.5275000000000001,0.5197,0.5053,0.4998,0.5013000000000001,0.49500000000000005,0.503,0.5145000000000001,0.5185000000000001,0.5263,0.5263,0.524,0.5098,0.4998,0.496,0.5013000000000001,0.498,0.5005000000000001,0.5088,0.5105000000000001,0.5105000000000001,0.5155000000000001,0.513,0.5033,0.49300000000000005,0.4888,0.4913,0.48800000000000004,0.4863,0.506,0.506,0.4953,0.4988,0.49450000000000005,0.4965,0.4798,0.4733,0.46530000000000005,0.46180000000000004,0.464,0.47900000000000004,0.47300000000000003,0.46900000000000003,0.47000000000000003,0.47550000000000003,0.47800000000000004,0.4723,0.46530000000000005,0.462,0.462,0.453,0.4465,0.446,0.4465,0.4475,0.451,0.4575,0.4723,0.46530000000000005,0.46530000000000005,0.462,0.453,0.4465,0.446,0.4465,0.4475,0.451,0.4575,0.4635,0.4635,0.467,0.46280000000000004,0.466,0.4268,0.435,0.436,0.438,0.4388,0.44830000000000003,0.44830000000000003,0.4565,0.46230000000000004,0.46580000000000005,0.46480000000000005
2021-12-28 04:00:00,0.125,0.12300000000000001,0.12100000000000001,0.12100000000000001,0.12430000000000001,0.1268,0.1245,0.12300000000000001,0.1293,0.1265,0.1273,0.12150000000000001,0.1283,0.1283,0.12480000000000001,0.1268,0.1285,0.12430000000000001,0.125,0.1308,0.1265,0.1218,0.1275,0.1275,0.1265,0.124,0.1318,0.1255,0.1263,0.125,0.1278,0.1293,0.12430000000000001,0.1263,0.1298,0.1303,0.1273,0.12350000000000001,0.128,0.1245,0.129,0.1265,0.1273,0.1273,0.129,0.125,0.1258,0.127,0.1293,0.1275,0.12350000000000001,0.1295,0.1295,0.1253,0.1263,0.129,0.1295,0.12380000000000001,0.1298,0.1253,0.1275,0.12350000000000001,0.12350000000000001,0.1295,0.1253,0.1263,0.129,0.1295,0.12380000000000001,0.1298,0.1253,0.129,0.129,0.124,0.1228,0.1265,0.1263,0.1253,0.1273,0.1275,0.129,0.135,0.135,0.1315,0.12250000000000001,0.1233,0.124,0.124,0.1245,0.1285,0.1285,0.1253,0.1253,0.1275,0.1313,0.128,0.1253,0.1293,0.125,0.124,0.1258,0.1263,0.1263,0.1288,0.127,0.1305,0.126,0.127,0.1293,0.1268,0.1253,0.1255,0.1255,0.1258,0.1308,0.1263,0.124,0.1358,0.1288,0.1265,0.13
2021-10-21 05:00:00,0.14450000000000002,0.14600000000000002,0.14250000000000002,0.1453,0.14650000000000002,0.14650000000000002,0.1468,0.1468,0.1398,0.14100000000000001,0.1413,0.14500000000000002,0.1438,0.1458,0.1468,0.1468,0.1468,0.15,0.14650000000000002,0.14830000000000002,0.14350000000000002,0.14830000000000002,0.15480000000000002,0.14600000000000002,0.1453,0.1453,0.1463,0.14350000000000002,0.149,0.14500000000000002,0.1408,0.1443,0.14550000000000002,0.1458,0.1428,0.1428,0.14400000000000002,0.14450000000000002,0.14450000000000002,0.1463,0.14200000000000002,0.14,0.1418,0.14100000000000001,0.1495,0.1495,0.152,0.14980000000000002,0.1463,0.14600000000000002,0.14730000000000001,0.1433,0.1418,0.14300000000000002,0.1428,0.1633,0.1578,0.1625,0.1515,0.15180000000000002,0.151,0.14650000000000002,0.14600000000000002,0.14150000000000001,0.14150000000000001,0.1433,0.158,0.1675,0.17600000000000002,0.1703,0.1625,0.1565,0.14650000000000002,0.14600000000000002,0.14600000000000002,0.14150000000000001,0.1433,0.158,0.1675,0.17600000000000002,0.1703,0.1625,0.1565,0.1505,0.1505,0.1468,0.1453,0.15280000000000002,0.1628,0.1633,0.1585,0.1623,0.1583,0.1555,0.1555,0.1463,0.14250000000000002,0.1443,0.14200000000000002,0.1688,0.165,0.1638,0.1585,0.1545,0.1545,0.1558,0.1525,0.1515,0.14780000000000001,0.14730000000000001,0.1723,0.1608,0.163,0.1598,0.1598,0.1583,0.157,0.1578,0.15330000000000002,0.1558,0.15180000000000002
2021-04-19 03:00:00,0.2943,0.32730000000000004,0.4033,0.4278,0.41450000000000004,0.41450000000000004,0.41950000000000004,0.39980000000000004,0.4048,0.4348,0.4253,0.2943,0.32730000000000004,0.4033,0.4278,0.4278,0.41450000000000004,0.4163,0.4015,0.38230000000000003,0.3745,0.379,0.396,0.4098,0.39980000000000004,0.39980000000000004,0.4043,0.42250000000000004,0.4268,0.4083,0.4,0.38480000000000003,0.3748,0.4655,0.44780000000000003,0.44780000000000003,0.4203,0.41700000000000004,0.42900000000000005,0.4355,0.42600000000000005,0.3885,0.38830000000000003,0.35350000000000004,0.4378,0.4378,0.4393,0.4368,0.41200000000000003,0.42000000000000004,0.4293,0.4298,0.40230000000000005,0.35650000000000004,0.33180000000000004,0.45080000000000003,0.4268,0.4208,0.40900000000000003,0.4093,0.4228,0.4293,0.4208,0.36000000000000004,0.32630000000000003,0.32630000000000003,0.38380000000000003,0.40230000000000005,0.39080000000000004,0.4048,0.4338,0.4123,0.4035,0.3518,0.3518,0.3148,0.29600000000000004,0.3698,0.4053,0.41950000000000004,0.41750000000000004,0.40030000000000004,0.4123,0.4035,0.4035,0.3518,0.3148,0.29600000000000004,0.3698,0.4053,0.41950000000000004,0.41750000000000004,0.40030000000000004,0.34950000000000003,0.34950000000000003,0.34700000000000003,0.324,0.2788,0.2928,0.35250000000000004,0.40130000000000005,0.39630000000000004,0.388,0.3673,0.3673,0.32,0.3083,0.304,0.29050000000000004,0.2903,0.3383,0.35650000000000004,0.34850000000000003,0.32930000000000004,0.32930000000000004,0.29450000000000004,0.3128,0.312,0.3063,0.3088,0.3013
2021-04-17 02:00:00,0.12100000000000001,0.11900000000000001,0.1245,0.12100000000000001,0.12100000000000001,0.12150000000000001,0.1258,0.12100000000000001,0.12250000000000001,0.125,0.1228,0.12100000000000001,0.11900000000000001,0.1245,0.1245,0.12100000000000001,0.1233,0.12150000000000001,0.12350000000000001,0.1308,0.125,0.124,0.12100000000000001,0.1228,0.1228,0.1275,0.12350000000000001,0.12050000000000001,0.1223,0.1293,0.1305,0.125,0.1288,0.1233,0.1233,0.12250000000000001,0.1298,0.12430000000000001,0.12250000000000001,0.12200000000000001,0.126,0.1315,0.1265,0.1233,0.12300000000000001,0.12250000000000001,0.1228,0.1213,0.124,0.12430000000000001,0.12300000000000001,0.12200000000000001,0.1258,0.12050000000000001,0.12050000000000001,0.12250000000000001,0.1203,0.12430000000000001,0.12350000000000001,0.12150000000000001,0.12430000000000001,0.12150000000000001,0.12380000000000001,0.11950000000000001,0.11950000000000001,0.1263,0.125,0.12480000000000001,0.12430000000000001,0.125,0.12050000000000001,0.1228,0.12300000000000001,0.12300000000000001,0.11950000000000001,0.1213,0.1223,0.1218,0.11950000000000001,0.1173,0.12150000000000001,0.12050000000000001,0.1228,0.1228,0.12300000000000001,0.11950000000000001,0.1213,0.1223,0.1218,0.11950000000000001,0.1173,0.12150000000000001,0.12250000000000001,0.12250000000000001,0.1168,0.1228,0.1233,0.11950000000000001,0.11750000000000001,0.12430000000000001,0.12250000000000001,0.12250000000000001,0.12150000000000001,0.12150000000000001,0.12100000000000001,0.1193,0.1223,0.117,0.11800000000000001,0.1213,0.1263,0.12430000000000001,0.1203,0.1203,0.127,0.1298,0.1263,0.1213,0.12250000000000001,0.1183,0.11950000000000001
2021-06-01 01:00:00,0.1048,0.1208,0.15430000000000002,0.249,0.2818,0.2818,0.225,0.2053,0.20450000000000002,0.24450000000000002,0.1875,0.1018,0.1143,0.12480000000000001,0.17930000000000001,0.17930000000000001,0.2818,0.225,0.2053,0.20450000000000002,0.24450000000000002,0.1875,0.1018,0.1143,0.12480000000000001,0.12480000000000001,0.17930000000000001,0.1393,0.15030000000000002,0.1558,0.14700000000000002,0.18100000000000002,0.281,0.10600000000000001,0.1073,0.1073,0.1073,0.1148,0.10830000000000001,0.11230000000000001,0.116,0.1355,0.1463,0.168,0.10250000000000001,0.10250000000000001,0.1048,0.109,0.1043,0.10830000000000001,0.1095,0.10830000000000001,0.11950000000000001,0.13,0.138,0.1058,0.1073,0.10930000000000001,0.1085,0.10650000000000001,0.1078,0.117,0.115,0.10880000000000001,0.12000000000000001,0.12000000000000001,0.10450000000000001,0.10550000000000001,0.1048,0.10500000000000001,0.10450000000000001,0.11,0.109,0.1153,0.10600000000000001,0.10600000000000001,0.1145,0.1028,0.10650000000000001,0.10830000000000001,0.10400000000000001,0.111,0.10700000000000001,0.10600000000000001,0.10600000000000001,0.101,0.0995,0.1023,0.1018,0.1038,0.1053,0.10880000000000001,0.111,0.10700000000000001,0.10700000000000001,0.10600000000000001,0.101,0.0995,0.1023,0.1018,0.1038,0.1053,0.10880000000000001,0.10300000000000001,0.10300000000000001,0.1073,0.10500000000000001,0.101,0.0998,0.111,0.10980000000000001,0.1053,0.10930000000000001,0.1078,0.1078,0.10550000000000001,0.1078,0.1078,0.10500000000000001,0.11180000000000001,0.1143
2021-07-10 03:00:00,0.4403,0.4288,0.455,0.45730000000000004,0.4703,0.5038,0.5038,0.5105000000000001,0.5023,0.516,0.5308,0.391,0.385,0.4218,0.4585,0.4943,0.4943,0.5038,0.5105000000000001,0.5023,0.516,0.5308,0.391,0.385,0.4218,0.4585,0.4585,0.4943,0.5185000000000001,0.5175000000000001,0.5138,0.5233,0.5273,0.41350000000000003,0.39880000000000004,0.4575,0.4575,0.4943,0.5078,0.5305,0.523,0.5093,0.5093,0.517,0.4328,0.46680000000000005,0.46680000000000005,0.4898,0.5138,0.5303,0.5353,0.5118,0.49350000000000005,0.5015000000000001,0.5033,0.462,0.462,0.4635,0.4753,0.4965,0.5158,0.5222,0.4873,0.4908,0.4998,0.5055000000000001,0.4605,0.46430000000000005,0.46330000000000005,0.47350000000000003,0.4878,0.48050000000000004,0.46430000000000005,0.464,0.47300000000000003,0.4983,0.4983,0.45680000000000004,0.4605,0.46430000000000005,0.4545,0.42300000000000004,0.3965,0.41950000000000004,0.4423,0.4423,0.47150000000000003,0.4983,0.4295,0.4378,0.42500000000000004,0.3855,0.36050000000000004,0.3965,0.41950000000000004,0.41950000000000004,0.4423,0.47150000000000003,0.4983,0.4295,0.4378,0.42500000000000004,0.3855,0.36050000000000004,0.3745,0.3745,0.40180000000000005,0.4343,0.48650000000000004,0.4878,0.3673,0.374,0.3675,0.34700000000000003,0.34650000000000003,0.34650000000000003,0.3718,0.3935,0.4378,0.46230000000000004,0.45230000000000004
2021-06-15 03:00:00,0.4218,0.523,0.4908,0.47800000000000004,0.459,0.48100000000000004,0.48100000000000004,0.5375,0.5515,0.5373,0.49150000000000005,0.4973,0.505,0.48900000000000005,0.46780000000000005,0.4943,0.4943,0.48100000000000004,0.5375,0.5515,0.5373,0.49150000000000005,0.4973,0.505,0.48900000000000005,0.46780000000000005,0.46780000000000005,0.4943,0.44580000000000003,0.5133,0.5808,0.5603,0.40900000000000003,0.531,0.5073,0.4833,0.4833,0.47050000000000003,0.47700000000000004,0.4758,0.509,0.518,0.3845,0.40750000000000003,0.4368,0.4733,0.4733,0.4303,0.35900000000000004,0.39230000000000004,0.38880000000000003,0.3708,0.3365,0.36050000000000004,0.4388,0.3598,0.3598,0.2993,0.3215,0.2723,0.33080000000000004,0.3013,0.266,0.27,0.3548,0.383,0.3638,0.304,0.3065,0.3053,0.3335,0.35550000000000004,0.234,0.2808,0.2878,0.3113,0.3113,0.41350000000000003,0.35650000000000004,0.41400000000000003,0.3443,0.306,0.2335,0.2723,0.23950000000000002,0.23950000000000002,0.2818,0.261,0.47250000000000003,0.4388,0.4403,0.40280000000000005,0.3665,0.2335,0.2723,0.2723,0.23950000000000002,0.2818,0.261,0.47250000000000003,0.4388,0.4403,0.40280000000000005,0.3665,0.318,0.318,0.29150000000000004,0.2228,0.2758,0.3418,0.5333,0.4898,0.5085000000000001,0.42100000000000004,0.3715,0.3715,0.3783,0.36300000000000004,0.3155,0.2823,0.2898
2021-07-04 04:00:00,0.681,0.7335,0.7318,0.6483,0.6223000000000001,0.5928,0.5822,0.5822,0.5835,0.6448,0.6548,0.6543,0.6873,0.7495,0.6853,0.6168,0.5845,0.5845,0.5822,0.5835,0.6448,0.6548,0.6543,0.6873,0.7495,0.6853,0.6168,0.6168,0.5845,0.5693,0.5863,0.6145,0.6348,0.5860000000000001,0.6248,0.6505000000000001,0.658,0.658,0.6233000000000001,0.5935,0.5840000000000001,0.6045,0.6155,0.6088,0.616,0.604,0.6228,0.6228,0.6635,0.6625,0.5840000000000001,0.5845,0.6123000000000001,0.5822,0.5438000000000001,0.5838,0.5707,0.5707,0.6028,0.6705,0.6778000000000001,0.5663,0.5545,0.558,0.5395,0.5238,0.6113000000000001,0.6113000000000001,0.5680000000000001,0.5513,0.5593,0.6168,0.534,0.5103,0.48450000000000004,0.4833,0.5165000000000001,0.5725,0.5853,0.5707,0.5538000000000001,0.5598000000000001,0.5803,0.4923,0.4758,0.4793,0.4793,0.496,0.5765,0.5645,0.5673,0.5878,0.602,0.5915,0.4923,0.4758,0.4758,0.4793,0.496,0.5765,0.5645,0.5673,0.5878,0.602,0.5915,0.5285000000000001,0.5285000000000001,0.48600000000000004,0.458,0.4405,0.5753,0.5415,0.5673,0.5822,0.5858,0.5935,0.5935,0.5665,0.5008,0.4753,0.4645
2021-12-30 04:00:00,0.1198,0.1218,0.11800000000000001,0.11800000000000001,0.11950000000000001,0.1178,0.1218,0.12200000000000001,0.1228,0.1218,0.125,0.1163,0.1233,0.1233,0.1228,0.1203,0.11800000000000001,0.1183,0.12100000000000001,0.1245,0.1245,0.12200000000000001,0.1253,0.1253,0.12150000000000001,0.127,0.1263,0.1203,0.12250000000000001,0.12050000000000001,0.124,0.1295,0.12050000000000001,0.12430000000000001,0.1253,0.1245,0.1233,0.1223,0.12200000000000001,0.1218,0.12200000000000001,0.1223,0.1218,0.1218,0.12350000000000001,0.1233,0.126,0.1245,0.1273,0.12350000000000001,0.1198,0.12300000000000001,0.12300000000000001,0.11900000000000001,0.1278,0.12300000000000001,0.1283,0.1255,0.1233,0.1233,0.12350000000000001,0.1198,0.1198,0.12300000000000001,0.11900000000000001,0.1278,0.12300000000000001,0.1283,0.1255,0.1233,0.1233,0.1253,0.1253,0.1245,0.12300000000000001,0.1313,0.1245,0.124,0.1293,0.1223,0.126,0.1233,0.1233,0.127,0.124,0.1253,0.1273,0.124,0.127,0.1283,0.1255,0.1273,0.1273,0.1263,0.1273,0.1293,0.132,0.14150000000000001,0.14880000000000002,0.1325,0.1253,0.1353,0.1353,0.1298,0.1288,0.1303,0.1313,0.15030000000000002,0.1575,0.167,0.14650000000000002,0.14780000000000001,0.14780000000000001,0.14200000000000002,0.1373,0.1363,0.13770000000000002,0.131,0.131,0.1308,0.13770000000000002
2021-04-19 01:00:00,0.0868,0.0925,0.0915,0.093,0.093,0.092,0.09530000000000001,0.099,0.0955,0.09480000000000001,0.09330000000000001,0.0878,0.0918,0.08900000000000001,0.08900000000000001,0.093,0.092,0.09530000000000001,0.099,0.0955,0.09480000000000001,0.09330000000000001,0.0878,0.0918,0.0918,0.08900000000000001,0.09000000000000001,0.08900000000000001,0.0983,0.09330000000000001,0.0975,0.09480000000000001,0.0908,0.0893,0.0893,0.0873,0.09330000000000001,0.09230000000000001,0.09330000000000001,0.0925,0.0998,0.09330000000000001,0.0918,0.091,0.091,0.0925,0.093,0.0883,0.0945,0.0913,0.0913,0.09630000000000001,0.0915,0.0898,0.0898,0.094,0.0978,0.09280000000000001,0.0925,0.095,0.0945,0.0955,0.0915,0.09280000000000001,0.09280000000000001,0.09230000000000001,0.0925,0.091,0.09280000000000001,0.09430000000000001,0.09330000000000001,0.0913,0.09230000000000001,0.0903,0.0903,0.0918,0.094,0.0915,0.09630000000000001,0.0903,0.09050000000000001,0.09330000000000001,0.09000000000000001,0.09000000000000001,0.09480000000000001,0.0908,0.091,0.0898,0.0893,0.0903,0.094,0.09050000000000001,0.09330000000000001,0.09330000000000001,0.09000000000000001,0.09480000000000001,0.0908,0.091,0.0898,0.0893,0.0903,0.094,0.09050000000000001,0.09050000000000001,0.0903,0.09050000000000001,0.0915,0.08600000000000001,0.0888,0.0908,0.097,0.0915,0.093,0.093,0.0908,0.0915,0.09230000000000001,0.091,0.09280000000000001,0.09230000000000001,0.0915
2021-04-29 05:00:00,0.1335,0.1303,0.131,0.1338,0.1333,0.1305,0.1305,0.1285,0.133,0.133,0.1373,0.1335,0.1303,0.131,0.1338,0.1333,0.1333,0.1305,0.1343,0.1315,0.1313,0.1405,0.1335,0.1373,0.1308,0.1338,0.1338,0.1348,0.1345,0.1328,0.137,0.13770000000000002,0.1403,0.132,0.1358,0.1418,0.1418,0.1348,0.1355,0.1385,0.14,0.1413,0.1403,0.14700000000000002,0.1335,0.1383,0.1383,0.1348,0.1343,0.1363,0.138,0.136,0.137,0.135,0.1398,0.1355,0.1355,0.134,0.134,0.1373,0.1365,0.1368,0.1358,0.14,0.136,0.1338,0.1368,0.1385,0.1388,0.13770000000000002,0.137,0.137,0.1358,0.1368,0.1368,0.1368,0.14100000000000001,0.1468,0.1468,0.1438,0.1393,0.1348,0.1433,0.1358,0.1368,0.1368,0.1368,0.14100000000000001,0.1468,0.1468,0.1438,0.1393,0.1348,0.1433,0.14250000000000002,0.14250000000000002,0.14,0.1375,0.1403,0.1348,0.1348,0.1353,0.1355,0.1355,0.1363,0.1363,0.1343,0.1343,0.1343,0.1373,0.1335,0.1363,0.136,0.1348,0.1345,0.1345,0.1375,0.1373,0.1375,0.138,0.13770000000000002
2021-05-09 03:00:00,0.116,0.1153,0.1145,0.11080000000000001,0.1148,0.1173,0.1173,0.1155,0.1145,0.1173,0.11800000000000001,0.12300000000000001,0.11380000000000001,0.11280000000000001,0.114,0.11950000000000001,0.11950000000000001,0.1173,0.1155,0.1145,0.1173,0.11800000000000001,0.12300000000000001,0.11380000000000001,0.11280000000000001,0.114,0.114,0.11950000000000001,0.1155,0.115,0.114,0.1158,0.11850000000000001,0.117,0.1148,0.11850000000000001,0.11850000000000001,0.1183,0.1125,0.1198,0.1198,0.1168,0.1258,0.1223,0.115,0.11900000000000001,0.11900000000000001,0.1153,0.12150000000000001,0.1183,0.1173,0.12000000000000001,0.12050000000000001,0.1288,0.12000000000000001,0.1183,0.1183,0.11750000000000001,0.1233,0.1213,0.11850000000000001,0.12100000000000001,0.12250000000000001,0.1155,0.1178,0.11850000000000001,0.1178,0.11850000000000001,0.1203,0.1193,0.1155,0.12000000000000001,0.11850000000000001,0.1203,0.12380000000000001,0.116,0.116,0.11850000000000001,0.12050000000000001,0.1178,0.11800000000000001,0.1178,0.1173,0.1165,0.1188,0.1188,0.124,0.1158,0.1288,0.12050000000000001,0.11900000000000001,0.1188,0.11800000000000001,0.1173,0.1165,0.1165,0.1188,0.124,0.1158,0.1288,0.12050000000000001,0.11900000000000001,0.1188,0.11800000000000001,0.1203,0.1203,0.11950000000000001,0.11800000000000001,0.116,0.12050000000000001,0.1218,0.1188,0.1203,0.11950000000000001,0.11900000000000001,0.11900000000000001,0.1198,0.1173,0.11900000000000001,0.1183,0.117
2021-03-04 02:00:00,0.10300000000000001,0.10600000000000001,0.10550000000000001,0.10600000000000001,0.10600000000000001,0.1075,0.10500000000000001,0.1068,0.10930000000000001,0.10700000000000001,0.10830000000000001,0.10300000000000001,0.10600000000000001,0.10550000000000001,0.10550000000000001,0.10600000000000001,0.10600000000000001,0.108,0.1015,0.11030000000000001,0.111,0.10500000000000001,0.10550000000000001,0.10550000000000001,0.10550000000000001,0.1043,0.10830000000000001,0.109,0.109,0.10500000000000001,0.117,0.10880000000000001,0.1078,0.108,0.108,0.108,0.1043,0.1095,0.10650000000000001,0.1053,0.10880000000000001,0.113,0.10880000000000001,0.10930000000000001,0.1085,0.1085,0.1085,0.10650000000000001,0.10930000000000001,0.11030000000000001,0.1053,0.10930000000000001,0.1078,0.10650000000000001,0.10650000000000001,0.10830000000000001,0.10700000000000001,0.1063,0.1058,0.1073,0.1058,0.1068,0.109,0.11,0.11,0.11,0.1085,0.1085,0.1105,0.1075,0.1058,0.1033,0.1068,0.1068,0.1058,0.1095,0.109,0.11180000000000001,0.10500000000000001,0.1125,0.1038,0.1058,0.1033,0.1033,0.1068,0.1058,0.1095,0.109,0.11180000000000001,0.10500000000000001,0.1125,0.1038,0.1078,0.1078,0.1078,0.1078,0.111,0.11030000000000001,0.1063,0.11130000000000001,0.11130000000000001,0.11280000000000001,0.1058,0.1058,0.1073,0.10880000000000001,0.1078,0.10650000000000001,0.1095,0.1075,0.1085,0.10980000000000001,0.10880000000000001,0.10880000000000001,0.1078,0.11180000000000001,0.108,0.1085,0.1033,0.1078,0.1053
2021-11-18 02:00:00,0.09580000000000001,0.09580000000000001,0.095,0.0978,0.094,0.0988,0.0988,0.10600000000000001,0.1015,0.0988,0.0995,0.0975,0.0988,0.097,0.09580000000000001,0.0988,0.096,0.099,0.0975,0.101,0.096,0.096,0.099,0.09630000000000001,0.09730000000000001,0.1018,0.0978,0.0998,0.1013,0.09630000000000001,0.0998,0.0998,0.1015,0.095,0.1003,0.09730000000000001,0.09580000000000001,0.0978,0.097,0.0983,0.1005,0.1005,0.0993,0.1013,0.096,0.1003,0.1013,0.099,0.0998,0.0988,0.0988,0.1015,0.1013,0.1005,0.1018,0.0983,0.0978,0.10400000000000001,0.099,0.0998,0.0998,0.0988,0.1015,0.1013,0.1005,0.1018,0.0983,0.0978,0.10400000000000001,0.09630000000000001,0.09630000000000001,0.0985,0.0993,0.09680000000000001,0.1028,0.0975,0.097,0.0998,0.1013,0.1033,0.1033,0.101,0.0988,0.0995,0.097,0.1058,0.1008,0.10350000000000001,0.1003,0.0998,0.0998,0.1018,0.10250000000000001,0.10250000000000001,0.1015,0.1038,0.1068,0.1038,0.10500000000000001,0.10250000000000001,0.10250000000000001,0.1023,0.10250000000000001,0.1058,0.1048,0.1068,0.1023,0.1033,0.1033,0.1033,0.1005,0.1,0.0988,0.1015,0.101,0.1033,0.1033,0.1023,0.1028,0.1028,0.1038
2021-08-25 06:00:00,0.4183,0.42000000000000004,0.4375,0.451,0.49250000000000005,0.5225000000000001,0.5253,0.5253,0.5255000000000001,0.5038,0.4868,0.4183,0.42000000000000004,0.4375,0.451,0.49250000000000005,0.5225000000000001,0.5225000000000001,0.5253,0.504,0.4918,0.4965,0.38830000000000003,0.41250000000000003,0.4163,0.4303,0.46780000000000005,0.46780000000000005,0.4933,0.4868,0.47550000000000003,0.4698,0.4933,0.3365,0.41150000000000003,0.4218,0.4385,0.4385,0.46530000000000005,0.4738,0.46230000000000004,0.47700000000000004,0.499,0.4998,0.32230000000000003,0.387,0.4073,0.4073,0.41500000000000004,0.451,0.4813,0.498,0.511,0.5013000000000001,0.4758,0.3385,0.3723,0.3723,0.4045,0.41250000000000003,0.42500000000000004,0.4555,0.48200000000000004,0.4808,0.46430000000000005,0.44480000000000003,0.3558,0.3558,0.3713,0.387,0.40900000000000003,0.41500000000000004,0.4203,0.41200000000000003,0.4273,0.4293,0.4293,0.378,0.3688,0.3785,0.3945,0.39830000000000004,0.396,0.3798,0.41200000000000003,0.4273,0.4273,0.4293,0.378,0.3688,0.3785,0.3945,0.39830000000000004,0.396,0.3798,0.39130000000000004,0.39130000000000004,0.39230000000000004,0.395,0.39280000000000004,0.38130000000000003,0.3788,0.3803,0.3735,0.385,0.386,0.386,0.383,0.3825,0.3748,0.39630000000000004,0.4045,0.39330000000000004,0.38380000000000003,0.3765,0.38,0.38,0.38430000000000003,0.3765,0.369,0.35450000000000004
2021-03-10 01:00:00,0.2728,0.2768,0.2768,0.2705,0.2538,0.2723,0.26530000000000004,0.2333,0.24650000000000002,0.258,0.25120000000000003,0.2728,0.2728,0.2768,0.2788,0.2783,0.258,0.23750000000000002,0.2165,0.2078,0.24430000000000002,0.2585,0.26880000000000004,0.2713,0.2733,0.2788,0.278,0.2545,0.2285,0.2248,0.23750000000000002,0.25730000000000003,0.25730000000000003,0.26880000000000004,0.2615,0.254,0.2582,0.2585,0.23,0.216,0.2225,0.2313,0.2313,0.24250000000000002,0.2728,0.2685,0.26730000000000004,0.263,0.2755,0.24830000000000002,0.2228,0.22,0.22,0.23800000000000002,0.28200000000000003,0.28650000000000003,0.25730000000000003,0.24000000000000002,0.267,0.2838,0.266,0.24650000000000002,0.24650000000000002,0.2627,0.28150000000000003,0.2958,0.28350000000000003,0.2665,0.2748,0.2745,0.2773,0.2773,0.272,0.26830000000000004,0.2903,0.3028,0.2958,0.29350000000000004,0.2918,0.2748,0.2745,0.2745,0.2773,0.272,0.26830000000000004,0.2903,0.3028,0.28400000000000003,0.29350000000000004,0.2918,0.2985,0.2985,0.29700000000000004,0.2888,0.2738,0.2798,0.2803,0.2993,0.2978,0.28350000000000003,0.2785,0.2785,0.2848,0.2848,0.28200000000000003,0.29600000000000004,0.28300000000000003,0.268,0.2833,0.3095,0.2768,0.2768,0.2738,0.28,0.28300000000000003,0.2943,0.29550000000000004,0.259,0.2665,0.2998,0.2923
2021-10-22 03:00:00,0.307,0.29300000000000004,0.2973,0.29250000000000004,0.29250000000000004,0.2728,0.281,0.263,0.2697,0.2788,0.3035,0.2948,0.28650000000000003,0.2868,0.2868,0.2933,0.2898,0.2868,0.2585,0.24880000000000002,0.24500000000000002,0.2528,0.2898,0.2843,0.2843,0.28850000000000003,0.2873,0.3053,0.29400000000000004,0.2803,0.2695,0.2335,0.24580000000000002,0.3078,0.3078,0.3123,0.29350000000000004,0.3028,0.2958,0.302,0.2805,0.2233,0.2073,0.203,0.305,0.306,0.275,0.28550000000000003,0.29300000000000004,0.2988,0.307,0.278,0.21530000000000002,0.2008,0.2008,0.2882,0.3163,0.2615,0.311,0.3063,0.2995,0.3005,0.24600000000000002,0.24600000000000002,0.2038,0.2018,0.24630000000000002,0.24980000000000002,0.2368,0.278,0.29250000000000004,0.2995,0.3005,0.3005,0.24600000000000002,0.2038,0.2018,0.24630000000000002,0.24980000000000002,0.2368,0.278,0.29250000000000004,0.2828,0.2828,0.2958,0.24400000000000002,0.2233,0.2078,0.2535,0.25880000000000003,0.2553,0.248,0.28150000000000003,0.28150000000000003,0.28750000000000003,0.308,0.2728,0.2818,0.24880000000000002,0.24880000000000002,0.2358,0.2705,0.2248,0.2248,0.24750000000000003,0.28350000000000003,0.3088,0.2785,0.2785,0.2655,0.26530000000000004,0.251,0.278,0.278,0.1933,0.17400000000000002,0.258,0.3175,0.271,0.21530000000000002,0.218
2021-03-25 02:00:00,0.1058,0.11130000000000001,0.10450000000000001,0.1075,0.1075,0.1003,0.10600000000000001,0.1053,0.1038,0.10700000000000001,0.1058,0.1058,0.11130000000000001,0.10450000000000001,0.10450000000000001,0.1075,0.1063,0.1058,0.112,0.10980000000000001,0.1073,0.1033,0.1075,0.108,0.108,0.10600000000000001,0.1078,0.1038,0.11230000000000001,0.10650000000000001,0.113,0.11380000000000001,0.10650000000000001,0.1085,0.1085,0.1078,0.10600000000000001,0.108,0.10980000000000001,0.1058,0.1073,0.11380000000000001,0.11130000000000001,0.1038,0.1075,0.1073,0.108,0.10880000000000001,0.10980000000000001,0.1078,0.1085,0.1075,0.10880000000000001,0.1085,0.1085,0.1168,0.10400000000000001,0.113,0.11080000000000001,0.10650000000000001,0.10550000000000001,0.111,0.111,0.10830000000000001,0.10830000000000001,0.112,0.10930000000000001,0.10930000000000001,0.11030000000000001,0.11130000000000001,0.109,0.10700000000000001,0.111,0.111,0.11080000000000001,0.11130000000000001,0.1135,0.1105,0.10880000000000001,0.1048,0.10600000000000001,0.109,0.10700000000000001,0.10700000000000001,0.111,0.11080000000000001,0.11130000000000001,0.1135,0.1105,0.10880000000000001,0.1048,0.10600000000000001,0.109,0.109,0.1068,0.111,0.10880000000000001,0.1085,0.10980000000000001,0.11080000000000001,0.1155,0.1053,0.108,0.108,0.10930000000000001,0.113,0.10930000000000001,0.1073,0.1068,0.1095,0.11030000000000001,0.1075,0.1135,0.1135,0.1075,0.11230000000000001,0.10980000000000001,0.1075,0.1048,0.10500000000000001,0.10650000000000001
2021-08-09 05:00:00,0.636,0.6183000000000001,0.5558000000000001,0.5088,0.5135000000000001,0.5203,0.5188,0.5188,0.5138,0.47750000000000004,0.4853,0.596,0.5718,0.5188,0.4808,0.499,0.5153,0.5153,0.5188,0.5138,0.47750000000000004,0.4853,0.596,0.5718,0.5188,0.4808,0.499,0.499,0.5153,0.5235000000000001,0.535,0.4938,0.4943,0.5635,0.5373,0.4788,0.467,0.467,0.4938,0.517,0.5413,0.5215000000000001,0.46280000000000004,0.47950000000000004,0.5745,0.5365,0.459,0.459,0.45580000000000004,0.4863,0.5138,0.5425,0.5195000000000001,0.5388000000000001,0.5418000000000001,0.5498000000000001,0.5433,0.5433,0.519,0.5063,0.5045000000000001,0.5228,0.5618000000000001,0.5778,0.557,0.5498000000000001,0.5843,0.5843,0.5525,0.5763,0.5728,0.5713,0.5998,0.613,0.5933,0.5730000000000001,0.5880000000000001,0.6153000000000001,0.6488,0.633,0.6178,0.6015,0.6018,0.6268,0.6158,0.6223000000000001,0.6223000000000001,0.636,0.6278,0.6513,0.6268,0.6113000000000001,0.6195,0.645,0.6268,0.6158,0.6158,0.6223000000000001,0.636,0.6278,0.6513,0.6268,0.6113000000000001,0.6195,0.645,0.6468,0.6468,0.6263000000000001,0.6588,0.6853,0.6523,0.6463,0.619,0.648,0.6708000000000001,0.6365000000000001,0.6365000000000001,0.6508,0.6668000000000001,0.667,0.6688000000000001
2021-08-15 01:00:00,0.3688,0.383,0.4,0.4055,0.4055,0.39480000000000004,0.39580000000000004,0.3335,0.2938,0.3265,0.323,0.376,0.3805,0.41150000000000003,0.41150000000000003,0.4055,0.39480000000000004,0.39580000000000004,0.3335,0.2938,0.3265,0.323,0.376,0.3805,0.3805,0.41150000000000003,0.397,0.40230000000000005,0.40280000000000005,0.3765,0.3325,0.3428,0.3365,0.3715,0.3715,0.34700000000000003,0.37,0.35000000000000003,0.38930000000000003,0.377,0.372,0.3528,0.35350000000000004,0.34750000000000003,0.38280000000000003,0.3623,0.373,0.33080000000000004,0.34500000000000003,0.405,0.391,0.3685,0.3483,0.3345,0.3345,0.3603,0.3775,0.3788,0.3803,0.38930000000000003,0.3875,0.4073,0.39080000000000004,0.34700000000000003,0.34700000000000003,0.35150000000000003,0.302,0.3423,0.35900000000000004,0.35950000000000004,0.3738,0.364,0.368,0.35450000000000004,0.35450000000000004,0.3825,0.38680000000000003,0.2713,0.3165,0.3088,0.2988,0.2913,0.3145,0.3145,0.332,0.32530000000000003,0.3463,0.3385,0.27080000000000004,0.2918,0.3065,0.2988,0.2913,0.2913,0.3145,0.332,0.32530000000000003,0.3463,0.3385,0.27080000000000004,0.2918,0.3065,0.28950000000000004,0.28950000000000004,0.24050000000000002,0.2665,0.3065,0.341,0.3578,0.321,0.2558,0.272,0.2888,0.2888,0.29250000000000004,0.2778,0.2775,0.3075,0.3245,0.3123,0.305
2021-11-11 04:00:00,0.1568,0.1605,0.1653,0.1708,0.1658,0.1658,0.1698,0.1675,0.1655,0.17300000000000001,0.1715,0.1395,0.1388,0.1393,0.14830000000000002,0.14830000000000002,0.153,0.15430000000000002,0.14850000000000002,0.1448,0.157,0.166,0.1325,0.1403,0.1403,0.1403,0.1433,0.1495,0.15130000000000002,0.14980000000000002,0.1463,0.1553,0.1663,0.1338,0.138,0.138,0.14250000000000002,0.1408,0.151,0.14800000000000002,0.1408,0.14250000000000002,0.1448,0.151,0.1353,0.1353,0.1385,0.1393,0.1448,0.14450000000000002,0.15030000000000002,0.14200000000000002,0.136,0.1393,0.1458,0.125,0.1295,0.131,0.1343,0.1308,0.1443,0.14350000000000002,0.1375,0.1288,0.1288,0.1298,0.129,0.125,0.1303,0.1348,0.1335,0.14,0.14350000000000002,0.1375,0.1375,0.1288,0.1298,0.129,0.125,0.1303,0.1348,0.1335,0.14,0.1525,0.1525,0.1373,0.1318,0.1325,0.1263,0.129,0.1308,0.1295,0.1318,0.132,0.132,0.1343,0.1315,0.1368,0.1398,0.1305,0.136,0.133,0.1318,0.1343,0.1343,0.135,0.1345,0.1375,0.1438,0.1673,0.1345,0.1288,0.1315,0.13770000000000002,0.13770000000000002,0.1325,0.136,0.139,0.1368,0.1443,0.158
2021-06-26 05:00:00,0.4863,0.5643,0.6035,0.5930000000000001,0.5835,0.5845,0.5900000000000001,0.5900000000000001,0.6105,0.5735,0.5975,0.532,0.553,0.5565,0.5618000000000001,0.5773,0.5858,0.5858,0.5900000000000001,0.6105,0.5735,0.5975,0.532,0.553,0.5565,0.5618000000000001,0.5773,0.5773,0.5858,0.5830000000000001,0.5918,0.5773,0.5885,0.5538000000000001,0.5638000000000001,0.5653,0.5698,0.5698,0.5800000000000001,0.5663,0.5623,0.5878,0.5978,0.5203,0.5413,0.5690000000000001,0.5653,0.5653,0.5695,0.5670000000000001,0.5553,0.5543,0.5653,0.5738,0.546,0.5495,0.5650000000000001,0.5650000000000001,0.5820000000000001,0.5895,0.5885,0.556,0.551,0.5303,0.517,0.5213,0.5725,0.5725,0.5720000000000001,0.5710000000000001,0.5998,0.5955,0.5843,0.5690000000000001,0.5608000000000001,0.5413,0.5273,0.645,0.627,0.6173000000000001,0.5973,0.621,0.6218,0.6015,0.5838,0.5855,0.5855,0.6025,0.6635,0.6243000000000001,0.626,0.6333000000000001,0.6323000000000001,0.6183000000000001,0.6015,0.5838,0.5838,0.5855,0.6025,0.6635,0.6243000000000001,0.626,0.6333000000000001,0.6323000000000001,0.6183000000000001,0.611,0.611,0.6125,0.651,0.7325,0.662,0.6425000000000001,0.657,0.6568,0.6583,0.6533,0.6533,0.6355000000000001,0.6473,0.6990000000000001,0.748
2021-12-21 04:00:00,0.11280000000000001,0.117,0.1125,0.1125,0.114,0.11750000000000001,0.1178,0.11850000000000001,0.12000000000000001,0.1223,0.116,0.1165,0.11750000000000001,0.11750000000000001,0.116,0.11280000000000001,0.11900000000000001,0.114,0.1188,0.1155,0.12000000000000001,0.11900000000000001,0.1155,0.1155,0.1158,0.1148,0.11850000000000001,0.1183,0.11800000000000001,0.1153,0.1178,0.116,0.1165,0.1145,0.1173,0.1165,0.1173,0.11800000000000001,0.115,0.1165,0.1188,0.1183,0.11750000000000001,0.11750000000000001,0.1153,0.12050000000000001,0.11330000000000001,0.1188,0.12100000000000001,0.1165,0.1155,0.12000000000000001,0.12000000000000001,0.12000000000000001,0.1233,0.1183,0.11750000000000001,0.1165,0.124,0.115,0.1165,0.1155,0.1155,0.12000000000000001,0.12000000000000001,0.1233,0.1183,0.11750000000000001,0.1165,0.124,0.115,0.1183,0.1183,0.1163,0.1163,0.1153,0.12100000000000001,0.1148,0.12050000000000001,0.11950000000000001,0.1165,0.1168,0.1168,0.116,0.1115,0.116,0.11900000000000001,0.1178,0.11850000000000001,0.1188,0.1198,0.12350000000000001,0.12350000000000001,0.117,0.1213,0.12200000000000001,0.1178,0.12150000000000001,0.1233,0.114,0.114,0.1153,0.1153,0.1233,0.1183,0.1193,0.11950000000000001,0.1183,0.1188,0.11900000000000001,0.11230000000000001,0.116,0.116,0.1148,0.11850000000000001,0.1213,0.11380000000000001,0.11850000000000001,0.11800000000000001,0.1178,0.12150000000000001
2021-03-22 04:00:00,0.135,0.1293,0.136,0.1323,0.134,0.134,0.1298,0.1288,0.1293,0.132,0.1293,0.135,0.1293,0.136,0.1323,0.1323,0.134,0.1318,0.1305,0.1303,0.1328,0.134,0.1325,0.132,0.138,0.138,0.13770000000000002,0.1353,0.1338,0.135,0.135,0.1458,0.1358,0.1355,0.135,0.135,0.13,0.134,0.1348,0.1343,0.13770000000000002,0.1365,0.14930000000000002,0.1355,0.131,0.131,0.132,0.129,0.1293,0.131,0.1293,0.1308,0.1313,0.1365,0.1293,0.132,0.1318,0.135,0.1323,0.1303,0.1315,0.1323,0.1358,0.1345,0.1328,0.1328,0.137,0.13,0.1313,0.1353,0.1353,0.132,0.1358,0.1323,0.1323,0.1385,0.126,0.14880000000000002,0.1355,0.137,0.1335,0.1388,0.132,0.1358,0.1358,0.1323,0.1385,0.126,0.14880000000000002,0.1355,0.137,0.1335,0.1388,0.135,0.135,0.1358,0.1348,0.1388,0.1303,0.1333,0.1333,0.1313,0.1308,0.1298,0.1298,0.13,0.1305,0.129,0.131,0.1283,0.1343,0.138,0.1315,0.1318,0.1318,0.1333,0.1345,0.134,0.1338,0.1325,0.1303
2021-05-07 01:00:00,0.1393,0.136,0.1315,0.1283,0.1303,0.1303,0.1358,0.133,0.1335,0.129,0.1275,0.14150000000000001,0.1408,0.1358,0.1423,0.1423,0.1303,0.1358,0.133,0.1335,0.129,0.1275,0.14150000000000001,0.1408,0.1358,0.1358,0.1423,0.1325,0.132,0.1333,0.1305,0.129,0.1273,0.138,0.1458,0.1458,0.154,0.14,0.1408,0.14200000000000002,0.1403,0.1348,0.1313,0.1288,0.1373,0.1373,0.1458,0.139,0.138,0.135,0.135,0.13770000000000002,0.1365,0.1353,0.127,0.129,0.1343,0.128,0.1305,0.1298,0.1318,0.129,0.131,0.1293,0.1268,0.1268,0.1275,0.131,0.1293,0.1258,0.1325,0.132,0.1308,0.1333,0.125,0.125,0.1315,0.1268,0.1303,0.12430000000000001,0.1265,0.1295,0.1303,0.1258,0.1258,0.1333,0.1278,0.129,0.1298,0.127,0.12300000000000001,0.12250000000000001,0.1295,0.1303,0.1303,0.1258,0.1333,0.1278,0.129,0.1298,0.127,0.12300000000000001,0.12250000000000001,0.1255,0.1255,0.1305,0.1273,0.1268,0.136,0.1253,0.1258,0.12380000000000001,0.1245,0.127,0.127,0.1263,0.1283,0.1263,0.1253,0.12350000000000001,0.126
2021-05-18 05:00:00,0.5155000000000001,0.5095000000000001,0.5165000000000001,0.5138,0.5243,0.5208,0.5288,0.5288,0.5238,0.5425,0.5548000000000001,0.5088,0.5043,0.5107,0.5138,0.5188,0.5168,0.5168,0.5288,0.5238,0.5425,0.5548000000000001,0.5088,0.5043,0.5107,0.5138,0.5188,0.5188,0.5168,0.5168,0.513,0.5228,0.5395,0.49400000000000005,0.4928,0.4958,0.5073,0.5073,0.5095000000000001,0.5135000000000001,0.5082,0.5093,0.5055000000000001,0.5248,0.4848,0.4943,0.48450000000000004,0.48450000000000004,0.4965,0.5038,0.5082,0.505,0.497,0.4978,0.5105000000000001,0.47400000000000003,0.4883,0.4883,0.47900000000000004,0.47900000000000004,0.4918,0.498,0.5003000000000001,0.4903,0.4863,0.49450000000000005,0.4565,0.4565,0.47250000000000003,0.4763,0.4615,0.47200000000000003,0.4938,0.4993,0.48150000000000004,0.4828,0.48600000000000004,0.4323,0.4405,0.4525,0.4645,0.45780000000000004,0.45280000000000004,0.4768,0.4968,0.48250000000000004,0.48250000000000004,0.4803,0.4143,0.42200000000000004,0.4338,0.45530000000000004,0.464,0.44830000000000003,0.4768,0.4968,0.4968,0.48250000000000004,0.4803,0.4143,0.42200000000000004,0.4338,0.45530000000000004,0.464,0.44830000000000003,0.46,0.46,0.47850000000000004,0.46330000000000005,0.4615,0.3925,0.3975,0.39480000000000004,0.4328,0.46730000000000005,0.453,0.453,0.4555,0.47250000000000003,0.45830000000000004,0.4485
2021-07-08 03:00:00,0.5435,0.5868,0.611,0.6153000000000001,0.6003000000000001,0.5935,0.5935,0.5925,0.5943,0.6025,0.602,0.5375,0.552,0.5703,0.5825,0.5628000000000001,0.5628000000000001,0.5935,0.5925,0.5943,0.6025,0.602,0.5375,0.552,0.5703,0.5825,0.5825,0.5628000000000001,0.5625,0.5848,0.5945,0.6023000000000001,0.598,0.5305,0.5253,0.5428000000000001,0.5428000000000001,0.5695,0.5705,0.5680000000000001,0.5893,0.608,0.607,0.6088,0.509,0.5103,0.5103,0.5303,0.5523,0.5658000000000001,0.5750000000000001,0.5838,0.6063000000000001,0.621,0.6088,0.5218,0.5218,0.5285000000000001,0.5433,0.5668000000000001,0.5833,0.5848,0.5860000000000001,0.5955,0.5948,0.5973,0.51,0.5195000000000001,0.5315,0.5413,0.5663,0.5875,0.605,0.6058,0.617,0.6125,0.6125,0.48300000000000004,0.5028,0.5312,0.543,0.5655,0.5820000000000001,0.598,0.6063000000000001,0.6063000000000001,0.6138,0.616,0.5085000000000001,0.5288,0.5508000000000001,0.5640000000000001,0.5748,0.5820000000000001,0.598,0.598,0.6063000000000001,0.6138,0.616,0.5085000000000001,0.5288,0.5508000000000001,0.5640000000000001,0.5748,0.5808,0.5808,0.5885,0.5935,0.5913,0.5853,0.5445,0.5503,0.5683,0.5698,0.5798,0.5798,0.5845,0.5845,0.5783,0.5675,0.5543
2021-10-29 03:00:00,0.1413,0.14550000000000002,0.129,0.15230000000000002,0.15230000000000002,0.24930000000000002,0.1758,0.164,0.14300000000000002,0.151,0.1995,0.1613,0.1458,0.1268,0.1268,0.1278,0.14650000000000002,0.1363,0.1398,0.134,0.14300000000000002,0.158,0.1628,0.1535,0.1535,0.1395,0.139,0.14250000000000002,0.1335,0.1345,0.1388,0.1353,0.14450000000000002,0.1395,0.1395,0.1358,0.1363,0.1368,0.13770000000000002,0.1343,0.1365,0.1358,0.1368,0.1338,0.1495,0.1443,0.1375,0.138,0.1363,0.1358,0.138,0.1388,0.14200000000000002,0.139,0.139,0.14850000000000002,0.1458,0.1398,0.1375,0.1383,0.1368,0.13770000000000002,0.14200000000000002,0.14200000000000002,0.1563,0.14250000000000002,0.1463,0.14850000000000002,0.1433,0.14650000000000002,0.14300000000000002,0.1368,0.13770000000000002,0.13770000000000002,0.14200000000000002,0.1563,0.14250000000000002,0.1463,0.14850000000000002,0.1433,0.14650000000000002,0.14300000000000002,0.14600000000000002,0.14600000000000002,0.1423,0.1353,0.1515,0.15130000000000002,0.14200000000000002,0.14150000000000001,0.14150000000000001,0.1413,0.1395,0.1395,0.1443,0.14350000000000002,0.14,0.1388,0.152,0.1418,0.14880000000000002,0.1468,0.1405,0.1405,0.14450000000000002,0.1463,0.14600000000000002,0.1463,0.1433,0.15080000000000002,0.14830000000000002,0.14750000000000002,0.14730000000000001,0.14730000000000001,0.14700000000000002,0.14500000000000002,0.14880000000000002,0.14700000000000002,0.1453,0.14930000000000002,0.14980000000000002
2021-11-13 04:00:00,0.11230000000000001,0.1148,0.11380000000000001,0.1125,0.1158,0.1158,0.12000000000000001,0.11330000000000001,0.1168,0.11900000000000001,0.1158,0.1158,0.116,0.1193,0.115,0.115,0.11850000000000001,0.1208,0.12100000000000001,0.1183,0.12200000000000001,0.1193,0.115,0.1165,0.1188,0.1188,0.11850000000000001,0.1158,0.1188,0.1178,0.1188,0.1165,0.12150000000000001,0.124,0.11900000000000001,0.11900000000000001,0.1198,0.12380000000000001,0.1163,0.1155,0.11900000000000001,0.1198,0.1183,0.11850000000000001,0.12150000000000001,0.12150000000000001,0.1268,0.1183,0.1253,0.1255,0.1218,0.12380000000000001,0.12100000000000001,0.12000000000000001,0.11900000000000001,0.11750000000000001,0.1203,0.12250000000000001,0.11900000000000001,0.124,0.12100000000000001,0.1258,0.1228,0.12250000000000001,0.12250000000000001,0.12250000000000001,0.11750000000000001,0.12250000000000001,0.1263,0.12150000000000001,0.1263,0.12250000000000001,0.1258,0.1228,0.1228,0.12250000000000001,0.12250000000000001,0.11750000000000001,0.12250000000000001,0.1263,0.12150000000000001,0.1263,0.12250000000000001,0.12050000000000001,0.12050000000000001,0.1228,0.1233,0.12480000000000001,0.1208,0.12100000000000001,0.125,0.124,0.1268,0.1213,0.1213,0.126,0.1213,0.1253,0.1268,0.1228,0.12480000000000001,0.1258,0.1283,0.1268,0.1268,0.125,0.1245,0.126,0.1288,0.1283,0.12200000000000001,0.1258,0.126,0.1258,0.1258,0.1283,0.1283,0.1273,0.128,0.1283,0.1348
2021-06-03 03:00:00,0.638,0.6308,0.6065,0.614,0.6255000000000001,0.6258,0.6258,0.6228,0.6398,0.6115,0.5828,0.6153000000000001,0.5910000000000001,0.5868,0.6048,0.6115,0.6115,0.6258,0.6228,0.6398,0.6115,0.5828,0.6153000000000001,0.5910000000000001,0.5868,0.6048,0.6048,0.6115,0.601,0.5738,0.5458000000000001,0.5275000000000001,0.543,0.6423,0.6013000000000001,0.5855,0.5855,0.6043000000000001,0.6005,0.5903,0.5743,0.5288,0.5213,0.547,0.6493,0.6503,0.6503,0.636,0.604,0.602,0.6078,0.5870000000000001,0.5890000000000001,0.5683,0.549,0.6223000000000001,0.6223000000000001,0.631,0.64,0.6008,0.645,0.7018,0.6585000000000001,0.6318,0.6118,0.5660000000000001,0.6225,0.6323000000000001,0.6425000000000001,0.6363,0.5808,0.6405000000000001,0.666,0.6988000000000001,0.6738000000000001,0.6633,0.6633,0.6148,0.6128,0.6453,0.6388,0.6323000000000001,0.6565000000000001,0.6038,0.6598,0.6598,0.687,0.6455000000000001,0.6318,0.6375000000000001,0.6568,0.65,0.6448,0.6565000000000001,0.6038,0.6038,0.6598,0.687,0.6455000000000001,0.6318,0.6375000000000001,0.6568,0.65,0.6448,0.644,0.644,0.621,0.5955,0.6508,0.6458,0.6345000000000001,0.6563,0.6728000000000001,0.673,0.664,0.664,0.6638000000000001,0.615,0.5337000000000001,0.5628000000000001,0.5878
2021-09-21 03:00:00,0.1115,0.1078,0.11330000000000001,0.11,0.1075,0.1075,0.109,0.10980000000000001,0.1075,0.1143,0.1178,0.1115,0.1078,0.11330000000000001,0.11,0.11,0.1075,0.109,0.11030000000000001,0.11080000000000001,0.1155,0.11330000000000001,0.11180000000000001,0.11130000000000001,0.11330000000000001,0.11330000000000001,0.11230000000000001,0.108,0.1158,0.1155,0.11330000000000001,0.1163,0.1143,0.11130000000000001,0.1143,0.1143,0.1145,0.11,0.1168,0.1125,0.11230000000000001,0.1165,0.12100000000000001,0.112,0.11380000000000001,0.11380000000000001,0.1143,0.1145,0.112,0.1145,0.1208,0.1153,0.1203,0.11280000000000001,0.11280000000000001,0.1125,0.11,0.1228,0.1223,0.117,0.1148,0.117,0.11800000000000001,0.1208,0.11130000000000001,0.11130000000000001,0.1188,0.1178,0.11330000000000001,0.1143,0.117,0.11750000000000001,0.1153,0.1145,0.1145,0.1165,0.1125,0.12250000000000001,0.1135,0.111,0.1155,0.11130000000000001,0.11750000000000001,0.1153,0.1153,0.1145,0.1165,0.1125,0.12250000000000001,0.1135,0.111,0.1155,0.11130000000000001,0.115,0.115,0.1135,0.117,0.1135,0.1143,0.1158,0.11330000000000001,0.1155,0.1153,0.1143,0.1143,0.112,0.1165,0.1148,0.116,0.1188,0.1135,0.11280000000000001,0.1183,0.11800000000000001,0.11800000000000001,0.1178,0.1163,0.1193,0.1158,0.115,0.111
2021-04-23 01:00:00,0.3635,0.3735,0.3733,0.3655,0.3655,0.3518,0.35800000000000004,0.34400000000000003,0.3403,0.33130000000000004,0.341,0.38430000000000003,0.38480000000000003,0.375,0.375,0.3655,0.3518,0.35800000000000004,0.34400000000000003,0.3403,0.33130000000000004,0.341,0.38430000000000003,0.38480000000000003,0.38480000000000003,0.375,0.3598,0.34750000000000003,0.3413,0.3393,0.3478,0.343,0.343,0.38630000000000003,0.38630000000000003,0.376,0.3568,0.3483,0.335,0.3335,0.34800000000000003,0.3513,0.3478,0.35200000000000004,0.3643,0.3705,0.36300000000000004,0.34850000000000003,0.3438,0.3385,0.3325,0.3418,0.3423,0.3483,0.3483,0.3708,0.3723,0.3803,0.371,0.366,0.366,0.34600000000000003,0.34900000000000003,0.34450000000000003,0.34450000000000003,0.3523,0.383,0.3745,0.3793,0.38880000000000003,0.38830000000000003,0.38880000000000003,0.38,0.38180000000000003,0.38180000000000003,0.38830000000000003,0.38480000000000003,0.4033,0.4005,0.39780000000000004,0.40130000000000005,0.40080000000000005,0.39580000000000004,0.39580000000000004,0.39,0.3915,0.3855,0.38830000000000003,0.39430000000000004,0.384,0.3783,0.40130000000000005,0.40080000000000005,0.40080000000000005,0.39580000000000004,0.39,0.3915,0.3855,0.38830000000000003,0.39430000000000004,0.384,0.3783,0.3805,0.3805,0.38380000000000003,0.3798,0.378,0.3733,0.3665,0.3728,0.3905,0.3705,0.35800000000000004,0.35800000000000004,0.3573,0.3365,0.3225,0.29650000000000004,0.2788,0.26080000000000003,0.251
2021-05-23 03:00:00,0.673,0.6938000000000001,0.6688000000000001,0.601,0.6008,0.5813,0.5813,0.529,0.5248,0.4645,0.44730000000000003,0.6783,0.6965,0.7153,0.5720000000000001,0.5523,0.5523,0.5813,0.529,0.5248,0.4645,0.44730000000000003,0.6783,0.6965,0.7153,0.5720000000000001,0.5720000000000001,0.5523,0.5478000000000001,0.5378000000000001,0.5213,0.5458000000000001,0.5098,0.6868000000000001,0.6898000000000001,0.6995,0.6995,0.6398,0.5575,0.5503,0.5465,0.5553,0.5455,0.48750000000000004,0.6943,0.6838000000000001,0.6838000000000001,0.6698000000000001,0.6205,0.5698,0.5328,0.528,0.5553,0.5613,0.52,0.6415000000000001,0.6415000000000001,0.6028,0.6048,0.5955,0.5553,0.5195000000000001,0.4808,0.5228,0.5518000000000001,0.544,0.6548,0.6413,0.6073000000000001,0.5875,0.5718,0.605,0.5780000000000001,0.5205000000000001,0.4793,0.5345,0.5345,0.644,0.6493,0.6125,0.5638000000000001,0.5503,0.5613,0.5653,0.5535,0.5535,0.522,0.5465,0.6258,0.5873,0.5648000000000001,0.5335,0.5295,0.5613,0.5653,0.5653,0.5535,0.522,0.5465,0.6258,0.5873,0.5648000000000001,0.5335,0.5295,0.5233,0.5233,0.5393,0.5393,0.5,0.5178,0.5875,0.5385,0.5403,0.46580000000000005,0.4485,0.4485,0.4415,0.4983,0.534,0.5312,0.49050000000000005
2021-09-22 02:00:00,0.08850000000000001,0.094,0.0915,0.09430000000000001,0.09430000000000001,0.0913,0.09330000000000001,0.0955,0.0983,0.096,0.101,0.08850000000000001,0.094,0.0915,0.0915,0.09430000000000001,0.09330000000000001,0.0978,0.092,0.0945,0.09630000000000001,0.0985,0.094,0.0965,0.0965,0.09480000000000001,0.0995,0.0935,0.098,0.0988,0.10250000000000001,0.096,0.09730000000000001,0.0998,0.0998,0.09580000000000001,0.0975,0.0975,0.0998,0.0965,0.0995,0.10350000000000001,0.09630000000000001,0.0975,0.0985,0.097,0.096,0.0993,0.099,0.0975,0.1023,0.0983,0.1018,0.0983,0.0983,0.09630000000000001,0.099,0.1023,0.0965,0.09730000000000001,0.1015,0.10400000000000001,0.09680000000000001,0.0935,0.0935,0.1003,0.0975,0.0993,0.0988,0.098,0.096,0.0985,0.0998,0.0998,0.1048,0.09230000000000001,0.0995,0.097,0.097,0.0995,0.0985,0.096,0.0985,0.0985,0.0998,0.1048,0.09230000000000001,0.0995,0.097,0.097,0.0995,0.0985,0.09580000000000001,0.09580000000000001,0.0978,0.1003,0.0985,0.1005,0.0983,0.09630000000000001,0.1015,0.0978,0.1008,0.1008,0.0993,0.09730000000000001,0.1013,0.1008,0.1003,0.1028,0.1008,0.1,0.098,0.098,0.0988,0.1073,0.1015,0.10300000000000001,0.0983,0.0978,0.1018
2021-05-18 01:00:00,0.17950000000000002,0.1825,0.17950000000000002,0.171,0.15430000000000002,0.15430000000000002,0.152,0.1675,0.15280000000000002,0.1393,0.1345,0.18280000000000002,0.1728,0.1603,0.157,0.157,0.15430000000000002,0.152,0.1675,0.15280000000000002,0.1393,0.1345,0.18280000000000002,0.1728,0.1603,0.1603,0.157,0.1553,0.15,0.1423,0.153,0.14850000000000002,0.135,0.17750000000000002,0.17200000000000001,0.17200000000000001,0.164,0.14780000000000001,0.14500000000000002,0.1733,0.1845,0.167,0.15080000000000002,0.1585,0.17200000000000001,0.17200000000000001,0.1635,0.1598,0.149,0.14600000000000002,0.17950000000000002,0.1703,0.1585,0.1398,0.168,0.1753,0.1643,0.1605,0.1563,0.1383,0.136,0.14100000000000001,0.139,0.1363,0.1323,0.1323,0.197,0.1733,0.15330000000000002,0.14450000000000002,0.138,0.1288,0.1295,0.1278,0.1345,0.1345,0.1395,0.194,0.17350000000000002,0.15230000000000002,0.1413,0.1395,0.1348,0.1303,0.1303,0.1405,0.14,0.1453,0.1635,0.1553,0.1448,0.14250000000000002,0.1395,0.1348,0.1348,0.1303,0.1405,0.14,0.1453,0.1635,0.1553,0.1448,0.14250000000000002,0.1388,0.1388,0.14700000000000002,0.1398,0.14,0.1408,0.14450000000000002,0.155,0.14200000000000002,0.139,0.138,0.138,0.1345,0.1368,0.1505,0.1373,0.1325,0.1343
2021-09-02 02:00:00,0.445,0.45530000000000004,0.46380000000000005,0.42450000000000004,0.42450000000000004,0.4358,0.4525,0.438,0.4555,0.4733,0.46380000000000005,0.445,0.45530000000000004,0.46380000000000005,0.46380000000000005,0.42450000000000004,0.4425,0.4703,0.4753,0.4685,0.47200000000000003,0.462,0.45980000000000004,0.4333,0.4333,0.4363,0.4338,0.439,0.4758,0.4903,0.456,0.4425,0.438,0.447,0.447,0.4343,0.4708,0.4595,0.4173,0.44780000000000003,0.48250000000000004,0.4703,0.4485,0.45130000000000003,0.47650000000000003,0.49200000000000005,0.4955,0.5015000000000001,0.4843,0.4378,0.438,0.459,0.4758,0.45630000000000004,0.45630000000000004,0.5115000000000001,0.5353,0.5405,0.5615,0.505,0.5193,0.4908,0.437,0.46730000000000005,0.46730000000000005,0.47750000000000004,0.5245000000000001,0.5365,0.538,0.5328,0.5258,0.511,0.5063,0.5063,0.48250000000000004,0.4733,0.4993,0.553,0.5523,0.526,0.5353,0.5258,0.511,0.511,0.5063,0.48250000000000004,0.4733,0.4993,0.553,0.5523,0.526,0.5353,0.52,0.52,0.49150000000000005,0.4763,0.48600000000000004,0.4938,0.5045000000000001,0.5385,0.5343,0.5345,0.5115000000000001,0.5115000000000001,0.5063,0.48300000000000004,0.4728,0.4793,0.48950000000000005,0.496,0.5185000000000001,0.4995,0.5163,0.5163,0.5025000000000001,0.4738,0.447,0.45130000000000003,0.45930000000000004,0.47400000000000003,0.4813
2021-02-19 03:00:00,0.113,0.117,0.12100000000000001,0.12100000000000001,0.1158,0.11280000000000001,0.1155,0.1165,0.116,0.12050000000000001,0.12150000000000001,0.11750000000000001,0.12200000000000001,0.12200000000000001,0.116,0.1168,0.1183,0.1188,0.1163,0.11950000000000001,0.12250000000000001,0.1165,0.1223,0.1223,0.1193,0.11800000000000001,0.129,0.12200000000000001,0.1245,0.11950000000000001,0.1303,0.128,0.1198,0.1163,0.11850000000000001,0.12000000000000001,0.11850000000000001,0.1178,0.1258,0.1223,0.1198,0.1213,0.12050000000000001,0.12050000000000001,0.1193,0.1163,0.12200000000000001,0.1253,0.11850000000000001,0.11800000000000001,0.1218,0.1203,0.12100000000000001,0.12100000000000001,0.1183,0.128,0.1198,0.12430000000000001,0.1208,0.1218,0.114,0.11950000000000001,0.11950000000000001,0.1193,0.12150000000000001,0.1188,0.12480000000000001,0.1223,0.12000000000000001,0.12380000000000001,0.1218,0.114,0.114,0.11950000000000001,0.1193,0.12150000000000001,0.1188,0.12480000000000001,0.1223,0.12000000000000001,0.12380000000000001,0.11850000000000001,0.11850000000000001,0.1198,0.12000000000000001,0.12050000000000001,0.1255,0.1173,0.12250000000000001,0.12300000000000001,0.1233,0.12000000000000001,0.12000000000000001,0.128,0.1178,0.11950000000000001,0.1143,0.1165,0.1193,0.1183,0.12150000000000001,0.11800000000000001,0.11800000000000001,0.1178,0.127,0.12380000000000001,0.12150000000000001,0.11750000000000001,0.117,0.11900000000000001,0.1153,0.1163,0.1163,0.1168,0.11800000000000001,0.126,0.1198,0.1193,0.11800000000000001,0.1165,0.1135
2021-07-03 03:00:00,0.3158,0.33280000000000004,0.374,0.3375,0.32280000000000003,0.3788,0.3788,0.3403,0.32480000000000003,0.385,0.393,0.23600000000000002,0.3038,0.36000000000000004,0.3788,0.3438,0.3438,0.3788,0.3403,0.32480000000000003,0.385,0.393,0.23600000000000002,0.3038,0.36000000000000004,0.3788,0.3788,0.3438,0.3553,0.34800000000000003,0.3098,0.32280000000000003,0.3558,0.2685,0.3083,0.3648,0.3648,0.34550000000000003,0.36050000000000004,0.3335,0.34550000000000003,0.336,0.35000000000000003,0.3795,0.2728,0.3108,0.3108,0.3623,0.3405,0.3518,0.2768,0.29500000000000004,0.3315,0.3725,0.3373,0.28800000000000003,0.28800000000000003,0.3143,0.3508,0.38880000000000003,0.3098,0.24300000000000002,0.21200000000000002,0.2773,0.3093,0.2975,0.2248,0.218,0.2818,0.3008,0.2913,0.3063,0.2503,0.28500000000000003,0.273,0.2873,0.2873,0.23750000000000002,0.2,0.2295,0.227,0.227,0.2558,0.2808,0.23500000000000001,0.23500000000000001,0.2543,0.3023,0.2275,0.2373,0.1758,0.17830000000000001,0.225,0.2558,0.2808,0.2808,0.23500000000000001,0.2543,0.3023,0.2275,0.2373,0.1758,0.17830000000000001,0.225,0.1953,0.1953,0.199,0.20850000000000002,0.20750000000000002,0.23600000000000002,0.20450000000000002,0.21350000000000002,0.1633,0.1665,0.17650000000000002,0.17650000000000002,0.17750000000000002,0.1918,0.1835,0.1753,0.1773
2021-07-26 02:00:00,0.1913,0.1575,0.1403,0.14700000000000002,0.1678,0.1678,0.134,0.1618,0.24500000000000002,0.2725,0.2718,0.182,0.191,0.1753,0.1565,0.1565,0.1678,0.134,0.1618,0.24500000000000002,0.2725,0.2718,0.182,0.191,0.1753,0.1753,0.1565,0.14700000000000002,0.1638,0.1585,0.21830000000000002,0.3163,0.381,0.18580000000000002,0.18630000000000002,0.18630000000000002,0.1958,0.17550000000000002,0.17980000000000002,0.17900000000000002,0.15030000000000002,0.21030000000000001,0.2635,0.3035,0.18150000000000002,0.18150000000000002,0.17300000000000001,0.1778,0.18180000000000002,0.21230000000000002,0.2295,0.21000000000000002,0.1998,0.17750000000000002,0.25,0.21380000000000002,0.1753,0.186,0.197,0.215,0.193,0.21300000000000002,0.20900000000000002,0.1768,0.164,0.164,0.1915,0.1938,0.1995,0.21300000000000002,0.1973,0.18530000000000002,0.2273,0.1928,0.1573,0.1573,0.1618,0.166,0.17300000000000001,0.1668,0.1678,0.166,0.1643,0.2313,0.2313,0.1865,0.1535,0.15380000000000002,0.152,0.164,0.1575,0.169,0.166,0.1643,0.1643,0.2313,0.1865,0.1535,0.15380000000000002,0.152,0.164,0.1575,0.169,0.17600000000000002,0.17600000000000002,0.18280000000000002,0.2248,0.1608,0.1403,0.1433,0.1603,0.14350000000000002,0.157,0.1558,0.1558,0.1558,0.18180000000000002,0.1995,0.1365,0.1313,0.14150000000000001
2021-09-15 04:00:00,0.135,0.1315,0.1303,0.134,0.1368,0.1373,0.1373,0.133,0.1355,0.1353,0.14100000000000001,0.135,0.1315,0.1303,0.134,0.1368,0.1368,0.1373,0.1375,0.1383,0.14100000000000001,0.1438,0.1323,0.1358,0.1398,0.136,0.136,0.1383,0.1358,0.1383,0.1418,0.1453,0.14600000000000002,0.1375,0.136,0.1413,0.1413,0.138,0.14,0.1398,0.14550000000000002,0.1463,0.1453,0.154,0.133,0.1365,0.1365,0.1375,0.1348,0.1388,0.1393,0.14350000000000002,0.14200000000000002,0.1428,0.1458,0.135,0.135,0.1365,0.1365,0.138,0.1368,0.1373,0.1418,0.1428,0.1418,0.14650000000000002,0.1398,0.1385,0.1393,0.1395,0.1373,0.1365,0.1403,0.1408,0.1405,0.1405,0.1438,0.1418,0.14650000000000002,0.14150000000000001,0.14200000000000002,0.1388,0.1458,0.1403,0.1408,0.1408,0.1405,0.1438,0.1418,0.14650000000000002,0.14150000000000001,0.14200000000000002,0.1388,0.1458,0.1408,0.1408,0.1395,0.14450000000000002,0.1433,0.1348,0.1408,0.1403,0.1403,0.1355,0.1395,0.1395,0.138,0.1398,0.14200000000000002,0.1423,0.1373,0.1398,0.14,0.1443,0.138,0.138,0.1383,0.1433,0.1408,0.1393,0.137
2021-05-12 05:00:00,0.546,0.526,0.517,0.523,0.5415,0.521,0.5043,0.5043,0.4803,0.47650000000000003,0.4773,0.552,0.5403,0.5413,0.5363,0.5373,0.5145000000000001,0.5145000000000001,0.5043,0.4803,0.47650000000000003,0.4773,0.552,0.5403,0.5413,0.5363,0.5373,0.5373,0.5145000000000001,0.49050000000000005,0.4983,0.497,0.498,0.561,0.557,0.561,0.5163,0.5163,0.526,0.5138,0.5065000000000001,0.49400000000000005,0.49500000000000005,0.4893,0.553,0.5473,0.5425,0.5425,0.5078,0.5213,0.5518000000000001,0.5535,0.532,0.533,0.506,0.5538000000000001,0.5468000000000001,0.5468000000000001,0.5655,0.5533,0.5503,0.5660000000000001,0.5665,0.5458000000000001,0.531,0.521,0.6148,0.6148,0.5833,0.5693,0.5605,0.5678000000000001,0.5735,0.5525,0.5618000000000001,0.555,0.5405,0.5898,0.5935,0.5713,0.609,0.5775,0.5760000000000001,0.5643,0.544,0.5548000000000001,0.5548000000000001,0.5763,0.6068,0.604,0.604,0.5778,0.5803,0.5850000000000001,0.5643,0.544,0.544,0.5548000000000001,0.5763,0.6068,0.604,0.604,0.5778,0.5803,0.5850000000000001,0.5625,0.5625,0.5733,0.5843,0.5785,0.5983,0.6388,0.5975,0.5878,0.5833,0.5768,0.5768,0.5685,0.558,0.5567,0.551
2021-09-22 05:00:00,0.135,0.1355,0.1275,0.132,0.135,0.1385,0.1385,0.13,0.128,0.131,0.1303,0.135,0.1355,0.1275,0.132,0.135,0.135,0.1385,0.133,0.1305,0.133,0.1328,0.1345,0.1355,0.1343,0.1363,0.1363,0.1373,0.1365,0.1403,0.1355,0.1385,0.1408,0.1328,0.137,0.135,0.135,0.1373,0.1385,0.138,0.14200000000000002,0.14100000000000001,0.1398,0.1468,0.1385,0.1353,0.1353,0.1368,0.1358,0.1328,0.1358,0.1365,0.1363,0.137,0.1355,0.1348,0.1348,0.1368,0.1355,0.1358,0.1323,0.1383,0.139,0.139,0.1358,0.139,0.135,0.1373,0.1395,0.1353,0.1363,0.1358,0.1383,0.1395,0.1395,0.1395,0.1413,0.1373,0.14800000000000002,0.1395,0.139,0.13770000000000002,0.1383,0.1383,0.1395,0.1395,0.1395,0.1413,0.1373,0.14800000000000002,0.1395,0.139,0.13770000000000002,0.1383,0.1385,0.1385,0.136,0.1418,0.1448,0.135,0.1393,0.1375,0.13770000000000002,0.1345,0.137,0.137,0.1348,0.1365,0.1358,0.14,0.1373,0.1368,0.14200000000000002,0.1408,0.1355,0.1355,0.134,0.14200000000000002,0.139,0.139,0.1348
2021-02-10 03:00:00,0.36300000000000004,0.35850000000000004,0.35850000000000004,0.35850000000000004,0.35150000000000003,0.3533,0.3425,0.343,0.3498,0.35550000000000004,0.3503,0.3518,0.34650000000000003,0.34650000000000003,0.3438,0.3423,0.3403,0.3388,0.3365,0.3415,0.3533,0.3533,0.35050000000000003,0.35050000000000003,0.34800000000000003,0.3423,0.35200000000000004,0.3408,0.3355,0.33,0.32880000000000004,0.3453,0.36050000000000004,0.3345,0.331,0.33180000000000004,0.335,0.3393,0.33380000000000004,0.329,0.32730000000000004,0.32880000000000004,0.338,0.338,0.3373,0.322,0.32530000000000003,0.325,0.33080000000000004,0.33580000000000004,0.32880000000000004,0.325,0.32780000000000004,0.32780000000000004,0.327,0.33480000000000004,0.32580000000000003,0.32580000000000003,0.3183,0.322,0.323,0.32380000000000003,0.32380000000000003,0.3118,0.32280000000000003,0.3225,0.32430000000000003,0.3265,0.335,0.32330000000000003,0.322,0.323,0.323,0.32380000000000003,0.3118,0.32280000000000003,0.3225,0.32430000000000003,0.3265,0.335,0.32330000000000003,0.327,0.327,0.3393,0.32580000000000003,0.321,0.3205,0.32480000000000003,0.3125,0.3175,0.3195,0.327,0.327,0.31930000000000003,0.33180000000000004,0.32230000000000003,0.3148,0.3128,0.322,0.2995,0.309,0.316,0.316,0.32780000000000004,0.3235,0.316,0.3245,0.3148,0.3105,0.32030000000000003,0.2893,0.29300000000000004,0.29300000000000004,0.3045,0.3148,0.32480000000000003,0.3175,0.314,0.315,0.309,0.3128
2021-07-25 04:00:00,0.1463,0.154,0.14800000000000002,0.156,0.1928,0.15130000000000002,0.1563,0.1563,0.1723,0.20600000000000002,0.168,0.1383,0.1505,0.14450000000000002,0.1673,0.17930000000000001,0.14150000000000001,0.14150000000000001,0.1563,0.1723,0.20600000000000002,0.168,0.1383,0.1505,0.14450000000000002,0.1673,0.17930000000000001,0.17930000000000001,0.14150000000000001,0.15280000000000002,0.20980000000000001,0.198,0.201,0.1505,0.1363,0.15230000000000002,0.1448,0.1448,0.14800000000000002,0.1403,0.1388,0.152,0.1918,0.21180000000000002,0.1558,0.1375,0.1458,0.1458,0.1398,0.15,0.1463,0.1463,0.1418,0.189,0.21980000000000002,0.1398,0.1335,0.1335,0.156,0.1365,0.14700000000000002,0.1303,0.13770000000000002,0.1403,0.14400000000000002,0.192,0.13,0.13,0.1358,0.1293,0.1468,0.1578,0.1348,0.134,0.14550000000000002,0.14700000000000002,0.155,0.1323,0.1263,0.1303,0.1315,0.14,0.14700000000000002,0.14650000000000002,0.14150000000000001,0.138,0.138,0.14600000000000002,0.1568,0.14650000000000002,0.134,0.135,0.1305,0.1553,0.14650000000000002,0.14150000000000001,0.14150000000000001,0.138,0.14600000000000002,0.1568,0.14650000000000002,0.134,0.135,0.1305,0.1553,0.1453,0.1453,0.14750000000000002,0.14100000000000001,0.1495,0.1308,0.166,0.18630000000000002,0.1333,0.127,0.154,0.154,0.138,0.1355,0.1408,0.1428
2021-04-18 02:00:00,0.46380000000000005,0.4698,0.4645,0.44780000000000003,0.44780000000000003,0.42300000000000004,0.41400000000000003,0.387,0.3618,0.3508,0.3718,0.46380000000000005,0.4698,0.4645,0.4645,0.44780000000000003,0.4188,0.4313,0.41800000000000004,0.4178,0.4188,0.4348,0.4625,0.46480000000000005,0.46480000000000005,0.4708,0.4495,0.4198,0.4293,0.45530000000000004,0.449,0.4363,0.4368,0.46230000000000004,0.46230000000000004,0.454,0.457,0.4713,0.438,0.4388,0.4418,0.4395,0.44880000000000003,0.436,0.453,0.457,0.434,0.4383,0.4495,0.46950000000000003,0.47450000000000003,0.443,0.4378,0.4475,0.4475,0.4415,0.4308,0.4278,0.4333,0.42550000000000004,0.46280000000000004,0.4595,0.4318,0.448,0.448,0.454,0.4625,0.4465,0.4278,0.4485,0.4405,0.4445,0.443,0.443,0.463,0.45530000000000004,0.4455,0.4515,0.464,0.46330000000000005,0.44830000000000003,0.4405,0.4445,0.4445,0.443,0.463,0.45530000000000004,0.4455,0.4515,0.464,0.46330000000000005,0.44830000000000003,0.45080000000000003,0.45080000000000003,0.431,0.4475,0.4323,0.4103,0.4385,0.4555,0.449,0.47650000000000003,0.4625,0.4625,0.4585,0.4433,0.4323,0.41400000000000003,0.399,0.4033,0.46030000000000004,0.46580000000000005,0.4635,0.4635,0.446,0.4223,0.38180000000000003,0.3695,0.38,0.3808,0.341
2021-08-11 01:00:00,0.3788,0.3753,0.39630000000000004,0.40900000000000003,0.40900000000000003,0.4158,0.47850000000000004,0.4393,0.3628,0.31930000000000003,0.29300000000000004,0.4015,0.343,0.379,0.379,0.40900000000000003,0.4158,0.47850000000000004,0.4393,0.3628,0.31930000000000003,0.29300000000000004,0.4015,0.343,0.343,0.379,0.39730000000000004,0.4043,0.4035,0.41400000000000003,0.3795,0.3528,0.3235,0.4083,0.4083,0.3383,0.3568,0.376,0.3815,0.39030000000000004,0.406,0.3825,0.3468,0.32330000000000003,0.39030000000000004,0.393,0.36000000000000004,0.3528,0.3635,0.3618,0.3743,0.38580000000000003,0.3803,0.3665,0.3665,0.39580000000000004,0.4,0.3723,0.3483,0.35250000000000004,0.3453,0.35500000000000004,0.3685,0.34,0.34,0.3705,0.403,0.40850000000000003,0.3663,0.3335,0.3315,0.33680000000000004,0.3018,0.28800000000000003,0.28800000000000003,0.28750000000000003,0.309,0.3698,0.34550000000000003,0.26230000000000003,0.323,0.3588,0.32980000000000004,0.32980000000000004,0.26380000000000003,0.2495,0.28400000000000003,0.299,0.3145,0.28700000000000003,0.26080000000000003,0.323,0.3588,0.3588,0.32980000000000004,0.26380000000000003,0.2495,0.28400000000000003,0.299,0.3145,0.28700000000000003,0.26080000000000003,0.3175,0.3175,0.36200000000000004,0.3528,0.29600000000000004,0.21980000000000002,0.2753,0.3025,0.29550000000000004,0.3055,0.33230000000000004,0.33230000000000004,0.33430000000000004,0.3603,0.35300000000000004,0.314,0.281,0.3135,0.3285
2021-08-11 03:00:00,0.5813,0.5645,0.5455,0.5408000000000001,0.545,0.5415,0.5415,0.5433,0.5023,0.5058,0.5455,0.5750000000000001,0.5378000000000001,0.5285000000000001,0.526,0.5105000000000001,0.5105000000000001,0.5415,0.5433,0.5023,0.5058,0.5455,0.5750000000000001,0.5378000000000001,0.5285000000000001,0.526,0.526,0.5105000000000001,0.5197,0.5205000000000001,0.47800000000000004,0.458,0.4965,0.5363,0.5393,0.5173,0.5173,0.49000000000000005,0.48350000000000004,0.4893,0.48350000000000004,0.4535,0.45830000000000004,0.4738,0.48650000000000004,0.464,0.464,0.4758,0.5158,0.464,0.453,0.44830000000000003,0.42150000000000004,0.4368,0.4388,0.4418,0.4418,0.4403,0.4778,0.47900000000000004,0.4665,0.4625,0.4818,0.458,0.4675,0.46680000000000005,0.47950000000000004,0.462,0.4965,0.48850000000000005,0.467,0.4763,0.49500000000000005,0.4665,0.48900000000000005,0.4998,0.4998,0.4985,0.48500000000000004,0.5328,0.5315,0.47800000000000004,0.4918,0.5163,0.5043,0.5043,0.507,0.5368,0.4928,0.4863,0.5185000000000001,0.5423,0.53,0.4918,0.5163,0.5163,0.5043,0.507,0.5368,0.4928,0.4863,0.5185000000000001,0.5423,0.53,0.4993,0.4993,0.5113,0.5343,0.519,0.5325,0.4843,0.463,0.5025000000000001,0.5173,0.5178,0.5178,0.4903,0.49350000000000005,0.505,0.4838,0.4843
2021-02-18 03:00:00,0.1223,0.1273,0.1208,0.1208,0.12250000000000001,0.1385,0.125,0.12250000000000001,0.12150000000000001,0.1265,0.1233,0.1223,0.1203,0.1203,0.1203,0.1213,0.1245,0.12350000000000001,0.12480000000000001,0.1265,0.1265,0.1208,0.1288,0.1288,0.125,0.1333,0.1295,0.1285,0.1263,0.129,0.1333,0.1285,0.1203,0.124,0.12430000000000001,0.1245,0.12480000000000001,0.1208,0.1223,0.1263,0.1273,0.1298,0.1245,0.1245,0.12430000000000001,0.1295,0.12480000000000001,0.12350000000000001,0.12380000000000001,0.1228,0.1223,0.125,0.129,0.129,0.1273,0.1263,0.1233,0.12380000000000001,0.12430000000000001,0.12300000000000001,0.124,0.11800000000000001,0.11800000000000001,0.1233,0.1245,0.12100000000000001,0.1305,0.1293,0.129,0.1255,0.12300000000000001,0.124,0.124,0.11800000000000001,0.1233,0.1245,0.12100000000000001,0.1305,0.1293,0.129,0.1255,0.1223,0.1223,0.125,0.131,0.132,0.1245,0.12050000000000001,0.129,0.1275,0.1278,0.1268,0.1268,0.1203,0.1253,0.12300000000000001,0.1273,0.11800000000000001,0.12380000000000001,0.1268,0.125,0.126,0.126,0.12380000000000001,0.1285,0.134,0.126,0.12200000000000001,0.1253,0.12350000000000001,0.1228,0.1208,0.1208,0.12000000000000001,0.126,0.1285,0.127,0.1223,0.1228,0.11850000000000001,0.1203
2021-07-08 04:00:00,0.6558,0.6353,0.6075,0.606,0.602,0.5883,0.5828,0.5828,0.6005,0.6145,0.5850000000000001,0.6115,0.5835,0.55,0.5435,0.5505,0.5567,0.5567,0.5828,0.6005,0.6145,0.5850000000000001,0.6115,0.5835,0.55,0.5435,0.5505,0.5505,0.5567,0.5733,0.5828,0.5963,0.5707,0.5720000000000001,0.5238,0.4933,0.5218,0.5218,0.5293,0.5735,0.5695,0.556,0.5575,0.5900000000000001,0.5298,0.523,0.5028,0.5028,0.504,0.5452,0.5678000000000001,0.5678000000000001,0.5573,0.5870000000000001,0.5700000000000001,0.5085000000000001,0.48200000000000004,0.48200000000000004,0.49050000000000005,0.5153,0.5567,0.5998,0.5845,0.6018,0.5963,0.5538000000000001,0.46280000000000004,0.46280000000000004,0.4303,0.46130000000000004,0.5475,0.6063000000000001,0.5933,0.5953,0.619,0.5993,0.5583,0.4903,0.4288,0.41550000000000004,0.46430000000000005,0.5478000000000001,0.5755,0.5838,0.6205,0.6373,0.6373,0.5978,0.501,0.47500000000000003,0.48600000000000004,0.5068,0.5548000000000001,0.5855,0.5838,0.6205,0.6205,0.6373,0.5978,0.501,0.47500000000000003,0.48600000000000004,0.5068,0.5548000000000001,0.5855,0.5978,0.5978,0.6148,0.6098,0.5910000000000001,0.5293,0.5225000000000001,0.5312,0.5660000000000001,0.5938,0.5860000000000001,0.5860000000000001,0.5868,0.5735,0.5860000000000001,0.6038
2021-11-11 03:00:00,0.12150000000000001,0.115,0.1203,0.1283,0.1283,0.1308,0.1363,0.132,0.1348,0.137,0.1353,0.1223,0.12150000000000001,0.1208,0.1208,0.1178,0.1265,0.1338,0.1228,0.1283,0.1428,0.1393,0.1203,0.1203,0.1203,0.1218,0.1143,0.12200000000000001,0.1228,0.12380000000000001,0.135,0.14150000000000001,0.1458,0.125,0.125,0.1178,0.12430000000000001,0.1173,0.11850000000000001,0.12050000000000001,0.127,0.137,0.1418,0.154,0.124,0.1288,0.1273,0.127,0.12350000000000001,0.1233,0.1275,0.1263,0.14700000000000002,0.1635,0.1635,0.1308,0.125,0.1275,0.1293,0.1288,0.128,0.1345,0.1383,0.1383,0.1585,0.1623,0.1375,0.14400000000000002,0.1405,0.14200000000000002,0.134,0.128,0.1345,0.1345,0.1383,0.1585,0.1623,0.1375,0.14400000000000002,0.1405,0.14200000000000002,0.134,0.134,0.134,0.1438,0.1525,0.1625,0.1553,0.1418,0.14500000000000002,0.1453,0.1448,0.137,0.137,0.1373,0.14400000000000002,0.1555,0.1625,0.1555,0.14750000000000002,0.1505,0.15480000000000002,0.1515,0.1515,0.14650000000000002,0.14200000000000002,0.1453,0.1588,0.16,0.1643,0.1563,0.1628,0.1598,0.1598,0.1628,0.162,0.1633,0.1545,0.15480000000000002,0.15380000000000002,0.167
2021-11-04 03:00:00,0.40180000000000005,0.396,0.381,0.36100000000000004,0.36100000000000004,0.33530000000000004,0.3125,0.3013,0.2485,0.2093,0.169,0.38780000000000003,0.3805,0.3658,0.3658,0.3468,0.32130000000000003,0.2565,0.2015,0.1908,0.2028,0.203,0.328,0.3045,0.3045,0.2988,0.2725,0.23950000000000002,0.2323,0.2518,0.2518,0.2485,0.26180000000000003,0.32530000000000003,0.32530000000000003,0.31980000000000003,0.3168,0.3133,0.32380000000000003,0.3365,0.3698,0.3663,0.3803,0.36300000000000004,0.3483,0.3518,0.3618,0.3778,0.376,0.38480000000000003,0.385,0.39630000000000004,0.4048,0.38980000000000004,0.38980000000000004,0.3578,0.3815,0.3955,0.39680000000000004,0.39530000000000004,0.38480000000000003,0.3788,0.38330000000000003,0.38330000000000003,0.38630000000000003,0.3995,0.41100000000000003,0.4233,0.42800000000000005,0.42800000000000005,0.4268,0.38480000000000003,0.3788,0.3788,0.38330000000000003,0.38630000000000003,0.3995,0.41100000000000003,0.4233,0.42800000000000005,0.42800000000000005,0.4268,0.42200000000000004,0.42200000000000004,0.42600000000000005,0.42600000000000005,0.4298,0.43,0.4278,0.4263,0.4305,0.4313,0.43,0.43,0.433,0.4355,0.44,0.4428,0.4423,0.4385,0.443,0.44780000000000003,0.44930000000000003,0.44930000000000003,0.4435,0.4445,0.4575,0.45630000000000004,0.4605,0.4575,0.45,0.455,0.45380000000000004,0.45380000000000004,0.45580000000000004,0.449,0.447,0.4575,0.461,0.457,0.4535
2021-04-10 02:00:00,0.14450000000000002,0.14300000000000002,0.1438,0.1448,0.1448,0.152,0.14800000000000002,0.14830000000000002,0.14730000000000001,0.1395,0.1373,0.14450000000000002,0.14300000000000002,0.1438,0.1438,0.1448,0.14700000000000002,0.1468,0.1463,0.14600000000000002,0.1393,0.13770000000000002,0.1515,0.14830000000000002,0.14830000000000002,0.14700000000000002,0.14200000000000002,0.1408,0.14250000000000002,0.1423,0.1438,0.14200000000000002,0.1405,0.14700000000000002,0.14700000000000002,0.149,0.1453,0.1433,0.1385,0.1423,0.1433,0.14400000000000002,0.1418,0.139,0.14450000000000002,0.1408,0.1433,0.14,0.1383,0.1355,0.1348,0.136,0.137,0.1355,0.1355,0.1428,0.14,0.1385,0.14200000000000002,0.1375,0.1368,0.1358,0.136,0.1355,0.1355,0.1398,0.1408,0.1403,0.1355,0.1413,0.1358,0.1338,0.1325,0.1325,0.1343,0.1325,0.1303,0.14150000000000001,0.139,0.1383,0.1393,0.1358,0.1338,0.1338,0.1325,0.1343,0.1325,0.1303,0.14150000000000001,0.139,0.1383,0.1393,0.14100000000000001,0.14100000000000001,0.1388,0.1355,0.1308,0.14200000000000002,0.1323,0.1403,0.137,0.136,0.1358,0.1358,0.1328,0.14,0.1313,0.1303,0.1278,0.1295,0.14,0.13770000000000002,0.1383,0.1383,0.1373,0.14100000000000001,0.1398,0.135,0.1348,0.1308,0.132
2021-09-09 02:00:00,0.1975,0.2048,0.22130000000000002,0.1625,0.1625,0.1695,0.1578,0.126,0.135,0.1405,0.1505,0.1975,0.2048,0.22130000000000002,0.22130000000000002,0.1625,0.14780000000000001,0.1355,0.139,0.151,0.14,0.131,0.188,0.2083,0.2083,0.2205,0.1645,0.14800000000000002,0.128,0.1573,0.1773,0.15230000000000002,0.14150000000000001,0.23700000000000002,0.23700000000000002,0.25630000000000003,0.2803,0.24280000000000002,0.17350000000000002,0.168,0.15,0.1555,0.154,0.161,0.21680000000000002,0.2543,0.26930000000000004,0.3053,0.2018,0.17830000000000001,0.1768,0.14600000000000002,0.1263,0.12050000000000001,0.12050000000000001,0.1955,0.231,0.328,0.3175,0.23800000000000002,0.1938,0.1738,0.14350000000000002,0.1335,0.1335,0.1358,0.28400000000000003,0.3018,0.302,0.24050000000000002,0.18230000000000002,0.20980000000000001,0.184,0.184,0.1685,0.1443,0.1393,0.2555,0.3088,0.32880000000000004,0.3113,0.18230000000000002,0.20980000000000001,0.20980000000000001,0.184,0.1685,0.1443,0.1393,0.2555,0.3088,0.32880000000000004,0.3113,0.2333,0.2333,0.18000000000000002,0.17500000000000002,0.18180000000000002,0.1535,0.149,0.1865,0.2963,0.32730000000000004,0.2713,0.2713,0.184,0.1688,0.1595,0.14830000000000002,0.151,0.165,0.194,0.2338,0.24700000000000003,0.24700000000000003,0.19,0.14730000000000001,0.1545,0.18580000000000002,0.14730000000000001,0.1275,0.252
2021-10-30 03:00:00,0.12050000000000001,0.1155,0.117,0.1203,0.1203,0.1188,0.1188,0.11900000000000001,0.1233,0.1203,0.1258,0.11950000000000001,0.1208,0.1208,0.1208,0.12000000000000001,0.12150000000000001,0.1245,0.1193,0.12200000000000001,0.12430000000000001,0.127,0.1178,0.12300000000000001,0.12300000000000001,0.1213,0.1208,0.126,0.1213,0.1198,0.1198,0.1228,0.125,0.11950000000000001,0.11950000000000001,0.12050000000000001,0.1203,0.1265,0.1228,0.1193,0.12150000000000001,0.124,0.1208,0.1213,0.1218,0.12380000000000001,0.12100000000000001,0.1223,0.12250000000000001,0.1288,0.1218,0.1233,0.12380000000000001,0.12480000000000001,0.12480000000000001,0.12380000000000001,0.1263,0.12200000000000001,0.12150000000000001,0.12150000000000001,0.1255,0.12300000000000001,0.124,0.124,0.1333,0.1268,0.1265,0.1278,0.124,0.1298,0.1283,0.1255,0.12300000000000001,0.12300000000000001,0.124,0.1333,0.1268,0.1265,0.1278,0.124,0.1298,0.1283,0.1283,0.1283,0.12480000000000001,0.13,0.1305,0.1305,0.1275,0.1233,0.125,0.1283,0.1288,0.1288,0.1285,0.12430000000000001,0.1305,0.1283,0.1283,0.13,0.1258,0.1263,0.1285,0.1285,0.12350000000000001,0.1283,0.1273,0.1305,0.1273,0.1303,0.13,0.1285,0.1305,0.1305,0.1293,0.13,0.1303,0.1275,0.1255,0.1298,0.1303
2021-08-02 02:00:00,0.1678,0.1618,0.17850000000000002,0.1908,0.215,0.215,0.2697,0.2725,0.2745,0.2948,0.2697,0.2008,0.17950000000000002,0.18730000000000002,0.201,0.201,0.215,0.2697,0.2725,0.2745,0.2948,0.2697,0.2008,0.17950000000000002,0.18730000000000002,0.18730000000000002,0.201,0.21930000000000002,0.25,0.2595,0.21200000000000002,0.19,0.2243,0.22130000000000002,0.21400000000000002,0.21400000000000002,0.2245,0.21430000000000002,0.22080000000000002,0.24380000000000002,0.251,0.202,0.18100000000000002,0.2305,0.24680000000000002,0.24680000000000002,0.23750000000000002,0.2255,0.20850000000000002,0.2605,0.2903,0.26630000000000004,0.2235,0.23600000000000002,0.277,0.2878,0.2543,0.2248,0.202,0.2058,0.23550000000000001,0.26330000000000003,0.252,0.2243,0.2393,0.2393,0.29200000000000004,0.2485,0.21730000000000002,0.2038,0.2003,0.1923,0.18630000000000002,0.18530000000000002,0.183,0.183,0.1758,0.2655,0.2812,0.2283,0.2185,0.191,0.1708,0.165,0.165,0.163,0.1663,0.1658,0.1948,0.24100000000000002,0.2553,0.182,0.191,0.1708,0.1708,0.165,0.163,0.1663,0.1658,0.1948,0.24100000000000002,0.2553,0.182,0.1653,0.1653,0.1593,0.168,0.1648,0.169,0.1628,0.2018,0.2043,0.21630000000000002,0.1733,0.1733,0.1613,0.1595,0.1595,0.1573,0.1608,0.1605
2021-08-12 02:00:00,0.6175,0.606,0.5965,0.5995,0.5940000000000001,0.5940000000000001,0.5848,0.5845,0.5893,0.556,0.5798,0.6,0.5833,0.5920000000000001,0.5903,0.5903,0.5940000000000001,0.5848,0.5845,0.5893,0.556,0.5798,0.6,0.5833,0.5920000000000001,0.5920000000000001,0.5903,0.5880000000000001,0.5853,0.5758,0.5780000000000001,0.5628000000000001,0.5720000000000001,0.5810000000000001,0.5655,0.5655,0.5670000000000001,0.5768,0.5723,0.5815,0.5750000000000001,0.5658000000000001,0.5493,0.5615,0.5658000000000001,0.5658000000000001,0.5630000000000001,0.5658000000000001,0.5665,0.5565,0.5625,0.5613,0.5625,0.5495,0.551,0.5598000000000001,0.5583,0.5653,0.5730000000000001,0.5638000000000001,0.5663,0.5658000000000001,0.5613,0.557,0.5448000000000001,0.5448000000000001,0.5523,0.5567,0.5645,0.559,0.5658000000000001,0.5690000000000001,0.559,0.5563,0.5452,0.5452,0.5403,0.559,0.5665,0.5628000000000001,0.5628000000000001,0.5645,0.5645,0.5525,0.5525,0.5465,0.5468000000000001,0.5463,0.5658000000000001,0.5748,0.5655,0.5615,0.5645,0.5645,0.5645,0.5525,0.5465,0.5468000000000001,0.5463,0.5658000000000001,0.5748,0.5655,0.5615,0.5605,0.5605,0.5578000000000001,0.5525,0.552,0.543,0.5425,0.5730000000000001,0.5730000000000001,0.5625,0.558,0.558,0.551,0.5523,0.5488000000000001,0.547,0.5435,0.537
2021-06-06 04:00:00,0.1265,0.1275,0.11750000000000001,0.1153,0.1145,0.1153,0.12000000000000001,0.12000000000000001,0.1203,0.116,0.1218,0.11800000000000001,0.12050000000000001,0.1158,0.11950000000000001,0.1198,0.1163,0.1163,0.12000000000000001,0.1203,0.116,0.1218,0.11800000000000001,0.12050000000000001,0.1158,0.11950000000000001,0.1198,0.1198,0.1163,0.1183,0.1178,0.116,0.11750000000000001,0.11750000000000001,0.1203,0.1183,0.11900000000000001,0.11900000000000001,0.1193,0.1178,0.1213,0.125,0.11900000000000001,0.1268,0.11800000000000001,0.12100000000000001,0.1223,0.1223,0.12300000000000001,0.11950000000000001,0.11800000000000001,0.12050000000000001,0.1203,0.1208,0.1303,0.12430000000000001,0.1213,0.1213,0.1208,0.128,0.11950000000000001,0.1188,0.1245,0.1213,0.11900000000000001,0.1208,0.12150000000000001,0.12150000000000001,0.12100000000000001,0.12200000000000001,0.12430000000000001,0.1168,0.12350000000000001,0.1203,0.12350000000000001,0.126,0.11750000000000001,0.11850000000000001,0.1253,0.12300000000000001,0.1233,0.12350000000000001,0.12300000000000001,0.12250000000000001,0.1228,0.1253,0.1253,0.11900000000000001,0.12250000000000001,0.1343,0.1268,0.1253,0.1273,0.127,0.12250000000000001,0.1228,0.1228,0.1253,0.11900000000000001,0.12250000000000001,0.1343,0.1268,0.1253,0.1273,0.127,0.12380000000000001,0.12380000000000001,0.131,0.125,0.1295,0.12480000000000001,0.1258,0.127,0.127,0.1275,0.1278,0.1278,0.12250000000000001,0.127,0.128,0.13
2021-09-01 05:00:00,0.5205000000000001,0.5213,0.5355,0.602,0.547,0.5253,0.5253,0.5163,0.5168,0.5175000000000001,0.5288,0.5205000000000001,0.5213,0.5355,0.602,0.547,0.547,0.5253,0.516,0.5213,0.515,0.533,0.536,0.5278,0.5553,0.5833,0.5833,0.5452,0.5343,0.529,0.5273,0.521,0.5248,0.5695,0.542,0.555,0.555,0.5800000000000001,0.5603,0.5348,0.5345,0.5318,0.526,0.5278,0.558,0.5758,0.5758,0.5325,0.5363,0.556,0.5325,0.5298,0.5273,0.5238,0.545,0.5770000000000001,0.5770000000000001,0.5945,0.5295,0.5335,0.5435,0.534,0.5225000000000001,0.5225000000000001,0.5518000000000001,0.5720000000000001,0.557,0.5900000000000001,0.5678000000000001,0.5398000000000001,0.5483,0.5668000000000001,0.549,0.5278,0.5315,0.5315,0.6205,0.5833,0.6198,0.5348,0.534,0.5660000000000001,0.605,0.549,0.5278,0.5278,0.5315,0.6205,0.5833,0.6198,0.5348,0.534,0.5660000000000001,0.605,0.5728,0.5728,0.5760000000000001,0.5745,0.6408,0.5848,0.5928,0.5428000000000001,0.5303,0.5385,0.601,0.601,0.622,0.6443,0.6035,0.5935,0.5873,0.5983,0.5448000000000001,0.5333,0.543,0.543,0.5630000000000001,0.6018,0.6163000000000001,0.5885,0.656
2021-09-20 03:00:00,0.42350000000000004,0.448,0.38180000000000003,0.4228,0.4615,0.4615,0.35700000000000004,0.392,0.36100000000000004,0.33680000000000004,0.3205,0.42350000000000004,0.448,0.38180000000000003,0.4228,0.4228,0.4615,0.35000000000000003,0.39580000000000004,0.36200000000000004,0.3085,0.328,0.4153,0.3683,0.383,0.383,0.41250000000000003,0.5535,0.39830000000000004,0.39,0.3583,0.2908,0.2973,0.4313,0.39130000000000004,0.39130000000000004,0.3668,0.3128,0.4908,0.48350000000000004,0.3835,0.3558,0.29150000000000004,0.265,0.3695,0.3695,0.434,0.4015,0.41200000000000003,0.4148,0.4485,0.3658,0.339,0.335,0.3098,0.382,0.4108,0.4198,0.41550000000000004,0.4605,0.48850000000000005,0.38730000000000003,0.38880000000000003,0.4,0.38130000000000003,0.38130000000000003,0.3708,0.369,0.45,0.399,0.4383,0.3773,0.441,0.4305,0.4305,0.39480000000000004,0.399,0.371,0.3025,0.317,0.44930000000000003,0.46630000000000005,0.3773,0.441,0.441,0.4305,0.39480000000000004,0.399,0.371,0.3025,0.317,0.44930000000000003,0.46630000000000005,0.41800000000000004,0.41800000000000004,0.3825,0.42800000000000005,0.38580000000000003,0.41200000000000003,0.39630000000000004,0.2765,0.2755,0.443,0.4365,0.4365,0.451,0.35300000000000004,0.47850000000000004,0.4423,0.40130000000000005,0.3425,0.3133,0.304,0.40650000000000003,0.40650000000000003,0.4283,0.42900000000000005,0.2908,0.45330000000000004,0.502,0.4403
2021-08-24 02:00:00,0.33430000000000004,0.2975,0.258,0.221,0.221,0.1985,0.17850000000000002,0.21130000000000002,0.35750000000000004,0.463,0.40230000000000005,0.33430000000000004,0.2975,0.258,0.258,0.221,0.24500000000000002,0.2558,0.24200000000000002,0.40030000000000004,0.3375,0.4348,0.3855,0.3038,0.3038,0.24700000000000003,0.3015,0.2968,0.3068,0.3255,0.2288,0.35650000000000004,0.45330000000000004,0.3643,0.3643,0.32030000000000003,0.25930000000000003,0.2398,0.254,0.306,0.3418,0.3138,0.3028,0.38780000000000003,0.34500000000000003,0.3013,0.3135,0.29400000000000004,0.26480000000000004,0.221,0.2695,0.3478,0.36050000000000004,0.29200000000000004,0.29200000000000004,0.2878,0.2788,0.3098,0.2803,0.258,0.23850000000000002,0.23750000000000002,0.3183,0.3295,0.3295,0.3095,0.22130000000000002,0.2175,0.2038,0.2058,0.2575,0.2033,0.197,0.197,0.229,0.29300000000000004,0.3648,0.1675,0.21780000000000002,0.1883,0.1733,0.2575,0.2033,0.2033,0.197,0.229,0.29300000000000004,0.3648,0.1675,0.21780000000000002,0.1883,0.1733,0.171,0.171,0.1743,0.193,0.2033,0.23900000000000002,0.3023,0.1603,0.157,0.1708,0.196,0.196,0.224,0.1703,0.182,0.2713,0.2823,0.2368,0.2165,0.188,0.1855,0.1855,0.1923,0.20600000000000002,0.1768,0.17350000000000002,0.1908,0.2745,0.2503
2021-07-24 04:00:00,0.2165,0.1998,0.1895,0.18030000000000002,0.1623,0.1635,0.1658,0.1658,0.17550000000000002,0.1893,0.1768,0.2368,0.20450000000000002,0.184,0.1925,0.193,0.186,0.186,0.1658,0.17550000000000002,0.1893,0.1768,0.2368,0.20450000000000002,0.184,0.1925,0.193,0.193,0.186,0.171,0.17200000000000001,0.17950000000000002,0.17550000000000002,0.231,0.1923,0.17980000000000002,0.1955,0.1955,0.186,0.1708,0.1525,0.1638,0.1698,0.1598,0.1923,0.1973,0.1923,0.1923,0.193,0.1763,0.1733,0.1635,0.1655,0.15230000000000002,0.151,0.2303,0.2233,0.2233,0.2048,0.1955,0.1855,0.169,0.1628,0.153,0.15430000000000002,0.159,0.1875,0.1875,0.18480000000000002,0.1888,0.18630000000000002,0.17600000000000002,0.16,0.14550000000000002,0.1615,0.16,0.15230000000000002,0.1895,0.186,0.17300000000000001,0.17550000000000002,0.1778,0.166,0.15430000000000002,0.14650000000000002,0.14880000000000002,0.14880000000000002,0.1525,0.17450000000000002,0.17350000000000002,0.1575,0.1563,0.1573,0.1598,0.15430000000000002,0.14650000000000002,0.14650000000000002,0.14880000000000002,0.1525,0.17450000000000002,0.17350000000000002,0.1575,0.1563,0.1573,0.1598,0.154,0.154,0.14600000000000002,0.1443,0.14350000000000002,0.1583,0.1688,0.1575,0.14730000000000001,0.1418,0.1443,0.1443,0.14800000000000002,0.14250000000000002,0.1433,0.1458
2021-09-09 03:00:00,0.2023,0.1943,0.1875,0.1603,0.1845,0.1845,0.3748,0.4345,0.46950000000000003,0.48400000000000004,0.48050000000000004,0.2023,0.1943,0.1875,0.1603,0.1603,0.1845,0.28900000000000003,0.3885,0.45130000000000003,0.47350000000000003,0.4693,0.17500000000000002,0.1655,0.167,0.167,0.18380000000000002,0.18680000000000002,0.1905,0.26780000000000004,0.38430000000000003,0.4355,0.4475,0.1893,0.1698,0.1698,0.1675,0.1668,0.193,0.1903,0.2335,0.251,0.29300000000000004,0.3663,0.20980000000000001,0.20980000000000001,0.18030000000000002,0.189,0.166,0.17600000000000002,0.1915,0.263,0.23500000000000001,0.1883,0.1835,0.23800000000000002,0.2665,0.2403,0.2275,0.24400000000000002,0.24830000000000002,0.28650000000000003,0.28450000000000003,0.2973,0.3095,0.3095,0.228,0.2788,0.251,0.21080000000000002,0.18230000000000002,0.1945,0.3063,0.3065,0.3065,0.329,0.374,0.1993,0.24050000000000002,0.2743,0.219,0.1993,0.1945,0.3063,0.3063,0.3065,0.329,0.374,0.1993,0.24050000000000002,0.2743,0.219,0.1993,0.21350000000000002,0.21350000000000002,0.2288,0.24300000000000002,0.2985,0.33530000000000004,0.18530000000000002,0.17700000000000002,0.2043,0.24680000000000002,0.2655,0.2655,0.1915,0.18580000000000002,0.18330000000000002,0.1965,0.29250000000000004,0.203,0.15330000000000002,0.169,0.1955,0.1955,0.2733,0.2798,0.1993,0.17830000000000001,0.1893,0.24000000000000002
2021-12-26 04:00:00,0.18380000000000002,0.17930000000000001,0.17250000000000001,0.17250000000000001,0.1705,0.1645,0.1575,0.1535,0.15,0.1605,0.1635,0.186,0.1733,0.1733,0.1693,0.1675,0.1678,0.1588,0.161,0.1515,0.15030000000000002,0.1603,0.198,0.198,0.1723,0.167,0.1593,0.1703,0.159,0.161,0.1623,0.14980000000000002,0.1545,0.17930000000000001,0.1963,0.1618,0.1668,0.1658,0.1768,0.1643,0.159,0.167,0.16,0.16,0.1763,0.18530000000000002,0.1598,0.1675,0.165,0.165,0.15330000000000002,0.156,0.156,0.169,0.1603,0.1743,0.17500000000000002,0.1588,0.1635,0.15330000000000002,0.165,0.15330000000000002,0.15330000000000002,0.156,0.169,0.1603,0.1743,0.17500000000000002,0.1588,0.1635,0.15330000000000002,0.1565,0.1565,0.151,0.15230000000000002,0.1855,0.1893,0.1575,0.154,0.14730000000000001,0.15,0.1453,0.1453,0.15180000000000002,0.14780000000000001,0.14780000000000001,0.20600000000000002,0.1918,0.1578,0.158,0.1575,0.1625,0.1625,0.1573,0.1628,0.1545,0.14650000000000002,0.18530000000000002,0.15130000000000002,0.1593,0.1658,0.1845,0.1845,0.18680000000000002,0.17700000000000002,0.1573,0.14400000000000002,0.134,0.13770000000000002,0.1363,0.14250000000000002,0.157,0.157,0.152,0.15,0.14300000000000002,0.1388,0.1468,0.1423,0.14200000000000002,0.1413
2021-04-26 04:00:00,0.6653,0.68,0.6693,0.6555000000000001,0.667,0.6755,0.6755,0.6728000000000001,0.6628000000000001,0.671,0.6748000000000001,0.6653,0.68,0.6693,0.6555000000000001,0.667,0.667,0.6755,0.6775,0.668,0.6655,0.6625,0.6638000000000001,0.6588,0.6448,0.6483,0.6483,0.6703,0.681,0.6828000000000001,0.6645,0.6498,0.6608,0.6553,0.6353,0.6475000000000001,0.6475000000000001,0.663,0.6815,0.6908000000000001,0.6763,0.6433,0.625,0.6423,0.6733,0.6468,0.6468,0.66,0.6635,0.6593,0.6743,0.6768000000000001,0.6455000000000001,0.6368,0.648,0.6825,0.6825,0.667,0.6655,0.6533,0.652,0.6595000000000001,0.6538,0.6348,0.6278,0.6505000000000001,0.6635,0.6705,0.666,0.647,0.6088,0.6473,0.6638000000000001,0.6565000000000001,0.6298,0.6298,0.622,0.6843,0.6753,0.6703,0.6413,0.625,0.6415000000000001,0.6638000000000001,0.6565000000000001,0.6565000000000001,0.6298,0.622,0.6843,0.6753,0.6703,0.6413,0.625,0.6415000000000001,0.66,0.66,0.6723,0.6465000000000001,0.6413,0.6795,0.6875,0.6688000000000001,0.6175,0.606,0.6323000000000001,0.6323000000000001,0.6443,0.6333000000000001,0.6428,0.6408,0.6643,0.6698000000000001,0.6408,0.5775,0.5940000000000001,0.5940000000000001,0.6443,0.641,0.6253000000000001,0.6413,0.6738000000000001
2021-02-16 03:00:00,0.12100000000000001,0.1188,0.11950000000000001,0.11950000000000001,0.1228,0.124,0.1233,0.12380000000000001,0.124,0.1253,0.12430000000000001,0.1288,0.1173,0.1173,0.12380000000000001,0.1218,0.12480000000000001,0.124,0.1233,0.13,0.13,0.1278,0.15330000000000002,0.15330000000000002,0.1363,0.127,0.1258,0.1313,0.1315,0.1253,0.1343,0.1333,0.1268,0.12350000000000001,0.1298,0.128,0.1253,0.124,0.1318,0.1268,0.1305,0.1308,0.1258,0.1258,0.1275,0.12480000000000001,0.12430000000000001,0.12380000000000001,0.125,0.1263,0.1273,0.1298,0.1258,0.1258,0.128,0.1278,0.12380000000000001,0.1273,0.1263,0.1218,0.1228,0.125,0.125,0.13,0.1258,0.12380000000000001,0.1348,0.1275,0.1285,0.131,0.1218,0.1228,0.1228,0.125,0.13,0.1258,0.12380000000000001,0.1348,0.1275,0.1285,0.131,0.1255,0.1255,0.1275,0.126,0.1338,0.12480000000000001,0.126,0.1263,0.1253,0.131,0.1275,0.1275,0.126,0.125,0.12430000000000001,0.1268,0.12350000000000001,0.1258,0.1285,0.1275,0.128,0.128,0.1265,0.1265,0.128,0.1223,0.127,0.12430000000000001,0.12380000000000001,0.1208,0.1285,0.1285,0.1278,0.1275,0.1308,0.13,0.1228,0.1275,0.13,0.125
2021-07-04 02:00:00,0.5428000000000001,0.5273,0.4908,0.4778,0.44530000000000003,0.44530000000000003,0.45,0.461,0.46580000000000005,0.48900000000000005,0.4788,0.536,0.515,0.5298,0.49200000000000005,0.49200000000000005,0.44530000000000003,0.45,0.461,0.46580000000000005,0.48900000000000005,0.4788,0.536,0.515,0.5298,0.5298,0.49200000000000005,0.46330000000000005,0.464,0.4565,0.46480000000000005,0.47800000000000004,0.4758,0.5005000000000001,0.48750000000000004,0.48750000000000004,0.5328,0.5365,0.4858,0.467,0.4605,0.47700000000000004,0.47950000000000004,0.47150000000000003,0.464,0.464,0.48450000000000004,0.5195000000000001,0.5203,0.45580000000000004,0.41450000000000004,0.47100000000000003,0.48400000000000004,0.48800000000000004,0.4788,0.454,0.47800000000000004,0.4873,0.5413,0.5035000000000001,0.441,0.496,0.5238,0.522,0.4908,0.4908,0.4858,0.5173,0.5188,0.5753,0.5325,0.51,0.5337000000000001,0.5423,0.5615,0.5615,0.5225000000000001,0.47300000000000003,0.4913,0.47900000000000004,0.5248,0.5533,0.5535,0.5318,0.5318,0.5278,0.551,0.5278,0.461,0.4773,0.4753,0.5005000000000001,0.5533,0.5535,0.5535,0.5318,0.5278,0.551,0.5278,0.461,0.4773,0.4753,0.5005000000000001,0.5448000000000001,0.5448000000000001,0.5558000000000001,0.502,0.48800000000000004,0.5535,0.527,0.447,0.4575,0.47550000000000003,0.48850000000000005,0.48850000000000005,0.5015000000000001,0.49100000000000005,0.534,0.5178,0.531,0.5193
2021-06-22 04:00:00,0.11950000000000001,0.1255,0.11900000000000001,0.1173,0.1165,0.11950000000000001,0.11900000000000001,0.11900000000000001,0.1168,0.1198,0.12100000000000001,0.12150000000000001,0.12000000000000001,0.1168,0.11950000000000001,0.1193,0.1245,0.1245,0.11900000000000001,0.1168,0.1198,0.12100000000000001,0.12150000000000001,0.12000000000000001,0.1168,0.11950000000000001,0.1193,0.1193,0.1245,0.1203,0.12000000000000001,0.1193,0.126,0.1245,0.1283,0.1198,0.1228,0.1228,0.12380000000000001,0.1245,0.12350000000000001,0.1203,0.12200000000000001,0.1273,0.12000000000000001,0.1233,0.11950000000000001,0.11950000000000001,0.12200000000000001,0.1193,0.12380000000000001,0.117,0.1253,0.1245,0.138,0.1208,0.1218,0.1218,0.1223,0.1293,0.1275,0.12250000000000001,0.1218,0.12350000000000001,0.12480000000000001,0.1303,0.12300000000000001,0.12300000000000001,0.1273,0.1223,0.1275,0.125,0.1228,0.12350000000000001,0.1265,0.1255,0.1255,0.126,0.1278,0.1283,0.12480000000000001,0.1288,0.1305,0.1273,0.1268,0.1285,0.1285,0.12350000000000001,0.1303,0.1433,0.13,0.1265,0.129,0.1313,0.1273,0.1268,0.1268,0.1285,0.12350000000000001,0.1303,0.1433,0.13,0.1265,0.129,0.1313,0.1318,0.1318,0.138,0.133,0.1373,0.1265,0.1265,0.13,0.1275,0.1265,0.1303,0.1303,0.1288,0.1308,0.1358,0.1325
2021-07-04 01:00:00,0.3518,0.4045,0.38530000000000003,0.3935,0.34500000000000003,0.34500000000000003,0.337,0.338,0.2273,0.2988,0.3875,0.3768,0.4118,0.3753,0.3783,0.3783,0.34500000000000003,0.337,0.338,0.2273,0.2988,0.3875,0.3768,0.4118,0.3753,0.3753,0.3783,0.4068,0.33630000000000004,0.35700000000000004,0.33380000000000004,0.41550000000000004,0.4038,0.45730000000000004,0.4693,0.4693,0.4363,0.4138,0.41750000000000004,0.3803,0.3448,0.3995,0.446,0.4298,0.4883,0.4883,0.4718,0.4728,0.4868,0.46180000000000004,0.4383,0.44830000000000003,0.4665,0.45280000000000004,0.41150000000000003,0.46780000000000005,0.48050000000000004,0.49100000000000005,0.504,0.456,0.41800000000000004,0.4398,0.47400000000000003,0.48950000000000005,0.431,0.431,0.4545,0.45330000000000004,0.451,0.4555,0.4118,0.42250000000000004,0.45930000000000004,0.4363,0.4505,0.4505,0.3935,0.47200000000000003,0.4385,0.4293,0.45280000000000004,0.4203,0.4273,0.4268,0.4268,0.4153,0.445,0.405,0.4388,0.42750000000000005,0.4143,0.42650000000000005,0.4203,0.4273,0.4273,0.4268,0.4153,0.445,0.405,0.4388,0.42750000000000005,0.4143,0.42650000000000005,0.45130000000000003,0.45130000000000003,0.439,0.4313,0.4223,0.4495,0.45430000000000004,0.39830000000000004,0.4005,0.41800000000000004,0.42200000000000004,0.42200000000000004,0.4485,0.4595,0.47350000000000003,0.443,0.4188,0.322
2021-10-16 03:00:00,0.519,0.5445,0.546,0.5148,0.5148,0.4585,0.448,0.45330000000000004,0.44530000000000003,0.452,0.4343,0.467,0.4808,0.49350000000000005,0.49350000000000005,0.5073,0.47950000000000004,0.467,0.463,0.44780000000000003,0.46130000000000004,0.46030000000000004,0.4878,0.4733,0.4733,0.48750000000000004,0.505,0.5023,0.5098,0.4998,0.4853,0.4783,0.5138,0.5173,0.5173,0.49250000000000005,0.5178,0.52,0.47050000000000003,0.4783,0.4955,0.4943,0.4883,0.47500000000000003,0.4625,0.5095000000000001,0.5203,0.5048,0.5048,0.48700000000000004,0.497,0.4965,0.49050000000000005,0.4758,0.4758,0.45430000000000004,0.4853,0.5225000000000001,0.5273,0.5113,0.5048,0.5175000000000001,0.511,0.511,0.4858,0.46530000000000005,0.42450000000000004,0.4243,0.47300000000000003,0.48450000000000004,0.47550000000000003,0.5048,0.5175000000000001,0.5175000000000001,0.511,0.4858,0.46530000000000005,0.42450000000000004,0.4243,0.47300000000000003,0.48450000000000004,0.47550000000000003,0.47850000000000004,0.47850000000000004,0.4888,0.5053,0.5073,0.5107,0.4495,0.44,0.4323,0.4535,0.48150000000000004,0.48150000000000004,0.4738,0.4973,0.4778,0.5005000000000001,0.507,0.461,0.44830000000000003,0.45280000000000004,0.4713,0.4713,0.4768,0.4868,0.4808,0.4605,0.466,0.4838,0.49000000000000005,0.46480000000000005,0.45730000000000004,0.45730000000000004,0.453,0.47500000000000003,0.49500000000000005,0.4943,0.4948,0.48500000000000004,0.4868
2021-11-10 04:00:00,0.11330000000000001,0.11280000000000001,0.111,0.1125,0.1115,0.1115,0.1145,0.11330000000000001,0.1168,0.114,0.1115,0.1143,0.117,0.1155,0.113,0.113,0.113,0.115,0.1153,0.1165,0.1168,0.12480000000000001,0.113,0.1135,0.12050000000000001,0.12050000000000001,0.1163,0.1153,0.115,0.1183,0.1148,0.1168,0.12150000000000001,0.1155,0.11380000000000001,0.11380000000000001,0.117,0.1145,0.11850000000000001,0.11130000000000001,0.1155,0.1165,0.1178,0.11800000000000001,0.117,0.117,0.11850000000000001,0.12100000000000001,0.11950000000000001,0.1173,0.1208,0.1173,0.12100000000000001,0.12050000000000001,0.12150000000000001,0.11750000000000001,0.1198,0.12150000000000001,0.12050000000000001,0.11900000000000001,0.125,0.1203,0.12050000000000001,0.1158,0.1158,0.12250000000000001,0.113,0.11750000000000001,0.12350000000000001,0.1218,0.12050000000000001,0.1333,0.1203,0.12050000000000001,0.12050000000000001,0.1158,0.12250000000000001,0.113,0.11750000000000001,0.12350000000000001,0.1218,0.12050000000000001,0.1333,0.1218,0.1218,0.12250000000000001,0.1223,0.12480000000000001,0.1213,0.12000000000000001,0.12250000000000001,0.1233,0.1255,0.12100000000000001,0.12100000000000001,0.1193,0.11950000000000001,0.1203,0.124,0.124,0.1223,0.12430000000000001,0.1255,0.1273,0.1273,0.1268,0.1285,0.125,0.131,0.128,0.1258,0.12350000000000001,0.1288,0.1258,0.1258,0.124,0.1298,0.1288,0.1268,0.1313,0.127
2021-04-07 03:00:00,0.5648000000000001,0.6043000000000001,0.6043000000000001,0.5858,0.5953,0.5953,0.5945,0.5838,0.5985,0.6078,0.616,0.5648000000000001,0.6043000000000001,0.6043000000000001,0.5858,0.5858,0.5953,0.5933,0.5870000000000001,0.5840000000000001,0.5858,0.5838,0.546,0.5670000000000001,0.5695,0.5695,0.5703,0.5710000000000001,0.5778,0.5803,0.5763,0.5835,0.6028,0.5725,0.5675,0.5675,0.5683,0.5773,0.5740000000000001,0.5668000000000001,0.5770000000000001,0.5798,0.5928,0.6155,0.605,0.605,0.6088,0.5983,0.5920000000000001,0.5933,0.603,0.595,0.605,0.6005,0.5995,0.5968,0.5993,0.6163000000000001,0.6368,0.6245,0.61,0.616,0.612,0.6148,0.6243000000000001,0.6243000000000001,0.611,0.6093000000000001,0.635,0.646,0.6593,0.6588,0.645,0.6483,0.6483,0.6355000000000001,0.6303000000000001,0.6283000000000001,0.6395000000000001,0.643,0.646,0.66,0.6588,0.645,0.645,0.6483,0.6355000000000001,0.6303000000000001,0.6283000000000001,0.6395000000000001,0.643,0.646,0.66,0.6865,0.6865,0.639,0.6553,0.6398,0.5933,0.6263000000000001,0.6253000000000001,0.628,0.6318,0.6448,0.6448,0.65,0.6355000000000001,0.6233000000000001,0.6298,0.608,0.625,0.6323000000000001,0.6233000000000001,0.622,0.622,0.6323000000000001,0.632,0.626,0.6338,0.6373,0.6578
2021-03-03 03:00:00,0.4363,0.444,0.4595,0.461,0.4595,0.4595,0.4525,0.4393,0.4253,0.4035,0.40180000000000005,0.4363,0.444,0.4595,0.461,0.461,0.4595,0.448,0.44430000000000003,0.4435,0.4308,0.4253,0.4353,0.42650000000000005,0.42850000000000005,0.42850000000000005,0.436,0.4485,0.461,0.45480000000000004,0.44980000000000003,0.4375,0.433,0.44880000000000003,0.448,0.448,0.4475,0.45530000000000004,0.461,0.4743,0.47400000000000003,0.4708,0.4693,0.46130000000000004,0.4315,0.4315,0.4365,0.437,0.439,0.447,0.44880000000000003,0.45480000000000004,0.445,0.44880000000000003,0.44830000000000003,0.431,0.4313,0.43,0.4248,0.4273,0.42700000000000005,0.43,0.4363,0.4415,0.4495,0.4495,0.4168,0.4143,0.41600000000000004,0.4193,0.41100000000000003,0.4093,0.41150000000000003,0.4148,0.4148,0.42000000000000004,0.4283,0.41800000000000004,0.4228,0.41950000000000004,0.41600000000000004,0.4048,0.4093,0.41150000000000003,0.41150000000000003,0.4148,0.42000000000000004,0.4283,0.41800000000000004,0.4228,0.41950000000000004,0.41600000000000004,0.4048,0.40850000000000003,0.40850000000000003,0.42450000000000004,0.42900000000000005,0.4378,0.4373,0.4073,0.40650000000000003,0.4035,0.403,0.39,0.39,0.402,0.4103,0.4068,0.41200000000000003,0.4198,0.38280000000000003,0.38730000000000003,0.3875,0.3815,0.3815,0.38130000000000003,0.379,0.398,0.396,0.40280000000000005,0.4058
2021-06-05 02:00:00,0.0893,0.0853,0.08950000000000001,0.09280000000000001,0.0908,0.0908,0.09050000000000001,0.09000000000000001,0.0983,0.0955,0.09380000000000001,0.0878,0.09280000000000001,0.095,0.09380000000000001,0.09380000000000001,0.0908,0.09050000000000001,0.09000000000000001,0.0983,0.0955,0.09380000000000001,0.0878,0.09280000000000001,0.095,0.095,0.09380000000000001,0.0925,0.0913,0.09050000000000001,0.0945,0.09380000000000001,0.0935,0.0913,0.092,0.092,0.095,0.09380000000000001,0.096,0.092,0.0925,0.1043,0.09680000000000001,0.0898,0.09580000000000001,0.09580000000000001,0.0935,0.0918,0.0925,0.092,0.0913,0.09480000000000001,0.099,0.09580000000000001,0.08750000000000001,0.0965,0.0935,0.09580000000000001,0.09230000000000001,0.09680000000000001,0.09630000000000001,0.09380000000000001,0.0913,0.0915,0.0945,0.0945,0.09580000000000001,0.0925,0.0935,0.09330000000000001,0.09230000000000001,0.0935,0.0935,0.095,0.0893,0.0893,0.095,0.097,0.091,0.0995,0.0965,0.09530000000000001,0.097,0.0965,0.0965,0.0955,0.093,0.09580000000000001,0.0985,0.0965,0.099,0.0985,0.09530000000000001,0.097,0.097,0.0965,0.0955,0.093,0.09580000000000001,0.0985,0.0965,0.099,0.0985,0.09480000000000001,0.09480000000000001,0.101,0.0998,0.0993,0.0965,0.098,0.1003,0.0998,0.1003,0.0998,0.0998,0.099,0.1018,0.0993,0.1038,0.1053,0.1058
2021-08-15 02:00:00,0.47800000000000004,0.449,0.4585,0.40950000000000003,0.40130000000000005,0.40130000000000005,0.401,0.3648,0.35500000000000004,0.3765,0.34950000000000003,0.4938,0.44480000000000003,0.4323,0.44880000000000003,0.44880000000000003,0.40130000000000005,0.401,0.3648,0.35500000000000004,0.3765,0.34950000000000003,0.4938,0.44480000000000003,0.4323,0.4323,0.44880000000000003,0.4313,0.4148,0.39380000000000004,0.41250000000000003,0.40650000000000003,0.38930000000000003,0.47050000000000003,0.41550000000000004,0.41550000000000004,0.4283,0.42350000000000004,0.40700000000000003,0.3825,0.4118,0.41300000000000003,0.4068,0.388,0.4388,0.4388,0.4098,0.397,0.34850000000000003,0.38480000000000003,0.3758,0.3633,0.3655,0.386,0.392,0.42800000000000005,0.4343,0.4423,0.4015,0.3975,0.3753,0.3435,0.3178,0.34450000000000003,0.3428,0.3428,0.444,0.3768,0.368,0.3728,0.373,0.3158,0.33080000000000004,0.305,0.257,0.257,0.28550000000000003,0.40180000000000005,0.42200000000000004,0.38,0.3683,0.335,0.3335,0.3825,0.3825,0.3678,0.3155,0.28700000000000003,0.3435,0.3773,0.3835,0.3713,0.335,0.3335,0.3335,0.3825,0.3678,0.3155,0.28700000000000003,0.3435,0.3773,0.3835,0.3713,0.3845,0.3845,0.3753,0.39380000000000004,0.38380000000000003,0.32880000000000004,0.3133,0.384,0.35800000000000004,0.3638,0.33430000000000004,0.33430000000000004,0.35900000000000004,0.3775,0.3715,0.3523,0.35900000000000004,0.3105
2021-08-22 03:00:00,0.45780000000000004,0.45030000000000003,0.4303,0.399,0.38330000000000003,0.38330000000000003,0.3678,0.34500000000000003,0.319,0.2938,0.3103,0.45780000000000004,0.45030000000000003,0.4303,0.399,0.399,0.38330000000000003,0.3398,0.32030000000000003,0.2968,0.306,0.3145,0.4535,0.44380000000000003,0.4303,0.4303,0.4055,0.38230000000000003,0.34700000000000003,0.3065,0.316,0.3205,0.321,0.4575,0.448,0.448,0.4315,0.405,0.373,0.32730000000000004,0.302,0.329,0.32630000000000003,0.35150000000000003,0.46830000000000005,0.46830000000000005,0.45780000000000004,0.4388,0.4,0.3568,0.325,0.32230000000000003,0.3453,0.3385,0.3708,0.4693,0.4773,0.47350000000000003,0.4408,0.3895,0.3635,0.3473,0.3403,0.3583,0.3668,0.3668,0.48650000000000004,0.5005000000000001,0.4898,0.448,0.41150000000000003,0.401,0.3835,0.3635,0.3635,0.38380000000000003,0.39230000000000004,0.505,0.5197,0.49200000000000005,0.4615,0.445,0.401,0.3835,0.3835,0.3635,0.38380000000000003,0.39230000000000004,0.505,0.5197,0.49200000000000005,0.4615,0.445,0.42450000000000004,0.42450000000000004,0.41850000000000004,0.4063,0.41000000000000003,0.42050000000000004,0.5193,0.5233,0.4943,0.47200000000000003,0.44730000000000003,0.44730000000000003,0.44630000000000003,0.45030000000000003,0.4495,0.4545,0.4298,0.533,0.5222,0.49200000000000005,0.47300000000000003,0.47300000000000003,0.46130000000000004,0.46680000000000005,0.47450000000000003,0.47800000000000004,0.47300000000000003,0.45080000000000003
2021-11-24 04:00:00,0.11180000000000001,0.1153,0.11,0.11380000000000001,0.1145,0.1145,0.116,0.11030000000000001,0.1143,0.1125,0.11280000000000001,0.1155,0.1153,0.11800000000000001,0.1153,0.1153,0.1178,0.11330000000000001,0.1163,0.1178,0.1163,0.12350000000000001,0.11280000000000001,0.11180000000000001,0.1173,0.1173,0.1208,0.116,0.1135,0.1148,0.11950000000000001,0.11900000000000001,0.11950000000000001,0.1193,0.12000000000000001,0.12000000000000001,0.12150000000000001,0.11750000000000001,0.1168,0.1148,0.11950000000000001,0.1183,0.11800000000000001,0.12350000000000001,0.1173,0.1173,0.11850000000000001,0.1193,0.1178,0.1165,0.1173,0.1173,0.12000000000000001,0.11850000000000001,0.1165,0.1173,0.12200000000000001,0.1168,0.1203,0.11850000000000001,0.1203,0.12000000000000001,0.1188,0.11950000000000001,0.11950000000000001,0.1178,0.1178,0.1203,0.12350000000000001,0.11750000000000001,0.1213,0.1208,0.12000000000000001,0.1188,0.1188,0.11950000000000001,0.1178,0.1178,0.1203,0.12350000000000001,0.11750000000000001,0.1213,0.1208,0.1183,0.1183,0.1213,0.1183,0.1163,0.11900000000000001,0.12250000000000001,0.12000000000000001,0.1213,0.1223,0.12300000000000001,0.12300000000000001,0.11750000000000001,0.1155,0.12150000000000001,0.1183,0.12050000000000001,0.11850000000000001,0.126,0.11950000000000001,0.124,0.124,0.11900000000000001,0.1223,0.128,0.1255,0.1218,0.12300000000000001,0.12100000000000001,0.12200000000000001,0.12430000000000001,0.12430000000000001,0.1213,0.1223,0.1265,0.12380000000000001,0.1295,0.1253
2021-04-26 02:00:00,0.48800000000000004,0.457,0.4585,0.45680000000000004,0.48600000000000004,0.48600000000000004,0.4995,0.4828,0.45830000000000004,0.45830000000000004,0.44680000000000003,0.49400000000000005,0.44780000000000003,0.44930000000000003,0.443,0.443,0.48600000000000004,0.4995,0.4828,0.45830000000000004,0.45830000000000004,0.44680000000000003,0.49400000000000005,0.44780000000000003,0.44930000000000003,0.44930000000000003,0.443,0.4798,0.48450000000000004,0.45830000000000004,0.447,0.4348,0.449,0.4818,0.45230000000000004,0.45230000000000004,0.46530000000000005,0.4665,0.47050000000000003,0.48900000000000005,0.47950000000000004,0.458,0.445,0.465,0.49000000000000005,0.49000000000000005,0.46380000000000005,0.46830000000000005,0.4753,0.4803,0.4773,0.4555,0.449,0.437,0.47100000000000003,0.513,0.5073,0.4893,0.49350000000000005,0.47850000000000004,0.4675,0.4703,0.44430000000000003,0.4248,0.4273,0.4273,0.5163,0.5105000000000001,0.49500000000000005,0.518,0.5038,0.4753,0.4728,0.4655,0.4433,0.4433,0.44,0.5115000000000001,0.505,0.5045000000000001,0.5278,0.5178,0.504,0.5005000000000001,0.5005000000000001,0.4888,0.46180000000000004,0.4515,0.516,0.5038,0.51,0.522,0.5178,0.504,0.504,0.5005000000000001,0.4888,0.46180000000000004,0.4515,0.516,0.5038,0.51,0.522,0.5213,0.5213,0.52,0.5165000000000001,0.5123,0.4943,0.47500000000000003,0.509,0.5105000000000001,0.505,0.4975,0.4975,0.4995,0.5095000000000001,0.5135000000000001,0.5065000000000001,0.5008,0.49500000000000005
2021-08-24 03:00:00,0.32030000000000003,0.36050000000000004,0.376,0.3583,0.41400000000000003,0.41400000000000003,0.4445,0.5043,0.505,0.4428,0.39530000000000004,0.32030000000000003,0.36050000000000004,0.376,0.3583,0.3583,0.41400000000000003,0.46430000000000005,0.4585,0.44,0.4408,0.47450000000000003,0.1915,0.3305,0.3805,0.3805,0.399,0.38480000000000003,0.4015,0.446,0.4773,0.45730000000000004,0.47400000000000003,0.21680000000000002,0.3055,0.3055,0.3645,0.42400000000000004,0.401,0.449,0.4833,0.45130000000000003,0.4313,0.48550000000000004,0.29650000000000004,0.29650000000000004,0.331,0.3275,0.39030000000000004,0.4163,0.466,0.4873,0.47100000000000003,0.41300000000000003,0.41000000000000003,0.21680000000000002,0.309,0.3658,0.402,0.41550000000000004,0.4068,0.4005,0.4123,0.4848,0.46030000000000004,0.46030000000000004,0.2155,0.2785,0.3753,0.41800000000000004,0.4073,0.433,0.452,0.4723,0.4723,0.45630000000000004,0.44480000000000003,0.2263,0.29050000000000004,0.4383,0.463,0.4273,0.433,0.452,0.452,0.4723,0.45630000000000004,0.44480000000000003,0.2263,0.29050000000000004,0.4383,0.463,0.4273,0.5288,0.5288,0.5145000000000001,0.5105000000000001,0.4873,0.4873,0.3568,0.402,0.4365,0.4718,0.4943,0.4943,0.537,0.513,0.5445,0.5703,0.5623,0.44930000000000003,0.4913,0.47800000000000004,0.45730000000000004,0.45730000000000004,0.5155000000000001,0.5355,0.5195000000000001,0.527,0.519,0.4893
2021-09-22 03:00:00,0.1095,0.10980000000000001,0.111,0.114,0.11130000000000001,0.11130000000000001,0.1125,0.11180000000000001,0.109,0.1125,0.1145,0.1095,0.10980000000000001,0.111,0.114,0.114,0.11130000000000001,0.1183,0.112,0.11330000000000001,0.11080000000000001,0.11800000000000001,0.12200000000000001,0.1105,0.1143,0.1143,0.1135,0.11180000000000001,0.11280000000000001,0.1165,0.115,0.1223,0.11380000000000001,0.1143,0.116,0.116,0.114,0.11850000000000001,0.114,0.1158,0.1193,0.1153,0.124,0.114,0.1163,0.1163,0.11750000000000001,0.1183,0.1168,0.1165,0.11900000000000001,0.1143,0.1168,0.11950000000000001,0.1168,0.11750000000000001,0.115,0.11380000000000001,0.1125,0.12000000000000001,0.1163,0.1208,0.1158,0.12100000000000001,0.117,0.117,0.1165,0.1168,0.116,0.117,0.11750000000000001,0.1193,0.1173,0.1183,0.1183,0.1165,0.1153,0.1255,0.1178,0.1158,0.1143,0.1208,0.1193,0.1173,0.1173,0.1183,0.1165,0.1153,0.1255,0.1178,0.1158,0.1143,0.1208,0.12300000000000001,0.12300000000000001,0.1145,0.11380000000000001,0.1165,0.1208,0.11800000000000001,0.1193,0.1165,0.1158,0.1158,0.1158,0.1168,0.1155,0.11850000000000001,0.11850000000000001,0.1158,0.1173,0.1165,0.1183,0.1178,0.1178,0.1158,0.12050000000000001,0.1208,0.1165,0.1165,0.1158
2021-05-29 04:00:00,0.3538,0.3553,0.3453,0.3438,0.3375,0.3355,0.342,0.342,0.3665,0.38580000000000003,0.393,0.342,0.3388,0.3315,0.3378,0.3335,0.338,0.338,0.342,0.3665,0.38580000000000003,0.393,0.342,0.3388,0.3315,0.3378,0.3335,0.3335,0.338,0.35500000000000004,0.3788,0.39730000000000004,0.39030000000000004,0.3398,0.333,0.33530000000000004,0.341,0.341,0.34450000000000003,0.36250000000000004,0.3733,0.39580000000000004,0.39430000000000004,0.3895,0.341,0.341,0.35400000000000004,0.35400000000000004,0.3683,0.3688,0.3865,0.39680000000000004,0.4093,0.4148,0.4183,0.33130000000000004,0.33680000000000004,0.33680000000000004,0.3628,0.38980000000000004,0.3945,0.404,0.4198,0.42800000000000005,0.434,0.4415,0.32230000000000003,0.32230000000000003,0.333,0.36200000000000004,0.39330000000000004,0.41500000000000004,0.42600000000000005,0.432,0.4413,0.4415,0.46900000000000003,0.3118,0.32630000000000003,0.34800000000000003,0.3528,0.3703,0.39980000000000004,0.41600000000000004,0.4123,0.4133,0.4133,0.4318,0.33,0.324,0.335,0.3508,0.3653,0.38930000000000003,0.41600000000000004,0.4123,0.4123,0.4133,0.4318,0.33,0.324,0.335,0.3508,0.3653,0.38930000000000003,0.40950000000000003,0.40950000000000003,0.401,0.4055,0.4128,0.3573,0.309,0.305,0.3165,0.33180000000000004,0.35250000000000004,0.35250000000000004,0.3738,0.387,0.3925,0.4103
2021-09-08 05:00:00,0.2938,0.313,0.299,0.34450000000000003,0.336,0.26380000000000003,0.26380000000000003,0.24550000000000002,0.193,0.17900000000000002,0.182,0.2938,0.313,0.299,0.34450000000000003,0.336,0.336,0.26380000000000003,0.23800000000000002,0.2248,0.2078,0.20600000000000002,0.2,0.281,0.3008,0.4148,0.4148,0.375,0.3413,0.2873,0.3593,0.278,0.281,0.155,0.1628,0.2338,0.2338,0.309,0.35050000000000003,0.34550000000000003,0.3,0.3618,0.3765,0.331,0.1588,0.2025,0.2025,0.17830000000000001,0.18180000000000002,0.2008,0.2273,0.2893,0.261,0.28,0.29700000000000004,0.1713,0.1713,0.1525,0.1505,0.1618,0.20350000000000001,0.197,0.21030000000000001,0.2068,0.2655,0.1943,0.1753,0.1885,0.1568,0.1535,0.14750000000000002,0.157,0.1648,0.18730000000000002,0.1915,0.1915,0.1945,0.166,0.1935,0.18730000000000002,0.17980000000000002,0.1628,0.1575,0.1648,0.18730000000000002,0.18730000000000002,0.1915,0.1945,0.166,0.1935,0.18730000000000002,0.17980000000000002,0.1628,0.1575,0.167,0.167,0.197,0.2003,0.17980000000000002,0.14750000000000002,0.155,0.1768,0.18230000000000002,0.1773,0.151,0.151,0.14800000000000002,0.1748,0.1688,0.165,0.15080000000000002,0.15430000000000002,0.15180000000000002,0.17,0.18430000000000002,0.18430000000000002,0.1575,0.15,0.15480000000000002,0.1593,0.1648
2021-02-26 02:00:00,0.4113,0.404,0.404,0.40180000000000005,0.3733,0.3508,0.34500000000000003,0.3665,0.39530000000000004,0.4048,0.41150000000000003,0.387,0.387,0.39080000000000004,0.379,0.3758,0.3815,0.3648,0.341,0.336,0.3785,0.3965,0.3763,0.387,0.39630000000000004,0.385,0.3513,0.3655,0.364,0.3483,0.33630000000000004,0.35250000000000004,0.35250000000000004,0.39680000000000004,0.39080000000000004,0.3945,0.397,0.3758,0.3678,0.36150000000000004,0.365,0.382,0.382,0.3655,0.391,0.39080000000000004,0.38780000000000003,0.387,0.383,0.38630000000000003,0.39,0.395,0.395,0.398,0.3965,0.3613,0.3743,0.3698,0.3618,0.37,0.38830000000000003,0.38830000000000003,0.38,0.3895,0.39230000000000004,0.3935,0.3803,0.3693,0.35550000000000004,0.3618,0.37,0.37,0.38830000000000003,0.38,0.3895,0.39230000000000004,0.3935,0.3803,0.3693,0.35550000000000004,0.35800000000000004,0.35800000000000004,0.3683,0.3815,0.3835,0.38780000000000003,0.39,0.4048,0.3703,0.3613,0.35000000000000003,0.35000000000000003,0.34500000000000003,0.3735,0.388,0.3885,0.3855,0.3755,0.39280000000000004,0.3763,0.3745,0.3745,0.35800000000000004,0.3725,0.4063,0.3985,0.40230000000000005,0.4055,0.401,0.38130000000000003,0.3643,0.3643,0.36150000000000004,0.3678,0.3738,0.39280000000000004,0.403,0.4055,0.40800000000000003,0.39830000000000004,0.39830000000000004
2021-07-30 02:00:00,0.138,0.1278,0.12050000000000001,0.12300000000000001,0.12200000000000001,0.12200000000000001,0.1183,0.108,0.10400000000000001,0.1058,0.10550000000000001,0.152,0.1438,0.127,0.1268,0.1268,0.12200000000000001,0.1183,0.108,0.10400000000000001,0.1058,0.10550000000000001,0.152,0.1438,0.127,0.127,0.1268,0.134,0.1245,0.1173,0.1085,0.115,0.1058,0.1638,0.15030000000000002,0.15030000000000002,0.131,0.1265,0.134,0.1283,0.11900000000000001,0.12150000000000001,0.127,0.1085,0.1615,0.1615,0.15330000000000002,0.1375,0.1245,0.1288,0.1363,0.1255,0.13,0.1273,0.1145,0.15280000000000002,0.14880000000000002,0.14980000000000002,0.15230000000000002,0.1333,0.1358,0.1295,0.1208,0.12150000000000001,0.127,0.127,0.14500000000000002,0.1458,0.14780000000000001,0.16,0.14850000000000002,0.1345,0.1315,0.1223,0.1188,0.1188,0.1283,0.15380000000000002,0.1368,0.1375,0.1403,0.149,0.1363,0.1363,0.1363,0.1315,0.1253,0.12380000000000001,0.14930000000000002,0.14,0.1295,0.1393,0.149,0.1363,0.1363,0.1363,0.1315,0.1253,0.12380000000000001,0.14930000000000002,0.14,0.1295,0.1393,0.1403,0.1403,0.1363,0.1303,0.1155,0.1145,0.1168,0.1383,0.1388,0.1443,0.1375,0.1375,0.1343,0.1313,0.1218,0.1163,0.11850000000000001,0.1255
2021-08-25 03:00:00,0.1865,0.18000000000000002,0.23650000000000002,0.2383,0.2785,0.2785,0.4323,0.1995,0.14880000000000002,0.15080000000000002,0.14700000000000002,0.1865,0.18000000000000002,0.23650000000000002,0.2383,0.2383,0.2785,0.23650000000000002,0.1758,0.1368,0.1423,0.14300000000000002,0.1773,0.1733,0.1768,0.1768,0.1605,0.20650000000000002,0.1608,0.14350000000000002,0.1375,0.17300000000000001,0.1638,0.21830000000000002,0.1905,0.1905,0.1905,0.1573,0.161,0.162,0.1458,0.14730000000000001,0.1643,0.1658,0.25730000000000003,0.25730000000000003,0.2155,0.196,0.1998,0.2258,0.20700000000000002,0.1558,0.1505,0.15480000000000002,0.1505,0.17750000000000002,0.2283,0.2283,0.21630000000000002,0.22130000000000002,0.21630000000000002,0.2403,0.1995,0.17350000000000002,0.163,0.163,0.14750000000000002,0.2278,0.2265,0.2008,0.18180000000000002,0.229,0.2518,0.24630000000000002,0.24630000000000002,0.252,0.2235,0.15330000000000002,0.1613,0.198,0.21930000000000002,0.2195,0.229,0.2518,0.2518,0.24630000000000002,0.252,0.2235,0.15330000000000002,0.1613,0.198,0.21930000000000002,0.2195,0.216,0.216,0.1908,0.21200000000000002,0.2325,0.26080000000000003,0.1393,0.1363,0.1345,0.14880000000000002,0.20600000000000002,0.20600000000000002,0.21930000000000002,0.2028,0.18050000000000002,0.21130000000000002,0.2185,0.14850000000000002,0.1433,0.134,0.138,0.138,0.13770000000000002,0.14750000000000002,0.1703,0.17400000000000002,0.155,0.18050000000000002
2021-10-11 05:00:00,0.4193,0.4295,0.4263,0.4283,0.444,0.4383,0.4383,0.4335,0.4223,0.41950000000000004,0.4183,0.4193,0.4295,0.4263,0.4283,0.444,0.444,0.4383,0.4395,0.42900000000000005,0.437,0.4353,0.4343,0.4465,0.436,0.42900000000000005,0.42900000000000005,0.44680000000000003,0.4505,0.45180000000000003,0.4305,0.448,0.44980000000000003,0.4298,0.465,0.451,0.451,0.4575,0.465,0.46580000000000005,0.46950000000000003,0.454,0.44,0.439,0.4033,0.4123,0.4123,0.447,0.48000000000000004,0.4753,0.4768,0.47450000000000003,0.45280000000000004,0.4268,0.4183,0.4133,0.4133,0.41850000000000004,0.4173,0.46480000000000005,0.48000000000000004,0.48050000000000004,0.48200000000000004,0.45230000000000004,0.42900000000000005,0.42750000000000005,0.3345,0.39880000000000004,0.4308,0.4343,0.47100000000000003,0.45430000000000004,0.4833,0.4908,0.45430000000000004,0.45430000000000004,0.4313,0.3118,0.38680000000000003,0.42600000000000005,0.44680000000000003,0.442,0.4615,0.4833,0.4908,0.4908,0.45430000000000004,0.4313,0.3118,0.38680000000000003,0.42600000000000005,0.44680000000000003,0.442,0.4615,0.4908,0.4908,0.48650000000000004,0.4708,0.4318,0.326,0.39,0.40750000000000003,0.42800000000000005,0.4088,0.4158,0.4158,0.4223,0.4325,0.45330000000000004,0.42350000000000004,0.3603,0.38680000000000003,0.406,0.4193,0.40900000000000003,0.40900000000000003,0.4068,0.4015,0.3955,0.3623,0.3305
2021-11-23 04:00:00,0.1135,0.113,0.10930000000000001,0.1105,0.117,0.117,0.1168,0.117,0.113,0.12000000000000001,0.1165,0.115,0.12150000000000001,0.11280000000000001,0.11030000000000001,0.11030000000000001,0.117,0.11800000000000001,0.12150000000000001,0.1165,0.117,0.1223,0.11380000000000001,0.111,0.1163,0.1163,0.11380000000000001,0.11330000000000001,0.11280000000000001,0.11750000000000001,0.11380000000000001,0.1178,0.11800000000000001,0.1153,0.12050000000000001,0.12050000000000001,0.11900000000000001,0.11950000000000001,0.1158,0.1145,0.1193,0.116,0.116,0.1148,0.111,0.111,0.11330000000000001,0.1188,0.11950000000000001,0.1173,0.11950000000000001,0.1193,0.11750000000000001,0.1203,0.115,0.1178,0.115,0.12150000000000001,0.1188,0.1223,0.1188,0.11900000000000001,0.12150000000000001,0.117,0.117,0.1245,0.1158,0.12000000000000001,0.12150000000000001,0.1198,0.1263,0.12200000000000001,0.11900000000000001,0.12150000000000001,0.12150000000000001,0.117,0.1245,0.1158,0.12000000000000001,0.12150000000000001,0.1198,0.1263,0.12200000000000001,0.11750000000000001,0.11750000000000001,0.11900000000000001,0.1293,0.12430000000000001,0.1213,0.11900000000000001,0.1228,0.1223,0.1213,0.11850000000000001,0.11850000000000001,0.11800000000000001,0.1193,0.1193,0.1213,0.12000000000000001,0.12430000000000001,0.12050000000000001,0.1268,0.12300000000000001,0.12300000000000001,0.12350000000000001,0.1173,0.12480000000000001,0.12000000000000001,0.1273,0.1203,0.1203,0.1278,0.129,0.129,0.12050000000000001,0.1213,0.12380000000000001,0.1263,0.1253,0.1278
2021-03-03 04:00:00,0.4333,0.4343,0.4423,0.45530000000000004,0.4635,0.4635,0.46430000000000005,0.4615,0.42750000000000005,0.441,0.4345,0.4333,0.4343,0.4423,0.45530000000000004,0.45530000000000004,0.4635,0.464,0.459,0.4348,0.4308,0.4193,0.436,0.4368,0.4393,0.4393,0.4445,0.465,0.47500000000000003,0.4743,0.4555,0.442,0.4335,0.44480000000000003,0.45330000000000004,0.45330000000000004,0.45630000000000004,0.45730000000000004,0.46030000000000004,0.4713,0.4828,0.47900000000000004,0.4823,0.4748,0.4178,0.4178,0.4293,0.445,0.437,0.468,0.47400000000000003,0.47950000000000004,0.48550000000000004,0.4813,0.4798,0.41850000000000004,0.38280000000000003,0.386,0.40130000000000005,0.41150000000000003,0.4413,0.45230000000000004,0.457,0.4693,0.48250000000000004,0.48250000000000004,0.4068,0.4083,0.35250000000000004,0.34800000000000003,0.369,0.38930000000000003,0.4108,0.41800000000000004,0.41800000000000004,0.40700000000000003,0.41400000000000003,0.383,0.4,0.397,0.40850000000000003,0.39030000000000004,0.38930000000000003,0.4108,0.4108,0.41800000000000004,0.40700000000000003,0.41400000000000003,0.383,0.4,0.397,0.40850000000000003,0.39030000000000004,0.3638,0.3638,0.3723,0.3753,0.39530000000000004,0.4118,0.3773,0.3785,0.3805,0.376,0.384,0.384,0.3205,0.2848,0.3013,0.334,0.34450000000000003,0.38480000000000003,0.382,0.3665,0.35800000000000004,0.35800000000000004,0.3425,0.3255,0.299,0.2723,0.28250000000000003,0.3225
2021-02-15 01:00:00,0.2043,0.1983,0.1943,0.198,0.2058,0.22080000000000002,0.2053,0.1975,0.1875,0.1875,0.1875,0.2048,0.2073,0.199,0.1885,0.18680000000000002,0.1965,0.1933,0.1773,0.1883,0.1883,0.1928,0.21130000000000002,0.21480000000000002,0.20980000000000001,0.1908,0.1913,0.198,0.1875,0.17950000000000002,0.17950000000000002,0.17200000000000001,0.1658,0.2185,0.227,0.197,0.1825,0.18330000000000002,0.1768,0.1758,0.1758,0.1695,0.1688,0.161,0.21080000000000002,0.198,0.193,0.1968,0.183,0.1738,0.1738,0.1705,0.1778,0.18080000000000002,0.1758,0.219,0.2053,0.1888,0.17880000000000001,0.17880000000000001,0.17950000000000002,0.17930000000000001,0.18080000000000002,0.1825,0.18080000000000002,0.1758,0.226,0.2053,0.1888,0.1888,0.17880000000000001,0.17950000000000002,0.17930000000000001,0.18080000000000002,0.1825,0.18380000000000002,0.18180000000000002,0.226,0.21080000000000002,0.21080000000000002,0.1883,0.18030000000000002,0.18100000000000002,0.193,0.2005,0.1883,0.189,0.1978,0.25980000000000003,0.25980000000000003,0.216,0.1903,0.17500000000000002,0.18080000000000002,0.18000000000000002,0.17930000000000001,0.18430000000000002,0.189,0.1915,0.2058,0.21730000000000002,0.199,0.17800000000000002,0.1658,0.163,0.1753,0.166,0.171,0.18050000000000002,0.18050000000000002,0.19,0.1825,0.1835,0.168,0.1545,0.1558,0.1545,0.15380000000000002,0.15380000000000002,0.15480000000000002,0.17650000000000002
2021-10-17 03:00:00,0.317,0.3145,0.3095,0.2973,0.2973,0.2843,0.2808,0.2868,0.2808,0.2878,0.2255,0.3168,0.3093,0.2975,0.2975,0.3045,0.2943,0.2863,0.2988,0.2948,0.2515,0.1628,0.322,0.3135,0.3135,0.3,0.2958,0.2985,0.29550000000000004,0.3053,0.2655,0.1673,0.1675,0.3225,0.3225,0.3168,0.3148,0.2993,0.29650000000000004,0.28800000000000003,0.2763,0.1913,0.1703,0.15130000000000002,0.32530000000000003,0.32630000000000003,0.32580000000000003,0.31930000000000003,0.3028,0.2833,0.25780000000000003,0.188,0.1683,0.1568,0.1568,0.32080000000000003,0.31930000000000003,0.32530000000000003,0.3073,0.2773,0.248,0.1918,0.17200000000000001,0.17200000000000001,0.1618,0.15,0.3055,0.2968,0.277,0.2268,0.21980000000000002,0.248,0.1918,0.1918,0.17200000000000001,0.1618,0.15,0.3055,0.2968,0.277,0.2268,0.21980000000000002,0.2038,0.2038,0.171,0.1563,0.14750000000000002,0.14780000000000001,0.28650000000000003,0.277,0.2308,0.18230000000000002,0.17850000000000002,0.17850000000000002,0.1913,0.18580000000000002,0.1535,0.1463,0.1433,0.25120000000000003,0.1883,0.171,0.1635,0.1635,0.1545,0.1613,0.1643,0.15330000000000002,0.14830000000000002,0.1393,0.1675,0.1558,0.1605,0.1605,0.152,0.14980000000000002,0.15180000000000002,0.154,0.15280000000000002,0.14100000000000001,0.1373
2021-11-26 04:00:00,0.12000000000000001,0.1188,0.1125,0.1158,0.1163,0.1163,0.1173,0.117,0.12350000000000001,0.11850000000000001,0.1183,0.12150000000000001,0.1198,0.12050000000000001,0.1218,0.1218,0.1208,0.12150000000000001,0.1228,0.1213,0.12200000000000001,0.124,0.11850000000000001,0.1193,0.1173,0.1173,0.12250000000000001,0.12150000000000001,0.1198,0.1218,0.12200000000000001,0.1253,0.1245,0.1198,0.1295,0.1295,0.1208,0.1208,0.12430000000000001,0.1183,0.1255,0.1233,0.1228,0.1263,0.1218,0.1218,0.12480000000000001,0.12000000000000001,0.12430000000000001,0.12150000000000001,0.12350000000000001,0.1233,0.12430000000000001,0.1268,0.1193,0.1213,0.1255,0.12380000000000001,0.12100000000000001,0.1218,0.12480000000000001,0.1255,0.12100000000000001,0.1245,0.1245,0.126,0.12300000000000001,0.129,0.1233,0.12350000000000001,0.1275,0.1263,0.1255,0.12100000000000001,0.12100000000000001,0.1245,0.126,0.12300000000000001,0.129,0.1233,0.12350000000000001,0.1275,0.1263,0.1268,0.1268,0.1253,0.1263,0.12300000000000001,0.12250000000000001,0.1218,0.1268,0.1258,0.12350000000000001,0.1253,0.1253,0.12100000000000001,0.1293,0.1233,0.127,0.126,0.12200000000000001,0.12380000000000001,0.126,0.1263,0.1263,0.1233,0.12480000000000001,0.1323,0.12480000000000001,0.1313,0.1253,0.1265,0.12300000000000001,0.125,0.125,0.1273,0.131,0.1288,0.1318,0.1303,0.1283
2021-07-05 01:00:00,0.32080000000000003,0.36150000000000004,0.3728,0.3788,0.328,0.328,0.2248,0.2078,0.28450000000000003,0.42150000000000004,0.42450000000000004,0.316,0.3428,0.3618,0.33130000000000004,0.33130000000000004,0.328,0.2248,0.2078,0.28450000000000003,0.42150000000000004,0.42450000000000004,0.316,0.3428,0.3618,0.3618,0.33130000000000004,0.21830000000000002,0.1995,0.2833,0.4058,0.5015000000000001,0.458,0.3003,0.328,0.328,0.32080000000000003,0.21630000000000002,0.17450000000000002,0.24980000000000002,0.3785,0.5033,0.5395,0.4975,0.3373,0.3373,0.3438,0.28900000000000003,0.1973,0.2048,0.41650000000000004,0.46950000000000003,0.5038,0.5448000000000001,0.4793,0.3748,0.4025,0.392,0.2195,0.1928,0.3083,0.4345,0.5435,0.537,0.5563,0.5563,0.4103,0.402,0.3513,0.23800000000000002,0.2353,0.40130000000000005,0.48150000000000004,0.545,0.5595,0.5595,0.52,0.4358,0.3915,0.403,0.28550000000000003,0.3413,0.3423,0.4768,0.4768,0.5853,0.555,0.5045000000000001,0.4495,0.4403,0.38,0.3668,0.3413,0.3423,0.3423,0.4768,0.5853,0.555,0.5045000000000001,0.4495,0.4403,0.38,0.3668,0.46330000000000005,0.46330000000000005,0.46380000000000005,0.47000000000000003,0.48600000000000004,0.5013000000000001,0.507,0.4505,0.4418,0.38930000000000003,0.4375,0.4375,0.4713,0.4998,0.4823,0.45430000000000004,0.449,0.434
2021-04-28 03:00:00,0.1748,0.1653,0.15330000000000002,0.1615,0.18530000000000002,0.18430000000000002,0.18430000000000002,0.2263,0.21080000000000002,0.17850000000000002,0.1635,0.17250000000000001,0.1558,0.1593,0.1608,0.1958,0.1958,0.18430000000000002,0.2263,0.21080000000000002,0.17850000000000002,0.1635,0.17250000000000001,0.1558,0.1593,0.1608,0.1608,0.1958,0.18730000000000002,0.21980000000000002,0.1678,0.1608,0.1575,0.1555,0.14780000000000001,0.1515,0.1515,0.14750000000000002,0.1723,0.1685,0.192,0.17830000000000001,0.17800000000000002,0.1758,0.1575,0.14850000000000002,0.14850000000000002,0.14730000000000001,0.14980000000000002,0.1693,0.1988,0.1923,0.1965,0.21480000000000002,0.2283,0.1443,0.1443,0.14350000000000002,0.1433,0.149,0.1558,0.1623,0.17600000000000002,0.1658,0.1715,0.2313,0.1403,0.14200000000000002,0.1403,0.1423,0.14200000000000002,0.14600000000000002,0.151,0.1573,0.1603,0.1515,0.1515,0.1438,0.1405,0.139,0.14450000000000002,0.1438,0.14450000000000002,0.14600000000000002,0.15030000000000002,0.15030000000000002,0.15130000000000002,0.1575,0.15330000000000002,0.14600000000000002,0.14400000000000002,0.1453,0.1448,0.14450000000000002,0.14600000000000002,0.14600000000000002,0.15030000000000002,0.15130000000000002,0.1575,0.15330000000000002,0.14600000000000002,0.14400000000000002,0.1453,0.1448,0.14600000000000002,0.14600000000000002,0.14730000000000001,0.14980000000000002,0.15380000000000002,0.15180000000000002,0.14650000000000002,0.14780000000000001,0.14450000000000002,0.14350000000000002,0.1463,0.1463,0.1468,0.14350000000000002,0.1443,0.14980000000000002,0.1593
2021-05-28 03:00:00,0.39630000000000004,0.33530000000000004,0.2985,0.3728,0.45,0.461,0.461,0.41950000000000004,0.3648,0.3365,0.3738,0.2975,0.23900000000000002,0.26530000000000004,0.3648,0.4063,0.4063,0.461,0.41950000000000004,0.3648,0.3365,0.3738,0.2975,0.23900000000000002,0.26530000000000004,0.3648,0.3648,0.4063,0.32280000000000003,0.23850000000000002,0.1968,0.262,0.32480000000000003,0.2495,0.249,0.263,0.263,0.276,0.27,0.2273,0.2005,0.1753,0.2713,0.341,0.17900000000000002,0.2068,0.2068,0.1845,0.194,0.2225,0.29150000000000004,0.254,0.186,0.232,0.3408,0.1935,0.1935,0.2015,0.2005,0.1915,0.21250000000000002,0.278,0.20800000000000002,0.1645,0.17950000000000002,0.2923,0.17800000000000002,0.1588,0.1925,0.2755,0.23700000000000002,0.21250000000000002,0.21980000000000002,0.20600000000000002,0.1695,0.186,0.186,0.1688,0.15180000000000002,0.1705,0.2783,0.2743,0.18730000000000002,0.2025,0.2243,0.2243,0.194,0.228,0.18080000000000002,0.1573,0.1743,0.2068,0.2625,0.18730000000000002,0.2025,0.2025,0.2243,0.194,0.228,0.18080000000000002,0.1573,0.1743,0.2068,0.2625,0.17650000000000002,0.17650000000000002,0.18130000000000002,0.2235,0.2383,0.2348,0.18630000000000002,0.20400000000000001,0.23600000000000002,0.2253,0.28550000000000003,0.28550000000000003,0.199,0.1733,0.18630000000000002,0.2253,0.2308
2021-06-26 03:00:00,0.46480000000000005,0.4675,0.48700000000000004,0.5195000000000001,0.524,0.49050000000000005,0.49050000000000005,0.4733,0.4733,0.47900000000000004,0.468,0.48750000000000004,0.4818,0.47950000000000004,0.47600000000000003,0.4798,0.4798,0.49050000000000005,0.4733,0.4733,0.47900000000000004,0.468,0.48750000000000004,0.4818,0.47950000000000004,0.47600000000000003,0.47600000000000003,0.4798,0.458,0.4398,0.45,0.444,0.444,0.4743,0.4763,0.4943,0.4943,0.5015000000000001,0.4998,0.49400000000000005,0.47550000000000003,0.46080000000000004,0.45630000000000004,0.4675,0.5133,0.5253,0.5253,0.522,0.5055000000000001,0.524,0.5548000000000001,0.5143,0.48450000000000004,0.48750000000000004,0.51,0.5940000000000001,0.5940000000000001,0.5908,0.556,0.5368,0.5363,0.5333,0.5238,0.538,0.5435,0.5395,0.55,0.5843,0.6085,0.5940000000000001,0.552,0.5283,0.545,0.5720000000000001,0.5998,0.6198,0.6198,0.6375000000000001,0.6583,0.6435000000000001,0.6515000000000001,0.627,0.5875,0.6275000000000001,0.6095,0.6095,0.5955,0.6115,0.619,0.6358,0.638,0.6313000000000001,0.6078,0.5875,0.6275000000000001,0.6275000000000001,0.6095,0.5955,0.6115,0.619,0.6358,0.638,0.6313000000000001,0.6078,0.5958,0.5958,0.6108,0.628,0.625,0.6273000000000001,0.5985,0.6358,0.5925,0.5868,0.623,0.623,0.6498,0.6595000000000001,0.6535000000000001,0.6308,0.5878
2021-08-15 03:00:00,0.6195,0.5495,0.5625,0.6153000000000001,0.6068,0.5923,0.5923,0.5653,0.5760000000000001,0.598,0.626,0.643,0.5888,0.5538000000000001,0.5355,0.5473,0.5473,0.5923,0.5653,0.5760000000000001,0.598,0.626,0.643,0.5888,0.5538000000000001,0.5355,0.5355,0.5473,0.5508000000000001,0.5235000000000001,0.5985,0.6158,0.5830000000000001,0.5820000000000001,0.5768,0.5408000000000001,0.5408000000000001,0.5105000000000001,0.47900000000000004,0.516,0.543,0.5805,0.5758,0.5385,0.531,0.5008,0.5008,0.4495,0.4335,0.4465,0.46380000000000005,0.47050000000000003,0.48850000000000005,0.4788,0.44630000000000003,0.4693,0.4693,0.447,0.40800000000000003,0.38180000000000003,0.4163,0.42150000000000004,0.41650000000000004,0.4708,0.46880000000000005,0.42450000000000004,0.5093,0.4335,0.401,0.4228,0.4173,0.4168,0.4048,0.4025,0.42450000000000004,0.4318,0.4318,0.501,0.5003000000000001,0.4933,0.462,0.44780000000000003,0.4373,0.40950000000000003,0.42650000000000005,0.42650000000000005,0.4218,0.38830000000000003,0.5138,0.4923,0.4728,0.47750000000000004,0.47650000000000003,0.4373,0.40950000000000003,0.40950000000000003,0.42650000000000005,0.4218,0.38830000000000003,0.5138,0.4923,0.4728,0.47750000000000004,0.47650000000000003,0.45280000000000004,0.45280000000000004,0.42700000000000005,0.4153,0.4058,0.3805,0.4595,0.4665,0.4708,0.45780000000000004,0.4753,0.4753,0.5025000000000001,0.4433,0.41000000000000003,0.402,0.3965
2021-07-09 02:00:00,0.25880000000000003,0.3098,0.257,0.24130000000000001,0.24100000000000002,0.24100000000000002,0.2398,0.21780000000000002,0.232,0.2265,0.1748,0.2343,0.23900000000000002,0.1913,0.19,0.19,0.24100000000000002,0.2398,0.21780000000000002,0.232,0.2265,0.1748,0.2343,0.23900000000000002,0.1913,0.1913,0.19,0.18680000000000002,0.18280000000000002,0.1945,0.2285,0.1923,0.1673,0.192,0.202,0.202,0.1705,0.1728,0.17650000000000002,0.157,0.1643,0.1633,0.17250000000000001,0.14500000000000002,0.17950000000000002,0.17950000000000002,0.1768,0.1593,0.1535,0.156,0.14350000000000002,0.14930000000000002,0.1545,0.1433,0.15080000000000002,0.14400000000000002,0.1553,0.17250000000000001,0.1665,0.156,0.1395,0.1288,0.1283,0.1375,0.1358,0.1358,0.1338,0.1373,0.14350000000000002,0.1608,0.18050000000000002,0.1408,0.128,0.1278,0.129,0.129,0.124,0.12480000000000001,0.128,0.1315,0.151,0.1593,0.138,0.1268,0.1268,0.1163,0.1153,0.1085,0.11950000000000001,0.1155,0.12430000000000001,0.12380000000000001,0.1593,0.138,0.138,0.1268,0.1163,0.1153,0.1085,0.11950000000000001,0.1155,0.12430000000000001,0.12380000000000001,0.1268,0.1268,0.12050000000000001,0.1293,0.1223,0.1095,0.11130000000000001,0.1193,0.1198,0.1193,0.1158,0.1158,0.11750000000000001,0.1223,0.1148,0.1188,0.113,0.11330000000000001
2021-08-14 03:00:00,0.6013000000000001,0.5935,0.6033000000000001,0.611,0.622,0.6523,0.6523,0.6708000000000001,0.6903,0.6735,0.6628000000000001,0.6475000000000001,0.6145,0.5760000000000001,0.5843,0.5785,0.5785,0.6523,0.6708000000000001,0.6903,0.6735,0.6628000000000001,0.6475000000000001,0.6145,0.5760000000000001,0.5843,0.5843,0.5785,0.5800000000000001,0.5645,0.5880000000000001,0.6228,0.6368,0.667,0.6543,0.5583,0.5583,0.5515,0.5503,0.5533,0.5613,0.5750000000000001,0.5965,0.6068,0.6598,0.6238,0.6238,0.5518000000000001,0.5383,0.547,0.5515,0.5533,0.5573,0.5478000000000001,0.606,0.6265000000000001,0.6265000000000001,0.604,0.5498000000000001,0.5378000000000001,0.5188,0.5025000000000001,0.46080000000000004,0.4743,0.5248,0.5423,0.599,0.6053000000000001,0.5973,0.5660000000000001,0.531,0.45930000000000004,0.46430000000000005,0.47200000000000003,0.5033,0.5145000000000001,0.5145000000000001,0.545,0.541,0.5455,0.5335,0.5228,0.4698,0.48700000000000004,0.4908,0.4908,0.4858,0.48900000000000005,0.49350000000000005,0.47050000000000003,0.46180000000000004,0.4635,0.4723,0.4698,0.48700000000000004,0.48700000000000004,0.4908,0.4858,0.48900000000000005,0.49350000000000005,0.47050000000000003,0.46180000000000004,0.4635,0.4723,0.454,0.454,0.4398,0.4733,0.4908,0.48050000000000004,0.4385,0.46530000000000005,0.4848,0.452,0.40800000000000003,0.40800000000000003,0.41050000000000003,0.4303,0.4535,0.48950000000000005,0.5098
2021-05-30 03:00:00,0.14250000000000002,0.1263,0.12100000000000001,0.12300000000000001,0.12050000000000001,0.1198,0.1198,0.1203,0.11950000000000001,0.1203,0.1198,0.1368,0.136,0.1303,0.126,0.12100000000000001,0.12100000000000001,0.1198,0.1203,0.11950000000000001,0.1203,0.1198,0.1368,0.136,0.1303,0.126,0.126,0.12100000000000001,0.12300000000000001,0.12050000000000001,0.12000000000000001,0.12250000000000001,0.1245,0.126,0.1383,0.131,0.131,0.1308,0.1265,0.1265,0.1285,0.12100000000000001,0.12430000000000001,0.1273,0.12350000000000001,0.1328,0.1328,0.1433,0.14350000000000002,0.1368,0.14930000000000002,0.1363,0.1278,0.1335,0.1308,0.1183,0.1183,0.1253,0.152,0.15230000000000002,0.14300000000000002,0.13770000000000002,0.132,0.1223,0.12250000000000001,0.124,0.1268,0.12350000000000001,0.1265,0.1778,0.1673,0.14980000000000002,0.131,0.1303,0.1288,0.12100000000000001,0.12100000000000001,0.132,0.1255,0.1353,0.20750000000000002,0.2348,0.1683,0.1385,0.1388,0.1388,0.1245,0.1298,0.1388,0.1268,0.126,0.1283,0.1683,0.1683,0.1385,0.1385,0.1388,0.1245,0.1298,0.1388,0.1268,0.126,0.1283,0.1683,0.18150000000000002,0.18150000000000002,0.1623,0.162,0.1353,0.1228,0.1263,0.127,0.12480000000000001,0.1263,0.126,0.126,0.1258,0.1305,0.1353,0.12480000000000001,0.12380000000000001
2021-08-14 02:00:00,0.5565,0.5805,0.5808,0.464,0.502,0.502,0.5598000000000001,0.5435,0.55,0.557,0.533,0.546,0.5645,0.5828,0.5128,0.5128,0.502,0.5598000000000001,0.5435,0.55,0.557,0.533,0.546,0.5645,0.5828,0.5828,0.5128,0.45280000000000004,0.5325,0.5588000000000001,0.559,0.561,0.48700000000000004,0.5428000000000001,0.5365,0.5365,0.5535,0.529,0.465,0.5303,0.534,0.5465,0.527,0.36250000000000004,0.524,0.524,0.514,0.548,0.544,0.5123,0.518,0.47500000000000003,0.49450000000000005,0.502,0.39330000000000004,0.5038,0.4995,0.48750000000000004,0.5082,0.5335,0.5295,0.5082,0.45730000000000004,0.4413,0.47300000000000003,0.47300000000000003,0.46230000000000004,0.4743,0.4293,0.45380000000000004,0.4878,0.4998,0.47750000000000004,0.4328,0.389,0.389,0.4423,0.45230000000000004,0.4423,0.40650000000000003,0.4223,0.46130000000000004,0.4753,0.48650000000000004,0.48650000000000004,0.45080000000000003,0.42150000000000004,0.45380000000000004,0.3885,0.39630000000000004,0.40180000000000005,0.4045,0.46130000000000004,0.4753,0.4753,0.48650000000000004,0.45080000000000003,0.42150000000000004,0.45380000000000004,0.3885,0.39630000000000004,0.40180000000000005,0.4045,0.4293,0.4293,0.434,0.4595,0.46,0.4733,0.44830000000000003,0.24750000000000003,0.234,0.3,0.3453,0.3453,0.40950000000000003,0.43,0.4708,0.4928,0.5118,0.4963
2021-09-10 03:00:00,0.1125,0.10880000000000001,0.10830000000000001,0.11080000000000001,0.113,0.113,0.11180000000000001,0.10650000000000001,0.11230000000000001,0.11230000000000001,0.11180000000000001,0.1125,0.10880000000000001,0.10830000000000001,0.11080000000000001,0.11080000000000001,0.113,0.1085,0.11030000000000001,0.115,0.1125,0.112,0.1115,0.1105,0.10930000000000001,0.10930000000000001,0.108,0.1075,0.1115,0.11030000000000001,0.114,0.11950000000000001,0.11130000000000001,0.1085,0.1125,0.1125,0.11130000000000001,0.11280000000000001,0.1145,0.11180000000000001,0.112,0.117,0.12000000000000001,0.10930000000000001,0.11230000000000001,0.11230000000000001,0.11230000000000001,0.1135,0.11180000000000001,0.11330000000000001,0.114,0.11,0.1155,0.1165,0.1115,0.10980000000000001,0.111,0.108,0.1125,0.10830000000000001,0.114,0.1168,0.1155,0.1173,0.1125,0.1125,0.1163,0.11230000000000001,0.112,0.1125,0.11330000000000001,0.11130000000000001,0.11130000000000001,0.1163,0.1163,0.1153,0.11280000000000001,0.12350000000000001,0.11130000000000001,0.1115,0.1125,0.1153,0.11130000000000001,0.11130000000000001,0.11130000000000001,0.1163,0.1153,0.11280000000000001,0.12350000000000001,0.11130000000000001,0.1115,0.1125,0.1153,0.11080000000000001,0.11080000000000001,0.10880000000000001,0.114,0.1125,0.11330000000000001,0.113,0.111,0.11380000000000001,0.1095,0.112,0.112,0.114,0.1183,0.11330000000000001,0.11750000000000001,0.1165,0.1155,0.1155,0.111,0.1168,0.1168,0.114,0.1173,0.1178,0.116,0.116,0.1135
2021-12-17 05:00:00,0.1155,0.1153,0.1165,0.113,0.113,0.1188,0.1218,0.1155,0.1203,0.1183,0.12250000000000001,0.115,0.11750000000000001,0.11800000000000001,0.11800000000000001,0.1183,0.117,0.11750000000000001,0.11750000000000001,0.12350000000000001,0.12150000000000001,0.1208,0.1168,0.11900000000000001,0.11900000000000001,0.11800000000000001,0.1233,0.12050000000000001,0.1178,0.1208,0.12050000000000001,0.12200000000000001,0.1203,0.11950000000000001,0.11950000000000001,0.11950000000000001,0.12000000000000001,0.12350000000000001,0.11750000000000001,0.1218,0.1203,0.12200000000000001,0.1223,0.12150000000000001,0.1198,0.12000000000000001,0.1223,0.11950000000000001,0.12200000000000001,0.1188,0.1203,0.12250000000000001,0.1193,0.1193,0.1223,0.11850000000000001,0.12480000000000001,0.1213,0.12200000000000001,0.1188,0.12200000000000001,0.1203,0.12250000000000001,0.12250000000000001,0.1193,0.1223,0.11850000000000001,0.12480000000000001,0.1213,0.12200000000000001,0.1188,0.12200000000000001,0.127,0.127,0.117,0.1258,0.1313,0.1223,0.125,0.12200000000000001,0.124,0.11950000000000001,0.1245,0.1245,0.1265,0.12150000000000001,0.12380000000000001,0.1268,0.1228,0.1228,0.1213,0.1265,0.12250000000000001,0.12250000000000001,0.127,0.1258,0.126,0.1268,0.1263,0.1213,0.12350000000000001,0.12150000000000001,0.12480000000000001,0.12480000000000001,0.12350000000000001,0.1223,0.126,0.1295,0.1255,0.12480000000000001,0.12300000000000001,0.12150000000000001,0.1268,0.1268,0.12480000000000001,0.125,0.1268,0.129,0.12480000000000001,0.127,0.124
2021-03-07 01:00:00,0.1623,0.1638,0.1638,0.17830000000000001,0.18080000000000002,0.1675,0.1625,0.159,0.1663,0.1713,0.18100000000000002,0.1623,0.1623,0.1638,0.1625,0.1593,0.1505,0.14850000000000002,0.14850000000000002,0.1535,0.1613,0.1693,0.14150000000000001,0.1565,0.1495,0.1505,0.1515,0.15,0.14300000000000002,0.14780000000000001,0.1468,0.1603,0.1603,0.15430000000000002,0.1438,0.1358,0.1505,0.1553,0.15280000000000002,0.14800000000000002,0.14500000000000002,0.1468,0.1468,0.1558,0.1418,0.14450000000000002,0.15380000000000002,0.1418,0.1373,0.136,0.1343,0.1333,0.1333,0.1385,0.1398,0.14650000000000002,0.14250000000000002,0.136,0.1365,0.1293,0.12250000000000001,0.11950000000000001,0.11950000000000001,0.1163,0.1393,0.14800000000000002,0.159,0.15330000000000002,0.132,0.1228,0.1155,0.1155,0.116,0.111,0.12000000000000001,0.14100000000000001,0.14800000000000002,0.1633,0.1715,0.132,0.1228,0.1228,0.1155,0.116,0.111,0.12000000000000001,0.14100000000000001,0.1413,0.1633,0.1715,0.1618,0.1618,0.1453,0.1305,0.11900000000000001,0.1173,0.1253,0.1443,0.1363,0.1738,0.18430000000000002,0.18430000000000002,0.1768,0.162,0.1405,0.1308,0.127,0.1403,0.14850000000000002,0.1458,0.18180000000000002,0.18180000000000002,0.184,0.1773,0.17300000000000001,0.1653,0.1628,0.1685,0.165,0.1658,0.1668
2021-06-05 01:00:00,0.0763,0.0733,0.0748,0.07680000000000001,0.07880000000000001,0.07880000000000001,0.08,0.0785,0.07930000000000001,0.0805,0.0785,0.0728,0.076,0.0775,0.07930000000000001,0.07930000000000001,0.07880000000000001,0.08,0.0785,0.07930000000000001,0.0805,0.0785,0.0728,0.076,0.0775,0.0775,0.07930000000000001,0.082,0.0738,0.07880000000000001,0.078,0.07930000000000001,0.0775,0.077,0.0785,0.0785,0.079,0.079,0.0818,0.0795,0.07830000000000001,0.0833,0.0835,0.0775,0.07880000000000001,0.07880000000000001,0.08,0.08,0.07730000000000001,0.07680000000000001,0.07830000000000001,0.08080000000000001,0.085,0.0823,0.08,0.0775,0.0795,0.0828,0.0805,0.079,0.07730000000000001,0.08030000000000001,0.07680000000000001,0.084,0.0833,0.0833,0.07880000000000001,0.07980000000000001,0.0795,0.0805,0.07930000000000001,0.07780000000000001,0.08080000000000001,0.08080000000000001,0.07830000000000001,0.07830000000000001,0.0813,0.082,0.0813,0.0853,0.0853,0.0815,0.081,0.08080000000000001,0.08080000000000001,0.081,0.08030000000000001,0.0805,0.0835,0.0815,0.084,0.0835,0.0815,0.081,0.081,0.08080000000000001,0.081,0.08030000000000001,0.0805,0.0835,0.0815,0.084,0.0835,0.0825,0.0825,0.085,0.0845,0.082,0.0828,0.079,0.0848,0.0838,0.0855,0.0848,0.0848,0.0828,0.0868,0.0873,0.0883,0.08750000000000001,0.0873
2021-10-17 04:00:00,0.32180000000000003,0.338,0.3598,0.3593,0.3553,0.3553,0.34650000000000003,0.3493,0.3558,0.3548,0.3718,0.32930000000000004,0.3373,0.3518,0.3438,0.3438,0.3433,0.3383,0.34500000000000003,0.35100000000000003,0.35250000000000004,0.35050000000000003,0.3145,0.32380000000000003,0.32180000000000003,0.32180000000000003,0.32380000000000003,0.32380000000000003,0.3325,0.329,0.332,0.3438,0.3438,0.3078,0.305,0.305,0.3018,0.312,0.3063,0.31,0.303,0.3028,0.304,0.32330000000000003,0.28400000000000003,0.28400000000000003,0.2793,0.28200000000000003,0.2903,0.2913,0.2853,0.2735,0.27,0.2798,0.2903,0.2535,0.26430000000000003,0.267,0.264,0.268,0.24930000000000002,0.24880000000000002,0.2245,0.2255,0.2255,0.2255,0.1965,0.2048,0.21230000000000002,0.1973,0.1988,0.1983,0.24880000000000002,0.2245,0.2245,0.2255,0.2255,0.1965,0.2048,0.21230000000000002,0.1973,0.1988,0.1983,0.18630000000000002,0.18630000000000002,0.18530000000000002,0.1905,0.18100000000000002,0.21150000000000002,0.1985,0.1908,0.1918,0.17930000000000001,0.192,0.192,0.20950000000000002,0.21250000000000002,0.2058,0.17980000000000002,0.20500000000000002,0.20350000000000001,0.1988,0.20600000000000002,0.199,0.199,0.21330000000000002,0.223,0.2363,0.1885,0.158,0.1938,0.2023,0.20850000000000002,0.2063,0.2063,0.20950000000000002,0.23500000000000001,0.2335,0.21350000000000002,0.1678,0.1585
2021-08-08 04:00:00,0.1643,0.15380000000000002,0.165,0.17600000000000002,0.155,0.14780000000000001,0.1535,0.1535,0.152,0.1495,0.149,0.1588,0.1663,0.18580000000000002,0.1635,0.15130000000000002,0.15380000000000002,0.15380000000000002,0.1535,0.152,0.1495,0.149,0.1588,0.1663,0.18580000000000002,0.1635,0.15130000000000002,0.15130000000000002,0.15380000000000002,0.1758,0.1535,0.14800000000000002,0.1463,0.17,0.17950000000000002,0.18580000000000002,0.1678,0.1678,0.1658,0.1668,0.1633,0.15430000000000002,0.14500000000000002,0.1573,0.1903,0.1945,0.18100000000000002,0.18100000000000002,0.1898,0.168,0.1595,0.1583,0.16,0.1623,0.1593,0.24700000000000003,0.2005,0.2005,0.21780000000000002,0.21880000000000002,0.1655,0.1515,0.152,0.154,0.1588,0.14980000000000002,0.2803,0.2803,0.281,0.306,0.281,0.1903,0.1655,0.1753,0.1693,0.17600000000000002,0.18000000000000002,0.2868,0.33080000000000004,0.393,0.39630000000000004,0.32480000000000003,0.22030000000000002,0.18000000000000002,0.1658,0.1633,0.1633,0.1613,0.268,0.2998,0.3115,0.3553,0.3458,0.2283,0.18000000000000002,0.1658,0.1658,0.1633,0.1613,0.268,0.2998,0.3115,0.3553,0.3458,0.2283,0.1638,0.1638,0.14850000000000002,0.1525,0.14980000000000002,0.2325,0.1955,0.2003,0.3053,0.3418,0.1943,0.1943,0.15480000000000002,0.14850000000000002,0.15080000000000002,0.14750000000000002
2021-06-29 04:00:00,0.1515,0.14600000000000002,0.1573,0.1713,0.2093,0.203,0.1738,0.1738,0.166,0.1658,0.155,0.138,0.1388,0.1563,0.1618,0.1585,0.14450000000000002,0.14450000000000002,0.1738,0.166,0.1658,0.155,0.138,0.1388,0.1563,0.1618,0.1585,0.1585,0.14450000000000002,0.14300000000000002,0.14350000000000002,0.15030000000000002,0.14250000000000002,0.1423,0.1438,0.14450000000000002,0.1383,0.1383,0.152,0.14930000000000002,0.1393,0.137,0.1383,0.1535,0.1468,0.15,0.1628,0.1628,0.1678,0.1565,0.1438,0.1393,0.1495,0.14350000000000002,0.1563,0.1505,0.17400000000000002,0.17400000000000002,0.1928,0.1723,0.15130000000000002,0.14400000000000002,0.1375,0.1368,0.14400000000000002,0.1443,0.17750000000000002,0.17750000000000002,0.1903,0.20550000000000002,0.1938,0.1668,0.14850000000000002,0.1408,0.1398,0.1553,0.157,0.1743,0.191,0.1525,0.1595,0.1573,0.15180000000000002,0.1428,0.1433,0.135,0.135,0.1385,0.1463,0.1568,0.1468,0.14100000000000001,0.1408,0.1403,0.1428,0.1433,0.1433,0.135,0.1385,0.1463,0.1568,0.1468,0.14100000000000001,0.1408,0.1403,0.14450000000000002,0.14450000000000002,0.14150000000000001,0.1383,0.1385,0.1373,0.138,0.1385,0.138,0.135,0.1383,0.1383,0.1365,0.1448,0.14350000000000002,0.14980000000000002
2021-03-22 03:00:00,0.12350000000000001,0.115,0.12050000000000001,0.1278,0.117,0.117,0.12150000000000001,0.12250000000000001,0.1183,0.12050000000000001,0.1193,0.12350000000000001,0.115,0.12050000000000001,0.1278,0.1278,0.117,0.1273,0.12200000000000001,0.1233,0.1228,0.1245,0.12150000000000001,0.11950000000000001,0.12050000000000001,0.12050000000000001,0.12350000000000001,0.11900000000000001,0.125,0.1208,0.1268,0.1245,0.1333,0.12250000000000001,0.124,0.124,0.12350000000000001,0.12200000000000001,0.11800000000000001,0.12380000000000001,0.1228,0.1218,0.127,0.1253,0.12250000000000001,0.12250000000000001,0.11950000000000001,0.1173,0.12380000000000001,0.12150000000000001,0.1203,0.1193,0.12150000000000001,0.12250000000000001,0.1223,0.11950000000000001,0.1208,0.11900000000000001,0.12050000000000001,0.1208,0.11900000000000001,0.1208,0.1188,0.12200000000000001,0.1193,0.1193,0.1245,0.1278,0.1253,0.1193,0.12350000000000001,0.11750000000000001,0.11850000000000001,0.12430000000000001,0.12430000000000001,0.12000000000000001,0.1223,0.1258,0.1273,0.11950000000000001,0.12250000000000001,0.124,0.11750000000000001,0.11850000000000001,0.11850000000000001,0.12430000000000001,0.12000000000000001,0.1223,0.1258,0.1273,0.11950000000000001,0.12250000000000001,0.124,0.11850000000000001,0.11850000000000001,0.1203,0.12380000000000001,0.1183,0.1193,0.1213,0.12200000000000001,0.11900000000000001,0.12050000000000001,0.12100000000000001,0.12100000000000001,0.12200000000000001,0.12100000000000001,0.12250000000000001,0.11950000000000001,0.11900000000000001,0.1193,0.12000000000000001,0.1178,0.1188,0.1188,0.1213,0.1273,0.1308,0.1223,0.12430000000000001,0.1213
2021-10-08 04:00:00,0.5312,0.539,0.5418000000000001,0.54,0.5388000000000001,0.5418000000000001,0.5418000000000001,0.5265000000000001,0.5275000000000001,0.5205000000000001,0.5222,0.5312,0.539,0.5418000000000001,0.54,0.5388000000000001,0.5388000000000001,0.5418000000000001,0.5355,0.5363,0.5293,0.52,0.537,0.5373,0.546,0.5448000000000001,0.5448000000000001,0.5385,0.5393,0.5448000000000001,0.5433,0.532,0.5243,0.5373,0.5378000000000001,0.5418000000000001,0.5418000000000001,0.5445,0.5433,0.5433,0.55,0.5473,0.542,0.5385,0.535,0.5253,0.5253,0.5238,0.5295,0.5337000000000001,0.5383,0.546,0.5458000000000001,0.54,0.5398000000000001,0.5335,0.5335,0.5285000000000001,0.5228,0.5298,0.53,0.534,0.5383,0.5395,0.539,0.5375,0.5293,0.5343,0.5283,0.523,0.5253,0.528,0.5233,0.5295,0.5303,0.5303,0.5328,0.522,0.534,0.5423,0.5323,0.5335,0.5295,0.5233,0.5295,0.5295,0.5303,0.5328,0.522,0.534,0.5423,0.5323,0.5335,0.5295,0.5275000000000001,0.5275000000000001,0.526,0.5328,0.5323,0.5225000000000001,0.5138,0.526,0.537,0.5348,0.538,0.538,0.5383,0.5328,0.531,0.53,0.5337000000000001,0.5153,0.5283,0.536,0.545,0.545,0.5445,0.5443,0.5475,0.5458000000000001,0.5418000000000001
2021-10-24 02:00:00,0.1068,0.11180000000000001,0.10600000000000001,0.10600000000000001,0.1068,0.1073,0.10880000000000001,0.1143,0.115,0.108,0.11030000000000001,0.10930000000000001,0.10500000000000001,0.10500000000000001,0.1085,0.1078,0.1105,0.1158,0.10980000000000001,0.1143,0.11330000000000001,0.11130000000000001,0.10700000000000001,0.10700000000000001,0.11130000000000001,0.11180000000000001,0.11030000000000001,0.112,0.11180000000000001,0.1073,0.1115,0.11380000000000001,0.11030000000000001,0.115,0.112,0.1173,0.111,0.111,0.1115,0.11380000000000001,0.10930000000000001,0.1115,0.11130000000000001,0.11130000000000001,0.11180000000000001,0.11280000000000001,0.11230000000000001,0.1095,0.10980000000000001,0.1143,0.113,0.113,0.11130000000000001,0.11130000000000001,0.112,0.1158,0.11130000000000001,0.1153,0.116,0.111,0.11030000000000001,0.11180000000000001,0.11180000000000001,0.1125,0.1158,0.1115,0.11330000000000001,0.111,0.1158,0.1158,0.111,0.11030000000000001,0.11030000000000001,0.11180000000000001,0.1125,0.1158,0.1115,0.11330000000000001,0.111,0.1158,0.1158,0.1155,0.1155,0.11080000000000001,0.1145,0.1143,0.1153,0.1105,0.1158,0.1158,0.1163,0.11180000000000001,0.11180000000000001,0.11280000000000001,0.113,0.11850000000000001,0.12100000000000001,0.115,0.1168,0.1178,0.1158,0.11800000000000001,0.11800000000000001,0.11900000000000001,0.11800000000000001,0.1148,0.11900000000000001,0.1203,0.12150000000000001,0.12000000000000001,0.1218,0.12250000000000001,0.12250000000000001,0.11850000000000001,0.1188,0.12150000000000001,0.1165,0.11800000000000001,0.12430000000000001,0.12250000000000001,0.12200000000000001
2021-04-19 02:00:00,0.14980000000000002,0.127,0.1213,0.1228,0.1228,0.12050000000000001,0.117,0.11850000000000001,0.1155,0.12380000000000001,0.114,0.14980000000000002,0.127,0.1213,0.1213,0.1228,0.1338,0.1213,0.12000000000000001,0.11950000000000001,0.1183,0.11280000000000001,0.1293,0.11750000000000001,0.11750000000000001,0.12000000000000001,0.1218,0.14100000000000001,0.1375,0.1245,0.12200000000000001,0.12300000000000001,0.114,0.12480000000000001,0.12480000000000001,0.11850000000000001,0.12350000000000001,0.1325,0.1433,0.1495,0.132,0.1288,0.112,0.1095,0.1193,0.1203,0.124,0.1338,0.1388,0.1395,0.1413,0.1253,0.1168,0.1148,0.1148,0.1233,0.1198,0.1258,0.1375,0.14250000000000002,0.132,0.124,0.12350000000000001,0.1188,0.1188,0.1178,0.1253,0.125,0.1343,0.1363,0.13770000000000002,0.1348,0.1223,0.1223,0.1198,0.1135,0.10550000000000001,0.12000000000000001,0.1295,0.14100000000000001,0.14700000000000002,0.13770000000000002,0.1348,0.1348,0.1223,0.1198,0.1135,0.10550000000000001,0.12000000000000001,0.1295,0.14100000000000001,0.14700000000000002,0.1315,0.1315,0.116,0.113,0.1135,0.1105,0.10880000000000001,0.12380000000000001,0.1408,0.1358,0.1168,0.1168,0.11330000000000001,0.11280000000000001,0.11130000000000001,0.11180000000000001,0.11180000000000001,0.11,0.1228,0.1198,0.114,0.114,0.11800000000000001,0.1178,0.1163,0.115,0.11,0.116,0.1073
2021-03-23 05:00:00,0.311,0.378,0.4273,0.44530000000000003,0.4545,0.45680000000000004,0.45680000000000004,0.5133,0.532,0.5445,0.5648000000000001,0.311,0.378,0.4273,0.44530000000000003,0.4545,0.4545,0.45680000000000004,0.4733,0.508,0.518,0.5393,0.35050000000000003,0.3713,0.35800000000000004,0.3723,0.3723,0.389,0.401,0.41200000000000003,0.4565,0.4868,0.4878,0.42050000000000004,0.3758,0.34900000000000003,0.34900000000000003,0.3483,0.32130000000000003,0.3118,0.3463,0.39630000000000004,0.42650000000000005,0.4405,0.4808,0.42150000000000004,0.42150000000000004,0.35550000000000004,0.33480000000000004,0.2882,0.2743,0.28350000000000003,0.32080000000000003,0.35300000000000004,0.383,0.431,0.431,0.445,0.3655,0.3395,0.3168,0.3053,0.2735,0.27030000000000004,0.29400000000000004,0.3215,0.3788,0.4465,0.41500000000000004,0.3713,0.32680000000000003,0.302,0.2627,0.2503,0.248,0.248,0.26680000000000004,0.46430000000000005,0.45980000000000004,0.3875,0.33530000000000004,0.2833,0.24600000000000002,0.2627,0.2503,0.2503,0.248,0.26680000000000004,0.46430000000000005,0.45980000000000004,0.3875,0.33530000000000004,0.2833,0.24600000000000002,0.20400000000000001,0.20400000000000001,0.1975,0.2013,0.222,0.48400000000000004,0.46430000000000005,0.42100000000000004,0.34750000000000003,0.3055,0.2778,0.2778,0.2255,0.20400000000000001,0.186,0.18430000000000002,0.4728,0.4525,0.41000000000000003,0.3825,0.3665,0.3665,0.319,0.2765,0.25780000000000003,0.20450000000000002,0.18580000000000002
2021-09-02 03:00:00,0.5013000000000001,0.542,0.496,0.505,0.48600000000000004,0.48600000000000004,0.5268,0.5103,0.4978,0.4868,0.4995,0.5013000000000001,0.542,0.496,0.505,0.505,0.48600000000000004,0.4893,0.4993,0.4703,0.454,0.45530000000000004,0.5475,0.4963,0.4843,0.4843,0.468,0.48200000000000004,0.4858,0.4823,0.4698,0.4685,0.4763,0.5258,0.5055000000000001,0.5055000000000001,0.513,0.5008,0.4858,0.45530000000000004,0.47100000000000003,0.46950000000000003,0.48400000000000004,0.5033,0.5128,0.5128,0.5125000000000001,0.505,0.4798,0.46680000000000005,0.48000000000000004,0.5303,0.5393,0.5363,0.5238,0.48800000000000004,0.4605,0.5015000000000001,0.49500000000000005,0.4943,0.5275000000000001,0.5335,0.5888,0.6053000000000001,0.5588000000000001,0.5588000000000001,0.46530000000000005,0.446,0.4953,0.501,0.5465,0.5623,0.5650000000000001,0.5958,0.5958,0.6055,0.5883,0.48150000000000004,0.4783,0.4768,0.47850000000000004,0.512,0.5623,0.5650000000000001,0.5650000000000001,0.5958,0.6055,0.5883,0.48150000000000004,0.4783,0.4768,0.47850000000000004,0.512,0.511,0.511,0.523,0.5648000000000001,0.5888,0.5945,0.49100000000000005,0.5008,0.5013000000000001,0.5068,0.5173,0.5173,0.4988,0.4988,0.5258,0.5525,0.5705,0.4965,0.5115000000000001,0.5363,0.5503,0.5503,0.5640000000000001,0.548,0.5093,0.525,0.5565,0.558
2021-10-17 05:00:00,0.29300000000000004,0.29450000000000004,0.2823,0.277,0.27030000000000004,0.27030000000000004,0.26,0.2635,0.25930000000000003,0.2553,0.263,0.2773,0.26580000000000004,0.2595,0.2523,0.2523,0.24100000000000002,0.2303,0.20900000000000002,0.20350000000000001,0.2225,0.2315,0.26830000000000004,0.261,0.24550000000000002,0.24550000000000002,0.22130000000000002,0.21330000000000002,0.194,0.18530000000000002,0.17980000000000002,0.1835,0.189,0.23450000000000001,0.24600000000000002,0.24600000000000002,0.2273,0.22030000000000002,0.21130000000000002,0.185,0.18480000000000002,0.1688,0.1638,0.1723,0.22,0.22,0.2273,0.21400000000000002,0.2273,0.198,0.17750000000000002,0.171,0.1605,0.161,0.1593,0.2295,0.21530000000000002,0.21730000000000002,0.199,0.19,0.1885,0.1758,0.1708,0.1665,0.1665,0.15330000000000002,0.199,0.2003,0.196,0.187,0.1763,0.1715,0.1758,0.1708,0.1708,0.1665,0.15330000000000002,0.199,0.2003,0.196,0.187,0.1763,0.1715,0.1705,0.1705,0.1593,0.1558,0.1563,0.1958,0.18130000000000002,0.17850000000000002,0.18100000000000002,0.167,0.1568,0.1568,0.15330000000000002,0.14750000000000002,0.1458,0.1495,0.1965,0.19,0.1885,0.18180000000000002,0.1738,0.1738,0.158,0.156,0.15030000000000002,0.15130000000000002,0.152,0.21050000000000002,0.1888,0.1895,0.1883,0.1883,0.1675,0.1583,0.16,0.1535,0.15130000000000002,0.14700000000000002
2021-05-19 01:00:00,0.4083,0.3695,0.3788,0.4298,0.4305,0.4305,0.39580000000000004,0.38530000000000003,0.42400000000000004,0.46,0.48200000000000004,0.443,0.39880000000000004,0.4358,0.4408,0.4408,0.4305,0.39580000000000004,0.38530000000000003,0.42400000000000004,0.46,0.48200000000000004,0.443,0.39880000000000004,0.4358,0.4358,0.4408,0.45180000000000003,0.3808,0.3798,0.401,0.4318,0.4738,0.42800000000000005,0.4183,0.4183,0.44380000000000003,0.4585,0.446,0.4655,0.40850000000000003,0.4015,0.41400000000000003,0.44880000000000003,0.40750000000000003,0.40750000000000003,0.3955,0.3685,0.4043,0.39330000000000004,0.44380000000000003,0.4328,0.387,0.4078,0.4333,0.4073,0.4073,0.375,0.35550000000000004,0.3603,0.376,0.404,0.3738,0.3588,0.3375,0.3375,0.4168,0.39880000000000004,0.399,0.3453,0.3103,0.33180000000000004,0.309,0.3008,0.2728,0.2728,0.2553,0.41000000000000003,0.40080000000000005,0.3688,0.3133,0.29100000000000004,0.2713,0.26330000000000003,0.26330000000000003,0.29000000000000004,0.228,0.2245,0.35200000000000004,0.33080000000000004,0.2985,0.2933,0.29100000000000004,0.2713,0.2713,0.26330000000000003,0.29000000000000004,0.228,0.2245,0.35200000000000004,0.33080000000000004,0.2985,0.2933,0.2918,0.2918,0.2938,0.2882,0.28650000000000003,0.26780000000000004,0.2913,0.2898,0.2873,0.24880000000000002,0.2775,0.2775,0.306,0.3205,0.34450000000000003,0.3743,0.3478,0.326
2021-05-01 03:00:00,0.1255,0.12100000000000001,0.1223,0.1223,0.128,0.1255,0.1255,0.12350000000000001,0.1313,0.1258,0.1265,0.1255,0.11900000000000001,0.12480000000000001,0.12380000000000001,0.1255,0.1255,0.1255,0.12350000000000001,0.1313,0.1258,0.1265,0.1255,0.11900000000000001,0.12480000000000001,0.12380000000000001,0.12380000000000001,0.1255,0.1258,0.1228,0.1285,0.1353,0.1295,0.127,0.1223,0.1278,0.1278,0.12300000000000001,0.1298,0.12480000000000001,0.1275,0.1288,0.1328,0.1318,0.131,0.127,0.127,0.1288,0.128,0.131,0.1295,0.1305,0.129,0.1338,0.1338,0.127,0.127,0.127,0.128,0.129,0.1285,0.1258,0.126,0.1263,0.1263,0.12380000000000001,0.1245,0.1295,0.12430000000000001,0.1283,0.1268,0.12430000000000001,0.1268,0.1268,0.1298,0.1265,0.1265,0.1323,0.1293,0.1258,0.128,0.12430000000000001,0.1298,0.12350000000000001,0.12430000000000001,0.12430000000000001,0.1305,0.125,0.1333,0.1325,0.1268,0.1253,0.1288,0.1298,0.12350000000000001,0.12350000000000001,0.12430000000000001,0.1305,0.125,0.1333,0.1325,0.1268,0.1253,0.1288,0.12430000000000001,0.12430000000000001,0.1258,0.12380000000000001,0.1255,0.1233,0.1255,0.126,0.125,0.1245,0.1245,0.1245,0.1258,0.12430000000000001,0.12350000000000001,0.1203,0.12380000000000001
2021-05-05 02:00:00,0.168,0.1628,0.2555,0.2878,0.2263,0.2263,0.15330000000000002,0.18480000000000002,0.14730000000000001,0.1428,0.1245,0.125,0.1335,0.1325,0.2515,0.2515,0.2263,0.15330000000000002,0.18480000000000002,0.14730000000000001,0.1428,0.1245,0.125,0.1335,0.1325,0.1325,0.2515,0.308,0.21580000000000002,0.1998,0.2328,0.1645,0.135,0.1193,0.1255,0.1255,0.124,0.2005,0.24000000000000002,0.1728,0.18680000000000002,0.2255,0.1368,0.13770000000000002,0.12150000000000001,0.12150000000000001,0.12350000000000001,0.1188,0.159,0.2028,0.1603,0.1575,0.1605,0.15280000000000002,0.1553,0.1223,0.1245,0.1203,0.1213,0.1423,0.1658,0.1593,0.1428,0.1335,0.1578,0.1578,0.12000000000000001,0.1218,0.12050000000000001,0.12150000000000001,0.14650000000000002,0.2185,0.15230000000000002,0.14850000000000002,0.133,0.133,0.14980000000000002,0.1263,0.124,0.1213,0.1208,0.1763,0.21380000000000002,0.24530000000000002,0.24530000000000002,0.1715,0.1505,0.14980000000000002,0.132,0.1295,0.12200000000000001,0.14930000000000002,0.1763,0.21380000000000002,0.21380000000000002,0.24530000000000002,0.1715,0.1505,0.14980000000000002,0.132,0.1295,0.12200000000000001,0.14930000000000002,0.24130000000000001,0.24130000000000001,0.2973,0.2582,0.1773,0.1703,0.15480000000000002,0.1408,0.1358,0.138,0.1738,0.1738,0.2228,0.253,0.3275,0.281,0.24150000000000002,0.2535
2021-08-01 02:00:00,0.1018,0.1028,0.1033,0.1028,0.1,0.1,0.1063,0.10450000000000001,0.1063,0.1015,0.10350000000000001,0.1023,0.1075,0.10700000000000001,0.10400000000000001,0.10400000000000001,0.1,0.1063,0.10450000000000001,0.1063,0.1015,0.10350000000000001,0.1023,0.1075,0.10700000000000001,0.10700000000000001,0.10400000000000001,0.10300000000000001,0.1068,0.1038,0.10700000000000001,0.1075,0.1043,0.1033,0.1043,0.1043,0.1053,0.1048,0.10400000000000001,0.109,0.1073,0.1178,0.1075,0.1013,0.10600000000000001,0.10600000000000001,0.10700000000000001,0.1038,0.1023,0.10450000000000001,0.10550000000000001,0.1068,0.1148,0.10350000000000001,0.108,0.1038,0.108,0.10450000000000001,0.10550000000000001,0.11080000000000001,0.1075,0.10830000000000001,0.1053,0.1078,0.10600000000000001,0.10600000000000001,0.10500000000000001,0.1078,0.1053,0.10300000000000001,0.1073,0.10830000000000001,0.1063,0.1085,0.10830000000000001,0.10830000000000001,0.11330000000000001,0.10880000000000001,0.1058,0.10700000000000001,0.109,0.1078,0.109,0.10650000000000001,0.10650000000000001,0.1073,0.10880000000000001,0.1075,0.1063,0.0998,0.1043,0.1063,0.1078,0.109,0.109,0.10650000000000001,0.1073,0.10880000000000001,0.1075,0.1063,0.0998,0.1043,0.1063,0.1075,0.1075,0.1068,0.10980000000000001,0.1023,0.116,0.1073,0.109,0.10450000000000001,0.10600000000000001,0.11030000000000001,0.11030000000000001,0.10880000000000001,0.11030000000000001,0.1075,0.109,0.10880000000000001,0.10880000000000001
2021-09-29 04:00:00,0.194,0.1918,0.2318,0.234,0.29650000000000004,0.32280000000000003,0.32280000000000003,0.2543,0.28650000000000003,0.28300000000000003,0.378,0.194,0.1918,0.2318,0.234,0.29650000000000004,0.29650000000000004,0.32280000000000003,0.29550000000000004,0.3163,0.25930000000000003,0.28700000000000003,0.167,0.1825,0.1965,0.1995,0.1995,0.258,0.3078,0.3098,0.3185,0.26830000000000004,0.257,0.1573,0.1575,0.165,0.165,0.1638,0.196,0.2265,0.2812,0.28750000000000003,0.316,0.261,0.14150000000000001,0.14780000000000001,0.14780000000000001,0.1583,0.153,0.15230000000000002,0.18130000000000002,0.2,0.2533,0.2923,0.2793,0.14,0.14,0.1383,0.1428,0.14780000000000001,0.154,0.164,0.1723,0.2018,0.2288,0.2555,0.1448,0.14550000000000002,0.1418,0.13770000000000002,0.1393,0.14100000000000001,0.14700000000000002,0.1665,0.1568,0.1568,0.1758,0.14550000000000002,0.14800000000000002,0.1563,0.1515,0.1413,0.134,0.14700000000000002,0.1665,0.1665,0.1568,0.1758,0.14550000000000002,0.14800000000000002,0.1563,0.1515,0.1413,0.134,0.1418,0.1418,0.14880000000000002,0.14300000000000002,0.15330000000000002,0.14850000000000002,0.1428,0.14750000000000002,0.153,0.1463,0.1363,0.1363,0.135,0.138,0.1428,0.14450000000000002,0.1578,0.1563,0.15280000000000002,0.15230000000000002,0.15030000000000002,0.15030000000000002,0.14600000000000002,0.14780000000000001,0.14500000000000002,0.1423,0.1433
2021-06-22 02:00:00,0.098,0.0955,0.09630000000000001,0.09580000000000001,0.096,0.096,0.096,0.0993,0.09630000000000001,0.0955,0.0978,0.09730000000000001,0.097,0.095,0.0975,0.0975,0.096,0.096,0.0993,0.09630000000000001,0.0955,0.0978,0.09730000000000001,0.097,0.095,0.095,0.0975,0.0985,0.1013,0.0983,0.0998,0.09730000000000001,0.09430000000000001,0.0995,0.0983,0.0983,0.099,0.0985,0.099,0.098,0.0998,0.10400000000000001,0.10400000000000001,0.09580000000000001,0.1008,0.1008,0.0975,0.09530000000000001,0.101,0.0995,0.0975,0.0998,0.1068,0.10500000000000001,0.0983,0.09680000000000001,0.10200000000000001,0.1038,0.0985,0.10600000000000001,0.09680000000000001,0.1015,0.1,0.1053,0.10300000000000001,0.10300000000000001,0.1018,0.1,0.1018,0.1053,0.101,0.1015,0.099,0.10200000000000001,0.1,0.1,0.1043,0.1018,0.0995,0.10700000000000001,0.10350000000000001,0.10200000000000001,0.10600000000000001,0.1043,0.1043,0.101,0.1075,0.1038,0.10500000000000001,0.10300000000000001,0.101,0.10450000000000001,0.10200000000000001,0.10600000000000001,0.10600000000000001,0.1043,0.101,0.1075,0.1038,0.10500000000000001,0.10300000000000001,0.101,0.10450000000000001,0.1053,0.1053,0.10650000000000001,0.10650000000000001,0.1043,0.10550000000000001,0.10450000000000001,0.1048,0.1033,0.1075,0.1068,0.1068,0.1053,0.109,0.10880000000000001,0.1148,0.112,0.1125
2021-09-27 02:00:00,0.36250000000000004,0.3845,0.382,0.364,0.364,0.3255,0.3015,0.3095,0.3305,0.3663,0.369,0.36250000000000004,0.3845,0.382,0.382,0.364,0.3503,0.3458,0.3498,0.338,0.34450000000000003,0.35550000000000004,0.3335,0.3463,0.3463,0.3678,0.3805,0.372,0.3688,0.3743,0.3713,0.34800000000000003,0.3623,0.2985,0.2985,0.28650000000000003,0.33680000000000004,0.3803,0.376,0.3795,0.38130000000000003,0.38630000000000003,0.3638,0.3598,0.2697,0.2933,0.29550000000000004,0.3053,0.36100000000000004,0.3788,0.3835,0.376,0.3845,0.386,0.386,0.28450000000000003,0.2645,0.32030000000000003,0.3165,0.3403,0.35750000000000004,0.3688,0.39580000000000004,0.38180000000000003,0.38180000000000003,0.39630000000000004,0.25880000000000003,0.24050000000000002,0.2555,0.3523,0.3463,0.341,0.35050000000000003,0.35050000000000003,0.3783,0.3865,0.3865,0.21780000000000002,0.2253,0.2485,0.3503,0.3463,0.341,0.341,0.35050000000000003,0.3783,0.3865,0.3865,0.21780000000000002,0.2253,0.2485,0.3503,0.35100000000000003,0.35100000000000003,0.3623,0.3648,0.3643,0.3815,0.40700000000000003,0.201,0.2068,0.2383,0.32480000000000003,0.32480000000000003,0.3513,0.3765,0.376,0.35050000000000003,0.36000000000000004,0.40850000000000003,0.1973,0.20600000000000002,0.24930000000000002,0.24930000000000002,0.28400000000000003,0.32830000000000004,0.3385,0.34650000000000003,0.3835,0.3665,0.38580000000000003
2021-12-22 03:00:00,0.10500000000000001,0.1003,0.1003,0.0975,0.10450000000000001,0.1158,0.1033,0.10930000000000001,0.1048,0.10350000000000001,0.10300000000000001,0.10500000000000001,0.10500000000000001,0.1013,0.101,0.1018,0.1038,0.10500000000000001,0.1015,0.10250000000000001,0.1038,0.1023,0.1063,0.1068,0.10700000000000001,0.1013,0.10250000000000001,0.1048,0.108,0.10250000000000001,0.1075,0.1048,0.1048,0.10400000000000001,0.1033,0.109,0.10400000000000001,0.1043,0.10550000000000001,0.1053,0.10650000000000001,0.1028,0.1028,0.1038,0.10550000000000001,0.1043,0.1075,0.1115,0.1028,0.10450000000000001,0.10980000000000001,0.10980000000000001,0.10450000000000001,0.1073,0.10200000000000001,0.10550000000000001,0.1038,0.1015,0.1048,0.1028,0.10450000000000001,0.10450000000000001,0.10980000000000001,0.10450000000000001,0.1073,0.10200000000000001,0.10550000000000001,0.1038,0.1015,0.1048,0.1038,0.1038,0.10350000000000001,0.1033,0.10650000000000001,0.1018,0.1033,0.1053,0.10830000000000001,0.1033,0.10880000000000001,0.10880000000000001,0.10500000000000001,0.1008,0.10350000000000001,0.10600000000000001,0.1048,0.1078,0.1058,0.10550000000000001,0.10450000000000001,0.10450000000000001,0.1038,0.1075,0.10450000000000001,0.1063,0.1058,0.10830000000000001,0.1073,0.1078,0.10980000000000001,0.10980000000000001,0.10500000000000001,0.10700000000000001,0.1125,0.1058,0.1078,0.1085,0.10830000000000001,0.1078,0.1015,0.1015,0.10400000000000001,0.1028,0.10250000000000001,0.10350000000000001,0.10300000000000001,0.1043,0.1078,0.1053,0.1053
2021-12-19 03:00:00,0.1015,0.097,0.097,0.1008,0.1003,0.1033,0.1013,0.10450000000000001,0.10400000000000001,0.10450000000000001,0.097,0.1003,0.1003,0.097,0.1,0.0983,0.1008,0.1,0.0983,0.1038,0.1008,0.0983,0.1003,0.1013,0.0995,0.1005,0.1003,0.1068,0.0993,0.10200000000000001,0.10930000000000001,0.0965,0.0965,0.1003,0.098,0.10250000000000001,0.1005,0.0995,0.1018,0.10450000000000001,0.1038,0.10300000000000001,0.10300000000000001,0.099,0.10600000000000001,0.1008,0.10450000000000001,0.1068,0.10450000000000001,0.10650000000000001,0.1028,0.1028,0.1018,0.10550000000000001,0.1018,0.1078,0.1023,0.1038,0.1053,0.10450000000000001,0.10650000000000001,0.10650000000000001,0.1028,0.1018,0.10550000000000001,0.1018,0.1078,0.1023,0.1038,0.1053,0.1018,0.1018,0.1033,0.0993,0.1033,0.1018,0.097,0.10400000000000001,0.10300000000000001,0.1068,0.1043,0.1043,0.1005,0.1005,0.1023,0.1038,0.1033,0.10500000000000001,0.1043,0.10450000000000001,0.10350000000000001,0.10350000000000001,0.1095,0.10350000000000001,0.1063,0.10450000000000001,0.10400000000000001,0.1073,0.1028,0.10450000000000001,0.1073,0.1073,0.1023,0.1033,0.111,0.1073,0.1023,0.1053,0.10400000000000001,0.1043,0.1015,0.1015,0.0995,0.10300000000000001,0.09730000000000001,0.1028,0.1038,0.1043,0.10600000000000001,0.1053,0.1053
2021-05-03 03:00:00,0.5383,0.5458000000000001,0.542,0.5423,0.529,0.5138,0.5138,0.4933,0.463,0.45080000000000003,0.445,0.542,0.5383,0.5308,0.5233,0.5065000000000001,0.5065000000000001,0.5138,0.4933,0.463,0.45080000000000003,0.445,0.542,0.5383,0.5308,0.5233,0.5233,0.5065000000000001,0.4898,0.4675,0.4505,0.4365,0.42750000000000005,0.5388000000000001,0.5255000000000001,0.5123,0.5123,0.4995,0.4773,0.46430000000000005,0.44730000000000003,0.4333,0.4295,0.4158,0.5285000000000001,0.5098,0.5098,0.4873,0.4718,0.465,0.44830000000000003,0.441,0.4455,0.4383,0.42850000000000005,0.505,0.505,0.4898,0.47150000000000003,0.464,0.456,0.44480000000000003,0.4348,0.4333,0.4315,0.45030000000000003,0.4808,0.4808,0.4655,0.444,0.434,0.42800000000000005,0.4198,0.4143,0.41800000000000004,0.44,0.44,0.454,0.4445,0.4403,0.41250000000000003,0.405,0.403,0.41650000000000004,0.4218,0.4218,0.42750000000000005,0.4445,0.4555,0.435,0.41250000000000003,0.40130000000000005,0.4063,0.403,0.41650000000000004,0.41650000000000004,0.4218,0.42750000000000005,0.4445,0.4555,0.435,0.41250000000000003,0.40130000000000005,0.4063,0.41850000000000004,0.41850000000000004,0.41750000000000004,0.4228,0.4383,0.4515,0.457,0.4505,0.44880000000000003,0.4495,0.4375,0.4375,0.4288,0.4338,0.4428,0.44780000000000003,0.4455
2021-05-21 02:00:00,0.1208,0.11950000000000001,0.1263,0.1223,0.1305,0.1305,0.1268,0.1153,0.1245,0.1313,0.1385,0.128,0.1298,0.124,0.1268,0.1268,0.1305,0.1268,0.1153,0.1245,0.1313,0.1385,0.128,0.1298,0.124,0.124,0.1268,0.1208,0.12150000000000001,0.12150000000000001,0.14750000000000002,0.1618,0.1678,0.1285,0.12380000000000001,0.12380000000000001,0.12350000000000001,0.1303,0.1395,0.13770000000000002,0.14700000000000002,0.1698,0.1953,0.1845,0.1345,0.1345,0.1348,0.13770000000000002,0.14250000000000002,0.15180000000000002,0.14550000000000002,0.15180000000000002,0.14980000000000002,0.1418,0.13,0.1265,0.1275,0.1413,0.13770000000000002,0.1343,0.1418,0.14780000000000001,0.1365,0.1338,0.1333,0.1333,0.1293,0.127,0.1333,0.1395,0.1365,0.1433,0.1525,0.14850000000000002,0.1383,0.1383,0.1393,0.1223,0.12480000000000001,0.1278,0.139,0.14730000000000001,0.1433,0.14800000000000002,0.14800000000000002,0.14830000000000002,0.1388,0.1405,0.1265,0.13,0.14100000000000001,0.1395,0.14730000000000001,0.1433,0.1433,0.14800000000000002,0.14830000000000002,0.1388,0.1405,0.1265,0.13,0.14100000000000001,0.1395,0.14200000000000002,0.14200000000000002,0.14600000000000002,0.14300000000000002,0.14750000000000002,0.14500000000000002,0.1398,0.1218,0.12430000000000001,0.1343,0.1458,0.1458,0.1383,0.1418,0.14250000000000002,0.153,0.1448,0.14850000000000002
2021-05-10 02:00:00,0.17350000000000002,0.1763,0.17350000000000002,0.1563,0.154,0.154,0.14850000000000002,0.1588,0.14750000000000002,0.14250000000000002,0.1398,0.15330000000000002,0.14880000000000002,0.15080000000000002,0.1458,0.1458,0.154,0.14850000000000002,0.1588,0.14750000000000002,0.14250000000000002,0.1398,0.15330000000000002,0.14880000000000002,0.15080000000000002,0.15080000000000002,0.1458,0.152,0.15080000000000002,0.1563,0.1393,0.14500000000000002,0.1368,0.1595,0.17830000000000001,0.17830000000000001,0.1698,0.15380000000000002,0.14980000000000002,0.15280000000000002,0.152,0.14880000000000002,0.1448,0.14550000000000002,0.1825,0.1825,0.1628,0.1928,0.188,0.1773,0.1675,0.1713,0.1753,0.165,0.1515,0.2005,0.2005,0.18180000000000002,0.2088,0.193,0.1855,0.1768,0.1845,0.1983,0.18130000000000002,0.18130000000000002,0.2048,0.21680000000000002,0.19,0.18580000000000002,0.1768,0.17800000000000002,0.18130000000000002,0.1935,0.20400000000000001,0.20400000000000001,0.1978,0.2003,0.21130000000000002,0.20850000000000002,0.1773,0.1673,0.1733,0.1983,0.1983,0.1953,0.18000000000000002,0.1938,0.1958,0.18380000000000002,0.18730000000000002,0.1915,0.1673,0.1733,0.1733,0.1983,0.1953,0.18000000000000002,0.1938,0.1958,0.18380000000000002,0.18730000000000002,0.1915,0.18150000000000002,0.18150000000000002,0.1703,0.1703,0.2058,0.1893,0.186,0.1913,0.18730000000000002,0.1758,0.1933,0.1933,0.1903,0.18080000000000002,0.18580000000000002,0.2243,0.2013,0.182
2021-08-09 03:00:00,0.68,0.6803,0.672,0.668,0.6605000000000001,0.6295000000000001,0.6295000000000001,0.5825,0.6263000000000001,0.6468,0.6585000000000001,0.6598,0.677,0.682,0.6965,0.7285,0.7285,0.6295000000000001,0.5825,0.6263000000000001,0.6468,0.6585000000000001,0.6598,0.677,0.682,0.6965,0.6965,0.7285,0.6388,0.5653,0.617,0.642,0.65,0.667,0.6598,0.6413,0.6413,0.6940000000000001,0.6343,0.5478000000000001,0.5898,0.639,0.6245,0.6165,0.684,0.6415000000000001,0.6415000000000001,0.6008,0.5868,0.5355,0.5878,0.635,0.6495000000000001,0.616,0.5875,0.6608,0.6608,0.6123000000000001,0.5690000000000001,0.5325,0.5993,0.655,0.6478,0.6338,0.6,0.5558000000000001,0.6388,0.6535000000000001,0.5903,0.5358,0.5498000000000001,0.6245,0.6368,0.6213000000000001,0.6285000000000001,0.5828,0.5828,0.5920000000000001,0.5993,0.5805,0.5058,0.5485,0.6248,0.64,0.5995,0.5995,0.607,0.5695,0.5908,0.5822,0.5488000000000001,0.4898,0.5835,0.6248,0.64,0.64,0.5995,0.607,0.5695,0.5908,0.5822,0.5488000000000001,0.4898,0.5835,0.6285000000000001,0.6285000000000001,0.632,0.597,0.5948,0.5855,0.6258,0.625,0.5840000000000001,0.5095000000000001,0.6283000000000001,0.6283000000000001,0.6323000000000001,0.5915,0.5898,0.6233000000000001,0.6223000000000001
2021-05-01 02:00:00,0.1148,0.11180000000000001,0.11280000000000001,0.1145,0.114,0.114,0.11280000000000001,0.11750000000000001,0.1148,0.1155,0.117,0.113,0.1155,0.1148,0.1135,0.1135,0.114,0.11280000000000001,0.11750000000000001,0.1148,0.1155,0.117,0.113,0.1155,0.1148,0.1148,0.1135,0.114,0.1155,0.1163,0.12150000000000001,0.1165,0.1168,0.11280000000000001,0.1135,0.1135,0.1143,0.1193,0.11280000000000001,0.1168,0.1178,0.1188,0.1208,0.1153,0.1158,0.1158,0.113,0.1148,0.1178,0.1135,0.1148,0.11950000000000001,0.1203,0.1145,0.1163,0.1148,0.1183,0.1203,0.125,0.1163,0.12050000000000001,0.11850000000000001,0.1158,0.1145,0.114,0.114,0.1125,0.1178,0.1143,0.1163,0.116,0.11800000000000001,0.1145,0.1198,0.112,0.112,0.1148,0.1193,0.11180000000000001,0.1143,0.1168,0.11750000000000001,0.11380000000000001,0.11850000000000001,0.11850000000000001,0.1168,0.1163,0.1153,0.1155,0.11230000000000001,0.11130000000000001,0.115,0.11750000000000001,0.11380000000000001,0.11380000000000001,0.11850000000000001,0.1168,0.1163,0.1153,0.1155,0.11230000000000001,0.11130000000000001,0.115,0.113,0.113,0.1148,0.11030000000000001,0.1168,0.1155,0.11,0.1168,0.11380000000000001,0.11280000000000001,0.11330000000000001,0.11330000000000001,0.11380000000000001,0.113,0.112,0.11030000000000001,0.1125,0.1115
2021-08-08 03:00:00,0.164,0.1585,0.17250000000000001,0.28200000000000003,0.24700000000000003,0.15430000000000002,0.15430000000000002,0.2008,0.1705,0.168,0.159,0.2063,0.166,0.159,0.1598,0.163,0.163,0.15430000000000002,0.2008,0.1705,0.168,0.159,0.2063,0.166,0.159,0.1598,0.1598,0.163,0.15430000000000002,0.1913,0.1748,0.1743,0.1575,0.1683,0.1608,0.1593,0.1593,0.161,0.1683,0.14650000000000002,0.14350000000000002,0.164,0.16,0.1563,0.2535,0.1713,0.1713,0.14930000000000002,0.153,0.1578,0.15080000000000002,0.1668,0.16,0.1618,0.149,0.28400000000000003,0.28400000000000003,0.1975,0.14980000000000002,0.153,0.1398,0.14150000000000001,0.14,0.1418,0.1448,0.14350000000000002,0.156,0.15480000000000002,0.18080000000000002,0.1563,0.151,0.1525,0.1653,0.1645,0.14880000000000002,0.14930000000000002,0.14930000000000002,0.1663,0.14830000000000002,0.18180000000000002,0.18180000000000002,0.14500000000000002,0.1398,0.1368,0.1408,0.1408,0.1365,0.14,0.1675,0.1495,0.1573,0.1653,0.149,0.1398,0.1368,0.1368,0.1408,0.1365,0.14,0.1675,0.1495,0.1573,0.1653,0.149,0.1573,0.1573,0.14250000000000002,0.1448,0.1395,0.1433,0.1573,0.15130000000000002,0.152,0.15180000000000002,0.1395,0.1395,0.14250000000000002,0.1408,0.1355,0.1443,0.14880000000000002
2021-11-25 04:00:00,0.1173,0.1153,0.11130000000000001,0.1125,0.11230000000000001,0.11230000000000001,0.115,0.1135,0.1178,0.1143,0.1148,0.117,0.1165,0.1135,0.1135,0.1135,0.1163,0.1223,0.11900000000000001,0.11900000000000001,0.11900000000000001,0.1203,0.1168,0.1168,0.1198,0.1198,0.11280000000000001,0.116,0.1165,0.11800000000000001,0.1173,0.1145,0.1198,0.125,0.1125,0.1125,0.1193,0.1188,0.1158,0.1155,0.12100000000000001,0.1173,0.115,0.1168,0.1188,0.1188,0.117,0.11800000000000001,0.12050000000000001,0.12100000000000001,0.1188,0.1178,0.12000000000000001,0.1198,0.11950000000000001,0.1183,0.117,0.1193,0.1188,0.1203,0.12150000000000001,0.1155,0.11950000000000001,0.12200000000000001,0.12200000000000001,0.12000000000000001,0.1165,0.1218,0.1223,0.11850000000000001,0.12430000000000001,0.126,0.1155,0.11950000000000001,0.11950000000000001,0.12200000000000001,0.12000000000000001,0.1165,0.1218,0.1223,0.11850000000000001,0.12430000000000001,0.126,0.1203,0.1203,0.11800000000000001,0.12150000000000001,0.1218,0.11750000000000001,0.1198,0.11850000000000001,0.1223,0.12250000000000001,0.12250000000000001,0.12250000000000001,0.12350000000000001,0.1165,0.12200000000000001,0.1218,0.12050000000000001,0.12380000000000001,0.1265,0.12050000000000001,0.1193,0.1193,0.1203,0.1278,0.12430000000000001,0.1275,0.126,0.1193,0.1203,0.1233,0.1233,0.1233,0.12430000000000001,0.12350000000000001,0.126,0.1273,0.1233,0.128
2021-02-23 03:00:00,0.1263,0.1295,0.1313,0.1313,0.1305,0.1275,0.131,0.1315,0.1345,0.1355,0.131,0.129,0.1268,0.1268,0.132,0.13,0.1293,0.1313,0.1318,0.1353,0.136,0.131,0.1375,0.1375,0.1353,0.14400000000000002,0.1383,0.134,0.1433,0.1383,0.1443,0.1388,0.1345,0.1348,0.1338,0.1328,0.1328,0.1313,0.1368,0.1358,0.1353,0.1345,0.1345,0.1345,0.1328,0.134,0.1335,0.1318,0.1335,0.131,0.1353,0.1315,0.1333,0.1333,0.136,0.1335,0.1295,0.1335,0.13,0.1323,0.1298,0.1333,0.1333,0.1308,0.1355,0.1338,0.14150000000000001,0.1368,0.1395,0.1355,0.1323,0.1298,0.1298,0.1333,0.1308,0.1355,0.1338,0.14150000000000001,0.1368,0.1395,0.1355,0.1365,0.1365,0.134,0.1343,0.1368,0.1373,0.134,0.1345,0.1408,0.1363,0.1315,0.1315,0.137,0.1325,0.1365,0.134,0.1315,0.134,0.1443,0.1368,0.1345,0.1345,0.1365,0.1393,0.1343,0.1345,0.136,0.1333,0.135,0.132,0.1343,0.1343,0.1368,0.139,0.1393,0.1345,0.1358,0.1338,0.137,0.1315
2021-05-30 04:00:00,0.129,0.127,0.12200000000000001,0.1223,0.12150000000000001,0.12480000000000001,0.1275,0.1275,0.1278,0.1263,0.1258,0.1268,0.1278,0.1265,0.132,0.1318,0.1268,0.1268,0.1275,0.1278,0.1263,0.1258,0.1268,0.1278,0.1265,0.132,0.1318,0.1318,0.1268,0.12480000000000001,0.1303,0.1265,0.1275,0.1233,0.12480000000000001,0.1298,0.1255,0.1255,0.125,0.1228,0.1245,0.1258,0.1268,0.1328,0.126,0.126,0.1318,0.1318,0.129,0.1233,0.1273,0.1283,0.1265,0.1268,0.133,0.1275,0.1275,0.1275,0.1255,0.1285,0.125,0.1268,0.1245,0.1233,0.12430000000000001,0.1245,0.126,0.126,0.1313,0.1253,0.1298,0.1255,0.1285,0.129,0.1255,0.1268,0.1245,0.1288,0.1345,0.1325,0.12480000000000001,0.1265,0.1278,0.1273,0.1245,0.1308,0.1308,0.12480000000000001,0.131,0.1413,0.133,0.136,0.1293,0.1318,0.1273,0.1245,0.1245,0.1308,0.12480000000000001,0.131,0.1413,0.133,0.136,0.1293,0.1318,0.131,0.131,0.1295,0.136,0.1293,0.1303,0.131,0.1295,0.1325,0.13,0.131,0.131,0.1268,0.13,0.133,0.1308
2021-05-11 02:00:00,0.5670000000000001,0.5713,0.5753,0.5808,0.5895,0.5895,0.5788,0.5643,0.5773,0.5703,0.5808,0.556,0.5533,0.557,0.5585,0.5585,0.5895,0.5788,0.5643,0.5773,0.5703,0.5808,0.556,0.5533,0.557,0.557,0.5585,0.5828,0.5878,0.5725,0.5648000000000001,0.5503,0.5435,0.5665,0.5538000000000001,0.5538000000000001,0.5543,0.5515,0.5613,0.5920000000000001,0.5828,0.5583,0.5495,0.5485,0.5813,0.5813,0.5673,0.5605,0.5495,0.5513,0.555,0.5585,0.5583,0.5553,0.5452,0.5853,0.5805,0.5670000000000001,0.56,0.5545,0.5558000000000001,0.5518000000000001,0.5533,0.5630000000000001,0.553,0.553,0.5595,0.5650000000000001,0.5668000000000001,0.5543,0.5505,0.5418000000000001,0.5443,0.544,0.5525,0.5525,0.552,0.5513,0.5663,0.5733,0.5690000000000001,0.5640000000000001,0.5578000000000001,0.554,0.554,0.5475,0.5498000000000001,0.5433,0.5598000000000001,0.5598000000000001,0.5690000000000001,0.5705,0.5640000000000001,0.5578000000000001,0.5578000000000001,0.554,0.5475,0.5498000000000001,0.5433,0.5598000000000001,0.5598000000000001,0.5690000000000001,0.5705,0.5718,0.5718,0.5675,0.5675,0.5703,0.5633,0.5615,0.5658000000000001,0.555,0.5660000000000001,0.5700000000000001,0.5700000000000001,0.5648000000000001,0.5725,0.5683,0.5783,0.5743,0.5920000000000001
2021-03-11 01:00:00,0.33230000000000004,0.33080000000000004,0.33080000000000004,0.3448,0.3413,0.32730000000000004,0.3073,0.328,0.331,0.3195,0.3068,0.33230000000000004,0.33230000000000004,0.33080000000000004,0.32930000000000004,0.3388,0.33330000000000004,0.3063,0.326,0.3225,0.32580000000000003,0.3173,0.33130000000000004,0.32780000000000004,0.33330000000000004,0.333,0.32680000000000003,0.3015,0.32230000000000003,0.3285,0.32280000000000003,0.311,0.311,0.3295,0.32630000000000003,0.32880000000000004,0.3403,0.33030000000000004,0.3145,0.3255,0.32930000000000004,0.3345,0.3345,0.3083,0.33030000000000004,0.33430000000000004,0.33080000000000004,0.323,0.325,0.3185,0.31980000000000003,0.32530000000000003,0.32530000000000003,0.3235,0.3175,0.33430000000000004,0.324,0.3215,0.327,0.32430000000000003,0.3148,0.32280000000000003,0.32280000000000003,0.32230000000000003,0.32730000000000004,0.2985,0.3365,0.328,0.32480000000000003,0.32680000000000003,0.3215,0.3215,0.316,0.32630000000000003,0.3153,0.32980000000000004,0.2985,0.32780000000000004,0.34500000000000003,0.32480000000000003,0.32680000000000003,0.32680000000000003,0.3215,0.316,0.32630000000000003,0.3153,0.32980000000000004,0.314,0.32780000000000004,0.34500000000000003,0.329,0.329,0.3315,0.3255,0.3225,0.334,0.32280000000000003,0.308,0.3305,0.322,0.3393,0.3393,0.33180000000000004,0.33480000000000004,0.326,0.32,0.3175,0.32730000000000004,0.321,0.32,0.3175,0.3175,0.3245,0.32630000000000003,0.33,0.33480000000000004,0.3225,0.319,0.3155,0.3073,0.3125
2021-03-08 03:00:00,0.46080000000000004,0.45930000000000004,0.464,0.4585,0.45,0.45,0.4738,0.48650000000000004,0.48450000000000004,0.48100000000000004,0.47300000000000003,0.46080000000000004,0.45930000000000004,0.464,0.4585,0.4585,0.45,0.45630000000000004,0.4753,0.47900000000000004,0.4783,0.4753,0.46430000000000005,0.46730000000000005,0.466,0.466,0.46,0.4338,0.451,0.46630000000000005,0.47200000000000003,0.47350000000000003,0.4818,0.47850000000000004,0.48100000000000004,0.48100000000000004,0.4753,0.467,0.444,0.45530000000000004,0.46480000000000005,0.47150000000000003,0.47500000000000003,0.4828,0.4625,0.4625,0.45730000000000004,0.4555,0.448,0.4358,0.4435,0.45230000000000004,0.45480000000000004,0.4595,0.4645,0.4358,0.4423,0.44780000000000003,0.448,0.4345,0.4393,0.442,0.46,0.451,0.44980000000000003,0.44980000000000003,0.4495,0.458,0.4713,0.47050000000000003,0.45580000000000004,0.45330000000000004,0.45230000000000004,0.45880000000000004,0.45880000000000004,0.4515,0.45080000000000003,0.48500000000000004,0.47250000000000003,0.48400000000000004,0.4888,0.4848,0.45330000000000004,0.45230000000000004,0.45230000000000004,0.45880000000000004,0.4515,0.45080000000000003,0.48500000000000004,0.47250000000000003,0.48400000000000004,0.4888,0.4848,0.47850000000000004,0.47850000000000004,0.4693,0.46880000000000005,0.46580000000000005,0.47000000000000003,0.49150000000000005,0.49200000000000005,0.48600000000000004,0.4838,0.49000000000000005,0.49000000000000005,0.48400000000000004,0.4723,0.467,0.46780000000000005,0.47150000000000003,0.4838,0.47600000000000003,0.48300000000000004,0.4818,0.4818,0.4803,0.4788,0.4698,0.46680000000000005,0.47050000000000003,0.47150000000000003
2021-10-31 04:00:00,0.264,0.27030000000000004,0.2843,0.24830000000000002,0.21780000000000002,0.21780000000000002,0.1893,0.1925,0.2063,0.1918,0.1905,0.2215,0.21000000000000002,0.1975,0.20650000000000002,0.20650000000000002,0.21280000000000002,0.2175,0.2053,0.1903,0.20900000000000002,0.24380000000000002,0.29200000000000004,0.2738,0.24730000000000002,0.24730000000000002,0.249,0.26630000000000004,0.2283,0.2218,0.2318,0.24780000000000002,0.26630000000000004,0.3295,0.341,0.341,0.3115,0.24580000000000002,0.216,0.2223,0.21980000000000002,0.227,0.2403,0.24450000000000002,0.343,0.343,0.33430000000000004,0.32230000000000003,0.2773,0.2088,0.2043,0.1993,0.2073,0.2215,0.216,0.3275,0.32630000000000003,0.33330000000000004,0.2898,0.2503,0.20850000000000002,0.21050000000000002,0.21380000000000002,0.2043,0.2043,0.2195,0.32680000000000003,0.2983,0.28150000000000003,0.2215,0.2018,0.21250000000000002,0.21050000000000002,0.21380000000000002,0.21380000000000002,0.2043,0.2195,0.32680000000000003,0.2983,0.28150000000000003,0.2215,0.2018,0.21250000000000002,0.24730000000000002,0.24730000000000002,0.25780000000000003,0.2515,0.2388,0.29350000000000004,0.2508,0.228,0.21580000000000002,0.21980000000000002,0.2343,0.2343,0.2793,0.2645,0.2235,0.266,0.21730000000000002,0.2218,0.221,0.22130000000000002,0.2258,0.2258,0.24530000000000002,0.24180000000000001,0.2255,0.2048,0.1743,0.2013,0.195,0.251,0.25880000000000003,0.25880000000000003,0.202,0.196,0.1883,0.1718,0.1623,0.1593
2021-06-04 02:00:00,0.1218,0.1615,0.2003,0.23950000000000002,0.2305,0.2305,0.17550000000000002,0.192,0.18530000000000002,0.14200000000000002,0.1433,0.10300000000000001,0.1148,0.14980000000000002,0.19,0.19,0.2305,0.17550000000000002,0.192,0.18530000000000002,0.14200000000000002,0.1433,0.10300000000000001,0.1148,0.14980000000000002,0.14980000000000002,0.19,0.18050000000000002,0.18050000000000002,0.1748,0.1348,0.1418,0.13770000000000002,0.1028,0.09730000000000001,0.09730000000000001,0.1073,0.1255,0.1615,0.1615,0.1345,0.1345,0.1468,0.135,0.1015,0.1015,0.0975,0.1015,0.1038,0.1005,0.108,0.109,0.12350000000000001,0.124,0.11180000000000001,0.1005,0.1018,0.101,0.1033,0.0998,0.0995,0.1058,0.10500000000000001,0.10200000000000001,0.1048,0.1048,0.0978,0.1,0.10650000000000001,0.101,0.099,0.10500000000000001,0.0995,0.0993,0.1018,0.1018,0.1053,0.1013,0.09730000000000001,0.1028,0.10300000000000001,0.10250000000000001,0.10200000000000001,0.1015,0.1015,0.09480000000000001,0.099,0.101,0.10350000000000001,0.099,0.1013,0.101,0.10250000000000001,0.10200000000000001,0.10200000000000001,0.1015,0.09480000000000001,0.099,0.101,0.10350000000000001,0.099,0.1013,0.101,0.101,0.101,0.10450000000000001,0.10350000000000001,0.10350000000000001,0.10500000000000001,0.1015,0.1033,0.10500000000000001,0.10300000000000001,0.1038,0.1038,0.1048,0.10600000000000001,0.1053,0.10650000000000001,0.10980000000000001,0.11330000000000001
2021-05-13 03:00:00,0.4093,0.4073,0.40950000000000003,0.4203,0.4158,0.40800000000000003,0.40800000000000003,0.41150000000000003,0.41350000000000003,0.4123,0.41050000000000003,0.39830000000000004,0.3915,0.39030000000000004,0.406,0.4063,0.4063,0.40800000000000003,0.41150000000000003,0.41350000000000003,0.4123,0.41050000000000003,0.39830000000000004,0.3915,0.39030000000000004,0.406,0.406,0.4063,0.39480000000000004,0.4103,0.402,0.403,0.40650000000000003,0.392,0.3748,0.3723,0.3723,0.38530000000000003,0.389,0.372,0.38280000000000003,0.3765,0.382,0.38330000000000003,0.39580000000000004,0.3835,0.3835,0.3693,0.3653,0.3608,0.34750000000000003,0.3523,0.34750000000000003,0.3498,0.35750000000000004,0.40280000000000005,0.40280000000000005,0.40130000000000005,0.3885,0.3758,0.3675,0.343,0.3398,0.341,0.33330000000000004,0.3418,0.41350000000000003,0.4063,0.402,0.39680000000000004,0.39180000000000004,0.3805,0.35850000000000004,0.35250000000000004,0.34550000000000003,0.335,0.335,0.4045,0.4043,0.40280000000000005,0.4053,0.39580000000000004,0.3925,0.3875,0.3668,0.3668,0.3635,0.3588,0.4063,0.3985,0.38780000000000003,0.39080000000000004,0.392,0.3925,0.3875,0.3875,0.3668,0.3635,0.3588,0.4063,0.3985,0.38780000000000003,0.39080000000000004,0.392,0.38930000000000003,0.38930000000000003,0.39030000000000004,0.3803,0.3685,0.3593,0.4038,0.40130000000000005,0.38680000000000003,0.38880000000000003,0.386,0.386,0.3895,0.3855,0.3835,0.3773,0.3695
2021-05-27 02:00:00,0.3865,0.41750000000000004,0.4223,0.4035,0.41050000000000003,0.41050000000000003,0.42100000000000004,0.3995,0.3718,0.39230000000000004,0.3788,0.3785,0.38980000000000004,0.4025,0.381,0.381,0.41050000000000003,0.42100000000000004,0.3995,0.3718,0.39230000000000004,0.3788,0.3785,0.38980000000000004,0.4025,0.4025,0.381,0.35250000000000004,0.35500000000000004,0.3508,0.32680000000000003,0.3458,0.324,0.3743,0.3748,0.3748,0.3643,0.342,0.32230000000000003,0.2923,0.2848,0.29450000000000004,0.26880000000000004,0.2695,0.35500000000000004,0.35500000000000004,0.3355,0.29400000000000004,0.24730000000000002,0.28800000000000003,0.302,0.2733,0.2808,0.2723,0.2833,0.3098,0.3163,0.28950000000000004,0.2155,0.2303,0.2735,0.268,0.2388,0.29350000000000004,0.3145,0.3145,0.275,0.25880000000000003,0.2823,0.2088,0.232,0.269,0.26080000000000003,0.21580000000000002,0.2645,0.2645,0.2555,0.258,0.24980000000000002,0.29600000000000004,0.2735,0.2013,0.2305,0.25730000000000003,0.25730000000000003,0.2,0.2048,0.21250000000000002,0.23700000000000002,0.2713,0.2685,0.2795,0.2013,0.2305,0.2305,0.25730000000000003,0.2,0.2048,0.21250000000000002,0.23700000000000002,0.2713,0.2685,0.2795,0.21480000000000002,0.21480000000000002,0.2068,0.2288,0.1778,0.17930000000000001,0.1958,0.2325,0.232,0.24280000000000002,0.2515,0.2515,0.217,0.2013,0.195,0.1685,0.157,0.17700000000000002
2021-05-27 03:00:00,0.35500000000000004,0.3048,0.3265,0.32080000000000003,0.272,0.3063,0.3063,0.3225,0.256,0.2675,0.2013,0.2697,0.21930000000000002,0.26330000000000003,0.309,0.2685,0.2685,0.3063,0.3225,0.256,0.2675,0.2013,0.2697,0.21930000000000002,0.26330000000000003,0.309,0.309,0.2685,0.29450000000000004,0.3073,0.24050000000000002,0.251,0.187,0.2338,0.18780000000000002,0.18580000000000002,0.18580000000000002,0.2665,0.302,0.2998,0.28150000000000003,0.2363,0.2495,0.24000000000000002,0.1915,0.18100000000000002,0.18100000000000002,0.1713,0.186,0.222,0.2368,0.2388,0.24150000000000002,0.2218,0.23800000000000002,0.2015,0.2015,0.20350000000000001,0.17700000000000002,0.17250000000000001,0.1733,0.17250000000000001,0.22030000000000002,0.233,0.21450000000000002,0.2378,0.168,0.1703,0.2,0.18580000000000002,0.18080000000000002,0.17880000000000001,0.163,0.154,0.18530000000000002,0.24130000000000001,0.24130000000000001,0.17980000000000002,0.18030000000000002,0.156,0.168,0.17900000000000002,0.1633,0.1568,0.1578,0.1578,0.17980000000000002,0.222,0.17900000000000002,0.1638,0.1573,0.1553,0.161,0.1633,0.1568,0.1568,0.1578,0.17980000000000002,0.222,0.17900000000000002,0.1638,0.1573,0.1553,0.161,0.15430000000000002,0.15430000000000002,0.153,0.154,0.1733,0.192,0.1593,0.153,0.14930000000000002,0.1505,0.15080000000000002,0.15080000000000002,0.15430000000000002,0.151,0.15030000000000002,0.1753,0.17880000000000001
2021-05-23 04:00:00,0.7175,0.727,0.7503000000000001,0.7543000000000001,0.7945,0.7793,0.7533000000000001,0.7533000000000001,0.7303000000000001,0.753,0.7753,0.7195,0.7215,0.7233,0.7315,0.7408,0.7523000000000001,0.7523000000000001,0.7533000000000001,0.7303000000000001,0.753,0.7753,0.7195,0.7215,0.7233,0.7315,0.7408,0.7408,0.7523000000000001,0.7603000000000001,0.7583000000000001,0.7833,0.7635000000000001,0.7283000000000001,0.7338,0.7388,0.7533000000000001,0.7533000000000001,0.7285,0.7463000000000001,0.767,0.746,0.7618,0.7160000000000001,0.7210000000000001,0.7105,0.7093,0.7093,0.7433000000000001,0.7275,0.7703,0.728,0.6918000000000001,0.7368,0.7173,0.6838000000000001,0.7053,0.7053,0.6883,0.7170000000000001,0.7353000000000001,0.7298,0.6798000000000001,0.7123,0.6943,0.678,0.6815,0.6815,0.6775,0.6725,0.6848000000000001,0.6803,0.6943,0.6883,0.6918000000000001,0.7425,0.665,0.7100000000000001,0.6950000000000001,0.6818000000000001,0.6645,0.6905,0.6975,0.6535000000000001,0.6375000000000001,0.6485000000000001,0.6485000000000001,0.6605000000000001,0.6945,0.6738000000000001,0.6933,0.684,0.6595000000000001,0.6365000000000001,0.6535000000000001,0.6375000000000001,0.6375000000000001,0.6485000000000001,0.6605000000000001,0.6945,0.6738000000000001,0.6933,0.684,0.6595000000000001,0.6365000000000001,0.636,0.636,0.6348,0.6013000000000001,0.6133000000000001,0.6645,0.6503,0.6343,0.6193000000000001,0.616,0.596,0.596,0.5963,0.5873,0.5890000000000001,0.5900000000000001
2021-11-17 03:00:00,0.3355,0.35250000000000004,0.35250000000000004,0.3373,0.3373,0.331,0.35450000000000004,0.3553,0.33480000000000004,0.3538,0.3383,0.31880000000000003,0.33480000000000004,0.34700000000000003,0.34700000000000003,0.3493,0.3355,0.3463,0.3428,0.333,0.3608,0.3763,0.3533,0.3403,0.3403,0.3373,0.33580000000000004,0.3393,0.3473,0.34450000000000003,0.333,0.338,0.3655,0.32880000000000004,0.32880000000000004,0.34450000000000003,0.3433,0.32980000000000004,0.32480000000000003,0.33430000000000004,0.34,0.3295,0.322,0.3255,0.34950000000000003,0.32680000000000003,0.3183,0.32880000000000004,0.32530000000000003,0.33030000000000004,0.33380000000000004,0.33430000000000004,0.33180000000000004,0.319,0.319,0.32780000000000004,0.335,0.32180000000000003,0.3005,0.319,0.33380000000000004,0.32230000000000003,0.331,0.331,0.32280000000000003,0.323,0.28650000000000003,0.2928,0.3035,0.26680000000000004,0.2733,0.33380000000000004,0.32230000000000003,0.32230000000000003,0.331,0.32280000000000003,0.323,0.28650000000000003,0.2928,0.3035,0.26680000000000004,0.2733,0.2973,0.2973,0.2973,0.2775,0.27030000000000004,0.28500000000000003,0.2755,0.26430000000000003,0.2778,0.2958,0.28850000000000003,0.28850000000000003,0.2808,0.267,0.2543,0.23950000000000002,0.21680000000000002,0.2975,0.2765,0.2585,0.28500000000000003,0.28500000000000003,0.3013,0.29150000000000004,0.2793,0.2765,0.257,0.2505,0.3225,0.312,0.28400000000000003,0.28400000000000003,0.2685,0.2565,0.232,0.233,0.261,0.2783,0.2605
2021-05-29 01:00:00,0.10930000000000001,0.111,0.10830000000000001,0.1155,0.1023,0.1023,0.1033,0.12380000000000001,0.154,0.1758,0.1905,0.1028,0.10300000000000001,0.0993,0.0988,0.0988,0.1023,0.1033,0.12380000000000001,0.154,0.1758,0.1905,0.1028,0.10300000000000001,0.0993,0.0993,0.0988,0.0955,0.1058,0.1155,0.1308,0.133,0.149,0.0893,0.0955,0.0955,0.1,0.10600000000000001,0.11750000000000001,0.1353,0.1413,0.1405,0.1353,0.125,0.12350000000000001,0.12350000000000001,0.1383,0.17950000000000002,0.1578,0.18280000000000002,0.17200000000000001,0.1605,0.1748,0.1578,0.14650000000000002,0.1688,0.1633,0.1438,0.15130000000000002,0.159,0.1633,0.17350000000000002,0.1763,0.165,0.155,0.155,0.1758,0.17950000000000002,0.163,0.1675,0.16,0.14200000000000002,0.15030000000000002,0.16,0.1638,0.1638,0.14780000000000001,0.1505,0.1645,0.164,0.1413,0.114,0.11130000000000001,0.1218,0.1218,0.136,0.1388,0.124,0.1323,0.1615,0.1698,0.129,0.114,0.11130000000000001,0.11130000000000001,0.1218,0.136,0.1388,0.124,0.1323,0.1615,0.1698,0.129,0.1028,0.1028,0.0965,0.1008,0.09380000000000001,0.09530000000000001,0.08900000000000001,0.1095,0.1143,0.12480000000000001,0.1178,0.1178,0.0993,0.09580000000000001,0.096,0.0985,0.09680000000000001,0.0985
2021-09-07 05:00:00,0.449,0.38730000000000003,0.38180000000000003,0.3658,0.35150000000000003,0.3503,0.3503,0.33280000000000004,0.318,0.311,0.3145,0.449,0.38730000000000003,0.38180000000000003,0.3658,0.35150000000000003,0.35150000000000003,0.3503,0.35950000000000004,0.34800000000000003,0.33380000000000004,0.32580000000000003,0.4405,0.41100000000000003,0.39530000000000004,0.4043,0.4043,0.404,0.369,0.3528,0.3583,0.3393,0.321,0.44980000000000003,0.4193,0.38630000000000003,0.38630000000000003,0.3698,0.3845,0.3408,0.3523,0.35300000000000004,0.35350000000000004,0.3405,0.4048,0.4323,0.4323,0.3563,0.3425,0.312,0.2943,0.3018,0.3155,0.3433,0.312,0.38,0.38,0.3428,0.329,0.335,0.3373,0.3155,0.3305,0.31880000000000003,0.3013,0.2873,0.38880000000000003,0.377,0.393,0.35900000000000004,0.35650000000000004,0.35700000000000004,0.35100000000000003,0.3635,0.3408,0.3408,0.3583,0.3628,0.38230000000000003,0.39430000000000004,0.3543,0.35800000000000004,0.313,0.35100000000000003,0.3635,0.3635,0.3408,0.3583,0.3628,0.38230000000000003,0.39430000000000004,0.3543,0.35800000000000004,0.313,0.306,0.306,0.3488,0.3498,0.3048,0.308,0.338,0.3728,0.3668,0.3685,0.33,0.33,0.28300000000000003,0.267,0.27080000000000004,0.28550000000000003,0.3133,0.3373,0.391,0.39630000000000004,0.3648,0.3648,0.383,0.3668,0.3065,0.26430000000000003,0.2335
2021-12-06 04:00:00,0.11850000000000001,0.1188,0.1178,0.117,0.117,0.1183,0.1203,0.1218,0.12150000000000001,0.12100000000000001,0.124,0.1198,0.12100000000000001,0.1178,0.1178,0.12200000000000001,0.1193,0.11850000000000001,0.1188,0.1218,0.1193,0.1198,0.12150000000000001,0.1188,0.1188,0.1198,0.12100000000000001,0.1208,0.1203,0.11850000000000001,0.12000000000000001,0.12100000000000001,0.1208,0.1213,0.1213,0.1218,0.126,0.12480000000000001,0.117,0.11900000000000001,0.1218,0.1213,0.12430000000000001,0.1253,0.1245,0.1253,0.1253,0.12250000000000001,0.1245,0.1265,0.12250000000000001,0.12250000000000001,0.1263,0.1263,0.12430000000000001,0.1253,0.13,0.1273,0.1263,0.1258,0.126,0.12250000000000001,0.12250000000000001,0.12250000000000001,0.1263,0.12430000000000001,0.1253,0.13,0.1273,0.1263,0.1258,0.126,0.12350000000000001,0.12350000000000001,0.1233,0.1245,0.126,0.1218,0.12480000000000001,0.12380000000000001,0.1223,0.1273,0.12300000000000001,0.12300000000000001,0.1293,0.1223,0.1245,0.1228,0.12050000000000001,0.1255,0.1293,0.1298,0.126,0.126,0.1265,0.1255,0.127,0.1265,0.1253,0.1188,0.12150000000000001,0.1245,0.127,0.127,0.1308,0.1285,0.1273,0.1265,0.1265,0.1293,0.12250000000000001,0.124,0.1203,0.1203,0.1263,0.124,0.1268,0.1253,0.1305,0.1275,0.1328
2021-03-29 03:00:00,0.3,0.3428,0.39230000000000004,0.4193,0.4223,0.4223,0.36300000000000004,0.3405,0.33180000000000004,0.32730000000000004,0.3028,0.3,0.3428,0.39230000000000004,0.4193,0.4193,0.4223,0.4053,0.3488,0.3708,0.3618,0.32180000000000003,0.41750000000000004,0.4143,0.41450000000000004,0.41450000000000004,0.41550000000000004,0.4173,0.4178,0.42500000000000004,0.4103,0.3633,0.26130000000000003,0.4335,0.4208,0.4208,0.399,0.4108,0.4345,0.4343,0.4298,0.4223,0.38130000000000003,0.3383,0.442,0.442,0.448,0.45030000000000003,0.4565,0.45780000000000004,0.4525,0.45,0.4295,0.42200000000000004,0.4163,0.4738,0.46180000000000004,0.452,0.45830000000000004,0.4615,0.47300000000000003,0.46180000000000004,0.44530000000000003,0.4303,0.4373,0.4373,0.5065000000000001,0.5055000000000001,0.496,0.49100000000000005,0.49250000000000005,0.4758,0.45030000000000003,0.44680000000000003,0.44680000000000003,0.46,0.45180000000000003,0.5308,0.5268,0.5173,0.506,0.5068,0.4758,0.45030000000000003,0.45030000000000003,0.44680000000000003,0.46,0.45180000000000003,0.5308,0.5268,0.5173,0.506,0.5068,0.4903,0.4903,0.4878,0.47900000000000004,0.45680000000000004,0.4313,0.5233,0.5153,0.5095000000000001,0.48900000000000005,0.4868,0.4868,0.4958,0.48700000000000004,0.4595,0.41900000000000004,0.385,0.5128,0.5068,0.5048,0.47950000000000004,0.47950000000000004,0.4888,0.4893,0.467,0.4298,0.42250000000000004,0.42750000000000005
2021-08-07 01:00:00,0.28200000000000003,0.3048,0.3285,0.31930000000000003,0.31930000000000003,0.29600000000000004,0.3075,0.3178,0.2983,0.2803,0.2755,0.275,0.2958,0.3,0.3,0.31930000000000003,0.29600000000000004,0.3075,0.3178,0.2983,0.2803,0.2755,0.275,0.2958,0.2958,0.3,0.28800000000000003,0.278,0.2948,0.2923,0.2803,0.277,0.26330000000000003,0.2868,0.2868,0.2675,0.3068,0.3108,0.2983,0.28850000000000003,0.2853,0.2768,0.2713,0.2718,0.2808,0.2635,0.2495,0.3013,0.3225,0.3068,0.278,0.24500000000000002,0.2305,0.2258,0.2258,0.28400000000000003,0.25630000000000003,0.24200000000000002,0.2933,0.29400000000000004,0.26730000000000004,0.268,0.26930000000000004,0.249,0.249,0.216,0.29350000000000004,0.2812,0.24600000000000002,0.215,0.2582,0.3118,0.3003,0.2798,0.2798,0.2705,0.2235,0.3245,0.3245,0.24980000000000002,0.203,0.2165,0.3055,0.3055,0.3123,0.28400000000000003,0.24830000000000002,0.2585,0.33180000000000004,0.3163,0.24230000000000002,0.203,0.2165,0.2165,0.3055,0.3123,0.28400000000000003,0.24830000000000002,0.2585,0.33180000000000004,0.3163,0.24230000000000002,0.22,0.22,0.21300000000000002,0.3043,0.323,0.3118,0.2775,0.261,0.3408,0.2948,0.24250000000000002,0.24250000000000002,0.259,0.23700000000000002,0.3023,0.35850000000000004,0.33430000000000004,0.3265,0.3128
2021-06-18 02:00:00,0.5348,0.5253,0.5353,0.51,0.5093,0.5093,0.5365,0.5563,0.54,0.562,0.511,0.555,0.541,0.5208,0.5285000000000001,0.5285000000000001,0.5093,0.5365,0.5563,0.54,0.562,0.511,0.555,0.541,0.5208,0.5208,0.5285000000000001,0.5273,0.5418000000000001,0.5483,0.5333,0.5538000000000001,0.5345,0.5765,0.5605,0.5605,0.5298,0.529,0.46730000000000005,0.5343,0.5443,0.5615,0.55,0.518,0.537,0.537,0.5665,0.5478000000000001,0.5358,0.5445,0.5598000000000001,0.5625,0.5605,0.5315,0.4838,0.547,0.5555,0.559,0.5328,0.5222,0.5348,0.555,0.5805,0.5710000000000001,0.5013000000000001,0.5013000000000001,0.5565,0.547,0.5605,0.542,0.5268,0.5615,0.5790000000000001,0.5488000000000001,0.551,0.551,0.5168,0.561,0.5653,0.5605,0.5175000000000001,0.5093,0.539,0.5355,0.5355,0.5413,0.55,0.5355,0.5775,0.5578000000000001,0.5408000000000001,0.5158,0.5093,0.539,0.539,0.5355,0.5413,0.55,0.5355,0.5775,0.5578000000000001,0.5408000000000001,0.5158,0.523,0.523,0.5125000000000001,0.513,0.5368,0.5495,0.5558000000000001,0.5685,0.549,0.5513,0.5248,0.5248,0.5203,0.501,0.5203,0.5365,0.546,0.546
2021-12-04 04:00:00,0.1145,0.1183,0.1168,0.11330000000000001,0.11330000000000001,0.1148,0.1158,0.1148,0.11750000000000001,0.1155,0.1188,0.11230000000000001,0.11800000000000001,0.117,0.117,0.115,0.113,0.1135,0.11850000000000001,0.11850000000000001,0.1188,0.1148,0.11850000000000001,0.11800000000000001,0.11800000000000001,0.117,0.12380000000000001,0.1165,0.115,0.1163,0.11900000000000001,0.1258,0.1158,0.1208,0.1208,0.11850000000000001,0.12000000000000001,0.12050000000000001,0.1188,0.116,0.116,0.1153,0.1218,0.1158,0.11800000000000001,0.12000000000000001,0.12050000000000001,0.12150000000000001,0.12000000000000001,0.1188,0.12100000000000001,0.11950000000000001,0.1198,0.1198,0.1223,0.1178,0.11950000000000001,0.1178,0.1165,0.12050000000000001,0.1193,0.12100000000000001,0.11950000000000001,0.11950000000000001,0.1198,0.1223,0.1178,0.11950000000000001,0.1178,0.1165,0.12050000000000001,0.1193,0.1218,0.1218,0.1135,0.1183,0.11950000000000001,0.11950000000000001,0.1183,0.12350000000000001,0.125,0.1268,0.1245,0.1245,0.1218,0.116,0.1208,0.11900000000000001,0.11850000000000001,0.1183,0.12000000000000001,0.12150000000000001,0.1208,0.1208,0.12000000000000001,0.12430000000000001,0.1223,0.12050000000000001,0.12350000000000001,0.117,0.1165,0.12350000000000001,0.12250000000000001,0.12250000000000001,0.12150000000000001,0.12100000000000001,0.1233,0.1228,0.125,0.12430000000000001,0.1168,0.11800000000000001,0.1193,0.1193,0.12100000000000001,0.1208,0.1233,0.1245,0.1255,0.124,0.1283
2021-03-22 05:00:00,0.1373,0.1388,0.1368,0.138,0.139,0.1393,0.1393,0.1373,0.1358,0.1368,0.137,0.1373,0.1388,0.1368,0.138,0.139,0.139,0.1393,0.14100000000000001,0.1388,0.1395,0.1395,0.14150000000000001,0.14100000000000001,0.1413,0.1403,0.1403,0.1458,0.1403,0.1418,0.1405,0.1385,0.14830000000000002,0.139,0.1423,0.1428,0.1428,0.1418,0.14200000000000002,0.1428,0.1403,0.14250000000000002,0.1423,0.1545,0.1358,0.1385,0.1385,0.1358,0.1383,0.1388,0.138,0.1393,0.138,0.1365,0.14150000000000001,0.138,0.138,0.1395,0.1365,0.1408,0.14,0.139,0.1393,0.14350000000000002,0.14300000000000002,0.1408,0.1428,0.1413,0.1418,0.14250000000000002,0.14550000000000002,0.14100000000000001,0.1418,0.14150000000000001,0.1438,0.1438,0.14500000000000002,0.14930000000000002,0.1568,0.14780000000000001,0.1408,0.1423,0.1438,0.1418,0.14150000000000001,0.14150000000000001,0.1438,0.14500000000000002,0.14930000000000002,0.1568,0.14780000000000001,0.1408,0.1423,0.1438,0.1433,0.1433,0.1428,0.14350000000000002,0.14500000000000002,0.1385,0.1388,0.1428,0.1403,0.1398,0.1388,0.1388,0.1398,0.1373,0.1395,0.1395,0.1395,0.14150000000000001,0.1428,0.1408,0.14200000000000002,0.14200000000000002,0.1398,0.1463,0.1448,0.1405,0.139
2021-05-05 05:00:00,0.20950000000000002,0.21380000000000002,0.20600000000000002,0.1905,0.17800000000000002,0.17300000000000001,0.1565,0.1565,0.154,0.1608,0.17700000000000002,0.3385,0.24430000000000002,0.21150000000000002,0.21130000000000002,0.2275,0.18530000000000002,0.18530000000000002,0.1565,0.154,0.1608,0.17700000000000002,0.3385,0.24430000000000002,0.21150000000000002,0.21130000000000002,0.2275,0.2275,0.18530000000000002,0.1695,0.158,0.1603,0.17950000000000002,0.39830000000000004,0.3478,0.277,0.215,0.215,0.2023,0.1995,0.18130000000000002,0.1773,0.1695,0.18530000000000002,0.4025,0.42150000000000004,0.44630000000000003,0.44630000000000003,0.35100000000000003,0.33230000000000004,0.35650000000000004,0.2288,0.2485,0.24050000000000002,0.194,0.3628,0.4975,0.4975,0.46730000000000005,0.398,0.4953,0.44580000000000003,0.3638,0.35350000000000004,0.3053,0.20600000000000002,0.3173,0.3173,0.3648,0.3965,0.4383,0.5315,0.538,0.5078,0.39580000000000004,0.4768,0.4148,0.35800000000000004,0.2863,0.26930000000000004,0.4703,0.5185000000000001,0.517,0.48250000000000004,0.5538000000000001,0.5458000000000001,0.5458000000000001,0.4918,0.3375,0.2705,0.25780000000000003,0.5238,0.47550000000000003,0.4048,0.48250000000000004,0.5538000000000001,0.5538000000000001,0.5458000000000001,0.4918,0.3375,0.2705,0.25780000000000003,0.5238,0.47550000000000003,0.4048,0.371,0.371,0.4293,0.46030000000000004,0.4878,0.3355,0.35950000000000004,0.32,0.5145000000000001,0.42850000000000005,0.3743,0.3743,0.3708,0.38730000000000003,0.4043,0.5023
2021-09-11 03:00:00,0.10980000000000001,0.11080000000000001,0.11330000000000001,0.1148,0.10980000000000001,0.10980000000000001,0.1143,0.113,0.113,0.10880000000000001,0.113,0.10980000000000001,0.11080000000000001,0.11330000000000001,0.1148,0.1148,0.10980000000000001,0.1125,0.112,0.1135,0.115,0.112,0.11230000000000001,0.1173,0.11030000000000001,0.11030000000000001,0.11330000000000001,0.111,0.1125,0.112,0.1165,0.1208,0.11800000000000001,0.108,0.11380000000000001,0.11380000000000001,0.11030000000000001,0.11330000000000001,0.1125,0.1135,0.115,0.11180000000000001,0.124,0.1158,0.1135,0.1135,0.11280000000000001,0.1143,0.115,0.113,0.1165,0.1163,0.115,0.1188,0.1155,0.1145,0.113,0.11380000000000001,0.11230000000000001,0.1145,0.11380000000000001,0.1173,0.11380000000000001,0.12000000000000001,0.115,0.115,0.112,0.11800000000000001,0.1188,0.11080000000000001,0.11900000000000001,0.11750000000000001,0.11330000000000001,0.1183,0.1183,0.114,0.12250000000000001,0.126,0.1145,0.1135,0.1153,0.1155,0.11750000000000001,0.11330000000000001,0.11330000000000001,0.1183,0.114,0.12250000000000001,0.126,0.1145,0.1135,0.1153,0.1155,0.1163,0.1163,0.1145,0.1148,0.11800000000000001,0.1173,0.1153,0.1143,0.116,0.115,0.1143,0.1143,0.1173,0.1158,0.1165,0.1153,0.116,0.1168,0.11280000000000001,0.11750000000000001,0.1173,0.1173,0.1208,0.12250000000000001,0.1198,0.1203,0.114,0.1218
2021-04-04 02:00:00,0.112,0.116,0.1198,0.1168,0.1168,0.114,0.113,0.1178,0.1135,0.115,0.11280000000000001,0.112,0.116,0.1198,0.1198,0.1168,0.11380000000000001,0.115,0.1213,0.1228,0.1178,0.1145,0.115,0.1143,0.1143,0.1143,0.115,0.1163,0.11380000000000001,0.11950000000000001,0.1228,0.12200000000000001,0.11230000000000001,0.114,0.114,0.1145,0.11180000000000001,0.1135,0.11180000000000001,0.11230000000000001,0.113,0.11900000000000001,0.10830000000000001,0.1095,0.11180000000000001,0.1115,0.1125,0.11230000000000001,0.1153,0.109,0.1115,0.1145,0.1085,0.11330000000000001,0.11330000000000001,0.1095,0.115,0.114,0.1143,0.11130000000000001,0.112,0.1135,0.11230000000000001,0.10980000000000001,0.10980000000000001,0.1125,0.113,0.1125,0.113,0.1125,0.1095,0.1125,0.1063,0.1063,0.11180000000000001,0.10830000000000001,0.10880000000000001,0.1115,0.1095,0.111,0.112,0.1095,0.1125,0.1125,0.1063,0.11180000000000001,0.10830000000000001,0.10880000000000001,0.1115,0.1095,0.111,0.112,0.10880000000000001,0.10880000000000001,0.1085,0.1085,0.113,0.1115,0.1043,0.1115,0.11230000000000001,0.1085,0.1095,0.1095,0.1125,0.10700000000000001,0.11,0.1115,0.1068,0.1073,0.109,0.112,0.11,0.11,0.10880000000000001,0.1173,0.11030000000000001,0.10980000000000001,0.1078,0.1095,0.111
2021-09-09 05:00:00,0.6015,0.5645,0.5790000000000001,0.5870000000000001,0.5475,0.438,0.438,0.4828,0.4395,0.41250000000000003,0.2968,0.6015,0.5645,0.5790000000000001,0.5870000000000001,0.5475,0.5475,0.438,0.3785,0.42350000000000004,0.3798,0.2893,0.6345000000000001,0.5863,0.5323,0.5008,0.5008,0.48000000000000004,0.4263,0.3638,0.338,0.3508,0.3088,0.5858,0.5165000000000001,0.46180000000000004,0.46180000000000004,0.42000000000000004,0.4055,0.4355,0.4313,0.42550000000000004,0.3855,0.329,0.4965,0.46430000000000005,0.46430000000000005,0.4803,0.44380000000000003,0.438,0.3955,0.4073,0.4413,0.3783,0.3785,0.5265000000000001,0.5265000000000001,0.5163,0.5123,0.498,0.4843,0.42050000000000004,0.41650000000000004,0.4303,0.4123,0.3808,0.5565,0.539,0.5263,0.5075000000000001,0.47750000000000004,0.4435,0.45930000000000004,0.49450000000000005,0.5143,0.5143,0.49200000000000005,0.5348,0.5283,0.5178,0.518,0.4883,0.47250000000000003,0.45930000000000004,0.49450000000000005,0.49450000000000005,0.5143,0.49200000000000005,0.5348,0.5283,0.5178,0.518,0.4883,0.47250000000000003,0.5088,0.5088,0.562,0.5795,0.5525,0.531,0.5443,0.5680000000000001,0.5763,0.5585,0.53,0.53,0.5093,0.5128,0.5408000000000001,0.552,0.5398000000000001,0.5588000000000001,0.5693,0.5693,0.5733,0.5733,0.535,0.47750000000000004,0.4153,0.4378,0.467
2021-10-12 04:00:00,0.129,0.1363,0.1263,0.1308,0.1308,0.1293,0.1293,0.1265,0.1335,0.133,0.1468,0.129,0.1363,0.1263,0.1308,0.1308,0.1308,0.1293,0.1295,0.135,0.14830000000000002,0.1573,0.1313,0.1348,0.1303,0.1263,0.1263,0.132,0.132,0.13,0.1375,0.1343,0.1525,0.1388,0.1323,0.1363,0.1363,0.1363,0.1353,0.1335,0.1358,0.139,0.1345,0.14750000000000002,0.133,0.1305,0.1305,0.1323,0.1328,0.1268,0.1343,0.1303,0.1345,0.135,0.14600000000000002,0.135,0.135,0.1325,0.1345,0.1355,0.1303,0.134,0.1328,0.1348,0.1373,0.1448,0.1313,0.1333,0.137,0.1338,0.1358,0.1348,0.1363,0.1345,0.1368,0.1368,0.13770000000000002,0.1343,0.13770000000000002,0.1355,0.1355,0.1408,0.1423,0.1363,0.1345,0.1345,0.1368,0.13770000000000002,0.1343,0.13770000000000002,0.1355,0.1355,0.1408,0.1423,0.1385,0.1385,0.1428,0.1355,0.14300000000000002,0.136,0.136,0.1353,0.139,0.1385,0.1328,0.1328,0.139,0.1355,0.1388,0.1398,0.14200000000000002,0.1393,0.1373,0.1405,0.1365,0.1365,0.1375,0.14350000000000002,0.1388,0.14150000000000001,0.1388
2021-05-18 02:00:00,0.38130000000000003,0.365,0.3528,0.35500000000000004,0.36300000000000004,0.36300000000000004,0.3463,0.3395,0.3435,0.3435,0.32,0.386,0.3725,0.3718,0.3583,0.3583,0.36300000000000004,0.3463,0.3395,0.3435,0.3435,0.32,0.386,0.3725,0.3718,0.3718,0.3583,0.3608,0.35300000000000004,0.32680000000000003,0.32480000000000003,0.32230000000000003,0.3115,0.38380000000000003,0.3785,0.3785,0.3825,0.3793,0.35400000000000004,0.33480000000000004,0.3043,0.2873,0.3008,0.28450000000000003,0.3543,0.3543,0.34800000000000003,0.339,0.341,0.343,0.34,0.3138,0.3013,0.2995,0.2795,0.3375,0.32280000000000003,0.3145,0.3075,0.314,0.3053,0.305,0.3085,0.2963,0.3025,0.3025,0.3158,0.3075,0.3043,0.29450000000000004,0.28800000000000003,0.2758,0.2765,0.279,0.2848,0.2848,0.2853,0.29700000000000004,0.2775,0.28650000000000003,0.2963,0.2697,0.25630000000000003,0.255,0.255,0.25880000000000003,0.2705,0.277,0.2873,0.27080000000000004,0.265,0.277,0.2697,0.25630000000000003,0.25630000000000003,0.255,0.25880000000000003,0.2705,0.277,0.2873,0.27080000000000004,0.265,0.277,0.2675,0.2675,0.2388,0.22,0.2283,0.24350000000000002,0.2735,0.2908,0.29200000000000004,0.2903,0.28600000000000003,0.28600000000000003,0.2783,0.2705,0.2403,0.2015,0.2165,0.24250000000000002
2021-03-22 02:00:00,0.10400000000000001,0.1048,0.1043,0.108,0.108,0.10450000000000001,0.10500000000000001,0.1028,0.10350000000000001,0.1043,0.1023,0.10400000000000001,0.1048,0.1043,0.1043,0.108,0.10450000000000001,0.1085,0.10350000000000001,0.1038,0.10600000000000001,0.10400000000000001,0.1048,0.10250000000000001,0.10250000000000001,0.1028,0.10350000000000001,0.1058,0.1003,0.1038,0.1068,0.112,0.1033,0.10450000000000001,0.10450000000000001,0.1058,0.10650000000000001,0.10200000000000001,0.1043,0.10700000000000001,0.1048,0.1053,0.10830000000000001,0.1075,0.10300000000000001,0.1028,0.10500000000000001,0.1033,0.101,0.101,0.10600000000000001,0.10250000000000001,0.1018,0.1033,0.1033,0.1008,0.099,0.10200000000000001,0.1033,0.1048,0.1018,0.10250000000000001,0.1068,0.101,0.101,0.1058,0.1085,0.1078,0.10200000000000001,0.1023,0.0998,0.10250000000000001,0.10200000000000001,0.10200000000000001,0.10550000000000001,0.10400000000000001,0.1003,0.10650000000000001,0.10880000000000001,0.1008,0.1048,0.0998,0.10250000000000001,0.10250000000000001,0.10200000000000001,0.10550000000000001,0.10400000000000001,0.1003,0.10650000000000001,0.10880000000000001,0.1008,0.1048,0.1018,0.1018,0.1063,0.0998,0.10450000000000001,0.1095,0.1043,0.1023,0.10250000000000001,0.1015,0.10550000000000001,0.10550000000000001,0.0993,0.1018,0.10400000000000001,0.10250000000000001,0.1008,0.1038,0.1023,0.1033,0.1,0.1,0.1018,0.1115,0.111,0.10250000000000001,0.1058,0.099,0.1023
2021-08-06 04:00:00,0.4353,0.389,0.26680000000000004,0.2185,0.28350000000000003,0.33530000000000004,0.3423,0.3423,0.3598,0.3528,0.341,0.4178,0.365,0.32130000000000003,0.26380000000000003,0.3028,0.317,0.317,0.3423,0.3598,0.3528,0.341,0.4178,0.365,0.32130000000000003,0.26380000000000003,0.3028,0.3028,0.317,0.3108,0.3098,0.2765,0.26230000000000003,0.4338,0.40230000000000005,0.38830000000000003,0.3365,0.3365,0.3285,0.3713,0.39280000000000004,0.368,0.3005,0.2293,0.38130000000000003,0.32980000000000004,0.3325,0.3325,0.2758,0.2645,0.3175,0.34700000000000003,0.3163,0.2073,0.1885,0.31930000000000003,0.309,0.309,0.35150000000000003,0.3553,0.304,0.2605,0.2358,0.24700000000000003,0.184,0.158,0.32230000000000003,0.32230000000000003,0.3108,0.3305,0.3335,0.29300000000000004,0.23500000000000001,0.1938,0.1865,0.202,0.1653,0.301,0.29450000000000004,0.274,0.2533,0.2953,0.2893,0.183,0.1678,0.1628,0.1628,0.1703,0.2958,0.2953,0.3013,0.3068,0.29650000000000004,0.258,0.183,0.1678,0.1678,0.1628,0.1703,0.2958,0.2953,0.3013,0.3068,0.29650000000000004,0.258,0.219,0.219,0.17200000000000001,0.1643,0.1648,0.3163,0.24550000000000002,0.3038,0.3075,0.313,0.2553,0.2553,0.2335,0.1723,0.167,0.156
2021-04-18 04:00:00,0.5435,0.5128,0.46,0.42650000000000005,0.3765,0.327,0.327,0.3135,0.326,0.326,0.34450000000000003,0.5435,0.5128,0.46,0.42650000000000005,0.3765,0.3765,0.327,0.32280000000000003,0.33680000000000004,0.389,0.433,0.5438000000000001,0.5273,0.5075000000000001,0.47550000000000003,0.47550000000000003,0.4335,0.4,0.389,0.3795,0.43,0.45580000000000004,0.5543,0.5515,0.534,0.534,0.49350000000000005,0.46480000000000005,0.46,0.4655,0.462,0.45480000000000004,0.456,0.5598000000000001,0.5475,0.5475,0.534,0.5263,0.527,0.543,0.5443,0.5355,0.518,0.4858,0.5525,0.5525,0.546,0.5413,0.5375,0.5312,0.5418000000000001,0.5435,0.5485,0.5337000000000001,0.514,0.5405,0.541,0.5435,0.5503,0.5730000000000001,0.5735,0.5680000000000001,0.5685,0.5593,0.5593,0.5518000000000001,0.5508000000000001,0.5498000000000001,0.5525,0.5630000000000001,0.5768,0.5880000000000001,0.5680000000000001,0.5685,0.5685,0.5593,0.5518000000000001,0.5508000000000001,0.5498000000000001,0.5525,0.5630000000000001,0.5768,0.5880000000000001,0.5903,0.5903,0.5890000000000001,0.5810000000000001,0.5775,0.5475,0.5555,0.5660000000000001,0.5693,0.5670000000000001,0.5635,0.5635,0.5733,0.559,0.5630000000000001,0.5828,0.5778,0.5788,0.5663,0.5573,0.562,0.562,0.5730000000000001,0.5748,0.5738,0.5535,0.5720000000000001
2021-09-08 04:00:00,0.14200000000000002,0.1265,0.12300000000000001,0.127,0.1338,0.137,0.137,0.1328,0.1365,0.14880000000000002,0.1393,0.14200000000000002,0.1265,0.12300000000000001,0.127,0.1338,0.1338,0.137,0.1365,0.1348,0.135,0.1343,0.1258,0.1275,0.1273,0.1273,0.1273,0.128,0.1283,0.1308,0.1328,0.1393,0.14750000000000002,0.1328,0.1375,0.1405,0.1405,0.1343,0.137,0.131,0.1335,0.1385,0.14400000000000002,0.1563,0.1358,0.15080000000000002,0.15080000000000002,0.1388,0.1383,0.1328,0.1323,0.13770000000000002,0.1298,0.1343,0.137,0.14150000000000001,0.14150000000000001,0.15230000000000002,0.152,0.134,0.1395,0.1318,0.133,0.1343,0.134,0.14780000000000001,0.1855,0.14880000000000002,0.1495,0.14930000000000002,0.1313,0.1325,0.1328,0.134,0.1338,0.1338,0.1358,0.1958,0.1665,0.1453,0.15380000000000002,0.1345,0.1333,0.1328,0.134,0.134,0.1338,0.1358,0.1958,0.1665,0.1453,0.15380000000000002,0.1345,0.1333,0.1395,0.1395,0.1338,0.137,0.14100000000000001,0.1668,0.1575,0.15080000000000002,0.14350000000000002,0.1285,0.1273,0.1273,0.1313,0.1288,0.1368,0.1443,0.1505,0.15180000000000002,0.1403,0.14150000000000001,0.1348,0.1348,0.1348,0.1348,0.1363,0.1383,0.13770000000000002
2021-04-04 01:00:00,0.0975,0.0998,0.0965,0.0965,0.0975,0.0983,0.099,0.0965,0.0978,0.09280000000000001,0.09680000000000001,0.0975,0.0998,0.0998,0.0965,0.0965,0.09730000000000001,0.09630000000000001,0.0975,0.0978,0.09330000000000001,0.09680000000000001,0.09580000000000001,0.09580000000000001,0.09580000000000001,0.0955,0.09580000000000001,0.09380000000000001,0.0978,0.101,0.095,0.0945,0.092,0.0915,0.0965,0.093,0.0915,0.09430000000000001,0.0945,0.09380000000000001,0.0998,0.092,0.08750000000000001,0.08750000000000001,0.09480000000000001,0.09480000000000001,0.093,0.09280000000000001,0.0935,0.09330000000000001,0.097,0.09430000000000001,0.0913,0.0913,0.093,0.09050000000000001,0.092,0.092,0.09280000000000001,0.093,0.093,0.09280000000000001,0.0903,0.0903,0.09330000000000001,0.09730000000000001,0.09430000000000001,0.09430000000000001,0.091,0.091,0.0925,0.091,0.091,0.09380000000000001,0.0915,0.0913,0.09050000000000001,0.0883,0.09230000000000001,0.0918,0.091,0.0925,0.0925,0.091,0.09380000000000001,0.0915,0.0913,0.09050000000000001,0.0883,0.09230000000000001,0.0918,0.0878,0.0878,0.09430000000000001,0.0888,0.0913,0.0883,0.0873,0.0925,0.0918,0.0925,0.0918,0.0918,0.0908,0.0918,0.0915,0.08800000000000001,0.09050000000000001,0.0898,0.08900000000000001,0.0913,0.0888,0.0888,0.09230000000000001,0.09000000000000001,0.091,0.09330000000000001,0.08650000000000001,0.0915,0.0913,0.09000000000000001
2021-04-04 04:00:00,0.138,0.13770000000000002,0.1348,0.138,0.136,0.1375,0.1375,0.135,0.1395,0.13770000000000002,0.1355,0.138,0.13770000000000002,0.1348,0.138,0.136,0.136,0.1375,0.1373,0.1388,0.13770000000000002,0.1388,0.139,0.137,0.1368,0.14150000000000001,0.14150000000000001,0.1373,0.1385,0.1363,0.1385,0.137,0.14400000000000002,0.1408,0.139,0.1398,0.1398,0.14450000000000002,0.1413,0.1385,0.1413,0.14250000000000002,0.14300000000000002,0.14880000000000002,0.1388,0.1358,0.1358,0.13770000000000002,0.1388,0.137,0.136,0.138,0.134,0.1388,0.1385,0.1393,0.1393,0.1365,0.138,0.1385,0.1388,0.1393,0.1395,0.1408,0.136,0.1398,0.14,0.14,0.1393,0.1363,0.1413,0.1418,0.1355,0.139,0.1395,0.1395,0.1358,0.1413,0.15180000000000002,0.14300000000000002,0.1395,0.14200000000000002,0.1433,0.1355,0.139,0.139,0.1395,0.1358,0.1413,0.15180000000000002,0.14300000000000002,0.1395,0.14200000000000002,0.1433,0.1393,0.1393,0.1398,0.1408,0.1398,0.1373,0.1385,0.136,0.1365,0.136,0.1375,0.1375,0.1383,0.1383,0.1358,0.1373,0.1373,0.13770000000000002,0.137,0.1388,0.1393,0.1393,0.137,0.1403,0.1388,0.137,0.13770000000000002
2021-08-02 03:00:00,0.2495,0.21630000000000002,0.21230000000000002,0.24050000000000002,0.28950000000000004,0.3533,0.3533,0.382,0.3788,0.3733,0.383,0.24880000000000002,0.202,0.21000000000000002,0.2225,0.2988,0.2988,0.3533,0.382,0.3788,0.3733,0.383,0.24880000000000002,0.202,0.21000000000000002,0.2225,0.2225,0.2988,0.3543,0.3753,0.372,0.404,0.3478,0.253,0.1968,0.2165,0.2165,0.21830000000000002,0.29200000000000004,0.3375,0.3568,0.35500000000000004,0.38480000000000003,0.3088,0.24580000000000002,0.20700000000000002,0.20700000000000002,0.223,0.24930000000000002,0.2973,0.321,0.312,0.3178,0.34550000000000003,0.32080000000000003,0.198,0.198,0.1985,0.21330000000000002,0.2328,0.26080000000000003,0.2808,0.26230000000000003,0.231,0.2565,0.2758,0.2195,0.18280000000000002,0.1923,0.20750000000000002,0.2048,0.21450000000000002,0.21130000000000002,0.2165,0.2003,0.2048,0.2048,0.20600000000000002,0.21530000000000002,0.20450000000000002,0.24630000000000002,0.21150000000000002,0.2008,0.1973,0.1943,0.1943,0.21730000000000002,0.20950000000000002,0.2023,0.2025,0.1915,0.20550000000000002,0.2033,0.2008,0.1973,0.1973,0.1943,0.21730000000000002,0.20950000000000002,0.2023,0.2025,0.1915,0.20550000000000002,0.2033,0.1825,0.1825,0.1855,0.18630000000000002,0.1998,0.2073,0.194,0.1958,0.192,0.1908,0.1758,0.1758,0.1648,0.1698,0.17750000000000002,0.18100000000000002,0.199
2021-05-18 04:00:00,0.558,0.5703,0.5525,0.547,0.5475,0.543,0.525,0.525,0.5168,0.5188,0.5163,0.548,0.5488000000000001,0.5368,0.532,0.527,0.5197,0.5197,0.525,0.5168,0.5188,0.5163,0.548,0.5488000000000001,0.5368,0.532,0.527,0.527,0.5197,0.5123,0.5148,0.5118,0.5045000000000001,0.5325,0.5298,0.523,0.5258,0.5258,0.5143,0.5038,0.501,0.5053,0.511,0.5078,0.5183,0.5123,0.5195000000000001,0.5195000000000001,0.5155000000000001,0.5035000000000001,0.5028,0.5128,0.5073,0.5138,0.5145000000000001,0.4963,0.4963,0.4963,0.49400000000000005,0.4983,0.502,0.5093,0.5033,0.5107,0.5028,0.514,0.45630000000000004,0.45630000000000004,0.46130000000000004,0.4655,0.47550000000000003,0.4913,0.5088,0.5107,0.5168,0.515,0.5165000000000001,0.4273,0.4278,0.4315,0.444,0.46230000000000004,0.48900000000000005,0.504,0.5038,0.498,0.498,0.5093,0.41400000000000003,0.42100000000000004,0.4233,0.4378,0.45930000000000004,0.48600000000000004,0.504,0.5038,0.5038,0.498,0.5093,0.41400000000000003,0.42100000000000004,0.4233,0.4378,0.45930000000000004,0.48600000000000004,0.4988,0.4988,0.496,0.501,0.5055000000000001,0.4138,0.41550000000000004,0.41150000000000003,0.4248,0.45230000000000004,0.4665,0.4665,0.4828,0.4883,0.49150000000000005,0.4958
2021-10-12 03:00:00,0.11950000000000001,0.1165,0.1178,0.124,0.1178,0.1178,0.1193,0.1193,0.1213,0.12000000000000001,0.1178,0.11950000000000001,0.1165,0.1178,0.124,0.124,0.1178,0.1213,0.11950000000000001,0.12380000000000001,0.1293,0.12250000000000001,0.1208,0.12000000000000001,0.1188,0.1188,0.11950000000000001,0.1278,0.11850000000000001,0.1193,0.1213,0.132,0.1255,0.1253,0.126,0.126,0.12100000000000001,0.11850000000000001,0.1218,0.1308,0.1288,0.1208,0.1228,0.126,0.128,0.128,0.12480000000000001,0.12200000000000001,0.1228,0.1203,0.1253,0.1273,0.126,0.12000000000000001,0.1188,0.12000000000000001,0.126,0.1268,0.127,0.125,0.13,0.1228,0.12200000000000001,0.12380000000000001,0.124,0.124,0.1233,0.12350000000000001,0.1233,0.11950000000000001,0.1338,0.1268,0.1233,0.129,0.129,0.1208,0.1268,0.1283,0.1345,0.1255,0.12380000000000001,0.1263,0.1268,0.1233,0.1233,0.129,0.1208,0.1268,0.1283,0.1345,0.1255,0.12380000000000001,0.1263,0.1275,0.1275,0.1273,0.1228,0.1245,0.1283,0.1268,0.1265,0.1258,0.12350000000000001,0.1208,0.1208,0.1268,0.1233,0.1255,0.1258,0.1305,0.127,0.1295,0.1303,0.1293,0.1293,0.1253,0.128,0.1265,0.1303,0.1258,0.1278
2021-10-24 03:00:00,0.125,0.1208,0.1223,0.12350000000000001,0.12350000000000001,0.12380000000000001,0.12300000000000001,0.1258,0.12480000000000001,0.1223,0.12480000000000001,0.1293,0.1245,0.1213,0.1213,0.1228,0.125,0.124,0.1265,0.1253,0.129,0.129,0.1245,0.1268,0.1268,0.12430000000000001,0.1255,0.1255,0.129,0.129,0.126,0.12100000000000001,0.1258,0.12430000000000001,0.12430000000000001,0.1265,0.128,0.1253,0.1255,0.129,0.1258,0.1265,0.1233,0.1245,0.1275,0.1293,0.128,0.1275,0.1278,0.1315,0.1273,0.1285,0.1288,0.1278,0.1278,0.1273,0.1278,0.1263,0.129,0.1293,0.1285,0.1268,0.1303,0.1303,0.126,0.1278,0.1283,0.131,0.1385,0.1355,0.1368,0.1285,0.1268,0.1268,0.1303,0.126,0.1278,0.1283,0.131,0.1385,0.1355,0.1368,0.1288,0.1288,0.13,0.1313,0.1325,0.1303,0.129,0.131,0.1325,0.1318,0.1273,0.1273,0.1268,0.129,0.1298,0.1338,0.1353,0.1325,0.1365,0.1375,0.1348,0.1348,0.1325,0.1353,0.1358,0.136,0.1358,0.1355,0.1353,0.1343,0.1375,0.1375,0.1365,0.1325,0.1353,0.1373,0.1355,0.1395,0.1335
2021-08-26 04:00:00,0.7055,0.7023,0.7063,0.7050000000000001,0.7103,0.684,0.684,0.662,0.6493,0.6483,0.657,0.7055,0.7023,0.7063,0.7050000000000001,0.7103,0.7103,0.684,0.6688000000000001,0.6678000000000001,0.646,0.6525000000000001,0.7138,0.6945,0.6715,0.6745,0.6745,0.7003,0.7070000000000001,0.682,0.68,0.6578,0.6585000000000001,0.7068,0.7035,0.668,0.668,0.6698000000000001,0.6873,0.6888000000000001,0.6793,0.687,0.6785,0.6863,0.7003,0.6703,0.6703,0.6653,0.6773,0.6900000000000001,0.6788000000000001,0.6788000000000001,0.6995,0.7085,0.7200000000000001,0.6930000000000001,0.6930000000000001,0.6758000000000001,0.6813,0.6745,0.6768000000000001,0.678,0.7295,0.6953,0.684,0.6848000000000001,0.7473000000000001,0.7118,0.7368,0.6925,0.6758000000000001,0.6825,0.7103,0.7405,0.6945,0.6945,0.6765,0.6990000000000001,0.6773,0.7140000000000001,0.7083,0.6878000000000001,0.7080000000000001,0.7103,0.7405,0.7405,0.6945,0.6765,0.6990000000000001,0.6773,0.7140000000000001,0.7083,0.6878000000000001,0.7080000000000001,0.7338,0.7338,0.6990000000000001,0.6865,0.6723,0.727,0.6885,0.6923,0.6998000000000001,0.6898000000000001,0.6875,0.6875,0.6975,0.6803,0.6805,0.7010000000000001,0.6953,0.6945,0.7110000000000001,0.6853,0.6828000000000001,0.6828000000000001,0.6930000000000001,0.6928000000000001,0.6900000000000001,0.7080000000000001,0.7705000000000001
2021-09-01 03:00:00,0.5703,0.5665,0.5738,0.5645,0.5513,0.5513,0.5418000000000001,0.546,0.5188,0.5395,0.52,0.5703,0.5665,0.5738,0.5645,0.5645,0.5513,0.524,0.541,0.5293,0.5435,0.526,0.5688,0.5775,0.5690000000000001,0.5690000000000001,0.5710000000000001,0.5710000000000001,0.5445,0.5473,0.5595,0.5455,0.5188,0.5903,0.5893,0.5893,0.5878,0.5660000000000001,0.5883,0.5703,0.5643,0.5773,0.5513,0.4893,0.6013000000000001,0.6013000000000001,0.5935,0.5800000000000001,0.5788,0.5585,0.5755,0.5475,0.535,0.5058,0.444,0.6038,0.603,0.609,0.5953,0.5678000000000001,0.539,0.522,0.5538000000000001,0.5670000000000001,0.4985,0.4985,0.6128,0.6063000000000001,0.6175,0.5948,0.5585,0.5345,0.5413,0.5673,0.5673,0.6058,0.5495,0.6393,0.629,0.6158,0.5798,0.5855,0.5345,0.5413,0.5413,0.5673,0.6058,0.5495,0.6393,0.629,0.6158,0.5798,0.5855,0.5695,0.5695,0.5128,0.5513,0.5755,0.5308,0.6423,0.6523,0.6238,0.607,0.6108,0.6108,0.6013000000000001,0.5335,0.5005000000000001,0.5373,0.544,0.6245,0.6533,0.6283000000000001,0.5873,0.5873,0.6063000000000001,0.5995,0.5695,0.556,0.5283,0.49400000000000005
2021-12-29 04:00:00,0.1218,0.1223,0.1203,0.1203,0.12000000000000001,0.1223,0.1223,0.1208,0.12350000000000001,0.1233,0.124,0.1213,0.1228,0.1228,0.1233,0.1258,0.12150000000000001,0.1228,0.128,0.12200000000000001,0.1223,0.12300000000000001,0.1223,0.1223,0.1233,0.1223,0.12250000000000001,0.1273,0.12380000000000001,0.1228,0.1263,0.12050000000000001,0.1208,0.1245,0.125,0.12200000000000001,0.1255,0.1228,0.1228,0.12150000000000001,0.1213,0.1313,0.12250000000000001,0.12250000000000001,0.1245,0.1255,0.1233,0.1213,0.1268,0.1203,0.12200000000000001,0.12430000000000001,0.12430000000000001,0.1258,0.12430000000000001,0.1278,0.12480000000000001,0.12430000000000001,0.12350000000000001,0.12250000000000001,0.1203,0.12200000000000001,0.12200000000000001,0.12430000000000001,0.1258,0.12430000000000001,0.1278,0.12480000000000001,0.12430000000000001,0.12350000000000001,0.12250000000000001,0.1285,0.1285,0.12300000000000001,0.12250000000000001,0.124,0.125,0.12150000000000001,0.124,0.1273,0.1273,0.12050000000000001,0.12050000000000001,0.1245,0.1213,0.1213,0.1223,0.1213,0.12250000000000001,0.12250000000000001,0.1318,0.1213,0.1213,0.12000000000000001,0.1263,0.1255,0.127,0.124,0.1268,0.124,0.12350000000000001,0.1268,0.1268,0.12380000000000001,0.12300000000000001,0.129,0.12380000000000001,0.124,0.1233,0.1263,0.12050000000000001,0.1223,0.1223,0.125,0.1245,0.127,0.126,0.12380000000000001,0.1245,0.1288,0.12250000000000001
2021-03-03 02:00:00,0.33230000000000004,0.33080000000000004,0.3458,0.3458,0.371,0.367,0.369,0.3643,0.3675,0.3683,0.3723,0.33230000000000004,0.33080000000000004,0.33080000000000004,0.3458,0.35450000000000004,0.35500000000000004,0.36000000000000004,0.3608,0.35900000000000004,0.36300000000000004,0.3743,0.3355,0.3355,0.32530000000000003,0.33430000000000004,0.3438,0.35450000000000004,0.3508,0.34950000000000003,0.35050000000000003,0.3548,0.3593,0.3448,0.3448,0.33630000000000004,0.32730000000000004,0.3493,0.34900000000000003,0.3503,0.326,0.3173,0.3088,0.3088,0.3428,0.3508,0.3395,0.31880000000000003,0.33180000000000004,0.33280000000000004,0.3178,0.2948,0.2995,0.2995,0.29450000000000004,0.32,0.3325,0.31880000000000003,0.2995,0.28650000000000003,0.3013,0.3025,0.3033,0.3033,0.3115,0.3205,0.261,0.28300000000000003,0.2928,0.2908,0.28250000000000003,0.2975,0.2975,0.298,0.2995,0.304,0.3033,0.23500000000000001,0.2582,0.2858,0.2908,0.28250000000000003,0.28250000000000003,0.2975,0.298,0.2995,0.304,0.3033,0.23500000000000001,0.2582,0.2858,0.29350000000000004,0.29350000000000004,0.29600000000000004,0.3093,0.3163,0.32680000000000003,0.33130000000000004,0.3335,0.26780000000000004,0.2755,0.28350000000000003,0.28350000000000003,0.2893,0.2923,0.299,0.3178,0.325,0.32780000000000004,0.3365,0.2953,0.299,0.299,0.29300000000000004,0.28800000000000003,0.276,0.275,0.2908,0.3115,0.3158,0.3195
2021-04-27 03:00:00,0.2803,0.28500000000000003,0.2748,0.2868,0.2985,0.2985,0.24080000000000001,0.24300000000000002,0.2565,0.2582,0.2848,0.2803,0.28500000000000003,0.2748,0.2868,0.2868,0.2985,0.29350000000000004,0.28700000000000003,0.2928,0.2773,0.2995,0.2803,0.256,0.2285,0.2285,0.1963,0.24180000000000001,0.3265,0.3553,0.34400000000000003,0.3415,0.3225,0.2378,0.257,0.257,0.2543,0.2515,0.29250000000000004,0.33130000000000004,0.31980000000000003,0.2993,0.3108,0.3155,0.2545,0.2545,0.24780000000000002,0.2748,0.2765,0.2768,0.2685,0.2525,0.256,0.2533,0.26080000000000003,0.2858,0.2715,0.25,0.24150000000000002,0.25120000000000003,0.248,0.2585,0.2303,0.224,0.215,0.215,0.2695,0.28350000000000003,0.2728,0.25630000000000003,0.24350000000000002,0.229,0.24130000000000001,0.23650000000000002,0.23650000000000002,0.2283,0.21130000000000002,0.2255,0.254,0.2627,0.258,0.24830000000000002,0.229,0.24130000000000001,0.24130000000000001,0.23650000000000002,0.2283,0.21130000000000002,0.2255,0.254,0.2627,0.258,0.24830000000000002,0.2268,0.2268,0.21780000000000002,0.218,0.20700000000000002,0.1948,0.1885,0.21830000000000002,0.24300000000000002,0.24150000000000002,0.2323,0.2323,0.1993,0.1908,0.1928,0.1933,0.18680000000000002,0.1895,0.2013,0.1963,0.193,0.193,0.18080000000000002,0.1913,0.1978,0.1945,0.189,0.1865
2021-10-11 03:00:00,0.436,0.4295,0.4278,0.41800000000000004,0.38880000000000003,0.38880000000000003,0.341,0.3435,0.3745,0.3808,0.39630000000000004,0.436,0.4295,0.4278,0.41800000000000004,0.41800000000000004,0.38880000000000003,0.3225,0.2918,0.308,0.3633,0.381,0.45030000000000003,0.4413,0.4423,0.4423,0.431,0.41750000000000004,0.3678,0.3645,0.3473,0.36150000000000004,0.3775,0.4465,0.45430000000000004,0.45430000000000004,0.4418,0.4373,0.44780000000000003,0.442,0.42550000000000004,0.41600000000000004,0.4083,0.41300000000000003,0.39230000000000004,0.39230000000000004,0.42350000000000004,0.4288,0.438,0.436,0.45130000000000003,0.4413,0.4585,0.45030000000000003,0.45130000000000003,0.4333,0.4073,0.39330000000000004,0.38980000000000004,0.42400000000000004,0.4258,0.46430000000000005,0.4545,0.447,0.4565,0.4565,0.3995,0.366,0.38430000000000003,0.3748,0.39930000000000004,0.3975,0.4418,0.437,0.437,0.42400000000000004,0.4403,0.39,0.3658,0.3408,0.34750000000000003,0.327,0.3975,0.4418,0.4418,0.437,0.42400000000000004,0.4403,0.39,0.3658,0.3408,0.34750000000000003,0.327,0.3103,0.3103,0.3808,0.39480000000000004,0.3805,0.39880000000000004,0.3798,0.34950000000000003,0.33,0.3463,0.3458,0.3458,0.323,0.306,0.3498,0.3275,0.3355,0.384,0.35950000000000004,0.337,0.3638,0.3638,0.3865,0.3493,0.3033,0.32830000000000004,0.325,0.33480000000000004
2021-09-10 02:00:00,0.0915,0.09480000000000001,0.0903,0.09430000000000001,0.09430000000000001,0.09050000000000001,0.093,0.0925,0.09480000000000001,0.0945,0.094,0.0915,0.09480000000000001,0.0903,0.0903,0.09430000000000001,0.09530000000000001,0.09230000000000001,0.09280000000000001,0.09230000000000001,0.094,0.09480000000000001,0.091,0.0993,0.0993,0.09480000000000001,0.09380000000000001,0.09280000000000001,0.0998,0.095,0.1015,0.09580000000000001,0.0955,0.0965,0.0965,0.09230000000000001,0.09530000000000001,0.096,0.094,0.0955,0.09730000000000001,0.1033,0.0983,0.092,0.093,0.0983,0.09380000000000001,0.09480000000000001,0.09680000000000001,0.0978,0.099,0.099,0.096,0.09630000000000001,0.09630000000000001,0.0925,0.09630000000000001,0.092,0.0955,0.0955,0.097,0.0988,0.0993,0.0985,0.0985,0.0985,0.09680000000000001,0.09430000000000001,0.09380000000000001,0.0985,0.09430000000000001,0.094,0.09530000000000001,0.09530000000000001,0.094,0.096,0.095,0.09480000000000001,0.096,0.09530000000000001,0.0915,0.09430000000000001,0.094,0.094,0.09530000000000001,0.094,0.096,0.095,0.09480000000000001,0.096,0.09530000000000001,0.0915,0.092,0.092,0.0925,0.0935,0.0983,0.0955,0.09430000000000001,0.0965,0.09730000000000001,0.095,0.1003,0.1003,0.09430000000000001,0.0975,0.09680000000000001,0.1,0.0988,0.1,0.09630000000000001,0.097,0.09480000000000001,0.09480000000000001,0.0978,0.1008,0.1003,0.09580000000000001,0.0975,0.1023,0.1015
2021-09-08 03:00:00,0.149,0.1398,0.18430000000000002,0.1888,0.1613,0.1613,0.1558,0.1405,0.14300000000000002,0.1208,0.1223,0.149,0.1398,0.18430000000000002,0.1888,0.1888,0.1613,0.1573,0.14200000000000002,0.1393,0.1188,0.132,0.1395,0.1335,0.1315,0.1315,0.18380000000000002,0.268,0.2783,0.1663,0.1368,0.1283,0.1328,0.1468,0.137,0.137,0.14200000000000002,0.15230000000000002,0.1438,0.157,0.1448,0.1423,0.14400000000000002,0.14,0.1345,0.1345,0.12250000000000001,0.1233,0.1283,0.12300000000000001,0.1258,0.1263,0.135,0.13770000000000002,0.1418,0.1288,0.1203,0.1173,0.11800000000000001,0.11950000000000001,0.1223,0.128,0.1385,0.1348,0.1405,0.1405,0.12050000000000001,0.1258,0.1178,0.1255,0.1218,0.1228,0.1298,0.1348,0.1348,0.1433,0.14600000000000002,0.1323,0.1303,0.1253,0.1198,0.1275,0.1228,0.1298,0.1298,0.1348,0.1433,0.14600000000000002,0.1323,0.1303,0.1253,0.1198,0.1275,0.1273,0.1273,0.135,0.13770000000000002,0.14980000000000002,0.154,0.124,0.1363,0.1308,0.1278,0.12200000000000001,0.12200000000000001,0.1273,0.1338,0.1303,0.16,0.151,0.1228,0.1345,0.1303,0.1335,0.1335,0.12380000000000001,0.1315,0.1328,0.1265,0.1368,0.139
2021-05-05 04:00:00,0.1563,0.15180000000000002,0.14300000000000002,0.1413,0.1438,0.14600000000000002,0.14830000000000002,0.14830000000000002,0.1703,0.1685,0.1588,0.1568,0.15480000000000002,0.14800000000000002,0.14880000000000002,0.1633,0.154,0.154,0.14830000000000002,0.1703,0.1685,0.1588,0.1568,0.15480000000000002,0.14800000000000002,0.14880000000000002,0.1633,0.1633,0.154,0.1558,0.1663,0.1915,0.18130000000000002,0.1713,0.1643,0.15280000000000002,0.1588,0.1588,0.1708,0.1618,0.18180000000000002,0.17700000000000002,0.1965,0.1965,0.1983,0.1898,0.17800000000000002,0.17800000000000002,0.1743,0.1718,0.1688,0.1993,0.18000000000000002,0.1778,0.1935,0.3398,0.32180000000000003,0.32180000000000003,0.2258,0.1893,0.1903,0.1668,0.2003,0.184,0.17600000000000002,0.18030000000000002,0.47600000000000003,0.47600000000000003,0.432,0.331,0.3008,0.2808,0.2023,0.1995,0.2205,0.20980000000000001,0.1918,0.5038,0.512,0.47500000000000003,0.4743,0.5078,0.456,0.3975,0.3775,0.3425,0.3425,0.24300000000000002,0.5225000000000001,0.5312,0.521,0.538,0.5413,0.5153,0.3975,0.3775,0.3775,0.3425,0.24300000000000002,0.5225000000000001,0.5312,0.521,0.538,0.5413,0.5153,0.4938,0.4938,0.4565,0.364,0.2948,0.391,0.5195000000000001,0.5768,0.5798,0.5575,0.5623,0.5623,0.5375,0.51,0.46730000000000005,0.3023
2021-07-03 04:00:00,0.215,0.229,0.2918,0.3593,0.276,0.308,0.231,0.231,0.2882,0.2853,0.32780000000000004,0.21530000000000002,0.1978,0.2033,0.2558,0.28400000000000003,0.311,0.311,0.231,0.2882,0.2853,0.32780000000000004,0.21530000000000002,0.1978,0.2033,0.2558,0.28400000000000003,0.28400000000000003,0.311,0.252,0.2882,0.2868,0.29550000000000004,0.2575,0.21180000000000002,0.24050000000000002,0.2565,0.2565,0.21880000000000002,0.217,0.163,0.21480000000000002,0.2348,0.24180000000000001,0.24700000000000003,0.2008,0.22,0.22,0.2495,0.269,0.23,0.1895,0.2088,0.1835,0.2088,0.317,0.2358,0.2358,0.21050000000000002,0.2485,0.29200000000000004,0.24880000000000002,0.18430000000000002,0.1883,0.1953,0.21630000000000002,0.2313,0.2313,0.201,0.1913,0.21730000000000002,0.26880000000000004,0.24450000000000002,0.1733,0.188,0.182,0.21380000000000002,0.1563,0.2058,0.1883,0.19,0.18130000000000002,0.21580000000000002,0.2328,0.1975,0.1908,0.1908,0.1665,0.1715,0.18180000000000002,0.17980000000000002,0.18080000000000002,0.17300000000000001,0.21200000000000002,0.2328,0.1975,0.1975,0.1908,0.1665,0.1715,0.18180000000000002,0.17980000000000002,0.18080000000000002,0.17300000000000001,0.21200000000000002,0.2223,0.2223,0.1713,0.1895,0.18030000000000002,0.17800000000000002,0.1648,0.1638,0.17400000000000002,0.1688,0.1963,0.1963,0.225,0.17830000000000001,0.1953,0.17980000000000002
2021-07-24 03:00:00,0.1613,0.153,0.1613,0.1635,0.164,0.1638,0.1638,0.1615,0.1565,0.158,0.15280000000000002,0.1875,0.17500000000000002,0.17930000000000001,0.1693,0.17300000000000001,0.17300000000000001,0.1638,0.1615,0.1565,0.158,0.15280000000000002,0.1875,0.17500000000000002,0.17930000000000001,0.1693,0.1693,0.17300000000000001,0.18100000000000002,0.1708,0.169,0.16,0.15280000000000002,0.16,0.1623,0.1615,0.1615,0.1545,0.1695,0.1678,0.167,0.166,0.1598,0.1545,0.1353,0.14350000000000002,0.14350000000000002,0.1413,0.15,0.15180000000000002,0.1648,0.18730000000000002,0.17,0.1718,0.15280000000000002,0.1255,0.1255,0.1245,0.139,0.1335,0.1373,0.1555,0.1593,0.1405,0.14650000000000002,0.1323,0.128,0.1303,0.1325,0.14800000000000002,0.1468,0.1353,0.1433,0.1365,0.1338,0.1443,0.1443,0.1358,0.1333,0.1395,0.14500000000000002,0.14400000000000002,0.136,0.1398,0.136,0.136,0.1308,0.131,0.14730000000000001,0.139,0.1365,0.1448,0.136,0.136,0.1398,0.1398,0.136,0.1308,0.131,0.14730000000000001,0.139,0.1365,0.1448,0.136,0.1325,0.1325,0.13770000000000002,0.12380000000000001,0.1203,0.134,0.13,0.1285,0.12050000000000001,0.128,0.1323,0.1323,0.12300000000000001,0.12050000000000001,0.1208,0.1178,0.125
2021-09-09 04:00:00,0.444,0.4093,0.40900000000000003,0.40080000000000005,0.399,0.40950000000000003,0.40950000000000003,0.2878,0.2358,0.2793,0.3398,0.444,0.4093,0.40900000000000003,0.40080000000000005,0.399,0.399,0.40950000000000003,0.326,0.24430000000000002,0.23450000000000001,0.29550000000000004,0.3728,0.3738,0.42100000000000004,0.4368,0.4368,0.38180000000000003,0.46630000000000005,0.44,0.321,0.28850000000000003,0.313,0.3205,0.2655,0.3708,0.3708,0.4025,0.3528,0.3423,0.385,0.369,0.3048,0.2888,0.28850000000000003,0.2812,0.2812,0.3115,0.2818,0.2595,0.302,0.34550000000000003,0.3385,0.3073,0.232,0.278,0.278,0.2363,0.23950000000000002,0.3383,0.28700000000000003,0.26180000000000003,0.3735,0.331,0.2995,0.28,0.2738,0.24730000000000002,0.2175,0.2393,0.28700000000000003,0.2898,0.259,0.2793,0.2833,0.2833,0.248,0.3058,0.2615,0.335,0.38430000000000003,0.3175,0.26580000000000004,0.259,0.2793,0.2793,0.2833,0.248,0.3058,0.2615,0.335,0.38430000000000003,0.3175,0.26580000000000004,0.2258,0.2258,0.1945,0.186,0.1918,0.3683,0.3523,0.3135,0.395,0.4268,0.3305,0.3305,0.20350000000000001,0.1903,0.1998,0.2033,0.4033,0.3763,0.3643,0.3633,0.331,0.331,0.2783,0.18780000000000002,0.1925,0.2233,0.21250000000000002
2021-05-27 04:00:00,0.3335,0.3425,0.313,0.3508,0.3548,0.3128,0.3128,0.3128,0.3015,0.26780000000000004,0.24830000000000002,0.2778,0.24980000000000002,0.29000000000000004,0.281,0.2793,0.2918,0.2918,0.3128,0.3015,0.26780000000000004,0.24830000000000002,0.2778,0.24980000000000002,0.29000000000000004,0.281,0.2793,0.2793,0.2918,0.303,0.309,0.262,0.2303,0.28600000000000003,0.2768,0.21180000000000002,0.1955,0.1955,0.23500000000000001,0.28450000000000003,0.2918,0.26030000000000003,0.23900000000000002,0.268,0.2695,0.265,0.2353,0.2353,0.201,0.2525,0.28700000000000003,0.311,0.29400000000000004,0.307,0.32430000000000003,0.2165,0.23450000000000001,0.23450000000000001,0.2028,0.1768,0.192,0.20980000000000001,0.2705,0.24650000000000002,0.3003,0.2903,0.2403,0.2403,0.2288,0.218,0.1825,0.1675,0.161,0.1763,0.191,0.1915,0.18130000000000002,0.228,0.24330000000000002,0.26730000000000004,0.303,0.2288,0.20500000000000002,0.17650000000000002,0.17900000000000002,0.169,0.169,0.1685,0.23600000000000002,0.2348,0.21880000000000002,0.199,0.1855,0.2253,0.17650000000000002,0.17900000000000002,0.17900000000000002,0.169,0.1685,0.23600000000000002,0.2348,0.21880000000000002,0.199,0.1855,0.2253,0.21030000000000001,0.21030000000000001,0.1968,0.1688,0.1665,0.24500000000000002,0.24100000000000002,0.2093,0.17850000000000002,0.197,0.252,0.252,0.217,0.1923,0.233,0.24550000000000002
2021-06-26 02:00:00,0.4783,0.45730000000000004,0.4428,0.4685,0.48400000000000004,0.48400000000000004,0.45680000000000004,0.4223,0.45,0.42400000000000004,0.3965,0.4873,0.4763,0.467,0.47950000000000004,0.47950000000000004,0.48400000000000004,0.45680000000000004,0.4223,0.45,0.42400000000000004,0.3965,0.4873,0.4763,0.467,0.467,0.47950000000000004,0.4605,0.46680000000000005,0.465,0.4418,0.445,0.4048,0.4988,0.48100000000000004,0.48100000000000004,0.4718,0.48300000000000004,0.4515,0.4595,0.4585,0.4565,0.4525,0.45530000000000004,0.46330000000000005,0.46330000000000005,0.4635,0.48450000000000004,0.4778,0.46480000000000005,0.4888,0.49150000000000005,0.45830000000000004,0.45980000000000004,0.4853,0.498,0.49250000000000005,0.4738,0.46580000000000005,0.4525,0.4368,0.4665,0.47200000000000003,0.47350000000000003,0.456,0.456,0.5135000000000001,0.507,0.48650000000000004,0.4758,0.456,0.45330000000000004,0.45480000000000004,0.45830000000000004,0.46230000000000004,0.46230000000000004,0.46730000000000005,0.4853,0.48300000000000004,0.461,0.458,0.46480000000000005,0.46830000000000005,0.45330000000000004,0.45330000000000004,0.453,0.448,0.453,0.4455,0.45580000000000004,0.47950000000000004,0.45630000000000004,0.46480000000000005,0.46830000000000005,0.46830000000000005,0.45330000000000004,0.453,0.448,0.453,0.4455,0.45580000000000004,0.47950000000000004,0.45630000000000004,0.448,0.448,0.45330000000000004,0.464,0.4685,0.46430000000000005,0.4475,0.48700000000000004,0.4793,0.498,0.4893,0.4893,0.46900000000000003,0.46,0.45,0.4718,0.48900000000000005,0.47200000000000003
2021-10-21 04:00:00,0.1338,0.135,0.1338,0.133,0.1355,0.1355,0.1335,0.1335,0.1353,0.1333,0.135,0.1315,0.1353,0.1353,0.1318,0.1318,0.1335,0.1343,0.1345,0.1368,0.1385,0.1363,0.1388,0.1408,0.1375,0.1375,0.1328,0.1343,0.1398,0.1365,0.14500000000000002,0.1343,0.14,0.1385,0.136,0.136,0.136,0.1363,0.1345,0.13770000000000002,0.1308,0.1328,0.1333,0.1353,0.1365,0.1365,0.1368,0.139,0.1385,0.137,0.1385,0.1355,0.13770000000000002,0.1373,0.1393,0.1388,0.1405,0.14350000000000002,0.14250000000000002,0.137,0.135,0.1365,0.14,0.1375,0.1375,0.13770000000000002,0.1393,0.14650000000000002,0.1418,0.1418,0.14250000000000002,0.1403,0.1365,0.14,0.14,0.1375,0.13770000000000002,0.1393,0.14650000000000002,0.1418,0.1418,0.14250000000000002,0.1403,0.14350000000000002,0.14350000000000002,0.13770000000000002,0.14350000000000002,0.1398,0.138,0.138,0.139,0.14150000000000001,0.14250000000000002,0.1368,0.1368,0.13770000000000002,0.1368,0.13770000000000002,0.13770000000000002,0.14400000000000002,0.14200000000000002,0.14250000000000002,0.1418,0.14450000000000002,0.14450000000000002,0.1433,0.14200000000000002,0.1388,0.14150000000000001,0.14500000000000002,0.14150000000000001,0.1403,0.14200000000000002,0.14400000000000002,0.14400000000000002,0.1448,0.14600000000000002,0.14650000000000002,0.1453,0.14500000000000002,0.14250000000000002
2021-05-30 02:00:00,0.10500000000000001,0.1125,0.1085,0.1038,0.1058,0.1058,0.1023,0.1073,0.1008,0.1073,0.10350000000000001,0.0998,0.10830000000000001,0.10450000000000001,0.1073,0.1073,0.1058,0.1023,0.1073,0.1008,0.1073,0.10350000000000001,0.0998,0.10830000000000001,0.10450000000000001,0.10450000000000001,0.1073,0.0993,0.1008,0.1003,0.1033,0.1038,0.10350000000000001,0.10200000000000001,0.1075,0.1075,0.1058,0.1008,0.10250000000000001,0.10400000000000001,0.1053,0.10650000000000001,0.1058,0.1033,0.10450000000000001,0.10450000000000001,0.10300000000000001,0.1005,0.10300000000000001,0.10400000000000001,0.10300000000000001,0.10450000000000001,0.11,0.1043,0.1005,0.10600000000000001,0.109,0.1075,0.10350000000000001,0.1033,0.10200000000000001,0.1048,0.1008,0.1048,0.10500000000000001,0.10500000000000001,0.10550000000000001,0.1023,0.10450000000000001,0.1043,0.10300000000000001,0.1058,0.1048,0.1023,0.1008,0.1008,0.10650000000000001,0.1095,0.10550000000000001,0.11,0.10300000000000001,0.1003,0.10450000000000001,0.1063,0.1063,0.1028,0.10450000000000001,0.0998,0.1078,0.10980000000000001,0.1068,0.10600000000000001,0.1003,0.10450000000000001,0.10450000000000001,0.1063,0.1028,0.10450000000000001,0.0998,0.1078,0.10980000000000001,0.1068,0.10600000000000001,0.1048,0.1048,0.1053,0.1058,0.10500000000000001,0.10550000000000001,0.1068,0.1105,0.11030000000000001,0.109,0.10830000000000001,0.10830000000000001,0.10700000000000001,0.1075,0.109,0.108,0.11080000000000001,0.1135
2021-02-15 03:00:00,0.3425,0.34950000000000003,0.32980000000000004,0.32980000000000004,0.32630000000000003,0.333,0.33130000000000004,0.342,0.334,0.317,0.31880000000000003,0.303,0.32880000000000004,0.32880000000000004,0.3235,0.3045,0.3035,0.3155,0.326,0.334,0.33080000000000004,0.3493,0.3025,0.3025,0.33030000000000004,0.309,0.309,0.3128,0.31930000000000003,0.335,0.3518,0.38280000000000003,0.4233,0.32030000000000003,0.3315,0.3423,0.3398,0.32980000000000004,0.34600000000000003,0.3713,0.39380000000000004,0.3895,0.39780000000000004,0.39780000000000004,0.38480000000000003,0.39080000000000004,0.3925,0.40180000000000005,0.40130000000000005,0.40280000000000005,0.389,0.385,0.382,0.382,0.3795,0.4178,0.4128,0.41950000000000004,0.42200000000000004,0.4083,0.4055,0.4015,0.4015,0.4,0.368,0.3395,0.4248,0.42500000000000004,0.42100000000000004,0.39680000000000004,0.4083,0.4055,0.4055,0.4015,0.4,0.368,0.3395,0.4248,0.42500000000000004,0.42100000000000004,0.39680000000000004,0.39280000000000004,0.39280000000000004,0.38980000000000004,0.3735,0.375,0.3668,0.3185,0.4213,0.41250000000000003,0.4098,0.4128,0.4128,0.3995,0.38280000000000003,0.3635,0.35450000000000004,0.3435,0.321,0.4055,0.4033,0.40030000000000004,0.40030000000000004,0.39980000000000004,0.3985,0.3945,0.3798,0.3743,0.3655,0.3373,0.39880000000000004,0.378,0.378,0.3758,0.3805,0.3733,0.36300000000000004,0.35950000000000004,0.3438,0.3675,0.3553
2021-07-24 05:00:00,0.304,0.26780000000000004,0.2033,0.2245,0.2298,0.1708,0.14800000000000002,0.14800000000000002,0.14830000000000002,0.1563,0.1643,0.2697,0.2713,0.2748,0.24130000000000001,0.199,0.1623,0.1623,0.14800000000000002,0.14830000000000002,0.1563,0.1643,0.2697,0.2713,0.2748,0.24130000000000001,0.199,0.199,0.1623,0.1603,0.1668,0.1685,0.1633,0.2728,0.28900000000000003,0.2548,0.20850000000000002,0.20850000000000002,0.203,0.1933,0.2025,0.2008,0.18630000000000002,0.1728,0.31,0.2903,0.25780000000000003,0.25780000000000003,0.231,0.2263,0.23500000000000001,0.24180000000000001,0.2248,0.2315,0.2293,0.3175,0.2903,0.2903,0.26180000000000003,0.24880000000000002,0.2595,0.2582,0.25730000000000003,0.226,0.21380000000000002,0.1945,0.28900000000000003,0.28900000000000003,0.24430000000000002,0.21280000000000002,0.20750000000000002,0.2088,0.1998,0.1938,0.1875,0.185,0.1835,0.2938,0.252,0.21930000000000002,0.2058,0.20550000000000002,0.198,0.1913,0.183,0.1723,0.1723,0.17950000000000002,0.274,0.23450000000000001,0.2068,0.1928,0.1918,0.1865,0.1913,0.183,0.183,0.1723,0.17950000000000002,0.274,0.23450000000000001,0.2068,0.1928,0.1918,0.1865,0.171,0.171,0.17450000000000002,0.17250000000000001,0.18280000000000002,0.2665,0.2155,0.1888,0.1723,0.1648,0.1908,0.1908,0.18630000000000002,0.18280000000000002,0.18330000000000002,0.1695
2021-12-01 04:00:00,0.1708,0.1245,0.12250000000000001,0.14300000000000002,0.14300000000000002,0.21630000000000002,0.17700000000000002,0.1433,0.1558,0.1688,0.17450000000000002,0.1223,0.12050000000000001,0.1208,0.1208,0.11950000000000001,0.1663,0.1395,0.1298,0.136,0.13,0.15230000000000002,0.1208,0.11800000000000001,0.11800000000000001,0.1245,0.12480000000000001,0.1348,0.131,0.129,0.1363,0.1275,0.1265,0.12200000000000001,0.12200000000000001,0.1333,0.1273,0.1288,0.1213,0.124,0.1308,0.1458,0.14200000000000002,0.131,0.1173,0.117,0.1198,0.1158,0.1218,0.1245,0.1333,0.1275,0.129,0.129,0.1398,0.12050000000000001,0.117,0.125,0.1293,0.1348,0.149,0.1333,0.1275,0.1275,0.129,0.1398,0.12050000000000001,0.117,0.125,0.1293,0.1348,0.149,0.134,0.134,0.127,0.115,0.12000000000000001,0.1198,0.1245,0.128,0.1255,0.1173,0.1358,0.1358,0.1213,0.1278,0.1193,0.1183,0.1203,0.117,0.1255,0.12300000000000001,0.1168,0.1168,0.1155,0.1203,0.12100000000000001,0.12350000000000001,0.12250000000000001,0.1188,0.1203,0.116,0.12250000000000001,0.12250000000000001,0.12000000000000001,0.12050000000000001,0.1268,0.12200000000000001,0.12480000000000001,0.12380000000000001,0.1178,0.12100000000000001,0.1233,0.1233,0.11850000000000001,0.12100000000000001,0.1288,0.128,0.1203,0.1298,0.1265
2021-05-03 02:00:00,0.4303,0.4298,0.4153,0.38580000000000003,0.34600000000000003,0.34600000000000003,0.32030000000000003,0.29350000000000004,0.2713,0.2495,0.2245,0.4208,0.405,0.3765,0.35400000000000004,0.35400000000000004,0.34600000000000003,0.32030000000000003,0.29350000000000004,0.2713,0.2495,0.2245,0.4208,0.405,0.3765,0.3765,0.35400000000000004,0.3335,0.3143,0.29350000000000004,0.2743,0.24100000000000002,0.21130000000000002,0.4025,0.3623,0.3623,0.3418,0.33,0.324,0.3043,0.2893,0.268,0.24550000000000002,0.20500000000000002,0.3723,0.3723,0.3458,0.3538,0.33480000000000004,0.328,0.312,0.2908,0.2733,0.2505,0.24830000000000002,0.34400000000000003,0.3558,0.3655,0.3703,0.3578,0.35400000000000004,0.3443,0.33130000000000004,0.3648,0.396,0.396,0.3618,0.3805,0.40700000000000003,0.4035,0.4073,0.40700000000000003,0.41250000000000003,0.41400000000000003,0.41650000000000004,0.41650000000000004,0.4138,0.40230000000000005,0.4263,0.45,0.46950000000000003,0.46180000000000004,0.44730000000000003,0.44530000000000003,0.44530000000000003,0.4308,0.434,0.41150000000000003,0.43,0.45580000000000004,0.48650000000000004,0.48800000000000004,0.46180000000000004,0.44730000000000003,0.44730000000000003,0.44530000000000003,0.4308,0.434,0.41150000000000003,0.43,0.45580000000000004,0.48650000000000004,0.48800000000000004,0.46880000000000005,0.46880000000000005,0.44780000000000003,0.434,0.42850000000000005,0.4188,0.4158,0.45830000000000004,0.46830000000000005,0.48750000000000004,0.4763,0.4763,0.46780000000000005,0.4303,0.4143,0.40750000000000003,0.40950000000000003,0.41250000000000003
2021-05-11 03:00:00,0.6403,0.6573,0.6618,0.66,0.6548,0.667,0.667,0.6713,0.6890000000000001,0.7213,0.7245,0.6353,0.651,0.6603,0.6483,0.639,0.639,0.667,0.6713,0.6890000000000001,0.7213,0.7245,0.6353,0.651,0.6603,0.6483,0.6483,0.639,0.64,0.6545000000000001,0.6745,0.6963,0.6965,0.657,0.6483,0.62,0.62,0.6148,0.6275000000000001,0.6265000000000001,0.6313000000000001,0.6465000000000001,0.6715,0.6923,0.6948000000000001,0.6908000000000001,0.6908000000000001,0.658,0.629,0.6253000000000001,0.6108,0.631,0.6438,0.6568,0.676,0.6945,0.6945,0.7008,0.6903,0.66,0.6473,0.6373,0.6188,0.6258,0.6405000000000001,0.6605000000000001,0.6755,0.6995,0.6985,0.6843,0.677,0.6535000000000001,0.6428,0.6263000000000001,0.6153000000000001,0.6243000000000001,0.6243000000000001,0.642,0.668,0.6758000000000001,0.6758000000000001,0.6563,0.6723,0.6495000000000001,0.6548,0.6548,0.6498,0.6493,0.6198,0.625,0.638,0.65,0.6755,0.6723,0.6495000000000001,0.6495000000000001,0.6548,0.6498,0.6493,0.6198,0.625,0.638,0.65,0.6755,0.6475000000000001,0.6475000000000001,0.6235,0.6653,0.6618,0.6745,0.6253000000000001,0.614,0.6188,0.6273000000000001,0.6695,0.6695,0.6463,0.6003000000000001,0.6433,0.6615,0.6605000000000001
2021-04-10 04:00:00,0.20400000000000001,0.2508,0.2715,0.21780000000000002,0.189,0.191,0.191,0.1963,0.2343,0.24650000000000002,0.25780000000000003,0.20400000000000001,0.2508,0.2715,0.21780000000000002,0.189,0.189,0.191,0.19,0.1915,0.20500000000000002,0.21200000000000002,0.1903,0.1965,0.24450000000000002,0.26030000000000003,0.26030000000000003,0.20550000000000002,0.1948,0.1963,0.2013,0.1953,0.1935,0.1913,0.1968,0.2053,0.2053,0.22130000000000002,0.2038,0.18630000000000002,0.1973,0.2063,0.20450000000000002,0.2018,0.192,0.195,0.195,0.21280000000000002,0.21780000000000002,0.2015,0.18480000000000002,0.18630000000000002,0.21150000000000002,0.2043,0.20950000000000002,0.197,0.197,0.18150000000000002,0.18430000000000002,0.21030000000000001,0.20650000000000002,0.18730000000000002,0.17850000000000002,0.1925,0.1975,0.183,0.17650000000000002,0.18150000000000002,0.1958,0.17650000000000002,0.18380000000000002,0.1988,0.18100000000000002,0.18630000000000002,0.189,0.189,0.1958,0.17550000000000002,0.18080000000000002,0.1825,0.192,0.1935,0.17700000000000002,0.18100000000000002,0.18630000000000002,0.18630000000000002,0.189,0.1958,0.17550000000000002,0.18080000000000002,0.1825,0.192,0.1935,0.17700000000000002,0.1748,0.1748,0.184,0.1903,0.1908,0.1638,0.1743,0.18080000000000002,0.171,0.1875,0.201,0.201,0.1705,0.18000000000000002,0.184,0.1865,0.1608,0.1688,0.1703,0.1655,0.1708,0.1708,0.17800000000000002,0.1723,0.17350000000000002,0.1695,0.166
2021-05-06 02:00:00,0.3013,0.28200000000000003,0.2733,0.2695,0.2575,0.2575,0.265,0.27080000000000004,0.28500000000000003,0.29100000000000004,0.29150000000000004,0.3035,0.28950000000000004,0.27,0.2505,0.2505,0.2575,0.265,0.27080000000000004,0.28500000000000003,0.29100000000000004,0.29150000000000004,0.3035,0.28950000000000004,0.27,0.27,0.2505,0.2338,0.25120000000000003,0.2627,0.25930000000000003,0.271,0.2798,0.3148,0.32480000000000003,0.32480000000000003,0.3148,0.28,0.26530000000000004,0.28150000000000003,0.2645,0.26230000000000003,0.2795,0.29100000000000004,0.3618,0.3618,0.3705,0.385,0.35700000000000004,0.326,0.3373,0.32,0.3085,0.3265,0.3453,0.36100000000000004,0.384,0.4033,0.4103,0.40180000000000005,0.375,0.381,0.3725,0.38330000000000003,0.39630000000000004,0.39630000000000004,0.3768,0.38830000000000003,0.40280000000000005,0.41250000000000003,0.41500000000000004,0.4073,0.404,0.4083,0.42400000000000004,0.42400000000000004,0.4393,0.3558,0.38180000000000003,0.39830000000000004,0.40900000000000003,0.40280000000000005,0.4,0.41500000000000004,0.41500000000000004,0.41800000000000004,0.431,0.45930000000000004,0.3488,0.36100000000000004,0.379,0.39380000000000004,0.40280000000000005,0.4,0.4,0.41500000000000004,0.41800000000000004,0.431,0.45930000000000004,0.3488,0.36100000000000004,0.379,0.39380000000000004,0.3775,0.3775,0.36200000000000004,0.3773,0.394,0.3985,0.42700000000000005,0.3425,0.35600000000000004,0.35000000000000003,0.34600000000000003,0.34600000000000003,0.3408,0.3365,0.328,0.3405,0.3415,0.38780000000000003
2021-11-11 05:00:00,0.261,0.2533,0.21980000000000002,0.18280000000000002,0.1658,0.1555,0.1555,0.14250000000000002,0.14500000000000002,0.1423,0.1375,0.21450000000000002,0.1875,0.1768,0.1623,0.1433,0.1433,0.1338,0.1343,0.1303,0.129,0.1295,0.17930000000000001,0.1555,0.14100000000000001,0.1358,0.1358,0.1323,0.1383,0.132,0.129,0.1358,0.13770000000000002,0.1405,0.13770000000000002,0.1293,0.1293,0.13,0.1343,0.128,0.1283,0.1298,0.1343,0.131,0.1323,0.1303,0.1303,0.133,0.1288,0.1293,0.133,0.1273,0.132,0.1268,0.1298,0.1273,0.1273,0.13,0.1303,0.1283,0.1288,0.1295,0.1278,0.1265,0.131,0.131,0.1315,0.129,0.1323,0.1395,0.1303,0.1318,0.1383,0.1278,0.1265,0.1265,0.131,0.1315,0.129,0.1323,0.1395,0.1303,0.1318,0.1383,0.1313,0.1313,0.13,0.1308,0.1315,0.1305,0.1295,0.13,0.1323,0.1315,0.1325,0.1325,0.1313,0.1255,0.1315,0.136,0.1338,0.1305,0.134,0.1333,0.1315,0.1315,0.1358,0.1325,0.133,0.1333,0.1373,0.137,0.1365,0.1363,0.1395,0.1395,0.1388,0.136,0.1385,0.1375,0.1375
2021-11-15 03:00:00,0.10830000000000001,0.1078,0.11850000000000001,0.1283,0.1283,0.1288,0.126,0.1268,0.1315,0.126,0.1135,0.11,0.11030000000000001,0.113,0.113,0.12000000000000001,0.1313,0.129,0.1453,0.1343,0.1178,0.11380000000000001,0.11180000000000001,0.11180000000000001,0.11180000000000001,0.11080000000000001,0.11,0.1233,0.1313,0.14200000000000002,0.1428,0.1125,0.10830000000000001,0.11180000000000001,0.11180000000000001,0.111,0.1085,0.1153,0.10880000000000001,0.1158,0.1213,0.1178,0.112,0.1078,0.112,0.1078,0.11330000000000001,0.111,0.109,0.11180000000000001,0.108,0.12100000000000001,0.11800000000000001,0.11230000000000001,0.11230000000000001,0.1115,0.1155,0.11280000000000001,0.1115,0.11330000000000001,0.11330000000000001,0.1115,0.1153,0.1153,0.1158,0.11750000000000001,0.113,0.117,0.113,0.1135,0.114,0.11330000000000001,0.1115,0.1115,0.1153,0.1158,0.11750000000000001,0.113,0.117,0.113,0.1135,0.114,0.1145,0.1145,0.11380000000000001,0.11750000000000001,0.11330000000000001,0.1145,0.1165,0.1158,0.1143,0.1198,0.114,0.114,0.114,0.10930000000000001,0.1143,0.114,0.1168,0.11180000000000001,0.1165,0.1165,0.1145,0.1145,0.12100000000000001,0.11380000000000001,0.1148,0.11950000000000001,0.11750000000000001,0.1165,0.1158,0.1198,0.117,0.117,0.116,0.12050000000000001,0.12380000000000001,0.1208,0.1203,0.1198,0.1173
2021-03-21 03:00:00,0.2823,0.2805,0.2705,0.2615,0.2595,0.2595,0.29150000000000004,0.2868,0.2933,0.3135,0.3135,0.2823,0.2805,0.2705,0.2615,0.2615,0.2595,0.262,0.2605,0.25930000000000003,0.25780000000000003,0.2548,0.2605,0.2378,0.21230000000000002,0.21230000000000002,0.21150000000000002,0.2185,0.2283,0.223,0.229,0.217,0.21530000000000002,0.21980000000000002,0.223,0.223,0.21450000000000002,0.1993,0.201,0.20450000000000002,0.21080000000000002,0.20700000000000002,0.2043,0.21180000000000002,0.186,0.186,0.186,0.1918,0.187,0.18280000000000002,0.18730000000000002,0.1885,0.191,0.1973,0.1945,0.18100000000000002,0.17830000000000001,0.1748,0.17200000000000001,0.1753,0.18050000000000002,0.18150000000000002,0.17980000000000002,0.1945,0.1975,0.1975,0.17200000000000001,0.184,0.1773,0.1688,0.1753,0.1768,0.18080000000000002,0.17900000000000002,0.17900000000000002,0.18050000000000002,0.1928,0.17600000000000002,0.17700000000000002,0.1748,0.1778,0.17980000000000002,0.1768,0.18080000000000002,0.18080000000000002,0.17900000000000002,0.18050000000000002,0.1928,0.17600000000000002,0.17700000000000002,0.1748,0.1778,0.17980000000000002,0.17300000000000001,0.17300000000000001,0.1718,0.17200000000000001,0.17450000000000002,0.1965,0.1875,0.1675,0.164,0.17350000000000002,0.1825,0.1825,0.17880000000000001,0.1713,0.1713,0.1758,0.1998,0.167,0.1555,0.1568,0.154,0.154,0.1595,0.1643,0.17980000000000002,0.1845,0.1675,0.1678
2021-06-05 04:00:00,0.114,0.11850000000000001,0.1145,0.113,0.11030000000000001,0.117,0.1148,0.1148,0.11900000000000001,0.12200000000000001,0.11380000000000001,0.1125,0.1178,0.11380000000000001,0.116,0.1188,0.1135,0.1135,0.1148,0.11900000000000001,0.12200000000000001,0.11380000000000001,0.1125,0.1178,0.11380000000000001,0.116,0.1188,0.1188,0.1135,0.1203,0.11380000000000001,0.1183,0.1163,0.1213,0.12050000000000001,0.1145,0.1145,0.1145,0.1143,0.1145,0.116,0.11380000000000001,0.1188,0.12100000000000001,0.11850000000000001,0.1148,0.1218,0.1218,0.1198,0.1153,0.1183,0.1173,0.1163,0.116,0.13,0.117,0.1163,0.1163,0.1145,0.125,0.1218,0.11850000000000001,0.1178,0.1183,0.1168,0.1178,0.1233,0.1233,0.11900000000000001,0.11850000000000001,0.11850000000000001,0.1203,0.1165,0.12200000000000001,0.1183,0.12000000000000001,0.11750000000000001,0.1183,0.12100000000000001,0.12200000000000001,0.1193,0.12250000000000001,0.11850000000000001,0.12050000000000001,0.11750000000000001,0.12150000000000001,0.12150000000000001,0.1183,0.12380000000000001,0.1305,0.1313,0.1213,0.11900000000000001,0.1253,0.12050000000000001,0.11750000000000001,0.11750000000000001,0.12150000000000001,0.1183,0.12380000000000001,0.1305,0.1313,0.1213,0.11900000000000001,0.1253,0.12050000000000001,0.12050000000000001,0.12480000000000001,0.1255,0.1293,0.124,0.1223,0.12200000000000001,0.1233,0.124,0.1258,0.1258,0.12250000000000001,0.12350000000000001,0.1288,0.129
2021-08-23 02:00:00,0.5395,0.5248,0.5163,0.537,0.537,0.5375,0.5248,0.5303,0.5408000000000001,0.5033,0.5455,0.5395,0.5248,0.5163,0.5163,0.537,0.5393,0.5238,0.5125000000000001,0.542,0.5148,0.5433,0.546,0.5393,0.5393,0.5245000000000001,0.515,0.5385,0.5243,0.5075000000000001,0.528,0.5405,0.5468000000000001,0.5798,0.5798,0.5865,0.5473,0.525,0.5303,0.528,0.4955,0.5105000000000001,0.48900000000000005,0.465,0.5725,0.5903,0.5983,0.5375,0.5273,0.529,0.5148,0.4768,0.5023,0.5118,0.5118,0.5805,0.5373,0.5703,0.5373,0.548,0.5303,0.539,0.4898,0.5145000000000001,0.5145000000000001,0.5263,0.556,0.5468000000000001,0.5378000000000001,0.529,0.52,0.5045000000000001,0.547,0.547,0.4963,0.4753,0.5705,0.5365,0.5468000000000001,0.5208,0.5145000000000001,0.52,0.5045000000000001,0.5045000000000001,0.547,0.4963,0.4753,0.5705,0.5365,0.5468000000000001,0.5208,0.5145000000000001,0.5348,0.5348,0.514,0.52,0.5383,0.4698,0.533,0.449,0.5055000000000001,0.5168,0.4893,0.4893,0.5128,0.507,0.5203,0.5118,0.4708,0.48450000000000004,0.42600000000000005,0.46330000000000005,0.49500000000000005,0.49500000000000005,0.5073,0.5085000000000001,0.515,0.547,0.5395,0.46880000000000005,0.42400000000000004
2021-05-08 01:00:00,0.095,0.09230000000000001,0.09530000000000001,0.0945,0.09330000000000001,0.09330000000000001,0.09580000000000001,0.0955,0.0988,0.09630000000000001,0.09480000000000001,0.09280000000000001,0.097,0.0945,0.0955,0.0955,0.09330000000000001,0.09580000000000001,0.0955,0.0988,0.09630000000000001,0.09480000000000001,0.09280000000000001,0.097,0.0945,0.0945,0.0955,0.09530000000000001,0.095,0.09480000000000001,0.0978,0.1003,0.0985,0.0955,0.09530000000000001,0.09530000000000001,0.099,0.0975,0.0965,0.094,0.096,0.098,0.0983,0.09380000000000001,0.095,0.095,0.09730000000000001,0.09730000000000001,0.0965,0.09680000000000001,0.09730000000000001,0.0965,0.0998,0.09630000000000001,0.0918,0.096,0.0965,0.09580000000000001,0.0978,0.099,0.1023,0.1,0.0975,0.0978,0.0978,0.0978,0.094,0.0965,0.1,0.09430000000000001,0.09530000000000001,0.098,0.097,0.09730000000000001,0.09580000000000001,0.09580000000000001,0.0985,0.0985,0.094,0.0975,0.096,0.099,0.096,0.09680000000000001,0.09680000000000001,0.099,0.1,0.09380000000000001,0.09680000000000001,0.09630000000000001,0.09430000000000001,0.09730000000000001,0.099,0.096,0.096,0.09680000000000001,0.099,0.1,0.09380000000000001,0.09680000000000001,0.09630000000000001,0.09430000000000001,0.09730000000000001,0.0983,0.0983,0.0988,0.09530000000000001,0.0975,0.0978,0.0955,0.0965,0.0965,0.09580000000000001,0.0975,0.0975,0.09530000000000001,0.096,0.09580000000000001,0.09380000000000001,0.0975,0.09480000000000001
2021-02-11 03:00:00,0.12480000000000001,0.1265,0.13,0.13,0.13,0.132,0.1288,0.1293,0.1278,0.1293,0.1258,0.1308,0.1333,0.1333,0.1315,0.131,0.1328,0.1288,0.1305,0.1353,0.129,0.12380000000000001,0.131,0.131,0.1325,0.139,0.14,0.1388,0.1413,0.1413,0.139,0.1345,0.14100000000000001,0.133,0.1258,0.1333,0.1288,0.133,0.1323,0.1285,0.137,0.1375,0.149,0.149,0.1298,0.1313,0.1323,0.1365,0.131,0.1323,0.1303,0.1323,0.1318,0.1318,0.136,0.132,0.133,0.1303,0.1285,0.13,0.1265,0.1265,0.1265,0.1335,0.1333,0.13,0.14200000000000002,0.1368,0.1375,0.14250000000000002,0.13,0.1265,0.1265,0.1265,0.1335,0.1333,0.13,0.14200000000000002,0.1368,0.1375,0.14250000000000002,0.1325,0.1325,0.1318,0.1358,0.131,0.13770000000000002,0.1283,0.132,0.1338,0.1328,0.135,0.135,0.133,0.131,0.129,0.1278,0.1325,0.13,0.132,0.1358,0.1338,0.1338,0.1258,0.1368,0.1308,0.132,0.1278,0.134,0.1328,0.129,0.1328,0.1328,0.1293,0.127,0.138,0.1323,0.1293,0.128,0.1245,0.1285
2021-06-06 03:00:00,0.11180000000000001,0.108,0.10300000000000001,0.10350000000000001,0.1078,0.11,0.11,0.11330000000000001,0.1075,0.1085,0.1075,0.1105,0.10450000000000001,0.10600000000000001,0.1063,0.11030000000000001,0.11030000000000001,0.11,0.11330000000000001,0.1075,0.1085,0.1075,0.1105,0.10450000000000001,0.10600000000000001,0.1063,0.1063,0.11030000000000001,0.1115,0.1095,0.1075,0.10830000000000001,0.10930000000000001,0.114,0.1095,0.1145,0.1145,0.1078,0.10980000000000001,0.10980000000000001,0.1075,0.114,0.12000000000000001,0.12000000000000001,0.11230000000000001,0.1143,0.1143,0.11030000000000001,0.10880000000000001,0.11130000000000001,0.1085,0.10550000000000001,0.1115,0.12000000000000001,0.11030000000000001,0.1135,0.1135,0.111,0.11750000000000001,0.1115,0.11280000000000001,0.10830000000000001,0.11180000000000001,0.108,0.11330000000000001,0.108,0.1125,0.116,0.11080000000000001,0.1135,0.10980000000000001,0.11,0.1145,0.11,0.1105,0.1078,0.1078,0.1155,0.1158,0.11330000000000001,0.11800000000000001,0.11330000000000001,0.11130000000000001,0.11280000000000001,0.1148,0.1148,0.11030000000000001,0.1115,0.12350000000000001,0.117,0.114,0.1135,0.1165,0.11130000000000001,0.11280000000000001,0.11280000000000001,0.1148,0.11030000000000001,0.1115,0.12350000000000001,0.117,0.114,0.1135,0.1165,0.1148,0.1148,0.116,0.1148,0.116,0.117,0.1145,0.11800000000000001,0.11950000000000001,0.1155,0.117,0.117,0.11900000000000001,0.1198,0.1253,0.12380000000000001,0.12380000000000001
2021-09-10 01:00:00,0.0753,0.07300000000000001,0.0745,0.0745,0.0763,0.0765,0.07830000000000001,0.0775,0.07730000000000001,0.07880000000000001,0.0785,0.0753,0.07300000000000001,0.07300000000000001,0.0745,0.0755,0.0785,0.07730000000000001,0.076,0.0758,0.0763,0.07300000000000001,0.081,0.081,0.07930000000000001,0.07830000000000001,0.076,0.076,0.0805,0.081,0.0765,0.07780000000000001,0.0753,0.08,0.07980000000000001,0.079,0.0828,0.07930000000000001,0.0805,0.07880000000000001,0.0828,0.07930000000000001,0.083,0.083,0.07680000000000001,0.082,0.0785,0.0833,0.0818,0.0823,0.07930000000000001,0.084,0.07980000000000001,0.07980000000000001,0.079,0.076,0.08080000000000001,0.07880000000000001,0.0785,0.079,0.07980000000000001,0.07730000000000001,0.07930000000000001,0.07930000000000001,0.07830000000000001,0.083,0.07730000000000001,0.082,0.081,0.0805,0.0805,0.07930000000000001,0.07930000000000001,0.0813,0.0818,0.0795,0.0813,0.0813,0.07830000000000001,0.0805,0.0805,0.0805,0.0805,0.07930000000000001,0.0813,0.0818,0.0795,0.0813,0.0813,0.07830000000000001,0.0805,0.07980000000000001,0.07980000000000001,0.08030000000000001,0.08080000000000001,0.07980000000000001,0.081,0.0785,0.0838,0.0828,0.0795,0.08080000000000001,0.08080000000000001,0.07930000000000001,0.08030000000000001,0.0825,0.08030000000000001,0.07930000000000001,0.084,0.0785,0.0813,0.07980000000000001,0.07980000000000001,0.0765,0.0815,0.0818,0.0828,0.08080000000000001,0.07980000000000001,0.08030000000000001,0.08
2021-08-01 04:00:00,0.1223,0.1255,0.1228,0.12250000000000001,0.1245,0.1203,0.1233,0.1233,0.1278,0.1318,0.12000000000000001,0.12480000000000001,0.126,0.1275,0.1268,0.1293,0.12430000000000001,0.12430000000000001,0.1233,0.1278,0.1318,0.12000000000000001,0.12480000000000001,0.126,0.1275,0.1268,0.1293,0.1293,0.12430000000000001,0.1273,0.1303,0.1308,0.1228,0.12100000000000001,0.125,0.1255,0.1265,0.1265,0.1283,0.12300000000000001,0.1263,0.1293,0.1298,0.1315,0.1268,0.1258,0.1253,0.1253,0.1255,0.1268,0.1263,0.128,0.1295,0.1323,0.1365,0.1265,0.125,0.125,0.12480000000000001,0.12430000000000001,0.126,0.125,0.124,0.128,0.12430000000000001,0.1273,0.12430000000000001,0.12430000000000001,0.1253,0.12480000000000001,0.127,0.1268,0.124,0.1268,0.1273,0.1283,0.128,0.12380000000000001,0.13,0.1265,0.12380000000000001,0.126,0.1283,0.1293,0.1278,0.1253,0.1253,0.1293,0.1275,0.1368,0.1295,0.1275,0.12480000000000001,0.1275,0.1293,0.1278,0.1278,0.1253,0.1293,0.1275,0.1368,0.1295,0.1275,0.12480000000000001,0.1275,0.1268,0.1268,0.131,0.1283,0.1308,0.1253,0.1298,0.12480000000000001,0.1285,0.1228,0.1285,0.1285,0.1275,0.1298,0.1305,0.1288
2021-03-23 03:00:00,0.19,0.18000000000000002,0.1885,0.1933,0.201,0.201,0.23800000000000002,0.2315,0.18780000000000002,0.26030000000000003,0.24630000000000002,0.19,0.18000000000000002,0.1885,0.1933,0.1933,0.201,0.2015,0.2053,0.17980000000000002,0.21300000000000002,0.1955,0.253,0.24080000000000001,0.2393,0.2393,0.1933,0.184,0.18630000000000002,0.1885,0.21230000000000002,0.23,0.24580000000000002,0.2218,0.2078,0.2078,0.194,0.1713,0.17880000000000001,0.2,0.20700000000000002,0.21630000000000002,0.215,0.20800000000000002,0.24080000000000001,0.24080000000000001,0.2013,0.18100000000000002,0.171,0.17800000000000002,0.18480000000000002,0.18030000000000002,0.17930000000000001,0.1758,0.1985,0.21880000000000002,0.2555,0.222,0.1875,0.1965,0.1963,0.1928,0.1895,0.18430000000000002,0.2023,0.2023,0.1945,0.2038,0.2078,0.20800000000000002,0.2048,0.2008,0.197,0.1918,0.1918,0.17600000000000002,0.187,0.1945,0.18680000000000002,0.1933,0.202,0.1993,0.2008,0.197,0.197,0.1918,0.17600000000000002,0.187,0.1945,0.18680000000000002,0.1933,0.202,0.1993,0.197,0.197,0.1925,0.17980000000000002,0.171,0.1713,0.182,0.191,0.1963,0.17850000000000002,0.1875,0.1875,0.1895,0.17950000000000002,0.164,0.157,0.157,0.1678,0.1875,0.186,0.17300000000000001,0.17300000000000001,0.171,0.18380000000000002,0.17550000000000002,0.1635,0.1613,0.1623
2021-04-20 04:00:00,0.5458000000000001,0.5023,0.49100000000000005,0.5135000000000001,0.542,0.5148,0.5148,0.5185000000000001,0.48700000000000004,0.5055000000000001,0.5078,0.5458000000000001,0.5023,0.49100000000000005,0.5135000000000001,0.542,0.542,0.5148,0.4808,0.4425,0.4565,0.4823,0.5363,0.497,0.4823,0.5148,0.5148,0.5395,0.5193,0.508,0.4965,0.4878,0.5045000000000001,0.5325,0.5245000000000001,0.5513,0.5513,0.53,0.5455,0.5255000000000001,0.5312,0.543,0.5288,0.5193,0.5398000000000001,0.5795,0.5795,0.6543,0.5968,0.5393,0.528,0.5038,0.5458000000000001,0.5670000000000001,0.5355,0.5567,0.5567,0.5983,0.62,0.5785,0.5373,0.5423,0.516,0.44630000000000003,0.518,0.5268,0.6228,0.6158,0.5938,0.5615,0.5933,0.601,0.5125000000000001,0.522,0.47700000000000004,0.47700000000000004,0.4883,0.6195,0.6395000000000001,0.649,0.61,0.628,0.5865,0.5125000000000001,0.522,0.522,0.47700000000000004,0.4883,0.6195,0.6395000000000001,0.649,0.61,0.628,0.5865,0.464,0.464,0.45080000000000003,0.4475,0.4428,0.6633,0.6428,0.6578,0.6463,0.6663,0.5800000000000001,0.5800000000000001,0.49300000000000005,0.42150000000000004,0.444,0.445,0.5798,0.5533,0.503,0.5188,0.5448000000000001,0.5448000000000001,0.5222,0.5118,0.496,0.5273,0.5095000000000001
2021-02-07 06:00:00,0.39030000000000004,0.38730000000000003,0.3798,0.34400000000000003,0.3185,0.315,0.315,0.316,0.303,0.32,0.332,0.42150000000000004,0.41850000000000004,0.3788,0.3663,0.3763,0.3763,0.318,0.321,0.29200000000000004,0.2983,0.34800000000000003,0.41800000000000004,0.43,0.40650000000000003,0.4078,0.4078,0.367,0.3775,0.33580000000000004,0.3038,0.2795,0.262,0.4465,0.461,0.45480000000000004,0.45480000000000004,0.4328,0.4143,0.41300000000000003,0.3563,0.32,0.2748,0.26030000000000003,0.4353,0.4413,0.4413,0.4773,0.468,0.4575,0.46680000000000005,0.4178,0.396,0.3558,0.3295,0.3523,0.3523,0.3598,0.3668,0.3788,0.3795,0.404,0.3693,0.3458,0.329,0.329,0.41250000000000003,0.4308,0.4198,0.399,0.4058,0.453,0.44980000000000003,0.3693,0.3458,0.3458,0.329,0.41250000000000003,0.4308,0.4198,0.399,0.4058,0.453,0.44980000000000003,0.42300000000000004,0.42300000000000004,0.38730000000000003,0.4098,0.3698,0.3803,0.368,0.3743,0.371,0.3733,0.4035,0.4035,0.41950000000000004,0.4465,0.4465,0.2863,0.311,0.3395,0.34950000000000003,0.3518,0.3393,0.3393,0.33,0.327,0.3078,0.3073,0.3225,0.324,0.3115,0.269,0.264,0.264,0.2523,0.2523,0.26030000000000003,0.262,0.279
2021-04-13 02:00:00,0.18580000000000002,0.17450000000000002,0.1673,0.18030000000000002,0.18030000000000002,0.1653,0.1718,0.17500000000000002,0.17300000000000001,0.1728,0.1948,0.18580000000000002,0.17450000000000002,0.1673,0.1673,0.18030000000000002,0.17350000000000002,0.17650000000000002,0.17400000000000002,0.17450000000000002,0.1688,0.171,0.1855,0.18130000000000002,0.18130000000000002,0.17600000000000002,0.17600000000000002,0.17950000000000002,0.18030000000000002,0.1773,0.184,0.183,0.17400000000000002,0.191,0.191,0.18780000000000002,0.1875,0.1943,0.1985,0.1898,0.18000000000000002,0.1835,0.1835,0.17450000000000002,0.2505,0.2318,0.2288,0.2268,0.2363,0.2313,0.2293,0.2238,0.2273,0.2283,0.2283,0.2543,0.26080000000000003,0.258,0.26530000000000004,0.25980000000000003,0.2738,0.272,0.2805,0.2793,0.2793,0.281,0.24180000000000001,0.26030000000000003,0.28,0.32280000000000003,0.323,0.306,0.279,0.279,0.2795,0.28400000000000003,0.29600000000000004,0.2735,0.265,0.2548,0.2882,0.323,0.306,0.306,0.279,0.2795,0.28400000000000003,0.29600000000000004,0.2735,0.265,0.2548,0.2882,0.338,0.338,0.33680000000000004,0.31880000000000003,0.3118,0.301,0.29450000000000004,0.2948,0.28300000000000003,0.28,0.28700000000000003,0.28700000000000003,0.2893,0.2953,0.28850000000000003,0.28450000000000003,0.3183,0.29650000000000004,0.258,0.2763,0.2715,0.2715,0.2685,0.28950000000000004,0.26330000000000003,0.26380000000000003,0.257,0.28750000000000003,0.2863
2021-06-26 04:00:00,0.506,0.5218,0.5368,0.5485,0.5208,0.4988,0.5088,0.5088,0.5398000000000001,0.54,0.5735,0.5235000000000001,0.5308,0.5388000000000001,0.5373,0.5175000000000001,0.49100000000000005,0.49100000000000005,0.5088,0.5398000000000001,0.54,0.5735,0.5235000000000001,0.5308,0.5388000000000001,0.5373,0.5175000000000001,0.5175000000000001,0.49100000000000005,0.5253,0.5452,0.5383,0.5675,0.4953,0.539,0.559,0.533,0.533,0.5218,0.5168,0.5268,0.535,0.5337000000000001,0.5608000000000001,0.55,0.5918,0.5608000000000001,0.5608000000000001,0.5438000000000001,0.537,0.5705,0.5613,0.5465,0.5688,0.5935,0.617,0.6023000000000001,0.6023000000000001,0.5498000000000001,0.5303,0.549,0.5750000000000001,0.5870000000000001,0.5965,0.606,0.639,0.608,0.608,0.5840000000000001,0.5583,0.5618000000000001,0.6083000000000001,0.6313000000000001,0.6133000000000001,0.621,0.6318,0.637,0.6405000000000001,0.6355000000000001,0.6083000000000001,0.5640000000000001,0.5638000000000001,0.603,0.6398,0.6618,0.6603,0.6603,0.6555000000000001,0.678,0.6778000000000001,0.652,0.635,0.6328,0.6613,0.6398,0.6618,0.6618,0.6603,0.6555000000000001,0.678,0.6778000000000001,0.652,0.635,0.6328,0.6613,0.6773,0.6773,0.6995,0.6920000000000001,0.6628000000000001,0.7060000000000001,0.6878000000000001,0.6533,0.66,0.6738000000000001,0.685,0.685,0.682,0.6963,0.6890000000000001,0.677
2021-07-30 03:00:00,0.1198,0.1153,0.11130000000000001,0.1158,0.1168,0.11950000000000001,0.11950000000000001,0.12250000000000001,0.1183,0.11850000000000001,0.115,0.11750000000000001,0.1115,0.12100000000000001,0.1198,0.1155,0.1155,0.11950000000000001,0.12250000000000001,0.1183,0.11850000000000001,0.115,0.11750000000000001,0.1115,0.12100000000000001,0.1198,0.1198,0.1155,0.114,0.1265,0.12430000000000001,0.11950000000000001,0.1155,0.1198,0.113,0.1188,0.1188,0.11900000000000001,0.1155,0.1163,0.1255,0.1365,0.1255,0.1203,0.1153,0.1155,0.1155,0.117,0.11800000000000001,0.1198,0.1163,0.12250000000000001,0.12050000000000001,0.1295,0.11900000000000001,0.1158,0.1158,0.1155,0.1173,0.11850000000000001,0.1208,0.1153,0.1188,0.1198,0.12350000000000001,0.1273,0.11850000000000001,0.12050000000000001,0.1173,0.117,0.1193,0.12250000000000001,0.1198,0.1255,0.1295,0.1283,0.1283,0.12050000000000001,0.1253,0.1163,0.1193,0.1203,0.1295,0.1298,0.1418,0.1418,0.14800000000000002,0.14550000000000002,0.1365,0.12200000000000001,0.1198,0.1203,0.124,0.1295,0.1298,0.1298,0.1418,0.14800000000000002,0.14550000000000002,0.1365,0.12200000000000001,0.1198,0.1203,0.124,0.1323,0.1323,0.1365,0.14300000000000002,0.1603,0.15330000000000002,0.12100000000000001,0.1273,0.1193,0.1183,0.1315,0.1315,0.1288,0.1263,0.14600000000000002,0.1605,0.14830000000000002
2021-10-18 03:00:00,0.1305,0.1273,0.1275,0.1373,0.1373,0.1278,0.135,0.1363,0.14700000000000002,0.1978,0.15130000000000002,0.126,0.13,0.1255,0.1255,0.1323,0.1285,0.12350000000000001,0.1385,0.1553,0.18130000000000002,0.1688,0.126,0.1328,0.1328,0.1308,0.1335,0.1245,0.1373,0.151,0.1768,0.2258,0.2088,0.131,0.131,0.138,0.154,0.1405,0.1393,0.1355,0.14450000000000002,0.1573,0.2218,0.215,0.1325,0.139,0.14400000000000002,0.18000000000000002,0.1505,0.14980000000000002,0.1433,0.1315,0.135,0.1623,0.1623,0.1558,0.1443,0.1258,0.1335,0.1385,0.1628,0.1398,0.1288,0.1288,0.1275,0.1258,0.20750000000000002,0.1545,0.1293,0.1313,0.1298,0.1628,0.1398,0.1398,0.1288,0.1275,0.1258,0.20750000000000002,0.1545,0.1293,0.1313,0.1298,0.1323,0.1323,0.1313,0.124,0.1338,0.1273,0.1395,0.1333,0.1303,0.132,0.1305,0.1305,0.1348,0.127,0.12480000000000001,0.1288,0.1313,0.1293,0.1333,0.1373,0.1398,0.1398,0.14830000000000002,0.1713,0.1365,0.133,0.1363,0.1403,0.1308,0.1328,0.1373,0.1373,0.14150000000000001,0.2038,0.1895,0.138,0.1228,0.14250000000000002,0.1325
2021-10-30 04:00:00,0.125,0.1288,0.1245,0.127,0.132,0.132,0.1265,0.128,0.1298,0.1315,0.1353,0.1278,0.1265,0.1288,0.129,0.129,0.13,0.128,0.1293,0.1308,0.1308,0.1373,0.1313,0.1283,0.1338,0.1338,0.132,0.1323,0.1308,0.1358,0.1298,0.1343,0.135,0.128,0.1308,0.1308,0.131,0.1308,0.1283,0.128,0.131,0.1308,0.131,0.1328,0.132,0.132,0.1303,0.1313,0.1323,0.1318,0.1315,0.1308,0.1343,0.1325,0.1298,0.1313,0.1295,0.1315,0.13,0.1308,0.132,0.1315,0.1348,0.1303,0.1303,0.1315,0.131,0.1343,0.14250000000000002,0.1335,0.14200000000000002,0.1395,0.1315,0.1348,0.1348,0.1303,0.1315,0.131,0.1343,0.14250000000000002,0.1335,0.14200000000000002,0.1395,0.1348,0.1348,0.1365,0.1353,0.1358,0.1303,0.1318,0.1328,0.1345,0.1365,0.1335,0.1335,0.1328,0.1338,0.1333,0.14,0.1353,0.1358,0.1365,0.1393,0.1393,0.1393,0.1355,0.1343,0.14,0.137,0.14550000000000002,0.1385,0.1355,0.1388,0.14200000000000002,0.14200000000000002,0.1393,0.138,0.14100000000000001,0.1375,0.1375,0.1405
2021-05-10 03:00:00,0.29550000000000004,0.3013,0.28400000000000003,0.25120000000000003,0.2233,0.21980000000000002,0.21980000000000002,0.24480000000000002,0.26580000000000004,0.263,0.25730000000000003,0.3005,0.3195,0.3073,0.2988,0.273,0.273,0.21980000000000002,0.24480000000000002,0.26580000000000004,0.263,0.25730000000000003,0.3005,0.3195,0.3073,0.2988,0.2988,0.273,0.278,0.24680000000000002,0.21450000000000002,0.2225,0.26030000000000003,0.2615,0.3095,0.3265,0.3265,0.29700000000000004,0.3008,0.2863,0.2535,0.2293,0.2218,0.2398,0.225,0.28,0.28,0.29100000000000004,0.304,0.311,0.2968,0.266,0.2303,0.221,0.21450000000000002,0.2625,0.2625,0.21130000000000002,0.2253,0.255,0.28500000000000003,0.2968,0.29700000000000004,0.2585,0.2245,0.20700000000000002,0.2743,0.2582,0.24400000000000002,0.2585,0.2225,0.2185,0.2553,0.2775,0.27,0.2505,0.2505,0.2315,0.249,0.2655,0.252,0.2288,0.21330000000000002,0.21050000000000002,0.21300000000000002,0.21300000000000002,0.2388,0.2263,0.20980000000000001,0.221,0.25630000000000003,0.24550000000000002,0.2373,0.21330000000000002,0.21050000000000002,0.21050000000000002,0.21300000000000002,0.2388,0.2263,0.20980000000000001,0.221,0.25630000000000003,0.24550000000000002,0.2373,0.2275,0.2275,0.21430000000000002,0.202,0.21150000000000002,0.20400000000000001,0.2508,0.2625,0.2585,0.2627,0.228,0.228,0.2388,0.22030000000000002,0.186,0.1898,0.19
2021-09-02 04:00:00,0.6358,0.547,0.538,0.5225000000000001,0.509,0.47250000000000003,0.47250000000000003,0.6348,0.6605000000000001,0.6713,0.646,0.6358,0.547,0.538,0.5225000000000001,0.509,0.509,0.47250000000000003,0.497,0.5603,0.5975,0.5935,0.6375000000000001,0.5165000000000001,0.5383,0.5113,0.5113,0.5355,0.5103,0.47650000000000003,0.47550000000000003,0.4788,0.464,0.6478,0.6053000000000001,0.6325000000000001,0.6325000000000001,0.5988,0.5588000000000001,0.541,0.5218,0.5418000000000001,0.5205000000000001,0.5105000000000001,0.611,0.656,0.656,0.6265000000000001,0.6428,0.6435000000000001,0.556,0.5218,0.5025000000000001,0.5173,0.5088,0.5665,0.5665,0.5695,0.598,0.648,0.668,0.6728000000000001,0.6325000000000001,0.5598000000000001,0.529,0.5325,0.557,0.5618000000000001,0.6188,0.6885,0.6818000000000001,0.6668000000000001,0.678,0.6918000000000001,0.628,0.628,0.5683,0.5808,0.5813,0.5883,0.6295000000000001,0.672,0.6930000000000001,0.678,0.6918000000000001,0.6918000000000001,0.628,0.5683,0.5808,0.5813,0.5883,0.6295000000000001,0.672,0.6930000000000001,0.6998000000000001,0.6998000000000001,0.6818000000000001,0.6265000000000001,0.606,0.6105,0.5660000000000001,0.5263,0.5305,0.5905,0.5910000000000001,0.5910000000000001,0.5885,0.5545,0.5388000000000001,0.5293,0.558,0.5468000000000001,0.5308,0.5305,0.5428000000000001,0.5428000000000001,0.534,0.5335,0.5325,0.5293,0.529
2021-04-10 03:00:00,0.1553,0.14850000000000002,0.15080000000000002,0.15230000000000002,0.1603,0.1603,0.1555,0.1568,0.159,0.1568,0.1558,0.1553,0.14850000000000002,0.15080000000000002,0.15230000000000002,0.15230000000000002,0.1603,0.158,0.157,0.158,0.157,0.1555,0.1535,0.155,0.14880000000000002,0.14880000000000002,0.1515,0.1558,0.1615,0.1598,0.1588,0.1625,0.159,0.14980000000000002,0.15130000000000002,0.15130000000000002,0.1585,0.15480000000000002,0.1565,0.1573,0.1618,0.1618,0.1633,0.16,0.1468,0.1468,0.15030000000000002,0.1553,0.156,0.1515,0.1553,0.152,0.153,0.1568,0.1558,0.153,0.14880000000000002,0.14800000000000002,0.1535,0.1553,0.1525,0.1545,0.14930000000000002,0.157,0.1565,0.1565,0.15330000000000002,0.15280000000000002,0.154,0.158,0.155,0.1515,0.1535,0.1545,0.1545,0.1578,0.1638,0.1678,0.1595,0.1563,0.1585,0.1588,0.1515,0.1535,0.1535,0.1545,0.1578,0.1638,0.1678,0.1595,0.1563,0.1585,0.1588,0.1605,0.1605,0.162,0.1593,0.1598,0.164,0.1703,0.162,0.1578,0.1578,0.156,0.156,0.1613,0.161,0.1578,0.1575,0.1593,0.1593,0.161,0.1618,0.1628,0.1628,0.162,0.162,0.1648,0.1633,0.1585,0.1603
2021-05-06 01:00:00,0.368,0.3498,0.35550000000000004,0.3463,0.338,0.338,0.32080000000000003,0.2968,0.2773,0.2323,0.2,0.38930000000000003,0.3855,0.374,0.32980000000000004,0.32980000000000004,0.338,0.32080000000000003,0.2968,0.2773,0.2323,0.2,0.38930000000000003,0.3855,0.374,0.374,0.32980000000000004,0.2938,0.28700000000000003,0.27030000000000004,0.2205,0.195,0.18330000000000002,0.3945,0.3875,0.3875,0.3523,0.301,0.304,0.2783,0.24180000000000001,0.21680000000000002,0.191,0.182,0.3803,0.3803,0.35850000000000004,0.3443,0.33030000000000004,0.32930000000000004,0.3153,0.3138,0.2828,0.21980000000000002,0.1945,0.4413,0.40230000000000005,0.39,0.3798,0.3448,0.2993,0.32230000000000003,0.3195,0.28750000000000003,0.26580000000000004,0.26580000000000004,0.45230000000000004,0.41150000000000003,0.4295,0.402,0.369,0.3553,0.3618,0.366,0.33180000000000004,0.33180000000000004,0.3108,0.4033,0.38780000000000003,0.41300000000000003,0.3663,0.3733,0.393,0.3655,0.3655,0.4048,0.3875,0.35650000000000004,0.3083,0.3285,0.38980000000000004,0.35050000000000003,0.3733,0.393,0.393,0.3655,0.4048,0.3875,0.35650000000000004,0.3083,0.3285,0.38980000000000004,0.35050000000000003,0.341,0.341,0.3798,0.3428,0.38830000000000003,0.36300000000000004,0.35450000000000004,0.3098,0.38180000000000003,0.4033,0.336,0.336,0.33680000000000004,0.3425,0.34550000000000003,0.32080000000000003,0.308,0.342
2021-04-17 03:00:00,0.1353,0.1318,0.139,0.1375,0.1365,0.1365,0.133,0.1313,0.1318,0.133,0.1333,0.1353,0.1318,0.139,0.1375,0.1375,0.1365,0.134,0.139,0.1365,0.1355,0.135,0.1353,0.1335,0.1355,0.1355,0.136,0.1405,0.1338,0.1343,0.1345,0.1403,0.14,0.1333,0.1405,0.1405,0.1328,0.136,0.1398,0.1368,0.1373,0.1418,0.14550000000000002,0.1388,0.1318,0.1318,0.1353,0.1328,0.1343,0.134,0.1343,0.1355,0.1338,0.1383,0.1363,0.137,0.1355,0.1348,0.135,0.1353,0.134,0.1348,0.1375,0.1348,0.1348,0.1348,0.1413,0.1373,0.1348,0.1355,0.137,0.1403,0.1323,0.1358,0.1358,0.1328,0.1348,0.1463,0.138,0.134,0.1318,0.1395,0.1403,0.1323,0.1323,0.1358,0.1328,0.1348,0.1463,0.138,0.134,0.1318,0.1395,0.1373,0.1373,0.1358,0.1333,0.1363,0.1353,0.1373,0.1365,0.1325,0.1333,0.1365,0.1365,0.1358,0.1333,0.1333,0.1323,0.1335,0.1353,0.1345,0.133,0.1313,0.1313,0.1325,0.1353,0.1408,0.1338,0.1288,0.134
2021-05-09 02:00:00,0.0993,0.0955,0.0995,0.1005,0.10400000000000001,0.10400000000000001,0.1015,0.1013,0.099,0.10600000000000001,0.10300000000000001,0.0955,0.0998,0.0998,0.1018,0.1018,0.10400000000000001,0.1015,0.1013,0.099,0.10600000000000001,0.10300000000000001,0.0955,0.0998,0.0998,0.0998,0.1018,0.1033,0.0985,0.1038,0.1048,0.10600000000000001,0.1063,0.101,0.1023,0.1023,0.10200000000000001,0.1018,0.1033,0.10400000000000001,0.1073,0.1085,0.10700000000000001,0.10550000000000001,0.1038,0.1038,0.10300000000000001,0.1038,0.10200000000000001,0.10500000000000001,0.1043,0.109,0.11130000000000001,0.1058,0.1005,0.10350000000000001,0.1075,0.1063,0.1038,0.1063,0.10550000000000001,0.1058,0.1068,0.1095,0.10500000000000001,0.10500000000000001,0.10300000000000001,0.1073,0.10300000000000001,0.1028,0.101,0.10700000000000001,0.10600000000000001,0.1048,0.10450000000000001,0.10450000000000001,0.111,0.1048,0.10250000000000001,0.10650000000000001,0.1038,0.1003,0.1073,0.1078,0.1078,0.1063,0.1015,0.099,0.1063,0.10450000000000001,0.1038,0.10550000000000001,0.1003,0.1073,0.1073,0.1078,0.1063,0.1015,0.099,0.1063,0.10450000000000001,0.1038,0.10550000000000001,0.10550000000000001,0.10550000000000001,0.1028,0.1048,0.10700000000000001,0.10300000000000001,0.10300000000000001,0.1068,0.1078,0.1048,0.1075,0.1075,0.10400000000000001,0.10700000000000001,0.10250000000000001,0.1078,0.10500000000000001,0.10550000000000001
2021-04-07 04:00:00,0.6943,0.6915,0.6828000000000001,0.6773,0.6658000000000001,0.683,0.683,0.6843,0.6625,0.6635,0.6753,0.6943,0.6915,0.6828000000000001,0.6773,0.6658000000000001,0.6658000000000001,0.683,0.663,0.6623,0.6545000000000001,0.6745,0.7048,0.7043,0.7118,0.7028,0.7028,0.7010000000000001,0.6713,0.6425000000000001,0.6645,0.6835,0.676,0.7063,0.6980000000000001,0.6945,0.6945,0.7053,0.6825,0.6588,0.678,0.6878000000000001,0.6713,0.6578,0.6773,0.6715,0.6715,0.6618,0.6553,0.6528,0.6825,0.6863,0.6618,0.6633,0.6898000000000001,0.6535000000000001,0.6535000000000001,0.6423,0.6443,0.6605000000000001,0.679,0.6635,0.652,0.6745,0.6685,0.6578,0.6345000000000001,0.6495000000000001,0.6555000000000001,0.671,0.6645,0.6378,0.6273000000000001,0.6428,0.6275000000000001,0.6275000000000001,0.631,0.6858000000000001,0.6823,0.663,0.659,0.6438,0.6485000000000001,0.6273000000000001,0.6428,0.6428,0.6275000000000001,0.631,0.6858000000000001,0.6823,0.663,0.659,0.6438,0.6485000000000001,0.6605000000000001,0.6605000000000001,0.6708000000000001,0.648,0.6488,0.671,0.6675,0.662,0.648,0.6583,0.6543,0.6543,0.6493,0.6515000000000001,0.6438,0.634,0.6693,0.6503,0.6505000000000001,0.6453,0.6553,0.6553,0.6728000000000001,0.6808000000000001,0.6618,0.6453,0.6443
2021-11-14 04:00:00,0.11380000000000001,0.1183,0.114,0.11130000000000001,0.1155,0.1155,0.11130000000000001,0.1143,0.116,0.1173,0.1158,0.1148,0.12000000000000001,0.1158,0.1143,0.1143,0.1203,0.1173,0.1145,0.11900000000000001,0.116,0.12430000000000001,0.1145,0.11330000000000001,0.1163,0.1163,0.115,0.1143,0.1188,0.11950000000000001,0.117,0.11850000000000001,0.12000000000000001,0.1155,0.1203,0.1203,0.1193,0.11750000000000001,0.117,0.12150000000000001,0.1188,0.11850000000000001,0.1168,0.1158,0.1188,0.1188,0.11800000000000001,0.1173,0.12300000000000001,0.115,0.1203,0.1198,0.1228,0.12100000000000001,0.11850000000000001,0.1188,0.1173,0.1218,0.12200000000000001,0.1223,0.12000000000000001,0.11800000000000001,0.1223,0.12100000000000001,0.12100000000000001,0.1223,0.11850000000000001,0.1198,0.1253,0.1278,0.1273,0.12150000000000001,0.11800000000000001,0.1223,0.1223,0.12100000000000001,0.1223,0.11850000000000001,0.1198,0.1253,0.1278,0.1273,0.12150000000000001,0.11950000000000001,0.11950000000000001,0.1265,0.1208,0.12100000000000001,0.1213,0.1218,0.12380000000000001,0.1223,0.1245,0.12350000000000001,0.12350000000000001,0.1245,0.1188,0.1228,0.1245,0.1253,0.1258,0.127,0.12480000000000001,0.1275,0.1275,0.1263,0.1258,0.126,0.127,0.1333,0.1263,0.1283,0.125,0.126,0.126,0.127,0.12200000000000001,0.1308,0.1345,0.1263,0.1298
2021-05-21 03:00:00,0.1335,0.1348,0.1408,0.135,0.1308,0.1398,0.1398,0.1428,0.1515,0.1638,0.1763,0.131,0.1293,0.1328,0.131,0.14350000000000002,0.14350000000000002,0.1398,0.1428,0.1515,0.1638,0.1763,0.131,0.1293,0.1328,0.131,0.131,0.14350000000000002,0.14800000000000002,0.152,0.1653,0.1565,0.168,0.1318,0.1303,0.1318,0.1318,0.135,0.1525,0.1535,0.1565,0.17300000000000001,0.171,0.1683,0.1325,0.1355,0.1355,0.133,0.1375,0.1438,0.1433,0.1468,0.1595,0.161,0.14700000000000002,0.134,0.134,0.1348,0.132,0.1368,0.14200000000000002,0.1423,0.14300000000000002,0.14350000000000002,0.1398,0.135,0.1358,0.136,0.1353,0.1368,0.1405,0.1348,0.14,0.1385,0.1353,0.139,0.139,0.1403,0.1363,0.1358,0.136,0.1313,0.1323,0.1373,0.1333,0.1333,0.1333,0.14980000000000002,0.15180000000000002,0.14300000000000002,0.1393,0.1333,0.1328,0.1323,0.1373,0.1373,0.1333,0.1333,0.14980000000000002,0.15180000000000002,0.14300000000000002,0.1393,0.1333,0.1328,0.1333,0.1333,0.1383,0.1463,0.1583,0.1495,0.154,0.15430000000000002,0.137,0.1295,0.1335,0.1335,0.1383,0.14150000000000001,0.14500000000000002,0.15480000000000002,0.1603
2021-06-18 04:00:00,0.6950000000000001,0.6578,0.616,0.6445000000000001,0.6588,0.6323000000000001,0.67,0.67,0.6963,0.7645000000000001,0.6890000000000001,0.7053,0.6930000000000001,0.6298,0.6098,0.636,0.645,0.645,0.67,0.6963,0.7645000000000001,0.6890000000000001,0.7053,0.6930000000000001,0.6298,0.6098,0.636,0.636,0.645,0.6218,0.6385000000000001,0.7140000000000001,0.6385000000000001,0.6938000000000001,0.6890000000000001,0.652,0.6113000000000001,0.6113000000000001,0.6168,0.648,0.5765,0.5663,0.5770000000000001,0.5940000000000001,0.6585000000000001,0.6920000000000001,0.6895,0.6895,0.6408,0.6323000000000001,0.6858000000000001,0.6318,0.5918,0.5848,0.599,0.6723,0.7285,0.7285,0.749,0.6505000000000001,0.6263000000000001,0.6970000000000001,0.6813,0.6028,0.6133000000000001,0.6343,0.651,0.651,0.7608,0.751,0.6930000000000001,0.6573,0.739,0.6823,0.5850000000000001,0.6448,0.6553,0.7025,0.6768000000000001,0.7245,0.7058,0.7058,0.7248,0.7608,0.6705,0.6218,0.6218,0.6468,0.6695,0.687,0.6975,0.7000000000000001,0.6885,0.6803,0.7608,0.6705,0.6705,0.6218,0.6468,0.6695,0.687,0.6975,0.7000000000000001,0.6885,0.6803,0.6910000000000001,0.6910000000000001,0.6758000000000001,0.6398,0.678,0.6795,0.7048,0.6935,0.685,0.681,0.672,0.672,0.6678000000000001,0.6463,0.6515000000000001,0.6975
2021-09-29 03:00:00,0.2018,0.18080000000000002,0.155,0.17900000000000002,0.2175,0.2175,0.34950000000000003,0.2983,0.2748,0.38430000000000003,0.4308,0.2018,0.18080000000000002,0.155,0.17900000000000002,0.17900000000000002,0.2175,0.2985,0.32130000000000003,0.3075,0.3653,0.4253,0.2038,0.1675,0.153,0.153,0.17930000000000001,0.1845,0.18000000000000002,0.24550000000000002,0.26130000000000003,0.3648,0.40850000000000003,0.21400000000000002,0.1773,0.1773,0.15130000000000002,0.17300000000000001,0.18080000000000002,0.17500000000000002,0.1903,0.1923,0.2975,0.384,0.1723,0.1723,0.182,0.1553,0.1675,0.18080000000000002,0.1665,0.17,0.1585,0.21380000000000002,0.3148,0.14300000000000002,0.1573,0.1595,0.14930000000000002,0.163,0.17250000000000001,0.1713,0.1623,0.165,0.1683,0.1683,0.1453,0.1495,0.14750000000000002,0.1418,0.14730000000000001,0.1625,0.168,0.1573,0.1573,0.151,0.1565,0.1553,0.14830000000000002,0.14750000000000002,0.1325,0.1393,0.1625,0.168,0.168,0.1573,0.151,0.1565,0.1553,0.14830000000000002,0.14750000000000002,0.1325,0.1393,0.1423,0.1423,0.15080000000000002,0.14730000000000001,0.15280000000000002,0.1525,0.1525,0.1405,0.139,0.136,0.132,0.132,0.1358,0.136,0.1358,0.14250000000000002,0.1418,0.1443,0.138,0.1398,0.1345,0.1345,0.1335,0.1338,0.1345,0.1348,0.1418,0.14200000000000002
2021-10-11 04:00:00,0.4555,0.4293,0.41950000000000004,0.4098,0.38430000000000003,0.35400000000000004,0.35400000000000004,0.3153,0.334,0.3058,0.3113,0.4555,0.4293,0.41950000000000004,0.4098,0.38430000000000003,0.38430000000000003,0.35400000000000004,0.3375,0.3568,0.373,0.34800000000000003,0.462,0.4365,0.41050000000000003,0.4208,0.4208,0.41400000000000003,0.382,0.372,0.35750000000000004,0.3778,0.3795,0.4773,0.44730000000000003,0.4163,0.4163,0.435,0.4393,0.42750000000000005,0.38480000000000003,0.367,0.3665,0.3735,0.4723,0.46080000000000004,0.46080000000000004,0.443,0.4408,0.44530000000000003,0.4388,0.4143,0.38,0.3785,0.369,0.4798,0.4798,0.46280000000000004,0.48250000000000004,0.4858,0.466,0.455,0.4355,0.39380000000000004,0.3835,0.3633,0.47000000000000003,0.4768,0.4348,0.46530000000000005,0.503,0.48600000000000004,0.45730000000000004,0.4375,0.432,0.432,0.367,0.4823,0.4833,0.46130000000000004,0.42450000000000004,0.45030000000000003,0.4435,0.45730000000000004,0.4375,0.4375,0.432,0.367,0.4823,0.4833,0.46130000000000004,0.42450000000000004,0.45030000000000003,0.4435,0.4138,0.4138,0.4208,0.4313,0.4005,0.4823,0.4853,0.48350000000000004,0.4403,0.4383,0.4305,0.4305,0.41850000000000004,0.42050000000000004,0.41250000000000003,0.403,0.45280000000000004,0.4738,0.4575,0.432,0.4295,0.4295,0.45980000000000004,0.4398,0.4153,0.39530000000000004,0.3715
2021-07-06 03:00:00,0.5195000000000001,0.46130000000000004,0.42550000000000004,0.456,0.4883,0.49000000000000005,0.49000000000000005,0.4908,0.466,0.49100000000000005,0.499,0.5073,0.5025000000000001,0.4318,0.4258,0.452,0.452,0.49000000000000005,0.4908,0.466,0.49100000000000005,0.499,0.5073,0.5025000000000001,0.4318,0.4258,0.4258,0.452,0.48250000000000004,0.512,0.4933,0.4743,0.42500000000000004,0.4933,0.5155000000000001,0.41600000000000004,0.41600000000000004,0.4313,0.4353,0.4783,0.524,0.5308,0.4545,0.4505,0.556,0.56,0.56,0.555,0.5738,0.5398000000000001,0.5428000000000001,0.5813,0.5790000000000001,0.4323,0.39030000000000004,0.5720000000000001,0.5720000000000001,0.5953,0.5933,0.5793,0.6218,0.622,0.6463,0.5738,0.4123,0.44630000000000003,0.6625,0.5750000000000001,0.5923,0.5900000000000001,0.5663,0.5345,0.5355,0.6315000000000001,0.5428000000000001,0.447,0.447,0.6265000000000001,0.5790000000000001,0.5630000000000001,0.552,0.5405,0.5295,0.5423,0.6358,0.6358,0.6403,0.534,0.645,0.6628000000000001,0.5955,0.5707,0.5483,0.5295,0.5423,0.5423,0.6358,0.6403,0.534,0.645,0.6628000000000001,0.5955,0.5707,0.5483,0.559,0.559,0.598,0.6363,0.6585000000000001,0.542,0.5707,0.5688,0.5588000000000001,0.542,0.4983,0.4983,0.46280000000000004,0.503,0.6103000000000001,0.6365000000000001,0.4983
2021-08-02 05:00:00,0.24530000000000002,0.21280000000000002,0.219,0.22,0.21880000000000002,0.2073,0.20500000000000002,0.20500000000000002,0.2078,0.1835,0.18530000000000002,0.2908,0.24130000000000001,0.215,0.20980000000000001,0.2025,0.1995,0.1995,0.20500000000000002,0.2078,0.1835,0.18530000000000002,0.2908,0.24130000000000001,0.215,0.20980000000000001,0.2025,0.2025,0.1995,0.1938,0.1885,0.1855,0.18630000000000002,0.2785,0.25630000000000003,0.2293,0.21080000000000002,0.21080000000000002,0.21780000000000002,0.2093,0.215,0.21200000000000002,0.1915,0.2,0.268,0.25930000000000003,0.29000000000000004,0.29000000000000004,0.275,0.24750000000000003,0.24650000000000002,0.24580000000000002,0.2565,0.21080000000000002,0.2238,0.24180000000000001,0.21480000000000002,0.21480000000000002,0.26530000000000004,0.25980000000000003,0.231,0.3065,0.275,0.2338,0.2378,0.2558,0.2893,0.2893,0.2943,0.26680000000000004,0.25780000000000003,0.2763,0.33230000000000004,0.24580000000000002,0.1975,0.20550000000000002,0.21930000000000002,0.2735,0.2823,0.2933,0.2705,0.24780000000000002,0.2715,0.3098,0.2283,0.21930000000000002,0.21930000000000002,0.2008,0.24880000000000002,0.257,0.234,0.2235,0.2273,0.2773,0.3098,0.2283,0.2283,0.21930000000000002,0.2008,0.24880000000000002,0.257,0.234,0.2235,0.2273,0.2773,0.3045,0.3045,0.23,0.2025,0.1958,0.256,0.25630000000000003,0.26630000000000004,0.29450000000000004,0.3435,0.321,0.321,0.24700000000000003,0.2255,0.24400000000000002,0.21150000000000002
2021-09-29 02:00:00,0.2558,0.2218,0.29450000000000004,0.315,0.315,0.2753,0.28350000000000003,0.26630000000000004,0.32680000000000003,0.35550000000000004,0.33280000000000004,0.2558,0.2218,0.29450000000000004,0.29450000000000004,0.315,0.2973,0.33280000000000004,0.33130000000000004,0.33230000000000004,0.3593,0.3453,0.17850000000000002,0.17980000000000002,0.17980000000000002,0.2725,0.28850000000000003,0.35300000000000004,0.3438,0.329,0.3115,0.34800000000000003,0.35100000000000003,0.1468,0.1468,0.17830000000000001,0.20650000000000002,0.29050000000000004,0.3423,0.2795,0.311,0.32780000000000004,0.32630000000000003,0.3393,0.18150000000000002,0.1345,0.1563,0.18130000000000002,0.2298,0.2898,0.28,0.32480000000000003,0.32030000000000003,0.3215,0.3215,0.1595,0.1318,0.14700000000000002,0.1585,0.185,0.2053,0.228,0.29100000000000004,0.33680000000000004,0.33680000000000004,0.333,0.14650000000000002,0.1335,0.1388,0.14200000000000002,0.15330000000000002,0.15130000000000002,0.1883,0.1883,0.2,0.2793,0.329,0.149,0.1375,0.1365,0.1368,0.15330000000000002,0.15130000000000002,0.15130000000000002,0.1883,0.2,0.2793,0.329,0.149,0.1375,0.1365,0.1368,0.133,0.133,0.14800000000000002,0.1555,0.1825,0.1953,0.255,0.14200000000000002,0.1333,0.1288,0.1275,0.1275,0.1173,0.12430000000000001,0.1353,0.14980000000000002,0.17200000000000001,0.2265,0.1343,0.1325,0.1318,0.1318,0.12380000000000001,0.1233,0.1258,0.127,0.1273,0.14650000000000002,0.1615
2021-09-10 04:00:00,0.1198,0.12000000000000001,0.1213,0.12200000000000001,0.125,0.12380000000000001,0.12380000000000001,0.1203,0.11850000000000001,0.12380000000000001,0.1223,0.1198,0.12000000000000001,0.1213,0.12200000000000001,0.125,0.125,0.12380000000000001,0.1278,0.11950000000000001,0.12380000000000001,0.12430000000000001,0.1223,0.12300000000000001,0.1208,0.1193,0.1193,0.12150000000000001,0.12350000000000001,0.1233,0.128,0.12380000000000001,0.1323,0.1218,0.1218,0.1255,0.1255,0.124,0.1233,0.127,0.125,0.12380000000000001,0.1295,0.1375,0.1223,0.1223,0.1223,0.1255,0.12480000000000001,0.12300000000000001,0.1305,0.1265,0.12350000000000001,0.1258,0.1263,0.12200000000000001,0.12200000000000001,0.12350000000000001,0.1258,0.12200000000000001,0.1233,0.1265,0.1293,0.1288,0.1308,0.12350000000000001,0.1213,0.127,0.12300000000000001,0.1263,0.12480000000000001,0.1275,0.1223,0.1273,0.1333,0.1333,0.131,0.1303,0.137,0.1295,0.1233,0.12430000000000001,0.12430000000000001,0.1223,0.1273,0.1273,0.1333,0.131,0.1303,0.137,0.1295,0.1233,0.12430000000000001,0.12430000000000001,0.12350000000000001,0.12350000000000001,0.125,0.125,0.12380000000000001,0.1258,0.12480000000000001,0.1295,0.125,0.1228,0.1273,0.1273,0.124,0.12430000000000001,0.1255,0.12480000000000001,0.12430000000000001,0.1265,0.1245,0.1258,0.125,0.125,0.131,0.1318,0.1255,0.1268,0.126
2021-06-23 01:00:00,0.322,0.233,0.1668,0.15080000000000002,0.14980000000000002,0.14980000000000002,0.151,0.1613,0.134,0.1613,0.1428,0.3178,0.2328,0.162,0.1505,0.1505,0.14980000000000002,0.151,0.1613,0.134,0.1613,0.1428,0.3178,0.2328,0.162,0.162,0.1505,0.20500000000000002,0.1665,0.1338,0.14400000000000002,0.1453,0.11230000000000001,0.312,0.22130000000000002,0.22130000000000002,0.161,0.164,0.14,0.1313,0.1213,0.12300000000000001,0.1075,0.1008,0.276,0.276,0.1418,0.10400000000000001,0.11,0.11330000000000001,0.10300000000000001,0.1018,0.10200000000000001,0.0955,0.0945,0.3395,0.2248,0.12000000000000001,0.097,0.11030000000000001,0.14650000000000002,0.11850000000000001,0.10400000000000001,0.098,0.09580000000000001,0.09580000000000001,0.21230000000000002,0.12430000000000001,0.1053,0.0945,0.12150000000000001,0.14100000000000001,0.1155,0.10250000000000001,0.1,0.1,0.1013,0.1263,0.1073,0.1018,0.097,0.1135,0.14980000000000002,0.12050000000000001,0.12050000000000001,0.1085,0.1183,0.1163,0.1003,0.093,0.0965,0.108,0.1135,0.14980000000000002,0.14980000000000002,0.12050000000000001,0.1085,0.1183,0.1163,0.1003,0.093,0.0965,0.108,0.1188,0.1188,0.139,0.132,0.15380000000000002,0.1298,0.1053,0.0935,0.0955,0.10830000000000001,0.1163,0.1163,0.13770000000000002,0.161,0.135,0.12380000000000001,0.1198,0.1165
2021-09-01 02:00:00,0.48000000000000004,0.48750000000000004,0.45080000000000003,0.4315,0.4315,0.462,0.437,0.4485,0.46080000000000004,0.4635,0.48400000000000004,0.48000000000000004,0.48750000000000004,0.45080000000000003,0.45080000000000003,0.4315,0.45830000000000004,0.456,0.45380000000000004,0.4595,0.4645,0.46780000000000005,0.47100000000000003,0.48450000000000004,0.48450000000000004,0.47800000000000004,0.4358,0.44930000000000003,0.464,0.45380000000000004,0.46380000000000005,0.46280000000000004,0.46680000000000005,0.48600000000000004,0.48600000000000004,0.4853,0.4823,0.4818,0.4535,0.46130000000000004,0.4605,0.46480000000000005,0.4685,0.4708,0.462,0.47150000000000003,0.4988,0.4958,0.48700000000000004,0.47150000000000003,0.4798,0.4818,0.4738,0.4675,0.4675,0.448,0.44930000000000003,0.5148,0.5063,0.4718,0.48100000000000004,0.4828,0.4975,0.4783,0.4783,0.46,0.42000000000000004,0.45430000000000004,0.48950000000000005,0.46780000000000005,0.4793,0.48200000000000004,0.4985,0.4985,0.47500000000000003,0.4315,0.451,0.4123,0.4703,0.452,0.47300000000000003,0.4793,0.48200000000000004,0.48200000000000004,0.4985,0.47500000000000003,0.4315,0.451,0.4123,0.4703,0.452,0.47300000000000003,0.465,0.465,0.4753,0.4655,0.4485,0.452,0.45480000000000004,0.32480000000000003,0.41950000000000004,0.47500000000000003,0.45930000000000004,0.45930000000000004,0.45580000000000004,0.48850000000000005,0.4828,0.47500000000000003,0.47350000000000003,0.45730000000000004,0.3533,0.4368,0.46430000000000005,0.46430000000000005,0.458,0.4655,0.5025000000000001,0.5085000000000001,0.4968,0.4585,0.4753
2021-07-06 01:00:00,0.3023,0.3985,0.5107,0.4968,0.47050000000000003,0.47050000000000003,0.44,0.3533,0.34650000000000003,0.38680000000000003,0.4108,0.3895,0.451,0.48950000000000005,0.5013000000000001,0.5013000000000001,0.47050000000000003,0.44,0.3533,0.34650000000000003,0.38680000000000003,0.4108,0.3895,0.451,0.48950000000000005,0.48950000000000005,0.5013000000000001,0.39730000000000004,0.3613,0.3805,0.4005,0.276,0.32,0.5285000000000001,0.55,0.55,0.5758,0.46380000000000005,0.32380000000000003,0.2903,0.39880000000000004,0.4425,0.3568,0.375,0.505,0.505,0.5405,0.5713,0.4863,0.334,0.3733,0.46830000000000005,0.4183,0.322,0.5295,0.3695,0.439,0.4858,0.5598000000000001,0.451,0.318,0.4258,0.4863,0.4413,0.447,0.447,0.38630000000000003,0.453,0.5188,0.5690000000000001,0.3508,0.2878,0.4058,0.5463,0.616,0.616,0.5888,0.4108,0.465,0.5405,0.5353,0.39180000000000004,0.32830000000000004,0.4395,0.4395,0.5733,0.5855,0.6235,0.3705,0.438,0.45430000000000004,0.4848,0.39180000000000004,0.32830000000000004,0.32830000000000004,0.4395,0.5733,0.5855,0.6235,0.3705,0.438,0.45430000000000004,0.4848,0.4413,0.4413,0.4053,0.4033,0.4605,0.5215000000000001,0.5653,0.3433,0.45830000000000004,0.47800000000000004,0.522,0.522,0.49500000000000005,0.46480000000000005,0.4293,0.3728,0.4278,0.4978
2021-06-20 03:00:00,0.2503,0.2545,0.25680000000000003,0.29050000000000004,0.3125,0.275,0.275,0.2348,0.2325,0.171,0.18050000000000002,0.3418,0.3113,0.3305,0.3448,0.35000000000000003,0.35000000000000003,0.275,0.2348,0.2325,0.171,0.18050000000000002,0.3418,0.3113,0.3305,0.3448,0.3448,0.35000000000000003,0.3038,0.308,0.221,0.1883,0.20650000000000002,0.3663,0.2858,0.3355,0.3355,0.35100000000000003,0.328,0.2823,0.26130000000000003,0.23,0.24250000000000002,0.227,0.34900000000000003,0.33130000000000004,0.33130000000000004,0.3393,0.33330000000000004,0.2995,0.2275,0.1738,0.1648,0.183,0.193,0.35750000000000004,0.35750000000000004,0.38,0.3608,0.32280000000000003,0.29350000000000004,0.25120000000000003,0.202,0.2078,0.2323,0.1888,0.306,0.3355,0.307,0.33330000000000004,0.258,0.26680000000000004,0.32780000000000004,0.278,0.2283,0.1925,0.1925,0.2748,0.2505,0.2627,0.24400000000000002,0.26580000000000004,0.26430000000000003,0.259,0.20950000000000002,0.20950000000000002,0.1953,0.1905,0.2063,0.2558,0.3105,0.2545,0.26530000000000004,0.26430000000000003,0.259,0.259,0.20950000000000002,0.1953,0.1905,0.2063,0.2558,0.3105,0.2545,0.26530000000000004,0.23600000000000002,0.23600000000000002,0.2263,0.24930000000000002,0.2363,0.2,0.2615,0.29600000000000004,0.313,0.31980000000000003,0.24700000000000003,0.24700000000000003,0.21300000000000002,0.2368,0.2495,0.21980000000000002,0.18130000000000002
2021-06-10 04:00:00,0.277,0.24000000000000002,0.227,0.2725,0.3055,0.3225,0.3138,0.3138,0.28,0.257,0.2823,0.2013,0.202,0.1758,0.1905,0.2265,0.2558,0.2558,0.3138,0.28,0.257,0.2823,0.2013,0.202,0.1758,0.1905,0.2265,0.2265,0.2558,0.29000000000000004,0.24750000000000003,0.20750000000000002,0.21780000000000002,0.18230000000000002,0.1893,0.1763,0.1768,0.1768,0.2083,0.2383,0.256,0.21350000000000002,0.189,0.18430000000000002,0.1895,0.201,0.1885,0.1885,0.1948,0.1953,0.196,0.2013,0.1953,0.184,0.18730000000000002,0.18050000000000002,0.2003,0.2003,0.18480000000000002,0.185,0.1738,0.18000000000000002,0.1938,0.1958,0.18480000000000002,0.202,0.1718,0.1718,0.189,0.1855,0.17550000000000002,0.1855,0.17350000000000002,0.18230000000000002,0.2033,0.1993,0.217,0.163,0.1688,0.17930000000000001,0.1743,0.1753,0.1728,0.18130000000000002,0.17500000000000002,0.18680000000000002,0.18680000000000002,0.1713,0.1733,0.18630000000000002,0.17950000000000002,0.1773,0.17200000000000001,0.1733,0.18130000000000002,0.17500000000000002,0.17500000000000002,0.18680000000000002,0.1713,0.1733,0.18630000000000002,0.17950000000000002,0.1773,0.17200000000000001,0.1733,0.1703,0.1703,0.18280000000000002,0.18130000000000002,0.18050000000000002,0.19,0.1893,0.1883,0.17700000000000002,0.1713,0.17250000000000001,0.17250000000000001,0.1718,0.1893,0.1935,0.18180000000000002
2021-03-23 04:00:00,0.41000000000000003,0.401,0.41900000000000004,0.41650000000000004,0.41100000000000003,0.41100000000000003,0.4055,0.3603,0.2898,0.26030000000000003,0.231,0.41000000000000003,0.401,0.41900000000000004,0.41650000000000004,0.41650000000000004,0.41100000000000003,0.38230000000000003,0.3478,0.3123,0.2963,0.2543,0.503,0.48200000000000004,0.4365,0.4365,0.3668,0.3728,0.38230000000000003,0.3123,0.2808,0.2812,0.2655,0.4203,0.40030000000000004,0.40030000000000004,0.3655,0.339,0.33130000000000004,0.33,0.342,0.3415,0.34600000000000003,0.3618,0.32030000000000003,0.32030000000000003,0.3015,0.2898,0.271,0.2675,0.2553,0.2993,0.3568,0.38580000000000003,0.41100000000000003,0.2953,0.26630000000000004,0.248,0.24550000000000002,0.23600000000000002,0.215,0.1983,0.215,0.2233,0.24450000000000002,0.24450000000000002,0.2893,0.2743,0.2798,0.24980000000000002,0.22,0.21000000000000002,0.20980000000000001,0.1993,0.1993,0.1883,0.188,0.35700000000000004,0.336,0.3255,0.314,0.29350000000000004,0.21000000000000002,0.20980000000000001,0.20980000000000001,0.1993,0.1883,0.188,0.35700000000000004,0.336,0.3255,0.314,0.29350000000000004,0.254,0.254,0.26080000000000003,0.2575,0.2068,0.1923,0.3728,0.38430000000000003,0.39430000000000004,0.3763,0.3423,0.3423,0.3065,0.2928,0.26130000000000003,0.21280000000000002,0.1913,0.34900000000000003,0.33630000000000004,0.3345,0.33480000000000004,0.33480000000000004,0.3178,0.2738,0.2363,0.2043,0.18430000000000002,0.1625
2021-11-17 02:00:00,0.1368,0.1368,0.1398,0.159,0.1623,0.1645,0.16,0.16,0.1565,0.1645,0.1933,0.1758,0.1673,0.158,0.1558,0.1495,0.14400000000000002,0.14830000000000002,0.1428,0.14500000000000002,0.1515,0.1515,0.18230000000000002,0.1748,0.17550000000000002,0.15280000000000002,0.14300000000000002,0.1398,0.14980000000000002,0.1458,0.1515,0.1515,0.1588,0.18430000000000002,0.18030000000000002,0.1665,0.152,0.1403,0.1385,0.14350000000000002,0.14880000000000002,0.14880000000000002,0.165,0.18100000000000002,0.18080000000000002,0.161,0.14780000000000001,0.1468,0.1375,0.1373,0.1373,0.14200000000000002,0.14600000000000002,0.14650000000000002,0.1608,0.17200000000000001,0.154,0.1405,0.1468,0.1375,0.1375,0.1373,0.14200000000000002,0.14600000000000002,0.14650000000000002,0.1608,0.17200000000000001,0.154,0.1405,0.14650000000000002,0.14650000000000002,0.1443,0.1395,0.14880000000000002,0.15030000000000002,0.15330000000000002,0.14300000000000002,0.1603,0.155,0.1458,0.1458,0.1405,0.1373,0.1363,0.15430000000000002,0.15,0.15,0.14930000000000002,0.164,0.1563,0.1563,0.155,0.15430000000000002,0.1468,0.14,0.15480000000000002,0.182,0.1615,0.1553,0.18480000000000002,0.18480000000000002,0.18530000000000002,0.17650000000000002,0.18000000000000002,0.1688,0.149,0.14880000000000002,0.18150000000000002,0.17830000000000001,0.17830000000000001,0.18380000000000002,0.188,0.17980000000000002,0.1965,0.2015,0.20450000000000002,0.18380000000000002,0.1663,0.171,0.171,0.1688
2021-08-27 02:00:00,0.467,0.5113,0.4888,0.5065000000000001,0.5065000000000001,0.5298,0.4903,0.4778,0.5023,0.5025000000000001,0.4878,0.467,0.5113,0.4888,0.4888,0.5065000000000001,0.5285000000000001,0.496,0.4595,0.48500000000000004,0.4713,0.48500000000000004,0.454,0.5333,0.5333,0.5433,0.5275000000000001,0.5348,0.5228,0.48450000000000004,0.48950000000000005,0.45680000000000004,0.4883,0.44880000000000003,0.44880000000000003,0.5225000000000001,0.5715,0.5825,0.5788,0.5175000000000001,0.49000000000000005,0.5128,0.4813,0.465,0.48850000000000005,0.47250000000000003,0.48600000000000004,0.514,0.5745,0.621,0.5555,0.5333,0.535,0.536,0.536,0.5373,0.5043,0.5,0.48950000000000005,0.5233,0.6138,0.5713,0.545,0.5493,0.5493,0.5675,0.5265000000000001,0.5343,0.5473,0.5205000000000001,0.4933,0.5215000000000001,0.537,0.537,0.5333,0.5335,0.5493,0.5195000000000001,0.52,0.5593,0.5860000000000001,0.4933,0.5215000000000001,0.5215000000000001,0.537,0.5333,0.5335,0.5493,0.5195000000000001,0.52,0.5593,0.5860000000000001,0.5337000000000001,0.5337000000000001,0.501,0.5355,0.5505,0.5185000000000001,0.5525,0.5222,0.5173,0.538,0.5778,0.5778,0.5988,0.524,0.5245000000000001,0.5548000000000001,0.5178,0.554,0.5263,0.5173,0.5358,0.5358,0.547,0.5713,0.5760000000000001,0.5285000000000001,0.5595,0.519,0.5463
2021-04-06 04:00:00,0.21030000000000001,0.20950000000000002,0.2013,0.20600000000000002,0.2263,0.2348,0.2348,0.24650000000000002,0.2918,0.35750000000000004,0.391,0.21030000000000001,0.20950000000000002,0.2013,0.20600000000000002,0.2263,0.2263,0.2348,0.2258,0.2248,0.2533,0.3093,0.24380000000000002,0.2398,0.2373,0.2205,0.2205,0.2225,0.23900000000000002,0.21300000000000002,0.20550000000000002,0.20650000000000002,0.2093,0.2733,0.26530000000000004,0.2695,0.2695,0.26080000000000003,0.24180000000000001,0.23,0.2285,0.20450000000000002,0.1965,0.1995,0.2275,0.24530000000000002,0.24530000000000002,0.24580000000000002,0.24980000000000002,0.24500000000000002,0.2378,0.24550000000000002,0.2263,0.21680000000000002,0.2068,0.189,0.189,0.1968,0.194,0.195,0.1928,0.1945,0.2043,0.20700000000000002,0.21050000000000002,0.2083,0.17850000000000002,0.18100000000000002,0.18230000000000002,0.17930000000000001,0.18380000000000002,0.17850000000000002,0.1768,0.17650000000000002,0.183,0.183,0.1885,0.1835,0.1865,0.18430000000000002,0.189,0.18230000000000002,0.17550000000000002,0.1768,0.17650000000000002,0.17650000000000002,0.183,0.1885,0.1835,0.1865,0.18430000000000002,0.189,0.18230000000000002,0.17550000000000002,0.1695,0.1695,0.1743,0.1733,0.1733,0.18730000000000002,0.17800000000000002,0.17980000000000002,0.17980000000000002,0.17980000000000002,0.169,0.169,0.1688,0.1625,0.1628,0.162,0.18000000000000002,0.18080000000000002,0.18080000000000002,0.17880000000000001,0.1708,0.1708,0.167,0.1658,0.1605,0.1583,0.1598
2021-07-25 05:00:00,0.14450000000000002,0.1575,0.158,0.1375,0.1708,0.201,0.2765,0.2765,0.187,0.1713,0.14650000000000002,0.1545,0.156,0.14300000000000002,0.1505,0.14880000000000002,0.17450000000000002,0.17450000000000002,0.2765,0.187,0.1713,0.14650000000000002,0.1545,0.156,0.14300000000000002,0.1505,0.14880000000000002,0.14880000000000002,0.17450000000000002,0.215,0.2765,0.18280000000000002,0.16,0.1915,0.15330000000000002,0.18150000000000002,0.1405,0.1405,0.14880000000000002,0.14550000000000002,0.15280000000000002,0.1913,0.256,0.253,0.1705,0.17800000000000002,0.1573,0.1573,0.14730000000000001,0.14550000000000002,0.1495,0.1373,0.1408,0.1753,0.185,0.1723,0.166,0.166,0.20800000000000002,0.1563,0.15030000000000002,0.1558,0.14750000000000002,0.1403,0.167,0.1708,0.14100000000000001,0.14100000000000001,0.1423,0.162,0.18480000000000002,0.168,0.1553,0.1358,0.14350000000000002,0.1385,0.1515,0.15030000000000002,0.157,0.1443,0.14700000000000002,0.15280000000000002,0.153,0.1578,0.14700000000000002,0.1618,0.1618,0.1453,0.1885,0.1938,0.1605,0.1375,0.1423,0.14500000000000002,0.1578,0.14700000000000002,0.14700000000000002,0.1618,0.1453,0.1885,0.1938,0.1605,0.1375,0.1423,0.14500000000000002,0.152,0.152,0.15080000000000002,0.15230000000000002,0.15230000000000002,0.1348,0.1825,0.225,0.1715,0.135,0.14930000000000002,0.14930000000000002,0.17450000000000002,0.154,0.14650000000000002,0.164
2021-05-30 01:00:00,0.08750000000000001,0.0838,0.0838,0.0878,0.08650000000000001,0.08650000000000001,0.0833,0.0845,0.0903,0.08850000000000001,0.08900000000000001,0.07980000000000001,0.0858,0.08600000000000001,0.0873,0.0873,0.08650000000000001,0.0833,0.0845,0.0903,0.08850000000000001,0.08900000000000001,0.07980000000000001,0.0858,0.08600000000000001,0.08600000000000001,0.0873,0.0855,0.0858,0.08650000000000001,0.0868,0.085,0.09050000000000001,0.0893,0.08850000000000001,0.08850000000000001,0.08950000000000001,0.08800000000000001,0.0868,0.08750000000000001,0.0898,0.0913,0.09330000000000001,0.0878,0.0893,0.0893,0.08700000000000001,0.08950000000000001,0.08700000000000001,0.08750000000000001,0.08600000000000001,0.0858,0.09480000000000001,0.0878,0.0845,0.08900000000000001,0.08900000000000001,0.0908,0.08950000000000001,0.0915,0.0893,0.0888,0.0873,0.0888,0.085,0.085,0.0893,0.0915,0.0893,0.0858,0.0878,0.08650000000000001,0.0878,0.0878,0.08700000000000001,0.08700000000000001,0.08950000000000001,0.0898,0.0925,0.093,0.09000000000000001,0.09050000000000001,0.0893,0.08950000000000001,0.08950000000000001,0.0908,0.08600000000000001,0.0908,0.09380000000000001,0.093,0.0918,0.0903,0.09050000000000001,0.0893,0.0893,0.08950000000000001,0.0908,0.08600000000000001,0.0908,0.09380000000000001,0.093,0.0918,0.0903,0.08800000000000001,0.08800000000000001,0.0898,0.08850000000000001,0.0883,0.08950000000000001,0.0893,0.0955,0.09430000000000001,0.097,0.09280000000000001,0.09280000000000001,0.0935,0.0908,0.0908,0.09280000000000001,0.095,0.0975
2021-02-22 03:00:00,0.12200000000000001,0.11850000000000001,0.11950000000000001,0.11950000000000001,0.1263,0.12250000000000001,0.1218,0.1255,0.12000000000000001,0.12200000000000001,0.1213,0.1258,0.1213,0.1213,0.1198,0.12300000000000001,0.124,0.12200000000000001,0.12430000000000001,0.12480000000000001,0.1268,0.11900000000000001,0.1275,0.1275,0.129,0.124,0.1298,0.1305,0.1255,0.125,0.1298,0.13,0.12250000000000001,0.12380000000000001,0.125,0.1275,0.1263,0.12300000000000001,0.12430000000000001,0.1265,0.1253,0.1268,0.1308,0.1308,0.13,0.124,0.1223,0.1245,0.1255,0.12100000000000001,0.1278,0.1265,0.12480000000000001,0.12480000000000001,0.12430000000000001,0.127,0.12350000000000001,0.1233,0.1283,0.12200000000000001,0.12100000000000001,0.12480000000000001,0.12480000000000001,0.12380000000000001,0.12380000000000001,0.1228,0.1308,0.1258,0.1263,0.1255,0.12200000000000001,0.12100000000000001,0.12100000000000001,0.12480000000000001,0.12380000000000001,0.12380000000000001,0.1228,0.1308,0.1258,0.1263,0.1255,0.1315,0.1315,0.126,0.1263,0.1305,0.1233,0.12480000000000001,0.12250000000000001,0.1253,0.1255,0.12300000000000001,0.12300000000000001,0.126,0.1263,0.1263,0.12100000000000001,0.1198,0.128,0.1263,0.12480000000000001,0.12100000000000001,0.12100000000000001,0.124,0.1275,0.1258,0.12430000000000001,0.12380000000000001,0.1263,0.12250000000000001,0.1203,0.1213,0.1213,0.1233,0.12000000000000001,0.1335,0.1245,0.125,0.125,0.1253,0.12250000000000001
2021-06-19 02:00:00,0.5723,0.551,0.5368,0.5113,0.5337000000000001,0.5337000000000001,0.5028,0.4415,0.431,0.41800000000000004,0.386,0.5583,0.5498000000000001,0.547,0.5153,0.5153,0.5337000000000001,0.5028,0.4415,0.431,0.41800000000000004,0.386,0.5583,0.5498000000000001,0.547,0.547,0.5153,0.5303,0.5135000000000001,0.436,0.40280000000000005,0.4118,0.4035,0.5053,0.554,0.554,0.5343,0.496,0.4918,0.46780000000000005,0.4495,0.4308,0.4188,0.41200000000000003,0.49500000000000005,0.49500000000000005,0.5452,0.5197,0.46080000000000004,0.45180000000000003,0.454,0.45480000000000004,0.4365,0.4238,0.39580000000000004,0.4525,0.5043,0.511,0.46680000000000005,0.48500000000000004,0.462,0.45830000000000004,0.44580000000000003,0.4138,0.3603,0.3603,0.4918,0.498,0.444,0.44880000000000003,0.4635,0.442,0.4213,0.41550000000000004,0.3365,0.3365,0.2918,0.46530000000000005,0.46630000000000005,0.4328,0.4178,0.404,0.4098,0.40080000000000005,0.40080000000000005,0.367,0.312,0.3143,0.4423,0.45130000000000003,0.42850000000000005,0.4383,0.404,0.4098,0.4098,0.40080000000000005,0.367,0.312,0.3143,0.4423,0.45130000000000003,0.42850000000000005,0.4383,0.4365,0.4365,0.41700000000000004,0.39080000000000004,0.38430000000000003,0.33330000000000004,0.3735,0.452,0.437,0.4298,0.4325,0.4325,0.4325,0.41600000000000004,0.39430000000000004,0.3965,0.39930000000000004,0.38280000000000003
2021-05-29 02:00:00,0.2335,0.23,0.2508,0.231,0.21280000000000002,0.21280000000000002,0.199,0.1945,0.1988,0.2218,0.1968,0.1983,0.2043,0.2343,0.2155,0.2155,0.21280000000000002,0.199,0.1945,0.1988,0.2218,0.1968,0.1983,0.2043,0.2343,0.2343,0.2155,0.195,0.2018,0.2043,0.1995,0.1978,0.1925,0.20980000000000001,0.2025,0.2025,0.2078,0.1888,0.17200000000000001,0.1718,0.18100000000000002,0.18630000000000002,0.1893,0.1748,0.2155,0.2155,0.1963,0.191,0.17930000000000001,0.1713,0.1705,0.169,0.1723,0.1565,0.15230000000000002,0.17200000000000001,0.17450000000000002,0.1763,0.1733,0.1748,0.1695,0.1665,0.153,0.14500000000000002,0.1393,0.1393,0.1618,0.1678,0.1688,0.1733,0.17800000000000002,0.1763,0.163,0.1463,0.14350000000000002,0.14350000000000002,0.132,0.15080000000000002,0.154,0.1628,0.162,0.1865,0.2018,0.1955,0.1955,0.15130000000000002,0.1438,0.152,0.14350000000000002,0.1388,0.15030000000000002,0.15130000000000002,0.1865,0.2018,0.2018,0.1955,0.15130000000000002,0.1438,0.152,0.14350000000000002,0.1388,0.15030000000000002,0.15130000000000002,0.18000000000000002,0.18000000000000002,0.21050000000000002,0.2265,0.188,0.18380000000000002,0.18150000000000002,0.1363,0.1338,0.1338,0.1345,0.1345,0.134,0.14250000000000002,0.1718,0.21380000000000002,0.1928,0.1953
2021-09-01 04:00:00,0.5478000000000001,0.5665,0.54,0.5618000000000001,0.5813,0.5793,0.5793,0.5283,0.5325,0.5733,0.5930000000000001,0.5478000000000001,0.5665,0.54,0.5618000000000001,0.5813,0.5813,0.5793,0.5478000000000001,0.5545,0.5785,0.6043000000000001,0.5505,0.5408000000000001,0.5475,0.5628000000000001,0.5628000000000001,0.5690000000000001,0.553,0.5658000000000001,0.5633,0.595,0.6048,0.537,0.541,0.5578000000000001,0.5578000000000001,0.5598000000000001,0.5635,0.555,0.5563,0.5965,0.6248,0.623,0.5418000000000001,0.5425,0.5425,0.534,0.5388000000000001,0.5585,0.5650000000000001,0.5720000000000001,0.608,0.6188,0.6093000000000001,0.5452,0.5452,0.544,0.524,0.5468000000000001,0.5473,0.557,0.5555,0.5623,0.5463,0.553,0.5358,0.5518000000000001,0.5395,0.5393,0.5438000000000001,0.5485,0.5565,0.5508000000000001,0.5288,0.5288,0.536,0.5405,0.5458000000000001,0.5485,0.5413,0.5452,0.5468000000000001,0.5565,0.5508000000000001,0.5508000000000001,0.5288,0.536,0.5405,0.5458000000000001,0.5485,0.5413,0.5452,0.5468000000000001,0.5308,0.5308,0.5323,0.5393,0.5337000000000001,0.539,0.5468000000000001,0.542,0.5385,0.5525,0.538,0.538,0.5248,0.521,0.5263,0.5305,0.5465,0.542,0.5483,0.547,0.5465,0.5465,0.5378000000000001,0.529,0.5293,0.532,0.5345
2021-06-20 02:00:00,0.324,0.3158,0.3138,0.3183,0.342,0.342,0.3425,0.3145,0.2882,0.314,0.28,0.264,0.24000000000000002,0.2528,0.2812,0.2812,0.342,0.3425,0.3145,0.2882,0.314,0.28,0.264,0.24000000000000002,0.2528,0.2528,0.2812,0.2893,0.33,0.3058,0.25980000000000003,0.2868,0.2765,0.3255,0.311,0.311,0.3043,0.2998,0.2878,0.2838,0.234,0.24650000000000002,0.261,0.231,0.3713,0.3713,0.3668,0.327,0.298,0.26880000000000004,0.2358,0.24880000000000002,0.2923,0.2758,0.2265,0.3638,0.318,0.3038,0.29550000000000004,0.24980000000000002,0.21100000000000002,0.27,0.3005,0.28700000000000003,0.3153,0.3153,0.3158,0.28,0.2848,0.24130000000000001,0.2093,0.227,0.2303,0.3178,0.36150000000000004,0.36150000000000004,0.3415,0.2768,0.29550000000000004,0.2685,0.20980000000000001,0.24330000000000002,0.24480000000000002,0.2818,0.2818,0.41250000000000003,0.444,0.34850000000000003,0.2215,0.202,0.2293,0.2528,0.24330000000000002,0.24480000000000002,0.24480000000000002,0.2818,0.41250000000000003,0.444,0.34850000000000003,0.2215,0.202,0.2293,0.2528,0.2983,0.2983,0.2993,0.376,0.4268,0.367,0.2903,0.1698,0.2235,0.3128,0.3148,0.3148,0.3383,0.33630000000000004,0.3418,0.308,0.26830000000000004,0.264
2021-02-15 02:00:00,0.32980000000000004,0.3628,0.3628,0.3723,0.384,0.3695,0.35100000000000003,0.36150000000000004,0.3423,0.32880000000000004,0.33680000000000004,0.33480000000000004,0.33480000000000004,0.3573,0.3423,0.3623,0.3463,0.35400000000000004,0.3518,0.3663,0.35600000000000004,0.35300000000000004,0.3508,0.3398,0.3663,0.35250000000000004,0.3523,0.3408,0.3508,0.35400000000000004,0.35450000000000004,0.3638,0.3638,0.366,0.35100000000000003,0.34550000000000003,0.323,0.327,0.3305,0.3365,0.3393,0.3383,0.3383,0.32780000000000004,0.3665,0.3413,0.3265,0.3153,0.32580000000000003,0.3373,0.3175,0.328,0.328,0.3175,0.32430000000000003,0.3773,0.3635,0.33480000000000004,0.3205,0.327,0.3433,0.3433,0.3325,0.332,0.3183,0.28300000000000003,0.365,0.3573,0.3373,0.3205,0.327,0.327,0.3433,0.3325,0.332,0.3183,0.28300000000000003,0.365,0.3573,0.3373,0.32580000000000003,0.32580000000000003,0.3033,0.32230000000000003,0.3305,0.311,0.303,0.2753,0.3423,0.335,0.3038,0.3038,0.3003,0.29500000000000004,0.3093,0.313,0.309,0.2838,0.2558,0.3035,0.2995,0.2995,0.2923,0.28750000000000003,0.29450000000000004,0.3085,0.29600000000000004,0.2923,0.26430000000000003,0.2275,0.28500000000000003,0.28500000000000003,0.2893,0.2765,0.29150000000000004,0.2908,0.2823,0.27,0.24650000000000002,0.23800000000000002,0.23800000000000002
2021-07-05 02:00:00,0.4385,0.42350000000000004,0.45080000000000003,0.4868,0.51,0.51,0.499,0.4383,0.3755,0.403,0.42600000000000005,0.439,0.42850000000000005,0.44730000000000003,0.4888,0.4888,0.51,0.499,0.4383,0.3755,0.403,0.42600000000000005,0.439,0.42850000000000005,0.44730000000000003,0.44730000000000003,0.4888,0.5078,0.4923,0.3995,0.4025,0.4258,0.41200000000000003,0.48450000000000004,0.4595,0.4595,0.46280000000000004,0.4913,0.4808,0.44430000000000003,0.444,0.4193,0.4055,0.3995,0.47600000000000003,0.47600000000000003,0.467,0.4565,0.454,0.44630000000000003,0.4315,0.4455,0.41900000000000004,0.406,0.41500000000000004,0.42500000000000004,0.4318,0.4535,0.4423,0.4395,0.42750000000000005,0.3955,0.38530000000000003,0.4058,0.44,0.44,0.4413,0.4338,0.44780000000000003,0.442,0.4418,0.42300000000000004,0.38730000000000003,0.398,0.397,0.397,0.42150000000000004,0.4685,0.45730000000000004,0.45880000000000004,0.436,0.45480000000000004,0.4355,0.42150000000000004,0.42150000000000004,0.4435,0.42600000000000005,0.4313,0.47050000000000003,0.46230000000000004,0.47850000000000004,0.47500000000000003,0.45480000000000004,0.4355,0.4355,0.42150000000000004,0.4435,0.42600000000000005,0.4313,0.47050000000000003,0.46230000000000004,0.47850000000000004,0.47500000000000003,0.4763,0.4763,0.4728,0.453,0.4693,0.44930000000000003,0.44580000000000003,0.47850000000000004,0.4923,0.512,0.5168,0.5168,0.519,0.4988,0.4423,0.49300000000000005,0.48550000000000004,0.4525
2021-06-26 01:00:00,0.3895,0.3905,0.4083,0.3935,0.40130000000000005,0.40130000000000005,0.384,0.3593,0.3645,0.3613,0.3795,0.4138,0.41600000000000004,0.4193,0.4045,0.4045,0.40130000000000005,0.384,0.3593,0.3645,0.3613,0.3795,0.4138,0.41600000000000004,0.4193,0.4193,0.4045,0.3788,0.3413,0.319,0.3508,0.372,0.36000000000000004,0.42250000000000004,0.4273,0.4273,0.42350000000000004,0.42000000000000004,0.406,0.3708,0.3355,0.36250000000000004,0.38730000000000003,0.3845,0.41900000000000004,0.41900000000000004,0.39880000000000004,0.40230000000000005,0.38880000000000003,0.3815,0.3635,0.3778,0.3645,0.387,0.402,0.4178,0.4103,0.38830000000000003,0.3935,0.391,0.40080000000000005,0.39630000000000004,0.4015,0.3805,0.39280000000000004,0.39280000000000004,0.41050000000000003,0.3975,0.4,0.406,0.40800000000000003,0.4153,0.40800000000000003,0.388,0.394,0.394,0.39930000000000004,0.42150000000000004,0.4308,0.4148,0.4073,0.40700000000000003,0.4238,0.4083,0.4083,0.39880000000000004,0.4,0.397,0.4323,0.4408,0.4288,0.40280000000000005,0.40700000000000003,0.4238,0.4238,0.4083,0.39880000000000004,0.4,0.397,0.4323,0.4408,0.4288,0.40280000000000005,0.40230000000000005,0.40230000000000005,0.434,0.42800000000000005,0.3985,0.3815,0.4108,0.45680000000000004,0.46430000000000005,0.4378,0.4138,0.4138,0.4243,0.41300000000000003,0.4253,0.4093,0.41300000000000003,0.4025
2021-07-05 03:00:00,0.534,0.5253,0.5415,0.5945,0.5435,0.48450000000000004,0.48450000000000004,0.5593,0.5668000000000001,0.5533,0.5720000000000001,0.5858,0.5720000000000001,0.5685,0.6093000000000001,0.5700000000000001,0.5700000000000001,0.48450000000000004,0.5593,0.5668000000000001,0.5533,0.5720000000000001,0.5858,0.5720000000000001,0.5685,0.6093000000000001,0.6093000000000001,0.5700000000000001,0.5303,0.5715,0.5953,0.5938,0.5705,0.5773,0.5875,0.5938,0.5938,0.5822,0.56,0.552,0.5658000000000001,0.5623,0.6093000000000001,0.597,0.6298,0.6155,0.6155,0.6213000000000001,0.6063000000000001,0.5753,0.5643,0.5715,0.5680000000000001,0.5965,0.5898,0.6238,0.6238,0.615,0.5968,0.6303000000000001,0.618,0.5703,0.5710000000000001,0.5940000000000001,0.6193000000000001,0.5955,0.5312,0.5715,0.5778,0.5770000000000001,0.5575,0.5563,0.557,0.5738,0.6023000000000001,0.6053000000000001,0.6053000000000001,0.549,0.5828,0.6225,0.6228,0.5615,0.5525,0.5473,0.5660000000000001,0.5660000000000001,0.5895,0.5725,0.5780000000000001,0.6158,0.641,0.6175,0.5723,0.5525,0.5473,0.5473,0.5660000000000001,0.5895,0.5725,0.5780000000000001,0.6158,0.641,0.6175,0.5723,0.5618000000000001,0.5618000000000001,0.5658000000000001,0.5698,0.5670000000000001,0.5615,0.5715,0.6173000000000001,0.6385000000000001,0.601,0.5563,0.5563,0.5383,0.5565,0.5603,0.546,0.5458000000000001
2021-05-25 04:00:00,0.4723,0.5148,0.5073,0.443,0.5008,0.5433,0.5373,0.5373,0.46580000000000005,0.4545,0.4585,0.5148,0.5135000000000001,0.48800000000000004,0.5038,0.516,0.5418000000000001,0.5418000000000001,0.5373,0.46580000000000005,0.4545,0.4585,0.5148,0.5135000000000001,0.48800000000000004,0.5038,0.516,0.516,0.5418000000000001,0.5173,0.47850000000000004,0.48050000000000004,0.4343,0.539,0.5173,0.4978,0.47250000000000003,0.47250000000000003,0.46130000000000004,0.47950000000000004,0.462,0.49100000000000005,0.4843,0.4183,0.4995,0.5035000000000001,0.45880000000000004,0.45880000000000004,0.3845,0.46780000000000005,0.497,0.4375,0.42650000000000005,0.5055000000000001,0.45630000000000004,0.5153,0.5215000000000001,0.5215000000000001,0.3845,0.3195,0.4178,0.454,0.3985,0.3985,0.4698,0.35950000000000004,0.5228,0.5228,0.532,0.457,0.3393,0.4055,0.33230000000000004,0.3723,0.4198,0.42550000000000004,0.3508,0.4645,0.5448000000000001,0.5585,0.4698,0.36300000000000004,0.3483,0.2812,0.3473,0.38430000000000003,0.38430000000000003,0.323,0.4955,0.5505,0.5465,0.46430000000000005,0.3718,0.2988,0.2812,0.3473,0.3473,0.38430000000000003,0.323,0.4955,0.5505,0.5465,0.46430000000000005,0.3718,0.2988,0.28800000000000003,0.28800000000000003,0.4173,0.4395,0.3643,0.5423,0.5452,0.5135000000000001,0.5065000000000001,0.3905,0.3755,0.3755,0.3985,0.49050000000000005,0.5005000000000001,0.4268
2021-08-27 04:00:00,0.6495000000000001,0.6098,0.6353,0.6103000000000001,0.5863,0.599,0.599,0.6075,0.605,0.5965,0.6085,0.6495000000000001,0.6098,0.6353,0.6103000000000001,0.5863,0.5863,0.599,0.6235,0.6273000000000001,0.6148,0.6123000000000001,0.6645,0.6940000000000001,0.7493000000000001,0.6313000000000001,0.6313000000000001,0.5953,0.6015,0.614,0.6135,0.6133000000000001,0.6153000000000001,0.6533,0.6940000000000001,0.7398,0.7398,0.6865,0.5933,0.5943,0.6005,0.6153000000000001,0.602,0.6043000000000001,0.629,0.6398,0.6398,0.6518,0.6615,0.6073000000000001,0.6018,0.6143000000000001,0.5935,0.6005,0.612,0.621,0.621,0.6295000000000001,0.6155,0.6185,0.6045,0.5908,0.5895,0.5885,0.6028,0.622,0.5573,0.5923,0.5913,0.5858,0.5975,0.6088,0.597,0.5945,0.6105,0.6105,0.6133000000000001,0.5833,0.5660000000000001,0.5790000000000001,0.5890000000000001,0.6193000000000001,0.6228,0.597,0.5945,0.5945,0.6105,0.6133000000000001,0.5833,0.5660000000000001,0.5790000000000001,0.5890000000000001,0.6193000000000001,0.6228,0.6018,0.6018,0.6243000000000001,0.7040000000000001,0.6995,0.6063000000000001,0.5763,0.5848,0.6233000000000001,0.6415000000000001,0.6448,0.6448,0.6183000000000001,0.647,0.6918000000000001,0.7308,0.5975,0.6195,0.5993,0.605,0.6318,0.6318,0.658,0.63,0.62,0.651,0.7128
2021-10-27 04:00:00,0.1443,0.1458,0.14100000000000001,0.14400000000000002,0.1453,0.1453,0.14450000000000002,0.1438,0.1443,0.14550000000000002,0.14300000000000002,0.1463,0.1443,0.1423,0.14300000000000002,0.14300000000000002,0.14250000000000002,0.14500000000000002,0.1453,0.14450000000000002,0.14400000000000002,0.14750000000000002,0.1495,0.14750000000000002,0.1545,0.1545,0.14550000000000002,0.151,0.14750000000000002,0.14780000000000001,0.1515,0.14700000000000002,0.15080000000000002,0.15,0.1463,0.1463,0.14300000000000002,0.14500000000000002,0.14300000000000002,0.1398,0.14500000000000002,0.1453,0.1433,0.1433,0.14500000000000002,0.14500000000000002,0.14750000000000002,0.1463,0.1468,0.14600000000000002,0.1433,0.1463,0.14830000000000002,0.14780000000000001,0.1468,0.1463,0.14880000000000002,0.14930000000000002,0.14830000000000002,0.14550000000000002,0.14730000000000001,0.1458,0.14450000000000002,0.1453,0.1453,0.14600000000000002,0.15030000000000002,0.151,0.15280000000000002,0.14980000000000002,0.149,0.149,0.1458,0.14450000000000002,0.14450000000000002,0.1453,0.14600000000000002,0.15030000000000002,0.151,0.15280000000000002,0.14980000000000002,0.149,0.149,0.14730000000000001,0.14730000000000001,0.14650000000000002,0.14700000000000002,0.14780000000000001,0.1458,0.14930000000000002,0.14700000000000002,0.15030000000000002,0.14730000000000001,0.1458,0.1458,0.1458,0.1463,0.14600000000000002,0.14730000000000001,0.15080000000000002,0.151,0.1525,0.15130000000000002,0.15230000000000002,0.15230000000000002,0.14830000000000002,0.14880000000000002,0.151,0.14830000000000002,0.1515,0.1525,0.1525,0.1525,0.1525,0.1525,0.152,0.14980000000000002,0.15180000000000002,0.1515,0.14780000000000001,0.151
2021-05-07 04:00:00,0.374,0.384,0.4025,0.381,0.364,0.35900000000000004,0.3275,0.3275,0.3153,0.3083,0.32430000000000003,0.33630000000000004,0.3235,0.339,0.3685,0.383,0.3748,0.3748,0.3275,0.3153,0.3083,0.32430000000000003,0.33630000000000004,0.3235,0.339,0.3685,0.383,0.383,0.3748,0.3548,0.35350000000000004,0.3458,0.3608,0.2978,0.302,0.32180000000000003,0.33630000000000004,0.33630000000000004,0.33230000000000004,0.32680000000000003,0.34600000000000003,0.3855,0.39630000000000004,0.39230000000000004,0.2858,0.2968,0.2973,0.2973,0.29450000000000004,0.2998,0.29450000000000004,0.29400000000000004,0.3005,0.331,0.3618,0.32580000000000003,0.32,0.32,0.32080000000000003,0.3168,0.2958,0.2758,0.2758,0.28250000000000003,0.29300000000000004,0.3128,0.3673,0.3673,0.35850000000000004,0.3568,0.3663,0.35000000000000003,0.32,0.3075,0.2868,0.277,0.3,0.38880000000000003,0.4005,0.381,0.379,0.3645,0.3458,0.327,0.321,0.29000000000000004,0.29000000000000004,0.28550000000000003,0.3995,0.41800000000000004,0.4168,0.405,0.3723,0.3483,0.327,0.321,0.321,0.29000000000000004,0.28550000000000003,0.3995,0.41800000000000004,0.4168,0.405,0.3723,0.3483,0.3448,0.3448,0.3355,0.3078,0.29500000000000004,0.4063,0.41450000000000004,0.41050000000000003,0.405,0.388,0.337,0.337,0.3295,0.3275,0.3375,0.3398
2021-07-30 05:00:00,0.13,0.1285,0.1258,0.1265,0.1285,0.1273,0.1333,0.1333,0.131,0.131,0.1278,0.1328,0.135,0.1288,0.1308,0.1253,0.13,0.13,0.1333,0.131,0.131,0.1278,0.1328,0.135,0.1288,0.1308,0.1253,0.1253,0.13,0.1318,0.1335,0.1345,0.132,0.1365,0.1288,0.1268,0.13,0.13,0.1295,0.1268,0.127,0.14350000000000002,0.1443,0.14250000000000002,0.1305,0.136,0.1305,0.1305,0.134,0.1318,0.1303,0.128,0.1305,0.14500000000000002,0.14650000000000002,0.1365,0.1273,0.1273,0.1298,0.1275,0.1285,0.1278,0.1273,0.1335,0.1335,0.138,0.1335,0.1335,0.1323,0.1323,0.1278,0.1283,0.126,0.1288,0.133,0.1383,0.136,0.1318,0.1335,0.1363,0.1328,0.1338,0.1275,0.1333,0.1258,0.131,0.131,0.14500000000000002,0.1385,0.14450000000000002,0.1405,0.135,0.1305,0.132,0.1333,0.1258,0.1258,0.131,0.14500000000000002,0.1385,0.14450000000000002,0.1405,0.135,0.1305,0.132,0.1305,0.1305,0.131,0.1345,0.132,0.1318,0.135,0.1318,0.132,0.1325,0.1305,0.1305,0.1293,0.1303,0.1345,0.1333
2021-08-06 02:00:00,0.3265,0.3375,0.33030000000000004,0.3305,0.2893,0.2893,0.29100000000000004,0.2785,0.29350000000000004,0.221,0.3103,0.28900000000000003,0.3295,0.33,0.2778,0.2778,0.2893,0.29100000000000004,0.2785,0.29350000000000004,0.221,0.3103,0.28900000000000003,0.3295,0.33,0.33,0.2778,0.24280000000000002,0.2778,0.3305,0.33380000000000004,0.29300000000000004,0.2745,0.3255,0.3815,0.3815,0.325,0.28450000000000003,0.26330000000000003,0.3205,0.315,0.3113,0.318,0.27080000000000004,0.2705,0.2705,0.34800000000000003,0.29400000000000004,0.3008,0.3178,0.26030000000000003,0.25780000000000003,0.337,0.3098,0.248,0.2043,0.2053,0.3093,0.273,0.2303,0.24450000000000002,0.18180000000000002,0.2363,0.2898,0.36200000000000004,0.36200000000000004,0.24080000000000001,0.2185,0.2083,0.2205,0.1933,0.1918,0.162,0.17550000000000002,0.23850000000000002,0.23850000000000002,0.21680000000000002,0.193,0.20700000000000002,0.165,0.1768,0.18380000000000002,0.15230000000000002,0.1433,0.1433,0.1373,0.1583,0.15280000000000002,0.14930000000000002,0.1423,0.1358,0.1353,0.18380000000000002,0.15230000000000002,0.15230000000000002,0.1433,0.1373,0.1583,0.15280000000000002,0.14930000000000002,0.1423,0.1358,0.1353,0.15030000000000002,0.15030000000000002,0.1535,0.15080000000000002,0.1373,0.1403,0.14930000000000002,0.1403,0.1358,0.1278,0.1233,0.1233,0.1328,0.1338,0.1335,0.1348,0.1343,0.1335
2021-05-28 04:00:00,0.23950000000000002,0.2812,0.2848,0.3015,0.2585,0.26180000000000003,0.33430000000000004,0.33430000000000004,0.35250000000000004,0.3478,0.3498,0.256,0.3133,0.2848,0.3005,0.2753,0.2943,0.2943,0.33430000000000004,0.35250000000000004,0.3478,0.3498,0.256,0.3133,0.2848,0.3005,0.2753,0.2753,0.2943,0.3235,0.3315,0.3265,0.38230000000000003,0.2295,0.325,0.2738,0.2873,0.2873,0.2755,0.2888,0.28750000000000003,0.3175,0.33430000000000004,0.34450000000000003,0.2298,0.3205,0.3028,0.3028,0.28300000000000003,0.2985,0.25930000000000003,0.2878,0.3163,0.33180000000000004,0.3373,0.3093,0.29500000000000004,0.29500000000000004,0.2843,0.23950000000000002,0.26630000000000004,0.3315,0.2998,0.304,0.3393,0.3365,0.3075,0.3075,0.3098,0.29100000000000004,0.2758,0.24400000000000002,0.279,0.3413,0.32480000000000003,0.29650000000000004,0.3295,0.3655,0.3468,0.327,0.28500000000000003,0.3065,0.3088,0.2495,0.2833,0.38330000000000003,0.38330000000000003,0.34700000000000003,0.4188,0.3808,0.3435,0.2975,0.32030000000000003,0.3448,0.2495,0.2833,0.2833,0.38330000000000003,0.34700000000000003,0.4188,0.3808,0.3435,0.2975,0.32030000000000003,0.3448,0.308,0.308,0.24750000000000003,0.31930000000000003,0.40280000000000005,0.42400000000000004,0.4233,0.3795,0.311,0.2808,0.3675,0.3675,0.34500000000000003,0.2808,0.28500000000000003,0.405
2021-02-16 04:00:00,0.13770000000000002,0.1343,0.134,0.14,0.14,0.1363,0.1383,0.1373,0.1363,0.138,0.137,0.1343,0.1355,0.1348,0.1348,0.1345,0.1373,0.135,0.1358,0.135,0.1408,0.1423,0.151,0.14450000000000002,0.14450000000000002,0.14350000000000002,0.1403,0.1398,0.1438,0.1433,0.14150000000000001,0.15180000000000002,0.149,0.1365,0.1365,0.1383,0.14200000000000002,0.1363,0.1358,0.1413,0.14,0.138,0.1405,0.1405,0.1338,0.1418,0.1383,0.1403,0.1368,0.1385,0.1383,0.1405,0.1413,0.14,0.14,0.1363,0.14200000000000002,0.137,0.14250000000000002,0.1373,0.1353,0.136,0.1385,0.1385,0.139,0.1428,0.14400000000000002,0.14850000000000002,0.15130000000000002,0.14730000000000001,0.14980000000000002,0.1353,0.136,0.136,0.1385,0.139,0.1428,0.14400000000000002,0.14850000000000002,0.15130000000000002,0.14730000000000001,0.14980000000000002,0.1433,0.1433,0.1458,0.1408,0.14780000000000001,0.14250000000000002,0.1438,0.1443,0.14350000000000002,0.1448,0.149,0.149,0.1413,0.1418,0.1403,0.1358,0.1395,0.139,0.15330000000000002,0.15080000000000002,0.1453,0.1453,0.15130000000000002,0.1525,0.15030000000000002,0.1423,0.14250000000000002,0.1393,0.1365,0.15030000000000002,0.14400000000000002,0.14400000000000002,0.1615,0.15380000000000002,0.1578,0.153,0.14100000000000001,0.1413,0.137
2021-05-09 04:00:00,0.1233,0.1283,0.1228,0.1223,0.12300000000000001,0.1218,0.1245,0.1245,0.128,0.12480000000000001,0.12300000000000001,0.1278,0.1228,0.12300000000000001,0.1263,0.1245,0.1233,0.1233,0.1245,0.128,0.12480000000000001,0.12300000000000001,0.1278,0.1228,0.12300000000000001,0.1263,0.1245,0.1245,0.1233,0.126,0.1285,0.1263,0.1285,0.1275,0.1265,0.1288,0.1265,0.1265,0.12480000000000001,0.1255,0.1255,0.128,0.1335,0.1358,0.1273,0.1293,0.126,0.126,0.1273,0.13,0.1275,0.126,0.135,0.131,0.1368,0.1285,0.1265,0.1265,0.1278,0.1278,0.126,0.12480000000000001,0.1258,0.1268,0.1245,0.128,0.1275,0.1275,0.1255,0.126,0.1255,0.127,0.128,0.126,0.1285,0.131,0.1283,0.12300000000000001,0.1295,0.1273,0.1265,0.1275,0.1278,0.1265,0.126,0.131,0.131,0.126,0.1318,0.13770000000000002,0.129,0.127,0.129,0.133,0.1265,0.126,0.126,0.131,0.126,0.1318,0.13770000000000002,0.129,0.127,0.129,0.133,0.127,0.127,0.1285,0.1218,0.125,0.1285,0.1278,0.13,0.1263,0.128,0.1258,0.1258,0.1268,0.126,0.12430000000000001,0.12300000000000001
2021-05-28 05:00:00,0.1958,0.21530000000000002,0.26780000000000004,0.276,0.2765,0.279,0.2893,0.2893,0.3608,0.4083,0.4355,0.1865,0.2205,0.2685,0.2863,0.3013,0.28600000000000003,0.28600000000000003,0.2893,0.3608,0.4083,0.4355,0.1865,0.2205,0.2685,0.2863,0.3013,0.3013,0.28600000000000003,0.263,0.35450000000000004,0.41850000000000004,0.4335,0.2018,0.24550000000000002,0.23700000000000002,0.3058,0.3058,0.2963,0.29500000000000004,0.26880000000000004,0.35300000000000004,0.4148,0.41300000000000003,0.252,0.256,0.21930000000000002,0.21930000000000002,0.3038,0.2503,0.3043,0.24250000000000002,0.3205,0.3925,0.405,0.29450000000000004,0.2508,0.2508,0.24000000000000002,0.24580000000000002,0.2028,0.24830000000000002,0.2758,0.28650000000000003,0.3688,0.3753,0.3038,0.3038,0.2485,0.26180000000000003,0.26030000000000003,0.18230000000000002,0.24250000000000002,0.3048,0.3013,0.3443,0.3735,0.3048,0.3103,0.279,0.26730000000000004,0.26930000000000004,0.2013,0.24350000000000002,0.35950000000000004,0.35400000000000004,0.35400000000000004,0.3473,0.3295,0.33430000000000004,0.3033,0.3118,0.2988,0.222,0.24350000000000002,0.35950000000000004,0.35950000000000004,0.35400000000000004,0.3473,0.3295,0.33430000000000004,0.3033,0.3118,0.2988,0.222,0.20400000000000001,0.20400000000000001,0.315,0.3995,0.3783,0.33680000000000004,0.3375,0.3225,0.35700000000000004,0.35300000000000004,0.303,0.303,0.21130000000000002,0.2295,0.33580000000000004,0.4025
2021-09-22 04:00:00,0.12350000000000001,0.1255,0.1208,0.1268,0.1228,0.128,0.128,0.1223,0.1223,0.12430000000000001,0.1263,0.12350000000000001,0.1255,0.1208,0.1268,0.1228,0.1228,0.128,0.1253,0.1255,0.1308,0.12480000000000001,0.125,0.124,0.1253,0.12300000000000001,0.12300000000000001,0.1273,0.1305,0.1285,0.1298,0.1313,0.1323,0.126,0.12350000000000001,0.1325,0.1325,0.1275,0.1333,0.1265,0.1315,0.139,0.1365,0.1388,0.1288,0.126,0.126,0.1303,0.1293,0.128,0.1285,0.1285,0.1313,0.1308,0.1293,0.1305,0.1305,0.1258,0.1305,0.128,0.1295,0.1285,0.132,0.1323,0.132,0.1278,0.1258,0.1343,0.13,0.132,0.1313,0.1298,0.1298,0.1288,0.1313,0.1313,0.1345,0.1323,0.1398,0.1333,0.1345,0.13,0.1295,0.1298,0.1288,0.1288,0.1313,0.1345,0.1323,0.1398,0.1333,0.1345,0.13,0.1295,0.1315,0.1315,0.131,0.1285,0.1318,0.1275,0.1295,0.132,0.129,0.132,0.131,0.131,0.129,0.1298,0.1285,0.1275,0.1313,0.1305,0.136,0.1303,0.1323,0.1323,0.1315,0.133,0.13,0.131,0.1293
2021-11-13 03:00:00,0.1073,0.1005,0.10450000000000001,0.1073,0.1073,0.1053,0.1063,0.10450000000000001,0.10300000000000001,0.1143,0.1075,0.1063,0.1115,0.1058,0.1058,0.10650000000000001,0.109,0.108,0.1063,0.1048,0.1203,0.11280000000000001,0.1063,0.111,0.111,0.10350000000000001,0.10600000000000001,0.1018,0.11,0.1053,0.10830000000000001,0.1125,0.109,0.10600000000000001,0.10600000000000001,0.11080000000000001,0.115,0.1163,0.10650000000000001,0.108,0.11080000000000001,0.1075,0.11330000000000001,0.10880000000000001,0.1053,0.114,0.1073,0.112,0.10550000000000001,0.112,0.108,0.10930000000000001,0.1145,0.10600000000000001,0.10600000000000001,0.1073,0.1143,0.109,0.11380000000000001,0.11330000000000001,0.1145,0.1095,0.113,0.113,0.113,0.113,0.1125,0.1125,0.10980000000000001,0.1115,0.1178,0.1145,0.1095,0.1095,0.113,0.113,0.113,0.1125,0.1125,0.10980000000000001,0.1115,0.1178,0.1115,0.1115,0.1105,0.11,0.1125,0.1188,0.1115,0.1135,0.11030000000000001,0.1168,0.11380000000000001,0.11380000000000001,0.113,0.10930000000000001,0.11030000000000001,0.11950000000000001,0.1183,0.114,0.1115,0.1153,0.11380000000000001,0.11380000000000001,0.11900000000000001,0.1145,0.10980000000000001,0.1163,0.117,0.11750000000000001,0.1163,0.1148,0.1155,0.1155,0.1183,0.116,0.1193,0.11750000000000001,0.11850000000000001,0.1183,0.1223
2021-08-10 01:00:00,0.35800000000000004,0.3173,0.4158,0.42350000000000004,0.42350000000000004,0.38330000000000003,0.4045,0.42650000000000005,0.4178,0.403,0.3438,0.3688,0.371,0.403,0.403,0.42350000000000004,0.38330000000000003,0.4045,0.42650000000000005,0.4178,0.403,0.3438,0.3688,0.371,0.371,0.403,0.4025,0.3443,0.36050000000000004,0.39930000000000004,0.402,0.39580000000000004,0.38780000000000003,0.3675,0.3675,0.3645,0.376,0.38980000000000004,0.34750000000000003,0.3335,0.3643,0.3773,0.39830000000000004,0.3733,0.34450000000000003,0.3185,0.33580000000000004,0.3503,0.3533,0.31930000000000003,0.317,0.33380000000000004,0.3385,0.3598,0.3598,0.32730000000000004,0.306,0.32030000000000003,0.336,0.34650000000000003,0.32530000000000003,0.3073,0.3065,0.3133,0.3133,0.32780000000000004,0.3043,0.2943,0.3108,0.3108,0.32280000000000003,0.3103,0.3003,0.2995,0.2995,0.308,0.3095,0.2745,0.2943,0.3143,0.3058,0.3015,0.28950000000000004,0.28950000000000004,0.28550000000000003,0.29500000000000004,0.2903,0.28800000000000003,0.2718,0.305,0.3005,0.3058,0.3015,0.3015,0.28950000000000004,0.28550000000000003,0.29500000000000004,0.2903,0.28800000000000003,0.2718,0.305,0.3005,0.28800000000000003,0.28800000000000003,0.272,0.25930000000000003,0.2697,0.24830000000000002,0.2713,0.2882,0.2285,0.24780000000000002,0.2795,0.2795,0.2778,0.24000000000000002,0.20950000000000002,0.21080000000000002,0.216,0.21530000000000002,0.26880000000000004
2021-05-23 02:00:00,0.4585,0.4575,0.4595,0.48950000000000005,0.4738,0.4738,0.4988,0.5035000000000001,0.4928,0.4708,0.5197,0.5183,0.5315,0.4943,0.5195000000000001,0.5195000000000001,0.4738,0.4988,0.5035000000000001,0.4928,0.4708,0.5197,0.5183,0.5315,0.4943,0.4943,0.5195000000000001,0.5025000000000001,0.5033,0.538,0.503,0.5215000000000001,0.5038,0.5473,0.5783,0.5783,0.549,0.5355,0.539,0.4985,0.541,0.5275000000000001,0.5525,0.526,0.5545,0.5545,0.5720000000000001,0.562,0.5558000000000001,0.547,0.5188,0.5738,0.5633,0.556,0.548,0.6325000000000001,0.5635,0.5628000000000001,0.5643,0.5835,0.5670000000000001,0.5640000000000001,0.5810000000000001,0.6358,0.555,0.555,0.557,0.5468000000000001,0.5613,0.5943,0.5983,0.5978,0.599,0.5710000000000001,0.6268,0.6268,0.5578000000000001,0.4973,0.5483,0.552,0.5943,0.5710000000000001,0.5885,0.6055,0.6055,0.635,0.5813,0.5452,0.4933,0.5595,0.5873,0.502,0.5710000000000001,0.5885,0.5885,0.6055,0.635,0.5813,0.5452,0.4933,0.5595,0.5873,0.502,0.5710000000000001,0.5710000000000001,0.5825,0.5815,0.5833,0.5903,0.5573,0.5325,0.5468000000000001,0.551,0.5680000000000001,0.5680000000000001,0.6028,0.5613,0.5618000000000001,0.5533,0.5653,0.5255000000000001
2021-03-25 03:00:00,0.1268,0.1255,0.1328,0.1318,0.1275,0.1275,0.12430000000000001,0.12200000000000001,0.12250000000000001,0.1228,0.12300000000000001,0.1268,0.1255,0.1328,0.1318,0.1318,0.1275,0.124,0.1268,0.12480000000000001,0.1308,0.1288,0.1285,0.129,0.1273,0.1273,0.1293,0.1255,0.1245,0.1308,0.1268,0.1338,0.1315,0.128,0.1333,0.1333,0.1275,0.1265,0.1245,0.1293,0.1245,0.126,0.1345,0.1305,0.125,0.125,0.12380000000000001,0.1258,0.124,0.125,0.1253,0.1245,0.12380000000000001,0.12350000000000001,0.1245,0.126,0.1255,0.125,0.1285,0.1255,0.1268,0.129,0.1263,0.129,0.1258,0.1258,0.134,0.1328,0.1288,0.1265,0.1298,0.1258,0.1273,0.126,0.126,0.1313,0.1288,0.13770000000000002,0.1318,0.1278,0.1253,0.1265,0.1258,0.1273,0.1273,0.126,0.1313,0.1288,0.13770000000000002,0.1318,0.1278,0.1253,0.1265,0.124,0.124,0.1258,0.1258,0.1283,0.1298,0.1285,0.1278,0.1273,0.127,0.1233,0.1233,0.1258,0.1258,0.12150000000000001,0.12380000000000001,0.12350000000000001,0.1285,0.1268,0.1323,0.1268,0.1268,0.1253,0.1313,0.1338,0.1255,0.1273,0.1293
2021-02-15 04:00:00,0.2743,0.2655,0.2383,0.2063,0.2063,0.20900000000000002,0.21080000000000002,0.20850000000000002,0.2048,0.20600000000000002,0.24100000000000002,0.262,0.25980000000000003,0.232,0.232,0.21330000000000002,0.21480000000000002,0.21730000000000002,0.203,0.21230000000000002,0.20350000000000001,0.2293,0.255,0.255,0.255,0.2205,0.227,0.22030000000000002,0.20700000000000002,0.196,0.1998,0.20750000000000002,0.21100000000000002,0.2328,0.2328,0.2323,0.24780000000000002,0.23500000000000001,0.221,0.20700000000000002,0.1965,0.20450000000000002,0.2043,0.20950000000000002,0.24200000000000002,0.2388,0.26780000000000004,0.2788,0.2585,0.2398,0.21530000000000002,0.2018,0.20550000000000002,0.20700000000000002,0.20700000000000002,0.3,0.3013,0.28400000000000003,0.29150000000000004,0.2798,0.25880000000000003,0.2338,0.2088,0.2088,0.229,0.24530000000000002,0.3885,0.4035,0.3655,0.33380000000000004,0.32780000000000004,0.25880000000000003,0.2338,0.2338,0.2088,0.229,0.24530000000000002,0.3885,0.4035,0.3655,0.33380000000000004,0.32780000000000004,0.33380000000000004,0.33380000000000004,0.3383,0.3738,0.371,0.3875,0.4213,0.46480000000000005,0.46230000000000004,0.4403,0.4193,0.4193,0.4233,0.4043,0.435,0.41100000000000003,0.4143,0.41750000000000004,0.4353,0.4703,0.461,0.461,0.443,0.4425,0.41150000000000003,0.41050000000000003,0.39630000000000004,0.39,0.4093,0.39830000000000004,0.4108,0.4108,0.4005,0.41200000000000003,0.41150000000000003,0.3713,0.3915,0.404,0.3905
2021-05-01 04:00:00,0.1298,0.1328,0.1273,0.1285,0.1283,0.1295,0.13,0.13,0.1285,0.1343,0.1298,0.1313,0.1328,0.1263,0.132,0.13,0.1305,0.1305,0.13,0.1285,0.1343,0.1298,0.1313,0.1328,0.1263,0.132,0.13,0.13,0.1305,0.135,0.1328,0.1373,0.1318,0.1298,0.133,0.131,0.1308,0.1308,0.1338,0.128,0.1338,0.1353,0.1383,0.13770000000000002,0.1308,0.1343,0.137,0.137,0.137,0.1373,0.1348,0.14,0.1358,0.1373,0.1428,0.132,0.1345,0.1345,0.1338,0.132,0.1335,0.1325,0.134,0.1345,0.134,0.1375,0.1308,0.1308,0.134,0.1325,0.1328,0.1338,0.1325,0.1398,0.135,0.135,0.1345,0.1368,0.1373,0.134,0.1318,0.136,0.135,0.137,0.1318,0.14100000000000001,0.14100000000000001,0.1383,0.1363,0.1443,0.1405,0.139,0.1343,0.1383,0.137,0.1318,0.1318,0.14100000000000001,0.1383,0.1363,0.1443,0.1405,0.139,0.1343,0.1383,0.1355,0.1355,0.1373,0.1335,0.1363,0.1328,0.1353,0.1325,0.1363,0.133,0.1305,0.1305,0.1328,0.132,0.131,0.1315
2021-04-26 00:00:00,0.28300000000000003,0.2838,0.2853,0.2853,0.2898,0.29000000000000004,0.2723,0.26830000000000004,0.2803,0.2918,0.303,0.2988,0.2943,0.2943,0.2853,0.2898,0.29000000000000004,0.2723,0.26830000000000004,0.2803,0.2918,0.303,0.2988,0.2988,0.2943,0.29350000000000004,0.2913,0.29100000000000004,0.2833,0.2755,0.2828,0.29400000000000004,0.3053,0.318,0.311,0.308,0.3033,0.2985,0.29600000000000004,0.28950000000000004,0.29000000000000004,0.28250000000000003,0.29600000000000004,0.29600000000000004,0.321,0.3135,0.3155,0.3048,0.3083,0.3055,0.3033,0.2983,0.3023,0.3023,0.308,0.318,0.316,0.32480000000000003,0.314,0.3058,0.308,0.309,0.3158,0.3158,0.314,0.3155,0.3225,0.322,0.33430000000000004,0.323,0.32030000000000003,0.315,0.3115,0.3115,0.315,0.3075,0.307,0.3395,0.3378,0.338,0.33380000000000004,0.3265,0.3265,0.3123,0.3005,0.29250000000000004,0.2853,0.307,0.3425,0.34400000000000003,0.338,0.33380000000000004,0.33380000000000004,0.3265,0.3123,0.3005,0.29250000000000004,0.2853,0.28450000000000003,0.3425,0.34400000000000003,0.3413,0.3413,0.3403,0.32480000000000003,0.3148,0.2985,0.2928,0.2928,0.2948,0.3448,0.3448,0.3448,0.3395,0.3375,0.326,0.3235,0.31,0.304,0.305,0.3245
2021-09-08 02:00:00,0.0965,0.1143,0.1323,0.109,0.109,0.1148,0.109,0.108,0.0995,0.10550000000000001,0.10700000000000001,0.0965,0.1143,0.1323,0.1323,0.109,0.1143,0.11850000000000001,0.10650000000000001,0.1075,0.1085,0.1038,0.0995,0.11130000000000001,0.11130000000000001,0.115,0.10200000000000001,0.1163,0.1183,0.10700000000000001,0.114,0.11030000000000001,0.1075,0.1028,0.1028,0.111,0.1008,0.1038,0.1105,0.1203,0.1155,0.1178,0.113,0.11380000000000001,0.10450000000000001,0.101,0.1048,0.1095,0.1073,0.10980000000000001,0.1145,0.1303,0.1278,0.1275,0.1275,0.1013,0.1038,0.10350000000000001,0.10450000000000001,0.1063,0.11080000000000001,0.11950000000000001,0.14500000000000002,0.1333,0.1333,0.1283,0.108,0.1063,0.10300000000000001,0.10930000000000001,0.10550000000000001,0.1053,0.12100000000000001,0.12100000000000001,0.1208,0.1213,0.1165,0.11750000000000001,0.1115,0.10830000000000001,0.111,0.10550000000000001,0.1053,0.1053,0.12100000000000001,0.1208,0.1213,0.1165,0.11750000000000001,0.1115,0.10830000000000001,0.111,0.11030000000000001,0.11030000000000001,0.1078,0.1168,0.12380000000000001,0.1273,0.1268,0.109,0.114,0.1063,0.1053,0.1053,0.10700000000000001,0.10600000000000001,0.10550000000000001,0.116,0.1193,0.12380000000000001,0.1153,0.1155,0.1068,0.1068,0.11,0.10830000000000001,0.11030000000000001,0.10700000000000001,0.1068,0.11230000000000001,0.1198
2021-12-13 04:00:00,0.1385,0.1413,0.1365,0.13770000000000002,0.13770000000000002,0.1388,0.1368,0.1423,0.13770000000000002,0.1428,0.14400000000000002,0.14350000000000002,0.14550000000000002,0.1453,0.1453,0.14150000000000001,0.1468,0.1433,0.14500000000000002,0.1428,0.14400000000000002,0.1458,0.1375,0.1408,0.1408,0.1395,0.1385,0.1375,0.14350000000000002,0.1395,0.1395,0.1395,0.139,0.1423,0.1423,0.1393,0.14200000000000002,0.1428,0.1385,0.1405,0.1453,0.1398,0.14150000000000001,0.1403,0.1408,0.1403,0.1438,0.139,0.14,0.14100000000000001,0.1413,0.1405,0.1403,0.1403,0.1443,0.14350000000000002,0.1428,0.14700000000000002,0.1428,0.1448,0.1453,0.1413,0.1405,0.1405,0.1403,0.1443,0.14350000000000002,0.1428,0.14700000000000002,0.1428,0.1448,0.1453,0.14980000000000002,0.14980000000000002,0.14250000000000002,0.14550000000000002,0.14650000000000002,0.1373,0.14100000000000001,0.1443,0.139,0.14200000000000002,0.1403,0.1403,0.1395,0.137,0.14100000000000001,0.1408,0.1395,0.1423,0.139,0.1405,0.139,0.139,0.1413,0.14200000000000002,0.139,0.1383,0.14,0.14250000000000002,0.1443,0.1423,0.14,0.14,0.1383,0.1385,0.1423,0.1385,0.1395,0.1393,0.1448,0.14200000000000002,0.1448,0.1448,0.14400000000000002,0.1448,0.1463,0.139,0.1388,0.14450000000000002,0.14250000000000002
2021-11-10 05:00:00,0.1168,0.1105,0.11800000000000001,0.112,0.1135,0.1148,0.1148,0.117,0.112,0.1155,0.11380000000000001,0.112,0.116,0.11380000000000001,0.1143,0.115,0.115,0.114,0.11850000000000001,0.115,0.11900000000000001,0.1165,0.116,0.115,0.1148,0.114,0.114,0.1183,0.115,0.1165,0.1158,0.12250000000000001,0.1183,0.11950000000000001,0.1183,0.1258,0.1258,0.1155,0.1213,0.1203,0.1135,0.1178,0.12430000000000001,0.113,0.1193,0.1178,0.1178,0.1208,0.12000000000000001,0.12200000000000001,0.1168,0.1153,0.1245,0.11900000000000001,0.126,0.117,0.117,0.1173,0.12480000000000001,0.1208,0.11900000000000001,0.129,0.12000000000000001,0.1218,0.12100000000000001,0.12100000000000001,0.12150000000000001,0.117,0.12350000000000001,0.1268,0.1223,0.1208,0.1278,0.12000000000000001,0.1218,0.1218,0.12100000000000001,0.12150000000000001,0.117,0.12350000000000001,0.1268,0.1223,0.1208,0.1278,0.1178,0.1178,0.1245,0.1218,0.12000000000000001,0.12430000000000001,0.1193,0.1208,0.1213,0.1285,0.12200000000000001,0.12200000000000001,0.12380000000000001,0.1173,0.126,0.1253,0.12480000000000001,0.12150000000000001,0.12430000000000001,0.1268,0.124,0.124,0.1258,0.12430000000000001,0.128,0.1298,0.1278,0.1268,0.1283,0.12480000000000001,0.126,0.126,0.13,0.1265,0.1265,0.1308,0.1298
2021-05-25 03:00:00,0.256,0.2697,0.28,0.28,0.26580000000000004,0.277,0.277,0.2863,0.2995,0.24880000000000002,0.2278,0.33680000000000004,0.33630000000000004,0.3245,0.31930000000000003,0.3125,0.3125,0.277,0.2863,0.2995,0.24880000000000002,0.2278,0.33680000000000004,0.33630000000000004,0.3245,0.31930000000000003,0.31930000000000003,0.3125,0.3025,0.28850000000000003,0.24000000000000002,0.1875,0.1845,0.325,0.3235,0.32980000000000004,0.32980000000000004,0.32080000000000003,0.269,0.24530000000000002,0.248,0.21330000000000002,0.1708,0.18430000000000002,0.32080000000000003,0.2998,0.2998,0.33130000000000004,0.3168,0.253,0.228,0.248,0.2278,0.182,0.18280000000000002,0.2793,0.2793,0.321,0.3073,0.2745,0.26880000000000004,0.2745,0.29100000000000004,0.20800000000000002,0.1925,0.1948,0.319,0.309,0.29500000000000004,0.267,0.24730000000000002,0.319,0.3088,0.2525,0.2368,0.21000000000000002,0.21000000000000002,0.3155,0.29150000000000004,0.3125,0.26630000000000004,0.28400000000000003,0.28500000000000003,0.3028,0.325,0.325,0.32230000000000003,0.251,0.33430000000000004,0.28,0.3035,0.2515,0.24300000000000002,0.28500000000000003,0.3028,0.3028,0.325,0.32230000000000003,0.251,0.33430000000000004,0.28,0.3035,0.2515,0.24300000000000002,0.223,0.223,0.2548,0.3583,0.3483,0.25930000000000003,0.38230000000000003,0.339,0.3125,0.264,0.2627,0.2627,0.24630000000000002,0.26930000000000004,0.3388,0.3778,0.2585
2021-06-30 02:00:00,0.166,0.224,0.21580000000000002,0.225,0.29100000000000004,0.29100000000000004,0.29300000000000004,0.17700000000000002,0.2225,0.2823,0.26230000000000003,0.14650000000000002,0.1458,0.1665,0.1463,0.1463,0.29100000000000004,0.29300000000000004,0.17700000000000002,0.2225,0.2823,0.26230000000000003,0.14650000000000002,0.1458,0.1665,0.1665,0.1463,0.1648,0.196,0.18380000000000002,0.184,0.1825,0.17980000000000002,0.136,0.1408,0.1408,0.1345,0.151,0.151,0.15130000000000002,0.1583,0.1638,0.1638,0.1723,0.1318,0.1318,0.1363,0.135,0.1365,0.14650000000000002,0.15480000000000002,0.1353,0.14780000000000001,0.1395,0.14200000000000002,0.1278,0.1288,0.1345,0.139,0.14880000000000002,0.1525,0.14200000000000002,0.1348,0.1413,0.1385,0.1385,0.1343,0.1293,0.1333,0.1403,0.1333,0.1385,0.1373,0.14,0.15,0.15,0.14830000000000002,0.1375,0.1303,0.1305,0.14700000000000002,0.14800000000000002,0.1315,0.1365,0.1365,0.133,0.1368,0.14100000000000001,0.15430000000000002,0.1365,0.14,0.1428,0.14800000000000002,0.1315,0.1315,0.1365,0.133,0.1368,0.14100000000000001,0.15430000000000002,0.1365,0.14,0.1428,0.1433,0.1433,0.1335,0.135,0.14150000000000001,0.1405,0.154,0.1268,0.1313,0.1303,0.1298,0.1298,0.136,0.1408,0.14250000000000002,0.14150000000000001,0.1398,0.14780000000000001
2021-03-29 01:00:00,0.21200000000000002,0.1698,0.1468,0.1468,0.17950000000000002,0.1358,0.11750000000000001,0.114,0.1158,0.1115,0.10880000000000001,0.21200000000000002,0.1698,0.1698,0.1468,0.12250000000000001,0.1168,0.11380000000000001,0.10830000000000001,0.10830000000000001,0.1048,0.10400000000000001,0.14300000000000002,0.14300000000000002,0.1263,0.1135,0.11280000000000001,0.111,0.1058,0.11,0.1075,0.1008,0.101,0.12150000000000001,0.1135,0.108,0.1068,0.10980000000000001,0.1073,0.1008,0.1058,0.10250000000000001,0.10400000000000001,0.10400000000000001,0.1135,0.10980000000000001,0.10980000000000001,0.10980000000000001,0.108,0.1043,0.1053,0.1048,0.1033,0.1033,0.10450000000000001,0.11180000000000001,0.109,0.10830000000000001,0.10500000000000001,0.11030000000000001,0.10450000000000001,0.1085,0.1005,0.1005,0.1043,0.10650000000000001,0.112,0.109,0.10550000000000001,0.10350000000000001,0.10350000000000001,0.1015,0.1015,0.1,0.10450000000000001,0.1003,0.101,0.11230000000000001,0.1063,0.1073,0.10350000000000001,0.10350000000000001,0.10350000000000001,0.1015,0.1,0.10450000000000001,0.1003,0.101,0.11230000000000001,0.1063,0.1073,0.1023,0.1023,0.1028,0.1023,0.1,0.1003,0.0983,0.0965,0.12150000000000001,0.10880000000000001,0.1068,0.1068,0.10350000000000001,0.10300000000000001,0.10250000000000001,0.0988,0.1013,0.098,0.09630000000000001,0.1363,0.11130000000000001,0.11130000000000001,0.10930000000000001,0.10550000000000001,0.1018,0.0998,0.097,0.0985,0.1005,0.093
2021-04-12 01:00:00,0.3225,0.3315,0.33330000000000004,0.33330000000000004,0.3418,0.3168,0.3015,0.29600000000000004,0.2948,0.309,0.31980000000000003,0.3225,0.3315,0.3315,0.33330000000000004,0.3355,0.313,0.3103,0.308,0.3088,0.308,0.309,0.33480000000000004,0.33480000000000004,0.33630000000000004,0.33280000000000004,0.32680000000000003,0.3105,0.3245,0.32330000000000003,0.32480000000000003,0.3175,0.308,0.3538,0.34500000000000003,0.336,0.328,0.3168,0.3128,0.3195,0.32780000000000004,0.3388,0.3255,0.3255,0.3473,0.337,0.328,0.321,0.3105,0.317,0.32430000000000003,0.3383,0.3365,0.3365,0.316,0.33430000000000004,0.325,0.3195,0.3133,0.3155,0.326,0.33180000000000004,0.33480000000000004,0.33480000000000004,0.32480000000000003,0.307,0.32630000000000003,0.3183,0.3153,0.323,0.3155,0.3315,0.3315,0.3373,0.333,0.31930000000000003,0.31,0.3315,0.3235,0.33130000000000004,0.323,0.3155,0.3155,0.3315,0.3373,0.333,0.31930000000000003,0.31,0.3315,0.3235,0.33130000000000004,0.3235,0.3235,0.324,0.3428,0.3373,0.33630000000000004,0.326,0.3215,0.328,0.32980000000000004,0.327,0.327,0.32680000000000003,0.3385,0.3435,0.3388,0.3388,0.34700000000000003,0.33630000000000004,0.33080000000000004,0.3235,0.3235,0.3175,0.33,0.3388,0.3375,0.3375,0.3383,0.3398,0.3315
2021-03-21 04:00:00,0.1985,0.203,0.21250000000000002,0.1918,0.17900000000000002,0.17900000000000002,0.18430000000000002,0.17900000000000002,0.183,0.1918,0.1988,0.1985,0.203,0.21250000000000002,0.1918,0.1918,0.17900000000000002,0.18430000000000002,0.18780000000000002,0.1895,0.2295,0.2645,0.21150000000000002,0.1945,0.1935,0.1935,0.2298,0.225,0.21280000000000002,0.24650000000000002,0.2833,0.29600000000000004,0.2743,0.2228,0.24450000000000002,0.24450000000000002,0.2295,0.24000000000000002,0.2627,0.29650000000000004,0.28250000000000003,0.2675,0.26680000000000004,0.2313,0.24150000000000002,0.24150000000000002,0.29100000000000004,0.2963,0.24830000000000002,0.22,0.233,0.2485,0.24930000000000002,0.24280000000000002,0.20900000000000002,0.277,0.274,0.265,0.2715,0.2775,0.2713,0.26,0.2503,0.2773,0.28700000000000003,0.28700000000000003,0.2655,0.2627,0.25880000000000003,0.2263,0.248,0.3025,0.29300000000000004,0.249,0.249,0.2503,0.26630000000000004,0.2298,0.24630000000000002,0.2533,0.24380000000000002,0.21430000000000002,0.3025,0.29300000000000004,0.29300000000000004,0.249,0.2503,0.26630000000000004,0.2298,0.24630000000000002,0.2533,0.24380000000000002,0.21430000000000002,0.20980000000000001,0.20980000000000001,0.2335,0.217,0.215,0.2238,0.233,0.21050000000000002,0.24700000000000003,0.2853,0.2627,0.2627,0.21000000000000002,0.192,0.199,0.1988,0.193,0.198,0.2218,0.232,0.2265,0.2265,0.23750000000000002,0.2383,0.20500000000000002,0.18680000000000002,0.1738,0.17
2021-05-05 03:00:00,0.21450000000000002,0.198,0.18050000000000002,0.1883,0.14150000000000001,0.1313,0.1313,0.1305,0.137,0.1408,0.14,0.25,0.21530000000000002,0.1928,0.21630000000000002,0.162,0.162,0.1313,0.1305,0.137,0.1408,0.14,0.25,0.21530000000000002,0.1928,0.21630000000000002,0.21630000000000002,0.162,0.152,0.1385,0.14550000000000002,0.17600000000000002,0.21180000000000002,0.3373,0.2715,0.20980000000000001,0.20980000000000001,0.18030000000000002,0.1938,0.1883,0.157,0.1573,0.1693,0.259,0.29050000000000004,0.28150000000000003,0.28150000000000003,0.24380000000000002,0.249,0.1935,0.1695,0.163,0.17350000000000002,0.169,0.18280000000000002,0.33130000000000004,0.33130000000000004,0.26830000000000004,0.217,0.1978,0.1938,0.1655,0.1708,0.1558,0.163,0.164,0.41200000000000003,0.35150000000000003,0.3,0.2328,0.25630000000000003,0.2748,0.21100000000000002,0.18780000000000002,0.1948,0.309,0.309,0.4213,0.45230000000000004,0.35000000000000003,0.2553,0.2223,0.2523,0.258,0.2695,0.2695,0.32,0.3675,0.364,0.454,0.4383,0.4158,0.2528,0.2523,0.258,0.258,0.2695,0.32,0.3675,0.364,0.454,0.4383,0.4158,0.2528,0.22080000000000002,0.22080000000000002,0.195,0.2018,0.217,0.216,0.28300000000000003,0.4108,0.439,0.40850000000000003,0.333,0.333,0.2275,0.26130000000000003,0.24650000000000002,0.1993,0.24330000000000002
2021-12-01 03:00:00,0.171,0.18130000000000002,0.1825,0.1825,0.20550000000000002,0.2398,0.2585,0.2003,0.17250000000000001,0.1708,0.1463,0.15380000000000002,0.14,0.14,0.15330000000000002,0.1885,0.2068,0.185,0.152,0.14250000000000002,0.14550000000000002,0.1253,0.1423,0.1423,0.1363,0.14100000000000001,0.1525,0.1748,0.1703,0.1353,0.1173,0.12050000000000001,0.10880000000000001,0.14350000000000002,0.131,0.1423,0.1568,0.1603,0.166,0.1458,0.1283,0.1183,0.112,0.112,0.152,0.14730000000000001,0.14780000000000001,0.15230000000000002,0.1553,0.156,0.1393,0.1255,0.1255,0.12380000000000001,0.1163,0.164,0.1643,0.15380000000000002,0.154,0.14980000000000002,0.156,0.1393,0.1393,0.1255,0.12380000000000001,0.1163,0.164,0.1643,0.15380000000000002,0.154,0.14980000000000002,0.127,0.127,0.1208,0.1245,0.12150000000000001,0.11130000000000001,0.1608,0.165,0.1563,0.14350000000000002,0.1255,0.1255,0.1165,0.11080000000000001,0.1203,0.11330000000000001,0.113,0.1418,0.14450000000000002,0.14200000000000002,0.1345,0.1345,0.1233,0.1153,0.1105,0.115,0.11280000000000001,0.11380000000000001,0.12150000000000001,0.1245,0.1298,0.1298,0.1253,0.1268,0.12200000000000001,0.11850000000000001,0.1155,0.1148,0.11280000000000001,0.1115,0.1148,0.1148,0.124,0.125,0.124,0.1198,0.1188,0.11800000000000001,0.11130000000000001,0.112
2021-09-21 05:00:00,0.1303,0.1308,0.1268,0.129,0.1283,0.1323,0.1323,0.128,0.1288,0.1275,0.1285,0.1303,0.1308,0.1268,0.129,0.1283,0.1283,0.1323,0.13,0.13,0.1318,0.1315,0.1285,0.1315,0.1325,0.129,0.129,0.1315,0.1295,0.134,0.1388,0.1353,0.1363,0.1303,0.1353,0.136,0.136,0.1333,0.1335,0.1343,0.1363,0.1348,0.1343,0.1438,0.1318,0.129,0.129,0.1373,0.1338,0.1328,0.132,0.1345,0.1373,0.134,0.1335,0.1328,0.1328,0.1328,0.1333,0.1388,0.135,0.1338,0.135,0.1375,0.13770000000000002,0.132,0.134,0.14150000000000001,0.137,0.136,0.1388,0.138,0.1315,0.1363,0.138,0.138,0.1373,0.1348,0.14830000000000002,0.1365,0.1413,0.1368,0.139,0.1315,0.1363,0.1363,0.138,0.1373,0.1348,0.14830000000000002,0.1365,0.1413,0.1368,0.139,0.1373,0.1373,0.1365,0.1365,0.1355,0.132,0.134,0.1358,0.1355,0.133,0.1335,0.1335,0.1333,0.1335,0.134,0.1355,0.1333,0.1355,0.136,0.135,0.135,0.135,0.1343,0.1383,0.1348,0.134,0.1345
2021-05-22 01:00:00,0.1555,0.14850000000000002,0.1565,0.17880000000000001,0.18780000000000002,0.18780000000000002,0.197,0.161,0.1448,0.1375,0.128,0.13770000000000002,0.14400000000000002,0.20350000000000001,0.1885,0.1885,0.18780000000000002,0.197,0.161,0.1448,0.1375,0.128,0.13770000000000002,0.14400000000000002,0.20350000000000001,0.20350000000000001,0.1885,0.185,0.17300000000000001,0.1448,0.1345,0.1338,0.1375,0.1553,0.17250000000000001,0.17250000000000001,0.1933,0.1893,0.166,0.1625,0.1568,0.14250000000000002,0.14,0.1283,0.221,0.221,0.1885,0.1953,0.1885,0.154,0.155,0.16,0.14850000000000002,0.14300000000000002,0.14200000000000002,0.2313,0.1898,0.1743,0.165,0.1748,0.1393,0.1305,0.1208,0.12250000000000001,0.1285,0.1285,0.1573,0.1615,0.14930000000000002,0.1578,0.1443,0.1423,0.12380000000000001,0.114,0.1135,0.1135,0.116,0.12380000000000001,0.1218,0.1203,0.12000000000000001,0.114,0.1173,0.10930000000000001,0.10930000000000001,0.11130000000000001,0.11280000000000001,0.10880000000000001,0.1145,0.1158,0.112,0.115,0.114,0.1173,0.1173,0.10930000000000001,0.11130000000000001,0.11280000000000001,0.10880000000000001,0.1145,0.1158,0.112,0.115,0.1105,0.1105,0.1125,0.111,0.10830000000000001,0.109,0.1085,0.11130000000000001,0.111,0.1153,0.117,0.117,0.109,0.111,0.1115,0.112,0.112,0.111
2021-10-23 03:00:00,0.1405,0.14300000000000002,0.1325,0.1273,0.1273,0.1403,0.1555,0.1385,0.14800000000000002,0.14830000000000002,0.14150000000000001,0.1288,0.14650000000000002,0.1375,0.1375,0.1388,0.136,0.1328,0.132,0.1405,0.14650000000000002,0.1453,0.137,0.14600000000000002,0.14600000000000002,0.14880000000000002,0.15,0.14930000000000002,0.1405,0.1318,0.1368,0.1355,0.1403,0.14550000000000002,0.14550000000000002,0.1315,0.1443,0.14100000000000001,0.1363,0.1308,0.136,0.1288,0.1285,0.1345,0.14700000000000002,0.14500000000000002,0.15380000000000002,0.1383,0.14200000000000002,0.1375,0.1358,0.136,0.1345,0.1333,0.1333,0.14,0.1383,0.1458,0.1423,0.1423,0.1355,0.134,0.137,0.137,0.134,0.1333,0.14150000000000001,0.138,0.1345,0.1495,0.1443,0.1355,0.134,0.134,0.137,0.134,0.1333,0.14150000000000001,0.138,0.1345,0.1495,0.1443,0.1343,0.1343,0.1365,0.136,0.1443,0.1505,0.139,0.1368,0.1335,0.1393,0.139,0.139,0.132,0.1285,0.1373,0.1443,0.1345,0.1393,0.1405,0.1358,0.1385,0.1385,0.1373,0.14250000000000002,0.1353,0.1408,0.1448,0.14300000000000002,0.14100000000000001,0.1405,0.14100000000000001,0.14100000000000001,0.1398,0.135,0.1443,0.1453,0.14250000000000002,0.13770000000000002,0.1453
2021-03-31 02:00:00,0.4433,0.4393,0.4408,0.4428,0.4428,0.4418,0.441,0.449,0.4605,0.4565,0.45380000000000004,0.4433,0.4393,0.4408,0.4408,0.4428,0.4505,0.44880000000000003,0.457,0.4515,0.445,0.45230000000000004,0.459,0.4595,0.4595,0.4495,0.4505,0.45,0.46630000000000005,0.45880000000000004,0.44630000000000003,0.431,0.4305,0.42050000000000004,0.42050000000000004,0.4248,0.4223,0.4258,0.4345,0.42750000000000005,0.438,0.4385,0.4325,0.4405,0.398,0.4048,0.41950000000000004,0.4243,0.42450000000000004,0.42400000000000004,0.4133,0.42750000000000005,0.436,0.42800000000000005,0.42800000000000005,0.4218,0.41650000000000004,0.4048,0.4273,0.4333,0.4213,0.4388,0.448,0.45230000000000004,0.45230000000000004,0.45280000000000004,0.4258,0.4295,0.42900000000000005,0.41750000000000004,0.42850000000000005,0.446,0.4368,0.4368,0.459,0.45130000000000003,0.455,0.4385,0.44930000000000003,0.438,0.44,0.42850000000000005,0.446,0.446,0.4368,0.459,0.45130000000000003,0.455,0.4385,0.44930000000000003,0.438,0.44,0.4565,0.4565,0.45380000000000004,0.4425,0.4565,0.462,0.4693,0.4698,0.46580000000000005,0.4723,0.4635,0.4635,0.464,0.4698,0.46730000000000005,0.4575,0.456,0.46780000000000005,0.466,0.468,0.4738,0.4738,0.4713,0.47550000000000003,0.45930000000000004,0.4398,0.466,0.4703,0.461
2021-11-08 03:00:00,0.1078,0.1018,0.1023,0.10550000000000001,0.10550000000000001,0.1038,0.10300000000000001,0.10600000000000001,0.1075,0.1018,0.11,0.10200000000000001,0.10550000000000001,0.10300000000000001,0.10300000000000001,0.1048,0.10600000000000001,0.1043,0.108,0.1038,0.10930000000000001,0.1153,0.1018,0.0995,0.0995,0.10650000000000001,0.1028,0.1038,0.10300000000000001,0.1085,0.0993,0.1048,0.1043,0.10930000000000001,0.10930000000000001,0.108,0.10550000000000001,0.1053,0.1063,0.1053,0.111,0.1028,0.11130000000000001,0.10300000000000001,0.10550000000000001,0.1078,0.10400000000000001,0.1075,0.1048,0.1078,0.11080000000000001,0.1078,0.1075,0.1115,0.1115,0.10450000000000001,0.111,0.1043,0.10930000000000001,0.1105,0.111,0.1085,0.1105,0.1105,0.1048,0.1135,0.111,0.10980000000000001,0.10600000000000001,0.1068,0.1148,0.111,0.1085,0.1085,0.1105,0.1048,0.1135,0.111,0.10980000000000001,0.10600000000000001,0.1068,0.1148,0.10300000000000001,0.10300000000000001,0.1053,0.1038,0.1015,0.1068,0.11750000000000001,0.10930000000000001,0.109,0.109,0.10830000000000001,0.10830000000000001,0.1085,0.10500000000000001,0.1068,0.11030000000000001,0.109,0.1085,0.11030000000000001,0.10980000000000001,0.11030000000000001,0.11030000000000001,0.10980000000000001,0.11080000000000001,0.11180000000000001,0.10880000000000001,0.11180000000000001,0.1135,0.109,0.112,0.1068,0.1068,0.1078,0.11,0.11900000000000001,0.111,0.115,0.1095,0.1115
2021-07-09 03:00:00,0.24080000000000001,0.20800000000000002,0.2258,0.2305,0.186,0.1893,0.1893,0.21480000000000002,0.17300000000000001,0.1733,0.1705,0.251,0.20750000000000002,0.231,0.1898,0.1655,0.1655,0.1893,0.21480000000000002,0.17300000000000001,0.1733,0.1705,0.251,0.20750000000000002,0.231,0.1898,0.1898,0.1655,0.1565,0.17500000000000002,0.1673,0.1505,0.1468,0.25880000000000003,0.168,0.1875,0.1875,0.1995,0.1723,0.14350000000000002,0.1515,0.15230000000000002,0.14980000000000002,0.1383,0.2548,0.1583,0.1583,0.152,0.16,0.18050000000000002,0.15180000000000002,0.149,0.18330000000000002,0.1515,0.1373,0.3383,0.3383,0.18030000000000002,0.1668,0.1573,0.14450000000000002,0.1398,0.1358,0.1645,0.1353,0.1285,0.1595,0.275,0.2223,0.1553,0.14600000000000002,0.14300000000000002,0.1365,0.1343,0.1458,0.1398,0.1398,0.15430000000000002,0.1605,0.1618,0.1408,0.1563,0.17250000000000001,0.15380000000000002,0.15230000000000002,0.15230000000000002,0.14500000000000002,0.1565,0.14730000000000001,0.14650000000000002,0.1383,0.14850000000000002,0.15380000000000002,0.17250000000000001,0.15380000000000002,0.15380000000000002,0.15230000000000002,0.14500000000000002,0.1565,0.14730000000000001,0.14650000000000002,0.1383,0.14850000000000002,0.15380000000000002,0.1608,0.1608,0.1595,0.168,0.1648,0.1575,0.16,0.15,0.14,0.154,0.17650000000000002,0.17650000000000002,0.14830000000000002,0.15280000000000002,0.159,0.1603,0.1598
2021-04-04 03:00:00,0.1345,0.1268,0.1325,0.1353,0.1295,0.1295,0.1275,0.1265,0.1298,0.1283,0.1278,0.1345,0.1268,0.1325,0.1353,0.1353,0.1295,0.1303,0.1293,0.1275,0.1268,0.133,0.1283,0.1275,0.132,0.132,0.1298,0.1293,0.1308,0.1278,0.1298,0.1335,0.1335,0.133,0.1318,0.1318,0.13,0.131,0.1365,0.1298,0.1315,0.13770000000000002,0.138,0.1305,0.127,0.127,0.131,0.1265,0.126,0.13,0.1268,0.127,0.1283,0.1278,0.1263,0.1278,0.1275,0.1283,0.1313,0.1343,0.1325,0.1335,0.1295,0.1288,0.1293,0.1293,0.132,0.1308,0.1303,0.126,0.1293,0.128,0.126,0.129,0.129,0.127,0.1283,0.1375,0.129,0.126,0.1273,0.1333,0.128,0.126,0.126,0.129,0.127,0.1283,0.1375,0.129,0.126,0.1273,0.1333,0.1275,0.1275,0.1273,0.128,0.1298,0.134,0.1305,0.126,0.1278,0.1265,0.1295,0.1295,0.1245,0.1253,0.1245,0.1268,0.126,0.1275,0.129,0.1298,0.1305,0.1305,0.1318,0.1285,0.1273,0.1283,0.127,0.12300000000000001
2021-08-02 04:00:00,0.2403,0.2565,0.29100000000000004,0.2978,0.335,0.339,0.335,0.335,0.2778,0.2695,0.271,0.24430000000000002,0.2343,0.2778,0.28950000000000004,0.322,0.333,0.333,0.335,0.2778,0.2695,0.271,0.24430000000000002,0.2343,0.2778,0.28950000000000004,0.322,0.322,0.333,0.3375,0.26580000000000004,0.24550000000000002,0.28750000000000003,0.2368,0.24080000000000001,0.2565,0.3158,0.3158,0.3685,0.369,0.35250000000000004,0.31930000000000003,0.26730000000000004,0.2908,0.26,0.24280000000000002,0.25,0.25,0.2993,0.3583,0.38980000000000004,0.3885,0.3753,0.33330000000000004,0.3003,0.21530000000000002,0.21150000000000002,0.21150000000000002,0.21980000000000002,0.2538,0.28200000000000003,0.3235,0.3713,0.371,0.32930000000000004,0.3093,0.1985,0.1985,0.17930000000000001,0.193,0.23450000000000001,0.254,0.2848,0.3003,0.35200000000000004,0.3553,0.325,0.24230000000000002,0.18530000000000002,0.17900000000000002,0.18430000000000002,0.215,0.2283,0.21930000000000002,0.24380000000000002,0.2697,0.2697,0.338,0.2265,0.21580000000000002,0.1938,0.1938,0.1978,0.2025,0.21930000000000002,0.24380000000000002,0.24380000000000002,0.2697,0.338,0.2265,0.21580000000000002,0.1938,0.1938,0.1978,0.2025,0.2073,0.2073,0.228,0.2523,0.31880000000000003,0.24430000000000002,0.224,0.216,0.257,0.2325,0.2333,0.2333,0.21180000000000002,0.2535,0.2818,0.3008
2021-11-21 03:00:00,0.3,0.2978,0.314,0.3373,0.3373,0.3433,0.334,0.3295,0.3385,0.342,0.3503,0.3365,0.3053,0.3033,0.3033,0.3403,0.342,0.3458,0.3498,0.3425,0.35750000000000004,0.35800000000000004,0.3498,0.33480000000000004,0.33480000000000004,0.29150000000000004,0.337,0.3453,0.35250000000000004,0.3405,0.3543,0.3803,0.3593,0.3435,0.3435,0.3483,0.3155,0.3483,0.3468,0.35550000000000004,0.34850000000000003,0.3718,0.379,0.3548,0.33180000000000004,0.3408,0.32930000000000004,0.3225,0.343,0.34950000000000003,0.35600000000000004,0.3503,0.3708,0.368,0.368,0.336,0.3425,0.3473,0.323,0.336,0.34650000000000003,0.3573,0.35800000000000004,0.35800000000000004,0.3538,0.3603,0.3433,0.3325,0.341,0.324,0.33130000000000004,0.34650000000000003,0.3573,0.3573,0.35800000000000004,0.3538,0.3603,0.3433,0.3325,0.341,0.324,0.33130000000000004,0.3295,0.3295,0.3518,0.34850000000000003,0.33080000000000004,0.3235,0.3568,0.35050000000000003,0.3548,0.3473,0.3378,0.3378,0.3478,0.3538,0.3403,0.3245,0.3155,0.3653,0.369,0.3718,0.36150000000000004,0.36150000000000004,0.34500000000000003,0.35350000000000004,0.3538,0.35450000000000004,0.3395,0.33380000000000004,0.3738,0.3745,0.3703,0.3703,0.367,0.3558,0.35550000000000004,0.3663,0.3648,0.3598,0.3533
2021-07-04 03:00:00,0.548,0.531,0.5673,0.5605,0.6053000000000001,0.6305000000000001,0.6305000000000001,0.5945,0.5895,0.52,0.454,0.5197,0.524,0.521,0.5353,0.5333,0.5333,0.6305000000000001,0.5945,0.5895,0.52,0.454,0.5197,0.524,0.521,0.5353,0.5353,0.5333,0.6018,0.6328,0.6045,0.5415,0.5055000000000001,0.5423,0.545,0.5383,0.5383,0.5228,0.5343,0.5963,0.6328,0.6003000000000001,0.5358,0.451,0.5465,0.562,0.562,0.5333,0.517,0.5265000000000001,0.5715,0.5808,0.5615,0.5323,0.5035000000000001,0.5245000000000001,0.5245000000000001,0.5138,0.5238,0.538,0.5403,0.5258,0.53,0.4993,0.47000000000000003,0.48350000000000004,0.5203,0.496,0.5208,0.549,0.551,0.557,0.5545,0.525,0.42050000000000004,0.44480000000000003,0.44480000000000003,0.5645,0.5303,0.5148,0.535,0.5905,0.5775,0.5578000000000001,0.4878,0.4878,0.4323,0.5365,0.53,0.5308,0.5433,0.5973,0.5693,0.5775,0.5578000000000001,0.5578000000000001,0.4878,0.4323,0.5365,0.53,0.5308,0.5433,0.5973,0.5693,0.5710000000000001,0.5710000000000001,0.5483,0.4848,0.5195000000000001,0.5813,0.4748,0.45230000000000004,0.4888,0.5285000000000001,0.531,0.531,0.529,0.5418000000000001,0.521,0.5773,0.5465
2021-05-18 03:00:00,0.5093,0.5085000000000001,0.5068,0.5128,0.5155000000000001,0.5148,0.5148,0.5213,0.514,0.5165000000000001,0.5058,0.5075000000000001,0.4973,0.52,0.5135000000000001,0.5163,0.5163,0.5148,0.5213,0.514,0.5165000000000001,0.5058,0.5075000000000001,0.4973,0.52,0.5135000000000001,0.5135000000000001,0.5163,0.5068,0.521,0.517,0.5123,0.5003000000000001,0.4853,0.4955,0.5075000000000001,0.5075000000000001,0.501,0.5018,0.4993,0.504,0.5023,0.5035000000000001,0.4978,0.47100000000000003,0.47450000000000003,0.47450000000000003,0.4878,0.48150000000000004,0.47850000000000004,0.47250000000000003,0.4843,0.4968,0.4913,0.4873,0.4698,0.4698,0.466,0.47200000000000003,0.4655,0.46030000000000004,0.4525,0.46280000000000004,0.47400000000000003,0.47150000000000003,0.4758,0.46480000000000005,0.4698,0.4615,0.46230000000000004,0.4475,0.4495,0.45580000000000004,0.4495,0.4555,0.4565,0.4565,0.4505,0.46330000000000005,0.465,0.456,0.445,0.444,0.4435,0.448,0.448,0.46,0.45580000000000004,0.4348,0.436,0.4393,0.4345,0.44,0.444,0.4435,0.4435,0.448,0.46,0.45580000000000004,0.4348,0.436,0.4393,0.4345,0.44,0.4378,0.4378,0.44380000000000003,0.4595,0.463,0.45280000000000004,0.4298,0.4338,0.436,0.4348,0.4408,0.4408,0.4485,0.44630000000000003,0.46230000000000004,0.463,0.4455
2021-09-11 02:00:00,0.092,0.096,0.093,0.094,0.094,0.09430000000000001,0.095,0.095,0.09530000000000001,0.098,0.0985,0.092,0.096,0.093,0.093,0.094,0.09430000000000001,0.0945,0.09730000000000001,0.096,0.0955,0.0993,0.0945,0.0955,0.0955,0.0955,0.092,0.09580000000000001,0.097,0.0983,0.1085,0.098,0.0985,0.09480000000000001,0.09480000000000001,0.095,0.095,0.09680000000000001,0.0985,0.09680000000000001,0.1,0.10700000000000001,0.0978,0.0918,0.09580000000000001,0.101,0.09680000000000001,0.0975,0.097,0.09730000000000001,0.0985,0.1003,0.0985,0.0995,0.0995,0.098,0.1,0.09480000000000001,0.09730000000000001,0.0988,0.0965,0.10300000000000001,0.1038,0.0983,0.0983,0.1015,0.096,0.0993,0.0998,0.0993,0.09580000000000001,0.098,0.1018,0.1018,0.1005,0.1013,0.1028,0.0965,0.0998,0.0988,0.097,0.09580000000000001,0.098,0.098,0.1018,0.1005,0.1013,0.1028,0.0965,0.0998,0.0988,0.097,0.09630000000000001,0.09630000000000001,0.09730000000000001,0.09480000000000001,0.101,0.1005,0.1018,0.09680000000000001,0.0988,0.0965,0.0985,0.0985,0.0988,0.1018,0.0985,0.0993,0.1003,0.1008,0.09580000000000001,0.0988,0.1005,0.1005,0.0998,0.0988,0.1038,0.1005,0.0998,0.1058,0.1003
2021-04-15 03:00:00,0.1693,0.1678,0.17600000000000002,0.1845,0.2238,0.2238,0.21080000000000002,0.20750000000000002,0.2053,0.222,0.21100000000000002,0.1693,0.1678,0.17600000000000002,0.1845,0.1845,0.2238,0.2378,0.21150000000000002,0.2565,0.2713,0.2763,0.17300000000000001,0.1763,0.186,0.186,0.20800000000000002,0.24180000000000001,0.24280000000000002,0.2175,0.24600000000000002,0.2775,0.2805,0.2058,0.20900000000000002,0.20900000000000002,0.21180000000000002,0.2165,0.23900000000000002,0.248,0.24430000000000002,0.258,0.28850000000000003,0.2828,0.23700000000000002,0.23700000000000002,0.24780000000000002,0.2685,0.273,0.269,0.2853,0.2705,0.277,0.2882,0.3053,0.2333,0.2518,0.261,0.281,0.2833,0.2903,0.29250000000000004,0.2973,0.3183,0.32030000000000003,0.32030000000000003,0.2735,0.2765,0.2878,0.2903,0.2948,0.29050000000000004,0.2908,0.32430000000000003,0.32430000000000003,0.3665,0.3935,0.28600000000000003,0.3038,0.304,0.3098,0.3108,0.29050000000000004,0.2908,0.2908,0.32430000000000003,0.3665,0.3935,0.28600000000000003,0.3038,0.304,0.3098,0.3108,0.32230000000000003,0.32230000000000003,0.3365,0.3583,0.3985,0.4423,0.2753,0.3013,0.31880000000000003,0.309,0.3255,0.3255,0.3613,0.3875,0.38,0.4373,0.4545,0.28400000000000003,0.3175,0.3538,0.3403,0.3403,0.3403,0.3643,0.3825,0.41750000000000004,0.4723,0.4963
2021-06-13 02:00:00,0.3658,0.33530000000000004,0.34850000000000003,0.3645,0.35000000000000003,0.35000000000000003,0.3128,0.3125,0.34450000000000003,0.373,0.38880000000000003,0.404,0.3678,0.3658,0.34,0.34,0.35000000000000003,0.3128,0.3125,0.34450000000000003,0.373,0.38880000000000003,0.404,0.3678,0.3658,0.3658,0.34,0.3355,0.3133,0.33030000000000004,0.365,0.392,0.4043,0.398,0.3438,0.3438,0.3388,0.3215,0.3225,0.321,0.3523,0.3955,0.4138,0.4308,0.33080000000000004,0.33080000000000004,0.32680000000000003,0.36150000000000004,0.3133,0.306,0.3365,0.392,0.4295,0.4505,0.4778,0.34750000000000003,0.32680000000000003,0.35000000000000003,0.3593,0.3493,0.35850000000000004,0.40130000000000005,0.42300000000000004,0.45480000000000004,0.5,0.5,0.326,0.2993,0.34400000000000003,0.3603,0.3768,0.39930000000000004,0.4213,0.45680000000000004,0.5068,0.5068,0.5335,0.364,0.3385,0.3325,0.35800000000000004,0.39130000000000004,0.42350000000000004,0.463,0.463,0.5098,0.5452,0.5373,0.387,0.40080000000000005,0.394,0.4123,0.39130000000000004,0.42350000000000004,0.42350000000000004,0.463,0.5098,0.5452,0.5373,0.387,0.40080000000000005,0.394,0.4123,0.443,0.443,0.48900000000000005,0.5185000000000001,0.5528000000000001,0.5513,0.5515,0.4398,0.45280000000000004,0.4703,0.47450000000000003,0.47450000000000003,0.5023,0.5405,0.5635,0.5633,0.5543,0.5553
2021-09-14 01:00:00,0.08080000000000001,0.0785,0.083,0.083,0.082,0.0805,0.0843,0.07980000000000001,0.0838,0.082,0.08650000000000001,0.08080000000000001,0.0785,0.0785,0.083,0.0795,0.0845,0.083,0.0833,0.0838,0.0845,0.0835,0.0828,0.0828,0.0823,0.08030000000000001,0.08080000000000001,0.0838,0.0825,0.0838,0.082,0.0835,0.08,0.0815,0.083,0.07980000000000001,0.083,0.0848,0.0828,0.0835,0.08600000000000001,0.085,0.082,0.082,0.084,0.0823,0.0843,0.0855,0.0873,0.0845,0.08800000000000001,0.0858,0.0843,0.0843,0.082,0.07730000000000001,0.082,0.0805,0.0818,0.08800000000000001,0.0868,0.0863,0.0893,0.0893,0.08800000000000001,0.0845,0.0835,0.0848,0.0835,0.084,0.0815,0.0838,0.0838,0.08850000000000001,0.083,0.0835,0.0838,0.08080000000000001,0.0815,0.0843,0.084,0.0815,0.0815,0.0838,0.08850000000000001,0.083,0.0835,0.0838,0.08080000000000001,0.0815,0.0843,0.08030000000000001,0.08030000000000001,0.0805,0.0815,0.082,0.0845,0.0823,0.08,0.0845,0.0843,0.0823,0.0823,0.0815,0.0795,0.0855,0.0835,0.0815,0.0838,0.081,0.0825,0.084,0.084,0.085,0.084,0.07930000000000001,0.08600000000000001,0.07930000000000001,0.08,0.07880000000000001,0.082
2021-05-24 02:00:00,0.2585,0.26630000000000004,0.231,0.24080000000000001,0.18000000000000002,0.18000000000000002,0.1705,0.1638,0.1545,0.15480000000000002,0.1448,0.25780000000000003,0.277,0.24130000000000001,0.2515,0.2515,0.18000000000000002,0.1705,0.1638,0.1545,0.15480000000000002,0.1448,0.25780000000000003,0.277,0.24130000000000001,0.24130000000000001,0.2515,0.2328,0.23450000000000001,0.24980000000000002,0.2325,0.1898,0.162,0.2373,0.2763,0.2763,0.27,0.315,0.3053,0.3245,0.2888,0.3145,0.3053,0.253,0.2368,0.2368,0.2728,0.3048,0.2975,0.3125,0.3788,0.35300000000000004,0.3315,0.314,0.31980000000000003,0.2363,0.21730000000000002,0.258,0.33180000000000004,0.3448,0.33530000000000004,0.3425,0.3573,0.35200000000000004,0.35200000000000004,0.35200000000000004,0.2313,0.2882,0.316,0.34,0.3628,0.34750000000000003,0.3655,0.35850000000000004,0.343,0.343,0.3493,0.20500000000000002,0.21400000000000002,0.20900000000000002,0.17450000000000002,0.2025,0.248,0.28850000000000003,0.28850000000000003,0.3088,0.32030000000000003,0.318,0.1945,0.18150000000000002,0.191,0.15480000000000002,0.2025,0.248,0.248,0.28850000000000003,0.3088,0.32030000000000003,0.318,0.1945,0.18150000000000002,0.191,0.15480000000000002,0.154,0.154,0.14980000000000002,0.1505,0.17400000000000002,0.21000000000000002,0.2018,0.18280000000000002,0.18580000000000002,0.1535,0.1363,0.1363,0.133,0.1305,0.1343,0.139,0.1433,0.15380000000000002
2021-08-07 02:00:00,0.2073,0.20980000000000001,0.21730000000000002,0.2283,0.2575,0.2575,0.2675,0.2403,0.21430000000000002,0.224,0.1915,0.22080000000000002,0.2185,0.2665,0.28550000000000003,0.28550000000000003,0.2575,0.2675,0.2403,0.21430000000000002,0.224,0.1915,0.22080000000000002,0.2185,0.2665,0.2665,0.28550000000000003,0.2918,0.2995,0.2373,0.186,0.18730000000000002,0.2015,0.223,0.21730000000000002,0.21730000000000002,0.23750000000000002,0.2695,0.29450000000000004,0.2798,0.2485,0.197,0.17550000000000002,0.18000000000000002,0.217,0.217,0.2048,0.2275,0.26530000000000004,0.277,0.2723,0.2313,0.21630000000000002,0.21130000000000002,0.183,0.2723,0.24630000000000002,0.2273,0.27080000000000004,0.24930000000000002,0.2303,0.24400000000000002,0.2538,0.24000000000000002,0.2255,0.2255,0.2765,0.26230000000000003,0.2748,0.26830000000000004,0.25630000000000003,0.23900000000000002,0.2315,0.2503,0.269,0.269,0.29200000000000004,0.2848,0.302,0.2893,0.29050000000000004,0.267,0.267,0.2595,0.2595,0.2508,0.29300000000000004,0.29150000000000004,0.24380000000000002,0.259,0.2882,0.2645,0.267,0.267,0.267,0.2595,0.2508,0.29300000000000004,0.29150000000000004,0.24380000000000002,0.259,0.2882,0.2645,0.2635,0.2635,0.271,0.2798,0.304,0.29300000000000004,0.2215,0.219,0.24350000000000002,0.24550000000000002,0.2273,0.2273,0.24080000000000001,0.25120000000000003,0.3028,0.3195,0.2908,0.26180000000000003
2021-12-02 04:00:00,0.11330000000000001,0.1183,0.1135,0.11380000000000001,0.11380000000000001,0.11230000000000001,0.11800000000000001,0.1165,0.1165,0.1203,0.1203,0.11080000000000001,0.1143,0.11800000000000001,0.11800000000000001,0.1153,0.1135,0.1208,0.1178,0.11850000000000001,0.1163,0.11800000000000001,0.113,0.1183,0.1183,0.11900000000000001,0.11800000000000001,0.1145,0.117,0.11750000000000001,0.1183,0.1168,0.117,0.1148,0.1148,0.1155,0.1173,0.1198,0.1158,0.1153,0.11750000000000001,0.1158,0.11950000000000001,0.11850000000000001,0.1165,0.1163,0.1193,0.1173,0.1208,0.1258,0.1158,0.1188,0.1178,0.1178,0.1193,0.116,0.12150000000000001,0.1203,0.1188,0.12380000000000001,0.1213,0.1158,0.1188,0.1188,0.1178,0.1193,0.116,0.12150000000000001,0.1203,0.1188,0.12380000000000001,0.1213,0.11750000000000001,0.11750000000000001,0.1165,0.1163,0.12000000000000001,0.1188,0.1203,0.1173,0.1203,0.12350000000000001,0.11850000000000001,0.11850000000000001,0.1188,0.11850000000000001,0.11750000000000001,0.1223,0.1193,0.1203,0.125,0.12350000000000001,0.1198,0.1198,0.11850000000000001,0.12150000000000001,0.11900000000000001,0.1228,0.12000000000000001,0.1198,0.1183,0.11900000000000001,0.1193,0.1193,0.12150000000000001,0.12050000000000001,0.125,0.12100000000000001,0.12200000000000001,0.1208,0.1198,0.1165,0.116,0.116,0.1233,0.12000000000000001,0.12250000000000001,0.124,0.12000000000000001,0.12300000000000001,0.13
2021-08-06 03:00:00,0.2763,0.202,0.182,0.169,0.1753,0.2548,0.2548,0.2725,0.2793,0.27,0.2595,0.26930000000000004,0.24650000000000002,0.2245,0.2518,0.182,0.182,0.2548,0.2725,0.2793,0.27,0.2595,0.26930000000000004,0.24650000000000002,0.2245,0.2518,0.2518,0.182,0.1983,0.1903,0.2295,0.26880000000000004,0.1688,0.2503,0.2313,0.24230000000000002,0.24230000000000002,0.26630000000000004,0.1975,0.199,0.195,0.1983,0.2858,0.21130000000000002,0.298,0.324,0.324,0.2868,0.255,0.21480000000000002,0.1885,0.18180000000000002,0.1588,0.202,0.1955,0.375,0.375,0.382,0.3508,0.2003,0.21880000000000002,0.2048,0.2195,0.184,0.17750000000000002,0.2253,0.343,0.3643,0.39730000000000004,0.3613,0.22,0.23800000000000002,0.29550000000000004,0.29250000000000004,0.257,0.17900000000000002,0.17900000000000002,0.38380000000000003,0.35350000000000004,0.35600000000000004,0.378,0.318,0.277,0.2713,0.2233,0.2233,0.26080000000000003,0.2265,0.3543,0.336,0.33630000000000004,0.3073,0.3608,0.277,0.2713,0.2713,0.2233,0.26080000000000003,0.2265,0.3543,0.336,0.33630000000000004,0.3073,0.3608,0.26330000000000003,0.26330000000000003,0.225,0.1943,0.21130000000000002,0.1995,0.26330000000000003,0.26130000000000003,0.2553,0.34,0.3488,0.3488,0.35600000000000004,0.32480000000000003,0.2773,0.20850000000000002,0.1683
2021-05-28 02:00:00,0.3995,0.2978,0.1898,0.159,0.1593,0.1593,0.164,0.1565,0.14750000000000002,0.14,0.17200000000000001,0.3763,0.2808,0.18680000000000002,0.1535,0.1535,0.1593,0.164,0.1565,0.14750000000000002,0.14,0.17200000000000001,0.3763,0.2808,0.18680000000000002,0.18680000000000002,0.1535,0.1568,0.18150000000000002,0.1565,0.1505,0.1393,0.15,0.3653,0.2558,0.2558,0.1898,0.152,0.171,0.188,0.163,0.157,0.1343,0.136,0.35700000000000004,0.35700000000000004,0.24580000000000002,0.166,0.1685,0.18150000000000002,0.20900000000000002,0.1678,0.15380000000000002,0.1383,0.14250000000000002,0.3405,0.26780000000000004,0.21580000000000002,0.201,0.1953,0.23800000000000002,0.21250000000000002,0.156,0.149,0.14550000000000002,0.14550000000000002,0.276,0.264,0.28300000000000003,0.2755,0.2383,0.217,0.1618,0.14300000000000002,0.14930000000000002,0.14930000000000002,0.1573,0.311,0.29700000000000004,0.2805,0.2713,0.2838,0.201,0.15430000000000002,0.15430000000000002,0.1443,0.156,0.1565,0.2893,0.228,0.2533,0.26130000000000003,0.2838,0.201,0.201,0.15430000000000002,0.1443,0.156,0.1565,0.2893,0.228,0.2533,0.26130000000000003,0.2585,0.2585,0.1865,0.1635,0.16,0.15180000000000002,0.1713,0.1695,0.1975,0.2823,0.1893,0.1893,0.15430000000000002,0.1668,0.1575,0.14750000000000002,0.14800000000000002,0.1588
2021-07-24 02:00:00,0.10450000000000001,0.0993,0.10830000000000001,0.10650000000000001,0.0998,0.0998,0.0965,0.097,0.1,0.1058,0.11330000000000001,0.10930000000000001,0.1068,0.10500000000000001,0.1033,0.1033,0.0998,0.0965,0.097,0.1,0.1058,0.11330000000000001,0.10930000000000001,0.1068,0.10500000000000001,0.10500000000000001,0.1033,0.0983,0.1005,0.11,0.1218,0.133,0.1338,0.12380000000000001,0.11750000000000001,0.11750000000000001,0.12350000000000001,0.1298,0.1178,0.1155,0.12380000000000001,0.14830000000000002,0.151,0.1583,0.11280000000000001,0.11280000000000001,0.109,0.10700000000000001,0.117,0.1158,0.12350000000000001,0.1373,0.157,0.1623,0.1603,0.11750000000000001,0.12050000000000001,0.1255,0.1218,0.1255,0.1303,0.139,0.1348,0.1648,0.1678,0.1678,0.11180000000000001,0.1168,0.124,0.131,0.1428,0.15,0.1515,0.1525,0.157,0.157,0.1613,0.10980000000000001,0.1303,0.14150000000000001,0.1368,0.14650000000000002,0.1575,0.1728,0.1728,0.1578,0.163,0.159,0.131,0.14780000000000001,0.1525,0.13770000000000002,0.14650000000000002,0.1575,0.1575,0.1728,0.1578,0.163,0.159,0.131,0.14780000000000001,0.1525,0.13770000000000002,0.1458,0.1458,0.1625,0.17,0.161,0.1568,0.1448,0.1345,0.133,0.1295,0.1423,0.1423,0.1373,0.1355,0.138,0.14300000000000002,0.1315,0.136
2021-08-13 04:00:00,0.7000000000000001,0.7325,0.7353000000000001,0.6673,0.6528,0.6653,0.6653,0.6725,0.6875,0.666,0.6598,0.7000000000000001,0.7325,0.7353000000000001,0.6673,0.6528,0.6528,0.6653,0.6553,0.6363,0.6393,0.6683,0.687,0.7193,0.6885,0.6483,0.6483,0.6368,0.6368,0.6425000000000001,0.6478,0.6433,0.6443,0.7163,0.6928000000000001,0.6910000000000001,0.6910000000000001,0.6533,0.6438,0.659,0.6498,0.6575000000000001,0.6833,0.6665,0.7053,0.7045,0.7045,0.6998000000000001,0.6855,0.6603,0.6803,0.683,0.6585000000000001,0.685,0.6675,0.7040000000000001,0.7040000000000001,0.7128,0.7028,0.6910000000000001,0.683,0.6955,0.7075,0.6723,0.6668000000000001,0.6838000000000001,0.7163,0.7210000000000001,0.7123,0.7328,0.6905,0.7045,0.7318,0.7563000000000001,0.6718000000000001,0.6718000000000001,0.6758000000000001,0.7115,0.7268,0.7153,0.732,0.7528,0.7595000000000001,0.7318,0.7563000000000001,0.7563000000000001,0.6718000000000001,0.6758000000000001,0.7115,0.7268,0.7153,0.732,0.7528,0.7595000000000001,0.7228,0.7228,0.7128,0.6935,0.6960000000000001,0.6933,0.6935,0.6923,0.7165,0.748,0.742,0.742,0.7100000000000001,0.686,0.7040000000000001,0.6995,0.7005,0.6575000000000001,0.667,0.7115,0.7338,0.7338,0.7368,0.744,0.7215,0.6953,0.7013
2021-05-21 04:00:00,0.18280000000000002,0.183,0.1555,0.1468,0.152,0.159,0.1713,0.1713,0.185,0.1903,0.18150000000000002,0.17830000000000001,0.18130000000000002,0.1565,0.15180000000000002,0.1565,0.1623,0.1623,0.1713,0.185,0.1903,0.18150000000000002,0.17830000000000001,0.18130000000000002,0.1565,0.15180000000000002,0.1565,0.1565,0.1623,0.1705,0.18280000000000002,0.18480000000000002,0.184,0.18100000000000002,0.1715,0.156,0.1595,0.1595,0.1645,0.1698,0.17900000000000002,0.18030000000000002,0.17850000000000002,0.1855,0.17700000000000002,0.1763,0.17450000000000002,0.17450000000000002,0.1743,0.18580000000000002,0.1958,0.202,0.1875,0.17550000000000002,0.1835,0.1768,0.1693,0.1693,0.171,0.182,0.189,0.20400000000000001,0.21050000000000002,0.21000000000000002,0.1983,0.2083,0.1678,0.1678,0.167,0.1685,0.17950000000000002,0.1773,0.1763,0.17900000000000002,0.18430000000000002,0.1988,0.2325,0.18330000000000002,0.163,0.157,0.159,0.1648,0.17,0.1773,0.17950000000000002,0.1723,0.1723,0.18080000000000002,0.1845,0.1718,0.16,0.1608,0.1603,0.163,0.1773,0.17950000000000002,0.17950000000000002,0.1723,0.18080000000000002,0.1845,0.1718,0.16,0.1608,0.1603,0.163,0.164,0.164,0.171,0.17500000000000002,0.1953,0.17500000000000002,0.1583,0.157,0.154,0.1553,0.1595,0.1595,0.1623,0.1685,0.1713,0.1963
2021-06-19 05:00:00,0.6495000000000001,0.6693,0.6755,0.6508,0.6033000000000001,0.5935,0.5763,0.5763,0.5663,0.5903,0.5985,0.6593,0.6465000000000001,0.6343,0.6408,0.662,0.626,0.626,0.5763,0.5663,0.5903,0.5985,0.6593,0.6465000000000001,0.6343,0.6408,0.662,0.662,0.626,0.5903,0.5880000000000001,0.5633,0.5703,0.6658000000000001,0.6638000000000001,0.6475000000000001,0.6505000000000001,0.6505000000000001,0.62,0.5778,0.6055,0.5788,0.5705,0.604,0.652,0.633,0.63,0.63,0.6405000000000001,0.6135,0.616,0.625,0.5863,0.6038,0.612,0.605,0.6095,0.6095,0.6073000000000001,0.602,0.5973,0.653,0.6498,0.6543,0.6588,0.6578,0.5265000000000001,0.5265000000000001,0.5698,0.5675,0.555,0.5993,0.6685,0.6385000000000001,0.623,0.6028,0.641,0.5225000000000001,0.5222,0.5325,0.5855,0.6173000000000001,0.6408,0.6930000000000001,0.6940000000000001,0.6718000000000001,0.6718000000000001,0.6195,0.5845,0.5965,0.6178,0.6218,0.633,0.647,0.6930000000000001,0.6940000000000001,0.6940000000000001,0.6718000000000001,0.6195,0.5845,0.5965,0.6178,0.6218,0.633,0.647,0.6883,0.6883,0.6385000000000001,0.6458,0.6388,0.6193000000000001,0.633,0.6395000000000001,0.6473,0.6413,0.6143000000000001,0.6143000000000001,0.5918,0.5715,0.6723,0.6488
2021-10-30 02:00:00,0.0998,0.10700000000000001,0.10600000000000001,0.10600000000000001,0.10300000000000001,0.1033,0.10500000000000001,0.10450000000000001,0.10830000000000001,0.11230000000000001,0.10650000000000001,0.10500000000000001,0.10650000000000001,0.10650000000000001,0.11380000000000001,0.1068,0.1073,0.1085,0.11130000000000001,0.11380000000000001,0.11030000000000001,0.1053,0.10650000000000001,0.10650000000000001,0.10450000000000001,0.1038,0.1085,0.10830000000000001,0.10930000000000001,0.1085,0.11130000000000001,0.108,0.1068,0.10600000000000001,0.10980000000000001,0.1073,0.10550000000000001,0.109,0.1068,0.1075,0.11,0.10980000000000001,0.1085,0.1085,0.10400000000000001,0.1135,0.1085,0.1063,0.1105,0.1073,0.113,0.10930000000000001,0.10980000000000001,0.10980000000000001,0.1085,0.1095,0.11030000000000001,0.11330000000000001,0.1105,0.11180000000000001,0.111,0.11380000000000001,0.11380000000000001,0.10980000000000001,0.11230000000000001,0.10830000000000001,0.10600000000000001,0.1095,0.10830000000000001,0.11180000000000001,0.11180000000000001,0.111,0.111,0.11380000000000001,0.10980000000000001,0.11230000000000001,0.10830000000000001,0.10600000000000001,0.1095,0.10830000000000001,0.11180000000000001,0.1068,0.1068,0.1158,0.1085,0.1115,0.1095,0.114,0.11,0.1145,0.1105,0.11230000000000001,0.11230000000000001,0.10880000000000001,0.11130000000000001,0.1145,0.1143,0.11030000000000001,0.1145,0.11080000000000001,0.1135,0.112,0.112,0.114,0.116,0.1145,0.11280000000000001,0.1148,0.11380000000000001,0.1135,0.11180000000000001,0.1163,0.1163,0.114,0.1158,0.1125,0.1173,0.10880000000000001,0.114,0.1115,0.12000000000000001
2021-12-12 04:00:00,0.4033,0.39730000000000004,0.4005,0.4078,0.4078,0.3738,0.3705,0.3688,0.3553,0.3405,0.36300000000000004,0.396,0.4053,0.3965,0.3965,0.38,0.3703,0.3745,0.3763,0.3715,0.35500000000000004,0.34800000000000003,0.36250000000000004,0.3875,0.3875,0.40700000000000003,0.40080000000000005,0.381,0.374,0.3645,0.35950000000000004,0.35150000000000003,0.35550000000000004,0.3335,0.3335,0.36250000000000004,0.3935,0.4025,0.38380000000000003,0.3663,0.35550000000000004,0.3523,0.3513,0.36200000000000004,0.3388,0.33030000000000004,0.3435,0.3793,0.389,0.3768,0.375,0.3593,0.3448,0.3448,0.33480000000000004,0.3438,0.34700000000000003,0.341,0.34800000000000003,0.3653,0.3653,0.375,0.3593,0.3593,0.3448,0.33480000000000004,0.3438,0.34700000000000003,0.341,0.34800000000000003,0.3653,0.3653,0.3563,0.3563,0.35150000000000003,0.35750000000000004,0.35850000000000004,0.3038,0.32780000000000004,0.3285,0.3183,0.33280000000000004,0.3548,0.3548,0.366,0.3663,0.37,0.3688,0.2738,0.29300000000000004,0.28900000000000003,0.307,0.32480000000000003,0.32480000000000003,0.34650000000000003,0.3633,0.3663,0.37,0.3755,0.32580000000000003,0.32680000000000003,0.32630000000000003,0.29450000000000004,0.29450000000000004,0.2923,0.31,0.3285,0.34450000000000003,0.34900000000000003,0.3543,0.35550000000000004,0.3723,0.3865,0.3865,0.3648,0.32080000000000003,0.3095,0.318,0.3093,0.3093,0.31930000000000003
2021-10-27 03:00:00,0.1383,0.14,0.137,0.1388,0.1388,0.136,0.138,0.14,0.136,0.1375,0.1358,0.1383,0.13770000000000002,0.1365,0.1365,0.1375,0.1358,0.1375,0.135,0.1368,0.1408,0.13770000000000002,0.14850000000000002,0.1405,0.1405,0.14100000000000001,0.1393,0.1388,0.14,0.1393,0.1368,0.1405,0.1413,0.139,0.139,0.1395,0.1393,0.1373,0.1353,0.1365,0.1353,0.137,0.1365,0.1343,0.14880000000000002,0.14400000000000002,0.14,0.1398,0.13770000000000002,0.14100000000000001,0.1385,0.1388,0.14,0.1403,0.1403,0.1463,0.1418,0.14,0.1398,0.1368,0.1405,0.1385,0.138,0.138,0.1383,0.14450000000000002,0.14600000000000002,0.14350000000000002,0.1443,0.14450000000000002,0.14150000000000001,0.1405,0.1385,0.1385,0.138,0.1383,0.14450000000000002,0.14600000000000002,0.14350000000000002,0.1443,0.14450000000000002,0.14150000000000001,0.1453,0.1453,0.1403,0.14200000000000002,0.1413,0.1448,0.14250000000000002,0.1428,0.138,0.14200000000000002,0.138,0.138,0.1393,0.138,0.1395,0.1395,0.1363,0.14350000000000002,0.14350000000000002,0.139,0.14100000000000001,0.14100000000000001,0.1395,0.14350000000000002,0.14300000000000002,0.1423,0.1405,0.14,0.1428,0.14550000000000002,0.14350000000000002,0.14350000000000002,0.1413,0.1403,0.1448,0.14450000000000002,0.14150000000000001,0.139,0.1395
2021-04-27 02:00:00,0.1728,0.159,0.1558,0.1593,0.1668,0.1668,0.17450000000000002,0.1835,0.1883,0.2005,0.231,0.199,0.18050000000000002,0.1688,0.161,0.161,0.1668,0.17450000000000002,0.1835,0.1883,0.2005,0.231,0.199,0.18050000000000002,0.1688,0.1688,0.161,0.1715,0.18430000000000002,0.2003,0.23600000000000002,0.26480000000000004,0.2953,0.2303,0.1985,0.1985,0.17850000000000002,0.169,0.1668,0.1748,0.194,0.24280000000000002,0.258,0.2995,0.24830000000000002,0.24830000000000002,0.2328,0.21400000000000002,0.191,0.1748,0.1683,0.1678,0.17200000000000001,0.17880000000000001,0.2058,0.366,0.3513,0.34550000000000003,0.28800000000000003,0.24430000000000002,0.20500000000000002,0.18150000000000002,0.17300000000000001,0.17250000000000001,0.1763,0.1763,0.3815,0.381,0.375,0.3665,0.32230000000000003,0.29200000000000004,0.254,0.2308,0.2038,0.2038,0.2,0.3078,0.3128,0.3415,0.3775,0.4093,0.392,0.3755,0.3755,0.3163,0.29200000000000004,0.2755,0.21630000000000002,0.2575,0.318,0.329,0.4093,0.392,0.392,0.3755,0.3163,0.29200000000000004,0.2755,0.21630000000000002,0.2575,0.318,0.329,0.3533,0.3533,0.35650000000000004,0.3653,0.3563,0.3335,0.32330000000000003,0.1983,0.2358,0.26680000000000004,0.24930000000000002,0.24930000000000002,0.2308,0.3158,0.35900000000000004,0.3478,0.3473,0.33130000000000004
2021-04-26 01:00:00,0.4203,0.4128,0.39280000000000004,0.3695,0.3695,0.364,0.36050000000000004,0.3593,0.3658,0.3765,0.3835,0.4238,0.40800000000000003,0.399,0.399,0.3695,0.364,0.36050000000000004,0.3593,0.3658,0.3765,0.3835,0.4238,0.40800000000000003,0.40800000000000003,0.399,0.3808,0.3583,0.3618,0.35700000000000004,0.3725,0.3755,0.389,0.4208,0.4208,0.4098,0.4098,0.387,0.35950000000000004,0.3588,0.3633,0.3795,0.3865,0.39080000000000004,0.42650000000000005,0.41650000000000004,0.4038,0.3955,0.389,0.3683,0.3678,0.3765,0.378,0.39780000000000004,0.39780000000000004,0.4093,0.38530000000000003,0.3703,0.377,0.38980000000000004,0.39,0.392,0.39030000000000004,0.3965,0.3965,0.4005,0.3788,0.3808,0.3513,0.376,0.394,0.39880000000000004,0.3975,0.4055,0.4055,0.39780000000000004,0.4178,0.376,0.3775,0.3855,0.4043,0.4073,0.41150000000000003,0.41150000000000003,0.41550000000000004,0.42300000000000004,0.42650000000000005,0.43,0.39180000000000004,0.39630000000000004,0.4108,0.4043,0.4073,0.4073,0.41150000000000003,0.41550000000000004,0.42300000000000004,0.42650000000000005,0.43,0.39180000000000004,0.39630000000000004,0.4108,0.40950000000000003,0.40950000000000003,0.4123,0.4118,0.4278,0.4408,0.45130000000000003,0.443,0.39130000000000004,0.4133,0.4228,0.4228,0.433,0.4338,0.4283,0.4343,0.449,0.4465,0.4433
2021-05-07 03:00:00,0.1568,0.156,0.1705,0.1723,0.17500000000000002,0.18280000000000002,0.18280000000000002,0.18330000000000002,0.17350000000000002,0.183,0.1963,0.1605,0.1628,0.1908,0.186,0.1835,0.1835,0.18280000000000002,0.18330000000000002,0.17350000000000002,0.183,0.1963,0.1605,0.1628,0.1908,0.186,0.186,0.1835,0.18730000000000002,0.1855,0.18150000000000002,0.18150000000000002,0.1935,0.167,0.1885,0.21130000000000002,0.21130000000000002,0.2025,0.1938,0.1883,0.2048,0.2093,0.20950000000000002,0.2325,0.21980000000000002,0.2548,0.2548,0.2335,0.216,0.2283,0.2523,0.26730000000000004,0.268,0.2495,0.21400000000000002,0.2928,0.2928,0.2805,0.25,0.2812,0.3153,0.322,0.32480000000000003,0.28750000000000003,0.24600000000000002,0.193,0.32,0.3033,0.2843,0.3025,0.34850000000000003,0.394,0.432,0.38680000000000003,0.3078,0.2288,0.2288,0.3408,0.34450000000000003,0.3568,0.387,0.4203,0.4555,0.46530000000000005,0.3708,0.3708,0.3305,0.2635,0.3528,0.3705,0.4073,0.4313,0.4773,0.4555,0.46530000000000005,0.46530000000000005,0.3708,0.3305,0.2635,0.3528,0.3705,0.4073,0.4313,0.4773,0.4415,0.4415,0.3885,0.3428,0.31,0.2697,0.3385,0.39330000000000004,0.4435,0.40700000000000003,0.38280000000000003,0.38280000000000003,0.3795,0.3143,0.2873,0.2808,0.26830000000000004
2021-05-10 05:00:00,0.20500000000000002,0.1973,0.20950000000000002,0.17830000000000001,0.1955,0.21250000000000002,0.164,0.164,0.17950000000000002,0.2235,0.20950000000000002,0.186,0.17700000000000002,0.18380000000000002,0.168,0.17880000000000001,0.18000000000000002,0.18000000000000002,0.164,0.17950000000000002,0.2235,0.20950000000000002,0.186,0.17700000000000002,0.18380000000000002,0.168,0.17880000000000001,0.17880000000000001,0.18000000000000002,0.1705,0.1678,0.21130000000000002,0.21980000000000002,0.1685,0.1573,0.1608,0.1885,0.1885,0.2018,0.184,0.1943,0.2225,0.2323,0.248,0.1683,0.1638,0.1678,0.1678,0.1915,0.19,0.192,0.1913,0.188,0.2028,0.23950000000000002,0.1578,0.15480000000000002,0.15480000000000002,0.158,0.166,0.17,0.17950000000000002,0.18530000000000002,0.2363,0.253,0.215,0.1758,0.1758,0.1715,0.1678,0.1715,0.188,0.219,0.2538,0.26480000000000004,0.24350000000000002,0.2403,0.21880000000000002,0.1953,0.18330000000000002,0.17250000000000001,0.1763,0.2233,0.26,0.2773,0.2828,0.2828,0.28800000000000003,0.21100000000000002,0.221,0.1915,0.20450000000000002,0.2228,0.20650000000000002,0.26,0.2773,0.2773,0.2828,0.28800000000000003,0.21100000000000002,0.221,0.1915,0.20450000000000002,0.2228,0.20650000000000002,0.232,0.232,0.255,0.2858,0.29450000000000004,0.223,0.24180000000000001,0.24430000000000002,0.2745,0.308,0.28650000000000003,0.28650000000000003,0.2828,0.2853,0.2918,0.26880000000000004
