time,0,1,2,3,4,5,6,7,8,9,10,11,12,13,14,15,16,17,18,19,20,21,22,23,24,25,26,27,28,29,30,31,32,33,34,35,36,37,38,39,40,41,42,43,44,45,46,47,48,49,50,51,52,53,54,55,56,57,58,59,60,61,62,63,64,65,66,67,68,69,70,71,72,73,74,75,76,77,78,79,80,81,82,83,84,85,86,87,88,89,90,91,92,93,94,95,96,97,98,99,100,101,102,103,104,105,106,107,108,109,110,111,112,113,114,115,116,117,118,119,120
2021-12-27 05:00:00,56.08,56.1,56.1,56.120000000000005,56.120000000000005,56.120000000000005,56.120000000000005,56.14,56.14,56.160000000000004,56.160000000000004,56.14,56.14,56.160000000000004,56.160000000000004,56.160000000000004,56.160000000000004,56.18,56.18,56.2,56.2,56.2,56.18,56.18,56.18,56.2,56.2,56.22,56.22,56.22,56.24,56.24,56.26,56.22,56.22,56.24,56.24,56.26,56.26,56.26,56.28,56.28,56.300000000000004,56.300000000000004,56.26,56.28,56.28,56.300000000000004,56.300000000000004,56.300000000000004,56.32,56.32,56.34,56.34,56.34,56.32,56.32,56.32,56.34,56.34,56.36,56.32,56.32,56.32,56.34,56.34,56.32,56.32,56.32,56.34,56.34,56.36,56.36,56.36,56.38,56.38,56.38,56.36,56.36,56.38,56.38,56.4,56.4,56.4,56.4,56.42,56.42,56.44,56.4,56.42,56.42,56.44,56.44,56.44,56.44,56.46,56.46,56.480000000000004,56.480000000000004,56.46,56.46,56.480000000000004,56.480000000000004,56.480000000000004,56.480000000000004,56.5,56.5,56.52,56.52,56.52,56.5,56.5,56.52,56.52,56.52,56.54,56.54,56.56,56.56,56.56,56.58
2021-08-04 05:00:00,16.62,16.64,16.66,16.68,16.7,16.72,16.740000000000002,16.740000000000002,16.76,16.78,16.8,16.66,16.68,16.7,16.72,16.740000000000002,16.76,16.76,16.740000000000002,16.76,16.78,16.8,16.66,16.68,16.7,16.72,16.740000000000002,16.740000000000002,16.76,16.78,16.8,16.82,16.84,16.7,16.72,16.740000000000002,16.76,16.76,16.78,16.8,16.82,16.84,16.86,16.88,16.740000000000002,16.76,16.78,16.78,16.8,16.82,16.84,16.86,16.88,16.9,16.92,16.78,16.8,16.8,16.82,16.84,16.86,16.88,16.9,16.92,16.94,16.96,16.82,16.82,16.84,16.86,16.88,16.9,16.92,16.94,16.96,16.98,17.0,16.86,16.88,16.9,16.9,16.92,16.94,16.96,16.98,17.0,17.0,17.02,16.9,16.92,16.94,16.96,16.98,17.0,16.96,16.98,16.98,17.0,17.02,16.9,16.92,16.94,16.96,16.98,17.0,17.02,17.02,17.04,17.06,17.080000000000002,16.94,16.96,16.98,17.0,17.02,17.04,17.04,17.06,17.080000000000002,17.1,17.12
2021-06-28 01:00:00,45.300000000000004,45.26,45.22,45.18,45.14,45.14,45.1,45.08,45.04,45.0,44.96,45.300000000000004,45.26,45.22,45.18,45.18,45.14,45.1,45.08,45.04,45.0,44.96,45.300000000000004,45.26,45.22,45.22,45.18,45.14,45.1,45.08,45.04,45.0,44.96,45.300000000000004,45.26,45.26,45.22,45.18,45.14,45.1,45.06,45.02,44.980000000000004,44.96,45.28,45.28,45.24,45.2,45.18,45.14,45.1,45.06,45.02,44.980000000000004,44.94,45.32,45.28,45.24,45.2,45.160000000000004,45.12,45.08,45.06,45.02,44.980000000000004,44.980000000000004,45.32,45.28,45.24,45.2,45.160000000000004,45.12,45.08,45.04,45.0,45.0,44.980000000000004,45.300000000000004,45.26,45.22,45.2,45.160000000000004,45.12,45.08,45.08,45.04,45.0,44.96,45.300000000000004,45.26,45.22,45.18,45.160000000000004,45.12,45.12,45.08,45.04,45.0,44.96,45.300000000000004,45.26,45.22,45.18,45.14,45.14,45.1,45.08,45.04,45.0,44.96,45.300000000000004,45.26,45.22,45.18,45.18,45.14,45.1,45.06,45.02,44.980000000000004,44.96
2021-07-08 01:00:00,46.0,45.96,45.92,45.88,45.86,45.86,45.82,45.78,45.74,45.7,45.660000000000004,46.0,45.96,45.92,45.88,45.88,45.86,45.82,45.78,45.74,45.7,45.660000000000004,46.0,45.96,45.92,45.92,45.88,45.84,45.82,45.78,45.74,45.7,45.660000000000004,46.0,45.96,45.96,45.92,45.88,45.84,45.800000000000004,45.76,45.72,45.7,45.660000000000004,45.980000000000004,45.980000000000004,45.96,45.92,45.88,45.84,45.800000000000004,45.76,45.72,45.68,45.64,46.02,45.980000000000004,45.94,45.9,45.86,45.84,45.800000000000004,45.76,45.72,45.68,45.68,46.02,45.980000000000004,45.94,45.9,45.86,45.82,45.800000000000004,45.76,45.72,45.72,45.68,46.02,45.980000000000004,45.94,45.9,45.86,45.82,45.78,45.78,45.74,45.7,45.68,46.0,45.96,45.94,45.9,45.86,45.82,45.82,45.78,45.74,45.7,45.68,46.0,45.96,45.94,45.9,45.86,45.86,45.82,45.78,45.74,45.7,45.660000000000004,46.0,45.96,45.92,45.88,45.88,45.84,45.82,45.78,45.74,45.7,45.660000000000004
2021-04-14 02:00:00,39.36,39.32,39.28,39.26,39.26,39.2,39.160000000000004,39.14,39.1,39.06,39.04,39.36,39.32,39.28,39.28,39.26,39.22,39.18,39.160000000000004,39.12,39.08,39.06,39.38,39.34,39.34,39.300000000000004,39.28,39.24,39.2,39.18,39.14,39.1,39.08,39.38,39.38,39.36,39.32,39.28,39.26,39.22,39.18,39.160000000000004,39.12,39.08,39.44,39.4,39.38,39.34,39.300000000000004,39.28,39.24,39.2,39.18,39.14,39.14,39.46,39.42,39.4,39.36,39.32,39.300000000000004,39.26,39.22,39.2,39.2,39.160000000000004,39.480000000000004,39.44,39.4,39.38,39.34,39.300000000000004,39.28,39.28,39.24,39.2,39.18,39.5,39.46,39.42,39.4,39.34,39.300000000000004,39.300000000000004,39.28,39.24,39.2,39.18,39.5,39.46,39.42,39.4,39.36,39.36,39.32,39.300000000000004,39.26,39.22,39.2,39.5,39.480000000000004,39.44,39.42,39.42,39.38,39.34,39.32,39.28,39.24,39.22,39.54,39.5,39.46,39.46,39.44,39.4,39.36,39.34,39.300000000000004,39.26,39.24
2021-06-18 05:00:00,12.1,12.14,12.16,12.200000000000001,12.22,12.26,12.280000000000001,12.280000000000001,12.32,12.34,12.36,12.14,12.16,12.200000000000001,12.22,12.26,12.280000000000001,12.280000000000001,12.280000000000001,12.32,12.34,12.36,12.14,12.16,12.200000000000001,12.22,12.26,12.26,12.280000000000001,12.32,12.34,12.38,12.4,12.18,12.200000000000001,12.24,12.26,12.26,12.3,12.32,12.34,12.38,12.4,12.44,12.22,12.24,12.26,12.26,12.3,12.32,12.36,12.38,12.42,12.44,12.48,12.24,12.280000000000001,12.280000000000001,12.3,12.34,12.36,12.38,12.42,12.44,12.48,12.5,12.280000000000001,12.280000000000001,12.3,12.34,12.36,12.4,12.42,12.44,12.48,12.5,12.540000000000001,12.280000000000001,12.32,12.34,12.38,12.4,12.42,12.46,12.48,12.52,12.52,12.540000000000001,12.32,12.36,12.38,12.4,12.44,12.46,12.46,12.48,12.48,12.52,12.540000000000001,12.32,12.36,12.38,12.4,12.44,12.46,12.5,12.5,12.52,12.540000000000001,12.58,12.36,12.38,12.42,12.44,12.48,12.5,12.5,12.52,12.56,12.58,12.620000000000001
2021-07-31 02:00:00,35.5,35.46,35.42,35.38,35.36,35.36,35.32,35.28,35.24,35.2,35.160000000000004,35.5,35.480000000000004,35.44,35.4,35.4,35.36,35.32,35.28,35.24,35.2,35.160000000000004,35.5,35.480000000000004,35.44,35.44,35.4,35.36,35.32,35.28,35.26,35.22,35.18,35.52,35.480000000000004,35.480000000000004,35.44,35.4,35.36,35.34,35.300000000000004,35.26,35.22,35.18,35.52,35.52,35.480000000000004,35.44,35.42,35.38,35.34,35.300000000000004,35.26,35.22,35.2,35.56,35.52,35.5,35.46,35.42,35.38,35.34,35.300000000000004,35.28,35.24,35.24,35.58,35.54,35.5,35.46,35.42,35.4,35.36,35.32,35.28,35.28,35.24,35.58,35.54,35.5,35.480000000000004,35.44,35.4,35.36,35.36,35.32,35.28,35.26,35.58,35.56,35.52,35.480000000000004,35.44,35.4,35.4,35.36,35.32,35.28,35.26,35.58,35.56,35.52,35.480000000000004,35.44,35.44,35.4,35.36,35.34,35.300000000000004,35.26,35.6,35.56,35.52,35.480000000000004,35.480000000000004,35.44,35.42,35.38,35.34,35.300000000000004,35.26
2021-11-18 03:00:00,53.480000000000004,53.46,53.46,53.44,53.44,53.44,53.42,53.4,53.4,53.38,53.38,53.52,53.5,53.5,53.5,53.480000000000004,53.480000000000004,53.46,53.46,53.44,53.42,53.42,53.56,53.54,53.54,53.54,53.52,53.52,53.5,53.5,53.480000000000004,53.480000000000004,53.46,53.6,53.6,53.6,53.58,53.56,53.56,53.54,53.54,53.52,53.52,53.5,53.660000000000004,53.64,53.64,53.620000000000005,53.620000000000005,53.6,53.6,53.58,53.56,53.56,53.56,53.7,53.7,53.68,53.660000000000004,53.660000000000004,53.64,53.64,53.620000000000005,53.620000000000005,53.620000000000005,53.6,53.74,53.74,53.72,53.72,53.7,53.64,53.64,53.64,53.620000000000005,53.620000000000005,53.6,53.74,53.74,53.72,53.72,53.7,53.68,53.68,53.68,53.660000000000004,53.660000000000004,53.64,53.78,53.78,53.76,53.76,53.74,53.74,53.74,53.72,53.7,53.7,53.68,53.84,53.82,53.800000000000004,53.800000000000004,53.800000000000004,53.78,53.78,53.76,53.76,53.74,53.74,53.88,53.86,53.86,53.86,53.84,53.82,53.82,53.800000000000004,53.800000000000004,53.78,53.78
2021-06-27 01:00:00,45.24,45.2,45.160000000000004,45.12,45.08,45.08,45.04,45.02,44.980000000000004,44.94,44.9,45.24,45.2,45.160000000000004,45.12,45.12,45.08,45.04,45.02,44.980000000000004,44.94,44.9,45.24,45.2,45.160000000000004,45.160000000000004,45.12,45.08,45.04,45.02,44.980000000000004,44.94,44.9,45.24,45.2,45.2,45.160000000000004,45.12,45.08,45.04,45.0,44.96,44.92,44.88,45.22,45.22,45.18,45.14,45.1,45.08,45.04,45.0,44.96,44.92,44.88,45.26,45.22,45.18,45.14,45.1,45.06,45.02,44.980000000000004,44.96,44.92,44.92,45.26,45.22,45.18,45.14,45.1,45.06,45.02,44.980000000000004,44.94,44.94,44.92,45.24,45.2,45.160000000000004,45.14,45.1,45.06,45.02,45.02,44.980000000000004,44.94,44.9,45.24,45.2,45.160000000000004,45.12,45.1,45.06,45.06,45.02,44.980000000000004,44.94,44.9,45.24,45.2,45.160000000000004,45.12,45.08,45.08,45.04,45.02,44.980000000000004,44.94,44.9,45.24,45.2,45.160000000000004,45.12,45.12,45.08,45.04,45.0,44.96,44.92,44.9
2021-10-23 04:00:00,43.4,43.4,43.4,43.4,43.4,43.4,43.4,43.4,43.4,43.4,43.4,43.44,43.44,43.44,43.44,43.44,43.44,43.44,43.44,43.44,43.44,43.44,43.5,43.5,43.5,43.5,43.5,43.5,43.5,43.5,43.5,43.5,43.5,43.54,43.54,43.54,43.54,43.54,43.54,43.54,43.54,43.54,43.54,43.54,43.58,43.58,43.58,43.58,43.58,43.58,43.58,43.58,43.6,43.6,43.6,43.64,43.64,43.64,43.64,43.64,43.64,43.64,43.64,43.64,43.64,43.64,43.68,43.68,43.68,43.68,43.68,43.68,43.64,43.64,43.64,43.64,43.64,43.68,43.68,43.68,43.68,43.68,43.68,43.68,43.68,43.68,43.68,43.68,43.74,43.74,43.74,43.74,43.74,43.74,43.74,43.74,43.74,43.74,43.74,43.78,43.78,43.78,43.78,43.78,43.78,43.78,43.78,43.78,43.78,43.78,43.82,43.82,43.82,43.82,43.82,43.82,43.82,43.82,43.82,43.82,43.82
2021-10-31 03:00:00,48.5,48.480000000000004,48.480000000000004,48.46,48.46,48.44,48.44,48.42,48.42,48.4,48.38,48.54,48.52,48.52,48.52,48.5,48.5,48.480000000000004,48.46,48.46,48.44,48.42,48.58,48.56,48.56,48.56,48.54,48.54,48.52,48.5,48.5,48.480000000000004,48.480000000000004,48.620000000000005,48.620000000000005,48.620000000000005,48.6,48.58,48.58,48.56,48.56,48.54,48.52,48.52,48.68,48.660000000000004,48.660000000000004,48.64,48.64,48.620000000000005,48.6,48.6,48.58,48.56,48.56,48.72,48.72,48.7,48.68,48.68,48.660000000000004,48.64,48.64,48.64,48.620000000000005,48.620000000000005,48.76,48.76,48.74,48.72,48.72,48.660000000000004,48.64,48.64,48.64,48.620000000000005,48.620000000000005,48.76,48.76,48.74,48.72,48.72,48.7,48.7,48.7,48.68,48.660000000000004,48.660000000000004,48.800000000000004,48.800000000000004,48.78,48.78,48.76,48.76,48.74,48.74,48.72,48.7,48.7,48.86,48.84,48.82,48.82,48.82,48.800000000000004,48.78,48.78,48.76,48.76,48.74,48.9,48.88,48.86,48.86,48.86,48.84,48.84,48.82,48.800000000000004,48.800000000000004,48.78
2021-04-27 04:00:00,18.46,18.46,18.46,18.44,18.44,18.44,18.44,18.38,18.38,18.36,18.36,18.46,18.46,18.46,18.44,18.44,18.44,18.44,18.42,18.42,18.400000000000002,18.400000000000002,18.52,18.5,18.5,18.5,18.5,18.48,18.48,18.46,18.46,18.46,18.44,18.56,18.56,18.54,18.54,18.54,18.52,18.52,18.52,18.5,18.5,18.5,18.6,18.6,18.6,18.580000000000002,18.580000000000002,18.580000000000002,18.56,18.56,18.56,18.54,18.54,18.64,18.64,18.64,18.64,18.62,18.62,18.62,18.6,18.6,18.580000000000002,18.580000000000002,18.7,18.7,18.68,18.68,18.68,18.66,18.66,18.64,18.64,18.64,18.64,18.740000000000002,18.740000000000002,18.740000000000002,18.72,18.72,18.7,18.66,18.64,18.64,18.64,18.64,18.740000000000002,18.740000000000002,18.740000000000002,18.72,18.72,18.7,18.7,18.7,18.7,18.68,18.68,18.8,18.78,18.78,18.76,18.76,18.76,18.76,18.740000000000002,18.740000000000002,18.740000000000002,18.72,18.84,18.82,18.82,18.82,18.8,18.8,18.8,18.8,18.78,18.78,18.76
2021-09-12 03:00:00,33.0,32.980000000000004,32.96,32.94,32.92,32.92,32.86,32.84,32.82,32.8,32.78,33.0,32.980000000000004,32.96,32.94,32.94,32.92,32.9,32.88,32.86,32.84,32.82,33.04,33.02,33.0,33.0,32.980000000000004,32.96,32.94,32.92,32.9,32.88,32.86,33.08,33.06,33.06,33.04,33.02,33.0,32.980000000000004,32.94,32.92,32.9,32.88,33.12,33.12,33.1,33.08,33.04,33.02,33.0,32.980000000000004,32.96,32.94,32.92,33.18,33.160000000000004,33.12,33.1,33.08,33.06,33.04,33.02,33.0,32.980000000000004,32.980000000000004,33.2,33.18,33.160000000000004,33.14,33.12,33.1,33.08,33.06,33.06,33.04,33.02,33.24,33.22,33.2,33.18,33.160000000000004,33.1,33.08,33.08,33.06,33.04,33.02,33.24,33.22,33.2,33.18,33.160000000000004,33.14,33.14,33.12,33.1,33.08,33.04,33.28,33.26,33.24,33.22,33.2,33.2,33.18,33.14,33.12,33.1,33.08,33.32,33.3,33.28,33.26,33.26,33.22,33.2,33.18,33.160000000000004,33.14,33.12
2021-03-21 05:00:00,32.56,32.58,32.58,32.6,32.6,32.62,32.62,32.58,32.6,32.6,32.62,32.56,32.58,32.58,32.6,32.6,32.6,32.62,32.62,32.64,32.660000000000004,32.660000000000004,32.6,32.62,32.62,32.64,32.64,32.660000000000004,32.660000000000004,32.68,32.68,32.7,32.7,32.660000000000004,32.660000000000004,32.68,32.68,32.68,32.7,32.7,32.72,32.74,32.74,32.76,32.7,32.72,32.72,32.72,32.74,32.74,32.76,32.76,32.78,32.78,32.8,32.74,32.74,32.76,32.76,32.78,32.78,32.8,32.82,32.82,32.84,32.84,32.78,32.8,32.8,32.82,32.82,32.84,32.84,32.86,32.86,32.86,32.88,32.82,32.84,32.84,32.86,32.88,32.88,32.84,32.86,32.86,32.86,32.88,32.82,32.84,32.84,32.86,32.88,32.88,32.9,32.9,32.9,32.92,32.92,32.88,32.88,32.9,32.9,32.92,32.92,32.92,32.94,32.96,32.96,32.980000000000004,32.92,32.94,32.94,32.96,32.96,32.96,32.980000000000004,32.980000000000004,33.0,33.0,33.02
2021-10-08 03:00:00,41.1,41.08,41.08,41.06,41.04,41.04,40.980000000000004,40.96,40.96,40.94,40.92,41.1,41.08,41.08,41.06,41.06,41.04,41.02,41.0,41.0,40.980000000000004,40.96,41.14,41.12,41.12,41.12,41.1,41.08,41.06,41.04,41.04,41.02,41.0,41.18,41.160000000000004,41.160000000000004,41.160000000000004,41.14,41.12,41.1,41.08,41.08,41.06,41.04,41.22,41.22,41.2,41.2,41.18,41.160000000000004,41.14,41.12,41.12,41.1,41.08,41.28,41.26,41.24,41.24,41.22,41.2,41.18,41.18,41.160000000000004,41.14,41.14,41.32,41.300000000000004,41.28,41.28,41.26,41.24,41.22,41.22,41.22,41.2,41.18,41.36,41.34,41.34,41.32,41.300000000000004,41.24,41.22,41.22,41.22,41.2,41.18,41.36,41.34,41.34,41.32,41.300000000000004,41.28,41.28,41.26,41.26,41.24,41.22,41.4,41.38,41.38,41.36,41.34,41.34,41.32,41.300000000000004,41.300000000000004,41.28,41.26,41.44,41.42,41.42,41.4,41.4,41.38,41.36,41.36,41.34,41.32,41.300000000000004
2021-11-08 04:00:00,48.56,48.56,48.56,48.56,48.56,48.56,48.56,48.56,48.56,48.56,48.56,48.6,48.6,48.6,48.6,48.6,48.6,48.6,48.6,48.6,48.6,48.6,48.64,48.64,48.64,48.64,48.64,48.64,48.64,48.64,48.64,48.660000000000004,48.660000000000004,48.7,48.7,48.7,48.7,48.7,48.7,48.7,48.7,48.7,48.7,48.7,48.74,48.74,48.74,48.74,48.74,48.74,48.74,48.74,48.74,48.74,48.74,48.78,48.78,48.78,48.78,48.78,48.78,48.78,48.800000000000004,48.800000000000004,48.800000000000004,48.800000000000004,48.84,48.84,48.84,48.84,48.84,48.84,48.78,48.800000000000004,48.800000000000004,48.800000000000004,48.800000000000004,48.84,48.84,48.84,48.84,48.84,48.84,48.84,48.84,48.84,48.84,48.84,48.88,48.88,48.88,48.88,48.88,48.88,48.88,48.88,48.88,48.88,48.88,48.92,48.92,48.92,48.94,48.94,48.94,48.94,48.94,48.94,48.94,48.94,48.980000000000004,48.980000000000004,48.980000000000004,48.980000000000004,48.980000000000004,48.980000000000004,48.980000000000004,48.980000000000004,48.980000000000004,48.980000000000004,48.980000000000004
2021-04-29 02:00:00,35.68,35.64,35.6,35.58,35.54,35.54,35.5,35.46,35.44,35.4,35.36,35.7,35.660000000000004,35.62,35.58,35.58,35.54,35.5,35.46,35.44,35.4,35.36,35.7,35.660000000000004,35.62,35.62,35.58,35.56,35.52,35.480000000000004,35.44,35.42,35.38,35.7,35.68,35.68,35.64,35.6,35.56,35.54,35.5,35.46,35.42,35.4,35.72,35.72,35.68,35.64,35.62,35.58,35.54,35.5,35.480000000000004,35.44,35.4,35.76,35.74,35.7,35.660000000000004,35.62,35.6,35.56,35.52,35.480000000000004,35.46,35.46,35.78,35.74,35.72,35.68,35.64,35.6,35.58,35.54,35.5,35.5,35.46,35.800000000000004,35.76,35.72,35.7,35.660000000000004,35.62,35.58,35.58,35.56,35.52,35.480000000000004,35.800000000000004,35.78,35.74,35.7,35.660000000000004,35.62,35.62,35.58,35.56,35.52,35.480000000000004,35.800000000000004,35.78,35.74,35.7,35.660000000000004,35.660000000000004,35.64,35.6,35.56,35.52,35.5,35.82,35.78,35.76,35.72,35.72,35.68,35.64,35.62,35.58,35.54,35.5
2021-08-01 01:00:00,48.14,48.1,48.06,48.02,48.02,47.980000000000004,47.96,47.92,47.88,47.84,47.800000000000004,48.14,48.1,48.06,48.06,48.02,47.980000000000004,47.96,47.92,47.88,47.84,47.800000000000004,48.14,48.1,48.1,48.06,48.02,48.0,47.96,47.92,47.88,47.84,47.800000000000004,48.14,48.14,48.1,48.06,48.02,48.0,47.96,47.92,47.88,47.84,47.800000000000004,48.18,48.14,48.1,48.06,48.02,47.980000000000004,47.96,47.92,47.88,47.84,47.84,48.18,48.14,48.1,48.06,48.02,47.980000000000004,47.94,47.92,47.88,47.88,47.84,48.18,48.14,48.1,48.06,48.02,47.980000000000004,47.96,47.92,47.92,47.88,47.84,48.18,48.14,48.1,48.06,48.02,47.980000000000004,47.980000000000004,47.94,47.92,47.88,47.84,48.18,48.14,48.1,48.06,48.02,48.02,47.980000000000004,47.94,47.92,47.88,47.84,48.18,48.14,48.1,48.06,48.06,48.02,47.980000000000004,47.94,47.92,47.88,47.84,48.18,48.14,48.1,48.1,48.06,48.02,47.980000000000004,47.94,47.9,47.88,47.84
2021-11-21 04:00:00,51.9,51.9,51.9,51.9,51.9,51.9,51.9,51.9,51.9,51.9,51.9,51.94,51.94,51.94,51.94,51.94,51.94,51.94,51.94,51.94,51.94,51.94,51.980000000000004,51.980000000000004,51.980000000000004,51.980000000000004,51.980000000000004,51.980000000000004,51.980000000000004,51.980000000000004,51.980000000000004,51.980000000000004,51.980000000000004,52.04,52.04,52.04,52.04,52.04,52.04,52.04,52.04,52.04,52.04,52.04,52.08,52.08,52.08,52.08,52.08,52.08,52.08,52.08,52.08,52.08,52.08,52.120000000000005,52.120000000000005,52.120000000000005,52.120000000000005,52.120000000000005,52.120000000000005,52.120000000000005,52.120000000000005,52.120000000000005,52.120000000000005,52.120000000000005,52.18,52.18,52.18,52.18,52.18,52.18,52.120000000000005,52.120000000000005,52.120000000000005,52.120000000000005,52.120000000000005,52.18,52.18,52.18,52.18,52.18,52.18,52.18,52.18,52.18,52.18,52.18,52.22,52.22,52.22,52.22,52.22,52.22,52.22,52.22,52.22,52.22,52.22,52.26,52.26,52.26,52.26,52.26,52.26,52.26,52.26,52.26,52.26,52.26,52.32,52.32,52.32,52.32,52.32,52.32,52.32,52.32,52.32,52.32,52.32
2021-05-25 05:00:00,14.56,14.6,14.620000000000001,14.64,14.68,14.700000000000001,14.74,14.74,14.76,14.780000000000001,14.82,14.6,14.620000000000001,14.66,14.68,14.72,14.74,14.74,14.74,14.76,14.780000000000001,14.82,14.6,14.620000000000001,14.66,14.68,14.72,14.72,14.74,14.76,14.8,14.82,14.84,14.64,14.66,14.700000000000001,14.72,14.72,14.74,14.780000000000001,14.8,14.82,14.86,14.88,14.68,14.700000000000001,14.74,14.74,14.76,14.780000000000001,14.82,14.84,14.86,14.9,14.92,14.72,14.74,14.74,14.76,14.8,14.82,14.84,14.88,14.9,14.94,14.96,14.74,14.74,14.780000000000001,14.8,14.82,14.86,14.88,14.9,14.94,14.96,15.0,14.76,14.780000000000001,14.82,14.84,14.86,14.9,14.92,14.94,14.98,14.98,15.0,14.8,14.82,14.86,14.88,14.9,14.94,14.92,14.94,14.94,14.98,15.0,14.8,14.82,14.86,14.88,14.9,14.94,14.96,14.96,14.98,15.02,15.040000000000001,14.84,14.86,14.88,14.92,14.94,14.96,14.96,15.0,15.02,15.040000000000001,15.08
2021-04-29 01:00:00,47.94,47.9,47.86,47.82,47.82,47.78,47.74,47.7,47.68,47.64,47.6,47.94,47.9,47.86,47.86,47.82,47.78,47.74,47.7,47.68,47.64,47.6,47.94,47.9,47.9,47.86,47.82,47.800000000000004,47.76,47.72,47.68,47.64,47.6,47.94,47.94,47.9,47.86,47.84,47.800000000000004,47.76,47.72,47.68,47.64,47.6,47.980000000000004,47.94,47.9,47.88,47.84,47.800000000000004,47.76,47.72,47.68,47.64,47.64,47.980000000000004,47.94,47.92,47.88,47.84,47.800000000000004,47.76,47.72,47.68,47.68,47.660000000000004,48.0,47.96,47.92,47.88,47.84,47.800000000000004,47.76,47.74,47.74,47.7,47.660000000000004,48.0,47.96,47.92,47.88,47.84,47.800000000000004,47.800000000000004,47.78,47.74,47.7,47.660000000000004,48.0,47.96,47.92,47.88,47.84,47.84,47.800000000000004,47.78,47.74,47.7,47.660000000000004,48.0,47.96,47.92,47.88,47.88,47.84,47.82,47.78,47.74,47.7,47.660000000000004,48.0,47.96,47.92,47.92,47.88,47.86,47.82,47.78,47.74,47.7,47.660000000000004
2021-11-30 04:00:00,53.68,53.68,53.68,53.68,53.68,53.68,53.68,53.68,53.68,53.68,53.68,53.72,53.72,53.72,53.72,53.72,53.72,53.72,53.72,53.72,53.72,53.72,53.78,53.78,53.78,53.78,53.78,53.78,53.78,53.78,53.76,53.76,53.76,53.82,53.82,53.82,53.82,53.82,53.82,53.82,53.82,53.82,53.82,53.82,53.86,53.86,53.86,53.86,53.86,53.86,53.86,53.86,53.86,53.86,53.86,53.92,53.92,53.92,53.92,53.92,53.92,53.86,53.86,53.86,53.86,53.86,53.92,53.92,53.92,53.92,53.92,53.92,53.92,53.92,53.92,53.92,53.9,53.96,53.96,53.96,53.96,53.96,53.96,53.96,53.96,53.96,53.96,53.96,54.0,54.0,54.0,54.0,54.0,54.0,54.0,54.0,54.0,54.0,54.0,54.06,54.06,54.06,54.06,54.06,54.06,54.06,54.06,54.06,54.06,54.06,54.1,54.1,54.1,54.1,54.1,54.1,54.1,54.1,54.1,54.1,54.1
2021-12-18 04:00:00,55.5,55.5,55.5,55.5,55.5,55.5,55.5,55.480000000000004,55.480000000000004,55.480000000000004,55.480000000000004,55.54,55.54,55.54,55.54,55.54,55.54,55.54,55.54,55.54,55.54,55.52,55.6,55.6,55.6,55.58,55.58,55.58,55.58,55.58,55.58,55.58,55.58,55.64,55.64,55.64,55.64,55.64,55.64,55.64,55.620000000000005,55.620000000000005,55.620000000000005,55.620000000000005,55.68,55.68,55.68,55.68,55.68,55.68,55.68,55.68,55.68,55.68,55.68,55.74,55.74,55.74,55.72,55.72,55.68,55.68,55.68,55.68,55.68,55.68,55.74,55.74,55.74,55.72,55.72,55.72,55.72,55.72,55.72,55.72,55.72,55.78,55.78,55.78,55.78,55.78,55.78,55.78,55.76,55.76,55.76,55.76,55.82,55.82,55.82,55.82,55.82,55.82,55.82,55.82,55.82,55.82,55.82,55.88,55.88,55.88,55.88,55.86,55.86,55.86,55.86,55.86,55.86,55.86,55.92,55.92,55.92,55.92,55.92,55.92,55.92,55.92,55.9,55.9,55.9
2021-04-18 03:00:00,27.84,27.8,27.78,27.76,27.72,27.72,27.66,27.64,27.62,27.580000000000002,27.560000000000002,27.84,27.8,27.78,27.76,27.76,27.72,27.7,27.68,27.64,27.62,27.6,27.86,27.84,27.8,27.8,27.78,27.76,27.740000000000002,27.7,27.68,27.66,27.62,27.900000000000002,27.86,27.86,27.84,27.82,27.78,27.76,27.740000000000002,27.7,27.68,27.66,27.92,27.92,27.900000000000002,27.86,27.84,27.82,27.78,27.76,27.740000000000002,27.72,27.68,27.98,27.96,27.92,27.900000000000002,27.88,27.84,27.82,27.8,27.78,27.740000000000002,27.740000000000002,28.0,27.98,27.96,27.94,27.900000000000002,27.88,27.86,27.82,27.82,27.8,27.78,28.04,28.02,27.98,27.96,27.94,27.88,27.86,27.86,27.82,27.8,27.78,28.04,28.02,27.98,27.96,27.94,27.900000000000002,27.900000000000002,27.88,27.86,27.84,27.8,28.060000000000002,28.04,28.02,28.0,27.96,27.96,27.94,27.92,27.88,27.86,27.84,28.1,28.080000000000002,28.04,28.02,28.02,28.0,27.98,27.94,27.92,27.900000000000002,27.86
2021-06-13 01:00:00,44.64,44.6,44.56,44.52,44.5,44.5,44.46,44.42,44.38,44.34,44.300000000000004,44.64,44.6,44.56,44.52,44.52,44.5,44.46,44.42,44.38,44.34,44.300000000000004,44.64,44.6,44.56,44.56,44.52,44.5,44.46,44.42,44.38,44.34,44.300000000000004,44.64,44.6,44.6,44.56,44.52,44.480000000000004,44.44,44.4,44.38,44.34,44.300000000000004,44.62,44.62,44.6,44.56,44.52,44.480000000000004,44.44,44.4,44.36,44.32,44.28,44.660000000000004,44.62,44.58,44.54,44.5,44.480000000000004,44.44,44.4,44.36,44.32,44.32,44.660000000000004,44.62,44.58,44.54,44.5,44.46,44.44,44.4,44.36,44.36,44.32,44.660000000000004,44.62,44.58,44.54,44.5,44.46,44.42,44.42,44.38,44.34,44.32,44.64,44.6,44.56,44.54,44.5,44.46,44.46,44.42,44.38,44.34,44.32,44.64,44.6,44.56,44.54,44.5,44.5,44.46,44.42,44.38,44.34,44.300000000000004,44.64,44.6,44.56,44.52,44.52,44.480000000000004,44.46,44.42,44.38,44.34,44.300000000000004
2021-10-16 05:00:00,42.94,42.94,42.96,42.980000000000004,42.980000000000004,42.980000000000004,43.0,43.02,43.02,43.04,43.06,42.980000000000004,43.0,43.0,43.02,43.02,43.04,43.04,43.06,43.08,43.08,43.1,43.02,43.04,43.06,43.06,43.06,43.08,43.1,43.1,43.12,43.14,43.14,43.06,43.08,43.08,43.1,43.12,43.12,43.14,43.160000000000004,43.160000000000004,43.18,43.2,43.12,43.12,43.12,43.14,43.160000000000004,43.160000000000004,43.18,43.2,43.22,43.22,43.24,43.14,43.160000000000004,43.18,43.18,43.2,43.22,43.22,43.24,43.26,43.26,43.28,43.2,43.2,43.22,43.24,43.24,43.26,43.22,43.24,43.24,43.26,43.28,43.2,43.2,43.22,43.24,43.24,43.26,43.28,43.28,43.28,43.300000000000004,43.32,43.24,43.26,43.26,43.28,43.300000000000004,43.300000000000004,43.300000000000004,43.32,43.34,43.34,43.36,43.28,43.300000000000004,43.300000000000004,43.32,43.34,43.34,43.36,43.36,43.38,43.4,43.4,43.32,43.34,43.36,43.36,43.36,43.38,43.4,43.42,43.42,43.44,43.46
2021-04-15 04:00:00,22.56,22.56,22.56,22.54,22.54,22.54,22.54,22.48,22.48,22.46,22.46,22.56,22.56,22.56,22.54,22.54,22.54,22.54,22.52,22.52,22.5,22.5,22.62,22.6,22.6,22.6,22.6,22.580000000000002,22.580000000000002,22.56,22.56,22.56,22.54,22.66,22.64,22.64,22.64,22.64,22.62,22.62,22.62,22.6,22.6,22.6,22.7,22.7,22.7,22.68,22.68,22.68,22.66,22.66,22.66,22.64,22.64,22.740000000000002,22.740000000000002,22.740000000000002,22.740000000000002,22.72,22.72,22.72,22.7,22.7,22.7,22.68,22.8,22.8,22.78,22.78,22.78,22.76,22.76,22.740000000000002,22.740000000000002,22.740000000000002,22.740000000000002,22.84,22.84,22.82,22.82,22.82,22.8,22.76,22.740000000000002,22.740000000000002,22.740000000000002,22.740000000000002,22.84,22.84,22.82,22.82,22.82,22.8,22.8,22.8,22.8,22.78,22.78,22.88,22.88,22.88,22.86,22.86,22.86,22.86,22.84,22.84,22.84,22.82,22.94,22.92,22.92,22.92,22.900000000000002,22.900000000000002,22.900000000000002,22.900000000000002,22.88,22.88,22.88
2021-08-25 02:00:00,38.88,38.86,38.82,38.78,38.78,38.74,38.7,38.660000000000004,38.64,38.6,38.56,38.88,38.86,38.82,38.82,38.78,38.76,38.72,38.68,38.660000000000004,38.62,38.58,38.9,38.86,38.86,38.84,38.800000000000004,38.76,38.74,38.7,38.660000000000004,38.64,38.6,38.92,38.92,38.88,38.86,38.82,38.78,38.74,38.72,38.68,38.64,38.62,38.96,38.94,38.9,38.86,38.84,38.800000000000004,38.76,38.74,38.7,38.660000000000004,38.660000000000004,38.980000000000004,38.96,38.92,38.88,38.86,38.82,38.78,38.74,38.72,38.72,38.68,39.0,38.96,38.94,38.9,38.86,38.84,38.800000000000004,38.800000000000004,38.76,38.74,38.7,39.02,38.980000000000004,38.94,38.92,38.86,38.84,38.84,38.800000000000004,38.76,38.74,38.7,39.02,38.980000000000004,38.94,38.92,38.88,38.88,38.84,38.82,38.78,38.74,38.72,39.04,39.0,38.96,38.94,38.94,38.9,38.86,38.84,38.800000000000004,38.76,38.72,39.06,39.02,38.980000000000004,38.980000000000004,38.96,38.92,38.88,38.86,38.82,38.78,38.74
2021-06-11 04:00:00,9.78,9.76,9.74,9.72,9.700000000000001,9.700000000000001,9.68,9.68,9.66,9.64,9.64,9.82,9.8,9.78,9.76,9.76,9.74,9.74,9.68,9.66,9.64,9.64,9.82,9.8,9.78,9.76,9.76,9.76,9.74,9.72,9.700000000000001,9.68,9.68,9.86,9.84,9.82,9.8,9.8,9.8,9.78,9.76,9.74,9.72,9.72,9.9,9.88,9.86,9.86,9.84,9.84,9.82,9.8,9.78,9.76,9.76,9.94,9.92,9.92,9.9,9.88,9.88,9.86,9.84,9.82,9.82,9.8,9.98,9.98,9.96,9.94,9.92,9.92,9.9,9.88,9.86,9.86,9.84,10.040000000000001,10.02,10.0,9.98,9.96,9.96,9.94,9.92,9.9,9.9,9.9,10.08,10.06,10.040000000000001,10.02,10.0,10.0,9.94,9.92,9.92,9.9,9.9,10.08,10.06,10.040000000000001,10.02,10.0,10.0,9.98,9.98,9.96,9.94,9.94,10.120000000000001,10.1,10.08,10.06,10.040000000000001,10.040000000000001,10.040000000000001,10.02,10.0,9.98,9.98
2021-10-12 02:00:00,49.5,49.480000000000004,49.46,49.44,49.44,49.38,49.34,49.32,49.300000000000004,49.28,49.24,49.5,49.480000000000004,49.46,49.46,49.44,49.4,49.38,49.36,49.34,49.300000000000004,49.28,49.54,49.52,49.52,49.480000000000004,49.46,49.44,49.42,49.38,49.36,49.34,49.32,49.56,49.56,49.54,49.52,49.5,49.46,49.44,49.42,49.4,49.36,49.34,49.620000000000005,49.6,49.58,49.56,49.52,49.5,49.480000000000004,49.46,49.42,49.4,49.4,49.660000000000004,49.64,49.6,49.58,49.56,49.54,49.5,49.480000000000004,49.46,49.46,49.44,49.7,49.660000000000004,49.64,49.620000000000005,49.6,49.56,49.54,49.54,49.52,49.5,49.46,49.72,49.7,49.68,49.64,49.6,49.56,49.56,49.54,49.52,49.5,49.46,49.72,49.7,49.68,49.64,49.620000000000005,49.620000000000005,49.6,49.58,49.54,49.52,49.5,49.76,49.72,49.7,49.68,49.68,49.660000000000004,49.620000000000005,49.6,49.58,49.56,49.52,49.78,49.76,49.74,49.74,49.72,49.68,49.660000000000004,49.64,49.620000000000005,49.58,49.56
2021-04-07 02:00:00,41.4,41.36,41.32,41.300000000000004,41.300000000000004,41.24,41.2,41.18,41.14,41.1,41.08,41.4,41.36,41.32,41.32,41.300000000000004,41.26,41.22,41.2,41.160000000000004,41.14,41.1,41.4,41.38,41.38,41.34,41.32,41.28,41.24,41.22,41.18,41.160000000000004,41.12,41.42,41.42,41.4,41.36,41.34,41.300000000000004,41.26,41.24,41.2,41.18,41.14,41.480000000000004,41.44,41.42,41.38,41.36,41.32,41.28,41.26,41.22,41.18,41.18,41.5,41.46,41.44,41.4,41.38,41.34,41.300000000000004,41.28,41.24,41.24,41.22,41.52,41.480000000000004,41.46,41.42,41.4,41.36,41.32,41.32,41.300000000000004,41.26,41.24,41.54,41.5,41.480000000000004,41.44,41.4,41.36,41.36,41.32,41.300000000000004,41.26,41.24,41.54,41.5,41.480000000000004,41.44,41.42,41.42,41.38,41.34,41.32,41.28,41.24,41.56,41.52,41.5,41.46,41.46,41.44,41.4,41.36,41.34,41.300000000000004,41.26,41.58,41.56,41.52,41.52,41.480000000000004,41.46,41.42,41.38,41.36,41.32,41.300000000000004
2021-05-29 03:00:00,19.94,19.900000000000002,19.88,19.84,19.8,19.78,19.78,19.740000000000002,19.7,19.68,19.64,19.96,19.92,19.900000000000002,19.86,19.82,19.82,19.78,19.740000000000002,19.7,19.68,19.64,19.96,19.92,19.900000000000002,19.86,19.86,19.82,19.8,19.76,19.72,19.7,19.66,19.98,19.94,19.92,19.92,19.88,19.84,19.82,19.78,19.740000000000002,19.72,19.68,20.0,19.96,19.96,19.92,19.900000000000002,19.86,19.82,19.8,19.76,19.72,19.7,20.02,20.02,19.98,19.94,19.92,19.88,19.84,19.82,19.78,19.740000000000002,19.72,20.06,20.04,20.0,19.96,19.94,19.900000000000002,19.86,19.84,19.8,19.76,19.76,20.080000000000002,20.04,20.02,19.98,19.94,19.92,19.88,19.84,19.84,19.82,19.78,20.1,20.06,20.04,20.0,19.96,19.92,19.88,19.88,19.84,19.82,19.78,20.1,20.06,20.04,20.0,19.96,19.94,19.94,19.900000000000002,19.86,19.84,19.8,20.12,20.080000000000002,20.04,20.02,19.98,19.98,19.94,19.92,19.88,19.86,19.82
2021-06-05 05:00:00,13.14,13.16,13.200000000000001,13.22,13.26,13.280000000000001,13.32,13.32,13.34,13.36,13.4,13.18,13.200000000000001,13.22,13.26,13.280000000000001,13.32,13.32,13.32,13.34,13.36,13.4,13.18,13.200000000000001,13.22,13.26,13.280000000000001,13.280000000000001,13.32,13.34,13.38,13.4,13.42,13.200000000000001,13.24,13.26,13.3,13.3,13.32,13.34,13.38,13.4,13.44,13.46,13.24,13.280000000000001,13.3,13.3,13.32,13.36,13.38,13.42,13.44,13.48,13.5,13.280000000000001,13.3,13.3,13.34,13.36,13.4,13.42,13.44,13.48,13.5,13.540000000000001,13.32,13.32,13.34,13.36,13.4,13.42,13.46,13.48,13.5,13.540000000000001,13.56,13.32,13.34,13.38,13.4,13.44,13.46,13.48,13.52,13.540000000000001,13.540000000000001,13.58,13.36,13.38,13.42,13.44,13.46,13.5,13.48,13.52,13.52,13.540000000000001,13.58,13.36,13.38,13.42,13.44,13.46,13.5,13.52,13.52,13.56,13.58,13.6,13.4,13.42,13.44,13.48,13.5,13.540000000000001,13.540000000000001,13.56,13.58,13.620000000000001,13.64
2021-11-09 03:00:00,51.14,51.120000000000005,51.1,51.1,51.1,51.08,51.08,51.06,51.04,51.04,51.02,51.18,51.160000000000004,51.14,51.14,51.14,51.120000000000005,51.120000000000005,51.1,51.1,51.08,51.06,51.22,51.2,51.2,51.2,51.18,51.160000000000004,51.160000000000004,51.14,51.14,51.120000000000005,51.120000000000005,51.26,51.26,51.24,51.24,51.22,51.22,51.2,51.18,51.18,51.160000000000004,51.160000000000004,51.32,51.300000000000004,51.300000000000004,51.28,51.26,51.26,51.24,51.24,51.22,51.2,51.2,51.36,51.34,51.34,51.32,51.300000000000004,51.300000000000004,51.28,51.28,51.28,51.26,51.26,51.4,51.38,51.38,51.36,51.36,51.300000000000004,51.28,51.28,51.28,51.26,51.26,51.4,51.38,51.38,51.36,51.36,51.34,51.34,51.32,51.32,51.300000000000004,51.300000000000004,51.44,51.44,51.42,51.4,51.4,51.4,51.38,51.38,51.36,51.34,51.34,51.480000000000004,51.480000000000004,51.46,51.46,51.46,51.44,51.42,51.42,51.4,51.4,51.38,51.52,51.52,51.5,51.5,51.5,51.480000000000004,51.480000000000004,51.46,51.44,51.44,51.42
2021-02-18 04:00:00,44.24,44.22,44.22,44.2,44.2,44.2,44.2,44.18,44.18,44.18,44.160000000000004,44.28,44.26,44.26,44.26,44.26,44.24,44.24,44.24,44.22,44.22,44.22,44.32,44.32,44.32,44.300000000000004,44.300000000000004,44.300000000000004,44.28,44.28,44.28,44.26,44.26,44.36,44.36,44.36,44.36,44.34,44.34,44.34,44.32,44.32,44.32,44.300000000000004,44.42,44.42,44.4,44.4,44.4,44.38,44.38,44.38,44.36,44.36,44.36,44.46,44.46,44.44,44.44,44.44,44.42,44.42,44.42,44.42,44.4,44.4,44.5,44.5,44.5,44.480000000000004,44.480000000000004,44.42,44.42,44.42,44.42,44.4,44.4,44.5,44.5,44.5,44.480000000000004,44.480000000000004,44.480000000000004,44.480000000000004,44.46,44.46,44.46,44.44,44.56,44.54,44.54,44.54,44.52,44.52,44.52,44.52,44.5,44.5,44.5,44.6,44.6,44.58,44.58,44.58,44.58,44.56,44.56,44.56,44.54,44.54,44.64,44.64,44.64,44.64,44.62,44.62,44.62,44.6,44.6,44.6,44.58
2021-10-21 03:00:00,45.36,45.34,45.32,45.32,45.32,45.300000000000004,45.28,45.28,45.26,45.24,45.24,45.4,45.38,45.36,45.36,45.36,45.34,45.32,45.32,45.300000000000004,45.28,45.28,45.44,45.42,45.42,45.4,45.4,45.38,45.36,45.36,45.34,45.32,45.32,45.480000000000004,45.480000000000004,45.46,45.44,45.44,45.42,45.4,45.4,45.38,45.36,45.36,45.54,45.52,45.5,45.5,45.480000000000004,45.46,45.46,45.44,45.42,45.42,45.42,45.58,45.56,45.54,45.54,45.52,45.5,45.5,45.480000000000004,45.480000000000004,45.46,45.46,45.62,45.6,45.58,45.58,45.56,45.5,45.5,45.5,45.480000000000004,45.46,45.46,45.62,45.6,45.58,45.58,45.56,45.54,45.54,45.54,45.52,45.5,45.5,45.660000000000004,45.64,45.64,45.62,45.6,45.6,45.6,45.58,45.56,45.56,45.54,45.7,45.68,45.68,45.660000000000004,45.660000000000004,45.64,45.64,45.62,45.6,45.6,45.58,45.74,45.72,45.72,45.72,45.7,45.68,45.68,45.660000000000004,45.64,45.64,45.62
2021-05-06 03:00:00,23.080000000000002,23.04,23.02,22.98,22.96,22.92,22.92,22.900000000000002,22.86,22.84,22.8,23.1,23.080000000000002,23.04,23.02,22.98,22.98,22.92,22.900000000000002,22.86,22.84,22.8,23.1,23.080000000000002,23.04,23.02,23.02,22.98,22.96,22.92,22.900000000000002,22.86,22.84,23.12,23.1,23.06,23.06,23.04,23.0,22.98,22.94,22.92,22.88,22.86,23.14,23.12,23.12,23.1,23.06,23.04,23.0,22.98,22.94,22.92,22.88,23.18,23.18,23.14,23.12,23.080000000000002,23.06,23.02,23.0,22.96,22.94,22.900000000000002,23.240000000000002,23.2,23.18,23.14,23.12,23.080000000000002,23.06,23.02,23.0,22.96,22.96,23.26,23.22,23.2,23.16,23.14,23.1,23.080000000000002,23.06,23.06,23.02,23.0,23.28,23.26,23.22,23.2,23.16,23.1,23.080000000000002,23.080000000000002,23.06,23.02,23.0,23.28,23.26,23.22,23.2,23.16,23.14,23.14,23.1,23.080000000000002,23.04,23.02,23.3,23.28,23.240000000000002,23.22,23.18,23.18,23.16,23.12,23.1,23.080000000000002,23.04
2021-08-08 02:00:00,36.44,36.4,36.38,36.34,36.300000000000004,36.300000000000004,36.26,36.24,36.2,36.160000000000004,36.12,36.46,36.42,36.38,36.36,36.36,36.300000000000004,36.26,36.24,36.2,36.160000000000004,36.12,36.46,36.42,36.38,36.38,36.36,36.32,36.28,36.24,36.2,36.18,36.14,36.46,36.44,36.44,36.4,36.36,36.32,36.28,36.26,36.22,36.18,36.14,36.480000000000004,36.480000000000004,36.44,36.4,36.38,36.34,36.300000000000004,36.26,36.22,36.2,36.160000000000004,36.52,36.480000000000004,36.46,36.42,36.38,36.34,36.300000000000004,36.28,36.24,36.2,36.2,36.54,36.5,36.46,36.42,36.4,36.36,36.32,36.28,36.24,36.24,36.22,36.54,36.5,36.480000000000004,36.44,36.4,36.36,36.32,36.32,36.300000000000004,36.26,36.22,36.56,36.52,36.480000000000004,36.44,36.4,36.36,36.36,36.32,36.300000000000004,36.26,36.22,36.56,36.52,36.480000000000004,36.44,36.42,36.42,36.38,36.34,36.300000000000004,36.26,36.24,36.56,36.52,36.5,36.46,36.46,36.42,36.38,36.34,36.32,36.28,36.24
2021-05-22 02:00:00,32.44,32.4,32.36,32.32,32.3,32.3,32.26,32.22,32.18,32.14,32.1,32.46,32.42,32.38,32.34,32.34,32.3,32.26,32.22,32.18,32.14,32.1,32.46,32.42,32.38,32.38,32.34,32.3,32.26,32.22,32.2,32.160000000000004,32.12,32.46,32.42,32.42,32.38,32.34,32.3,32.28,32.24,32.2,32.160000000000004,32.12,32.46,32.46,32.42,32.38,32.36,32.32,32.28,32.24,32.2,32.160000000000004,32.14,32.5,32.46,32.42,32.4,32.36,32.32,32.28,32.24,32.2,32.18,32.18,32.52,32.480000000000004,32.44,32.4,32.36,32.32,32.3,32.26,32.22,32.22,32.18,32.52,32.480000000000004,32.44,32.4,32.38,32.34,32.3,32.3,32.26,32.22,32.18,32.52,32.480000000000004,32.44,32.42,32.38,32.34,32.34,32.3,32.26,32.22,32.18,32.52,32.480000000000004,32.44,32.42,32.38,32.38,32.34,32.3,32.26,32.22,32.2,32.52,32.5,32.46,32.42,32.42,32.38,32.34,32.3,32.28,32.24,32.2
2021-06-03 02:00:00,31.900000000000002,31.86,31.82,31.78,31.740000000000002,31.740000000000002,31.7,31.68,31.64,31.6,31.560000000000002,31.900000000000002,31.86,31.82,31.78,31.78,31.740000000000002,31.7,31.68,31.64,31.6,31.560000000000002,31.900000000000002,31.86,31.82,31.82,31.78,31.76,31.720000000000002,31.68,31.64,31.6,31.560000000000002,31.900000000000002,31.86,31.86,31.82,31.8,31.76,31.720000000000002,31.68,31.64,31.6,31.560000000000002,31.900000000000002,31.900000000000002,31.86,31.84,31.8,31.76,31.720000000000002,31.68,31.64,31.6,31.580000000000002,31.94,31.900000000000002,31.88,31.84,31.8,31.76,31.720000000000002,31.68,31.64,31.62,31.62,31.96,31.92,31.88,31.84,31.8,31.76,31.720000000000002,31.7,31.66,31.66,31.62,31.96,31.92,31.88,31.84,31.8,31.76,31.740000000000002,31.740000000000002,31.7,31.66,31.62,31.96,31.92,31.88,31.84,31.8,31.76,31.76,31.740000000000002,31.7,31.66,31.62,31.96,31.92,31.88,31.84,31.8,31.8,31.78,31.740000000000002,31.7,31.66,31.62,31.96,31.92,31.88,31.84,31.84,31.82,31.78,31.740000000000002,31.7,31.66,31.62
2021-06-03 04:00:00,10.34,10.32,10.32,10.3,10.28,10.26,10.26,10.26,10.24,10.22,10.22,10.38,10.36,10.36,10.34,10.32,10.32,10.32,10.26,10.24,10.22,10.22,10.38,10.36,10.36,10.34,10.32,10.32,10.32,10.3,10.28,10.28,10.26,10.42,10.4,10.4,10.38,10.38,10.36,10.36,10.34,10.32,10.32,10.3,10.46,10.44,10.44,10.44,10.42,10.4,10.4,10.38,10.36,10.36,10.34,10.5,10.5,10.5,10.48,10.46,10.44,10.44,10.42,10.4,10.4,10.38,10.540000000000001,10.540000000000001,10.540000000000001,10.52,10.5,10.5,10.48,10.46,10.46,10.44,10.42,10.6,10.58,10.58,10.56,10.540000000000001,10.540000000000001,10.52,10.5,10.5,10.5,10.48,10.64,10.64,10.620000000000001,10.6,10.58,10.58,10.52,10.5,10.5,10.5,10.48,10.64,10.64,10.620000000000001,10.6,10.58,10.58,10.56,10.56,10.540000000000001,10.540000000000001,10.52,10.68,10.68,10.66,10.64,10.64,10.620000000000001,10.620000000000001,10.6,10.6,10.58,10.56
2021-08-14 04:00:00,18.48,18.48,18.46,18.46,18.44,18.44,18.44,18.38,18.36,18.36,18.34,18.48,18.48,18.46,18.46,18.44,18.44,18.44,18.42,18.42,18.400000000000002,18.38,18.54,18.52,18.5,18.5,18.5,18.48,18.48,18.46,18.46,18.44,18.44,18.580000000000002,18.56,18.56,18.56,18.54,18.54,18.52,18.5,18.5,18.48,18.48,18.62,18.6,18.6,18.6,18.580000000000002,18.580000000000002,18.56,18.56,18.54,18.52,18.52,18.66,18.66,18.66,18.64,18.62,18.62,18.6,18.6,18.580000000000002,18.580000000000002,18.56,18.72,18.7,18.7,18.68,18.68,18.66,18.64,18.64,18.62,18.62,18.62,18.76,18.740000000000002,18.740000000000002,18.72,18.72,18.7,18.64,18.64,18.64,18.62,18.62,18.76,18.740000000000002,18.740000000000002,18.72,18.72,18.7,18.7,18.7,18.68,18.68,18.66,18.8,18.8,18.78,18.76,18.76,18.740000000000002,18.740000000000002,18.740000000000002,18.72,18.72,18.7,18.84,18.84,18.82,18.82,18.8,18.8,18.8,18.78,18.78,18.76,18.740000000000002
2021-03-04 04:00:00,39.02,39.02,39.0,39.0,39.0,39.0,38.94,38.94,38.92,38.92,38.92,39.02,39.02,39.0,39.0,39.0,39.0,38.980000000000004,38.980000000000004,38.980000000000004,38.96,38.96,39.06,39.06,39.06,39.06,39.04,39.04,39.02,39.02,39.02,39.0,39.0,39.1,39.1,39.1,39.1,39.08,39.08,39.08,39.06,39.06,39.06,39.04,39.160000000000004,39.160000000000004,39.14,39.14,39.14,39.12,39.12,39.12,39.1,39.1,39.1,39.2,39.2,39.2,39.18,39.18,39.18,39.160000000000004,39.160000000000004,39.160000000000004,39.14,39.14,39.26,39.24,39.24,39.24,39.22,39.22,39.2,39.2,39.2,39.2,39.18,39.300000000000004,39.28,39.28,39.28,39.26,39.22,39.2,39.2,39.2,39.2,39.18,39.300000000000004,39.28,39.28,39.28,39.26,39.26,39.26,39.26,39.24,39.24,39.24,39.34,39.34,39.32,39.32,39.32,39.32,39.300000000000004,39.300000000000004,39.300000000000004,39.28,39.28,39.38,39.38,39.38,39.36,39.36,39.36,39.36,39.34,39.34,39.34,39.32
2021-05-02 02:00:00,35.08,35.04,35.02,34.980000000000004,34.94,34.94,34.9,34.88,34.84,34.800000000000004,34.76,35.1,35.06,35.02,35.0,35.0,34.94,34.9,34.88,34.84,34.800000000000004,34.76,35.1,35.06,35.02,35.02,35.0,34.96,34.92,34.88,34.86,34.82,34.78,35.12,35.08,35.08,35.04,35.0,34.980000000000004,34.94,34.9,34.86,34.82,34.800000000000004,35.12,35.12,35.08,35.06,35.02,34.980000000000004,34.94,34.92,34.88,34.84,34.800000000000004,35.160000000000004,35.14,35.1,35.06,35.02,35.0,34.96,34.92,34.88,34.86,34.86,35.18,35.14,35.12,35.08,35.04,35.0,34.980000000000004,34.94,34.9,34.9,34.86,35.2,35.160000000000004,35.12,35.1,35.06,35.02,34.980000000000004,34.980000000000004,34.94,34.92,34.88,35.2,35.18,35.14,35.1,35.06,35.02,35.02,34.980000000000004,34.94,34.92,34.88,35.2,35.18,35.14,35.1,35.06,35.06,35.04,35.0,34.96,34.92,34.9,35.22,35.18,35.14,35.12,35.12,35.08,35.04,35.0,34.980000000000004,34.94,34.9
2021-05-02 03:00:00,23.96,23.94,23.900000000000002,23.88,23.84,23.82,23.82,23.8,23.76,23.740000000000002,23.7,24.0,23.96,23.94,23.900000000000002,23.88,23.88,23.82,23.8,23.76,23.740000000000002,23.7,24.0,23.96,23.94,23.900000000000002,23.900000000000002,23.88,23.86,23.82,23.8,23.76,23.740000000000002,24.02,24.0,23.96,23.96,23.94,23.900000000000002,23.88,23.84,23.82,23.8,23.76,24.04,24.02,24.02,23.98,23.96,23.94,23.900000000000002,23.88,23.84,23.82,23.78,24.080000000000002,24.080000000000002,24.04,24.02,23.98,23.96,23.92,23.900000000000002,23.88,23.84,23.82,24.12,24.1,24.080000000000002,24.04,24.02,23.98,23.96,23.92,23.900000000000002,23.88,23.88,24.16,24.12,24.1,24.060000000000002,24.04,24.02,23.98,23.96,23.96,23.92,23.900000000000002,24.18,24.16,24.12,24.1,24.060000000000002,24.02,23.98,23.98,23.96,23.92,23.900000000000002,24.18,24.16,24.12,24.1,24.060000000000002,24.04,24.04,24.0,23.98,23.96,23.92,24.2,24.18,24.14,24.12,24.1,24.1,24.060000000000002,24.04,24.0,23.98,23.96
2021-08-01 03:00:00,23.84,23.8,23.78,23.740000000000002,23.72,23.68,23.68,23.64,23.62,23.580000000000002,23.56,23.86,23.84,23.8,23.76,23.740000000000002,23.740000000000002,23.68,23.64,23.62,23.580000000000002,23.56,23.86,23.84,23.8,23.76,23.76,23.740000000000002,23.7,23.68,23.64,23.6,23.580000000000002,23.88,23.86,23.82,23.82,23.78,23.76,23.72,23.7,23.66,23.62,23.6,23.900000000000002,23.88,23.88,23.84,23.8,23.78,23.740000000000002,23.72,23.68,23.64,23.62,23.92,23.92,23.900000000000002,23.86,23.82,23.8,23.76,23.740000000000002,23.7,23.66,23.64,23.98,23.94,23.92,23.88,23.86,23.82,23.78,23.76,23.72,23.7,23.7,24.0,23.96,23.94,23.900000000000002,23.88,23.84,23.8,23.78,23.78,23.740000000000002,23.72,24.02,23.98,23.96,23.92,23.900000000000002,23.84,23.8,23.8,23.78,23.740000000000002,23.72,24.02,23.98,23.96,23.92,23.900000000000002,23.86,23.86,23.82,23.8,23.76,23.740000000000002,24.04,24.0,23.98,23.94,23.92,23.92,23.88,23.84,23.82,23.78,23.76
2021-08-25 04:00:00,21.82,21.82,21.8,21.8,21.8,21.78,21.78,21.72,21.72,21.72,21.7,21.82,21.82,21.8,21.8,21.8,21.8,21.78,21.78,21.76,21.76,21.76,21.86,21.86,21.86,21.84,21.84,21.84,21.82,21.82,21.82,21.8,21.8,21.92,21.900000000000002,21.900000000000002,21.900000000000002,21.88,21.88,21.88,21.86,21.86,21.84,21.84,21.96,21.94,21.94,21.94,21.94,21.92,21.92,21.900000000000002,21.900000000000002,21.900000000000002,21.88,22.0,22.0,22.0,21.98,21.98,21.96,21.96,21.96,21.94,21.94,21.92,22.06,22.04,22.04,22.04,22.02,22.02,22.0,22.0,21.98,21.98,21.98,22.1,22.1,22.080000000000002,22.080000000000002,22.06,22.06,22.0,22.0,22.0,21.98,21.98,22.1,22.1,22.080000000000002,22.080000000000002,22.06,22.06,22.06,22.06,22.04,22.04,22.02,22.14,22.14,22.12,22.12,22.12,22.1,22.1,22.1,22.080000000000002,22.080000000000002,22.080000000000002,22.2,22.18,22.18,22.16,22.16,22.16,22.14,22.14,22.14,22.12,22.12
2021-05-02 01:00:00,47.44,47.4,47.36,47.32,47.28,47.28,47.26,47.22,47.18,47.14,47.1,47.44,47.4,47.36,47.34,47.34,47.28,47.26,47.22,47.18,47.14,47.1,47.44,47.4,47.36,47.36,47.34,47.300000000000004,47.26,47.22,47.18,47.14,47.1,47.44,47.4,47.4,47.38,47.34,47.300000000000004,47.26,47.22,47.18,47.14,47.12,47.44,47.44,47.42,47.38,47.34,47.300000000000004,47.26,47.22,47.18,47.14,47.12,47.480000000000004,47.44,47.42,47.38,47.34,47.300000000000004,47.26,47.22,47.18,47.160000000000004,47.160000000000004,47.5,47.46,47.42,47.38,47.34,47.300000000000004,47.26,47.24,47.2,47.2,47.160000000000004,47.5,47.46,47.42,47.38,47.34,47.300000000000004,47.28,47.28,47.24,47.2,47.160000000000004,47.5,47.46,47.42,47.38,47.34,47.300000000000004,47.300000000000004,47.28,47.24,47.2,47.160000000000004,47.5,47.46,47.42,47.38,47.34,47.34,47.32,47.28,47.24,47.2,47.160000000000004,47.5,47.46,47.42,47.38,47.38,47.36,47.32,47.28,47.24,47.2,47.160000000000004
2021-06-20 05:00:00,12.02,12.040000000000001,12.08,12.1,12.14,12.16,12.200000000000001,12.200000000000001,12.22,12.26,12.280000000000001,12.06,12.08,12.120000000000001,12.14,12.16,12.200000000000001,12.200000000000001,12.200000000000001,12.22,12.26,12.280000000000001,12.06,12.08,12.120000000000001,12.14,12.16,12.16,12.200000000000001,12.22,12.26,12.280000000000001,12.32,12.08,12.120000000000001,12.14,12.18,12.18,12.200000000000001,12.24,12.26,12.280000000000001,12.32,12.34,12.120000000000001,12.16,12.18,12.18,12.200000000000001,12.24,12.26,12.3,12.32,12.36,12.38,12.16,12.18,12.18,12.22,12.24,12.280000000000001,12.3,12.34,12.36,12.38,12.42,12.200000000000001,12.200000000000001,12.22,12.24,12.280000000000001,12.3,12.34,12.36,12.4,12.42,12.44,12.200000000000001,12.22,12.26,12.280000000000001,12.32,12.34,12.36,12.4,12.42,12.42,12.46,12.24,12.26,12.3,12.32,12.34,12.38,12.36,12.4,12.4,12.42,12.46,12.24,12.26,12.3,12.32,12.34,12.38,12.4,12.4,12.44,12.46,12.5,12.280000000000001,12.3,12.32,12.36,12.38,12.42,12.42,12.44,12.46,12.5,12.52
2021-05-24 03:00:00,20.34,20.3,20.26,20.240000000000002,20.2,20.16,20.16,20.14,20.1,20.080000000000002,20.04,20.36,20.32,20.3,20.26,20.22,20.22,20.16,20.14,20.1,20.080000000000002,20.04,20.36,20.32,20.3,20.26,20.26,20.22,20.2,20.16,20.12,20.1,20.06,20.38,20.34,20.3,20.3,20.28,20.240000000000002,20.22,20.18,20.14,20.12,20.080000000000002,20.400000000000002,20.36,20.36,20.32,20.3,20.26,20.22,20.2,20.16,20.14,20.1,20.42,20.42,20.38,20.34,20.32,20.28,20.240000000000002,20.22,20.18,20.14,20.12,20.46,20.44,20.400000000000002,20.36,20.34,20.3,20.26,20.240000000000002,20.2,20.18,20.18,20.48,20.46,20.42,20.38,20.36,20.32,20.28,20.26,20.26,20.22,20.2,20.5,20.46,20.44,20.400000000000002,20.38,20.32,20.28,20.28,20.26,20.22,20.2,20.5,20.46,20.44,20.400000000000002,20.38,20.34,20.34,20.3,20.28,20.240000000000002,20.2,20.52,20.48,20.46,20.42,20.400000000000002,20.400000000000002,20.36,20.32,20.3,20.26,20.22
2021-12-26 05:00:00,56.14,56.160000000000004,56.160000000000004,56.18,56.18,56.18,56.18,56.2,56.2,56.22,56.22,56.2,56.2,56.2,56.2,56.22,56.22,56.24,56.24,56.26,56.26,56.26,56.24,56.24,56.24,56.26,56.26,56.28,56.28,56.28,56.300000000000004,56.300000000000004,56.32,56.28,56.28,56.300000000000004,56.300000000000004,56.32,56.32,56.32,56.34,56.34,56.36,56.36,56.32,56.34,56.34,56.34,56.36,56.36,56.38,56.38,56.4,56.4,56.4,56.38,56.38,56.38,56.4,56.4,56.42,56.38,56.38,56.38,56.4,56.4,56.38,56.38,56.38,56.4,56.4,56.42,56.42,56.42,56.42,56.44,56.44,56.42,56.42,56.44,56.44,56.46,56.46,56.46,56.46,56.480000000000004,56.480000000000004,56.5,56.46,56.480000000000004,56.480000000000004,56.480000000000004,56.5,56.5,56.5,56.52,56.52,56.54,56.54,56.52,56.52,56.52,56.54,56.54,56.54,56.56,56.56,56.58,56.58,56.58,56.56,56.56,56.58,56.58,56.58,56.6,56.6,56.6,56.620000000000005,56.620000000000005,56.64
2021-03-04 03:00:00,44.06,44.04,44.02,44.0,43.980000000000004,43.980000000000004,43.92,43.9,43.88,43.86,43.84,44.06,44.04,44.02,44.0,44.0,43.980000000000004,43.96,43.94,43.92,43.9,43.88,44.1,44.08,44.06,44.06,44.04,44.02,44.0,43.980000000000004,43.96,43.94,43.92,44.14,44.12,44.12,44.1,44.08,44.06,44.04,44.02,44.0,43.980000000000004,43.96,44.18,44.18,44.160000000000004,44.14,44.12,44.1,44.08,44.06,44.04,44.02,44.0,44.22,44.2,44.18,44.160000000000004,44.14,44.12,44.1,44.08,44.06,44.04,44.04,44.26,44.24,44.22,44.2,44.18,44.160000000000004,44.14,44.12,44.12,44.1,44.08,44.300000000000004,44.28,44.26,44.24,44.22,44.160000000000004,44.14,44.14,44.12,44.1,44.08,44.300000000000004,44.28,44.26,44.24,44.22,44.2,44.2,44.18,44.160000000000004,44.14,44.12,44.34,44.32,44.300000000000004,44.28,44.26,44.26,44.24,44.22,44.2,44.18,44.160000000000004,44.38,44.36,44.34,44.32,44.32,44.300000000000004,44.28,44.26,44.24,44.22,44.2
2021-03-31 03:00:00,33.96,33.94,33.92,33.9,33.88,33.88,33.82,33.8,33.76,33.74,33.72,33.96,33.94,33.92,33.9,33.9,33.88,33.86,33.82,33.8,33.78,33.76,34.0,33.980000000000004,33.96,33.96,33.94,33.9,33.88,33.86,33.84,33.82,33.8,34.04,34.02,34.02,33.980000000000004,33.96,33.94,33.92,33.9,33.88,33.84,33.82,34.06,34.06,34.04,34.02,34.0,33.980000000000004,33.96,33.92,33.9,33.88,33.86,34.12,34.1,34.08,34.06,34.04,34.0,33.980000000000004,33.96,33.94,33.92,33.92,34.160000000000004,34.14,34.12,34.08,34.06,34.04,34.02,34.0,34.0,33.980000000000004,33.96,34.2,34.160000000000004,34.14,34.12,34.1,34.04,34.02,34.02,34.0,33.980000000000004,33.96,34.2,34.160000000000004,34.14,34.12,34.1,34.08,34.08,34.06,34.04,34.0,33.980000000000004,34.22,34.2,34.18,34.160000000000004,34.14,34.14,34.1,34.08,34.06,34.04,34.02,34.26,34.24,34.22,34.2,34.2,34.160000000000004,34.14,34.12,34.1,34.08,34.06
2021-11-12 03:00:00,51.94,51.94,51.92,51.92,51.92,51.9,51.9,51.88,51.86,51.86,51.84,52.0,51.980000000000004,51.96,51.96,51.96,51.94,51.94,51.92,51.9,51.9,51.88,52.04,52.02,52.02,52.02,52.0,51.980000000000004,51.980000000000004,51.96,51.96,51.94,51.92,52.08,52.08,52.06,52.06,52.04,52.02,52.02,52.0,52.0,51.980000000000004,51.980000000000004,52.14,52.120000000000005,52.1,52.1,52.08,52.08,52.06,52.06,52.04,52.02,52.02,52.18,52.160000000000004,52.160000000000004,52.14,52.120000000000005,52.120000000000005,52.1,52.1,52.1,52.08,52.08,52.22,52.2,52.2,52.18,52.18,52.120000000000005,52.1,52.1,52.1,52.08,52.08,52.22,52.2,52.2,52.18,52.18,52.160000000000004,52.160000000000004,52.14,52.14,52.120000000000005,52.120000000000005,52.26,52.24,52.24,52.22,52.22,52.22,52.2,52.2,52.18,52.160000000000004,52.160000000000004,52.300000000000004,52.300000000000004,52.28,52.26,52.26,52.26,52.24,52.24,52.22,52.22,52.2,52.34,52.34,52.32,52.32,52.32,52.300000000000004,52.28,52.28,52.26,52.26,52.24
2021-08-01 05:00:00,15.9,15.92,15.94,15.96,15.98,16.0,16.02,16.02,16.04,16.06,16.080000000000002,15.94,15.96,15.98,16.0,16.02,16.04,16.04,16.02,16.04,16.06,16.080000000000002,15.94,15.96,15.98,16.0,16.02,16.02,16.04,16.06,16.080000000000002,16.1,16.12,15.98,16.0,16.02,16.04,16.04,16.06,16.080000000000002,16.1,16.12,16.14,16.16,16.02,16.04,16.06,16.06,16.080000000000002,16.1,16.12,16.14,16.16,16.18,16.2,16.06,16.080000000000002,16.080000000000002,16.1,16.12,16.14,16.16,16.18,16.2,16.22,16.240000000000002,16.1,16.1,16.12,16.14,16.16,16.18,16.2,16.22,16.240000000000002,16.26,16.28,16.12,16.14,16.16,16.18,16.2,16.22,16.240000000000002,16.26,16.28,16.28,16.3,16.18,16.18,16.2,16.22,16.240000000000002,16.26,16.240000000000002,16.26,16.26,16.28,16.3,16.18,16.18,16.2,16.22,16.240000000000002,16.26,16.3,16.3,16.32,16.34,16.36,16.22,16.240000000000002,16.26,16.28,16.3,16.32,16.32,16.34,16.36,16.38,16.4
2021-08-27 03:00:00,28.84,28.82,28.78,28.76,28.740000000000002,28.740000000000002,28.68,28.66,28.62,28.6,28.580000000000002,28.84,28.82,28.78,28.76,28.76,28.740000000000002,28.72,28.68,28.66,28.64,28.6,28.88,28.84,28.82,28.82,28.8,28.76,28.740000000000002,28.72,28.68,28.66,28.64,28.900000000000002,28.88,28.88,28.84,28.82,28.8,28.78,28.740000000000002,28.72,28.7,28.66,28.94,28.94,28.900000000000002,28.88,28.86,28.82,28.8,28.78,28.740000000000002,28.72,28.7,28.98,28.96,28.94,28.92,28.88,28.86,28.84,28.8,28.78,28.76,28.76,29.02,29.0,28.96,28.94,28.92,28.88,28.86,28.84,28.84,28.82,28.78,29.04,29.02,29.0,28.98,28.94,28.88,28.86,28.86,28.84,28.82,28.78,29.04,29.02,29.0,28.98,28.94,28.92,28.92,28.900000000000002,28.86,28.84,28.82,29.080000000000002,29.060000000000002,29.02,29.0,28.98,28.98,28.94,28.92,28.900000000000002,28.88,28.84,29.12,29.080000000000002,29.060000000000002,29.04,29.04,29.0,28.98,28.96,28.94,28.900000000000002,28.88
2021-07-25 03:00:00,22.86,22.82,22.8,22.76,22.72,22.7,22.7,22.66,22.62,22.6,22.56,22.88,22.84,22.82,22.78,22.740000000000002,22.740000000000002,22.7,22.66,22.62,22.6,22.56,22.88,22.84,22.82,22.78,22.78,22.740000000000002,22.72,22.68,22.64,22.62,22.580000000000002,22.900000000000002,22.86,22.84,22.84,22.8,22.76,22.740000000000002,22.7,22.66,22.64,22.6,22.92,22.88,22.88,22.84,22.82,22.78,22.740000000000002,22.72,22.68,22.66,22.62,22.94,22.94,22.900000000000002,22.86,22.84,22.8,22.76,22.740000000000002,22.7,22.66,22.64,22.98,22.96,22.92,22.88,22.86,22.82,22.78,22.76,22.72,22.68,22.68,23.0,22.98,22.94,22.900000000000002,22.88,22.84,22.8,22.78,22.78,22.740000000000002,22.7,23.02,22.98,22.96,22.92,22.88,22.84,22.8,22.8,22.78,22.740000000000002,22.7,23.02,22.98,22.96,22.92,22.88,22.86,22.86,22.82,22.8,22.76,22.72,23.04,23.0,22.98,22.94,22.900000000000002,22.900000000000002,22.88,22.84,22.8,22.78,22.740000000000002
2021-03-09 02:00:00,50.92,50.9,50.86,50.84,50.84,50.78,50.76,50.72,50.7,50.660000000000004,50.64,50.92,50.9,50.86,50.86,50.84,50.82,50.78,50.76,50.72,50.7,50.660000000000004,50.96,50.92,50.92,50.9,50.86,50.84,50.800000000000004,50.78,50.76,50.72,50.7,50.980000000000004,50.980000000000004,50.94,50.92,50.9,50.86,50.84,50.800000000000004,50.78,50.74,50.72,51.04,51.0,50.980000000000004,50.94,50.92,50.88,50.86,50.82,50.800000000000004,50.78,50.78,51.06,51.04,51.0,50.980000000000004,50.94,50.92,50.88,50.86,50.84,50.84,50.800000000000004,51.08,51.06,51.02,51.0,50.980000000000004,50.94,50.92,50.92,50.88,50.86,50.82,51.120000000000005,51.08,51.06,51.02,50.980000000000004,50.94,50.94,50.92,50.88,50.86,50.82,51.120000000000005,51.08,51.06,51.02,51.0,51.0,50.96,50.94,50.92,50.88,50.86,51.14,51.1,51.08,51.06,51.06,51.02,51.0,50.96,50.94,50.9,50.88,51.160000000000004,51.14,51.1,51.1,51.08,51.06,51.02,51.0,50.96,50.94,50.9
2021-04-28 02:00:00,35.88,35.86,35.82,35.78,35.74,35.74,35.72,35.68,35.64,35.6,35.58,35.9,35.86,35.84,35.800000000000004,35.800000000000004,35.74,35.72,35.68,35.64,35.6,35.58,35.9,35.86,35.84,35.84,35.800000000000004,35.76,35.72,35.7,35.660000000000004,35.62,35.58,35.92,35.88,35.88,35.84,35.82,35.78,35.74,35.7,35.68,35.64,35.6,35.92,35.92,35.9,35.86,35.82,35.78,35.76,35.72,35.68,35.660000000000004,35.62,35.980000000000004,35.94,35.9,35.88,35.84,35.800000000000004,35.76,35.74,35.7,35.660000000000004,35.660000000000004,36.0,35.96,35.92,35.88,35.86,35.82,35.78,35.74,35.72,35.72,35.68,36.0,35.980000000000004,35.94,35.9,35.86,35.84,35.800000000000004,35.800000000000004,35.76,35.72,35.7,36.02,35.980000000000004,35.94,35.92,35.86,35.84,35.84,35.800000000000004,35.76,35.72,35.7,36.02,35.980000000000004,35.94,35.92,35.88,35.88,35.84,35.800000000000004,35.78,35.74,35.7,36.04,36.0,35.96,35.92,35.92,35.9,35.86,35.82,35.78,35.76,35.72
2021-06-19 04:00:00,9.66,9.64,9.620000000000001,9.6,9.58,9.56,9.540000000000001,9.540000000000001,9.52,9.52,9.5,9.700000000000001,9.68,9.66,9.64,9.620000000000001,9.6,9.6,9.540000000000001,9.52,9.52,9.5,9.700000000000001,9.68,9.66,9.64,9.620000000000001,9.620000000000001,9.6,9.58,9.58,9.56,9.540000000000001,9.74,9.72,9.700000000000001,9.68,9.68,9.66,9.64,9.620000000000001,9.6,9.6,9.58,9.78,9.76,9.74,9.74,9.72,9.700000000000001,9.68,9.66,9.64,9.64,9.620000000000001,9.8,9.8,9.8,9.78,9.76,9.74,9.72,9.700000000000001,9.68,9.68,9.66,9.84,9.84,9.84,9.82,9.8,9.78,9.76,9.74,9.72,9.72,9.700000000000001,9.9,9.88,9.88,9.86,9.84,9.82,9.8,9.78,9.76,9.76,9.76,9.94,9.92,9.9,9.9,9.88,9.86,9.8,9.78,9.78,9.76,9.76,9.94,9.92,9.9,9.9,9.88,9.86,9.84,9.84,9.82,9.8,9.78,9.98,9.96,9.94,9.94,9.92,9.9,9.9,9.88,9.86,9.84,9.82
2021-08-24 04:00:00,21.5,21.5,21.48,21.48,21.48,21.46,21.46,21.400000000000002,21.400000000000002,21.400000000000002,21.38,21.5,21.5,21.48,21.48,21.48,21.48,21.46,21.46,21.44,21.44,21.42,21.54,21.54,21.54,21.52,21.52,21.52,21.5,21.5,21.48,21.48,21.48,21.6,21.580000000000002,21.580000000000002,21.580000000000002,21.56,21.56,21.54,21.54,21.54,21.52,21.52,21.64,21.62,21.62,21.62,21.62,21.6,21.6,21.580000000000002,21.580000000000002,21.56,21.56,21.68,21.68,21.68,21.66,21.66,21.64,21.64,21.64,21.62,21.62,21.6,21.740000000000002,21.72,21.72,21.7,21.7,21.7,21.68,21.68,21.66,21.66,21.66,21.78,21.78,21.76,21.76,21.740000000000002,21.740000000000002,21.68,21.68,21.68,21.66,21.66,21.78,21.78,21.76,21.76,21.740000000000002,21.740000000000002,21.72,21.72,21.72,21.72,21.7,21.82,21.82,21.8,21.8,21.78,21.78,21.78,21.78,21.76,21.76,21.740000000000002,21.86,21.86,21.86,21.84,21.84,21.84,21.82,21.82,21.8,21.8,21.8
2021-02-22 04:00:00,42.800000000000004,42.78,42.78,42.78,42.78,42.76,42.76,42.76,42.74,42.74,42.74,42.84,42.84,42.82,42.82,42.82,42.82,42.800000000000004,42.800000000000004,42.800000000000004,42.78,42.78,42.88,42.88,42.88,42.88,42.86,42.86,42.86,42.84,42.84,42.84,42.82,42.94,42.94,42.92,42.92,42.92,42.9,42.9,42.88,42.88,42.88,42.86,42.980000000000004,42.980000000000004,42.96,42.96,42.96,42.94,42.94,42.94,42.92,42.92,42.92,43.02,43.02,43.02,43.0,43.0,43.0,42.980000000000004,42.980000000000004,42.980000000000004,42.980000000000004,42.96,43.08,43.06,43.06,43.06,43.04,43.0,42.980000000000004,42.980000000000004,42.980000000000004,42.980000000000004,42.96,43.08,43.06,43.06,43.06,43.04,43.04,43.04,43.04,43.02,43.02,43.02,43.12,43.12,43.1,43.1,43.1,43.1,43.08,43.08,43.08,43.06,43.06,43.160000000000004,43.160000000000004,43.160000000000004,43.14,43.14,43.14,43.14,43.12,43.12,43.1,43.1,43.2,43.2,43.2,43.2,43.18,43.18,43.18,43.160000000000004,43.160000000000004,43.160000000000004,43.14
2021-07-06 04:00:00,10.700000000000001,10.68,10.66,10.64,10.620000000000001,10.6,10.58,10.58,10.56,10.540000000000001,10.52,10.74,10.72,10.700000000000001,10.68,10.66,10.64,10.64,10.58,10.56,10.540000000000001,10.52,10.74,10.72,10.700000000000001,10.68,10.66,10.66,10.64,10.620000000000001,10.6,10.58,10.56,10.76,10.76,10.74,10.72,10.72,10.700000000000001,10.68,10.66,10.64,10.620000000000001,10.6,10.8,10.78,10.76,10.76,10.76,10.74,10.72,10.700000000000001,10.68,10.66,10.64,10.84,10.82,10.82,10.8,10.78,10.76,10.76,10.74,10.72,10.700000000000001,10.68,10.88,10.88,10.86,10.84,10.82,10.8,10.8,10.78,10.76,10.74,10.72,10.94,10.92,10.9,10.88,10.86,10.84,10.82,10.82,10.8,10.8,10.78,10.98,10.96,10.94,10.92,10.9,10.88,10.82,10.82,10.82,10.8,10.78,10.98,10.96,10.94,10.92,10.9,10.88,10.86,10.86,10.84,10.84,10.82,11.02,11.0,10.98,10.96,10.94,10.92,10.92,10.9,10.88,10.86,10.86
2021-08-11 04:00:00,17.62,17.6,17.580000000000002,17.580000000000002,17.56,17.56,17.54,17.54,17.52,17.52,17.5,17.66,17.64,17.64,17.62,17.6,17.6,17.6,17.54,17.52,17.52,17.5,17.66,17.64,17.64,17.62,17.6,17.6,17.6,17.580000000000002,17.580000000000002,17.56,17.56,17.7,17.68,17.68,17.66,17.66,17.66,17.64,17.62,17.62,17.6,17.6,17.740000000000002,17.72,17.72,17.72,17.7,17.7,17.68,17.68,17.66,17.64,17.64,17.78,17.78,17.78,17.76,17.740000000000002,17.740000000000002,17.72,17.72,17.7,17.68,17.68,17.82,17.82,17.82,17.8,17.8,17.78,17.76,17.76,17.740000000000002,17.740000000000002,17.72,17.88,17.88,17.86,17.84,17.84,17.82,17.82,17.8,17.78,17.78,17.78,17.92,17.92,17.900000000000002,17.88,17.88,17.86,17.82,17.8,17.8,17.78,17.78,17.92,17.92,17.900000000000002,17.88,17.88,17.86,17.86,17.86,17.84,17.84,17.82,17.96,17.96,17.94,17.94,17.92,17.900000000000002,17.900000000000002,17.900000000000002,17.88,17.88,17.86
2021-09-21 02:00:00,44.2,44.160000000000004,44.14,44.12,44.12,44.06,44.02,44.0,43.96,43.94,43.9,44.2,44.160000000000004,44.14,44.14,44.12,44.08,44.06,44.02,44.0,43.96,43.94,44.22,44.2,44.2,44.160000000000004,44.14,44.1,44.08,44.04,44.02,44.0,43.96,44.24,44.24,44.22,44.2,44.160000000000004,44.14,44.1,44.08,44.04,44.02,43.980000000000004,44.300000000000004,44.28,44.24,44.22,44.18,44.160000000000004,44.12,44.1,44.08,44.04,44.04,44.34,44.300000000000004,44.28,44.24,44.22,44.18,44.160000000000004,44.12,44.1,44.1,44.08,44.36,44.32,44.300000000000004,44.28,44.24,44.22,44.18,44.18,44.160000000000004,44.12,44.1,44.38,44.36,44.32,44.300000000000004,44.24,44.22,44.22,44.18,44.160000000000004,44.12,44.1,44.38,44.36,44.32,44.300000000000004,44.26,44.26,44.24,44.2,44.18,44.160000000000004,44.12,44.4,44.38,44.34,44.32,44.32,44.300000000000004,44.26,44.24,44.2,44.18,44.14,44.44,44.4,44.38,44.38,44.36,44.32,44.300000000000004,44.26,44.24,44.2,44.18
2021-03-07 02:00:00,51.6,51.56,51.54,51.5,51.5,51.44,51.42,51.4,51.36,51.34,51.300000000000004,51.6,51.56,51.54,51.54,51.5,51.480000000000004,51.44,51.42,51.4,51.36,51.34,51.620000000000005,51.58,51.58,51.56,51.54,51.5,51.480000000000004,51.44,51.42,51.38,51.36,51.64,51.64,51.620000000000005,51.58,51.56,51.52,51.5,51.480000000000004,51.44,51.42,51.38,51.7,51.660000000000004,51.64,51.620000000000005,51.58,51.56,51.52,51.5,51.46,51.44,51.44,51.72,51.7,51.68,51.64,51.620000000000005,51.58,51.56,51.52,51.5,51.5,51.46,51.76,51.72,51.7,51.660000000000004,51.64,51.620000000000005,51.58,51.58,51.56,51.52,51.5,51.78,51.76,51.72,51.7,51.64,51.620000000000005,51.620000000000005,51.58,51.56,51.52,51.5,51.78,51.76,51.72,51.7,51.660000000000004,51.660000000000004,51.64,51.6,51.58,51.56,51.52,51.800000000000004,51.78,51.74,51.72,51.72,51.7,51.660000000000004,51.64,51.6,51.58,51.54,51.84,51.800000000000004,51.78,51.78,51.74,51.72,51.7,51.660000000000004,51.64,51.6,51.58
2021-06-15 04:00:00,9.66,9.64,9.620000000000001,9.6,9.6,9.58,9.56,9.56,9.540000000000001,9.52,9.5,9.700000000000001,9.68,9.66,9.66,9.64,9.620000000000001,9.620000000000001,9.56,9.540000000000001,9.52,9.5,9.700000000000001,9.68,9.66,9.66,9.64,9.64,9.620000000000001,9.6,9.58,9.56,9.56,9.74,9.72,9.700000000000001,9.68,9.68,9.68,9.66,9.64,9.620000000000001,9.6,9.6,9.78,9.76,9.74,9.74,9.72,9.72,9.700000000000001,9.68,9.66,9.64,9.64,9.82,9.8,9.8,9.78,9.76,9.76,9.74,9.72,9.700000000000001,9.68,9.68,9.86,9.86,9.84,9.82,9.8,9.8,9.78,9.76,9.74,9.72,9.72,9.92,9.9,9.88,9.86,9.84,9.84,9.82,9.8,9.78,9.78,9.76,9.96,9.94,9.92,9.9,9.88,9.88,9.82,9.8,9.8,9.78,9.76,9.96,9.94,9.92,9.9,9.88,9.88,9.86,9.86,9.84,9.82,9.8,10.0,9.98,9.96,9.94,9.92,9.92,9.92,9.9,9.88,9.86,9.84
2021-08-12 03:00:00,25.68,25.64,25.62,25.580000000000002,25.560000000000002,25.52,25.52,25.5,25.46,25.44,25.400000000000002,25.7,25.68,25.64,25.62,25.580000000000002,25.580000000000002,25.52,25.5,25.46,25.44,25.400000000000002,25.7,25.68,25.64,25.62,25.62,25.580000000000002,25.560000000000002,25.52,25.5,25.46,25.44,25.72,25.7,25.66,25.66,25.64,25.6,25.580000000000002,25.54,25.52,25.48,25.46,25.76,25.72,25.72,25.7,25.66,25.64,25.6,25.580000000000002,25.54,25.52,25.48,25.78,25.78,25.740000000000002,25.72,25.68,25.66,25.62,25.6,25.560000000000002,25.54,25.5,25.84,25.8,25.78,25.740000000000002,25.72,25.68,25.66,25.62,25.6,25.560000000000002,25.560000000000002,25.86,25.82,25.8,25.76,25.740000000000002,25.7,25.68,25.64,25.64,25.62,25.6,25.88,25.86,25.82,25.8,25.76,25.7,25.68,25.68,25.64,25.62,25.6,25.88,25.86,25.82,25.8,25.76,25.740000000000002,25.740000000000002,25.7,25.68,25.64,25.62,25.900000000000002,25.88,25.84,25.82,25.78,25.78,25.76,25.72,25.7,25.66,25.64
2021-07-25 02:00:00,34.86,34.82,34.78,34.74,34.7,34.7,34.660000000000004,34.64,34.6,34.56,34.52,34.86,34.82,34.78,34.76,34.76,34.7,34.660000000000004,34.64,34.6,34.56,34.52,34.86,34.82,34.78,34.78,34.76,34.72,34.68,34.64,34.6,34.56,34.54,34.86,34.84,34.84,34.800000000000004,34.76,34.72,34.68,34.64,34.6,34.58,34.54,34.88,34.88,34.84,34.800000000000004,34.76,34.72,34.68,34.660000000000004,34.62,34.58,34.54,34.92,34.88,34.84,34.800000000000004,34.76,34.72,34.7,34.660000000000004,34.62,34.58,34.58,34.92,34.88,34.84,34.82,34.78,34.74,34.7,34.660000000000004,34.62,34.62,34.6,34.92,34.88,34.86,34.82,34.78,34.74,34.7,34.7,34.660000000000004,34.64,34.6,34.94,34.9,34.86,34.82,34.78,34.74,34.74,34.7,34.660000000000004,34.64,34.6,34.94,34.9,34.86,34.82,34.78,34.78,34.74,34.72,34.68,34.64,34.6,34.94,34.9,34.86,34.82,34.82,34.78,34.76,34.72,34.68,34.64,34.6
2021-02-26 03:00:00,46.2,46.18,46.160000000000004,46.160000000000004,46.14,46.12,46.1,46.08,46.06,46.04,46.02,46.22,46.22,46.22,46.2,46.18,46.160000000000004,46.14,46.12,46.1,46.08,46.06,46.26,46.26,46.24,46.22,46.2,46.18,46.160000000000004,46.160000000000004,46.14,46.12,46.1,46.32,46.300000000000004,46.28,46.26,46.24,46.22,46.2,46.18,46.160000000000004,46.14,46.14,46.36,46.34,46.32,46.300000000000004,46.28,46.26,46.24,46.22,46.2,46.2,46.18,46.4,46.38,46.36,46.34,46.32,46.300000000000004,46.28,46.28,46.26,46.24,46.22,46.44,46.42,46.4,46.38,46.32,46.300000000000004,46.300000000000004,46.28,46.26,46.24,46.22,46.44,46.42,46.4,46.38,46.36,46.36,46.34,46.32,46.300000000000004,46.28,46.26,46.480000000000004,46.46,46.44,46.42,46.42,46.4,46.38,46.36,46.34,46.32,46.300000000000004,46.52,46.5,46.480000000000004,46.480000000000004,46.46,46.44,46.42,46.4,46.38,46.36,46.34,46.56,46.54,46.54,46.52,46.5,46.480000000000004,46.46,46.44,46.42,46.4,46.38
2021-06-22 01:00:00,44.96,44.94,44.9,44.86,44.82,44.82,44.78,44.74,44.7,44.660000000000004,44.62,44.96,44.94,44.9,44.86,44.86,44.82,44.78,44.74,44.7,44.660000000000004,44.62,44.96,44.94,44.9,44.9,44.86,44.82,44.78,44.74,44.7,44.660000000000004,44.62,44.96,44.92,44.92,44.88,44.84,44.800000000000004,44.78,44.74,44.7,44.660000000000004,44.62,44.96,44.96,44.92,44.88,44.84,44.800000000000004,44.76,44.72,44.68,44.660000000000004,44.62,44.980000000000004,44.94,44.9,44.88,44.84,44.800000000000004,44.76,44.72,44.68,44.64,44.64,44.980000000000004,44.94,44.9,44.86,44.84,44.800000000000004,44.76,44.72,44.68,44.68,44.64,44.980000000000004,44.94,44.9,44.86,44.82,44.78,44.74,44.74,44.72,44.68,44.64,44.96,44.94,44.9,44.86,44.82,44.78,44.78,44.74,44.72,44.68,44.64,44.96,44.94,44.9,44.86,44.82,44.82,44.78,44.74,44.7,44.660000000000004,44.62,44.96,44.92,44.88,44.84,44.84,44.82,44.78,44.74,44.7,44.660000000000004,44.62
2021-03-29 02:00:00,44.24,44.2,44.160000000000004,44.14,44.14,44.08,44.04,44.02,43.980000000000004,43.96,43.92,44.24,44.2,44.160000000000004,44.160000000000004,44.14,44.1,44.08,44.04,44.02,43.980000000000004,43.94,44.26,44.22,44.22,44.18,44.160000000000004,44.12,44.1,44.06,44.04,44.0,43.980000000000004,44.28,44.28,44.24,44.22,44.18,44.14,44.12,44.08,44.06,44.02,44.0,44.32,44.300000000000004,44.26,44.24,44.2,44.160000000000004,44.14,44.1,44.08,44.04,44.04,44.34,44.32,44.28,44.26,44.22,44.2,44.160000000000004,44.14,44.1,44.1,44.06,44.38,44.34,44.300000000000004,44.28,44.24,44.22,44.18,44.18,44.160000000000004,44.12,44.08,44.4,44.36,44.32,44.300000000000004,44.24,44.22,44.22,44.18,44.160000000000004,44.12,44.08,44.4,44.36,44.32,44.300000000000004,44.26,44.26,44.24,44.2,44.18,44.14,44.12,44.42,44.38,44.36,44.32,44.32,44.28,44.26,44.22,44.2,44.160000000000004,44.14,44.44,44.4,44.38,44.38,44.34,44.32,44.28,44.26,44.22,44.18,44.160000000000004
2021-05-01 05:00:00,19.42,19.44,19.46,19.48,19.5,19.52,19.54,19.54,19.56,19.580000000000002,19.62,19.46,19.48,19.5,19.52,19.54,19.56,19.56,19.54,19.56,19.580000000000002,19.62,19.46,19.48,19.5,19.52,19.54,19.54,19.56,19.580000000000002,19.6,19.62,19.66,19.5,19.52,19.54,19.56,19.56,19.580000000000002,19.6,19.62,19.64,19.68,19.7,19.54,19.56,19.580000000000002,19.580000000000002,19.6,19.62,19.64,19.66,19.7,19.72,19.740000000000002,19.580000000000002,19.6,19.6,19.62,19.64,19.66,19.68,19.72,19.740000000000002,19.76,19.78,19.62,19.62,19.64,19.66,19.68,19.7,19.72,19.76,19.78,19.8,19.82,19.64,19.66,19.68,19.7,19.72,19.740000000000002,19.78,19.8,19.82,19.82,19.84,19.68,19.7,19.72,19.740000000000002,19.78,19.8,19.78,19.8,19.8,19.82,19.84,19.68,19.7,19.72,19.740000000000002,19.78,19.8,19.82,19.82,19.84,19.86,19.88,19.72,19.740000000000002,19.78,19.8,19.82,19.84,19.84,19.86,19.88,19.900000000000002,19.92
2021-06-18 03:00:00,19.72,19.68,19.66,19.62,19.580000000000002,19.54,19.54,19.52,19.48,19.44,19.400000000000002,19.740000000000002,19.7,19.66,19.64,19.6,19.6,19.54,19.52,19.48,19.44,19.400000000000002,19.740000000000002,19.7,19.66,19.64,19.64,19.6,19.56,19.52,19.5,19.46,19.42,19.740000000000002,19.72,19.68,19.68,19.64,19.6,19.580000000000002,19.54,19.5,19.46,19.44,19.76,19.72,19.72,19.7,19.66,19.62,19.580000000000002,19.56,19.52,19.48,19.44,19.78,19.78,19.740000000000002,19.7,19.66,19.64,19.6,19.56,19.52,19.5,19.46,19.82,19.78,19.76,19.72,19.68,19.64,19.62,19.580000000000002,19.54,19.5,19.5,19.84,19.8,19.76,19.740000000000002,19.7,19.66,19.62,19.6,19.6,19.56,19.52,19.84,19.82,19.78,19.740000000000002,19.7,19.66,19.62,19.62,19.6,19.56,19.52,19.84,19.82,19.78,19.740000000000002,19.7,19.68,19.68,19.64,19.6,19.56,19.54,19.86,19.82,19.8,19.76,19.72,19.72,19.68,19.66,19.62,19.580000000000002,19.54
2021-07-10 04:00:00,11.16,11.14,11.120000000000001,11.1,11.08,11.08,11.06,11.06,11.040000000000001,11.02,11.0,11.200000000000001,11.18,11.16,11.14,11.120000000000001,11.120000000000001,11.120000000000001,11.06,11.040000000000001,11.02,11.0,11.200000000000001,11.18,11.16,11.14,11.120000000000001,11.120000000000001,11.120000000000001,11.1,11.08,11.06,11.040000000000001,11.24,11.22,11.200000000000001,11.18,11.18,11.16,11.14,11.14,11.120000000000001,11.1,11.08,11.28,11.26,11.24,11.24,11.22,11.200000000000001,11.18,11.16,11.16,11.14,11.120000000000001,11.32,11.3,11.3,11.28,11.26,11.24,11.22,11.200000000000001,11.18,11.18,11.16,11.36,11.36,11.34,11.32,11.3,11.28,11.26,11.24,11.22,11.22,11.200000000000001,11.42,11.4,11.38,11.36,11.34,11.32,11.3,11.28,11.26,11.26,11.24,11.46,11.44,11.42,11.4,11.38,11.36,11.3,11.28,11.28,11.26,11.24,11.46,11.44,11.42,11.4,11.38,11.36,11.34,11.34,11.32,11.3,11.28,11.48,11.48,11.46,11.44,11.42,11.4,11.4,11.38,11.36,11.34,11.32
2021-12-17 04:00:00,55.46,55.46,55.46,55.46,55.46,55.46,55.46,55.46,55.44,55.44,55.44,55.5,55.5,55.5,55.5,55.5,55.5,55.5,55.5,55.5,55.5,55.5,55.56,55.56,55.56,55.56,55.54,55.54,55.54,55.54,55.54,55.54,55.54,55.6,55.6,55.6,55.6,55.6,55.6,55.6,55.58,55.58,55.58,55.58,55.64,55.64,55.64,55.64,55.64,55.64,55.64,55.64,55.64,55.64,55.64,55.7,55.7,55.7,55.7,55.68,55.64,55.64,55.64,55.64,55.64,55.64,55.7,55.7,55.7,55.7,55.68,55.68,55.68,55.68,55.68,55.68,55.68,55.74,55.74,55.74,55.74,55.74,55.74,55.74,55.74,55.72,55.72,55.72,55.78,55.78,55.78,55.78,55.78,55.78,55.78,55.78,55.78,55.78,55.78,55.84,55.84,55.84,55.84,55.84,55.82,55.82,55.82,55.82,55.82,55.82,55.88,55.88,55.88,55.88,55.88,55.88,55.88,55.88,55.86,55.86,55.86
2021-11-03 04:00:00,47.04,47.04,47.04,47.04,47.04,47.04,47.06,47.06,47.06,47.06,47.06,47.1,47.1,47.1,47.1,47.1,47.1,47.1,47.1,47.1,47.1,47.1,47.14,47.14,47.14,47.14,47.14,47.14,47.14,47.14,47.14,47.14,47.14,47.18,47.18,47.18,47.18,47.2,47.2,47.2,47.2,47.2,47.2,47.2,47.24,47.24,47.24,47.24,47.24,47.24,47.24,47.24,47.24,47.24,47.24,47.28,47.28,47.28,47.28,47.28,47.28,47.28,47.28,47.28,47.28,47.28,47.34,47.34,47.34,47.34,47.34,47.34,47.28,47.28,47.28,47.28,47.28,47.34,47.34,47.34,47.34,47.34,47.34,47.34,47.34,47.34,47.34,47.34,47.38,47.38,47.38,47.38,47.38,47.38,47.38,47.38,47.38,47.38,47.38,47.42,47.42,47.42,47.42,47.42,47.42,47.42,47.42,47.42,47.42,47.42,47.480000000000004,47.480000000000004,47.480000000000004,47.480000000000004,47.480000000000004,47.480000000000004,47.480000000000004,47.480000000000004,47.480000000000004,47.480000000000004,47.480000000000004
2021-05-10 04:00:00,14.68,14.66,14.66,14.64,14.64,14.620000000000001,14.620000000000001,14.620000000000001,14.620000000000001,14.6,14.6,14.72,14.700000000000001,14.700000000000001,14.700000000000001,14.68,14.68,14.68,14.620000000000001,14.620000000000001,14.6,14.6,14.72,14.700000000000001,14.700000000000001,14.700000000000001,14.68,14.68,14.68,14.66,14.66,14.64,14.64,14.76,14.76,14.74,14.74,14.74,14.72,14.72,14.700000000000001,14.700000000000001,14.700000000000001,14.68,14.8,14.8,14.780000000000001,14.780000000000001,14.780000000000001,14.780000000000001,14.76,14.76,14.74,14.74,14.72,14.86,14.84,14.84,14.84,14.82,14.82,14.8,14.8,14.8,14.780000000000001,14.780000000000001,14.9,14.9,14.88,14.88,14.86,14.86,14.86,14.84,14.84,14.82,14.82,14.94,14.94,14.94,14.92,14.92,14.9,14.9,14.88,14.88,14.88,14.88,15.0,14.98,14.98,14.96,14.96,14.94,14.9,14.88,14.88,14.88,14.88,15.0,14.98,14.98,14.96,14.96,14.94,14.94,14.94,14.94,14.92,14.92,15.040000000000001,15.02,15.02,15.02,15.0,15.0,15.0,14.98,14.98,14.96,14.96
2021-06-19 03:00:00,19.76,19.72,19.68,19.66,19.62,19.580000000000002,19.580000000000002,19.54,19.52,19.48,19.44,19.78,19.740000000000002,19.7,19.66,19.64,19.64,19.580000000000002,19.54,19.52,19.48,19.44,19.78,19.740000000000002,19.7,19.66,19.66,19.64,19.6,19.56,19.52,19.5,19.46,19.78,19.740000000000002,19.72,19.72,19.68,19.64,19.6,19.580000000000002,19.54,19.5,19.46,19.8,19.76,19.76,19.72,19.7,19.66,19.62,19.580000000000002,19.56,19.52,19.48,19.8,19.8,19.78,19.740000000000002,19.7,19.66,19.64,19.6,19.56,19.52,19.5,19.86,19.82,19.78,19.76,19.72,19.68,19.64,19.62,19.580000000000002,19.54,19.54,19.88,19.84,19.8,19.76,19.740000000000002,19.7,19.66,19.62,19.62,19.6,19.56,19.88,19.84,19.82,19.78,19.740000000000002,19.7,19.66,19.66,19.62,19.6,19.56,19.88,19.84,19.82,19.78,19.740000000000002,19.7,19.7,19.68,19.64,19.6,19.56,19.900000000000002,19.86,19.82,19.8,19.76,19.76,19.72,19.68,19.66,19.62,19.580000000000002
2021-11-22 04:00:00,52.120000000000005,52.120000000000005,52.120000000000005,52.120000000000005,52.120000000000005,52.120000000000005,52.120000000000005,52.120000000000005,52.120000000000005,52.120000000000005,52.120000000000005,52.160000000000004,52.160000000000004,52.160000000000004,52.160000000000004,52.160000000000004,52.160000000000004,52.160000000000004,52.160000000000004,52.160000000000004,52.160000000000004,52.160000000000004,52.2,52.2,52.2,52.2,52.2,52.2,52.2,52.2,52.2,52.2,52.2,52.26,52.26,52.26,52.26,52.26,52.26,52.26,52.26,52.26,52.26,52.26,52.300000000000004,52.300000000000004,52.300000000000004,52.300000000000004,52.300000000000004,52.300000000000004,52.300000000000004,52.300000000000004,52.300000000000004,52.300000000000004,52.300000000000004,52.34,52.34,52.34,52.34,52.34,52.34,52.34,52.34,52.34,52.34,52.34,52.4,52.4,52.4,52.4,52.4,52.4,52.34,52.34,52.34,52.34,52.34,52.4,52.4,52.4,52.4,52.4,52.4,52.4,52.4,52.4,52.4,52.4,52.44,52.44,52.44,52.44,52.44,52.44,52.44,52.44,52.44,52.44,52.44,52.480000000000004,52.480000000000004,52.480000000000004,52.480000000000004,52.480000000000004,52.480000000000004,52.480000000000004,52.480000000000004,52.480000000000004,52.480000000000004,52.480000000000004,52.54,52.54,52.54,52.54,52.54,52.54,52.54,52.54,52.54,52.54,52.54
2021-09-01 01:00:00,51.82,51.800000000000004,51.76,51.76,51.7,51.68,51.64,51.6,51.56,51.52,51.5,51.82,51.800000000000004,51.800000000000004,51.76,51.72,51.68,51.64,51.620000000000005,51.58,51.54,51.5,51.84,51.84,51.800000000000004,51.76,51.72,51.7,51.660000000000004,51.620000000000005,51.58,51.54,51.52,51.88,51.84,51.800000000000004,51.78,51.74,51.7,51.660000000000004,51.620000000000005,51.6,51.56,51.56,51.88,51.86,51.82,51.78,51.74,51.7,51.68,51.64,51.6,51.6,51.56,51.9,51.86,51.82,51.800000000000004,51.76,51.72,51.68,51.64,51.64,51.620000000000005,51.58,51.9,51.88,51.84,51.800000000000004,51.76,51.72,51.72,51.7,51.660000000000004,51.620000000000005,51.58,51.92,51.88,51.84,51.800000000000004,51.76,51.76,51.72,51.7,51.660000000000004,51.620000000000005,51.58,51.92,51.88,51.84,51.800000000000004,51.800000000000004,51.78,51.74,51.7,51.660000000000004,51.620000000000005,51.6,51.92,51.88,51.86,51.86,51.82,51.78,51.74,51.7,51.68,51.64,51.6,51.94,51.9,51.9,51.86,51.82,51.800000000000004,51.76,51.72,51.68,51.64,51.620000000000005
2021-10-16 04:00:00,40.9,40.9,40.9,40.9,40.9,40.9,40.9,40.9,40.9,40.9,40.9,40.94,40.94,40.94,40.94,40.94,40.94,40.94,40.94,40.94,40.94,40.94,41.0,41.0,41.0,41.0,41.0,40.980000000000004,40.980000000000004,40.980000000000004,40.980000000000004,40.980000000000004,40.980000000000004,41.04,41.04,41.04,41.04,41.04,41.04,41.04,41.04,41.04,41.04,41.04,41.08,41.08,41.08,41.08,41.08,41.08,41.08,41.08,41.08,41.08,41.08,41.14,41.14,41.14,41.14,41.14,41.14,41.14,41.12,41.12,41.12,41.12,41.18,41.18,41.18,41.18,41.18,41.18,41.14,41.12,41.12,41.12,41.12,41.18,41.18,41.18,41.18,41.18,41.18,41.18,41.18,41.18,41.18,41.18,41.22,41.22,41.22,41.22,41.22,41.22,41.22,41.22,41.22,41.22,41.22,41.28,41.28,41.28,41.28,41.28,41.28,41.28,41.28,41.28,41.28,41.28,41.32,41.32,41.32,41.32,41.32,41.32,41.32,41.32,41.32,41.32,41.32
2021-06-05 03:00:00,19.64,19.6,19.580000000000002,19.54,19.5,19.46,19.46,19.44,19.400000000000002,19.36,19.34,19.66,19.62,19.580000000000002,19.56,19.52,19.52,19.46,19.44,19.400000000000002,19.36,19.34,19.66,19.62,19.580000000000002,19.56,19.56,19.52,19.48,19.46,19.42,19.38,19.36,19.68,19.64,19.6,19.6,19.580000000000002,19.54,19.5,19.46,19.44,19.400000000000002,19.36,19.68,19.66,19.66,19.62,19.580000000000002,19.56,19.52,19.48,19.44,19.42,19.38,19.7,19.7,19.66,19.64,19.6,19.56,19.54,19.5,19.46,19.42,19.400000000000002,19.76,19.72,19.68,19.66,19.62,19.580000000000002,19.54,19.52,19.48,19.44,19.44,19.76,19.740000000000002,19.7,19.66,19.64,19.6,19.56,19.52,19.52,19.5,19.46,19.78,19.740000000000002,19.72,19.68,19.64,19.6,19.56,19.56,19.52,19.5,19.46,19.78,19.740000000000002,19.72,19.68,19.64,19.62,19.62,19.580000000000002,19.54,19.52,19.48,19.8,19.76,19.740000000000002,19.7,19.66,19.66,19.62,19.6,19.56,19.52,19.5
2021-09-07 02:00:00,41.2,41.18,41.14,41.12,41.12,41.06,41.02,41.0,40.96,40.92,40.9,41.2,41.18,41.14,41.14,41.12,41.08,41.04,41.02,40.980000000000004,40.96,40.92,41.22,41.2,41.2,41.160000000000004,41.14,41.1,41.06,41.04,41.0,40.980000000000004,40.94,41.24,41.24,41.22,41.18,41.160000000000004,41.12,41.08,41.06,41.02,41.0,40.96,41.300000000000004,41.26,41.24,41.2,41.18,41.14,41.12,41.08,41.04,41.02,41.02,41.32,41.300000000000004,41.26,41.22,41.2,41.160000000000004,41.14,41.1,41.08,41.08,41.04,41.34,41.32,41.28,41.24,41.22,41.18,41.160000000000004,41.160000000000004,41.12,41.1,41.06,41.36,41.34,41.300000000000004,41.26,41.22,41.18,41.18,41.160000000000004,41.12,41.1,41.06,41.36,41.34,41.300000000000004,41.26,41.24,41.24,41.2,41.18,41.14,41.12,41.08,41.38,41.36,41.32,41.300000000000004,41.300000000000004,41.26,41.22,41.2,41.160000000000004,41.14,41.1,41.42,41.38,41.34,41.34,41.32,41.28,41.26,41.22,41.18,41.160000000000004,41.12
2021-06-03 05:00:00,13.36,13.4,13.42,13.44,13.48,13.5,13.540000000000001,13.540000000000001,13.56,13.58,13.620000000000001,13.4,13.42,13.46,13.48,13.5,13.540000000000001,13.540000000000001,13.540000000000001,13.56,13.58,13.620000000000001,13.4,13.42,13.46,13.48,13.5,13.5,13.540000000000001,13.56,13.6,13.620000000000001,13.66,13.44,13.46,13.48,13.52,13.52,13.540000000000001,13.58,13.6,13.620000000000001,13.66,13.68,13.46,13.5,13.52,13.52,13.56,13.58,13.6,13.64,13.66,13.700000000000001,13.72,13.5,13.540000000000001,13.540000000000001,13.56,13.58,13.620000000000001,13.64,13.68,13.700000000000001,13.72,13.76,13.540000000000001,13.540000000000001,13.56,13.6,13.620000000000001,13.64,13.68,13.700000000000001,13.74,13.76,13.780000000000001,13.540000000000001,13.58,13.6,13.620000000000001,13.66,13.68,13.72,13.74,13.76,13.76,13.8,13.58,13.6,13.64,13.66,13.700000000000001,13.72,13.72,13.74,13.74,13.76,13.8,13.58,13.6,13.64,13.66,13.700000000000001,13.72,13.74,13.74,13.780000000000001,13.8,13.84,13.620000000000001,13.64,13.68,13.700000000000001,13.72,13.76,13.76,13.780000000000001,13.82,13.84,13.86
2021-05-24 01:00:00,44.94,44.9,44.86,44.82,44.800000000000004,44.800000000000004,44.76,44.72,44.68,44.64,44.6,44.94,44.9,44.86,44.82,44.82,44.800000000000004,44.76,44.72,44.68,44.64,44.6,44.94,44.9,44.86,44.86,44.82,44.800000000000004,44.76,44.72,44.68,44.64,44.6,44.94,44.9,44.9,44.86,44.82,44.78,44.76,44.72,44.68,44.64,44.6,44.94,44.94,44.9,44.86,44.82,44.78,44.74,44.7,44.68,44.64,44.6,44.980000000000004,44.94,44.9,44.86,44.82,44.78,44.74,44.7,44.660000000000004,44.64,44.64,44.980000000000004,44.94,44.9,44.86,44.82,44.78,44.74,44.7,44.660000000000004,44.660000000000004,44.64,44.96,44.92,44.9,44.86,44.82,44.78,44.74,44.74,44.7,44.660000000000004,44.62,44.96,44.92,44.88,44.86,44.82,44.78,44.78,44.74,44.7,44.660000000000004,44.62,44.96,44.92,44.88,44.86,44.82,44.82,44.78,44.74,44.7,44.660000000000004,44.62,44.96,44.92,44.88,44.84,44.84,44.800000000000004,44.78,44.74,44.7,44.660000000000004,44.62
2021-05-25 02:00:00,32.24,32.2,32.160000000000004,32.12,32.08,32.08,32.06,32.02,31.98,31.94,31.900000000000002,32.24,32.2,32.18,32.14,32.14,32.08,32.06,32.02,31.98,31.94,31.900000000000002,32.24,32.2,32.18,32.18,32.14,32.1,32.06,32.02,31.98,31.96,31.92,32.24,32.22,32.22,32.18,32.14,32.1,32.06,32.02,32.0,31.96,31.92,32.26,32.26,32.22,32.18,32.14,32.1,32.06,32.04,32.0,31.96,31.92,32.3,32.26,32.22,32.18,32.14,32.12,32.08,32.04,32.0,31.96,31.96,32.3,32.26,32.22,32.2,32.160000000000004,32.12,32.08,32.04,32.0,32.0,31.98,32.3,32.28,32.24,32.2,32.160000000000004,32.12,32.08,32.08,32.06,32.02,31.98,32.32,32.28,32.24,32.2,32.160000000000004,32.12,32.12,32.08,32.06,32.02,31.98,32.32,32.28,32.24,32.2,32.160000000000004,32.160000000000004,32.12,32.1,32.06,32.02,31.98,32.32,32.28,32.24,32.2,32.2,32.18,32.14,32.1,32.06,32.02,31.98
2021-06-03 01:00:00,44.58,44.54,44.52,44.480000000000004,44.44,44.44,44.4,44.36,44.32,44.28,44.24,44.58,44.54,44.52,44.480000000000004,44.480000000000004,44.44,44.4,44.36,44.32,44.28,44.24,44.58,44.54,44.52,44.52,44.480000000000004,44.44,44.4,44.36,44.32,44.28,44.24,44.58,44.54,44.54,44.5,44.46,44.42,44.4,44.36,44.32,44.28,44.24,44.58,44.58,44.54,44.5,44.46,44.42,44.38,44.34,44.32,44.28,44.24,44.6,44.58,44.54,44.5,44.46,44.42,44.38,44.34,44.300000000000004,44.26,44.26,44.6,44.56,44.54,44.5,44.46,44.42,44.38,44.34,44.300000000000004,44.300000000000004,44.26,44.6,44.56,44.52,44.480000000000004,44.46,44.42,44.38,44.38,44.34,44.300000000000004,44.26,44.6,44.56,44.52,44.480000000000004,44.46,44.42,44.42,44.38,44.34,44.300000000000004,44.26,44.6,44.56,44.52,44.480000000000004,44.44,44.44,44.4,44.38,44.34,44.300000000000004,44.26,44.6,44.56,44.52,44.480000000000004,44.480000000000004,44.44,44.4,44.36,44.32,44.28,44.26
2021-07-31 03:00:00,23.7,23.66,23.62,23.6,23.56,23.54,23.54,23.5,23.46,23.44,23.400000000000002,23.72,23.68,23.66,23.62,23.580000000000002,23.580000000000002,23.54,23.5,23.46,23.44,23.400000000000002,23.72,23.68,23.66,23.62,23.62,23.580000000000002,23.56,23.52,23.48,23.46,23.42,23.740000000000002,23.7,23.66,23.66,23.64,23.6,23.580000000000002,23.54,23.5,23.48,23.44,23.76,23.72,23.72,23.68,23.66,23.62,23.6,23.56,23.52,23.5,23.46,23.78,23.78,23.740000000000002,23.7,23.68,23.64,23.62,23.580000000000002,23.54,23.52,23.48,23.82,23.8,23.76,23.740000000000002,23.7,23.66,23.64,23.6,23.580000000000002,23.54,23.54,23.84,23.82,23.78,23.76,23.72,23.68,23.66,23.62,23.62,23.6,23.56,23.86,23.84,23.8,23.78,23.740000000000002,23.68,23.66,23.66,23.62,23.6,23.56,23.86,23.84,23.8,23.78,23.740000000000002,23.7,23.7,23.68,23.64,23.62,23.580000000000002,23.88,23.86,23.82,23.8,23.76,23.76,23.72,23.7,23.66,23.64,23.6
2021-11-14 03:00:00,52.480000000000004,52.46,52.46,52.44,52.44,52.42,52.42,52.4,52.4,52.38,52.38,52.52,52.5,52.5,52.5,52.480000000000004,52.480000000000004,52.46,52.44,52.44,52.42,52.42,52.56,52.54,52.54,52.54,52.52,52.52,52.5,52.5,52.480000000000004,52.46,52.46,52.6,52.6,52.6,52.58,52.56,52.56,52.54,52.54,52.52,52.52,52.5,52.660000000000004,52.64,52.64,52.620000000000005,52.620000000000005,52.6,52.58,52.58,52.56,52.56,52.56,52.7,52.68,52.68,52.660000000000004,52.660000000000004,52.64,52.64,52.620000000000005,52.620000000000005,52.6,52.6,52.74,52.74,52.72,52.7,52.7,52.64,52.64,52.64,52.620000000000005,52.6,52.6,52.74,52.74,52.72,52.7,52.7,52.68,52.68,52.68,52.660000000000004,52.660000000000004,52.64,52.78,52.78,52.76,52.76,52.74,52.74,52.72,52.72,52.7,52.7,52.68,52.84,52.82,52.800000000000004,52.800000000000004,52.800000000000004,52.78,52.78,52.76,52.76,52.74,52.72,52.88,52.86,52.86,52.86,52.84,52.82,52.82,52.800000000000004,52.800000000000004,52.78,52.78
2021-05-12 04:00:00,14.18,14.16,14.16,14.14,14.14,14.120000000000001,14.120000000000001,14.120000000000001,14.120000000000001,14.1,14.1,14.22,14.200000000000001,14.200000000000001,14.200000000000001,14.18,14.18,14.18,14.120000000000001,14.120000000000001,14.1,14.1,14.22,14.200000000000001,14.200000000000001,14.200000000000001,14.18,14.18,14.18,14.16,14.16,14.14,14.14,14.26,14.26,14.24,14.24,14.24,14.22,14.22,14.200000000000001,14.200000000000001,14.200000000000001,14.18,14.3,14.3,14.280000000000001,14.280000000000001,14.280000000000001,14.280000000000001,14.26,14.26,14.24,14.24,14.22,14.36,14.34,14.34,14.34,14.32,14.32,14.3,14.3,14.280000000000001,14.280000000000001,14.280000000000001,14.4,14.4,14.38,14.38,14.36,14.36,14.36,14.34,14.34,14.32,14.32,14.44,14.44,14.44,14.42,14.42,14.4,14.4,14.38,14.38,14.38,14.36,14.5,14.48,14.48,14.46,14.46,14.44,14.4,14.38,14.38,14.38,14.36,14.5,14.48,14.48,14.46,14.46,14.44,14.44,14.44,14.44,14.42,14.42,14.540000000000001,14.52,14.52,14.5,14.5,14.5,14.5,14.48,14.48,14.46,14.46
2021-06-04 01:00:00,44.58,44.54,44.5,44.46,44.42,44.42,44.38,44.34,44.32,44.28,44.24,44.58,44.54,44.5,44.46,44.46,44.42,44.38,44.34,44.32,44.28,44.24,44.58,44.54,44.5,44.5,44.46,44.42,44.38,44.34,44.300000000000004,44.28,44.24,44.56,44.54,44.54,44.5,44.46,44.42,44.38,44.34,44.300000000000004,44.26,44.22,44.56,44.56,44.52,44.480000000000004,44.46,44.42,44.38,44.34,44.300000000000004,44.26,44.22,44.6,44.56,44.52,44.480000000000004,44.44,44.4,44.36,44.34,44.300000000000004,44.26,44.26,44.6,44.56,44.52,44.480000000000004,44.44,44.4,44.36,44.34,44.300000000000004,44.300000000000004,44.26,44.58,44.56,44.52,44.480000000000004,44.44,44.4,44.36,44.36,44.32,44.28,44.24,44.58,44.54,44.5,44.480000000000004,44.44,44.4,44.4,44.36,44.32,44.28,44.24,44.58,44.54,44.5,44.480000000000004,44.44,44.44,44.4,44.36,44.32,44.28,44.24,44.58,44.54,44.5,44.46,44.46,44.42,44.4,44.36,44.32,44.28,44.24
2021-08-09 02:00:00,36.58,36.54,36.5,36.46,36.42,36.42,36.4,36.36,36.32,36.28,36.26,36.58,36.56,36.52,36.480000000000004,36.480000000000004,36.42,36.4,36.36,36.32,36.28,36.26,36.58,36.56,36.52,36.52,36.480000000000004,36.44,36.4,36.38,36.34,36.300000000000004,36.26,36.6,36.56,36.56,36.52,36.480000000000004,36.46,36.42,36.38,36.34,36.300000000000004,36.28,36.6,36.6,36.56,36.54,36.5,36.46,36.42,36.4,36.36,36.32,36.28,36.660000000000004,36.62,36.58,36.54,36.5,36.480000000000004,36.44,36.4,36.36,36.32,36.32,36.660000000000004,36.62,36.6,36.56,36.52,36.480000000000004,36.44,36.42,36.38,36.38,36.34,36.68,36.64,36.6,36.56,36.54,36.5,36.46,36.46,36.42,36.38,36.36,36.68,36.64,36.62,36.58,36.54,36.5,36.5,36.46,36.42,36.38,36.36,36.68,36.64,36.62,36.58,36.54,36.54,36.5,36.46,36.44,36.4,36.36,36.7,36.660000000000004,36.62,36.58,36.58,36.54,36.52,36.480000000000004,36.44,36.4,36.38
2021-11-12 04:00:00,49.68,49.68,49.68,49.68,49.68,49.68,49.68,49.68,49.68,49.68,49.68,49.72,49.72,49.72,49.72,49.72,49.72,49.72,49.72,49.72,49.72,49.72,49.76,49.76,49.78,49.78,49.78,49.78,49.78,49.78,49.78,49.78,49.78,49.82,49.82,49.82,49.82,49.82,49.82,49.82,49.82,49.82,49.82,49.82,49.86,49.86,49.86,49.86,49.86,49.86,49.86,49.86,49.86,49.86,49.86,49.92,49.92,49.92,49.92,49.92,49.92,49.92,49.92,49.92,49.92,49.92,49.96,49.96,49.96,49.96,49.96,49.96,49.92,49.92,49.92,49.92,49.92,49.96,49.96,49.96,49.96,49.96,49.96,49.96,49.96,49.96,49.96,49.96,50.0,50.0,50.0,50.0,50.0,50.0,50.0,50.0,50.0,50.0,50.0,50.06,50.06,50.06,50.06,50.06,50.06,50.06,50.06,50.06,50.06,50.06,50.1,50.1,50.1,50.1,50.1,50.1,50.1,50.1,50.1,50.1,50.1
2021-06-10 05:00:00,12.66,12.68,12.72,12.74,12.76,12.8,12.82,12.82,12.86,12.88,12.92,12.68,12.72,12.74,12.780000000000001,12.8,12.82,12.82,12.82,12.86,12.88,12.92,12.68,12.72,12.74,12.780000000000001,12.8,12.8,12.82,12.86,12.88,12.92,12.94,12.72,12.74,12.780000000000001,12.8,12.8,12.84,12.86,12.9,12.92,12.96,12.98,12.76,12.780000000000001,12.82,12.82,12.84,12.88,12.9,12.92,12.96,12.98,13.02,12.8,12.82,12.82,12.84,12.88,12.9,12.94,12.96,13.0,13.02,13.040000000000001,12.82,12.82,12.86,12.88,12.9,12.94,12.96,13.0,13.02,13.06,13.08,12.84,12.86,12.88,12.92,12.94,12.98,13.0,13.02,13.06,13.06,13.08,12.86,12.9,12.92,12.96,12.98,13.0,13.0,13.02,13.02,13.06,13.08,12.86,12.9,12.92,12.96,12.98,13.0,13.040000000000001,13.040000000000001,13.06,13.1,13.120000000000001,12.9,12.92,12.96,12.98,13.02,13.040000000000001,13.040000000000001,13.08,13.1,13.120000000000001,13.16
2021-12-03 04:00:00,54.14,54.14,54.14,54.14,54.14,54.14,54.14,54.14,54.14,54.14,54.14,54.2,54.18,54.18,54.18,54.18,54.18,54.18,54.18,54.18,54.18,54.18,54.24,54.24,54.24,54.24,54.24,54.24,54.24,54.24,54.24,54.24,54.24,54.28,54.28,54.28,54.28,54.28,54.28,54.28,54.28,54.28,54.28,54.28,54.34,54.34,54.32,54.32,54.32,54.32,54.32,54.32,54.32,54.32,54.32,54.38,54.38,54.38,54.38,54.38,54.38,54.32,54.32,54.32,54.32,54.32,54.38,54.38,54.38,54.38,54.38,54.38,54.38,54.38,54.38,54.38,54.38,54.42,54.42,54.42,54.42,54.42,54.42,54.42,54.42,54.42,54.42,54.42,54.480000000000004,54.480000000000004,54.480000000000004,54.46,54.46,54.46,54.46,54.46,54.46,54.46,54.46,54.52,54.52,54.52,54.52,54.52,54.52,54.52,54.52,54.52,54.52,54.52,54.56,54.56,54.56,54.56,54.56,54.56,54.56,54.56,54.56,54.56,54.56
2021-05-04 05:00:00,18.68,18.7,18.72,18.740000000000002,18.78,18.8,18.82,18.82,18.84,18.86,18.88,18.72,18.740000000000002,18.76,18.78,18.8,18.84,18.84,18.82,18.84,18.86,18.88,18.72,18.740000000000002,18.76,18.78,18.8,18.8,18.84,18.86,18.88,18.900000000000002,18.92,18.76,18.78,18.8,18.82,18.82,18.86,18.88,18.900000000000002,18.92,18.94,18.96,18.8,18.82,18.84,18.84,18.88,18.900000000000002,18.92,18.94,18.96,18.98,19.0,18.84,18.86,18.86,18.88,18.92,18.94,18.96,18.98,19.0,19.02,19.04,18.88,18.88,18.900000000000002,18.92,18.96,18.98,19.0,19.02,19.04,19.06,19.080000000000002,18.900000000000002,18.92,18.94,18.98,19.0,19.02,19.04,19.06,19.080000000000002,19.080000000000002,19.1,18.94,18.96,19.0,19.02,19.04,19.06,19.04,19.06,19.06,19.080000000000002,19.1,18.94,18.96,19.0,19.02,19.04,19.06,19.080000000000002,19.080000000000002,19.1,19.12,19.14,18.98,19.02,19.04,19.06,19.080000000000002,19.1,19.1,19.12,19.14,19.16,19.18
2021-07-09 04:00:00,11.040000000000001,11.02,11.0,10.98,10.96,10.94,10.92,10.92,10.9,10.88,10.88,11.08,11.06,11.040000000000001,11.02,11.0,10.98,10.98,10.92,10.9,10.88,10.88,11.08,11.06,11.040000000000001,11.02,11.0,11.0,10.98,10.96,10.94,10.92,10.92,11.120000000000001,11.1,11.08,11.06,11.06,11.040000000000001,11.02,11.0,10.98,10.96,10.96,11.16,11.14,11.120000000000001,11.120000000000001,11.1,11.08,11.06,11.040000000000001,11.02,11.0,10.98,11.200000000000001,11.18,11.18,11.16,11.14,11.120000000000001,11.1,11.08,11.06,11.040000000000001,11.02,11.24,11.24,11.22,11.200000000000001,11.18,11.16,11.14,11.120000000000001,11.1,11.08,11.06,11.28,11.26,11.24,11.24,11.22,11.200000000000001,11.18,11.16,11.14,11.14,11.120000000000001,11.32,11.3,11.28,11.26,11.26,11.24,11.18,11.16,11.16,11.14,11.120000000000001,11.32,11.3,11.28,11.26,11.26,11.24,11.22,11.22,11.200000000000001,11.18,11.16,11.36,11.34,11.32,11.3,11.28,11.28,11.28,11.26,11.24,11.22,11.200000000000001
2021-09-07 03:00:00,31.62,31.6,31.580000000000002,31.560000000000002,31.52,31.52,31.46,31.44,31.42,31.400000000000002,31.38,31.62,31.6,31.580000000000002,31.560000000000002,31.560000000000002,31.52,31.5,31.48,31.46,31.44,31.42,31.66,31.64,31.6,31.6,31.580000000000002,31.560000000000002,31.54,31.52,31.5,31.48,31.44,31.68,31.66,31.66,31.64,31.62,31.6,31.580000000000002,31.560000000000002,31.52,31.5,31.48,31.720000000000002,31.720000000000002,31.7,31.68,31.66,31.62,31.6,31.580000000000002,31.560000000000002,31.54,31.52,31.78,31.76,31.740000000000002,31.720000000000002,31.68,31.66,31.64,31.62,31.6,31.580000000000002,31.580000000000002,31.82,31.8,31.76,31.740000000000002,31.720000000000002,31.7,31.68,31.66,31.66,31.64,31.6,31.84,31.82,31.8,31.78,31.76,31.7,31.68,31.68,31.66,31.64,31.6,31.84,31.82,31.8,31.78,31.76,31.740000000000002,31.740000000000002,31.720000000000002,31.68,31.66,31.64,31.88,31.86,31.84,31.82,31.78,31.78,31.76,31.740000000000002,31.720000000000002,31.7,31.68,31.92,31.900000000000002,31.88,31.84,31.84,31.82,31.8,31.78,31.76,31.740000000000002,31.720000000000002
2021-11-03 03:00:00,49.4,49.38,49.38,49.36,49.36,49.36,49.34,49.32,49.32,49.300000000000004,49.300000000000004,49.44,49.44,49.42,49.42,49.4,49.4,49.38,49.38,49.36,49.34,49.34,49.480000000000004,49.480000000000004,49.480000000000004,49.46,49.44,49.44,49.42,49.42,49.4,49.38,49.38,49.52,49.52,49.52,49.5,49.5,49.480000000000004,49.46,49.46,49.44,49.44,49.42,49.58,49.58,49.56,49.54,49.54,49.52,49.52,49.5,49.480000000000004,49.480000000000004,49.480000000000004,49.620000000000005,49.620000000000005,49.6,49.6,49.58,49.56,49.56,49.54,49.54,49.54,49.52,49.660000000000004,49.660000000000004,49.64,49.64,49.620000000000005,49.56,49.56,49.56,49.54,49.54,49.52,49.660000000000004,49.660000000000004,49.64,49.64,49.620000000000005,49.6,49.6,49.6,49.58,49.58,49.56,49.72,49.7,49.68,49.68,49.660000000000004,49.660000000000004,49.660000000000004,49.64,49.620000000000005,49.620000000000005,49.6,49.76,49.74,49.74,49.72,49.72,49.7,49.7,49.68,49.68,49.660000000000004,49.64,49.800000000000004,49.78,49.78,49.78,49.76,49.74,49.74,49.72,49.72,49.7,49.68
2021-02-17 04:00:00,44.58,44.58,44.56,44.56,44.56,44.56,44.54,44.54,44.54,44.52,44.52,44.62,44.62,44.62,44.62,44.6,44.6,44.6,44.58,44.58,44.58,44.56,44.68,44.660000000000004,44.660000000000004,44.660000000000004,44.64,44.64,44.64,44.62,44.62,44.62,44.62,44.72,44.72,44.7,44.7,44.7,44.68,44.68,44.68,44.660000000000004,44.660000000000004,44.660000000000004,44.76,44.76,44.76,44.74,44.74,44.74,44.72,44.72,44.72,44.7,44.7,44.82,44.800000000000004,44.800000000000004,44.800000000000004,44.78,44.78,44.78,44.76,44.76,44.76,44.76,44.86,44.86,44.84,44.84,44.84,44.78,44.78,44.78,44.76,44.76,44.76,44.86,44.86,44.84,44.84,44.84,44.82,44.82,44.82,44.82,44.800000000000004,44.800000000000004,44.9,44.9,44.88,44.88,44.88,44.88,44.86,44.86,44.86,44.84,44.84,44.94,44.94,44.94,44.92,44.92,44.92,44.92,44.9,44.9,44.9,44.88,45.0,44.980000000000004,44.980000000000004,44.980000000000004,44.980000000000004,44.96,44.96,44.96,44.94,44.94,44.94
2021-04-26 03:00:00,25.52,25.48,25.46,25.42,25.400000000000002,25.400000000000002,25.34,25.32,25.28,25.26,25.240000000000002,25.52,25.48,25.46,25.42,25.42,25.400000000000002,25.38,25.34,25.32,25.3,25.26,25.54,25.52,25.48,25.48,25.46,25.42,25.400000000000002,25.38,25.34,25.32,25.3,25.560000000000002,25.54,25.54,25.52,25.48,25.46,25.42,25.400000000000002,25.38,25.34,25.32,25.6,25.6,25.560000000000002,25.54,25.52,25.48,25.46,25.42,25.400000000000002,25.38,25.34,25.66,25.62,25.6,25.560000000000002,25.54,25.52,25.48,25.46,25.44,25.400000000000002,25.400000000000002,25.68,25.66,25.62,25.6,25.580000000000002,25.54,25.52,25.48,25.48,25.46,25.44,25.7,25.68,25.66,25.62,25.6,25.54,25.52,25.52,25.48,25.46,25.44,25.7,25.68,25.66,25.62,25.6,25.580000000000002,25.580000000000002,25.54,25.52,25.48,25.46,25.740000000000002,25.7,25.68,25.66,25.62,25.62,25.6,25.580000000000002,25.54,25.52,25.5,25.76,25.740000000000002,25.72,25.68,25.68,25.66,25.64,25.6,25.580000000000002,25.54,25.52
2021-09-21 04:00:00,31.44,31.44,31.44,31.44,31.42,31.42,31.42,31.38,31.38,31.38,31.36,31.44,31.44,31.44,31.44,31.42,31.42,31.42,31.42,31.42,31.42,31.42,31.48,31.48,31.48,31.48,31.48,31.48,31.48,31.46,31.46,31.46,31.46,31.54,31.54,31.52,31.52,31.52,31.52,31.52,31.52,31.52,31.5,31.5,31.580000000000002,31.580000000000002,31.580000000000002,31.580000000000002,31.580000000000002,31.560000000000002,31.560000000000002,31.560000000000002,31.560000000000002,31.560000000000002,31.560000000000002,31.62,31.62,31.62,31.62,31.62,31.62,31.62,31.6,31.6,31.6,31.6,31.68,31.68,31.66,31.66,31.66,31.66,31.66,31.66,31.66,31.66,31.64,31.720000000000002,31.720000000000002,31.720000000000002,31.720000000000002,31.7,31.7,31.66,31.66,31.66,31.66,31.64,31.720000000000002,31.720000000000002,31.720000000000002,31.720000000000002,31.7,31.7,31.7,31.7,31.7,31.7,31.7,31.76,31.76,31.76,31.76,31.76,31.76,31.76,31.740000000000002,31.740000000000002,31.740000000000002,31.740000000000002,31.82,31.82,31.8,31.8,31.8,31.8,31.8,31.8,31.8,31.8,31.78
2021-03-30 02:00:00,43.9,43.88,43.84,43.82,43.82,43.76,43.72,43.7,43.660000000000004,43.62,43.6,43.9,43.88,43.84,43.84,43.82,43.78,43.74,43.72,43.68,43.660000000000004,43.62,43.92,43.9,43.9,43.86,43.84,43.800000000000004,43.76,43.74,43.7,43.68,43.64,43.94,43.94,43.92,43.88,43.86,43.82,43.800000000000004,43.76,43.72,43.7,43.660000000000004,44.0,43.96,43.94,43.9,43.88,43.84,43.82,43.78,43.74,43.72,43.72,44.02,44.0,43.96,43.92,43.9,43.86,43.84,43.800000000000004,43.78,43.78,43.74,44.04,44.02,43.980000000000004,43.96,43.92,43.88,43.86,43.86,43.82,43.800000000000004,43.76,44.06,44.04,44.0,43.980000000000004,43.92,43.88,43.88,43.86,43.82,43.800000000000004,43.76,44.06,44.04,44.0,43.980000000000004,43.94,43.94,43.9,43.88,43.84,43.82,43.78,44.08,44.06,44.02,44.0,44.0,43.96,43.94,43.9,43.86,43.84,43.800000000000004,44.12,44.08,44.04,44.04,44.02,43.980000000000004,43.96,43.92,43.9,43.86,43.84
2021-08-13 03:00:00,25.86,25.84,25.8,25.78,25.740000000000002,25.72,25.72,25.68,25.66,25.62,25.6,25.88,25.86,25.84,25.8,25.78,25.78,25.72,25.68,25.66,25.62,25.6,25.88,25.86,25.84,25.8,25.8,25.78,25.740000000000002,25.72,25.68,25.66,25.62,25.92,25.88,25.86,25.86,25.82,25.8,25.76,25.740000000000002,25.7,25.68,25.64,25.94,25.900000000000002,25.900000000000002,25.88,25.84,25.82,25.8,25.76,25.740000000000002,25.7,25.68,25.96,25.96,25.94,25.900000000000002,25.88,25.84,25.82,25.78,25.76,25.72,25.7,26.02,26.0,25.96,25.94,25.900000000000002,25.88,25.84,25.82,25.78,25.76,25.76,26.04,26.02,25.98,25.96,25.92,25.900000000000002,25.86,25.84,25.84,25.8,25.78,26.060000000000002,26.04,26.02,25.98,25.96,25.900000000000002,25.86,25.86,25.84,25.8,25.78,26.060000000000002,26.04,26.02,25.98,25.96,25.92,25.92,25.900000000000002,25.86,25.84,25.8,26.1,26.060000000000002,26.04,26.0,25.98,25.98,25.94,25.92,25.88,25.86,25.84
2021-11-25 03:00:00,55.1,55.08,55.06,55.06,55.06,55.04,55.04,55.02,55.02,55.0,54.980000000000004,55.14,55.120000000000005,55.120000000000005,55.120000000000005,55.1,55.08,55.08,55.06,55.06,55.04,55.04,55.18,55.18,55.160000000000004,55.160000000000004,55.14,55.14,55.120000000000005,55.1,55.1,55.08,55.08,55.24,55.22,55.2,55.2,55.18,55.18,55.160000000000004,55.160000000000004,55.14,55.14,55.14,55.28,55.26,55.26,55.24,55.22,55.22,55.2,55.2,55.2,55.18,55.18,55.32,55.300000000000004,55.300000000000004,55.28,55.28,55.22,55.2,55.2,55.2,55.18,55.18,55.32,55.300000000000004,55.300000000000004,55.28,55.28,55.26,55.26,55.26,55.24,55.22,55.22,55.36,55.34,55.34,55.32,55.32,55.32,55.300000000000004,55.300000000000004,55.28,55.28,55.26,55.4,55.4,55.38,55.38,55.38,55.36,55.34,55.34,55.32,55.32,55.300000000000004,55.44,55.44,55.42,55.42,55.42,55.4,55.4,55.38,55.36,55.36,55.34,55.5,55.480000000000004,55.480000000000004,55.46,55.46,55.44,55.44,55.42,55.42,55.4,55.38
2021-05-08 02:00:00,34.04,34.02,33.980000000000004,33.94,33.9,33.9,33.88,33.84,33.8,33.76,33.72,34.06,34.02,34.0,33.96,33.96,33.9,33.88,33.84,33.8,33.76,33.72,34.06,34.02,34.0,34.0,33.96,33.92,33.88,33.84,33.82,33.78,33.74,34.08,34.04,34.04,34.0,33.96,33.94,33.9,33.86,33.82,33.78,33.76,34.08,34.08,34.04,34.02,33.980000000000004,33.94,33.9,33.86,33.84,33.8,33.76,34.12,34.1,34.06,34.02,33.980000000000004,33.94,33.92,33.88,33.84,33.8,33.8,34.14,34.1,34.06,34.04,34.0,33.96,33.92,33.9,33.86,33.86,33.82,34.160000000000004,34.12,34.08,34.04,34.0,33.980000000000004,33.94,33.94,33.9,33.86,33.82,34.160000000000004,34.12,34.08,34.06,34.0,33.980000000000004,33.980000000000004,33.94,33.9,33.86,33.82,34.160000000000004,34.12,34.08,34.06,34.02,34.02,33.980000000000004,33.94,33.92,33.88,33.84,34.18,34.14,34.1,34.06,34.06,34.02,34.0,33.96,33.92,33.88,33.84
2021-08-25 05:00:00,23.0,23.02,23.04,23.06,23.080000000000002,23.1,23.1,23.06,23.080000000000002,23.1,23.12,23.0,23.02,23.04,23.06,23.080000000000002,23.080000000000002,23.1,23.1,23.12,23.14,23.16,23.06,23.06,23.080000000000002,23.1,23.1,23.12,23.14,23.16,23.16,23.18,23.2,23.1,23.12,23.12,23.12,23.14,23.16,23.18,23.2,23.22,23.240000000000002,23.240000000000002,23.14,23.16,23.16,23.18,23.2,23.2,23.22,23.240000000000002,23.26,23.28,23.3,23.18,23.18,23.2,23.22,23.240000000000002,23.26,23.26,23.28,23.3,23.32,23.34,23.22,23.22,23.240000000000002,23.26,23.28,23.3,23.32,23.32,23.34,23.34,23.36,23.26,23.28,23.3,23.3,23.32,23.34,23.32,23.32,23.32,23.34,23.36,23.26,23.28,23.3,23.3,23.32,23.34,23.36,23.36,23.38,23.400000000000002,23.400000000000002,23.3,23.32,23.34,23.36,23.36,23.38,23.38,23.400000000000002,23.42,23.44,23.46,23.34,23.36,23.38,23.400000000000002,23.42,23.42,23.42,23.44,23.46,23.48,23.5
2021-07-08 02:00:00,33.3,33.26,33.22,33.18,33.14,33.14,33.1,33.08,33.04,33.0,32.96,33.3,33.26,33.22,33.18,33.18,33.14,33.1,33.08,33.04,33.0,32.96,33.3,33.26,33.22,33.22,33.18,33.160000000000004,33.12,33.08,33.04,33.0,32.96,33.3,33.26,33.26,33.22,33.2,33.160000000000004,33.12,33.08,33.04,33.0,32.96,33.3,33.3,33.26,33.22,33.2,33.160000000000004,33.12,33.08,33.04,33.0,32.96,33.34,33.3,33.26,33.24,33.2,33.160000000000004,33.12,33.08,33.04,33.0,33.0,33.34,33.32,33.28,33.24,33.2,33.160000000000004,33.12,33.08,33.04,33.04,33.02,33.34,33.32,33.28,33.24,33.2,33.160000000000004,33.12,33.12,33.08,33.06,33.02,33.36,33.32,33.28,33.24,33.2,33.160000000000004,33.160000000000004,33.12,33.08,33.06,33.02,33.36,33.32,33.28,33.24,33.2,33.2,33.160000000000004,33.12,33.08,33.06,33.02,33.36,33.32,33.28,33.24,33.24,33.2,33.160000000000004,33.12,33.1,33.06,33.02
2021-07-30 04:00:00,14.66,14.64,14.620000000000001,14.620000000000001,14.6,14.58,14.56,14.56,14.56,14.540000000000001,14.52,14.700000000000001,14.68,14.66,14.66,14.64,14.620000000000001,14.620000000000001,14.56,14.56,14.540000000000001,14.52,14.700000000000001,14.68,14.66,14.66,14.64,14.64,14.620000000000001,14.6,14.6,14.58,14.56,14.74,14.72,14.700000000000001,14.700000000000001,14.700000000000001,14.68,14.66,14.66,14.64,14.620000000000001,14.6,14.780000000000001,14.76,14.76,14.76,14.74,14.72,14.700000000000001,14.700000000000001,14.68,14.66,14.64,14.82,14.8,14.8,14.8,14.780000000000001,14.76,14.74,14.74,14.72,14.700000000000001,14.68,14.86,14.86,14.84,14.84,14.82,14.8,14.780000000000001,14.780000000000001,14.76,14.74,14.74,14.92,14.9,14.88,14.88,14.86,14.84,14.82,14.82,14.8,14.8,14.780000000000001,14.96,14.94,14.92,14.92,14.9,14.88,14.82,14.82,14.82,14.8,14.780000000000001,14.96,14.94,14.92,14.92,14.9,14.88,14.88,14.88,14.86,14.84,14.82,15.0,14.98,14.96,14.96,14.94,14.92,14.92,14.92,14.9,14.88,14.86
2021-03-09 03:00:00,42.22,42.2,42.18,42.160000000000004,42.14,42.14,42.08,42.06,42.04,42.02,42.0,42.22,42.2,42.18,42.160000000000004,42.160000000000004,42.14,42.12,42.1,42.08,42.06,42.04,42.26,42.24,42.22,42.22,42.2,42.160000000000004,42.14,42.12,42.1,42.08,42.06,42.28,42.26,42.26,42.24,42.22,42.2,42.18,42.160000000000004,42.14,42.12,42.1,42.32,42.32,42.300000000000004,42.28,42.26,42.24,42.22,42.2,42.18,42.160000000000004,42.14,42.38,42.36,42.34,42.32,42.300000000000004,42.28,42.26,42.24,42.22,42.2,42.2,42.42,42.4,42.38,42.36,42.34,42.32,42.300000000000004,42.28,42.28,42.26,42.24,42.46,42.44,42.42,42.4,42.38,42.32,42.300000000000004,42.300000000000004,42.28,42.26,42.24,42.46,42.44,42.42,42.4,42.38,42.36,42.36,42.34,42.32,42.300000000000004,42.28,42.5,42.480000000000004,42.44,42.42,42.4,42.4,42.38,42.36,42.34,42.32,42.300000000000004,42.52,42.5,42.480000000000004,42.46,42.46,42.44,42.42,42.4,42.38,42.36,42.34
2021-09-02 05:00:00,25.88,25.900000000000002,25.92,25.92,25.94,25.96,25.96,25.94,25.96,25.96,25.98,25.88,25.900000000000002,25.92,25.92,25.94,25.94,25.96,25.98,26.0,26.02,26.02,25.92,25.94,25.96,25.98,25.98,25.98,26.0,26.02,26.04,26.060000000000002,26.080000000000002,25.98,25.98,26.0,26.0,26.02,26.04,26.060000000000002,26.060000000000002,26.080000000000002,26.1,26.12,26.02,26.04,26.04,26.04,26.060000000000002,26.080000000000002,26.1,26.12,26.12,26.14,26.16,26.060000000000002,26.060000000000002,26.080000000000002,26.1,26.1,26.12,26.14,26.16,26.18,26.18,26.2,26.080000000000002,26.1,26.12,26.14,26.16,26.16,26.18,26.2,26.22,26.22,26.240000000000002,26.14,26.14,26.16,26.18,26.2,26.22,26.18,26.2,26.2,26.22,26.240000000000002,26.14,26.14,26.16,26.18,26.2,26.22,26.22,26.22,26.240000000000002,26.26,26.28,26.18,26.2,26.22,26.22,26.240000000000002,26.26,26.26,26.28,26.3,26.3,26.32,26.22,26.240000000000002,26.26,26.26,26.28,26.28,26.3,26.32,26.34,26.36,26.36
2021-04-19 04:00:00,21.14,21.14,21.14,21.12,21.12,21.1,21.1,21.06,21.04,21.04,21.04,21.14,21.14,21.14,21.12,21.12,21.12,21.1,21.1,21.1,21.080000000000002,21.080000000000002,21.18,21.18,21.18,21.16,21.16,21.16,21.16,21.14,21.14,21.14,21.12,21.240000000000002,21.22,21.22,21.22,21.22,21.2,21.2,21.2,21.18,21.18,21.16,21.28,21.28,21.28,21.26,21.26,21.240000000000002,21.240000000000002,21.240000000000002,21.22,21.22,21.22,21.32,21.32,21.32,21.3,21.3,21.3,21.28,21.28,21.28,21.26,21.26,21.38,21.36,21.36,21.36,21.34,21.34,21.34,21.32,21.32,21.32,21.32,21.42,21.42,21.400000000000002,21.400000000000002,21.400000000000002,21.38,21.34,21.32,21.32,21.32,21.32,21.42,21.42,21.400000000000002,21.400000000000002,21.400000000000002,21.38,21.38,21.38,21.38,21.36,21.36,21.46,21.46,21.46,21.44,21.44,21.42,21.42,21.42,21.42,21.400000000000002,21.400000000000002,21.52,21.5,21.5,21.5,21.48,21.48,21.48,21.46,21.46,21.46,21.44
2021-04-14 05:00:00,24.28,24.3,24.32,24.32,24.34,24.36,24.36,24.34,24.36,24.38,24.38,24.28,24.3,24.32,24.32,24.34,24.34,24.36,24.38,24.400000000000002,24.42,24.42,24.32,24.34,24.36,24.38,24.38,24.38,24.400000000000002,24.42,24.44,24.46,24.48,24.36,24.38,24.400000000000002,24.400000000000002,24.42,24.44,24.46,24.46,24.48,24.5,24.52,24.42,24.42,24.42,24.44,24.46,24.48,24.5,24.52,24.52,24.54,24.560000000000002,24.46,24.46,24.48,24.48,24.5,24.52,24.54,24.560000000000002,24.580000000000002,24.580000000000002,24.6,24.48,24.5,24.52,24.54,24.560000000000002,24.560000000000002,24.580000000000002,24.6,24.62,24.62,24.64,24.52,24.54,24.560000000000002,24.580000000000002,24.6,24.62,24.580000000000002,24.6,24.6,24.62,24.64,24.52,24.54,24.560000000000002,24.580000000000002,24.6,24.62,24.62,24.62,24.64,24.66,24.68,24.580000000000002,24.6,24.6,24.62,24.64,24.66,24.66,24.68,24.68,24.7,24.72,24.62,24.64,24.66,24.66,24.68,24.68,24.7,24.72,24.740000000000002,24.76,24.76
2021-05-02 04:00:00,16.88,16.88,16.86,16.86,16.86,16.84,16.84,16.84,16.82,16.82,16.82,16.94,16.92,16.92,16.9,16.9,16.9,16.9,16.84,16.82,16.82,16.82,16.94,16.92,16.92,16.9,16.9,16.9,16.9,16.88,16.88,16.86,16.86,16.98,16.96,16.96,16.96,16.96,16.94,16.94,16.92,16.92,16.92,16.9,17.02,17.02,17.0,17.0,17.0,16.98,16.98,16.98,16.96,16.96,16.94,17.06,17.06,17.06,17.04,17.04,17.04,17.02,17.02,17.0,17.0,17.0,17.1,17.1,17.1,17.1,17.080000000000002,17.080000000000002,17.06,17.06,17.06,17.04,17.04,17.16,17.16,17.14,17.14,17.12,17.12,17.12,17.1,17.1,17.1,17.1,17.2,17.2,17.2,17.18,17.18,17.16,17.12,17.1,17.1,17.1,17.1,17.2,17.2,17.2,17.18,17.18,17.16,17.16,17.16,17.16,17.14,17.14,17.26,17.240000000000002,17.240000000000002,17.22,17.22,17.22,17.22,17.2,17.2,17.18,17.18
2021-08-14 01:00:00,49.54,49.5,49.46,49.44,49.44,49.4,49.36,49.32,49.28,49.24,49.2,49.54,49.52,49.480000000000004,49.480000000000004,49.44,49.4,49.36,49.32,49.28,49.24,49.2,49.54,49.52,49.52,49.480000000000004,49.44,49.4,49.36,49.32,49.28,49.26,49.22,49.56,49.56,49.52,49.480000000000004,49.44,49.4,49.36,49.32,49.300000000000004,49.26,49.22,49.6,49.56,49.52,49.480000000000004,49.44,49.4,49.36,49.34,49.300000000000004,49.26,49.26,49.6,49.56,49.52,49.480000000000004,49.44,49.4,49.36,49.34,49.300000000000004,49.300000000000004,49.26,49.6,49.56,49.52,49.480000000000004,49.44,49.42,49.38,49.34,49.34,49.300000000000004,49.26,49.6,49.56,49.52,49.480000000000004,49.46,49.42,49.42,49.38,49.34,49.300000000000004,49.26,49.6,49.56,49.52,49.480000000000004,49.46,49.46,49.42,49.38,49.34,49.300000000000004,49.26,49.6,49.56,49.52,49.5,49.5,49.46,49.42,49.38,49.34,49.300000000000004,49.26,49.6,49.56,49.54,49.54,49.5,49.46,49.42,49.38,49.34,49.300000000000004,49.28
2021-09-15 03:00:00,33.88,33.86,33.84,33.82,33.8,33.8,33.74,33.72,33.7,33.68,33.64,33.88,33.86,33.84,33.82,33.82,33.8,33.78,33.76,33.72,33.7,33.68,33.92,33.9,33.86,33.86,33.84,33.82,33.8,33.78,33.76,33.74,33.72,33.94,33.92,33.92,33.9,33.88,33.86,33.84,33.82,33.8,33.78,33.76,33.980000000000004,33.980000000000004,33.96,33.94,33.92,33.9,33.88,33.86,33.84,33.82,33.8,34.04,34.02,34.0,33.980000000000004,33.96,33.94,33.92,33.9,33.88,33.86,33.86,34.08,34.06,34.04,34.02,34.0,33.980000000000004,33.96,33.94,33.94,33.92,33.88,34.12,34.1,34.08,34.04,34.02,33.980000000000004,33.96,33.96,33.94,33.92,33.88,34.12,34.1,34.08,34.04,34.02,34.0,34.0,33.980000000000004,33.96,33.94,33.92,34.14,34.12,34.1,34.08,34.06,34.06,34.04,34.02,34.0,33.980000000000004,33.96,34.18,34.160000000000004,34.14,34.12,34.12,34.1,34.08,34.06,34.04,34.02,34.0
2021-05-07 02:00:00,34.2,34.18,34.14,34.1,34.06,34.06,34.02,34.0,33.96,33.92,33.88,34.22,34.18,34.160000000000004,34.12,34.12,34.06,34.02,34.0,33.96,33.92,33.88,34.22,34.18,34.160000000000004,34.160000000000004,34.12,34.08,34.04,34.0,33.980000000000004,33.94,33.9,34.24,34.2,34.2,34.160000000000004,34.12,34.08,34.06,34.02,33.980000000000004,33.94,33.92,34.24,34.24,34.2,34.18,34.14,34.1,34.06,34.02,34.0,33.96,33.92,34.28,34.26,34.22,34.18,34.14,34.1,34.08,34.04,34.0,33.96,33.96,34.300000000000004,34.26,34.22,34.2,34.160000000000004,34.12,34.08,34.06,34.02,34.02,33.980000000000004,34.32,34.28,34.24,34.2,34.160000000000004,34.14,34.1,34.1,34.06,34.02,34.0,34.32,34.28,34.24,34.22,34.160000000000004,34.14,34.14,34.1,34.06,34.02,34.0,34.32,34.28,34.24,34.22,34.18,34.18,34.14,34.1,34.08,34.04,34.0,34.34,34.300000000000004,34.26,34.22,34.22,34.18,34.160000000000004,34.12,34.08,34.04,34.02
2021-05-03 04:00:00,16.6,16.580000000000002,16.580000000000002,16.56,16.56,16.56,16.54,16.54,16.54,16.52,16.52,16.64,16.62,16.62,16.62,16.6,16.6,16.6,16.54,16.54,16.52,16.52,16.64,16.62,16.62,16.62,16.6,16.6,16.6,16.580000000000002,16.580000000000002,16.580000000000002,16.56,16.68,16.68,16.66,16.66,16.66,16.64,16.64,16.64,16.62,16.62,16.6,16.72,16.72,16.7,16.7,16.7,16.7,16.68,16.68,16.66,16.66,16.66,16.76,16.76,16.76,16.76,16.740000000000002,16.740000000000002,16.72,16.72,16.72,16.7,16.7,16.82,16.82,16.8,16.8,16.8,16.78,16.78,16.76,16.76,16.76,16.740000000000002,16.86,16.86,16.86,16.84,16.84,16.82,16.82,16.82,16.8,16.8,16.8,16.92,16.9,16.9,16.88,16.88,16.88,16.82,16.82,16.82,16.8,16.8,16.92,16.9,16.9,16.88,16.88,16.88,16.86,16.86,16.86,16.84,16.84,16.96,16.94,16.94,16.94,16.92,16.92,16.92,16.9,16.9,16.9,16.88
2021-04-17 05:00:00,23.36,23.36,23.38,23.400000000000002,23.42,23.44,23.44,23.42,23.44,23.44,23.46,23.36,23.36,23.38,23.400000000000002,23.42,23.42,23.44,23.46,23.48,23.5,23.5,23.400000000000002,23.42,23.44,23.44,23.44,23.46,23.48,23.5,23.52,23.54,23.56,23.44,23.46,23.48,23.48,23.5,23.5,23.52,23.54,23.56,23.580000000000002,23.6,23.48,23.5,23.5,23.52,23.54,23.56,23.580000000000002,23.580000000000002,23.6,23.62,23.64,23.52,23.52,23.54,23.56,23.580000000000002,23.6,23.62,23.64,23.64,23.66,23.68,23.56,23.580000000000002,23.580000000000002,23.6,23.62,23.64,23.66,23.68,23.7,23.7,23.72,23.6,23.62,23.64,23.66,23.66,23.68,23.66,23.68,23.68,23.7,23.72,23.6,23.62,23.64,23.66,23.66,23.68,23.7,23.7,23.72,23.740000000000002,23.76,23.64,23.66,23.68,23.7,23.72,23.72,23.72,23.740000000000002,23.76,23.78,23.8,23.68,23.7,23.72,23.740000000000002,23.76,23.76,23.78,23.78,23.8,23.82,23.84
2021-11-16 03:00:00,52.980000000000004,52.980000000000004,52.96,52.94,52.94,52.94,52.92,52.92,52.9,52.9,52.88,53.02,53.02,53.0,53.0,53.0,52.980000000000004,52.96,52.96,52.94,52.94,52.92,53.06,53.06,53.06,53.04,53.04,53.02,53.02,53.0,52.980000000000004,52.980000000000004,52.96,53.120000000000005,53.120000000000005,53.1,53.08,53.08,53.06,53.06,53.04,53.04,53.02,53.0,53.160000000000004,53.160000000000004,53.14,53.14,53.120000000000005,53.120000000000005,53.1,53.08,53.08,53.06,53.06,53.22,53.2,53.18,53.18,53.160000000000004,53.160000000000004,53.14,53.14,53.14,53.120000000000005,53.1,53.26,53.24,53.24,53.22,53.2,53.160000000000004,53.14,53.14,53.14,53.120000000000005,53.1,53.26,53.24,53.24,53.22,53.2,53.2,53.2,53.18,53.18,53.160000000000004,53.160000000000004,53.300000000000004,53.28,53.28,53.26,53.26,53.26,53.24,53.22,53.22,53.2,53.2,53.34,53.32,53.32,53.300000000000004,53.300000000000004,53.300000000000004,53.28,53.28,53.26,53.24,53.24,53.38,53.38,53.36,53.36,53.34,53.34,53.32,53.32,53.300000000000004,53.300000000000004,53.28
2021-12-27 04:00:00,55.52,55.52,55.5,55.5,55.5,55.5,55.5,55.5,55.5,55.5,55.480000000000004,55.56,55.56,55.56,55.56,55.56,55.54,55.54,55.54,55.54,55.54,55.54,55.6,55.6,55.6,55.6,55.6,55.6,55.6,55.58,55.58,55.58,55.58,55.660000000000004,55.660000000000004,55.64,55.64,55.64,55.64,55.64,55.64,55.64,55.64,55.64,55.7,55.7,55.7,55.7,55.7,55.68,55.68,55.68,55.68,55.68,55.68,55.74,55.74,55.74,55.74,55.74,55.68,55.68,55.68,55.68,55.68,55.68,55.74,55.74,55.74,55.74,55.74,55.74,55.74,55.74,55.72,55.72,55.72,55.800000000000004,55.800000000000004,55.78,55.78,55.78,55.78,55.78,55.78,55.78,55.78,55.76,55.84,55.84,55.84,55.84,55.84,55.82,55.82,55.82,55.82,55.82,55.82,55.88,55.88,55.88,55.88,55.88,55.88,55.88,55.88,55.86,55.86,55.86,55.94,55.94,55.94,55.92,55.92,55.92,55.92,55.92,55.92,55.92,55.9
2021-06-30 01:00:00,45.42,45.38,45.34,45.32,45.28,45.28,45.24,45.2,45.160000000000004,45.12,45.08,45.42,45.38,45.34,45.32,45.32,45.28,45.24,45.2,45.160000000000004,45.12,45.08,45.42,45.38,45.34,45.34,45.32,45.28,45.24,45.2,45.160000000000004,45.12,45.08,45.42,45.38,45.38,45.34,45.300000000000004,45.26,45.22,45.2,45.160000000000004,45.12,45.08,45.42,45.42,45.38,45.34,45.300000000000004,45.26,45.22,45.18,45.14,45.1,45.06,45.44,45.4,45.36,45.32,45.300000000000004,45.26,45.22,45.18,45.14,45.1,45.1,45.44,45.4,45.36,45.32,45.28,45.24,45.22,45.18,45.14,45.14,45.1,45.44,45.4,45.36,45.32,45.28,45.24,45.2,45.2,45.160000000000004,45.12,45.1,45.42,45.38,45.34,45.32,45.28,45.24,45.24,45.2,45.160000000000004,45.12,45.1,45.42,45.38,45.34,45.32,45.28,45.28,45.24,45.2,45.160000000000004,45.12,45.08,45.42,45.38,45.34,45.300000000000004,45.300000000000004,45.26,45.22,45.2,45.160000000000004,45.12,45.08
2021-11-08 05:00:00,50.4,50.42,50.42,50.44,50.46,50.46,50.46,50.480000000000004,50.480000000000004,50.5,50.52,50.44,50.46,50.480000000000004,50.480000000000004,50.5,50.5,50.52,50.52,50.54,50.54,50.56,50.5,50.5,50.52,50.54,50.54,50.54,50.56,50.56,50.58,50.6,50.6,50.54,50.56,50.56,50.56,50.58,50.6,50.6,50.620000000000005,50.620000000000005,50.64,50.660000000000004,50.58,50.6,50.6,50.620000000000005,50.620000000000005,50.64,50.64,50.660000000000004,50.68,50.68,50.7,50.64,50.64,50.64,50.660000000000004,50.660000000000004,50.68,50.7,50.7,50.72,50.74,50.74,50.660000000000004,50.68,50.7,50.7,50.72,50.72,50.74,50.7,50.72,50.72,50.74,50.660000000000004,50.68,50.7,50.7,50.72,50.72,50.74,50.76,50.76,50.76,50.78,50.72,50.72,50.74,50.76,50.76,50.78,50.78,50.78,50.800000000000004,50.82,50.82,50.76,50.78,50.78,50.800000000000004,50.800000000000004,50.82,50.82,50.84,50.84,50.86,50.86,50.800000000000004,50.82,50.82,50.84,50.86,50.86,50.86,50.88,50.9,50.9,50.92
2021-12-20 04:00:00,55.56,55.56,55.56,55.56,55.54,55.54,55.54,55.54,55.54,55.54,55.54,55.6,55.6,55.6,55.6,55.6,55.6,55.6,55.58,55.58,55.58,55.58,55.64,55.64,55.64,55.64,55.64,55.64,55.64,55.64,55.64,55.64,55.620000000000005,55.7,55.7,55.7,55.7,55.68,55.68,55.68,55.68,55.68,55.68,55.68,55.74,55.74,55.74,55.74,55.74,55.74,55.74,55.72,55.72,55.72,55.72,55.800000000000004,55.78,55.78,55.78,55.78,55.74,55.74,55.74,55.72,55.72,55.72,55.800000000000004,55.78,55.78,55.78,55.78,55.78,55.78,55.78,55.78,55.78,55.78,55.84,55.84,55.84,55.84,55.82,55.82,55.82,55.82,55.82,55.82,55.82,55.88,55.88,55.88,55.88,55.88,55.88,55.88,55.88,55.86,55.86,55.86,55.94,55.92,55.92,55.92,55.92,55.92,55.92,55.92,55.92,55.92,55.92,55.980000000000004,55.980000000000004,55.980000000000004,55.980000000000004,55.980000000000004,55.96,55.96,55.96,55.96,55.96,55.96
2021-03-30 03:00:00,34.34,34.32,34.28,34.26,34.24,34.24,34.18,34.160000000000004,34.14,34.12,34.1,34.34,34.32,34.28,34.26,34.26,34.24,34.22,34.2,34.18,34.14,34.12,34.36,34.34,34.32,34.32,34.300000000000004,34.28,34.26,34.22,34.2,34.18,34.160000000000004,34.4,34.38,34.38,34.36,34.34,34.300000000000004,34.28,34.26,34.24,34.22,34.2,34.44,34.44,34.42,34.38,34.36,34.34,34.32,34.300000000000004,34.28,34.24,34.22,34.5,34.46,34.44,34.42,34.4,34.38,34.36,34.34,34.300000000000004,34.28,34.28,34.52,34.5,34.480000000000004,34.46,34.44,34.42,34.38,34.36,34.36,34.34,34.32,34.56,34.54,34.52,34.5,34.46,34.42,34.38,34.38,34.36,34.34,34.32,34.56,34.54,34.52,34.5,34.46,34.44,34.44,34.42,34.4,34.38,34.36,34.6,34.58,34.54,34.52,34.5,34.5,34.480000000000004,34.46,34.44,34.4,34.38,34.62,34.6,34.58,34.56,34.56,34.54,34.52,34.5,34.46,34.44,34.42
2021-04-06 03:00:00,31.82,31.78,31.76,31.740000000000002,31.720000000000002,31.720000000000002,31.66,31.64,31.6,31.580000000000002,31.560000000000002,31.82,31.78,31.76,31.740000000000002,31.740000000000002,31.720000000000002,31.7,31.66,31.64,31.62,31.6,31.84,31.82,31.8,31.8,31.78,31.740000000000002,31.720000000000002,31.7,31.68,31.66,31.62,31.88,31.86,31.86,31.82,31.8,31.78,31.76,31.740000000000002,31.7,31.68,31.66,31.92,31.92,31.88,31.86,31.84,31.82,31.78,31.76,31.740000000000002,31.720000000000002,31.7,31.96,31.94,31.92,31.900000000000002,31.88,31.84,31.82,31.8,31.78,31.76,31.76,32.0,31.98,31.96,31.92,31.900000000000002,31.88,31.86,31.84,31.84,31.8,31.78,32.04,32.0,31.98,31.96,31.94,31.88,31.86,31.86,31.84,31.8,31.78,32.04,32.0,31.98,31.96,31.94,31.92,31.92,31.88,31.86,31.84,31.82,32.06,32.04,32.02,32.0,31.96,31.96,31.94,31.92,31.900000000000002,31.88,31.84,32.1,32.08,32.06,32.02,32.02,32.0,31.98,31.96,31.94,31.900000000000002,31.88
2021-06-22 03:00:00,19.88,19.84,19.82,19.78,19.740000000000002,19.7,19.7,19.66,19.64,19.6,19.56,19.900000000000002,19.86,19.82,19.8,19.76,19.76,19.7,19.66,19.64,19.6,19.56,19.900000000000002,19.86,19.82,19.8,19.8,19.76,19.72,19.68,19.66,19.62,19.580000000000002,19.900000000000002,19.88,19.84,19.84,19.8,19.76,19.740000000000002,19.7,19.66,19.62,19.6,19.92,19.88,19.88,19.84,19.82,19.78,19.740000000000002,19.7,19.68,19.64,19.6,19.94,19.94,19.900000000000002,19.86,19.82,19.8,19.76,19.72,19.68,19.66,19.62,19.98,19.94,19.92,19.88,19.84,19.8,19.78,19.740000000000002,19.7,19.66,19.66,20.0,19.96,19.92,19.88,19.86,19.82,19.78,19.740000000000002,19.740000000000002,19.72,19.68,20.0,19.98,19.94,19.900000000000002,19.86,19.82,19.78,19.78,19.740000000000002,19.72,19.68,20.0,19.98,19.94,19.900000000000002,19.86,19.84,19.84,19.8,19.76,19.72,19.7,20.02,19.98,19.94,19.92,19.88,19.88,19.84,19.8,19.78,19.740000000000002,19.7
2021-09-07 04:00:00,26.26,26.26,26.240000000000002,26.240000000000002,26.240000000000002,26.240000000000002,26.240000000000002,26.18,26.18,26.18,26.16,26.26,26.26,26.240000000000002,26.240000000000002,26.240000000000002,26.240000000000002,26.240000000000002,26.22,26.22,26.22,26.22,26.3,26.3,26.3,26.28,26.28,26.28,26.28,26.28,26.26,26.26,26.26,26.36,26.34,26.34,26.34,26.34,26.32,26.32,26.32,26.32,26.3,26.3,26.400000000000002,26.400000000000002,26.400000000000002,26.38,26.38,26.38,26.36,26.36,26.36,26.36,26.34,26.44,26.44,26.44,26.44,26.42,26.42,26.42,26.42,26.400000000000002,26.400000000000002,26.400000000000002,26.5,26.48,26.48,26.48,26.48,26.46,26.46,26.46,26.46,26.46,26.44,26.54,26.54,26.52,26.52,26.52,26.52,26.46,26.46,26.46,26.46,26.44,26.54,26.54,26.52,26.52,26.52,26.52,26.5,26.5,26.5,26.5,26.5,26.580000000000002,26.580000000000002,26.580000000000002,26.560000000000002,26.560000000000002,26.560000000000002,26.560000000000002,26.560000000000002,26.54,26.54,26.54,26.64,26.62,26.62,26.62,26.6,26.6,26.6,26.6,26.6,26.580000000000002,26.580000000000002
2021-05-21 01:00:00,45.14,45.1,45.06,45.02,44.980000000000004,44.980000000000004,44.94,44.92,44.88,44.84,44.800000000000004,45.14,45.1,45.06,45.02,45.02,44.980000000000004,44.94,44.92,44.88,44.84,44.800000000000004,45.14,45.1,45.06,45.06,45.02,44.980000000000004,44.96,44.92,44.88,44.84,44.800000000000004,45.14,45.1,45.1,45.06,45.02,44.980000000000004,44.94,44.92,44.88,44.84,44.800000000000004,45.14,45.14,45.1,45.06,45.02,44.980000000000004,44.94,44.9,44.88,44.84,44.800000000000004,45.160000000000004,45.14,45.1,45.06,45.02,44.980000000000004,44.94,44.9,44.86,44.84,44.84,45.18,45.14,45.1,45.06,45.02,44.980000000000004,44.94,44.9,44.86,44.86,44.84,45.160000000000004,45.14,45.1,45.06,45.02,44.980000000000004,44.94,44.94,44.9,44.86,44.82,45.160000000000004,45.12,45.08,45.06,45.02,44.980000000000004,44.980000000000004,44.94,44.9,44.86,44.82,45.160000000000004,45.12,45.08,45.06,45.02,45.02,44.980000000000004,44.94,44.9,44.86,44.82,45.160000000000004,45.12,45.08,45.04,45.04,45.02,44.980000000000004,44.94,44.9,44.86,44.82
2021-06-13 00:00:00,57.28,57.24,57.2,57.160000000000004,57.160000000000004,57.120000000000005,57.1,57.06,57.02,56.980000000000004,56.94,57.28,57.24,57.2,57.2,57.160000000000004,57.120000000000005,57.1,57.06,57.02,56.980000000000004,56.94,57.28,57.24,57.24,57.2,57.160000000000004,57.120000000000005,57.08,57.04,57.0,56.980000000000004,56.94,57.26,57.26,57.22,57.18,57.14,57.1,57.08,57.04,57.0,56.96,56.92,57.28,57.24,57.2,57.18,57.14,57.1,57.06,57.02,56.980000000000004,56.94,56.94,57.28,57.24,57.2,57.160000000000004,57.120000000000005,57.08,57.04,57.0,56.980000000000004,56.980000000000004,56.94,57.26,57.22,57.18,57.160000000000004,57.120000000000005,57.08,57.04,57.0,57.0,56.96,56.92,57.26,57.22,57.18,57.14,57.1,57.06,57.06,57.02,56.980000000000004,56.96,56.92,57.24,57.2,57.160000000000004,57.14,57.1,57.1,57.06,57.02,56.980000000000004,56.96,56.92,57.24,57.2,57.160000000000004,57.120000000000005,57.120000000000005,57.08,57.06,57.02,56.980000000000004,56.94,56.9,57.22,57.2,57.160000000000004,57.160000000000004,57.120000000000005,57.08,57.04,57.0,56.96,56.92,56.88
2021-07-09 01:00:00,46.08,46.04,46.0,45.96,45.92,45.92,45.9,45.86,45.82,45.78,45.74,46.08,46.04,46.0,45.96,45.96,45.92,45.9,45.86,45.82,45.78,45.74,46.08,46.04,46.0,46.0,45.96,45.92,45.9,45.86,45.82,45.78,45.74,46.08,46.04,46.04,46.0,45.96,45.92,45.88,45.84,45.800000000000004,45.78,45.74,46.06,46.06,46.02,46.0,45.96,45.92,45.88,45.84,45.800000000000004,45.76,45.72,46.1,46.06,46.02,45.980000000000004,45.94,45.92,45.88,45.84,45.800000000000004,45.76,45.76,46.1,46.06,46.02,45.980000000000004,45.94,45.9,45.88,45.84,45.800000000000004,45.800000000000004,45.76,46.1,46.06,46.02,45.980000000000004,45.94,45.9,45.86,45.86,45.82,45.78,45.76,46.08,46.04,46.02,45.980000000000004,45.94,45.9,45.9,45.86,45.82,45.78,45.76,46.08,46.04,46.02,45.980000000000004,45.94,45.94,45.9,45.86,45.82,45.78,45.74,46.08,46.04,46.0,45.96,45.96,45.92,45.9,45.86,45.82,45.78,45.74
2021-08-09 04:00:00,17.080000000000002,17.06,17.06,17.04,17.02,17.02,17.0,17.0,17.0,16.98,16.96,17.12,17.1,17.1,17.080000000000002,17.080000000000002,17.06,17.06,17.0,17.0,16.98,16.96,17.12,17.1,17.1,17.080000000000002,17.080000000000002,17.080000000000002,17.06,17.04,17.04,17.02,17.02,17.16,17.16,17.14,17.12,17.12,17.12,17.1,17.080000000000002,17.080000000000002,17.06,17.06,17.2,17.2,17.18,17.18,17.16,17.16,17.14,17.14,17.12,17.1,17.1,17.240000000000002,17.240000000000002,17.240000000000002,17.22,17.22,17.2,17.18,17.18,17.16,17.14,17.14,17.3,17.3,17.28,17.26,17.26,17.240000000000002,17.22,17.22,17.2,17.2,17.18,17.34,17.34,17.32,17.3,17.3,17.28,17.28,17.26,17.240000000000002,17.240000000000002,17.240000000000002,17.38,17.38,17.36,17.36,17.34,17.32,17.28,17.26,17.26,17.240000000000002,17.240000000000002,17.38,17.38,17.36,17.36,17.34,17.32,17.32,17.32,17.3,17.3,17.28,17.44,17.42,17.400000000000002,17.400000000000002,17.38,17.36,17.36,17.36,17.34,17.34,17.32
2021-04-17 04:00:00,21.86,21.84,21.84,21.82,21.82,21.82,21.82,21.76,21.76,21.740000000000002,21.740000000000002,21.86,21.84,21.84,21.82,21.82,21.82,21.82,21.8,21.8,21.8,21.78,21.900000000000002,21.88,21.88,21.88,21.88,21.86,21.86,21.86,21.84,21.84,21.82,21.94,21.94,21.92,21.92,21.92,21.900000000000002,21.900000000000002,21.900000000000002,21.88,21.88,21.88,21.98,21.98,21.98,21.96,21.96,21.96,21.94,21.94,21.94,21.92,21.92,22.02,22.02,22.02,22.02,22.0,22.0,22.0,21.98,21.98,21.98,21.96,22.080000000000002,22.080000000000002,22.06,22.06,22.06,22.04,22.04,22.04,22.02,22.02,22.02,22.12,22.12,22.12,22.1,22.1,22.1,22.04,22.04,22.04,22.02,22.02,22.12,22.12,22.12,22.1,22.1,22.1,22.080000000000002,22.080000000000002,22.080000000000002,22.06,22.06,22.18,22.16,22.16,22.14,22.14,22.14,22.14,22.12,22.12,22.12,22.1,22.22,22.2,22.2,22.2,22.18,22.18,22.18,22.18,22.16,22.16,22.16
2021-05-13 04:00:00,13.94,13.92,13.92,13.9,13.9,13.88,13.88,13.88,13.86,13.86,13.86,13.98,13.96,13.96,13.94,13.94,13.94,13.94,13.88,13.86,13.86,13.86,13.98,13.96,13.96,13.94,13.94,13.94,13.94,13.92,13.92,13.9,13.9,14.02,14.02,14.0,14.0,14.0,13.98,13.98,13.96,13.96,13.94,13.94,14.06,14.06,14.040000000000001,14.040000000000001,14.040000000000001,14.02,14.02,14.02,14.0,14.0,13.98,14.1,14.1,14.1,14.1,14.08,14.08,14.06,14.06,14.040000000000001,14.040000000000001,14.02,14.16,14.16,14.14,14.14,14.120000000000001,14.120000000000001,14.1,14.1,14.1,14.08,14.08,14.200000000000001,14.200000000000001,14.18,14.18,14.16,14.16,14.16,14.14,14.14,14.14,14.120000000000001,14.26,14.24,14.24,14.22,14.22,14.200000000000001,14.16,14.14,14.14,14.14,14.120000000000001,14.26,14.24,14.24,14.22,14.22,14.200000000000001,14.200000000000001,14.200000000000001,14.18,14.18,14.18,14.3,14.280000000000001,14.280000000000001,14.26,14.26,14.24,14.24,14.24,14.24,14.22,14.22
2021-12-28 04:00:00,55.480000000000004,55.480000000000004,55.480000000000004,55.480000000000004,55.46,55.46,55.46,55.46,55.46,55.46,55.46,55.52,55.52,55.52,55.52,55.52,55.52,55.5,55.5,55.5,55.5,55.5,55.56,55.56,55.56,55.56,55.56,55.56,55.56,55.56,55.54,55.54,55.54,55.620000000000005,55.620000000000005,55.620000000000005,55.620000000000005,55.6,55.6,55.6,55.6,55.6,55.6,55.6,55.660000000000004,55.660000000000004,55.660000000000004,55.660000000000004,55.660000000000004,55.660000000000004,55.64,55.64,55.64,55.64,55.64,55.72,55.7,55.7,55.7,55.7,55.660000000000004,55.64,55.64,55.64,55.64,55.64,55.72,55.7,55.7,55.7,55.7,55.7,55.7,55.7,55.7,55.68,55.68,55.76,55.76,55.76,55.74,55.74,55.74,55.74,55.74,55.74,55.74,55.74,55.800000000000004,55.800000000000004,55.800000000000004,55.800000000000004,55.800000000000004,55.800000000000004,55.800000000000004,55.78,55.78,55.78,55.78,55.86,55.84,55.84,55.84,55.84,55.84,55.84,55.84,55.84,55.82,55.82,55.9,55.9,55.9,55.9,55.88,55.88,55.88,55.88,55.88,55.88,55.88
2021-10-21 05:00:00,44.72,44.74,44.76,44.76,44.78,44.78,44.800000000000004,44.82,44.82,44.84,44.86,44.78,44.78,44.800000000000004,44.82,44.82,44.82,44.84,44.86,44.86,44.88,44.9,44.82,44.84,44.84,44.84,44.86,44.88,44.88,44.9,44.92,44.92,44.94,44.86,44.88,44.88,44.9,44.9,44.92,44.94,44.94,44.96,44.980000000000004,44.980000000000004,44.92,44.92,44.92,44.94,44.96,44.96,44.980000000000004,45.0,45.0,45.02,45.04,44.94,44.96,44.980000000000004,44.980000000000004,45.0,45.02,45.02,45.04,45.06,45.06,45.06,44.980000000000004,45.0,45.02,45.02,45.04,45.06,45.02,45.04,45.04,45.06,45.06,44.980000000000004,45.0,45.02,45.02,45.04,45.06,45.08,45.08,45.08,45.1,45.12,45.04,45.04,45.06,45.08,45.08,45.1,45.1,45.12,45.14,45.14,45.160000000000004,45.08,45.1,45.1,45.12,45.14,45.14,45.14,45.160000000000004,45.18,45.18,45.2,45.12,45.14,45.160000000000004,45.160000000000004,45.160000000000004,45.18,45.2,45.2,45.22,45.24,45.24
2021-04-19 03:00:00,27.52,27.5,27.48,27.44,27.42,27.42,27.36,27.34,27.3,27.28,27.26,27.52,27.5,27.48,27.44,27.44,27.42,27.400000000000002,27.36,27.34,27.32,27.28,27.560000000000002,27.52,27.5,27.5,27.48,27.44,27.42,27.400000000000002,27.38,27.34,27.32,27.580000000000002,27.560000000000002,27.560000000000002,27.54,27.5,27.48,27.46,27.42,27.400000000000002,27.38,27.34,27.62,27.62,27.580000000000002,27.560000000000002,27.54,27.5,27.48,27.46,27.42,27.400000000000002,27.38,27.68,27.64,27.62,27.6,27.560000000000002,27.54,27.52,27.48,27.46,27.44,27.44,27.7,27.68,27.64,27.62,27.6,27.560000000000002,27.54,27.52,27.52,27.5,27.46,27.740000000000002,27.7,27.68,27.66,27.62,27.560000000000002,27.54,27.54,27.52,27.5,27.46,27.740000000000002,27.7,27.68,27.66,27.62,27.6,27.6,27.580000000000002,27.54,27.52,27.5,27.76,27.740000000000002,27.7,27.68,27.66,27.66,27.62,27.6,27.580000000000002,27.560000000000002,27.52,27.8,27.76,27.740000000000002,27.72,27.72,27.68,27.66,27.64,27.62,27.580000000000002,27.560000000000002
2021-04-17 02:00:00,38.54,38.5,38.480000000000004,38.44,38.44,38.38,38.34,38.32,38.28,38.24,38.22,38.54,38.5,38.480000000000004,38.480000000000004,38.44,38.4,38.38,38.34,38.300000000000004,38.26,38.24,38.56,38.52,38.52,38.480000000000004,38.46,38.42,38.38,38.36,38.32,38.28,38.26,38.58,38.58,38.54,38.5,38.46,38.44,38.4,38.36,38.34,38.300000000000004,38.26,38.62,38.58,38.56,38.52,38.480000000000004,38.46,38.42,38.38,38.36,38.32,38.32,38.64,38.6,38.58,38.54,38.5,38.480000000000004,38.44,38.4,38.38,38.38,38.34,38.660000000000004,38.62,38.58,38.56,38.52,38.480000000000004,38.46,38.46,38.42,38.38,38.36,38.68,38.64,38.6,38.58,38.52,38.480000000000004,38.480000000000004,38.46,38.42,38.38,38.36,38.68,38.64,38.6,38.58,38.54,38.54,38.5,38.480000000000004,38.44,38.4,38.38,38.68,38.660000000000004,38.62,38.58,38.58,38.56,38.52,38.480000000000004,38.46,38.42,38.38,38.7,38.68,38.64,38.64,38.6,38.58,38.54,38.5,38.480000000000004,38.44,38.4
2021-06-01 01:00:00,44.62,44.58,44.54,44.5,44.480000000000004,44.480000000000004,44.44,44.4,44.36,44.32,44.28,44.62,44.58,44.54,44.5,44.5,44.480000000000004,44.44,44.4,44.36,44.32,44.28,44.62,44.58,44.54,44.54,44.5,44.480000000000004,44.44,44.4,44.36,44.32,44.28,44.62,44.58,44.58,44.54,44.5,44.46,44.42,44.4,44.36,44.32,44.28,44.62,44.62,44.58,44.54,44.5,44.46,44.42,44.38,44.34,44.300000000000004,44.28,44.64,44.6,44.56,44.54,44.5,44.46,44.42,44.38,44.34,44.300000000000004,44.300000000000004,44.64,44.6,44.56,44.54,44.5,44.46,44.42,44.38,44.34,44.34,44.300000000000004,44.64,44.6,44.56,44.52,44.480000000000004,44.46,44.42,44.42,44.38,44.34,44.300000000000004,44.64,44.6,44.56,44.52,44.480000000000004,44.46,44.46,44.42,44.38,44.34,44.300000000000004,44.64,44.6,44.56,44.52,44.480000000000004,44.480000000000004,44.44,44.4,44.38,44.34,44.300000000000004,44.64,44.6,44.56,44.52,44.52,44.480000000000004,44.44,44.4,44.36,44.32,44.28
2021-07-10 03:00:00,21.18,21.14,21.1,21.06,21.04,21.0,21.0,20.96,20.94,20.900000000000002,20.86,21.2,21.16,21.12,21.080000000000002,21.06,21.06,21.0,20.96,20.94,20.900000000000002,20.86,21.2,21.16,21.12,21.080000000000002,21.080000000000002,21.06,21.02,20.98,20.94,20.92,20.88,21.2,21.16,21.14,21.14,21.1,21.06,21.04,21.0,20.96,20.92,20.900000000000002,21.22,21.18,21.18,21.14,21.12,21.080000000000002,21.04,21.0,20.98,20.94,20.900000000000002,21.240000000000002,21.240000000000002,21.2,21.16,21.12,21.1,21.06,21.02,20.98,20.96,20.92,21.28,21.240000000000002,21.22,21.18,21.14,21.1,21.080000000000002,21.04,21.0,20.98,20.98,21.3,21.26,21.22,21.2,21.16,21.12,21.080000000000002,21.06,21.06,21.02,20.98,21.3,21.28,21.240000000000002,21.2,21.18,21.12,21.080000000000002,21.080000000000002,21.06,21.02,20.98,21.3,21.28,21.240000000000002,21.2,21.18,21.14,21.14,21.1,21.06,21.04,21.0,21.32,21.28,21.26,21.22,21.18,21.18,21.14,21.12,21.080000000000002,21.04,21.02
2021-06-15 03:00:00,19.64,19.6,19.56,19.54,19.5,19.46,19.46,19.42,19.400000000000002,19.36,19.32,19.66,19.62,19.580000000000002,19.56,19.52,19.52,19.46,19.42,19.400000000000002,19.36,19.32,19.66,19.62,19.580000000000002,19.56,19.56,19.52,19.48,19.44,19.42,19.38,19.34,19.66,19.64,19.6,19.6,19.56,19.52,19.5,19.46,19.42,19.38,19.36,19.68,19.64,19.64,19.62,19.580000000000002,19.54,19.5,19.48,19.44,19.400000000000002,19.36,19.7,19.7,19.66,19.62,19.580000000000002,19.56,19.52,19.48,19.44,19.42,19.38,19.740000000000002,19.7,19.68,19.64,19.6,19.56,19.54,19.5,19.46,19.44,19.44,19.76,19.72,19.68,19.66,19.62,19.580000000000002,19.54,19.52,19.52,19.48,19.44,19.76,19.740000000000002,19.7,19.66,19.64,19.580000000000002,19.54,19.54,19.52,19.48,19.44,19.76,19.740000000000002,19.7,19.66,19.64,19.6,19.6,19.56,19.52,19.5,19.46,19.78,19.740000000000002,19.72,19.68,19.64,19.64,19.6,19.580000000000002,19.54,19.5,19.46
2021-07-04 04:00:00,10.48,10.46,10.44,10.44,10.42,10.4,10.38,10.38,10.36,10.34,10.32,10.52,10.5,10.48,10.48,10.46,10.44,10.44,10.38,10.36,10.34,10.32,10.52,10.5,10.48,10.48,10.46,10.46,10.44,10.42,10.4,10.38,10.36,10.56,10.540000000000001,10.52,10.5,10.5,10.48,10.48,10.46,10.44,10.42,10.4,10.6,10.58,10.56,10.56,10.540000000000001,10.52,10.5,10.48,10.48,10.46,10.44,10.64,10.620000000000001,10.620000000000001,10.6,10.58,10.56,10.540000000000001,10.52,10.5,10.5,10.48,10.68,10.68,10.66,10.64,10.620000000000001,10.6,10.58,10.56,10.540000000000001,10.540000000000001,10.52,10.74,10.72,10.700000000000001,10.68,10.66,10.64,10.620000000000001,10.6,10.58,10.58,10.56,10.78,10.76,10.74,10.72,10.700000000000001,10.68,10.620000000000001,10.6,10.6,10.58,10.56,10.78,10.76,10.74,10.72,10.700000000000001,10.68,10.66,10.66,10.64,10.620000000000001,10.6,10.82,10.8,10.78,10.76,10.74,10.72,10.72,10.700000000000001,10.68,10.66,10.64
2021-12-30 04:00:00,55.38,55.38,55.38,55.38,55.38,55.36,55.36,55.36,55.36,55.36,55.36,55.42,55.42,55.42,55.42,55.42,55.42,55.42,55.4,55.4,55.4,55.4,55.480000000000004,55.480000000000004,55.480000000000004,55.46,55.46,55.46,55.46,55.46,55.46,55.44,55.44,55.52,55.52,55.52,55.52,55.52,55.5,55.5,55.5,55.5,55.5,55.5,55.56,55.56,55.56,55.56,55.56,55.56,55.56,55.54,55.54,55.54,55.54,55.620000000000005,55.620000000000005,55.6,55.6,55.6,55.56,55.56,55.56,55.54,55.54,55.54,55.620000000000005,55.620000000000005,55.6,55.6,55.6,55.6,55.6,55.6,55.6,55.6,55.58,55.660000000000004,55.660000000000004,55.660000000000004,55.660000000000004,55.660000000000004,55.660000000000004,55.64,55.64,55.64,55.64,55.64,55.7,55.7,55.7,55.7,55.7,55.7,55.7,55.7,55.68,55.68,55.68,55.76,55.76,55.74,55.74,55.74,55.74,55.74,55.74,55.74,55.74,55.72,55.800000000000004,55.800000000000004,55.800000000000004,55.800000000000004,55.800000000000004,55.78,55.78,55.78,55.78,55.78,55.78
2021-04-19 01:00:00,50.02,49.980000000000004,49.94,49.9,49.9,49.86,49.84,49.800000000000004,49.76,49.72,49.68,50.02,49.980000000000004,49.96,49.96,49.9,49.86,49.84,49.800000000000004,49.76,49.72,49.68,50.02,49.980000000000004,49.980000000000004,49.96,49.92,49.88,49.84,49.800000000000004,49.76,49.74,49.7,50.04,50.04,50.0,49.96,49.92,49.88,49.84,49.82,49.78,49.74,49.7,50.08,50.04,50.0,49.96,49.92,49.9,49.86,49.82,49.78,49.74,49.74,50.08,50.04,50.0,49.96,49.94,49.9,49.86,49.82,49.78,49.78,49.76,50.08,50.06,50.02,49.980000000000004,49.94,49.9,49.86,49.84,49.84,49.800000000000004,49.76,50.1,50.06,50.02,49.980000000000004,49.94,49.92,49.92,49.88,49.84,49.800000000000004,49.76,50.1,50.06,50.02,49.980000000000004,49.94,49.94,49.92,49.88,49.84,49.800000000000004,49.76,50.1,50.06,50.02,50.0,50.0,49.96,49.92,49.88,49.84,49.800000000000004,49.78,50.1,50.06,50.04,50.04,50.0,49.96,49.92,49.88,49.86,49.82,49.78
2021-04-29 05:00:00,19.96,19.98,20.0,20.02,20.06,20.080000000000002,20.080000000000002,20.06,20.080000000000002,20.1,20.12,19.96,19.98,20.0,20.02,20.06,20.06,20.080000000000002,20.1,20.12,20.14,20.16,20.0,20.04,20.06,20.080000000000002,20.080000000000002,20.1,20.12,20.14,20.16,20.18,20.2,20.06,20.080000000000002,20.1,20.1,20.12,20.14,20.16,20.18,20.2,20.22,20.240000000000002,20.1,20.12,20.12,20.14,20.16,20.18,20.2,20.22,20.240000000000002,20.26,20.28,20.14,20.14,20.16,20.18,20.2,20.22,20.240000000000002,20.26,20.28,20.3,20.32,20.16,20.18,20.2,20.22,20.240000000000002,20.26,20.28,20.3,20.32,20.32,20.34,20.2,20.22,20.240000000000002,20.26,20.28,20.3,20.28,20.3,20.3,20.32,20.34,20.2,20.22,20.240000000000002,20.26,20.28,20.3,20.32,20.32,20.34,20.36,20.38,20.240000000000002,20.26,20.28,20.3,20.32,20.34,20.34,20.36,20.38,20.400000000000002,20.42,20.28,20.3,20.32,20.34,20.36,20.36,20.38,20.400000000000002,20.42,20.44,20.46
2021-05-09 03:00:00,22.46,22.44,22.400000000000002,22.38,22.34,22.32,22.32,22.28,22.26,22.22,22.2,22.5,22.46,22.44,22.400000000000002,22.38,22.38,22.32,22.28,22.26,22.22,22.2,22.5,22.46,22.44,22.400000000000002,22.400000000000002,22.38,22.34,22.32,22.28,22.26,22.22,22.52,22.48,22.46,22.46,22.42,22.400000000000002,22.36,22.34,22.3,22.28,22.240000000000002,22.54,22.52,22.52,22.48,22.46,22.42,22.400000000000002,22.36,22.34,22.3,22.28,22.56,22.56,22.54,22.5,22.48,22.44,22.42,22.38,22.36,22.32,22.3,22.62,22.6,22.56,22.54,22.5,22.48,22.44,22.42,22.38,22.36,22.36,22.64,22.62,22.580000000000002,22.56,22.52,22.5,22.46,22.44,22.44,22.400000000000002,22.38,22.68,22.64,22.62,22.580000000000002,22.56,22.5,22.46,22.46,22.44,22.400000000000002,22.38,22.68,22.64,22.62,22.580000000000002,22.56,22.52,22.52,22.5,22.46,22.44,22.400000000000002,22.7,22.66,22.64,22.6,22.580000000000002,22.580000000000002,22.54,22.52,22.48,22.46,22.42
2021-03-04 02:00:00,52.58,52.56,52.52,52.5,52.5,52.44,52.4,52.38,52.36,52.32,52.300000000000004,52.58,52.56,52.52,52.52,52.5,52.46,52.44,52.4,52.38,52.36,52.32,52.6,52.58,52.58,52.54,52.52,52.5,52.46,52.44,52.4,52.38,52.36,52.64,52.64,52.6,52.58,52.54,52.52,52.5,52.46,52.44,52.4,52.38,52.68,52.660000000000004,52.620000000000005,52.6,52.58,52.54,52.52,52.480000000000004,52.46,52.44,52.44,52.72,52.68,52.660000000000004,52.64,52.6,52.58,52.54,52.52,52.5,52.5,52.46,52.74,52.72,52.68,52.660000000000004,52.620000000000005,52.6,52.58,52.58,52.54,52.52,52.480000000000004,52.76,52.74,52.72,52.68,52.620000000000005,52.6,52.6,52.58,52.54,52.52,52.480000000000004,52.76,52.74,52.72,52.68,52.660000000000004,52.660000000000004,52.620000000000005,52.6,52.58,52.54,52.52,52.800000000000004,52.76,52.74,52.72,52.72,52.68,52.660000000000004,52.620000000000005,52.6,52.56,52.54,52.82,52.800000000000004,52.76,52.76,52.74,52.72,52.68,52.660000000000004,52.620000000000005,52.6,52.58
2021-11-18 02:00:00,59.24,59.24,59.22,59.2,59.18,59.160000000000004,59.14,59.120000000000005,59.1,59.08,59.06,59.300000000000004,59.28,59.26,59.24,59.22,59.2,59.18,59.160000000000004,59.14,59.120000000000005,59.120000000000005,59.34,59.32,59.300000000000004,59.28,59.26,59.22,59.2,59.18,59.160000000000004,59.160000000000004,59.14,59.38,59.36,59.34,59.300000000000004,59.28,59.26,59.24,59.22,59.22,59.2,59.18,59.4,59.38,59.36,59.34,59.32,59.300000000000004,59.300000000000004,59.28,59.26,59.24,59.22,59.44,59.42,59.4,59.34,59.32,59.32,59.300000000000004,59.28,59.26,59.24,59.22,59.44,59.42,59.4,59.38,59.38,59.36,59.34,59.32,59.300000000000004,59.28,59.26,59.480000000000004,59.46,59.44,59.44,59.42,59.4,59.38,59.36,59.34,59.32,59.300000000000004,59.52,59.5,59.5,59.480000000000004,59.46,59.44,59.42,59.4,59.38,59.36,59.34,59.56,59.56,59.54,59.52,59.5,59.480000000000004,59.46,59.42,59.4,59.38,59.38,59.620000000000005,59.58,59.56,59.54,59.52,59.5,59.480000000000004,59.46,59.44,59.44,59.42
2021-08-25 06:00:00,31.04,31.080000000000002,31.1,31.14,31.16,31.2,31.220000000000002,31.220000000000002,31.220000000000002,31.26,31.28,31.04,31.080000000000002,31.1,31.14,31.16,31.2,31.2,31.220000000000002,31.26,31.28,31.32,31.080000000000002,31.1,31.14,31.16,31.2,31.2,31.220000000000002,31.26,31.28,31.32,31.34,31.1,31.14,31.16,31.2,31.2,31.220000000000002,31.26,31.28,31.32,31.34,31.38,31.14,31.16,31.2,31.2,31.220000000000002,31.26,31.3,31.32,31.36,31.38,31.42,31.16,31.2,31.2,31.220000000000002,31.26,31.28,31.32,31.34,31.38,31.42,31.44,31.2,31.2,31.240000000000002,31.26,31.3,31.32,31.36,31.38,31.42,31.44,31.44,31.2,31.240000000000002,31.26,31.3,31.32,31.36,31.38,31.38,31.42,31.42,31.44,31.2,31.240000000000002,31.26,31.3,31.32,31.36,31.38,31.42,31.42,31.44,31.48,31.240000000000002,31.26,31.3,31.32,31.36,31.38,31.42,31.42,31.44,31.48,31.5,31.26,31.3,31.32,31.36,31.38,31.42,31.42,31.44,31.48,31.5,31.54
2021-03-10 01:00:00,61.34,61.300000000000004,61.300000000000004,61.26,61.22,61.18,61.160000000000004,61.120000000000005,61.08,61.04,61.02,61.34,61.34,61.300000000000004,61.28,61.24,61.2,61.160000000000004,61.14,61.1,61.06,61.04,61.38,61.36,61.32,61.28,61.26,61.22,61.18,61.160000000000004,61.120000000000005,61.08,61.08,61.4,61.38,61.34,61.300000000000004,61.26,61.24,61.2,61.160000000000004,61.14,61.14,61.1,61.42,61.38,61.36,61.32,61.28,61.26,61.22,61.18,61.18,61.160000000000004,61.120000000000005,61.44,61.4,61.38,61.34,61.300000000000004,61.28,61.24,61.24,61.2,61.18,61.14,61.46,61.42,61.38,61.36,61.32,61.32,61.28,61.26,61.22,61.18,61.14,61.480000000000004,61.44,61.38,61.36,61.36,61.32,61.28,61.26,61.22,61.18,61.160000000000004,61.480000000000004,61.44,61.4,61.4,61.38,61.34,61.300000000000004,61.28,61.24,61.2,61.160000000000004,61.480000000000004,61.46,61.46,61.42,61.38,61.36,61.32,61.28,61.26,61.22,61.18,61.5,61.5,61.480000000000004,61.44,61.4,61.38,61.34,61.300000000000004,61.28,61.24,61.2
2021-10-22 03:00:00,45.68,45.660000000000004,45.64,45.64,45.64,45.62,45.6,45.6,45.58,45.56,45.56,45.72,45.7,45.68,45.68,45.68,45.660000000000004,45.64,45.64,45.62,45.6,45.6,45.76,45.74,45.74,45.72,45.72,45.7,45.68,45.68,45.660000000000004,45.64,45.64,45.800000000000004,45.800000000000004,45.78,45.78,45.76,45.74,45.74,45.72,45.7,45.7,45.68,45.86,45.84,45.82,45.82,45.800000000000004,45.78,45.78,45.76,45.74,45.74,45.74,45.9,45.88,45.86,45.86,45.84,45.82,45.82,45.800000000000004,45.800000000000004,45.78,45.78,45.94,45.92,45.92,45.9,45.88,45.82,45.82,45.82,45.800000000000004,45.78,45.78,45.94,45.92,45.92,45.9,45.88,45.88,45.88,45.86,45.84,45.84,45.82,45.980000000000004,45.96,45.96,45.94,45.92,45.92,45.92,45.9,45.88,45.88,45.86,46.02,46.0,46.0,45.980000000000004,45.980000000000004,45.96,45.96,45.94,45.92,45.92,45.9,46.06,46.06,46.04,46.04,46.02,46.02,46.0,45.980000000000004,45.980000000000004,45.96,45.94
2021-03-25 02:00:00,45.54,45.52,45.480000000000004,45.46,45.46,45.4,45.36,45.34,45.300000000000004,45.28,45.24,45.54,45.52,45.480000000000004,45.480000000000004,45.46,45.42,45.4,45.36,45.34,45.300000000000004,45.28,45.56,45.54,45.54,45.5,45.480000000000004,45.44,45.42,45.38,45.36,45.32,45.300000000000004,45.6,45.6,45.56,45.54,45.5,45.46,45.44,45.4,45.38,45.34,45.32,45.64,45.62,45.58,45.56,45.52,45.5,45.46,45.42,45.4,45.36,45.36,45.68,45.64,45.6,45.58,45.54,45.52,45.480000000000004,45.46,45.42,45.42,45.4,45.7,45.660000000000004,45.64,45.6,45.56,45.54,45.5,45.5,45.480000000000004,45.44,45.42,45.72,45.68,45.660000000000004,45.62,45.56,45.54,45.54,45.5,45.480000000000004,45.44,45.42,45.72,45.68,45.660000000000004,45.62,45.6,45.6,45.56,45.54,45.5,45.46,45.44,45.74,45.7,45.68,45.64,45.64,45.62,45.58,45.56,45.52,45.5,45.46,45.76,45.74,45.7,45.7,45.68,45.64,45.6,45.58,45.54,45.52,45.480000000000004
2021-08-09 05:00:00,17.94,17.96,17.98,17.98,18.0,18.02,18.04,18.04,18.06,18.080000000000002,18.1,17.98,18.0,18.02,18.04,18.04,18.06,18.06,18.04,18.06,18.080000000000002,18.1,17.98,18.0,18.02,18.04,18.04,18.04,18.06,18.080000000000002,18.1,18.12,18.14,18.02,18.04,18.06,18.080000000000002,18.080000000000002,18.1,18.12,18.14,18.14,18.16,18.18,18.06,18.080000000000002,18.1,18.1,18.12,18.14,18.16,18.18,18.2,18.22,18.240000000000002,18.1,18.12,18.12,18.14,18.16,18.18,18.2,18.22,18.240000000000002,18.26,18.28,18.14,18.14,18.16,18.18,18.2,18.22,18.240000000000002,18.26,18.28,18.3,18.32,18.18,18.2,18.2,18.22,18.240000000000002,18.26,18.28,18.3,18.32,18.32,18.34,18.22,18.240000000000002,18.26,18.28,18.3,18.3,18.28,18.3,18.3,18.32,18.34,18.22,18.240000000000002,18.26,18.28,18.3,18.3,18.32,18.32,18.34,18.36,18.38,18.26,18.28,18.3,18.32,18.34,18.36,18.36,18.38,18.400000000000002,18.400000000000002,18.42
2021-08-15 01:00:00,49.660000000000004,49.620000000000005,49.58,49.54,49.54,49.5,49.480000000000004,49.44,49.4,49.36,49.32,49.660000000000004,49.620000000000005,49.6,49.6,49.54,49.5,49.480000000000004,49.44,49.4,49.36,49.32,49.660000000000004,49.620000000000005,49.620000000000005,49.6,49.56,49.52,49.480000000000004,49.44,49.4,49.36,49.34,49.660000000000004,49.660000000000004,49.64,49.6,49.56,49.52,49.480000000000004,49.44,49.4,49.36,49.34,49.7,49.660000000000004,49.64,49.6,49.56,49.52,49.480000000000004,49.44,49.4,49.38,49.38,49.7,49.68,49.64,49.6,49.56,49.52,49.480000000000004,49.44,49.42,49.42,49.38,49.72,49.68,49.64,49.6,49.56,49.52,49.5,49.46,49.46,49.42,49.38,49.72,49.68,49.64,49.6,49.56,49.54,49.54,49.5,49.46,49.42,49.38,49.72,49.68,49.64,49.6,49.56,49.56,49.54,49.5,49.46,49.42,49.38,49.72,49.68,49.64,49.6,49.6,49.58,49.54,49.5,49.46,49.42,49.38,49.72,49.68,49.64,49.64,49.620000000000005,49.58,49.54,49.5,49.46,49.42,49.38
2021-11-11 04:00:00,49.4,49.4,49.4,49.4,49.4,49.4,49.4,49.4,49.4,49.4,49.4,49.44,49.46,49.46,49.46,49.46,49.46,49.46,49.46,49.46,49.46,49.46,49.5,49.5,49.5,49.5,49.5,49.5,49.5,49.5,49.5,49.5,49.5,49.54,49.54,49.54,49.54,49.54,49.54,49.54,49.54,49.54,49.54,49.54,49.6,49.6,49.6,49.6,49.6,49.6,49.6,49.6,49.6,49.6,49.6,49.64,49.64,49.64,49.64,49.64,49.64,49.64,49.64,49.64,49.64,49.64,49.68,49.68,49.68,49.68,49.68,49.68,49.64,49.64,49.64,49.64,49.64,49.68,49.68,49.68,49.68,49.68,49.68,49.68,49.68,49.68,49.68,49.68,49.74,49.74,49.74,49.74,49.74,49.74,49.74,49.74,49.74,49.74,49.74,49.78,49.78,49.78,49.78,49.78,49.78,49.78,49.78,49.78,49.78,49.78,49.82,49.82,49.82,49.82,49.82,49.82,49.82,49.82,49.82,49.82,49.82
2021-06-26 05:00:00,11.88,11.92,11.94,11.96,12.0,12.02,12.06,12.06,12.08,12.120000000000001,12.14,11.92,11.94,11.98,12.0,12.040000000000001,12.06,12.06,12.06,12.08,12.120000000000001,12.14,11.92,11.94,11.98,12.0,12.040000000000001,12.040000000000001,12.06,12.08,12.120000000000001,12.14,12.18,11.96,11.98,12.0,12.040000000000001,12.040000000000001,12.06,12.1,12.120000000000001,12.16,12.18,12.200000000000001,12.0,12.02,12.040000000000001,12.040000000000001,12.08,12.1,12.120000000000001,12.16,12.18,12.22,12.24,12.02,12.06,12.06,12.08,12.1,12.14,12.16,12.200000000000001,12.22,12.26,12.280000000000001,12.06,12.06,12.08,12.120000000000001,12.14,12.18,12.200000000000001,12.22,12.26,12.280000000000001,12.32,12.06,12.1,12.120000000000001,12.16,12.18,12.200000000000001,12.24,12.26,12.3,12.3,12.32,12.1,12.14,12.16,12.18,12.22,12.24,12.24,12.26,12.26,12.3,12.32,12.1,12.14,12.16,12.18,12.22,12.24,12.280000000000001,12.280000000000001,12.3,12.32,12.36,12.14,12.16,12.200000000000001,12.22,12.26,12.280000000000001,12.280000000000001,12.3,12.34,12.36,12.4
2021-12-21 04:00:00,55.58,55.58,55.56,55.56,55.56,55.56,55.56,55.56,55.56,55.56,55.56,55.620000000000005,55.620000000000005,55.620000000000005,55.620000000000005,55.620000000000005,55.6,55.6,55.6,55.6,55.6,55.6,55.660000000000004,55.660000000000004,55.660000000000004,55.660000000000004,55.660000000000004,55.660000000000004,55.660000000000004,55.660000000000004,55.64,55.64,55.64,55.72,55.72,55.7,55.7,55.7,55.7,55.7,55.7,55.7,55.7,55.7,55.76,55.76,55.76,55.76,55.76,55.74,55.74,55.74,55.74,55.74,55.74,55.800000000000004,55.800000000000004,55.800000000000004,55.800000000000004,55.800000000000004,55.74,55.74,55.74,55.74,55.74,55.74,55.800000000000004,55.800000000000004,55.800000000000004,55.800000000000004,55.800000000000004,55.800000000000004,55.800000000000004,55.800000000000004,55.800000000000004,55.78,55.78,55.86,55.86,55.84,55.84,55.84,55.84,55.84,55.84,55.84,55.84,55.84,55.9,55.9,55.9,55.9,55.9,55.9,55.88,55.88,55.88,55.88,55.88,55.94,55.94,55.94,55.94,55.94,55.94,55.94,55.94,55.94,55.92,55.92,56.0,56.0,56.0,55.980000000000004,55.980000000000004,55.980000000000004,55.980000000000004,55.980000000000004,55.980000000000004,55.980000000000004,55.980000000000004
2021-03-22 04:00:00,31.84,31.84,31.84,31.82,31.82,31.82,31.76,31.76,31.76,31.740000000000002,31.740000000000002,31.84,31.84,31.84,31.82,31.82,31.82,31.82,31.8,31.8,31.8,31.78,31.900000000000002,31.88,31.88,31.88,31.88,31.86,31.86,31.84,31.84,31.84,31.82,31.94,31.94,31.94,31.92,31.92,31.900000000000002,31.900000000000002,31.900000000000002,31.88,31.88,31.88,31.98,31.98,31.98,31.96,31.96,31.96,31.94,31.94,31.94,31.92,31.92,32.04,32.02,32.02,32.02,32.0,32.0,32.0,31.98,31.98,31.98,31.98,32.08,32.08,32.06,32.06,32.06,32.04,32.04,32.02,32.02,32.02,32.02,32.12,32.12,32.12,32.1,32.1,32.04,32.04,32.04,32.02,32.02,32.02,32.12,32.12,32.12,32.1,32.1,32.08,32.08,32.08,32.08,32.06,32.06,32.160000000000004,32.160000000000004,32.160000000000004,32.14,32.14,32.14,32.14,32.12,32.12,32.12,32.1,32.22,32.2,32.2,32.2,32.2,32.18,32.18,32.18,32.160000000000004,32.160000000000004,32.160000000000004
2021-05-07 01:00:00,46.660000000000004,46.62,46.58,46.54,46.5,46.5,46.46,46.42,46.38,46.36,46.32,46.660000000000004,46.62,46.58,46.54,46.54,46.5,46.46,46.42,46.38,46.36,46.32,46.660000000000004,46.62,46.58,46.58,46.54,46.5,46.46,46.44,46.4,46.36,46.32,46.660000000000004,46.62,46.62,46.58,46.54,46.5,46.480000000000004,46.44,46.4,46.36,46.32,46.660000000000004,46.660000000000004,46.62,46.58,46.54,46.5,46.480000000000004,46.44,46.4,46.36,46.32,46.7,46.660000000000004,46.62,46.58,46.54,46.5,46.480000000000004,46.44,46.4,46.36,46.36,46.7,46.660000000000004,46.62,46.58,46.56,46.52,46.480000000000004,46.44,46.4,46.4,46.36,46.7,46.660000000000004,46.62,46.58,46.56,46.52,46.480000000000004,46.480000000000004,46.44,46.4,46.36,46.7,46.660000000000004,46.62,46.58,46.56,46.52,46.52,46.480000000000004,46.44,46.4,46.36,46.7,46.660000000000004,46.62,46.58,46.56,46.56,46.52,46.480000000000004,46.44,46.4,46.36,46.7,46.660000000000004,46.62,46.6,46.6,46.56,46.52,46.480000000000004,46.44,46.4,46.36
2021-05-18 05:00:00,15.74,15.76,15.780000000000001,15.82,15.84,15.860000000000001,15.9,15.9,15.92,15.94,15.96,15.780000000000001,15.8,15.82,15.84,15.88,15.9,15.9,15.9,15.92,15.94,15.96,15.780000000000001,15.8,15.82,15.84,15.88,15.88,15.9,15.92,15.96,15.98,16.0,15.82,15.84,15.860000000000001,15.88,15.88,15.92,15.94,15.96,16.0,16.02,16.04,15.84,15.88,15.9,15.9,15.92,15.96,15.98,16.0,16.02,16.06,16.080000000000002,15.88,15.92,15.92,15.94,15.96,15.98,16.02,16.04,16.06,16.1,16.12,15.92,15.92,15.94,15.98,16.0,16.02,16.06,16.080000000000002,16.1,16.12,16.16,15.94,15.96,15.98,16.02,16.04,16.06,16.080000000000002,16.12,16.14,16.14,16.16,15.98,16.0,16.02,16.06,16.080000000000002,16.1,16.080000000000002,16.12,16.12,16.14,16.16,15.98,16.0,16.02,16.06,16.080000000000002,16.1,16.12,16.12,16.16,16.18,16.2,16.02,16.04,16.06,16.1,16.12,16.14,16.14,16.16,16.2,16.22,16.240000000000002
2021-07-08 03:00:00,20.98,20.96,20.92,20.88,20.84,20.82,20.82,20.78,20.740000000000002,20.72,20.68,21.0,20.98,20.94,20.900000000000002,20.86,20.86,20.82,20.78,20.740000000000002,20.72,20.68,21.0,20.98,20.94,20.900000000000002,20.900000000000002,20.86,20.84,20.8,20.76,20.72,20.7,21.02,20.98,20.94,20.94,20.92,20.88,20.84,20.8,20.78,20.740000000000002,20.7,21.04,21.0,21.0,20.96,20.92,20.900000000000002,20.86,20.82,20.78,20.76,20.72,21.04,21.04,21.0,20.98,20.94,20.900000000000002,20.88,20.84,20.8,20.76,20.740000000000002,21.1,21.06,21.02,21.0,20.96,20.92,20.88,20.86,20.82,20.78,20.78,21.1,21.080000000000002,21.04,21.0,20.96,20.94,20.900000000000002,20.86,20.86,20.84,20.8,21.12,21.080000000000002,21.06,21.02,20.98,20.94,20.900000000000002,20.900000000000002,20.86,20.84,20.8,21.12,21.080000000000002,21.06,21.02,20.98,20.94,20.94,20.92,20.88,20.84,20.8,21.14,21.1,21.06,21.04,21.0,21.0,20.96,20.92,20.900000000000002,20.86,20.82
2021-10-29 03:00:00,47.88,47.88,47.86,47.84,47.84,47.84,47.82,47.800000000000004,47.800000000000004,47.78,47.78,47.92,47.92,47.9,47.9,47.88,47.88,47.86,47.84,47.84,47.82,47.82,47.96,47.96,47.96,47.94,47.92,47.92,47.9,47.9,47.88,47.86,47.86,48.0,48.0,48.0,47.980000000000004,47.980000000000004,47.96,47.94,47.94,47.92,47.9,47.9,48.06,48.06,48.04,48.02,48.02,48.0,48.0,47.980000000000004,47.96,47.96,47.96,48.1,48.1,48.08,48.08,48.06,48.04,48.04,48.02,48.02,48.0,48.0,48.160000000000004,48.14,48.120000000000005,48.120000000000005,48.1,48.04,48.04,48.04,48.02,48.0,48.0,48.160000000000004,48.14,48.120000000000005,48.120000000000005,48.1,48.08,48.08,48.08,48.06,48.06,48.04,48.2,48.18,48.160000000000004,48.160000000000004,48.14,48.14,48.120000000000005,48.120000000000005,48.1,48.1,48.08,48.24,48.22,48.22,48.2,48.2,48.18,48.18,48.160000000000004,48.14,48.14,48.120000000000005,48.28,48.26,48.26,48.26,48.24,48.22,48.22,48.2,48.2,48.18,48.160000000000004
2021-11-13 04:00:00,49.94,49.94,49.94,49.94,49.94,49.94,49.94,49.94,49.94,49.94,49.94,50.0,50.0,50.0,50.0,50.0,50.0,50.0,50.0,50.0,50.0,50.0,50.04,50.04,50.04,50.04,50.04,50.04,50.04,50.04,50.04,50.04,50.04,50.08,50.08,50.08,50.08,50.08,50.08,50.08,50.08,50.08,50.08,50.08,50.14,50.14,50.14,50.14,50.14,50.14,50.14,50.14,50.14,50.14,50.14,50.18,50.18,50.18,50.18,50.18,50.18,50.18,50.18,50.18,50.18,50.18,50.22,50.22,50.22,50.22,50.22,50.22,50.18,50.18,50.18,50.18,50.18,50.22,50.22,50.22,50.22,50.22,50.22,50.22,50.22,50.22,50.22,50.22,50.28,50.28,50.28,50.28,50.28,50.28,50.28,50.28,50.28,50.28,50.28,50.32,50.32,50.32,50.32,50.32,50.32,50.32,50.32,50.32,50.32,50.32,50.36,50.36,50.36,50.36,50.36,50.36,50.36,50.36,50.36,50.36,50.36
2021-06-03 03:00:00,19.7,19.66,19.64,19.6,19.56,19.52,19.52,19.5,19.46,19.42,19.400000000000002,19.72,19.68,19.64,19.62,19.580000000000002,19.580000000000002,19.52,19.5,19.46,19.42,19.400000000000002,19.72,19.68,19.64,19.62,19.62,19.580000000000002,19.54,19.52,19.48,19.44,19.42,19.740000000000002,19.7,19.66,19.66,19.64,19.6,19.56,19.52,19.5,19.46,19.42,19.740000000000002,19.72,19.72,19.68,19.64,19.62,19.580000000000002,19.54,19.5,19.48,19.44,19.76,19.76,19.72,19.7,19.66,19.62,19.6,19.56,19.52,19.5,19.46,19.82,19.78,19.740000000000002,19.72,19.68,19.64,19.62,19.580000000000002,19.54,19.5,19.5,19.82,19.8,19.76,19.72,19.7,19.66,19.62,19.6,19.6,19.56,19.52,19.84,19.82,19.78,19.740000000000002,19.7,19.66,19.62,19.62,19.6,19.56,19.52,19.84,19.82,19.78,19.740000000000002,19.7,19.68,19.68,19.64,19.6,19.580000000000002,19.54,19.86,19.82,19.8,19.76,19.72,19.72,19.7,19.66,19.62,19.6,19.56
2021-09-21 03:00:00,35.68,35.660000000000004,35.64,35.62,35.6,35.6,35.54,35.52,35.5,35.480000000000004,35.46,35.68,35.660000000000004,35.64,35.62,35.62,35.6,35.58,35.56,35.54,35.52,35.5,35.7,35.68,35.660000000000004,35.660000000000004,35.660000000000004,35.64,35.62,35.6,35.58,35.56,35.54,35.74,35.72,35.72,35.7,35.68,35.660000000000004,35.64,35.62,35.62,35.6,35.58,35.78,35.78,35.76,35.74,35.72,35.7,35.68,35.660000000000004,35.64,35.62,35.6,35.84,35.82,35.800000000000004,35.78,35.76,35.74,35.72,35.7,35.68,35.660000000000004,35.660000000000004,35.88,35.86,35.84,35.82,35.800000000000004,35.78,35.76,35.74,35.74,35.72,35.7,35.92,35.9,35.88,35.86,35.84,35.78,35.76,35.76,35.74,35.72,35.7,35.92,35.9,35.88,35.86,35.84,35.82,35.82,35.800000000000004,35.78,35.76,35.74,35.96,35.94,35.92,35.9,35.88,35.88,35.86,35.84,35.82,35.800000000000004,35.78,36.0,35.980000000000004,35.96,35.94,35.94,35.92,35.9,35.88,35.86,35.84,35.82
2021-04-23 01:00:00,49.120000000000005,49.1,49.06,49.02,49.02,48.980000000000004,48.94,48.9,48.88,48.84,48.800000000000004,49.14,49.1,49.06,49.06,49.02,48.980000000000004,48.94,48.9,48.88,48.84,48.800000000000004,49.14,49.1,49.1,49.06,49.02,48.980000000000004,48.96,48.92,48.88,48.84,48.800000000000004,49.14,49.14,49.1,49.06,49.04,49.0,48.96,48.92,48.88,48.84,48.82,49.18,49.14,49.1,49.08,49.04,49.0,48.96,48.92,48.88,48.86,48.86,49.18,49.160000000000004,49.120000000000005,49.08,49.04,49.0,48.96,48.92,48.9,48.9,48.86,49.2,49.160000000000004,49.120000000000005,49.08,49.04,49.02,48.980000000000004,48.94,48.94,48.9,48.86,49.2,49.160000000000004,49.120000000000005,49.1,49.06,49.02,49.02,48.980000000000004,48.94,48.9,48.86,49.2,49.160000000000004,49.14,49.1,49.06,49.06,49.02,48.980000000000004,48.94,48.9,48.86,49.2,49.160000000000004,49.14,49.1,49.1,49.06,49.02,48.980000000000004,48.94,48.92,48.88,49.22,49.18,49.14,49.14,49.1,49.06,49.02,48.980000000000004,48.96,48.92,48.88
2021-05-23 03:00:00,20.44,20.400000000000002,20.36,20.34,20.3,20.26,20.26,20.240000000000002,20.2,20.16,20.14,20.46,20.42,20.38,20.36,20.32,20.32,20.26,20.240000000000002,20.2,20.16,20.14,20.46,20.42,20.38,20.36,20.36,20.32,20.3,20.26,20.22,20.2,20.16,20.48,20.44,20.400000000000002,20.400000000000002,20.38,20.34,20.3,20.28,20.240000000000002,20.22,20.18,20.5,20.46,20.46,20.42,20.400000000000002,20.36,20.32,20.3,20.26,20.240000000000002,20.2,20.5,20.5,20.48,20.44,20.42,20.38,20.34,20.32,20.28,20.240000000000002,20.22,20.56,20.54,20.5,20.46,20.44,20.400000000000002,20.36,20.34,20.3,20.28,20.28,20.580000000000002,20.54,20.52,20.48,20.46,20.42,20.38,20.36,20.36,20.32,20.3,20.6,20.56,20.54,20.5,20.48,20.42,20.38,20.38,20.36,20.32,20.3,20.6,20.56,20.54,20.5,20.48,20.44,20.44,20.400000000000002,20.38,20.34,20.3,20.62,20.580000000000002,20.56,20.52,20.5,20.5,20.46,20.42,20.400000000000002,20.36,20.32
2021-09-22 02:00:00,44.44,44.4,44.38,44.34,44.34,44.28,44.26,44.22,44.2,44.18,44.14,44.44,44.4,44.38,44.38,44.34,44.32,44.28,44.26,44.22,44.2,44.18,44.46,44.42,44.42,44.4,44.36,44.34,44.32,44.28,44.26,44.22,44.2,44.480000000000004,44.480000000000004,44.46,44.42,44.4,44.36,44.34,44.300000000000004,44.28,44.26,44.22,44.54,44.5,44.480000000000004,44.44,44.42,44.4,44.36,44.34,44.300000000000004,44.28,44.28,44.56,44.54,44.5,44.480000000000004,44.44,44.42,44.4,44.36,44.34,44.34,44.300000000000004,44.6,44.56,44.54,44.5,44.480000000000004,44.44,44.42,44.42,44.38,44.36,44.34,44.62,44.58,44.56,44.54,44.480000000000004,44.44,44.44,44.42,44.38,44.36,44.34,44.62,44.58,44.56,44.54,44.5,44.5,44.480000000000004,44.44,44.42,44.38,44.36,44.64,44.62,44.58,44.56,44.56,44.52,44.5,44.46,44.44,44.42,44.38,44.68,44.64,44.62,44.62,44.58,44.56,44.52,44.5,44.480000000000004,44.44,44.42
2021-05-18 01:00:00,45.38,45.34,45.300000000000004,45.26,45.22,45.22,45.2,45.160000000000004,45.12,45.08,45.04,45.38,45.34,45.300000000000004,45.26,45.26,45.22,45.2,45.160000000000004,45.12,45.08,45.04,45.38,45.34,45.300000000000004,45.300000000000004,45.26,45.24,45.2,45.160000000000004,45.12,45.08,45.04,45.38,45.34,45.34,45.300000000000004,45.26,45.22,45.2,45.160000000000004,45.12,45.08,45.04,45.38,45.38,45.34,45.300000000000004,45.26,45.22,45.18,45.160000000000004,45.12,45.08,45.04,45.42,45.38,45.34,45.300000000000004,45.26,45.22,45.18,45.14,45.12,45.08,45.08,45.42,45.38,45.34,45.300000000000004,45.26,45.22,45.18,45.160000000000004,45.12,45.12,45.08,45.42,45.38,45.34,45.300000000000004,45.26,45.22,45.18,45.18,45.14,45.12,45.08,45.42,45.38,45.34,45.300000000000004,45.26,45.22,45.22,45.18,45.14,45.12,45.08,45.42,45.38,45.34,45.300000000000004,45.26,45.26,45.22,45.18,45.14,45.1,45.08,45.4,45.38,45.34,45.300000000000004,45.300000000000004,45.26,45.22,45.18,45.14,45.1,45.06
2021-09-02 02:00:00,40.26,40.22,40.2,40.160000000000004,40.160000000000004,40.1,40.08,40.04,40.02,39.980000000000004,39.94,40.26,40.22,40.2,40.2,40.160000000000004,40.14,40.1,40.06,40.04,40.0,39.96,40.28,40.24,40.24,40.22,40.18,40.160000000000004,40.12,40.08,40.06,40.02,39.980000000000004,40.300000000000004,40.300000000000004,40.26,40.24,40.2,40.160000000000004,40.14,40.1,40.08,40.04,40.0,40.36,40.32,40.28,40.26,40.22,40.18,40.160000000000004,40.12,40.1,40.06,40.06,40.38,40.34,40.300000000000004,40.28,40.24,40.2,40.18,40.14,40.12,40.12,40.08,40.4,40.36,40.32,40.300000000000004,40.26,40.22,40.2,40.2,40.160000000000004,40.14,40.1,40.4,40.38,40.34,40.32,40.26,40.22,40.22,40.2,40.160000000000004,40.14,40.1,40.4,40.38,40.34,40.32,40.28,40.28,40.24,40.22,40.18,40.14,40.12,40.42,40.4,40.36,40.34,40.34,40.300000000000004,40.26,40.24,40.2,40.160000000000004,40.14,40.46,40.42,40.38,40.38,40.36,40.32,40.28,40.26,40.22,40.2,40.160000000000004
2021-02-19 03:00:00,48.58,48.56,48.54,48.54,48.52,48.5,48.480000000000004,48.46,48.44,48.42,48.42,48.620000000000005,48.6,48.6,48.58,48.56,48.54,48.52,48.5,48.480000000000004,48.46,48.44,48.660000000000004,48.660000000000004,48.64,48.620000000000005,48.6,48.58,48.56,48.54,48.52,48.5,48.480000000000004,48.72,48.7,48.68,48.660000000000004,48.64,48.620000000000005,48.6,48.58,48.56,48.54,48.54,48.76,48.74,48.72,48.7,48.68,48.660000000000004,48.64,48.620000000000005,48.6,48.6,48.58,48.78,48.78,48.76,48.74,48.72,48.7,48.68,48.68,48.660000000000004,48.64,48.620000000000005,48.82,48.800000000000004,48.78,48.78,48.72,48.7,48.7,48.68,48.660000000000004,48.64,48.620000000000005,48.82,48.800000000000004,48.78,48.78,48.76,48.76,48.74,48.72,48.7,48.68,48.660000000000004,48.86,48.84,48.82,48.800000000000004,48.800000000000004,48.78,48.78,48.76,48.74,48.72,48.7,48.9,48.88,48.86,48.86,48.84,48.82,48.82,48.800000000000004,48.78,48.76,48.74,48.94,48.92,48.92,48.9,48.88,48.86,48.84,48.84,48.82,48.800000000000004,48.78
2021-07-03 03:00:00,20.56,20.54,20.5,20.46,20.42,20.400000000000002,20.400000000000002,20.36,20.32,20.28,20.26,20.580000000000002,20.56,20.52,20.48,20.44,20.44,20.400000000000002,20.36,20.32,20.28,20.26,20.580000000000002,20.56,20.52,20.48,20.48,20.44,20.400000000000002,20.38,20.34,20.3,20.28,20.6,20.56,20.52,20.52,20.5,20.46,20.42,20.38,20.36,20.32,20.28,20.6,20.580000000000002,20.580000000000002,20.54,20.5,20.46,20.44,20.400000000000002,20.36,20.32,20.3,20.62,20.62,20.580000000000002,20.56,20.52,20.48,20.44,20.42,20.38,20.34,20.3,20.68,20.64,20.6,20.56,20.54,20.5,20.46,20.42,20.400000000000002,20.36,20.36,20.68,20.64,20.62,20.580000000000002,20.54,20.5,20.48,20.44,20.44,20.400000000000002,20.38,20.7,20.66,20.62,20.6,20.56,20.5,20.48,20.48,20.44,20.400000000000002,20.38,20.7,20.66,20.62,20.6,20.56,20.52,20.52,20.48,20.46,20.42,20.38,20.7,20.68,20.64,20.6,20.56,20.56,20.54,20.5,20.46,20.44,20.400000000000002
2021-07-26 02:00:00,34.96,34.92,34.88,34.84,34.800000000000004,34.800000000000004,34.78,34.74,34.7,34.660000000000004,34.62,34.96,34.92,34.9,34.86,34.86,34.800000000000004,34.78,34.74,34.7,34.660000000000004,34.62,34.96,34.92,34.9,34.9,34.86,34.82,34.78,34.74,34.7,34.68,34.64,34.980000000000004,34.94,34.94,34.9,34.86,34.82,34.78,34.76,34.72,34.68,34.64,34.980000000000004,34.980000000000004,34.94,34.9,34.86,34.82,34.800000000000004,34.76,34.72,34.68,34.64,35.02,34.980000000000004,34.94,34.9,34.88,34.84,34.800000000000004,34.76,34.72,34.68,34.68,35.02,34.980000000000004,34.96,34.92,34.88,34.84,34.800000000000004,34.76,34.74,34.74,34.7,35.04,35.0,34.96,34.92,34.88,34.84,34.82,34.82,34.78,34.74,34.7,35.04,35.0,34.96,34.92,34.88,34.84,34.84,34.82,34.78,34.74,34.7,35.04,35.0,34.96,34.92,34.88,34.88,34.86,34.82,34.78,34.74,34.7,35.04,35.0,34.96,34.94,34.94,34.9,34.86,34.82,34.78,34.74,34.72
2021-09-15 04:00:00,29.18,29.18,29.18,29.18,29.16,29.16,29.16,29.12,29.12,29.1,29.1,29.18,29.18,29.18,29.18,29.16,29.16,29.16,29.16,29.16,29.16,29.16,29.240000000000002,29.22,29.22,29.22,29.22,29.22,29.22,29.2,29.2,29.2,29.2,29.28,29.28,29.26,29.26,29.26,29.26,29.26,29.26,29.240000000000002,29.240000000000002,29.240000000000002,29.32,29.32,29.32,29.32,29.32,29.3,29.3,29.3,29.3,29.3,29.28,29.36,29.36,29.36,29.36,29.36,29.36,29.34,29.34,29.34,29.34,29.34,29.42,29.42,29.42,29.400000000000002,29.400000000000002,29.400000000000002,29.400000000000002,29.400000000000002,29.38,29.38,29.38,29.46,29.46,29.46,29.46,29.44,29.44,29.400000000000002,29.400000000000002,29.400000000000002,29.38,29.38,29.46,29.46,29.46,29.46,29.44,29.44,29.44,29.44,29.44,29.44,29.44,29.52,29.5,29.5,29.5,29.5,29.5,29.5,29.48,29.48,29.48,29.48,29.560000000000002,29.560000000000002,29.560000000000002,29.54,29.54,29.54,29.54,29.54,29.54,29.52,29.52
2021-05-12 05:00:00,16.9,16.92,16.94,16.98,17.0,17.02,17.04,17.04,17.080000000000002,17.1,17.12,16.94,16.96,16.98,17.0,17.04,17.06,17.06,17.04,17.080000000000002,17.1,17.12,16.94,16.96,16.98,17.0,17.04,17.04,17.06,17.080000000000002,17.1,17.14,17.16,16.98,17.0,17.02,17.04,17.04,17.080000000000002,17.1,17.12,17.14,17.18,17.2,17.02,17.04,17.06,17.06,17.080000000000002,17.12,17.14,17.16,17.18,17.22,17.240000000000002,17.06,17.080000000000002,17.080000000000002,17.1,17.12,17.16,17.18,17.2,17.22,17.26,17.28,17.1,17.1,17.12,17.14,17.16,17.2,17.22,17.240000000000002,17.26,17.28,17.32,17.1,17.14,17.16,17.18,17.2,17.22,17.26,17.28,17.3,17.3,17.32,17.16,17.18,17.2,17.22,17.240000000000002,17.28,17.26,17.28,17.28,17.3,17.32,17.16,17.18,17.2,17.22,17.240000000000002,17.28,17.3,17.3,17.32,17.34,17.36,17.2,17.22,17.240000000000002,17.26,17.28,17.32,17.32,17.34,17.36,17.38,17.400000000000002
2021-09-22 05:00:00,33.64,33.64,33.660000000000004,33.68,33.7,33.7,33.7,33.68,33.7,33.7,33.72,33.64,33.64,33.660000000000004,33.68,33.7,33.7,33.7,33.72,33.74,33.76,33.76,33.68,33.7,33.7,33.72,33.72,33.74,33.76,33.76,33.78,33.8,33.82,33.72,33.74,33.76,33.76,33.76,33.78,33.8,33.82,33.82,33.84,33.86,33.76,33.78,33.78,33.8,33.82,33.82,33.84,33.86,33.88,33.88,33.9,33.82,33.82,33.82,33.84,33.86,33.88,33.88,33.9,33.92,33.94,33.94,33.84,33.86,33.88,33.88,33.9,33.92,33.94,33.94,33.96,33.96,33.980000000000004,33.88,33.9,33.92,33.94,33.94,33.96,33.94,33.94,33.94,33.96,33.980000000000004,33.88,33.9,33.92,33.94,33.94,33.96,33.980000000000004,33.980000000000004,34.0,34.0,34.02,33.94,33.94,33.96,33.980000000000004,34.0,34.0,34.0,34.02,34.04,34.06,34.06,33.980000000000004,34.0,34.0,34.02,34.04,34.04,34.06,34.06,34.08,34.1,34.12
2021-02-10 03:00:00,51.38,51.36,51.34,51.34,51.34,51.32,51.300000000000004,51.28,51.26,51.24,51.22,51.42,51.4,51.4,51.38,51.36,51.36,51.34,51.32,51.300000000000004,51.28,51.26,51.46,51.46,51.44,51.42,51.4,51.4,51.38,51.36,51.34,51.32,51.300000000000004,51.52,51.5,51.480000000000004,51.46,51.44,51.42,51.42,51.4,51.38,51.36,51.36,51.56,51.54,51.52,51.5,51.480000000000004,51.46,51.46,51.44,51.42,51.42,51.4,51.6,51.58,51.56,51.54,51.52,51.5,51.5,51.5,51.480000000000004,51.46,51.44,51.64,51.620000000000005,51.6,51.58,51.52,51.5,51.5,51.5,51.480000000000004,51.46,51.44,51.64,51.620000000000005,51.6,51.58,51.56,51.56,51.54,51.52,51.52,51.5,51.480000000000004,51.68,51.660000000000004,51.64,51.620000000000005,51.620000000000005,51.6,51.58,51.56,51.54,51.54,51.52,51.72,51.7,51.68,51.68,51.660000000000004,51.64,51.620000000000005,51.6,51.6,51.58,51.56,51.76,51.74,51.74,51.72,51.7,51.68,51.660000000000004,51.64,51.620000000000005,51.620000000000005,51.6
2021-07-25 04:00:00,13.620000000000001,13.6,13.58,13.56,13.540000000000001,13.540000000000001,13.52,13.52,13.5,13.48,13.46,13.66,13.64,13.620000000000001,13.6,13.58,13.58,13.58,13.52,13.5,13.48,13.46,13.66,13.64,13.620000000000001,13.6,13.58,13.58,13.58,13.56,13.540000000000001,13.52,13.5,13.700000000000001,13.68,13.66,13.64,13.64,13.620000000000001,13.620000000000001,13.6,13.58,13.56,13.540000000000001,13.74,13.72,13.700000000000001,13.700000000000001,13.68,13.66,13.66,13.64,13.620000000000001,13.6,13.58,13.780000000000001,13.76,13.76,13.74,13.72,13.700000000000001,13.700000000000001,13.68,13.66,13.64,13.620000000000001,13.82,13.82,13.8,13.780000000000001,13.76,13.74,13.74,13.72,13.700000000000001,13.68,13.68,13.86,13.86,13.84,13.82,13.8,13.780000000000001,13.780000000000001,13.76,13.74,13.74,13.72,13.9,13.9,13.88,13.86,13.84,13.82,13.780000000000001,13.76,13.76,13.74,13.72,13.9,13.9,13.88,13.86,13.84,13.82,13.82,13.82,13.8,13.780000000000001,13.76,13.94,13.94,13.92,13.9,13.88,13.86,13.86,13.86,13.84,13.82,13.8
2021-04-18 02:00:00,38.28,38.24,38.2,38.18,38.18,38.12,38.08,38.06,38.02,37.980000000000004,37.96,38.28,38.24,38.2,38.2,38.18,38.14,38.1,38.08,38.04,38.0,37.980000000000004,38.300000000000004,38.26,38.26,38.22,38.18,38.160000000000004,38.12,38.08,38.06,38.02,37.980000000000004,38.300000000000004,38.300000000000004,38.28,38.24,38.2,38.18,38.14,38.1,38.08,38.04,38.0,38.36,38.32,38.28,38.26,38.22,38.18,38.160000000000004,38.12,38.08,38.06,38.06,38.38,38.34,38.300000000000004,38.28,38.24,38.2,38.18,38.14,38.1,38.1,38.08,38.4,38.36,38.32,38.300000000000004,38.26,38.22,38.18,38.18,38.160000000000004,38.12,38.08,38.4,38.38,38.34,38.300000000000004,38.26,38.22,38.22,38.18,38.160000000000004,38.12,38.08,38.4,38.38,38.34,38.300000000000004,38.28,38.28,38.24,38.2,38.18,38.14,38.1,38.42,38.38,38.36,38.32,38.32,38.28,38.26,38.22,38.18,38.160000000000004,38.12,38.44,38.42,38.38,38.38,38.34,38.300000000000004,38.28,38.24,38.2,38.18,38.14
2021-08-11 01:00:00,49.2,49.160000000000004,49.120000000000005,49.1,49.1,49.06,49.02,48.980000000000004,48.94,48.9,48.86,49.2,49.18,49.14,49.14,49.1,49.06,49.02,48.980000000000004,48.94,48.9,48.86,49.2,49.18,49.18,49.14,49.1,49.06,49.02,48.980000000000004,48.94,48.92,48.88,49.22,49.22,49.18,49.14,49.1,49.06,49.02,48.980000000000004,48.94,48.92,48.88,49.24,49.22,49.18,49.14,49.1,49.06,49.02,48.980000000000004,48.96,48.92,48.92,49.26,49.22,49.18,49.14,49.1,49.06,49.02,48.980000000000004,48.96,48.96,48.92,49.26,49.22,49.18,49.14,49.1,49.06,49.04,49.0,49.0,48.96,48.92,49.26,49.22,49.18,49.14,49.1,49.06,49.06,49.04,49.0,48.96,48.92,49.26,49.22,49.18,49.14,49.1,49.1,49.06,49.04,49.0,48.96,48.92,49.26,49.22,49.18,49.14,49.14,49.1,49.08,49.04,49.0,48.96,48.92,49.26,49.22,49.18,49.18,49.14,49.1,49.08,49.04,49.0,48.96,48.92
2021-08-11 03:00:00,25.5,25.46,25.44,25.400000000000002,25.38,25.34,25.34,25.32,25.28,25.26,25.22,25.52,25.5,25.46,25.44,25.400000000000002,25.400000000000002,25.34,25.32,25.28,25.26,25.22,25.52,25.5,25.46,25.44,25.44,25.400000000000002,25.38,25.34,25.32,25.28,25.26,25.54,25.52,25.48,25.48,25.46,25.42,25.400000000000002,25.36,25.34,25.3,25.28,25.560000000000002,25.54,25.54,25.5,25.48,25.44,25.42,25.38,25.36,25.32,25.3,25.6,25.6,25.560000000000002,25.54,25.5,25.48,25.44,25.42,25.38,25.36,25.32,25.64,25.62,25.580000000000002,25.560000000000002,25.52,25.5,25.46,25.44,25.400000000000002,25.38,25.38,25.68,25.64,25.62,25.580000000000002,25.560000000000002,25.52,25.5,25.46,25.46,25.44,25.400000000000002,25.7,25.66,25.64,25.6,25.580000000000002,25.52,25.5,25.5,25.46,25.44,25.400000000000002,25.7,25.66,25.64,25.6,25.580000000000002,25.54,25.54,25.52,25.48,25.46,25.42,25.72,25.68,25.66,25.64,25.6,25.6,25.580000000000002,25.54,25.52,25.48,25.46
2021-02-18 03:00:00,48.9,48.88,48.86,48.86,48.86,48.84,48.82,48.800000000000004,48.78,48.76,48.74,48.94,48.92,48.92,48.9,48.88,48.88,48.86,48.84,48.82,48.800000000000004,48.78,48.980000000000004,48.980000000000004,48.96,48.94,48.92,48.9,48.88,48.88,48.86,48.84,48.82,49.04,49.02,49.0,48.980000000000004,48.96,48.94,48.92,48.9,48.9,48.88,48.88,49.08,49.06,49.04,49.02,49.0,48.980000000000004,48.96,48.94,48.94,48.94,48.92,49.120000000000005,49.1,49.08,49.06,49.04,49.02,49.0,49.0,48.980000000000004,48.96,48.96,49.160000000000004,49.14,49.120000000000005,49.1,49.04,49.02,49.02,49.0,48.980000000000004,48.96,48.96,49.160000000000004,49.14,49.120000000000005,49.1,49.08,49.08,49.06,49.04,49.02,49.0,48.980000000000004,49.2,49.18,49.160000000000004,49.14,49.14,49.120000000000005,49.1,49.08,49.06,49.04,49.02,49.24,49.22,49.2,49.2,49.18,49.160000000000004,49.14,49.120000000000005,49.1,49.08,49.06,49.28,49.26,49.26,49.24,49.22,49.2,49.18,49.160000000000004,49.14,49.120000000000005,49.1
2021-07-08 04:00:00,10.92,10.9,10.88,10.86,10.84,10.82,10.8,10.8,10.78,10.76,10.76,10.96,10.94,10.92,10.9,10.88,10.86,10.86,10.8,10.78,10.76,10.76,10.96,10.94,10.92,10.9,10.88,10.88,10.86,10.84,10.82,10.8,10.8,11.0,10.98,10.96,10.94,10.94,10.92,10.9,10.88,10.86,10.84,10.82,11.040000000000001,11.02,11.0,11.0,10.98,10.96,10.94,10.92,10.9,10.88,10.86,11.08,11.06,11.06,11.040000000000001,11.02,11.0,10.98,10.96,10.94,10.92,10.9,11.120000000000001,11.120000000000001,11.1,11.08,11.06,11.040000000000001,11.02,11.0,10.98,10.96,10.94,11.16,11.14,11.120000000000001,11.120000000000001,11.1,11.08,11.06,11.040000000000001,11.02,11.02,11.0,11.200000000000001,11.18,11.16,11.14,11.14,11.120000000000001,11.06,11.040000000000001,11.040000000000001,11.02,11.0,11.200000000000001,11.18,11.16,11.14,11.14,11.120000000000001,11.1,11.1,11.08,11.06,11.040000000000001,11.24,11.22,11.200000000000001,11.18,11.16,11.16,11.16,11.14,11.120000000000001,11.1,11.08
2021-11-11 03:00:00,51.68,51.660000000000004,51.660000000000004,51.64,51.64,51.64,51.620000000000005,51.6,51.6,51.58,51.58,51.72,51.72,51.7,51.7,51.68,51.68,51.660000000000004,51.660000000000004,51.64,51.620000000000005,51.620000000000005,51.76,51.76,51.76,51.74,51.72,51.72,51.7,51.7,51.68,51.68,51.660000000000004,51.800000000000004,51.800000000000004,51.800000000000004,51.78,51.78,51.76,51.74,51.74,51.72,51.72,51.7,51.86,51.86,51.84,51.82,51.82,51.800000000000004,51.800000000000004,51.78,51.78,51.76,51.76,51.9,51.9,51.88,51.88,51.86,51.84,51.84,51.82,51.82,51.82,51.800000000000004,51.94,51.94,51.92,51.92,51.9,51.84,51.84,51.84,51.82,51.82,51.800000000000004,51.94,51.94,51.92,51.92,51.9,51.9,51.9,51.88,51.86,51.86,51.84,52.0,51.980000000000004,51.96,51.96,51.94,51.94,51.94,51.92,51.92,51.9,51.88,52.04,52.02,52.02,52.0,52.0,51.980000000000004,51.980000000000004,51.96,51.96,51.94,51.94,52.08,52.06,52.06,52.06,52.04,52.04,52.02,52.0,52.0,51.980000000000004,51.980000000000004
2021-11-04 03:00:00,49.7,49.68,49.68,49.660000000000004,49.660000000000004,49.64,49.64,49.620000000000005,49.620000000000005,49.6,49.58,49.74,49.72,49.72,49.72,49.7,49.7,49.68,49.660000000000004,49.660000000000004,49.64,49.64,49.78,49.76,49.76,49.76,49.74,49.74,49.72,49.7,49.7,49.68,49.68,49.82,49.82,49.82,49.800000000000004,49.78,49.78,49.76,49.76,49.74,49.72,49.72,49.88,49.86,49.86,49.84,49.84,49.82,49.800000000000004,49.800000000000004,49.78,49.78,49.78,49.92,49.92,49.9,49.88,49.88,49.86,49.86,49.84,49.84,49.82,49.82,49.96,49.96,49.94,49.92,49.92,49.86,49.86,49.86,49.84,49.82,49.82,49.96,49.96,49.94,49.92,49.92,49.9,49.9,49.9,49.88,49.86,49.86,50.0,50.0,49.980000000000004,49.980000000000004,49.96,49.96,49.94,49.94,49.92,49.92,49.9,50.06,50.04,50.02,50.02,50.02,50.0,50.0,49.980000000000004,49.96,49.96,49.94,50.1,50.08,50.08,50.08,50.06,50.04,50.04,50.02,50.02,50.0,49.980000000000004
2021-04-10 02:00:00,40.5,40.46,40.44,40.4,40.4,40.34,40.32,40.28,40.24,40.22,40.18,40.5,40.46,40.44,40.44,40.4,40.36,40.34,40.300000000000004,40.26,40.24,40.2,40.52,40.480000000000004,40.480000000000004,40.44,40.42,40.38,40.36,40.32,40.28,40.26,40.22,40.54,40.54,40.5,40.46,40.44,40.4,40.36,40.34,40.300000000000004,40.28,40.24,40.58,40.56,40.52,40.480000000000004,40.46,40.42,40.38,40.36,40.32,40.28,40.28,40.6,40.58,40.54,40.5,40.480000000000004,40.44,40.4,40.38,40.34,40.34,40.32,40.62,40.6,40.56,40.52,40.5,40.46,40.42,40.42,40.4,40.36,40.32,40.64,40.6,40.58,40.54,40.5,40.46,40.46,40.42,40.4,40.36,40.32,40.64,40.6,40.58,40.54,40.52,40.52,40.480000000000004,40.44,40.42,40.38,40.34,40.660000000000004,40.62,40.6,40.56,40.56,40.52,40.5,40.46,40.44,40.4,40.36,40.68,40.64,40.62,40.62,40.58,40.56,40.52,40.480000000000004,40.46,40.42,40.38
2021-09-09 02:00:00,41.6,41.58,41.54,41.52,41.52,41.46,41.42,41.4,41.36,41.32,41.300000000000004,41.6,41.58,41.54,41.54,41.52,41.480000000000004,41.44,41.42,41.38,41.36,41.32,41.62,41.6,41.6,41.56,41.54,41.5,41.46,41.44,41.4,41.38,41.34,41.64,41.64,41.62,41.58,41.56,41.52,41.480000000000004,41.46,41.42,41.4,41.36,41.7,41.660000000000004,41.64,41.6,41.58,41.54,41.52,41.480000000000004,41.44,41.42,41.42,41.72,41.7,41.660000000000004,41.62,41.6,41.56,41.54,41.5,41.480000000000004,41.480000000000004,41.44,41.74,41.72,41.68,41.660000000000004,41.62,41.58,41.56,41.56,41.52,41.5,41.46,41.76,41.74,41.7,41.68,41.62,41.58,41.58,41.56,41.52,41.5,41.46,41.76,41.74,41.7,41.68,41.64,41.64,41.6,41.58,41.54,41.52,41.480000000000004,41.78,41.76,41.72,41.7,41.7,41.660000000000004,41.64,41.6,41.56,41.54,41.5,41.82,41.78,41.74,41.74,41.72,41.68,41.660000000000004,41.62,41.6,41.56,41.54
2021-10-30 03:00:00,48.2,48.18,48.160000000000004,48.160000000000004,48.160000000000004,48.14,48.120000000000005,48.120000000000005,48.1,48.1,48.08,48.24,48.22,48.2,48.2,48.2,48.18,48.18,48.160000000000004,48.14,48.14,48.120000000000005,48.28,48.26,48.26,48.26,48.24,48.22,48.22,48.2,48.18,48.18,48.160000000000004,48.32,48.32,48.300000000000004,48.300000000000004,48.28,48.26,48.26,48.24,48.24,48.22,48.2,48.38,48.36,48.34,48.34,48.32,48.32,48.300000000000004,48.28,48.28,48.26,48.26,48.42,48.4,48.4,48.38,48.36,48.36,48.34,48.32,48.32,48.32,48.300000000000004,48.46,48.44,48.44,48.42,48.4,48.36,48.34,48.34,48.32,48.32,48.300000000000004,48.46,48.44,48.44,48.42,48.4,48.4,48.4,48.38,48.38,48.36,48.34,48.5,48.480000000000004,48.480000000000004,48.46,48.46,48.46,48.44,48.42,48.42,48.4,48.38,48.54,48.54,48.52,48.5,48.5,48.5,48.480000000000004,48.480000000000004,48.46,48.44,48.44,48.58,48.58,48.56,48.56,48.54,48.54,48.52,48.52,48.5,48.480000000000004,48.480000000000004
2021-08-02 02:00:00,35.72,35.68,35.660000000000004,35.62,35.58,35.58,35.54,35.5,35.46,35.44,35.4,35.74,35.7,35.660000000000004,35.62,35.62,35.58,35.54,35.5,35.46,35.44,35.4,35.74,35.7,35.660000000000004,35.660000000000004,35.62,35.58,35.56,35.52,35.480000000000004,35.44,35.4,35.74,35.7,35.7,35.660000000000004,35.64,35.6,35.56,35.52,35.480000000000004,35.46,35.42,35.74,35.74,35.72,35.68,35.64,35.6,35.56,35.54,35.5,35.46,35.42,35.800000000000004,35.76,35.72,35.68,35.64,35.62,35.58,35.54,35.5,35.46,35.46,35.800000000000004,35.76,35.74,35.7,35.660000000000004,35.62,35.58,35.54,35.52,35.52,35.480000000000004,35.82,35.78,35.74,35.7,35.660000000000004,35.62,35.6,35.6,35.56,35.52,35.480000000000004,35.82,35.78,35.74,35.7,35.660000000000004,35.62,35.62,35.6,35.56,35.52,35.480000000000004,35.82,35.78,35.74,35.7,35.68,35.68,35.64,35.6,35.56,35.52,35.5,35.82,35.78,35.76,35.72,35.72,35.68,35.64,35.6,35.58,35.54,35.5
2021-08-12 02:00:00,36.96,36.92,36.9,36.86,36.82,36.82,36.78,36.76,36.72,36.68,36.64,36.980000000000004,36.94,36.9,36.88,36.88,36.82,36.78,36.76,36.72,36.68,36.64,36.980000000000004,36.94,36.9,36.9,36.88,36.84,36.800000000000004,36.76,36.72,36.7,36.660000000000004,36.980000000000004,36.96,36.96,36.92,36.88,36.84,36.82,36.78,36.74,36.7,36.660000000000004,37.0,37.0,36.96,36.92,36.9,36.86,36.82,36.78,36.76,36.72,36.68,37.04,37.0,36.980000000000004,36.94,36.9,36.86,36.84,36.800000000000004,36.76,36.72,36.72,37.06,37.02,36.980000000000004,36.96,36.92,36.88,36.84,36.82,36.78,36.78,36.74,37.06,37.04,37.0,36.96,36.92,36.9,36.86,36.86,36.82,36.78,36.76,37.08,37.04,37.0,36.980000000000004,36.92,36.9,36.9,36.86,36.82,36.78,36.76,37.08,37.04,37.0,36.980000000000004,36.94,36.94,36.9,36.86,36.84,36.800000000000004,36.76,37.1,37.06,37.02,36.980000000000004,36.980000000000004,36.94,36.92,36.88,36.84,36.800000000000004,36.78
2021-06-06 04:00:00,10.08,10.06,10.040000000000001,10.02,10.02,10.0,9.98,9.98,9.98,9.96,9.94,10.120000000000001,10.1,10.08,10.08,10.06,10.040000000000001,10.040000000000001,9.98,9.98,9.96,9.94,10.120000000000001,10.1,10.08,10.08,10.06,10.06,10.040000000000001,10.02,10.02,10.0,9.98,10.16,10.14,10.120000000000001,10.120000000000001,10.120000000000001,10.1,10.08,10.06,10.06,10.040000000000001,10.02,10.200000000000001,10.18,10.16,10.16,10.16,10.14,10.120000000000001,10.1,10.1,10.08,10.06,10.24,10.22,10.22,10.200000000000001,10.200000000000001,10.18,10.16,10.16,10.14,10.120000000000001,10.1,10.28,10.28,10.26,10.26,10.24,10.22,10.200000000000001,10.200000000000001,10.18,10.16,10.16,10.34,10.32,10.3,10.3,10.28,10.26,10.24,10.24,10.22,10.22,10.200000000000001,10.38,10.36,10.34,10.34,10.32,10.3,10.24,10.24,10.24,10.22,10.200000000000001,10.38,10.36,10.34,10.34,10.32,10.3,10.3,10.3,10.28,10.26,10.24,10.42,10.4,10.38,10.38,10.36,10.34,10.34,10.34,10.32,10.3,10.3
2021-09-01 05:00:00,25.52,25.52,25.54,25.560000000000002,25.580000000000002,25.6,25.6,25.560000000000002,25.580000000000002,25.6,25.62,25.52,25.52,25.54,25.560000000000002,25.580000000000002,25.580000000000002,25.6,25.6,25.62,25.64,25.66,25.560000000000002,25.580000000000002,25.580000000000002,25.6,25.6,25.62,25.64,25.66,25.66,25.68,25.7,25.6,25.62,25.64,25.64,25.64,25.66,25.68,25.7,25.72,25.740000000000002,25.740000000000002,25.64,25.66,25.66,25.68,25.7,25.72,25.72,25.740000000000002,25.76,25.78,25.8,25.68,25.68,25.7,25.72,25.740000000000002,25.76,25.78,25.78,25.8,25.82,25.84,25.72,25.740000000000002,25.76,25.76,25.78,25.8,25.82,25.84,25.84,25.84,25.86,25.76,25.78,25.8,25.82,25.82,25.84,25.82,25.84,25.84,25.84,25.86,25.76,25.78,25.8,25.82,25.82,25.84,25.86,25.86,25.88,25.900000000000002,25.900000000000002,25.8,25.82,25.84,25.86,25.88,25.88,25.88,25.900000000000002,25.92,25.94,25.96,25.86,25.86,25.88,25.900000000000002,25.92,25.92,25.94,25.94,25.96,25.98,26.0
2021-09-20 03:00:00,35.36,35.34,35.32,35.300000000000004,35.28,35.28,35.22,35.2,35.18,35.18,35.160000000000004,35.36,35.34,35.32,35.300000000000004,35.300000000000004,35.28,35.26,35.24,35.22,35.2,35.2,35.4,35.38,35.36,35.36,35.34,35.32,35.300000000000004,35.28,35.26,35.24,35.22,35.44,35.42,35.42,35.4,35.38,35.36,35.34,35.32,35.300000000000004,35.28,35.26,35.480000000000004,35.480000000000004,35.46,35.44,35.42,35.4,35.38,35.36,35.34,35.32,35.300000000000004,35.54,35.52,35.5,35.480000000000004,35.46,35.44,35.42,35.4,35.38,35.36,35.36,35.58,35.56,35.54,35.52,35.5,35.480000000000004,35.46,35.44,35.44,35.42,35.4,35.6,35.58,35.58,35.56,35.54,35.480000000000004,35.46,35.46,35.44,35.42,35.4,35.6,35.58,35.58,35.56,35.54,35.52,35.52,35.5,35.480000000000004,35.46,35.44,35.64,35.62,35.6,35.58,35.56,35.56,35.54,35.52,35.52,35.5,35.480000000000004,35.68,35.660000000000004,35.64,35.62,35.62,35.6,35.58,35.56,35.54,35.54,35.52
2021-08-24 02:00:00,38.72,38.7,38.660000000000004,38.62,38.62,38.58,38.54,38.5,38.46,38.44,38.4,38.72,38.7,38.660000000000004,38.660000000000004,38.62,38.6,38.56,38.52,38.480000000000004,38.46,38.42,38.74,38.7,38.7,38.68,38.64,38.6,38.58,38.54,38.5,38.480000000000004,38.44,38.76,38.76,38.72,38.68,38.660000000000004,38.62,38.58,38.56,38.52,38.480000000000004,38.46,38.800000000000004,38.78,38.74,38.7,38.68,38.64,38.6,38.56,38.54,38.5,38.5,38.82,38.800000000000004,38.76,38.72,38.68,38.660000000000004,38.62,38.58,38.56,38.56,38.52,38.84,38.800000000000004,38.78,38.74,38.7,38.68,38.64,38.64,38.6,38.56,38.54,38.86,38.82,38.78,38.76,38.7,38.68,38.68,38.64,38.6,38.56,38.54,38.86,38.82,38.78,38.76,38.72,38.72,38.68,38.660000000000004,38.62,38.58,38.54,38.88,38.84,38.800000000000004,38.76,38.76,38.74,38.7,38.660000000000004,38.64,38.6,38.56,38.9,38.86,38.82,38.82,38.78,38.76,38.72,38.68,38.660000000000004,38.62,38.58
2021-07-24 04:00:00,13.42,13.4,13.38,13.36,13.36,13.34,13.32,13.32,13.3,13.280000000000001,13.26,13.46,13.44,13.42,13.4,13.4,13.38,13.38,13.32,13.3,13.280000000000001,13.26,13.46,13.44,13.42,13.4,13.4,13.4,13.38,13.36,13.34,13.32,13.32,13.5,13.48,13.46,13.44,13.44,13.44,13.42,13.4,13.38,13.36,13.36,13.540000000000001,13.52,13.5,13.5,13.48,13.48,13.46,13.44,13.42,13.4,13.4,13.58,13.56,13.56,13.540000000000001,13.52,13.52,13.5,13.48,13.46,13.44,13.44,13.620000000000001,13.620000000000001,13.6,13.58,13.56,13.56,13.540000000000001,13.52,13.5,13.48,13.48,13.68,13.66,13.64,13.620000000000001,13.6,13.6,13.58,13.56,13.540000000000001,13.540000000000001,13.52,13.72,13.700000000000001,13.68,13.66,13.64,13.64,13.58,13.56,13.56,13.540000000000001,13.52,13.72,13.700000000000001,13.68,13.66,13.64,13.64,13.620000000000001,13.620000000000001,13.6,13.58,13.56,13.76,13.74,13.72,13.700000000000001,13.68,13.68,13.68,13.66,13.64,13.620000000000001,13.6
2021-09-09 03:00:00,32.160000000000004,32.14,32.12,32.1,32.08,32.08,32.02,32.0,31.98,31.96,31.92,32.160000000000004,32.14,32.12,32.1,32.1,32.08,32.06,32.04,32.02,31.98,31.96,32.2,32.18,32.160000000000004,32.160000000000004,32.14,32.12,32.08,32.06,32.04,32.02,32.0,32.24,32.22,32.22,32.2,32.160000000000004,32.14,32.12,32.1,32.08,32.06,32.04,32.28,32.28,32.24,32.22,32.2,32.18,32.160000000000004,32.14,32.12,32.1,32.06,32.32,32.3,32.28,32.26,32.24,32.22,32.2,32.18,32.14,32.12,32.12,32.36,32.34,32.32,32.3,32.28,32.26,32.22,32.2,32.2,32.18,32.160000000000004,32.4,32.38,32.36,32.32,32.3,32.26,32.22,32.22,32.2,32.18,32.160000000000004,32.4,32.38,32.36,32.32,32.3,32.28,32.28,32.26,32.24,32.22,32.2,32.44,32.4,32.38,32.36,32.34,32.34,32.32,32.3,32.28,32.26,32.24,32.46,32.44,32.42,32.4,32.4,32.38,32.36,32.34,32.32,32.3,32.26
2021-12-26 04:00:00,55.54,55.54,55.54,55.54,55.54,55.54,55.52,55.52,55.52,55.52,55.52,55.58,55.58,55.58,55.58,55.58,55.58,55.58,55.58,55.56,55.56,55.56,55.64,55.64,55.64,55.620000000000005,55.620000000000005,55.620000000000005,55.620000000000005,55.620000000000005,55.620000000000005,55.620000000000005,55.620000000000005,55.68,55.68,55.68,55.68,55.68,55.68,55.660000000000004,55.660000000000004,55.660000000000004,55.660000000000004,55.660000000000004,55.74,55.72,55.72,55.72,55.72,55.72,55.72,55.72,55.72,55.7,55.7,55.78,55.78,55.78,55.76,55.76,55.72,55.72,55.72,55.72,55.7,55.7,55.78,55.78,55.78,55.76,55.76,55.76,55.76,55.76,55.76,55.76,55.76,55.82,55.82,55.82,55.82,55.82,55.82,55.800000000000004,55.800000000000004,55.800000000000004,55.800000000000004,55.800000000000004,55.86,55.86,55.86,55.86,55.86,55.86,55.86,55.86,55.86,55.84,55.84,55.92,55.92,55.92,55.92,55.9,55.9,55.9,55.9,55.9,55.9,55.9,55.96,55.96,55.96,55.96,55.96,55.96,55.94,55.94,55.94,55.94,55.94
2021-04-26 04:00:00,18.8,18.78,18.78,18.76,18.76,18.76,18.76,18.7,18.7,18.68,18.68,18.8,18.78,18.78,18.76,18.76,18.76,18.76,18.740000000000002,18.740000000000002,18.740000000000002,18.72,18.84,18.82,18.82,18.82,18.82,18.8,18.8,18.78,18.78,18.78,18.76,18.88,18.88,18.86,18.86,18.86,18.84,18.84,18.84,18.82,18.82,18.82,18.92,18.92,18.92,18.900000000000002,18.900000000000002,18.900000000000002,18.88,18.88,18.88,18.86,18.86,18.96,18.96,18.96,18.96,18.94,18.94,18.94,18.92,18.92,18.92,18.900000000000002,19.02,19.02,19.0,19.0,19.0,18.98,18.98,18.96,18.96,18.96,18.96,19.06,19.06,19.06,19.04,19.04,19.02,18.98,18.96,18.96,18.96,18.96,19.06,19.06,19.06,19.04,19.04,19.02,19.02,19.02,19.02,19.0,19.0,19.12,19.1,19.1,19.080000000000002,19.080000000000002,19.080000000000002,19.080000000000002,19.06,19.06,19.06,19.04,19.16,19.14,19.14,19.14,19.12,19.12,19.12,19.12,19.1,19.1,19.1
2021-02-16 03:00:00,49.56,49.54,49.52,49.52,49.5,49.480000000000004,49.46,49.44,49.42,49.4,49.38,49.58,49.58,49.58,49.56,49.54,49.52,49.5,49.480000000000004,49.46,49.44,49.42,49.620000000000005,49.620000000000005,49.6,49.58,49.58,49.56,49.54,49.52,49.5,49.480000000000004,49.46,49.68,49.660000000000004,49.64,49.620000000000005,49.6,49.6,49.58,49.56,49.54,49.52,49.52,49.72,49.7,49.68,49.660000000000004,49.64,49.64,49.620000000000005,49.6,49.58,49.58,49.56,49.76,49.74,49.72,49.7,49.68,49.660000000000004,49.660000000000004,49.660000000000004,49.64,49.620000000000005,49.6,49.800000000000004,49.78,49.76,49.74,49.68,49.660000000000004,49.660000000000004,49.660000000000004,49.64,49.620000000000005,49.6,49.800000000000004,49.78,49.76,49.74,49.72,49.72,49.7,49.68,49.68,49.660000000000004,49.64,49.84,49.82,49.800000000000004,49.78,49.78,49.76,49.74,49.72,49.7,49.7,49.68,49.88,49.86,49.84,49.84,49.82,49.800000000000004,49.78,49.76,49.74,49.74,49.72,49.92,49.9,49.9,49.88,49.86,49.84,49.82,49.800000000000004,49.78,49.76,49.76
2021-07-04 02:00:00,32.980000000000004,32.96,32.92,32.88,32.84,32.84,32.8,32.76,32.72,32.68,32.660000000000004,33.0,32.96,32.92,32.88,32.88,32.84,32.8,32.76,32.72,32.68,32.660000000000004,33.0,32.96,32.92,32.92,32.88,32.84,32.8,32.78,32.74,32.7,32.660000000000004,33.0,32.96,32.96,32.92,32.88,32.84,32.8,32.78,32.74,32.7,32.660000000000004,33.0,33.0,32.96,32.92,32.88,32.84,32.8,32.78,32.74,32.7,32.660000000000004,33.04,33.0,32.96,32.92,32.88,32.84,32.82,32.78,32.74,32.7,32.7,33.04,33.0,32.96,32.92,32.88,32.86,32.82,32.78,32.74,32.74,32.7,33.04,33.0,32.96,32.92,32.9,32.86,32.82,32.82,32.78,32.74,32.7,33.04,33.0,32.96,32.92,32.9,32.86,32.86,32.82,32.78,32.74,32.7,33.04,33.0,32.96,32.92,32.9,32.9,32.86,32.82,32.78,32.74,32.7,33.04,33.0,32.96,32.92,32.92,32.9,32.86,32.82,32.78,32.74,32.7
2021-06-22 04:00:00,9.72,9.700000000000001,9.68,9.66,9.64,9.620000000000001,9.6,9.6,9.58,9.56,9.56,9.76,9.74,9.72,9.700000000000001,9.68,9.66,9.66,9.6,9.58,9.56,9.56,9.76,9.74,9.72,9.700000000000001,9.68,9.68,9.66,9.64,9.620000000000001,9.620000000000001,9.6,9.8,9.78,9.76,9.74,9.74,9.72,9.700000000000001,9.68,9.66,9.64,9.64,9.84,9.82,9.8,9.8,9.78,9.76,9.74,9.72,9.700000000000001,9.68,9.68,9.86,9.86,9.86,9.84,9.82,9.8,9.78,9.76,9.74,9.72,9.700000000000001,9.9,9.9,9.9,9.88,9.86,9.84,9.82,9.8,9.78,9.76,9.74,9.96,9.94,9.92,9.92,9.9,9.88,9.86,9.84,9.82,9.82,9.8,10.0,9.98,9.96,9.94,9.94,9.92,9.86,9.84,9.84,9.82,9.8,10.0,9.98,9.96,9.94,9.94,9.92,9.9,9.9,9.88,9.86,9.84,10.040000000000001,10.02,10.0,9.98,9.98,9.96,9.96,9.94,9.92,9.9,9.88
2021-07-04 01:00:00,45.7,45.660000000000004,45.62,45.58,45.54,45.54,45.52,45.480000000000004,45.44,45.4,45.36,45.7,45.660000000000004,45.62,45.58,45.58,45.54,45.52,45.480000000000004,45.44,45.4,45.36,45.7,45.660000000000004,45.62,45.62,45.58,45.54,45.52,45.480000000000004,45.44,45.4,45.36,45.7,45.660000000000004,45.660000000000004,45.62,45.58,45.54,45.5,45.46,45.42,45.4,45.36,45.68,45.68,45.64,45.62,45.58,45.54,45.5,45.46,45.42,45.38,45.34,45.72,45.68,45.64,45.6,45.56,45.52,45.5,45.46,45.42,45.38,45.38,45.72,45.68,45.64,45.6,45.56,45.52,45.480000000000004,45.46,45.42,45.42,45.38,45.7,45.68,45.64,45.6,45.56,45.52,45.480000000000004,45.480000000000004,45.44,45.4,45.36,45.7,45.660000000000004,45.62,45.58,45.56,45.52,45.52,45.480000000000004,45.44,45.4,45.36,45.7,45.660000000000004,45.62,45.58,45.56,45.56,45.52,45.480000000000004,45.44,45.4,45.36,45.7,45.660000000000004,45.62,45.58,45.58,45.54,45.5,45.46,45.44,45.4,45.36
2021-10-16 03:00:00,43.72,43.72,43.7,43.68,43.68,43.68,43.660000000000004,43.64,43.62,43.62,43.6,43.76,43.76,43.74,43.74,43.72,43.72,43.7,43.68,43.660000000000004,43.660000000000004,43.64,43.800000000000004,43.800000000000004,43.800000000000004,43.78,43.76,43.76,43.74,43.72,43.7,43.7,43.68,43.86,43.86,43.84,43.82,43.800000000000004,43.800000000000004,43.78,43.76,43.76,43.74,43.72,43.9,43.9,43.88,43.86,43.86,43.84,43.82,43.800000000000004,43.800000000000004,43.78,43.78,43.94,43.94,43.92,43.9,43.9,43.88,43.86,43.84,43.84,43.84,43.82,43.980000000000004,43.980000000000004,43.96,43.94,43.94,43.88,43.86,43.86,43.84,43.84,43.82,43.980000000000004,43.980000000000004,43.96,43.94,43.94,43.92,43.92,43.9,43.9,43.88,43.86,44.04,44.02,44.0,43.980000000000004,43.980000000000004,43.980000000000004,43.96,43.94,43.94,43.92,43.9,44.08,44.06,44.04,44.04,44.04,44.02,44.0,43.980000000000004,43.980000000000004,43.96,43.94,44.12,44.1,44.08,44.08,44.08,44.06,44.04,44.04,44.02,44.0,43.980000000000004
2021-11-10 04:00:00,49.120000000000005,49.120000000000005,49.120000000000005,49.120000000000005,49.120000000000005,49.120000000000005,49.120000000000005,49.120000000000005,49.120000000000005,49.120000000000005,49.120000000000005,49.18,49.18,49.18,49.18,49.18,49.18,49.18,49.18,49.18,49.18,49.18,49.22,49.22,49.22,49.22,49.22,49.22,49.22,49.22,49.22,49.22,49.22,49.26,49.26,49.26,49.26,49.26,49.26,49.26,49.26,49.26,49.26,49.26,49.32,49.32,49.32,49.32,49.32,49.32,49.32,49.32,49.32,49.32,49.32,49.36,49.36,49.36,49.36,49.36,49.36,49.36,49.36,49.36,49.36,49.36,49.4,49.4,49.4,49.4,49.4,49.4,49.36,49.36,49.36,49.36,49.36,49.4,49.4,49.4,49.4,49.4,49.4,49.4,49.4,49.4,49.4,49.4,49.46,49.46,49.46,49.46,49.46,49.46,49.46,49.46,49.46,49.46,49.46,49.5,49.5,49.5,49.5,49.5,49.5,49.5,49.5,49.5,49.5,49.5,49.54,49.54,49.54,49.54,49.54,49.54,49.54,49.54,49.54,49.54,49.54
2021-04-07 03:00:00,31.46,31.44,31.42,31.400000000000002,31.36,31.36,31.3,31.28,31.26,31.240000000000002,31.2,31.46,31.44,31.42,31.400000000000002,31.400000000000002,31.36,31.34,31.32,31.3,31.26,31.240000000000002,31.5,31.48,31.44,31.44,31.42,31.400000000000002,31.38,31.34,31.32,31.3,31.28,31.52,31.5,31.5,31.48,31.46,31.42,31.400000000000002,31.38,31.36,31.34,31.3,31.560000000000002,31.560000000000002,31.54,31.52,31.48,31.46,31.44,31.42,31.38,31.36,31.34,31.62,31.6,31.560000000000002,31.54,31.52,31.5,31.48,31.44,31.42,31.400000000000002,31.400000000000002,31.64,31.62,31.6,31.580000000000002,31.560000000000002,31.52,31.5,31.48,31.48,31.46,31.44,31.68,31.66,31.64,31.6,31.580000000000002,31.52,31.5,31.5,31.48,31.46,31.44,31.68,31.66,31.64,31.6,31.580000000000002,31.560000000000002,31.560000000000002,31.54,31.52,31.48,31.46,31.720000000000002,31.68,31.66,31.64,31.62,31.62,31.6,31.560000000000002,31.54,31.52,31.5,31.740000000000002,31.720000000000002,31.7,31.68,31.68,31.66,31.62,31.6,31.580000000000002,31.560000000000002,31.54
2021-03-03 03:00:00,44.42,44.4,44.38,44.36,44.34,44.34,44.28,44.26,44.24,44.22,44.2,44.42,44.4,44.38,44.36,44.36,44.34,44.32,44.300000000000004,44.28,44.26,44.24,44.46,44.44,44.42,44.42,44.4,44.38,44.36,44.34,44.32,44.300000000000004,44.28,44.5,44.480000000000004,44.480000000000004,44.46,44.44,44.42,44.4,44.38,44.36,44.34,44.32,44.54,44.54,44.52,44.5,44.480000000000004,44.46,44.44,44.42,44.4,44.38,44.36,44.6,44.58,44.56,44.54,44.52,44.5,44.480000000000004,44.46,44.44,44.42,44.42,44.64,44.62,44.6,44.58,44.56,44.54,44.52,44.5,44.5,44.480000000000004,44.46,44.660000000000004,44.64,44.62,44.6,44.58,44.54,44.52,44.52,44.5,44.480000000000004,44.46,44.660000000000004,44.64,44.62,44.6,44.58,44.56,44.56,44.54,44.52,44.5,44.480000000000004,44.7,44.68,44.660000000000004,44.64,44.62,44.62,44.6,44.58,44.56,44.54,44.52,44.74,44.72,44.7,44.68,44.68,44.660000000000004,44.64,44.62,44.6,44.58,44.56
2021-06-05 02:00:00,31.86,31.84,31.8,31.76,31.720000000000002,31.720000000000002,31.68,31.64,31.6,31.580000000000002,31.54,31.88,31.84,31.8,31.76,31.76,31.720000000000002,31.68,31.64,31.6,31.580000000000002,31.54,31.88,31.84,31.8,31.8,31.76,31.720000000000002,31.68,31.66,31.62,31.580000000000002,31.54,31.88,31.84,31.84,31.8,31.76,31.720000000000002,31.7,31.66,31.62,31.580000000000002,31.54,31.88,31.88,31.84,31.8,31.76,31.740000000000002,31.7,31.66,31.62,31.580000000000002,31.54,31.92,31.88,31.84,31.8,31.78,31.740000000000002,31.7,31.66,31.62,31.580000000000002,31.580000000000002,31.92,31.88,31.86,31.82,31.78,31.740000000000002,31.7,31.66,31.62,31.62,31.580000000000002,31.92,31.900000000000002,31.86,31.82,31.78,31.740000000000002,31.7,31.7,31.66,31.62,31.6,31.92,31.900000000000002,31.86,31.82,31.78,31.740000000000002,31.740000000000002,31.7,31.66,31.62,31.6,31.92,31.900000000000002,31.86,31.82,31.78,31.78,31.740000000000002,31.7,31.66,31.64,31.6,31.94,31.900000000000002,31.86,31.82,31.82,31.78,31.740000000000002,31.7,31.68,31.64,31.6
2021-08-15 02:00:00,37.38,37.34,37.300000000000004,37.26,37.24,37.24,37.2,37.160000000000004,37.12,37.08,37.06,37.38,37.36,37.32,37.28,37.28,37.24,37.2,37.160000000000004,37.12,37.08,37.06,37.38,37.36,37.32,37.32,37.28,37.24,37.22,37.18,37.14,37.1,37.08,37.4,37.36,37.36,37.32,37.300000000000004,37.26,37.22,37.18,37.160000000000004,37.12,37.08,37.42,37.42,37.38,37.34,37.300000000000004,37.26,37.24,37.2,37.160000000000004,37.12,37.1,37.46,37.42,37.38,37.36,37.32,37.28,37.24,37.22,37.18,37.14,37.14,37.480000000000004,37.44,37.4,37.36,37.34,37.300000000000004,37.26,37.22,37.2,37.2,37.160000000000004,37.480000000000004,37.44,37.42,37.38,37.34,37.300000000000004,37.28,37.28,37.24,37.2,37.160000000000004,37.5,37.46,37.42,37.4,37.34,37.300000000000004,37.300000000000004,37.28,37.24,37.2,37.160000000000004,37.5,37.46,37.42,37.4,37.36,37.36,37.32,37.28,37.26,37.22,37.18,37.5,37.480000000000004,37.44,37.4,37.4,37.36,37.34,37.300000000000004,37.26,37.22,37.2
2021-08-22 03:00:00,27.72,27.68,27.66,27.62,27.6,27.6,27.54,27.52,27.48,27.46,27.44,27.72,27.68,27.66,27.62,27.62,27.6,27.580000000000002,27.54,27.52,27.5,27.46,27.740000000000002,27.72,27.68,27.68,27.66,27.64,27.6,27.580000000000002,27.54,27.52,27.5,27.76,27.740000000000002,27.740000000000002,27.72,27.68,27.66,27.64,27.6,27.580000000000002,27.54,27.52,27.8,27.8,27.76,27.740000000000002,27.72,27.68,27.66,27.64,27.6,27.580000000000002,27.560000000000002,27.86,27.82,27.8,27.78,27.740000000000002,27.72,27.68,27.66,27.64,27.6,27.6,27.88,27.86,27.82,27.8,27.78,27.740000000000002,27.72,27.7,27.7,27.66,27.64,27.900000000000002,27.88,27.86,27.82,27.8,27.740000000000002,27.72,27.72,27.7,27.66,27.64,27.900000000000002,27.88,27.86,27.82,27.8,27.78,27.78,27.740000000000002,27.72,27.7,27.66,27.94,27.92,27.88,27.86,27.82,27.82,27.8,27.78,27.740000000000002,27.72,27.7,27.96,27.94,27.92,27.88,27.88,27.86,27.84,27.8,27.78,27.76,27.72
2021-11-24 04:00:00,52.54,52.52,52.52,52.52,52.52,52.52,52.52,52.52,52.52,52.52,52.52,52.58,52.58,52.58,52.58,52.58,52.58,52.58,52.58,52.58,52.58,52.58,52.620000000000005,52.620000000000005,52.620000000000005,52.620000000000005,52.620000000000005,52.620000000000005,52.620000000000005,52.620000000000005,52.620000000000005,52.620000000000005,52.620000000000005,52.68,52.660000000000004,52.660000000000004,52.660000000000004,52.660000000000004,52.660000000000004,52.660000000000004,52.660000000000004,52.660000000000004,52.660000000000004,52.660000000000004,52.72,52.72,52.72,52.72,52.72,52.72,52.72,52.72,52.72,52.72,52.72,52.76,52.76,52.76,52.76,52.76,52.76,52.76,52.76,52.76,52.76,52.76,52.82,52.82,52.82,52.82,52.800000000000004,52.800000000000004,52.76,52.76,52.76,52.76,52.76,52.82,52.82,52.82,52.82,52.800000000000004,52.800000000000004,52.800000000000004,52.800000000000004,52.800000000000004,52.800000000000004,52.800000000000004,52.86,52.86,52.86,52.86,52.86,52.86,52.86,52.86,52.86,52.86,52.86,52.9,52.9,52.9,52.9,52.9,52.9,52.9,52.9,52.9,52.9,52.9,52.96,52.96,52.96,52.96,52.96,52.96,52.96,52.96,52.96,52.96,52.96
2021-04-26 02:00:00,36.32,36.28,36.26,36.22,36.18,36.18,36.14,36.12,36.08,36.04,36.0,36.34,36.300000000000004,36.26,36.24,36.24,36.18,36.14,36.12,36.08,36.04,36.0,36.34,36.300000000000004,36.26,36.26,36.24,36.2,36.160000000000004,36.12,36.1,36.06,36.02,36.36,36.32,36.32,36.28,36.24,36.22,36.18,36.14,36.1,36.08,36.04,36.36,36.36,36.32,36.300000000000004,36.26,36.22,36.2,36.160000000000004,36.12,36.08,36.06,36.42,36.38,36.34,36.300000000000004,36.28,36.24,36.2,36.18,36.14,36.1,36.1,36.42,36.4,36.36,36.32,36.300000000000004,36.26,36.22,36.18,36.160000000000004,36.160000000000004,36.12,36.44,36.4,36.38,36.34,36.300000000000004,36.26,36.24,36.24,36.2,36.160000000000004,36.14,36.46,36.42,36.38,36.36,36.300000000000004,36.26,36.26,36.24,36.2,36.160000000000004,36.14,36.46,36.42,36.38,36.36,36.32,36.32,36.28,36.24,36.22,36.18,36.14,36.46,36.44,36.4,36.36,36.36,36.34,36.300000000000004,36.26,36.22,36.2,36.160000000000004
2021-08-24 03:00:00,28.16,28.12,28.1,28.080000000000002,28.04,28.04,27.98,27.96,27.94,27.900000000000002,27.88,28.16,28.12,28.1,28.080000000000002,28.080000000000002,28.04,28.02,28.0,27.96,27.94,27.92,28.18,28.16,28.12,28.12,28.1,28.080000000000002,28.04,28.02,28.0,27.96,27.94,28.22,28.18,28.18,28.16,28.12,28.1,28.080000000000002,28.04,28.02,28.0,27.96,28.240000000000002,28.240000000000002,28.22,28.18,28.16,28.14,28.1,28.080000000000002,28.060000000000002,28.02,28.0,28.3,28.28,28.240000000000002,28.22,28.2,28.16,28.14,28.12,28.080000000000002,28.060000000000002,28.060000000000002,28.32,28.3,28.28,28.240000000000002,28.22,28.2,28.16,28.14,28.14,28.12,28.080000000000002,28.36,28.32,28.3,28.28,28.240000000000002,28.2,28.16,28.16,28.14,28.12,28.080000000000002,28.36,28.32,28.3,28.28,28.240000000000002,28.22,28.22,28.2,28.16,28.14,28.12,28.38,28.36,28.34,28.3,28.28,28.28,28.26,28.22,28.2,28.18,28.14,28.42,28.38,28.36,28.34,28.34,28.3,28.28,28.26,28.240000000000002,28.2,28.18
2021-09-22 03:00:00,35.980000000000004,35.96,35.94,35.92,35.9,35.9,35.84,35.82,35.800000000000004,35.78,35.76,35.980000000000004,35.96,35.94,35.92,35.92,35.9,35.88,35.86,35.84,35.82,35.800000000000004,36.02,36.0,35.980000000000004,35.980000000000004,35.96,35.94,35.92,35.9,35.88,35.86,35.84,36.06,36.04,36.04,36.02,36.0,35.980000000000004,35.96,35.94,35.92,35.9,35.88,36.1,36.1,36.08,36.06,36.04,36.02,36.0,35.980000000000004,35.96,35.94,35.92,36.14,36.12,36.12,36.1,36.08,36.06,36.04,36.02,36.0,35.980000000000004,35.980000000000004,36.18,36.160000000000004,36.14,36.12,36.1,36.1,36.08,36.06,36.06,36.04,36.02,36.22,36.2,36.18,36.160000000000004,36.14,36.1,36.08,36.08,36.06,36.04,36.02,36.22,36.2,36.18,36.160000000000004,36.14,36.12,36.12,36.1,36.1,36.08,36.06,36.26,36.24,36.22,36.2,36.18,36.18,36.160000000000004,36.14,36.12,36.1,36.1,36.300000000000004,36.28,36.26,36.24,36.24,36.22,36.2,36.18,36.160000000000004,36.14,36.14
2021-05-29 04:00:00,10.92,10.9,10.9,10.88,10.88,10.86,10.84,10.84,10.84,10.82,10.82,10.96,10.96,10.94,10.92,10.92,10.9,10.9,10.84,10.84,10.82,10.82,10.96,10.96,10.94,10.92,10.92,10.92,10.9,10.9,10.88,10.86,10.86,11.0,11.0,10.98,10.98,10.98,10.96,10.94,10.94,10.92,10.9,10.9,11.06,11.040000000000001,11.02,11.02,11.02,11.0,10.98,10.98,10.96,10.96,10.94,11.1,11.08,11.08,11.06,11.06,11.040000000000001,11.040000000000001,11.02,11.0,11.0,10.98,11.14,11.14,11.120000000000001,11.120000000000001,11.1,11.08,11.08,11.06,11.040000000000001,11.040000000000001,11.02,11.200000000000001,11.18,11.16,11.16,11.14,11.120000000000001,11.120000000000001,11.1,11.1,11.1,11.08,11.24,11.22,11.200000000000001,11.200000000000001,11.18,11.18,11.120000000000001,11.1,11.1,11.1,11.08,11.24,11.22,11.200000000000001,11.200000000000001,11.18,11.18,11.16,11.16,11.14,11.14,11.120000000000001,11.28,11.26,11.24,11.24,11.22,11.22,11.22,11.200000000000001,11.18,11.18,11.16
2021-09-08 05:00:00,28.14,28.16,28.18,28.2,28.2,28.22,28.22,28.2,28.22,28.22,28.240000000000002,28.14,28.16,28.18,28.2,28.2,28.2,28.22,28.240000000000002,28.26,28.28,28.28,28.18,28.2,28.22,28.240000000000002,28.240000000000002,28.26,28.26,28.28,28.3,28.32,28.34,28.240000000000002,28.26,28.26,28.26,28.28,28.3,28.32,28.32,28.34,28.36,28.38,28.28,28.3,28.3,28.32,28.32,28.34,28.36,28.38,28.38,28.400000000000002,28.42,28.32,28.32,28.34,28.36,28.36,28.38,28.400000000000002,28.42,28.44,28.44,28.46,28.36,28.36,28.38,28.400000000000002,28.42,28.44,28.44,28.46,28.48,28.48,28.5,28.400000000000002,28.42,28.42,28.44,28.46,28.48,28.44,28.46,28.46,28.48,28.5,28.400000000000002,28.42,28.42,28.44,28.46,28.48,28.5,28.5,28.5,28.52,28.54,28.44,28.46,28.48,28.48,28.5,28.52,28.52,28.54,28.560000000000002,28.560000000000002,28.580000000000002,28.48,28.5,28.52,28.54,28.54,28.54,28.560000000000002,28.580000000000002,28.6,28.62,28.62
2021-02-26 02:00:00,54.480000000000004,54.44,54.44,54.42,54.4,54.36,54.34,54.300000000000004,54.28,54.26,54.22,54.5,54.5,54.480000000000004,54.44,54.42,54.4,54.36,54.34,54.300000000000004,54.28,54.26,54.56,54.52,54.5,54.480000000000004,54.44,54.42,54.4,54.36,54.34,54.300000000000004,54.300000000000004,54.58,54.56,54.52,54.5,54.480000000000004,54.44,54.42,54.4,54.36,54.36,54.34,54.620000000000005,54.58,54.56,54.54,54.5,54.480000000000004,54.44,54.42,54.42,54.4,54.36,54.64,54.620000000000005,54.58,54.56,54.54,54.5,54.5,54.480000000000004,54.44,54.42,54.4,54.660000000000004,54.64,54.620000000000005,54.56,54.54,54.54,54.5,54.480000000000004,54.44,54.42,54.4,54.660000000000004,54.64,54.620000000000005,54.58,54.58,54.56,54.54,54.5,54.480000000000004,54.44,54.42,54.7,54.660000000000004,54.64,54.64,54.620000000000005,54.58,54.56,54.54,54.5,54.480000000000004,54.44,54.72,54.7,54.7,54.68,54.64,54.620000000000005,54.58,54.56,54.54,54.5,54.480000000000004,54.76,54.76,54.72,54.7,54.68,54.64,54.620000000000005,54.58,54.56,54.54,54.54
2021-07-30 02:00:00,35.38,35.34,35.32,35.28,35.24,35.24,35.2,35.160000000000004,35.12,35.1,35.06,35.4,35.36,35.32,35.28,35.28,35.24,35.2,35.160000000000004,35.12,35.1,35.06,35.4,35.36,35.32,35.32,35.28,35.26,35.22,35.18,35.14,35.1,35.06,35.4,35.36,35.36,35.32,35.300000000000004,35.26,35.22,35.18,35.14,35.1,35.08,35.4,35.4,35.38,35.34,35.300000000000004,35.26,35.22,35.18,35.160000000000004,35.12,35.08,35.46,35.42,35.38,35.34,35.300000000000004,35.26,35.24,35.2,35.160000000000004,35.12,35.12,35.46,35.42,35.38,35.36,35.32,35.28,35.24,35.2,35.160000000000004,35.160000000000004,35.14,35.46,35.44,35.4,35.36,35.32,35.28,35.24,35.24,35.22,35.18,35.14,35.480000000000004,35.44,35.4,35.36,35.32,35.28,35.28,35.24,35.22,35.18,35.14,35.480000000000004,35.44,35.4,35.36,35.32,35.32,35.300000000000004,35.26,35.22,35.18,35.14,35.480000000000004,35.44,35.4,35.38,35.38,35.34,35.300000000000004,35.26,35.22,35.18,35.160000000000004
2021-08-25 03:00:00,28.38,28.36,28.32,28.3,28.28,28.28,28.22,28.18,28.16,28.14,28.1,28.38,28.36,28.32,28.3,28.3,28.28,28.240000000000002,28.22,28.2,28.16,28.14,28.400000000000002,28.38,28.36,28.36,28.32,28.3,28.28,28.240000000000002,28.22,28.2,28.16,28.44,28.42,28.42,28.38,28.36,28.34,28.3,28.28,28.26,28.22,28.2,28.46,28.46,28.44,28.42,28.38,28.36,28.34,28.3,28.28,28.26,28.22,28.52,28.5,28.48,28.44,28.42,28.400000000000002,28.36,28.34,28.32,28.28,28.28,28.560000000000002,28.52,28.5,28.48,28.44,28.42,28.400000000000002,28.36,28.36,28.34,28.32,28.580000000000002,28.560000000000002,28.52,28.5,28.48,28.42,28.400000000000002,28.400000000000002,28.36,28.34,28.32,28.580000000000002,28.560000000000002,28.52,28.5,28.48,28.46,28.46,28.42,28.400000000000002,28.38,28.34,28.62,28.580000000000002,28.560000000000002,28.54,28.5,28.5,28.48,28.46,28.42,28.400000000000002,28.38,28.64,28.62,28.6,28.560000000000002,28.560000000000002,28.54,28.52,28.48,28.46,28.44,28.400000000000002
2021-10-11 05:00:00,41.06,41.08,41.1,41.12,41.12,41.14,41.14,41.1,41.12,41.14,41.160000000000004,41.06,41.08,41.1,41.12,41.12,41.12,41.14,41.160000000000004,41.160000000000004,41.18,41.2,41.12,41.12,41.14,41.160000000000004,41.160000000000004,41.160000000000004,41.18,41.2,41.22,41.22,41.24,41.160000000000004,41.18,41.18,41.18,41.2,41.22,41.22,41.24,41.26,41.28,41.28,41.2,41.22,41.22,41.24,41.24,41.26,41.28,41.28,41.300000000000004,41.32,41.34,41.24,41.24,41.26,41.28,41.300000000000004,41.300000000000004,41.32,41.34,41.34,41.36,41.38,41.28,41.300000000000004,41.300000000000004,41.32,41.34,41.36,41.36,41.38,41.4,41.4,41.4,41.32,41.34,41.36,41.36,41.38,41.4,41.36,41.38,41.38,41.4,41.4,41.32,41.34,41.36,41.36,41.38,41.4,41.42,41.42,41.42,41.44,41.46,41.38,41.38,41.4,41.42,41.42,41.44,41.44,41.46,41.480000000000004,41.480000000000004,41.5,41.42,41.44,41.44,41.46,41.480000000000004,41.480000000000004,41.480000000000004,41.5,41.52,41.52,41.54
2021-11-23 04:00:00,52.32,52.32,52.32,52.32,52.32,52.32,52.32,52.32,52.32,52.32,52.32,52.38,52.38,52.38,52.38,52.38,52.36,52.36,52.36,52.36,52.36,52.36,52.42,52.42,52.42,52.42,52.42,52.42,52.42,52.42,52.42,52.42,52.42,52.46,52.46,52.46,52.46,52.46,52.46,52.46,52.46,52.46,52.46,52.46,52.52,52.52,52.52,52.52,52.52,52.52,52.52,52.52,52.5,52.5,52.5,52.56,52.56,52.56,52.56,52.56,52.56,52.56,52.56,52.56,52.56,52.56,52.6,52.6,52.6,52.6,52.6,52.6,52.56,52.56,52.56,52.56,52.56,52.6,52.6,52.6,52.6,52.6,52.6,52.6,52.6,52.6,52.6,52.6,52.660000000000004,52.660000000000004,52.660000000000004,52.660000000000004,52.660000000000004,52.660000000000004,52.660000000000004,52.660000000000004,52.660000000000004,52.660000000000004,52.660000000000004,52.7,52.7,52.7,52.7,52.7,52.7,52.7,52.7,52.7,52.7,52.7,52.74,52.74,52.74,52.74,52.74,52.74,52.74,52.74,52.74,52.74,52.74
2021-03-03 04:00:00,39.4,39.4,39.4,39.38,39.38,39.38,39.32,39.32,39.32,39.300000000000004,39.300000000000004,39.4,39.4,39.4,39.38,39.38,39.38,39.38,39.36,39.36,39.36,39.34,39.46,39.44,39.44,39.44,39.44,39.42,39.42,39.4,39.4,39.4,39.38,39.5,39.480000000000004,39.480000000000004,39.480000000000004,39.480000000000004,39.46,39.46,39.46,39.44,39.44,39.44,39.54,39.54,39.54,39.52,39.52,39.52,39.5,39.5,39.5,39.480000000000004,39.480000000000004,39.6,39.58,39.58,39.58,39.56,39.56,39.56,39.54,39.54,39.54,39.54,39.64,39.64,39.62,39.62,39.62,39.6,39.6,39.6,39.6,39.58,39.58,39.68,39.68,39.68,39.660000000000004,39.660000000000004,39.6,39.6,39.6,39.6,39.58,39.58,39.68,39.68,39.68,39.660000000000004,39.660000000000004,39.64,39.64,39.64,39.64,39.62,39.62,39.72,39.72,39.72,39.7,39.7,39.7,39.7,39.68,39.68,39.68,39.660000000000004,39.78,39.76,39.76,39.76,39.76,39.74,39.74,39.74,39.72,39.72,39.72
2021-02-15 01:00:00,67.72,67.68,67.66,67.62,67.6,67.56,67.52,67.5,67.46000000000001,67.44,67.44,67.74,67.7,67.68,67.64,67.62,67.58,67.54,67.52,67.48,67.48,67.46000000000001,67.76,67.72,67.7,67.66,67.64,67.6,67.56,67.54,67.54,67.5,67.48,67.78,67.74,67.72,67.68,67.66,67.62,67.6,67.6,67.56,67.52,67.5,67.8,67.78,67.74,67.72,67.68,67.64,67.64,67.62,67.58,67.56,67.52,67.82000000000001,67.8,67.76,67.74,67.74,67.7,67.66,67.64,67.6,67.56,67.52,67.84,67.8,67.76,67.76,67.74,67.7,67.66,67.64,67.6,67.58,67.54,67.84,67.82000000000001,67.82000000000001,67.78,67.76,67.72,67.68,67.66,67.62,67.6,67.56,67.86,67.86,67.84,67.8,67.78,67.74,67.72,67.68,67.64,67.62,67.58,67.92,67.9,67.86,67.82000000000001,67.8,67.76,67.74,67.7,67.68,67.64,67.64,67.94,67.92,67.88,67.84,67.82000000000001,67.78,67.76,67.72,67.72,67.7,67.66
2021-10-17 03:00:00,44.06,44.04,44.02,44.02,44.02,44.0,43.980000000000004,43.96,43.96,43.94,43.92,44.1,44.08,44.06,44.06,44.06,44.04,44.02,44.02,44.0,43.980000000000004,43.96,44.14,44.12,44.12,44.1,44.1,44.08,44.06,44.06,44.04,44.02,44.0,44.18,44.18,44.160000000000004,44.14,44.14,44.12,44.1,44.1,44.08,44.06,44.06,44.24,44.22,44.2,44.2,44.18,44.160000000000004,44.14,44.14,44.12,44.1,44.1,44.28,44.26,44.24,44.24,44.22,44.2,44.2,44.18,44.18,44.160000000000004,44.14,44.32,44.300000000000004,44.28,44.28,44.26,44.2,44.2,44.2,44.18,44.160000000000004,44.14,44.32,44.300000000000004,44.28,44.28,44.26,44.24,44.24,44.24,44.22,44.2,44.2,44.36,44.34,44.32,44.32,44.300000000000004,44.300000000000004,44.28,44.28,44.26,44.24,44.24,44.4,44.38,44.38,44.36,44.36,44.34,44.34,44.32,44.300000000000004,44.28,44.28,44.44,44.42,44.42,44.42,44.4,44.38,44.38,44.36,44.34,44.34,44.32
2021-11-26 04:00:00,52.92,52.92,52.92,52.92,52.92,52.92,52.92,52.92,52.92,52.92,52.92,52.980000000000004,52.96,52.96,52.96,52.96,52.96,52.96,52.96,52.96,52.96,52.96,53.02,53.02,53.02,53.02,53.02,53.02,53.02,53.02,53.02,53.02,53.02,53.06,53.06,53.06,53.06,53.06,53.06,53.06,53.06,53.06,53.06,53.06,53.120000000000005,53.120000000000005,53.120000000000005,53.1,53.1,53.1,53.1,53.1,53.1,53.1,53.1,53.160000000000004,53.160000000000004,53.160000000000004,53.160000000000004,53.160000000000004,53.160000000000004,53.160000000000004,53.160000000000004,53.160000000000004,53.160000000000004,53.160000000000004,53.2,53.2,53.2,53.2,53.2,53.2,53.160000000000004,53.160000000000004,53.160000000000004,53.160000000000004,53.160000000000004,53.2,53.2,53.2,53.2,53.2,53.2,53.2,53.2,53.2,53.2,53.2,53.26,53.26,53.26,53.26,53.24,53.24,53.24,53.24,53.24,53.24,53.24,53.300000000000004,53.300000000000004,53.300000000000004,53.300000000000004,53.300000000000004,53.300000000000004,53.300000000000004,53.300000000000004,53.300000000000004,53.300000000000004,53.300000000000004,53.34,53.34,53.34,53.34,53.34,53.34,53.34,53.34,53.34,53.34,53.34
2021-07-05 01:00:00,45.78,45.74,45.7,45.660000000000004,45.62,45.62,45.58,45.54,45.5,45.480000000000004,45.44,45.78,45.74,45.7,45.660000000000004,45.660000000000004,45.62,45.58,45.54,45.5,45.480000000000004,45.44,45.78,45.74,45.7,45.7,45.660000000000004,45.62,45.58,45.54,45.5,45.46,45.44,45.76,45.72,45.72,45.7,45.660000000000004,45.62,45.58,45.54,45.5,45.46,45.42,45.76,45.76,45.72,45.68,45.64,45.6,45.58,45.54,45.5,45.46,45.42,45.800000000000004,45.76,45.72,45.68,45.64,45.6,45.56,45.52,45.480000000000004,45.46,45.46,45.78,45.76,45.72,45.68,45.64,45.6,45.56,45.52,45.480000000000004,45.480000000000004,45.44,45.78,45.74,45.7,45.660000000000004,45.64,45.6,45.56,45.56,45.52,45.480000000000004,45.44,45.78,45.74,45.7,45.660000000000004,45.64,45.6,45.6,45.56,45.52,45.480000000000004,45.44,45.78,45.74,45.7,45.660000000000004,45.62,45.62,45.58,45.54,45.52,45.480000000000004,45.44,45.76,45.74,45.7,45.660000000000004,45.660000000000004,45.62,45.58,45.54,45.5,45.46,45.42
2021-04-28 03:00:00,24.96,24.92,24.900000000000002,24.86,24.84,24.82,24.82,24.78,24.76,24.72,24.7,24.98,24.96,24.92,24.900000000000002,24.88,24.88,24.82,24.78,24.76,24.72,24.7,24.98,24.96,24.92,24.900000000000002,24.900000000000002,24.88,24.84,24.82,24.78,24.76,24.740000000000002,25.02,24.98,24.96,24.96,24.92,24.900000000000002,24.88,24.84,24.82,24.78,24.76,25.04,25.0,25.0,24.98,24.96,24.92,24.900000000000002,24.86,24.84,24.82,24.78,25.060000000000002,25.060000000000002,25.04,25.0,24.98,24.96,24.92,24.900000000000002,24.86,24.84,24.82,25.12,25.1,25.060000000000002,25.04,25.02,24.98,24.96,24.92,24.900000000000002,24.88,24.88,25.14,25.12,25.1,25.060000000000002,25.04,25.0,24.98,24.96,24.96,24.92,24.900000000000002,25.18,25.14,25.12,25.1,25.060000000000002,25.0,24.98,24.98,24.96,24.92,24.900000000000002,25.18,25.14,25.12,25.1,25.060000000000002,25.04,25.04,25.0,24.98,24.96,24.92,25.2,25.18,25.14,25.12,25.1,25.1,25.060000000000002,25.04,25.0,24.98,24.96
2021-05-28 03:00:00,20.0,19.98,19.94,19.900000000000002,19.88,19.84,19.84,19.8,19.78,19.740000000000002,19.7,20.02,20.0,19.96,19.92,19.900000000000002,19.900000000000002,19.84,19.8,19.78,19.740000000000002,19.7,20.02,20.0,19.96,19.92,19.92,19.900000000000002,19.86,19.82,19.8,19.76,19.72,20.04,20.02,19.98,19.98,19.94,19.92,19.88,19.84,19.82,19.78,19.740000000000002,20.06,20.02,20.02,20.0,19.96,19.92,19.900000000000002,19.86,19.82,19.8,19.76,20.080000000000002,20.080000000000002,20.04,20.02,19.98,19.94,19.92,19.88,19.84,19.82,19.78,20.14,20.1,20.06,20.04,20.0,19.96,19.94,19.900000000000002,19.86,19.84,19.84,20.14,20.12,20.080000000000002,20.06,20.02,19.98,19.96,19.92,19.92,19.88,19.86,20.16,20.14,20.1,20.06,20.04,19.98,19.96,19.96,19.92,19.88,19.86,20.16,20.14,20.1,20.06,20.04,20.0,20.0,19.96,19.94,19.900000000000002,19.86,20.18,20.16,20.12,20.080000000000002,20.06,20.06,20.02,19.98,19.96,19.92,19.88
2021-06-26 03:00:00,20.1,20.06,20.02,19.98,19.94,19.92,19.92,19.88,19.84,19.8,19.78,20.1,20.080000000000002,20.04,20.0,19.96,19.96,19.92,19.88,19.84,19.8,19.78,20.1,20.080000000000002,20.04,20.0,20.0,19.96,19.94,19.900000000000002,19.86,19.82,19.8,20.12,20.080000000000002,20.04,20.04,20.02,19.98,19.94,19.900000000000002,19.88,19.84,19.8,20.12,20.1,20.1,20.06,20.02,19.98,19.96,19.92,19.88,19.84,19.82,20.14,20.14,20.1,20.080000000000002,20.04,20.0,19.96,19.94,19.900000000000002,19.86,19.82,20.2,20.16,20.12,20.080000000000002,20.06,20.02,19.98,19.94,19.92,19.88,19.88,20.2,20.16,20.14,20.1,20.06,20.02,20.0,19.96,19.96,19.92,19.88,20.22,20.18,20.14,20.12,20.080000000000002,20.02,20.0,20.0,19.96,19.92,19.88,20.22,20.18,20.14,20.12,20.080000000000002,20.04,20.04,20.0,19.98,19.94,19.900000000000002,20.22,20.2,20.16,20.12,20.080000000000002,20.080000000000002,20.06,20.02,19.98,19.94,19.92
2021-08-15 03:00:00,26.240000000000002,26.22,26.18,26.16,26.12,26.1,26.1,26.060000000000002,26.04,26.0,25.98,26.28,26.240000000000002,26.22,26.18,26.16,26.16,26.1,26.060000000000002,26.04,26.0,25.98,26.28,26.240000000000002,26.22,26.18,26.18,26.16,26.12,26.1,26.060000000000002,26.04,26.02,26.3,26.26,26.240000000000002,26.240000000000002,26.2,26.18,26.16,26.12,26.1,26.060000000000002,26.04,26.32,26.3,26.3,26.26,26.240000000000002,26.2,26.18,26.14,26.12,26.080000000000002,26.060000000000002,26.34,26.34,26.32,26.28,26.26,26.240000000000002,26.2,26.18,26.14,26.12,26.080000000000002,26.400000000000002,26.38,26.34,26.32,26.28,26.26,26.240000000000002,26.2,26.18,26.14,26.14,26.42,26.400000000000002,26.38,26.34,26.32,26.28,26.26,26.22,26.22,26.2,26.16,26.46,26.42,26.400000000000002,26.36,26.34,26.28,26.26,26.26,26.22,26.2,26.16,26.46,26.42,26.400000000000002,26.36,26.34,26.32,26.32,26.28,26.26,26.22,26.2,26.48,26.46,26.42,26.400000000000002,26.36,26.36,26.34,26.3,26.28,26.240000000000002,26.22
2021-07-09 02:00:00,33.38,33.34,33.3,33.26,33.22,33.22,33.18,33.160000000000004,33.12,33.08,33.04,33.38,33.34,33.3,33.28,33.28,33.22,33.18,33.160000000000004,33.12,33.08,33.04,33.38,33.34,33.3,33.3,33.28,33.24,33.2,33.160000000000004,33.12,33.08,33.04,33.38,33.34,33.34,33.3,33.28,33.24,33.2,33.160000000000004,33.12,33.08,33.04,33.38,33.38,33.34,33.32,33.28,33.24,33.2,33.160000000000004,33.12,33.08,33.04,33.42,33.38,33.34,33.32,33.28,33.24,33.2,33.160000000000004,33.12,33.08,33.08,33.42,33.4,33.36,33.32,33.28,33.24,33.2,33.160000000000004,33.14,33.14,33.1,33.44,33.4,33.36,33.32,33.28,33.24,33.2,33.2,33.160000000000004,33.14,33.1,33.44,33.4,33.36,33.32,33.28,33.24,33.24,33.2,33.160000000000004,33.14,33.1,33.44,33.4,33.36,33.32,33.28,33.28,33.24,33.2,33.18,33.14,33.1,33.44,33.4,33.36,33.32,33.32,33.28,33.24,33.2,33.18,33.14,33.1
2021-08-14 03:00:00,26.060000000000002,26.02,26.0,25.96,25.94,25.900000000000002,25.900000000000002,25.88,25.84,25.82,25.78,26.080000000000002,26.04,26.02,26.0,25.96,25.96,25.900000000000002,25.88,25.84,25.82,25.78,26.080000000000002,26.04,26.02,26.0,26.0,25.96,25.94,25.900000000000002,25.88,25.84,25.82,26.1,26.080000000000002,26.04,26.04,26.02,25.98,25.96,25.92,25.900000000000002,25.86,25.84,26.12,26.1,26.1,26.060000000000002,26.04,26.02,25.98,25.96,25.92,25.900000000000002,25.86,26.16,26.16,26.12,26.1,26.060000000000002,26.04,26.0,25.98,25.94,25.92,25.900000000000002,26.22,26.18,26.16,26.12,26.1,26.060000000000002,26.04,26.0,25.98,25.94,25.94,26.240000000000002,26.2,26.18,26.14,26.12,26.080000000000002,26.060000000000002,26.04,26.04,26.0,25.98,26.26,26.240000000000002,26.2,26.18,26.14,26.080000000000002,26.060000000000002,26.060000000000002,26.04,26.0,25.98,26.26,26.240000000000002,26.2,26.18,26.14,26.12,26.12,26.080000000000002,26.060000000000002,26.02,26.0,26.28,26.26,26.22,26.2,26.16,26.16,26.14,26.12,26.080000000000002,26.060000000000002,26.02
2021-05-30 03:00:00,19.88,19.84,19.82,19.78,19.740000000000002,19.72,19.72,19.68,19.64,19.62,19.580000000000002,19.900000000000002,19.86,19.84,19.8,19.76,19.76,19.72,19.68,19.64,19.62,19.580000000000002,19.900000000000002,19.86,19.84,19.8,19.8,19.76,19.740000000000002,19.7,19.66,19.64,19.6,19.92,19.88,19.86,19.86,19.82,19.78,19.76,19.72,19.68,19.64,19.62,19.94,19.900000000000002,19.900000000000002,19.86,19.84,19.8,19.76,19.740000000000002,19.7,19.66,19.64,19.96,19.96,19.92,19.88,19.84,19.82,19.78,19.740000000000002,19.72,19.68,19.64,20.0,19.96,19.94,19.900000000000002,19.86,19.84,19.8,19.76,19.740000000000002,19.7,19.7,20.02,19.98,19.96,19.92,19.88,19.86,19.82,19.78,19.78,19.76,19.72,20.04,20.0,19.96,19.94,19.900000000000002,19.86,19.82,19.82,19.78,19.76,19.72,20.04,20.0,19.96,19.94,19.900000000000002,19.86,19.86,19.84,19.8,19.76,19.740000000000002,20.06,20.02,19.98,19.96,19.92,19.92,19.88,19.86,19.82,19.78,19.76
2021-08-14 02:00:00,37.24,37.2,37.160000000000004,37.12,37.1,37.1,37.06,37.02,36.980000000000004,36.96,36.92,37.24,37.22,37.18,37.14,37.14,37.1,37.06,37.02,36.980000000000004,36.96,36.92,37.24,37.22,37.18,37.18,37.14,37.1,37.08,37.04,37.0,36.96,36.94,37.26,37.22,37.22,37.18,37.160000000000004,37.12,37.08,37.04,37.02,36.980000000000004,36.94,37.28,37.28,37.24,37.2,37.160000000000004,37.14,37.1,37.06,37.02,36.980000000000004,36.96,37.32,37.28,37.24,37.22,37.18,37.14,37.1,37.08,37.04,37.0,37.0,37.34,37.300000000000004,37.26,37.22,37.2,37.160000000000004,37.12,37.08,37.06,37.06,37.02,37.34,37.300000000000004,37.28,37.24,37.2,37.160000000000004,37.14,37.14,37.1,37.06,37.02,37.36,37.32,37.28,37.24,37.2,37.160000000000004,37.160000000000004,37.14,37.1,37.06,37.02,37.36,37.32,37.28,37.24,37.22,37.22,37.18,37.14,37.1,37.08,37.04,37.36,37.34,37.300000000000004,37.26,37.26,37.22,37.2,37.160000000000004,37.12,37.08,37.06
2021-09-10 03:00:00,32.44,32.42,32.4,32.38,32.36,32.36,32.3,32.28,32.26,32.24,32.2,32.44,32.42,32.4,32.38,32.38,32.36,32.34,32.32,32.3,32.26,32.24,32.480000000000004,32.46,32.44,32.44,32.42,32.4,32.36,32.34,32.32,32.3,32.28,32.52,32.5,32.5,32.46,32.44,32.42,32.4,32.38,32.36,32.34,32.32,32.54,32.54,32.52,32.5,32.480000000000004,32.46,32.44,32.42,32.4,32.38,32.34,32.6,32.58,32.56,32.54,32.52,32.5,32.480000000000004,32.46,32.44,32.4,32.4,32.64,32.62,32.6,32.58,32.56,32.54,32.5,32.480000000000004,32.480000000000004,32.46,32.44,32.68,32.660000000000004,32.64,32.6,32.58,32.54,32.5,32.5,32.480000000000004,32.46,32.44,32.68,32.660000000000004,32.64,32.6,32.58,32.56,32.56,32.54,32.52,32.5,32.480000000000004,32.72,32.68,32.660000000000004,32.64,32.62,32.62,32.6,32.58,32.56,32.54,32.52,32.74,32.72,32.7,32.68,32.68,32.660000000000004,32.64,32.62,32.6,32.58,32.56
2021-12-17 05:00:00,56.34,56.34,56.36,56.36,56.36,56.38,56.38,56.4,56.4,56.42,56.42,56.38,56.4,56.4,56.4,56.42,56.42,56.44,56.44,56.44,56.46,56.46,56.44,56.44,56.44,56.46,56.46,56.46,56.480000000000004,56.480000000000004,56.5,56.5,56.52,56.480000000000004,56.480000000000004,56.480000000000004,56.5,56.5,56.52,56.52,56.54,56.54,56.56,56.56,56.52,56.52,56.54,56.54,56.56,56.56,56.58,56.58,56.58,56.58,56.6,56.56,56.58,56.58,56.6,56.6,56.6,56.58,56.58,56.58,56.58,56.6,56.56,56.58,56.58,56.6,56.6,56.6,56.620000000000005,56.620000000000005,56.620000000000005,56.64,56.64,56.620000000000005,56.620000000000005,56.620000000000005,56.64,56.64,56.660000000000004,56.660000000000004,56.660000000000004,56.68,56.68,56.7,56.660000000000004,56.660000000000004,56.68,56.68,56.7,56.7,56.7,56.72,56.72,56.72,56.74,56.7,56.72,56.72,56.74,56.74,56.74,56.74,56.76,56.76,56.78,56.78,56.76,56.76,56.76,56.76,56.78,56.78,56.800000000000004,56.800000000000004,56.82,56.82,56.84
2021-03-07 01:00:00,62.24,62.2,62.2,62.14,62.120000000000005,62.08,62.04,62.02,61.980000000000004,61.940000000000005,61.92,62.24,62.24,62.2,62.160000000000004,62.14,62.1,62.06,62.04,62.0,61.96,61.940000000000005,62.28,62.26,62.22,62.18,62.160000000000004,62.120000000000005,62.08,62.06,62.02,61.980000000000004,61.980000000000004,62.300000000000004,62.26,62.24,62.2,62.160000000000004,62.14,62.1,62.06,62.04,62.04,62.0,62.32,62.28,62.26,62.22,62.18,62.160000000000004,62.120000000000005,62.08,62.08,62.06,62.02,62.34,62.300000000000004,62.28,62.24,62.2,62.18,62.14,62.14,62.1,62.08,62.04,62.36,62.32,62.300000000000004,62.26,62.22,62.22,62.2,62.160000000000004,62.120000000000005,62.1,62.04,62.38,62.34,62.300000000000004,62.26,62.26,62.22,62.2,62.160000000000004,62.120000000000005,62.1,62.06,62.38,62.34,62.300000000000004,62.300000000000004,62.28,62.24,62.2,62.18,62.14,62.1,62.08,62.4,62.36,62.36,62.32,62.300000000000004,62.26,62.22,62.2,62.160000000000004,62.120000000000005,62.1,62.42,62.42,62.38,62.34,62.32,62.28,62.24,62.22,62.18,62.14,62.120000000000005
2021-06-05 01:00:00,44.56,44.52,44.5,44.46,44.42,44.42,44.38,44.34,44.300000000000004,44.26,44.22,44.56,44.52,44.5,44.46,44.46,44.42,44.38,44.34,44.300000000000004,44.26,44.22,44.56,44.52,44.5,44.5,44.46,44.42,44.38,44.34,44.300000000000004,44.26,44.22,44.56,44.52,44.52,44.480000000000004,44.44,44.42,44.38,44.34,44.300000000000004,44.26,44.22,44.56,44.56,44.52,44.480000000000004,44.44,44.4,44.36,44.32,44.300000000000004,44.26,44.22,44.58,44.56,44.52,44.480000000000004,44.44,44.4,44.36,44.32,44.28,44.24,44.24,44.58,44.54,44.52,44.480000000000004,44.44,44.4,44.36,44.32,44.28,44.28,44.24,44.58,44.54,44.5,44.46,44.44,44.4,44.36,44.36,44.32,44.28,44.24,44.58,44.54,44.5,44.46,44.44,44.4,44.4,44.36,44.32,44.28,44.24,44.58,44.54,44.5,44.46,44.42,44.42,44.38,44.34,44.32,44.28,44.24,44.58,44.54,44.5,44.46,44.46,44.42,44.38,44.34,44.300000000000004,44.26,44.24
2021-10-17 04:00:00,41.26,41.26,41.26,41.26,41.26,41.26,41.26,41.26,41.26,41.26,41.26,41.300000000000004,41.300000000000004,41.300000000000004,41.300000000000004,41.300000000000004,41.300000000000004,41.300000000000004,41.300000000000004,41.300000000000004,41.300000000000004,41.300000000000004,41.36,41.36,41.36,41.36,41.36,41.36,41.36,41.36,41.36,41.36,41.36,41.4,41.4,41.4,41.4,41.4,41.4,41.4,41.4,41.4,41.4,41.4,41.44,41.44,41.44,41.44,41.44,41.44,41.44,41.44,41.44,41.44,41.44,41.5,41.5,41.5,41.5,41.5,41.5,41.5,41.5,41.5,41.5,41.5,41.54,41.54,41.54,41.54,41.54,41.54,41.5,41.5,41.5,41.5,41.5,41.54,41.54,41.54,41.54,41.54,41.54,41.54,41.54,41.54,41.54,41.54,41.6,41.6,41.58,41.58,41.58,41.58,41.58,41.58,41.58,41.58,41.58,41.64,41.64,41.64,41.64,41.64,41.64,41.64,41.64,41.64,41.64,41.64,41.68,41.68,41.68,41.68,41.68,41.68,41.68,41.68,41.68,41.68,41.68
2021-08-08 04:00:00,16.82,16.8,16.8,16.78,16.76,16.76,16.740000000000002,16.740000000000002,16.72,16.72,16.7,16.86,16.84,16.84,16.82,16.8,16.8,16.8,16.740000000000002,16.72,16.72,16.7,16.86,16.84,16.84,16.82,16.8,16.8,16.8,16.78,16.78,16.76,16.740000000000002,16.9,16.88,16.88,16.86,16.86,16.86,16.84,16.82,16.82,16.8,16.78,16.94,16.94,16.92,16.92,16.9,16.9,16.88,16.86,16.86,16.84,16.84,16.98,16.98,16.98,16.96,16.94,16.94,16.92,16.92,16.9,16.88,16.88,17.02,17.02,17.02,17.0,17.0,16.98,16.96,16.96,16.94,16.92,16.92,17.080000000000002,17.080000000000002,17.06,17.04,17.04,17.02,17.0,17.0,16.98,16.98,16.98,17.12,17.12,17.1,17.080000000000002,17.080000000000002,17.06,17.0,17.0,17.0,16.98,16.98,17.12,17.12,17.1,17.080000000000002,17.080000000000002,17.06,17.06,17.06,17.04,17.02,17.02,17.16,17.16,17.14,17.14,17.12,17.1,17.1,17.1,17.080000000000002,17.06,17.06
2021-06-29 04:00:00,10.06,10.040000000000001,10.02,10.02,10.0,9.98,9.96,9.96,9.94,9.92,9.9,10.1,10.08,10.06,10.06,10.040000000000001,10.02,10.02,9.96,9.94,9.92,9.9,10.1,10.08,10.06,10.06,10.040000000000001,10.040000000000001,10.02,10.0,9.98,9.96,9.94,10.14,10.120000000000001,10.1,10.08,10.08,10.06,10.06,10.040000000000001,10.02,10.0,9.98,10.18,10.16,10.14,10.14,10.120000000000001,10.1,10.08,10.08,10.06,10.040000000000001,10.02,10.22,10.200000000000001,10.200000000000001,10.18,10.16,10.14,10.120000000000001,10.1,10.08,10.08,10.06,10.26,10.26,10.24,10.22,10.200000000000001,10.18,10.16,10.14,10.120000000000001,10.120000000000001,10.1,10.32,10.3,10.28,10.26,10.24,10.22,10.200000000000001,10.18,10.16,10.16,10.16,10.36,10.34,10.32,10.3,10.28,10.26,10.200000000000001,10.18,10.18,10.16,10.16,10.36,10.34,10.32,10.3,10.28,10.26,10.24,10.24,10.22,10.200000000000001,10.18,10.4,10.38,10.36,10.34,10.32,10.3,10.3,10.28,10.26,10.24,10.22
2021-03-22 03:00:00,37.32,37.300000000000004,37.28,37.24,37.22,37.22,37.160000000000004,37.14,37.12,37.1,37.08,37.32,37.300000000000004,37.28,37.24,37.24,37.22,37.2,37.18,37.160000000000004,37.14,37.12,37.36,37.32,37.300000000000004,37.300000000000004,37.28,37.26,37.24,37.22,37.2,37.18,37.160000000000004,37.38,37.36,37.36,37.34,37.32,37.300000000000004,37.28,37.26,37.24,37.2,37.18,37.42,37.42,37.4,37.38,37.36,37.34,37.32,37.28,37.26,37.24,37.22,37.480000000000004,37.46,37.44,37.42,37.38,37.36,37.34,37.32,37.300000000000004,37.28,37.28,37.52,37.5,37.46,37.44,37.42,37.4,37.38,37.36,37.36,37.34,37.32,37.54,37.52,37.5,37.480000000000004,37.46,37.4,37.38,37.38,37.36,37.34,37.32,37.54,37.52,37.5,37.480000000000004,37.46,37.44,37.44,37.42,37.4,37.38,37.36,37.58,37.56,37.54,37.52,37.5,37.5,37.480000000000004,37.46,37.42,37.4,37.38,37.62,37.6,37.58,37.56,37.56,37.52,37.5,37.480000000000004,37.46,37.44,37.42
2021-10-08 04:00:00,37.92,37.92,37.92,37.92,37.92,37.92,37.92,37.86,37.86,37.86,37.86,37.92,37.92,37.92,37.92,37.92,37.92,37.92,37.92,37.92,37.92,37.92,37.96,37.96,37.96,37.96,37.96,37.96,37.96,37.96,37.96,37.96,37.96,38.02,38.02,38.0,38.0,38.0,38.0,38.0,38.0,38.0,38.0,38.0,38.06,38.06,38.06,38.06,38.06,38.06,38.06,38.06,38.06,38.06,38.06,38.1,38.1,38.1,38.1,38.1,38.1,38.1,38.1,38.1,38.1,38.1,38.160000000000004,38.160000000000004,38.160000000000004,38.14,38.14,38.14,38.14,38.14,38.14,38.14,38.14,38.2,38.2,38.2,38.2,38.2,38.2,38.14,38.14,38.14,38.14,38.14,38.2,38.2,38.2,38.2,38.2,38.2,38.2,38.2,38.2,38.2,38.2,38.24,38.24,38.24,38.24,38.24,38.24,38.24,38.24,38.24,38.24,38.24,38.300000000000004,38.300000000000004,38.300000000000004,38.300000000000004,38.28,38.28,38.28,38.28,38.28,38.28,38.28
2021-10-24 02:00:00,52.78,52.76,52.72,52.72,52.7,52.68,52.660000000000004,52.64,52.620000000000005,52.58,52.56,52.800000000000004,52.78,52.78,52.76,52.74,52.72,52.7,52.660000000000004,52.64,52.620000000000005,52.6,52.84,52.84,52.82,52.800000000000004,52.78,52.74,52.72,52.7,52.68,52.660000000000004,52.64,52.9,52.88,52.86,52.82,52.800000000000004,52.78,52.76,52.74,52.72,52.68,52.68,52.94,52.92,52.88,52.86,52.84,52.82,52.800000000000004,52.78,52.74,52.74,52.72,52.96,52.94,52.92,52.9,52.88,52.86,52.82,52.82,52.800000000000004,52.78,52.76,53.0,52.980000000000004,52.96,52.94,52.88,52.86,52.86,52.82,52.800000000000004,52.78,52.76,53.0,52.980000000000004,52.96,52.94,52.9,52.9,52.88,52.86,52.84,52.82,52.800000000000004,53.04,53.02,52.980000000000004,52.96,52.96,52.94,52.92,52.9,52.88,52.84,52.82,53.06,53.04,53.02,53.02,53.0,52.980000000000004,52.96,52.94,52.9,52.88,52.86,53.1,53.08,53.08,53.06,53.04,53.02,52.980000000000004,52.96,52.94,52.92,52.9
2021-04-19 02:00:00,38.02,37.980000000000004,37.94,37.92,37.92,37.86,37.82,37.800000000000004,37.76,37.72,37.7,38.02,37.980000000000004,37.94,37.94,37.92,37.88,37.84,37.82,37.78,37.74,37.72,38.04,38.0,38.0,37.96,37.94,37.9,37.86,37.82,37.800000000000004,37.76,37.72,38.04,38.04,38.02,37.980000000000004,37.94,37.92,37.88,37.84,37.82,37.78,37.74,38.1,38.06,38.02,38.0,37.96,37.92,37.9,37.86,37.82,37.800000000000004,37.800000000000004,38.12,38.08,38.04,38.02,37.980000000000004,37.94,37.92,37.88,37.84,37.84,37.82,38.14,38.1,38.06,38.02,38.0,37.96,37.92,37.92,37.9,37.86,37.82,38.14,38.12,38.08,38.04,38.0,37.96,37.96,37.92,37.9,37.86,37.82,38.14,38.12,38.08,38.04,38.02,38.02,37.980000000000004,37.94,37.92,37.88,37.84,38.160000000000004,38.12,38.1,38.06,38.06,38.02,38.0,37.96,37.92,37.9,37.86,38.18,38.14,38.12,38.12,38.08,38.04,38.02,37.980000000000004,37.94,37.92,37.88
2021-03-23 05:00:00,31.82,31.84,31.84,31.86,31.88,31.88,31.88,31.86,31.86,31.88,31.88,31.82,31.84,31.84,31.86,31.88,31.88,31.88,31.900000000000002,31.900000000000002,31.92,31.94,31.88,31.88,31.900000000000002,31.900000000000002,31.900000000000002,31.92,31.92,31.94,31.96,31.96,31.98,31.92,31.94,31.94,31.94,31.96,31.96,31.98,31.98,32.0,32.02,32.02,31.96,31.98,31.98,31.98,32.0,32.02,32.02,32.04,32.04,32.06,32.06,32.02,32.02,32.02,32.04,32.04,32.06,32.06,32.08,32.1,32.1,32.12,32.04,32.06,32.06,32.08,32.1,32.1,32.12,32.12,32.14,32.14,32.14,32.1,32.1,32.12,32.12,32.14,32.14,32.12,32.12,32.12,32.14,32.14,32.1,32.1,32.12,32.12,32.14,32.14,32.160000000000004,32.160000000000004,32.18,32.18,32.2,32.14,32.160000000000004,32.160000000000004,32.18,32.18,32.2,32.2,32.2,32.22,32.24,32.24,32.18,32.2,32.2,32.22,32.24,32.24,32.24,32.26,32.26,32.28,32.28
2021-09-02 03:00:00,30.3,30.28,30.26,30.240000000000002,30.22,30.22,30.16,30.12,30.1,30.080000000000002,30.060000000000002,30.3,30.28,30.26,30.240000000000002,30.240000000000002,30.22,30.18,30.16,30.14,30.12,30.080000000000002,30.34,30.32,30.3,30.3,30.26,30.240000000000002,30.22,30.2,30.16,30.14,30.12,30.38,30.34,30.34,30.32,30.3,30.28,30.26,30.22,30.2,30.18,30.16,30.400000000000002,30.400000000000002,30.38,30.36,30.34,30.3,30.28,30.26,30.240000000000002,30.2,30.18,30.46,30.44,30.42,30.38,30.36,30.34,30.32,30.3,30.26,30.240000000000002,30.240000000000002,30.5,30.48,30.44,30.42,30.400000000000002,30.38,30.34,30.32,30.32,30.3,30.28,30.52,30.5,30.48,30.46,30.42,30.38,30.34,30.34,30.32,30.3,30.28,30.52,30.5,30.48,30.46,30.42,30.400000000000002,30.400000000000002,30.38,30.36,30.34,30.3,30.560000000000002,30.54,30.5,30.48,30.46,30.46,30.44,30.42,30.38,30.36,30.34,30.6,30.560000000000002,30.54,30.52,30.52,30.5,30.48,30.44,30.42,30.400000000000002,30.38
2021-10-17 05:00:00,43.300000000000004,43.32,43.32,43.34,43.36,43.36,43.36,43.38,43.4,43.4,43.42,43.34,43.36,43.38,43.38,43.38,43.4,43.42,43.42,43.44,43.46,43.46,43.38,43.4,43.42,43.42,43.44,43.44,43.46,43.480000000000004,43.480000000000004,43.5,43.52,43.44,43.44,43.44,43.46,43.480000000000004,43.480000000000004,43.5,43.52,43.54,43.54,43.56,43.480000000000004,43.480000000000004,43.5,43.5,43.52,43.54,43.54,43.56,43.58,43.58,43.6,43.52,43.52,43.54,43.56,43.56,43.58,43.6,43.6,43.62,43.62,43.64,43.56,43.58,43.58,43.6,43.62,43.62,43.6,43.6,43.6,43.62,43.64,43.56,43.58,43.58,43.6,43.62,43.62,43.64,43.64,43.660000000000004,43.660000000000004,43.68,43.6,43.62,43.64,43.64,43.660000000000004,43.68,43.68,43.68,43.7,43.72,43.72,43.64,43.660000000000004,43.68,43.68,43.7,43.7,43.72,43.74,43.74,43.76,43.78,43.7,43.7,43.72,43.74,43.74,43.74,43.76,43.78,43.800000000000004,43.800000000000004,43.82
2021-05-19 01:00:00,45.300000000000004,45.26,45.22,45.18,45.14,45.14,45.1,45.06,45.02,45.0,44.96,45.300000000000004,45.26,45.22,45.18,45.18,45.14,45.1,45.06,45.02,45.0,44.96,45.300000000000004,45.26,45.22,45.22,45.18,45.14,45.1,45.06,45.04,45.0,44.96,45.300000000000004,45.26,45.26,45.22,45.18,45.14,45.1,45.06,45.02,45.0,44.96,45.300000000000004,45.300000000000004,45.26,45.22,45.18,45.14,45.1,45.06,45.02,44.980000000000004,44.96,45.32,45.28,45.26,45.22,45.18,45.14,45.1,45.06,45.02,44.980000000000004,44.980000000000004,45.32,45.300000000000004,45.26,45.22,45.18,45.14,45.1,45.06,45.02,45.02,44.980000000000004,45.32,45.28,45.26,45.22,45.18,45.14,45.1,45.1,45.06,45.02,44.980000000000004,45.32,45.28,45.24,45.22,45.18,45.14,45.14,45.1,45.06,45.02,44.980000000000004,45.32,45.28,45.24,45.22,45.18,45.18,45.14,45.1,45.06,45.02,44.980000000000004,45.32,45.28,45.24,45.2,45.2,45.18,45.14,45.1,45.06,45.02,44.980000000000004
2021-05-01 03:00:00,24.2,24.18,24.14,24.12,24.080000000000002,24.060000000000002,24.060000000000002,24.04,24.0,23.98,23.94,24.240000000000002,24.2,24.18,24.14,24.12,24.12,24.060000000000002,24.04,24.0,23.98,23.94,24.240000000000002,24.2,24.18,24.14,24.14,24.12,24.080000000000002,24.060000000000002,24.04,24.0,23.98,24.26,24.22,24.2,24.2,24.18,24.14,24.12,24.080000000000002,24.060000000000002,24.04,24.0,24.28,24.26,24.26,24.22,24.2,24.18,24.14,24.12,24.080000000000002,24.060000000000002,24.02,24.32,24.32,24.28,24.26,24.22,24.2,24.16,24.14,24.12,24.080000000000002,24.060000000000002,24.36,24.34,24.32,24.28,24.26,24.22,24.2,24.16,24.14,24.12,24.12,24.400000000000002,24.36,24.34,24.3,24.28,24.26,24.22,24.2,24.2,24.16,24.14,24.42,24.400000000000002,24.36,24.34,24.3,24.26,24.22,24.22,24.2,24.16,24.14,24.42,24.400000000000002,24.36,24.34,24.3,24.28,24.28,24.26,24.22,24.2,24.16,24.44,24.42,24.400000000000002,24.36,24.34,24.34,24.3,24.28,24.240000000000002,24.22,24.2
2021-05-05 02:00:00,34.54,34.5,34.46,34.44,34.4,34.4,34.36,34.32,34.300000000000004,34.26,34.22,34.56,34.52,34.480000000000004,34.44,34.44,34.4,34.36,34.32,34.300000000000004,34.26,34.22,34.56,34.52,34.480000000000004,34.480000000000004,34.44,34.42,34.38,34.34,34.300000000000004,34.28,34.24,34.56,34.54,34.54,34.5,34.46,34.42,34.38,34.36,34.32,34.28,34.24,34.58,34.58,34.54,34.5,34.480000000000004,34.44,34.4,34.36,34.32,34.300000000000004,34.26,34.62,34.58,34.56,34.52,34.480000000000004,34.44,34.42,34.38,34.34,34.300000000000004,34.300000000000004,34.64,34.6,34.56,34.54,34.5,34.46,34.42,34.38,34.36,34.36,34.32,34.64,34.62,34.58,34.54,34.5,34.480000000000004,34.44,34.44,34.4,34.36,34.32,34.660000000000004,34.62,34.58,34.56,34.5,34.480000000000004,34.480000000000004,34.44,34.4,34.36,34.32,34.660000000000004,34.62,34.58,34.56,34.52,34.52,34.480000000000004,34.44,34.42,34.38,34.34,34.660000000000004,34.64,34.6,34.56,34.56,34.52,34.5,34.46,34.42,34.38,34.36
2021-08-01 02:00:00,35.6,35.58,35.54,35.5,35.46,35.46,35.42,35.4,35.36,35.32,35.28,35.62,35.58,35.54,35.52,35.52,35.46,35.42,35.4,35.36,35.32,35.28,35.62,35.58,35.54,35.54,35.52,35.480000000000004,35.44,35.4,35.36,35.32,35.300000000000004,35.62,35.6,35.6,35.56,35.52,35.480000000000004,35.44,35.4,35.38,35.34,35.300000000000004,35.64,35.64,35.6,35.56,35.52,35.480000000000004,35.46,35.42,35.38,35.34,35.300000000000004,35.68,35.64,35.6,35.56,35.54,35.5,35.46,35.42,35.38,35.34,35.34,35.68,35.660000000000004,35.62,35.58,35.54,35.5,35.46,35.44,35.4,35.4,35.36,35.7,35.660000000000004,35.62,35.58,35.54,35.52,35.480000000000004,35.480000000000004,35.44,35.4,35.36,35.7,35.660000000000004,35.62,35.6,35.54,35.52,35.52,35.480000000000004,35.44,35.4,35.36,35.7,35.660000000000004,35.62,35.6,35.56,35.56,35.52,35.480000000000004,35.44,35.42,35.38,35.7,35.68,35.64,35.6,35.6,35.56,35.52,35.5,35.46,35.42,35.38
2021-09-29 04:00:00,34.5,34.480000000000004,34.480000000000004,34.480000000000004,34.480000000000004,34.480000000000004,34.480000000000004,34.44,34.44,34.42,34.42,34.5,34.480000000000004,34.480000000000004,34.480000000000004,34.480000000000004,34.480000000000004,34.480000000000004,34.480000000000004,34.480000000000004,34.480000000000004,34.480000000000004,34.54,34.54,34.54,34.54,34.54,34.52,34.52,34.52,34.52,34.52,34.52,34.58,34.58,34.58,34.58,34.58,34.58,34.58,34.58,34.58,34.56,34.56,34.62,34.62,34.62,34.62,34.62,34.62,34.62,34.62,34.62,34.62,34.62,34.68,34.68,34.68,34.68,34.68,34.660000000000004,34.660000000000004,34.660000000000004,34.660000000000004,34.660000000000004,34.660000000000004,34.72,34.72,34.72,34.72,34.72,34.72,34.72,34.72,34.72,34.72,34.7,34.78,34.76,34.76,34.76,34.76,34.76,34.72,34.72,34.72,34.72,34.7,34.78,34.76,34.76,34.76,34.76,34.76,34.76,34.76,34.76,34.76,34.76,34.82,34.82,34.82,34.82,34.82,34.800000000000004,34.800000000000004,34.800000000000004,34.800000000000004,34.800000000000004,34.800000000000004,34.86,34.86,34.86,34.86,34.86,34.86,34.86,34.86,34.86,34.86,34.84
2021-06-22 02:00:00,32.26,32.22,32.18,32.14,32.1,32.1,32.06,32.02,32.0,31.96,31.92,32.26,32.22,32.18,32.14,32.14,32.1,32.06,32.02,32.0,31.96,31.92,32.26,32.22,32.18,32.18,32.14,32.1,32.08,32.04,32.0,31.96,31.92,32.26,32.22,32.22,32.18,32.14,32.1,32.08,32.04,32.0,31.96,31.92,32.26,32.26,32.22,32.18,32.14,32.1,32.08,32.04,32.0,31.96,31.92,32.3,32.26,32.22,32.18,32.14,32.1,32.08,32.04,32.0,31.96,31.96,32.3,32.26,32.22,32.18,32.160000000000004,32.12,32.08,32.04,32.0,32.0,31.96,32.3,32.26,32.22,32.18,32.160000000000004,32.12,32.08,32.08,32.04,32.0,31.96,32.3,32.26,32.22,32.18,32.160000000000004,32.12,32.12,32.08,32.04,32.0,31.96,32.3,32.26,32.22,32.18,32.160000000000004,32.160000000000004,32.12,32.08,32.04,32.0,31.96,32.3,32.26,32.22,32.18,32.18,32.160000000000004,32.12,32.08,32.04,32.0,31.96
2021-09-27 02:00:00,45.62,45.6,45.58,45.54,45.54,45.480000000000004,45.46,45.44,45.4,45.38,45.34,45.62,45.6,45.58,45.58,45.54,45.52,45.5,45.46,45.44,45.4,45.38,45.660000000000004,45.62,45.62,45.6,45.58,45.54,45.52,45.480000000000004,45.46,45.44,45.4,45.68,45.68,45.660000000000004,45.62,45.6,45.58,45.54,45.52,45.480000000000004,45.46,45.44,45.74,45.72,45.68,45.660000000000004,45.62,45.6,45.58,45.54,45.52,45.480000000000004,45.480000000000004,45.76,45.74,45.72,45.68,45.660000000000004,45.64,45.6,45.58,45.54,45.54,45.52,45.800000000000004,45.76,45.74,45.72,45.68,45.660000000000004,45.64,45.64,45.6,45.58,45.54,45.82,45.800000000000004,45.76,45.74,45.68,45.660000000000004,45.660000000000004,45.64,45.6,45.58,45.54,45.82,45.800000000000004,45.76,45.74,45.72,45.72,45.68,45.660000000000004,45.62,45.6,45.58,45.86,45.82,45.800000000000004,45.76,45.76,45.74,45.72,45.68,45.660000000000004,45.62,45.6,45.88,45.86,45.82,45.82,45.800000000000004,45.78,45.74,45.72,45.68,45.660000000000004,45.64
2021-12-22 03:00:00,58.46,58.44,58.44,58.42,58.42,58.4,58.4,58.38,58.36,58.36,58.34,58.5,58.5,58.480000000000004,58.46,58.46,58.44,58.44,58.42,58.4,58.4,58.38,58.56,58.54,58.52,58.52,58.5,58.480000000000004,58.480000000000004,58.46,58.44,58.44,58.44,58.6,58.58,58.56,58.56,58.54,58.54,58.52,58.5,58.5,58.5,58.480000000000004,58.64,58.620000000000005,58.620000000000005,58.6,58.58,58.58,58.56,58.56,58.54,58.54,58.52,58.68,58.660000000000004,58.660000000000004,58.64,58.58,58.58,58.58,58.56,58.54,58.54,58.52,58.68,58.660000000000004,58.660000000000004,58.64,58.620000000000005,58.620000000000005,58.620000000000005,58.6,58.58,58.58,58.56,58.72,58.7,58.7,58.68,58.68,58.660000000000004,58.660000000000004,58.64,58.64,58.620000000000005,58.6,58.76,58.76,58.74,58.74,58.72,58.72,58.7,58.68,58.68,58.660000000000004,58.660000000000004,58.800000000000004,58.800000000000004,58.800000000000004,58.78,58.76,58.76,58.74,58.74,58.72,58.7,58.7,58.84,58.84,58.84,58.82,58.82,58.800000000000004,58.78,58.78,58.76,58.74,58.74
2021-12-19 03:00:00,58.32,58.300000000000004,58.300000000000004,58.300000000000004,58.28,58.26,58.26,58.24,58.24,58.22,58.2,58.36,58.36,58.34,58.34,58.32,58.32,58.300000000000004,58.28,58.28,58.26,58.24,58.42,58.4,58.4,58.38,58.36,58.36,58.34,58.32,58.32,58.300000000000004,58.300000000000004,58.46,58.44,58.44,58.42,58.4,58.4,58.38,58.38,58.36,58.36,58.34,58.5,58.480000000000004,58.480000000000004,58.46,58.46,58.44,58.42,58.42,58.42,58.4,58.4,58.54,58.54,58.52,58.5,58.46,58.44,58.44,58.42,58.42,58.4,58.4,58.54,58.54,58.52,58.5,58.5,58.5,58.480000000000004,58.46,58.46,58.44,58.44,58.58,58.58,58.56,58.54,58.54,58.54,58.52,58.52,58.5,58.480000000000004,58.480000000000004,58.620000000000005,58.620000000000005,58.6,58.6,58.6,58.58,58.56,58.56,58.54,58.54,58.52,58.68,58.660000000000004,58.660000000000004,58.64,58.64,58.620000000000005,58.620000000000005,58.6,58.58,58.58,58.56,58.72,58.72,58.7,58.68,58.68,58.660000000000004,58.660000000000004,58.64,58.620000000000005,58.620000000000005,58.620000000000005
2021-05-03 03:00:00,23.740000000000002,23.7,23.68,23.64,23.62,23.580000000000002,23.580000000000002,23.56,23.52,23.5,23.48,23.76,23.740000000000002,23.7,23.68,23.64,23.64,23.580000000000002,23.56,23.52,23.5,23.48,23.76,23.740000000000002,23.7,23.68,23.68,23.64,23.62,23.580000000000002,23.56,23.54,23.5,23.78,23.76,23.72,23.72,23.7,23.68,23.64,23.62,23.580000000000002,23.56,23.52,23.82,23.78,23.78,23.76,23.72,23.7,23.66,23.64,23.62,23.580000000000002,23.56,23.84,23.84,23.8,23.78,23.76,23.72,23.7,23.66,23.64,23.6,23.580000000000002,23.900000000000002,23.86,23.84,23.8,23.78,23.76,23.72,23.7,23.66,23.64,23.64,23.92,23.900000000000002,23.86,23.84,23.8,23.78,23.740000000000002,23.72,23.72,23.7,23.66,23.94,23.92,23.88,23.86,23.84,23.78,23.740000000000002,23.740000000000002,23.72,23.7,23.66,23.94,23.92,23.88,23.86,23.84,23.8,23.8,23.78,23.740000000000002,23.72,23.68,23.98,23.94,23.92,23.88,23.86,23.86,23.82,23.8,23.78,23.740000000000002,23.72
2021-05-21 02:00:00,32.52,32.480000000000004,32.44,32.4,32.38,32.38,32.34,32.3,32.26,32.22,32.18,32.52,32.5,32.46,32.42,32.42,32.38,32.34,32.3,32.26,32.22,32.18,32.52,32.5,32.46,32.46,32.42,32.38,32.34,32.3,32.28,32.24,32.2,32.54,32.5,32.5,32.46,32.42,32.38,32.36,32.32,32.28,32.24,32.2,32.54,32.54,32.5,32.46,32.44,32.4,32.36,32.32,32.28,32.24,32.22,32.58,32.54,32.5,32.480000000000004,32.44,32.4,32.36,32.32,32.28,32.26,32.26,32.6,32.56,32.52,32.480000000000004,32.44,32.4,32.38,32.34,32.3,32.3,32.26,32.6,32.56,32.52,32.480000000000004,32.46,32.42,32.38,32.38,32.34,32.3,32.26,32.6,32.56,32.54,32.5,32.46,32.42,32.42,32.38,32.34,32.3,32.26,32.6,32.56,32.54,32.5,32.46,32.46,32.42,32.38,32.34,32.32,32.28,32.6,32.58,32.54,32.5,32.5,32.46,32.42,32.38,32.36,32.32,32.28
2021-05-10 02:00:00,33.76,33.72,33.68,33.64,33.6,33.6,33.58,33.54,33.5,33.46,33.42,33.76,33.72,33.7,33.660000000000004,33.660000000000004,33.6,33.58,33.54,33.5,33.46,33.42,33.76,33.72,33.7,33.7,33.660000000000004,33.62,33.58,33.54,33.52,33.480000000000004,33.44,33.78,33.74,33.74,33.7,33.660000000000004,33.64,33.6,33.56,33.52,33.480000000000004,33.46,33.78,33.78,33.74,33.72,33.68,33.64,33.6,33.56,33.54,33.5,33.46,33.82,33.8,33.76,33.72,33.68,33.64,33.62,33.58,33.54,33.5,33.5,33.84,33.8,33.76,33.74,33.7,33.660000000000004,33.62,33.58,33.56,33.56,33.52,33.84,33.82,33.78,33.74,33.7,33.660000000000004,33.64,33.64,33.6,33.56,33.52,33.86,33.82,33.78,33.76,33.7,33.660000000000004,33.660000000000004,33.64,33.6,33.56,33.52,33.86,33.82,33.78,33.76,33.72,33.72,33.68,33.64,33.6,33.58,33.54,33.86,33.84,33.8,33.76,33.76,33.72,33.68,33.660000000000004,33.62,33.58,33.54
2021-08-09 03:00:00,25.14,25.1,25.080000000000002,25.04,25.02,24.98,24.98,24.96,24.92,24.900000000000002,24.86,25.16,25.14,25.1,25.080000000000002,25.04,25.04,24.98,24.96,24.92,24.900000000000002,24.86,25.16,25.14,25.1,25.080000000000002,25.080000000000002,25.04,25.02,24.98,24.96,24.92,24.900000000000002,25.18,25.16,25.12,25.12,25.1,25.060000000000002,25.04,25.0,24.98,24.94,24.92,25.2,25.18,25.18,25.14,25.12,25.080000000000002,25.060000000000002,25.02,25.0,24.96,24.94,25.240000000000002,25.240000000000002,25.2,25.18,25.14,25.12,25.080000000000002,25.060000000000002,25.02,25.0,24.96,25.28,25.26,25.22,25.2,25.16,25.14,25.1,25.080000000000002,25.04,25.02,25.02,25.32,25.28,25.26,25.22,25.2,25.16,25.14,25.1,25.1,25.080000000000002,25.04,25.34,25.3,25.28,25.240000000000002,25.22,25.16,25.14,25.14,25.1,25.080000000000002,25.04,25.34,25.3,25.28,25.240000000000002,25.22,25.18,25.18,25.16,25.12,25.1,25.060000000000002,25.36,25.32,25.3,25.26,25.240000000000002,25.240000000000002,25.2,25.18,25.14,25.12,25.080000000000002
2021-05-01 02:00:00,35.28,35.24,35.2,35.18,35.14,35.14,35.1,35.06,35.04,35.0,34.96,35.300000000000004,35.26,35.22,35.18,35.18,35.14,35.1,35.06,35.04,35.0,34.96,35.300000000000004,35.26,35.22,35.22,35.18,35.160000000000004,35.12,35.08,35.04,35.02,34.980000000000004,35.300000000000004,35.26,35.26,35.24,35.2,35.160000000000004,35.12,35.1,35.06,35.02,34.980000000000004,35.32,35.32,35.28,35.24,35.22,35.18,35.14,35.1,35.08,35.04,35.0,35.36,35.32,35.300000000000004,35.26,35.22,35.18,35.160000000000004,35.12,35.08,35.04,35.04,35.38,35.34,35.300000000000004,35.28,35.24,35.2,35.160000000000004,35.14,35.1,35.1,35.06,35.38,35.36,35.32,35.28,35.24,35.22,35.18,35.18,35.14,35.1,35.08,35.4,35.36,35.34,35.300000000000004,35.24,35.22,35.22,35.18,35.14,35.1,35.08,35.4,35.36,35.34,35.300000000000004,35.26,35.26,35.22,35.2,35.160000000000004,35.12,35.08,35.42,35.38,35.34,35.300000000000004,35.300000000000004,35.28,35.24,35.2,35.160000000000004,35.14,35.1
2021-08-08 03:00:00,24.96,24.94,24.900000000000002,24.88,24.84,24.82,24.82,24.78,24.76,24.72,24.68,25.0,24.96,24.92,24.900000000000002,24.86,24.86,24.82,24.78,24.76,24.72,24.68,25.0,24.96,24.92,24.900000000000002,24.900000000000002,24.86,24.84,24.8,24.78,24.740000000000002,24.72,25.02,24.98,24.96,24.96,24.92,24.900000000000002,24.86,24.82,24.8,24.76,24.740000000000002,25.04,25.0,25.0,24.98,24.94,24.92,24.88,24.86,24.82,24.8,24.76,25.060000000000002,25.060000000000002,25.02,25.0,24.96,24.94,24.900000000000002,24.88,24.84,24.82,24.78,25.12,25.080000000000002,25.060000000000002,25.02,25.0,24.96,24.94,24.900000000000002,24.88,24.84,24.84,25.14,25.1,25.080000000000002,25.04,25.02,24.98,24.96,24.92,24.92,24.900000000000002,24.86,25.16,25.12,25.1,25.060000000000002,25.04,24.98,24.96,24.96,24.92,24.900000000000002,24.86,25.16,25.12,25.1,25.060000000000002,25.04,25.0,25.0,24.98,24.94,24.92,24.88,25.18,25.16,25.12,25.1,25.060000000000002,25.060000000000002,25.04,25.0,24.96,24.94,24.900000000000002
2021-11-25 04:00:00,52.72,52.72,52.72,52.72,52.72,52.72,52.72,52.72,52.72,52.72,52.72,52.78,52.78,52.78,52.78,52.78,52.78,52.78,52.78,52.78,52.78,52.78,52.82,52.82,52.82,52.82,52.82,52.82,52.82,52.82,52.82,52.82,52.82,52.88,52.86,52.86,52.86,52.86,52.86,52.86,52.86,52.86,52.86,52.86,52.92,52.92,52.92,52.92,52.92,52.92,52.92,52.92,52.92,52.92,52.92,52.96,52.96,52.96,52.96,52.96,52.96,52.96,52.96,52.96,52.96,52.96,53.02,53.02,53.02,53.0,53.0,53.0,52.96,52.96,52.96,52.96,52.96,53.02,53.02,53.02,53.0,53.0,53.0,53.0,53.0,53.0,53.0,53.0,53.06,53.06,53.06,53.06,53.06,53.06,53.06,53.06,53.06,53.06,53.06,53.1,53.1,53.1,53.1,53.1,53.1,53.1,53.1,53.1,53.1,53.1,53.160000000000004,53.160000000000004,53.160000000000004,53.160000000000004,53.160000000000004,53.160000000000004,53.160000000000004,53.160000000000004,53.14,53.14,53.14
2021-02-23 03:00:00,47.24,47.22,47.2,47.2,47.18,47.160000000000004,47.14,47.12,47.1,47.08,47.06,47.28,47.26,47.26,47.24,47.22,47.2,47.18,47.160000000000004,47.14,47.12,47.1,47.300000000000004,47.300000000000004,47.28,47.28,47.26,47.24,47.22,47.2,47.18,47.160000000000004,47.14,47.36,47.34,47.32,47.300000000000004,47.28,47.26,47.26,47.24,47.22,47.2,47.2,47.4,47.38,47.36,47.34,47.32,47.300000000000004,47.300000000000004,47.28,47.26,47.26,47.24,47.44,47.42,47.4,47.38,47.36,47.34,47.32,47.32,47.300000000000004,47.28,47.28,47.480000000000004,47.46,47.44,47.42,47.36,47.34,47.34,47.32,47.300000000000004,47.28,47.28,47.480000000000004,47.46,47.44,47.42,47.4,47.4,47.38,47.36,47.34,47.32,47.300000000000004,47.52,47.5,47.480000000000004,47.46,47.46,47.44,47.42,47.4,47.38,47.36,47.34,47.56,47.54,47.52,47.52,47.5,47.480000000000004,47.46,47.44,47.42,47.4,47.38,47.6,47.58,47.58,47.56,47.54,47.52,47.5,47.480000000000004,47.46,47.44,47.42
2021-05-30 04:00:00,10.8,10.78,10.76,10.76,10.74,10.72,10.72,10.72,10.700000000000001,10.68,10.68,10.84,10.82,10.8,10.8,10.78,10.78,10.78,10.72,10.700000000000001,10.68,10.68,10.84,10.82,10.8,10.8,10.78,10.78,10.78,10.76,10.74,10.74,10.72,10.88,10.86,10.86,10.84,10.84,10.82,10.82,10.8,10.78,10.78,10.76,10.92,10.9,10.9,10.9,10.88,10.86,10.86,10.84,10.84,10.82,10.8,10.96,10.94,10.94,10.94,10.92,10.9,10.9,10.88,10.88,10.86,10.84,11.0,11.0,11.0,10.98,10.96,10.96,10.94,10.92,10.92,10.9,10.9,11.06,11.040000000000001,11.040000000000001,11.02,11.0,11.0,10.98,10.98,10.96,10.96,10.94,11.1,11.08,11.08,11.06,11.040000000000001,11.040000000000001,10.98,10.98,10.98,10.96,10.94,11.1,11.08,11.08,11.06,11.040000000000001,11.040000000000001,11.02,11.02,11.02,11.0,10.98,11.14,11.14,11.120000000000001,11.1,11.1,11.08,11.08,11.06,11.06,11.040000000000001,11.040000000000001
2021-05-11 02:00:00,33.62,33.58,33.54,33.5,33.46,33.46,33.44,33.4,33.36,33.32,33.28,33.62,33.58,33.56,33.52,33.52,33.46,33.44,33.4,33.36,33.32,33.28,33.62,33.58,33.56,33.56,33.52,33.480000000000004,33.44,33.4,33.38,33.34,33.3,33.64,33.6,33.6,33.56,33.52,33.480000000000004,33.46,33.42,33.38,33.34,33.3,33.64,33.64,33.6,33.56,33.54,33.5,33.46,33.42,33.38,33.36,33.32,33.68,33.64,33.62,33.58,33.54,33.5,33.46,33.44,33.4,33.36,33.36,33.7,33.660000000000004,33.62,33.58,33.56,33.52,33.480000000000004,33.44,33.42,33.42,33.38,33.7,33.68,33.64,33.6,33.56,33.52,33.5,33.5,33.46,33.42,33.38,33.72,33.68,33.64,33.6,33.56,33.52,33.52,33.5,33.46,33.42,33.38,33.72,33.68,33.64,33.6,33.58,33.58,33.54,33.5,33.46,33.42,33.4,33.72,33.68,33.660000000000004,33.62,33.62,33.58,33.54,33.5,33.480000000000004,33.44,33.4
2021-03-11 01:00:00,61.04,61.0,61.0,60.96,60.92,60.88,60.84,60.82,60.78,60.74,60.72,61.04,61.04,61.0,60.96,60.94,60.9,60.86,60.84,60.800000000000004,60.76,60.74,61.08,61.06,61.02,60.980000000000004,60.96,60.92,60.88,60.86,60.82,60.78,60.78,61.1,61.06,61.04,61.0,60.96,60.94,60.9,60.86,60.84,60.84,60.800000000000004,61.120000000000005,61.08,61.06,61.02,60.980000000000004,60.94,60.92,60.88,60.88,60.84,60.82,61.14,61.1,61.08,61.04,61.0,60.96,60.94,60.94,60.9,60.86,60.84,61.160000000000004,61.120000000000005,61.08,61.06,61.02,61.02,60.980000000000004,60.96,60.92,60.88,60.84,61.160000000000004,61.14,61.08,61.06,61.06,61.02,60.980000000000004,60.96,60.92,60.88,60.86,61.160000000000004,61.14,61.1,61.1,61.06,61.04,61.0,60.96,60.94,60.9,60.86,61.18,61.160000000000004,61.160000000000004,61.120000000000005,61.08,61.06,61.02,60.980000000000004,60.94,60.92,60.88,61.2,61.2,61.18,61.14,61.1,61.06,61.04,61.0,60.96,60.94,60.9
2021-03-08 03:00:00,42.58,42.56,42.54,42.52,42.5,42.5,42.44,42.42,42.4,42.38,42.36,42.58,42.56,42.54,42.52,42.52,42.5,42.480000000000004,42.46,42.44,42.42,42.4,42.62,42.6,42.58,42.58,42.56,42.54,42.52,42.5,42.480000000000004,42.46,42.44,42.660000000000004,42.64,42.64,42.62,42.6,42.58,42.56,42.54,42.52,42.5,42.480000000000004,42.7,42.7,42.68,42.660000000000004,42.64,42.62,42.6,42.58,42.56,42.54,42.52,42.76,42.74,42.72,42.7,42.68,42.660000000000004,42.64,42.62,42.6,42.58,42.58,42.800000000000004,42.78,42.76,42.72,42.7,42.68,42.660000000000004,42.64,42.64,42.62,42.6,42.82,42.800000000000004,42.78,42.76,42.74,42.68,42.660000000000004,42.660000000000004,42.64,42.62,42.6,42.82,42.800000000000004,42.78,42.76,42.74,42.72,42.72,42.7,42.68,42.660000000000004,42.64,42.86,42.84,42.82,42.800000000000004,42.78,42.78,42.76,42.74,42.72,42.7,42.68,42.9,42.88,42.86,42.84,42.84,42.82,42.800000000000004,42.78,42.76,42.74,42.72
2021-10-31 04:00:00,46.1,46.1,46.1,46.1,46.1,46.1,46.1,46.1,46.1,46.1,46.1,46.14,46.14,46.14,46.14,46.14,46.14,46.14,46.14,46.14,46.14,46.14,46.18,46.2,46.2,46.2,46.2,46.2,46.2,46.2,46.2,46.2,46.2,46.24,46.24,46.24,46.24,46.24,46.24,46.24,46.24,46.24,46.24,46.24,46.28,46.28,46.28,46.28,46.28,46.28,46.28,46.28,46.28,46.28,46.28,46.34,46.34,46.34,46.34,46.34,46.34,46.34,46.34,46.34,46.34,46.34,46.38,46.38,46.38,46.38,46.38,46.38,46.34,46.34,46.34,46.34,46.34,46.38,46.38,46.38,46.38,46.38,46.38,46.38,46.38,46.38,46.38,46.38,46.42,46.42,46.42,46.42,46.42,46.42,46.42,46.42,46.42,46.42,46.42,46.480000000000004,46.480000000000004,46.480000000000004,46.480000000000004,46.480000000000004,46.480000000000004,46.480000000000004,46.480000000000004,46.480000000000004,46.480000000000004,46.480000000000004,46.52,46.52,46.52,46.52,46.52,46.52,46.52,46.52,46.52,46.52,46.52
2021-06-04 02:00:00,31.88,31.84,31.8,31.76,31.740000000000002,31.740000000000002,31.7,31.66,31.62,31.580000000000002,31.54,31.88,31.84,31.82,31.78,31.78,31.740000000000002,31.7,31.66,31.62,31.580000000000002,31.54,31.88,31.84,31.82,31.82,31.78,31.740000000000002,31.7,31.66,31.62,31.580000000000002,31.560000000000002,31.88,31.86,31.86,31.82,31.78,31.740000000000002,31.7,31.66,31.62,31.6,31.560000000000002,31.900000000000002,31.900000000000002,31.86,31.82,31.78,31.740000000000002,31.7,31.66,31.64,31.6,31.560000000000002,31.94,31.900000000000002,31.86,31.82,31.78,31.740000000000002,31.7,31.66,31.64,31.6,31.6,31.94,31.900000000000002,31.86,31.82,31.78,31.76,31.720000000000002,31.68,31.64,31.64,31.6,31.94,31.900000000000002,31.86,31.82,31.78,31.76,31.720000000000002,31.720000000000002,31.68,31.64,31.6,31.94,31.900000000000002,31.86,31.82,31.78,31.76,31.76,31.720000000000002,31.68,31.64,31.6,31.94,31.900000000000002,31.86,31.82,31.8,31.8,31.76,31.720000000000002,31.68,31.64,31.6,31.94,31.900000000000002,31.86,31.84,31.84,31.8,31.76,31.720000000000002,31.68,31.64,31.6
2021-05-13 03:00:00,21.76,21.72,21.7,21.66,21.64,21.6,21.6,21.580000000000002,21.54,21.5,21.48,21.78,21.76,21.72,21.68,21.66,21.66,21.6,21.580000000000002,21.54,21.5,21.48,21.78,21.76,21.72,21.68,21.68,21.66,21.62,21.6,21.56,21.54,21.5,21.8,21.78,21.740000000000002,21.740000000000002,21.72,21.68,21.64,21.62,21.580000000000002,21.56,21.52,21.82,21.8,21.8,21.76,21.740000000000002,21.7,21.68,21.64,21.62,21.580000000000002,21.54,21.84,21.84,21.82,21.78,21.76,21.72,21.7,21.66,21.64,21.6,21.580000000000002,21.900000000000002,21.88,21.84,21.82,21.78,21.76,21.72,21.68,21.66,21.62,21.62,21.92,21.900000000000002,21.86,21.84,21.8,21.78,21.740000000000002,21.72,21.72,21.68,21.66,21.94,21.92,21.88,21.86,21.82,21.78,21.740000000000002,21.740000000000002,21.72,21.68,21.66,21.94,21.92,21.88,21.86,21.82,21.8,21.8,21.76,21.740000000000002,21.7,21.68,21.98,21.94,21.900000000000002,21.88,21.84,21.84,21.82,21.78,21.76,21.72,21.7
2021-05-27 02:00:00,32.12,32.08,32.06,32.02,31.98,31.98,31.94,31.900000000000002,31.86,31.82,31.8,32.14,32.1,32.06,32.02,32.02,31.98,31.94,31.900000000000002,31.86,31.82,31.8,32.14,32.1,32.06,32.06,32.02,31.98,31.94,31.92,31.88,31.84,31.8,32.14,32.1,32.1,32.06,32.02,32.0,31.96,31.92,31.88,31.84,31.8,32.14,32.14,32.1,32.06,32.04,32.0,31.96,31.92,31.88,31.84,31.8,32.18,32.14,32.1,32.08,32.04,32.0,31.96,31.92,31.88,31.86,31.86,32.2,32.160000000000004,32.12,32.08,32.04,32.0,31.96,31.94,31.900000000000002,31.900000000000002,31.86,32.2,32.160000000000004,32.12,32.08,32.04,32.02,31.98,31.98,31.94,31.900000000000002,31.86,32.2,32.160000000000004,32.12,32.08,32.04,32.02,32.02,31.98,31.94,31.900000000000002,31.86,32.2,32.160000000000004,32.12,32.08,32.06,32.06,32.02,31.98,31.94,31.900000000000002,31.86,32.2,32.160000000000004,32.12,32.1,32.1,32.06,32.02,31.98,31.94,31.900000000000002,31.88
2021-05-27 03:00:00,20.080000000000002,20.04,20.02,19.98,19.94,19.92,19.92,19.88,19.84,19.82,19.78,20.1,20.06,20.04,20.0,19.96,19.96,19.92,19.88,19.84,19.82,19.78,20.1,20.06,20.04,20.0,20.0,19.96,19.94,19.900000000000002,19.86,19.84,19.8,20.12,20.080000000000002,20.06,20.06,20.02,19.98,19.96,19.92,19.88,19.86,19.82,20.14,20.1,20.1,20.06,20.04,20.0,19.98,19.94,19.900000000000002,19.88,19.84,20.16,20.16,20.12,20.080000000000002,20.06,20.02,19.98,19.96,19.92,19.88,19.86,20.2,20.18,20.14,20.1,20.080000000000002,20.04,20.0,19.98,19.94,19.900000000000002,19.900000000000002,20.22,20.2,20.16,20.12,20.1,20.06,20.02,20.0,20.0,19.96,19.92,20.240000000000002,20.2,20.18,20.14,20.1,20.06,20.02,20.02,20.0,19.96,19.92,20.240000000000002,20.2,20.18,20.14,20.1,20.080000000000002,20.080000000000002,20.04,20.02,19.98,19.94,20.26,20.22,20.2,20.16,20.12,20.12,20.1,20.06,20.02,20.0,19.96
2021-05-23 04:00:00,11.86,11.84,11.84,11.82,11.8,11.8,11.78,11.78,11.78,11.76,11.76,11.9,11.88,11.88,11.86,11.86,11.84,11.84,11.78,11.78,11.76,11.76,11.9,11.88,11.88,11.86,11.86,11.86,11.84,11.84,11.82,11.82,11.8,11.94,11.94,11.92,11.9,11.9,11.9,11.88,11.88,11.86,11.86,11.84,11.98,11.98,11.96,11.96,11.96,11.94,11.92,11.92,11.9,11.9,11.88,12.02,12.02,12.02,12.0,12.0,11.98,11.98,11.96,11.96,11.94,11.94,12.08,12.08,12.06,12.040000000000001,12.040000000000001,12.02,12.02,12.0,12.0,11.98,11.98,12.120000000000001,12.120000000000001,12.1,12.1,12.08,12.08,12.06,12.040000000000001,12.040000000000001,12.040000000000001,12.02,12.16,12.16,12.14,12.14,12.120000000000001,12.120000000000001,12.06,12.040000000000001,12.040000000000001,12.040000000000001,12.02,12.16,12.16,12.14,12.14,12.120000000000001,12.120000000000001,12.1,12.1,12.1,12.08,12.08,12.22,12.200000000000001,12.18,12.18,12.16,12.16,12.16,12.14,12.14,12.120000000000001,12.120000000000001
2021-11-17 03:00:00,53.24,53.22,53.2,53.2,53.2,53.18,53.18,53.160000000000004,53.160000000000004,53.14,53.120000000000005,53.28,53.26,53.26,53.26,53.24,53.22,53.22,53.2,53.2,53.18,53.18,53.32,53.300000000000004,53.300000000000004,53.300000000000004,53.28,53.28,53.26,53.24,53.24,53.22,53.22,53.36,53.36,53.34,53.34,53.32,53.32,53.300000000000004,53.300000000000004,53.28,53.26,53.26,53.42,53.4,53.4,53.38,53.38,53.36,53.34,53.34,53.32,53.32,53.32,53.46,53.44,53.44,53.42,53.42,53.4,53.4,53.38,53.38,53.36,53.36,53.5,53.5,53.480000000000004,53.46,53.46,53.4,53.4,53.4,53.38,53.36,53.36,53.5,53.5,53.480000000000004,53.46,53.46,53.44,53.44,53.44,53.42,53.42,53.4,53.54,53.54,53.52,53.52,53.5,53.5,53.480000000000004,53.480000000000004,53.46,53.46,53.44,53.58,53.58,53.56,53.56,53.56,53.54,53.54,53.52,53.5,53.5,53.480000000000004,53.64,53.620000000000005,53.6,53.6,53.6,53.58,53.58,53.56,53.56,53.54,53.52
2021-05-29 01:00:00,44.7,44.68,44.64,44.6,44.56,44.56,44.52,44.480000000000004,44.44,44.4,44.36,44.7,44.68,44.64,44.6,44.6,44.56,44.52,44.480000000000004,44.44,44.4,44.36,44.7,44.68,44.64,44.64,44.6,44.56,44.52,44.480000000000004,44.44,44.4,44.36,44.7,44.660000000000004,44.660000000000004,44.62,44.6,44.56,44.52,44.480000000000004,44.44,44.4,44.36,44.7,44.7,44.660000000000004,44.62,44.58,44.54,44.52,44.480000000000004,44.44,44.4,44.36,44.74,44.7,44.660000000000004,44.62,44.58,44.54,44.5,44.46,44.44,44.4,44.4,44.74,44.7,44.660000000000004,44.62,44.58,44.54,44.5,44.46,44.44,44.44,44.4,44.72,44.7,44.660000000000004,44.62,44.58,44.54,44.5,44.5,44.46,44.42,44.38,44.72,44.68,44.64,44.62,44.58,44.54,44.54,44.5,44.46,44.42,44.38,44.72,44.68,44.64,44.62,44.58,44.58,44.54,44.5,44.46,44.42,44.38,44.72,44.68,44.64,44.6,44.6,44.56,44.54,44.5,44.46,44.42,44.38
2021-09-07 05:00:00,27.76,27.78,27.8,27.8,27.82,27.84,27.84,27.82,27.82,27.84,27.86,27.76,27.78,27.8,27.8,27.82,27.82,27.84,27.86,27.88,27.88,27.900000000000002,27.8,27.82,27.84,27.86,27.86,27.86,27.88,27.900000000000002,27.92,27.94,27.94,27.86,27.86,27.88,27.88,27.900000000000002,27.92,27.94,27.94,27.96,27.98,28.0,27.900000000000002,27.92,27.92,27.92,27.94,27.96,27.98,28.0,28.0,28.02,28.04,27.94,27.94,27.96,27.98,27.98,28.0,28.02,28.04,28.060000000000002,28.060000000000002,28.080000000000002,27.98,27.98,28.0,28.02,28.04,28.04,28.060000000000002,28.080000000000002,28.1,28.1,28.12,28.02,28.04,28.04,28.060000000000002,28.080000000000002,28.1,28.060000000000002,28.080000000000002,28.080000000000002,28.1,28.12,28.02,28.04,28.04,28.060000000000002,28.080000000000002,28.1,28.1,28.1,28.12,28.14,28.16,28.060000000000002,28.080000000000002,28.1,28.1,28.12,28.14,28.14,28.16,28.18,28.18,28.2,28.1,28.12,28.14,28.16,28.16,28.16,28.18,28.2,28.22,28.22,28.240000000000002
2021-12-06 04:00:00,54.54,54.54,54.54,54.54,54.54,54.54,54.54,54.54,54.54,54.54,54.54,54.6,54.6,54.58,54.58,54.58,54.58,54.58,54.58,54.58,54.58,54.58,54.64,54.64,54.64,54.64,54.64,54.64,54.64,54.64,54.64,54.64,54.620000000000005,54.68,54.68,54.68,54.68,54.68,54.68,54.68,54.68,54.68,54.68,54.68,54.74,54.74,54.74,54.72,54.72,54.72,54.72,54.72,54.72,54.72,54.72,54.78,54.78,54.78,54.78,54.78,54.78,54.72,54.72,54.72,54.72,54.72,54.78,54.78,54.78,54.78,54.78,54.78,54.78,54.78,54.78,54.78,54.78,54.82,54.82,54.82,54.82,54.82,54.82,54.82,54.82,54.82,54.82,54.82,54.88,54.88,54.88,54.88,54.86,54.86,54.86,54.86,54.86,54.86,54.86,54.92,54.92,54.92,54.92,54.92,54.92,54.92,54.92,54.92,54.92,54.92,54.96,54.96,54.96,54.96,54.96,54.96,54.96,54.96,54.96,54.96,54.96
2021-03-29 03:00:00,34.7,34.68,34.660000000000004,34.64,34.62,34.62,34.56,34.52,34.5,34.480000000000004,34.46,34.7,34.68,34.660000000000004,34.64,34.64,34.62,34.58,34.56,34.54,34.52,34.5,34.74,34.72,34.7,34.7,34.660000000000004,34.64,34.62,34.6,34.58,34.56,34.52,34.76,34.74,34.74,34.72,34.7,34.68,34.660000000000004,34.64,34.6,34.58,34.56,34.800000000000004,34.800000000000004,34.78,34.76,34.74,34.72,34.68,34.660000000000004,34.64,34.62,34.6,34.86,34.84,34.82,34.800000000000004,34.76,34.74,34.72,34.7,34.68,34.660000000000004,34.660000000000004,34.9,34.88,34.84,34.82,34.800000000000004,34.78,34.76,34.74,34.74,34.72,34.68,34.92,34.9,34.88,34.86,34.84,34.78,34.76,34.76,34.74,34.72,34.68,34.92,34.9,34.88,34.86,34.84,34.82,34.82,34.800000000000004,34.76,34.74,34.72,34.96,34.94,34.92,34.9,34.88,34.88,34.84,34.82,34.800000000000004,34.78,34.76,35.0,34.980000000000004,34.96,34.94,34.94,34.9,34.88,34.86,34.84,34.82,34.800000000000004
2021-08-07 01:00:00,48.76,48.72,48.7,48.660000000000004,48.660000000000004,48.620000000000005,48.58,48.54,48.5,48.46,48.42,48.78,48.74,48.7,48.7,48.660000000000004,48.620000000000005,48.58,48.54,48.5,48.46,48.42,48.78,48.74,48.74,48.7,48.660000000000004,48.620000000000005,48.58,48.54,48.5,48.480000000000004,48.44,48.78,48.78,48.74,48.7,48.660000000000004,48.620000000000005,48.58,48.54,48.5,48.480000000000004,48.44,48.800000000000004,48.78,48.74,48.7,48.660000000000004,48.620000000000005,48.58,48.54,48.5,48.480000000000004,48.480000000000004,48.800000000000004,48.78,48.74,48.7,48.660000000000004,48.620000000000005,48.58,48.54,48.5,48.5,48.480000000000004,48.82,48.78,48.74,48.7,48.660000000000004,48.620000000000005,48.58,48.54,48.54,48.52,48.480000000000004,48.82,48.78,48.74,48.7,48.660000000000004,48.620000000000005,48.620000000000005,48.58,48.54,48.52,48.480000000000004,48.82,48.78,48.74,48.7,48.660000000000004,48.660000000000004,48.620000000000005,48.58,48.54,48.52,48.480000000000004,48.82,48.78,48.74,48.7,48.7,48.660000000000004,48.620000000000005,48.58,48.54,48.52,48.480000000000004,48.82,48.78,48.74,48.74,48.7,48.660000000000004,48.620000000000005,48.58,48.54,48.52,48.480000000000004
2021-06-18 02:00:00,32.08,32.04,32.0,31.96,31.94,31.94,31.900000000000002,31.86,31.82,31.78,31.740000000000002,32.08,32.04,32.02,31.98,31.98,31.94,31.900000000000002,31.86,31.82,31.78,31.740000000000002,32.08,32.04,32.02,32.02,31.98,31.94,31.900000000000002,31.86,31.82,31.78,31.740000000000002,32.08,32.04,32.04,32.02,31.98,31.94,31.900000000000002,31.86,31.82,31.78,31.76,32.08,32.08,32.06,32.02,31.98,31.94,31.900000000000002,31.86,31.82,31.78,31.76,32.12,32.08,32.06,32.02,31.98,31.94,31.900000000000002,31.86,31.82,31.78,31.78,32.12,32.1,32.06,32.02,31.98,31.94,31.900000000000002,31.86,31.84,31.84,31.8,32.14,32.1,32.06,32.02,31.98,31.94,31.900000000000002,31.900000000000002,31.86,31.84,31.8,32.14,32.1,32.06,32.02,31.98,31.94,31.94,31.900000000000002,31.86,31.84,31.8,32.14,32.1,32.06,32.02,31.98,31.98,31.94,31.900000000000002,31.86,31.84,31.8,32.14,32.1,32.06,32.02,32.02,31.98,31.94,31.900000000000002,31.86,31.84,31.8
2021-12-04 04:00:00,54.28,54.28,54.28,54.28,54.28,54.28,54.28,54.28,54.28,54.28,54.28,54.34,54.32,54.32,54.32,54.32,54.32,54.32,54.32,54.32,54.32,54.32,54.38,54.38,54.38,54.38,54.38,54.38,54.38,54.38,54.38,54.38,54.38,54.42,54.42,54.42,54.42,54.42,54.42,54.42,54.42,54.42,54.42,54.42,54.480000000000004,54.480000000000004,54.480000000000004,54.46,54.46,54.46,54.46,54.46,54.46,54.46,54.46,54.52,54.52,54.52,54.52,54.52,54.52,54.46,54.46,54.46,54.46,54.46,54.52,54.52,54.52,54.52,54.52,54.52,54.52,54.52,54.52,54.52,54.52,54.56,54.56,54.56,54.56,54.56,54.56,54.56,54.56,54.56,54.56,54.56,54.620000000000005,54.620000000000005,54.620000000000005,54.6,54.6,54.6,54.6,54.6,54.6,54.6,54.6,54.660000000000004,54.660000000000004,54.660000000000004,54.660000000000004,54.660000000000004,54.660000000000004,54.660000000000004,54.660000000000004,54.660000000000004,54.660000000000004,54.660000000000004,54.7,54.7,54.7,54.7,54.7,54.7,54.7,54.7,54.7,54.7,54.7
2021-03-22 05:00:00,32.2,32.2,32.22,32.22,32.24,32.24,32.24,32.22,32.22,32.24,32.24,32.2,32.2,32.22,32.22,32.24,32.24,32.24,32.26,32.28,32.28,32.3,32.24,32.26,32.26,32.28,32.28,32.28,32.3,32.3,32.32,32.32,32.34,32.28,32.3,32.3,32.3,32.32,32.34,32.34,32.36,32.36,32.38,32.38,32.34,32.34,32.34,32.36,32.36,32.38,32.38,32.4,32.42,32.42,32.44,32.38,32.38,32.38,32.4,32.42,32.42,32.44,32.44,32.46,32.46,32.480000000000004,32.42,32.42,32.44,32.44,32.46,32.46,32.480000000000004,32.5,32.5,32.5,32.52,32.46,32.480000000000004,32.480000000000004,32.5,32.5,32.52,32.480000000000004,32.5,32.5,32.5,32.52,32.46,32.480000000000004,32.480000000000004,32.5,32.5,32.52,32.52,32.52,32.54,32.54,32.56,32.5,32.52,32.52,32.54,32.56,32.56,32.56,32.58,32.58,32.6,32.6,32.56,32.56,32.58,32.58,32.6,32.6,32.6,32.62,32.64,32.64,32.660000000000004
2021-05-05 05:00:00,18.44,18.46,18.48,18.52,18.54,18.56,18.580000000000002,18.580000000000002,18.6,18.62,18.64,18.48,18.5,18.52,18.56,18.580000000000002,18.6,18.6,18.580000000000002,18.6,18.62,18.64,18.48,18.5,18.52,18.56,18.580000000000002,18.580000000000002,18.6,18.62,18.64,18.66,18.68,18.52,18.54,18.56,18.6,18.6,18.62,18.64,18.66,18.68,18.7,18.72,18.56,18.580000000000002,18.62,18.62,18.64,18.66,18.68,18.7,18.72,18.740000000000002,18.76,18.6,18.64,18.64,18.66,18.68,18.7,18.72,18.740000000000002,18.76,18.78,18.82,18.64,18.64,18.66,18.7,18.72,18.740000000000002,18.76,18.78,18.8,18.82,18.84,18.66,18.68,18.72,18.740000000000002,18.76,18.78,18.8,18.82,18.84,18.84,18.86,18.7,18.72,18.76,18.78,18.8,18.82,18.8,18.82,18.82,18.84,18.86,18.7,18.72,18.76,18.78,18.8,18.82,18.84,18.84,18.86,18.88,18.900000000000002,18.740000000000002,18.78,18.8,18.82,18.84,18.86,18.86,18.88,18.900000000000002,18.92,18.96
2021-09-11 03:00:00,32.72,32.7,32.68,32.660000000000004,32.64,32.64,32.58,32.56,32.54,32.52,32.5,32.72,32.7,32.68,32.660000000000004,32.660000000000004,32.64,32.62,32.6,32.58,32.56,32.52,32.76,32.74,32.72,32.72,32.7,32.68,32.660000000000004,32.62,32.6,32.58,32.56,32.8,32.78,32.78,32.76,32.72,32.7,32.68,32.660000000000004,32.64,32.62,32.6,32.84,32.84,32.8,32.78,32.76,32.74,32.72,32.7,32.68,32.660000000000004,32.64,32.88,32.86,32.84,32.82,32.8,32.78,32.76,32.74,32.72,32.7,32.7,32.92,32.9,32.88,32.86,32.84,32.82,32.8,32.78,32.78,32.74,32.72,32.96,32.94,32.92,32.9,32.88,32.82,32.8,32.8,32.78,32.74,32.72,32.96,32.94,32.92,32.9,32.88,32.84,32.84,32.82,32.8,32.78,32.76,33.0,32.980000000000004,32.94,32.92,32.9,32.9,32.88,32.86,32.84,32.82,32.8,33.04,33.0,32.980000000000004,32.96,32.96,32.94,32.92,32.9,32.88,32.86,32.84
2021-04-04 02:00:00,42.32,42.28,42.26,42.22,42.22,42.160000000000004,42.14,42.1,42.06,42.04,42.0,42.32,42.28,42.26,42.26,42.22,42.18,42.160000000000004,42.12,42.08,42.06,42.02,42.34,42.300000000000004,42.300000000000004,42.26,42.24,42.2,42.18,42.14,42.1,42.08,42.04,42.36,42.36,42.32,42.28,42.26,42.22,42.2,42.160000000000004,42.12,42.1,42.06,42.4,42.38,42.34,42.300000000000004,42.28,42.24,42.22,42.18,42.14,42.12,42.12,42.42,42.4,42.36,42.34,42.300000000000004,42.26,42.24,42.2,42.18,42.18,42.14,42.44,42.42,42.38,42.36,42.32,42.28,42.26,42.26,42.22,42.2,42.160000000000004,42.46,42.44,42.4,42.38,42.32,42.28,42.28,42.26,42.22,42.2,42.160000000000004,42.46,42.44,42.4,42.38,42.34,42.34,42.300000000000004,42.28,42.24,42.22,42.18,42.480000000000004,42.46,42.42,42.4,42.4,42.36,42.32,42.300000000000004,42.26,42.24,42.2,42.52,42.480000000000004,42.44,42.44,42.42,42.38,42.36,42.32,42.28,42.26,42.22
2021-09-09 05:00:00,28.52,28.54,28.560000000000002,28.580000000000002,28.6,28.6,28.6,28.580000000000002,28.6,28.62,28.62,28.52,28.54,28.560000000000002,28.580000000000002,28.6,28.6,28.6,28.62,28.64,28.66,28.66,28.580000000000002,28.580000000000002,28.6,28.62,28.62,28.64,28.66,28.66,28.68,28.7,28.72,28.62,28.64,28.64,28.64,28.66,28.68,28.7,28.72,28.72,28.740000000000002,28.76,28.66,28.68,28.68,28.7,28.72,28.72,28.740000000000002,28.76,28.78,28.78,28.8,28.7,28.7,28.72,28.740000000000002,28.76,28.76,28.78,28.8,28.82,28.84,28.84,28.740000000000002,28.76,28.76,28.78,28.8,28.82,28.84,28.84,28.86,28.86,28.88,28.78,28.8,28.82,28.82,28.84,28.86,28.84,28.84,28.84,28.86,28.88,28.78,28.8,28.82,28.82,28.84,28.86,28.88,28.88,28.900000000000002,28.900000000000002,28.92,28.82,28.84,28.86,28.88,28.88,28.900000000000002,28.900000000000002,28.92,28.94,28.96,28.96,28.88,28.88,28.900000000000002,28.92,28.94,28.94,28.94,28.96,28.98,29.0,29.02
2021-10-12 04:00:00,39.42,39.42,39.42,39.42,39.42,39.42,39.42,39.38,39.36,39.36,39.36,39.42,39.42,39.42,39.42,39.42,39.42,39.42,39.42,39.42,39.42,39.42,39.46,39.46,39.46,39.46,39.46,39.46,39.46,39.46,39.46,39.46,39.46,39.52,39.52,39.52,39.52,39.52,39.52,39.52,39.52,39.5,39.5,39.5,39.56,39.56,39.56,39.56,39.56,39.56,39.56,39.56,39.56,39.56,39.56,39.6,39.6,39.6,39.6,39.6,39.6,39.6,39.6,39.6,39.6,39.6,39.660000000000004,39.660000000000004,39.660000000000004,39.660000000000004,39.660000000000004,39.660000000000004,39.660000000000004,39.660000000000004,39.660000000000004,39.660000000000004,39.64,39.7,39.7,39.7,39.7,39.7,39.7,39.660000000000004,39.660000000000004,39.660000000000004,39.660000000000004,39.64,39.7,39.7,39.7,39.7,39.7,39.7,39.7,39.7,39.7,39.7,39.7,39.74,39.74,39.74,39.74,39.74,39.74,39.74,39.74,39.74,39.74,39.74,39.800000000000004,39.800000000000004,39.800000000000004,39.800000000000004,39.800000000000004,39.800000000000004,39.800000000000004,39.800000000000004,39.800000000000004,39.800000000000004,39.800000000000004
2021-05-18 02:00:00,32.78,32.76,32.72,32.68,32.64,32.64,32.6,32.56,32.54,32.5,32.46,32.8,32.76,32.72,32.68,32.68,32.64,32.6,32.56,32.54,32.5,32.46,32.8,32.76,32.72,32.72,32.68,32.660000000000004,32.62,32.58,32.54,32.5,32.480000000000004,32.8,32.76,32.76,32.74,32.7,32.660000000000004,32.62,32.58,32.54,32.52,32.480000000000004,32.82,32.82,32.78,32.74,32.7,32.660000000000004,32.62,32.6,32.56,32.52,32.480000000000004,32.86,32.82,32.78,32.74,32.7,32.68,32.64,32.6,32.56,32.52,32.52,32.86,32.82,32.8,32.76,32.72,32.68,32.64,32.6,32.58,32.58,32.54,32.88,32.84,32.8,32.76,32.72,32.68,32.660000000000004,32.660000000000004,32.62,32.58,32.54,32.88,32.84,32.8,32.76,32.72,32.68,32.68,32.660000000000004,32.62,32.58,32.54,32.88,32.84,32.8,32.76,32.74,32.74,32.7,32.660000000000004,32.62,32.58,32.54,32.88,32.84,32.82,32.78,32.78,32.74,32.7,32.660000000000004,32.62,32.6,32.56
2021-03-22 02:00:00,46.54,46.52,46.480000000000004,46.46,46.46,46.4,46.38,46.34,46.300000000000004,46.28,46.24,46.54,46.52,46.480000000000004,46.480000000000004,46.46,46.42,46.4,46.36,46.34,46.300000000000004,46.28,46.58,46.54,46.54,46.52,46.480000000000004,46.46,46.42,46.38,46.36,46.32,46.300000000000004,46.6,46.6,46.56,46.54,46.5,46.480000000000004,46.44,46.42,46.38,46.36,46.32,46.64,46.62,46.58,46.56,46.52,46.5,46.46,46.44,46.4,46.38,46.38,46.68,46.64,46.62,46.58,46.54,46.52,46.480000000000004,46.46,46.42,46.42,46.4,46.7,46.660000000000004,46.64,46.6,46.58,46.54,46.52,46.52,46.480000000000004,46.46,46.42,46.72,46.68,46.660000000000004,46.62,46.58,46.54,46.54,46.52,46.480000000000004,46.46,46.42,46.72,46.68,46.660000000000004,46.62,46.6,46.6,46.56,46.54,46.5,46.480000000000004,46.44,46.74,46.72,46.68,46.660000000000004,46.660000000000004,46.62,46.6,46.56,46.54,46.5,46.46,46.76,46.74,46.7,46.7,46.68,46.64,46.62,46.58,46.56,46.52,46.5
2021-08-06 04:00:00,16.3,16.3,16.28,16.26,16.26,16.240000000000002,16.22,16.22,16.22,16.2,16.18,16.36,16.34,16.32,16.32,16.3,16.28,16.28,16.22,16.22,16.2,16.18,16.36,16.34,16.32,16.32,16.3,16.3,16.28,16.28,16.26,16.240000000000002,16.240000000000002,16.4,16.38,16.36,16.36,16.36,16.34,16.32,16.32,16.3,16.28,16.28,16.44,16.42,16.4,16.4,16.4,16.38,16.36,16.36,16.34,16.32,16.32,16.48,16.46,16.46,16.44,16.44,16.42,16.4,16.4,16.38,16.38,16.36,16.52,16.52,16.5,16.5,16.48,16.46,16.46,16.44,16.42,16.42,16.4,16.580000000000002,16.56,16.54,16.54,16.52,16.5,16.5,16.48,16.46,16.46,16.46,16.62,16.6,16.580000000000002,16.580000000000002,16.56,16.54,16.5,16.48,16.48,16.46,16.46,16.62,16.6,16.580000000000002,16.580000000000002,16.56,16.54,16.54,16.54,16.52,16.52,16.5,16.66,16.64,16.64,16.62,16.6,16.6,16.6,16.580000000000002,16.56,16.56,16.54
2021-04-18 04:00:00,21.5,21.48,21.48,21.48,21.46,21.46,21.46,21.400000000000002,21.400000000000002,21.400000000000002,21.38,21.5,21.48,21.48,21.48,21.46,21.46,21.46,21.46,21.44,21.44,21.44,21.54,21.54,21.52,21.52,21.52,21.52,21.5,21.5,21.48,21.48,21.48,21.580000000000002,21.580000000000002,21.580000000000002,21.580000000000002,21.56,21.56,21.54,21.54,21.54,21.52,21.52,21.62,21.62,21.62,21.62,21.6,21.6,21.6,21.580000000000002,21.580000000000002,21.580000000000002,21.56,21.68,21.68,21.66,21.66,21.66,21.64,21.64,21.64,21.62,21.62,21.62,21.72,21.72,21.72,21.7,21.7,21.7,21.68,21.68,21.66,21.66,21.66,21.78,21.76,21.76,21.76,21.740000000000002,21.740000000000002,21.68,21.68,21.68,21.66,21.66,21.78,21.76,21.76,21.76,21.740000000000002,21.740000000000002,21.72,21.72,21.72,21.72,21.7,21.82,21.8,21.8,21.8,21.78,21.78,21.78,21.78,21.76,21.76,21.76,21.86,21.86,21.84,21.84,21.84,21.84,21.82,21.82,21.82,21.8,21.8
2021-09-08 04:00:00,26.62,26.62,26.6,26.6,26.6,26.6,26.6,26.54,26.54,26.54,26.52,26.62,26.62,26.6,26.6,26.6,26.6,26.6,26.580000000000002,26.580000000000002,26.580000000000002,26.580000000000002,26.66,26.66,26.66,26.64,26.64,26.64,26.64,26.64,26.62,26.62,26.62,26.72,26.7,26.7,26.7,26.7,26.68,26.68,26.68,26.68,26.66,26.66,26.76,26.76,26.76,26.740000000000002,26.740000000000002,26.740000000000002,26.72,26.72,26.72,26.72,26.7,26.8,26.8,26.8,26.8,26.78,26.78,26.78,26.78,26.76,26.76,26.76,26.86,26.84,26.84,26.84,26.84,26.82,26.82,26.82,26.82,26.82,26.8,26.900000000000002,26.900000000000002,26.88,26.88,26.88,26.88,26.82,26.82,26.82,26.82,26.8,26.900000000000002,26.900000000000002,26.88,26.88,26.88,26.88,26.86,26.86,26.86,26.86,26.86,26.94,26.94,26.94,26.92,26.92,26.92,26.92,26.92,26.900000000000002,26.900000000000002,26.900000000000002,27.0,26.98,26.98,26.98,26.96,26.96,26.96,26.96,26.96,26.94,26.94
2021-04-04 01:00:00,53.9,53.86,53.82,53.82,53.78,53.74,53.7,53.68,53.64,53.6,53.56,53.9,53.86,53.86,53.82,53.800000000000004,53.76,53.72,53.68,53.64,53.620000000000005,53.58,53.9,53.9,53.88,53.84,53.800000000000004,53.76,53.74,53.7,53.660000000000004,53.620000000000005,53.58,53.96,53.92,53.88,53.84,53.82,53.78,53.74,53.7,53.660000000000004,53.64,53.64,53.96,53.92,53.9,53.86,53.82,53.78,53.76,53.72,53.68,53.68,53.64,53.980000000000004,53.94,53.9,53.88,53.84,53.800000000000004,53.76,53.72,53.72,53.7,53.660000000000004,53.980000000000004,53.96,53.92,53.88,53.84,53.800000000000004,53.800000000000004,53.78,53.74,53.7,53.660000000000004,54.0,53.96,53.92,53.88,53.84,53.84,53.800000000000004,53.78,53.74,53.7,53.660000000000004,54.0,53.96,53.92,53.9,53.9,53.86,53.82,53.78,53.74,53.72,53.68,54.0,53.980000000000004,53.94,53.94,53.9,53.86,53.82,53.800000000000004,53.76,53.72,53.68,54.02,53.980000000000004,53.980000000000004,53.96,53.92,53.88,53.84,53.800000000000004,53.78,53.74,53.7
2021-04-04 04:00:00,26.7,26.7,26.68,26.68,26.68,26.66,26.66,26.62,26.6,26.6,26.6,26.7,26.7,26.68,26.68,26.68,26.68,26.66,26.66,26.66,26.64,26.64,26.740000000000002,26.740000000000002,26.740000000000002,26.72,26.72,26.72,26.72,26.7,26.7,26.7,26.68,26.8,26.78,26.78,26.78,26.78,26.76,26.76,26.740000000000002,26.740000000000002,26.740000000000002,26.72,26.84,26.84,26.84,26.82,26.82,26.8,26.8,26.8,26.78,26.78,26.78,26.88,26.88,26.88,26.86,26.86,26.86,26.84,26.84,26.84,26.82,26.82,26.94,26.92,26.92,26.92,26.900000000000002,26.900000000000002,26.900000000000002,26.88,26.88,26.88,26.88,26.98,26.98,26.96,26.96,26.96,26.94,26.900000000000002,26.88,26.88,26.88,26.88,26.98,26.98,26.96,26.96,26.96,26.94,26.94,26.94,26.92,26.92,26.92,27.02,27.02,27.02,27.0,27.0,26.98,26.98,26.98,26.98,26.96,26.96,27.080000000000002,27.060000000000002,27.060000000000002,27.04,27.04,27.04,27.04,27.02,27.02,27.02,27.0
2021-08-02 03:00:00,24.0,23.96,23.92,23.900000000000002,23.86,23.84,23.84,23.8,23.76,23.740000000000002,23.7,24.02,23.98,23.96,23.92,23.88,23.88,23.84,23.8,23.76,23.740000000000002,23.7,24.02,23.98,23.96,23.92,23.92,23.88,23.86,23.82,23.8,23.76,23.72,24.04,24.0,23.98,23.98,23.94,23.900000000000002,23.88,23.84,23.82,23.78,23.76,24.060000000000002,24.02,24.02,24.0,23.96,23.92,23.900000000000002,23.86,23.84,23.8,23.78,24.080000000000002,24.080000000000002,24.04,24.02,23.98,23.94,23.92,23.88,23.86,23.82,23.8,24.14,24.1,24.060000000000002,24.04,24.0,23.98,23.94,23.900000000000002,23.88,23.84,23.84,24.16,24.12,24.080000000000002,24.060000000000002,24.02,24.0,23.96,23.92,23.92,23.900000000000002,23.86,24.18,24.14,24.1,24.080000000000002,24.04,24.0,23.96,23.96,23.92,23.900000000000002,23.86,24.18,24.14,24.1,24.080000000000002,24.04,24.02,24.02,23.98,23.96,23.92,23.88,24.2,24.16,24.12,24.1,24.060000000000002,24.060000000000002,24.04,24.0,23.98,23.94,23.900000000000002
2021-05-18 04:00:00,12.82,12.8,12.8,12.780000000000001,12.780000000000001,12.76,12.76,12.76,12.74,12.74,12.72,12.86,12.84,12.84,12.82,12.82,12.8,12.8,12.76,12.74,12.74,12.72,12.86,12.84,12.84,12.82,12.82,12.82,12.8,12.8,12.780000000000001,12.780000000000001,12.780000000000001,12.9,12.9,12.88,12.88,12.88,12.86,12.86,12.84,12.84,12.82,12.82,12.94,12.94,12.92,12.92,12.92,12.9,12.9,12.88,12.88,12.86,12.86,12.98,12.98,12.98,12.96,12.96,12.94,12.94,12.94,12.92,12.92,12.9,13.040000000000001,13.040000000000001,13.02,13.02,13.0,13.0,12.98,12.98,12.96,12.96,12.94,13.08,13.08,13.06,13.06,13.040000000000001,13.040000000000001,13.02,13.02,13.0,13.0,13.0,13.14,13.120000000000001,13.120000000000001,13.1,13.1,13.08,13.02,13.02,13.02,13.0,13.0,13.14,13.120000000000001,13.120000000000001,13.1,13.1,13.08,13.08,13.08,13.06,13.06,13.040000000000001,13.18,13.16,13.16,13.14,13.14,13.120000000000001,13.120000000000001,13.120000000000001,13.1,13.1,13.08
2021-10-12 03:00:00,42.42,42.4,42.38,42.38,42.36,42.36,42.300000000000004,42.28,42.28,42.26,42.24,42.42,42.4,42.38,42.38,42.38,42.36,42.34,42.32,42.32,42.300000000000004,42.28,42.46,42.44,42.42,42.42,42.42,42.4,42.38,42.36,42.36,42.34,42.32,42.5,42.480000000000004,42.480000000000004,42.46,42.46,42.44,42.42,42.4,42.4,42.38,42.36,42.54,42.54,42.52,42.5,42.5,42.480000000000004,42.46,42.44,42.44,42.42,42.4,42.6,42.58,42.56,42.56,42.54,42.52,42.5,42.5,42.480000000000004,42.46,42.46,42.64,42.62,42.6,42.6,42.58,42.56,42.54,42.54,42.54,42.52,42.5,42.68,42.660000000000004,42.64,42.64,42.62,42.56,42.54,42.54,42.54,42.52,42.5,42.68,42.660000000000004,42.64,42.64,42.62,42.6,42.6,42.58,42.58,42.56,42.54,42.72,42.7,42.68,42.68,42.660000000000004,42.660000000000004,42.64,42.62,42.62,42.6,42.58,42.76,42.74,42.74,42.72,42.72,42.7,42.68,42.68,42.660000000000004,42.64,42.62
2021-10-24 03:00:00,46.32,46.300000000000004,46.28,46.28,46.28,46.26,46.24,46.24,46.22,46.2,46.2,46.36,46.34,46.32,46.32,46.32,46.300000000000004,46.28,46.28,46.26,46.24,46.24,46.4,46.38,46.38,46.36,46.36,46.34,46.34,46.32,46.300000000000004,46.300000000000004,46.28,46.44,46.44,46.42,46.42,46.4,46.38,46.38,46.36,46.34,46.34,46.32,46.5,46.480000000000004,46.46,46.46,46.44,46.42,46.42,46.4,46.38,46.38,46.38,46.54,46.52,46.52,46.5,46.480000000000004,46.480000000000004,46.46,46.44,46.44,46.44,46.42,46.58,46.56,46.56,46.54,46.52,46.480000000000004,46.46,46.46,46.44,46.44,46.42,46.58,46.56,46.56,46.54,46.52,46.52,46.52,46.5,46.480000000000004,46.480000000000004,46.46,46.62,46.6,46.6,46.58,46.56,46.56,46.56,46.54,46.52,46.52,46.5,46.660000000000004,46.660000000000004,46.64,46.62,46.62,46.62,46.6,46.58,46.58,46.56,46.54,46.7,46.7,46.68,46.68,46.660000000000004,46.660000000000004,46.64,46.62,46.62,46.6,46.58
2021-08-26 04:00:00,22.14,22.14,22.14,22.12,22.12,22.1,22.1,22.06,22.04,22.04,22.04,22.14,22.14,22.14,22.12,22.12,22.12,22.1,22.1,22.1,22.080000000000002,22.080000000000002,22.2,22.18,22.18,22.16,22.16,22.16,22.16,22.14,22.14,22.12,22.12,22.240000000000002,22.22,22.22,22.22,22.22,22.2,22.2,22.18,22.18,22.18,22.16,22.28,22.28,22.28,22.26,22.26,22.240000000000002,22.240000000000002,22.240000000000002,22.22,22.22,22.22,22.32,22.32,22.32,22.32,22.3,22.3,22.28,22.28,22.28,22.26,22.26,22.38,22.38,22.36,22.36,22.34,22.34,22.34,22.32,22.32,22.32,22.3,22.42,22.42,22.400000000000002,22.400000000000002,22.400000000000002,22.38,22.34,22.32,22.32,22.32,22.3,22.42,22.42,22.400000000000002,22.400000000000002,22.400000000000002,22.38,22.38,22.38,22.36,22.36,22.36,22.46,22.46,22.46,22.44,22.44,22.42,22.42,22.42,22.42,22.400000000000002,22.400000000000002,22.52,22.5,22.5,22.5,22.48,22.48,22.48,22.46,22.46,22.46,22.44
2021-09-01 03:00:00,30.060000000000002,30.04,30.0,29.98,29.96,29.96,29.900000000000002,29.88,29.84,29.82,29.8,30.060000000000002,30.04,30.0,29.98,29.98,29.96,29.94,29.900000000000002,29.88,29.86,29.84,30.080000000000002,30.060000000000002,30.04,30.04,30.02,29.98,29.96,29.94,29.92,29.900000000000002,29.86,30.12,30.1,30.1,30.060000000000002,30.04,30.02,30.0,29.98,29.94,29.92,29.900000000000002,30.16,30.16,30.12,30.1,30.080000000000002,30.060000000000002,30.02,30.0,29.98,29.96,29.92,30.2,30.18,30.16,30.14,30.12,30.080000000000002,30.060000000000002,30.04,30.02,29.98,29.98,30.240000000000002,30.22,30.2,30.16,30.14,30.12,30.1,30.060000000000002,30.060000000000002,30.04,30.02,30.28,30.240000000000002,30.22,30.2,30.18,30.12,30.1,30.1,30.060000000000002,30.04,30.02,30.28,30.240000000000002,30.22,30.2,30.18,30.14,30.14,30.12,30.1,30.080000000000002,30.060000000000002,30.3,30.28,30.26,30.22,30.2,30.2,30.18,30.16,30.14,30.1,30.080000000000002,30.34,30.32,30.28,30.26,30.26,30.240000000000002,30.22,30.2,30.16,30.14,30.12
2021-12-29 04:00:00,55.44,55.44,55.42,55.42,55.42,55.42,55.42,55.42,55.42,55.4,55.4,55.480000000000004,55.480000000000004,55.480000000000004,55.480000000000004,55.480000000000004,55.46,55.46,55.46,55.46,55.46,55.46,55.52,55.52,55.52,55.52,55.52,55.52,55.52,55.5,55.5,55.5,55.5,55.58,55.58,55.56,55.56,55.56,55.56,55.56,55.56,55.56,55.54,55.54,55.620000000000005,55.620000000000005,55.620000000000005,55.620000000000005,55.6,55.6,55.6,55.6,55.6,55.6,55.6,55.660000000000004,55.660000000000004,55.660000000000004,55.660000000000004,55.660000000000004,55.6,55.6,55.6,55.6,55.6,55.6,55.660000000000004,55.660000000000004,55.660000000000004,55.660000000000004,55.660000000000004,55.660000000000004,55.660000000000004,55.64,55.64,55.64,55.64,55.72,55.72,55.7,55.7,55.7,55.7,55.7,55.7,55.7,55.7,55.68,55.76,55.76,55.76,55.76,55.76,55.74,55.74,55.74,55.74,55.74,55.74,55.800000000000004,55.800000000000004,55.800000000000004,55.800000000000004,55.800000000000004,55.800000000000004,55.800000000000004,55.78,55.78,55.78,55.78,55.86,55.86,55.86,55.84,55.84,55.84,55.84,55.84,55.84,55.82,55.82
2021-03-03 02:00:00,52.88,52.84,52.82,52.82,52.76,52.74,52.7,52.68,52.64,52.620000000000005,52.6,52.88,52.84,52.84,52.82,52.800000000000004,52.76,52.74,52.7,52.68,52.660000000000004,52.620000000000005,52.9,52.9,52.88,52.84,52.82,52.800000000000004,52.76,52.74,52.7,52.68,52.64,52.96,52.92,52.9,52.88,52.84,52.82,52.78,52.76,52.74,52.7,52.7,52.980000000000004,52.96,52.92,52.9,52.88,52.84,52.82,52.78,52.76,52.76,52.74,53.02,52.980000000000004,52.96,52.92,52.9,52.88,52.84,52.82,52.82,52.78,52.76,53.04,53.02,52.980000000000004,52.96,52.92,52.9,52.9,52.88,52.84,52.82,52.78,53.06,53.04,53.02,52.96,52.92,52.92,52.9,52.88,52.84,52.82,52.78,53.06,53.04,53.02,52.980000000000004,52.980000000000004,52.96,52.92,52.9,52.88,52.84,52.82,53.1,53.06,53.04,53.04,53.02,52.980000000000004,52.96,52.92,52.9,52.86,52.84,53.120000000000005,53.1,53.1,53.06,53.04,53.02,52.980000000000004,52.96,52.92,52.9,52.88
2021-04-27 03:00:00,25.240000000000002,25.22,25.18,25.16,25.14,25.14,25.080000000000002,25.04,25.02,25.0,24.96,25.240000000000002,25.22,25.18,25.16,25.16,25.14,25.1,25.080000000000002,25.060000000000002,25.02,25.0,25.28,25.240000000000002,25.22,25.22,25.18,25.16,25.14,25.1,25.080000000000002,25.060000000000002,25.02,25.3,25.28,25.28,25.240000000000002,25.22,25.18,25.16,25.14,25.1,25.080000000000002,25.060000000000002,25.32,25.32,25.3,25.28,25.240000000000002,25.22,25.18,25.16,25.14,25.1,25.080000000000002,25.38,25.36,25.32,25.3,25.28,25.240000000000002,25.22,25.2,25.16,25.14,25.14,25.42,25.38,25.36,25.32,25.3,25.28,25.240000000000002,25.22,25.22,25.2,25.16,25.44,25.42,25.38,25.36,25.32,25.28,25.240000000000002,25.240000000000002,25.22,25.2,25.16,25.44,25.42,25.38,25.36,25.32,25.3,25.3,25.28,25.240000000000002,25.22,25.2,25.46,25.44,25.42,25.38,25.36,25.36,25.32,25.3,25.28,25.240000000000002,25.22,25.5,25.48,25.44,25.42,25.42,25.38,25.36,25.34,25.3,25.28,25.26
2021-10-11 03:00:00,42.08,42.08,42.06,42.04,42.02,42.02,41.980000000000004,41.96,41.94,41.92,41.92,42.08,42.08,42.06,42.04,42.04,42.02,42.02,42.0,41.980000000000004,41.96,41.96,42.12,42.12,42.1,42.1,42.08,42.06,42.06,42.04,42.02,42.0,42.0,42.160000000000004,42.160000000000004,42.160000000000004,42.14,42.12,42.1,42.1,42.08,42.06,42.04,42.04,42.2,42.2,42.2,42.18,42.160000000000004,42.14,42.14,42.12,42.1,42.08,42.08,42.26,42.26,42.24,42.22,42.2,42.2,42.18,42.160000000000004,42.14,42.14,42.14,42.300000000000004,42.300000000000004,42.28,42.26,42.24,42.24,42.22,42.2,42.2,42.18,42.18,42.34,42.34,42.32,42.300000000000004,42.28,42.24,42.22,42.22,42.2,42.18,42.18,42.34,42.34,42.32,42.300000000000004,42.28,42.28,42.28,42.26,42.24,42.22,42.22,42.38,42.38,42.36,42.34,42.32,42.32,42.32,42.300000000000004,42.28,42.26,42.26,42.44,42.42,42.4,42.38,42.38,42.38,42.36,42.34,42.32,42.32,42.300000000000004
2021-09-10 02:00:00,41.800000000000004,41.78,41.74,41.72,41.72,41.660000000000004,41.62,41.6,41.56,41.54,41.5,41.800000000000004,41.78,41.74,41.74,41.72,41.68,41.660000000000004,41.62,41.58,41.56,41.52,41.82,41.800000000000004,41.800000000000004,41.76,41.74,41.7,41.68,41.64,41.6,41.58,41.54,41.84,41.84,41.82,41.78,41.76,41.72,41.7,41.660000000000004,41.64,41.6,41.56,41.9,41.88,41.84,41.800000000000004,41.78,41.74,41.72,41.68,41.660000000000004,41.62,41.62,41.92,41.9,41.86,41.84,41.800000000000004,41.78,41.74,41.7,41.68,41.68,41.64,41.94,41.92,41.88,41.86,41.82,41.800000000000004,41.76,41.76,41.74,41.7,41.660000000000004,41.96,41.94,41.9,41.88,41.82,41.800000000000004,41.800000000000004,41.76,41.74,41.7,41.660000000000004,41.96,41.94,41.9,41.88,41.84,41.84,41.82,41.78,41.76,41.72,41.7,42.0,41.96,41.92,41.9,41.9,41.86,41.84,41.800000000000004,41.78,41.74,41.72,42.02,41.980000000000004,41.96,41.96,41.92,41.9,41.86,41.84,41.800000000000004,41.76,41.74
2021-09-08 03:00:00,31.900000000000002,31.88,31.84,31.82,31.8,31.8,31.740000000000002,31.720000000000002,31.7,31.68,31.66,31.900000000000002,31.88,31.84,31.82,31.82,31.8,31.78,31.76,31.740000000000002,31.720000000000002,31.68,31.92,31.900000000000002,31.88,31.88,31.86,31.84,31.82,31.8,31.76,31.740000000000002,31.720000000000002,31.96,31.94,31.94,31.92,31.900000000000002,31.86,31.84,31.82,31.8,31.78,31.76,32.0,32.0,31.98,31.94,31.92,31.900000000000002,31.88,31.86,31.84,31.82,31.8,32.06,32.04,32.0,31.98,31.96,31.94,31.92,31.900000000000002,31.88,31.84,31.84,32.08,32.06,32.04,32.02,32.0,31.98,31.96,31.92,31.92,31.900000000000002,31.88,32.12,32.1,32.08,32.06,32.04,31.98,31.96,31.96,31.92,31.900000000000002,31.88,32.12,32.1,32.08,32.06,32.04,32.0,32.0,31.98,31.96,31.94,31.92,32.160000000000004,32.14,32.1,32.08,32.06,32.06,32.04,32.02,32.0,31.98,31.96,32.2,32.160000000000004,32.14,32.12,32.12,32.1,32.08,32.06,32.04,32.02,31.98
2021-05-05 04:00:00,16.02,16.0,16.0,16.0,15.98,15.98,15.96,15.96,15.96,15.96,15.94,16.06,16.06,16.04,16.04,16.02,16.02,16.02,15.96,15.96,15.96,15.94,16.06,16.06,16.04,16.04,16.02,16.02,16.02,16.02,16.0,16.0,16.0,16.1,16.1,16.1,16.080000000000002,16.080000000000002,16.080000000000002,16.06,16.06,16.06,16.04,16.04,16.16,16.14,16.14,16.14,16.12,16.12,16.12,16.1,16.1,16.080000000000002,16.080000000000002,16.2,16.18,16.18,16.18,16.18,16.16,16.16,16.14,16.14,16.14,16.12,16.240000000000002,16.240000000000002,16.240000000000002,16.22,16.22,16.2,16.2,16.2,16.18,16.18,16.16,16.3,16.28,16.28,16.26,16.26,16.26,16.240000000000002,16.240000000000002,16.22,16.22,16.22,16.34,16.32,16.32,16.32,16.3,16.3,16.240000000000002,16.240000000000002,16.240000000000002,16.22,16.22,16.34,16.32,16.32,16.32,16.3,16.3,16.28,16.28,16.28,16.28,16.26,16.38,16.38,16.36,16.36,16.34,16.34,16.34,16.34,16.32,16.32,16.32
2021-07-03 04:00:00,10.4,10.38,10.36,10.34,10.32,10.3,10.28,10.28,10.26,10.24,10.22,10.44,10.42,10.4,10.38,10.36,10.34,10.34,10.28,10.26,10.24,10.22,10.44,10.42,10.4,10.38,10.36,10.36,10.34,10.32,10.3,10.28,10.26,10.46,10.46,10.44,10.42,10.42,10.4,10.38,10.36,10.34,10.32,10.3,10.5,10.48,10.46,10.46,10.46,10.44,10.42,10.4,10.38,10.36,10.34,10.540000000000001,10.52,10.52,10.5,10.48,10.46,10.46,10.44,10.42,10.4,10.38,10.58,10.58,10.56,10.540000000000001,10.52,10.5,10.5,10.48,10.46,10.44,10.42,10.64,10.620000000000001,10.6,10.58,10.56,10.540000000000001,10.52,10.52,10.5,10.5,10.48,10.68,10.66,10.64,10.620000000000001,10.6,10.58,10.52,10.52,10.52,10.5,10.48,10.68,10.66,10.64,10.620000000000001,10.6,10.58,10.56,10.56,10.540000000000001,10.540000000000001,10.52,10.72,10.700000000000001,10.68,10.66,10.64,10.620000000000001,10.620000000000001,10.6,10.58,10.56,10.56
2021-07-24 03:00:00,22.72,22.7,22.66,22.62,22.6,22.56,22.56,22.54,22.5,22.46,22.44,22.76,22.72,22.68,22.66,22.62,22.62,22.56,22.54,22.5,22.46,22.44,22.76,22.72,22.68,22.66,22.66,22.62,22.580000000000002,22.56,22.52,22.48,22.46,22.76,22.740000000000002,22.7,22.7,22.66,22.64,22.6,22.56,22.54,22.5,22.46,22.78,22.76,22.76,22.72,22.68,22.66,22.62,22.580000000000002,22.56,22.52,22.48,22.8,22.8,22.76,22.740000000000002,22.7,22.66,22.64,22.6,22.56,22.54,22.5,22.86,22.82,22.78,22.76,22.72,22.68,22.66,22.62,22.6,22.56,22.56,22.88,22.84,22.8,22.78,22.740000000000002,22.7,22.68,22.64,22.64,22.6,22.580000000000002,22.88,22.86,22.82,22.8,22.76,22.7,22.68,22.68,22.64,22.6,22.580000000000002,22.88,22.86,22.82,22.8,22.76,22.72,22.72,22.7,22.66,22.62,22.6,22.900000000000002,22.88,22.84,22.8,22.78,22.78,22.740000000000002,22.7,22.68,22.64,22.6
2021-09-09 04:00:00,26.98,26.98,26.98,26.96,26.96,26.96,26.96,26.900000000000002,26.900000000000002,26.900000000000002,26.88,26.98,26.98,26.98,26.96,26.96,26.96,26.96,26.96,26.94,26.94,26.94,27.02,27.02,27.02,27.02,27.02,27.0,27.0,27.0,27.0,26.98,26.98,27.080000000000002,27.060000000000002,27.060000000000002,27.060000000000002,27.060000000000002,27.060000000000002,27.04,27.04,27.04,27.04,27.02,27.12,27.12,27.12,27.1,27.1,27.1,27.1,27.080000000000002,27.080000000000002,27.080000000000002,27.080000000000002,27.16,27.16,27.16,27.16,27.14,27.14,27.14,27.14,27.12,27.12,27.12,27.22,27.2,27.2,27.2,27.2,27.18,27.18,27.18,27.18,27.18,27.16,27.26,27.26,27.240000000000002,27.240000000000002,27.240000000000002,27.240000000000002,27.18,27.18,27.18,27.18,27.16,27.26,27.26,27.240000000000002,27.240000000000002,27.240000000000002,27.240000000000002,27.22,27.22,27.22,27.22,27.22,27.3,27.3,27.3,27.3,27.28,27.28,27.28,27.28,27.28,27.26,27.26,27.36,27.34,27.34,27.34,27.34,27.34,27.32,27.32,27.32,27.32,27.3
2021-05-27 04:00:00,11.200000000000001,11.200000000000001,11.18,11.16,11.16,11.14,11.14,11.14,11.120000000000001,11.1,11.1,11.24,11.24,11.22,11.22,11.200000000000001,11.18,11.18,11.14,11.120000000000001,11.1,11.1,11.24,11.24,11.22,11.22,11.200000000000001,11.200000000000001,11.18,11.18,11.16,11.16,11.14,11.3,11.28,11.26,11.26,11.26,11.24,11.24,11.22,11.200000000000001,11.200000000000001,11.18,11.34,11.32,11.3,11.3,11.3,11.28,11.28,11.26,11.26,11.24,11.22,11.38,11.36,11.36,11.36,11.34,11.32,11.32,11.3,11.3,11.28,11.28,11.42,11.42,11.4,11.4,11.38,11.38,11.36,11.34,11.34,11.32,11.32,11.48,11.46,11.46,11.44,11.42,11.42,11.4,11.4,11.38,11.38,11.36,11.52,11.5,11.5,11.48,11.46,11.46,11.4,11.4,11.4,11.38,11.36,11.52,11.5,11.5,11.48,11.46,11.46,11.44,11.44,11.44,11.42,11.42,11.56,11.540000000000001,11.540000000000001,11.52,11.52,11.5,11.5,11.48,11.48,11.46,11.46
2021-06-26 02:00:00,32.46,32.42,32.38,32.36,32.32,32.32,32.28,32.24,32.2,32.160000000000004,32.12,32.46,32.44,32.4,32.36,32.36,32.32,32.28,32.24,32.2,32.160000000000004,32.12,32.46,32.44,32.4,32.4,32.36,32.32,32.28,32.24,32.2,32.160000000000004,32.14,32.46,32.44,32.44,32.4,32.36,32.32,32.28,32.24,32.2,32.18,32.14,32.480000000000004,32.480000000000004,32.44,32.4,32.36,32.32,32.28,32.24,32.2,32.18,32.14,32.5,32.480000000000004,32.44,32.4,32.36,32.32,32.28,32.24,32.2,32.18,32.18,32.52,32.480000000000004,32.44,32.4,32.36,32.32,32.28,32.24,32.22,32.22,32.18,32.52,32.480000000000004,32.44,32.4,32.36,32.32,32.28,32.28,32.26,32.22,32.18,32.52,32.480000000000004,32.44,32.4,32.36,32.32,32.32,32.28,32.26,32.22,32.18,32.52,32.480000000000004,32.44,32.4,32.36,32.36,32.32,32.28,32.26,32.22,32.18,32.52,32.480000000000004,32.44,32.4,32.4,32.36,32.32,32.28,32.26,32.22,32.18
2021-10-21 04:00:00,42.7,42.7,42.7,42.7,42.7,42.7,42.7,42.7,42.7,42.7,42.7,42.74,42.74,42.74,42.74,42.74,42.74,42.74,42.74,42.74,42.74,42.74,42.800000000000004,42.800000000000004,42.800000000000004,42.800000000000004,42.800000000000004,42.800000000000004,42.800000000000004,42.800000000000004,42.800000000000004,42.800000000000004,42.800000000000004,42.84,42.84,42.84,42.84,42.84,42.84,42.84,42.84,42.84,42.84,42.84,42.88,42.88,42.88,42.88,42.88,42.88,42.88,42.88,42.88,42.88,42.88,42.94,42.94,42.94,42.94,42.94,42.94,42.94,42.94,42.94,42.94,42.94,42.980000000000004,42.980000000000004,42.980000000000004,42.980000000000004,42.980000000000004,42.980000000000004,42.94,42.94,42.94,42.94,42.94,42.980000000000004,42.980000000000004,42.980000000000004,42.980000000000004,42.980000000000004,42.980000000000004,42.980000000000004,42.980000000000004,42.980000000000004,42.980000000000004,42.980000000000004,43.02,43.02,43.02,43.02,43.02,43.02,43.02,43.02,43.02,43.02,43.02,43.08,43.08,43.08,43.08,43.08,43.08,43.08,43.08,43.08,43.08,43.08,43.12,43.12,43.12,43.12,43.12,43.12,43.12,43.12,43.12,43.12,43.12
2021-05-30 02:00:00,32.0,31.96,31.92,31.88,31.84,31.84,31.82,31.78,31.740000000000002,31.7,31.66,32.0,31.96,31.94,31.900000000000002,31.900000000000002,31.84,31.82,31.78,31.740000000000002,31.7,31.66,32.0,31.96,31.94,31.94,31.900000000000002,31.86,31.82,31.78,31.740000000000002,31.7,31.68,32.0,31.98,31.98,31.94,31.900000000000002,31.86,31.82,31.78,31.740000000000002,31.720000000000002,31.68,32.02,32.02,31.98,31.94,31.900000000000002,31.86,31.82,31.78,31.76,31.720000000000002,31.68,32.06,32.02,31.98,31.94,31.900000000000002,31.86,31.84,31.8,31.76,31.720000000000002,31.720000000000002,32.06,32.02,31.98,31.94,31.92,31.88,31.84,31.8,31.76,31.76,31.720000000000002,32.06,32.02,31.98,31.96,31.92,31.88,31.84,31.84,31.8,31.76,31.720000000000002,32.06,32.02,32.0,31.96,31.92,31.88,31.88,31.84,31.8,31.76,31.720000000000002,32.06,32.02,32.0,31.96,31.92,31.92,31.88,31.84,31.8,31.78,31.740000000000002,32.06,32.04,32.0,31.96,31.96,31.92,31.88,31.84,31.82,31.78,31.740000000000002
2021-02-15 03:00:00,49.86,49.84,49.84,49.84,49.82,49.800000000000004,49.78,49.76,49.74,49.72,49.7,49.9,49.88,49.88,49.86,49.86,49.84,49.82,49.800000000000004,49.78,49.76,49.74,49.94,49.94,49.92,49.9,49.88,49.86,49.86,49.84,49.82,49.800000000000004,49.78,50.0,49.980000000000004,49.96,49.94,49.92,49.9,49.88,49.88,49.86,49.84,49.84,50.04,50.02,50.0,49.980000000000004,49.96,49.94,49.94,49.92,49.9,49.9,49.88,50.08,50.06,50.04,50.02,50.0,49.980000000000004,49.96,49.96,49.96,49.94,49.92,50.120000000000005,50.1,50.08,50.06,50.0,49.980000000000004,49.980000000000004,49.96,49.96,49.94,49.92,50.120000000000005,50.1,50.08,50.06,50.04,50.04,50.02,50.0,49.980000000000004,49.980000000000004,49.96,50.160000000000004,50.14,50.120000000000005,50.1,50.1,50.08,50.06,50.04,50.02,50.0,50.0,50.2,50.18,50.160000000000004,50.160000000000004,50.14,50.120000000000005,50.1,50.08,50.06,50.04,50.04,50.24,50.22,50.22,50.2,50.18,50.160000000000004,50.14,50.120000000000005,50.1,50.08,50.06
2021-07-24 05:00:00,14.24,14.26,14.280000000000001,14.3,14.34,14.36,14.38,14.38,14.4,14.42,14.44,14.280000000000001,14.3,14.32,14.34,14.38,14.4,14.4,14.38,14.4,14.42,14.44,14.280000000000001,14.3,14.32,14.34,14.38,14.38,14.4,14.42,14.44,14.46,14.48,14.32,14.34,14.36,14.38,14.38,14.42,14.44,14.46,14.48,14.5,14.52,14.36,14.38,14.4,14.4,14.44,14.46,14.48,14.5,14.52,14.540000000000001,14.56,14.4,14.42,14.42,14.46,14.48,14.5,14.52,14.540000000000001,14.56,14.58,14.6,14.44,14.44,14.46,14.5,14.52,14.540000000000001,14.56,14.58,14.6,14.620000000000001,14.64,14.46,14.48,14.52,14.540000000000001,14.56,14.58,14.6,14.620000000000001,14.64,14.64,14.66,14.5,14.540000000000001,14.56,14.58,14.6,14.620000000000001,14.6,14.620000000000001,14.620000000000001,14.64,14.66,14.5,14.540000000000001,14.56,14.58,14.6,14.620000000000001,14.64,14.64,14.66,14.68,14.700000000000001,14.56,14.58,14.6,14.620000000000001,14.64,14.66,14.66,14.68,14.700000000000001,14.72,14.74
2021-12-01 04:00:00,53.84,53.84,53.84,53.84,53.84,53.84,53.84,53.84,53.84,53.84,53.84,53.88,53.88,53.88,53.88,53.88,53.88,53.88,53.88,53.88,53.88,53.88,53.94,53.94,53.94,53.94,53.94,53.94,53.94,53.94,53.94,53.92,53.92,53.980000000000004,53.980000000000004,53.980000000000004,53.980000000000004,53.980000000000004,53.980000000000004,53.980000000000004,53.980000000000004,53.980000000000004,53.980000000000004,53.980000000000004,54.02,54.02,54.02,54.02,54.02,54.02,54.02,54.02,54.02,54.02,54.02,54.08,54.08,54.08,54.08,54.08,54.08,54.02,54.02,54.02,54.02,54.02,54.08,54.08,54.08,54.08,54.08,54.08,54.08,54.08,54.08,54.08,54.08,54.120000000000005,54.120000000000005,54.120000000000005,54.120000000000005,54.120000000000005,54.120000000000005,54.120000000000005,54.120000000000005,54.120000000000005,54.120000000000005,54.120000000000005,54.160000000000004,54.160000000000004,54.160000000000004,54.160000000000004,54.160000000000004,54.160000000000004,54.160000000000004,54.160000000000004,54.160000000000004,54.160000000000004,54.160000000000004,54.22,54.22,54.22,54.22,54.22,54.22,54.22,54.22,54.22,54.22,54.22,54.26,54.26,54.26,54.26,54.26,54.26,54.26,54.26,54.26,54.26,54.26
2021-05-03 02:00:00,34.9,34.86,34.82,34.800000000000004,34.76,34.76,34.72,34.68,34.660000000000004,34.62,34.58,34.92,34.88,34.84,34.800000000000004,34.800000000000004,34.76,34.72,34.68,34.660000000000004,34.62,34.58,34.92,34.88,34.84,34.84,34.800000000000004,34.78,34.74,34.7,34.660000000000004,34.64,34.6,34.92,34.88,34.88,34.86,34.82,34.78,34.74,34.72,34.68,34.64,34.6,34.94,34.94,34.9,34.86,34.82,34.800000000000004,34.76,34.72,34.68,34.660000000000004,34.62,34.980000000000004,34.94,34.92,34.88,34.84,34.800000000000004,34.78,34.74,34.7,34.660000000000004,34.660000000000004,35.0,34.96,34.92,34.9,34.86,34.82,34.78,34.74,34.72,34.72,34.68,35.0,34.980000000000004,34.94,34.9,34.86,34.84,34.800000000000004,34.800000000000004,34.76,34.72,34.7,35.02,34.980000000000004,34.94,34.92,34.86,34.84,34.84,34.800000000000004,34.76,34.72,34.7,35.02,34.980000000000004,34.94,34.92,34.88,34.88,34.84,34.800000000000004,34.78,34.74,34.7,35.04,35.0,34.96,34.92,34.92,34.88,34.86,34.82,34.78,34.74,34.72
2021-05-11 03:00:00,22.1,22.06,22.04,22.0,21.98,21.94,21.94,21.92,21.88,21.86,21.82,22.12,22.1,22.06,22.04,22.0,22.0,21.94,21.92,21.88,21.86,21.82,22.12,22.1,22.06,22.04,22.04,22.0,21.98,21.94,21.92,21.88,21.86,22.14,22.12,22.080000000000002,22.080000000000002,22.06,22.02,22.0,21.96,21.94,21.900000000000002,21.88,22.18,22.14,22.14,22.12,22.080000000000002,22.04,22.02,21.98,21.96,21.92,21.900000000000002,22.2,22.2,22.16,22.14,22.1,22.080000000000002,22.04,22.02,21.98,21.96,21.92,22.26,22.22,22.18,22.16,22.12,22.1,22.06,22.04,22.0,21.98,21.98,22.28,22.240000000000002,22.22,22.18,22.16,22.12,22.1,22.06,22.06,22.04,22.0,22.3,22.26,22.240000000000002,22.2,22.18,22.12,22.1,22.1,22.06,22.04,22.0,22.3,22.26,22.240000000000002,22.2,22.18,22.14,22.14,22.12,22.080000000000002,22.06,22.02,22.32,22.28,22.26,22.22,22.2,22.2,22.16,22.14,22.1,22.080000000000002,22.04
2021-04-10 04:00:00,24.42,24.400000000000002,24.400000000000002,24.38,24.38,24.38,24.38,24.32,24.32,24.3,24.3,24.42,24.400000000000002,24.400000000000002,24.38,24.38,24.38,24.38,24.36,24.36,24.36,24.34,24.46,24.44,24.44,24.44,24.44,24.42,24.42,24.42,24.400000000000002,24.400000000000002,24.400000000000002,24.5,24.5,24.48,24.48,24.48,24.48,24.46,24.46,24.46,24.44,24.44,24.54,24.54,24.54,24.54,24.52,24.52,24.5,24.5,24.5,24.48,24.48,24.6,24.6,24.580000000000002,24.580000000000002,24.560000000000002,24.560000000000002,24.560000000000002,24.54,24.54,24.54,24.52,24.64,24.64,24.62,24.62,24.62,24.6,24.6,24.6,24.580000000000002,24.580000000000002,24.580000000000002,24.68,24.68,24.68,24.66,24.66,24.66,24.6,24.6,24.6,24.580000000000002,24.580000000000002,24.68,24.68,24.68,24.66,24.66,24.66,24.64,24.64,24.64,24.64,24.62,24.740000000000002,24.72,24.72,24.72,24.7,24.7,24.7,24.7,24.68,24.68,24.66,24.78,24.78,24.76,24.76,24.76,24.76,24.740000000000002,24.740000000000002,24.72,24.72,24.72
2021-05-06 02:00:00,34.38,34.34,34.300000000000004,34.26,34.22,34.22,34.2,34.160000000000004,34.12,34.08,34.06,34.38,34.36,34.32,34.28,34.28,34.22,34.2,34.160000000000004,34.12,34.08,34.06,34.38,34.36,34.32,34.32,34.28,34.24,34.2,34.18,34.14,34.1,34.06,34.4,34.36,34.36,34.32,34.28,34.26,34.22,34.18,34.14,34.12,34.08,34.4,34.4,34.38,34.34,34.300000000000004,34.26,34.22,34.2,34.160000000000004,34.12,34.08,34.46,34.42,34.38,34.34,34.32,34.28,34.24,34.2,34.160000000000004,34.14,34.14,34.46,34.44,34.4,34.36,34.32,34.28,34.26,34.22,34.18,34.18,34.14,34.480000000000004,34.44,34.4,34.36,34.34,34.300000000000004,34.26,34.26,34.22,34.2,34.160000000000004,34.480000000000004,34.46,34.42,34.38,34.34,34.300000000000004,34.300000000000004,34.26,34.22,34.2,34.160000000000004,34.480000000000004,34.46,34.42,34.38,34.34,34.34,34.300000000000004,34.28,34.24,34.2,34.160000000000004,34.5,34.46,34.42,34.4,34.4,34.36,34.32,34.28,34.24,34.22,34.18
2021-11-11 05:00:00,51.2,51.22,51.22,51.24,51.26,51.26,51.26,51.28,51.28,51.300000000000004,51.32,51.24,51.26,51.28,51.28,51.300000000000004,51.300000000000004,51.300000000000004,51.32,51.34,51.34,51.36,51.300000000000004,51.300000000000004,51.32,51.34,51.34,51.34,51.36,51.36,51.38,51.4,51.4,51.34,51.36,51.36,51.36,51.38,51.38,51.4,51.42,51.42,51.44,51.46,51.38,51.4,51.4,51.4,51.42,51.44,51.44,51.46,51.480000000000004,51.480000000000004,51.5,51.44,51.44,51.44,51.46,51.46,51.480000000000004,51.5,51.5,51.52,51.52,51.52,51.46,51.480000000000004,51.5,51.5,51.52,51.52,51.54,51.5,51.52,51.52,51.52,51.46,51.480000000000004,51.5,51.5,51.52,51.52,51.54,51.56,51.56,51.56,51.58,51.52,51.52,51.54,51.54,51.56,51.58,51.58,51.58,51.6,51.6,51.620000000000005,51.56,51.58,51.58,51.6,51.6,51.620000000000005,51.620000000000005,51.64,51.64,51.660000000000004,51.660000000000004,51.6,51.620000000000005,51.620000000000005,51.64,51.660000000000004,51.660000000000004,51.660000000000004,51.68,51.68,51.7,51.72
2021-11-15 03:00:00,52.74,52.72,52.7,52.7,52.7,52.68,52.68,52.660000000000004,52.660000000000004,52.64,52.620000000000005,52.78,52.76,52.76,52.76,52.74,52.72,52.72,52.7,52.7,52.68,52.68,52.82,52.800000000000004,52.800000000000004,52.800000000000004,52.78,52.78,52.76,52.74,52.74,52.72,52.72,52.86,52.86,52.84,52.84,52.82,52.82,52.800000000000004,52.800000000000004,52.78,52.76,52.76,52.92,52.9,52.9,52.88,52.86,52.86,52.84,52.84,52.82,52.82,52.82,52.96,52.94,52.94,52.92,52.92,52.9,52.88,52.88,52.88,52.86,52.86,53.0,52.980000000000004,52.980000000000004,52.96,52.96,52.9,52.88,52.88,52.88,52.86,52.86,53.0,52.980000000000004,52.980000000000004,52.96,52.96,52.94,52.94,52.94,52.92,52.9,52.9,53.04,53.04,53.02,53.0,53.0,53.0,52.980000000000004,52.980000000000004,52.96,52.96,52.94,53.08,53.08,53.06,53.06,53.06,53.04,53.04,53.02,53.0,53.0,52.980000000000004,53.14,53.120000000000005,53.1,53.1,53.1,53.08,53.08,53.06,53.06,53.04,53.02
2021-03-21 03:00:00,37.7,37.660000000000004,37.64,37.62,37.6,37.6,37.54,37.52,37.5,37.480000000000004,37.46,37.7,37.660000000000004,37.64,37.62,37.62,37.6,37.58,37.56,37.54,37.52,37.5,37.72,37.7,37.68,37.68,37.660000000000004,37.64,37.62,37.6,37.58,37.56,37.54,37.76,37.74,37.74,37.72,37.7,37.68,37.660000000000004,37.64,37.6,37.58,37.56,37.800000000000004,37.800000000000004,37.78,37.76,37.74,37.72,37.68,37.660000000000004,37.64,37.62,37.6,37.86,37.84,37.82,37.78,37.76,37.74,37.72,37.7,37.68,37.660000000000004,37.660000000000004,37.9,37.86,37.84,37.82,37.800000000000004,37.78,37.76,37.74,37.74,37.72,37.7,37.92,37.9,37.88,37.86,37.84,37.78,37.76,37.76,37.74,37.72,37.7,37.92,37.9,37.88,37.86,37.84,37.82,37.82,37.800000000000004,37.78,37.76,37.72,37.96,37.94,37.92,37.9,37.88,37.88,37.86,37.82,37.800000000000004,37.78,37.76,38.0,37.980000000000004,37.96,37.92,37.92,37.9,37.88,37.86,37.84,37.82,37.800000000000004
2021-06-05 04:00:00,10.16,10.14,10.120000000000001,10.120000000000001,10.1,10.08,10.06,10.06,10.06,10.040000000000001,10.02,10.200000000000001,10.18,10.16,10.16,10.14,10.120000000000001,10.120000000000001,10.06,10.06,10.040000000000001,10.02,10.200000000000001,10.18,10.16,10.16,10.14,10.14,10.120000000000001,10.120000000000001,10.1,10.08,10.06,10.24,10.22,10.200000000000001,10.200000000000001,10.200000000000001,10.18,10.16,10.16,10.14,10.120000000000001,10.120000000000001,10.28,10.26,10.24,10.24,10.24,10.22,10.200000000000001,10.200000000000001,10.18,10.16,10.16,10.32,10.3,10.3,10.3,10.28,10.26,10.24,10.24,10.22,10.200000000000001,10.200000000000001,10.36,10.36,10.34,10.34,10.32,10.3,10.3,10.28,10.26,10.24,10.24,10.42,10.4,10.38,10.38,10.36,10.34,10.34,10.32,10.3,10.3,10.3,10.46,10.44,10.42,10.42,10.4,10.38,10.34,10.32,10.32,10.3,10.3,10.46,10.44,10.42,10.42,10.4,10.38,10.38,10.38,10.36,10.34,10.34,10.5,10.48,10.48,10.46,10.44,10.42,10.42,10.42,10.4,10.38,10.38
2021-08-23 02:00:00,38.56,38.54,38.5,38.46,38.46,38.42,38.38,38.34,38.32,38.28,38.24,38.56,38.54,38.5,38.5,38.46,38.44,38.4,38.36,38.34,38.300000000000004,38.26,38.58,38.54,38.54,38.52,38.480000000000004,38.44,38.42,38.38,38.34,38.32,38.28,38.6,38.6,38.56,38.54,38.5,38.46,38.42,38.4,38.36,38.32,38.300000000000004,38.64,38.62,38.58,38.54,38.52,38.480000000000004,38.44,38.4,38.38,38.34,38.34,38.660000000000004,38.64,38.6,38.56,38.52,38.5,38.46,38.42,38.4,38.4,38.36,38.68,38.64,38.62,38.58,38.54,38.5,38.480000000000004,38.480000000000004,38.44,38.4,38.38,38.7,38.660000000000004,38.62,38.6,38.54,38.5,38.5,38.480000000000004,38.44,38.4,38.38,38.7,38.660000000000004,38.62,38.6,38.56,38.56,38.52,38.5,38.46,38.42,38.38,38.7,38.68,38.64,38.6,38.6,38.58,38.54,38.5,38.480000000000004,38.44,38.4,38.72,38.7,38.660000000000004,38.660000000000004,38.62,38.6,38.56,38.52,38.5,38.46,38.42
2021-05-08 01:00:00,46.5,46.480000000000004,46.44,46.4,46.36,46.36,46.32,46.28,46.24,46.2,46.18,46.52,46.480000000000004,46.44,46.4,46.4,46.36,46.32,46.28,46.24,46.2,46.18,46.52,46.480000000000004,46.44,46.44,46.4,46.36,46.32,46.300000000000004,46.26,46.22,46.18,46.52,46.480000000000004,46.480000000000004,46.44,46.4,46.36,46.32,46.300000000000004,46.26,46.22,46.18,46.52,46.52,46.480000000000004,46.44,46.4,46.36,46.32,46.300000000000004,46.26,46.22,46.18,46.56,46.52,46.480000000000004,46.44,46.4,46.36,46.32,46.300000000000004,46.26,46.22,46.22,46.56,46.52,46.480000000000004,46.44,46.4,46.38,46.34,46.300000000000004,46.26,46.26,46.22,46.56,46.52,46.480000000000004,46.44,46.4,46.38,46.34,46.34,46.300000000000004,46.26,46.22,46.56,46.52,46.480000000000004,46.44,46.4,46.38,46.38,46.34,46.300000000000004,46.26,46.22,46.56,46.52,46.480000000000004,46.44,46.4,46.4,46.38,46.34,46.300000000000004,46.26,46.22,46.56,46.52,46.480000000000004,46.44,46.44,46.4,46.38,46.34,46.300000000000004,46.26,46.22
2021-02-11 03:00:00,51.08,51.08,51.06,51.06,51.04,51.02,51.0,50.980000000000004,50.96,50.94,50.92,51.120000000000005,51.120000000000005,51.120000000000005,51.1,51.08,51.06,51.04,51.02,51.0,50.980000000000004,50.96,51.160000000000004,51.160000000000004,51.14,51.14,51.120000000000005,51.1,51.08,51.06,51.04,51.02,51.0,51.22,51.2,51.18,51.160000000000004,51.160000000000004,51.14,51.120000000000005,51.1,51.08,51.06,51.06,51.26,51.24,51.22,51.2,51.2,51.18,51.160000000000004,51.14,51.120000000000005,51.120000000000005,51.1,51.300000000000004,51.28,51.26,51.24,51.24,51.22,51.2,51.2,51.18,51.160000000000004,51.14,51.34,51.32,51.300000000000004,51.28,51.24,51.22,51.22,51.2,51.18,51.160000000000004,51.14,51.34,51.32,51.300000000000004,51.28,51.26,51.26,51.26,51.24,51.22,51.2,51.18,51.38,51.36,51.34,51.32,51.32,51.300000000000004,51.28,51.28,51.26,51.24,51.22,51.42,51.4,51.38,51.38,51.36,51.34,51.32,51.32,51.300000000000004,51.28,51.26,51.46,51.44,51.44,51.42,51.4,51.38,51.36,51.36,51.34,51.32,51.300000000000004
2021-06-06 03:00:00,19.62,19.580000000000002,19.54,19.52,19.48,19.44,19.44,19.42,19.38,19.34,19.3,19.64,19.6,19.56,19.54,19.5,19.5,19.44,19.42,19.38,19.34,19.3,19.64,19.6,19.56,19.54,19.54,19.5,19.46,19.44,19.400000000000002,19.36,19.32,19.66,19.62,19.580000000000002,19.580000000000002,19.54,19.52,19.48,19.44,19.42,19.38,19.34,19.66,19.64,19.64,19.6,19.56,19.52,19.5,19.46,19.42,19.400000000000002,19.36,19.68,19.68,19.64,19.62,19.580000000000002,19.54,19.5,19.48,19.44,19.400000000000002,19.38,19.740000000000002,19.7,19.66,19.62,19.6,19.56,19.52,19.5,19.46,19.42,19.42,19.740000000000002,19.72,19.68,19.64,19.6,19.580000000000002,19.54,19.5,19.5,19.48,19.44,19.76,19.72,19.7,19.66,19.62,19.580000000000002,19.54,19.54,19.5,19.48,19.44,19.76,19.72,19.7,19.66,19.62,19.580000000000002,19.580000000000002,19.56,19.52,19.48,19.46,19.78,19.740000000000002,19.7,19.68,19.64,19.64,19.6,19.580000000000002,19.54,19.5,19.46
2021-09-10 01:00:00,53.160000000000004,53.14,53.1,53.1,53.04,53.02,52.980000000000004,52.94,52.9,52.88,52.84,53.160000000000004,53.14,53.14,53.1,53.06,53.02,53.0,52.96,52.92,52.88,52.86,53.18,53.18,53.14,53.1,53.08,53.04,53.0,52.96,52.94,52.9,52.86,53.22,53.2,53.160000000000004,53.120000000000005,53.08,53.06,53.02,52.980000000000004,52.94,52.9,52.9,53.24,53.2,53.160000000000004,53.14,53.1,53.06,53.02,53.0,52.96,52.96,52.92,53.26,53.22,53.18,53.14,53.120000000000005,53.08,53.04,53.0,53.0,52.980000000000004,52.94,53.26,53.22,53.2,53.160000000000004,53.120000000000005,53.08,53.08,53.06,53.02,52.980000000000004,52.94,53.28,53.24,53.2,53.160000000000004,53.120000000000005,53.120000000000005,53.08,53.06,53.02,52.980000000000004,52.94,53.28,53.24,53.2,53.18,53.18,53.14,53.1,53.06,53.02,53.0,52.96,53.28,53.26,53.22,53.22,53.18,53.14,53.120000000000005,53.08,53.04,53.0,52.980000000000004,53.300000000000004,53.26,53.26,53.24,53.2,53.160000000000004,53.120000000000005,53.1,53.06,53.02,52.980000000000004
2021-08-01 04:00:00,15.1,15.1,15.08,15.06,15.040000000000001,15.040000000000001,15.02,15.02,15.0,15.0,14.98,15.14,15.14,15.120000000000001,15.1,15.1,15.08,15.08,15.02,15.0,15.0,14.98,15.14,15.14,15.120000000000001,15.1,15.1,15.1,15.08,15.06,15.040000000000001,15.040000000000001,15.02,15.18,15.18,15.16,15.14,15.14,15.14,15.120000000000001,15.1,15.08,15.08,15.06,15.24,15.22,15.200000000000001,15.200000000000001,15.18,15.18,15.16,15.14,15.14,15.120000000000001,15.1,15.280000000000001,15.26,15.26,15.24,15.22,15.22,15.200000000000001,15.18,15.18,15.16,15.14,15.32,15.32,15.3,15.280000000000001,15.280000000000001,15.26,15.24,15.22,15.22,15.200000000000001,15.18,15.36,15.36,15.34,15.32,15.32,15.3,15.280000000000001,15.26,15.26,15.26,15.24,15.42,15.4,15.38,15.36,15.36,15.34,15.280000000000001,15.26,15.26,15.26,15.24,15.42,15.4,15.38,15.36,15.36,15.34,15.32,15.32,15.32,15.3,15.280000000000001,15.46,15.44,15.42,15.4,15.4,15.38,15.38,15.36,15.36,15.34,15.32
2021-03-23 03:00:00,36.94,36.92,36.9,36.88,36.86,36.86,36.800000000000004,36.78,36.74,36.72,36.7,36.94,36.92,36.9,36.88,36.88,36.86,36.82,36.800000000000004,36.78,36.76,36.74,36.980000000000004,36.96,36.94,36.94,36.9,36.88,36.86,36.84,36.82,36.800000000000004,36.78,37.0,36.980000000000004,36.980000000000004,36.96,36.94,36.92,36.9,36.88,36.86,36.84,36.800000000000004,37.04,37.04,37.02,37.0,36.980000000000004,36.96,36.94,36.92,36.88,36.86,36.84,37.1,37.08,37.06,37.04,37.02,37.0,36.96,36.94,36.92,36.9,36.9,37.14,37.12,37.1,37.08,37.04,37.02,37.0,36.980000000000004,36.980000000000004,36.96,36.94,37.18,37.14,37.12,37.1,37.08,37.02,37.0,37.0,36.980000000000004,36.96,36.94,37.18,37.14,37.12,37.1,37.08,37.06,37.06,37.04,37.02,37.0,36.980000000000004,37.2,37.18,37.160000000000004,37.14,37.12,37.12,37.1,37.08,37.06,37.02,37.0,37.24,37.22,37.2,37.18,37.18,37.160000000000004,37.14,37.1,37.08,37.06,37.04
2021-04-20 04:00:00,20.8,20.8,20.78,20.78,20.76,20.76,20.76,20.7,20.7,20.7,20.68,20.8,20.8,20.78,20.78,20.76,20.76,20.76,20.76,20.740000000000002,20.740000000000002,20.740000000000002,20.84,20.84,20.82,20.82,20.82,20.82,20.8,20.8,20.8,20.78,20.78,20.88,20.88,20.88,20.88,20.86,20.86,20.84,20.84,20.84,20.82,20.82,20.94,20.92,20.92,20.92,20.900000000000002,20.900000000000002,20.900000000000002,20.88,20.88,20.88,20.86,20.98,20.98,20.96,20.96,20.96,20.94,20.94,20.94,20.92,20.92,20.92,21.02,21.02,21.02,21.0,21.0,21.0,20.98,20.98,20.98,20.98,20.96,21.080000000000002,21.06,21.06,21.06,21.04,21.04,20.98,20.98,20.98,20.98,20.96,21.080000000000002,21.06,21.06,21.06,21.04,21.04,21.04,21.04,21.02,21.02,21.0,21.12,21.12,21.1,21.1,21.080000000000002,21.080000000000002,21.080000000000002,21.080000000000002,21.06,21.06,21.06,21.16,21.16,21.16,21.14,21.14,21.14,21.12,21.12,21.12,21.1,21.1
2021-02-07 06:00:00,51.46,51.480000000000004,51.5,51.52,51.54,51.54,51.54,51.56,51.58,51.6,51.620000000000005,51.5,51.52,51.54,51.56,51.58,51.58,51.6,51.620000000000005,51.620000000000005,51.64,51.660000000000004,51.54,51.56,51.58,51.6,51.6,51.620000000000005,51.64,51.660000000000004,51.68,51.7,51.7,51.6,51.6,51.620000000000005,51.620000000000005,51.64,51.660000000000004,51.68,51.7,51.72,51.74,51.76,51.64,51.660000000000004,51.660000000000004,51.660000000000004,51.68,51.7,51.72,51.74,51.76,51.78,51.800000000000004,51.68,51.68,51.7,51.72,51.74,51.74,51.76,51.78,51.800000000000004,51.82,51.82,51.7,51.72,51.74,51.76,51.78,51.800000000000004,51.82,51.78,51.800000000000004,51.800000000000004,51.82,51.7,51.72,51.74,51.76,51.78,51.800000000000004,51.82,51.82,51.82,51.84,51.86,51.74,51.76,51.78,51.800000000000004,51.82,51.84,51.86,51.86,51.88,51.9,51.92,51.800000000000004,51.800000000000004,51.82,51.84,51.86,51.88,51.88,51.9,51.92,51.94,51.96,51.84,51.86,51.88,51.88,51.9,51.9,51.92,51.94,51.96,51.980000000000004,52.0
2021-04-13 02:00:00,39.64,39.6,39.56,39.54,39.54,39.480000000000004,39.44,39.42,39.38,39.34,39.32,39.64,39.6,39.56,39.56,39.54,39.5,39.46,39.44,39.4,39.36,39.34,39.660000000000004,39.62,39.62,39.58,39.56,39.52,39.480000000000004,39.46,39.42,39.38,39.36,39.660000000000004,39.660000000000004,39.64,39.6,39.56,39.54,39.5,39.46,39.44,39.4,39.38,39.72,39.68,39.660000000000004,39.62,39.58,39.56,39.52,39.480000000000004,39.46,39.42,39.42,39.74,39.7,39.68,39.64,39.6,39.58,39.54,39.5,39.480000000000004,39.480000000000004,39.44,39.76,39.72,39.7,39.660000000000004,39.62,39.6,39.56,39.56,39.52,39.5,39.46,39.78,39.74,39.7,39.68,39.62,39.6,39.6,39.56,39.52,39.5,39.46,39.78,39.74,39.7,39.68,39.64,39.64,39.6,39.58,39.54,39.5,39.480000000000004,39.800000000000004,39.76,39.72,39.7,39.7,39.660000000000004,39.62,39.6,39.56,39.52,39.5,39.82,39.78,39.74,39.74,39.72,39.68,39.64,39.62,39.58,39.54,39.52
2021-06-26 04:00:00,9.88,9.86,9.84,9.82,9.8,9.78,9.76,9.76,9.76,9.74,9.72,9.92,9.9,9.88,9.86,9.84,9.82,9.82,9.76,9.76,9.74,9.72,9.92,9.9,9.88,9.86,9.84,9.84,9.82,9.8,9.8,9.78,9.76,9.96,9.94,9.92,9.9,9.9,9.88,9.86,9.84,9.82,9.82,9.8,10.0,9.98,9.96,9.96,9.94,9.92,9.9,9.88,9.86,9.84,9.84,10.040000000000001,10.02,10.02,10.0,9.98,9.96,9.94,9.92,9.9,9.88,9.88,10.08,10.08,10.06,10.040000000000001,10.02,10.0,9.98,9.96,9.94,9.92,9.92,10.14,10.120000000000001,10.1,10.08,10.06,10.040000000000001,10.02,10.0,9.98,9.98,9.96,10.16,10.14,10.14,10.120000000000001,10.1,10.08,10.02,10.0,10.0,9.98,9.96,10.16,10.14,10.14,10.120000000000001,10.1,10.08,10.06,10.06,10.040000000000001,10.02,10.0,10.200000000000001,10.18,10.16,10.16,10.14,10.120000000000001,10.120000000000001,10.1,10.08,10.06,10.040000000000001
2021-07-30 03:00:00,23.54,23.52,23.48,23.44,23.42,23.38,23.38,23.36,23.32,23.28,23.26,23.56,23.54,23.5,23.48,23.44,23.44,23.38,23.36,23.32,23.28,23.26,23.56,23.54,23.5,23.48,23.48,23.44,23.400000000000002,23.38,23.34,23.32,23.28,23.580000000000002,23.56,23.52,23.52,23.5,23.46,23.42,23.400000000000002,23.36,23.32,23.3,23.6,23.580000000000002,23.580000000000002,23.54,23.5,23.48,23.44,23.42,23.38,23.34,23.32,23.62,23.62,23.6,23.56,23.52,23.5,23.46,23.44,23.400000000000002,23.36,23.34,23.68,23.64,23.62,23.580000000000002,23.56,23.52,23.48,23.46,23.42,23.400000000000002,23.400000000000002,23.7,23.66,23.64,23.6,23.580000000000002,23.54,23.5,23.48,23.48,23.44,23.42,23.72,23.68,23.66,23.62,23.6,23.54,23.5,23.5,23.48,23.44,23.42,23.72,23.68,23.66,23.62,23.6,23.56,23.56,23.52,23.5,23.46,23.42,23.740000000000002,23.7,23.68,23.64,23.6,23.6,23.580000000000002,23.54,23.52,23.48,23.44
2021-10-18 03:00:00,44.38,44.36,44.36,44.34,44.34,44.32,44.300000000000004,44.300000000000004,44.28,44.26,44.26,44.42,44.4,44.4,44.4,44.38,44.36,44.36,44.34,44.32,44.300000000000004,44.300000000000004,44.46,44.44,44.44,44.44,44.42,44.4,44.4,44.38,44.36,44.36,44.34,44.5,44.5,44.480000000000004,44.480000000000004,44.46,44.44,44.44,44.42,44.4,44.4,44.38,44.56,44.54,44.54,44.52,44.5,44.5,44.480000000000004,44.46,44.44,44.44,44.44,44.6,44.58,44.58,44.56,44.54,44.54,44.52,44.5,44.5,44.5,44.480000000000004,44.64,44.62,44.62,44.6,44.58,44.54,44.52,44.52,44.5,44.5,44.480000000000004,44.64,44.62,44.62,44.6,44.58,44.58,44.58,44.56,44.54,44.54,44.52,44.68,44.68,44.660000000000004,44.64,44.62,44.62,44.62,44.6,44.58,44.58,44.56,44.72,44.72,44.7,44.68,44.68,44.68,44.660000000000004,44.64,44.64,44.62,44.6,44.76,44.76,44.74,44.74,44.72,44.72,44.7,44.68,44.68,44.660000000000004,44.64
2021-10-30 04:00:00,45.78,45.78,45.78,45.78,45.78,45.78,45.78,45.78,45.78,45.78,45.78,45.82,45.82,45.82,45.82,45.82,45.82,45.82,45.82,45.82,45.82,45.82,45.86,45.86,45.86,45.86,45.86,45.86,45.86,45.86,45.86,45.86,45.86,45.92,45.92,45.92,45.92,45.92,45.92,45.92,45.92,45.92,45.92,45.92,45.96,45.96,45.96,45.96,45.96,45.96,45.96,45.96,45.96,45.96,45.96,46.0,46.0,46.0,46.0,46.0,46.0,46.0,46.0,46.0,46.0,46.0,46.06,46.06,46.06,46.06,46.06,46.06,46.0,46.0,46.0,46.0,46.0,46.06,46.06,46.06,46.06,46.06,46.06,46.06,46.06,46.06,46.06,46.06,46.1,46.1,46.1,46.1,46.1,46.1,46.1,46.1,46.1,46.1,46.1,46.14,46.14,46.14,46.14,46.14,46.14,46.14,46.14,46.14,46.14,46.14,46.2,46.2,46.2,46.2,46.2,46.2,46.2,46.2,46.2,46.2,46.2
2021-05-10 03:00:00,22.28,22.26,22.22,22.18,22.16,22.12,22.12,22.1,22.06,22.04,22.0,22.3,22.28,22.240000000000002,22.22,22.18,22.18,22.12,22.1,22.06,22.04,22.0,22.3,22.28,22.240000000000002,22.22,22.22,22.18,22.16,22.12,22.1,22.06,22.04,22.34,22.3,22.28,22.28,22.240000000000002,22.2,22.18,22.14,22.12,22.080000000000002,22.06,22.36,22.32,22.32,22.3,22.26,22.240000000000002,22.2,22.18,22.14,22.12,22.080000000000002,22.38,22.38,22.34,22.32,22.28,22.26,22.22,22.2,22.16,22.14,22.1,22.44,22.400000000000002,22.38,22.34,22.32,22.28,22.26,22.22,22.2,22.16,22.16,22.46,22.42,22.400000000000002,22.36,22.34,22.3,22.28,22.240000000000002,22.240000000000002,22.22,22.18,22.48,22.46,22.42,22.400000000000002,22.36,22.3,22.28,22.28,22.240000000000002,22.22,22.18,22.48,22.46,22.42,22.400000000000002,22.36,22.34,22.34,22.3,22.28,22.240000000000002,22.22,22.5,22.48,22.44,22.42,22.38,22.38,22.36,22.32,22.3,22.26,22.240000000000002
2021-09-02 04:00:00,24.5,24.5,24.48,24.48,24.48,24.46,24.46,24.42,24.400000000000002,24.400000000000002,24.400000000000002,24.5,24.5,24.48,24.48,24.48,24.48,24.46,24.46,24.46,24.44,24.44,24.54,24.54,24.54,24.52,24.52,24.52,24.52,24.5,24.5,24.5,24.48,24.6,24.580000000000002,24.580000000000002,24.580000000000002,24.580000000000002,24.560000000000002,24.560000000000002,24.560000000000002,24.54,24.54,24.54,24.64,24.62,24.62,24.62,24.62,24.6,24.6,24.6,24.6,24.580000000000002,24.580000000000002,24.68,24.68,24.68,24.66,24.66,24.66,24.64,24.64,24.64,24.64,24.62,24.740000000000002,24.72,24.72,24.72,24.7,24.7,24.7,24.68,24.68,24.68,24.68,24.78,24.78,24.76,24.76,24.76,24.740000000000002,24.7,24.68,24.68,24.68,24.68,24.78,24.78,24.76,24.76,24.76,24.740000000000002,24.740000000000002,24.740000000000002,24.740000000000002,24.72,24.72,24.82,24.82,24.82,24.8,24.8,24.8,24.8,24.78,24.78,24.78,24.76,24.86,24.86,24.86,24.84,24.84,24.84,24.84,24.84,24.82,24.82,24.82
2021-04-10 03:00:00,30.44,30.400000000000002,30.38,30.36,30.34,30.34,30.28,30.240000000000002,30.22,30.2,30.18,30.44,30.400000000000002,30.38,30.36,30.36,30.34,30.3,30.28,30.26,30.240000000000002,30.2,30.46,30.44,30.42,30.42,30.38,30.36,30.34,30.32,30.28,30.26,30.240000000000002,30.5,30.46,30.46,30.44,30.42,30.400000000000002,30.36,30.34,30.32,30.3,30.28,30.52,30.52,30.5,30.48,30.46,30.42,30.400000000000002,30.38,30.36,30.32,30.3,30.580000000000002,30.560000000000002,30.54,30.5,30.48,30.46,30.44,30.42,30.38,30.36,30.36,30.62,30.580000000000002,30.560000000000002,30.54,30.52,30.5,30.46,30.44,30.44,30.42,30.400000000000002,30.64,30.62,30.6,30.580000000000002,30.54,30.5,30.46,30.46,30.44,30.42,30.400000000000002,30.64,30.62,30.6,30.580000000000002,30.54,30.52,30.52,30.5,30.48,30.44,30.42,30.68,30.66,30.62,30.6,30.580000000000002,30.580000000000002,30.560000000000002,30.52,30.5,30.48,30.46,30.72,30.68,30.66,30.64,30.64,30.62,30.580000000000002,30.560000000000002,30.54,30.52,30.5
2021-05-06 01:00:00,46.800000000000004,46.76,46.72,46.68,46.64,46.64,46.62,46.58,46.54,46.5,46.46,46.800000000000004,46.76,46.72,46.7,46.7,46.64,46.62,46.58,46.54,46.5,46.46,46.800000000000004,46.76,46.72,46.72,46.7,46.660000000000004,46.62,46.58,46.54,46.5,46.46,46.800000000000004,46.76,46.76,46.72,46.7,46.660000000000004,46.62,46.58,46.54,46.5,46.46,46.800000000000004,46.800000000000004,46.76,46.74,46.7,46.660000000000004,46.62,46.58,46.54,46.5,46.46,46.84,46.800000000000004,46.76,46.74,46.7,46.660000000000004,46.62,46.58,46.54,46.5,46.5,46.84,46.82,46.78,46.74,46.7,46.660000000000004,46.62,46.58,46.54,46.54,46.52,46.84,46.82,46.78,46.74,46.7,46.660000000000004,46.62,46.62,46.58,46.56,46.52,46.86,46.82,46.78,46.74,46.7,46.660000000000004,46.660000000000004,46.62,46.58,46.56,46.52,46.86,46.82,46.78,46.74,46.7,46.7,46.660000000000004,46.62,46.58,46.56,46.52,46.86,46.82,46.78,46.74,46.74,46.7,46.660000000000004,46.62,46.6,46.56,46.52
2021-04-17 03:00:00,28.14,28.12,28.1,28.060000000000002,28.04,28.04,27.98,27.96,27.92,27.900000000000002,27.88,28.14,28.12,28.1,28.060000000000002,28.060000000000002,28.04,28.02,27.98,27.96,27.94,27.900000000000002,28.18,28.14,28.12,28.12,28.1,28.060000000000002,28.04,28.02,28.0,27.96,27.94,28.2,28.18,28.18,28.16,28.12,28.1,28.080000000000002,28.04,28.02,28.0,27.96,28.240000000000002,28.240000000000002,28.2,28.18,28.16,28.12,28.1,28.080000000000002,28.060000000000002,28.02,28.0,28.3,28.26,28.240000000000002,28.22,28.18,28.16,28.14,28.1,28.080000000000002,28.060000000000002,28.060000000000002,28.32,28.3,28.26,28.240000000000002,28.22,28.2,28.16,28.14,28.14,28.12,28.080000000000002,28.36,28.32,28.3,28.28,28.240000000000002,28.2,28.16,28.16,28.14,28.12,28.080000000000002,28.36,28.32,28.3,28.28,28.240000000000002,28.22,28.22,28.2,28.16,28.14,28.12,28.38,28.36,28.32,28.3,28.28,28.28,28.26,28.22,28.2,28.18,28.14,28.42,28.38,28.36,28.34,28.34,28.32,28.28,28.26,28.240000000000002,28.2,28.18
2021-05-09 02:00:00,33.9,33.86,33.82,33.8,33.76,33.76,33.72,33.68,33.64,33.62,33.58,33.92,33.88,33.84,33.8,33.8,33.76,33.72,33.68,33.64,33.62,33.58,33.92,33.88,33.84,33.84,33.8,33.76,33.74,33.7,33.660000000000004,33.62,33.58,33.92,33.88,33.88,33.84,33.82,33.78,33.74,33.7,33.660000000000004,33.64,33.6,33.92,33.92,33.9,33.86,33.82,33.78,33.76,33.72,33.68,33.64,33.6,33.980000000000004,33.94,33.9,33.86,33.84,33.8,33.76,33.72,33.68,33.660000000000004,33.660000000000004,33.980000000000004,33.96,33.92,33.88,33.84,33.8,33.78,33.74,33.7,33.7,33.660000000000004,34.0,33.96,33.92,33.88,33.86,33.82,33.78,33.78,33.74,33.72,33.68,34.0,33.980000000000004,33.94,33.9,33.86,33.82,33.82,33.78,33.74,33.72,33.68,34.0,33.980000000000004,33.94,33.9,33.86,33.86,33.82,33.8,33.76,33.72,33.68,34.02,33.980000000000004,33.94,33.9,33.9,33.88,33.84,33.8,33.76,33.74,33.7
2021-04-07 04:00:00,25.54,25.54,25.54,25.52,25.52,25.52,25.52,25.46,25.46,25.44,25.44,25.54,25.54,25.54,25.52,25.52,25.52,25.52,25.5,25.5,25.5,25.48,25.6,25.580000000000002,25.580000000000002,25.580000000000002,25.580000000000002,25.560000000000002,25.560000000000002,25.54,25.54,25.54,25.52,25.64,25.64,25.62,25.62,25.62,25.6,25.6,25.6,25.580000000000002,25.580000000000002,25.580000000000002,25.68,25.68,25.68,25.66,25.66,25.66,25.64,25.64,25.64,25.62,25.62,25.72,25.72,25.72,25.72,25.7,25.7,25.7,25.68,25.68,25.68,25.66,25.78,25.78,25.76,25.76,25.76,25.740000000000002,25.740000000000002,25.72,25.72,25.72,25.72,25.82,25.82,25.82,25.8,25.8,25.78,25.740000000000002,25.72,25.72,25.72,25.72,25.82,25.82,25.82,25.8,25.8,25.78,25.78,25.78,25.78,25.76,25.76,25.86,25.86,25.86,25.84,25.84,25.84,25.84,25.82,25.82,25.82,25.8,25.92,25.900000000000002,25.900000000000002,25.900000000000002,25.88,25.88,25.88,25.88,25.86,25.86,25.86
2021-11-14 04:00:00,50.2,50.2,50.2,50.2,50.2,50.2,50.2,50.2,50.2,50.2,50.2,50.26,50.26,50.26,50.26,50.26,50.26,50.26,50.26,50.26,50.26,50.26,50.300000000000004,50.300000000000004,50.300000000000004,50.300000000000004,50.300000000000004,50.300000000000004,50.300000000000004,50.300000000000004,50.300000000000004,50.300000000000004,50.300000000000004,50.34,50.34,50.34,50.34,50.34,50.34,50.34,50.34,50.34,50.34,50.34,50.4,50.4,50.4,50.4,50.4,50.4,50.4,50.4,50.4,50.4,50.4,50.44,50.44,50.44,50.44,50.44,50.44,50.44,50.44,50.44,50.44,50.44,50.480000000000004,50.480000000000004,50.480000000000004,50.480000000000004,50.480000000000004,50.480000000000004,50.44,50.44,50.44,50.44,50.44,50.480000000000004,50.480000000000004,50.480000000000004,50.480000000000004,50.480000000000004,50.480000000000004,50.480000000000004,50.480000000000004,50.480000000000004,50.480000000000004,50.480000000000004,50.54,50.54,50.54,50.54,50.54,50.54,50.54,50.54,50.54,50.54,50.54,50.58,50.58,50.58,50.58,50.58,50.58,50.58,50.58,50.58,50.58,50.58,50.620000000000005,50.620000000000005,50.620000000000005,50.620000000000005,50.620000000000005,50.620000000000005,50.620000000000005,50.64,50.64,50.64,50.64
2021-05-21 03:00:00,20.64,20.62,20.580000000000002,20.54,20.52,20.48,20.48,20.44,20.42,20.38,20.36,20.66,20.64,20.6,20.56,20.54,20.54,20.48,20.44,20.42,20.38,20.36,20.66,20.64,20.6,20.56,20.56,20.54,20.5,20.48,20.44,20.400000000000002,20.38,20.68,20.66,20.62,20.62,20.580000000000002,20.56,20.52,20.5,20.46,20.42,20.400000000000002,20.7,20.68,20.68,20.64,20.6,20.580000000000002,20.54,20.52,20.48,20.44,20.42,20.72,20.72,20.7,20.66,20.62,20.6,20.56,20.54,20.5,20.46,20.44,20.78,20.740000000000002,20.72,20.68,20.66,20.62,20.580000000000002,20.56,20.52,20.5,20.5,20.8,20.76,20.740000000000002,20.7,20.68,20.64,20.6,20.580000000000002,20.580000000000002,20.54,20.52,20.82,20.78,20.76,20.72,20.68,20.64,20.6,20.6,20.580000000000002,20.54,20.52,20.82,20.78,20.76,20.72,20.68,20.66,20.66,20.62,20.6,20.56,20.54,20.84,20.8,20.78,20.740000000000002,20.7,20.7,20.68,20.64,20.62,20.580000000000002,20.56
2021-06-18 04:00:00,9.64,9.620000000000001,9.6,9.6,9.58,9.56,9.540000000000001,9.540000000000001,9.52,9.5,9.48,9.68,9.66,9.66,9.64,9.620000000000001,9.6,9.6,9.540000000000001,9.52,9.5,9.48,9.68,9.66,9.66,9.64,9.620000000000001,9.620000000000001,9.6,9.58,9.56,9.540000000000001,9.52,9.72,9.700000000000001,9.68,9.68,9.68,9.66,9.64,9.620000000000001,9.6,9.58,9.56,9.76,9.74,9.72,9.72,9.72,9.700000000000001,9.68,9.66,9.64,9.620000000000001,9.6,9.8,9.78,9.78,9.76,9.74,9.74,9.72,9.700000000000001,9.68,9.66,9.64,9.84,9.84,9.82,9.8,9.78,9.78,9.76,9.74,9.72,9.700000000000001,9.68,9.9,9.88,9.86,9.84,9.82,9.82,9.8,9.78,9.76,9.76,9.74,9.94,9.92,9.9,9.88,9.86,9.86,9.8,9.78,9.78,9.76,9.74,9.94,9.92,9.9,9.88,9.86,9.86,9.84,9.84,9.82,9.8,9.78,9.98,9.96,9.94,9.92,9.9,9.9,9.9,9.88,9.86,9.84,9.82
2021-09-29 03:00:00,38.18,38.160000000000004,38.14,38.12,38.12,38.12,38.06,38.04,38.02,38.0,37.980000000000004,38.18,38.160000000000004,38.14,38.12,38.12,38.12,38.1,38.08,38.06,38.04,38.02,38.22,38.2,38.18,38.18,38.160000000000004,38.14,38.14,38.12,38.1,38.08,38.06,38.26,38.24,38.24,38.22,38.2,38.18,38.18,38.160000000000004,38.14,38.12,38.1,38.300000000000004,38.300000000000004,38.28,38.26,38.24,38.22,38.2,38.2,38.18,38.160000000000004,38.14,38.36,38.34,38.32,38.300000000000004,38.28,38.26,38.26,38.24,38.22,38.2,38.2,38.4,38.38,38.36,38.34,38.32,38.300000000000004,38.28,38.28,38.28,38.26,38.24,38.44,38.42,38.4,38.38,38.36,38.300000000000004,38.28,38.28,38.28,38.26,38.24,38.44,38.42,38.4,38.38,38.36,38.34,38.34,38.32,38.32,38.300000000000004,38.28,38.480000000000004,38.46,38.44,38.42,38.4,38.4,38.38,38.36,38.34,38.34,38.32,38.52,38.5,38.480000000000004,38.46,38.46,38.44,38.42,38.4,38.4,38.38,38.36
2021-10-11 04:00:00,39.04,39.04,39.04,39.04,39.04,39.04,39.04,39.0,39.0,39.0,39.0,39.04,39.04,39.04,39.04,39.04,39.04,39.04,39.04,39.04,39.04,39.04,39.1,39.1,39.1,39.1,39.1,39.1,39.1,39.08,39.08,39.08,39.08,39.14,39.14,39.14,39.14,39.14,39.14,39.14,39.14,39.14,39.14,39.14,39.18,39.18,39.18,39.18,39.18,39.18,39.18,39.18,39.18,39.18,39.18,39.24,39.24,39.24,39.24,39.24,39.24,39.24,39.22,39.22,39.22,39.22,39.28,39.28,39.28,39.28,39.28,39.28,39.28,39.28,39.28,39.28,39.28,39.32,39.32,39.32,39.32,39.32,39.32,39.28,39.28,39.28,39.28,39.28,39.32,39.32,39.32,39.32,39.32,39.32,39.32,39.32,39.32,39.32,39.32,39.38,39.38,39.38,39.38,39.38,39.38,39.38,39.38,39.38,39.36,39.36,39.42,39.42,39.42,39.42,39.42,39.42,39.42,39.42,39.42,39.42,39.42
2021-07-06 03:00:00,20.82,20.78,20.740000000000002,20.7,20.68,20.64,20.64,20.6,20.56,20.54,20.5,20.82,20.8,20.76,20.72,20.7,20.7,20.64,20.6,20.56,20.54,20.5,20.82,20.8,20.76,20.72,20.72,20.7,20.66,20.62,20.580000000000002,20.56,20.52,20.84,20.8,20.78,20.78,20.740000000000002,20.7,20.66,20.64,20.6,20.56,20.52,20.86,20.82,20.82,20.78,20.76,20.72,20.68,20.64,20.62,20.580000000000002,20.54,20.86,20.86,20.84,20.8,20.76,20.72,20.7,20.66,20.62,20.580000000000002,20.56,20.92,20.88,20.84,20.82,20.78,20.740000000000002,20.7,20.68,20.64,20.6,20.6,20.94,20.900000000000002,20.86,20.82,20.8,20.76,20.72,20.68,20.68,20.66,20.62,20.94,20.900000000000002,20.88,20.84,20.8,20.76,20.72,20.72,20.68,20.66,20.62,20.94,20.900000000000002,20.88,20.84,20.8,20.78,20.78,20.740000000000002,20.7,20.66,20.64,20.96,20.92,20.88,20.86,20.82,20.82,20.78,20.740000000000002,20.72,20.68,20.64
2021-08-02 05:00:00,16.12,16.14,16.16,16.18,16.2,16.22,16.240000000000002,16.240000000000002,16.26,16.28,16.32,16.16,16.18,16.2,16.22,16.240000000000002,16.26,16.26,16.240000000000002,16.26,16.28,16.32,16.16,16.18,16.2,16.22,16.240000000000002,16.240000000000002,16.26,16.28,16.3,16.32,16.36,16.22,16.240000000000002,16.26,16.28,16.28,16.3,16.32,16.34,16.36,16.38,16.4,16.26,16.28,16.3,16.3,16.32,16.34,16.36,16.38,16.4,16.42,16.44,16.3,16.32,16.32,16.34,16.36,16.38,16.4,16.42,16.44,16.46,16.48,16.34,16.34,16.36,16.38,16.4,16.42,16.44,16.46,16.48,16.5,16.52,16.36,16.38,16.4,16.42,16.44,16.46,16.48,16.5,16.52,16.52,16.54,16.4,16.42,16.44,16.46,16.48,16.5,16.48,16.5,16.5,16.52,16.54,16.4,16.42,16.44,16.46,16.48,16.5,16.52,16.52,16.54,16.56,16.580000000000002,16.44,16.46,16.48,16.5,16.52,16.54,16.54,16.56,16.580000000000002,16.6,16.62
2021-09-29 02:00:00,46.12,46.1,46.06,46.04,46.04,45.980000000000004,45.96,45.92,45.9,45.88,45.84,46.12,46.1,46.06,46.06,46.04,46.02,45.980000000000004,45.96,45.94,45.9,45.88,46.160000000000004,46.12,46.12,46.1,46.06,46.04,46.02,45.980000000000004,45.96,45.94,45.9,46.18,46.18,46.160000000000004,46.12,46.1,46.06,46.04,46.02,45.980000000000004,45.96,45.94,46.24,46.2,46.18,46.160000000000004,46.12,46.1,46.06,46.04,46.02,45.980000000000004,45.980000000000004,46.26,46.24,46.22,46.18,46.160000000000004,46.12,46.1,46.08,46.04,46.04,46.02,46.300000000000004,46.26,46.24,46.22,46.18,46.160000000000004,46.12,46.12,46.1,46.08,46.04,46.32,46.300000000000004,46.26,46.24,46.18,46.160000000000004,46.160000000000004,46.12,46.1,46.08,46.04,46.32,46.300000000000004,46.26,46.24,46.22,46.22,46.18,46.160000000000004,46.12,46.1,46.08,46.34,46.32,46.300000000000004,46.26,46.26,46.24,46.22,46.18,46.160000000000004,46.14,46.1,46.38,46.36,46.32,46.32,46.300000000000004,46.28,46.24,46.22,46.18,46.160000000000004,46.14
2021-09-10 04:00:00,27.34,27.34,27.34,27.32,27.32,27.32,27.32,27.26,27.26,27.26,27.26,27.34,27.34,27.34,27.32,27.32,27.32,27.32,27.32,27.3,27.3,27.3,27.38,27.38,27.38,27.38,27.38,27.36,27.36,27.36,27.36,27.36,27.34,27.44,27.44,27.42,27.42,27.42,27.42,27.42,27.400000000000002,27.400000000000002,27.400000000000002,27.400000000000002,27.48,27.48,27.48,27.48,27.46,27.46,27.46,27.46,27.44,27.44,27.44,27.52,27.52,27.52,27.52,27.52,27.5,27.5,27.5,27.5,27.48,27.48,27.580000000000002,27.580000000000002,27.560000000000002,27.560000000000002,27.560000000000002,27.560000000000002,27.54,27.54,27.54,27.54,27.54,27.62,27.62,27.62,27.6,27.6,27.6,27.54,27.54,27.54,27.54,27.54,27.62,27.62,27.62,27.6,27.6,27.6,27.6,27.6,27.580000000000002,27.580000000000002,27.580000000000002,27.66,27.66,27.66,27.66,27.64,27.64,27.64,27.64,27.64,27.64,27.62,27.72,27.72,27.7,27.7,27.7,27.7,27.7,27.68,27.68,27.68,27.68
2021-06-23 01:00:00,45.02,44.980000000000004,44.94,44.9,44.86,44.86,44.84,44.800000000000004,44.76,44.72,44.68,45.02,44.980000000000004,44.94,44.9,44.9,44.86,44.84,44.800000000000004,44.76,44.72,44.68,45.02,44.980000000000004,44.94,44.94,44.9,44.86,44.82,44.800000000000004,44.76,44.72,44.68,45.02,44.980000000000004,44.980000000000004,44.94,44.9,44.86,44.82,44.78,44.74,44.7,44.68,45.0,45.0,44.96,44.92,44.9,44.86,44.82,44.78,44.74,44.7,44.660000000000004,45.04,45.0,44.96,44.92,44.88,44.84,44.800000000000004,44.78,44.74,44.7,44.7,45.04,45.0,44.96,44.92,44.88,44.84,44.800000000000004,44.76,44.72,44.72,44.7,45.02,44.980000000000004,44.94,44.92,44.88,44.84,44.800000000000004,44.800000000000004,44.76,44.72,44.68,45.02,44.980000000000004,44.94,44.9,44.88,44.84,44.84,44.800000000000004,44.76,44.72,44.68,45.02,44.980000000000004,44.94,44.9,44.86,44.86,44.82,44.800000000000004,44.76,44.72,44.68,45.02,44.980000000000004,44.94,44.9,44.9,44.86,44.82,44.78,44.74,44.7,44.68
2021-09-01 02:00:00,40.08,40.04,40.02,39.980000000000004,39.980000000000004,39.92,39.9,39.86,39.82,39.800000000000004,39.76,40.08,40.04,40.02,40.02,39.980000000000004,39.96,39.92,39.88,39.86,39.82,39.78,40.1,40.06,40.06,40.04,40.0,39.96,39.94,39.9,39.88,39.84,39.800000000000004,40.12,40.12,40.08,40.06,40.02,39.980000000000004,39.96,39.92,39.88,39.86,39.82,40.160000000000004,40.14,40.1,40.08,40.04,40.0,39.980000000000004,39.94,39.9,39.88,39.88,40.18,40.160000000000004,40.12,40.1,40.06,40.02,40.0,39.96,39.92,39.92,39.9,40.2,40.18,40.14,40.1,40.08,40.04,40.02,40.02,39.980000000000004,39.94,39.92,40.22,40.2,40.160000000000004,40.12,40.08,40.04,40.04,40.02,39.980000000000004,39.94,39.92,40.22,40.2,40.160000000000004,40.12,40.1,40.1,40.06,40.04,40.0,39.96,39.94,40.24,40.22,40.18,40.14,40.14,40.12,40.08,40.04,40.02,39.980000000000004,39.96,40.26,40.24,40.2,40.2,40.160000000000004,40.14,40.1,40.08,40.04,40.0,39.980000000000004
2021-07-06 01:00:00,45.84,45.82,45.78,45.74,45.7,45.7,45.660000000000004,45.62,45.58,45.54,45.5,45.84,45.800000000000004,45.78,45.74,45.74,45.7,45.660000000000004,45.62,45.58,45.54,45.5,45.84,45.800000000000004,45.78,45.78,45.74,45.7,45.660000000000004,45.62,45.58,45.54,45.5,45.84,45.800000000000004,45.800000000000004,45.76,45.72,45.68,45.660000000000004,45.62,45.58,45.54,45.5,45.84,45.84,45.800000000000004,45.76,45.72,45.68,45.64,45.6,45.56,45.54,45.5,45.86,45.82,45.800000000000004,45.76,45.72,45.68,45.64,45.6,45.56,45.52,45.52,45.86,45.82,45.78,45.74,45.72,45.68,45.64,45.6,45.56,45.56,45.52,45.86,45.82,45.78,45.74,45.7,45.660000000000004,45.64,45.64,45.6,45.56,45.52,45.86,45.82,45.78,45.74,45.7,45.660000000000004,45.660000000000004,45.64,45.6,45.56,45.52,45.86,45.82,45.78,45.74,45.7,45.7,45.660000000000004,45.62,45.58,45.54,45.52,45.84,45.800000000000004,45.76,45.74,45.74,45.7,45.660000000000004,45.62,45.58,45.54,45.5
2021-06-20 03:00:00,19.8,19.76,19.72,19.68,19.66,19.62,19.62,19.580000000000002,19.54,19.52,19.48,19.82,19.78,19.740000000000002,19.7,19.66,19.66,19.62,19.580000000000002,19.54,19.52,19.48,19.82,19.78,19.740000000000002,19.7,19.7,19.66,19.64,19.6,19.56,19.52,19.5,19.82,19.78,19.76,19.76,19.72,19.68,19.64,19.62,19.580000000000002,19.54,19.5,19.84,19.8,19.8,19.76,19.72,19.7,19.66,19.62,19.580000000000002,19.56,19.52,19.84,19.84,19.82,19.78,19.740000000000002,19.7,19.68,19.64,19.6,19.56,19.54,19.900000000000002,19.86,19.82,19.8,19.76,19.72,19.68,19.66,19.62,19.580000000000002,19.580000000000002,19.900000000000002,19.88,19.84,19.8,19.76,19.740000000000002,19.7,19.66,19.66,19.62,19.6,19.92,19.88,19.86,19.82,19.78,19.740000000000002,19.7,19.7,19.66,19.62,19.6,19.92,19.88,19.86,19.82,19.78,19.740000000000002,19.740000000000002,19.72,19.68,19.64,19.6,19.94,19.900000000000002,19.86,19.82,19.8,19.8,19.76,19.72,19.68,19.66,19.62
2021-06-10 04:00:00,9.82,9.8,9.78,9.78,9.76,9.74,9.72,9.72,9.700000000000001,9.700000000000001,9.68,9.86,9.84,9.84,9.82,9.8,9.78,9.78,9.72,9.700000000000001,9.700000000000001,9.68,9.86,9.84,9.84,9.82,9.8,9.8,9.78,9.76,9.76,9.74,9.72,9.9,9.88,9.88,9.86,9.86,9.84,9.82,9.8,9.8,9.78,9.76,9.94,9.92,9.92,9.92,9.9,9.88,9.86,9.84,9.84,9.82,9.8,9.98,9.96,9.96,9.96,9.94,9.92,9.9,9.88,9.88,9.86,9.84,10.02,10.02,10.0,10.0,9.98,9.96,9.94,9.94,9.92,9.9,9.88,10.08,10.06,10.040000000000001,10.040000000000001,10.02,10.0,9.98,9.98,9.96,9.96,9.94,10.120000000000001,10.1,10.08,10.08,10.06,10.040000000000001,9.98,9.98,9.98,9.96,9.94,10.120000000000001,10.1,10.08,10.08,10.06,10.040000000000001,10.02,10.02,10.02,10.0,9.98,10.16,10.14,10.120000000000001,10.120000000000001,10.1,10.08,10.08,10.06,10.06,10.040000000000001,10.02
2021-03-23 04:00:00,31.44,31.44,31.44,31.42,31.42,31.42,31.36,31.36,31.36,31.34,31.34,31.44,31.44,31.44,31.42,31.42,31.42,31.42,31.400000000000002,31.400000000000002,31.38,31.38,31.5,31.48,31.48,31.48,31.46,31.46,31.46,31.44,31.44,31.44,31.42,31.54,31.52,31.52,31.52,31.52,31.5,31.5,31.5,31.48,31.48,31.48,31.580000000000002,31.580000000000002,31.580000000000002,31.560000000000002,31.560000000000002,31.560000000000002,31.54,31.54,31.54,31.52,31.52,31.64,31.62,31.62,31.62,31.6,31.6,31.6,31.580000000000002,31.580000000000002,31.560000000000002,31.560000000000002,31.68,31.68,31.66,31.66,31.64,31.64,31.64,31.62,31.62,31.62,31.62,31.720000000000002,31.720000000000002,31.7,31.7,31.7,31.64,31.64,31.64,31.62,31.62,31.62,31.720000000000002,31.720000000000002,31.7,31.7,31.7,31.68,31.68,31.68,31.68,31.66,31.66,31.76,31.76,31.76,31.740000000000002,31.740000000000002,31.740000000000002,31.740000000000002,31.720000000000002,31.720000000000002,31.720000000000002,31.7,31.82,31.8,31.8,31.8,31.8,31.78,31.78,31.78,31.76,31.76,31.76
2021-11-17 02:00:00,59.0,59.0,58.980000000000004,58.96,58.94,58.92,58.9,58.88,58.86,58.84,58.82,59.06,59.04,59.02,59.0,58.980000000000004,58.96,58.94,58.92,58.9,58.88,58.88,59.1,59.08,59.06,59.04,59.02,59.0,58.980000000000004,58.96,58.94,58.94,58.92,59.14,59.120000000000005,59.1,59.08,59.06,59.04,59.02,59.0,59.0,58.980000000000004,58.96,59.18,59.160000000000004,59.14,59.120000000000005,59.1,59.08,59.08,59.06,59.04,59.02,59.0,59.22,59.2,59.18,59.120000000000005,59.1,59.1,59.08,59.06,59.04,59.02,59.0,59.22,59.2,59.18,59.14,59.14,59.120000000000005,59.1,59.08,59.06,59.04,59.02,59.24,59.22,59.2,59.2,59.18,59.160000000000004,59.14,59.120000000000005,59.1,59.08,59.06,59.28,59.26,59.26,59.24,59.22,59.2,59.18,59.160000000000004,59.14,59.120000000000005,59.1,59.32,59.32,59.300000000000004,59.28,59.26,59.24,59.22,59.2,59.18,59.160000000000004,59.160000000000004,59.38,59.36,59.34,59.32,59.300000000000004,59.28,59.26,59.24,59.22,59.22,59.2
2021-08-27 02:00:00,39.22,39.18,39.14,39.12,39.12,39.06,39.02,39.0,38.96,38.92,38.9,39.22,39.18,39.14,39.14,39.12,39.08,39.04,39.02,38.980000000000004,38.94,38.92,39.24,39.2,39.2,39.160000000000004,39.14,39.1,39.06,39.04,39.0,38.96,38.94,39.24,39.24,39.22,39.18,39.14,39.12,39.08,39.04,39.02,38.980000000000004,38.94,39.300000000000004,39.26,39.24,39.2,39.160000000000004,39.14,39.1,39.06,39.02,39.0,39.0,39.32,39.28,39.26,39.22,39.18,39.14,39.12,39.08,39.04,39.04,39.02,39.34,39.300000000000004,39.26,39.24,39.2,39.160000000000004,39.14,39.14,39.1,39.06,39.04,39.34,39.32,39.28,39.24,39.2,39.160000000000004,39.160000000000004,39.14,39.1,39.06,39.04,39.34,39.32,39.28,39.24,39.22,39.22,39.18,39.14,39.12,39.08,39.04,39.36,39.34,39.300000000000004,39.26,39.26,39.24,39.2,39.160000000000004,39.14,39.1,39.06,39.38,39.36,39.32,39.32,39.28,39.26,39.22,39.18,39.160000000000004,39.12,39.08
2021-04-06 04:00:00,25.94,25.92,25.92,25.900000000000002,25.900000000000002,25.900000000000002,25.900000000000002,25.84,25.84,25.82,25.82,25.94,25.92,25.92,25.900000000000002,25.900000000000002,25.900000000000002,25.900000000000002,25.88,25.88,25.88,25.86,25.98,25.96,25.96,25.96,25.96,25.94,25.94,25.94,25.92,25.92,25.92,26.02,26.02,26.0,26.0,26.0,26.0,25.98,25.98,25.98,25.96,25.96,26.060000000000002,26.060000000000002,26.060000000000002,26.060000000000002,26.04,26.04,26.02,26.02,26.02,26.0,26.0,26.12,26.12,26.1,26.1,26.080000000000002,26.080000000000002,26.080000000000002,26.060000000000002,26.060000000000002,26.060000000000002,26.04,26.16,26.16,26.14,26.14,26.14,26.12,26.12,26.12,26.1,26.1,26.1,26.2,26.2,26.2,26.18,26.18,26.18,26.12,26.12,26.12,26.1,26.1,26.2,26.2,26.2,26.18,26.18,26.18,26.16,26.16,26.16,26.16,26.14,26.26,26.240000000000002,26.240000000000002,26.240000000000002,26.22,26.22,26.22,26.2,26.2,26.2,26.18,26.3,26.3,26.28,26.28,26.28,26.28,26.26,26.26,26.240000000000002,26.240000000000002,26.240000000000002
2021-07-25 05:00:00,14.42,14.44,14.48,14.5,14.52,14.540000000000001,14.56,14.56,14.58,14.6,14.620000000000001,14.46,14.48,14.5,14.540000000000001,14.56,14.58,14.58,14.56,14.58,14.6,14.620000000000001,14.46,14.48,14.5,14.540000000000001,14.56,14.56,14.58,14.6,14.620000000000001,14.64,14.66,14.5,14.52,14.56,14.58,14.58,14.6,14.620000000000001,14.64,14.66,14.68,14.700000000000001,14.540000000000001,14.58,14.6,14.6,14.620000000000001,14.64,14.66,14.68,14.700000000000001,14.72,14.74,14.6,14.620000000000001,14.620000000000001,14.64,14.66,14.68,14.700000000000001,14.72,14.74,14.76,14.780000000000001,14.64,14.64,14.66,14.68,14.700000000000001,14.72,14.74,14.76,14.780000000000001,14.8,14.82,14.66,14.68,14.700000000000001,14.72,14.74,14.76,14.780000000000001,14.8,14.82,14.82,14.84,14.700000000000001,14.72,14.74,14.76,14.780000000000001,14.8,14.780000000000001,14.8,14.8,14.82,14.84,14.700000000000001,14.72,14.74,14.76,14.780000000000001,14.8,14.82,14.82,14.84,14.86,14.88,14.74,14.76,14.780000000000001,14.8,14.82,14.84,14.84,14.86,14.88,14.9,14.94
2021-05-30 01:00:00,44.68,44.64,44.6,44.56,44.52,44.52,44.480000000000004,44.44,44.42,44.38,44.34,44.68,44.64,44.6,44.56,44.56,44.52,44.480000000000004,44.44,44.42,44.38,44.34,44.68,44.64,44.6,44.6,44.56,44.52,44.480000000000004,44.44,44.42,44.38,44.34,44.68,44.64,44.64,44.6,44.56,44.52,44.480000000000004,44.44,44.4,44.36,44.34,44.660000000000004,44.660000000000004,44.62,44.6,44.56,44.52,44.480000000000004,44.44,44.4,44.36,44.32,44.7,44.660000000000004,44.62,44.58,44.54,44.52,44.480000000000004,44.44,44.4,44.36,44.36,44.7,44.660000000000004,44.62,44.58,44.54,44.5,44.480000000000004,44.44,44.4,44.4,44.36,44.7,44.660000000000004,44.62,44.58,44.54,44.5,44.46,44.46,44.42,44.4,44.36,44.68,44.660000000000004,44.62,44.58,44.54,44.5,44.5,44.46,44.42,44.4,44.36,44.68,44.660000000000004,44.62,44.58,44.54,44.54,44.5,44.46,44.42,44.38,44.34,44.68,44.64,44.6,44.58,44.58,44.54,44.5,44.46,44.42,44.38,44.34
2021-02-22 03:00:00,47.58,47.56,47.54,47.54,47.52,47.5,47.480000000000004,47.46,47.44,47.42,47.4,47.62,47.6,47.6,47.58,47.56,47.54,47.52,47.5,47.480000000000004,47.46,47.44,47.660000000000004,47.660000000000004,47.64,47.62,47.6,47.58,47.56,47.54,47.52,47.5,47.480000000000004,47.7,47.68,47.660000000000004,47.64,47.64,47.62,47.6,47.58,47.56,47.54,47.54,47.74,47.72,47.7,47.68,47.68,47.660000000000004,47.64,47.62,47.6,47.6,47.58,47.78,47.76,47.74,47.72,47.7,47.68,47.68,47.68,47.660000000000004,47.64,47.62,47.82,47.800000000000004,47.78,47.76,47.7,47.68,47.68,47.68,47.660000000000004,47.64,47.62,47.82,47.800000000000004,47.78,47.76,47.74,47.74,47.72,47.7,47.68,47.660000000000004,47.660000000000004,47.86,47.84,47.82,47.800000000000004,47.800000000000004,47.78,47.76,47.74,47.72,47.7,47.68,47.9,47.88,47.86,47.86,47.84,47.82,47.800000000000004,47.78,47.76,47.74,47.72,47.94,47.92,47.92,47.9,47.88,47.86,47.84,47.82,47.800000000000004,47.78,47.76
2021-06-19 02:00:00,32.12,32.08,32.04,32.0,31.98,31.98,31.94,31.900000000000002,31.86,31.82,31.78,32.12,32.08,32.06,32.02,32.02,31.98,31.94,31.900000000000002,31.86,31.82,31.78,32.12,32.08,32.06,32.06,32.02,31.98,31.94,31.900000000000002,31.86,31.82,31.78,32.12,32.08,32.08,32.06,32.02,31.98,31.94,31.900000000000002,31.86,31.82,31.78,32.12,32.12,32.08,32.06,32.02,31.98,31.94,31.900000000000002,31.86,31.82,31.78,32.160000000000004,32.12,32.08,32.06,32.02,31.98,31.94,31.900000000000002,31.86,31.82,31.82,32.160000000000004,32.14,32.1,32.06,32.02,31.98,31.94,31.900000000000002,31.86,31.86,31.84,32.160000000000004,32.14,32.1,32.06,32.02,31.98,31.94,31.94,31.900000000000002,31.86,31.84,32.160000000000004,32.14,32.1,32.06,32.02,31.98,31.98,31.94,31.900000000000002,31.86,31.84,32.160000000000004,32.14,32.1,32.06,32.02,32.02,31.98,31.94,31.900000000000002,31.88,31.84,32.18,32.14,32.1,32.06,32.06,32.02,31.98,31.94,31.900000000000002,31.88,31.84
2021-05-29 02:00:00,32.04,32.0,31.96,31.92,31.88,31.88,31.86,31.82,31.78,31.740000000000002,31.7,32.04,32.0,31.96,31.94,31.94,31.88,31.86,31.82,31.78,31.740000000000002,31.7,32.04,32.0,31.96,31.96,31.94,31.900000000000002,31.86,31.82,31.78,31.740000000000002,31.720000000000002,32.04,32.02,32.02,31.98,31.94,31.900000000000002,31.86,31.82,31.78,31.76,31.720000000000002,32.06,32.06,32.02,31.98,31.94,31.900000000000002,31.86,31.82,31.8,31.76,31.720000000000002,32.1,32.06,32.02,31.98,31.94,31.900000000000002,31.86,31.84,31.8,31.76,31.76,32.1,32.06,32.02,31.98,31.96,31.92,31.88,31.84,31.8,31.8,31.76,32.1,32.06,32.02,32.0,31.96,31.92,31.88,31.88,31.84,31.8,31.76,32.1,32.06,32.04,32.0,31.96,31.92,31.92,31.88,31.84,31.8,31.76,32.1,32.06,32.04,32.0,31.96,31.96,31.92,31.88,31.84,31.8,31.78,32.1,32.08,32.04,32.0,32.0,31.96,31.92,31.88,31.86,31.82,31.78
2021-09-01 04:00:00,24.16,24.14,24.14,24.14,24.12,24.12,24.12,24.060000000000002,24.060000000000002,24.060000000000002,24.060000000000002,24.16,24.14,24.14,24.14,24.12,24.12,24.12,24.12,24.1,24.1,24.1,24.2,24.2,24.18,24.18,24.18,24.18,24.16,24.16,24.16,24.14,24.14,24.240000000000002,24.240000000000002,24.240000000000002,24.240000000000002,24.22,24.22,24.22,24.2,24.2,24.2,24.18,24.3,24.28,24.28,24.28,24.28,24.26,24.26,24.26,24.240000000000002,24.240000000000002,24.240000000000002,24.34,24.34,24.32,24.32,24.32,24.3,24.3,24.3,24.28,24.28,24.28,24.38,24.38,24.38,24.36,24.36,24.36,24.34,24.34,24.34,24.34,24.32,24.44,24.42,24.42,24.42,24.400000000000002,24.400000000000002,24.34,24.34,24.34,24.34,24.32,24.44,24.42,24.42,24.42,24.400000000000002,24.400000000000002,24.400000000000002,24.400000000000002,24.38,24.38,24.38,24.48,24.48,24.46,24.46,24.46,24.44,24.44,24.44,24.44,24.42,24.42,24.52,24.52,24.52,24.5,24.5,24.5,24.5,24.48,24.48,24.48,24.46
2021-06-20 02:00:00,32.160000000000004,32.12,32.08,32.04,32.02,32.02,31.98,31.94,31.900000000000002,31.86,31.82,32.160000000000004,32.12,32.1,32.06,32.06,32.02,31.98,31.94,31.900000000000002,31.86,31.82,32.160000000000004,32.12,32.1,32.1,32.06,32.02,31.98,31.94,31.900000000000002,31.86,31.84,32.160000000000004,32.14,32.14,32.1,32.06,32.02,31.98,31.94,31.900000000000002,31.86,31.84,32.160000000000004,32.160000000000004,32.14,32.1,32.06,32.02,31.98,31.94,31.900000000000002,31.86,31.84,32.2,32.160000000000004,32.14,32.1,32.06,32.02,31.98,31.94,31.900000000000002,31.86,31.86,32.2,32.18,32.14,32.1,32.06,32.02,31.98,31.94,31.92,31.92,31.88,32.22,32.18,32.14,32.1,32.06,32.02,31.98,31.98,31.94,31.92,31.88,32.22,32.18,32.14,32.1,32.06,32.02,32.02,31.98,31.94,31.92,31.88,32.22,32.18,32.14,32.1,32.06,32.06,32.02,31.98,31.94,31.92,31.88,32.22,32.18,32.14,32.1,32.1,32.06,32.02,31.98,31.94,31.92,31.88
2021-02-15 02:00:00,57.74,57.7,57.7,57.68,57.660000000000004,57.620000000000005,57.6,57.58,57.54,57.52,57.5,57.76,57.76,57.74,57.7,57.68,57.660000000000004,57.64,57.6,57.58,57.56,57.52,57.82,57.800000000000004,57.76,57.74,57.72,57.68,57.660000000000004,57.64,57.6,57.58,57.58,57.84,57.82,57.800000000000004,57.76,57.74,57.72,57.68,57.660000000000004,57.64,57.64,57.6,57.88,57.86,57.82,57.800000000000004,57.78,57.74,57.72,57.7,57.7,57.660000000000004,57.64,57.9,57.88,57.86,57.82,57.800000000000004,57.78,57.78,57.76,57.72,57.7,57.68,57.94,57.92,57.88,57.82,57.800000000000004,57.800000000000004,57.78,57.76,57.72,57.7,57.68,57.94,57.92,57.88,57.86,57.86,57.84,57.800000000000004,57.78,57.76,57.72,57.7,57.96,57.94,57.92,57.92,57.88,57.86,57.84,57.800000000000004,57.78,57.76,57.74,58.0,57.980000000000004,57.980000000000004,57.94,57.92,57.9,57.86,57.84,57.82,57.78,57.76,58.02,58.02,58.0,57.980000000000004,57.96,57.92,57.9,57.88,57.84,57.82,57.82
2021-07-05 02:00:00,33.06,33.02,32.980000000000004,32.96,32.92,32.92,32.88,32.84,32.8,32.76,32.72,33.06,33.04,33.0,32.96,32.96,32.92,32.88,32.84,32.8,32.76,32.72,33.06,33.04,33.0,33.0,32.96,32.92,32.88,32.84,32.8,32.76,32.74,33.06,33.04,33.04,33.0,32.96,32.92,32.88,32.84,32.8,32.78,32.74,33.08,33.08,33.04,33.0,32.96,32.92,32.88,32.84,32.8,32.78,32.74,33.1,33.08,33.04,33.0,32.96,32.92,32.88,32.84,32.8,32.78,32.78,33.12,33.08,33.04,33.0,32.96,32.92,32.88,32.86,32.82,32.82,32.78,33.12,33.08,33.04,33.0,32.96,32.92,32.9,32.9,32.86,32.82,32.78,33.12,33.08,33.04,33.0,32.96,32.92,32.92,32.9,32.86,32.82,32.78,33.12,33.08,33.04,33.0,32.96,32.96,32.92,32.9,32.86,32.82,32.78,33.12,33.08,33.04,33.0,33.0,32.96,32.92,32.9,32.86,32.82,32.78
2021-06-26 01:00:00,45.18,45.14,45.1,45.06,45.02,45.02,45.0,44.96,44.92,44.88,44.84,45.18,45.14,45.1,45.06,45.06,45.02,45.0,44.96,44.92,44.88,44.84,45.18,45.14,45.1,45.1,45.06,45.02,44.980000000000004,44.96,44.92,44.88,44.84,45.18,45.14,45.14,45.1,45.06,45.02,44.980000000000004,44.94,44.9,44.86,44.84,45.160000000000004,45.160000000000004,45.12,45.08,45.06,45.02,44.980000000000004,44.94,44.9,44.86,44.82,45.2,45.160000000000004,45.12,45.08,45.04,45.0,44.96,44.94,44.9,44.86,44.86,45.2,45.160000000000004,45.12,45.08,45.04,45.0,44.96,44.92,44.9,44.9,44.86,45.18,45.14,45.12,45.08,45.04,45.0,44.96,44.96,44.92,44.88,44.84,45.18,45.14,45.1,45.06,45.04,45.0,45.0,44.96,44.92,44.88,44.84,45.18,45.14,45.1,45.06,45.02,45.02,45.0,44.96,44.92,44.88,44.84,45.18,45.14,45.1,45.06,45.06,45.02,44.980000000000004,44.94,44.9,44.88,44.84
2021-07-05 03:00:00,20.72,20.7,20.66,20.62,20.580000000000002,20.56,20.56,20.52,20.48,20.44,20.42,20.740000000000002,20.72,20.68,20.64,20.6,20.6,20.56,20.52,20.48,20.44,20.42,20.740000000000002,20.72,20.68,20.64,20.64,20.6,20.580000000000002,20.54,20.5,20.46,20.44,20.76,20.72,20.68,20.68,20.66,20.62,20.580000000000002,20.54,20.52,20.48,20.44,20.78,20.740000000000002,20.740000000000002,20.7,20.66,20.64,20.6,20.56,20.52,20.5,20.46,20.78,20.78,20.740000000000002,20.72,20.68,20.64,20.6,20.580000000000002,20.54,20.5,20.46,20.84,20.8,20.76,20.72,20.7,20.66,20.62,20.580000000000002,20.56,20.52,20.52,20.84,20.82,20.78,20.740000000000002,20.7,20.68,20.64,20.6,20.6,20.56,20.54,20.86,20.82,20.78,20.76,20.72,20.68,20.64,20.64,20.6,20.56,20.54,20.86,20.82,20.78,20.76,20.72,20.68,20.68,20.66,20.62,20.580000000000002,20.54,20.88,20.84,20.8,20.76,20.740000000000002,20.740000000000002,20.7,20.66,20.62,20.6,20.56
2021-05-25 04:00:00,11.52,11.5,11.5,11.48,11.46,11.46,11.44,11.44,11.44,11.42,11.42,11.56,11.540000000000001,11.540000000000001,11.52,11.52,11.5,11.5,11.44,11.44,11.42,11.42,11.56,11.540000000000001,11.540000000000001,11.52,11.52,11.52,11.5,11.5,11.48,11.46,11.46,11.6,11.6,11.58,11.56,11.56,11.56,11.540000000000001,11.540000000000001,11.52,11.52,11.5,11.64,11.64,11.620000000000001,11.620000000000001,11.620000000000001,11.6,11.58,11.58,11.56,11.56,11.540000000000001,11.68,11.68,11.68,11.66,11.66,11.64,11.64,11.620000000000001,11.6,11.6,11.58,11.74,11.74,11.72,11.700000000000001,11.700000000000001,11.68,11.68,11.66,11.66,11.64,11.64,11.78,11.78,11.76,11.76,11.74,11.72,11.72,11.700000000000001,11.700000000000001,11.700000000000001,11.68,11.82,11.82,11.8,11.8,11.78,11.78,11.72,11.700000000000001,11.700000000000001,11.700000000000001,11.68,11.82,11.82,11.8,11.8,11.78,11.78,11.76,11.76,11.76,11.74,11.72,11.88,11.86,11.84,11.84,11.82,11.82,11.82,11.8,11.8,11.78,11.78
2021-08-27 04:00:00,22.48,22.46,22.46,22.46,22.44,22.44,22.44,22.38,22.38,22.36,22.36,22.48,22.46,22.46,22.46,22.44,22.44,22.44,22.42,22.42,22.42,22.400000000000002,22.52,22.52,22.5,22.5,22.5,22.48,22.48,22.48,22.46,22.46,22.46,22.56,22.56,22.54,22.54,22.54,22.54,22.52,22.52,22.52,22.5,22.5,22.6,22.6,22.6,22.6,22.580000000000002,22.580000000000002,22.580000000000002,22.56,22.56,22.54,22.54,22.66,22.66,22.64,22.64,22.64,22.62,22.62,22.6,22.6,22.6,22.580000000000002,22.7,22.7,22.7,22.68,22.68,22.66,22.66,22.66,22.64,22.64,22.64,22.76,22.740000000000002,22.740000000000002,22.72,22.72,22.72,22.66,22.66,22.66,22.64,22.64,22.76,22.740000000000002,22.740000000000002,22.72,22.72,22.72,22.7,22.7,22.7,22.68,22.68,22.8,22.78,22.78,22.78,22.76,22.76,22.76,22.740000000000002,22.740000000000002,22.740000000000002,22.72,22.84,22.84,22.82,22.82,22.82,22.82,22.8,22.8,22.78,22.78,22.78
2021-10-27 04:00:00,44.78,44.78,44.78,44.78,44.78,44.78,44.78,44.78,44.78,44.78,44.78,44.82,44.82,44.82,44.82,44.82,44.82,44.82,44.82,44.82,44.82,44.82,44.86,44.86,44.86,44.86,44.86,44.86,44.86,44.86,44.88,44.88,44.88,44.92,44.92,44.92,44.92,44.92,44.92,44.92,44.92,44.92,44.92,44.92,44.96,44.96,44.96,44.96,44.96,44.96,44.96,44.96,44.96,44.96,44.96,45.0,45.0,45.0,45.0,45.0,45.0,45.02,45.02,45.02,45.02,45.02,45.06,45.06,45.06,45.06,45.06,45.06,45.02,45.02,45.02,45.02,45.02,45.06,45.06,45.06,45.06,45.06,45.06,45.06,45.06,45.06,45.06,45.06,45.1,45.1,45.1,45.1,45.1,45.1,45.1,45.1,45.1,45.1,45.1,45.160000000000004,45.160000000000004,45.160000000000004,45.160000000000004,45.160000000000004,45.160000000000004,45.160000000000004,45.160000000000004,45.160000000000004,45.160000000000004,45.160000000000004,45.2,45.2,45.2,45.2,45.2,45.2,45.2,45.2,45.2,45.2,45.2
2021-05-07 04:00:00,15.46,15.46,15.44,15.44,15.44,15.42,15.42,15.42,15.4,15.4,15.38,15.5,15.5,15.5,15.48,15.48,15.46,15.46,15.42,15.4,15.4,15.38,15.5,15.5,15.5,15.48,15.48,15.48,15.46,15.46,15.46,15.44,15.44,15.56,15.540000000000001,15.540000000000001,15.52,15.52,15.52,15.52,15.5,15.5,15.48,15.48,15.6,15.58,15.58,15.58,15.58,15.56,15.56,15.540000000000001,15.540000000000001,15.540000000000001,15.52,15.64,15.64,15.64,15.620000000000001,15.620000000000001,15.6,15.6,15.6,15.58,15.58,15.56,15.68,15.68,15.68,15.68,15.66,15.66,15.64,15.64,15.620000000000001,15.620000000000001,15.620000000000001,15.74,15.74,15.72,15.72,15.700000000000001,15.700000000000001,15.68,15.68,15.68,15.68,15.66,15.780000000000001,15.780000000000001,15.76,15.76,15.76,15.74,15.68,15.68,15.68,15.68,15.66,15.780000000000001,15.780000000000001,15.76,15.76,15.76,15.74,15.74,15.74,15.72,15.72,15.72,15.82,15.82,15.82,15.8,15.8,15.780000000000001,15.780000000000001,15.780000000000001,15.780000000000001,15.76,15.76
2021-07-30 05:00:00,15.44,15.46,15.48,15.5,15.52,15.540000000000001,15.56,15.56,15.58,15.6,15.64,15.48,15.5,15.52,15.540000000000001,15.56,15.58,15.58,15.56,15.58,15.6,15.64,15.48,15.5,15.52,15.540000000000001,15.56,15.56,15.58,15.6,15.620000000000001,15.64,15.68,15.52,15.540000000000001,15.56,15.58,15.58,15.6,15.620000000000001,15.64,15.68,15.700000000000001,15.72,15.56,15.58,15.6,15.6,15.620000000000001,15.66,15.68,15.700000000000001,15.72,15.74,15.76,15.620000000000001,15.64,15.64,15.66,15.68,15.700000000000001,15.72,15.74,15.76,15.780000000000001,15.8,15.66,15.66,15.68,15.700000000000001,15.72,15.74,15.76,15.780000000000001,15.8,15.82,15.84,15.68,15.700000000000001,15.72,15.74,15.76,15.780000000000001,15.8,15.82,15.84,15.84,15.860000000000001,15.72,15.74,15.76,15.780000000000001,15.8,15.82,15.8,15.82,15.82,15.84,15.860000000000001,15.72,15.74,15.76,15.780000000000001,15.8,15.82,15.84,15.84,15.860000000000001,15.88,15.9,15.76,15.780000000000001,15.8,15.82,15.84,15.860000000000001,15.860000000000001,15.88,15.9,15.92,15.94
2021-08-06 02:00:00,36.2,36.160000000000004,36.12,36.08,36.06,36.06,36.02,35.980000000000004,35.94,35.9,35.88,36.22,36.18,36.14,36.1,36.1,36.06,36.02,35.980000000000004,35.94,35.9,35.88,36.22,36.18,36.14,36.14,36.1,36.06,36.04,36.0,35.96,35.92,35.88,36.22,36.18,36.18,36.14,36.12,36.08,36.04,36.0,35.96,35.94,35.9,36.22,36.22,36.2,36.160000000000004,36.12,36.08,36.04,36.02,35.980000000000004,35.94,35.9,36.28,36.24,36.2,36.160000000000004,36.12,36.1,36.06,36.02,35.980000000000004,35.94,35.94,36.28,36.24,36.22,36.18,36.14,36.1,36.06,36.04,36.0,36.0,35.96,36.300000000000004,36.26,36.22,36.18,36.14,36.12,36.08,36.08,36.04,36.0,35.96,36.300000000000004,36.26,36.22,36.2,36.14,36.12,36.12,36.08,36.04,36.0,35.96,36.300000000000004,36.26,36.22,36.2,36.160000000000004,36.160000000000004,36.12,36.08,36.04,36.02,35.980000000000004,36.32,36.28,36.24,36.2,36.2,36.160000000000004,36.14,36.1,36.06,36.02,35.980000000000004
2021-05-28 04:00:00,11.06,11.040000000000001,11.040000000000001,11.02,11.02,11.0,10.98,10.98,10.98,10.96,10.96,11.1,11.1,11.08,11.06,11.06,11.040000000000001,11.040000000000001,10.98,10.98,10.96,10.96,11.1,11.1,11.08,11.06,11.06,11.06,11.040000000000001,11.040000000000001,11.02,11.0,11.0,11.14,11.14,11.120000000000001,11.1,11.1,11.1,11.08,11.08,11.06,11.040000000000001,11.040000000000001,11.18,11.18,11.16,11.16,11.16,11.14,11.120000000000001,11.120000000000001,11.1,11.1,11.08,11.24,11.22,11.22,11.200000000000001,11.200000000000001,11.18,11.16,11.16,11.14,11.14,11.120000000000001,11.28,11.28,11.26,11.24,11.24,11.22,11.22,11.200000000000001,11.200000000000001,11.18,11.16,11.32,11.32,11.3,11.3,11.28,11.26,11.26,11.24,11.24,11.24,11.22,11.38,11.36,11.34,11.34,11.32,11.32,11.26,11.24,11.24,11.24,11.22,11.38,11.36,11.34,11.34,11.32,11.32,11.3,11.3,11.28,11.28,11.26,11.42,11.4,11.38,11.38,11.36,11.36,11.36,11.34,11.34,11.32,11.3
2021-02-16 04:00:00,44.92,44.92,44.92,44.9,44.9,44.9,44.9,44.88,44.88,44.88,44.86,44.980000000000004,44.96,44.96,44.96,44.96,44.94,44.94,44.94,44.92,44.92,44.92,45.02,45.02,45.02,45.0,45.0,45.0,44.980000000000004,44.980000000000004,44.980000000000004,44.96,44.96,45.06,45.06,45.06,45.04,45.04,45.04,45.02,45.02,45.02,45.0,45.0,45.12,45.1,45.1,45.1,45.08,45.08,45.08,45.06,45.06,45.06,45.06,45.160000000000004,45.160000000000004,45.14,45.14,45.14,45.12,45.12,45.12,45.12,45.1,45.1,45.2,45.2,45.2,45.18,45.18,45.12,45.12,45.12,45.12,45.1,45.1,45.2,45.2,45.2,45.18,45.18,45.18,45.18,45.160000000000004,45.160000000000004,45.160000000000004,45.14,45.24,45.24,45.24,45.22,45.22,45.22,45.22,45.2,45.2,45.2,45.2,45.300000000000004,45.28,45.28,45.28,45.28,45.26,45.26,45.26,45.24,45.24,45.24,45.34,45.34,45.32,45.32,45.32,45.32,45.300000000000004,45.300000000000004,45.300000000000004,45.28,45.28
2021-05-09 04:00:00,14.94,14.92,14.92,14.9,14.9,14.88,14.88,14.88,14.88,14.86,14.86,14.98,14.96,14.96,14.96,14.94,14.94,14.94,14.88,14.88,14.86,14.86,14.98,14.96,14.96,14.96,14.94,14.94,14.94,14.92,14.92,14.9,14.9,15.02,15.02,15.0,15.0,15.0,14.98,14.98,14.96,14.96,14.96,14.94,15.06,15.06,15.040000000000001,15.040000000000001,15.040000000000001,15.040000000000001,15.02,15.02,15.0,15.0,14.98,15.1,15.1,15.1,15.1,15.08,15.08,15.06,15.06,15.040000000000001,15.040000000000001,15.040000000000001,15.16,15.16,15.14,15.14,15.120000000000001,15.120000000000001,15.120000000000001,15.1,15.1,15.08,15.08,15.200000000000001,15.200000000000001,15.18,15.18,15.18,15.16,15.16,15.14,15.14,15.14,15.14,15.26,15.24,15.24,15.22,15.22,15.200000000000001,15.16,15.14,15.14,15.14,15.14,15.26,15.24,15.24,15.22,15.22,15.200000000000001,15.200000000000001,15.200000000000001,15.200000000000001,15.18,15.18,15.3,15.280000000000001,15.280000000000001,15.26,15.26,15.26,15.26,15.24,15.24,15.22,15.22
2021-05-28 05:00:00,14.14,14.16,14.18,14.22,14.24,14.26,14.3,14.3,14.32,14.36,14.38,14.16,14.200000000000001,14.22,14.24,14.280000000000001,14.3,14.3,14.3,14.32,14.36,14.38,14.16,14.200000000000001,14.22,14.24,14.280000000000001,14.280000000000001,14.3,14.32,14.36,14.38,14.42,14.200000000000001,14.22,14.26,14.280000000000001,14.280000000000001,14.32,14.34,14.36,14.4,14.42,14.44,14.24,14.26,14.3,14.3,14.32,14.34,14.38,14.4,14.42,14.46,14.48,14.280000000000001,14.3,14.3,14.32,14.36,14.38,14.42,14.44,14.46,14.5,14.52,14.3,14.3,14.34,14.36,14.38,14.42,14.44,14.48,14.5,14.52,14.56,14.32,14.34,14.38,14.4,14.42,14.46,14.48,14.5,14.540000000000001,14.540000000000001,14.56,14.36,14.38,14.4,14.44,14.46,14.5,14.48,14.5,14.5,14.540000000000001,14.56,14.36,14.38,14.4,14.44,14.46,14.5,14.52,14.52,14.540000000000001,14.58,14.6,14.4,14.42,14.44,14.48,14.5,14.52,14.52,14.56,14.58,14.6,14.64
2021-09-22 04:00:00,31.82,31.82,31.82,31.82,31.8,31.8,31.8,31.76,31.76,31.76,31.740000000000002,31.82,31.82,31.82,31.82,31.8,31.8,31.8,31.8,31.8,31.8,31.8,31.86,31.86,31.86,31.86,31.86,31.86,31.86,31.84,31.84,31.84,31.84,31.92,31.900000000000002,31.900000000000002,31.900000000000002,31.900000000000002,31.900000000000002,31.900000000000002,31.900000000000002,31.900000000000002,31.900000000000002,31.88,31.96,31.96,31.96,31.96,31.94,31.94,31.94,31.94,31.94,31.94,31.94,32.0,32.0,32.0,32.0,32.0,32.0,32.0,31.98,31.98,31.98,31.98,32.06,32.06,32.04,32.04,32.04,32.04,32.04,32.04,32.04,32.04,32.02,32.1,32.1,32.1,32.1,32.08,32.08,32.04,32.04,32.04,32.04,32.02,32.1,32.1,32.1,32.1,32.08,32.08,32.08,32.08,32.08,32.08,32.08,32.14,32.14,32.14,32.14,32.14,32.14,32.14,32.14,32.12,32.12,32.12,32.2,32.2,32.18,32.18,32.18,32.18,32.18,32.18,32.18,32.18,32.160000000000004
2021-11-13 03:00:00,52.22,52.2,52.2,52.18,52.18,52.160000000000004,52.160000000000004,52.14,52.14,52.120000000000005,52.1,52.26,52.24,52.24,52.24,52.22,52.2,52.2,52.18,52.18,52.160000000000004,52.160000000000004,52.300000000000004,52.28,52.28,52.28,52.26,52.26,52.24,52.22,52.22,52.2,52.2,52.34,52.34,52.32,52.32,52.300000000000004,52.300000000000004,52.28,52.28,52.26,52.24,52.24,52.4,52.38,52.38,52.36,52.36,52.34,52.32,52.32,52.300000000000004,52.300000000000004,52.300000000000004,52.44,52.42,52.42,52.4,52.4,52.38,52.38,52.36,52.36,52.34,52.34,52.480000000000004,52.480000000000004,52.46,52.44,52.44,52.38,52.38,52.38,52.36,52.34,52.34,52.480000000000004,52.480000000000004,52.46,52.44,52.44,52.42,52.42,52.42,52.4,52.4,52.38,52.52,52.52,52.5,52.5,52.480000000000004,52.480000000000004,52.46,52.46,52.44,52.44,52.42,52.56,52.56,52.54,52.54,52.54,52.52,52.52,52.5,52.480000000000004,52.480000000000004,52.46,52.620000000000005,52.6,52.58,52.58,52.58,52.56,52.56,52.54,52.54,52.52,52.5
2021-08-10 01:00:00,49.1,49.06,49.02,48.980000000000004,48.980000000000004,48.94,48.9,48.86,48.84,48.800000000000004,48.76,49.1,49.06,49.02,49.02,48.980000000000004,48.94,48.9,48.86,48.84,48.800000000000004,48.76,49.1,49.06,49.06,49.02,48.980000000000004,48.94,48.92,48.88,48.84,48.800000000000004,48.76,49.1,49.1,49.06,49.02,48.980000000000004,48.94,48.92,48.88,48.84,48.800000000000004,48.76,49.14,49.1,49.06,49.02,48.980000000000004,48.96,48.92,48.88,48.84,48.800000000000004,48.800000000000004,49.14,49.1,49.06,49.02,48.980000000000004,48.96,48.92,48.88,48.84,48.84,48.800000000000004,49.14,49.1,49.06,49.04,49.0,48.96,48.92,48.88,48.88,48.84,48.800000000000004,49.14,49.1,49.06,49.04,49.0,48.96,48.96,48.92,48.88,48.84,48.800000000000004,49.14,49.1,49.06,49.04,49.0,49.0,48.96,48.92,48.88,48.84,48.800000000000004,49.14,49.1,49.06,49.04,49.04,49.0,48.96,48.92,48.88,48.84,48.800000000000004,49.14,49.1,49.08,49.08,49.04,49.0,48.96,48.92,48.88,48.84,48.800000000000004
2021-05-23 02:00:00,32.36,32.34,32.3,32.26,32.22,32.22,32.18,32.14,32.1,32.08,32.04,32.38,32.34,32.3,32.26,32.26,32.22,32.18,32.14,32.1,32.08,32.04,32.38,32.34,32.3,32.3,32.26,32.22,32.2,32.160000000000004,32.12,32.08,32.04,32.38,32.34,32.34,32.3,32.28,32.24,32.2,32.160000000000004,32.12,32.08,32.06,32.38,32.38,32.34,32.32,32.28,32.24,32.2,32.160000000000004,32.12,32.1,32.06,32.42,32.4,32.36,32.32,32.28,32.24,32.2,32.18,32.14,32.1,32.1,32.44,32.4,32.36,32.32,32.3,32.26,32.22,32.18,32.14,32.14,32.1,32.44,32.4,32.36,32.34,32.3,32.26,32.22,32.22,32.18,32.14,32.12,32.44,32.42,32.38,32.34,32.3,32.26,32.26,32.22,32.18,32.14,32.12,32.44,32.42,32.38,32.34,32.3,32.3,32.26,32.22,32.2,32.160000000000004,32.12,32.46,32.42,32.38,32.34,32.34,32.3,32.26,32.24,32.2,32.160000000000004,32.12
2021-03-25 03:00:00,36.2,36.160000000000004,36.14,36.12,36.1,36.1,36.04,36.02,36.0,35.980000000000004,35.96,36.2,36.160000000000004,36.14,36.12,36.12,36.1,36.08,36.06,36.04,36.02,35.980000000000004,36.22,36.2,36.18,36.18,36.160000000000004,36.14,36.12,36.08,36.06,36.04,36.02,36.26,36.24,36.24,36.22,36.2,36.160000000000004,36.14,36.12,36.1,36.08,36.06,36.300000000000004,36.300000000000004,36.26,36.24,36.22,36.2,36.18,36.160000000000004,36.14,36.12,36.1,36.36,36.32,36.300000000000004,36.28,36.26,36.24,36.22,36.2,36.18,36.14,36.14,36.38,36.36,36.34,36.32,36.300000000000004,36.28,36.26,36.22,36.22,36.2,36.18,36.42,36.4,36.38,36.36,36.32,36.28,36.26,36.26,36.22,36.2,36.18,36.42,36.4,36.38,36.36,36.32,36.300000000000004,36.300000000000004,36.28,36.26,36.24,36.22,36.46,36.44,36.4,36.38,36.36,36.36,36.34,36.32,36.300000000000004,36.28,36.26,36.5,36.46,36.44,36.42,36.42,36.4,36.38,36.36,36.34,36.32,36.28
2021-02-15 04:00:00,45.26,45.26,45.26,45.24,45.24,45.24,45.24,45.22,45.22,45.22,45.22,45.32,45.300000000000004,45.300000000000004,45.300000000000004,45.300000000000004,45.28,45.28,45.28,45.26,45.26,45.26,45.36,45.36,45.36,45.34,45.34,45.34,45.32,45.32,45.32,45.300000000000004,45.300000000000004,45.4,45.4,45.4,45.4,45.38,45.38,45.38,45.36,45.36,45.36,45.34,45.46,45.46,45.44,45.44,45.44,45.42,45.42,45.42,45.4,45.4,45.4,45.5,45.5,45.480000000000004,45.480000000000004,45.480000000000004,45.46,45.46,45.46,45.46,45.44,45.44,45.54,45.54,45.54,45.52,45.52,45.46,45.46,45.46,45.46,45.44,45.44,45.54,45.54,45.54,45.52,45.52,45.52,45.52,45.5,45.5,45.5,45.480000000000004,45.6,45.58,45.58,45.58,45.56,45.56,45.56,45.56,45.54,45.54,45.54,45.64,45.64,45.62,45.62,45.62,45.62,45.6,45.6,45.6,45.58,45.58,45.68,45.68,45.68,45.68,45.660000000000004,45.660000000000004,45.660000000000004,45.64,45.64,45.64,45.62
2021-05-01 04:00:00,17.18,17.18,17.16,17.16,17.16,17.14,17.14,17.14,17.12,17.12,17.12,17.22,17.22,17.22,17.2,17.2,17.18,17.18,17.14,17.12,17.12,17.12,17.22,17.22,17.22,17.2,17.2,17.2,17.18,17.18,17.18,17.16,17.16,17.28,17.26,17.26,17.240000000000002,17.240000000000002,17.240000000000002,17.240000000000002,17.22,17.22,17.22,17.2,17.32,17.32,17.3,17.3,17.3,17.28,17.28,17.28,17.26,17.26,17.240000000000002,17.36,17.36,17.36,17.34,17.34,17.34,17.32,17.32,17.3,17.3,17.3,17.400000000000002,17.400000000000002,17.400000000000002,17.400000000000002,17.38,17.38,17.36,17.36,17.36,17.34,17.34,17.46,17.46,17.44,17.44,17.42,17.42,17.42,17.400000000000002,17.400000000000002,17.400000000000002,17.400000000000002,17.5,17.5,17.48,17.48,17.48,17.46,17.42,17.400000000000002,17.400000000000002,17.400000000000002,17.400000000000002,17.5,17.5,17.48,17.48,17.48,17.46,17.46,17.46,17.46,17.44,17.44,17.54,17.54,17.54,17.52,17.52,17.52,17.52,17.5,17.5,17.48,17.48
2021-04-26 00:00:00,61.14,61.1,61.06,61.06,61.02,60.980000000000004,60.94,60.9,60.88,60.84,60.800000000000004,61.14,61.1,61.1,61.06,61.02,60.980000000000004,60.94,60.9,60.88,60.84,60.800000000000004,61.14,61.14,61.1,61.06,61.02,60.980000000000004,60.94,60.9,60.88,60.84,60.800000000000004,61.18,61.14,61.1,61.06,61.02,60.980000000000004,60.94,60.9,60.86,60.84,60.84,61.160000000000004,61.120000000000005,61.1,61.06,61.02,60.980000000000004,60.94,60.9,60.86,60.86,60.82,61.160000000000004,61.120000000000005,61.08,61.04,61.02,60.980000000000004,60.94,60.9,60.9,60.86,60.82,61.160000000000004,61.120000000000005,61.08,61.04,61.02,60.980000000000004,60.94,60.94,60.9,60.86,60.82,61.160000000000004,61.120000000000005,61.08,61.04,61.0,61.0,60.980000000000004,60.94,60.9,60.86,60.82,61.160000000000004,61.120000000000005,61.08,61.04,61.04,61.0,60.980000000000004,60.94,60.9,60.86,60.82,61.160000000000004,61.120000000000005,61.08,61.08,61.04,61.0,60.96,60.92,60.9,60.86,60.82,61.160000000000004,61.120000000000005,61.120000000000005,61.08,61.04,61.0,60.96,60.92,60.88,60.84,60.82
2021-09-08 02:00:00,41.4,41.38,41.34,41.300000000000004,41.300000000000004,41.26,41.22,41.2,41.160000000000004,41.12,41.1,41.4,41.38,41.34,41.34,41.300000000000004,41.28,41.24,41.22,41.18,41.160000000000004,41.12,41.42,41.4,41.4,41.36,41.34,41.300000000000004,41.26,41.24,41.2,41.18,41.14,41.44,41.44,41.42,41.38,41.36,41.32,41.28,41.26,41.22,41.2,41.160000000000004,41.5,41.46,41.44,41.4,41.38,41.34,41.300000000000004,41.28,41.24,41.22,41.22,41.52,41.5,41.46,41.42,41.4,41.36,41.34,41.300000000000004,41.28,41.28,41.24,41.54,41.52,41.480000000000004,41.44,41.42,41.38,41.36,41.36,41.32,41.300000000000004,41.26,41.56,41.54,41.5,41.46,41.42,41.38,41.38,41.36,41.32,41.300000000000004,41.26,41.56,41.54,41.5,41.46,41.44,41.44,41.4,41.38,41.34,41.32,41.28,41.58,41.56,41.52,41.5,41.5,41.46,41.42,41.4,41.36,41.34,41.300000000000004,41.6,41.58,41.54,41.54,41.52,41.480000000000004,41.46,41.42,41.4,41.36,41.32
2021-12-13 04:00:00,55.24,55.24,55.22,55.22,55.22,55.22,55.22,55.22,55.22,55.22,55.22,55.28,55.28,55.28,55.28,55.28,55.28,55.28,55.26,55.26,55.26,55.26,55.32,55.32,55.32,55.32,55.32,55.32,55.32,55.32,55.32,55.32,55.32,55.38,55.38,55.38,55.36,55.36,55.36,55.36,55.36,55.36,55.36,55.36,55.42,55.42,55.42,55.42,55.42,55.42,55.42,55.4,55.4,55.4,55.4,55.46,55.46,55.46,55.46,55.46,55.46,55.42,55.4,55.4,55.4,55.4,55.46,55.46,55.46,55.46,55.46,55.46,55.46,55.46,55.46,55.46,55.46,55.52,55.52,55.52,55.5,55.5,55.5,55.5,55.5,55.5,55.5,55.5,55.56,55.56,55.56,55.56,55.56,55.56,55.56,55.56,55.54,55.54,55.54,55.6,55.6,55.6,55.6,55.6,55.6,55.6,55.6,55.6,55.6,55.6,55.660000000000004,55.660000000000004,55.660000000000004,55.660000000000004,55.64,55.64,55.64,55.64,55.64,55.64,55.64
2021-11-10 05:00:00,50.94,50.96,50.96,50.980000000000004,50.980000000000004,51.0,51.0,51.02,51.02,51.04,51.06,50.980000000000004,51.0,51.02,51.02,51.04,51.04,51.04,51.06,51.08,51.08,51.1,51.04,51.04,51.06,51.06,51.06,51.08,51.1,51.1,51.120000000000005,51.14,51.14,51.08,51.1,51.1,51.1,51.120000000000005,51.120000000000005,51.14,51.160000000000004,51.160000000000004,51.18,51.18,51.120000000000005,51.14,51.14,51.14,51.160000000000004,51.18,51.18,51.2,51.22,51.22,51.24,51.18,51.18,51.18,51.2,51.2,51.22,51.24,51.24,51.26,51.26,51.26,51.2,51.22,51.22,51.24,51.26,51.26,51.28,51.24,51.26,51.26,51.26,51.2,51.22,51.22,51.24,51.26,51.26,51.28,51.300000000000004,51.300000000000004,51.300000000000004,51.32,51.26,51.26,51.28,51.28,51.300000000000004,51.32,51.32,51.32,51.34,51.34,51.36,51.300000000000004,51.300000000000004,51.32,51.34,51.34,51.36,51.36,51.36,51.38,51.4,51.4,51.34,51.36,51.36,51.38,51.4,51.4,51.4,51.42,51.42,51.44,51.46
2021-05-25 03:00:00,20.240000000000002,20.2,20.18,20.14,20.12,20.080000000000002,20.080000000000002,20.04,20.02,19.98,19.94,20.26,20.240000000000002,20.2,20.16,20.14,20.14,20.080000000000002,20.04,20.02,19.98,19.94,20.26,20.240000000000002,20.2,20.16,20.16,20.14,20.1,20.06,20.04,20.0,19.96,20.28,20.240000000000002,20.22,20.22,20.18,20.16,20.12,20.080000000000002,20.06,20.02,19.98,20.3,20.26,20.26,20.240000000000002,20.2,20.16,20.14,20.1,20.080000000000002,20.04,20.0,20.32,20.32,20.28,20.26,20.22,20.18,20.16,20.12,20.080000000000002,20.06,20.02,20.38,20.34,20.3,20.28,20.240000000000002,20.2,20.18,20.14,20.12,20.080000000000002,20.080000000000002,20.400000000000002,20.36,20.32,20.3,20.26,20.22,20.2,20.16,20.16,20.12,20.1,20.400000000000002,20.38,20.34,20.32,20.28,20.22,20.2,20.2,20.16,20.12,20.1,20.400000000000002,20.38,20.34,20.32,20.28,20.240000000000002,20.240000000000002,20.22,20.18,20.14,20.12,20.42,20.400000000000002,20.36,20.32,20.3,20.3,20.26,20.240000000000002,20.2,20.16,20.14
2021-06-30 02:00:00,32.72,32.68,32.64,32.6,32.56,32.56,32.52,32.480000000000004,32.44,32.42,32.38,32.72,32.68,32.64,32.6,32.6,32.56,32.52,32.480000000000004,32.44,32.42,32.38,32.72,32.68,32.64,32.64,32.6,32.56,32.52,32.5,32.46,32.42,32.38,32.72,32.68,32.68,32.64,32.6,32.56,32.52,32.5,32.46,32.42,32.38,32.72,32.72,32.68,32.64,32.6,32.56,32.52,32.5,32.46,32.42,32.38,32.76,32.72,32.68,32.64,32.6,32.56,32.54,32.5,32.46,32.42,32.42,32.76,32.72,32.68,32.64,32.6,32.58,32.54,32.5,32.46,32.46,32.42,32.76,32.72,32.68,32.64,32.6,32.58,32.54,32.54,32.5,32.46,32.42,32.76,32.72,32.68,32.64,32.6,32.58,32.58,32.54,32.5,32.46,32.42,32.76,32.72,32.68,32.64,32.62,32.62,32.58,32.54,32.5,32.46,32.42,32.76,32.72,32.68,32.64,32.64,32.62,32.58,32.54,32.5,32.46,32.42
2021-03-29 01:00:00,55.620000000000005,55.6,55.56,55.56,55.5,55.480000000000004,55.44,55.4,55.36,55.34,55.300000000000004,55.620000000000005,55.6,55.6,55.56,55.52,55.480000000000004,55.46,55.42,55.38,55.34,55.32,55.64,55.64,55.6,55.58,55.54,55.5,55.46,55.42,55.4,55.36,55.32,55.68,55.660000000000004,55.620000000000005,55.58,55.54,55.52,55.480000000000004,55.44,55.4,55.38,55.38,55.7,55.660000000000004,55.620000000000005,55.6,55.56,55.52,55.480000000000004,55.46,55.42,55.42,55.38,55.72,55.68,55.64,55.6,55.58,55.54,55.5,55.46,55.46,55.44,55.4,55.72,55.7,55.660000000000004,55.620000000000005,55.58,55.54,55.54,55.52,55.480000000000004,55.44,55.4,55.74,55.7,55.660000000000004,55.620000000000005,55.58,55.58,55.54,55.52,55.480000000000004,55.44,55.4,55.74,55.7,55.660000000000004,55.64,55.64,55.6,55.56,55.52,55.5,55.46,55.42,55.74,55.72,55.68,55.68,55.64,55.6,55.58,55.54,55.5,55.46,55.44,55.76,55.72,55.72,55.7,55.660000000000004,55.620000000000005,55.58,55.56,55.52,55.480000000000004,55.44
2021-04-12 01:00:00,51.74,51.7,51.660000000000004,51.660000000000004,51.620000000000005,51.58,51.54,51.5,51.480000000000004,51.44,51.4,51.74,51.7,51.7,51.660000000000004,51.620000000000005,51.6,51.56,51.52,51.480000000000004,51.44,51.42,51.74,51.74,51.7,51.68,51.64,51.6,51.56,51.52,51.5,51.46,51.42,51.78,51.76,51.72,51.68,51.64,51.6,51.58,51.54,51.5,51.46,51.46,51.800000000000004,51.76,51.72,51.68,51.660000000000004,51.620000000000005,51.58,51.54,51.5,51.5,51.480000000000004,51.800000000000004,51.78,51.74,51.7,51.660000000000004,51.620000000000005,51.6,51.56,51.56,51.52,51.480000000000004,51.82,51.78,51.74,51.7,51.68,51.64,51.64,51.6,51.56,51.52,51.480000000000004,51.82,51.78,51.76,51.7,51.68,51.68,51.64,51.6,51.56,51.52,51.480000000000004,51.82,51.78,51.76,51.72,51.72,51.68,51.64,51.6,51.56,51.54,51.5,51.84,51.800000000000004,51.76,51.76,51.72,51.68,51.660000000000004,51.620000000000005,51.58,51.54,51.5,51.84,51.800000000000004,51.800000000000004,51.78,51.74,51.7,51.660000000000004,51.620000000000005,51.6,51.56,51.52
2021-03-21 04:00:00,32.24,32.24,32.24,32.22,32.22,32.22,32.160000000000004,32.160000000000004,32.160000000000004,32.14,32.14,32.24,32.24,32.24,32.22,32.22,32.22,32.22,32.2,32.2,32.2,32.18,32.3,32.28,32.28,32.28,32.28,32.26,32.26,32.26,32.24,32.24,32.24,32.34,32.34,32.34,32.32,32.32,32.32,32.3,32.3,32.28,32.28,32.28,32.38,32.38,32.38,32.36,32.36,32.36,32.34,32.34,32.34,32.32,32.32,32.44,32.42,32.42,32.42,32.4,32.4,32.4,32.38,32.38,32.38,32.38,32.480000000000004,32.480000000000004,32.46,32.46,32.46,32.44,32.44,32.44,32.44,32.42,32.42,32.52,32.52,32.52,32.5,32.5,32.44,32.44,32.44,32.44,32.42,32.42,32.52,32.52,32.52,32.5,32.5,32.5,32.5,32.480000000000004,32.480000000000004,32.46,32.46,32.58,32.56,32.56,32.54,32.54,32.54,32.54,32.52,32.52,32.52,32.5,32.62,32.6,32.6,32.6,32.6,32.58,32.58,32.58,32.56,32.56,32.56
2021-05-05 03:00:00,23.28,23.26,23.22,23.2,23.16,23.14,23.14,23.1,23.080000000000002,23.06,23.02,23.32,23.28,23.26,23.22,23.2,23.2,23.14,23.1,23.080000000000002,23.06,23.02,23.32,23.28,23.26,23.22,23.22,23.2,23.16,23.14,23.1,23.080000000000002,23.06,23.34,23.3,23.28,23.28,23.26,23.22,23.2,23.16,23.14,23.1,23.080000000000002,23.36,23.34,23.34,23.3,23.28,23.240000000000002,23.22,23.18,23.16,23.14,23.1,23.38,23.38,23.36,23.34,23.3,23.28,23.240000000000002,23.22,23.18,23.16,23.12,23.44,23.42,23.38,23.36,23.32,23.3,23.28,23.240000000000002,23.22,23.18,23.18,23.48,23.44,23.42,23.38,23.36,23.32,23.3,23.26,23.26,23.240000000000002,23.2,23.5,23.46,23.44,23.400000000000002,23.38,23.32,23.3,23.3,23.26,23.240000000000002,23.2,23.5,23.46,23.44,23.400000000000002,23.38,23.36,23.36,23.32,23.3,23.26,23.240000000000002,23.52,23.5,23.46,23.44,23.400000000000002,23.400000000000002,23.38,23.34,23.32,23.28,23.26
2021-12-01 03:00:00,56.24,56.22,56.22,56.22,56.2,56.18,56.18,56.160000000000004,56.160000000000004,56.14,56.14,56.28,56.26,56.26,56.26,56.24,56.24,56.22,56.2,56.2,56.18,56.18,56.32,56.32,56.300000000000004,56.300000000000004,56.28,56.28,56.26,56.26,56.24,56.22,56.22,56.38,56.36,56.36,56.34,56.34,56.32,56.300000000000004,56.300000000000004,56.28,56.28,56.28,56.42,56.4,56.4,56.38,56.38,56.36,56.36,56.34,56.34,56.32,56.32,56.46,56.46,56.44,56.42,56.42,56.36,56.36,56.36,56.34,56.32,56.32,56.46,56.46,56.44,56.42,56.42,56.4,56.4,56.4,56.38,56.38,56.36,56.5,56.5,56.480000000000004,56.480000000000004,56.46,56.46,56.44,56.44,56.42,56.42,56.4,56.54,56.54,56.52,56.52,56.52,56.5,56.5,56.480000000000004,56.46,56.46,56.44,56.6,56.58,56.56,56.56,56.56,56.54,56.54,56.52,56.52,56.5,56.480000000000004,56.64,56.620000000000005,56.620000000000005,56.620000000000005,56.6,56.58,56.58,56.56,56.56,56.54,56.54
2021-09-21 05:00:00,33.24,33.26,33.26,33.28,33.3,33.32,33.32,33.28,33.3,33.32,33.32,33.24,33.26,33.26,33.28,33.3,33.3,33.32,33.32,33.34,33.36,33.38,33.28,33.3,33.32,33.32,33.32,33.34,33.36,33.38,33.38,33.4,33.42,33.32,33.34,33.36,33.36,33.38,33.38,33.4,33.42,33.44,33.44,33.46,33.38,33.38,33.38,33.4,33.42,33.44,33.44,33.46,33.480000000000004,33.5,33.5,33.42,33.42,33.44,33.44,33.46,33.480000000000004,33.5,33.5,33.52,33.54,33.56,33.44,33.46,33.480000000000004,33.5,33.5,33.52,33.54,33.56,33.56,33.56,33.58,33.5,33.5,33.52,33.54,33.56,33.56,33.54,33.56,33.56,33.56,33.58,33.5,33.5,33.52,33.54,33.56,33.56,33.58,33.58,33.6,33.62,33.62,33.54,33.56,33.56,33.58,33.6,33.62,33.62,33.62,33.64,33.660000000000004,33.68,33.58,33.6,33.62,33.62,33.64,33.64,33.660000000000004,33.68,33.68,33.7,33.72
2021-05-22 01:00:00,45.06,45.02,45.0,44.96,44.92,44.92,44.88,44.84,44.800000000000004,44.76,44.72,45.06,45.04,45.0,44.96,44.96,44.92,44.88,44.84,44.800000000000004,44.76,44.72,45.06,45.04,45.0,45.0,44.96,44.92,44.88,44.84,44.800000000000004,44.76,44.72,45.06,45.02,45.02,45.0,44.96,44.92,44.88,44.84,44.800000000000004,44.76,44.72,45.06,45.06,45.02,44.980000000000004,44.96,44.92,44.88,44.84,44.800000000000004,44.76,44.72,45.1,45.06,45.02,44.980000000000004,44.94,44.9,44.88,44.84,44.800000000000004,44.76,44.76,45.1,45.06,45.02,44.980000000000004,44.94,44.92,44.88,44.84,44.800000000000004,44.800000000000004,44.76,45.1,45.06,45.02,44.980000000000004,44.94,44.9,44.86,44.86,44.84,44.800000000000004,44.76,45.1,45.06,45.02,44.980000000000004,44.94,44.9,44.9,44.86,44.84,44.800000000000004,44.76,45.1,45.06,45.02,44.980000000000004,44.94,44.94,44.9,44.86,44.82,44.800000000000004,44.76,45.1,45.06,45.02,44.980000000000004,44.980000000000004,44.94,44.9,44.86,44.82,44.78,44.76
2021-10-23 03:00:00,46.0,45.980000000000004,45.96,45.96,45.96,45.94,45.92,45.92,45.9,45.88,45.88,46.04,46.02,46.0,46.0,46.0,45.980000000000004,45.96,45.96,45.94,45.92,45.92,46.08,46.06,46.06,46.06,46.04,46.02,46.02,46.0,45.980000000000004,45.980000000000004,45.96,46.12,46.12,46.1,46.1,46.08,46.06,46.06,46.04,46.02,46.02,46.0,46.18,46.160000000000004,46.14,46.14,46.12,46.1,46.1,46.08,46.06,46.06,46.06,46.22,46.2,46.2,46.18,46.160000000000004,46.160000000000004,46.14,46.12,46.12,46.12,46.1,46.26,46.24,46.24,46.22,46.2,46.160000000000004,46.14,46.14,46.12,46.12,46.1,46.26,46.24,46.24,46.22,46.2,46.2,46.2,46.18,46.160000000000004,46.160000000000004,46.14,46.300000000000004,46.28,46.28,46.26,46.24,46.24,46.24,46.22,46.2,46.2,46.18,46.34,46.34,46.32,46.300000000000004,46.300000000000004,46.300000000000004,46.28,46.26,46.26,46.24,46.22,46.38,46.38,46.36,46.36,46.34,46.34,46.32,46.300000000000004,46.300000000000004,46.28,46.26
2021-03-31 02:00:00,43.58,43.56,43.52,43.480000000000004,43.480000000000004,43.44,43.4,43.36,43.34,43.300000000000004,43.28,43.58,43.56,43.52,43.52,43.480000000000004,43.46,43.42,43.4,43.36,43.34,43.300000000000004,43.6,43.58,43.58,43.54,43.5,43.480000000000004,43.44,43.42,43.38,43.36,43.32,43.62,43.62,43.6,43.56,43.52,43.5,43.46,43.44,43.4,43.38,43.34,43.68,43.64,43.62,43.58,43.56,43.52,43.480000000000004,43.46,43.42,43.4,43.4,43.7,43.660000000000004,43.64,43.6,43.58,43.54,43.52,43.480000000000004,43.44,43.44,43.42,43.72,43.68,43.660000000000004,43.62,43.6,43.56,43.54,43.54,43.5,43.46,43.44,43.74,43.72,43.68,43.64,43.6,43.56,43.56,43.54,43.5,43.46,43.44,43.74,43.72,43.68,43.64,43.62,43.62,43.58,43.56,43.52,43.5,43.46,43.76,43.74,43.7,43.660000000000004,43.660000000000004,43.64,43.6,43.58,43.54,43.52,43.480000000000004,43.78,43.76,43.72,43.72,43.7,43.660000000000004,43.64,43.6,43.56,43.54,43.5
2021-11-08 03:00:00,50.86,50.84,50.82,50.82,50.82,50.800000000000004,50.800000000000004,50.78,50.76,50.76,50.74,50.9,50.88,50.86,50.86,50.86,50.84,50.84,50.82,50.82,50.800000000000004,50.78,50.94,50.92,50.92,50.92,50.9,50.88,50.88,50.86,50.86,50.84,50.82,50.980000000000004,50.980000000000004,50.96,50.96,50.94,50.94,50.92,50.9,50.9,50.88,50.88,51.04,51.02,51.02,51.0,50.980000000000004,50.980000000000004,50.96,50.96,50.94,50.92,50.92,51.08,51.06,51.06,51.04,51.02,51.02,51.0,51.0,51.0,50.980000000000004,50.980000000000004,51.120000000000005,51.1,51.1,51.08,51.08,51.02,51.0,51.0,51.0,50.980000000000004,50.980000000000004,51.120000000000005,51.1,51.1,51.08,51.08,51.06,51.06,51.04,51.04,51.02,51.02,51.160000000000004,51.14,51.14,51.120000000000005,51.120000000000005,51.120000000000005,51.1,51.1,51.08,51.06,51.06,51.2,51.2,51.18,51.18,51.18,51.160000000000004,51.14,51.14,51.120000000000005,51.120000000000005,51.1,51.24,51.24,51.22,51.22,51.22,51.2,51.18,51.18,51.160000000000004,51.160000000000004,51.14
2021-07-09 03:00:00,21.080000000000002,21.04,21.02,20.98,20.94,20.900000000000002,20.900000000000002,20.88,20.84,20.8,20.76,21.1,21.06,21.02,21.0,20.96,20.96,20.900000000000002,20.88,20.84,20.8,20.76,21.1,21.06,21.02,21.0,21.0,20.96,20.92,20.88,20.86,20.82,20.78,21.1,21.080000000000002,21.04,21.04,21.0,20.98,20.94,20.900000000000002,20.86,20.84,20.8,21.12,21.080000000000002,21.080000000000002,21.06,21.02,20.98,20.94,20.92,20.88,20.84,20.82,21.14,21.14,21.1,21.06,21.04,21.0,20.96,20.92,20.900000000000002,20.86,20.82,21.18,21.16,21.12,21.080000000000002,21.04,21.02,20.98,20.94,20.92,20.88,20.88,21.2,21.16,21.14,21.1,21.06,21.02,21.0,20.96,20.96,20.92,20.88,21.22,21.18,21.14,21.1,21.080000000000002,21.02,21.0,21.0,20.96,20.92,20.88,21.22,21.18,21.14,21.1,21.080000000000002,21.04,21.04,21.0,20.98,20.94,20.900000000000002,21.22,21.2,21.16,21.12,21.080000000000002,21.080000000000002,21.06,21.02,20.98,20.96,20.92
2021-04-04 03:00:00,32.52,32.5,32.480000000000004,32.46,32.42,32.42,32.36,32.34,32.32,32.3,32.28,32.52,32.5,32.480000000000004,32.46,32.46,32.42,32.4,32.38,32.36,32.34,32.3,32.56,32.54,32.5,32.5,32.480000000000004,32.46,32.44,32.42,32.38,32.36,32.34,32.58,32.56,32.56,32.54,32.52,32.5,32.46,32.44,32.42,32.4,32.38,32.62,32.62,32.6,32.58,32.54,32.52,32.5,32.480000000000004,32.46,32.42,32.4,32.68,32.660000000000004,32.64,32.6,32.58,32.56,32.54,32.52,32.480000000000004,32.46,32.46,32.72,32.68,32.660000000000004,32.64,32.62,32.6,32.56,32.54,32.54,32.52,32.5,32.74,32.72,32.7,32.68,32.64,32.6,32.56,32.56,32.54,32.52,32.5,32.74,32.72,32.7,32.68,32.64,32.62,32.62,32.6,32.58,32.56,32.54,32.78,32.76,32.72,32.7,32.68,32.68,32.660000000000004,32.64,32.62,32.58,32.56,32.82,32.78,32.76,32.74,32.74,32.72,32.7,32.660000000000004,32.64,32.62,32.6
2021-08-02 04:00:00,15.34,15.32,15.3,15.3,15.280000000000001,15.26,15.26,15.26,15.24,15.22,15.22,15.38,15.36,15.36,15.34,15.32,15.3,15.3,15.26,15.24,15.22,15.22,15.38,15.36,15.36,15.34,15.32,15.32,15.3,15.3,15.280000000000001,15.26,15.26,15.42,15.4,15.4,15.38,15.38,15.36,15.36,15.34,15.32,15.3,15.3,15.46,15.44,15.44,15.44,15.42,15.4,15.4,15.38,15.36,15.34,15.34,15.5,15.48,15.48,15.48,15.46,15.44,15.44,15.42,15.4,15.4,15.38,15.540000000000001,15.540000000000001,15.540000000000001,15.52,15.5,15.48,15.48,15.46,15.44,15.44,15.42,15.6,15.58,15.58,15.56,15.540000000000001,15.540000000000001,15.52,15.5,15.48,15.48,15.48,15.64,15.620000000000001,15.620000000000001,15.6,15.58,15.58,15.52,15.5,15.5,15.48,15.48,15.64,15.620000000000001,15.620000000000001,15.6,15.58,15.58,15.56,15.56,15.540000000000001,15.540000000000001,15.52,15.68,15.66,15.66,15.64,15.620000000000001,15.620000000000001,15.620000000000001,15.6,15.58,15.58,15.56
2021-11-21 03:00:00,54.18,54.160000000000004,54.160000000000004,54.14,54.14,54.14,54.120000000000005,54.120000000000005,54.1,54.08,54.08,54.22,54.22,54.2,54.2,54.18,54.18,54.160000000000004,54.160000000000004,54.14,54.14,54.120000000000005,54.26,54.26,54.26,54.24,54.24,54.22,54.2,54.2,54.18,54.18,54.160000000000004,54.300000000000004,54.300000000000004,54.300000000000004,54.28,54.28,54.26,54.26,54.24,54.22,54.22,54.2,54.36,54.36,54.34,54.32,54.32,54.300000000000004,54.300000000000004,54.28,54.28,54.26,54.26,54.4,54.4,54.38,54.38,54.36,54.34,54.34,54.32,54.32,54.32,54.300000000000004,54.44,54.44,54.42,54.42,54.4,54.34,54.34,54.34,54.32,54.32,54.300000000000004,54.44,54.44,54.42,54.42,54.4,54.4,54.4,54.38,54.36,54.36,54.34,54.5,54.480000000000004,54.46,54.46,54.44,54.44,54.44,54.42,54.42,54.4,54.4,54.54,54.52,54.52,54.5,54.5,54.5,54.480000000000004,54.46,54.46,54.44,54.44,54.58,54.56,54.56,54.56,54.54,54.54,54.52,54.52,54.5,54.480000000000004,54.480000000000004
2021-07-04 03:00:00,20.64,20.62,20.580000000000002,20.54,20.5,20.48,20.48,20.44,20.400000000000002,20.36,20.34,20.66,20.62,20.6,20.56,20.52,20.52,20.48,20.44,20.400000000000002,20.36,20.34,20.66,20.62,20.6,20.56,20.56,20.52,20.48,20.46,20.42,20.38,20.34,20.68,20.64,20.6,20.6,20.580000000000002,20.54,20.5,20.46,20.44,20.400000000000002,20.36,20.68,20.66,20.66,20.62,20.580000000000002,20.54,20.52,20.48,20.44,20.400000000000002,20.38,20.7,20.7,20.66,20.64,20.6,20.56,20.52,20.5,20.46,20.42,20.38,20.76,20.72,20.68,20.64,20.62,20.580000000000002,20.54,20.5,20.48,20.44,20.44,20.76,20.72,20.7,20.66,20.62,20.580000000000002,20.56,20.52,20.52,20.48,20.46,20.78,20.740000000000002,20.7,20.68,20.64,20.580000000000002,20.56,20.56,20.52,20.48,20.46,20.78,20.740000000000002,20.7,20.68,20.64,20.6,20.6,20.56,20.54,20.5,20.46,20.78,20.76,20.72,20.68,20.64,20.64,20.62,20.580000000000002,20.54,20.52,20.48
2021-05-18 03:00:00,21.02,20.98,20.94,20.92,20.88,20.86,20.86,20.82,20.78,20.76,20.72,21.04,21.0,20.98,20.94,20.900000000000002,20.900000000000002,20.86,20.82,20.78,20.76,20.72,21.04,21.0,20.98,20.94,20.94,20.900000000000002,20.88,20.84,20.82,20.78,20.76,21.06,21.02,21.0,21.0,20.96,20.92,20.900000000000002,20.86,20.84,20.8,20.78,21.080000000000002,21.04,21.04,21.02,20.98,20.94,20.92,20.88,20.86,20.82,20.8,21.1,21.1,21.06,21.04,21.0,20.98,20.94,20.900000000000002,20.88,20.84,20.82,21.16,21.12,21.080000000000002,21.06,21.02,21.0,20.96,20.94,20.900000000000002,20.86,20.86,21.18,21.14,21.1,21.080000000000002,21.04,21.02,20.98,20.96,20.96,20.92,20.88,21.2,21.16,21.12,21.1,21.06,21.02,20.98,20.98,20.96,20.92,20.88,21.2,21.16,21.12,21.1,21.06,21.04,21.04,21.0,20.98,20.94,20.900000000000002,21.22,21.18,21.16,21.12,21.080000000000002,21.080000000000002,21.06,21.02,21.0,20.96,20.94
2021-09-11 02:00:00,42.02,41.980000000000004,41.94,41.92,41.92,41.86,41.84,41.800000000000004,41.76,41.74,41.7,42.02,41.980000000000004,41.94,41.94,41.92,41.88,41.86,41.82,41.800000000000004,41.76,41.74,42.04,42.0,42.0,41.980000000000004,41.94,41.9,41.88,41.84,41.82,41.78,41.76,42.06,42.06,42.02,42.0,41.96,41.94,41.9,41.86,41.84,41.800000000000004,41.78,42.1,42.08,42.04,42.02,41.980000000000004,41.96,41.92,41.9,41.86,41.82,41.82,42.14,42.1,42.08,42.04,42.0,41.980000000000004,41.94,41.92,41.88,41.88,41.86,42.160000000000004,42.12,42.1,42.06,42.04,42.0,41.96,41.96,41.94,41.9,41.88,42.18,42.14,42.12,42.08,42.04,42.0,42.0,41.96,41.94,41.9,41.88,42.18,42.14,42.12,42.08,42.06,42.06,42.02,42.0,41.96,41.92,41.9,42.2,42.160000000000004,42.14,42.1,42.1,42.08,42.04,42.02,41.980000000000004,41.96,41.92,42.22,42.2,42.160000000000004,42.160000000000004,42.14,42.1,42.08,42.04,42.0,41.980000000000004,41.94
2021-04-15 03:00:00,28.78,28.76,28.72,28.7,28.68,28.68,28.62,28.580000000000002,28.560000000000002,28.54,28.52,28.78,28.76,28.72,28.7,28.7,28.68,28.64,28.62,28.6,28.580000000000002,28.54,28.8,28.78,28.76,28.76,28.740000000000002,28.7,28.68,28.66,28.62,28.6,28.580000000000002,28.84,28.82,28.82,28.78,28.76,28.740000000000002,28.7,28.68,28.66,28.64,28.6,28.86,28.86,28.84,28.82,28.8,28.76,28.740000000000002,28.72,28.68,28.66,28.64,28.92,28.900000000000002,28.88,28.84,28.82,28.8,28.78,28.740000000000002,28.72,28.7,28.7,28.96,28.94,28.900000000000002,28.88,28.86,28.82,28.8,28.78,28.78,28.76,28.72,28.98,28.96,28.94,28.92,28.88,28.82,28.8,28.8,28.78,28.76,28.72,28.98,28.96,28.94,28.92,28.88,28.86,28.86,28.84,28.8,28.78,28.76,29.02,29.0,28.96,28.94,28.92,28.92,28.900000000000002,28.86,28.84,28.82,28.78,29.060000000000002,29.02,29.0,28.98,28.98,28.94,28.92,28.900000000000002,28.88,28.84,28.82
2021-06-13 02:00:00,31.94,31.900000000000002,31.86,31.82,31.78,31.78,31.740000000000002,31.7,31.66,31.64,31.6,31.94,31.900000000000002,31.86,31.82,31.82,31.78,31.740000000000002,31.7,31.66,31.64,31.6,31.94,31.900000000000002,31.86,31.86,31.82,31.78,31.740000000000002,31.720000000000002,31.68,31.64,31.6,31.94,31.900000000000002,31.900000000000002,31.86,31.82,31.78,31.76,31.720000000000002,31.68,31.64,31.6,31.94,31.94,31.900000000000002,31.86,31.82,31.78,31.76,31.720000000000002,31.68,31.64,31.6,31.98,31.94,31.900000000000002,31.86,31.82,31.78,31.76,31.720000000000002,31.68,31.64,31.64,31.98,31.94,31.900000000000002,31.86,31.84,31.8,31.76,31.720000000000002,31.68,31.68,31.64,31.98,31.94,31.900000000000002,31.88,31.84,31.8,31.76,31.76,31.720000000000002,31.68,31.64,31.98,31.94,31.900000000000002,31.88,31.84,31.8,31.8,31.76,31.720000000000002,31.68,31.64,31.98,31.94,31.900000000000002,31.88,31.84,31.84,31.8,31.76,31.720000000000002,31.68,31.64,31.98,31.94,31.900000000000002,31.88,31.88,31.84,31.8,31.76,31.720000000000002,31.68,31.64
2021-09-14 01:00:00,53.82,53.78,53.74,53.74,53.7,53.660000000000004,53.620000000000005,53.58,53.56,53.52,53.480000000000004,53.82,53.78,53.78,53.74,53.7,53.68,53.64,53.6,53.58,53.54,53.5,53.82,53.82,53.800000000000004,53.76,53.72,53.68,53.660000000000004,53.620000000000005,53.58,53.54,53.52,53.88,53.84,53.800000000000004,53.76,53.74,53.7,53.660000000000004,53.64,53.6,53.56,53.56,53.88,53.86,53.82,53.78,53.74,53.72,53.68,53.64,53.6,53.6,53.58,53.9,53.86,53.84,53.800000000000004,53.76,53.72,53.7,53.660000000000004,53.660000000000004,53.620000000000005,53.6,53.92,53.88,53.84,53.82,53.78,53.74,53.74,53.7,53.68,53.64,53.6,53.92,53.9,53.86,53.82,53.78,53.78,53.74,53.7,53.68,53.64,53.6,53.92,53.9,53.86,53.82,53.82,53.78,53.76,53.72,53.68,53.660000000000004,53.620000000000005,53.94,53.9,53.88,53.88,53.84,53.800000000000004,53.76,53.74,53.7,53.660000000000004,53.620000000000005,53.96,53.92,53.92,53.88,53.86,53.82,53.78,53.76,53.72,53.68,53.64
2021-05-24 02:00:00,32.3,32.26,32.22,32.18,32.160000000000004,32.160000000000004,32.12,32.08,32.04,32.0,31.96,32.3,32.28,32.24,32.2,32.2,32.160000000000004,32.12,32.08,32.04,32.0,31.96,32.3,32.28,32.24,32.24,32.2,32.160000000000004,32.12,32.08,32.06,32.02,31.98,32.32,32.28,32.28,32.24,32.2,32.160000000000004,32.12,32.1,32.06,32.02,31.98,32.32,32.32,32.28,32.24,32.2,32.18,32.14,32.1,32.06,32.02,31.98,32.36,32.32,32.28,32.24,32.22,32.18,32.14,32.1,32.06,32.02,32.02,32.36,32.34,32.3,32.26,32.22,32.18,32.14,32.12,32.08,32.08,32.04,32.38,32.34,32.3,32.26,32.22,32.18,32.160000000000004,32.160000000000004,32.12,32.08,32.04,32.38,32.34,32.3,32.26,32.22,32.18,32.18,32.160000000000004,32.12,32.08,32.04,32.38,32.34,32.3,32.26,32.24,32.24,32.2,32.160000000000004,32.12,32.08,32.04,32.38,32.34,32.3,32.28,32.28,32.24,32.2,32.160000000000004,32.12,32.08,32.06
2021-08-07 02:00:00,36.32,36.28,36.24,36.22,36.18,36.18,36.14,36.1,36.06,36.04,36.0,36.34,36.300000000000004,36.26,36.22,36.22,36.18,36.14,36.1,36.06,36.04,36.0,36.34,36.300000000000004,36.26,36.26,36.22,36.2,36.160000000000004,36.12,36.08,36.04,36.02,36.34,36.300000000000004,36.300000000000004,36.28,36.24,36.2,36.160000000000004,36.12,36.1,36.06,36.02,36.36,36.36,36.32,36.28,36.24,36.2,36.18,36.14,36.1,36.06,36.02,36.4,36.36,36.32,36.28,36.26,36.22,36.18,36.14,36.1,36.08,36.08,36.4,36.38,36.34,36.300000000000004,36.26,36.22,36.2,36.160000000000004,36.12,36.12,36.08,36.42,36.38,36.34,36.300000000000004,36.28,36.24,36.2,36.2,36.160000000000004,36.14,36.1,36.42,36.4,36.36,36.32,36.28,36.24,36.24,36.2,36.160000000000004,36.14,36.1,36.42,36.4,36.36,36.32,36.28,36.28,36.24,36.22,36.18,36.14,36.1,36.44,36.4,36.36,36.32,36.32,36.300000000000004,36.26,36.22,36.18,36.14,36.12
2021-12-02 04:00:00,54.0,54.0,54.0,54.0,54.0,54.0,54.0,54.0,54.0,54.0,53.980000000000004,54.04,54.04,54.04,54.04,54.04,54.04,54.04,54.04,54.04,54.04,54.04,54.08,54.08,54.08,54.08,54.08,54.08,54.08,54.08,54.08,54.08,54.08,54.14,54.14,54.14,54.14,54.14,54.14,54.14,54.14,54.14,54.14,54.14,54.18,54.18,54.18,54.18,54.18,54.18,54.18,54.18,54.18,54.18,54.18,54.24,54.22,54.22,54.22,54.22,54.22,54.18,54.18,54.18,54.18,54.18,54.24,54.22,54.22,54.22,54.22,54.22,54.22,54.22,54.22,54.22,54.22,54.28,54.28,54.28,54.28,54.28,54.28,54.28,54.28,54.28,54.28,54.28,54.32,54.32,54.32,54.32,54.32,54.32,54.32,54.32,54.32,54.32,54.32,54.38,54.38,54.36,54.36,54.36,54.36,54.36,54.36,54.36,54.36,54.36,54.42,54.42,54.42,54.42,54.42,54.42,54.42,54.42,54.42,54.42,54.42
2021-08-06 03:00:00,24.62,24.6,24.560000000000002,24.54,24.5,24.48,24.48,24.44,24.42,24.38,24.34,24.66,24.62,24.6,24.560000000000002,24.52,24.52,24.48,24.44,24.42,24.38,24.34,24.66,24.62,24.6,24.560000000000002,24.560000000000002,24.52,24.5,24.46,24.44,24.400000000000002,24.38,24.68,24.64,24.62,24.62,24.580000000000002,24.560000000000002,24.52,24.48,24.46,24.42,24.400000000000002,24.7,24.66,24.66,24.64,24.6,24.580000000000002,24.54,24.52,24.48,24.44,24.42,24.72,24.72,24.68,24.66,24.62,24.6,24.560000000000002,24.54,24.5,24.48,24.44,24.78,24.740000000000002,24.72,24.68,24.66,24.62,24.580000000000002,24.560000000000002,24.52,24.5,24.5,24.8,24.76,24.740000000000002,24.7,24.68,24.64,24.62,24.580000000000002,24.580000000000002,24.54,24.52,24.82,24.78,24.76,24.72,24.7,24.64,24.62,24.62,24.580000000000002,24.54,24.52,24.82,24.78,24.76,24.72,24.7,24.66,24.66,24.64,24.6,24.580000000000002,24.54,24.84,24.8,24.78,24.740000000000002,24.72,24.72,24.68,24.66,24.62,24.6,24.560000000000002
2021-05-28 02:00:00,32.08,32.04,32.0,31.96,31.92,31.92,31.900000000000002,31.86,31.82,31.78,31.740000000000002,32.08,32.04,32.02,31.98,31.98,31.92,31.900000000000002,31.86,31.82,31.78,31.740000000000002,32.08,32.04,32.02,32.02,31.98,31.94,31.900000000000002,31.86,31.82,31.8,31.76,32.1,32.06,32.06,32.02,31.98,31.94,31.900000000000002,31.86,31.84,31.8,31.76,32.1,32.1,32.06,32.02,31.98,31.94,31.900000000000002,31.88,31.84,31.8,31.76,32.14,32.1,32.06,32.02,31.98,31.94,31.92,31.88,31.84,31.8,31.8,32.14,32.1,32.06,32.04,32.0,31.96,31.92,31.88,31.84,31.84,31.8,32.14,32.1,32.08,32.04,32.0,31.96,31.92,31.92,31.88,31.86,31.82,32.14,32.12,32.08,32.04,32.0,31.96,31.96,31.92,31.88,31.86,31.82,32.14,32.12,32.08,32.04,32.0,32.0,31.96,31.92,31.900000000000002,31.86,31.82,32.160000000000004,32.12,32.08,32.04,32.04,32.0,31.96,31.94,31.900000000000002,31.86,31.82
2021-07-24 02:00:00,34.76,34.72,34.68,34.64,34.6,34.6,34.56,34.52,34.5,34.46,34.42,34.76,34.72,34.68,34.64,34.64,34.6,34.56,34.52,34.5,34.46,34.42,34.76,34.72,34.68,34.68,34.64,34.62,34.58,34.54,34.5,34.46,34.42,34.76,34.72,34.72,34.7,34.660000000000004,34.62,34.58,34.54,34.5,34.46,34.44,34.76,34.76,34.74,34.7,34.660000000000004,34.62,34.58,34.54,34.52,34.480000000000004,34.44,34.82,34.78,34.74,34.7,34.660000000000004,34.62,34.58,34.56,34.52,34.480000000000004,34.480000000000004,34.82,34.78,34.74,34.7,34.68,34.64,34.6,34.56,34.52,34.52,34.480000000000004,34.82,34.78,34.74,34.72,34.68,34.64,34.6,34.6,34.56,34.52,34.5,34.82,34.800000000000004,34.76,34.72,34.68,34.64,34.64,34.6,34.56,34.52,34.5,34.82,34.800000000000004,34.76,34.72,34.68,34.68,34.64,34.6,34.56,34.54,34.5,34.84,34.800000000000004,34.76,34.72,34.72,34.68,34.64,34.62,34.58,34.54,34.5
2021-08-13 04:00:00,18.2,18.2,18.18,18.18,18.16,18.16,18.16,18.1,18.080000000000002,18.080000000000002,18.06,18.2,18.2,18.18,18.18,18.16,18.16,18.16,18.14,18.12,18.12,18.1,18.26,18.240000000000002,18.22,18.22,18.22,18.2,18.2,18.18,18.18,18.16,18.14,18.3,18.28,18.28,18.28,18.26,18.240000000000002,18.240000000000002,18.22,18.22,18.2,18.2,18.34,18.32,18.32,18.32,18.3,18.3,18.28,18.26,18.26,18.240000000000002,18.240000000000002,18.38,18.38,18.36,18.36,18.34,18.34,18.32,18.32,18.3,18.3,18.28,18.44,18.42,18.42,18.400000000000002,18.38,18.38,18.36,18.36,18.34,18.34,18.34,18.48,18.46,18.46,18.44,18.44,18.42,18.36,18.36,18.36,18.34,18.34,18.48,18.46,18.46,18.44,18.44,18.42,18.400000000000002,18.400000000000002,18.400000000000002,18.38,18.38,18.52,18.5,18.5,18.48,18.48,18.46,18.46,18.46,18.44,18.44,18.42,18.56,18.56,18.54,18.54,18.52,18.52,18.5,18.5,18.48,18.48,18.46
2021-05-21 04:00:00,12.22,12.200000000000001,12.200000000000001,12.18,12.18,12.16,12.16,12.16,12.14,12.14,12.120000000000001,12.26,12.26,12.24,12.24,12.22,12.200000000000001,12.200000000000001,12.16,12.14,12.14,12.120000000000001,12.26,12.26,12.24,12.24,12.22,12.22,12.200000000000001,12.200000000000001,12.18,12.18,12.16,12.3,12.3,12.280000000000001,12.280000000000001,12.280000000000001,12.26,12.26,12.24,12.24,12.22,12.22,12.34,12.34,12.32,12.32,12.32,12.3,12.3,12.280000000000001,12.280000000000001,12.26,12.26,12.4,12.38,12.38,12.38,12.36,12.36,12.34,12.32,12.32,12.3,12.3,12.44,12.44,12.42,12.42,12.4,12.4,12.38,12.38,12.36,12.36,12.34,12.5,12.48,12.46,12.46,12.44,12.44,12.42,12.42,12.4,12.4,12.4,12.540000000000001,12.52,12.52,12.5,12.5,12.48,12.42,12.42,12.42,12.4,12.4,12.540000000000001,12.52,12.52,12.5,12.5,12.48,12.48,12.48,12.46,12.46,12.44,12.58,12.56,12.56,12.540000000000001,12.540000000000001,12.52,12.52,12.52,12.5,12.5,12.48
2021-06-19 05:00:00,12.06,12.1,12.120000000000001,12.14,12.18,12.200000000000001,12.24,12.24,12.26,12.3,12.32,12.1,12.120000000000001,12.16,12.18,12.200000000000001,12.24,12.24,12.24,12.26,12.3,12.32,12.1,12.120000000000001,12.16,12.18,12.200000000000001,12.200000000000001,12.24,12.26,12.3,12.32,12.36,12.14,12.16,12.18,12.22,12.22,12.24,12.280000000000001,12.3,12.34,12.36,12.38,12.16,12.200000000000001,12.22,12.22,12.26,12.280000000000001,12.3,12.34,12.36,12.4,12.42,12.200000000000001,12.22,12.22,12.26,12.280000000000001,12.32,12.34,12.38,12.4,12.42,12.46,12.24,12.24,12.26,12.280000000000001,12.32,12.34,12.38,12.4,12.44,12.46,12.48,12.24,12.26,12.3,12.32,12.36,12.38,12.42,12.44,12.46,12.46,12.5,12.280000000000001,12.3,12.34,12.36,12.38,12.42,12.42,12.44,12.44,12.46,12.5,12.280000000000001,12.3,12.34,12.36,12.38,12.42,12.44,12.44,12.48,12.5,12.540000000000001,12.32,12.34,12.36,12.4,12.42,12.46,12.46,12.48,12.5,12.540000000000001,12.56
2021-10-30 02:00:00,54.4,54.38,54.36,54.36,54.34,54.32,54.300000000000004,54.28,54.26,54.22,54.2,54.44,54.42,54.42,54.4,54.38,54.36,54.32,54.300000000000004,54.28,54.26,54.24,54.480000000000004,54.480000000000004,54.46,54.42,54.4,54.38,54.36,54.34,54.32,54.300000000000004,54.28,54.54,54.5,54.480000000000004,54.46,54.44,54.42,54.4,54.38,54.36,54.34,54.34,54.56,54.54,54.52,54.5,54.480000000000004,54.46,54.44,54.42,54.4,54.4,54.36,54.6,54.58,54.56,54.54,54.52,54.5,54.46,54.46,54.44,54.42,54.4,54.64,54.620000000000005,54.6,54.56,54.52,54.5,54.5,54.46,54.44,54.42,54.4,54.64,54.620000000000005,54.6,54.56,54.54,54.54,54.52,54.5,54.480000000000004,54.46,54.44,54.68,54.64,54.620000000000005,54.6,54.6,54.58,54.56,54.54,54.52,54.5,54.480000000000004,54.7,54.68,54.660000000000004,54.660000000000004,54.64,54.620000000000005,54.6,54.58,54.56,54.52,54.5,54.74,54.72,54.72,54.7,54.68,54.660000000000004,54.64,54.6,54.58,54.56,54.54
2021-12-12 04:00:00,55.160000000000004,55.160000000000004,55.160000000000004,55.160000000000004,55.160000000000004,55.14,55.14,55.14,55.14,55.14,55.14,55.2,55.2,55.2,55.2,55.2,55.2,55.2,55.2,55.2,55.2,55.18,55.24,55.24,55.24,55.24,55.24,55.24,55.24,55.24,55.24,55.24,55.24,55.300000000000004,55.300000000000004,55.300000000000004,55.300000000000004,55.300000000000004,55.28,55.28,55.28,55.28,55.28,55.28,55.34,55.34,55.34,55.34,55.34,55.34,55.34,55.34,55.34,55.34,55.34,55.4,55.38,55.38,55.38,55.38,55.38,55.34,55.34,55.34,55.34,55.34,55.4,55.38,55.38,55.38,55.38,55.38,55.38,55.38,55.38,55.38,55.38,55.44,55.44,55.44,55.44,55.44,55.42,55.42,55.42,55.42,55.42,55.42,55.480000000000004,55.480000000000004,55.480000000000004,55.480000000000004,55.480000000000004,55.480000000000004,55.480000000000004,55.480000000000004,55.480000000000004,55.480000000000004,55.480000000000004,55.54,55.52,55.52,55.52,55.52,55.52,55.52,55.52,55.52,55.52,55.52,55.58,55.58,55.58,55.58,55.58,55.58,55.58,55.56,55.56,55.56,55.56
2021-10-27 03:00:00,47.26,47.24,47.24,47.22,47.22,47.2,47.2,47.18,47.18,47.160000000000004,47.14,47.300000000000004,47.28,47.28,47.28,47.26,47.26,47.24,47.22,47.22,47.2,47.18,47.34,47.34,47.34,47.32,47.300000000000004,47.300000000000004,47.28,47.26,47.26,47.24,47.22,47.38,47.38,47.38,47.36,47.34,47.34,47.32,47.300000000000004,47.300000000000004,47.28,47.28,47.44,47.44,47.42,47.4,47.4,47.38,47.36,47.36,47.34,47.32,47.32,47.480000000000004,47.480000000000004,47.46,47.44,47.44,47.42,47.4,47.4,47.4,47.38,47.38,47.52,47.52,47.5,47.480000000000004,47.480000000000004,47.42,47.4,47.4,47.4,47.38,47.38,47.52,47.52,47.5,47.480000000000004,47.480000000000004,47.46,47.46,47.46,47.44,47.42,47.42,47.56,47.56,47.54,47.54,47.52,47.52,47.5,47.5,47.480000000000004,47.46,47.46,47.62,47.6,47.58,47.58,47.58,47.56,47.54,47.54,47.52,47.52,47.5,47.660000000000004,47.64,47.62,47.62,47.62,47.6,47.6,47.58,47.56,47.56,47.54
2021-04-27 02:00:00,36.1,36.06,36.04,36.0,35.96,35.96,35.92,35.9,35.86,35.82,35.78,36.12,36.08,36.04,36.02,36.02,35.96,35.92,35.9,35.86,35.82,35.78,36.12,36.08,36.04,36.04,36.02,35.980000000000004,35.94,35.9,35.88,35.84,35.800000000000004,36.14,36.1,36.1,36.06,36.02,36.0,35.96,35.92,35.88,35.86,35.82,36.14,36.14,36.1,36.08,36.04,36.0,35.980000000000004,35.94,35.9,35.86,35.84,36.2,36.160000000000004,36.12,36.08,36.06,36.02,35.980000000000004,35.94,35.92,35.88,35.88,36.2,36.18,36.14,36.1,36.06,36.04,36.0,35.96,35.94,35.94,35.9,36.22,36.18,36.160000000000004,36.12,36.08,36.04,36.02,36.02,35.980000000000004,35.94,35.9,36.24,36.2,36.160000000000004,36.14,36.08,36.04,36.04,36.02,35.980000000000004,35.94,35.9,36.24,36.2,36.160000000000004,36.14,36.1,36.1,36.06,36.02,36.0,35.96,35.92,36.24,36.22,36.18,36.14,36.14,36.1,36.08,36.04,36.0,35.980000000000004,35.94
2021-04-26 01:00:00,48.5,48.480000000000004,48.44,48.4,48.4,48.36,48.32,48.28,48.24,48.22,48.18,48.52,48.480000000000004,48.44,48.44,48.4,48.36,48.32,48.28,48.24,48.22,48.18,48.52,48.480000000000004,48.480000000000004,48.44,48.4,48.36,48.34,48.300000000000004,48.26,48.22,48.18,48.52,48.52,48.480000000000004,48.44,48.42,48.38,48.34,48.300000000000004,48.26,48.22,48.18,48.56,48.52,48.480000000000004,48.46,48.42,48.38,48.34,48.300000000000004,48.26,48.22,48.22,48.56,48.52,48.5,48.46,48.42,48.38,48.34,48.300000000000004,48.26,48.26,48.24,48.58,48.54,48.5,48.46,48.42,48.38,48.36,48.32,48.32,48.28,48.24,48.58,48.54,48.5,48.46,48.42,48.4,48.4,48.36,48.32,48.28,48.24,48.58,48.54,48.5,48.46,48.42,48.42,48.4,48.36,48.32,48.28,48.24,48.58,48.54,48.5,48.46,48.46,48.44,48.4,48.36,48.32,48.28,48.24,48.58,48.54,48.52,48.52,48.480000000000004,48.44,48.4,48.36,48.32,48.28,48.26
2021-05-07 03:00:00,22.86,22.84,22.8,22.78,22.740000000000002,22.72,22.72,22.68,22.66,22.62,22.6,22.900000000000002,22.86,22.84,22.8,22.78,22.78,22.72,22.68,22.66,22.62,22.6,22.900000000000002,22.86,22.84,22.8,22.8,22.78,22.740000000000002,22.72,22.68,22.66,22.62,22.92,22.88,22.86,22.86,22.82,22.8,22.76,22.740000000000002,22.7,22.68,22.66,22.94,22.92,22.92,22.88,22.86,22.82,22.8,22.76,22.740000000000002,22.7,22.68,22.96,22.96,22.94,22.900000000000002,22.88,22.84,22.82,22.78,22.76,22.72,22.7,23.02,23.0,22.96,22.94,22.900000000000002,22.88,22.84,22.82,22.78,22.76,22.76,23.04,23.02,22.98,22.96,22.92,22.900000000000002,22.86,22.84,22.84,22.82,22.78,23.080000000000002,23.04,23.02,22.98,22.96,22.900000000000002,22.86,22.86,22.84,22.82,22.78,23.080000000000002,23.04,23.02,22.98,22.96,22.92,22.92,22.900000000000002,22.86,22.84,22.8,23.1,23.06,23.04,23.0,22.98,22.98,22.94,22.92,22.88,22.86,22.84
2021-05-10 05:00:00,17.32,17.34,17.36,17.400000000000002,17.42,17.44,17.46,17.46,17.48,17.52,17.54,17.36,17.38,17.400000000000002,17.42,17.46,17.48,17.48,17.46,17.48,17.52,17.54,17.36,17.38,17.400000000000002,17.42,17.46,17.46,17.48,17.5,17.52,17.54,17.580000000000002,17.400000000000002,17.42,17.44,17.46,17.46,17.5,17.52,17.54,17.56,17.580000000000002,17.62,17.44,17.46,17.48,17.48,17.52,17.54,17.56,17.580000000000002,17.6,17.62,17.66,17.48,17.5,17.5,17.52,17.56,17.580000000000002,17.6,17.62,17.64,17.66,17.7,17.52,17.52,17.54,17.56,17.580000000000002,17.62,17.64,17.66,17.68,17.7,17.740000000000002,17.54,17.56,17.580000000000002,17.6,17.62,17.66,17.68,17.7,17.72,17.72,17.740000000000002,17.580000000000002,17.6,17.62,17.64,17.66,17.7,17.68,17.7,17.7,17.72,17.740000000000002,17.580000000000002,17.6,17.62,17.64,17.66,17.7,17.72,17.72,17.740000000000002,17.76,17.78,17.62,17.64,17.66,17.68,17.7,17.740000000000002,17.740000000000002,17.76,17.78,17.8,17.82
