time,0,1,2,3,4,5,6,7,8,9,10,11,12,13,14,15,16,17,18,19,20,21,22,23,24,25,26,27,28,29,30,31,32,33,34,35,36,37,38,39,40,41,42,43,44,45,46,47,48,49,50,51,52,53,54,55,56,57,58,59,60,61,62,63,64,65,66,67,68,69,70,71,72,73,74,75,76,77,78,79,80,81,82,83,84,85,86,87,88,89,90,91,92,93,94,95,96,97,98,99,100,101,102,103,104,105,106,107,108,109,110,111,112,113,114,115,116,117,118,119,120
2021-02-25 06:00:00,230.58,230.62,230.66,230.74,230.78,230.82,230.86,230.9,230.94,230.98000000000002,230.98000000000002,230.56,230.6,230.66,230.70000000000002,230.74,230.78,230.82,230.88,230.88,230.92000000000002,230.96,230.54,230.6,230.64000000000001,230.68,230.72,230.76,230.8,230.8,230.84,230.88,230.92000000000002,230.54,230.58,230.62,230.66,230.70000000000002,230.70000000000002,230.74,230.78,230.82,230.86,230.9,230.52,230.56,230.6,230.6,230.64000000000001,230.68,230.72,230.76,230.8,230.84,230.88,230.48000000000002,230.48000000000002,230.52,230.56,230.62,230.66,230.70000000000002,230.74,230.78,230.82,230.86,230.42000000000002,230.46,230.5,230.54,230.58,230.62,230.66,230.72,230.76,230.76,230.8,230.4,230.44,230.48000000000002,230.52,230.56,230.6,230.64000000000001,230.68,230.68,230.72,230.76,230.38,230.42000000000002,230.46,230.5,230.54,230.58,230.58,230.62,230.66,230.70000000000002,230.74,230.34,230.38,230.42000000000002,230.48000000000002,230.48000000000002,230.52,230.56,230.6,230.64000000000001,230.68,230.72,230.32,230.36,230.36,230.4,230.44,230.48000000000002,230.54,230.58,230.62,230.66,230.70000000000002
2021-07-23 03:00:00,103.64,103.44,103.54,103.62,103.72,103.8,103.9,104.0,104.08,104.18,104.18,103.64,103.72,103.82000000000001,103.9,104.0,104.10000000000001,104.18,104.28,104.28,104.38,104.46000000000001,103.92,104.0,104.10000000000001,104.18,104.28,104.38,104.38,104.48,104.56,104.66,104.76,104.18,104.28,104.36,104.46000000000001,104.46000000000001,104.56,104.64,104.74000000000001,104.84,104.94,105.04,104.46000000000001,104.56,104.64,104.64,104.74000000000001,104.84,104.94,105.02,105.12,105.22,105.32000000000001,104.74000000000001,104.74000000000001,104.84,104.92,105.02,105.12,105.22,105.32000000000001,105.42,105.52,105.62,104.92,105.02,105.12,105.2,105.3,105.4,105.5,105.60000000000001,105.7,105.7,105.8,105.2,105.28,105.38,105.48,105.58,105.68,105.78,105.78,105.88,105.98,106.08,105.46000000000001,105.56,105.66,105.76,105.86,105.86,105.96000000000001,106.06,106.16,106.26,106.38,105.74000000000001,105.84,105.94,106.04,106.04,106.14,106.24000000000001,106.34,106.46000000000001,106.56,106.66,106.02,106.12,106.12,106.22,106.32000000000001,106.42,106.52,106.64,106.74000000000001,106.84,106.94
2021-03-10 05:00:00,218.92000000000002,218.98000000000002,219.08,219.14000000000001,219.20000000000002,219.26,219.34,219.4,219.46,219.52,219.52,218.88,218.98000000000002,219.04,219.1,219.18,219.24,219.3,219.36,219.36,219.44,219.5,218.88,218.94,219.0,219.08,219.14000000000001,219.20000000000002,219.20000000000002,219.26,219.34,219.4,219.46,218.86,218.92000000000002,218.98000000000002,219.04,219.12,219.12,219.18,219.24,219.3,219.36,219.44,218.82,218.88,218.96,218.96,219.02,219.08,219.14000000000001,219.22,219.28,219.34,219.4,218.8,218.8,218.86,218.92000000000002,218.98000000000002,219.06,219.12,219.18,219.24,219.32,219.38,218.70000000000002,218.76,218.82,218.88,218.96,219.02,219.08,219.14000000000001,219.22,219.22,219.28,218.66,218.72,218.8,218.86,218.92000000000002,218.98000000000002,219.06,219.06,219.12,219.18,219.24,218.64000000000001,218.70000000000002,218.76,218.84,218.9,218.96,218.96,219.02,219.1,219.16,219.22,218.6,218.68,218.74,218.8,218.8,218.86,218.94,219.0,219.06,219.12,219.20000000000002,218.58,218.64000000000001,218.64000000000001,218.70000000000002,218.78,218.84,218.9,218.96,219.04,219.1,219.16
2021-04-24 04:00:00,220.32,220.58,220.72,220.88,221.04,221.20000000000002,221.36,221.5,221.66,221.66,221.82,220.32,220.48000000000002,220.64000000000001,220.8,220.94,221.1,221.26,221.26,221.42000000000002,221.56,221.72,220.20000000000002,220.36,220.52,220.68,220.82,220.82,220.98000000000002,221.14000000000001,221.3,221.44,221.6,220.1,220.26,220.42000000000002,220.58,220.58,220.74,220.88,221.04,221.20000000000002,221.36,221.5,220.02,220.16,220.16,220.32,220.48000000000002,220.64000000000001,220.8,220.94,221.1,221.26,221.4,219.76,219.92000000000002,220.08,220.24,220.38,220.54,220.70000000000002,220.86,221.0,221.16,221.16,219.66,219.82,219.98000000000002,220.12,220.28,220.44,220.6,220.74,220.74,220.9,221.06,219.56,219.72,219.88,220.04,220.20000000000002,220.34,220.34,220.5,220.66,220.82,220.96,219.48000000000002,219.64000000000001,219.78,219.94,220.1,220.1,220.26,220.42000000000002,220.56,220.72,220.88,219.38,219.54,219.70000000000002,219.70000000000002,219.86,220.0,220.16,220.32,220.48000000000002,220.62,220.78,219.26,219.26,219.42000000000002,219.58,219.74,219.9,220.06,220.20000000000002,220.36,220.52,220.66
2021-05-29 00:00:00,80.5,80.5,80.52,80.52,80.54,80.56,80.56,80.58,80.58,80.58,80.60000000000001,80.54,80.54,80.56,80.56,80.58,80.60000000000001,80.60000000000001,80.60000000000001,80.62,80.62,80.64,80.58,80.58,80.60000000000001,80.60000000000001,80.60000000000001,80.62,80.64,80.64,80.66,80.66,80.68,80.60000000000001,80.62,80.62,80.64,80.64,80.66,80.66,80.68,80.7,80.7,80.72,80.64,80.64,80.66,80.68,80.68,80.7,80.7,80.72,80.74,80.74,80.76,80.68,80.68,80.7,80.72,80.72,80.74,80.74,80.76,80.78,80.78,80.78,80.72,80.72,80.74,80.76,80.76,80.78,80.78,80.78,80.8,80.82000000000001,80.82000000000001,80.76,80.76,80.78,80.8,80.8,80.8,80.82000000000001,80.82000000000001,80.84,80.86,80.86,80.8,80.8,80.82000000000001,80.82000000000001,80.84,80.84,80.86,80.86,80.88,80.9,80.9,80.84,80.84,80.84,80.86,80.88,80.88,80.9,80.9,80.92,80.94,80.94,80.86,80.88,80.88,80.9,80.92,80.92,80.94,80.94,80.96000000000001,80.98,80.98
2021-10-19 04:00:00,200.0,200.08,200.16,200.24,200.3,200.38,200.46,200.52,200.52,200.6,200.68,200.0,200.08,200.14000000000001,200.22,200.3,200.36,200.36,200.44,200.52,200.58,200.66,200.0,200.06,200.14000000000001,200.22,200.28,200.28,200.36,200.44,200.5,200.58,200.66,199.98000000000002,200.06,200.14000000000001,200.14000000000001,200.20000000000002,200.28,200.36,200.42000000000002,200.5,200.56,200.64000000000001,199.98000000000002,199.98000000000002,200.06,200.12,200.20000000000002,200.28,200.34,200.42000000000002,200.48000000000002,200.56,200.64000000000001,199.9,199.96,200.04,200.1,200.18,200.26,200.32,200.4,200.48000000000002,200.48000000000002,200.54,199.88,199.96,200.02,200.1,200.18,200.24,200.32,200.32,200.4,200.46,200.54,199.88,199.94,200.02,200.1,200.16,200.24,200.24,200.32,200.38,200.46,200.52,199.86,199.94,200.02,200.08,200.08,200.16,200.24,200.3,200.38,200.44,200.52,199.86,199.92000000000002,199.92000000000002,200.0,200.08,200.14000000000001,200.22,200.3,200.36,200.44,200.5,199.78,199.84,199.92000000000002,200.0,200.06,200.14000000000001,200.22,200.28,200.36,200.42000000000002,200.42000000000002
2021-06-07 04:00:00,274.86,274.86,275.16,275.14,275.12,275.1,275.08,275.06,275.04,275.02,275.0,274.56,274.86,274.84000000000003,274.82,274.8,274.78000000000003,274.76,274.74,274.72,274.72,274.7,274.56,274.54,274.52,274.5,274.48,274.46,274.44,274.44,274.44,274.42,274.40000000000003,274.24,274.22,274.2,274.18,274.16,274.16,274.14,274.14,274.12,274.1,274.08,273.90000000000003,273.90000000000003,273.88,273.86,273.86,273.84000000000003,273.84000000000003,273.82,273.8,273.8,273.78000000000003,273.58,273.56,273.56,273.56,273.54,273.52,273.52,273.5,273.5,273.48,273.46,273.26,273.26,273.24,273.24,273.22,273.22,273.2,273.18,273.18,273.16,273.16,272.94,272.92,272.92,272.92,272.9,272.9,272.88,272.88,272.88,272.86,272.86,272.62,272.6,272.6,272.58,272.58,272.58,272.58,272.56,272.56,272.56,272.54,272.28000000000003,272.28000000000003,272.28000000000003,272.26,272.26,272.26,272.26,272.26,272.24,272.24,272.24,271.96,271.96,271.96,271.96,271.94,271.94,271.94,271.94,271.94,271.94,271.92
2021-06-28 01:00:00,80.84,80.84,80.86,80.86,80.88,80.88,80.88,80.9,80.9,80.9,80.92,80.9,80.9,80.92,80.92,80.94,80.94,80.94,80.94,80.96000000000001,80.96000000000001,80.98,80.96000000000001,80.96000000000001,80.98,80.98,81.0,81.0,81.0,81.02,81.02,81.02,81.04,81.02,81.02,81.04,81.04,81.04,81.06,81.06,81.06,81.08,81.08,81.10000000000001,81.08,81.08,81.08,81.10000000000001,81.10000000000001,81.12,81.12,81.14,81.14,81.16,81.16,81.12,81.14,81.14,81.16,81.16,81.18,81.18,81.2,81.2,81.22,81.22,81.18,81.2,81.2,81.22,81.22,81.24,81.24,81.26,81.26,81.26,81.28,81.24,81.26,81.26,81.28,81.28,81.3,81.3,81.3,81.32000000000001,81.32000000000001,81.34,81.3,81.32000000000001,81.32000000000001,81.34,81.34,81.34,81.36,81.36,81.38,81.38,81.4,81.36,81.38,81.38,81.38,81.4,81.4,81.42,81.42,81.44,81.44,81.46000000000001,81.42,81.42,81.44,81.44,81.46000000000001,81.46000000000001,81.48,81.48,81.5,81.5,81.52
2021-04-14 02:00:00,117.32000000000001,117.38,117.44,117.5,117.56,117.62,117.68,117.74000000000001,117.74000000000001,117.8,117.86,117.4,117.46000000000001,117.52,117.58,117.64,117.7,117.7,117.76,117.82000000000001,117.88,117.96000000000001,117.48,117.54,117.60000000000001,117.66,117.66,117.72,117.78,117.84,117.9,117.98,118.04,117.58,117.64,117.7,117.7,117.76,117.82000000000001,117.88,117.94,118.0,118.06,118.12,117.66,117.66,117.72,117.78,117.84,117.9,117.96000000000001,118.02,118.08,118.16,118.22,117.7,117.76,117.82000000000001,117.88,117.94,118.0,118.06,118.12,118.18,118.18,118.24000000000001,117.78,117.84,117.9,117.96000000000001,118.02,118.08,118.14,118.14,118.2,118.26,118.32000000000001,117.86,117.92,117.98,118.04,118.10000000000001,118.10000000000001,118.18,118.24000000000001,118.3,118.36,118.42,117.96000000000001,118.02,118.08,118.14,118.14,118.2,118.26,118.32000000000001,118.38,118.44,118.5,118.04,118.10000000000001,118.10000000000001,118.16,118.22,118.28,118.34,118.42,118.48,118.54,118.60000000000001,118.06,118.12,118.18,118.24000000000001,118.3,118.36,118.44,118.5,118.56,118.62,118.62
2021-03-14 06:00:00,238.74,238.74,238.78,238.84,238.88,238.92000000000002,238.96,239.0,239.04,239.08,239.12,238.66,238.70000000000002,238.78,238.82,238.86,238.9,238.94,238.98000000000002,239.0,239.0,239.04,238.62,238.70000000000002,238.74,238.78,238.82,238.86,238.9,238.9,238.94,238.98000000000002,239.02,238.62,238.66,238.70000000000002,238.74,238.78,238.82,238.82,238.86,238.9,238.94,238.98000000000002,238.6,238.64000000000001,238.68,238.72,238.72,238.76,238.8,238.84,238.88,238.9,238.94,238.56,238.6,238.6,238.64000000000001,238.68,238.72,238.76,238.8,238.84,238.88,238.92000000000002,238.5,238.54,238.58,238.6,238.64000000000001,238.68,238.72,238.76,238.8,238.84,238.84,238.46,238.5,238.54,238.58,238.62,238.66,238.70000000000002,238.74,238.74,238.78,238.82,238.42000000000002,238.46,238.5,238.54,238.58,238.62,238.66,238.66,238.70000000000002,238.74,238.78,238.4,238.44,238.48000000000002,238.52,238.56,238.56,238.6,238.64000000000001,238.68,238.72,238.76,238.36,238.4,238.44,238.44,238.48000000000002,238.52,238.56,238.6,238.64000000000001,238.68,238.72
2021-03-31 06:00:00,248.24,248.24,248.28,248.36,248.38,248.42000000000002,248.46,248.48000000000002,248.52,248.56,248.58,248.18,248.20000000000002,248.28,248.32,248.34,248.38,248.42000000000002,248.44,248.48000000000002,248.48000000000002,248.52,248.14000000000001,248.20000000000002,248.24,248.28,248.3,248.34,248.38,248.38,248.4,248.44,248.48000000000002,248.14000000000001,248.16,248.20000000000002,248.24,248.26000000000002,248.3,248.3,248.34,248.36,248.4,248.44,248.1,248.12,248.16,248.20000000000002,248.20000000000002,248.22,248.26000000000002,248.3,248.32,248.36,248.4,248.06,248.08,248.08,248.12,248.16,248.18,248.22,248.26000000000002,248.28,248.32,248.36,247.98000000000002,248.0,248.04,248.08,248.1,248.14000000000001,248.18,248.20000000000002,248.24,248.28,248.28,247.94,247.96,248.0,248.04,248.06,248.1,248.14000000000001,248.16,248.16,248.20000000000002,248.24,247.9,247.92000000000002,247.96,248.0,248.02,248.06,248.1,248.1,248.14000000000001,248.16,248.20000000000002,247.86,247.88,247.92000000000002,247.96,247.98000000000002,247.98000000000002,248.02,248.06,248.1,248.12,248.16,247.8,247.84,247.88,247.88,247.92000000000002,247.94,247.98000000000002,248.02,248.04,248.08,248.12
2021-04-28 01:00:00,96.72,96.74000000000001,96.76,96.8,96.82000000000001,96.84,96.88,96.9,96.92,96.92,96.94,96.78,96.8,96.84,96.86,96.88,96.9,96.94,96.94,96.96000000000001,96.98,97.02,96.84,96.86,96.9,96.92,96.94,96.94,96.98,97.0,97.02,97.04,97.08,96.9,96.92,96.96000000000001,96.96000000000001,96.98,97.0,97.02,97.06,97.08,97.10000000000001,97.14,96.96000000000001,96.98,96.98,97.02,97.04,97.06,97.10000000000001,97.12,97.14,97.16,97.2,97.0,97.02,97.04,97.08,97.10000000000001,97.12,97.16,97.18,97.2,97.24000000000001,97.24000000000001,97.06,97.08,97.12,97.14,97.16,97.2,97.22,97.24000000000001,97.24000000000001,97.26,97.3,97.12,97.14,97.18,97.2,97.22,97.26,97.26,97.28,97.3,97.32000000000001,97.36,97.18,97.2,97.24000000000001,97.26,97.26,97.28,97.32000000000001,97.34,97.36,97.4,97.42,97.24000000000001,97.26,97.3,97.3,97.32000000000001,97.34,97.38,97.4,97.42,97.46000000000001,97.48,97.3,97.3,97.34,97.36,97.38,97.42,97.44,97.46000000000001,97.5,97.52,97.54
2021-06-27 01:00:00,80.76,80.78,80.78,80.8,80.8,80.82000000000001,80.82000000000001,80.84,80.84,80.84,80.84,80.82000000000001,80.84,80.84,80.86,80.86,80.88,80.88,80.88,80.9,80.9,80.92,80.88,80.9,80.9,80.92,80.92,80.92,80.94,80.94,80.96000000000001,80.96000000000001,80.98,80.94,80.96000000000001,80.96000000000001,80.96000000000001,80.98,80.98,81.0,81.0,81.02,81.02,81.04,81.0,81.02,81.02,81.02,81.04,81.04,81.06,81.06,81.08,81.08,81.10000000000001,81.06,81.06,81.08,81.08,81.10000000000001,81.10000000000001,81.12,81.12,81.14,81.14,81.14,81.12,81.12,81.14,81.14,81.16,81.16,81.18,81.18,81.18,81.2,81.2,81.18,81.18,81.2,81.2,81.22,81.22,81.22,81.24,81.24,81.26,81.26,81.24,81.24,81.26,81.26,81.26,81.28,81.28,81.3,81.3,81.32000000000001,81.32000000000001,81.3,81.3,81.32000000000001,81.32000000000001,81.32000000000001,81.34,81.34,81.36,81.36,81.38,81.38,81.36,81.36,81.36,81.38,81.38,81.4,81.4,81.42,81.42,81.44,81.44
2021-10-23 04:00:00,199.48000000000002,199.56,199.64000000000001,199.70000000000002,199.78,199.84,199.92000000000002,199.98000000000002,199.98000000000002,200.06,200.12,199.48000000000002,199.54,199.62,199.68,199.76,199.82,199.82,199.9,199.98000000000002,200.04,200.12,199.48000000000002,199.54,199.62,199.68,199.76,199.76,199.82,199.9,199.96,200.04,200.1,199.46,199.54,199.6,199.6,199.68,199.74,199.82,199.88,199.96,200.02,200.1,199.46,199.46,199.54,199.6,199.68,199.74,199.82,199.88,199.96,200.02,200.1,199.38,199.44,199.52,199.58,199.66,199.72,199.8,199.86,199.94,199.94,200.0,199.36,199.44,199.5,199.58,199.64000000000001,199.72,199.78,199.78,199.86,199.92000000000002,200.0,199.36,199.44,199.5,199.58,199.64000000000001,199.72,199.72,199.78,199.86,199.92000000000002,200.0,199.36,199.42000000000002,199.5,199.56,199.56,199.64000000000001,199.70000000000002,199.78,199.84,199.92000000000002,199.98000000000002,199.34,199.42000000000002,199.42000000000002,199.48000000000002,199.56,199.62,199.70000000000002,199.76,199.84,199.9,199.98000000000002,199.26,199.34,199.4,199.48000000000002,199.54,199.62,199.68,199.76,199.82,199.9,199.9
2021-10-31 03:00:00,174.66,174.74,174.8,174.88,174.96,175.02,175.02,175.1,175.16,175.24,175.32,174.68,174.74,174.82,174.9,174.9,174.96,175.04,175.1,175.18,175.26,175.32,174.70000000000002,174.76,174.84,174.84,174.9,174.98,175.06,175.12,175.20000000000002,175.28,175.34,174.72,174.72,174.78,174.86,174.92000000000002,175.0,175.08,175.14000000000001,175.22,175.28,175.36,174.66,174.72,174.8,174.88,174.94,175.02,175.08,175.16,175.24,175.24,175.3,174.66,174.74,174.8,174.88,174.96,175.02,175.1,175.1,175.16,175.24,175.32,174.68,174.76,174.82,174.9,174.98,174.98,175.04,175.12,175.18,175.26,175.34,174.70000000000002,174.78,174.84,174.92000000000002,174.92000000000002,174.98,175.06,175.14000000000001,175.20000000000002,175.28,175.34,174.72,174.8,174.8,174.86,174.94,175.0,175.08,175.16,175.22,175.3,175.36,174.66,174.74,174.8,174.88,174.94,175.02,175.1,175.16,175.24,175.3,175.3,174.68,174.76,174.82,174.9,174.96,175.04,175.12,175.18,175.18,175.26,175.32
2021-05-22 06:00:00,274.3,274.3,274.32,274.32,274.38,274.38,274.40000000000003,274.42,274.42,274.44,274.44,274.24,274.24,274.24,274.32,274.32,274.34000000000003,274.34000000000003,274.36,274.36,274.38,274.38,274.16,274.18,274.24,274.26,274.26,274.28000000000003,274.3,274.3,274.32,274.32,274.32,274.12,274.18,274.2,274.2,274.22,274.22,274.24,274.24,274.24,274.26,274.26,274.12,274.12,274.14,274.14,274.16,274.16,274.16,274.18,274.2,274.2,274.22,274.06,274.06,274.08,274.1,274.1,274.1,274.12,274.12,274.14,274.14,274.16,274.0,274.02,274.02,274.02,274.04,274.04,274.06,274.06,274.08,274.1,274.1,273.94,273.94,273.96,273.96,273.98,274.0,274.0,274.02,274.02,274.04,274.04,273.88,273.88,273.90000000000003,273.92,273.92,273.94,273.94,273.96,273.96,273.96,273.98,273.82,273.84000000000003,273.84000000000003,273.86,273.86,273.88,273.90000000000003,273.90000000000003,273.90000000000003,273.92,273.92,273.76,273.78000000000003,273.78000000000003,273.8,273.82,273.82,273.82,273.84000000000003,273.84000000000003,273.86,273.88
2021-06-02 02:00:00,86.2,86.10000000000001,86.10000000000001,86.12,86.14,86.14,86.16,86.18,86.18,86.2,86.2,86.2,86.22,86.22,86.24,86.26,86.26,86.28,86.28,86.28,86.3,86.32000000000001,86.32000000000001,86.32000000000001,86.34,86.36,86.36,86.38,86.38,86.4,86.4,86.42,86.44,86.42,86.44,86.46000000000001,86.46000000000001,86.46000000000001,86.48,86.5,86.5,86.52,86.54,86.54,86.54,86.56,86.56,86.56,86.58,86.60000000000001,86.60000000000001,86.62,86.64,86.66,86.66,86.66,86.66,86.66,86.68,86.7,86.72,86.72,86.74,86.76,86.76,86.78,86.76,86.76,86.78,86.8,86.82000000000001,86.82000000000001,86.84,86.86,86.88,86.88,86.88,86.86,86.88,86.9,86.92,86.92,86.94,86.96000000000001,86.96000000000001,86.98,86.98,87.0,86.98,87.0,87.02,87.02,87.04,87.04,87.06,87.08,87.08,87.10000000000001,87.12,87.10000000000001,87.12,87.14,87.14,87.14,87.16,87.18,87.2,87.2,87.22,87.24,87.22,87.24,87.24,87.24,87.26,87.28,87.3,87.3,87.32000000000001,87.34,87.36
2021-06-29 06:00:00,278.74,278.74,278.74,278.8,278.82,278.82,278.82,278.82,278.84000000000003,278.84000000000003,278.84000000000003,278.68,278.68,278.74,278.74,278.76,278.76,278.76,278.78000000000003,278.78000000000003,278.78000000000003,278.78000000000003,278.6,278.68,278.68,278.68,278.7,278.7,278.7,278.72,278.72,278.72,278.72,278.6,278.62,278.62,278.62,278.64,278.64,278.64,278.64,278.66,278.66,278.66,278.54,278.56,278.56,278.56,278.58,278.58,278.58,278.58,278.6,278.6,278.6,278.48,278.5,278.5,278.5,278.5,278.52,278.52,278.52,278.54,278.54,278.54,278.42,278.42,278.44,278.44,278.44,278.46,278.46,278.46,278.48,278.48,278.48,278.36,278.36,278.38,278.38,278.38,278.40000000000003,278.40000000000003,278.40000000000003,278.42,278.42,278.42,278.3,278.3,278.32,278.32,278.32,278.34000000000003,278.34000000000003,278.34000000000003,278.34000000000003,278.36,278.36,278.24,278.24,278.26,278.26,278.26,278.28000000000003,278.28000000000003,278.28000000000003,278.28000000000003,278.3,278.3,278.18,278.18,278.2,278.2,278.2,278.2,278.22,278.22,278.22,278.24,278.24
2021-06-08 01:00:00,81.76,81.78,81.78,81.8,81.8,81.82000000000001,81.82000000000001,81.84,81.84,81.84,81.86,81.82000000000001,81.84,81.84,81.86,81.86,81.88,81.88,81.88,81.9,81.9,81.92,81.88,81.9,81.9,81.92,81.92,81.92,81.94,81.94,81.96000000000001,81.98,81.98,81.94,81.96000000000001,81.96000000000001,81.96000000000001,81.98,82.0,82.0,82.02,82.02,82.04,82.04,82.02,82.02,82.02,82.04,82.04,82.06,82.06,82.08,82.08,82.10000000000001,82.10000000000001,82.06,82.08,82.08,82.10000000000001,82.10000000000001,82.12,82.12,82.14,82.14,82.16,82.16,82.12,82.14,82.14,82.16,82.16,82.18,82.18,82.2,82.2,82.22,82.22,82.18,82.2,82.2,82.22,82.24,82.24,82.24,82.26,82.26,82.28,82.28,82.24,82.26,82.28,82.28,82.28,82.3,82.3,82.32000000000001,82.32000000000001,82.34,82.34,82.32000000000001,82.32000000000001,82.34,82.34,82.34,82.36,82.36,82.38,82.38,82.4,82.42,82.38,82.38,82.38,82.4,82.4,82.42,82.44,82.44,82.46000000000001,82.46000000000001,82.48
2021-06-14 01:00:00,80.98,80.98,81.0,81.0,81.02,81.02,81.04,81.04,81.06,81.06,81.06,81.04,81.04,81.06,81.06,81.08,81.08,81.10000000000001,81.10000000000001,81.10000000000001,81.12,81.12,81.10000000000001,81.10000000000001,81.12,81.12,81.14,81.14,81.14,81.16,81.16,81.18,81.18,81.16,81.16,81.18,81.18,81.18,81.2,81.2,81.22,81.22,81.24,81.24,81.22,81.24,81.24,81.24,81.24,81.26,81.26,81.28,81.28,81.3,81.3,81.28,81.28,81.3,81.3,81.32000000000001,81.32000000000001,81.34,81.34,81.36,81.36,81.36,81.34,81.34,81.36,81.36,81.38,81.38,81.4,81.4,81.4,81.42,81.42,81.4,81.4,81.42,81.42,81.44,81.44,81.44,81.46000000000001,81.46000000000001,81.48,81.48,81.46000000000001,81.46000000000001,81.48,81.48,81.48,81.5,81.5,81.52,81.52,81.54,81.54,81.52,81.52,81.54,81.54,81.54,81.56,81.58,81.58,81.60000000000001,81.60000000000001,81.62,81.58,81.58,81.60000000000001,81.60000000000001,81.62,81.62,81.64,81.64,81.66,81.66,81.68
2021-03-02 06:00:00,232.74,232.78,232.82,232.9,232.94,232.98000000000002,233.02,233.06,233.1,233.14000000000001,233.14000000000001,232.72,232.76,232.82,232.86,232.9,232.94,232.98000000000002,233.02,233.02,233.06,233.1,232.70000000000002,232.76,232.8,232.84,232.88,232.92000000000002,232.96,232.96,233.0,233.04,233.08,232.70000000000002,232.74,232.78,232.82,232.86,232.86,232.9,232.94,232.98000000000002,233.02,233.06,232.66,232.70000000000002,232.74,232.74,232.78,232.82,232.88,232.92000000000002,232.96,233.0,233.04,232.64000000000001,232.64000000000001,232.68,232.72,232.76,232.8,232.84,232.88,232.92000000000002,232.96,233.0,232.58,232.62,232.66,232.70000000000002,232.74,232.78,232.82,232.86,232.9,232.9,232.94,232.54,232.58,232.62,232.66,232.70000000000002,232.74,232.8,232.84,232.84,232.88,232.92000000000002,232.52,232.56,232.6,232.64000000000001,232.68,232.72,232.72,232.76,232.8,232.84,232.88,232.48000000000002,232.52,232.58,232.62,232.62,232.66,232.70000000000002,232.74,232.78,232.82,232.86,232.46,232.5,232.5,232.54,232.58,232.62,232.66,232.70000000000002,232.76,232.8,232.84
2021-06-21 05:00:00,277.38,277.38,277.38,277.5,277.5,277.5,277.5,277.5,277.5,277.5,277.5,277.28000000000003,277.28000000000003,277.38,277.38,277.38,277.38,277.38,277.38,277.38,277.38,277.38,277.16,277.28000000000003,277.28000000000003,277.28000000000003,277.28000000000003,277.28000000000003,277.28000000000003,277.28000000000003,277.28000000000003,277.28000000000003,277.28000000000003,277.16,277.16,277.16,277.16,277.16,277.16,277.16,277.16,277.16,277.16,277.16,277.06,277.06,277.06,277.06,277.06,277.06,277.06,277.06,277.06,277.06,277.06,276.94,276.94,276.94,276.94,276.94,276.94,276.94,276.94,276.94,276.94,276.94,276.84000000000003,276.84000000000003,276.84000000000003,276.84000000000003,276.84000000000003,276.84000000000003,276.84000000000003,276.84000000000003,276.84000000000003,276.84000000000003,276.84000000000003,276.72,276.72,276.72,276.72,276.72,276.72,276.72,276.72,276.72,276.72,276.74,276.62,276.62,276.62,276.62,276.62,276.62,276.62,276.62,276.62,276.62,276.62,276.5,276.5,276.5,276.5,276.5,276.5,276.5,276.5,276.52,276.52,276.52,276.40000000000003,276.40000000000003,276.40000000000003,276.40000000000003,276.40000000000003,276.40000000000003,276.40000000000003,276.40000000000003,276.40000000000003,276.40000000000003,276.40000000000003
2021-08-07 06:00:00,266.5,266.52,266.54,266.54,266.62,266.64,266.66,266.68,266.7,266.7,266.72,266.44,266.44,266.46,266.54,266.56,266.58,266.6,266.62,266.64,266.66,266.68,266.38,266.38,266.46,266.48,266.5,266.52,266.54,266.56,266.58,266.58,266.6,266.32,266.38,266.4,266.42,266.44,266.46,266.48,266.48,266.5,266.52,266.54,266.32,266.34000000000003,266.36,266.38,266.38,266.4,266.4,266.42,266.44,266.46,266.48,266.26,266.28000000000003,266.3,266.32,266.32,266.34000000000003,266.36,266.38,266.4,266.4,266.42,266.2,266.22,266.22,266.24,266.26,266.28000000000003,266.3,266.32,266.34000000000003,266.36,266.38,266.12,266.14,266.16,266.18,266.2,266.22,266.24,266.26,266.28000000000003,266.3,266.3,266.06,266.08,266.1,266.12,266.14,266.16,266.18,266.2,266.2,266.22,266.24,266.0,266.02,266.04,266.06,266.08,266.1,266.12,266.12,266.14,266.16,266.18,265.96,265.98,266.0,266.02,266.04,266.04,266.04,266.06,266.08,266.1,266.12
2021-09-12 03:00:00,160.1,160.24,160.36,160.48,160.62,160.74,160.88,161.0,161.0,161.14000000000001,161.26,160.16,160.3,160.42000000000002,160.56,160.68,160.82,160.82,160.94,161.08,161.20000000000002,161.34,160.20000000000002,160.34,160.46,160.6,160.6,160.72,160.86,160.98,161.12,161.24,161.38,160.28,160.4,160.54,160.54,160.66,160.78,160.92000000000002,161.04,161.18,161.3,161.44,160.34,160.34,160.46,160.6,160.72,160.86,160.98,161.1,161.24,161.36,161.5,160.28,160.4,160.52,160.66,160.78,160.92000000000002,161.04,161.18,161.3,161.3,161.44,160.32,160.46,160.58,160.70000000000002,160.84,160.96,161.1,161.1,161.22,161.36,161.48,160.38,160.52,160.64000000000001,160.78,160.9,160.9,161.02,161.16,161.28,161.42000000000002,161.54,160.46,160.58,160.70000000000002,160.84,160.84,160.96,161.1,161.22,161.34,161.48,161.6,160.52,160.64000000000001,160.64000000000001,160.76,160.9,161.02,161.16,161.28,161.4,161.54,161.66,160.42000000000002,160.56,160.68,160.82,160.94,161.06,161.20000000000002,161.32,161.46,161.58,161.58
2021-09-04 05:00:00,238.64000000000001,238.70000000000002,238.82,238.88,238.94,238.98000000000002,239.04,239.1,239.16,239.22,239.22,238.58,238.70000000000002,238.76,238.82,238.88,238.92000000000002,238.98000000000002,239.04,239.04,239.1,239.16,238.58,238.64000000000001,238.70000000000002,238.76,238.8,238.86,238.86,238.92000000000002,238.98000000000002,239.04,239.1,238.52,238.58,238.64000000000001,238.70000000000002,238.74,238.74,238.8,238.86,238.92000000000002,238.98000000000002,239.04,238.46,238.52,238.58,238.58,238.64000000000001,238.70000000000002,238.74,238.8,238.86,238.92000000000002,238.98000000000002,238.4,238.4,238.46,238.52,238.58,238.64000000000001,238.68,238.74,238.8,238.86,238.92000000000002,238.28,238.34,238.4,238.44,238.5,238.56,238.62,238.68,238.74,238.74,238.8,238.22,238.28,238.34,238.4,238.44,238.5,238.56,238.56,238.62,238.68,238.74,238.16,238.22,238.28,238.34,238.38,238.44,238.44,238.5,238.56,238.62,238.68,238.1,238.16,238.22,238.28,238.28,238.34,238.38,238.44,238.5,238.56,238.62,238.04,238.1,238.1,238.16,238.22,238.26,238.32,238.38,238.44,238.5,238.56
2021-10-12 05:00:00,223.20000000000002,223.26,223.34,223.4,223.44,223.5,223.54,223.6,223.66,223.66,223.70000000000002,223.18,223.26,223.3,223.36,223.42000000000002,223.46,223.52,223.52,223.56,223.62,223.68,223.18,223.22,223.28,223.34,223.38,223.44,223.44,223.5,223.54,223.6,223.64000000000001,223.16,223.20000000000002,223.26,223.3,223.3,223.36,223.42000000000002,223.46,223.52,223.58,223.62,223.12,223.18,223.18,223.24,223.28,223.34,223.38,223.44,223.5,223.54,223.6,223.04,223.1,223.16,223.20000000000002,223.26,223.3,223.36,223.42000000000002,223.46,223.52,223.52,223.02,223.08,223.12,223.18,223.24,223.28,223.34,223.38,223.38,223.44,223.5,223.0,223.04,223.1,223.16,223.20000000000002,223.26,223.32,223.32,223.36,223.42000000000002,223.46,222.98000000000002,223.02,223.08,223.12,223.18,223.18,223.24,223.28,223.34,223.4,223.44,222.94,223.0,223.04,223.04,223.1,223.14000000000001,223.20000000000002,223.26,223.3,223.36,223.42000000000002,222.92000000000002,222.92000000000002,222.96,223.02,223.08,223.12,223.18,223.22,223.28,223.34,223.38
2021-02-09 03:00:00,162.88,162.94,163.0,163.08,163.14000000000001,163.20000000000002,163.20000000000002,163.28,163.34,163.4,163.48,162.9,162.96,163.02,163.1,163.1,163.16,163.22,163.3,163.36,163.44,163.5,162.92000000000002,162.98,163.06,163.06,163.12,163.18,163.26,163.32,163.4,163.46,163.52,162.94,162.94,163.02,163.08,163.14000000000001,163.22,163.28,163.36,163.42000000000002,163.48,163.56,162.9,162.98,163.04,163.12,163.18,163.24,163.32,163.38,163.44,163.44,163.52,162.92000000000002,163.0,163.06,163.12,163.20000000000002,163.26,163.32,163.32,163.4,163.46,163.54,162.96,163.02,163.08,163.16,163.22,163.22,163.28,163.36,163.42000000000002,163.5,163.56,162.98,163.04,163.12,163.18,163.18,163.24,163.32,163.38,163.46,163.52,163.58,163.02,163.08,163.08,163.14000000000001,163.20000000000002,163.28,163.34,163.42000000000002,163.48,163.54,163.62,162.96,163.04,163.1,163.16,163.24,163.3,163.36,163.44,163.5,163.56,163.56,163.0,163.06,163.12,163.20000000000002,163.26,163.32,163.4,163.46,163.46,163.52,163.6
2021-03-24 04:00:00,196.44,196.56,196.68,196.78,196.9,197.02,197.14000000000001,197.24,197.36,197.36,197.48000000000002,196.44,196.54,196.66,196.78,196.9,197.0,197.12,197.12,197.24,197.36,197.46,196.4,196.52,196.64000000000001,196.76,196.86,196.86,196.98000000000002,197.1,197.20000000000002,197.32,197.44,196.4,196.52,196.62,196.74,196.74,196.86,196.98000000000002,197.08,197.20000000000002,197.32,197.42000000000002,196.4,196.5,196.5,196.62,196.74,196.84,196.96,197.08,197.20000000000002,197.3,197.42000000000002,196.26,196.38,196.5,196.62,196.72,196.84,196.96,197.06,197.18,197.3,197.3,196.26,196.36,196.48000000000002,196.6,196.70000000000002,196.82,196.94,197.06,197.06,197.16,197.28,196.24,196.36,196.48000000000002,196.58,196.70000000000002,196.82,196.82,196.92000000000002,197.04,197.16,197.26,196.24,196.34,196.46,196.58,196.70000000000002,196.70000000000002,196.8,196.92000000000002,197.04,197.14000000000001,197.26,196.22,196.34,196.46,196.46,196.56,196.68,196.8,196.92000000000002,197.02,197.14000000000001,197.26,196.20000000000002,196.20000000000002,196.32,196.44,196.54,196.66,196.78,196.88,197.0,197.12,197.22
2021-05-16 02:00:00,95.14,95.06,95.08,95.12,95.14,95.18,95.2,95.24,95.26,95.3,95.3,95.14,95.18,95.2,95.24,95.26,95.3,95.32000000000001,95.36,95.36,95.38,95.42,95.26,95.28,95.32000000000001,95.36,95.38,95.42,95.42,95.44,95.48,95.5,95.54,95.38,95.4,95.44,95.46000000000001,95.46000000000001,95.5,95.52,95.56,95.60000000000001,95.62,95.66,95.48,95.52,95.56,95.56,95.58,95.62,95.64,95.68,95.7,95.74000000000001,95.78,95.60000000000001,95.60000000000001,95.64,95.66,95.7,95.74000000000001,95.76,95.8,95.82000000000001,95.86,95.9,95.7,95.72,95.76,95.78,95.82000000000001,95.84,95.88,95.92,95.94,95.94,95.98,95.8,95.84,95.86,95.9,95.94,95.96000000000001,96.0,96.0,96.04,96.06,96.10000000000001,95.92,95.96000000000001,95.98,96.02,96.06,96.06,96.08,96.12,96.16,96.18,96.22,96.04,96.08,96.10000000000001,96.14,96.14,96.16,96.2,96.24000000000001,96.26,96.3,96.34,96.16,96.18,96.18,96.22,96.26,96.28,96.32000000000001,96.36,96.38,96.42,96.46000000000001
2021-06-13 03:00:00,81.24,80.88,80.84,80.82000000000001,80.8,80.76,80.74,80.7,80.68,80.64,80.64,81.24,81.2,81.18,81.16,81.14,81.10000000000001,81.08,81.06,81.06,81.02,81.0,81.56,81.54,81.52,81.5,81.48,81.46000000000001,81.46000000000001,81.42,81.4,81.38,81.34,81.9,81.88,81.86,81.84,81.84,81.82000000000001,81.8,81.78,81.76,81.74,81.7,82.24,82.22,82.2,82.2,82.18,82.16,82.14,82.12,82.10000000000001,82.08,82.06,82.58,82.58,82.56,82.56,82.54,82.52,82.5,82.48,82.46000000000001,82.44,82.42,82.94,82.92,82.92,82.9,82.88,82.86,82.86,82.84,82.82000000000001,82.82000000000001,82.8,83.28,83.26,83.26,83.24,83.24,83.22,83.2,83.2,83.2,83.18,83.16,83.62,83.62,83.60000000000001,83.60000000000001,83.58,83.58,83.56,83.56,83.54,83.54,83.52,83.96000000000001,83.96000000000001,83.94,83.94,83.94,83.94,83.92,83.92,83.9,83.9,83.88,84.3,84.3,84.3,84.3,84.3,84.28,84.28,84.28,84.26,84.26,84.24
2021-10-04 05:00:00,225.84,225.84,225.9,225.98000000000002,226.04,226.1,226.14000000000001,226.20000000000002,226.26,226.3,226.36,225.76,225.8,225.9,225.96,226.0,226.06,226.12,226.16,226.22,226.22,226.28,225.72,225.8,225.86,225.92000000000002,225.96,226.02,226.08,226.08,226.14000000000001,226.18,226.24,225.72,225.78,225.84,225.88,225.94,226.0,226.0,226.04,226.1,226.16,226.20000000000002,225.70000000000002,225.74,225.8,225.86,225.86,225.9,225.96,226.02,226.08,226.12,226.18,225.66,225.72,225.72,225.78,225.82,225.88,225.94,225.98000000000002,226.04,226.1,226.16,225.58,225.62,225.68,225.74,225.8,225.84,225.9,225.96,226.0,226.06,226.06,225.54,225.6,225.66,225.70000000000002,225.76,225.82,225.88,225.92000000000002,225.92000000000002,225.98000000000002,226.04,225.52,225.56,225.62,225.68,225.74,225.78,225.84,225.84,225.9,225.94,226.0,225.48000000000002,225.54,225.6,225.64000000000001,225.70000000000002,225.70000000000002,225.76,225.82,225.86,225.92000000000002,225.98000000000002,225.44,225.5,225.56,225.56,225.62,225.66,225.72,225.78,225.82,225.88,225.94
2021-10-08 03:00:00,171.1,171.18,171.28,171.36,171.46,171.56,171.56,171.64000000000001,171.74,171.82,171.92000000000002,171.12,171.20000000000002,171.3,171.38,171.38,171.48,171.58,171.66,171.76,171.86,171.94,171.14000000000001,171.24,171.32,171.32,171.42000000000002,171.52,171.6,171.70000000000002,171.78,171.88,171.98,171.18,171.18,171.26,171.36,171.44,171.54,171.64000000000001,171.72,171.82,171.9,172.0,171.1,171.20000000000002,171.3,171.38,171.48,171.56,171.66,171.76,171.84,171.84,171.94,171.12,171.22,171.3,171.4,171.48,171.58,171.68,171.68,171.76,171.86,171.94,171.16,171.24,171.34,171.42000000000002,171.52,171.52,171.6,171.70000000000002,171.8,171.88,171.98,171.18,171.28,171.36,171.46,171.46,171.54,171.64000000000001,171.72,171.82,171.92000000000002,172.0,171.20000000000002,171.3,171.3,171.4,171.48,171.58,171.66,171.76,171.84,171.94,172.04,171.14000000000001,171.24,171.32,171.42000000000002,171.5,171.6,171.68,171.78,171.86,171.96,171.96,171.16,171.26,171.34,171.44,171.54,171.62,171.72,171.8,171.8,171.9,171.98
2021-10-23 02:00:00,150.04,150.1,150.16,150.22,150.28,150.28,150.36,150.42000000000002,150.48,150.54,150.6,150.06,150.14000000000001,150.20000000000002,150.20000000000002,150.26,150.32,150.38,150.44,150.52,150.58,150.64000000000001,150.1,150.16,150.16,150.24,150.3,150.36,150.42000000000002,150.48,150.54,150.62,150.68,150.08,150.14000000000001,150.20000000000002,150.28,150.34,150.4,150.46,150.52,150.58,150.66,150.66,150.12,150.18,150.24,150.3,150.38,150.44,150.5,150.56,150.56,150.62,150.68,150.14000000000001,150.22,150.28,150.34,150.4,150.46,150.46,150.52,150.58,150.66,150.72,150.18,150.24,150.32,150.38,150.38,150.44,150.5,150.56,150.62,150.70000000000002,150.76,150.22,150.28,150.34,150.34,150.42000000000002,150.48,150.54,150.6,150.66,150.72,150.8,150.26,150.26,150.32,150.38,150.44,150.52,150.58,150.64000000000001,150.70000000000002,150.76,150.82,150.22,150.3,150.36,150.42000000000002,150.48,150.54,150.6,150.68,150.74,150.74,150.8,150.26,150.32,150.4,150.46,150.52,150.58,150.64000000000001,150.64000000000001,150.70000000000002,150.78,150.84
2021-04-29 02:00:00,107.10000000000001,107.06,107.10000000000001,107.16,107.2,107.26,107.3,107.36,107.4,107.46000000000001,107.46000000000001,107.10000000000001,107.16,107.2,107.26,107.3,107.36,107.4,107.46000000000001,107.46000000000001,107.52,107.56,107.22,107.26,107.32000000000001,107.36,107.42,107.46000000000001,107.46000000000001,107.52,107.56,107.62,107.68,107.32000000000001,107.36,107.42,107.46000000000001,107.46000000000001,107.52,107.56,107.62,107.68,107.72,107.78,107.42,107.48,107.52,107.52,107.58,107.62,107.68,107.72,107.78,107.84,107.88,107.52,107.52,107.58,107.62,107.68,107.74000000000001,107.78,107.84,107.88,107.94,108.0,107.58,107.64,107.68,107.74000000000001,107.78,107.84,107.9,107.94,108.0,108.0,108.04,107.68,107.74000000000001,107.78,107.84,107.9,107.94,108.0,108.0,108.04,108.10000000000001,108.16,107.8,107.84,107.9,107.94,108.0,108.0,108.06,108.10000000000001,108.16,108.2,108.26,107.9,107.96000000000001,108.0,108.06,108.06,108.10000000000001,108.16,108.22,108.26,108.32000000000001,108.36,108.0,108.06,108.06,108.10000000000001,108.16,108.22,108.26,108.32000000000001,108.38,108.42,108.48
2021-07-15 09:00:00,287.08,287.1,287.1,287.12,287.14,287.14,287.16,287.16,287.18,287.2,287.22,287.08,287.08,287.1,287.12,287.12,287.14,287.14,287.16,287.18,287.18,287.2,287.06,287.08,287.1,287.1,287.1,287.12,287.14,287.16,287.16,287.18,287.2,287.06,287.06,287.06,287.08,287.1,287.12,287.14,287.14,287.16,287.18,287.18,287.04,287.04,287.06,287.08,287.1,287.1,287.12,287.14,287.14,287.16,287.16,287.02,287.04,287.06,287.08,287.08,287.1,287.12,287.12,287.14,287.14,287.16,287.02,287.02,287.06,287.06,287.08,287.1,287.1,287.1,287.12,287.14,287.14,287.0,287.02,287.04,287.06,287.06,287.06,287.08,287.1,287.1,287.12,287.14,287.0,287.02,287.04,287.04,287.04,287.06,287.08,287.08,287.1,287.12,287.12,287.0,287.0,287.0,287.02,287.04,287.04,287.06,287.08,287.08,287.1,287.12,286.98,286.98,287.0,287.02,287.02,287.04,287.06,287.06,287.08,287.1,287.1
2021-09-08 01:00:00,109.58,109.62,109.66,109.68,109.72,109.76,109.76,109.8,109.84,109.86,109.9,109.64,109.68,109.7,109.74000000000001,109.74000000000001,109.78,109.82000000000001,109.86,109.88,109.92,109.96000000000001,109.68,109.72,109.72,109.76,109.8,109.82000000000001,109.86,109.9,109.94,109.98,110.0,109.74000000000001,109.74000000000001,109.78,109.82000000000001,109.84,109.88,109.92,109.96000000000001,110.0,110.02,110.06,109.76,109.8,109.84,109.86,109.9,109.94,109.98,110.0,110.04,110.04,110.08,109.82000000000001,109.84,109.88,109.92,109.96000000000001,110.0,110.02,110.02,110.06,110.10000000000001,110.14,109.86,109.9,109.94,109.98,110.0,110.0,110.04,110.08,110.12,110.16,110.18,109.92,109.96000000000001,110.0,110.0,110.02,110.06,110.10000000000001,110.14,110.18,110.2,110.24000000000001,109.98,110.0,110.0,110.04,110.08,110.12,110.16,110.2,110.22,110.26,110.3,110.0,110.02,110.06,110.10000000000001,110.14,110.18,110.2,110.24000000000001,110.28,110.32000000000001,110.32000000000001,110.04,110.08,110.12,110.14,110.18,110.22,110.26,110.3,110.3,110.34,110.36
2021-03-02 03:00:00,159.76,159.84,159.92000000000002,160.0,160.08,160.16,160.16,160.24,160.34,160.42000000000002,160.5,159.8,159.88,159.96,160.04,160.04,160.12,160.20000000000002,160.28,160.36,160.44,160.52,159.84,159.92000000000002,160.0,160.0,160.08,160.16,160.24,160.32,160.4,160.48,160.56,159.86,159.86,159.96,160.04,160.12,160.20000000000002,160.28,160.36,160.44,160.52,160.6,159.82,159.9,159.98,160.06,160.16,160.24,160.32,160.4,160.48,160.48,160.56,159.86,159.94,160.02,160.1,160.18,160.26,160.34,160.34,160.42000000000002,160.5,160.58,159.9,159.98,160.06,160.14000000000001,160.22,160.22,160.3,160.38,160.46,160.54,160.62,159.92000000000002,160.02,160.1,160.18,160.18,160.26,160.34,160.42000000000002,160.5,160.58,160.66,159.96,160.04,160.04,160.12,160.22,160.3,160.38,160.46,160.54,160.62,160.70000000000002,159.92000000000002,160.0,160.08,160.16,160.24,160.32,160.4,160.48,160.56,160.64000000000001,160.64000000000001,159.96,160.04,160.12,160.20000000000002,160.28,160.36,160.44,160.52,160.52,160.6,160.68
2021-08-29 00:00:00,95.66,95.68,95.7,95.72,95.74000000000001,95.76,95.78,95.78,95.8,95.82000000000001,95.84,95.68,95.7,95.74000000000001,95.76,95.78,95.78,95.8,95.82000000000001,95.84,95.86,95.88,95.72,95.74000000000001,95.76,95.76,95.78,95.8,95.84,95.86,95.88,95.9,95.92,95.76,95.76,95.78,95.8,95.82000000000001,95.84,95.86,95.88,95.9,95.92,95.94,95.78,95.8,95.82000000000001,95.84,95.86,95.88,95.9,95.92,95.94,95.96000000000001,95.96000000000001,95.8,95.82000000000001,95.86,95.88,95.9,95.92,95.94,95.96000000000001,95.96000000000001,95.98,96.0,95.84,95.86,95.88,95.9,95.94,95.96000000000001,95.96000000000001,95.98,96.0,96.02,96.04,95.88,95.9,95.92,95.94,95.94,95.96000000000001,95.98,96.0,96.04,96.06,96.08,95.92,95.94,95.94,95.96000000000001,95.98,96.0,96.02,96.04,96.06,96.08,96.12,95.96000000000001,95.96000000000001,95.98,96.0,96.02,96.04,96.06,96.08,96.10000000000001,96.12,96.14,95.96000000000001,95.98,96.0,96.04,96.06,96.08,96.10000000000001,96.12,96.14,96.14,96.16
2021-04-29 01:00:00,96.22,96.26,96.28,96.3,96.32000000000001,96.36,96.38,96.4,96.44,96.44,96.46000000000001,96.3,96.32000000000001,96.34,96.36,96.4,96.42,96.44,96.44,96.46000000000001,96.5,96.52,96.36,96.38,96.4,96.42,96.46000000000001,96.46000000000001,96.48,96.5,96.54,96.56,96.58,96.42,96.44,96.46000000000001,96.46000000000001,96.48,96.52,96.54,96.56,96.58,96.62,96.64,96.48,96.5,96.5,96.52,96.54,96.58,96.60000000000001,96.62,96.66,96.68,96.7,96.52,96.54,96.56,96.58,96.62,96.64,96.66,96.68,96.72,96.74000000000001,96.74000000000001,96.58,96.60000000000001,96.62,96.64,96.68,96.7,96.72,96.76,96.76,96.78,96.8,96.64,96.66,96.68,96.7,96.74000000000001,96.76,96.76,96.78,96.82000000000001,96.84,96.86,96.7,96.72,96.74000000000001,96.78,96.78,96.8,96.82000000000001,96.84,96.88,96.9,96.92,96.76,96.78,96.8,96.8,96.84,96.86,96.88,96.92,96.94,96.96000000000001,97.0,96.82000000000001,96.82000000000001,96.84,96.88,96.9,96.92,96.94,96.98,97.0,97.02,97.06
2021-08-15 04:00:00,217.52,217.52,217.82,218.0,218.20000000000002,218.38,218.56,218.76,218.94,219.12,219.3,217.22,217.52,217.70000000000002,217.9,218.08,218.28,218.46,218.64000000000001,218.84,218.84,219.02,217.22,217.42000000000002,217.6,217.8,217.98000000000002,218.18,218.36,218.36,218.54,218.72,218.92000000000002,217.1,217.28,217.48000000000002,217.66,217.86,217.86,218.04,218.22,218.42000000000002,218.6,218.78,217.0,217.18,217.38,217.56,217.56,217.76,217.94,218.12,218.3,218.5,218.68,216.9,217.08,217.08,217.28,217.46,217.66,217.84,218.02,218.20000000000002,218.4,218.58,216.6,216.8,216.98000000000002,217.18,217.36,217.56,217.74,217.92000000000002,218.1,218.3,218.3,216.5,216.68,216.88,217.06,217.26,217.44,217.62,217.8,217.8,218.0,218.18,216.4,216.58,216.78,216.96,217.16,217.34,217.34,217.52,217.70000000000002,217.9,218.08,216.3,216.5,216.68,216.86,217.06,217.06,217.24,217.42000000000002,217.62,217.8,217.98000000000002,216.20000000000002,216.4,216.58,216.58,216.78,216.96,217.14000000000001,217.32,217.52,217.70000000000002,217.88
2021-08-18 01:00:00,97.60000000000001,97.62,97.64,97.68,97.7,97.72,97.76,97.78,97.8,97.8,97.82000000000001,97.66,97.68,97.7,97.74000000000001,97.76,97.78,97.8,97.8,97.84,97.86,97.88,97.72,97.74000000000001,97.76,97.78,97.82000000000001,97.82000000000001,97.84,97.86,97.9,97.92,97.94,97.76,97.8,97.82000000000001,97.82000000000001,97.84,97.88,97.9,97.92,97.94,97.98,98.0,97.82000000000001,97.86,97.86,97.88,97.9,97.92,97.96000000000001,97.98,98.0,98.04,98.06,97.86,97.88,97.9,97.94,97.96000000000001,97.98,98.02,98.04,98.06,98.10000000000001,98.10000000000001,97.92,97.94,97.96000000000001,98.0,98.02,98.04,98.08,98.10000000000001,98.10000000000001,98.12,98.16,97.98,98.0,98.02,98.04,98.08,98.10000000000001,98.10000000000001,98.12,98.16,98.18,98.2,98.02,98.06,98.08,98.10000000000001,98.10000000000001,98.14,98.16,98.18,98.22,98.24000000000001,98.26,98.08,98.12,98.14,98.14,98.16,98.2,98.22,98.24000000000001,98.28,98.3,98.32000000000001,98.14,98.14,98.18,98.2,98.22,98.26,98.28,98.3,98.34,98.36,98.38
2021-11-01 03:00:00,174.72,174.8,174.86,174.94,175.0,175.08,175.08,175.16,175.22,175.3,175.36,174.74,174.8,174.88,174.94,174.94,175.02,175.1,175.16,175.24,175.3,175.38,174.76,174.82,174.9,174.9,174.96,175.04,175.12,175.18,175.26,175.32,175.4,174.78,174.78,174.84,174.92000000000002,174.98,175.06,175.12,175.20000000000002,175.28,175.34,175.42000000000002,174.72,174.78,174.86,174.94,175.0,175.08,175.14000000000001,175.22,175.28,175.28,175.36,174.72,174.8,174.86,174.94,175.02,175.08,175.16,175.16,175.22,175.3,175.36,174.74,174.82,174.88,174.96,175.02,175.02,175.1,175.18,175.24,175.32,175.38,174.76,174.84,174.9,174.98,174.98,175.04,175.12,175.18,175.26,175.34,175.4,174.78,174.86,174.86,174.92000000000002,175.0,175.06,175.14000000000001,175.20000000000002,175.28,175.36,175.42000000000002,174.72,174.8,174.86,174.94,175.0,175.08,175.14000000000001,175.22,175.3,175.36,175.36,174.74,174.82,174.88,174.96,175.02,175.1,175.16,175.24,175.24,175.3,175.38
2021-04-18 03:00:00,147.74,147.92000000000002,148.08,148.24,148.42000000000002,148.58,148.76,148.92000000000002,148.92000000000002,149.1,149.26,147.86,148.04,148.20000000000002,148.36,148.54,148.70000000000002,148.70000000000002,148.88,149.04,149.22,149.38,147.96,148.14000000000001,148.3,148.46,148.46,148.64000000000001,148.8,148.96,149.14000000000001,149.3,149.48,148.08,148.26,148.42000000000002,148.42000000000002,148.58,148.76,148.92000000000002,149.1,149.26,149.44,149.6,148.20000000000002,148.20000000000002,148.38,148.54,148.70000000000002,148.88,149.04,149.22,149.38,149.56,149.72,148.16,148.32,148.5,148.66,148.82,149.0,149.16,149.34,149.5,149.5,149.68,148.28,148.44,148.6,148.76,148.94,149.1,149.28,149.28,149.44,149.6,149.78,148.4,148.56,148.72,148.88,149.06,149.06,149.22,149.4,149.56,149.72,149.9,148.52,148.68,148.84,149.0,149.0,149.18,149.34,149.5,149.68,149.84,150.02,148.64000000000001,148.8,148.8,148.96,149.12,149.3,149.46,149.62,149.8,149.96,150.14000000000001,148.56,148.72,148.9,149.06,149.22,149.38,149.56,149.72,149.88,150.06,150.06
2021-06-13 01:00:00,81.08,81.08,81.10000000000001,81.10000000000001,81.12,81.12,81.14,81.14,81.16,81.16,81.16,81.14,81.14,81.16,81.16,81.18,81.18,81.2,81.2,81.2,81.22,81.22,81.2,81.2,81.22,81.22,81.24,81.24,81.24,81.26,81.26,81.28,81.28,81.26,81.28,81.28,81.28,81.28,81.3,81.3,81.32000000000001,81.32000000000001,81.34,81.34,81.32000000000001,81.34,81.34,81.34,81.36,81.36,81.38,81.38,81.4,81.4,81.42,81.38,81.38,81.4,81.4,81.42,81.42,81.44,81.44,81.46000000000001,81.46000000000001,81.46000000000001,81.44,81.44,81.46000000000001,81.46000000000001,81.48,81.48,81.5,81.5,81.5,81.52,81.52,81.5,81.5,81.52,81.52,81.54,81.54,81.54,81.56,81.56,81.58,81.58,81.56,81.56,81.58,81.58,81.58,81.60000000000001,81.62,81.62,81.64,81.64,81.66,81.62,81.64,81.64,81.64,81.66,81.66,81.68,81.68,81.7,81.7,81.72,81.68,81.68,81.7,81.7,81.72,81.72,81.74,81.74,81.76,81.76,81.78
2021-04-15 04:00:00,211.22,211.42000000000002,211.58,211.72,211.88,212.02,212.18,212.32,212.46,212.46,212.62,211.22,211.38,211.52,211.68,211.82,211.96,212.12,212.12,212.26,212.42000000000002,212.56,211.14000000000001,211.3,211.44,211.6,211.74,211.74,211.88,212.04,212.18,212.34,212.48000000000002,211.08,211.24,211.38,211.54,211.54,211.68,211.84,211.98000000000002,212.12,212.28,212.42000000000002,211.04,211.18,211.18,211.34,211.48000000000002,211.62,211.78,211.92000000000002,212.08,212.22,212.36,210.82,210.98000000000002,211.12,211.28,211.42000000000002,211.58,211.72,211.86,212.02,212.16,212.16,210.76,210.92000000000002,211.06,211.22,211.36,211.5,211.66,211.8,211.8,211.94,212.1,210.72,210.86,211.0,211.16,211.3,211.46,211.46,211.6,211.74,211.9,212.04,210.66,210.8,210.96,211.1,211.26,211.26,211.4,211.54,211.70000000000002,211.84,211.98000000000002,210.6,210.76,210.9,210.9,211.06,211.20000000000002,211.34,211.5,211.64000000000001,211.78,211.94,210.54,210.54,210.68,210.82,210.98000000000002,211.12,211.28,211.42000000000002,211.56,211.70000000000002,211.86
2021-10-01 01:00:00,122.58,122.62,122.66,122.72,122.76,122.8,122.8,122.84,122.88,122.92,122.96000000000001,122.64,122.68,122.72,122.76,122.76,122.8,122.84,122.88,122.92,122.98,123.02,122.68,122.72,122.72,122.76,122.8,122.84,122.88,122.92,122.98,123.02,123.06,122.72,122.72,122.76,122.8,122.84,122.88,122.94,122.98,123.02,123.06,123.10000000000001,122.72,122.76,122.8,122.84,122.9,122.94,122.98,123.02,123.06,123.06,123.10000000000001,122.76,122.82000000000001,122.86,122.9,122.94,122.98,123.02,123.02,123.06,123.12,123.16,122.8,122.86,122.9,122.94,122.98,122.98,123.02,123.06,123.10000000000001,123.16,123.2,122.86,122.9,122.94,122.94,122.98,123.02,123.06,123.12,123.16,123.2,123.24000000000001,122.9,122.94,122.94,122.98,123.02,123.08,123.12,123.16,123.2,123.24000000000001,123.28,122.9,122.94,122.98,123.04,123.08,123.12,123.16,123.2,123.24000000000001,123.28,123.28,122.94,122.98,123.04,123.08,123.12,123.16,123.2,123.24000000000001,123.24000000000001,123.28,123.34
2021-10-06 02:00:00,143.14000000000001,143.20000000000002,143.28,143.34,143.42000000000002,143.42000000000002,143.48,143.54,143.62,143.68,143.76,143.18,143.26,143.32,143.32,143.38,143.46,143.52,143.6,143.66,143.74,143.8,143.24,143.3,143.3,143.36,143.44,143.5,143.58,143.64000000000001,143.72,143.78,143.86,143.22,143.28,143.36,143.42000000000002,143.48,143.56,143.62,143.70000000000002,143.76,143.84,143.84,143.26,143.34,143.4,143.46,143.54,143.6,143.68,143.74,143.74,143.82,143.88,143.3,143.38,143.44,143.5,143.58,143.64000000000001,143.64000000000001,143.72,143.78,143.86,143.92000000000002,143.36,143.42000000000002,143.5,143.56,143.56,143.62,143.70000000000002,143.76,143.84,143.9,143.98,143.4,143.48,143.54,143.54,143.6,143.68,143.74,143.82,143.88,143.96,144.02,143.46,143.46,143.52,143.6,143.66,143.72,143.8,143.86,143.94,144.0,144.08,143.44,143.5,143.56,143.64000000000001,143.70000000000002,143.78,143.84,143.9,143.98,143.98,144.04,143.48,143.54,143.62,143.68,143.76,143.82,143.9,143.9,143.96,144.02,144.1
2021-02-06 04:00:00,186.34,186.42000000000002,186.48,186.54,186.62,186.62,186.68,186.76,186.82,186.9,186.96,186.34,186.42000000000002,186.48,186.56,186.56,186.62,186.70000000000002,186.76,186.84,186.9,186.96,186.36,186.42000000000002,186.42000000000002,186.5,186.56,186.64000000000001,186.70000000000002,186.76,186.84,186.9,186.98,186.3,186.36,186.44,186.5,186.56,186.64000000000001,186.70000000000002,186.78,186.84,186.92000000000002,186.92000000000002,186.3,186.36,186.42000000000002,186.5,186.56,186.64000000000001,186.70000000000002,186.78,186.78,186.84,186.9,186.3,186.36,186.44,186.5,186.58,186.64000000000001,186.64000000000001,186.70000000000002,186.78,186.84,186.92000000000002,186.3,186.38,186.44,186.52,186.58,186.58,186.64000000000001,186.72,186.78,186.86,186.92000000000002,186.32,186.38,186.44,186.44,186.52,186.58,186.66,186.72,186.8,186.86,186.92000000000002,186.32,186.32,186.38,186.46,186.52,186.58,186.66,186.72,186.8,186.86,186.94,186.26,186.32,186.38,186.46,186.52,186.6,186.66,186.74,186.8,186.8,186.86,186.26,186.32,186.4,186.46,186.54,186.6,186.68,186.68,186.74,186.8,186.88
2021-10-12 02:00:00,145.92000000000002,146.0,146.06,146.12,146.20000000000002,146.20000000000002,146.26,146.34,146.4,146.46,146.54,145.96,146.04,146.1,146.1,146.16,146.24,146.3,146.38,146.44,146.5,146.58,146.02,146.08,146.08,146.14000000000001,146.22,146.28,146.34,146.42000000000002,146.48,146.56,146.62,146.0,146.06,146.12,146.20000000000002,146.26,146.32,146.4,146.46,146.52,146.6,146.6,146.04,146.1,146.18,146.24,146.3,146.38,146.44,146.5,146.5,146.58,146.64000000000001,146.08,146.14000000000001,146.20000000000002,146.28,146.34,146.4,146.4,146.48,146.54,146.6,146.68,146.12,146.18,146.26,146.32,146.32,146.38,146.46,146.52,146.58,146.66,146.72,146.16,146.22,146.3,146.3,146.36,146.42000000000002,146.5,146.56,146.64000000000001,146.70000000000002,146.76,146.20000000000002,146.20000000000002,146.28,146.34,146.4,146.48,146.54,146.6,146.68,146.74,146.82,146.18,146.24,146.32,146.38,146.44,146.52,146.58,146.64000000000001,146.72,146.72,146.78,146.22,146.3,146.36,146.42000000000002,146.5,146.56,146.62,146.62,146.70000000000002,146.76,146.82
2021-10-23 05:00:00,220.04,220.1,220.16,220.22,220.26,220.32,220.36,220.42000000000002,220.46,220.46,220.52,220.02,220.1,220.14000000000001,220.20000000000002,220.24,220.3,220.34,220.34,220.4,220.44,220.5,220.02,220.08,220.12,220.18,220.22,220.28,220.28,220.32,220.38,220.42000000000002,220.48000000000002,220.0,220.06,220.1,220.16,220.16,220.20000000000002,220.26,220.3,220.36,220.4,220.46,219.98000000000002,220.04,220.04,220.08,220.14000000000001,220.18,220.24,220.28,220.34,220.38,220.44,219.9,219.96,220.0,220.06,220.1,220.16,220.20000000000002,220.26,220.3,220.36,220.36,219.88,219.94,219.98000000000002,220.04,220.08,220.14000000000001,220.18,220.24,220.24,220.28,220.34,219.86,219.92000000000002,219.96,220.02,220.08,220.12,220.18,220.18,220.22,220.28,220.32,219.86,219.9,219.96,220.0,220.06,220.06,220.1,220.16,220.20000000000002,220.26,220.3,219.82,219.88,219.92000000000002,219.92000000000002,219.98000000000002,220.02,220.08,220.12,220.18,220.22,220.28,219.8,219.8,219.86,219.9,219.96,220.0,220.06,220.1,220.16,220.20000000000002,220.26
2021-04-07 02:00:00,121.56,121.62,121.68,121.74000000000001,121.8,121.86,121.92,121.92,121.98,122.06,122.12,121.64,121.7,121.76,121.82000000000001,121.88,121.88,121.94,122.0,122.08,122.14,122.2,121.7,121.76,121.84,121.84,121.9,121.96000000000001,122.02,122.08,122.14,122.2,122.26,121.78,121.84,121.84,121.92,121.98,122.04,122.10000000000001,122.16,122.22,122.28,122.36,121.8,121.86,121.92,122.0,122.06,122.12,122.18,122.24000000000001,122.3,122.36,122.36,121.88,121.94,122.02,122.08,122.14,122.2,122.26,122.32000000000001,122.32000000000001,122.38,122.44,121.96000000000001,122.02,122.08,122.14,122.22,122.28,122.28,122.34,122.4,122.46000000000001,122.52,122.04,122.10000000000001,122.16,122.22,122.22,122.3,122.36,122.42,122.48,122.54,122.60000000000001,122.12,122.18,122.24000000000001,122.24000000000001,122.3,122.38,122.44,122.5,122.56,122.62,122.68,122.2,122.2,122.26,122.32000000000001,122.38,122.46000000000001,122.52,122.58,122.64,122.7,122.76,122.22,122.28,122.34,122.4,122.46000000000001,122.52,122.58,122.66,122.72,122.72,122.78
2021-04-29 04:00:00,226.5,226.5,226.78,226.94,227.1,227.26,227.4,227.56,227.70000000000002,227.86,228.0,226.22,226.5,226.66,226.82,226.98000000000002,227.12,227.28,227.44,227.58,227.58,227.74,226.22,226.38,226.54,226.70000000000002,226.84,227.0,227.16,227.16,227.3,227.46,227.6,226.08,226.24,226.38,226.54,226.70000000000002,226.70000000000002,226.86,227.0,227.16,227.32,227.46,225.96,226.12,226.26,226.42000000000002,226.42000000000002,226.58,226.74,226.88,227.04,227.18,227.34,225.84,225.98000000000002,225.98000000000002,226.14000000000001,226.3,226.46,226.6,226.76,226.92000000000002,227.06,227.22,225.56,225.72,225.86,226.02,226.18,226.34,226.48000000000002,226.64000000000001,226.8,226.94,226.94,225.42000000000002,225.58,225.74,225.9,226.04,226.20000000000002,226.36,226.5,226.5,226.66,226.82,225.3,225.46,225.62,225.78,225.92000000000002,226.08,226.08,226.24,226.38,226.54,226.70000000000002,225.18,225.34,225.5,225.66,225.8,225.8,225.96,226.12,226.28,226.42000000000002,226.58,225.06,225.22,225.38,225.38,225.54,225.70000000000002,225.84,226.0,226.16,226.3,226.46
2021-06-12 00:00:00,78.32000000000001,78.34,78.34,78.36,78.36,78.38,78.38,78.4,78.4,78.4,78.42,78.36,78.38,78.38,78.4,78.4,78.42,78.42,78.42,78.44,78.44,78.46000000000001,78.4,78.4,78.42,78.44,78.44,78.44,78.46000000000001,78.46000000000001,78.48,78.48,78.5,78.44,78.44,78.44,78.46000000000001,78.46000000000001,78.48,78.48,78.5,78.52,78.52,78.54,78.48,78.48,78.48,78.5,78.5,78.52,78.52,78.54,78.54,78.56,78.58,78.5,78.52,78.52,78.54,78.54,78.56,78.56,78.58,78.58,78.58,78.60000000000001,78.54,78.56,78.56,78.58,78.58,78.60000000000001,78.60000000000001,78.60000000000001,78.62,78.62,78.64,78.58,78.58,78.60000000000001,78.62,78.62,78.62,78.64,78.64,78.66,78.66,78.68,78.62,78.62,78.64,78.64,78.66,78.66,78.68,78.68,78.7,78.7,78.72,78.66,78.66,78.66,78.68,78.68,78.7,78.72,78.72,78.74,78.74,78.76,78.68,78.7,78.7,78.72,78.72,78.74,78.76,78.76,78.78,78.78,78.78
2021-11-07 04:00:00,197.36,197.42000000000002,197.48000000000002,197.54,197.6,197.66,197.66,197.72,197.8,197.86,197.92000000000002,197.34,197.42000000000002,197.48000000000002,197.54,197.6,197.6,197.66,197.72,197.78,197.84,197.92000000000002,197.34,197.4,197.48000000000002,197.48000000000002,197.54,197.6,197.66,197.72,197.78,197.84,197.9,197.34,197.34,197.4,197.46,197.54,197.6,197.66,197.72,197.78,197.84,197.9,197.26,197.34,197.4,197.46,197.52,197.58,197.64000000000001,197.70000000000002,197.76,197.76,197.84,197.26,197.32,197.4,197.46,197.52,197.58,197.64000000000001,197.64000000000001,197.70000000000002,197.76,197.82,197.26,197.32,197.38,197.46,197.52,197.58,197.58,197.64000000000001,197.70000000000002,197.76,197.82,197.26,197.32,197.38,197.44,197.44,197.5,197.58,197.64000000000001,197.70000000000002,197.76,197.82,197.26,197.32,197.32,197.38,197.44,197.5,197.56,197.62,197.68,197.76,197.82,197.18,197.24,197.32,197.38,197.44,197.5,197.56,197.62,197.68,197.74,197.74,197.18,197.24,197.3,197.38,197.44,197.5,197.56,197.62,197.62,197.68,197.74
2021-05-16 03:00:00,116.72,116.56,116.74000000000001,116.94,117.12,117.3,117.5,117.68,117.88,118.08,118.08,116.72,116.9,117.10000000000001,117.28,117.46000000000001,117.66,117.84,118.04,118.04,118.24000000000001,118.44,117.06,117.24000000000001,117.44,117.62,117.8,118.0,118.0,118.2,118.38,118.58,118.78,117.38,117.56,117.74000000000001,117.94,117.94,118.12,118.32000000000001,118.52,118.72,118.9,119.12,117.72,117.9,118.08,118.08,118.28,118.48,118.66,118.86,119.06,119.26,119.46000000000001,118.06,118.06,118.24000000000001,118.42,118.62,118.82000000000001,119.0,119.2,119.4,119.60000000000001,119.82000000000001,118.2,118.38,118.58,118.76,118.96000000000001,119.16,119.36,119.56,119.76,119.76,119.96000000000001,118.52,118.7,118.9,119.10000000000001,119.28,119.48,119.68,119.68,119.88,120.08,120.28,118.86,119.04,119.24000000000001,119.42,119.62,119.62,119.82000000000001,120.02,120.22,120.42,120.64,119.18,119.38,119.56,119.76,119.76,119.96000000000001,120.16,120.36,120.56,120.76,120.98,119.52,119.7,119.7,119.9,120.10000000000001,120.3,120.5,120.7,120.9,121.10000000000001,121.32000000000001
2021-05-29 03:00:00,95.14,94.8,94.86,94.92,95.0,95.06,95.12,95.18,95.24,95.32000000000001,95.32000000000001,95.14,95.2,95.26,95.32000000000001,95.38,95.46000000000001,95.52,95.58,95.58,95.66,95.72,95.52,95.58,95.64,95.72,95.78,95.86,95.86,95.92,96.0,96.06,96.14,95.9,95.96000000000001,96.04,96.10000000000001,96.10000000000001,96.18,96.24000000000001,96.32000000000001,96.38,96.46000000000001,96.54,96.28,96.36,96.42,96.42,96.5,96.56,96.64,96.72,96.8,96.86,96.94,96.66,96.66,96.74000000000001,96.82000000000001,96.9,96.96000000000001,97.04,97.12,97.2,97.28,97.36,96.98,97.06,97.14,97.2,97.28,97.36,97.44,97.52,97.60000000000001,97.60000000000001,97.68,97.36,97.44,97.52,97.60000000000001,97.68,97.76,97.84,97.84,97.92,98.0,98.10000000000001,97.74000000000001,97.82000000000001,97.9,98.0,98.08,98.08,98.16,98.24000000000001,98.32000000000001,98.42,98.5,98.14,98.22,98.3,98.38,98.38,98.46000000000001,98.56,98.64,98.74000000000001,98.82000000000001,98.92,98.52,98.60000000000001,98.60000000000001,98.7,98.78,98.86,98.96000000000001,99.04,99.14,99.24000000000001,99.32000000000001
2021-07-23 04:00:00,248.66,248.66,249.14000000000001,249.28,249.42000000000002,249.56,249.70000000000002,249.84,249.98000000000002,250.1,250.24,248.18,248.66,248.8,248.96,249.1,249.24,249.38,249.52,249.64000000000001,249.64000000000001,249.78,248.18,248.32,248.48000000000002,248.62,248.76000000000002,248.9,249.04,249.04,249.18,249.32,249.46,247.82,247.98000000000002,248.12,248.26000000000002,248.42000000000002,248.42000000000002,248.56,248.70000000000002,248.84,248.98000000000002,249.12,247.48000000000002,247.64000000000001,247.8,247.94,247.94,248.08,248.24,248.38,248.52,248.66,248.8,247.16,247.32,247.32,247.46,247.62,247.76000000000002,247.92000000000002,248.06,248.20000000000002,248.34,248.48000000000002,246.68,246.84,246.98000000000002,247.14000000000001,247.3,247.44,247.6,247.74,247.88,248.02,248.02,246.34,246.5,246.66,246.8,246.96,247.12,247.26000000000002,247.42000000000002,247.42000000000002,247.56,247.70000000000002,246.0,246.16,246.32,246.48000000000002,246.64000000000001,246.8,246.8,246.94,247.1,247.24,247.4,245.68,245.84,246.02,246.16,246.32,246.32,246.48000000000002,246.64000000000001,246.78,246.94,247.08,245.36,245.54,245.70000000000002,245.70000000000002,245.86,246.02,246.16,246.32,246.48000000000002,246.62,246.78
2021-02-11 07:00:00,237.42000000000002,237.42000000000002,237.46,237.48000000000002,237.52,237.56,237.58,237.62,237.64000000000001,237.68,237.70000000000002,237.38,237.42000000000002,237.44,237.48000000000002,237.52,237.54,237.58,237.6,237.64000000000001,237.66,237.66,237.38,237.4,237.42000000000002,237.48000000000002,237.5,237.54,237.56,237.58,237.58,237.62,237.64000000000001,237.36,237.38,237.42000000000002,237.46,237.48000000000002,237.52,237.52,237.54,237.58,237.6,237.64000000000001,237.36,237.38,237.42000000000002,237.44,237.44,237.48000000000002,237.5,237.52,237.56,237.58,237.62,237.34,237.36,237.36,237.4,237.42000000000002,237.46,237.48000000000002,237.52,237.54,237.58,237.6,237.3,237.32,237.36,237.38,237.42000000000002,237.44,237.48000000000002,237.5,237.52,237.56,237.58,237.28,237.32,237.34,237.36,237.4,237.42000000000002,237.46,237.48000000000002,237.52,237.52,237.54,237.26,237.3,237.32,237.34,237.38,237.4,237.44,237.44,237.46,237.5,237.52,237.24,237.28,237.3,237.34,237.36,237.36,237.4,237.42000000000002,237.46,237.48000000000002,237.52,237.24,237.26,237.3,237.3,237.32,237.36,237.38,237.4,237.44,237.46,237.5
2021-02-18 04:00:00,187.16,187.22,187.3,187.38,187.46,187.54,187.62,187.62,187.68,187.76,187.84,187.16,187.22,187.3,187.38,187.46,187.46,187.54,187.62,187.68,187.76,187.84,187.16,187.24,187.32,187.38,187.38,187.46,187.54,187.62,187.70000000000002,187.78,187.84,187.16,187.24,187.24,187.32,187.4,187.48,187.54,187.62,187.70000000000002,187.78,187.86,187.1,187.18,187.24,187.32,187.4,187.48,187.56,187.62,187.70000000000002,187.78,187.78,187.08,187.16,187.24,187.32,187.4,187.48,187.54,187.62,187.62,187.70000000000002,187.78,187.1,187.18,187.24,187.32,187.4,187.48,187.48,187.56,187.64000000000001,187.70000000000002,187.78,187.1,187.18,187.26,187.34,187.4,187.4,187.48,187.56,187.64000000000001,187.72,187.8,187.1,187.18,187.26,187.26,187.34,187.42000000000002,187.5,187.56,187.64000000000001,187.72,187.8,187.12,187.12,187.18,187.26,187.34,187.42000000000002,187.5,187.56,187.64000000000001,187.72,187.8,187.04,187.12,187.20000000000002,187.26,187.34,187.42000000000002,187.5,187.58,187.66,187.66,187.72
2021-02-23 04:00:00,187.8,187.88,187.96,188.04,188.12,188.20000000000002,188.28,188.28,188.36,188.44,188.54,187.8,187.88,187.96,188.04,188.12,188.12,188.20000000000002,188.28,188.36,188.44,188.54,187.8,187.88,187.98,188.06,188.06,188.14000000000001,188.22,188.3,188.38,188.46,188.54,187.82,187.9,187.9,187.98,188.06,188.14000000000001,188.22,188.3,188.38,188.46,188.54,187.74,187.82,187.9,187.98,188.06,188.14000000000001,188.22,188.3,188.38,188.46,188.46,187.74,187.82,187.9,187.98,188.06,188.14000000000001,188.22,188.3,188.3,188.38,188.46,187.74,187.82,187.9,187.98,188.06,188.14000000000001,188.14000000000001,188.22,188.3,188.38,188.46,187.74,187.82,187.9,187.98,188.06,188.06,188.14000000000001,188.22,188.3,188.4,188.48,187.76,187.84,187.92000000000002,187.92000000000002,188.0,188.08,188.16,188.24,188.32,188.4,188.48,187.76,187.76,187.84,187.92000000000002,188.0,188.08,188.16,188.24,188.32,188.4,188.48,187.68,187.76,187.84,187.92000000000002,188.0,188.08,188.16,188.24,188.32,188.32,188.4
2021-05-11 07:00:00,275.2,275.22,275.22,275.24,275.24,275.28000000000003,275.3,275.3,275.32,275.34000000000003,275.34000000000003,275.16,275.18,275.18,275.2,275.24,275.26,275.26,275.28000000000003,275.28000000000003,275.3,275.32,275.12,275.14,275.14,275.2,275.2,275.22,275.24,275.24,275.26,275.26,275.26,275.08,275.1,275.14,275.16,275.18,275.18,275.2,275.22,275.22,275.22,275.24,275.06,275.1,275.12,275.12,275.14,275.16,275.16,275.16,275.18,275.2,275.2,275.06,275.08,275.08,275.1,275.1,275.1,275.12,275.14,275.14,275.16,275.18,275.02,275.04,275.06,275.06,275.06,275.08,275.1,275.1,275.12,275.12,275.14,275.0,275.0,275.0,275.02,275.04,275.04,275.06,275.06,275.08,275.1,275.1,274.94,274.96,274.98,274.98,275.0,275.02,275.02,275.04,275.06,275.06,275.06,274.92,274.92,274.94,274.96,274.96,274.98,275.0,275.0,275.0,275.02,275.04,274.88,274.90000000000003,274.90000000000003,274.92,274.94,274.94,274.94,274.96,274.98,274.98,275.0
2021-10-21 03:00:00,173.66,173.74,173.82,173.9,173.96,174.04,174.04,174.12,174.20000000000002,174.28,174.36,173.66,173.74,173.82,173.9,173.9,173.98,174.06,174.14000000000001,174.22,174.3,174.38,173.68,173.76,173.84,173.84,173.92000000000002,174.0,174.08,174.16,174.24,174.32,174.4,173.70000000000002,173.70000000000002,173.78,173.86,173.94,174.02,174.1,174.18,174.26,174.34,174.42000000000002,173.66,173.74,173.82,173.88,173.96,174.04,174.12,174.20000000000002,174.28,174.28,174.36,173.66,173.74,173.82,173.9,173.98,174.06,174.14000000000001,174.14000000000001,174.22,174.3,174.38,173.68,173.76,173.84,173.92000000000002,174.0,174.0,174.08,174.16,174.24,174.32,174.4,173.70000000000002,173.78,173.86,173.94,173.94,174.02,174.1,174.18,174.26,174.34,174.42000000000002,173.72,173.8,173.8,173.88,173.96,174.04,174.12,174.20000000000002,174.28,174.36,174.44,173.66,173.74,173.82,173.9,173.98,174.06,174.14000000000001,174.22,174.3,174.38,174.38,173.68,173.76,173.84,173.92000000000002,174.0,174.08,174.16,174.24,174.24,174.32,174.4
2021-04-03 05:00:00,234.24,234.3,234.42000000000002,234.48000000000002,234.54,234.6,234.66,234.72,234.8,234.86,234.86,234.18,234.3,234.36,234.42000000000002,234.5,234.56,234.62,234.68,234.68,234.74,234.8,234.18,234.24,234.3,234.36,234.44,234.5,234.5,234.56,234.62,234.68,234.74,234.12,234.20000000000002,234.26,234.32,234.38,234.38,234.44,234.5,234.56,234.62,234.68,234.08,234.14000000000001,234.20000000000002,234.20000000000002,234.26,234.32,234.38,234.44,234.5,234.56,234.64000000000001,234.02,234.02,234.08,234.14000000000001,234.20000000000002,234.26,234.34,234.4,234.46,234.52,234.58,233.9,233.96,234.02,234.08,234.14000000000001,234.20000000000002,234.26,234.32,234.4,234.4,234.46,233.84,233.9,233.96,234.02,234.1,234.16,234.22,234.22,234.28,234.34,234.4,233.78,233.86,233.92000000000002,233.98000000000002,234.04,234.1,234.1,234.16,234.22,234.28,234.34,233.74,233.8,233.86,233.92000000000002,233.92000000000002,233.98000000000002,234.04,234.1,234.16,234.24,234.3,233.68,233.74,233.74,233.8,233.86,233.92000000000002,233.98000000000002,234.04,234.12,234.18,234.24
2021-05-06 03:00:00,131.94,131.9,132.12,132.34,132.54,132.76,132.98,133.2,133.42000000000002,133.64000000000001,133.64000000000001,131.94,132.16,132.36,132.58,132.8,133.0,133.22,133.44,133.44,133.66,133.88,132.18,132.4,132.6,132.82,133.04,133.26,133.26,133.48,133.7,133.92000000000002,134.14000000000001,132.4,132.62,132.82,133.04,133.04,133.26,133.46,133.68,133.9,134.12,134.34,132.64000000000001,132.86,133.06,133.06,133.28,133.5,133.72,133.94,134.16,134.38,134.6,132.88,132.88,133.1,133.3,133.52,133.74,133.96,134.18,134.4,134.62,134.84,132.92000000000002,133.12,133.34,133.54,133.76,133.98,134.2,134.42000000000002,134.64000000000001,134.64000000000001,134.86,133.14000000000001,133.34,133.56,133.78,133.98,134.2,134.42000000000002,134.42000000000002,134.64000000000001,134.86,135.08,133.38,133.58,133.8,134.02,134.22,134.22,134.44,134.66,134.88,135.1,135.32,133.62,133.82,134.04,134.26,134.26,134.46,134.68,134.9,135.12,135.34,135.56,133.84,134.06,134.06,134.28,134.48,134.7,134.92000000000002,135.14000000000001,135.36,135.58,135.8
2021-06-16 02:00:00,82.82000000000001,82.72,82.72,82.72,82.74,82.74,82.74,82.76,82.76,82.76,82.76,82.82000000000001,82.82000000000001,82.82000000000001,82.84,82.84,82.86,82.86,82.86,82.86,82.88,82.88,82.92,82.94,82.94,82.94,82.96000000000001,82.96000000000001,82.96000000000001,82.96000000000001,82.98,82.98,82.98,83.04,83.04,83.04,83.06,83.06,83.06,83.08,83.08,83.08,83.10000000000001,83.10000000000001,83.14,83.16,83.16,83.16,83.16,83.18,83.18,83.18,83.2,83.2,83.22,83.26,83.26,83.26,83.26,83.28,83.28,83.3,83.3,83.3,83.32000000000001,83.32000000000001,83.36,83.36,83.38,83.38,83.38,83.4,83.4,83.42,83.42,83.42,83.42,83.46000000000001,83.48,83.48,83.5,83.5,83.5,83.52,83.52,83.52,83.54,83.54,83.58,83.58,83.60000000000001,83.60000000000001,83.60000000000001,83.60000000000001,83.62,83.62,83.64,83.64,83.66,83.68,83.7,83.7,83.72,83.72,83.72,83.72,83.74,83.74,83.76,83.76,83.8,83.8,83.8,83.82000000000001,83.82000000000001,83.84,83.84,83.86,83.86,83.86,83.88
2021-07-28 00:00:00,83.3,83.32000000000001,83.34,83.34,83.36,83.38,83.4,83.4,83.4,83.42,83.44,83.34,83.36,83.38,83.38,83.4,83.42,83.42,83.42,83.44,83.46000000000001,83.48,83.38,83.4,83.4,83.42,83.42,83.44,83.46000000000001,83.46000000000001,83.48,83.5,83.5,83.42,83.42,83.42,83.44,83.46000000000001,83.48,83.48,83.5,83.52,83.52,83.54,83.46000000000001,83.46000000000001,83.46000000000001,83.48,83.5,83.5,83.52,83.54,83.56,83.56,83.58,83.48,83.48,83.5,83.52,83.54,83.54,83.56,83.58,83.58,83.58,83.60000000000001,83.52,83.52,83.54,83.56,83.56,83.58,83.60000000000001,83.60000000000001,83.62,83.62,83.64,83.54,83.56,83.58,83.60000000000001,83.60000000000001,83.60000000000001,83.62,83.64,83.64,83.66,83.68,83.58,83.60000000000001,83.62,83.62,83.62,83.64,83.66,83.68,83.68,83.7,83.72,83.62,83.64,83.64,83.64,83.66,83.68,83.7,83.7,83.72,83.74,83.76,83.64,83.66,83.68,83.68,83.7,83.72,83.74,83.74,83.76,83.78,83.78
2021-08-08 02:00:00,101.3,101.24000000000001,101.28,101.3,101.34,101.38,101.42,101.46000000000001,101.5,101.54,101.54,101.3,101.34,101.38,101.42,101.44,101.48,101.52,101.56,101.56,101.60000000000001,101.64,101.4,101.44,101.48,101.52,101.56,101.60000000000001,101.60000000000001,101.64,101.66,101.7,101.74000000000001,101.5,101.54,101.56,101.60000000000001,101.60000000000001,101.64,101.68,101.72,101.76,101.8,101.84,101.60000000000001,101.64,101.68,101.68,101.72,101.76,101.78,101.82000000000001,101.86,101.92,101.96000000000001,101.7,101.7,101.74000000000001,101.78,101.82000000000001,101.86,101.9,101.94,101.98,102.02,102.06,101.76,101.8,101.84,101.88,101.92,101.96000000000001,102.0,102.04,102.08,102.08,102.12,101.86,101.9,101.94,101.98,102.02,102.06,102.10000000000001,102.10000000000001,102.14,102.18,102.22,101.96000000000001,102.0,102.04,102.08,102.12,102.12,102.16,102.2,102.24000000000001,102.28,102.32000000000001,102.06,102.10000000000001,102.14,102.18,102.18,102.22,102.26,102.3,102.34,102.38,102.42,102.16,102.2,102.2,102.24000000000001,102.28,102.32000000000001,102.36,102.4,102.44,102.48,102.52
2021-10-01 02:00:00,140.46,140.52,140.6,140.66,140.74,140.8,140.88,140.88,140.94,141.02,141.08,140.52,140.58,140.64000000000001,140.72,140.78,140.78,140.86,140.92000000000002,141.0,141.06,141.14000000000001,140.56,140.62,140.70000000000002,140.70000000000002,140.76,140.84,140.9,140.98,141.04,141.12,141.18,140.62,140.68,140.68,140.76,140.82,140.9,140.96,141.04,141.1,141.18,141.24,140.6,140.66,140.74,140.8,140.88,140.94,141.02,141.08,141.16,141.22,141.22,140.66,140.72,140.8,140.86,140.94,141.0,141.08,141.14000000000001,141.14000000000001,141.22,141.28,140.70000000000002,140.76,140.84,140.9,140.98,141.04,141.04,141.12,141.18,141.26,141.32,140.76,140.82,140.9,140.96,140.96,141.04,141.1,141.18,141.24,141.32,141.38,140.8,140.88,140.94,140.94,141.02,141.08,141.16,141.22,141.3,141.36,141.44,140.86,140.86,140.94,141.0,141.08,141.14000000000001,141.20000000000002,141.28,141.34,141.42000000000002,141.48,140.84,140.92000000000002,140.98,141.04,141.12,141.18,141.26,141.32,141.4,141.4,141.46
2021-05-22 02:00:00,91.46000000000001,91.38,91.4,91.42,91.44,91.46000000000001,91.5,91.52,91.54,91.56,91.56,91.46000000000001,91.5,91.52,91.54,91.56,91.58,91.60000000000001,91.64,91.64,91.66,91.68,91.58,91.60000000000001,91.64,91.66,91.68,91.7,91.7,91.72,91.76,91.78,91.8,91.7,91.72,91.74,91.78,91.78,91.8,91.82000000000001,91.84,91.86,91.9,91.92,91.82000000000001,91.84,91.86,91.86,91.88,91.92,91.94,91.96000000000001,91.98,92.02,92.04,91.94,91.94,91.96000000000001,91.98,92.0,92.04,92.06,92.08,92.10000000000001,92.14,92.16,92.02,92.06,92.08,92.10000000000001,92.12,92.14,92.18,92.2,92.22,92.22,92.26,92.14,92.16,92.2,92.22,92.24,92.26,92.3,92.3,92.32000000000001,92.34,92.36,92.26,92.28,92.3,92.34,92.36,92.36,92.38,92.42,92.44,92.46000000000001,92.48,92.38,92.4,92.42,92.46000000000001,92.46000000000001,92.48,92.5,92.54,92.56,92.58,92.60000000000001,92.5,92.52,92.52,92.54,92.58,92.60000000000001,92.62,92.64,92.68,92.7,92.72
2021-04-09 04:00:00,206.22,206.4,206.54,206.68,206.84,206.98000000000002,207.12,207.26,207.4,207.4,207.52,206.22,206.38,206.52,206.66,206.8,206.94,207.08,207.08,207.22,207.36,207.5,206.18,206.32,206.46,206.6,206.74,206.74,206.88,207.02,207.16,207.3,207.44,206.14000000000001,206.28,206.42000000000002,206.56,206.56,206.70000000000002,206.84,206.98000000000002,207.12,207.26,207.4,206.1,206.24,206.24,206.38,206.52,206.66,206.8,206.94,207.08,207.22,207.36,205.92000000000002,206.06,206.20000000000002,206.34,206.48000000000002,206.62,206.76,206.9,207.04,207.18,207.18,205.88,206.02,206.16,206.3,206.44,206.58,206.72,206.86,206.86,207.0,207.14000000000001,205.84,205.98000000000002,206.12,206.26,206.4,206.54,206.54,206.68,206.82,206.96,207.1,205.8,205.94,206.08,206.22,206.36,206.36,206.5,206.64000000000001,206.78,206.92000000000002,207.06,205.78,205.92000000000002,206.06,206.06,206.18,206.32,206.46,206.6,206.74,206.88,207.02,205.72,205.72,205.86,206.0,206.14000000000001,206.28,206.42000000000002,206.54,206.68,206.82,206.96
2021-09-17 01:00:00,114.84,114.88,114.92,114.96000000000001,115.0,115.04,115.04,115.06,115.10000000000001,115.14,115.18,114.88,114.92,114.96000000000001,115.0,115.0,115.04,115.08,115.12,115.16,115.2,115.24000000000001,114.94,114.98,114.98,115.02,115.04,115.08,115.12,115.16,115.2,115.24000000000001,115.28,114.98,114.98,115.02,115.06,115.10000000000001,115.14,115.18,115.22,115.26,115.3,115.34,115.0,115.04,115.08,115.12,115.16,115.2,115.24000000000001,115.28,115.32000000000001,115.32000000000001,115.36,115.04,115.08,115.12,115.16,115.2,115.24000000000001,115.28,115.28,115.32000000000001,115.36,115.4,115.10000000000001,115.14,115.18,115.22,115.26,115.26,115.3,115.34,115.38,115.42,115.46000000000001,115.14,115.18,115.22,115.22,115.26,115.3,115.34,115.38,115.42,115.46000000000001,115.5,115.2,115.24000000000001,115.24000000000001,115.28,115.32000000000001,115.36,115.4,115.44,115.48,115.52,115.56,115.22,115.26,115.3,115.32000000000001,115.36,115.4,115.44,115.48,115.52,115.56,115.56,115.26,115.3,115.34,115.38,115.42,115.46000000000001,115.5,115.54,115.54,115.58,115.62
2021-02-03 05:00:00,207.24,207.3,207.36,207.4,207.46,207.52,207.58,207.58,207.64000000000001,207.68,207.74,207.24,207.28,207.34,207.4,207.46,207.5,207.5,207.56,207.62,207.68,207.74,207.22,207.28,207.34,207.38,207.38,207.44,207.5,207.56,207.6,207.66,207.72,207.22,207.26,207.26,207.32,207.38,207.44,207.48000000000002,207.54,207.6,207.66,207.70000000000002,207.14000000000001,207.20000000000002,207.26,207.3,207.36,207.42000000000002,207.48000000000002,207.52,207.58,207.64000000000001,207.64000000000001,207.14000000000001,207.18,207.24,207.3,207.36,207.4,207.46,207.52,207.52,207.58,207.62,207.12,207.18,207.24,207.28,207.34,207.4,207.46,207.46,207.5,207.56,207.62,207.12,207.16,207.22,207.28,207.34,207.34,207.38,207.44,207.5,207.56,207.6,207.1,207.16,207.20000000000002,207.20000000000002,207.26,207.32,207.38,207.42000000000002,207.48000000000002,207.54,207.6,207.08,207.08,207.14000000000001,207.20000000000002,207.26,207.3,207.36,207.42000000000002,207.48000000000002,207.52,207.58,207.02,207.08,207.14000000000001,207.18,207.24,207.3,207.36,207.4,207.46,207.46,207.52
2021-05-02 02:00:00,104.94,104.88,104.92,104.98,105.02,105.06,105.12,105.16,105.22,105.26,105.26,104.94,105.0,105.04,105.08,105.14,105.18,105.22,105.28,105.28,105.32000000000001,105.38,105.06,105.10000000000001,105.14,105.2,105.24000000000001,105.3,105.3,105.34,105.38,105.44,105.48,105.16,105.2,105.26,105.3,105.3,105.34,105.4,105.44,105.5,105.54,105.58,105.26,105.32000000000001,105.36,105.36,105.4,105.46000000000001,105.5,105.56,105.60000000000001,105.66,105.7,105.38,105.38,105.42,105.48,105.52,105.56,105.62,105.66,105.72,105.76,105.82000000000001,105.44,105.48,105.54,105.58,105.62,105.68,105.72,105.78,105.82000000000001,105.82000000000001,105.88,105.54,105.60000000000001,105.64,105.68,105.74000000000001,105.78,105.84,105.84,105.88,105.94,105.98,105.66,105.7,105.74000000000001,105.8,105.84,105.84,105.9,105.94,106.0,106.04,106.10000000000001,105.76,105.8,105.86,105.9,105.9,105.96000000000001,106.0,106.06,106.10000000000001,106.16,106.2,105.88,105.92,105.92,105.96000000000001,106.02,106.06,106.12,106.16,106.22,106.26,106.32000000000001
2021-05-02 03:00:00,136.68,136.68,136.88,137.08,137.3,137.5,137.72,137.94,138.14000000000001,138.36,138.36,136.68,136.88,137.1,137.3,137.5,137.72,137.92000000000002,138.14000000000001,138.14000000000001,138.36,138.58,136.9,137.1,137.3,137.5,137.72,137.92000000000002,137.92000000000002,138.14000000000001,138.36,138.56,138.78,137.06,137.28,137.48,137.68,137.68,137.9,138.1,138.32,138.54,138.74,138.96,137.28,137.48,137.68,137.68,137.9,138.1,138.32,138.52,138.74,138.96,139.16,137.48,137.48,137.68,137.9,138.1,138.32,138.52,138.74,138.94,139.16,139.38,137.48,137.68,137.9,138.1,138.3,138.52,138.72,138.94,139.16,139.16,139.36,137.68,137.88,138.08,138.28,138.5,138.70000000000002,138.92000000000002,138.92000000000002,139.12,139.34,139.56,137.88,138.08,138.28,138.5,138.70000000000002,138.70000000000002,138.92000000000002,139.12,139.34,139.54,139.76,138.08,138.28,138.48,138.70000000000002,138.70000000000002,138.9,139.12,139.32,139.54,139.74,139.96,138.28,138.48,138.48,138.70000000000002,138.9,139.1,139.32,139.52,139.74,139.96,140.16
2021-05-26 02:00:00,89.3,89.22,89.24,89.24,89.26,89.28,89.3,89.32000000000001,89.34,89.36,89.36,89.3,89.32000000000001,89.34,89.36,89.38,89.4,89.42,89.44,89.44,89.46000000000001,89.48,89.42,89.44,89.46000000000001,89.48,89.5,89.52,89.52,89.54,89.56,89.58,89.60000000000001,89.54,89.56,89.58,89.60000000000001,89.60000000000001,89.62,89.64,89.66,89.68,89.7,89.72,89.66,89.68,89.7,89.7,89.72,89.74,89.76,89.78,89.8,89.82000000000001,89.84,89.78,89.78,89.8,89.82000000000001,89.84,89.86,89.88,89.9,89.92,89.94,89.96000000000001,89.86,89.88,89.92,89.94,89.96000000000001,89.98,90.0,90.02,90.04,90.04,90.06,89.98,90.0,90.02,90.04,90.06,90.08,90.12,90.12,90.14,90.16,90.18,90.10000000000001,90.12,90.14,90.16,90.18,90.18,90.2,90.22,90.26,90.28,90.3,90.22,90.24,90.26,90.28,90.28,90.3,90.32000000000001,90.34,90.36,90.4,90.42,90.34,90.36,90.36,90.38,90.4,90.42,90.44,90.46000000000001,90.48,90.52,90.54
2021-06-08 05:00:00,275.84000000000003,275.84000000000003,275.84000000000003,275.94,275.94,275.96,275.96,275.96,275.96,275.96,275.96,275.72,275.72,275.84000000000003,275.84000000000003,275.84000000000003,275.84000000000003,275.84000000000003,275.86,275.86,275.86,275.86,275.62,275.72,275.74,275.74,275.74,275.74,275.74,275.74,275.74,275.74,275.76,275.62,275.62,275.62,275.62,275.64,275.64,275.64,275.64,275.64,275.64,275.64,275.52,275.52,275.52,275.52,275.52,275.52,275.52,275.54,275.54,275.54,275.54,275.40000000000003,275.40000000000003,275.42,275.42,275.42,275.42,275.42,275.42,275.44,275.44,275.44,275.3,275.3,275.3,275.3,275.32,275.32,275.32,275.32,275.32,275.32,275.34000000000003,275.18,275.2,275.2,275.2,275.2,275.2,275.22,275.22,275.22,275.22,275.22,275.08,275.08,275.08,275.1,275.1,275.1,275.1,275.1,275.12,275.12,275.12,274.98,274.98,274.98,274.98,275.0,275.0,275.0,275.0,275.0,275.0,275.02,274.86,274.88,274.88,274.88,274.88,274.88,274.90000000000003,274.90000000000003,274.90000000000003,274.90000000000003,274.90000000000003
2021-02-02 03:00:00,164.0,164.06,164.12,164.20000000000002,164.20000000000002,164.26,164.32,164.38,164.44,164.52,164.58,164.02,164.08,164.16,164.16,164.22,164.28,164.34,164.4,164.48,164.54,164.6,164.04,164.04,164.12,164.18,164.24,164.3,164.36,164.44,164.5,164.56,164.62,164.02,164.08,164.14000000000001,164.20000000000002,164.26,164.32,164.4,164.46,164.52,164.52,164.58,164.02,164.1,164.16,164.22,164.28,164.34,164.4,164.4,164.48,164.54,164.6,164.06,164.12,164.18,164.24,164.3,164.3,164.36,164.44,164.5,164.56,164.62,164.08,164.14000000000001,164.20000000000002,164.26,164.26,164.34,164.4,164.46,164.52,164.58,164.64000000000001,164.1,164.16,164.16,164.22,164.3,164.36,164.42000000000002,164.48,164.54,164.62,164.68,164.06,164.12,164.18,164.24,164.32,164.38,164.44,164.5,164.56,164.64000000000001,164.64000000000001,164.08,164.14000000000001,164.22,164.28,164.34,164.4,164.46,164.52,164.52,164.6,164.66,164.1,164.18,164.24,164.3,164.36,164.42000000000002,164.42000000000002,164.48,164.56,164.62,164.68
2021-04-09 05:00:00,238.78,238.84,238.96,239.02,239.08,239.14000000000001,239.20000000000002,239.26,239.32,239.38,239.38,238.72,238.84,238.9,238.96,239.02,239.08,239.14000000000001,239.20000000000002,239.20000000000002,239.26,239.3,238.72,238.78,238.84,238.9,238.96,239.02,239.02,239.08,239.12,239.18,239.24,238.66,238.72,238.78,238.84,238.9,238.9,238.96,239.0,239.06,239.12,239.18,238.6,238.66,238.72,238.72,238.78,238.84,238.88,238.94,239.0,239.06,239.12,238.54,238.54,238.6,238.66,238.72,238.76,238.82,238.88,238.94,239.0,239.06,238.4,238.46,238.52,238.58,238.64000000000001,238.70000000000002,238.76,238.82,238.88,238.88,238.94,238.34,238.4,238.46,238.52,238.58,238.64000000000001,238.70000000000002,238.70000000000002,238.76,238.82,238.88,238.28,238.34,238.4,238.46,238.52,238.58,238.58,238.64000000000001,238.70000000000002,238.76,238.82,238.22,238.28,238.34,238.4,238.4,238.46,238.52,238.58,238.64000000000001,238.70000000000002,238.76,238.16,238.22,238.22,238.28,238.34,238.4,238.46,238.52,238.56,238.62,238.68
2021-09-05 02:00:00,122.82000000000001,122.88,122.94,123.02,123.08,123.14,123.2,123.28,123.28,123.34,123.4,122.9,122.96000000000001,123.02,123.10000000000001,123.16,123.22,123.22,123.28,123.36,123.42,123.48,122.98,123.04,123.10000000000001,123.16,123.16,123.24000000000001,123.3,123.36,123.42,123.5,123.56,123.06,123.12,123.18,123.18,123.24000000000001,123.32000000000001,123.38000000000001,123.44,123.5,123.58,123.64,123.14,123.14,123.2,123.26,123.32000000000001,123.4,123.46000000000001,123.52,123.60000000000001,123.66,123.72,123.16,123.22,123.28,123.34,123.42,123.48,123.54,123.60000000000001,123.68,123.68,123.74000000000001,123.22,123.3,123.36,123.42,123.48,123.56,123.62,123.62,123.68,123.76,123.82000000000001,123.32000000000001,123.38000000000001,123.44,123.5,123.58,123.58,123.64,123.7,123.76,123.84,123.9,123.4,123.46000000000001,123.52,123.58,123.58,123.66,123.72,123.78,123.84,123.92,123.98,123.48,123.54,123.54,123.60000000000001,123.66,123.74000000000001,123.8,123.86,123.94,124.0,124.06,123.48,123.54,123.62,123.68,123.74000000000001,123.8,123.88000000000001,123.94,124.0,124.08,124.08
2021-10-06 04:00:00,201.76,201.84,201.92000000000002,202.02,202.1,202.18,202.26,202.26,202.34,202.42000000000002,202.52,201.74,201.82,201.9,202.0,202.08,202.08,202.16,202.24,202.32,202.4,202.5,201.72,201.82,201.9,201.98000000000002,201.98000000000002,202.06,202.14000000000001,202.24,202.32,202.4,202.48000000000002,201.72,201.8,201.8,201.88,201.96,202.06,202.14000000000001,202.22,202.3,202.38,202.46,201.62,201.70000000000002,201.78,201.88,201.96,202.04,202.12,202.20000000000002,202.28,202.38,202.38,201.6,201.68,201.76,201.84,201.94,202.02,202.1,202.18,202.18,202.26,202.34,201.58,201.68,201.76,201.84,201.92000000000002,202.0,202.0,202.08,202.18,202.26,202.34,201.58,201.66,201.74,201.82,201.9,201.9,202.0,202.08,202.16,202.24,202.32,201.56,201.64000000000001,201.74,201.74,201.82,201.9,201.98000000000002,202.06,202.14000000000001,202.22,202.32,201.54,201.54,201.64000000000001,201.72,201.8,201.88,201.96,202.04,202.12,202.22,202.3,201.46,201.54,201.62,201.70000000000002,201.78,201.86,201.96,202.04,202.12,202.12,202.20000000000002
2021-05-22 08:00:00,282.40000000000003,282.40000000000003,282.42,282.42,282.44,282.44,282.48,282.48,282.5,282.5,282.52,282.38,282.38,282.40000000000003,282.40000000000003,282.42,282.44,282.46,282.46,282.48,282.48,282.5,282.36,282.36,282.36,282.38,282.42,282.42,282.44,282.44,282.46,282.46,282.48,282.32,282.34000000000003,282.34000000000003,282.38,282.40000000000003,282.40000000000003,282.42,282.42,282.44,282.44,282.46,282.3,282.32,282.34000000000003,282.36,282.38,282.38,282.40000000000003,282.40000000000003,282.40000000000003,282.42,282.44,282.28000000000003,282.32,282.34000000000003,282.34000000000003,282.36,282.36,282.36,282.38,282.40000000000003,282.40000000000003,282.42,282.28000000000003,282.3,282.32,282.32,282.32,282.34000000000003,282.34000000000003,282.36,282.38,282.38,282.40000000000003,282.26,282.28000000000003,282.28000000000003,282.3,282.3,282.32,282.32,282.34000000000003,282.36,282.36,282.38,282.24,282.26,282.26,282.28000000000003,282.28000000000003,282.3,282.32,282.32,282.34000000000003,282.34000000000003,282.34000000000003,282.22,282.24,282.24,282.26,282.26,282.28000000000003,282.3,282.3,282.32,282.32,282.32,282.2,282.22,282.22,282.24,282.24,282.26,282.28000000000003,282.28000000000003,282.28000000000003,282.3,282.32
2021-05-02 01:00:00,94.78,94.8,94.82000000000001,94.84,94.86,94.9,94.92,94.94,94.96000000000001,94.96000000000001,94.98,94.84,94.86,94.88,94.9,94.94,94.96000000000001,94.98,94.98,95.0,95.02,95.06,94.9,94.92,94.94,94.98,95.0,95.0,95.02,95.04,95.06,95.10000000000001,95.12,94.96000000000001,94.98,95.0,95.0,95.04,95.06,95.08,95.10000000000001,95.12,95.16,95.18,95.02,95.04,95.04,95.08,95.10000000000001,95.12,95.14,95.16,95.2,95.22,95.24,95.06,95.08,95.10000000000001,95.14,95.16,95.18,95.2,95.24,95.26,95.28,95.28,95.12,95.14,95.18,95.2,95.22,95.24,95.26,95.3,95.3,95.32000000000001,95.34,95.18,95.2,95.24,95.26,95.28,95.3,95.3,95.34,95.36,95.38,95.4,95.24,95.28,95.3,95.32000000000001,95.32000000000001,95.34,95.38,95.4,95.42,95.44,95.46000000000001,95.32000000000001,95.34,95.36,95.36,95.38,95.4,95.44,95.46000000000001,95.48,95.5,95.54,95.38,95.38,95.4,95.42,95.44,95.48,95.5,95.52,95.54,95.58,95.60000000000001
2021-02-09 04:00:00,186.46,186.52,186.6,186.66,186.74,186.8,186.88,186.88,186.94,187.02,187.08,186.46,186.52,186.6,186.66,186.74,186.74,186.8,186.88,186.94,187.02,187.08,186.46,186.54,186.6,186.68,186.68,186.74,186.82,186.88,186.96,187.02,187.1,186.46,186.54,186.54,186.6,186.68,186.74,186.82,186.9,186.96,187.04,187.1,186.4,186.48,186.54,186.62,186.68,186.76,186.82,186.9,186.96,187.04,187.04,186.4,186.48,186.54,186.62,186.68,186.76,186.82,186.9,186.9,186.96,187.04,186.4,186.48,186.54,186.62,186.68,186.76,186.76,186.82,186.9,186.96,187.04,186.42000000000002,186.48,186.56,186.62,186.70000000000002,186.70000000000002,186.76,186.84,186.9,186.98,187.04,186.42000000000002,186.5,186.56,186.56,186.64000000000001,186.70000000000002,186.78,186.84,186.92000000000002,186.98,187.06,186.42000000000002,186.42000000000002,186.5,186.56,186.64000000000001,186.70000000000002,186.78,186.84,186.92000000000002,186.98,187.06,186.36,186.42000000000002,186.5,186.58,186.64000000000001,186.72,186.78,186.86,186.92000000000002,186.92000000000002,187.0
2021-04-01 04:00:00,200.76,200.9,201.02,201.16,201.28,201.42000000000002,201.54,201.66,201.8,201.8,201.92000000000002,200.76,200.88,201.0,201.14000000000001,201.26,201.4,201.52,201.52,201.64000000000001,201.78,201.9,200.72,200.84,200.98000000000002,201.1,201.22,201.22,201.36,201.48000000000002,201.6,201.74,201.86,200.70000000000002,200.82,200.96,201.08,201.08,201.20000000000002,201.34,201.46,201.58,201.72,201.84,200.68,200.8,200.8,200.94,201.06,201.18,201.32,201.44,201.56,201.70000000000002,201.82,200.54,200.66,200.78,200.92000000000002,201.04,201.16,201.3,201.42000000000002,201.54,201.68,201.68,200.5,200.64000000000001,200.76,200.88,201.02,201.14000000000001,201.26,201.38,201.38,201.52,201.64000000000001,200.48000000000002,200.62,200.74,200.86,201.0,201.12,201.12,201.24,201.36,201.5,201.62,200.46,200.6,200.72,200.84,200.98000000000002,200.98000000000002,201.1,201.22,201.34,201.48000000000002,201.6,200.44,200.58,200.70000000000002,200.70000000000002,200.82,200.96,201.08,201.20000000000002,201.34,201.46,201.58,200.42000000000002,200.42000000000002,200.54,200.66,200.78,200.92000000000002,201.04,201.16,201.3,201.42000000000002,201.54
2021-06-02 01:00:00,82.98,82.98,83.0,83.02,83.02,83.04,83.04,83.06,83.06,83.06,83.08,83.04,83.06,83.06,83.08,83.08,83.10000000000001,83.10000000000001,83.10000000000001,83.12,83.14,83.14,83.10000000000001,83.12,83.12,83.14,83.16,83.16,83.16,83.18,83.18,83.2,83.2,83.16,83.18,83.18,83.18,83.2,83.22,83.22,83.24,83.24,83.26,83.28,83.22,83.24,83.24,83.26,83.26,83.28,83.28,83.3,83.32000000000001,83.32000000000001,83.34,83.28,83.3,83.3,83.32000000000001,83.32000000000001,83.34,83.36,83.36,83.38,83.38,83.38,83.34,83.36,83.36,83.38,83.4,83.4,83.42,83.42,83.42,83.44,83.46000000000001,83.4,83.42,83.42,83.44,83.46000000000001,83.46000000000001,83.46000000000001,83.48,83.5,83.5,83.52,83.46000000000001,83.48,83.5,83.5,83.5,83.52,83.54,83.54,83.56,83.56,83.58,83.54,83.54,83.56,83.56,83.56,83.58,83.60000000000001,83.60000000000001,83.62,83.64,83.64,83.60000000000001,83.60000000000001,83.60000000000001,83.62,83.64,83.64,83.66,83.68,83.68,83.7,83.7
2021-10-04 06:00:00,240.68,240.72,240.76,240.82,240.86,240.88,240.92000000000002,240.96,240.98000000000002,241.02,241.02,240.66,240.70000000000002,240.76,240.78,240.82,240.86,240.88,240.92000000000002,240.92000000000002,240.96,241.0,240.64000000000001,240.70000000000002,240.72,240.76,240.8,240.82,240.86,240.86,240.9,240.94,240.96,240.64000000000001,240.66,240.70000000000002,240.74,240.76,240.76,240.8,240.84,240.88,240.9,240.94,240.6,240.64000000000001,240.68,240.68,240.70000000000002,240.74,240.78,240.82,240.84,240.88,240.92000000000002,240.58,240.58,240.62,240.64000000000001,240.68,240.72,240.74,240.78,240.82,240.86,240.88,240.52,240.54,240.58,240.62,240.66,240.68,240.72,240.76,240.78,240.78,240.82,240.48000000000002,240.52,240.56,240.6,240.62,240.66,240.70000000000002,240.72,240.72,240.76,240.8,240.46,240.5,240.54,240.56,240.6,240.64000000000001,240.64000000000001,240.66,240.70000000000002,240.74,240.78,240.44,240.46,240.5,240.54,240.54,240.56,240.6,240.64000000000001,240.68,240.70000000000002,240.74,240.4,240.44,240.44,240.48000000000002,240.5,240.54,240.58,240.62,240.64000000000001,240.68,240.72
2021-03-13 03:00:00,158.06,158.14000000000001,158.24,158.34,158.42000000000002,158.52,158.62,158.70000000000002,158.70000000000002,158.8,158.9,158.1,158.20000000000002,158.28,158.38,158.48,158.56,158.56,158.66,158.76,158.84,158.94,158.14000000000001,158.24,158.32,158.42000000000002,158.42000000000002,158.52,158.6,158.70000000000002,158.8,158.88,158.98,158.18,158.28,158.38,158.38,158.46,158.56,158.66,158.74,158.84,158.94,159.02,158.24,158.24,158.32,158.42000000000002,158.52,158.6,158.70000000000002,158.8,158.88,158.98,159.08,158.18,158.28,158.38,158.46,158.56,158.66,158.74,158.84,158.94,158.94,159.02,158.22,158.32,158.4,158.5,158.6,158.68,158.78,158.78,158.88,158.96,159.06,158.26,158.36,158.46,158.54,158.64000000000001,158.64000000000001,158.74,158.82,158.92000000000002,159.02,159.1,158.32,158.4,158.5,158.6,158.6,158.68,158.78,158.88,158.96,159.06,159.16,158.36,158.46,158.46,158.54,158.64000000000001,158.74,158.82,158.92000000000002,159.02,159.1,159.20000000000002,158.3,158.4,158.5,158.58,158.68,158.78,158.86,158.96,159.06,159.14000000000001,159.14000000000001
2021-06-01 23:00:00,76.06,76.08,76.08,76.10000000000001,76.12,76.12,76.14,76.16,76.16,76.16,76.18,76.08,76.10000000000001,76.12,76.12,76.14,76.16,76.16,76.16,76.18,76.18,76.2,76.12,76.12,76.14,76.16,76.16,76.16,76.18,76.18,76.2,76.22,76.22,76.14,76.16,76.16,76.16,76.18,76.18,76.2,76.22,76.22,76.24,76.24,76.16,76.16,76.18,76.18,76.2,76.22,76.22,76.24,76.24,76.26,76.28,76.18,76.18,76.2,76.22,76.22,76.24,76.24,76.26,76.28,76.28,76.28,76.2,76.2,76.22,76.24,76.24,76.26,76.28,76.28,76.28,76.3,76.3,76.22,76.24,76.24,76.26,76.28,76.28,76.28,76.3,76.3,76.32000000000001,76.34,76.24,76.26,76.28,76.28,76.28,76.3,76.3,76.32000000000001,76.34,76.34,76.36,76.28,76.28,76.28,76.3,76.3,76.32000000000001,76.34,76.34,76.36,76.38,76.38,76.3,76.3,76.3,76.32000000000001,76.34,76.34,76.36,76.36,76.38,76.4,76.4
2021-09-01 00:00:00,97.04,97.06,97.08,97.10000000000001,97.12,97.14,97.16,97.16,97.18,97.2,97.22,97.06,97.08,97.12,97.14,97.16,97.16,97.18,97.2,97.22,97.24000000000001,97.26,97.10000000000001,97.12,97.14,97.14,97.16,97.2,97.22,97.24000000000001,97.26,97.28,97.3,97.14,97.14,97.16,97.18,97.2,97.22,97.24000000000001,97.26,97.3,97.32000000000001,97.34,97.14,97.18,97.2,97.22,97.24000000000001,97.26,97.28,97.3,97.32000000000001,97.34,97.34,97.18,97.2,97.22,97.26,97.28,97.3,97.32000000000001,97.34,97.34,97.36,97.38,97.22,97.24000000000001,97.26,97.28,97.32000000000001,97.34,97.34,97.36,97.38,97.4,97.42,97.26,97.28,97.3,97.32000000000001,97.32000000000001,97.34,97.36,97.38,97.42,97.44,97.46000000000001,97.3,97.32000000000001,97.32000000000001,97.34,97.36,97.38,97.4,97.42,97.44,97.48,97.5,97.32000000000001,97.32000000000001,97.36,97.38,97.4,97.42,97.44,97.46000000000001,97.48,97.5,97.54,97.34,97.36,97.38,97.4,97.44,97.46000000000001,97.48,97.5,97.52,97.52,97.54
2021-12-26 05:00:00,206.78,206.84,206.88,206.92000000000002,206.98000000000002,207.02,207.06,207.06,207.12,207.16,207.20000000000002,206.78,206.82,206.88,206.92000000000002,206.96,206.96,207.02,207.06,207.1,207.16,207.20000000000002,206.78,206.82,206.86,206.86,206.92000000000002,206.96,207.0,207.06,207.1,207.14000000000001,207.20000000000002,206.76,206.76,206.82,206.86,206.9,206.96,207.0,207.04,207.08,207.14000000000001,207.18,206.72,206.76,206.8,206.86,206.9,206.94,206.98000000000002,207.04,207.08,207.08,207.12,206.70000000000002,206.76,206.8,206.84,206.9,206.94,206.98000000000002,207.02,207.02,207.08,207.12,206.70000000000002,206.74,206.8,206.84,206.88,206.94,206.94,206.98000000000002,207.02,207.06,207.12,206.68,206.74,206.78,206.82,206.82,206.88,206.92000000000002,206.96,207.02,207.06,207.1,206.68,206.72,206.72,206.78,206.82,206.86,206.92000000000002,206.96,207.0,207.04,207.1,206.62,206.68,206.72,206.76,206.82,206.86,206.9,206.96,207.0,207.04,207.04,206.62,206.66,206.72,206.76,206.8,206.86,206.9,206.94,207.0,207.0,207.04
2021-03-31 03:00:00,154.54,154.66,154.78,154.9,155.02,155.14000000000001,155.26,155.38,155.38,155.5,155.64000000000001,154.6,154.72,154.84,154.96,155.08,155.22,155.22,155.34,155.46,155.58,155.70000000000002,154.66,154.78,154.9,155.02,155.02,155.14000000000001,155.26,155.38,155.5,155.64000000000001,155.76,154.72,154.84,154.96,154.96,155.08,155.22,155.34,155.46,155.58,155.70000000000002,155.82,154.8,154.8,154.92000000000002,155.04,155.16,155.28,155.4,155.52,155.64000000000001,155.78,155.9,154.74,154.86,154.98,155.1,155.24,155.36,155.48,155.6,155.72,155.72,155.84,154.8,154.92000000000002,155.04,155.18,155.3,155.42000000000002,155.54,155.54,155.66,155.78,155.9,154.88,155.0,155.12,155.24,155.36,155.36,155.48,155.6,155.72,155.84,155.98,154.94,155.06,155.18,155.32,155.32,155.44,155.56,155.68,155.8,155.92000000000002,156.04,155.02,155.14000000000001,155.14000000000001,155.26,155.38,155.5,155.62,155.74,155.86,155.98,156.1,154.96,155.08,155.20000000000002,155.32,155.44,155.56,155.68,155.8,155.92000000000002,156.04,156.04
2021-04-05 03:00:00,153.14000000000001,153.28,153.4,153.54,153.68,153.8,153.94,154.08,154.08,154.20000000000002,154.34,153.22,153.36,153.48,153.62,153.76,153.88,153.88,154.02,154.16,154.28,154.42000000000002,153.28,153.42000000000002,153.54,153.68,153.68,153.82,153.94,154.08,154.22,154.34,154.48,153.36,153.5,153.62,153.62,153.76,153.9,154.02,154.16,154.3,154.42000000000002,154.56,153.44,153.44,153.58,153.70000000000002,153.84,153.98,154.1,154.24,154.38,154.5,154.64000000000001,153.4,153.52,153.66,153.8,153.92000000000002,154.06,154.18,154.32,154.46,154.46,154.58,153.46,153.6,153.72,153.86,154.0,154.12,154.26,154.26,154.38,154.52,154.66,153.54,153.68,153.8,153.94,154.08,154.08,154.20000000000002,154.34,154.46,154.6,154.74,153.62,153.76,153.88,154.02,154.02,154.16,154.28,154.42000000000002,154.54,154.68,154.82,153.70000000000002,153.84,153.84,153.96,154.1,154.24,154.36,154.5,154.62,154.76,154.9,153.64000000000001,153.76,153.9,154.02,154.16,154.3,154.42000000000002,154.56,154.68,154.82,154.82
2021-11-12 03:00:00,174.98,175.04,175.1,175.18,175.18,175.24,175.3,175.36,175.44,175.5,175.56,175.0,175.06,175.12,175.12,175.18,175.26,175.32,175.38,175.44,175.52,175.58,175.0,175.0,175.08,175.14000000000001,175.20000000000002,175.26,175.34,175.4,175.46,175.54,175.6,174.96,175.02,175.08,175.16,175.22,175.28,175.36,175.42000000000002,175.48,175.48,175.54,174.96,175.04,175.1,175.16,175.22,175.3,175.36,175.36,175.42000000000002,175.48,175.56,174.98,175.04,175.12,175.18,175.24,175.24,175.3,175.38,175.44,175.5,175.58,175.0,175.06,175.12,175.20000000000002,175.20000000000002,175.26,175.32,175.38,175.46,175.52,175.58,175.02,175.08,175.08,175.14000000000001,175.20000000000002,175.28,175.34,175.4,175.48,175.54,175.6,174.96,175.02,175.1,175.16,175.22,175.28,175.36,175.42000000000002,175.48,175.54,175.54,174.98,175.04,175.1,175.18,175.24,175.3,175.36,175.44,175.44,175.5,175.56,175.0,175.06,175.12,175.18,175.26,175.32,175.32,175.38,175.44,175.52,175.58
2021-03-14 03:00:00,157.88,157.98,158.08,158.18,158.26,158.36,158.46,158.56,158.56,158.64000000000001,158.74,157.94,158.04,158.12,158.22,158.32,158.4,158.4,158.5,158.6,158.70000000000002,158.78,157.98,158.08,158.16,158.26,158.26,158.36,158.46,158.54,158.64000000000001,158.74,158.84,158.02,158.12,158.22,158.22,158.3,158.4,158.5,158.6,158.68,158.78,158.88,158.08,158.08,158.16,158.26,158.36,158.46,158.54,158.64000000000001,158.74,158.84,158.92000000000002,158.02,158.12,158.22,158.32,158.4,158.5,158.6,158.68,158.78,158.78,158.88,158.06,158.16,158.26,158.34,158.44,158.54,158.62,158.62,158.72,158.82,158.92000000000002,158.12,158.20000000000002,158.3,158.4,158.48,158.48,158.58,158.68,158.76,158.86,158.96,158.16,158.26,158.34,158.44,158.44,158.54,158.62,158.72,158.82,158.92000000000002,159.0,158.20000000000002,158.3,158.3,158.4,158.48,158.58,158.68,158.78,158.86,158.96,159.06,158.16,158.24,158.34,158.44,158.52,158.62,158.72,158.82,158.9,159.0,159.0
2021-03-31 04:00:00,200.16,200.3,200.42000000000002,200.56,200.68,200.8,200.92000000000002,201.06,201.18,201.18,201.3,200.16,200.28,200.4,200.54,200.66,200.78,200.92000000000002,200.92000000000002,201.04,201.16,201.28,200.12,200.24,200.38,200.5,200.62,200.62,200.74,200.88,201.0,201.12,201.24,200.1,200.22,200.36,200.48000000000002,200.48000000000002,200.6,200.72,200.86,200.98000000000002,201.1,201.22,200.08,200.20000000000002,200.20000000000002,200.34,200.46,200.58,200.72,200.84,200.96,201.08,201.20000000000002,199.94,200.06,200.20000000000002,200.32,200.44,200.56,200.70000000000002,200.82,200.94,201.06,201.06,199.92000000000002,200.04,200.16,200.28,200.42000000000002,200.54,200.66,200.78,200.78,200.92000000000002,201.04,199.9,200.02,200.14000000000001,200.28,200.4,200.52,200.52,200.64000000000001,200.78,200.9,201.02,199.88,200.0,200.14000000000001,200.26,200.38,200.38,200.5,200.62,200.76,200.88,201.0,199.86,199.98000000000002,200.12,200.12,200.24,200.36,200.48000000000002,200.62,200.74,200.86,200.98000000000002,199.82,199.82,199.96,200.08,200.20000000000002,200.32,200.46,200.58,200.70000000000002,200.82,200.94
2021-06-28 02:00:00,82.98,82.88,82.88,82.9,82.9,82.9,82.92,82.92,82.94,82.94,82.94,82.98,82.98,83.0,83.0,83.0,83.02,83.02,83.04,83.04,83.04,83.04,83.08,83.10000000000001,83.10000000000001,83.10000000000001,83.12,83.12,83.12,83.14,83.14,83.14,83.16,83.2,83.2,83.2,83.22,83.22,83.22,83.24,83.24,83.24,83.26,83.26,83.3,83.3,83.32000000000001,83.32000000000001,83.32000000000001,83.32000000000001,83.34,83.34,83.36,83.36,83.38,83.4,83.4,83.42,83.42,83.42,83.44,83.44,83.46000000000001,83.46000000000001,83.48,83.48,83.5,83.52,83.52,83.52,83.54,83.54,83.56,83.56,83.58,83.58,83.58,83.60000000000001,83.62,83.62,83.64,83.64,83.66,83.66,83.66,83.68,83.68,83.68,83.72,83.72,83.74,83.74,83.76,83.76,83.76,83.76,83.78,83.78,83.8,83.82000000000001,83.84,83.84,83.86,83.86,83.86,83.86,83.88,83.88,83.9,83.9,83.94,83.94,83.94,83.94,83.96000000000001,83.96000000000001,83.98,83.98,84.0,84.0,84.02
2021-11-23 06:00:00,225.84,225.88,225.9,225.96,225.98000000000002,226.02,226.06,226.08,226.08,226.12,226.16,225.82,225.86,225.9,225.94,225.98000000000002,226.0,226.0,226.04,226.08,226.12,226.14000000000001,225.82,225.86,225.9,225.92000000000002,225.92000000000002,225.96,226.0,226.02,226.06,226.1,226.14000000000001,225.82,225.84,225.84,225.88,225.92000000000002,225.94,225.98000000000002,226.02,226.06,226.08,226.12,225.76,225.8,225.84,225.86,225.9,225.94,225.98000000000002,226.0,226.04,226.08,226.1,225.76,225.78,225.82,225.86,225.9,225.92000000000002,225.96,226.0,226.02,226.02,226.06,225.74,225.78,225.8,225.84,225.88,225.9,225.94,225.94,225.98000000000002,226.02,226.04,225.72,225.76,225.8,225.82,225.86,225.86,225.9,225.94,225.96,226.0,226.04,225.72,225.74,225.78,225.78,225.82,225.86,225.88,225.92000000000002,225.96,225.98000000000002,226.02,225.70000000000002,225.70000000000002,225.74,225.78,225.8,225.84,225.88,225.9,225.94,225.98000000000002,226.0,225.66,225.68,225.72,225.76,225.8,225.82,225.86,225.9,225.92000000000002,225.96,225.96
2021-02-05 06:00:00,223.96,224.0,224.06,224.1,224.14000000000001,224.18,224.22,224.26,224.26,224.3,224.34,223.94,224.0,224.04,224.08,224.12,224.16,224.20000000000002,224.20000000000002,224.24,224.28,224.32,223.94,223.98000000000002,224.02,224.06,224.1,224.1,224.14000000000001,224.20000000000002,224.24,224.28,224.32,223.94,223.98000000000002,224.02,224.02,224.06,224.1,224.14000000000001,224.18,224.22,224.26,224.3,223.92000000000002,223.92000000000002,223.96,224.0,224.04,224.08,224.12,224.16,224.20000000000002,224.24,224.28,223.86,223.9,223.94,223.98000000000002,224.02,224.06,224.1,224.14000000000001,224.18,224.18,224.22,223.84,223.88,223.92000000000002,223.96,224.0,224.04,224.08,224.12,224.12,224.16,224.20000000000002,223.82,223.86,223.9,223.94,223.98000000000002,224.02,224.02,224.06,224.1,224.14000000000001,224.18,223.8,223.84,223.88,223.92000000000002,223.92000000000002,223.96,224.0,224.04,224.08,224.12,224.16,223.78,223.82,223.82,223.86,223.9,223.94,223.98000000000002,224.02,224.08,224.12,224.16,223.74,223.78,223.82,223.86,223.9,223.94,223.98000000000002,224.02,224.06,224.1,224.1
2021-03-08 06:00:00,235.6,235.64000000000001,235.72,235.76,235.8,235.84,235.88,235.92000000000002,235.96,235.96,236.0,235.58,235.64000000000001,235.68,235.72,235.76,235.8,235.84,235.84,235.88,235.92000000000002,235.96,235.58,235.62,235.66,235.70000000000002,235.74,235.78,235.78,235.82,235.86,235.9,235.94,235.56,235.6,235.64000000000001,235.68,235.68,235.72,235.76,235.8,235.84,235.88,235.92000000000002,235.52,235.56,235.56,235.6,235.64000000000001,235.68,235.72,235.76,235.8,235.84,235.88,235.46,235.5,235.54,235.58,235.62,235.66,235.70000000000002,235.74,235.78,235.82,235.82,235.42000000000002,235.46,235.5,235.54,235.58,235.62,235.66,235.70000000000002,235.70000000000002,235.74,235.78,235.4,235.44,235.48000000000002,235.52,235.56,235.6,235.64000000000001,235.64000000000001,235.68,235.72,235.76,235.36,235.4,235.44,235.48000000000002,235.52,235.52,235.56,235.6,235.64000000000001,235.68,235.72,235.34,235.38,235.42000000000002,235.42000000000002,235.46,235.5,235.54,235.58,235.62,235.66,235.70000000000002,235.3,235.3,235.34,235.38,235.42000000000002,235.46,235.5,235.54,235.58,235.62,235.66
2021-04-25 05:00:00,251.44,251.48000000000002,251.48000000000002,251.6,251.64000000000001,251.68,251.74,251.78,251.82,251.86,251.9,251.3,251.36,251.48000000000002,251.52,251.56,251.6,251.66,251.70000000000002,251.74,251.78,251.78,251.22,251.36,251.4,251.44,251.48000000000002,251.52,251.58,251.62,251.62,251.66,251.70000000000002,251.22,251.26000000000002,251.32,251.36,251.4,251.44,251.44,251.48000000000002,251.54,251.58,251.62,251.14000000000001,251.18,251.24,251.28,251.32,251.32,251.36,251.4,251.46,251.5,251.54,251.06,251.1,251.16,251.16,251.20000000000002,251.24,251.28,251.32,251.38,251.42000000000002,251.46,250.98000000000002,250.98000000000002,251.02,251.08,251.12,251.16,251.20000000000002,251.24,251.3,251.34,251.38,250.84,250.9,250.94,250.98000000000002,251.02,251.08,251.12,251.16,251.20000000000002,251.20000000000002,251.24,250.76000000000002,250.82,250.86,250.9,250.94,251.0,251.04,251.04,251.08,251.12,251.18,250.68,250.74,250.78,250.82,250.86,250.92000000000002,250.92000000000002,250.96,251.0,251.04,251.1,250.6,250.66,250.70000000000002,250.74,250.74,250.78,250.84,250.88,250.92000000000002,250.96,251.02
2021-05-11 06:00:00,270.16,270.18,270.2,270.2,270.26,270.28000000000003,270.3,270.32,270.32,270.34000000000003,270.36,270.12,270.12,270.12,270.2,270.22,270.22,270.24,270.26,270.28000000000003,270.28000000000003,270.3,270.04,270.06,270.12,270.14,270.16,270.18,270.18,270.2,270.22,270.22,270.24,270.0,270.06,270.08,270.1,270.1,270.12,270.14,270.14,270.16,270.16,270.18,270.0,270.0,270.02,270.04,270.06,270.06,270.06,270.08,270.1,270.12,270.12,269.94,269.96,269.96,269.98,269.98,270.0,270.02,270.02,270.04,270.06,270.08,269.88,269.9,269.9,269.92,269.94,269.94,269.96,269.98,270.0,270.0,270.02,269.82,269.82,269.84000000000003,269.86,269.88,269.88,269.9,269.92,269.94,269.96,269.96,269.76,269.78000000000003,269.78000000000003,269.8,269.82,269.84000000000003,269.86,269.86,269.86,269.88,269.9,269.7,269.72,269.74,269.76,269.76,269.78000000000003,269.8,269.8,269.82,269.84000000000003,269.84000000000003,269.66,269.66,269.68,269.7,269.72,269.72,269.72,269.74,269.76,269.78000000000003,269.8
2021-06-07 00:00:00,78.9,78.92,78.92,78.94,78.94,78.96000000000001,78.96000000000001,78.98,78.98,79.0,79.0,78.94,78.96000000000001,78.96000000000001,78.98,78.98,79.0,79.0,79.0,79.02,79.04,79.04,78.98,79.0,79.0,79.02,79.02,79.02,79.04,79.04,79.06,79.06,79.08,79.02,79.04,79.04,79.04,79.06,79.06,79.08,79.08,79.10000000000001,79.10000000000001,79.12,79.06,79.06,79.06,79.08,79.10000000000001,79.10000000000001,79.12,79.12,79.14,79.14,79.16,79.08,79.10000000000001,79.10000000000001,79.12,79.14,79.14,79.16,79.16,79.18,79.18,79.18,79.12,79.14,79.14,79.16,79.18,79.18,79.2,79.2,79.2,79.22,79.22,79.16,79.18,79.18,79.2,79.2,79.2,79.22,79.24,79.24,79.26,79.26,79.2,79.22,79.22,79.22,79.24,79.24,79.26,79.28,79.28,79.3,79.3,79.24,79.26,79.26,79.26,79.28,79.28,79.3,79.32000000000001,79.32000000000001,79.34,79.34,79.26,79.28,79.3,79.3,79.32000000000001,79.32000000000001,79.34,79.34,79.36,79.38,79.38
2021-03-31 05:00:00,232.06,232.12,232.22,232.3,232.36,232.42000000000002,232.48000000000002,232.54,232.6,232.66,232.66,232.0,232.12,232.18,232.24,232.3,232.36,232.42000000000002,232.5,232.5,232.56,232.62,232.0,232.06,232.12,232.18,232.24,232.32,232.32,232.38,232.44,232.5,232.56,231.94,232.0,232.08,232.14000000000001,232.20000000000002,232.20000000000002,232.26,232.32,232.38,232.44,232.52,231.9,231.96,232.02,232.02,232.08,232.14000000000001,232.20000000000002,232.28,232.34,232.4,232.46,231.84,231.84,231.9,231.98000000000002,232.04,232.1,232.16,232.22,232.28,232.34,232.42000000000002,231.72,231.78,231.84,231.92000000000002,231.98000000000002,232.04,232.1,232.16,232.22,232.22,232.28,231.68,231.74,231.8,231.86,231.92000000000002,231.98000000000002,232.06,232.06,232.12,232.18,232.24,231.62,231.68,231.74,231.82,231.88,231.94,231.94,232.0,232.06,232.12,232.18,231.58,231.64000000000001,231.70000000000002,231.76,231.76,231.82,231.88,231.96,232.02,232.08,232.14000000000001,231.52,231.58,231.58,231.64000000000001,231.70000000000002,231.76,231.84,231.9,231.96,232.02,232.08
2021-04-04 06:00:00,250.58,250.58,250.6,250.68,250.72,250.74,250.78,250.82,250.84,250.88,250.9,250.5,250.54,250.6,250.64000000000001,250.68,250.70000000000002,250.74,250.76000000000002,250.8,250.8,250.84,250.46,250.54,250.56,250.6,250.62,250.66,250.70000000000002,250.70000000000002,250.72,250.76000000000002,250.78,250.46,250.5,250.52,250.56,250.58,250.62,250.62,250.66,250.68,250.72,250.74,250.42000000000002,250.44,250.48000000000002,250.52,250.52,250.54,250.58,250.62,250.64000000000001,250.68,250.70000000000002,250.38,250.4,250.4,250.44,250.48000000000002,250.5,250.54,250.56,250.6,250.64000000000001,250.66,250.3,250.32,250.36,250.4,250.42000000000002,250.46,250.5,250.52,250.56,250.58,250.58,250.26000000000002,250.28,250.32,250.36,250.38,250.42000000000002,250.44,250.48000000000002,250.48000000000002,250.52,250.54,250.22,250.24,250.28,250.32,250.34,250.38,250.4,250.4,250.44,250.48000000000002,250.5,250.18,250.20000000000002,250.24,250.26000000000002,250.3,250.3,250.34,250.36,250.4,250.44,250.46,250.12,250.16,250.20000000000002,250.20000000000002,250.22,250.26000000000002,250.28,250.32,250.36,250.38,250.42000000000002
2021-04-28 02:00:00,107.82000000000001,107.76,107.82000000000001,107.88,107.92,107.98,108.02,108.08,108.12,108.18,108.18,107.82000000000001,107.88,107.92,107.98,108.02,108.08,108.14,108.18,108.18,108.24000000000001,108.28,107.94,107.98,108.04,108.08,108.14,108.18,108.18,108.24000000000001,108.3,108.34,108.4,108.02,108.08,108.14,108.18,108.18,108.24000000000001,108.28,108.34,108.4,108.44,108.5,108.14,108.18,108.24000000000001,108.24000000000001,108.28,108.34,108.4,108.44,108.5,108.56,108.60000000000001,108.24000000000001,108.24000000000001,108.3,108.34,108.4,108.44,108.5,108.56,108.60000000000001,108.66,108.72,108.3,108.34,108.4,108.44,108.5,108.56,108.60000000000001,108.66,108.72,108.72,108.76,108.4,108.44,108.5,108.56,108.60000000000001,108.66,108.72,108.72,108.76,108.82000000000001,108.88,108.5,108.56,108.60000000000001,108.66,108.72,108.72,108.76,108.82000000000001,108.88,108.92,108.98,108.60000000000001,108.66,108.72,108.76,108.76,108.82000000000001,108.88,108.92,108.98,109.04,109.08,108.72,108.76,108.76,108.82000000000001,108.88,108.92,108.98,109.04,109.08,109.14,109.2
2021-07-02 01:00:00,81.22,81.22,81.24,81.24,81.26,81.26,81.28,81.28,81.3,81.3,81.3,81.28,81.28,81.3,81.3,81.32000000000001,81.32000000000001,81.34,81.34,81.34,81.36,81.36,81.34,81.34,81.36,81.36,81.38,81.38,81.38,81.4,81.4,81.42,81.42,81.4,81.4,81.42,81.42,81.42,81.44,81.44,81.46000000000001,81.46000000000001,81.48,81.48,81.46000000000001,81.46000000000001,81.46000000000001,81.48,81.48,81.5,81.5,81.52,81.52,81.54,81.54,81.5,81.52,81.52,81.54,81.54,81.56,81.56,81.58,81.58,81.60000000000001,81.60000000000001,81.56,81.58,81.58,81.60000000000001,81.60000000000001,81.62,81.62,81.64,81.64,81.64,81.66,81.62,81.64,81.64,81.66,81.66,81.68,81.68,81.68,81.7,81.7,81.72,81.68,81.7,81.7,81.72,81.72,81.72,81.74,81.74,81.76,81.76,81.78,81.74,81.76,81.76,81.76,81.78,81.78,81.8,81.8,81.82000000000001,81.84,81.84,81.8,81.8,81.82000000000001,81.82000000000001,81.84,81.84,81.86,81.86,81.88,81.9,81.9
2021-04-03 06:00:00,250.0,250.0,250.02,250.1,250.14000000000001,250.16,250.20000000000002,250.24,250.26000000000002,250.3,250.32,249.92000000000002,249.94,250.02,250.06,250.1,250.12,250.16,250.18,250.22,250.22,250.26000000000002,249.88,249.94,249.98000000000002,250.02,250.04,250.08,250.12,250.12,250.14000000000001,250.18,250.20000000000002,249.88,249.9,249.94,249.98000000000002,250.0,250.04,250.04,250.08,250.1,250.14000000000001,250.16,249.84,249.86,249.9,249.94,249.94,249.96,250.0,250.04,250.06,250.1,250.12,249.8,249.82,249.82,249.86,249.9,249.92000000000002,249.96,249.98000000000002,250.02,250.06,250.08,249.72,249.74,249.78,249.82,249.84,249.88,249.92000000000002,249.94,249.98000000000002,250.0,250.0,249.68,249.70000000000002,249.74,249.78,249.8,249.84,249.86,249.9,249.9,249.94,249.96,249.64000000000001,249.66,249.70000000000002,249.74,249.76000000000002,249.8,249.82,249.82,249.86,249.9,249.92000000000002,249.58,249.62,249.66,249.68,249.72,249.72,249.76000000000002,249.78,249.82,249.86,249.88,249.54,249.58,249.62,249.62,249.64000000000001,249.68,249.72,249.74,249.78,249.82,249.84
2021-05-10 00:00:00,85.8,85.82000000000001,85.84,85.84,85.86,85.88,85.9,85.92,85.92,85.92,85.94,85.84,85.86,85.88,85.88,85.9,85.92,85.92,85.94,85.96000000000001,85.96000000000001,85.98,85.88,85.9,85.92,85.92,85.92,85.94,85.96000000000001,85.98,86.0,86.0,86.02,85.92,85.94,85.94,85.96000000000001,85.96000000000001,85.98,86.0,86.02,86.02,86.04,86.06,85.96000000000001,85.96000000000001,85.98,86.0,86.0,86.02,86.04,86.06,86.06,86.08,86.10000000000001,85.98,86.0,86.02,86.04,86.04,86.06,86.08,86.10000000000001,86.10000000000001,86.10000000000001,86.12,86.02,86.04,86.06,86.08,86.08,86.10000000000001,86.12,86.12,86.14,86.14,86.16,86.06,86.08,86.10000000000001,86.10000000000001,86.12,86.12,86.14,86.16,86.18,86.18,86.2,86.10000000000001,86.12,86.14,86.14,86.14,86.16,86.18,86.2,86.22,86.22,86.24,86.14,86.16,86.16,86.18,86.18,86.2,86.22,86.24,86.26,86.26,86.28,86.16,86.18,86.2,86.22,86.22,86.24,86.26,86.28,86.3,86.3,86.3
2021-10-04 04:00:00,202.02,202.12,202.20000000000002,202.28,202.38,202.46,202.54,202.64000000000001,202.72,202.72,202.8,202.02,202.1,202.20000000000002,202.28,202.36,202.44,202.54,202.54,202.62,202.70000000000002,202.78,202.0,202.08,202.18,202.26,202.34,202.34,202.42000000000002,202.52,202.6,202.68,202.76,201.98000000000002,202.08,202.16,202.24,202.24,202.34,202.42000000000002,202.5,202.58,202.68,202.76,201.98000000000002,202.06,202.06,202.14000000000001,202.24,202.32,202.4,202.48000000000002,202.58,202.66,202.74,201.88,201.96,202.04,202.14000000000001,202.22,202.3,202.38,202.48000000000002,202.56,202.64000000000001,202.64000000000001,201.86,201.94,202.02,202.1,202.20000000000002,202.28,202.36,202.44,202.44,202.54,202.62,201.84,201.92000000000002,202.02,202.1,202.18,202.26,202.26,202.36,202.44,202.52,202.6,201.82,201.92000000000002,202.0,202.08,202.16,202.16,202.26,202.34,202.42000000000002,202.5,202.6,201.82,201.9,201.98000000000002,201.98000000000002,202.08,202.16,202.24,202.32,202.42000000000002,202.5,202.58,201.8,201.8,201.88,201.96,202.06,202.14000000000001,202.22,202.3,202.4,202.48000000000002,202.56
2021-10-19 05:00:00,221.16,221.20000000000002,221.28,221.34,221.38,221.44,221.48000000000002,221.54,221.58,221.58,221.64000000000001,221.14000000000001,221.20000000000002,221.26,221.3,221.36,221.4,221.46,221.46,221.5,221.56,221.62,221.14000000000001,221.18,221.24,221.28,221.34,221.38,221.38,221.44,221.48000000000002,221.54,221.58,221.1,221.16,221.22,221.26,221.26,221.32,221.36,221.42000000000002,221.46,221.52,221.56,221.08,221.14000000000001,221.14000000000001,221.20000000000002,221.24,221.3,221.34,221.4,221.44,221.5,221.54,221.02,221.06,221.12,221.16,221.22,221.26,221.32,221.36,221.42000000000002,221.46,221.46,221.0,221.04,221.1,221.14000000000001,221.20000000000002,221.24,221.3,221.34,221.34,221.4,221.44,220.96,221.02,221.08,221.12,221.18,221.22,221.28,221.28,221.32,221.38,221.42000000000002,220.94,221.0,221.06,221.1,221.16,221.16,221.20000000000002,221.26,221.3,221.36,221.4,220.92000000000002,220.98000000000002,221.02,221.02,221.08,221.12,221.18,221.22,221.28,221.32,221.38,220.9,220.9,220.94,221.0,221.06,221.1,221.16,221.20000000000002,221.26,221.3,221.36
2021-03-07 02:00:00,135.36,135.42000000000002,135.48,135.54,135.58,135.58,135.64000000000001,135.7,135.76,135.82,135.88,135.4,135.46,135.52,135.52,135.58,135.64000000000001,135.7,135.74,135.8,135.86,135.92000000000002,135.46,135.52,135.52,135.56,135.62,135.68,135.74,135.8,135.86,135.92000000000002,135.98,135.44,135.5,135.56,135.62,135.68,135.74,135.8,135.84,135.9,135.96,135.96,135.5,135.56,135.6,135.66,135.72,135.78,135.84,135.9,135.9,135.96,136.02,135.54,135.6,135.66,135.7,135.76,135.82,135.82,135.88,135.94,136.0,136.06,135.58,135.64000000000001,135.7,135.76,135.76,135.82,135.88,135.92000000000002,135.98,136.04,136.1,135.64000000000001,135.7,135.74,135.74,135.8,135.86,135.92000000000002,135.98,136.04,136.1,136.16,135.68,135.68,135.74,135.8,135.86,135.92000000000002,135.98,136.02,136.08,136.14000000000001,136.2,135.66,135.72,135.78,135.84,135.9,135.96,136.02,136.08,136.14000000000001,136.14000000000001,136.18,135.72,135.78,135.84,135.9,135.94,136.0,136.06,136.06,136.12,136.18,136.24
2021-04-25 06:00:00,262.5,262.52,262.54,262.54,262.62,262.64,262.66,262.68,262.7,262.72,262.74,262.44,262.44,262.46,262.54,262.56,262.58,262.6,262.62,262.66,262.68,262.7,262.38,262.4,262.46,262.5,262.52,262.54,262.56,262.58,262.6,262.6,262.62,262.32,262.4,262.42,262.44,262.46,262.48,262.5,262.5,262.52,262.56,262.58,262.32,262.34000000000003,262.36,262.4,262.42,262.44,262.44,262.46,262.48,262.5,262.52,262.28000000000003,262.3,262.32,262.34000000000003,262.34000000000003,262.36,262.38,262.4,262.44,262.46,262.48,262.22,262.24,262.24,262.26,262.3,262.32,262.34000000000003,262.36,262.38,262.4,262.42,262.14,262.16,262.2,262.22,262.24,262.26,262.28000000000003,262.3,262.32,262.36,262.36,262.1,262.12,262.14,262.16,262.18,262.22,262.24,262.26,262.26,262.28000000000003,262.3,262.04,262.08,262.1,262.12,262.14,262.16,262.18,262.18,262.2,262.24,262.26,262.0,262.02,262.04,262.06,262.08,262.08,262.12,262.14,262.16,262.18,262.2
2021-05-16 05:00:00,266.06,266.08,266.08,266.2,266.22,266.24,266.26,266.28000000000003,266.3,266.32,266.34000000000003,265.94,265.96,266.08,266.1,266.12,266.14,266.16,266.18,266.2,266.22,266.22,265.84000000000003,265.96,265.98,266.0,266.02,266.04,266.06,266.08,266.08,266.1,266.14,265.84000000000003,265.86,265.88,265.9,265.92,265.94,265.94,265.98,266.0,266.02,266.04,265.74,265.76,265.78000000000003,265.82,265.84000000000003,265.84000000000003,265.86,265.88,265.9,265.92,265.94,265.66,265.68,265.7,265.7,265.72,265.74,265.76,265.78000000000003,265.8,265.82,265.84000000000003,265.56,265.56,265.58,265.6,265.62,265.64,265.66,265.68,265.7,265.72,265.74,265.44,265.46,265.48,265.5,265.52,265.54,265.56,265.58,265.6,265.6,265.62,265.34000000000003,265.36,265.38,265.4,265.42,265.44,265.46,265.46,265.48,265.5,265.54,265.24,265.26,265.28000000000003,265.3,265.32,265.34000000000003,265.34000000000003,265.36,265.4,265.42,265.44,265.14,265.16,265.18,265.2,265.2,265.22,265.26,265.28000000000003,265.3,265.32,265.34000000000003
2021-10-17 06:00:00,236.24,236.24,236.28,236.3,236.36,236.4,236.44,236.46,236.5,236.54,236.58,236.18,236.22,236.24,236.3,236.34,236.38,236.4,236.44,236.48000000000002,236.48000000000002,236.5,236.16,236.20000000000002,236.24,236.28,236.32,236.36,236.38,236.42000000000002,236.42000000000002,236.46,236.48000000000002,236.14000000000001,236.20000000000002,236.22,236.26,236.3,236.34,236.34,236.36,236.4,236.44,236.46,236.14000000000001,236.18,236.20000000000002,236.24,236.24,236.28,236.3,236.34,236.38,236.42000000000002,236.44,236.12,236.14000000000001,236.14000000000001,236.18,236.22,236.26,236.28,236.32,236.36,236.38,236.42000000000002,236.06,236.1,236.12,236.16,236.20000000000002,236.24,236.26,236.3,236.34,236.36,236.36,236.04,236.08,236.1,236.14000000000001,236.18,236.20000000000002,236.24,236.28,236.32,236.32,236.34,236.02,236.06,236.08,236.12,236.16,236.18,236.22,236.22,236.26,236.3,236.32,235.98000000000002,236.02,236.06,236.1,236.12,236.12,236.16,236.20000000000002,236.24,236.26,236.3,235.96,236.0,236.04,236.04,236.08,236.1,236.14000000000001,236.18,236.22,236.24,236.28
2021-10-20 04:00:00,199.88,199.96,200.04,200.1,200.18,200.24,200.32,200.4,200.4,200.46,200.54,199.88,199.94,200.02,200.08,200.16,200.24,200.24,200.3,200.38,200.44,200.52,199.86,199.94,200.02,200.08,200.16,200.16,200.22,200.3,200.38,200.44,200.52,199.86,199.94,200.0,200.0,200.08,200.14000000000001,200.22,200.3,200.36,200.44,200.5,199.86,199.86,199.92000000000002,200.0,200.06,200.14000000000001,200.22,200.28,200.36,200.42000000000002,200.5,199.76,199.84,199.9,199.98000000000002,200.06,200.12,200.20000000000002,200.26,200.34,200.34,200.4,199.76,199.82,199.9,199.98000000000002,200.04,200.12,200.18,200.18,200.26,200.34,200.4,199.74,199.82,199.9,199.96,200.04,200.1,200.1,200.18,200.26,200.32,200.4,199.74,199.82,199.88,199.96,199.96,200.02,200.1,200.18,200.24,200.32,200.38,199.72,199.8,199.8,199.88,199.94,200.02,200.08,200.16,200.24,200.3,200.38,199.66,199.72,199.8,199.86,199.94,200.02,200.08,200.16,200.22,200.3,200.3
2021-04-30 03:00:00,138.76,138.76,138.96,139.16,139.36,139.58,139.78,139.98,140.20000000000002,140.4,140.4,138.76,138.96,139.16,139.36,139.56,139.76,139.98,140.18,140.18,140.38,140.6,138.94,139.14000000000001,139.34,139.54,139.76,139.96,139.96,140.16,140.38,140.58,140.8,139.1,139.3,139.5,139.72,139.72,139.92000000000002,140.12,140.32,140.54,140.74,140.96,139.3,139.5,139.70000000000002,139.70000000000002,139.9,140.1,140.32,140.52,140.72,140.94,141.14000000000001,139.48,139.48,139.68,139.9,140.1,140.3,140.5,140.72,140.92000000000002,141.12,141.34,139.48,139.68,139.88,140.08,140.28,140.48,140.70000000000002,140.9,141.1,141.1,141.32,139.66,139.86,140.06,140.26,140.46,140.66,140.86,140.86,141.08,141.28,141.5,139.84,140.04,140.24,140.44,140.64000000000001,140.64000000000001,140.86,141.06,141.26,141.46,141.68,140.02,140.22,140.42000000000002,140.64000000000001,140.64000000000001,140.84,141.04,141.24,141.44,141.66,141.86,140.22,140.42000000000002,140.42000000000002,140.62,140.82,141.02,141.22,141.42000000000002,141.64000000000001,141.84,142.06
2021-10-04 02:00:00,142.06,142.14000000000001,142.20000000000002,142.28,142.34,142.42000000000002,142.48,142.48,142.56,142.62,142.68,142.12,142.18,142.26,142.32,142.4,142.4,142.46,142.54,142.6,142.68,142.74,142.16,142.24,142.3,142.3,142.38,142.44,142.52,142.58,142.64000000000001,142.72,142.78,142.22,142.28,142.28,142.36,142.42000000000002,142.5,142.56,142.64000000000001,142.70000000000002,142.78,142.84,142.20000000000002,142.28,142.34,142.4,142.48,142.54,142.62,142.68,142.76,142.82,142.82,142.26,142.32,142.4,142.46,142.52,142.6,142.66,142.74,142.74,142.8,142.88,142.3,142.36,142.44,142.5,142.58,142.64000000000001,142.64000000000001,142.70000000000002,142.78,142.84,142.92000000000002,142.34,142.42000000000002,142.48,142.56,142.56,142.62,142.70000000000002,142.76,142.82,142.9,142.96,142.4,142.46,142.54,142.54,142.6,142.68,142.74,142.82,142.88,142.96,143.02,142.46,142.46,142.52,142.58,142.66,142.72,142.8,142.86,142.94,143.0,143.08,142.42000000000002,142.5,142.56,142.64000000000001,142.70000000000002,142.78,142.84,142.9,142.98,142.98,143.04
2021-02-26 03:00:00,160.34,160.42000000000002,160.5,160.58,160.66,160.72,160.72,160.8,160.88,160.96,161.04,160.36,160.44,160.52,160.6,160.6,160.68,160.76,160.84,160.92000000000002,161.0,161.08,160.4,160.48,160.56,160.56,160.64000000000001,160.72,160.8,160.88,160.96,161.02,161.1,160.44,160.44,160.52,160.6,160.68,160.76,160.84,160.9,160.98,161.06,161.14000000000001,160.4,160.48,160.56,160.64000000000001,160.70000000000002,160.78,160.86,160.94,161.02,161.02,161.1,160.42000000000002,160.5,160.58,160.66,160.74,160.82,160.9,160.9,160.96,161.04,161.12,160.46,160.54,160.62,160.70000000000002,160.76,160.76,160.84,160.92000000000002,161.0,161.08,161.16,160.5,160.58,160.64000000000001,160.72,160.72,160.8,160.88,160.96,161.04,161.12,161.20000000000002,160.52,160.6,160.6,160.68,160.76,160.84,160.92000000000002,161.0,161.08,161.16,161.24,160.48,160.56,160.64000000000001,160.72,160.8,160.88,160.94,161.02,161.1,161.18,161.18,160.52,160.6,160.68,160.76,160.82,160.9,160.98,161.06,161.06,161.14000000000001,161.22
2021-04-26 07:00:00,269.66,269.68,269.7,269.72,269.72,269.76,269.78000000000003,269.8,269.8,269.82,269.84000000000003,269.64,269.66,269.66,269.66,269.72,269.74,269.74,269.76,269.78000000000003,269.8,269.82,269.58,269.6,269.62,269.66,269.68,269.7,269.72,269.74,269.74,269.76,269.76,269.56,269.58,269.62,269.64,269.66,269.66,269.68,269.7,269.7,269.72,269.74,269.52,269.58,269.6,269.6,269.62,269.64,269.66,269.66,269.68,269.68,269.7,269.52,269.54,269.56,269.58,269.6,269.6,269.6,269.62,269.64,269.66,269.68,269.5,269.52,269.52,269.52,269.54,269.56,269.58,269.6,269.62,269.62,269.64,269.46,269.46,269.48,269.5,269.52,269.52,269.54,269.56,269.58,269.6,269.62,269.42,269.44,269.44,269.46,269.48,269.5,269.52,269.54,269.54,269.54,269.56,269.38,269.4,269.42,269.44,269.46,269.46,269.48,269.5,269.5,269.52,269.54,269.36,269.38,269.38,269.4,269.42,269.44,269.44,269.46,269.48,269.48,269.5
2021-09-05 01:00:00,107.82000000000001,107.86,107.9,107.92,107.96000000000001,108.0,108.0,108.04,108.06,108.10000000000001,108.14,107.88,107.92,107.94,107.98,107.98,108.02,108.06,108.08,108.12,108.16,108.18,107.92,107.96000000000001,107.96000000000001,108.0,108.04,108.06,108.10000000000001,108.14,108.18,108.2,108.24000000000001,107.98,107.98,108.02,108.06,108.08,108.12,108.16,108.2,108.22,108.26,108.3,108.0,108.04,108.08,108.10000000000001,108.14,108.18,108.22,108.24000000000001,108.28,108.28,108.32000000000001,108.06,108.10000000000001,108.12,108.16,108.2,108.24000000000001,108.26,108.26,108.3,108.34,108.38,108.12,108.14,108.18,108.22,108.26,108.26,108.28,108.32000000000001,108.36,108.4,108.42,108.16,108.2,108.24000000000001,108.24000000000001,108.28,108.3,108.34,108.38,108.42,108.44,108.48,108.22,108.26,108.26,108.3,108.32000000000001,108.36,108.4,108.44,108.46000000000001,108.5,108.54,108.24000000000001,108.28,108.32000000000001,108.34,108.38,108.42,108.46000000000001,108.48,108.52,108.56,108.56,108.3,108.32000000000001,108.36,108.4,108.44,108.46000000000001,108.5,108.54,108.54,108.58,108.60000000000001
2021-10-22 05:00:00,220.32,220.36,220.44,220.5,220.54,220.6,220.64000000000001,220.70000000000002,220.74,220.74,220.8,220.3,220.36,220.42000000000002,220.46,220.52,220.56,220.62,220.62,220.66,220.72,220.76,220.3,220.34,220.4,220.44,220.5,220.54,220.54,220.6,220.64000000000001,220.70000000000002,220.74,220.28,220.32,220.38,220.42000000000002,220.42000000000002,220.48000000000002,220.52,220.58,220.62,220.68,220.72,220.26,220.3,220.3,220.36,220.4,220.46,220.5,220.56,220.6,220.66,220.70000000000002,220.18,220.24,220.28,220.34,220.38,220.44,220.48000000000002,220.54,220.58,220.64000000000001,220.64000000000001,220.16,220.22,220.26,220.32,220.36,220.42000000000002,220.46,220.52,220.52,220.56,220.62,220.14000000000001,220.20000000000002,220.24,220.3,220.34,220.4,220.44,220.44,220.5,220.54,220.6,220.12,220.18,220.22,220.28,220.32,220.32,220.38,220.42000000000002,220.48000000000002,220.52,220.58,220.1,220.14000000000001,220.20000000000002,220.20000000000002,220.24,220.3,220.34,220.4,220.44,220.5,220.54,220.08,220.08,220.12,220.18,220.22,220.28,220.32,220.38,220.42000000000002,220.48000000000002,220.52
2021-11-12 06:00:00,228.56,228.58,228.62,228.66,228.70000000000002,228.74,228.76,228.8,228.84,228.84,228.88,228.54,228.58,228.62,228.66,228.68,228.72,228.76,228.76,228.78,228.82,228.86,228.52,228.58,228.6,228.64000000000001,228.68,228.68,228.70000000000002,228.74,228.78,228.8,228.84,228.52,228.56,228.58,228.58,228.62,228.66,228.70000000000002,228.72,228.76,228.8,228.82,228.5,228.5,228.54,228.58,228.6,228.64000000000001,228.68,228.72,228.74,228.78,228.82,228.46,228.5,228.52,228.56,228.6,228.62,228.66,228.70000000000002,228.74,228.76,228.76,228.44,228.48000000000002,228.52,228.54,228.58,228.62,228.64000000000001,228.68,228.68,228.72,228.76,228.42000000000002,228.46,228.5,228.52,228.56,228.6,228.6,228.64000000000001,228.66,228.70000000000002,228.74,228.42000000000002,228.44,228.48000000000002,228.52,228.52,228.54,228.58,228.62,228.66,228.68,228.72,228.4,228.44,228.44,228.46,228.5,228.54,228.58,228.6,228.64000000000001,228.68,228.70000000000002,228.36,228.38,228.42000000000002,228.46,228.48000000000002,228.52,228.56,228.6,228.62,228.66,228.70000000000002
2021-04-26 05:00:00,252.20000000000002,252.24,252.24,252.36,252.42000000000002,252.46,252.5,252.54,252.58,252.62,252.66,252.08,252.12,252.24,252.28,252.32,252.38,252.42000000000002,252.46,252.5,252.54,252.54,251.98000000000002,252.12,252.16,252.20000000000002,252.24,252.3,252.34,252.38,252.38,252.42000000000002,252.46,251.98000000000002,252.04,252.08,252.12,252.16,252.20000000000002,252.20000000000002,252.24,252.28,252.34,252.38,251.9,251.94,252.0,252.04,252.08,252.08,252.12,252.16,252.20000000000002,252.24,252.3,251.82,251.86,251.92000000000002,251.92000000000002,251.96,252.0,252.04,252.08,252.12,252.16,252.22,251.74,251.74,251.78,251.82,251.88,251.92000000000002,251.96,252.0,252.04,252.08,252.14000000000001,251.62,251.66,251.70000000000002,251.74,251.78,251.84,251.88,251.92000000000002,251.96,251.96,252.0,251.54,251.58,251.62,251.66,251.70000000000002,251.76000000000002,251.8,251.8,251.84,251.88,251.92000000000002,251.46,251.5,251.54,251.58,251.62,251.68,251.68,251.72,251.76000000000002,251.8,251.84,251.36,251.42000000000002,251.46,251.5,251.5,251.54,251.58,251.64000000000001,251.68,251.72,251.76000000000002
2021-09-04 01:00:00,107.24000000000001,107.28,107.3,107.34,107.38,107.4,107.4,107.44,107.48,107.52,107.54,107.3,107.32000000000001,107.36,107.4,107.4,107.44,107.46000000000001,107.5,107.54,107.56,107.60000000000001,107.34,107.38,107.38,107.42,107.44,107.48,107.52,107.54,107.58,107.62,107.66,107.4,107.4,107.44,107.46000000000001,107.5,107.54,107.58,107.60000000000001,107.64,107.68,107.7,107.42,107.46000000000001,107.5,107.52,107.56,107.60000000000001,107.62,107.66,107.7,107.7,107.74000000000001,107.48,107.52,107.54,107.58,107.62,107.64,107.68,107.68,107.72,107.76,107.78,107.54,107.56,107.60000000000001,107.64,107.66,107.66,107.7,107.74000000000001,107.78,107.8,107.84,107.58,107.62,107.66,107.66,107.68,107.72,107.76,107.8,107.82000000000001,107.86,107.9,107.64,107.68,107.68,107.7,107.74000000000001,107.78,107.82000000000001,107.84,107.88,107.92,107.96000000000001,107.66,107.7,107.74000000000001,107.76,107.8,107.84,107.86,107.9,107.94,107.98,107.98,107.72,107.74000000000001,107.78,107.82000000000001,107.86,107.88,107.92,107.96000000000001,107.96000000000001,108.0,108.02
2021-05-20 05:00:00,268.32,268.34000000000003,268.34000000000003,268.46,268.48,268.48,268.5,268.52,268.54,268.56,268.58,268.2,268.22,268.34000000000003,268.36,268.38,268.4,268.4,268.42,268.44,268.46,268.46,268.1,268.22,268.24,268.26,268.28000000000003,268.3,268.3,268.32,268.32,268.34000000000003,268.36,268.1,268.12,268.14,268.16,268.18,268.2,268.2,268.2,268.22,268.24,268.26,268.0,268.02,268.04,268.06,268.08,268.08,268.1,268.12,268.12,268.14,268.16,267.9,267.92,267.94,267.94,267.96,267.98,268.0,268.02,268.04,268.04,268.06,267.8,267.8,267.82,267.84000000000003,267.86,267.88,267.9,267.92,267.94,267.94,267.96,267.68,267.7,267.72,267.74,267.76,267.78000000000003,267.8,267.82,267.84000000000003,267.84000000000003,267.84000000000003,267.58,267.6,267.62,267.64,267.66,267.68,267.7,267.7,267.72,267.74,267.76,267.48,267.5,267.52,267.54,267.56,267.58,267.58,267.6,267.62,267.64,267.66,267.4,267.4,267.42,267.44,267.44,267.46,267.48,267.5,267.52,267.54,267.56
2021-06-08 04:00:00,275.6,275.6,275.90000000000003,275.88,275.84000000000003,275.82,275.8,275.78000000000003,275.74,275.72,275.7,275.3,275.6,275.58,275.56,275.52,275.5,275.48,275.46,275.44,275.44,275.42,275.3,275.28000000000003,275.24,275.22,275.2,275.18,275.16,275.16,275.14,275.12,275.1,274.96,274.94,274.92,274.90000000000003,274.88,274.88,274.86,274.84000000000003,274.82,274.8,274.78000000000003,274.64,274.62,274.6,274.58,274.58,274.56,274.54,274.52,274.52,274.5,274.48,274.32,274.3,274.3,274.28000000000003,274.26,274.24,274.22,274.22,274.2,274.18,274.16,274.0,273.98,273.96,273.96,273.94,273.92,273.90000000000003,273.90000000000003,273.88,273.86,273.86,273.68,273.66,273.64,273.64,273.62,273.6,273.6,273.58,273.58,273.56,273.56,273.34000000000003,273.34000000000003,273.32,273.3,273.3,273.28000000000003,273.28000000000003,273.28000000000003,273.26,273.26,273.24,273.02,273.0,273.0,272.98,272.98,272.98,272.96,272.96,272.94,272.94,272.92,272.68,272.68,272.66,272.66,272.66,272.66,272.64,272.64,272.64,272.62,272.62
2021-06-22 01:00:00,80.60000000000001,80.62,80.62,80.64,80.64,80.66,80.66,80.66,80.68,80.68,80.68,80.66,80.68,80.68,80.7,80.7,80.72,80.72,80.72,80.74,80.74,80.74,80.72,80.74,80.74,80.76,80.76,80.76,80.78,80.78,80.8,80.8,80.82000000000001,80.78,80.8,80.8,80.8,80.82000000000001,80.82000000000001,80.84,80.84,80.86,80.86,80.88,80.84,80.86,80.86,80.86,80.88,80.88,80.9,80.9,80.92,80.92,80.94,80.9,80.9,80.92,80.92,80.94,80.94,80.96000000000001,80.96000000000001,80.98,80.98,80.98,80.96000000000001,80.96000000000001,80.98,80.98,81.0,81.0,81.02,81.02,81.02,81.04,81.04,81.02,81.02,81.04,81.04,81.06,81.06,81.06,81.08,81.08,81.10000000000001,81.10000000000001,81.08,81.08,81.10000000000001,81.10000000000001,81.10000000000001,81.12,81.12,81.14,81.14,81.16,81.16,81.14,81.16,81.16,81.16,81.18,81.18,81.2,81.2,81.22,81.22,81.24,81.2,81.2,81.22,81.22,81.24,81.24,81.26,81.26,81.28,81.28,81.3
2021-07-19 01:00:00,84.82000000000001,84.84,84.84,84.86,84.88,84.88,84.9,84.92,84.94,84.94,84.94,84.88,84.9,84.9,84.92,84.94,84.94,84.96000000000001,84.96000000000001,84.98,85.0,85.0,84.94,84.96000000000001,84.96000000000001,84.98,85.0,85.0,85.0,85.02,85.04,85.04,85.06,85.0,85.02,85.02,85.02,85.04,85.06,85.06,85.08,85.10000000000001,85.10000000000001,85.12,85.06,85.06,85.06,85.08,85.10000000000001,85.12,85.12,85.14,85.16,85.16,85.18,85.10000000000001,85.12,85.12,85.14,85.16,85.18,85.18,85.2,85.22,85.22,85.22,85.16,85.18,85.18,85.2,85.22,85.24,85.24,85.26,85.26,85.28,85.28,85.22,85.24,85.24,85.26,85.28,85.28,85.28,85.3,85.32000000000001,85.34,85.34,85.28,85.3,85.3,85.32000000000001,85.32000000000001,85.34,85.34,85.36,85.38,85.4,85.4,85.34,85.36,85.36,85.36,85.38,85.4,85.4,85.42,85.44,85.46000000000001,85.46000000000001,85.4,85.4,85.42,85.42,85.44,85.46000000000001,85.46000000000001,85.48,85.5,85.52,85.52
2021-04-15 05:00:00,243.48000000000002,243.52,243.64000000000001,243.70000000000002,243.76,243.8,243.86,243.92000000000002,243.96,244.02,244.02,243.4,243.52,243.58,243.64000000000001,243.68,243.74,243.8,243.84,243.84,243.9,243.96,243.4,243.46,243.5,243.56,243.62,243.66,243.66,243.72,243.78,243.82,243.88,243.32,243.38,243.44,243.48000000000002,243.54,243.54,243.6,243.64000000000001,243.70000000000002,243.76,243.8,243.26,243.32,243.36,243.36,243.42000000000002,243.48000000000002,243.52,243.58,243.64000000000001,243.68,243.74,243.18,243.18,243.24,243.3,243.36,243.4,243.46,243.52,243.56,243.62,243.68,243.06,243.12,243.16,243.22,243.28,243.32,243.38,243.44,243.48000000000002,243.48000000000002,243.54,242.98000000000002,243.04,243.1,243.16,243.20000000000002,243.26,243.32,243.32,243.36,243.42000000000002,243.48000000000002,242.92000000000002,242.98000000000002,243.02,243.08,243.14000000000001,243.20000000000002,243.20000000000002,243.24,243.3,243.36,243.4,242.86,242.9,242.96,243.02,243.02,243.06,243.12,243.18,243.24,243.28,243.34,242.78,242.84,242.84,242.88,242.94,243.0,243.06,243.1,243.16,243.22,243.26
2021-01-23 04:00:00,186.52,186.58,186.64000000000001,186.70000000000002,186.76,186.76,186.82,186.88,186.94,187.02,187.08,186.52,186.58,186.64000000000001,186.70000000000002,186.70000000000002,186.76,186.84,186.9,186.96,187.02,187.08,186.52,186.58,186.58,186.66,186.72,186.78,186.84,186.9,186.96,187.02,187.08,186.48,186.54,186.6,186.66,186.72,186.78,186.84,186.9,186.96,187.02,187.02,186.46,186.52,186.6,186.66,186.72,186.78,186.84,186.9,186.9,186.96,187.02,186.48,186.54,186.6,186.66,186.72,186.78,186.78,186.84,186.9,186.96,187.04,186.48,186.54,186.6,186.66,186.72,186.72,186.8,186.86,186.92000000000002,186.98,187.04,186.48,186.54,186.62,186.62,186.68,186.74,186.8,186.86,186.92000000000002,186.98,187.04,186.48,186.48,186.56,186.62,186.68,186.74,186.8,186.86,186.92000000000002,186.98,187.04,186.44,186.5,186.56,186.62,186.68,186.74,186.8,186.86,186.92000000000002,186.92000000000002,186.98,186.44,186.5,186.56,186.62,186.68,186.74,186.82,186.82,186.88,186.94,187.0
2021-06-13 05:00:00,276.8,276.8,276.8,276.92,276.92,276.92,276.92,276.92,276.92,276.92,276.92,276.7,276.7,276.8,276.8,276.8,276.8,276.8,276.82,276.82,276.82,276.82,276.58,276.7,276.7,276.7,276.7,276.7,276.7,276.7,276.7,276.7,276.7,276.58,276.6,276.6,276.6,276.6,276.6,276.6,276.6,276.6,276.6,276.6,276.48,276.48,276.48,276.48,276.48,276.48,276.48,276.48,276.5,276.5,276.5,276.38,276.38,276.38,276.38,276.38,276.38,276.38,276.38,276.38,276.38,276.38,276.26,276.26,276.26,276.26,276.28000000000003,276.28000000000003,276.28000000000003,276.28000000000003,276.28000000000003,276.28000000000003,276.28000000000003,276.16,276.16,276.16,276.16,276.16,276.16,276.16,276.16,276.18,276.18,276.18,276.04,276.04,276.04,276.06,276.06,276.06,276.06,276.06,276.06,276.06,276.06,275.94,275.94,275.94,275.94,275.94,275.94,275.94,275.96,275.96,275.96,275.96,275.82,275.84000000000003,275.84000000000003,275.84000000000003,275.84000000000003,275.84000000000003,275.84000000000003,275.84000000000003,275.84000000000003,275.86,275.86
2021-03-07 05:00:00,217.38,217.48000000000002,217.54,217.6,217.66,217.74,217.8,217.86,217.86,217.92000000000002,217.98000000000002,217.38,217.44,217.5,217.58,217.64000000000001,217.70000000000002,217.70000000000002,217.76,217.82,217.9,217.96,217.36,217.42000000000002,217.48000000000002,217.54,217.62,217.62,217.68,217.74,217.8,217.86,217.94,217.32,217.4,217.46,217.46,217.52,217.58,217.64000000000001,217.72,217.78,217.84,217.9,217.3,217.3,217.36,217.44,217.5,217.56,217.62,217.68,217.76,217.82,217.88,217.20000000000002,217.26,217.34,217.4,217.46,217.52,217.58,217.66,217.72,217.72,217.78,217.18,217.24,217.3,217.36,217.44,217.5,217.56,217.56,217.62,217.70000000000002,217.76,217.16,217.22,217.28,217.34,217.4,217.48000000000002,217.48000000000002,217.54,217.6,217.66,217.74,217.12,217.20000000000002,217.26,217.32,217.32,217.38,217.44,217.52,217.58,217.64000000000001,217.70000000000002,217.1,217.16,217.16,217.22,217.28,217.36,217.42000000000002,217.48000000000002,217.54,217.62,217.68,217.0,217.08,217.14000000000001,217.20000000000002,217.26,217.32,217.4,217.46,217.52,217.58,217.58
2021-05-22 04:00:00,257.86,257.86,258.2,258.26,258.32,258.4,258.46,258.52,258.58,258.66,258.72,257.52,257.86,257.92,258.0,258.06,258.12,258.2,258.26,258.32,258.32,258.38,257.52,257.58,257.66,257.72,257.8,257.86,257.92,257.92,258.0,258.06,258.12,257.24,257.3,257.38,257.44,257.52,257.52,257.58,257.66,257.72,257.8,257.86,256.96,257.04,257.1,257.18,257.18,257.26,257.32,257.4,257.46,257.54,257.6,256.7,256.76,256.76,256.84000000000003,256.92,256.98,257.06,257.14,257.2,257.28000000000003,257.34000000000003,256.36,256.42,256.5,256.58,256.66,256.72,256.8,256.86,256.94,257.02,257.02,256.08,256.16,256.24,256.3,256.38,256.46,256.54,256.6,256.6,256.68,256.74,255.8,255.88,255.96,256.04,256.12,256.2,256.2,256.28000000000003,256.34000000000003,256.42,256.5,255.54,255.62,255.70000000000002,255.78,255.86,255.86,255.94,256.02,256.08,256.16,256.24,255.28,255.36,255.44,255.44,255.52,255.6,255.68,255.76000000000002,255.82,255.9,255.98000000000002
2021-02-05 02:00:00,144.36,144.42000000000002,144.42000000000002,144.46,144.52,144.56,144.62,144.66,144.72,144.76,144.82,144.4,144.4,144.44,144.5,144.54,144.6,144.64000000000001,144.70000000000002,144.74,144.8,144.84,144.38,144.42000000000002,144.48,144.52,144.58,144.62,144.68,144.72,144.78,144.78,144.84,144.4,144.46,144.5,144.56,144.62,144.66,144.72,144.72,144.76,144.82,144.86,144.44,144.48,144.54,144.58,144.64000000000001,144.64000000000001,144.68,144.74,144.78,144.84,144.88,144.46,144.52,144.56,144.56,144.62,144.66,144.72,144.76,144.82,144.88,144.92000000000002,144.5,144.54,144.54,144.6,144.66,144.70000000000002,144.76,144.8,144.86,144.9,144.96,144.48,144.54,144.58,144.64000000000001,144.68,144.74,144.78,144.84,144.88,144.94,144.94,144.52,144.56,144.62,144.66,144.72,144.76,144.82,144.86,144.86,144.92000000000002,144.96,144.54,144.6,144.64000000000001,144.70000000000002,144.74,144.8,144.8,144.84,144.9,144.94,145.0,144.58,144.62,144.68,144.72,144.72,144.78,144.82,144.88,144.92000000000002,144.98,145.04
2021-02-04 03:00:00,163.68,163.74,163.8,163.88,163.88,163.94,164.0,164.06,164.14000000000001,164.20000000000002,164.26,163.70000000000002,163.78,163.84,163.84,163.9,163.96,164.02,164.1,164.16,164.22,164.28,163.74,163.74,163.8,163.86,163.92000000000002,163.98,164.06,164.12,164.18,164.24,164.32,163.70000000000002,163.76,163.82,163.88,163.96,164.02,164.08,164.14000000000001,164.20000000000002,164.20000000000002,164.28,163.70000000000002,163.78,163.84,163.9,163.96,164.04,164.1,164.1,164.16,164.22,164.28,163.74,163.8,163.86,163.92000000000002,164.0,164.0,164.06,164.12,164.18,164.26,164.32,163.76,163.82,163.88,163.96,163.96,164.02,164.08,164.14000000000001,164.22,164.28,164.34,163.78,163.84,163.84,163.92000000000002,163.98,164.04,164.1,164.18,164.24,164.3,164.36,163.74,163.8,163.88,163.94,164.0,164.06,164.12,164.20000000000002,164.26,164.32,164.32,163.76,163.84,163.9,163.96,164.02,164.08,164.16,164.22,164.22,164.28,164.34,163.8,163.86,163.92000000000002,163.98,164.06,164.12,164.12,164.18,164.24,164.3,164.38
2021-04-08 02:00:00,120.98,121.04,121.10000000000001,121.16,121.24000000000001,121.3,121.36,121.36,121.42,121.48,121.54,121.06,121.12,121.18,121.26,121.32000000000001,121.32000000000001,121.38,121.44,121.5,121.56,121.62,121.14,121.2,121.26,121.26,121.32000000000001,121.38,121.44,121.52,121.58,121.64,121.7,121.22,121.28,121.28,121.34,121.4,121.46000000000001,121.54,121.60000000000001,121.66,121.72,121.78,121.24000000000001,121.3,121.36,121.42,121.48,121.56,121.62,121.68,121.74000000000001,121.8,121.8,121.32000000000001,121.38,121.44,121.5,121.58,121.64,121.7,121.76,121.76,121.82000000000001,121.88,121.4,121.46000000000001,121.52,121.58,121.64,121.72,121.72,121.78,121.84,121.9,121.96000000000001,121.48,121.54,121.60000000000001,121.66,121.66,121.74000000000001,121.8,121.86,121.92,121.98,122.04,121.56,121.62,121.68,121.68,121.74000000000001,121.82000000000001,121.88,121.94,122.0,122.06,122.12,121.64,121.64,121.7,121.76,121.84,121.9,121.96000000000001,122.02,122.08,122.14,122.22,121.66,121.72,121.78,121.84,121.9,121.96000000000001,122.02,122.10000000000001,122.16,122.16,122.22
2021-04-08 07:00:00,261.66,261.68,261.68,261.7,261.74,261.76,261.78000000000003,261.8,261.84000000000003,261.86,261.88,261.6,261.62,261.64,261.7,261.72,261.74,261.76,261.78000000000003,261.8,261.82,261.82,261.58,261.6,261.64,261.68,261.7,261.72,261.74,261.76,261.76,261.78000000000003,261.8,261.56,261.6,261.62,261.64,261.66,261.68,261.7,261.7,261.72,261.74,261.76,261.56,261.58,261.6,261.62,261.64,261.64,261.66,261.68,261.7,261.72,261.74,261.52,261.54,261.56,261.56,261.58,261.6,261.62,261.64,261.66,261.7,261.72,261.5,261.5,261.52,261.54,261.56,261.58,261.6,261.62,261.64,261.66,261.68,261.44,261.46,261.48,261.5,261.52,261.54,261.56,261.6,261.62,261.62,261.64,261.42,261.44,261.46,261.48,261.5,261.52,261.54,261.56,261.56,261.58,261.6,261.38,261.42,261.44,261.46,261.48,261.5,261.5,261.52,261.54,261.56,261.58,261.36,261.38,261.4,261.42,261.42,261.44,261.46,261.48,261.5,261.52,261.54
2021-06-12 05:00:00,276.64,276.64,276.64,276.76,276.76,276.76,276.76,276.76,276.76,276.76,276.76,276.54,276.54,276.64,276.66,276.66,276.66,276.66,276.66,276.66,276.66,276.66,276.44,276.54,276.54,276.54,276.54,276.54,276.54,276.54,276.54,276.54,276.56,276.44,276.44,276.44,276.44,276.44,276.44,276.44,276.44,276.44,276.44,276.44,276.32,276.32,276.32,276.32,276.34000000000003,276.34000000000003,276.34000000000003,276.34000000000003,276.34000000000003,276.34000000000003,276.34000000000003,276.22,276.22,276.22,276.22,276.22,276.22,276.22,276.22,276.22,276.24,276.24,276.1,276.1,276.1,276.12,276.12,276.12,276.12,276.12,276.12,276.12,276.12,276.0,276.0,276.0,276.0,276.0,276.0,276.02,276.02,276.02,276.02,276.02,275.88,275.90000000000003,275.90000000000003,275.90000000000003,275.90000000000003,275.90000000000003,275.90000000000003,275.90000000000003,275.90000000000003,275.92,275.92,275.78000000000003,275.78000000000003,275.78000000000003,275.78000000000003,275.8,275.8,275.8,275.8,275.8,275.8,275.8,275.68,275.68,275.68,275.68,275.68,275.68,275.68,275.7,275.7,275.7,275.7
2021-02-03 04:00:00,186.28,186.36,186.42000000000002,186.48,186.56,186.56,186.62,186.70000000000002,186.76,186.82,186.9,186.3,186.36,186.42000000000002,186.5,186.5,186.56,186.62,186.70000000000002,186.76,186.84,186.9,186.3,186.36,186.36,186.44,186.5,186.56,186.64000000000001,186.70000000000002,186.78,186.84,186.9,186.24,186.3,186.38,186.44,186.5,186.58,186.64000000000001,186.70000000000002,186.78,186.84,186.84,186.24,186.3,186.38,186.44,186.5,186.58,186.64000000000001,186.70000000000002,186.70000000000002,186.78,186.84,186.24,186.32,186.38,186.44,186.52,186.58,186.58,186.64000000000001,186.72,186.78,186.84,186.26,186.32,186.38,186.46,186.52,186.52,186.58,186.66,186.72,186.78,186.86,186.26,186.32,186.4,186.4,186.46,186.52,186.6,186.66,186.72,186.8,186.86,186.26,186.26,186.32,186.4,186.46,186.52,186.6,186.66,186.72,186.8,186.86,186.20000000000002,186.26,186.34,186.4,186.46,186.54,186.6,186.66,186.74,186.74,186.8,186.20000000000002,186.28,186.34,186.4,186.48,186.54,186.6,186.6,186.68,186.74,186.8
2021-04-08 03:00:00,152.16,152.3,152.44,152.58,152.72,152.86,153.0,153.14000000000001,153.14000000000001,153.28,153.42000000000002,152.24,152.38,152.52,152.66,152.8,152.94,152.94,153.08,153.22,153.36,153.52,152.32,152.46,152.6,152.74,152.74,152.88,153.02,153.16,153.3,153.44,153.58,152.4,152.54,152.68,152.68,152.82,152.96,153.1,153.24,153.38,153.52,153.66,152.5,152.5,152.64000000000001,152.78,152.92000000000002,153.04,153.18,153.32,153.48,153.62,153.76,152.44,152.58,152.72,152.86,153.0,153.14000000000001,153.28,153.42000000000002,153.56,153.56,153.70000000000002,152.52,152.66,152.8,152.94,153.08,153.22,153.36,153.36,153.5,153.64000000000001,153.78,152.6,152.74,152.88,153.02,153.16,153.16,153.3,153.44,153.58,153.72,153.86,152.70000000000002,152.84,152.98,153.1,153.1,153.24,153.38,153.52,153.66,153.8,153.94,152.78,152.92000000000002,152.92000000000002,153.06,153.20000000000002,153.34,153.48,153.62,153.76,153.9,154.04,152.72,152.84,152.98,153.12,153.26,153.4,153.54,153.68,153.82,153.96,153.96
2021-04-14 00:00:00,95.66,95.68,95.7,95.72,95.74000000000001,95.76,95.78,95.78,95.8,95.82000000000001,95.84,95.68,95.7,95.72,95.76,95.78,95.78,95.8,95.82000000000001,95.84,95.86,95.88,95.72,95.74000000000001,95.76,95.76,95.78,95.8,95.82000000000001,95.86,95.88,95.9,95.92,95.76,95.76,95.78,95.8,95.82000000000001,95.84,95.86,95.88,95.9,95.92,95.94,95.78,95.8,95.82000000000001,95.84,95.86,95.88,95.9,95.92,95.94,95.96000000000001,95.96000000000001,95.8,95.82000000000001,95.86,95.88,95.9,95.92,95.94,95.96000000000001,95.96000000000001,95.98,96.0,95.84,95.86,95.88,95.9,95.94,95.96000000000001,95.96000000000001,95.98,96.0,96.02,96.04,95.88,95.9,95.92,95.94,95.94,95.96000000000001,95.98,96.0,96.04,96.06,96.08,95.92,95.94,95.94,95.96000000000001,95.98,96.0,96.02,96.04,96.06,96.08,96.12,95.96000000000001,95.96000000000001,95.98,96.0,96.02,96.04,96.06,96.08,96.10000000000001,96.12,96.14,95.96000000000001,95.98,96.02,96.04,96.06,96.08,96.10000000000001,96.12,96.14,96.14,96.16
2021-05-10 04:00:00,241.24,241.24,241.56,241.70000000000002,241.82,241.96,242.08,242.20000000000002,242.32,242.46,242.58,240.9,241.24,241.36,241.5,241.62,241.76,241.88,242.0,242.14000000000001,242.14000000000001,242.26,240.9,241.04,241.18,241.3,241.44,241.56,241.68,241.68,241.82,241.94,242.06,240.70000000000002,240.82,240.96,241.08,241.22,241.22,241.34,241.48000000000002,241.6,241.72,241.86,240.5,240.62,240.76,240.9,240.9,241.02,241.16,241.28,241.4,241.54,241.66,240.3,240.44,240.44,240.56,240.70000000000002,240.82,240.96,241.08,241.22,241.34,241.48000000000002,239.98000000000002,240.1,240.24,240.38,240.5,240.64000000000001,240.76,240.9,241.02,241.16,241.16,239.76,239.9,240.04,240.18,240.3,240.44,240.56,240.70000000000002,240.70000000000002,240.82,240.96,239.58,239.72,239.84,239.98000000000002,240.12,240.24,240.24,240.38,240.5,240.64000000000001,240.76,239.38,239.52,239.66,239.8,239.92000000000002,239.92000000000002,240.06,240.20000000000002,240.32,240.46,240.58,239.20000000000002,239.34,239.46,239.46,239.6,239.74,239.88,240.0,240.14000000000001,240.26,240.4
2021-05-15 01:00:00,88.92,88.94,88.96000000000001,88.96000000000001,88.98,89.0,89.02,89.04,89.06,89.06,89.08,88.98,89.0,89.02,89.04,89.06,89.06,89.08,89.08,89.10000000000001,89.12,89.14,89.04,89.06,89.08,89.10000000000001,89.12,89.12,89.14,89.16,89.18,89.18,89.2,89.10000000000001,89.12,89.14,89.14,89.16,89.18,89.2,89.22,89.24,89.26,89.26,89.18,89.18,89.18,89.2,89.22,89.24,89.26,89.28,89.3,89.32000000000001,89.34,89.22,89.24,89.26,89.28,89.28,89.3,89.32000000000001,89.34,89.36,89.38,89.38,89.28,89.3,89.32000000000001,89.34,89.36,89.38,89.4,89.4,89.4,89.42,89.44,89.34,89.36,89.38,89.4,89.42,89.44,89.44,89.46000000000001,89.48,89.5,89.52,89.4,89.42,89.44,89.46000000000001,89.46000000000001,89.48,89.5,89.52,89.54,89.56,89.58,89.48,89.5,89.52,89.52,89.52,89.54,89.56,89.58,89.60000000000001,89.62,89.64,89.54,89.54,89.56,89.58,89.60000000000001,89.62,89.64,89.66,89.66,89.68,89.7
2021-04-28 00:00:00,90.14,90.14,90.16,90.18,90.2,90.22,90.24,90.26,90.26,90.28,90.3,90.16,90.18,90.2,90.22,90.24,90.26,90.26,90.28,90.3,90.32000000000001,90.34,90.2,90.22,90.24,90.26,90.26,90.28,90.3,90.32000000000001,90.34,90.36,90.38,90.24,90.26,90.26,90.28,90.3,90.32000000000001,90.34,90.36,90.38,90.4,90.4,90.28,90.28,90.3,90.32000000000001,90.34,90.36,90.38,90.4,90.42,90.42,90.44,90.3,90.32000000000001,90.34,90.36,90.38,90.4,90.42,90.44,90.46000000000001,90.46000000000001,90.46000000000001,90.34,90.36,90.38,90.4,90.42,90.44,90.46000000000001,90.46000000000001,90.48,90.48,90.5,90.38,90.4,90.42,90.44,90.46000000000001,90.46000000000001,90.48,90.5,90.5,90.52,90.54,90.42,90.44,90.46000000000001,90.46000000000001,90.48,90.5,90.52,90.52,90.54,90.56,90.58,90.46000000000001,90.48,90.48,90.5,90.52,90.54,90.54,90.56,90.58,90.60000000000001,90.62,90.48,90.5,90.52,90.54,90.56,90.58,90.58,90.60000000000001,90.62,90.64,90.64
2021-09-01 01:00:00,105.46000000000001,105.5,105.52,105.56,105.60000000000001,105.62,105.66,105.66,105.68,105.72,105.76,105.52,105.56,105.58,105.62,105.64,105.64,105.68,105.72,105.74000000000001,105.78,105.82000000000001,105.56,105.60000000000001,105.64,105.64,105.66,105.7,105.74000000000001,105.76,105.8,105.84,105.86,105.62,105.66,105.66,105.7,105.72,105.76,105.78,105.82000000000001,105.86,105.88,105.92,105.64,105.68,105.72,105.74000000000001,105.78,105.82000000000001,105.84,105.88,105.92,105.94,105.94,105.7,105.74000000000001,105.76,105.8,105.84,105.86,105.9,105.94,105.94,105.96000000000001,106.0,105.76,105.8,105.82000000000001,105.86,105.88,105.92,105.92,105.96000000000001,105.98,106.02,106.06,105.82000000000001,105.84,105.88,105.92,105.92,105.94,105.98,106.02,106.04,106.08,106.12,105.86,105.9,105.94,105.94,105.96000000000001,106.0,106.04,106.06,106.10000000000001,106.14,106.16,105.92,105.92,105.96000000000001,106.0,106.02,106.06,106.10000000000001,106.12,106.16,106.2,106.22,105.94,105.98,106.02,106.04,106.08,106.12,106.14,106.18,106.22,106.22,106.24000000000001
2021-11-01 05:00:00,217.64000000000001,217.72,217.76,217.8,217.86,217.9,217.96,217.96,218.0,218.06,218.1,217.64000000000001,217.70000000000002,217.74,217.8,217.84,217.88,217.88,217.94,217.98000000000002,218.04,218.08,217.64000000000001,217.68,217.72,217.78,217.78,217.82,217.88,217.92000000000002,217.96,218.02,218.06,217.62,217.66,217.66,217.72,217.76,217.8,217.86,217.9,217.96,218.0,218.06,217.54,217.6,217.64000000000001,217.70000000000002,217.74,217.78,217.84,217.88,217.94,217.98000000000002,217.98000000000002,217.54,217.58,217.62,217.68,217.72,217.78,217.82,217.86,217.86,217.92000000000002,217.96,217.52,217.56,217.62,217.66,217.70000000000002,217.76,217.8,217.8,217.86,217.9,217.94,217.5,217.54,217.6,217.64000000000001,217.70000000000002,217.70000000000002,217.74,217.78,217.84,217.88,217.94,217.48000000000002,217.52,217.58,217.58,217.62,217.66,217.72,217.76,217.82,217.86,217.92000000000002,217.46,217.46,217.5,217.56,217.6,217.66,217.70000000000002,217.76,217.8,217.84,217.9,217.4,217.44,217.5,217.54,217.58,217.64000000000001,217.68,217.74,217.78,217.78,217.84
2021-10-06 03:00:00,170.56,170.66,170.74,170.84,170.94,171.02,171.02,171.12,171.22,171.32,171.4,170.58,170.68,170.76,170.86,170.86,170.96,171.04,171.14000000000001,171.24,171.34,171.42000000000002,170.6,170.70000000000002,170.8,170.8,170.9,170.98,171.08,171.18,171.26,171.36,171.46,170.64000000000001,170.64000000000001,170.74,170.82,170.92000000000002,171.02,171.1,171.20000000000002,171.3,171.4,171.48,170.58,170.66,170.76,170.86,170.94,171.04,171.14000000000001,171.24,171.32,171.32,171.42000000000002,170.6,170.68,170.78,170.88,170.96,171.06,171.16,171.16,171.24,171.34,171.44,170.62,170.72,170.8,170.9,171.0,171.0,171.08,171.18,171.28,171.38,171.46,170.66,170.74,170.84,170.94,170.94,171.02,171.12,171.22,171.3,171.4,171.5,170.68,170.78,170.78,170.86,170.96,171.06,171.14000000000001,171.24,171.34,171.42000000000002,171.52,170.62,170.70000000000002,170.8,170.9,170.98,171.08,171.18,171.26,171.36,171.46,171.46,170.64000000000001,170.74,170.82,170.92000000000002,171.02,171.1,171.20000000000002,171.3,171.3,171.38,171.48
2021-06-03 05:00:00,274.42,274.42,274.42,274.54,274.54,274.54,274.56,274.56,274.56,274.56,274.58,274.32,274.32,274.42,274.44,274.44,274.44,274.44,274.46,274.46,274.46,274.46,274.2,274.32,274.32,274.32,274.34000000000003,274.34000000000003,274.34000000000003,274.36,274.36,274.36,274.36,274.2,274.22,274.22,274.22,274.22,274.24,274.24,274.24,274.24,274.26,274.26,274.1,274.1,274.12,274.12,274.12,274.12,274.14,274.14,274.14,274.14,274.16,274.0,274.0,274.0,274.0,274.02,274.02,274.02,274.04,274.04,274.04,274.06,273.90000000000003,273.90000000000003,273.90000000000003,273.90000000000003,273.92,273.92,273.92,273.94,273.94,273.94,273.96,273.78000000000003,273.78000000000003,273.8,273.8,273.8,273.82,273.82,273.82,273.84000000000003,273.84000000000003,273.84000000000003,273.68,273.68,273.68,273.7,273.7,273.7,273.72,273.72,273.72,273.72,273.74,273.56,273.58,273.58,273.58,273.6,273.6,273.6,273.62,273.62,273.62,273.64,273.46,273.46,273.48,273.48,273.48,273.5,273.5,273.5,273.52,273.52,273.52
2021-10-20 05:00:00,220.88,220.92000000000002,221.0,221.06,221.1,221.16,221.20000000000002,221.26,221.3,221.3,221.36,220.86,220.92000000000002,220.98000000000002,221.02,221.08,221.12,221.18,221.18,221.22,221.28,221.32,220.86,220.9,220.96,221.0,221.06,221.1,221.1,221.16,221.20000000000002,221.26,221.3,220.82,220.88,220.94,220.98000000000002,220.98000000000002,221.04,221.08,221.14000000000001,221.18,221.24,221.28,220.8,220.86,220.86,220.9,220.96,221.02,221.06,221.12,221.16,221.22,221.26,220.74,220.78,220.84,220.88,220.94,220.98000000000002,221.04,221.08,221.14000000000001,221.18,221.18,220.72,220.76,220.82,220.86,220.92000000000002,220.96,221.02,221.06,221.06,221.12,221.16,220.70000000000002,220.74,220.8,220.84,220.9,220.94,221.0,221.0,221.04,221.1,221.14000000000001,220.68,220.72,220.78,220.82,220.88,220.88,220.92000000000002,220.98000000000002,221.02,221.08,221.12,220.64000000000001,220.70000000000002,220.74,220.74,220.8,220.84,220.9,220.94,221.0,221.04,221.1,220.62,220.62,220.68,220.72,220.78,220.82,220.88,220.92000000000002,220.98000000000002,221.02,221.08
2021-05-25 02:00:00,89.82000000000001,89.72,89.74,89.76,89.78,89.8,89.82000000000001,89.84,89.86,89.88,89.88,89.82000000000001,89.84,89.86,89.88,89.9,89.92,89.94,89.96000000000001,89.96000000000001,89.98,90.0,89.94,89.96000000000001,89.98,90.0,90.02,90.04,90.04,90.06,90.08,90.10000000000001,90.12,90.06,90.08,90.10000000000001,90.12,90.12,90.14,90.16,90.18,90.2,90.22,90.24,90.18,90.2,90.22,90.22,90.24,90.26,90.28,90.3,90.32000000000001,90.34,90.36,90.28,90.28,90.32000000000001,90.34,90.36,90.38,90.4,90.42,90.44,90.46000000000001,90.48,90.38,90.4,90.42,90.44,90.48,90.5,90.52,90.54,90.56,90.56,90.58,90.5,90.52,90.54,90.56,90.58,90.60000000000001,90.64,90.64,90.66,90.68,90.7,90.62,90.64,90.66,90.68,90.7,90.7,90.72,90.76,90.78,90.8,90.82000000000001,90.74,90.76,90.78,90.8,90.8,90.82000000000001,90.84,90.86,90.9,90.92,90.94,90.86,90.88,90.88,90.9,90.92,90.94,90.96000000000001,90.98,91.02,91.04,91.06
2021-12-08 05:00:00,209.42000000000002,209.48000000000002,209.52,209.56,209.6,209.66,209.70000000000002,209.70000000000002,209.74,209.78,209.84,209.42000000000002,209.46,209.5,209.56,209.6,209.6,209.64000000000001,209.68,209.74,209.78,209.82,209.4,209.46,209.5,209.5,209.54,209.6,209.64000000000001,209.68,209.72,209.78,209.82,209.4,209.4,209.44,209.48000000000002,209.54,209.58,209.62,209.66,209.72,209.76,209.8,209.34,209.38,209.44,209.48000000000002,209.52,209.58,209.62,209.66,209.70000000000002,209.70000000000002,209.76,209.34,209.38,209.42000000000002,209.48000000000002,209.52,209.56,209.6,209.66,209.66,209.70000000000002,209.74,209.32,209.38,209.42000000000002,209.46,209.5,209.56,209.56,209.6,209.64000000000001,209.70000000000002,209.74,209.32,209.36,209.4,209.46,209.46,209.5,209.54,209.58,209.64000000000001,209.68,209.72,209.3,209.36,209.36,209.4,209.44,209.48000000000002,209.54,209.58,209.62,209.66,209.72,209.26,209.3,209.34,209.38,209.44,209.48000000000002,209.52,209.58,209.62,209.66,209.66,209.24,209.3,209.34,209.38,209.42000000000002,209.48000000000002,209.52,209.56,209.6,209.6,209.66
2021-04-20 00:00:00,93.26,93.28,93.3,93.32000000000001,93.34,93.36,93.38,93.38,93.4,93.42,93.44,93.3,93.32000000000001,93.34,93.36,93.38,93.38,93.4,93.42,93.44,93.46000000000001,93.48,93.34,93.36,93.38,93.38,93.4,93.42,93.44,93.46000000000001,93.48,93.5,93.52,93.36,93.36,93.38,93.4,93.42,93.44,93.46000000000001,93.48,93.52,93.54,93.56,93.38,93.4,93.42,93.44,93.46000000000001,93.48,93.5,93.52,93.54,93.56,93.56,93.42,93.44,93.46000000000001,93.48,93.5,93.52,93.54,93.56,93.56,93.58,93.60000000000001,93.46000000000001,93.48,93.5,93.52,93.54,93.56,93.56,93.58,93.60000000000001,93.62,93.64,93.5,93.52,93.54,93.56,93.56,93.58,93.60000000000001,93.62,93.64,93.66,93.68,93.54,93.56,93.56,93.58,93.60000000000001,93.62,93.64,93.66,93.68,93.7,93.72,93.58,93.58,93.60000000000001,93.62,93.64,93.66,93.68,93.7,93.72,93.74,93.76,93.60000000000001,93.62,93.64,93.66,93.68,93.7,93.72,93.74,93.76,93.76,93.78
2021-03-01 03:00:00,159.9,159.98,160.06,160.14000000000001,160.22,160.3,160.3,160.38,160.48,160.56,160.64000000000001,159.94,160.02,160.1,160.18,160.18,160.26,160.34,160.42000000000002,160.5,160.58,160.66,159.98,160.06,160.14000000000001,160.14000000000001,160.22,160.3,160.38,160.46,160.54,160.62,160.70000000000002,160.02,160.02,160.1,160.18,160.26,160.34,160.42000000000002,160.5,160.58,160.66,160.74,159.96,160.04,160.14000000000001,160.22,160.3,160.38,160.46,160.54,160.62,160.62,160.70000000000002,160.0,160.08,160.16,160.24,160.32,160.4,160.48,160.48,160.56,160.64000000000001,160.72,160.04,160.12,160.20000000000002,160.28,160.36,160.36,160.44,160.52,160.6,160.68,160.76,160.08,160.16,160.24,160.32,160.32,160.4,160.48,160.56,160.64000000000001,160.72,160.8,160.1,160.18,160.18,160.26,160.34,160.42000000000002,160.5,160.6,160.68,160.76,160.84,160.06,160.14000000000001,160.22,160.3,160.38,160.46,160.54,160.62,160.70000000000002,160.78,160.78,160.1,160.18,160.26,160.34,160.42000000000002,160.5,160.58,160.66,160.66,160.74,160.82
2021-02-24 05:00:00,212.72,212.8,212.86,212.92000000000002,212.98000000000002,213.04,213.1,213.16,213.16,213.24,213.3,212.72,212.78,212.84,212.9,212.96,213.02,213.02,213.08,213.14000000000001,213.20000000000002,213.26,212.70000000000002,212.76,212.82,212.88,212.94,212.94,213.0,213.06,213.12,213.18,213.26,212.68,212.74,212.8,212.8,212.86,212.92000000000002,212.98000000000002,213.04,213.1,213.18,213.24,212.66,212.66,212.72,212.78,212.84,212.9,212.96,213.02,213.1,213.16,213.22,212.56,212.64000000000001,212.70000000000002,212.76,212.82,212.88,212.94,213.0,213.06,213.06,213.12,212.56,212.62,212.68,212.74,212.8,212.86,212.92000000000002,212.92000000000002,212.98000000000002,213.04,213.1,212.54,212.6,212.66,212.72,212.78,212.84,212.84,212.9,212.96,213.02,213.08,212.52,212.58,212.64000000000001,212.70000000000002,212.70000000000002,212.76,212.82,212.88,212.94,213.0,213.08,212.5,212.56,212.56,212.62,212.68,212.74,212.8,212.86,212.92000000000002,212.98000000000002,213.04,212.42000000000002,212.48000000000002,212.54,212.6,212.66,212.72,212.78,212.84,212.9,212.96,212.96
2021-03-28 07:00:00,256.4,256.42,256.44,256.44,256.46,256.52,256.54,256.56,256.58,256.6,256.64,256.36,256.36,256.4,256.42,256.46,256.48,256.52,256.54,256.56,256.58,256.6,256.32,256.34000000000003,256.36,256.42,256.44,256.46,256.48,256.5,256.54,256.54,256.56,256.3,256.32,256.36,256.4,256.42,256.44,256.46,256.48,256.48,256.5,256.52,256.26,256.32,256.34000000000003,256.36,256.38,256.42,256.42,256.44,256.46,256.48,256.5,256.26,256.3,256.32,256.34000000000003,256.34000000000003,256.36,256.38,256.4,256.44,256.46,256.48,256.24,256.26,256.26,256.28000000000003,256.3,256.34000000000003,256.36,256.38,256.4,256.42,256.44,256.2,256.22,256.24,256.26,256.28000000000003,256.3,256.34000000000003,256.36,256.38,256.4,256.4,256.16,256.18,256.22,256.24,256.26,256.28000000000003,256.3,256.32,256.36,256.36,256.38,256.14,256.16,256.18,256.2,256.24,256.26,256.28000000000003,256.28000000000003,256.3,256.32,256.36,256.12,256.14,256.16,256.18,256.2,256.2,256.22,256.26,256.28000000000003,256.3,256.32
2021-05-17 03:00:00,115.0,114.84,115.0,115.18,115.36,115.54,115.72,115.92,116.10000000000001,116.28,116.28,115.0,115.18,115.36,115.54,115.72,115.9,116.08,116.28,116.28,116.46000000000001,116.66,115.36,115.54,115.72,115.9,116.08,116.26,116.26,116.44,116.64,116.82000000000001,117.02,115.68,115.86,116.04,116.22,116.22,116.4,116.58,116.78,116.96000000000001,117.16,117.36,116.02,116.2,116.38,116.38,116.56,116.76,116.94,117.14,117.32000000000001,117.52,117.72,116.36,116.36,116.54,116.74000000000001,116.92,117.10000000000001,117.3,117.48,117.68,117.88,118.08,116.54,116.72,116.9,117.08,117.26,117.46000000000001,117.64,117.84,118.04,118.04,118.24000000000001,116.86,117.04,117.22,117.42,117.60000000000001,117.78,117.98,117.98,118.18,118.38,118.58,117.2,117.38,117.56,117.76,117.94,117.94,118.14,118.34,118.52,118.72,118.92,117.54,117.72,117.92,118.10000000000001,118.10000000000001,118.3,118.48,118.68,118.88,119.08,119.28,117.88,118.06,118.06,118.26,118.44,118.64,118.84,119.02,119.22,119.42,119.64
2021-05-31 05:00:00,273.38,273.38,273.38,273.48,273.5,273.5,273.52,273.52,273.52,273.54,273.54,273.26,273.26,273.38,273.38,273.40000000000003,273.40000000000003,273.40000000000003,273.42,273.42,273.44,273.44,273.16,273.26,273.28000000000003,273.28000000000003,273.3,273.3,273.3,273.32,273.32,273.32,273.32,273.16,273.16,273.18,273.18,273.18,273.2,273.2,273.2,273.22,273.22,273.22,273.06,273.06,273.06,273.08,273.08,273.08,273.1,273.1,273.1,273.12,273.12,272.94,272.96,272.96,272.96,272.98,272.98,272.98,273.0,273.0,273.02,273.02,272.84000000000003,272.84000000000003,272.86,272.86,272.86,272.88,272.88,272.9,272.9,272.92,272.92,272.72,272.74,272.74,272.76,272.76,272.78000000000003,272.78000000000003,272.8,272.8,272.8,272.8,272.62,272.64,272.64,272.66,272.66,272.68,272.68,272.68,272.68,272.7,272.7,272.52,272.54,272.54,272.54,272.56,272.56,272.56,272.58,272.58,272.6,272.6,272.42,272.42,272.44,272.44,272.44,272.46,272.46,272.48,272.48,272.5,272.5
2021-11-12 04:00:00,196.58,196.64000000000001,196.70000000000002,196.76,196.82,196.88,196.88,196.94,197.02,197.08,197.14000000000001,196.58,196.64000000000001,196.70000000000002,196.76,196.82,196.82,196.88,196.94,197.0,197.06,197.12,196.58,196.64000000000001,196.70000000000002,196.70000000000002,196.76,196.82,196.88,196.94,197.0,197.06,197.12,196.58,196.58,196.64000000000001,196.70000000000002,196.76,196.82,196.88,196.94,197.0,197.06,197.12,196.5,196.56,196.62,196.68,196.74,196.82,196.88,196.94,197.0,197.0,197.06,196.5,196.56,196.62,196.68,196.74,196.8,196.86,196.86,196.92000000000002,196.98000000000002,197.06,196.5,196.56,196.62,196.68,196.74,196.8,196.8,196.86,196.92000000000002,196.98000000000002,197.04,196.5,196.56,196.62,196.68,196.68,196.74,196.8,196.86,196.92000000000002,196.98000000000002,197.04,196.5,196.56,196.56,196.62,196.68,196.74,196.8,196.86,196.92000000000002,196.98000000000002,197.04,196.44,196.5,196.56,196.62,196.68,196.74,196.8,196.86,196.92000000000002,196.98000000000002,196.98000000000002,196.44,196.5,196.56,196.62,196.68,196.74,196.8,196.86,196.86,196.92000000000002,196.98000000000002
2021-03-05 01:00:00,121.10000000000001,121.14,121.18,121.18,121.22,121.24000000000001,121.28,121.32000000000001,121.36,121.4,121.44,121.14,121.14,121.18,121.2,121.24000000000001,121.28,121.32000000000001,121.36,121.4,121.44,121.46000000000001,121.14,121.18,121.22,121.24000000000001,121.28,121.32000000000001,121.36,121.4,121.44,121.48,121.48,121.18,121.22,121.24000000000001,121.28,121.32000000000001,121.36,121.4,121.44,121.44,121.48,121.5,121.22,121.24000000000001,121.28,121.32000000000001,121.36,121.4,121.4,121.44,121.48,121.52,121.54,121.24000000000001,121.28,121.32000000000001,121.36,121.36,121.4,121.44,121.46000000000001,121.5,121.54,121.58,121.28,121.32000000000001,121.32000000000001,121.36,121.4,121.44,121.46000000000001,121.5,121.54,121.58,121.62,121.32000000000001,121.32000000000001,121.36,121.4,121.44,121.48,121.5,121.54,121.58,121.62,121.66,121.32000000000001,121.36,121.4,121.44,121.48,121.5,121.54,121.58,121.62,121.62,121.66,121.36,121.4,121.44,121.46000000000001,121.5,121.54,121.58,121.58,121.62,121.66,121.7,121.4,121.44,121.48,121.5,121.54,121.54,121.58,121.62,121.66,121.7,121.74000000000001
2021-03-11 04:00:00,191.4,191.5,191.58,191.68,191.78,191.88,191.98000000000002,192.08,192.18,192.18,192.26,191.4,191.5,191.6,191.68,191.78,191.88,191.98000000000002,191.98000000000002,192.08,192.18,192.28,191.38,191.48000000000002,191.58,191.68,191.78,191.78,191.88,191.98000000000002,192.06,192.16,192.26,191.4,191.48000000000002,191.58,191.68,191.68,191.78,191.88,191.98000000000002,192.06,192.16,192.26,191.4,191.48000000000002,191.48000000000002,191.58,191.68,191.78,191.88,191.98000000000002,192.08,192.16,192.26,191.3,191.4,191.5,191.58,191.68,191.78,191.88,191.98000000000002,192.08,192.16,192.16,191.28,191.38,191.48000000000002,191.58,191.68,191.76,191.86,191.96,191.96,192.06,192.16,191.28,191.38,191.48000000000002,191.58,191.68,191.76,191.76,191.86,191.96,192.06,192.16,191.28,191.38,191.48000000000002,191.58,191.68,191.68,191.78,191.86,191.96,192.06,192.16,191.28,191.38,191.48000000000002,191.48000000000002,191.58,191.68,191.78,191.86,191.96,192.06,192.16,191.28,191.28,191.38,191.48000000000002,191.58,191.66,191.76,191.86,191.96,192.06,192.16
2021-04-03 01:00:00,109.0,109.04,109.08,109.10000000000001,109.14,109.18,109.18,109.2,109.24000000000001,109.28,109.32000000000001,109.06,109.08,109.12,109.16,109.16,109.2,109.22,109.26,109.3,109.34,109.36,109.10000000000001,109.14,109.14,109.18,109.2,109.24000000000001,109.28,109.3,109.34,109.38,109.42,109.16,109.16,109.18,109.22,109.26,109.3,109.32000000000001,109.36,109.4,109.44,109.46000000000001,109.18,109.2,109.24000000000001,109.28,109.3,109.34,109.38,109.42,109.44,109.44,109.48,109.22,109.26,109.3,109.32000000000001,109.36,109.4,109.44,109.44,109.46000000000001,109.5,109.54,109.28,109.3,109.34,109.38,109.42,109.42,109.44,109.48,109.52,109.56,109.58,109.32000000000001,109.36,109.4,109.4,109.42,109.46000000000001,109.5,109.54,109.56,109.60000000000001,109.64,109.38,109.42,109.42,109.44,109.48,109.52,109.56,109.58,109.62,109.66,109.7,109.4,109.42,109.46000000000001,109.5,109.54,109.56,109.60000000000001,109.64,109.68,109.7,109.7,109.44,109.48,109.52,109.54,109.58,109.62,109.66,109.68,109.68,109.72,109.76
2021-09-18 02:00:00,132.4,132.46,132.54,132.6,132.68,132.74,132.82,132.82,132.88,132.96,133.02,132.46,132.54,132.6,132.68,132.74,132.74,132.82,132.88,132.96,133.02,133.1,132.52,132.6,132.66,132.66,132.72,132.8,132.86,132.94,133.0,133.08,133.16,132.58,132.66,132.66,132.72,132.8,132.86,132.94,133.0,133.08,133.14000000000001,133.22,132.58,132.66,132.72,132.8,132.86,132.94,133.0,133.08,133.14000000000001,133.22,133.22,132.66,132.72,132.8,132.86,132.94,133.0,133.08,133.14000000000001,133.14000000000001,133.22,133.28,132.72,132.78,132.86,132.92000000000002,133.0,133.06,133.06,133.14000000000001,133.2,133.28,133.34,132.78,132.86,132.92000000000002,133.0,133.0,133.06,133.14000000000001,133.2,133.28,133.34,133.42000000000002,132.86,132.92000000000002,133.0,133.0,133.06,133.14000000000001,133.2,133.28,133.34,133.42000000000002,133.48,132.92000000000002,132.92000000000002,133.0,133.06,133.14000000000001,133.2,133.28,133.34,133.42000000000002,133.48,133.56,132.9,132.98,133.04,133.12,133.18,133.26,133.32,133.4,133.46,133.46,133.54
2021-10-25 05:00:00,219.5,219.54,219.62,219.68,219.72,219.78,219.82,219.88,219.92000000000002,219.92000000000002,219.98000000000002,219.48000000000002,219.54,219.6,219.64000000000001,219.70000000000002,219.74,219.8,219.8,219.84,219.9,219.94,219.48000000000002,219.54,219.58,219.62,219.68,219.72,219.72,219.78,219.82,219.88,219.92000000000002,219.46,219.52,219.56,219.62,219.62,219.66,219.70000000000002,219.76,219.8,219.86,219.9,219.44,219.5,219.5,219.54,219.6,219.64000000000001,219.70000000000002,219.74,219.8,219.84,219.88,219.38,219.42000000000002,219.46,219.52,219.56,219.62,219.66,219.72,219.76,219.82,219.82,219.36,219.4,219.46,219.5,219.56,219.6,219.64000000000001,219.70000000000002,219.70000000000002,219.74,219.8,219.34,219.38,219.44,219.48000000000002,219.54,219.58,219.64000000000001,219.64000000000001,219.68,219.74,219.78,219.32,219.36,219.42000000000002,219.46,219.52,219.52,219.56,219.62,219.66,219.72,219.76,219.28,219.34,219.38,219.38,219.44,219.48000000000002,219.54,219.58,219.64000000000001,219.68,219.74,219.28,219.28,219.32,219.38,219.42000000000002,219.46,219.52,219.56,219.62,219.66,219.72
2021-03-18 05:00:00,223.4,223.46,223.56,223.62,223.70000000000002,223.76,223.82,223.88,223.96,224.02,224.02,223.36,223.46,223.52,223.6,223.66,223.72,223.78,223.86,223.86,223.92000000000002,223.98000000000002,223.36,223.42000000000002,223.48000000000002,223.56,223.62,223.68,223.68,223.74,223.82,223.88,223.94,223.32,223.38,223.44,223.52,223.58,223.58,223.64000000000001,223.72,223.78,223.84,223.9,223.28,223.34,223.42000000000002,223.42000000000002,223.48000000000002,223.54,223.6,223.68,223.74,223.8,223.88,223.24,223.24,223.32,223.38,223.44,223.5,223.58,223.64000000000001,223.70000000000002,223.76,223.84,223.14000000000001,223.20000000000002,223.26,223.34,223.4,223.46,223.52,223.6,223.66,223.66,223.72,223.1,223.16,223.24,223.3,223.36,223.42000000000002,223.5,223.5,223.56,223.62,223.68,223.06,223.14000000000001,223.20000000000002,223.26,223.32,223.4,223.4,223.46,223.52,223.58,223.66,223.02,223.1,223.16,223.22,223.22,223.3,223.36,223.42000000000002,223.48000000000002,223.56,223.62,222.98000000000002,223.06,223.06,223.12,223.18,223.26,223.32,223.38,223.44,223.52,223.58
2021-06-12 02:00:00,83.38,83.28,83.28,83.3,83.3,83.32000000000001,83.32000000000001,83.32000000000001,83.34,83.34,83.34,83.38,83.4,83.4,83.4,83.42,83.42,83.44,83.44,83.44,83.44,83.46000000000001,83.5,83.5,83.52,83.52,83.52,83.54,83.54,83.54,83.56,83.56,83.56,83.60000000000001,83.62,83.62,83.62,83.62,83.64,83.64,83.66,83.66,83.68,83.68,83.72,83.72,83.74,83.74,83.74,83.76,83.76,83.76,83.78,83.78,83.8,83.82000000000001,83.82000000000001,83.84,83.84,83.86,83.86,83.88,83.88,83.88,83.9,83.9,83.92,83.94,83.94,83.96000000000001,83.96000000000001,83.98,83.98,84.0,84.0,84.0,84.02,84.04,84.04,84.06,84.06,84.08,84.08,84.10000000000001,84.10000000000001,84.10000000000001,84.12,84.12,84.16,84.16,84.18,84.18,84.2,84.2,84.2,84.2,84.22,84.22,84.24,84.26,84.28,84.28,84.3,84.3,84.3,84.32000000000001,84.32000000000001,84.34,84.34,84.36,84.38,84.38,84.38,84.4,84.4,84.42,84.42,84.44,84.44,84.46000000000001,84.46000000000001
2021-07-20 04:00:00,254.08,254.08,254.56,254.68,254.78,254.9,255.0,255.1,255.20000000000002,255.32,255.42000000000002,253.6,254.08,254.20000000000002,254.32,254.42000000000002,254.54,254.64000000000001,254.76000000000002,254.86,254.86,254.96,253.6,253.72,253.84,253.96,254.06,254.18,254.28,254.28,254.4,254.5,254.62,253.22,253.34,253.46,253.58,253.70000000000002,253.70000000000002,253.8,253.92000000000002,254.04,254.14000000000001,254.24,252.86,252.98000000000002,253.1,253.22,253.22,253.34,253.46,253.56,253.68,253.8,253.9,252.5,252.62,252.62,252.74,252.86,252.98000000000002,253.1,253.22,253.34,253.44,253.56,252.02,252.14000000000001,252.26000000000002,252.4,252.52,252.64000000000001,252.76000000000002,252.88,253.0,253.1,253.1,251.64000000000001,251.78,251.9,252.02,252.16,252.28,252.4,252.52,252.52,252.64000000000001,252.76000000000002,251.28,251.42000000000002,251.56,251.68,251.8,251.94,251.94,252.06,252.18,252.3,252.42000000000002,250.94,251.06,251.20000000000002,251.34,251.46,251.46,251.58,251.72,251.84,251.96,252.08,250.58,250.72,250.86,250.86,250.98000000000002,251.12,251.24,251.38,251.5,251.62,251.74
2021-04-26 03:00:00,142.34,142.36,142.56,142.76,142.94,143.14000000000001,143.34,143.52,143.72,143.92000000000002,143.92000000000002,142.34,142.54,142.72,142.92000000000002,143.12,143.3,143.5,143.70000000000002,143.70000000000002,143.9,144.08,142.5,142.70000000000002,142.9,143.08,143.28,143.46,143.46,143.66,143.86,144.06,144.26,142.64000000000001,142.84,143.02,143.22,143.22,143.42000000000002,143.6,143.8,144.0,144.20000000000002,144.38,142.8,143.0,143.20000000000002,143.20000000000002,143.38,143.58,143.76,143.96,144.16,144.36,144.56,142.98,142.98,143.16,143.36,143.54,143.74,143.94,144.12,144.32,144.52,144.72,142.94,143.14000000000001,143.32,143.52,143.70000000000002,143.9,144.1,144.28,144.48,144.48,144.68,143.1,143.28,143.48,143.66,143.86,144.04,144.24,144.24,144.44,144.62,144.82,143.26,143.44,143.64000000000001,143.82,144.02,144.02,144.20000000000002,144.4,144.6,144.78,144.98,143.42000000000002,143.6,143.8,143.98,143.98,144.18,144.36,144.56,144.76,144.94,145.14000000000001,143.58,143.76,143.76,143.96,144.14000000000001,144.34,144.52,144.72,144.92000000000002,145.1,145.3
2021-08-16 07:00:00,269.06,269.08,269.1,269.12,269.12,269.16,269.18,269.2,269.22,269.22,269.24,269.04,269.06,269.06,269.06,269.12,269.14,269.14,269.16,269.18,269.2,269.22,268.98,269.0,269.02,269.06,269.08,269.1,269.12,269.14,269.14,269.16,269.16,268.96,268.96,269.02,269.04,269.04,269.06,269.08,269.1,269.1,269.12,269.14,268.92,268.96,268.98,269.0,269.02,269.04,269.06,269.06,269.06,269.08,269.1,268.92,268.94,268.96,268.96,268.98,268.98,269.0,269.02,269.04,269.06,269.06,268.88,268.9,268.92,268.92,268.94,268.96,268.96,268.98,269.0,269.02,269.04,268.86,268.86,268.86,268.88,268.9,268.92,268.94,268.96,268.96,268.98,269.0,268.8,268.82,268.84000000000003,268.86,268.86,268.88,268.9,268.92,268.94,268.94,268.96,268.78000000000003,268.78000000000003,268.8,268.82,268.84000000000003,268.86,268.88,268.88,268.88,268.9,268.92,268.74,268.76,268.78000000000003,268.78000000000003,268.8,268.82,268.82,268.84000000000003,268.86,268.88,268.88
2021-03-10 06:00:00,236.68,236.68,236.72,236.78,236.82,236.86,236.9,236.94,236.98000000000002,237.02,237.06,236.6,236.64000000000001,236.72,236.76,236.8,236.84,236.88,236.92000000000002,236.96,236.96,237.0,236.58,236.64000000000001,236.68,236.72,236.76,236.8,236.84,236.84,236.88,236.92000000000002,236.96,236.58,236.62,236.66,236.70000000000002,236.74,236.78,236.78,236.82,236.86,236.9,236.94,236.54,236.58,236.62,236.66,236.66,236.70000000000002,236.74,236.78,236.82,236.86,236.9,236.52,236.56,236.56,236.6,236.64000000000001,236.68,236.72,236.76,236.8,236.84,236.88,236.44,236.48000000000002,236.52,236.56,236.6,236.64000000000001,236.68,236.72,236.76,236.8,236.8,236.42000000000002,236.46,236.5,236.54,236.58,236.62,236.66,236.70000000000002,236.70000000000002,236.74,236.78,236.38,236.42000000000002,236.46,236.5,236.54,236.58,236.62,236.62,236.66,236.70000000000002,236.74,236.36,236.4,236.44,236.48000000000002,236.52,236.52,236.56,236.6,236.64000000000001,236.68,236.72,236.32,236.36,236.4,236.4,236.44,236.48000000000002,236.52,236.56,236.6,236.64000000000001,236.68
2021-02-28 06:00:00,231.86,231.9,231.94,232.0,232.06,232.1,232.14000000000001,232.18,232.22,232.26,232.26,231.84,231.88,231.94,231.98000000000002,232.02,232.06,232.1,232.14000000000001,232.14000000000001,232.18,232.22,231.8,231.88,231.92000000000002,231.96,232.0,232.04,232.08,232.08,232.12,232.16,232.20000000000002,231.8,231.84,231.88,231.94,231.98000000000002,231.98000000000002,232.02,232.06,232.1,232.14000000000001,232.18,231.78,231.82,231.86,231.86,231.9,231.94,231.98000000000002,232.02,232.06,232.12,232.16,231.76,231.76,231.8,231.84,231.88,231.92000000000002,231.96,232.0,232.04,232.08,232.12,231.68,231.72,231.78,231.82,231.86,231.9,231.94,231.98000000000002,232.02,232.02,232.06,231.66,231.70000000000002,231.74,231.78,231.82,231.86,231.92000000000002,231.96,231.96,232.0,232.04,231.64000000000001,231.68,231.72,231.76,231.8,231.84,231.84,231.88,231.92000000000002,231.96,232.0,231.6,231.66,231.70000000000002,231.74,231.74,231.78,231.82,231.86,231.9,231.94,231.98000000000002,231.58,231.62,231.62,231.66,231.70000000000002,231.74,231.8,231.84,231.88,231.92000000000002,231.96
2021-04-20 01:00:00,100.68,100.7,100.74000000000001,100.76,100.8,100.82000000000001,100.86,100.88,100.92,100.92,100.94,100.74000000000001,100.76,100.8,100.82000000000001,100.86,100.88,100.92,100.92,100.94,100.98,101.0,100.8,100.82000000000001,100.86,100.88,100.92,100.92,100.94,100.98,101.0,101.04,101.06,100.86,100.88,100.92,100.92,100.94,100.96000000000001,101.0,101.02,101.06,101.08,101.12,100.92,100.94,100.94,100.98,101.0,101.02,101.06,101.08,101.12,101.14,101.18,100.94,100.98,101.0,101.04,101.06,101.08,101.12,101.14,101.18,101.2,101.2,101.0,101.04,101.06,101.08,101.12,101.14,101.18,101.2,101.2,101.24000000000001,101.26,101.06,101.08,101.12,101.14,101.18,101.2,101.2,101.24000000000001,101.26,101.3,101.32000000000001,101.12,101.14,101.18,101.2,101.2,101.24000000000001,101.26,101.3,101.32000000000001,101.36,101.38,101.18,101.2,101.24000000000001,101.24000000000001,101.26,101.3,101.32000000000001,101.36,101.38,101.42,101.44,101.24000000000001,101.24000000000001,101.26,101.3,101.32000000000001,101.36,101.38,101.42,101.44,101.48,101.5
2021-10-11 01:00:00,127.56,127.60000000000001,127.64,127.68,127.68,127.72,127.78,127.82000000000001,127.86,127.9,127.96000000000001,127.60000000000001,127.64,127.64,127.68,127.72,127.76,127.82000000000001,127.86,127.9,127.94,127.98,127.64,127.64,127.68,127.72,127.76,127.8,127.86,127.9,127.94,127.98,128.04,127.64,127.68,127.72,127.76,127.8,127.86,127.9,127.94,127.98,127.98,128.02,127.68,127.72,127.76,127.8,127.84,127.9,127.94,127.94,127.98,128.02,128.06,127.7,127.76,127.8,127.84,127.88000000000001,127.88000000000001,127.92,127.98,128.02,128.06,128.1,127.74000000000001,127.8,127.84,127.84,127.88000000000001,127.92,127.96000000000001,128.02,128.06,128.1,128.14000000000001,127.8,127.84,127.84,127.88000000000001,127.92,127.96000000000001,128.02,128.06,128.1,128.14000000000001,128.18,127.78,127.84,127.88000000000001,127.92,127.96000000000001,128.0,128.06,128.1,128.14000000000001,128.18,128.18,127.82000000000001,127.88000000000001,127.92,127.96000000000001,128.0,128.04,128.1,128.14000000000001,128.14000000000001,128.18,128.22,127.86,127.92,127.96000000000001,128.0,128.04,128.08,128.08,128.14000000000001,128.18,128.22,128.26
2021-04-15 02:00:00,116.68,116.74000000000001,116.8,116.86,116.92,116.98,117.04,117.10000000000001,117.10000000000001,117.16,117.22,116.78,116.84,116.9,116.96000000000001,117.02,117.08,117.08,117.14,117.2,117.26,117.32000000000001,116.86,116.92,116.98,117.04,117.04,117.10000000000001,117.16,117.22,117.28,117.34,117.4,116.94,117.0,117.06,117.06,117.12,117.18,117.24000000000001,117.3,117.36,117.44,117.5,117.04,117.04,117.10000000000001,117.16,117.22,117.28,117.34,117.4,117.46000000000001,117.52,117.58,117.06,117.12,117.18,117.24000000000001,117.3,117.36,117.42,117.5,117.56,117.56,117.62,117.16,117.22,117.28,117.34,117.4,117.46000000000001,117.52,117.52,117.58,117.64,117.7,117.24000000000001,117.3,117.36,117.42,117.48,117.48,117.54,117.60000000000001,117.66,117.74000000000001,117.8,117.34,117.4,117.46000000000001,117.52,117.52,117.58,117.64,117.7,117.76,117.82000000000001,117.88,117.42,117.48,117.48,117.54,117.60000000000001,117.66,117.72,117.78,117.86,117.92,117.98,117.44,117.5,117.56,117.62,117.68,117.74000000000001,117.82000000000001,117.88,117.94,118.0,118.0
2021-05-22 05:00:00,269.38,269.38,269.38,269.5,269.52,269.54,269.54,269.56,269.58,269.6,269.6,269.26,269.28000000000003,269.38,269.4,269.42,269.44,269.44,269.46,269.48,269.5,269.5,269.16,269.28000000000003,269.28000000000003,269.3,269.32,269.34000000000003,269.34000000000003,269.36,269.36,269.38,269.4,269.16,269.18,269.18,269.2,269.22,269.24,269.24,269.24,269.26,269.28000000000003,269.3,269.06,269.08,269.08,269.1,269.12,269.12,269.14,269.14,269.16,269.18,269.2,268.96,268.98,268.98,268.98,269.0,269.02,269.04,269.06,269.06,269.08,269.1,268.86,268.86,268.88,268.88,268.9,268.92,268.94,268.96,268.96,268.98,269.0,268.74,268.76,268.76,268.78000000000003,268.8,268.82,268.84000000000003,268.84000000000003,268.86,268.86,268.88,268.64,268.66,268.66,268.68,268.7,268.72,268.74,268.74,268.76,268.76,268.78000000000003,268.54,268.56,268.56,268.58,268.6,268.62,268.62,268.64,268.66,268.66,268.68,268.44,268.46,268.46,268.48,268.48,268.5,268.52,268.54,268.56,268.56,268.58
2021-04-13 01:00:00,104.2,104.22,104.26,104.28,104.32000000000001,104.36,104.38,104.38,104.42,104.44,104.48,104.26,104.28,104.32000000000001,104.34,104.38,104.38,104.4,104.44,104.48,104.5,104.54,104.3,104.34,104.36,104.36,104.4,104.44,104.46000000000001,104.5,104.52,104.56,104.58,104.36,104.4,104.4,104.42,104.46000000000001,104.48,104.52,104.56,104.58,104.62,104.64,104.38,104.42,104.44,104.48,104.52,104.54,104.58,104.60000000000001,104.64,104.68,104.68,104.44,104.48,104.5,104.54,104.56,104.60000000000001,104.64,104.66,104.66,104.7,104.72,104.5,104.52,104.56,104.60000000000001,104.62,104.66,104.66,104.68,104.72,104.76,104.78,104.56,104.58,104.62,104.64,104.64,104.68,104.72,104.74000000000001,104.78,104.8,104.84,104.60000000000001,104.64,104.68,104.68,104.7,104.74000000000001,104.76,104.8,104.84,104.86,104.9,104.66,104.66,104.7,104.72,104.76,104.8,104.82000000000001,104.86,104.9,104.92,104.96000000000001,104.68,104.72,104.74000000000001,104.78,104.82000000000001,104.84,104.88,104.92,104.94,104.94,104.98
2021-03-18 06:00:00,240.88,240.88,240.92000000000002,240.98000000000002,241.02,241.06,241.1,241.14000000000001,241.18,241.22,241.26,240.8,240.84,240.92000000000002,240.96,241.0,241.04,241.06,241.1,241.14000000000001,241.14000000000001,241.18,240.76,240.84,240.88,240.92000000000002,240.96,241.0,241.04,241.04,241.06,241.1,241.14000000000001,240.76,240.8,240.84,240.88,240.92000000000002,240.96,240.96,241.0,241.04,241.08,241.12,240.74,240.78,240.82,240.84,240.84,240.88,240.92000000000002,240.96,241.0,241.04,241.08,240.70000000000002,240.74,240.74,240.78,240.82,240.86,240.9,240.94,240.96,241.0,241.04,240.62,240.66,240.70000000000002,240.74,240.78,240.82,240.86,240.9,240.94,240.98000000000002,240.98000000000002,240.6,240.64000000000001,240.66,240.70000000000002,240.74,240.78,240.82,240.86,240.86,240.9,240.94,240.56,240.6,240.64000000000001,240.68,240.72,240.76,240.78,240.78,240.82,240.86,240.9,240.52,240.56,240.6,240.64000000000001,240.68,240.68,240.72,240.76,240.8,240.84,240.88,240.48000000000002,240.52,240.56,240.56,240.6,240.64000000000001,240.68,240.72,240.76,240.8,240.84
2021-03-12 06:00:00,237.70000000000002,237.70000000000002,237.74,237.8,237.84,237.88,237.92000000000002,237.96,238.0,238.04,238.08,237.62,237.66,237.74,237.78,237.82,237.86,237.9,237.94,237.98000000000002,237.98000000000002,238.02,237.58,237.66,237.70000000000002,237.74,237.78,237.82,237.86,237.86,237.9,237.94,237.98000000000002,237.58,237.62,237.66,237.70000000000002,237.74,237.78,237.78,237.82,237.86,237.9,237.94,237.56,237.6,237.64000000000001,237.68,237.68,237.72,237.76,237.8,237.84,237.88,237.92000000000002,237.52,237.56,237.56,237.6,237.64000000000001,237.68,237.72,237.76,237.8,237.84,237.88,237.46,237.5,237.54,237.58,237.62,237.66,237.70000000000002,237.74,237.78,237.82,237.82,237.42000000000002,237.46,237.5,237.54,237.58,237.62,237.66,237.70000000000002,237.70000000000002,237.74,237.78,237.4,237.44,237.48000000000002,237.52,237.56,237.6,237.64000000000001,237.64000000000001,237.68,237.72,237.76,237.36,237.4,237.44,237.48000000000002,237.52,237.52,237.56,237.6,237.64000000000001,237.68,237.72,237.32,237.36,237.4,237.4,237.44,237.48000000000002,237.52,237.56,237.6,237.64000000000001,237.68
2021-05-17 00:00:00,83.58,83.60000000000001,83.60000000000001,83.62,83.64,83.64,83.66,83.68,83.68,83.68,83.7,83.62,83.64,83.64,83.66,83.68,83.68,83.68,83.7,83.72,83.72,83.74,83.66,83.68,83.68,83.7,83.7,83.72,83.72,83.74,83.76,83.76,83.78,83.7,83.7,83.7,83.72,83.74,83.76,83.76,83.78,83.8,83.8,83.82000000000001,83.74,83.74,83.74,83.76,83.78,83.8,83.8,83.82000000000001,83.84,83.84,83.86,83.76,83.78,83.78,83.8,83.82000000000001,83.84,83.84,83.86,83.88,83.88,83.88,83.8,83.82000000000001,83.82000000000001,83.84,83.86,83.88,83.88,83.88,83.9,83.92,83.92,83.84,83.86,83.86,83.88,83.9,83.9,83.92,83.92,83.94,83.96000000000001,83.96000000000001,83.88,83.9,83.9,83.9,83.92,83.94,83.96000000000001,83.96000000000001,83.98,84.0,84.0,83.92,83.94,83.94,83.94,83.96000000000001,83.98,84.0,84.0,84.02,84.04,84.04,83.94,83.96000000000001,83.98,83.98,84.0,84.02,84.04,84.04,84.06,84.08,84.08
2021-08-18 07:00:00,268.3,268.32,268.34000000000003,268.36,268.36,268.4,268.42,268.44,268.46,268.48,268.5,268.28000000000003,268.3,268.3,268.32,268.36,268.38,268.4,268.42,268.42,268.44,268.46,268.22,268.24,268.26,268.32,268.32,268.34000000000003,268.36,268.38,268.4,268.42,268.42,268.2,268.22,268.26,268.28000000000003,268.3,268.32,268.32,268.34000000000003,268.34000000000003,268.36,268.38,268.16,268.22,268.22,268.24,268.26,268.28000000000003,268.3,268.3,268.32,268.34000000000003,268.34000000000003,268.16,268.18,268.2,268.22,268.24,268.24,268.24,268.26,268.28000000000003,268.3,268.32,268.14,268.14,268.16,268.16,268.18,268.2,268.22,268.24,268.26,268.26,268.28000000000003,268.1,268.1,268.12,268.14,268.14,268.16,268.18,268.2,268.22,268.24,268.26,268.04,268.06,268.08,268.1,268.12,268.14,268.16,268.16,268.18,268.18,268.2,268.02,268.04,268.06,268.06,268.08,268.1,268.12,268.14,268.14,268.16,268.18,267.98,268.0,268.02,268.04,268.06,268.08,268.08,268.08,268.1,268.12,268.14
2021-09-04 04:00:00,207.46,207.62,207.76,207.9,208.02,208.16,208.3,208.42000000000002,208.56,208.56,208.70000000000002,207.46,207.58,207.72,207.86,207.98000000000002,208.12,208.26,208.26,208.38,208.52,208.66,207.4,207.54,207.66,207.8,207.94,207.94,208.06,208.20000000000002,208.32,208.46,208.6,207.36,207.5,207.62,207.76,207.76,207.9,208.02,208.16,208.3,208.42000000000002,208.56,207.32,207.46,207.46,207.58,207.72,207.86,207.98000000000002,208.12,208.26,208.38,208.52,207.16,207.28,207.42000000000002,207.56,207.68,207.82,207.94,208.08,208.22,208.34,208.34,207.1,207.24,207.38,207.5,207.64000000000001,207.78,207.9,208.04,208.04,208.16,208.3,207.06,207.20000000000002,207.34,207.46,207.6,207.74,207.74,207.86,208.0,208.12,208.26,207.04,207.16,207.3,207.44,207.56,207.56,207.70000000000002,207.82,207.96,208.1,208.22,207.0,207.14000000000001,207.26,207.26,207.4,207.52,207.66,207.8,207.92000000000002,208.06,208.18,206.94,206.94,207.08,207.20000000000002,207.34,207.48000000000002,207.6,207.74,207.86,208.0,208.12
2021-10-02 02:00:00,141.0,141.08,141.14000000000001,141.22,141.28,141.36,141.42000000000002,141.42000000000002,141.48,141.56,141.62,141.06,141.12,141.20000000000002,141.26,141.34,141.34,141.4,141.48,141.54,141.62,141.68,141.1,141.18,141.24,141.24,141.32,141.38,141.46,141.52,141.6,141.66,141.74,141.16,141.22,141.22,141.3,141.36,141.44,141.5,141.58,141.64000000000001,141.72,141.78,141.14000000000001,141.22,141.28,141.36,141.42000000000002,141.5,141.56,141.62,141.70000000000002,141.76,141.76,141.20000000000002,141.26,141.34,141.4,141.48,141.54,141.62,141.68,141.68,141.76,141.82,141.24,141.32,141.38,141.44,141.52,141.58,141.58,141.66,141.72,141.8,141.86,141.3,141.36,141.44,141.5,141.5,141.58,141.64000000000001,141.72,141.78,141.86,141.92000000000002,141.34,141.42000000000002,141.48,141.48,141.56,141.62,141.70000000000002,141.76,141.84,141.9,141.98,141.4,141.4,141.48,141.54,141.6,141.68,141.74,141.82,141.88,141.96,142.02,141.38,141.46,141.52,141.58,141.66,141.72,141.8,141.86,141.94,141.94,142.0
2021-04-19 04:00:00,215.02,215.24,215.4,215.56,215.70000000000002,215.86,216.02,216.16,216.32,216.32,216.46,215.02,215.18,215.32,215.48000000000002,215.64000000000001,215.78,215.94,215.94,216.1,216.24,216.4,214.92000000000002,215.08,215.24,215.38,215.54,215.54,215.70000000000002,215.84,216.0,216.14000000000001,216.3,214.86,215.0,215.16,215.32,215.32,215.46,215.62,215.78,215.92000000000002,216.08,216.22,214.78,214.94,214.94,215.1,215.24,215.4,215.54,215.70000000000002,215.86,216.0,216.16,214.56,214.72,214.86,215.02,215.18,215.32,215.48000000000002,215.64000000000001,215.78,215.94,215.94,214.48000000000002,214.64000000000001,214.78,214.94,215.1,215.24,215.4,215.54,215.54,215.70000000000002,215.84,214.4,214.56,214.72,214.88,215.02,215.18,215.18,215.32,215.48000000000002,215.62,215.78,214.34,214.5,214.64000000000001,214.8,214.96,214.96,215.1,215.26,215.4,215.56,215.70000000000002,214.28,214.42000000000002,214.58,214.58,214.74,214.88,215.04,215.18,215.34,215.48000000000002,215.64000000000001,214.18,214.18,214.34,214.48000000000002,214.64000000000001,214.8,214.94,215.1,215.24,215.4,215.54
2021-05-31 00:00:00,80.08,80.10000000000001,80.10000000000001,80.12,80.12,80.14,80.16,80.16,80.16,80.18,80.18,80.12,80.14,80.14,80.16,80.16,80.18,80.18,80.2,80.2,80.22,80.22,80.16,80.18,80.18,80.2,80.2,80.2,80.22,80.24,80.24,80.26,80.26,80.2,80.2,80.2,80.22,80.24,80.24,80.26,80.26,80.28,80.3,80.3,80.24,80.24,80.24,80.26,80.28,80.28,80.3,80.3,80.32000000000001,80.34,80.34,80.26,80.28,80.28,80.3,80.32000000000001,80.32000000000001,80.34,80.34,80.36,80.36,80.38,80.3,80.32000000000001,80.32000000000001,80.34,80.36,80.36,80.38,80.38,80.38,80.4,80.42,80.34,80.36,80.36,80.38,80.4,80.4,80.4,80.42,80.42,80.44,80.46000000000001,80.38,80.4,80.4,80.4,80.42,80.44,80.44,80.46000000000001,80.46000000000001,80.48,80.5,80.42,80.44,80.44,80.44,80.46000000000001,80.48,80.48,80.5,80.5,80.52,80.54,80.44,80.46000000000001,80.48,80.48,80.5,80.52,80.52,80.54,80.54,80.56,80.56
2021-09-24 01:00:00,118.8,118.84,118.88,118.92,118.96000000000001,119.0,119.0,119.04,119.10000000000001,119.14,119.18,118.86,118.9,118.94,118.98,118.98,119.02,119.06,119.10000000000001,119.14,119.18,119.22,118.9,118.94,118.94,118.98,119.02,119.06,119.10000000000001,119.14,119.18,119.22,119.26,118.94,118.94,118.98,119.02,119.06,119.12,119.16,119.2,119.24000000000001,119.28,119.32000000000001,118.96000000000001,119.0,119.04,119.08,119.12,119.16,119.2,119.24000000000001,119.28,119.28,119.32000000000001,119.0,119.04,119.08,119.12,119.16,119.2,119.26,119.26,119.3,119.34,119.38,119.04,119.08,119.12,119.16,119.22,119.22,119.26,119.3,119.34,119.38,119.42,119.10000000000001,119.14,119.18,119.18,119.22,119.26,119.3,119.34,119.38,119.42,119.46000000000001,119.14,119.18,119.18,119.22,119.26,119.3,119.34,119.4,119.44,119.48,119.52,119.16,119.2,119.24000000000001,119.28,119.32000000000001,119.36,119.4,119.44,119.48,119.52,119.52,119.2,119.24000000000001,119.28,119.32000000000001,119.36,119.4,119.44,119.48,119.48,119.52,119.58
2021-09-29 05:00:00,227.58,227.64000000000001,227.72,227.78,227.84,227.9,227.94,228.0,228.06,228.12,228.12,227.54,227.64000000000001,227.70000000000002,227.74,227.8,227.86,227.92000000000002,227.96,227.96,228.02,228.08,227.54,227.6,227.64000000000001,227.70000000000002,227.76,227.82,227.82,227.88,227.92000000000002,227.98000000000002,228.04,227.5,227.56,227.62,227.68,227.72,227.72,227.78,227.84,227.9,227.94,228.0,227.48000000000002,227.52,227.58,227.58,227.64000000000001,227.70000000000002,227.74,227.8,227.86,227.92000000000002,227.96,227.44,227.44,227.5,227.54,227.6,227.66,227.72,227.78,227.82,227.88,227.94,227.34,227.4,227.46,227.52,227.56,227.62,227.68,227.74,227.78,227.78,227.84,227.32,227.36,227.42000000000002,227.48000000000002,227.54,227.58,227.64000000000001,227.64000000000001,227.70000000000002,227.76,227.8,227.28,227.34,227.38,227.44,227.5,227.56,227.56,227.62,227.66,227.72,227.78,227.24,227.3,227.36,227.42000000000002,227.42000000000002,227.46,227.52,227.58,227.64000000000001,227.68,227.74,227.20000000000002,227.26,227.26,227.32,227.38,227.42000000000002,227.48000000000002,227.54,227.6,227.64000000000001,227.70000000000002
2021-06-21 03:00:00,79.82000000000001,79.48,79.44,79.4,79.38,79.34,79.3,79.28,79.24,79.2,79.2,79.82000000000001,79.78,79.76,79.72,79.7,79.66,79.62,79.60000000000001,79.60000000000001,79.56,79.52,80.12,80.10000000000001,80.08,80.04,80.02,79.98,79.98,79.96000000000001,79.92,79.88,79.86,80.44,80.42,80.4,80.36,80.36,80.34,80.32000000000001,80.28,80.26,80.22,80.2,80.76,80.74,80.72,80.72,80.68,80.66,80.64,80.60000000000001,80.58,80.56,80.52,81.08,81.08,81.06,81.04,81.0,80.98,80.96000000000001,80.94,80.92,80.88,80.86,81.42,81.4,81.38,81.36,81.34,81.32000000000001,81.28,81.26,81.24,81.24,81.22,81.74,81.72,81.7,81.68,81.66,81.64,81.62,81.62,81.60000000000001,81.58,81.56,82.06,82.04,82.02,82.0,81.98,81.98,81.96000000000001,81.94,81.94,81.92,81.9,82.38,82.36,82.34,82.34,82.34,82.32000000000001,82.3,82.28,82.26,82.24,82.22,82.7,82.68,82.68,82.68,82.66,82.64,82.62,82.62,82.60000000000001,82.58,82.56
2021-06-25 03:00:00,80.42,80.08,80.06,80.04,80.0,79.98,79.94,79.92,79.88,79.86,79.86,80.42,80.4,80.36,80.34,80.32000000000001,80.28,80.26,80.24,80.24,80.2,80.18,80.72,80.7,80.68,80.66,80.62,80.60000000000001,80.60000000000001,80.58,80.54,80.52,80.5,81.04,81.02,81.0,80.96000000000001,80.96000000000001,80.94,80.92,80.9,80.88,80.84,80.82000000000001,81.34,81.32000000000001,81.3,81.3,81.28,81.26,81.24,81.22,81.2,81.18,81.14,81.66,81.66,81.64,81.62,81.60000000000001,81.58,81.56,81.54,81.52,81.5,81.48,81.98,81.96000000000001,81.96000000000001,81.94,81.92,81.9,81.88,81.86,81.84,81.84,81.82000000000001,82.3,82.28,82.26,82.26,82.24,82.22,82.2,82.2,82.18,82.16,82.16,82.60000000000001,82.60000000000001,82.58,82.56,82.56,82.56,82.54,82.52,82.5,82.5,82.48,82.92,82.9,82.9,82.88,82.88,82.88,82.86,82.84,82.84,82.82000000000001,82.8,83.24,83.22,83.22,83.22,83.2,83.2,83.18,83.18,83.16,83.16,83.14
2021-08-08 08:00:00,276.94,276.96,276.98,276.98,277.0,277.0,277.04,277.04,277.06,277.08,277.08,276.92,276.94,276.96,276.96,276.96,277.0,277.02,277.02,277.04,277.06,277.08,276.90000000000003,276.90000000000003,276.92,276.94,276.96,276.98,277.0,277.02,277.02,277.04,277.06,276.88,276.88,276.90000000000003,276.94,276.94,276.96,276.98,277.0,277.0,277.0,277.02,276.86,276.88,276.90000000000003,276.92,276.94,276.94,276.96,276.98,276.98,276.98,277.0,276.84000000000003,276.88,276.88,276.90000000000003,276.92,276.92,276.92,276.94,276.96,276.96,276.98,276.84000000000003,276.86,276.86,276.88,276.88,276.90000000000003,276.90000000000003,276.92,276.94,276.94,276.96,276.82,276.84000000000003,276.84000000000003,276.84000000000003,276.86,276.88,276.88,276.90000000000003,276.92,276.92,276.94,276.78000000000003,276.8,276.82,276.82,276.84000000000003,276.86,276.86,276.88,276.90000000000003,276.90000000000003,276.90000000000003,276.76,276.78000000000003,276.8,276.8,276.82,276.84000000000003,276.84000000000003,276.86,276.88,276.88,276.88,276.74,276.76,276.78000000000003,276.78000000000003,276.8,276.82,276.82,276.82,276.84000000000003,276.86,276.88
2021-10-29 04:00:00,198.66,198.74,198.8,198.88,198.94,199.0,199.08,199.14000000000001,199.14000000000001,199.20000000000002,199.28,198.66,198.72,198.8,198.86,198.92000000000002,199.0,199.0,199.06,199.12,199.20000000000002,199.26,198.66,198.72,198.8,198.86,198.92000000000002,198.92000000000002,199.0,199.06,199.12,199.20000000000002,199.26,198.66,198.72,198.78,198.78,198.86,198.92000000000002,198.98000000000002,199.06,199.12,199.18,199.26,198.64000000000001,198.64000000000001,198.72,198.78,198.84,198.92000000000002,198.98000000000002,199.04,199.12,199.18,199.24,198.56,198.64000000000001,198.70000000000002,198.76,198.84,198.9,198.96,199.04,199.1,199.1,199.16,198.56,198.62,198.70000000000002,198.76,198.82,198.9,198.96,198.96,199.02,199.1,199.16,198.56,198.62,198.68,198.76,198.82,198.88,198.88,198.96,199.02,199.08,199.16,198.56,198.62,198.68,198.76,198.76,198.82,198.88,198.96,199.02,199.08,199.16,198.54,198.6,198.6,198.68,198.74,198.8,198.88,198.94,199.0,199.08,199.14000000000001,198.48000000000002,198.54,198.6,198.68,198.74,198.8,198.88,198.94,199.0,199.06,199.06
2021-03-06 03:00:00,159.18,159.26,159.34,159.42000000000002,159.52,159.6,159.6,159.68,159.78,159.86,159.94,159.20000000000002,159.3,159.38,159.46,159.46,159.54,159.64000000000001,159.72,159.8,159.9,159.98,159.26,159.34,159.42000000000002,159.42000000000002,159.5,159.6,159.68,159.76,159.84,159.94,160.02,159.3,159.3,159.38,159.46,159.54,159.64000000000001,159.72,159.8,159.88,159.98,160.06,159.24,159.34,159.42000000000002,159.5,159.58,159.68,159.76,159.84,159.92000000000002,159.92000000000002,160.02,159.28,159.36,159.44,159.54,159.62,159.70000000000002,159.78,159.78,159.88,159.96,160.04,159.32,159.4,159.48,159.58,159.66,159.66,159.74,159.82,159.92000000000002,160.0,160.08,159.36,159.44,159.52,159.62,159.62,159.70000000000002,159.78,159.86,159.96,160.04,160.12,159.4,159.48,159.48,159.56,159.66,159.74,159.82,159.9,160.0,160.08,160.16,159.34,159.44,159.52,159.6,159.68,159.78,159.86,159.94,160.02,160.12,160.12,159.4,159.48,159.56,159.64000000000001,159.72,159.82,159.9,159.98,159.98,160.06,160.16
2021-08-31 04:00:00,208.72,208.92000000000002,209.06,209.20000000000002,209.34,209.48000000000002,209.62,209.78,209.92000000000002,209.92000000000002,210.06,208.72,208.86,209.02,209.16,209.3,209.44,209.58,209.58,209.72,209.86,210.0,208.66,208.8,208.94,209.08,209.24,209.24,209.38,209.52,209.66,209.8,209.94,208.62,208.76,208.9,209.04,209.04,209.18,209.32,209.46,209.62,209.76,209.9,208.56,208.72,208.72,208.86,209.0,209.14000000000001,209.28,209.42000000000002,209.56,209.70000000000002,209.84,208.38,208.52,208.66,208.82,208.96,209.1,209.24,209.38,209.52,209.66,209.66,208.32,208.48000000000002,208.62,208.76,208.9,209.04,209.18,209.32,209.32,209.46,209.6,208.28,208.42000000000002,208.56,208.72,208.86,209.0,209.0,209.14000000000001,209.28,209.42000000000002,209.56,208.24,208.38,208.52,208.66,208.8,208.8,208.96,209.1,209.24,209.38,209.52,208.20000000000002,208.34,208.48000000000002,208.48000000000002,208.62,208.76,208.9,209.04,209.18,209.32,209.46,208.14000000000001,208.14000000000001,208.28,208.42000000000002,208.56,208.70000000000002,208.84,208.98000000000002,209.12,209.26,209.4
2021-03-27 04:00:00,197.92000000000002,198.06,198.18,198.3,198.42000000000002,198.54,198.66,198.78,198.9,198.9,199.02,197.92000000000002,198.04,198.16,198.28,198.4,198.52,198.64000000000001,198.64000000000001,198.76,198.88,199.0,197.9,198.02,198.14000000000001,198.26,198.38,198.38,198.5,198.62,198.74,198.86,198.98000000000002,197.88,198.0,198.12,198.24,198.24,198.36,198.48000000000002,198.6,198.72,198.84,198.96,197.88,198.0,198.0,198.12,198.24,198.36,198.48000000000002,198.6,198.70000000000002,198.82,198.94,197.74,197.86,197.98000000000002,198.1,198.22,198.34,198.46,198.58,198.70000000000002,198.82,198.82,197.72,197.84,197.96,198.08,198.20000000000002,198.32,198.44,198.56,198.56,198.68,198.8,197.72,197.84,197.96,198.08,198.18,198.3,198.3,198.42000000000002,198.54,198.66,198.78,197.70000000000002,197.82,197.94,198.06,198.18,198.18,198.3,198.42000000000002,198.54,198.64000000000001,198.76,197.70000000000002,197.82,197.92000000000002,197.92000000000002,198.04,198.16,198.28,198.4,198.52,198.64000000000001,198.76,197.66,197.66,197.78,197.9,198.02,198.14000000000001,198.26,198.38,198.5,198.6,198.72
2021-06-25 02:00:00,82.68,82.58,82.60000000000001,82.60000000000001,82.60000000000001,82.60000000000001,82.62,82.62,82.62,82.64,82.64,82.68,82.7,82.7,82.7,82.72,82.72,82.72,82.74,82.74,82.74,82.74,82.8,82.8,82.8,82.82000000000001,82.82000000000001,82.82000000000001,82.82000000000001,82.84,82.84,82.84,82.86,82.9,82.9,82.92,82.92,82.92,82.92,82.94,82.94,82.94,82.96000000000001,82.96000000000001,83.0,83.02,83.02,83.02,83.02,83.04,83.04,83.04,83.06,83.06,83.08,83.12,83.12,83.12,83.12,83.14,83.14,83.14,83.16,83.16,83.18,83.18,83.22,83.22,83.22,83.24,83.24,83.26,83.26,83.26,83.28,83.28,83.28,83.32000000000001,83.32000000000001,83.34,83.34,83.36,83.36,83.36,83.36,83.38,83.38,83.4,83.42,83.44,83.44,83.46000000000001,83.46000000000001,83.46000000000001,83.46000000000001,83.48,83.48,83.5,83.5,83.54,83.54,83.56,83.56,83.56,83.56,83.58,83.58,83.60000000000001,83.60000000000001,83.62,83.64,83.66,83.66,83.66,83.66,83.68,83.68,83.7,83.7,83.72,83.72
2021-02-08 04:00:00,186.4,186.48,186.54,186.62,186.68,186.76,186.82,186.82,186.9,186.96,187.04,186.42000000000002,186.48,186.56,186.62,186.70000000000002,186.70000000000002,186.76,186.84,186.9,186.96,187.04,186.42000000000002,186.48,186.56,186.62,186.62,186.70000000000002,186.76,186.84,186.9,186.98,187.04,186.42000000000002,186.5,186.5,186.56,186.64000000000001,186.70000000000002,186.78,186.84,186.92000000000002,186.98,187.06,186.36,186.44,186.5,186.58,186.64000000000001,186.72,186.78,186.84,186.92000000000002,186.98,186.98,186.36,186.42000000000002,186.5,186.56,186.64000000000001,186.70000000000002,186.78,186.84,186.84,186.92000000000002,186.98,186.36,186.44,186.5,186.58,186.64000000000001,186.72,186.72,186.78,186.86,186.92000000000002,187.0,186.38,186.44,186.52,186.58,186.66,186.66,186.72,186.78,186.86,186.92000000000002,187.0,186.38,186.44,186.52,186.52,186.58,186.66,186.72,186.8,186.86,186.94,187.0,186.38,186.38,186.44,186.52,186.58,186.66,186.72,186.8,186.86,186.94,187.0,186.32,186.38,186.46,186.52,186.6,186.66,186.74,186.8,186.88,186.88,186.94
2021-09-04 02:00:00,122.04,122.10000000000001,122.18,122.24000000000001,122.3,122.36,122.44,122.5,122.5,122.56,122.62,122.12,122.2,122.26,122.32000000000001,122.38,122.44,122.44,122.52,122.58,122.64,122.7,122.2,122.26,122.32000000000001,122.4,122.4,122.46000000000001,122.52,122.58,122.66,122.72,122.78,122.28,122.34,122.42,122.42,122.48,122.54,122.60000000000001,122.68,122.74000000000001,122.8,122.86,122.36,122.36,122.44,122.5,122.56,122.62,122.68,122.76,122.82000000000001,122.88,122.96000000000001,122.38,122.44,122.52,122.58,122.64,122.7,122.78,122.84,122.9,122.9,122.96000000000001,122.46000000000001,122.52,122.60000000000001,122.66,122.72,122.78,122.86,122.86,122.92,122.98,123.04,122.54,122.62,122.68,122.74000000000001,122.8,122.8,122.86,122.94,123.0,123.06,123.14,122.62,122.7,122.76,122.82000000000001,122.82000000000001,122.88,122.96000000000001,123.02,123.08,123.14,123.22,122.72,122.78,122.78,122.84,122.9,122.96000000000001,123.04,123.10000000000001,123.16,123.24000000000001,123.3,122.72,122.78,122.84,122.92,122.98,123.04,123.10000000000001,123.18,123.24000000000001,123.3,123.3
2021-12-24 05:00:00,207.0,207.06,207.1,207.16,207.20000000000002,207.24,207.3,207.3,207.34,207.38,207.44,207.0,207.06,207.1,207.14000000000001,207.20000000000002,207.20000000000002,207.24,207.28,207.34,207.38,207.42000000000002,207.0,207.04,207.1,207.1,207.14000000000001,207.18,207.24,207.28,207.32,207.38,207.42000000000002,207.0,207.0,207.04,207.08,207.14000000000001,207.18,207.22,207.26,207.32,207.36,207.4,206.94,206.98000000000002,207.04,207.08,207.12,207.18,207.22,207.26,207.3,207.3,207.36,206.94,206.98000000000002,207.02,207.08,207.12,207.16,207.22,207.26,207.26,207.3,207.34,206.92000000000002,206.98000000000002,207.02,207.06,207.12,207.16,207.16,207.20000000000002,207.24,207.3,207.34,206.92000000000002,206.96,207.0,207.06,207.06,207.1,207.14000000000001,207.20000000000002,207.24,207.28,207.32,206.9,206.96,206.96,207.0,207.04,207.1,207.14000000000001,207.18,207.22,207.28,207.32,206.86,206.9,206.94,207.0,207.04,207.08,207.14000000000001,207.18,207.22,207.26,207.26,206.84,206.9,206.94,206.98000000000002,207.04,207.08,207.12,207.18,207.22,207.22,207.26
2021-02-03 03:00:00,163.84,163.9,163.96,164.04,164.04,164.1,164.16,164.22,164.28,164.36,164.42000000000002,163.86,163.92000000000002,164.0,164.0,164.06,164.12,164.18,164.24,164.32,164.38,164.44,163.9,163.9,163.96,164.02,164.08,164.14000000000001,164.22,164.28,164.34,164.4,164.46,163.86,163.92000000000002,163.98,164.04,164.1,164.18,164.24,164.3,164.36,164.36,164.42000000000002,163.86,163.94,164.0,164.06,164.12,164.18,164.26,164.26,164.32,164.38,164.44,163.9,163.96,164.02,164.08,164.14000000000001,164.14000000000001,164.22,164.28,164.34,164.4,164.46,163.92000000000002,163.98,164.04,164.1,164.1,164.18,164.24,164.3,164.36,164.44,164.5,163.94,164.0,164.0,164.08,164.14000000000001,164.20000000000002,164.26,164.32,164.4,164.46,164.52,163.9,163.96,164.02,164.1,164.16,164.22,164.28,164.34,164.42000000000002,164.48,164.48,163.92000000000002,163.98,164.06,164.12,164.18,164.24,164.3,164.38,164.38,164.44,164.5,163.96,164.02,164.08,164.14000000000001,164.20000000000002,164.26,164.26,164.34,164.4,164.46,164.52
2021-03-12 02:00:00,133.52,133.56,133.62,133.68,133.74,133.8,133.86,133.86,133.92000000000002,133.98,134.04,133.56,133.62,133.68,133.74,133.8,133.8,133.86,133.92000000000002,133.98,134.04,134.1,133.62,133.68,133.72,133.72,133.78,133.84,133.9,133.96,134.02,134.08,134.14000000000001,133.66,133.72,133.72,133.78,133.84,133.9,133.96,134.02,134.08,134.14000000000001,134.2,133.66,133.72,133.78,133.84,133.9,133.96,134.02,134.08,134.12,134.18,134.18,133.72,133.78,133.82,133.88,133.94,134.0,134.06,134.12,134.12,134.18,134.24,133.76,133.82,133.88,133.94,134.0,134.06,134.06,134.1,134.16,134.22,134.28,133.8,133.86,133.92000000000002,133.98,133.98,134.04,134.1,134.16,134.22,134.28,134.34,133.86,133.92000000000002,133.98,133.98,134.04,134.1,134.16,134.22,134.28,134.34,134.4,133.92000000000002,133.92000000000002,133.98,134.04,134.1,134.16,134.2,134.26,134.32,134.38,134.44,133.9,133.96,134.02,134.08,134.14000000000001,134.2,134.26,134.32,134.38,134.38,134.44
2021-06-22 07:00:00,281.96,281.96,281.98,281.98,282.02,282.02,282.04,282.04,282.04,282.06,282.06,281.92,281.92,281.92,281.98,281.98,281.98,282.0,282.0,282.02,282.02,282.02,281.88,281.88,281.92,281.94,281.94,281.96,281.96,281.96,281.98,281.98,281.98,281.84000000000003,281.88,281.90000000000003,281.90000000000003,281.90000000000003,281.92,281.92,281.92,281.94,281.94,281.94,281.84000000000003,281.84000000000003,281.86,281.86,281.88,281.88,281.88,281.88,281.90000000000003,281.90000000000003,281.92,281.8,281.82,281.82,281.82,281.82,281.84000000000003,281.84000000000003,281.86,281.86,281.88,281.88,281.76,281.78000000000003,281.78000000000003,281.78000000000003,281.8,281.8,281.82,281.82,281.82,281.84000000000003,281.84000000000003,281.72,281.74,281.74,281.74,281.76,281.76,281.78000000000003,281.78000000000003,281.8,281.8,281.8,281.68,281.7,281.7,281.72,281.72,281.74,281.74,281.74,281.74,281.76,281.76,281.66,281.66,281.68,281.68,281.68,281.7,281.7,281.7,281.72,281.72,281.72,281.62,281.62,281.64,281.64,281.66,281.66,281.66,281.66,281.68,281.68,281.7
2021-03-14 04:00:00,192.36,192.46,192.56,192.66,192.76,192.86,192.96,193.08,193.18,193.18,193.28,192.36,192.46,192.56,192.66,192.76,192.86,192.96,192.96,193.06,193.16,193.28,192.36,192.46,192.56,192.66,192.76,192.76,192.86,192.96,193.06,193.16,193.26,192.36,192.46,192.56,192.66,192.66,192.76,192.86,192.96,193.06,193.16,193.26,192.36,192.46,192.46,192.56,192.66,192.76,192.86,192.96,193.06,193.16,193.26,192.26,192.36,192.46,192.56,192.66,192.76,192.86,192.96,193.06,193.16,193.16,192.24,192.34,192.44,192.54,192.64000000000001,192.74,192.84,192.94,192.94,193.04,193.14000000000001,192.24,192.34,192.44,192.54,192.64000000000001,192.74,192.74,192.84,192.94,193.04,193.14000000000001,192.24,192.34,192.44,192.54,192.64000000000001,192.64000000000001,192.74,192.84,192.94,193.04,193.14000000000001,192.24,192.34,192.44,192.44,192.54,192.64000000000001,192.74,192.84,192.94,193.04,193.14000000000001,192.24,192.24,192.34,192.44,192.54,192.64000000000001,192.74,192.84,192.94,193.04,193.14000000000001
2021-08-18 04:00:00,215.06,215.32,215.5,215.68,215.86,216.04,216.22,216.4,216.58,216.58,216.76,215.06,215.24,215.42000000000002,215.6,215.78,215.96,216.14000000000001,216.14000000000001,216.32,216.48000000000002,216.66,214.94,215.12,215.3,215.48000000000002,215.66,215.66,215.84,216.02,216.20000000000002,216.38,216.54,214.86,215.04,215.22,215.4,215.4,215.58,215.76,215.94,216.1,216.28,216.46,214.78,214.96,214.96,215.14000000000001,215.32,215.5,215.66,215.84,216.02,216.20000000000002,216.38,214.5,214.68,214.86,215.04,215.22,215.4,215.58,215.76,215.94,216.12,216.12,214.4,214.6,214.78,214.96,215.12,215.3,215.48000000000002,215.66,215.66,215.84,216.02,214.32,214.5,214.68,214.86,215.04,215.22,215.22,215.4,215.58,215.76,215.92000000000002,214.24,214.42000000000002,214.6,214.78,214.96,214.96,215.14000000000001,215.32,215.5,215.66,215.84,214.16,214.34,214.52,214.52,214.70000000000002,214.88,215.06,215.24,215.42000000000002,215.58,215.76,214.06,214.06,214.24,214.42000000000002,214.6,214.78,214.94,215.12,215.3,215.48000000000002,215.66
2021-08-20 01:00:00,98.66,98.7,98.72,98.74000000000001,98.78,98.8,98.82000000000001,98.86,98.88,98.88,98.9,98.72,98.74000000000001,98.78,98.8,98.82000000000001,98.86,98.88,98.88,98.9,98.94,98.96000000000001,98.78,98.8,98.84,98.86,98.88,98.88,98.92,98.94,98.96000000000001,99.0,99.02,98.84,98.86,98.88,98.88,98.92,98.94,98.96000000000001,99.0,99.02,99.06,99.08,98.9,98.92,98.92,98.94,98.98,99.0,99.02,99.06,99.08,99.10000000000001,99.14,98.92,98.94,98.98,99.0,99.04,99.06,99.08,99.12,99.14,99.16,99.16,98.98,99.0,99.04,99.06,99.08,99.12,99.14,99.18,99.18,99.2,99.22,99.04,99.06,99.10000000000001,99.12,99.14,99.18,99.18,99.2,99.22,99.26,99.28,99.10000000000001,99.12,99.14,99.18,99.18,99.2,99.24000000000001,99.26,99.28,99.32000000000001,99.34,99.16,99.18,99.2,99.2,99.24000000000001,99.26,99.28,99.32000000000001,99.34,99.38,99.4,99.22,99.22,99.24000000000001,99.26,99.3,99.32000000000001,99.34,99.38,99.4,99.44,99.46000000000001
2021-04-06 03:00:00,152.82,152.96,153.1,153.24,153.36,153.5,153.64000000000001,153.78,153.78,153.92000000000002,154.04,152.92000000000002,153.04,153.18,153.32,153.46,153.58,153.58,153.72,153.86,154.0,154.14000000000001,152.98,153.12,153.24,153.38,153.38,153.52,153.64000000000001,153.78,153.92000000000002,154.06,154.20000000000002,153.06,153.20000000000002,153.32,153.32,153.46,153.6,153.74,153.86,154.0,154.14000000000001,154.28,153.14000000000001,153.14000000000001,153.28,153.42000000000002,153.54,153.68,153.82,153.94,154.08,154.22,154.36,153.1,153.22,153.36,153.5,153.62,153.76,153.9,154.04,154.16,154.16,154.3,153.16,153.3,153.44,153.56,153.70000000000002,153.84,153.96,153.96,154.1,154.24,154.38,153.24,153.38,153.52,153.64000000000001,153.78,153.78,153.92000000000002,154.06,154.18,154.32,154.46,153.32,153.46,153.6,153.72,153.72,153.86,154.0,154.14000000000001,154.26,154.4,154.54,153.42000000000002,153.54,153.54,153.68,153.82,153.94,154.08,154.22,154.34,154.48,154.62,153.34,153.48,153.6,153.74,153.88,154.0,154.14000000000001,154.28,154.42000000000002,154.54,154.54
2021-02-24 06:00:00,230.18,230.22,230.26,230.32,230.36,230.4,230.44,230.5,230.54,230.58,230.58,230.16,230.20000000000002,230.26,230.3,230.34,230.38,230.42000000000002,230.46,230.46,230.5,230.54,230.12,230.20000000000002,230.24,230.28,230.32,230.36,230.4,230.4,230.44,230.48000000000002,230.52,230.12,230.16,230.22,230.26,230.3,230.3,230.34,230.38,230.42000000000002,230.46,230.5,230.1,230.14000000000001,230.18,230.18,230.22,230.28,230.32,230.36,230.4,230.44,230.48000000000002,230.08,230.08,230.12,230.16,230.20000000000002,230.24,230.28,230.32,230.36,230.4,230.44,230.02,230.06,230.1,230.14000000000001,230.18,230.22,230.26,230.3,230.34,230.34,230.38,230.0,230.04,230.08,230.12,230.16,230.20000000000002,230.24,230.28,230.28,230.32,230.36,229.96,230.02,230.06,230.1,230.14000000000001,230.18,230.18,230.22,230.26,230.3,230.34,229.94,229.98000000000002,230.02,230.06,230.06,230.1,230.14000000000001,230.18,230.24,230.28,230.32,229.92000000000002,229.96,229.96,230.0,230.04,230.08,230.12,230.16,230.20000000000002,230.24,230.3
2021-05-05 00:00:00,87.54,87.56,87.58,87.60000000000001,87.60000000000001,87.62,87.64,87.66,87.66,87.68,87.7,87.58,87.60000000000001,87.62,87.64,87.64,87.66,87.66,87.68,87.7,87.72,87.74,87.62,87.64,87.66,87.66,87.66,87.68,87.7,87.72,87.74,87.76,87.78,87.66,87.68,87.68,87.7,87.7,87.72,87.74,87.76,87.78,87.8,87.8,87.7,87.7,87.72,87.72,87.74,87.76,87.78,87.8,87.82000000000001,87.84,87.84,87.72,87.74,87.76,87.76,87.78,87.8,87.82000000000001,87.84,87.86,87.86,87.88,87.76,87.78,87.8,87.8,87.82000000000001,87.84,87.86,87.86,87.88,87.9,87.92,87.8,87.82000000000001,87.84,87.84,87.86,87.86,87.88,87.9,87.92,87.94,87.94,87.84,87.86,87.88,87.88,87.88,87.9,87.92,87.94,87.96000000000001,87.98,87.98,87.88,87.9,87.9,87.9,87.92,87.94,87.96000000000001,87.98,88.0,88.02,88.02,87.9,87.92,87.94,87.94,87.96000000000001,87.98,88.0,88.02,88.04,88.06,88.06
2021-05-21 01:00:00,86.60000000000001,86.60000000000001,86.62,86.64,86.66,86.66,86.68,86.7,86.72,86.72,86.74,86.66,86.68,86.68,86.7,86.72,86.74,86.74,86.74,86.76,86.78,86.8,86.72,86.74,86.76,86.76,86.78,86.78,86.8,86.82000000000001,86.82000000000001,86.84,86.86,86.78,86.8,86.82000000000001,86.82000000000001,86.84,86.84,86.86,86.88,86.9,86.9,86.92,86.84,86.86,86.86,86.88,86.9,86.92,86.92,86.94,86.96000000000001,86.98,86.98,86.9,86.92,86.92,86.94,86.96000000000001,86.98,87.0,87.0,87.02,87.04,87.04,86.96000000000001,86.98,87.0,87.0,87.02,87.04,87.06,87.08,87.08,87.08,87.10000000000001,87.02,87.04,87.06,87.08,87.08,87.10000000000001,87.10000000000001,87.12,87.14,87.16,87.16,87.08,87.10000000000001,87.12,87.14,87.14,87.16,87.16,87.18,87.2,87.22,87.24,87.16,87.16,87.18,87.18,87.2,87.22,87.24,87.24,87.26,87.28,87.3,87.22,87.22,87.24,87.24,87.26,87.28,87.3,87.32000000000001,87.34,87.34,87.36
2021-06-02 00:00:00,79.7,79.72,79.72,79.74,79.74,79.76,79.78,79.78,79.78,79.8,79.8,79.74,79.76,79.76,79.78,79.78,79.8,79.8,79.82000000000001,79.82000000000001,79.84,79.84,79.78,79.8,79.8,79.82000000000001,79.82000000000001,79.82000000000001,79.84,79.86,79.86,79.88,79.88,79.82000000000001,79.84,79.84,79.84,79.86,79.86,79.88,79.88,79.9,79.92,79.92,79.86,79.86,79.88,79.88,79.9,79.9,79.92,79.92,79.94,79.96000000000001,79.96000000000001,79.88,79.9,79.9,79.92,79.94,79.94,79.96000000000001,79.96000000000001,79.98,79.98,80.0,79.92,79.94,79.94,79.96000000000001,79.98,79.98,80.0,80.0,80.0,80.02,80.04,79.96000000000001,79.98,79.98,80.0,80.02,80.02,80.02,80.04,80.04,80.06,80.08,80.0,80.02,80.02,80.02,80.04,80.06,80.06,80.08,80.08,80.10000000000001,80.12,80.04,80.06,80.06,80.06,80.08,80.10000000000001,80.10000000000001,80.12,80.12,80.14,80.16,80.08,80.08,80.10000000000001,80.10000000000001,80.12,80.14,80.14,80.16,80.16,80.18,80.18
2021-11-12 05:00:00,214.94,215.0,215.04,215.1,215.14000000000001,215.18,215.24,215.24,215.28,215.32,215.38,214.94,214.98000000000002,215.04,215.08,215.12,215.18,215.18,215.22,215.26,215.32,215.36,214.92000000000002,214.98000000000002,215.02,215.06,215.06,215.12,215.16,215.20000000000002,215.26,215.3,215.34,214.92000000000002,214.96,214.96,215.0,215.06,215.1,215.14000000000001,215.20000000000002,215.24,215.28,215.34,214.86,214.9,214.94,215.0,215.04,215.08,215.14000000000001,215.18,215.22,215.28,215.28,214.84,214.88,214.94,214.98000000000002,215.02,215.08,215.12,215.16,215.16,215.22,215.26,214.82,214.88,214.92000000000002,214.96,215.02,215.06,215.1,215.1,215.16,215.20000000000002,215.24,214.82,214.86,214.9,214.96,215.0,215.0,215.04,215.1,215.14000000000001,215.18,215.24,214.8,214.84,214.88,214.88,214.94,214.98000000000002,215.02,215.08,215.12,215.16,215.22,214.78,214.78,214.82,214.88,214.92000000000002,214.96,215.02,215.06,215.1,215.16,215.20000000000002,214.72,214.76,214.82,214.86,214.9,214.96,215.0,215.06,215.1,215.1,215.14000000000001
2021-02-20 03:00:00,161.22,161.28,161.36,161.44,161.5,161.58,161.58,161.66,161.72,161.8,161.88,161.24,161.32,161.38,161.46,161.46,161.54,161.6,161.68,161.76,161.82,161.9,161.28,161.34,161.42000000000002,161.42000000000002,161.5,161.56,161.64000000000001,161.72,161.78,161.86,161.94,161.3,161.3,161.38,161.44,161.52,161.6,161.66,161.74,161.82,161.9,161.96,161.26,161.34,161.4,161.48,161.56,161.62,161.70000000000002,161.78,161.84,161.84,161.92000000000002,161.28,161.36,161.42000000000002,161.5,161.58,161.66,161.72,161.72,161.8,161.88,161.94,161.32,161.38,161.46,161.54,161.6,161.6,161.68,161.76,161.82,161.9,161.98,161.34,161.42000000000002,161.5,161.56,161.56,161.64000000000001,161.72,161.78,161.86,161.94,162.0,161.38,161.46,161.46,161.52,161.6,161.68,161.74,161.82,161.9,161.96,162.04,161.34,161.4,161.48,161.56,161.62,161.70000000000002,161.78,161.84,161.92000000000002,162.0,162.0,161.36,161.44,161.52,161.58,161.66,161.74,161.8,161.88,161.88,161.96,162.02
2021-04-30 02:00:00,106.38,106.32000000000001,106.38,106.42,106.48,106.52,106.58,106.62,106.68,106.72,106.72,106.38,106.44,106.48,106.54,106.58,106.64,106.68,106.74000000000001,106.74000000000001,106.78,106.84,106.5,106.54,106.60000000000001,106.64,106.7,106.74000000000001,106.74000000000001,106.8,106.84,106.9,106.94,106.60000000000001,106.64,106.7,106.74000000000001,106.74000000000001,106.8,106.84,106.9,106.94,107.0,107.04,106.7,106.76,106.8,106.8,106.86,106.9,106.96000000000001,107.0,107.06,107.10000000000001,107.16,106.82000000000001,106.82000000000001,106.86,106.92,106.96000000000001,107.02,107.06,107.12,107.16,107.22,107.26,106.86,106.92,106.96000000000001,107.02,107.06,107.12,107.18,107.22,107.28,107.28,107.32000000000001,106.98,107.02,107.08,107.12,107.18,107.22,107.28,107.28,107.32000000000001,107.38,107.44,107.08,107.14,107.18,107.24000000000001,107.28,107.28,107.34,107.38,107.44,107.48,107.54,107.18,107.24000000000001,107.28,107.34,107.34,107.4,107.44,107.5,107.54,107.60000000000001,107.66,107.3,107.34,107.34,107.4,107.44,107.5,107.56,107.60000000000001,107.66,107.7,107.76
2021-05-11 00:00:00,85.46000000000001,85.48,85.5,85.52,85.54,85.54,85.56,85.58,85.58,85.60000000000001,85.60000000000001,85.5,85.52,85.54,85.56,85.58,85.58,85.58,85.60000000000001,85.62,85.64,85.64,85.54,85.56,85.58,85.60000000000001,85.60000000000001,85.60000000000001,85.62,85.64,85.66,85.68,85.68,85.58,85.60000000000001,85.60000000000001,85.62,85.64,85.64,85.66,85.68,85.7,85.7,85.72,85.62,85.62,85.64,85.66,85.68,85.68,85.7,85.72,85.74,85.74,85.76,85.66,85.66,85.68,85.7,85.72,85.72,85.74,85.76,85.78,85.78,85.78,85.68,85.7,85.72,85.74,85.76,85.76,85.78,85.78,85.8,85.82000000000001,85.84,85.72,85.74,85.76,85.78,85.8,85.8,85.8,85.82000000000001,85.84,85.86,85.86,85.76,85.78,85.8,85.8,85.82000000000001,85.84,85.84,85.86,85.88,85.9,85.9,85.8,85.82000000000001,85.82000000000001,85.84,85.86,85.88,85.88,85.9,85.92,85.94,85.96000000000001,85.84,85.84,85.86,85.88,85.9,85.92,85.92,85.94,85.96000000000001,85.98,85.98
2021-05-13 04:00:00,245.48000000000002,245.48000000000002,245.8,245.92000000000002,246.04,246.16,246.26000000000002,246.38,246.5,246.6,246.72,245.14000000000001,245.48000000000002,245.58,245.70000000000002,245.82,245.94,246.06,246.16,246.28,246.28,246.38,245.14000000000001,245.26,245.38,245.48000000000002,245.6,245.72,245.84,245.84,245.96,246.06,246.18,244.9,245.02,245.14000000000001,245.26,245.38,245.38,245.48000000000002,245.6,245.72,245.84,245.94,244.68,244.8,244.92000000000002,245.04,245.04,245.16,245.28,245.4,245.5,245.62,245.74,244.46,244.58,244.58,244.70000000000002,244.82,244.94,245.06,245.18,245.3,245.42000000000002,245.52,244.12,244.26,244.38,244.5,244.62,244.74,244.86,244.98000000000002,245.08,245.20000000000002,245.20000000000002,243.9,244.02,244.16,244.28,244.4,244.52,244.64000000000001,244.76,244.76,244.88,244.98000000000002,243.70000000000002,243.82,243.94,244.06,244.18,244.3,244.3,244.42000000000002,244.54,244.66,244.78,243.48000000000002,243.6,243.74,243.86,243.98000000000002,243.98000000000002,244.1,244.22,244.34,244.46,244.58,243.28,243.4,243.52,243.52,243.64000000000001,243.76,243.9,244.02,244.14000000000001,244.26,244.38
2021-08-31 00:00:00,96.56,96.58,96.62,96.64,96.66,96.68,96.7,96.7,96.72,96.74000000000001,96.76,96.60000000000001,96.62,96.64,96.66,96.7,96.7,96.72,96.74000000000001,96.76,96.78,96.8,96.64,96.66,96.68,96.68,96.7,96.72,96.74000000000001,96.78,96.8,96.82000000000001,96.84,96.68,96.68,96.7,96.72,96.74000000000001,96.76,96.78,96.8,96.82000000000001,96.84,96.88,96.68,96.7,96.74000000000001,96.76,96.78,96.8,96.82000000000001,96.84,96.86,96.88,96.88,96.72,96.74000000000001,96.76,96.78,96.82000000000001,96.84,96.86,96.88,96.88,96.9,96.92,96.76,96.78,96.8,96.82000000000001,96.84,96.86,96.86,96.9,96.92,96.94,96.96000000000001,96.8,96.82000000000001,96.84,96.86,96.86,96.88,96.9,96.92,96.94,96.98,97.0,96.84,96.86,96.86,96.88,96.9,96.92,96.94,96.96000000000001,96.98,97.0,97.04,96.86,96.86,96.88,96.92,96.94,96.96000000000001,96.98,97.0,97.02,97.04,97.06,96.88,96.9,96.92,96.94,96.96000000000001,97.0,97.02,97.04,97.06,97.06,97.08
2021-04-21 04:00:00,217.06,217.3,217.46,217.62,217.76,217.92000000000002,218.08,218.24,218.38,218.38,218.54,217.06,217.22,217.38,217.54,217.68,217.84,218.0,218.0,218.14000000000001,218.3,218.46,216.96,217.12,217.28,217.42000000000002,217.58,217.58,217.74,217.9,218.04,218.20000000000002,218.34,216.88,217.04,217.20000000000002,217.34,217.34,217.5,217.66,217.8,217.96,218.12,218.26,216.8,216.96,216.96,217.12,217.26,217.42000000000002,217.58,217.72,217.88,218.04,218.18,216.56,216.72,216.88,217.04,217.18,217.34,217.5,217.66,217.8,217.96,217.96,216.48000000000002,216.64000000000001,216.78,216.94,217.1,217.26,217.4,217.56,217.56,217.72,217.86,216.4,216.56,216.72,216.86,217.02,217.18,217.18,217.32,217.48000000000002,217.64000000000001,217.78,216.32,216.48000000000002,216.64000000000001,216.78,216.94,216.94,217.1,217.24,217.4,217.56,217.70000000000002,216.24,216.4,216.56,216.56,216.72,216.86,217.02,217.18,217.32,217.48000000000002,217.62,216.14000000000001,216.14000000000001,216.3,216.46,216.62,216.76,216.92000000000002,217.08,217.22,217.38,217.52
2021-01-28 04:00:00,186.34,186.4,186.46,186.52,186.58,186.58,186.66,186.72,186.78,186.84,186.9,186.34,186.4,186.46,186.52,186.52,186.6,186.66,186.72,186.78,186.86,186.92000000000002,186.34,186.4,186.4,186.48,186.54,186.6,186.66,186.72,186.8,186.86,186.92000000000002,186.28,186.36,186.42000000000002,186.48,186.54,186.6,186.68,186.74,186.8,186.86,186.86,186.28,186.34,186.42000000000002,186.48,186.54,186.6,186.66,186.74,186.74,186.8,186.86,186.28,186.36,186.42000000000002,186.48,186.54,186.6,186.6,186.68,186.74,186.8,186.86,186.3,186.36,186.42000000000002,186.48,186.56,186.56,186.62,186.68,186.74,186.8,186.88,186.3,186.36,186.44,186.44,186.5,186.56,186.62,186.68,186.76,186.82,186.88,186.3,186.3,186.36,186.44,186.5,186.56,186.62,186.68,186.76,186.82,186.88,186.24,186.32,186.38,186.44,186.5,186.56,186.64000000000001,186.70000000000002,186.76,186.76,186.82,186.26,186.32,186.38,186.44,186.5,186.58,186.64000000000001,186.64000000000001,186.70000000000002,186.76,186.82
2021-07-19 03:00:00,98.68,98.46000000000001,98.52,98.60000000000001,98.66,98.72,98.8,98.86,98.94,99.0,99.0,98.68,98.74000000000001,98.82000000000001,98.88,98.96000000000001,99.02,99.10000000000001,99.16,99.16,99.24000000000001,99.3,98.96000000000001,99.04,99.10000000000001,99.18,99.24000000000001,99.32000000000001,99.32000000000001,99.38,99.46000000000001,99.54,99.60000000000001,99.24000000000001,99.32000000000001,99.38,99.46000000000001,99.46000000000001,99.52,99.60000000000001,99.68,99.74000000000001,99.82000000000001,99.9,99.52,99.60000000000001,99.68,99.68,99.74000000000001,99.82000000000001,99.9,99.96000000000001,100.04,100.12,100.2,99.82000000000001,99.82000000000001,99.88,99.96000000000001,100.04,100.12,100.18,100.26,100.34,100.42,100.5,100.02,100.10000000000001,100.18,100.26,100.32000000000001,100.4,100.48,100.56,100.64,100.64,100.72,100.32000000000001,100.38,100.46000000000001,100.54,100.62,100.7,100.78,100.78,100.86,100.94,101.02,100.60000000000001,100.68,100.76,100.82000000000001,100.9,100.9,100.98,101.06,101.14,101.24000000000001,101.32000000000001,100.88,100.96000000000001,101.04,101.12,101.12,101.2,101.28,101.36,101.44,101.52,101.62,101.16,101.24000000000001,101.24000000000001,101.32000000000001,101.4,101.5,101.58,101.66,101.74000000000001,101.82000000000001,101.92
2021-05-18 23:00:00,78.86,78.86,78.88,78.9,78.9,78.92,78.94,78.94,78.94,78.96000000000001,78.98,78.88,78.9,78.9,78.92,78.94,78.94,78.94,78.96000000000001,78.98,78.98,79.0,78.9,78.92,78.94,78.94,78.94,78.96000000000001,78.98,78.98,79.0,79.02,79.02,78.92,78.92,78.94,78.96000000000001,78.96000000000001,78.98,79.0,79.0,79.02,79.04,79.04,78.94,78.96000000000001,78.96000000000001,78.98,79.0,79.0,79.02,79.04,79.04,79.06,79.06,78.96000000000001,78.98,79.0,79.0,79.02,79.04,79.04,79.06,79.06,79.08,79.08,78.98,79.0,79.02,79.02,79.04,79.06,79.06,79.06,79.08,79.10000000000001,79.12,79.02,79.02,79.04,79.06,79.06,79.06,79.08,79.10000000000001,79.10000000000001,79.12,79.14,79.04,79.06,79.06,79.06,79.08,79.10000000000001,79.10000000000001,79.12,79.14,79.14,79.16,79.06,79.06,79.08,79.08,79.10000000000001,79.12,79.12,79.14,79.16,79.18,79.18,79.08,79.08,79.10000000000001,79.12,79.12,79.14,79.16,79.16,79.18,79.18,79.2
2021-05-20 07:00:00,277.84000000000003,277.86,277.86,277.88,277.88,277.92,277.92,277.94,277.94,277.96,277.98,277.8,277.82,277.82,277.82,277.88,277.88,277.90000000000003,277.90000000000003,277.92,277.92,277.94,277.76,277.78000000000003,277.78000000000003,277.82,277.84000000000003,277.86,277.86,277.88,277.88,277.90000000000003,277.90000000000003,277.72,277.74,277.78000000000003,277.8,277.8,277.82,277.82,277.84000000000003,277.84000000000003,277.86,277.86,277.7,277.74,277.76,277.76,277.78000000000003,277.78000000000003,277.8,277.8,277.8,277.82,277.82,277.7,277.7,277.72,277.72,277.74,277.74,277.76,277.76,277.78000000000003,277.78000000000003,277.8,277.66,277.68,277.68,277.68,277.7,277.7,277.72,277.74,277.74,277.76,277.76,277.62,277.62,277.64,277.66,277.66,277.68,277.68,277.7,277.7,277.72,277.74,277.58,277.6,277.6,277.62,277.62,277.64,277.66,277.66,277.68,277.68,277.68,277.56,277.56,277.58,277.58,277.6,277.6,277.62,277.64,277.64,277.64,277.66,277.52,277.52,277.54,277.56,277.56,277.58,277.58,277.58,277.6,277.6,277.62
2021-06-25 01:00:00,80.66,80.68,80.68,80.7,80.7,80.72,80.72,80.74,80.74,80.74,80.74,80.72,80.74,80.74,80.76,80.76,80.78,80.78,80.78,80.8,80.8,80.8,80.78,80.8,80.8,80.82000000000001,80.82000000000001,80.82000000000001,80.84,80.84,80.86,80.86,80.88,80.84,80.86,80.86,80.86,80.88,80.88,80.9,80.9,80.92,80.92,80.94,80.9,80.92,80.92,80.92,80.94,80.94,80.96000000000001,80.96000000000001,80.98,80.98,81.0,80.96000000000001,80.96000000000001,80.98,80.98,81.0,81.0,81.02,81.02,81.04,81.04,81.04,81.02,81.02,81.04,81.04,81.06,81.06,81.08,81.08,81.08,81.10000000000001,81.10000000000001,81.08,81.08,81.10000000000001,81.10000000000001,81.12,81.12,81.12,81.14,81.14,81.16,81.16,81.14,81.14,81.16,81.16,81.16,81.18,81.18,81.2,81.2,81.22,81.22,81.2,81.2,81.22,81.22,81.22,81.24,81.24,81.26,81.26,81.28,81.28,81.26,81.26,81.26,81.28,81.28,81.3,81.3,81.32000000000001,81.32000000000001,81.34,81.36
2021-10-21 05:00:00,220.6,220.64000000000001,220.72,220.78,220.82,220.88,220.92000000000002,220.98000000000002,221.02,221.02,221.08,220.58,220.64000000000001,220.70000000000002,220.74,220.8,220.84,220.9,220.9,220.94,221.0,221.04,220.58,220.62,220.68,220.72,220.78,220.82,220.82,220.88,220.92000000000002,220.98000000000002,221.02,220.56,220.6,220.66,220.70000000000002,220.70000000000002,220.76,220.8,220.86,220.9,220.96,221.0,220.54,220.58,220.58,220.64000000000001,220.68,220.74,220.78,220.84,220.88,220.94,220.98000000000002,220.46,220.5,220.56,220.6,220.66,220.70000000000002,220.76,220.8,220.86,220.9,220.9,220.44,220.48000000000002,220.54,220.58,220.64000000000001,220.68,220.74,220.78,220.78,220.84,220.88,220.42000000000002,220.46,220.52,220.56,220.62,220.66,220.72,220.72,220.76,220.82,220.86,220.4,220.44,220.5,220.54,220.6,220.6,220.64000000000001,220.70000000000002,220.74,220.8,220.84,220.36,220.42000000000002,220.46,220.46,220.52,220.56,220.62,220.68,220.72,220.78,220.82,220.34,220.34,220.4,220.44,220.5,220.54,220.6,220.66,220.70000000000002,220.76,220.8
2021-04-19 03:00:00,147.18,147.34,147.52,147.68,147.86,148.04,148.20000000000002,148.38,148.38,148.54,148.72,147.3,147.48,147.64000000000001,147.82,147.98,148.16,148.16,148.32,148.5,148.68,148.84,147.4,147.58,147.74,147.92000000000002,147.92000000000002,148.08,148.26,148.44,148.6,148.78,148.94,147.54,147.70000000000002,147.88,147.88,148.04,148.22,148.38,148.56,148.72,148.9,149.08,147.66,147.66,147.82,148.0,148.16,148.34,148.5,148.68,148.86,149.02,149.20000000000002,147.62,147.78,147.96,148.12,148.3,148.46,148.64000000000001,148.8,148.98,148.98,149.16,147.72,147.9,148.06,148.24,148.4,148.58,148.74,148.74,148.92000000000002,149.08,149.26,147.86,148.02,148.18,148.36,148.52,148.52,148.70000000000002,148.86,149.04,149.22,149.38,147.98,148.14000000000001,148.32,148.48,148.48,148.66,148.82,149.0,149.16,149.34,149.5,148.1,148.26,148.26,148.44,148.6,148.78,148.94,149.12,149.28,149.46,149.62,148.04,148.20000000000002,148.36,148.54,148.70000000000002,148.88,149.04,149.22,149.38,149.56,149.56
2021-06-08 08:00:00,284.90000000000003,284.90000000000003,284.92,284.92,284.94,284.94,284.94,284.98,284.98,285.0,285.0,284.88,284.88,284.90000000000003,284.90000000000003,284.92,284.92,284.94,284.96,284.96,284.98,285.0,284.86,284.86,284.88,284.88,284.88,284.92,284.92,284.94,284.96,284.96,284.98,284.84000000000003,284.84000000000003,284.84000000000003,284.86,284.88,284.90000000000003,284.92,284.92,284.94,284.94,284.96,284.8,284.82,284.82,284.86,284.86,284.88,284.88,284.90000000000003,284.92,284.92,284.92,284.78000000000003,284.8,284.82,284.84000000000003,284.84000000000003,284.86,284.88,284.88,284.88,284.90000000000003,284.90000000000003,284.76,284.8,284.8,284.82,284.82,284.84000000000003,284.84000000000003,284.86,284.86,284.88,284.88,284.76,284.78000000000003,284.78000000000003,284.8,284.8,284.82,284.82,284.84000000000003,284.84000000000003,284.86,284.86,284.74,284.76,284.76,284.76,284.78000000000003,284.78000000000003,284.8,284.82,284.82,284.84000000000003,284.84000000000003,284.72,284.72,284.74,284.74,284.76,284.78000000000003,284.78000000000003,284.8,284.8,284.82,284.82,284.7,284.7,284.72,284.72,284.74,284.76,284.76,284.78000000000003,284.78000000000003,284.78000000000003,284.8
2021-08-07 07:00:00,272.36,272.36,272.38,272.4,272.4,272.44,272.46,272.48,272.48,272.5,272.52,272.32,272.34000000000003,272.34000000000003,272.34000000000003,272.4,272.42,272.42,272.44,272.46,272.46,272.48,272.28000000000003,272.28000000000003,272.3,272.34000000000003,272.36,272.38,272.4,272.4,272.42,272.44,272.44,272.24,272.26,272.3,272.32,272.32,272.34000000000003,272.36,272.38,272.38,272.38,272.4,272.2,272.26,272.26,272.28000000000003,272.3,272.3,272.32,272.32,272.34000000000003,272.36,272.36,272.2,272.22,272.24,272.24,272.26,272.26,272.28000000000003,272.28000000000003,272.3,272.32,272.34000000000003,272.16,272.18,272.2,272.2,272.22,272.22,272.24,272.26,272.26,272.28000000000003,272.3,272.14,272.14,272.14,272.16,272.18,272.2,272.2,272.22,272.24,272.24,272.26,272.08,272.1,272.12,272.12,272.14,272.16,272.18,272.18,272.2,272.2,272.22,272.04,272.06,272.08,272.1,272.1,272.12,272.14,272.16,272.16,272.16,272.18,272.02,272.02,272.04,272.06,272.08,272.08,272.08,272.1,272.12,272.14,272.14
2021-09-28 04:00:00,202.82,202.94,203.02,203.12,203.20000000000002,203.3,203.4,203.48000000000002,203.58,203.58,203.68,202.82,202.92000000000002,203.0,203.1,203.20000000000002,203.28,203.38,203.38,203.48000000000002,203.56,203.66,202.8,202.9,202.98000000000002,203.08,203.18,203.18,203.26,203.36,203.44,203.54,203.64000000000001,202.78,202.88,202.98000000000002,203.06,203.06,203.16,203.24,203.34,203.44,203.52,203.62,202.78,202.86,202.86,202.96,203.04,203.14000000000001,203.24,203.32,203.42000000000002,203.5,203.6,202.66,202.76,202.84,202.94,203.04,203.12,203.22,203.3,203.4,203.5,203.5,202.64000000000001,202.72,202.82,202.92000000000002,203.0,203.1,203.18,203.28,203.28,203.38,203.46,202.62,202.72,202.8,202.9,202.98000000000002,203.08,203.08,203.18,203.26,203.36,203.44,202.6,202.70000000000002,202.78,202.88,202.98000000000002,202.98000000000002,203.06,203.16,203.24,203.34,203.44,202.6,202.68,202.78,202.78,202.86,202.96,203.04,203.14000000000001,203.24,203.32,203.42000000000002,202.56,202.56,202.66,202.76,202.84,202.94,203.02,203.12,203.20000000000002,203.3,203.4
2021-02-16 06:00:00,227.20000000000002,227.24,227.28,227.34,227.38,227.42000000000002,227.46,227.5,227.54,227.58,227.58,227.18,227.22,227.28,227.32,227.36,227.4,227.44,227.48000000000002,227.48000000000002,227.52,227.56,227.16,227.22,227.26,227.3,227.34,227.38,227.42000000000002,227.42000000000002,227.46,227.5,227.54,227.16,227.20000000000002,227.24,227.28,227.32,227.32,227.36,227.4,227.44,227.48000000000002,227.52,227.14000000000001,227.18,227.22,227.22,227.26,227.3,227.34,227.38,227.42000000000002,227.46,227.5,227.12,227.12,227.16,227.20000000000002,227.24,227.28,227.32,227.36,227.4,227.44,227.48000000000002,227.06,227.1,227.14000000000001,227.18,227.22,227.26,227.3,227.34,227.38,227.38,227.42000000000002,227.04,227.08,227.12,227.16,227.20000000000002,227.24,227.28,227.32,227.32,227.36,227.4,227.02,227.06,227.1,227.14000000000001,227.18,227.22,227.22,227.26,227.3,227.34,227.38,226.98000000000002,227.02,227.06,227.12,227.12,227.16,227.20000000000002,227.24,227.28,227.32,227.36,226.96,227.0,227.0,227.04,227.1,227.14000000000001,227.18,227.22,227.26,227.3,227.34
2021-04-20 05:00:00,247.4,247.46,247.58,247.64000000000001,247.68,247.72,247.78,247.82,247.88,247.92000000000002,247.92000000000002,247.32,247.46,247.5,247.56,247.6,247.66,247.70000000000002,247.76000000000002,247.76000000000002,247.8,247.84,247.32,247.38,247.42000000000002,247.48000000000002,247.52,247.58,247.58,247.62,247.68,247.72,247.76000000000002,247.26000000000002,247.3,247.36,247.4,247.46,247.46,247.5,247.54,247.6,247.64000000000001,247.70000000000002,247.18,247.22,247.28,247.28,247.32,247.38,247.42000000000002,247.48000000000002,247.52,247.58,247.62,247.1,247.1,247.16,247.20000000000002,247.26000000000002,247.3,247.34,247.4,247.44,247.5,247.54,246.98000000000002,247.02,247.08,247.12,247.16,247.22,247.26000000000002,247.32,247.36,247.36,247.42000000000002,246.9,246.94,247.0,247.04,247.1,247.14000000000001,247.20000000000002,247.20000000000002,247.24,247.3,247.34,246.82,246.88,246.92000000000002,246.98000000000002,247.02,247.08,247.08,247.12,247.16,247.22,247.26000000000002,246.74,246.8,246.84,246.9,246.9,246.94,247.0,247.04,247.1,247.14000000000001,247.20000000000002,246.66,246.72,246.72,246.76000000000002,246.82,246.86,246.92000000000002,246.96,247.02,247.06,247.12
2021-09-28 05:00:00,227.94,228.0,228.08,228.14000000000001,228.20000000000002,228.26,228.3,228.36,228.42000000000002,228.48000000000002,228.48000000000002,227.9,228.0,228.06,228.1,228.16,228.22,228.28,228.34,228.34,228.38,228.44,227.9,227.96,228.02,228.06,228.12,228.18,228.18,228.24,228.28,228.34,228.4,227.86,227.92000000000002,227.98000000000002,228.04,228.08,228.08,228.14000000000001,228.20000000000002,228.26,228.3,228.36,227.84,227.88,227.94,227.94,228.0,228.06,228.1,228.16,228.22,228.28,228.32,227.8,227.8,227.86,227.9,227.96,228.02,228.08,228.12,228.18,228.24,228.3,227.70000000000002,227.76,227.82,227.86,227.92000000000002,227.98000000000002,228.04,228.1,228.14000000000001,228.14000000000001,228.20000000000002,227.66,227.72,227.78,227.84,227.9,227.94,228.0,228.0,228.06,228.12,228.16,227.64000000000001,227.70000000000002,227.74,227.8,227.86,227.92000000000002,227.92000000000002,227.96,228.02,228.08,228.14000000000001,227.6,227.66,227.72,227.76,227.76,227.82,227.88,227.94,227.98000000000002,228.04,228.1,227.56,227.62,227.62,227.68,227.72,227.78,227.84,227.9,227.94,228.0,228.06
2021-06-25 04:00:00,280.56,280.56,280.86,280.8,280.74,280.68,280.62,280.56,280.52,280.46,280.40000000000003,280.26,280.56,280.5,280.44,280.38,280.32,280.28000000000003,280.22,280.16,280.16,280.1,280.26,280.2,280.14,280.08,280.02,279.96,279.92,279.92,279.86,279.8,279.76,279.90000000000003,279.84000000000003,279.78000000000003,279.72,279.66,279.66,279.62,279.56,279.52,279.46,279.40000000000003,279.52,279.46,279.42,279.36,279.36,279.3,279.26,279.2,279.16,279.1,279.06,279.14,279.1,279.1,279.04,279.0,278.94,278.90000000000003,278.84000000000003,278.8,278.76,278.7,278.82,278.78000000000003,278.72,278.68,278.64,278.58,278.54,278.5,278.44,278.40000000000003,278.40000000000003,278.46,278.42,278.36,278.32,278.28000000000003,278.22,278.18,278.14,278.14,278.1,278.06,278.08,278.04,278.0,277.96,277.90000000000003,277.86,277.86,277.82,277.78000000000003,277.74,277.7,277.72,277.66,277.62,277.58,277.54,277.54,277.5,277.46,277.42,277.38,277.34000000000003,277.34000000000003,277.3,277.26,277.26,277.22,277.18,277.14,277.1,277.06,277.02,277.0
2021-09-28 03:00:00,167.92000000000002,168.02,168.12,168.24,168.34,168.44,168.54,168.66,168.66,168.76,168.86,167.96,168.06,168.16,168.26,168.38,168.48,168.48,168.58,168.68,168.8,168.9,167.98,168.1,168.20000000000002,168.3,168.3,168.4,168.5,168.62,168.72,168.82,168.92000000000002,168.02,168.12,168.24,168.24,168.34,168.44,168.54,168.64000000000001,168.76,168.86,168.96,168.06,168.06,168.16,168.26,168.38,168.48,168.58,168.68,168.8,168.9,169.0,168.0,168.1,168.20000000000002,168.3,168.42000000000002,168.52,168.62,168.72,168.82,168.82,168.94,168.02,168.12,168.22,168.32,168.44,168.54,168.64000000000001,168.64000000000001,168.74,168.84,168.96,168.06,168.16,168.26,168.36,168.46,168.46,168.58,168.68,168.78,168.88,168.98,168.1,168.20000000000002,168.3,168.4,168.4,168.5,168.6,168.72,168.82,168.92000000000002,169.02,168.12,168.24,168.24,168.34,168.44,168.54,168.64000000000001,168.76,168.86,168.96,169.06,168.06,168.16,168.26,168.36,168.46,168.58,168.68,168.78,168.88,168.98,168.98
2021-04-29 05:00:00,254.48000000000002,254.52,254.52,254.64000000000001,254.68,254.72,254.76000000000002,254.8,254.84,254.88,254.92000000000002,254.36,254.4,254.52,254.56,254.6,254.64000000000001,254.68,254.72,254.76000000000002,254.8,254.8,254.28,254.4,254.44,254.48000000000002,254.52,254.56,254.6,254.64000000000001,254.64000000000001,254.68,254.72,254.28,254.32,254.36,254.4,254.44,254.48000000000002,254.48000000000002,254.5,254.54,254.58,254.62,254.18,254.22,254.26000000000002,254.3,254.34,254.34,254.38,254.42000000000002,254.46,254.5,254.54,254.1,254.14000000000001,254.18,254.18,254.22,254.26000000000002,254.3,254.34,254.38,254.42000000000002,254.46,254.02,254.02,254.06,254.1,254.14000000000001,254.18,254.22,254.26000000000002,254.3,254.34,254.38,253.88,253.92000000000002,253.96,254.0,254.04,254.08,254.12,254.16,254.20000000000002,254.20000000000002,254.24,253.8,253.84,253.88,253.92000000000002,253.96,254.0,254.04,254.04,254.08,254.12,254.16,253.72,253.76000000000002,253.8,253.84,253.88,253.92000000000002,253.92000000000002,253.96,254.0,254.04,254.08,253.64000000000001,253.68,253.72,253.76000000000002,253.76000000000002,253.8,253.84,253.88,253.92000000000002,253.96,254.0
2021-02-25 03:00:00,160.48,160.56,160.64000000000001,160.72,160.8,160.86,160.86,160.94,161.02,161.1,161.18,160.52,160.58,160.66,160.74,160.74,160.82,160.9,160.98,161.06,161.14000000000001,161.20000000000002,160.54,160.62,160.70000000000002,160.70000000000002,160.78,160.86,160.94,161.02,161.08,161.16,161.24,160.58,160.58,160.66,160.74,160.82,160.9,160.96,161.04,161.12,161.20000000000002,161.28,160.54,160.62,160.70000000000002,160.78,160.84,160.92000000000002,161.0,161.08,161.16,161.16,161.24,160.56,160.64000000000001,160.72,160.8,160.88,160.96,161.02,161.02,161.1,161.18,161.26,160.6,160.68,160.76,160.84,160.9,160.9,160.98,161.06,161.14000000000001,161.22,161.3,160.64000000000001,160.72,160.78,160.86,160.86,160.94,161.02,161.1,161.18,161.26,161.32,160.68,160.74,160.74,160.82,160.9,160.98,161.06,161.14000000000001,161.20000000000002,161.28,161.36,160.62,160.70000000000002,160.78,160.86,160.94,161.0,161.08,161.16,161.24,161.32,161.32,160.66,160.74,160.82,160.88,160.96,161.04,161.12,161.20000000000002,161.20000000000002,161.28,161.36
2021-07-02 02:00:00,83.62,83.52,83.54,83.54,83.56,83.56,83.58,83.58,83.58,83.60000000000001,83.60000000000001,83.62,83.64,83.64,83.66,83.66,83.66,83.68,83.68,83.68,83.7,83.7,83.74,83.74,83.74,83.76,83.76,83.78,83.78,83.78,83.8,83.8,83.82000000000001,83.84,83.84,83.86,83.86,83.86,83.88,83.88,83.9,83.9,83.9,83.92,83.94,83.96000000000001,83.96000000000001,83.96000000000001,83.96000000000001,83.98,83.98,84.0,84.0,84.02,84.02,84.04,84.04,84.06,84.06,84.08,84.08,84.10000000000001,84.10000000000001,84.12,84.12,84.14,84.14,84.16,84.16,84.18,84.18,84.2,84.2,84.22,84.22,84.22,84.24,84.26,84.26,84.28,84.28,84.3,84.3,84.32000000000001,84.32000000000001,84.32000000000001,84.34,84.34,84.36,84.36,84.38,84.38,84.4,84.4,84.4,84.42,84.42,84.44,84.44,84.46000000000001,84.48,84.48,84.5,84.5,84.5,84.52,84.52,84.54,84.54,84.56,84.56,84.58,84.58,84.60000000000001,84.60000000000001,84.62,84.62,84.64,84.64,84.66,84.66
2021-04-07 07:00:00,261.18,261.2,261.2,261.24,261.28000000000003,261.3,261.32,261.34000000000003,261.36,261.38,261.4,261.14,261.16,261.18,261.24,261.26,261.28000000000003,261.3,261.32,261.34000000000003,261.36,261.36,261.12,261.14,261.18,261.2,261.22,261.24,261.26,261.28000000000003,261.28000000000003,261.3,261.32,261.08,261.14,261.16,261.18,261.2,261.22,261.24,261.24,261.26,261.28000000000003,261.3,261.08,261.1,261.12,261.14,261.16,261.16,261.18,261.2,261.22,261.26,261.28000000000003,261.06,261.08,261.1,261.1,261.12,261.14,261.16,261.18,261.2,261.22,261.24,261.02,261.02,261.04,261.06,261.08,261.1,261.12,261.16,261.18,261.2,261.22,260.98,261.0,261.02,261.04,261.06,261.08,261.1,261.12,261.14,261.14,261.16,260.94,260.96,260.98,261.02,261.04,261.06,261.08,261.1,261.1,261.12,261.14,260.92,260.94,260.96,260.98,261.0,261.02,261.02,261.04,261.06,261.08,261.12,260.9,260.92,260.94,260.96,260.96,260.98,261.0,261.02,261.04,261.06,261.08
2021-03-12 03:00:00,158.22,158.3,158.4,158.48,158.58,158.68,158.76,158.86,158.86,158.94,159.04,158.26,158.34,158.44,158.54,158.62,158.72,158.72,158.8,158.9,159.0,159.08,158.3,158.38,158.48,158.58,158.58,158.66,158.76,158.84,158.94,159.04,159.12,158.34,158.44,158.52,158.52,158.62,158.72,158.8,158.9,158.98,159.08,159.18,158.38,158.38,158.48,158.58,158.66,158.76,158.84,158.94,159.04,159.12,159.22,158.34,158.44,158.52,158.62,158.72,158.8,158.9,158.98,159.08,159.08,159.18,158.38,158.46,158.56,158.66,158.74,158.84,158.92000000000002,158.92000000000002,159.02,159.12,159.20000000000002,158.42000000000002,158.52,158.6,158.70000000000002,158.78,158.78,158.88,158.98,159.06,159.16,159.24,158.46,158.56,158.66,158.74,158.74,158.84,158.92000000000002,159.02,159.12,159.20000000000002,159.3,158.52,158.6,158.6,158.70000000000002,158.78,158.88,158.98,159.06,159.16,159.24,159.34,158.46,158.56,158.64000000000001,158.74,158.82,158.92000000000002,159.02,159.1,159.20000000000002,159.28,159.28
2021-02-09 06:00:00,225.02,225.06,225.1,225.16,225.20000000000002,225.24,225.28,225.32,225.32,225.36,225.4,225.0,225.06,225.1,225.14000000000001,225.18,225.22,225.26,225.26,225.3,225.34,225.38,225.0,225.04,225.08,225.12,225.16,225.16,225.20000000000002,225.24,225.28,225.32,225.36,224.98000000000002,225.02,225.06,225.06,225.1,225.14000000000001,225.18,225.22,225.26,225.3,225.34,224.96,224.96,225.0,225.04,225.08,225.12,225.16,225.20000000000002,225.24,225.28,225.32,224.9,224.94,224.98000000000002,225.02,225.06,225.1,225.14000000000001,225.18,225.22,225.22,225.26,224.88,224.92000000000002,224.96,225.0,225.04,225.08,225.12,225.16,225.16,225.20000000000002,225.24,224.86,224.9,224.94,224.98000000000002,225.02,225.06,225.06,225.1,225.14000000000001,225.20000000000002,225.24,224.84,224.88,224.92000000000002,224.96,224.96,225.0,225.04,225.08,225.12,225.16,225.20000000000002,224.82,224.86,224.86,224.9,224.94,224.98000000000002,225.02,225.06,225.1,225.16,225.20000000000002,224.76,224.8,224.84,224.88,224.92000000000002,224.98000000000002,225.02,225.06,225.1,225.14000000000001,225.14000000000001
2021-06-23 00:00:00,77.84,77.84,77.86,77.86,77.88,77.88,77.9,77.9,77.9,77.92,77.92,77.88,77.88,77.9,77.9,77.92,77.92,77.92,77.94,77.94,77.96000000000001,77.96000000000001,77.9,77.92,77.94,77.94,77.94,77.96000000000001,77.96000000000001,77.98,77.98,78.0,78.0,77.94,77.96000000000001,77.96000000000001,77.96000000000001,77.98,77.98,78.0,78.0,78.02,78.04,78.04,77.98,77.98,78.0,78.0,78.02,78.02,78.04,78.04,78.06,78.06,78.08,78.02,78.02,78.04,78.04,78.06,78.06,78.08,78.08,78.10000000000001,78.10000000000001,78.10000000000001,78.04,78.06,78.08,78.08,78.10000000000001,78.10000000000001,78.12,78.12,78.12,78.14,78.14,78.08,78.10000000000001,78.10000000000001,78.12,78.12,78.12,78.14,78.16,78.16,78.18,78.18,78.12,78.14,78.14,78.14,78.16,78.16,78.18,78.18,78.2,78.22,78.22,78.16,78.18,78.18,78.18,78.2,78.2,78.22,78.22,78.24,78.24,78.26,78.2,78.2,78.22,78.22,78.24,78.24,78.26,78.26,78.28,78.28,78.28
2021-04-09 02:00:00,120.4,120.46000000000001,120.52,120.60000000000001,120.66,120.72,120.78,120.78,120.84,120.9,120.96000000000001,120.48,120.56,120.62,120.68,120.74000000000001,120.74000000000001,120.8,120.86,120.92,120.98,121.04,120.56,120.62,120.68,120.68,120.74000000000001,120.8,120.88,120.94,121.0,121.06,121.12,120.64,120.7,120.7,120.76,120.84,120.9,120.96000000000001,121.02,121.08,121.14,121.2,120.66,120.72,120.8,120.86,120.92,120.98,121.04,121.10000000000001,121.16,121.22,121.22,120.76,120.82000000000001,120.88,120.94,121.0,121.06,121.12,121.18,121.18,121.24000000000001,121.32000000000001,120.82000000000001,120.9,120.96000000000001,121.02,121.08,121.14,121.14,121.2,121.26,121.32000000000001,121.4,120.92,120.98,121.04,121.10000000000001,121.10000000000001,121.16,121.22,121.28,121.34,121.42,121.48,121.0,121.06,121.12,121.12,121.18,121.24000000000001,121.3,121.36,121.44,121.5,121.56,121.08,121.08,121.14,121.2,121.26,121.32000000000001,121.38,121.46000000000001,121.52,121.58,121.64,121.08,121.16,121.22,121.28,121.34,121.4,121.46000000000001,121.52,121.58,121.58,121.66
2021-08-07 04:00:00,225.34,225.34,225.70000000000002,225.92000000000002,226.12,226.32,226.52,226.72,226.92000000000002,227.12,227.32,224.96,225.34,225.54,225.74,225.96,226.16,226.36,226.56,226.76,226.76,226.96,224.96,225.18,225.38,225.58,225.78,226.0,226.20000000000002,226.20000000000002,226.4,226.6,226.8,224.78,224.98000000000002,225.18,225.4,225.6,225.6,225.8,226.0,226.20000000000002,226.4,226.6,224.62,224.82,225.02,225.24,225.24,225.44,225.64000000000001,225.84,226.04,226.24,226.44,224.46,224.66,224.66,224.88,225.08,225.28,225.48000000000002,225.68,225.88,226.08,226.28,224.1,224.3,224.5,224.72,224.92000000000002,225.12,225.32,225.52,225.72,225.92000000000002,225.92000000000002,223.92000000000002,224.12,224.34,224.54,224.74,224.96,225.16,225.36,225.36,225.56,225.76,223.76,223.98000000000002,224.18,224.38,224.6,224.8,224.8,225.0,225.20000000000002,225.4,225.6,223.62,223.82,224.04,224.24,224.44,224.44,224.64000000000001,224.84,225.04,225.24,225.44,223.46,223.68,223.88,223.88,224.08,224.28,224.5,224.70000000000002,224.9,225.1,225.3
2021-06-20 23:00:00,74.44,74.46000000000001,74.46000000000001,74.48,74.48,74.5,74.5,74.52,74.54,74.54,74.54,74.46000000000001,74.48,74.48,74.5,74.52,74.52,74.54,74.54,74.54,74.56,74.56,74.48,74.5,74.52,74.52,74.54,74.54,74.54,74.56,74.56,74.58,74.60000000000001,74.52,74.52,74.54,74.54,74.54,74.56,74.56,74.58,74.60000000000001,74.60000000000001,74.62,74.54,74.54,74.54,74.56,74.56,74.58,74.60000000000001,74.60000000000001,74.62,74.62,74.64,74.54,74.56,74.56,74.58,74.60000000000001,74.60000000000001,74.62,74.62,74.64,74.66,74.66,74.56,74.58,74.60000000000001,74.60000000000001,74.62,74.62,74.64,74.66,74.66,74.66,74.68,74.60000000000001,74.60000000000001,74.62,74.62,74.64,74.66,74.66,74.66,74.68,74.68,74.7,74.62,74.62,74.64,74.66,74.66,74.66,74.68,74.68,74.7,74.72,74.72,74.64,74.66,74.66,74.66,74.68,74.68,74.7,74.72,74.72,74.74,74.74,74.66,74.66,74.68,74.68,74.7,74.72,74.72,74.74,74.74,74.76,74.78
2021-06-21 02:00:00,82.56,82.44,82.46000000000001,82.46000000000001,82.46000000000001,82.48,82.48,82.48,82.5,82.5,82.5,82.56,82.56,82.56,82.56,82.58,82.58,82.58,82.60000000000001,82.60000000000001,82.60000000000001,82.60000000000001,82.66,82.66,82.68,82.68,82.68,82.7,82.7,82.7,82.7,82.72,82.72,82.76,82.78,82.78,82.78,82.78,82.8,82.8,82.8,82.82000000000001,82.82000000000001,82.82000000000001,82.88,82.88,82.88,82.88,82.9,82.9,82.9,82.92,82.92,82.94,82.94,82.98,82.98,82.98,83.0,83.0,83.02,83.02,83.02,83.04,83.04,83.04,83.08,83.10000000000001,83.10000000000001,83.10000000000001,83.12,83.12,83.12,83.14,83.14,83.14,83.16,83.2,83.2,83.2,83.22,83.22,83.24,83.24,83.24,83.24,83.26,83.26,83.3,83.3,83.32000000000001,83.32000000000001,83.34,83.34,83.34,83.34,83.36,83.36,83.38,83.4,83.42,83.42,83.44,83.44,83.44,83.46000000000001,83.46000000000001,83.46000000000001,83.48,83.48,83.52,83.52,83.52,83.54,83.54,83.56,83.56,83.56,83.58,83.58,83.60000000000001
2021-08-15 01:00:00,96.04,96.06,96.08,96.10000000000001,96.12,96.16,96.18,96.2,96.22,96.22,96.26,96.10000000000001,96.12,96.14,96.16,96.18,96.22,96.24000000000001,96.24000000000001,96.26,96.28,96.32000000000001,96.14,96.18,96.2,96.22,96.24000000000001,96.24000000000001,96.28,96.3,96.32000000000001,96.34,96.38,96.2,96.22,96.26,96.26,96.28,96.3,96.32000000000001,96.36,96.38,96.4,96.42,96.26,96.28,96.28,96.32000000000001,96.34,96.36,96.38,96.42,96.44,96.46000000000001,96.48,96.3,96.32000000000001,96.34,96.38,96.4,96.42,96.44,96.46000000000001,96.5,96.52,96.52,96.36,96.38,96.4,96.42,96.46000000000001,96.48,96.5,96.52,96.52,96.56,96.58,96.42,96.44,96.46000000000001,96.48,96.52,96.54,96.54,96.56,96.58,96.62,96.64,96.46000000000001,96.5,96.52,96.54,96.54,96.56,96.60000000000001,96.62,96.64,96.68,96.7,96.52,96.56,96.58,96.58,96.60000000000001,96.62,96.66,96.68,96.7,96.72,96.76,96.58,96.58,96.62,96.64,96.66,96.68,96.72,96.74000000000001,96.76,96.78,96.82000000000001
2021-04-06 06:00:00,251.74,251.74,251.78,251.84,251.88,251.92000000000002,251.94,251.98000000000002,252.0,252.04,252.06,251.66,251.70000000000002,251.78,251.8,251.84,251.86,251.9,251.94,251.96,251.96,252.0,251.62,251.70000000000002,251.72,251.76000000000002,251.8,251.82,251.86,251.86,251.88,251.92000000000002,251.94,251.62,251.66,251.68,251.72,251.74,251.78,251.78,251.82,251.84,251.88,251.9,251.58,251.62,251.64000000000001,251.68,251.68,251.70000000000002,251.74,251.78,251.8,251.84,251.86,251.54,251.58,251.58,251.6,251.64000000000001,251.66,251.70000000000002,251.72,251.76000000000002,251.8,251.82,251.46,251.5,251.52,251.56,251.58,251.62,251.64000000000001,251.68,251.72,251.74,251.74,251.42000000000002,251.44,251.48000000000002,251.52,251.54,251.58,251.6,251.64000000000001,251.64000000000001,251.66,251.70000000000002,251.38,251.4,251.44,251.46,251.5,251.54,251.56,251.56,251.6,251.62,251.66,251.34,251.36,251.4,251.42000000000002,251.46,251.46,251.5,251.52,251.56,251.58,251.62,251.28,251.32,251.36,251.36,251.38,251.42000000000002,251.44,251.48000000000002,251.5,251.54,251.58
2021-06-05 07:00:00,281.02,281.02,281.04,281.04,281.08,281.08,281.1,281.1,281.1,281.12,281.12,280.98,280.98,280.98,281.04,281.04,281.04,281.06,281.06,281.08,281.08,281.1,280.94,280.94,280.98,281.0,281.0,281.02,281.02,281.04,281.04,281.04,281.06,280.90000000000003,280.94,280.96,280.96,280.98,280.98,280.98,280.98,281.0,281.0,281.02,280.90000000000003,280.92,280.92,280.92,280.94,280.94,280.94,280.96,280.96,280.98,280.98,280.86,280.88,280.88,280.90000000000003,280.90000000000003,280.90000000000003,280.92,280.92,280.94,280.94,280.94,280.84000000000003,280.84000000000003,280.84000000000003,280.86,280.86,280.86,280.88,280.88,280.90000000000003,280.90000000000003,280.92,280.78000000000003,280.8,280.8,280.82,280.82,280.84000000000003,280.84000000000003,280.86,280.86,280.88,280.88,280.76,280.76,280.78000000000003,280.78000000000003,280.8,280.8,280.8,280.82,280.82,280.82,280.84000000000003,280.72,280.72,280.74,280.74,280.76,280.76,280.78000000000003,280.78000000000003,280.78000000000003,280.8,280.8,280.68,280.7,280.7,280.72,280.72,280.72,280.74,280.74,280.76,280.76,280.76
2021-06-26 05:00:00,277.12,277.12,277.12,277.22,277.22,277.22,277.22,277.22,277.22,277.22,277.22,277.0,277.0,277.12,277.12,277.12,277.12,277.12,277.12,277.12,277.12,277.12,276.90000000000003,277.0,277.0,277.0,277.0,277.0,277.0,277.0,277.0,277.0,277.0,276.90000000000003,276.90000000000003,276.90000000000003,276.90000000000003,276.90000000000003,276.90000000000003,276.90000000000003,276.90000000000003,276.90000000000003,276.90000000000003,276.90000000000003,276.78000000000003,276.78000000000003,276.78000000000003,276.78000000000003,276.78000000000003,276.78000000000003,276.78000000000003,276.78000000000003,276.78000000000003,276.78000000000003,276.78000000000003,276.66,276.66,276.66,276.66,276.66,276.68,276.68,276.68,276.68,276.68,276.68,276.56,276.56,276.56,276.56,276.56,276.56,276.56,276.56,276.56,276.56,276.56,276.44,276.44,276.44,276.44,276.44,276.44,276.44,276.44,276.46,276.46,276.46,276.34000000000003,276.34000000000003,276.34000000000003,276.34000000000003,276.34000000000003,276.34000000000003,276.34000000000003,276.34000000000003,276.34000000000003,276.34000000000003,276.34000000000003,276.22,276.22,276.22,276.22,276.22,276.22,276.22,276.22,276.22,276.22,276.24,276.1,276.1,276.1,276.12,276.12,276.12,276.12,276.12,276.12,276.12,276.12
2021-03-22 04:00:00,195.52,195.62,195.74,195.86,195.96,196.08,196.18,196.3,196.42000000000002,196.42000000000002,196.52,195.52,195.62,195.74,195.84,195.96,196.06,196.18,196.18,196.3,196.4,196.52,195.48000000000002,195.6,195.72,195.82,195.94,195.94,196.04,196.16,196.26,196.38,196.5,195.48000000000002,195.6,195.70000000000002,195.82,195.82,195.92000000000002,196.04,196.16,196.26,196.38,196.48000000000002,195.48000000000002,195.58,195.58,195.70000000000002,195.8,195.92000000000002,196.04,196.14000000000001,196.26,196.36,196.48000000000002,195.36,195.46,195.58,195.70000000000002,195.8,195.92000000000002,196.02,196.14000000000001,196.24,196.36,196.36,195.34,195.46,195.56,195.68,195.78,195.9,196.02,196.12,196.12,196.24,196.34,195.34,195.44,195.56,195.68,195.78,195.9,195.9,196.0,196.12,196.22,196.34,195.34,195.44,195.56,195.66,195.78,195.78,195.88,196.0,196.1,196.22,196.32,195.32,195.44,195.54,195.54,195.66,195.76,195.88,196.0,196.1,196.22,196.32,195.3,195.3,195.42000000000002,195.52,195.64000000000001,195.74,195.86,195.96,196.08,196.18,196.3
2021-03-03 06:00:00,233.20000000000002,233.24,233.28,233.36,233.4,233.44,233.48000000000002,233.52,233.56,233.6,233.6,233.18,233.22,233.28,233.32,233.36,233.4,233.44,233.48000000000002,233.48000000000002,233.52,233.56,233.14000000000001,233.22,233.26,233.3,233.34,233.38,233.42000000000002,233.42000000000002,233.46,233.5,233.54,233.14000000000001,233.18,233.22,233.26,233.3,233.3,233.34,233.38,233.42000000000002,233.48000000000002,233.52,233.12,233.16,233.20000000000002,233.20000000000002,233.24,233.28,233.32,233.36,233.4,233.44,233.48000000000002,233.08,233.08,233.12,233.18,233.22,233.26,233.3,233.34,233.38,233.42000000000002,233.46,233.02,233.06,233.1,233.14000000000001,233.18,233.22,233.26,233.3,233.34,233.34,233.38,233.0,233.04,233.08,233.12,233.16,233.20000000000002,233.24,233.28,233.28,233.32,233.36,232.98000000000002,233.02,233.06,233.1,233.14000000000001,233.18,233.18,233.22,233.26,233.3,233.34,232.94,232.98000000000002,233.02,233.06,233.06,233.1,233.14000000000001,233.18,233.22,233.26,233.3,232.92000000000002,232.96,232.96,233.0,233.04,233.08,233.12,233.16,233.20000000000002,233.24,233.28
2021-08-31 03:00:00,151.26,151.42000000000002,151.56,151.72,151.86,152.02,152.18,152.32,152.32,152.48,152.62,151.36,151.52,151.66,151.82,151.96,152.12,152.12,152.26,152.42000000000002,152.58,152.72,151.44,151.6,151.74,151.9,151.9,152.04,152.20000000000002,152.34,152.5,152.64000000000001,152.8,151.54,151.70000000000002,151.84,151.84,151.98,152.14000000000001,152.3,152.44,152.6,152.74,152.9,151.64000000000001,151.64000000000001,151.78,151.94,152.08,152.24,152.38,152.54,152.68,152.84,153.0,151.58,151.74,151.88,152.04,152.18,152.34,152.48,152.64000000000001,152.78,152.78,152.94,151.68,151.82,151.98,152.12,152.26,152.42000000000002,152.56,152.56,152.72,152.88,153.02,151.78,151.92000000000002,152.06,152.22,152.36,152.36,152.52,152.66,152.82,152.96,153.12,151.86,152.02,152.16,152.32,152.32,152.46,152.62,152.76,152.92000000000002,153.06,153.22,151.96,152.12,152.12,152.26,152.4,152.56,152.70000000000002,152.86,153.0,153.16,153.3,151.9,152.04,152.18,152.34,152.48,152.64000000000001,152.78,152.94,153.08,153.24,153.24
2021-10-29 03:00:00,174.52,174.6,174.66,174.74,174.82,174.88,174.88,174.96,175.04,175.1,175.18,174.54,174.6,174.68,174.76,174.76,174.82,174.9,174.98,175.04,175.12,175.20000000000002,174.56,174.62,174.70000000000002,174.70000000000002,174.78,174.84,174.92000000000002,175.0,175.06,175.14000000000001,175.22,174.58,174.58,174.64000000000001,174.72,174.8,174.86,174.94,175.02,175.08,175.16,175.24,174.52,174.58,174.66,174.74,174.8,174.88,174.96,175.02,175.1,175.1,175.18,174.52,174.6,174.68,174.74,174.82,174.9,174.96,174.96,175.04,175.12,175.18,174.54,174.62,174.68,174.76,174.84,174.84,174.9,174.98,175.06,175.12,175.20000000000002,174.56,174.64000000000001,174.70000000000002,174.78,174.78,174.86,174.92000000000002,175.0,175.08,175.14000000000001,175.22,174.58,174.66,174.66,174.72,174.8,174.88,174.94,175.02,175.1,175.16,175.24,174.52,174.6,174.66,174.74,174.82,174.88,174.96,175.04,175.1,175.18,175.18,174.54,174.62,174.68,174.76,174.84,174.9,174.98,175.06,175.06,175.12,175.20000000000002
2021-05-17 04:00:00,251.08,251.08,251.42000000000002,251.52,251.62,251.72,251.8,251.9,252.0,252.08,252.18,250.74,251.08,251.18,251.28,251.38,251.48000000000002,251.56,251.66,251.76000000000002,251.76000000000002,251.84,250.74,250.84,250.94,251.04,251.14000000000001,251.24,251.32,251.32,251.42000000000002,251.52,251.62,250.48000000000002,250.58,250.68,250.78,250.88,250.88,250.98000000000002,251.08,251.18,251.26000000000002,251.36,250.24,250.34,250.44,250.54,250.54,250.64000000000001,250.74,250.84,250.94,251.04,251.12,250.0,250.1,250.1,250.20000000000002,250.3,250.4,250.5,250.6,250.70000000000002,250.8,250.9,249.66,249.76000000000002,249.86,249.96,250.08,250.18,250.28,250.36,250.46,250.56,250.56,249.42000000000002,249.52,249.62,249.72,249.82,249.92000000000002,250.02,250.12,250.12,250.22,250.32,249.18,249.28,249.38,249.48000000000002,249.6,249.70000000000002,249.70000000000002,249.8,249.9,250.0,250.1,248.94,249.04,249.14000000000001,249.26000000000002,249.36,249.36,249.46,249.56,249.66,249.76000000000002,249.86,248.70000000000002,248.8,248.92000000000002,248.92000000000002,249.02,249.12,249.22,249.34,249.44,249.54,249.64000000000001
2021-10-22 04:00:00,199.62,199.70000000000002,199.76,199.84,199.9,199.98000000000002,200.04,200.12,200.12,200.20000000000002,200.26,199.62,199.68,199.76,199.82,199.9,199.96,199.96,200.04,200.1,200.18,200.24,199.6,199.68,199.74,199.82,199.88,199.88,199.96,200.02,200.1,200.18,200.24,199.6,199.66,199.74,199.74,199.82,199.88,199.96,200.02,200.1,200.16,200.24,199.6,199.6,199.66,199.74,199.8,199.88,199.94,200.02,200.08,200.16,200.22,199.5,199.58,199.64000000000001,199.72,199.78,199.86,199.92000000000002,200.0,200.06,200.06,200.14000000000001,199.5,199.56,199.64000000000001,199.70000000000002,199.78,199.86,199.92000000000002,199.92000000000002,200.0,200.06,200.14000000000001,199.5,199.56,199.64000000000001,199.70000000000002,199.78,199.84,199.84,199.92000000000002,199.98000000000002,200.06,200.12,199.48000000000002,199.56,199.62,199.70000000000002,199.70000000000002,199.76,199.84,199.9,199.98000000000002,200.04,200.12,199.48000000000002,199.54,199.54,199.62,199.68,199.76,199.82,199.9,199.96,200.04,200.1,199.4,199.46,199.54,199.6,199.68,199.74,199.82,199.9,199.96,200.04,200.04
2021-06-27 02:00:00,82.86,82.76,82.78,82.78,82.78,82.8,82.8,82.8,82.82000000000001,82.82000000000001,82.82000000000001,82.86,82.86,82.88,82.88,82.9,82.9,82.9,82.92,82.92,82.92,82.92,82.96000000000001,82.98,82.98,83.0,83.0,83.0,83.0,83.02,83.02,83.02,83.04,83.08,83.08,83.08,83.10000000000001,83.10000000000001,83.10000000000001,83.12,83.12,83.12,83.14,83.14,83.18,83.18,83.2,83.2,83.2,83.22,83.22,83.22,83.24,83.24,83.26,83.28,83.28,83.3,83.3,83.32000000000001,83.32000000000001,83.32000000000001,83.34,83.34,83.36,83.36,83.38,83.4,83.4,83.42,83.42,83.42,83.44,83.44,83.46000000000001,83.46000000000001,83.46000000000001,83.5,83.5,83.52,83.52,83.52,83.54,83.54,83.54,83.56,83.56,83.58,83.60000000000001,83.60000000000001,83.62,83.62,83.64,83.64,83.64,83.66,83.66,83.68,83.68,83.7,83.72,83.72,83.74,83.74,83.74,83.76,83.76,83.78,83.78,83.78,83.82000000000001,83.82000000000001,83.82000000000001,83.84,83.84,83.86,83.86,83.88,83.88,83.88,83.9
2021-10-21 02:00:00,149.38,149.44,149.52,149.58,149.64000000000001,149.64000000000001,149.70000000000002,149.76,149.84,149.9,149.96,149.42000000000002,149.48,149.54,149.54,149.62,149.68,149.74,149.8,149.86,149.94,150.0,149.46,149.52,149.52,149.58,149.64000000000001,149.72,149.78,149.84,149.9,149.96,150.04,149.44,149.5,149.56,149.62,149.68,149.76,149.82,149.88,149.94,150.0,150.0,149.48,149.54,149.6,149.66,149.72,149.8,149.86,149.92000000000002,149.92000000000002,149.98,150.04,149.5,149.56,149.62,149.70000000000002,149.76,149.82,149.82,149.88,149.94,150.02,150.08,149.54,149.6,149.66,149.74,149.74,149.8,149.86,149.92000000000002,149.98,150.06,150.12,149.58,149.64000000000001,149.70000000000002,149.70000000000002,149.76,149.84,149.9,149.96,150.02,150.08,150.16,149.62,149.62,149.68,149.74,149.8,149.88,149.94,150.0,150.06,150.12,150.20000000000002,149.58,149.66,149.72,149.78,149.84,149.9,149.98,150.04,150.1,150.1,150.16,149.62,149.70000000000002,149.76,149.82,149.88,149.94,150.0,150.0,150.08,150.14000000000001,150.20000000000002
2021-03-02 02:00:00,137.04,137.1,137.16,137.22,137.26,137.26,137.32,137.38,137.44,137.5,137.54,137.08,137.14000000000001,137.20000000000002,137.20000000000002,137.26,137.3,137.36,137.42000000000002,137.48,137.54,137.6,137.12,137.18,137.18,137.24,137.3,137.36,137.4,137.46,137.52,137.58,137.64000000000001,137.12,137.18,137.24,137.28,137.34,137.4,137.46,137.52,137.56,137.62,137.62,137.16,137.22,137.28,137.34,137.38,137.44,137.5,137.56,137.56,137.62,137.68,137.20000000000002,137.26,137.32,137.36,137.42000000000002,137.48,137.48,137.54,137.6,137.66,137.70000000000002,137.24,137.3,137.36,137.42000000000002,137.42000000000002,137.48,137.52,137.58,137.64000000000001,137.70000000000002,137.76,137.3,137.34,137.4,137.4,137.46,137.52,137.58,137.62,137.68,137.74,137.8,137.34,137.34,137.4,137.44,137.5,137.56,137.62,137.68,137.74,137.78,137.84,137.32,137.38,137.44,137.5,137.54,137.6,137.66,137.72,137.78,137.78,137.82,137.36,137.42000000000002,137.48,137.54,137.6,137.64000000000001,137.70000000000002,137.70000000000002,137.76,137.82,137.88
2021-08-31 07:00:00,263.3,263.32,263.34000000000003,263.34000000000003,263.34000000000003,263.4,263.42,263.44,263.46,263.48,263.5,263.26,263.28000000000003,263.28000000000003,263.3,263.34000000000003,263.36,263.38,263.4,263.42,263.44,263.46,263.22,263.24,263.26,263.3,263.32,263.34000000000003,263.36,263.38,263.4,263.42,263.42,263.18,263.2,263.26,263.28000000000003,263.3,263.32,263.34000000000003,263.36,263.36,263.38,263.4,263.16,263.2,263.22,263.24,263.26,263.28000000000003,263.3,263.3,263.32,263.34000000000003,263.36,263.16,263.18,263.2,263.22,263.24,263.24,263.26,263.28000000000003,263.3,263.32,263.34000000000003,263.12,263.14,263.16,263.16,263.18,263.2,263.22,263.24,263.26,263.28000000000003,263.3,263.1,263.1,263.12,263.14,263.16,263.18,263.2,263.22,263.24,263.26,263.28000000000003,263.04,263.06,263.08,263.1,263.12,263.14,263.16,263.18,263.2,263.2,263.22,263.02,263.04,263.06,263.08,263.1,263.12,263.14,263.16,263.16,263.18,263.2,263.0,263.02,263.04,263.06,263.08,263.1,263.1,263.12,263.14,263.16,263.18
2021-09-04 06:00:00,253.1,253.1,253.14000000000001,253.20000000000002,253.24,253.26000000000002,253.3,253.32,253.36,253.38,253.42000000000002,253.02,253.06,253.14000000000001,253.16,253.20000000000002,253.22,253.26000000000002,253.28,253.32,253.32,253.34,252.98000000000002,253.06,253.08,253.12,253.14000000000001,253.18,253.20000000000002,253.20000000000002,253.24,253.26000000000002,253.3,252.98000000000002,253.02,253.04,253.08,253.1,253.14000000000001,253.14000000000001,253.16,253.20000000000002,253.22,253.26000000000002,252.94,252.98000000000002,253.0,253.04,253.04,253.06,253.1,253.12,253.16,253.18,253.22,252.9,252.94,252.94,252.96,253.0,253.02,253.06,253.08,253.12,253.14000000000001,253.18,252.82,252.86,252.88,252.92000000000002,252.94,252.98000000000002,253.0,253.04,253.06,253.1,253.1,252.78,252.82,252.84,252.88,252.9,252.94,252.96,253.0,253.0,253.02,253.06,252.74,252.78,252.8,252.84,252.86,252.9,252.92000000000002,252.92000000000002,252.96,252.98000000000002,253.02,252.70000000000002,252.72,252.76000000000002,252.78,252.82,252.82,252.84,252.88,252.92000000000002,252.94,252.98000000000002,252.66,252.68,252.72,252.72,252.74,252.78,252.8,252.84,252.86,252.9,252.92000000000002
2021-05-16 04:00:00,249.70000000000002,249.70000000000002,250.04,250.14000000000001,250.24,250.34,250.44,250.54,250.62,250.72,250.82,249.36,249.70000000000002,249.8,249.9,250.0,250.1,250.20000000000002,250.3,250.4,250.4,250.5,249.36,249.46,249.56,249.66,249.76000000000002,249.86,249.96,249.96,250.06,250.16,250.26000000000002,249.1,249.20000000000002,249.3,249.42000000000002,249.52,249.52,249.62,249.72,249.82,249.92000000000002,250.02,248.86,248.96,249.08,249.18,249.18,249.28,249.38,249.48000000000002,249.58,249.70000000000002,249.8,248.62,248.74,248.74,248.84,248.94,249.06,249.16,249.26000000000002,249.36,249.46,249.56,248.28,248.4,248.5,248.6,248.72,248.82,248.92000000000002,249.04,249.14000000000001,249.24,249.24,248.04,248.16,248.26000000000002,248.38,248.48000000000002,248.58,248.68,248.8,248.8,248.9,249.0,247.82,247.92000000000002,248.04,248.14000000000001,248.24,248.36,248.36,248.46,248.56,248.68,248.78,247.58,247.70000000000002,247.8,247.92000000000002,248.02,248.02,248.12,248.24,248.34,248.44,248.56,247.36,247.46,247.58,247.58,247.68,247.8,247.9,248.02,248.12,248.22,248.34
2021-05-27 05:00:00,271.74,271.76,271.76,271.86,271.88,271.9,271.9,271.92,271.92,271.94,271.94,271.64,271.64,271.76,271.76,271.78000000000003,271.78000000000003,271.8,271.8,271.82,271.84000000000003,271.84000000000003,271.54,271.64,271.66,271.66,271.68,271.68,271.7,271.7,271.7,271.72,271.74,271.54,271.54,271.56,271.56,271.58,271.58,271.58,271.6,271.6,271.62,271.62,271.42,271.44,271.46,271.46,271.48,271.48,271.48,271.5,271.5,271.52,271.52,271.32,271.34000000000003,271.34000000000003,271.34000000000003,271.36,271.38,271.38,271.4,271.4,271.42,271.42,271.22,271.22,271.24,271.24,271.26,271.26,271.28000000000003,271.3,271.3,271.32,271.32,271.1,271.12,271.14,271.14,271.16,271.16,271.18,271.18,271.2,271.2,271.22,271.0,271.02,271.02,271.04,271.06,271.06,271.08,271.08,271.08,271.1,271.12,270.9,270.92,270.92,270.94,270.96,270.96,270.96,270.98,270.98,271.0,271.02,270.8,270.82,270.82,270.84000000000003,270.84000000000003,270.84000000000003,270.86,270.88,270.88,270.9,270.92
2021-03-28 05:00:00,229.92000000000002,229.98000000000002,230.1,230.16,230.22,230.3,230.36,230.42000000000002,230.48000000000002,230.54,230.54,229.88,229.98000000000002,230.06,230.12,230.18,230.24,230.3,230.38,230.38,230.44,230.5,229.88,229.94,230.0,230.06,230.12,230.20000000000002,230.20000000000002,230.26,230.32,230.38,230.44,229.82,229.88,229.96,230.02,230.08,230.08,230.14000000000001,230.20000000000002,230.28,230.34,230.4,229.78,229.84,229.9,229.9,229.98000000000002,230.04,230.1,230.16,230.22,230.28,230.36,229.74,229.74,229.8,229.86,229.92000000000002,229.98000000000002,230.06,230.12,230.18,230.24,230.3,229.62,229.68,229.74,229.8,229.86,229.94,230.0,230.06,230.12,230.12,230.18,229.56,229.62,229.70000000000002,229.76,229.82,229.88,229.94,229.94,230.02,230.08,230.14000000000001,229.52,229.58,229.64000000000001,229.72,229.78,229.84,229.84,229.9,229.96,230.04,230.1,229.48000000000002,229.54,229.6,229.66,229.66,229.72,229.8,229.86,229.92000000000002,229.98000000000002,230.04,229.42000000000002,229.48000000000002,229.48000000000002,229.54,229.62,229.68,229.74,229.8,229.88,229.94,230.0
2021-04-05 02:00:00,122.66,122.72,122.8,122.86,122.92,122.98,123.04,123.04,123.10000000000001,123.16,123.22,122.74000000000001,122.8,122.86,122.94,123.0,123.0,123.06,123.12,123.18,123.24000000000001,123.3,122.82000000000001,122.88,122.94,122.94,123.0,123.06,123.12,123.18,123.26,123.32000000000001,123.38000000000001,122.9,122.96000000000001,122.96000000000001,123.02,123.08,123.14,123.2,123.26,123.34,123.4,123.46000000000001,122.9,122.98,123.04,123.10000000000001,123.16,123.22,123.28,123.34,123.4,123.48,123.48,122.98,123.04,123.12,123.18,123.24000000000001,123.3,123.36,123.42,123.42,123.48,123.56,123.06,123.12,123.18,123.24000000000001,123.3,123.38000000000001,123.38000000000001,123.44,123.5,123.56,123.62,123.14,123.2,123.26,123.32000000000001,123.32000000000001,123.38000000000001,123.46000000000001,123.52,123.58,123.64,123.7,123.22,123.28,123.34,123.34,123.4,123.46000000000001,123.52,123.60000000000001,123.66,123.72,123.78,123.3,123.3,123.36,123.42,123.48,123.54,123.60000000000001,123.66,123.74000000000001,123.8,123.86,123.3,123.36,123.42,123.48,123.54,123.62,123.68,123.74000000000001,123.8,123.8,123.86
2021-03-27 06:00:00,245.94,245.94,245.96,246.04,246.08,246.12,246.14000000000001,246.18,246.22,246.26000000000002,246.28,245.86,245.9,245.96,246.0,246.04,246.08,246.12,246.14000000000001,246.18,246.18,246.22,245.82,245.9,245.92000000000002,245.96,246.0,246.04,246.06,246.06,246.1,246.14000000000001,246.18,245.82,245.86,245.9,245.92000000000002,245.96,246.0,246.0,246.04,246.06,246.1,246.14000000000001,245.78,245.82,245.86,245.88,245.88,245.92000000000002,245.96,246.0,246.02,246.06,246.1,245.74,245.78,245.78,245.82,245.86,245.88,245.92000000000002,245.96,246.0,246.02,246.06,245.66,245.70000000000002,245.74,245.78,245.8,245.84,245.88,245.92000000000002,245.94,245.98000000000002,245.98000000000002,245.62,245.66,245.70000000000002,245.74,245.76,245.8,245.84,245.88,245.88,245.92000000000002,245.94,245.58,245.62,245.66,245.70000000000002,245.74,245.76,245.8,245.8,245.84,245.88,245.9,245.56,245.58,245.62,245.66,245.70000000000002,245.70000000000002,245.72,245.76,245.8,245.84,245.88,245.52,245.54,245.58,245.58,245.62,245.66,245.68,245.72,245.76,245.8,245.84
2021-02-08 05:00:00,208.20000000000002,208.26,208.32,208.38,208.42000000000002,208.48000000000002,208.48000000000002,208.54,208.6,208.66,208.72,208.18,208.24,208.3,208.36,208.42000000000002,208.42000000000002,208.48000000000002,208.54,208.58,208.64000000000001,208.70000000000002,208.18,208.24,208.3,208.3,208.34,208.4,208.46,208.52,208.58,208.64000000000001,208.68,208.16,208.16,208.22,208.28,208.34,208.4,208.46,208.5,208.56,208.62,208.68,208.08,208.14000000000001,208.20000000000002,208.26,208.32,208.38,208.44,208.48000000000002,208.54,208.54,208.6,208.08,208.14000000000001,208.20000000000002,208.24,208.3,208.36,208.42000000000002,208.42000000000002,208.48000000000002,208.54,208.58,208.06,208.12,208.18,208.24,208.3,208.36,208.36,208.4,208.46,208.52,208.58,208.06,208.12,208.16,208.22,208.22,208.28,208.34,208.4,208.46,208.52,208.56,208.04,208.1,208.1,208.16,208.22,208.26,208.32,208.38,208.44,208.5,208.56,207.98000000000002,208.02,208.08,208.14000000000001,208.20000000000002,208.26,208.32,208.38,208.42000000000002,208.48000000000002,208.48000000000002,207.96,208.02,208.08,208.14000000000001,208.18,208.24,208.3,208.36,208.36,208.42000000000002,208.48000000000002
2021-05-15 04:00:00,248.3,248.3,248.62,248.74,248.84,248.94,249.06,249.16,249.26000000000002,249.36,249.46,247.94,248.3,248.4,248.5,248.62,248.72,248.82,248.92000000000002,249.02,249.02,249.14000000000001,247.94,248.06,248.16,248.28,248.38,248.5,248.6,248.6,248.70000000000002,248.8,248.9,247.70000000000002,247.82,247.92000000000002,248.04,248.14000000000001,248.14000000000001,248.24,248.36,248.46,248.56,248.66,247.48000000000002,247.58,247.70000000000002,247.8,247.8,247.92000000000002,248.02,248.12,248.24,248.34,248.44,247.24,247.36,247.36,247.46,247.58,247.68,247.8,247.9,248.02,248.12,248.22,246.9,247.02,247.14000000000001,247.24,247.36,247.46,247.58,247.68,247.8,247.9,247.9,246.66,246.78,246.9,247.0,247.12,247.24,247.34,247.46,247.46,247.56,247.66,246.44,246.56,246.68,246.78,246.9,247.02,247.02,247.12,247.24,247.34,247.46,246.22,246.34,246.44,246.56,246.68,246.68,246.78,246.9,247.02,247.12,247.24,246.0,246.12,246.22,246.22,246.34,246.46,246.58,246.68,246.8,246.9,247.02
2021-05-16 00:00:00,83.88,83.9,83.9,83.92,83.94,83.94,83.96000000000001,83.98,83.98,84.0,84.0,83.92,83.94,83.94,83.96000000000001,83.98,83.98,83.98,84.0,84.02,84.04,84.04,83.96000000000001,83.98,83.98,84.0,84.0,84.02,84.02,84.04,84.06,84.08,84.08,84.0,84.02,84.02,84.02,84.04,84.06,84.06,84.08,84.10000000000001,84.12,84.12,84.04,84.04,84.06,84.06,84.08,84.10000000000001,84.10000000000001,84.12,84.14,84.16,84.16,84.06,84.08,84.08,84.10000000000001,84.12,84.14,84.14,84.16,84.18,84.18,84.2,84.10000000000001,84.12,84.12,84.14,84.16,84.18,84.18,84.18,84.2,84.22,84.24,84.14,84.16,84.16,84.18,84.2,84.2,84.22,84.22,84.24,84.26,84.28,84.18,84.2,84.2,84.2,84.22,84.24,84.26,84.26,84.28,84.3,84.32000000000001,84.22,84.24,84.24,84.24,84.26,84.28,84.3,84.3,84.32000000000001,84.34,84.36,84.24,84.26,84.28,84.28,84.3,84.32000000000001,84.34,84.34,84.36,84.38,84.38
2021-03-10 04:00:00,191.1,191.20000000000002,191.28,191.38,191.48000000000002,191.58,191.68,191.76,191.86,191.86,191.96,191.1,191.20000000000002,191.28,191.38,191.48000000000002,191.58,191.68,191.68,191.76,191.86,191.96,191.1,191.18,191.28,191.38,191.48000000000002,191.48000000000002,191.58,191.66,191.76,191.86,191.96,191.1,191.18,191.28,191.38,191.38,191.48000000000002,191.58,191.66,191.76,191.86,191.96,191.1,191.20000000000002,191.20000000000002,191.28,191.38,191.48000000000002,191.58,191.66,191.76,191.86,191.96,191.0,191.1,191.20000000000002,191.28,191.38,191.48000000000002,191.58,191.68,191.76,191.86,191.86,190.98,191.08,191.18,191.28,191.38,191.46,191.56,191.66,191.66,191.76,191.84,191.0,191.08,191.18,191.28,191.38,191.46,191.46,191.56,191.66,191.76,191.84,191.0,191.08,191.18,191.28,191.38,191.38,191.46,191.56,191.66,191.76,191.86,191.0,191.1,191.18,191.18,191.28,191.38,191.48000000000002,191.56,191.66,191.76,191.86,191.0,191.0,191.08,191.18,191.28,191.38,191.46,191.56,191.66,191.76,191.84
2021-08-29 02:00:00,117.34,117.4,117.46000000000001,117.52,117.58,117.64,117.7,117.76,117.76,117.82000000000001,117.88,117.44,117.5,117.56,117.62,117.68,117.74000000000001,117.74000000000001,117.8,117.86,117.92,117.98,117.52,117.58,117.64,117.7,117.7,117.76,117.82000000000001,117.88,117.94,118.0,118.06,117.60000000000001,117.66,117.72,117.72,117.78,117.84,117.9,117.96000000000001,118.02,118.08,118.14,117.7,117.7,117.76,117.82000000000001,117.88,117.94,118.0,118.06,118.12,118.18,118.24000000000001,117.72,117.78,117.84,117.9,117.96000000000001,118.02,118.08,118.14,118.2,118.2,118.26,117.8,117.86,117.92,117.98,118.04,118.10000000000001,118.16,118.16,118.22,118.3,118.36,117.9,117.96000000000001,118.02,118.08,118.14,118.14,118.2,118.26,118.32000000000001,118.38,118.44,117.98,118.04,118.10000000000001,118.16,118.16,118.22,118.28,118.34,118.4,118.46000000000001,118.54,118.06,118.12,118.12,118.2,118.26,118.32000000000001,118.38,118.44,118.5,118.56,118.62,118.08,118.14,118.2,118.28,118.34,118.4,118.46000000000001,118.52,118.58,118.64,118.64
2021-09-23 02:00:00,135.68,135.76,135.82,135.9,135.96,136.04,136.1,136.1,136.18,136.24,136.32,135.74,135.82,135.88,135.96,136.02,136.02,136.1,136.16,136.24,136.3,136.38,135.8,135.88,135.94,135.94,136.02,136.08,136.16,136.22,136.3,136.38,136.44,135.88,135.94,135.94,136.02,136.08,136.16,136.22,136.3,136.36,136.44,136.5,135.86,135.92000000000002,136.0,136.06,136.14000000000001,136.2,136.28,136.34,136.42000000000002,136.48,136.48,135.92000000000002,135.98,136.06,136.12,136.2,136.26,136.34,136.4,136.4,136.48,136.54,135.98,136.04,136.12,136.18,136.26,136.32,136.32,136.4,136.48,136.54,136.62,136.04,136.12,136.18,136.26,136.26,136.32,136.4,136.46,136.54,136.6,136.68,136.1,136.16,136.24,136.24,136.3,136.38,136.44,136.52,136.6,136.66,136.74,136.16,136.16,136.24,136.3,136.38,136.44,136.52,136.58,136.66,136.72,136.8,136.16,136.22,136.3,136.36,136.44,136.5,136.58,136.64000000000001,136.72,136.72,136.78
2021-05-22 07:00:00,278.36,278.36,278.38,278.38,278.42,278.44,278.44,278.46,278.46,278.48,278.48,278.32,278.32,278.34000000000003,278.38,278.38,278.40000000000003,278.42,278.42,278.44,278.44,278.46,278.28000000000003,278.3,278.34000000000003,278.34000000000003,278.36,278.36,278.38,278.38,278.40000000000003,278.40000000000003,278.42,278.24,278.3,278.3,278.32,278.32,278.34000000000003,278.34000000000003,278.34000000000003,278.36,278.36,278.38,278.24,278.26,278.26,278.28000000000003,278.3,278.3,278.3,278.32,278.32,278.34000000000003,278.34000000000003,278.22,278.22,278.24,278.24,278.24,278.26,278.26,278.28000000000003,278.3,278.3,278.32,278.18,278.2,278.2,278.2,278.22,278.22,278.24,278.24,278.26,278.26,278.28000000000003,278.14,278.14,278.16,278.16,278.18,278.18,278.2,278.22,278.22,278.24,278.24,278.1,278.12,278.12,278.14,278.14,278.16,278.16,278.18,278.18,278.2,278.2,278.06,278.08,278.1,278.1,278.12,278.12,278.14,278.14,278.14,278.16,278.16,278.04,278.04,278.06,278.06,278.08,278.08,278.1,278.1,278.12,278.12,278.14
2021-11-02 05:00:00,217.4,217.46,217.5,217.56,217.6,217.64000000000001,217.70000000000002,217.70000000000002,217.74,217.8,217.84,217.4,217.44,217.48000000000002,217.54,217.58,217.64000000000001,217.64000000000001,217.68,217.72,217.78,217.82,217.38,217.42000000000002,217.48000000000002,217.52,217.52,217.56,217.62,217.66,217.72,217.76,217.82,217.36,217.4,217.4,217.46,217.5,217.56,217.6,217.66,217.70000000000002,217.74,217.8,217.3,217.34,217.38,217.44,217.48000000000002,217.54,217.58,217.64000000000001,217.68,217.72,217.72,217.28,217.32,217.38,217.42000000000002,217.48000000000002,217.52,217.56,217.62,217.62,217.66,217.72,217.26,217.3,217.36,217.4,217.46,217.5,217.56,217.56,217.6,217.64000000000001,217.70000000000002,217.24,217.3,217.34,217.4,217.44,217.44,217.48000000000002,217.54,217.58,217.64000000000001,217.68,217.22,217.28,217.32,217.32,217.36,217.42000000000002,217.46,217.52,217.56,217.6,217.66,217.20000000000002,217.20000000000002,217.26,217.3,217.36,217.4,217.44,217.5,217.54,217.6,217.64000000000001,217.14000000000001,217.20000000000002,217.24,217.28,217.34,217.38,217.44,217.48000000000002,217.54,217.54,217.58
2021-07-23 01:00:00,86.10000000000001,86.12,86.12,86.14,86.16,86.18,86.18,86.2,86.22,86.22,86.24,86.16,86.18,86.18,86.2,86.22,86.24,86.24,86.24,86.26,86.28,86.3,86.22,86.22,86.24,86.26,86.28,86.28,86.3,86.3,86.32000000000001,86.34,86.36,86.28,86.28,86.3,86.3,86.32000000000001,86.34,86.34,86.36,86.38,86.4,86.4,86.34,86.34,86.34,86.36,86.38,86.4,86.4,86.42,86.44,86.46000000000001,86.46000000000001,86.38,86.38,86.4,86.42,86.44,86.46000000000001,86.46000000000001,86.48,86.5,86.52,86.52,86.44,86.44,86.46000000000001,86.48,86.5,86.52,86.52,86.54,86.54,86.56,86.58,86.5,86.5,86.52,86.54,86.56,86.56,86.56,86.58,86.60000000000001,86.62,86.64,86.56,86.56,86.58,86.60000000000001,86.60000000000001,86.62,86.62,86.64,86.66,86.68,86.7,86.62,86.62,86.64,86.64,86.66,86.68,86.68,86.7,86.72,86.74,86.76,86.66,86.66,86.68,86.7,86.72,86.74,86.74,86.76,86.78,86.8,86.82000000000001
2021-09-15 04:00:00,204.9,205.04,205.14000000000001,205.26,205.36,205.48000000000002,205.58,205.70000000000002,205.8,205.8,205.92000000000002,204.9,205.0,205.12,205.22,205.34,205.46,205.56,205.56,205.68,205.78,205.9,204.86,204.96,205.08,205.18,205.3,205.3,205.4,205.52,205.64000000000001,205.74,205.86,204.82,204.94,205.06,205.16,205.16,205.28,205.38,205.5,205.6,205.72,205.82,204.8,204.92000000000002,204.92000000000002,205.02,205.14000000000001,205.24,205.36,205.46,205.58,205.70000000000002,205.8,204.66,204.78,204.9,205.0,205.12,205.22,205.34,205.44,205.56,205.66,205.66,204.64000000000001,204.74,204.86,204.98000000000002,205.08,205.20000000000002,205.3,205.42000000000002,205.42000000000002,205.52,205.64000000000001,204.62,204.72,204.84,204.94,205.06,205.16,205.16,205.28,205.38,205.5,205.6,204.6,204.70000000000002,204.82,204.92000000000002,205.04,205.04,205.14000000000001,205.26,205.36,205.48000000000002,205.58,204.56,204.68,204.78,204.78,204.9,205.0,205.12,205.22,205.34,205.44,205.56,204.52,204.52,204.64000000000001,204.74,204.86,204.96,205.08,205.18,205.3,205.4,205.52
2021-10-07 04:00:00,201.64000000000001,201.72,201.8,201.88,201.96,202.04,202.12,202.12,202.20000000000002,202.3,202.38,201.62,201.70000000000002,201.78,201.86,201.94,201.94,202.02,202.1,202.20000000000002,202.28,202.36,201.6,201.68,201.76,201.84,201.84,201.94,202.02,202.1,202.18,202.26,202.34,201.58,201.68,201.68,201.76,201.84,201.92000000000002,202.0,202.08,202.16,202.24,202.34,201.5,201.58,201.66,201.74,201.82,201.9,202.0,202.08,202.16,202.24,202.24,201.48000000000002,201.56,201.64000000000001,201.72,201.8,201.88,201.96,202.04,202.04,202.14000000000001,202.22,201.46,201.54,201.62,201.70000000000002,201.8,201.88,201.88,201.96,202.04,202.12,202.20000000000002,201.46,201.54,201.62,201.70000000000002,201.78,201.78,201.86,201.94,202.02,202.1,202.20000000000002,201.44,201.52,201.6,201.6,201.68,201.76,201.86,201.94,202.02,202.1,202.18,201.42000000000002,201.42000000000002,201.5,201.58,201.66,201.76,201.84,201.92000000000002,202.0,202.08,202.16,201.32,201.42000000000002,201.5,201.58,201.66,201.74,201.82,201.9,201.98000000000002,201.98000000000002,202.06
2021-05-16 07:00:00,276.74,276.74,276.76,276.78000000000003,276.78000000000003,276.82,276.82,276.84000000000003,276.86,276.86,276.88,276.7,276.72,276.72,276.72,276.78000000000003,276.78000000000003,276.8,276.8,276.82,276.84000000000003,276.84000000000003,276.66,276.68,276.68,276.72,276.74,276.76,276.76,276.78000000000003,276.78000000000003,276.8,276.8,276.62,276.64,276.68,276.7,276.7,276.72,276.72,276.74,276.74,276.76,276.76,276.6,276.64,276.66,276.66,276.68,276.68,276.7,276.7,276.7,276.72,276.74,276.6,276.6,276.62,276.62,276.64,276.64,276.66,276.66,276.68,276.68,276.7,276.56,276.58,276.58,276.58,276.6,276.6,276.62,276.64,276.64,276.66,276.66,276.52,276.52,276.54,276.56,276.56,276.58,276.58,276.6,276.62,276.62,276.64,276.48,276.5,276.5,276.52,276.54,276.54,276.56,276.56,276.58,276.58,276.6,276.44,276.46,276.48,276.48,276.5,276.52,276.52,276.54,276.54,276.54,276.56,276.42,276.42,276.44,276.46,276.46,276.48,276.48,276.48,276.5,276.52,276.52
2021-06-03 06:00:00,277.46,277.48,277.48,277.54,277.54,277.56,277.56,277.56,277.58,277.58,277.58,277.40000000000003,277.40000000000003,277.48,277.48,277.48,277.5,277.5,277.5,277.52,277.52,277.52,277.34000000000003,277.40000000000003,277.42,277.42,277.42,277.44,277.44,277.46,277.46,277.46,277.46,277.34000000000003,277.34000000000003,277.36,277.36,277.38,277.38,277.38,277.38,277.40000000000003,277.40000000000003,277.42,277.28000000000003,277.3,277.3,277.3,277.32,277.32,277.32,277.34000000000003,277.34000000000003,277.34000000000003,277.36,277.22,277.24,277.24,277.24,277.26,277.26,277.26,277.28000000000003,277.28000000000003,277.3,277.3,277.18,277.18,277.18,277.18,277.2,277.2,277.2,277.22,277.22,277.24,277.24,277.1,277.12,277.12,277.12,277.14,277.14,277.16,277.16,277.16,277.16,277.18,277.04,277.06,277.06,277.08,277.08,277.08,277.1,277.1,277.1,277.12,277.12,276.98,277.0,277.0,277.02,277.02,277.04,277.04,277.04,277.04,277.06,277.06,276.94,276.94,276.94,276.96,276.96,276.96,276.98,276.98,277.0,277.0,277.0
2021-09-06 01:00:00,108.4,108.44,108.48,108.52,108.54,108.58,108.58,108.62,108.66,108.68,108.72,108.46000000000001,108.5,108.54,108.56,108.56,108.60000000000001,108.64,108.68,108.7,108.74000000000001,108.78,108.52,108.54,108.54,108.58,108.62,108.66,108.68,108.72,108.76,108.8,108.82000000000001,108.56,108.56,108.60000000000001,108.64,108.68,108.7,108.74000000000001,108.78,108.82000000000001,108.84,108.88,108.58,108.62,108.66,108.7,108.72,108.76,108.8,108.84,108.86,108.86,108.9,108.64,108.68,108.72,108.74000000000001,108.78,108.82000000000001,108.86,108.86,108.9,108.92,108.96000000000001,108.7,108.74000000000001,108.76,108.8,108.84,108.84,108.88,108.9,108.94,108.98,109.02,108.76,108.78,108.82000000000001,108.82000000000001,108.86,108.9,108.92,108.96000000000001,109.0,109.04,109.06,108.8,108.84,108.84,108.88,108.92,108.94,108.98,109.02,109.06,109.08,109.12,108.82000000000001,108.86,108.9,108.94,108.96000000000001,109.0,109.04,109.08,109.10000000000001,109.14,109.14,108.88,108.92,108.94,108.98,109.02,109.06,109.08,109.12,109.12,109.16,109.2
2021-03-22 06:00:00,243.1,243.1,243.14000000000001,243.20000000000002,243.24,243.28,243.32,243.36,243.38,243.42000000000002,243.46,243.02,243.06,243.14000000000001,243.16,243.20000000000002,243.24,243.28,243.32,243.36,243.36,243.38,242.98000000000002,243.06,243.1,243.12,243.16,243.20000000000002,243.24,243.24,243.28,243.32,243.36,242.98000000000002,243.02,243.06,243.1,243.14000000000001,243.16,243.16,243.20000000000002,243.24,243.28,243.32,242.94,242.98000000000002,243.02,243.06,243.06,243.1,243.14000000000001,243.16,243.20000000000002,243.24,243.28,242.92000000000002,242.94,242.94,242.98000000000002,243.02,243.06,243.1,243.14000000000001,243.18,243.20000000000002,243.24,242.84,242.88,242.9,242.94,242.98000000000002,243.02,243.06,243.1,243.14000000000001,243.16,243.16,242.8,242.84,242.88,242.92000000000002,242.94,242.98000000000002,243.02,243.06,243.06,243.1,243.14000000000001,242.76,242.8,242.84,242.88,242.92000000000002,242.94,242.98000000000002,242.98000000000002,243.02,243.06,243.1,242.72,242.76,242.8,242.84,242.88,242.88,242.92000000000002,242.96,242.98000000000002,243.02,243.06,242.68,242.72,242.76,242.76,242.8,242.84,242.88,242.92000000000002,242.96,242.98000000000002,243.02
2021-04-20 03:00:00,146.58,146.76,146.92000000000002,147.1,147.28,147.46,147.62,147.8,147.8,147.98,148.16,146.72,146.88,147.06,147.24,147.4,147.58,147.58,147.76,147.94,148.12,148.28,146.82,147.0,147.16,147.34,147.34,147.52,147.68,147.86,148.04,148.22,148.4,146.96,147.12,147.3,147.3,147.48,147.64000000000001,147.82,148.0,148.16,148.34,148.52,147.08,147.08,147.26,147.42000000000002,147.6,147.78,147.94,148.12,148.3,148.48,148.66,147.04,147.22,147.38,147.56,147.72,147.9,148.08,148.26,148.42000000000002,148.42000000000002,148.6,147.16,147.32,147.5,147.68,147.84,148.02,148.20000000000002,148.20000000000002,148.36,148.54,148.72,147.28,147.46,147.62,147.8,147.98,147.98,148.14000000000001,148.32,148.5,148.68,148.84,147.42000000000002,147.58,147.76,147.92000000000002,147.92000000000002,148.1,148.28,148.44,148.62,148.8,148.98,147.54,147.72,147.72,147.88,148.06,148.22,148.4,148.58,148.76,148.92000000000002,149.1,147.48,147.64000000000001,147.82,147.98,148.16,148.34,148.5,148.68,148.86,149.02,149.02
2021-01-26 06:00:00,221.9,221.94,221.98000000000002,222.02,222.06,222.1,222.14000000000001,222.18,222.18,222.22,222.26,221.88,221.94,221.98000000000002,222.0,222.04,222.08,222.08,222.12,222.16,222.20000000000002,222.24,221.88,221.92000000000002,221.96,222.0,222.0,222.04,222.08,222.12,222.16,222.20000000000002,222.24,221.86,221.9,221.9,221.94,221.98000000000002,222.02,222.06,222.1,222.14000000000001,222.18,222.22,221.8,221.84,221.88,221.92000000000002,221.96,222.0,222.04,222.08,222.12,222.16,222.16,221.8,221.84,221.88,221.92000000000002,221.96,222.0,222.04,222.08,222.1,222.1,222.14000000000001,221.78,221.82,221.86,221.9,221.94,221.98000000000002,222.02,222.02,222.06,222.1,222.14000000000001,221.76,221.8,221.84,221.88,221.92000000000002,221.92000000000002,221.96,222.0,222.04,222.08,222.12,221.74,221.78,221.82,221.82,221.86,221.9,221.94,221.98000000000002,222.02,222.06,222.1,221.74,221.74,221.78,221.82,221.86,221.9,221.94,221.98000000000002,222.02,222.06,222.1,221.68,221.72,221.76,221.8,221.84,221.88,221.92000000000002,221.96,222.0,222.04,222.04
2021-04-18 02:00:00,114.74000000000001,114.8,114.86,114.92,114.98,115.04,115.10000000000001,115.14,115.14,115.2,115.26,114.84,114.9,114.96000000000001,115.0,115.06,115.12,115.12,115.18,115.24000000000001,115.3,115.36,114.92,114.98,115.04,115.10000000000001,115.10000000000001,115.16,115.22,115.28,115.34,115.4,115.46000000000001,115.02,115.08,115.14,115.14,115.18,115.24000000000001,115.3,115.36,115.42,115.48,115.54,115.10000000000001,115.10000000000001,115.16,115.22,115.28,115.34,115.4,115.46000000000001,115.52,115.58,115.64,115.14,115.2,115.26,115.32000000000001,115.38,115.44,115.5,115.56,115.62,115.62,115.68,115.24000000000001,115.3,115.36,115.4,115.46000000000001,115.52,115.58,115.58,115.64,115.7,115.76,115.32000000000001,115.38,115.44,115.5,115.56,115.56,115.62,115.68,115.74000000000001,115.8,115.86,115.42,115.48,115.54,115.60000000000001,115.60000000000001,115.66,115.72,115.78,115.84,115.9,115.96000000000001,115.52,115.58,115.58,115.64,115.7,115.76,115.82000000000001,115.88,115.94,116.0,116.06,115.54,115.60000000000001,115.66,115.72,115.78,115.84,115.9,115.96000000000001,116.02,116.08,116.08
2021-08-30 04:00:00,209.08,209.28,209.42000000000002,209.56,209.72,209.86,210.0,210.14000000000001,210.3,210.3,210.44,209.08,209.22,209.38,209.52,209.66,209.8,209.96,209.96,210.1,210.24,210.38,209.02,209.16,209.3,209.44,209.6,209.6,209.74,209.88,210.02,210.18,210.32,208.96,209.12,209.26,209.4,209.4,209.54,209.70000000000002,209.84,209.98000000000002,210.12,210.26,208.92000000000002,209.06,209.06,209.20000000000002,209.36,209.5,209.64000000000001,209.78,209.94,210.08,210.22,208.72,208.88,209.02,209.16,209.3,209.46,209.6,209.74,209.88,210.02,210.02,208.66,208.82,208.96,209.1,209.26,209.4,209.54,209.68,209.68,209.82,209.96,208.62,208.76,208.92000000000002,209.06,209.20000000000002,209.34,209.34,209.5,209.64000000000001,209.78,209.92000000000002,208.58,208.72,208.86,209.02,209.16,209.16,209.3,209.44,209.58,209.74,209.88,208.54,208.68,208.82,208.82,208.96,209.12,209.26,209.4,209.54,209.68,209.82,208.46,208.46,208.62,208.76,208.9,209.04,209.18,209.34,209.48000000000002,209.62,209.76
2021-02-18 03:00:00,161.5,161.58,161.64000000000001,161.72,161.8,161.86,161.86,161.94,162.02,162.08,162.16,161.54,161.6,161.68,161.74,161.74,161.82,161.9,161.96,162.04,162.1,162.18,161.56,161.64000000000001,161.70000000000002,161.70000000000002,161.78,161.86,161.92000000000002,162.0,162.06,162.14000000000001,162.22,161.6,161.6,161.66,161.74,161.82,161.88,161.96,162.02,162.1,162.18,162.24,161.56,161.62,161.70000000000002,161.76,161.84,161.92000000000002,161.98,162.06,162.14000000000001,162.14000000000001,162.20000000000002,161.58,161.64000000000001,161.72,161.8,161.86,161.94,162.0,162.0,162.08,162.16,162.22,161.6,161.68,161.76,161.82,161.9,161.9,161.96,162.04,162.12,162.18,162.26,161.64000000000001,161.70000000000002,161.78,161.86,161.86,161.92000000000002,162.0,162.06,162.14000000000001,162.22,162.28,161.66,161.74,161.74,161.82,161.88,161.96,162.02,162.1,162.18,162.24,162.32,161.62,161.70000000000002,161.76,161.84,161.92000000000002,161.98,162.06,162.12,162.20000000000002,162.28,162.28,161.66,161.72,161.8,161.86,161.94,162.02,162.08,162.16,162.16,162.24,162.3
2021-04-07 06:00:00,252.32,252.32,252.36,252.44,252.46,252.5,252.52,252.56,252.58,252.62,252.64000000000001,252.24,252.28,252.36,252.38,252.42000000000002,252.44,252.48000000000002,252.52,252.54,252.54,252.58,252.20000000000002,252.28,252.32,252.34,252.38,252.4,252.44,252.44,252.46,252.5,252.52,252.20000000000002,252.24,252.26000000000002,252.3,252.34,252.36,252.36,252.4,252.42000000000002,252.46,252.48000000000002,252.16,252.20000000000002,252.22,252.26000000000002,252.26000000000002,252.28,252.32,252.34,252.38,252.42000000000002,252.44,252.12,252.16,252.16,252.18,252.22,252.24,252.28,252.3,252.34,252.36,252.4,252.04,252.08,252.1,252.14000000000001,252.16,252.20000000000002,252.22,252.26000000000002,252.3,252.32,252.32,252.0,252.02,252.06,252.1,252.12,252.16,252.18,252.22,252.22,252.24,252.28,251.96,251.98000000000002,252.02,252.04,252.08,252.12,252.14000000000001,252.14000000000001,252.18,252.20000000000002,252.24,251.92000000000002,251.94,251.98000000000002,252.0,252.04,252.04,252.06,252.1,252.14000000000001,252.16,252.20000000000002,251.86,251.9,251.92000000000002,251.92000000000002,251.96,252.0,252.02,252.06,252.08,252.12,252.14000000000001
2021-09-12 01:00:00,111.92,111.96000000000001,112.0,112.04,112.08,112.12,112.12,112.16,112.18,112.22,112.26,111.98,112.02,112.06,112.10000000000001,112.10000000000001,112.12,112.16,112.2,112.24000000000001,112.28,112.32000000000001,112.02,112.06,112.06,112.10000000000001,112.14,112.18,112.22,112.26,112.28,112.32000000000001,112.36,112.08,112.08,112.12,112.16,112.2,112.24000000000001,112.26,112.3,112.34,112.38,112.42,112.10000000000001,112.14,112.18,112.2,112.24000000000001,112.28,112.32000000000001,112.36,112.4,112.4,112.44,112.14,112.18,112.22,112.26,112.3,112.34,112.38,112.38,112.42,112.46000000000001,112.48,112.2,112.24000000000001,112.28,112.32000000000001,112.36,112.36,112.38,112.42,112.46000000000001,112.5,112.54,112.26,112.3,112.32000000000001,112.32000000000001,112.36,112.4,112.44,112.48,112.52,112.56,112.60000000000001,112.3,112.34,112.34,112.38,112.42,112.46000000000001,112.5,112.54,112.58,112.60000000000001,112.64,112.32000000000001,112.36,112.4,112.44,112.48,112.52,112.54,112.58,112.62,112.66,112.66,112.36,112.4,112.44,112.48,112.52,112.56,112.60000000000001,112.64,112.64,112.68,112.72
2021-03-06 01:00:00,120.74000000000001,120.76,120.8,120.8,120.84,120.88,120.92,120.96000000000001,121.0,121.02,121.06,120.76,120.76,120.8,120.84,120.88,120.92,120.96000000000001,121.0,121.02,121.06,121.10000000000001,120.76,120.8,120.84,120.88,120.92,120.96000000000001,121.0,121.02,121.06,121.10000000000001,121.10000000000001,120.8,120.84,120.88,120.92,120.96000000000001,121.0,121.04,121.06,121.06,121.10000000000001,121.14,120.84,120.88,120.92,120.96000000000001,121.0,121.04,121.04,121.06,121.10000000000001,121.14,121.18,120.88,120.92,120.96000000000001,121.0,121.0,121.02,121.06,121.10000000000001,121.14,121.18,121.22,120.92,120.96000000000001,120.96000000000001,121.0,121.04,121.06,121.10000000000001,121.14,121.18,121.22,121.26,120.96000000000001,120.96000000000001,121.0,121.04,121.06,121.10000000000001,121.14,121.18,121.22,121.26,121.3,120.96000000000001,121.0,121.04,121.08,121.10000000000001,121.14,121.18,121.22,121.26,121.26,121.3,121.0,121.04,121.06,121.10000000000001,121.14,121.18,121.22,121.22,121.26,121.3,121.34,121.04,121.08,121.10000000000001,121.14,121.18,121.18,121.22,121.26,121.3,121.34,121.38
2021-09-23 03:00:00,165.88,165.98,166.1,166.20000000000002,166.32,166.42000000000002,166.54,166.66,166.66,166.76,166.88,165.92000000000002,166.02,166.14000000000001,166.26,166.36,166.48,166.48,166.58,166.70000000000002,166.8,166.92000000000002,165.96,166.08,166.18,166.3,166.3,166.4,166.52,166.62,166.74,166.86,166.96,166.0,166.12,166.22,166.22,166.34,166.44,166.56,166.68,166.78,166.9,167.0,166.04,166.04,166.14000000000001,166.26,166.36,166.48,166.58,166.70000000000002,166.8,166.92000000000002,167.04,165.96,166.08,166.18,166.3,166.4,166.52,166.62,166.74,166.86,166.86,166.96,166.0,166.12,166.22,166.34,166.46,166.56,166.68,166.68,166.78,166.9,167.0,166.06,166.16,166.28,166.38,166.5,166.5,166.6,166.72,166.82,166.94,167.04,166.08,166.20000000000002,166.3,166.42000000000002,166.42000000000002,166.52,166.64000000000001,166.74,166.86,166.98,167.08,166.14000000000001,166.24,166.24,166.36,166.46,166.58,166.68,166.8,166.9,167.02,167.12,166.06,166.18,166.28,166.4,166.5,166.62,166.72,166.84,166.94,167.06,167.06
2021-04-18 06:00:00,258.68,258.7,258.74,258.74,258.8,258.84000000000003,258.86,258.88,258.9,258.94,258.96,258.64,258.64,258.66,258.74,258.76,258.78000000000003,258.8,258.84000000000003,258.86,258.88,258.92,258.56,258.58,258.66,258.68,258.72,258.74,258.76,258.78000000000003,258.82,258.82,258.84000000000003,258.5,258.58,258.6,258.64,258.66,258.68,258.72,258.72,258.74,258.76,258.78000000000003,258.5,258.54,258.56,258.58,258.62,258.64,258.64,258.66,258.7,258.72,258.74,258.46,258.48,258.52,258.54,258.54,258.56,258.6,258.62,258.64,258.66,258.7,258.42,258.44,258.44,258.46,258.5,258.52,258.54,258.58,258.6,258.62,258.64,258.34000000000003,258.36,258.38,258.42,258.44,258.46,258.5,258.52,258.54,258.58,258.58,258.28000000000003,258.32,258.34000000000003,258.36,258.4,258.42,258.44,258.48,258.48,258.5,258.52,258.24,258.26,258.3,258.32,258.34000000000003,258.38,258.4,258.4,258.42,258.46,258.48,258.2,258.22,258.24,258.28000000000003,258.3,258.3,258.32,258.36,258.38,258.4,258.44
2021-04-09 07:00:00,262.12,262.14,262.14,262.16,262.22,262.24,262.26,262.28000000000003,262.3,262.32,262.34000000000003,262.08,262.1,262.12,262.16,262.18,262.2,262.22,262.24,262.26,262.28000000000003,262.28000000000003,262.04,262.06,262.12,262.14,262.16,262.18,262.2,262.22,262.22,262.24,262.26,262.02,262.06,262.08,262.1,262.14,262.16,262.18,262.18,262.2,262.22,262.24,262.02,262.04,262.06,262.08,262.1,262.1,262.12,262.14,262.16,262.18,262.2,262.0,262.02,262.04,262.04,262.06,262.08,262.1,262.12,262.14,262.16,262.18,261.96,261.96,261.98,262.0,262.02,262.04,262.06,262.08,262.1,262.12,262.14,261.92,261.94,261.96,261.98,262.0,262.02,262.04,262.06,262.08,262.08,262.1,261.88,261.9,261.92,261.94,261.96,261.98,262.0,262.02,262.02,262.04,262.08,261.86,261.88,261.9,261.92,261.94,261.96,261.96,261.98,262.0,262.02,262.04,261.82,261.84000000000003,261.86,261.88,261.88,261.9,261.94,261.96,261.98,262.0,262.02
2021-05-16 01:00:00,88.5,88.52,88.54,88.56,88.58,88.60000000000001,88.62,88.64,88.64,88.64,88.66,88.58,88.60000000000001,88.60000000000001,88.62,88.64,88.66,88.68,88.68,88.7,88.72,88.74,88.64,88.66,88.68,88.68,88.7,88.7,88.72,88.74,88.76,88.78,88.8,88.7,88.72,88.74,88.74,88.76,88.76,88.78,88.8,88.82000000000001,88.84,88.86,88.76,88.78,88.78,88.8,88.82000000000001,88.84,88.86,88.86,88.88,88.9,88.92,88.8,88.82000000000001,88.84,88.86,88.88,88.9,88.92,88.94,88.96000000000001,88.98,88.98,88.88,88.9,88.9,88.92,88.94,88.96000000000001,88.98,89.0,89.0,89.02,89.04,88.94,88.96000000000001,88.98,89.0,89.0,89.02,89.02,89.04,89.06,89.08,89.10000000000001,89.0,89.02,89.04,89.06,89.06,89.08,89.10000000000001,89.12,89.12,89.14,89.16,89.06,89.08,89.10000000000001,89.10000000000001,89.12,89.14,89.16,89.18,89.2,89.22,89.24,89.14,89.14,89.14,89.16,89.18,89.2,89.22,89.24,89.26,89.28,89.3
2021-06-21 04:00:00,280.8,280.8,281.1,281.04,280.98,280.92,280.86,280.8,280.76,280.7,280.64,280.52,280.8,280.74,280.7,280.64,280.58,280.52,280.46,280.42,280.42,280.36,280.52,280.46,280.40000000000003,280.34000000000003,280.28000000000003,280.22,280.18,280.18,280.12,280.06,280.02,280.16,280.1,280.04,280.0,279.94,279.94,279.88,279.84000000000003,279.78000000000003,279.74,279.68,279.8,279.74,279.7,279.64,279.64,279.58,279.54,279.48,279.44,279.38,279.34000000000003,279.44,279.38,279.38,279.34000000000003,279.28000000000003,279.24,279.18,279.14,279.1,279.04,279.0,279.14,279.08,279.04,278.98,278.94,278.88,278.84000000000003,278.8,278.74,278.7,278.7,278.78000000000003,278.72,278.68,278.64,278.58,278.54,278.5,278.46,278.46,278.40000000000003,278.36,278.42,278.36,278.32,278.28000000000003,278.24,278.18,278.18,278.14,278.1,278.06,278.02,278.04,278.0,277.96,277.92,277.88,277.88,277.84000000000003,277.8,277.76,277.72,277.68,277.68,277.64,277.6,277.6,277.56,277.52,277.48,277.44,277.40000000000003,277.38,277.34000000000003
2021-05-14 05:00:00,264.86,264.88,264.88,265.0,265.02,265.04,265.06,265.08,265.1,265.14,265.16,264.74,264.76,264.88,264.9,264.92,264.94,264.96,265.0,265.02,265.04,265.04,264.64,264.76,264.78000000000003,264.8,264.82,264.86,264.88,264.9,264.9,264.92,264.94,264.64,264.66,264.68,264.7,264.72,264.76,264.76,264.78000000000003,264.8,264.82,264.84000000000003,264.54,264.56,264.58,264.62,264.64,264.64,264.66,264.68,264.7,264.72,264.74,264.44,264.46,264.5,264.5,264.52,264.54,264.56,264.58,264.6,264.64,264.66,264.34000000000003,264.34000000000003,264.38,264.4,264.42,264.44,264.46,264.5,264.52,264.54,264.56,264.22,264.24,264.28000000000003,264.3,264.32,264.34000000000003,264.36,264.4,264.42,264.42,264.44,264.12,264.16,264.18,264.2,264.22,264.24,264.28000000000003,264.28000000000003,264.3,264.32,264.34000000000003,264.04,264.06,264.08,264.1,264.14,264.16,264.16,264.18,264.2,264.22,264.26,263.94,263.96,263.98,264.02,264.02,264.04,264.06,264.08,264.1,264.14,264.16
2021-06-07 02:00:00,84.54,84.44,84.46000000000001,84.46000000000001,84.46000000000001,84.48,84.48,84.5,84.5,84.52,84.52,84.54,84.56,84.56,84.58,84.58,84.60000000000001,84.60000000000001,84.62,84.62,84.62,84.64,84.66,84.66,84.68,84.68,84.7,84.7,84.7,84.72,84.72,84.74,84.74,84.76,84.78,84.78,84.8,84.8,84.8,84.82000000000001,84.82000000000001,84.84,84.86,84.86,84.88,84.9,84.9,84.9,84.92,84.92,84.94,84.94,84.96000000000001,84.96000000000001,84.98,85.0,85.0,85.0,85.02,85.02,85.04,85.04,85.06,85.06,85.08,85.10000000000001,85.10000000000001,85.10000000000001,85.12,85.12,85.14,85.16,85.16,85.18,85.18,85.18,85.2,85.2,85.22,85.24,85.24,85.26,85.26,85.28,85.28,85.28,85.3,85.32000000000001,85.32000000000001,85.34,85.34,85.36,85.36,85.36,85.38,85.4,85.4,85.42,85.42,85.44,85.44,85.46000000000001,85.48,85.48,85.48,85.5,85.5,85.52,85.54,85.54,85.54,85.56,85.56,85.58,85.58,85.60000000000001,85.60000000000001,85.62,85.64,85.64,85.66
2021-10-05 03:00:00,170.24,170.34,170.44,170.52,170.62,170.72,170.82,170.9,170.9,171.0,171.1,170.28,170.36,170.46,170.56,170.66,170.74,170.74,170.84,170.94,171.04,171.14000000000001,170.3,170.4,170.48,170.58,170.58,170.68,170.78,170.86,170.96,171.06,171.16,170.32,170.42000000000002,170.52,170.52,170.62,170.70000000000002,170.8,170.9,171.0,171.08,171.18,170.36,170.36,170.46,170.54,170.64000000000001,170.74,170.84,170.92000000000002,171.02,171.12,171.22,170.3,170.38,170.48,170.58,170.68,170.76,170.86,170.96,171.06,171.06,171.14000000000001,170.3,170.4,170.5,170.6,170.68,170.78,170.88,170.88,170.98,171.06,171.16,170.34,170.44,170.52,170.62,170.72,170.72,170.82,170.9,171.0,171.1,171.20000000000002,170.38,170.46,170.56,170.66,170.66,170.74,170.84,170.94,171.04,171.12,171.22,170.4,170.5,170.5,170.6,170.68,170.78,170.88,170.96,171.06,171.16,171.26,170.34,170.42000000000002,170.52,170.62,170.70000000000002,170.8,170.9,171.0,171.08,171.18,171.18
2021-05-15 02:00:00,95.8,95.72,95.74000000000001,95.78,95.8,95.84,95.88,95.9,95.94,95.96000000000001,95.96000000000001,95.8,95.82000000000001,95.86,95.9,95.92,95.96000000000001,95.98,96.02,96.02,96.06,96.08,95.92,95.94,95.98,96.0,96.04,96.08,96.08,96.10000000000001,96.14,96.18,96.2,96.02,96.06,96.10000000000001,96.12,96.12,96.16,96.18,96.22,96.26,96.28,96.32000000000001,96.14,96.18,96.2,96.2,96.24000000000001,96.28,96.3,96.34,96.38,96.4,96.44,96.26,96.26,96.3,96.32000000000001,96.36,96.4,96.42,96.46000000000001,96.5,96.52,96.56,96.34,96.38,96.4,96.44,96.48,96.5,96.54,96.58,96.60000000000001,96.60000000000001,96.64,96.46000000000001,96.5,96.52,96.56,96.60000000000001,96.62,96.66,96.66,96.7,96.72,96.76,96.58,96.60000000000001,96.64,96.68,96.7,96.7,96.74000000000001,96.78,96.82000000000001,96.84,96.88,96.7,96.72,96.76,96.8,96.8,96.82000000000001,96.86,96.9,96.92,96.96000000000001,97.0,96.8,96.84,96.84,96.88,96.92,96.94,96.98,97.02,97.04,97.08,97.12
2021-09-18 01:00:00,115.42,115.46000000000001,115.5,115.52,115.56,115.60000000000001,115.60000000000001,115.64,115.68,115.72,115.76,115.46000000000001,115.5,115.54,115.58,115.58,115.62,115.66,115.7,115.74000000000001,115.78,115.82000000000001,115.5,115.54,115.54,115.58,115.62,115.66,115.7,115.74000000000001,115.78,115.82000000000001,115.86,115.56,115.56,115.60000000000001,115.64,115.68,115.72,115.76,115.8,115.84,115.88,115.92,115.58,115.62,115.64,115.68,115.72,115.76,115.8,115.84,115.88,115.88,115.92,115.62,115.66,115.7,115.74000000000001,115.78,115.82000000000001,115.86,115.86,115.9,115.94,115.98,115.68,115.7,115.74000000000001,115.78,115.82000000000001,115.82000000000001,115.86,115.9,115.94,115.98,116.02,115.72,115.76,115.8,115.8,115.84,115.88,115.92,115.96000000000001,116.0,116.04,116.08,115.78,115.82000000000001,115.82000000000001,115.86,115.9,115.94,115.98,116.02,116.06,116.10000000000001,116.14,115.78,115.82000000000001,115.86,115.9,115.94,115.98,116.02,116.06,116.10000000000001,116.14,116.14,115.82000000000001,115.86,115.9,115.94,115.98,116.02,116.06,116.10000000000001,116.10000000000001,116.14,116.18
2021-03-17 02:00:00,131.58,131.64000000000001,131.7,131.76,131.82,131.88,131.94,131.94,132.0,132.06,132.12,131.64000000000001,131.7,131.76,131.82,131.88,131.88,131.94,132.0,132.06,132.12,132.18,131.68,131.74,131.8,131.8,131.86,131.92000000000002,131.98,132.04,132.1,132.16,132.22,131.74,131.8,131.8,131.86,131.92000000000002,131.98,132.04,132.1,132.16,132.22,132.28,131.74,131.8,131.86,131.92000000000002,131.98,132.04,132.1,132.16,132.22,132.28,132.28,131.8,131.86,131.92000000000002,131.98,132.04,132.1,132.16,132.22,132.22,132.28,132.34,131.84,131.9,131.96,132.02,132.08,132.14000000000001,132.14000000000001,132.2,132.26,132.32,132.38,131.9,131.96,132.02,132.08,132.08,132.14000000000001,132.2,132.26,132.32,132.38,132.44,131.96,132.02,132.08,132.08,132.14000000000001,132.2,132.26,132.32,132.38,132.44,132.5,132.02,132.02,132.08,132.14000000000001,132.2,132.26,132.32,132.38,132.44,132.5,132.56,132.02,132.08,132.14000000000001,132.2,132.26,132.32,132.38,132.44,132.5,132.5,132.56
2021-06-08 00:00:00,78.78,78.78,78.8,78.8,78.82000000000001,78.82000000000001,78.84,78.84,78.84,78.86,78.86,78.8,78.82000000000001,78.84,78.84,78.86,78.86,78.86,78.88,78.88,78.9,78.9,78.84,78.86,78.86,78.88,78.88,78.9,78.9,78.92,78.92,78.94,78.94,78.88,78.9,78.9,78.9,78.92,78.92,78.94,78.96000000000001,78.96000000000001,78.98,78.98,78.92,78.92,78.94,78.94,78.96000000000001,78.96000000000001,78.98,79.0,79.0,79.02,79.02,78.96000000000001,78.96000000000001,78.98,78.98,79.0,79.0,79.02,79.02,79.04,79.04,79.06,79.0,79.0,79.02,79.02,79.04,79.04,79.06,79.06,79.06,79.08,79.10000000000001,79.02,79.04,79.06,79.06,79.08,79.08,79.08,79.10000000000001,79.10000000000001,79.12,79.14,79.06,79.08,79.10000000000001,79.10000000000001,79.10000000000001,79.12,79.12,79.14,79.14,79.16,79.16,79.10000000000001,79.12,79.12,79.12,79.14,79.16,79.16,79.18,79.18,79.2,79.2,79.14,79.14,79.16,79.16,79.18,79.2,79.2,79.22,79.22,79.24,79.24
2021-04-13 00:00:00,96.06,96.08,96.10000000000001,96.12,96.14,96.16,96.18,96.18,96.2,96.22,96.24000000000001,96.08,96.10000000000001,96.14,96.16,96.18,96.18,96.2,96.22,96.24000000000001,96.26,96.28,96.12,96.14,96.16,96.16,96.18,96.2,96.24000000000001,96.26,96.28,96.3,96.32000000000001,96.16,96.16,96.18,96.2,96.22,96.24000000000001,96.26,96.28,96.3,96.32000000000001,96.36,96.18,96.2,96.22,96.24000000000001,96.26,96.28,96.3,96.32000000000001,96.34,96.36,96.36,96.2,96.22,96.26,96.28,96.3,96.32000000000001,96.34,96.36,96.36,96.38,96.4,96.24000000000001,96.26,96.28,96.3,96.34,96.36,96.36,96.38,96.4,96.42,96.44,96.28,96.3,96.32000000000001,96.34,96.34,96.36,96.38,96.4,96.44,96.46000000000001,96.48,96.32000000000001,96.34,96.34,96.36,96.38,96.4,96.42,96.44,96.46000000000001,96.48,96.52,96.36,96.36,96.38,96.4,96.42,96.44,96.46000000000001,96.48,96.5,96.52,96.54,96.36,96.38,96.4,96.44,96.46000000000001,96.48,96.5,96.52,96.54,96.54,96.56
2021-03-28 06:00:00,246.52,246.52,246.54,246.62,246.66,246.68,246.72,246.76000000000002,246.8,246.82,246.86,246.44,246.46,246.54,246.58,246.62,246.64000000000001,246.68,246.72,246.76000000000002,246.76000000000002,246.78,246.4,246.46,246.5,246.54,246.58,246.6,246.64000000000001,246.64000000000001,246.68,246.72,246.74,246.4,246.42000000000002,246.46,246.5,246.54,246.56,246.56,246.6,246.64000000000001,246.68,246.70000000000002,246.36,246.4,246.42000000000002,246.46,246.46,246.5,246.54,246.56,246.6,246.64000000000001,246.68,246.32,246.36,246.36,246.38,246.42000000000002,246.46,246.5,246.52,246.56,246.6,246.64000000000001,246.24,246.28,246.3,246.34,246.38,246.42000000000002,246.44,246.48000000000002,246.52,246.56,246.56,246.20000000000002,246.24,246.28,246.3,246.34,246.38,246.42000000000002,246.44,246.44,246.48000000000002,246.52,246.16,246.20000000000002,246.24,246.26000000000002,246.3,246.34,246.38,246.38,246.4,246.44,246.48000000000002,246.12,246.16,246.20000000000002,246.22,246.26000000000002,246.26000000000002,246.3,246.34,246.38,246.4,246.44,246.08,246.12,246.16,246.16,246.18,246.22,246.26000000000002,246.3,246.34,246.36,246.4
2021-01-30 04:00:00,186.3,186.36,186.42000000000002,186.48,186.56,186.56,186.62,186.68,186.76,186.82,186.88,186.3,186.36,186.44,186.5,186.5,186.56,186.62,186.70000000000002,186.76,186.82,186.88,186.3,186.38,186.38,186.44,186.5,186.56,186.64000000000001,186.70000000000002,186.76,186.82,186.9,186.24,186.32,186.38,186.44,186.5,186.58,186.64000000000001,186.70000000000002,186.76,186.84,186.84,186.24,186.32,186.38,186.44,186.5,186.58,186.64000000000001,186.70000000000002,186.70000000000002,186.76,186.84,186.26,186.32,186.38,186.44,186.52,186.58,186.58,186.64000000000001,186.70000000000002,186.78,186.84,186.26,186.32,186.38,186.46,186.52,186.52,186.58,186.64000000000001,186.72,186.78,186.84,186.26,186.34,186.4,186.4,186.46,186.52,186.6,186.66,186.72,186.78,186.86,186.26,186.26,186.34,186.4,186.46,186.52,186.6,186.66,186.72,186.78,186.86,186.20000000000002,186.28,186.34,186.4,186.46,186.54,186.6,186.66,186.72,186.72,186.8,186.22,186.28,186.34,186.42000000000002,186.48,186.54,186.6,186.6,186.68,186.74,186.8
2021-05-15 06:00:00,271.8,271.8,271.82,271.82,271.88,271.9,271.92,271.92,271.94,271.96,271.96,271.74,271.74,271.76,271.82,271.84000000000003,271.84000000000003,271.86,271.88,271.88,271.9,271.92,271.66,271.68,271.76,271.76,271.78000000000003,271.8,271.8,271.82,271.84000000000003,271.84000000000003,271.84000000000003,271.62,271.68,271.7,271.7,271.72,271.74,271.74,271.74,271.76,271.78000000000003,271.78000000000003,271.62,271.62,271.64,271.66,271.66,271.68,271.68,271.7,271.7,271.72,271.74,271.56,271.58,271.58,271.6,271.6,271.62,271.62,271.64,271.66,271.66,271.68,271.5,271.52,271.52,271.54,271.54,271.56,271.58,271.58,271.6,271.62,271.62,271.44,271.44,271.46,271.48,271.48,271.5,271.52,271.54,271.54,271.56,271.56,271.38,271.4,271.4,271.42,271.44,271.44,271.46,271.48,271.48,271.5,271.5,271.32,271.34000000000003,271.36,271.36,271.38,271.4,271.4,271.4,271.42,271.44,271.46,271.28000000000003,271.28000000000003,271.3,271.32,271.32,271.32,271.34000000000003,271.36,271.36,271.38,271.4
2021-03-11 02:00:00,133.88,133.94,134.0,134.06,134.12,134.18,134.24,134.24,134.28,134.34,134.4,133.94,134.0,134.04,134.1,134.16,134.16,134.22,134.28,134.34,134.4,134.46,133.98,134.04,134.1,134.1,134.16,134.22,134.28,134.34,134.4,134.44,134.5,134.04,134.1,134.1,134.14000000000001,134.2,134.26,134.32,134.38,134.44,134.5,134.56,134.02,134.08,134.14000000000001,134.2,134.26,134.32,134.38,134.44,134.5,134.56,134.56,134.08,134.14000000000001,134.2,134.26,134.32,134.38,134.42000000000002,134.48,134.48,134.54,134.6,134.12,134.18,134.24,134.3,134.36,134.42000000000002,134.42000000000002,134.48,134.54,134.6,134.66,134.18,134.24,134.3,134.34,134.34,134.4,134.46,134.52,134.58,134.64000000000001,134.7,134.22,134.28,134.34,134.34,134.4,134.46,134.52,134.58,134.64000000000001,134.7,134.76,134.28,134.28,134.34,134.4,134.46,134.52,134.58,134.64000000000001,134.68,134.74,134.8,134.26,134.32,134.38,134.44,134.5,134.56,134.62,134.68,134.74,134.74,134.8
2021-05-21 07:00:00,278.1,278.12,278.12,278.12,278.18,278.18,278.2,278.2,278.22,278.22,278.24,278.08,278.08,278.08,278.12,278.14,278.16,278.16,278.18,278.18,278.2,278.2,278.04,278.04,278.08,278.1,278.1,278.12,278.12,278.14,278.16,278.16,278.16,278.0,278.04,278.06,278.06,278.08,278.08,278.1,278.1,278.1,278.12,278.12,278.0,278.0,278.02,278.04,278.04,278.06,278.06,278.06,278.08,278.08,278.1,277.96,277.98,277.98,278.0,278.0,278.0,278.02,278.04,278.04,278.06,278.06,277.94,277.94,277.94,277.96,277.96,277.98,277.98,278.0,278.0,278.02,278.04,277.88,277.90000000000003,277.90000000000003,277.92,277.94,277.94,277.96,277.96,277.98,277.98,277.98,277.86,277.86,277.88,277.88,277.90000000000003,277.90000000000003,277.92,277.94,277.94,277.94,277.96,277.82,277.84000000000003,277.84000000000003,277.86,277.86,277.88,277.88,277.88,277.90000000000003,277.90000000000003,277.92,277.78000000000003,277.8,277.8,277.82,277.84000000000003,277.84000000000003,277.84000000000003,277.86,277.86,277.88,277.88
2021-06-25 07:00:00,281.84000000000003,281.86,281.86,281.86,281.90000000000003,281.92,281.92,281.94,281.94,281.94,281.96,281.82,281.82,281.82,281.86,281.88,281.88,281.88,281.90000000000003,281.90000000000003,281.92,281.92,281.76,281.78000000000003,281.82,281.82,281.84000000000003,281.84000000000003,281.86,281.86,281.88,281.88,281.88,281.74,281.78000000000003,281.78000000000003,281.8,281.8,281.8,281.82,281.82,281.82,281.84000000000003,281.84000000000003,281.74,281.74,281.76,281.76,281.76,281.78000000000003,281.78000000000003,281.78000000000003,281.8,281.8,281.8,281.7,281.7,281.72,281.72,281.72,281.74,281.74,281.74,281.76,281.76,281.78000000000003,281.66,281.68,281.68,281.68,281.68,281.7,281.7,281.72,281.72,281.72,281.74,281.62,281.62,281.64,281.64,281.66,281.66,281.66,281.68,281.68,281.7,281.7,281.58,281.58,281.6,281.6,281.62,281.62,281.64,281.64,281.64,281.64,281.66,281.54,281.56,281.56,281.58,281.58,281.58,281.6,281.6,281.6,281.62,281.62,281.52,281.52,281.52,281.54,281.54,281.54,281.56,281.56,281.56,281.58,281.58
2021-04-08 05:00:00,238.02,238.08,238.20000000000002,238.26,238.32,238.38,238.44,238.5,238.54,238.6,238.6,237.96,238.08,238.14000000000001,238.20000000000002,238.26,238.32,238.38,238.42000000000002,238.42000000000002,238.48000000000002,238.54,237.96,238.02,238.08,238.14000000000001,238.18,238.24,238.24,238.3,238.36,238.42000000000002,238.48000000000002,237.9,237.96,238.02,238.06,238.12,238.12,238.18,238.24,238.3,238.36,238.42000000000002,237.84,237.9,237.96,237.96,238.0,238.06,238.12,238.18,238.24,238.3,238.36,237.78,237.78,237.84,237.88,237.94,238.0,238.06,238.12,238.18,238.24,238.3,237.64000000000001,237.70000000000002,237.76,237.82,237.88,237.94,238.0,238.06,238.12,238.12,238.18,237.58,237.64000000000001,237.70000000000002,237.76,237.82,237.88,237.94,237.94,238.0,238.06,238.12,237.52,237.58,237.64000000000001,237.70000000000002,237.76,237.82,237.82,237.88,237.94,238.0,238.06,237.46,237.52,237.58,237.64000000000001,237.64000000000001,237.70000000000002,237.76,237.82,237.88,237.94,238.0,237.4,237.46,237.46,237.52,237.58,237.64000000000001,237.70000000000002,237.76,237.82,237.88,237.94
2021-08-18 03:00:00,138.06,138.22,138.38,138.54,138.72,138.88,139.04,139.20000000000002,139.20000000000002,139.38,139.54,138.22,138.38,138.54,138.70000000000002,138.86,139.04,139.04,139.20000000000002,139.36,139.54,139.70000000000002,138.34,138.5,138.68,138.84,138.84,139.0,139.16,139.34,139.5,139.66,139.84,138.5,138.66,138.82,138.82,139.0,139.16,139.32,139.48,139.66,139.82,140.0,138.66,138.66,138.82,138.98,139.14000000000001,139.32,139.48,139.64000000000001,139.82,139.98,140.14000000000001,138.64000000000001,138.82,138.98,139.14000000000001,139.3,139.46,139.64000000000001,139.8,139.96,139.96,140.14000000000001,138.8,138.96,139.12,139.28,139.44,139.6,139.78,139.78,139.94,140.1,140.28,138.94,139.1,139.26,139.44,139.6,139.6,139.76,139.92000000000002,140.1,140.26,140.42000000000002,139.1,139.26,139.42000000000002,139.58,139.58,139.76,139.92000000000002,140.08,140.24,140.42000000000002,140.58,139.24,139.42000000000002,139.42000000000002,139.58,139.74,139.9,140.06,140.24,140.4,140.56,140.74,139.22,139.38,139.54,139.70000000000002,139.86,140.04,140.20000000000002,140.36,140.52,140.70000000000002,140.70000000000002
2021-11-07 03:00:00,174.96,175.02,175.1,175.16,175.16,175.22,175.3,175.36,175.44,175.5,175.58,174.98,175.04,175.1,175.1,175.18,175.24,175.32,175.38,175.46,175.52,175.58,175.0,175.0,175.06,175.12,175.20000000000002,175.26,175.34,175.4,175.46,175.54,175.6,174.94,175.0,175.08,175.14000000000001,175.22,175.28,175.34,175.42000000000002,175.48,175.48,175.56,174.94,175.02,175.08,175.16,175.22,175.28,175.36,175.36,175.42000000000002,175.5,175.56,174.96,175.04,175.1,175.16,175.24,175.24,175.3,175.38,175.44,175.5,175.58,174.98,175.04,175.12,175.18,175.18,175.26,175.32,175.38,175.46,175.52,175.6,175.0,175.06,175.06,175.14000000000001,175.20000000000002,175.26,175.34,175.4,175.48,175.54,175.6,174.94,175.02,175.08,175.14000000000001,175.22,175.28,175.34,175.42000000000002,175.48,175.56,175.56,174.96,175.02,175.1,175.16,175.24,175.3,175.36,175.44,175.44,175.5,175.56,174.98,175.04,175.12,175.18,175.24,175.32,175.32,175.38,175.46,175.52,175.58
2021-07-24 04:00:00,246.86,246.86,247.34,247.48000000000002,247.64000000000001,247.78,247.94,248.08,248.22,248.36,248.5,246.38,246.86,247.02,247.16,247.32,247.46,247.62,247.76000000000002,247.9,247.9,248.06,246.38,246.54,246.68,246.84,247.0,247.14000000000001,247.3,247.3,247.44,247.6,247.74,246.02,246.18,246.34,246.5,246.66,246.66,246.8,246.96,247.12,247.26000000000002,247.4,245.70000000000002,245.86,246.02,246.18,246.18,246.34,246.5,246.64000000000001,246.8,246.94,247.1,245.38,245.54,245.54,245.70000000000002,245.86,246.02,246.18,246.34,246.5,246.64000000000001,246.8,244.9,245.06,245.24,245.4,245.56,245.72,245.88,246.04,246.18,246.34,246.34,244.58,244.74,244.9,245.08,245.24,245.4,245.56,245.72,245.72,245.86,246.02,244.26,244.44,244.6,244.76,244.92000000000002,245.08,245.08,245.26,245.4,245.56,245.72,243.96,244.12,244.3,244.46,244.62,244.62,244.78,244.94,245.1,245.26,245.42000000000002,243.64000000000001,243.82,243.98000000000002,243.98000000000002,244.16,244.32,244.48000000000002,244.64000000000001,244.8,244.96,245.12
2021-10-07 02:00:00,143.64000000000001,143.70000000000002,143.76,143.84,143.9,143.9,143.98,144.04,144.1,144.18,144.24,143.68,143.74,143.82,143.82,143.88,143.94,144.02,144.08,144.16,144.22,144.3,143.72,143.8,143.8,143.86,143.92000000000002,144.0,144.06,144.14000000000001,144.20000000000002,144.28,144.34,143.70000000000002,143.78,143.84,143.9,143.98,144.04,144.12,144.18,144.26,144.32,144.32,143.76,143.82,143.9,143.96,144.02,144.1,144.16,144.24,144.24,144.3,144.36,143.8,143.86,143.92000000000002,144.0,144.06,144.14000000000001,144.14000000000001,144.20000000000002,144.28,144.34,144.4,143.84,143.92000000000002,143.98,144.04,144.04,144.12,144.18,144.26,144.32,144.38,144.46,143.9,143.96,144.02,144.02,144.1,144.16,144.24,144.3,144.36,144.44,144.5,143.94,143.94,144.0,144.08,144.14000000000001,144.22,144.28,144.34,144.42000000000002,144.48,144.56,143.92000000000002,143.98,144.06,144.12,144.18,144.26,144.32,144.4,144.46,144.46,144.54,143.96,144.04,144.1,144.16,144.24,144.3,144.38,144.38,144.44,144.52,144.58
2021-04-26 04:00:00,222.88,222.88,223.14000000000001,223.3,223.46,223.6,223.76,223.92000000000002,224.08,224.22,224.38,222.62,222.88,223.04,223.18,223.34,223.5,223.66,223.82,223.96,223.96,224.12,222.62,222.76,222.92000000000002,223.08,223.24,223.4,223.54,223.54,223.70000000000002,223.86,224.02,222.48000000000002,222.64000000000001,222.8,222.96,223.1,223.1,223.26,223.42000000000002,223.58,223.72,223.88,222.38,222.54,222.70000000000002,222.84,222.84,223.0,223.16,223.32,223.46,223.62,223.78,222.28,222.42000000000002,222.42000000000002,222.58,222.74,222.9,223.06,223.20000000000002,223.36,223.52,223.66,222.0,222.16,222.32,222.48000000000002,222.64000000000001,222.8,222.94,223.1,223.26,223.42000000000002,223.42000000000002,221.9,222.06,222.22,222.36,222.52,222.68,222.84,222.98000000000002,222.98000000000002,223.14000000000001,223.3,221.8,221.96,222.1,222.26,222.42000000000002,222.58,222.58,222.74,222.88,223.04,223.20000000000002,221.70000000000002,221.84,222.0,222.16,222.32,222.32,222.48000000000002,222.62,222.78,222.94,223.08,221.58,221.74,221.9,221.9,222.06,222.22,222.38,222.52,222.68,222.84,222.98000000000002
2021-02-16 03:00:00,161.8,161.88,161.94,162.02,162.08,162.16,162.16,162.22,162.3,162.38,162.44,161.82,161.9,161.98,162.04,162.04,162.12,162.18,162.26,162.32,162.4,162.46,161.86,161.92000000000002,162.0,162.0,162.08,162.14000000000001,162.22,162.28,162.36,162.42000000000002,162.5,161.88,161.88,161.96,162.04,162.1,162.18,162.24,162.32,162.38,162.46,162.52,161.84,161.92000000000002,162.0,162.06,162.14000000000001,162.20000000000002,162.28,162.34,162.42000000000002,162.42000000000002,162.48,161.86,161.94,162.02,162.08,162.16,162.22,162.3,162.3,162.36,162.44,162.5,161.9,161.98,162.04,162.12,162.18,162.18,162.26,162.32,162.4,162.46,162.54,161.94,162.0,162.08,162.14000000000001,162.14000000000001,162.22,162.28,162.36,162.42000000000002,162.5,162.56,161.96,162.04,162.04,162.1,162.18,162.24,162.32,162.38,162.46,162.52,162.6,161.92000000000002,161.98,162.06,162.12,162.20000000000002,162.26,162.34,162.42000000000002,162.48,162.56,162.56,161.94,162.02,162.08,162.16,162.22,162.3,162.36,162.44,162.44,162.52,162.58
2021-03-03 05:00:00,215.54,215.62,215.68,215.74,215.82,215.88,215.94,216.0,216.0,216.06,216.14000000000001,215.54,215.6,215.66,215.72,215.78,215.84,215.84,215.92000000000002,215.98000000000002,216.04,216.1,215.5,215.58,215.64000000000001,215.70000000000002,215.76,215.76,215.82,215.88,215.96,216.02,216.08,215.48000000000002,215.54,215.62,215.62,215.68,215.74,215.8,215.86,215.94,216.0,216.06,215.46,215.46,215.52,215.58,215.66,215.72,215.78,215.84,215.9,215.98000000000002,216.04,215.36,215.44,215.5,215.56,215.62,215.68,215.74,215.82,215.88,215.88,215.94,215.34,215.4,215.48000000000002,215.54,215.6,215.66,215.72,215.72,215.78,215.86,215.92000000000002,215.32,215.38,215.44,215.52,215.58,215.64000000000001,215.64000000000001,215.70000000000002,215.76,215.84,215.9,215.3,215.36,215.42000000000002,215.5,215.5,215.56,215.62,215.68,215.74,215.8,215.88,215.28,215.34,215.34,215.4,215.46,215.52,215.6,215.66,215.72,215.78,215.84,215.18,215.24,215.32,215.38,215.44,215.5,215.56,215.64000000000001,215.70000000000002,215.76,215.76
2021-04-04 07:00:00,259.76,259.8,259.8,259.82,259.86,259.88,259.9,259.92,259.94,259.96,259.98,259.72,259.74,259.76,259.82,259.84000000000003,259.86,259.88,259.9,259.92,259.94,259.94,259.7,259.72,259.76,259.78000000000003,259.8,259.82,259.84000000000003,259.86,259.86,259.9,259.92,259.66,259.72,259.74,259.76,259.78000000000003,259.8,259.82,259.82,259.84000000000003,259.86,259.88,259.66,259.68,259.7,259.72,259.76,259.76,259.78000000000003,259.8,259.82,259.84000000000003,259.86,259.64,259.66,259.68,259.68,259.7,259.72,259.74,259.76,259.78000000000003,259.8,259.84000000000003,259.6,259.6,259.62,259.64,259.68,259.7,259.72,259.74,259.76,259.78000000000003,259.8,259.56,259.58,259.6,259.62,259.64,259.66,259.68,259.7,259.74,259.74,259.76,259.52,259.56,259.58,259.6,259.62,259.64,259.66,259.68,259.68,259.7,259.72,259.5,259.52,259.54,259.56,259.6,259.62,259.62,259.64,259.66,259.68,259.7,259.48,259.5,259.52,259.54,259.54,259.56,259.58,259.6,259.62,259.64,259.68
2021-04-07 03:00:00,152.5,152.64000000000001,152.78,152.92000000000002,153.04,153.18,153.32,153.46,153.46,153.6,153.74,152.58,152.72,152.86,153.0,153.14000000000001,153.28,153.28,153.42000000000002,153.54,153.68,153.82,152.66,152.8,152.92000000000002,153.06,153.06,153.20000000000002,153.34,153.48,153.62,153.76,153.9,152.74,152.88,153.02,153.02,153.14000000000001,153.28,153.42000000000002,153.56,153.70000000000002,153.84,153.98,152.82,152.82,152.96,153.1,153.24,153.38,153.5,153.64000000000001,153.78,153.92000000000002,154.06,152.78,152.92000000000002,153.04,153.18,153.32,153.46,153.6,153.74,153.86,153.86,154.0,152.84,152.98,153.12,153.26,153.4,153.54,153.66,153.66,153.8,153.94,154.08,152.94,153.08,153.20000000000002,153.34,153.48,153.48,153.62,153.76,153.88,154.02,154.16,153.02,153.16,153.3,153.42000000000002,153.42000000000002,153.56,153.70000000000002,153.84,153.98,154.12,154.24,153.1,153.24,153.24,153.38,153.52,153.64000000000001,153.78,153.92000000000002,154.06,154.20000000000002,154.34,153.04,153.16,153.3,153.44,153.58,153.72,153.84,153.98,154.12,154.26,154.26
2021-07-19 00:00:00,80.96000000000001,80.96000000000001,80.98,81.0,81.0,81.02,81.02,81.04,81.04,81.06,81.06,80.98,81.0,81.02,81.02,81.04,81.06,81.06,81.06,81.08,81.10000000000001,81.10000000000001,81.02,81.04,81.06,81.06,81.06,81.08,81.08,81.10000000000001,81.12,81.12,81.14,81.06,81.08,81.08,81.08,81.10000000000001,81.12,81.12,81.14,81.16,81.16,81.18,81.10000000000001,81.10000000000001,81.12,81.12,81.14,81.14,81.16,81.18,81.18,81.2,81.22,81.12,81.14,81.14,81.16,81.18,81.18,81.2,81.22,81.22,81.22,81.24,81.16,81.18,81.18,81.2,81.22,81.22,81.24,81.24,81.24,81.26,81.28,81.2,81.2,81.22,81.24,81.24,81.24,81.26,81.28,81.28,81.3,81.32000000000001,81.24,81.24,81.26,81.26,81.28,81.28,81.3,81.32000000000001,81.32000000000001,81.34,81.34,81.26,81.28,81.28,81.3,81.3,81.32000000000001,81.34,81.34,81.36,81.38,81.38,81.3,81.3,81.32000000000001,81.34,81.34,81.36,81.38,81.38,81.4,81.42,81.42
2021-08-14 05:00:00,252.04,252.08,252.08,252.22,252.26000000000002,252.3,252.34,252.4,252.44,252.48000000000002,252.52,251.9,251.94,252.08,252.12,252.16,252.22,252.26000000000002,252.3,252.34,252.4,252.4,251.8,251.94,251.98000000000002,252.04,252.08,252.12,252.16,252.22,252.22,252.26000000000002,252.3,251.8,251.84,251.9,251.94,251.98000000000002,252.02,252.02,252.08,252.12,252.16,252.22,251.72,251.76000000000002,251.8,251.84,251.9,251.9,251.94,251.98000000000002,252.04,252.08,252.12,251.62,251.66,251.72,251.72,251.76000000000002,251.8,251.86,251.9,251.94,251.98000000000002,252.04,251.54,251.54,251.58,251.62,251.68,251.72,251.76000000000002,251.8,251.86,251.9,251.94,251.4,251.44,251.48000000000002,251.54,251.58,251.62,251.66,251.72,251.76000000000002,251.76000000000002,251.8,251.3,251.34,251.4,251.44,251.48000000000002,251.54,251.58,251.58,251.62,251.68,251.72,251.22,251.26000000000002,251.3,251.36,251.4,251.44,251.44,251.5,251.54,251.58,251.64000000000001,251.12,251.18,251.22,251.26000000000002,251.26000000000002,251.32,251.36,251.4,251.46,251.5,251.54
2021-08-15 02:00:00,106.42,106.36,106.42,106.46000000000001,106.5,106.56,106.60000000000001,106.64,106.7,106.74000000000001,106.74000000000001,106.42,106.46000000000001,106.52,106.56,106.60000000000001,106.66,106.7,106.74000000000001,106.74000000000001,106.8,106.84,106.52,106.56,106.62,106.66,106.7,106.76,106.76,106.8,106.84,106.9,106.94,106.62,106.66,106.7,106.76,106.76,106.8,106.84,106.9,106.94,106.98,107.04,106.7,106.76,106.8,106.8,106.84,106.9,106.94,107.0,107.04,107.08,107.14,106.8,106.8,106.86,106.9,106.94,107.0,107.04,107.10000000000001,107.14,107.18,107.24000000000001,106.86,106.9,106.96000000000001,107.0,107.04,107.10000000000001,107.14,107.2,107.24000000000001,107.24000000000001,107.28,106.96000000000001,107.0,107.04,107.10000000000001,107.14,107.2,107.24000000000001,107.24000000000001,107.28,107.34,107.38,107.06,107.10000000000001,107.14,107.2,107.24000000000001,107.24000000000001,107.28,107.34,107.38,107.44,107.48,107.14,107.2,107.24000000000001,107.3,107.3,107.34,107.38,107.44,107.48,107.54,107.58,107.24000000000001,107.3,107.3,107.34,107.4,107.44,107.48,107.54,107.58,107.64,107.68
2021-04-09 03:00:00,151.8,151.94,152.08,152.22,152.38,152.52,152.66,152.8,152.8,152.94,153.08,151.9,152.04,152.18,152.32,152.46,152.6,152.6,152.74,152.9,153.04,153.18,151.96,152.1,152.24,152.4,152.4,152.54,152.68,152.82,152.96,153.1,153.24,152.06,152.20000000000002,152.34,152.34,152.48,152.62,152.76,152.9,153.06,153.20000000000002,153.34,152.14000000000001,152.14000000000001,152.28,152.42000000000002,152.58,152.72,152.86,153.0,153.14000000000001,153.28,153.42000000000002,152.1,152.24,152.38,152.52,152.66,152.8,152.94,153.08,153.24,153.24,153.38,152.18,152.32,152.46,152.6,152.74,152.88,153.02,153.02,153.16,153.3,153.46,152.26,152.4,152.54,152.68,152.84,152.84,152.98,153.12,153.26,153.4,153.54,152.36,152.5,152.64000000000001,152.78,152.78,152.92000000000002,153.06,153.20000000000002,153.34,153.48,153.64000000000001,152.44,152.58,152.58,152.72,152.86,153.0,153.16,153.3,153.44,153.58,153.72,152.38,152.52,152.66,152.8,152.94,153.08,153.22,153.36,153.5,153.64000000000001,153.64000000000001
2021-03-01 04:00:00,188.86,188.96,189.04,189.12,189.22,189.3,189.38,189.38,189.48,189.56,189.64000000000001,188.86,188.96,189.04,189.12,189.20000000000002,189.20000000000002,189.3,189.38,189.46,189.56,189.64000000000001,188.86,188.96,189.04,189.12,189.12,189.22,189.3,189.38,189.48,189.56,189.64000000000001,188.88,188.96,188.96,189.04,189.14000000000001,189.22,189.3,189.4,189.48,189.56,189.64000000000001,188.8,188.88,188.96,189.06,189.14000000000001,189.22,189.3,189.4,189.48,189.56,189.56,188.78,188.88,188.96,189.04,189.12,189.22,189.3,189.38,189.38,189.48,189.56,188.8,188.88,188.96,189.04,189.14000000000001,189.22,189.22,189.3,189.4,189.48,189.56,188.8,188.88,188.96,189.06,189.14000000000001,189.14000000000001,189.22,189.32,189.4,189.48,189.56,188.8,188.88,188.98,188.98,189.06,189.14000000000001,189.22,189.32,189.4,189.48,189.58,188.8,188.8,188.88,188.98,189.06,189.14000000000001,189.22,189.32,189.4,189.48,189.58,188.72,188.8,188.9,188.98,189.06,189.14000000000001,189.24,189.32,189.4,189.4,189.48
2021-05-13 01:00:00,89.76,89.78,89.8,89.8,89.82000000000001,89.84,89.86,89.88,89.9,89.9,89.92,89.82000000000001,89.84,89.86,89.88,89.9,89.92,89.94,89.94,89.94,89.96000000000001,89.98,89.88,89.9,89.92,89.94,89.96000000000001,89.96000000000001,89.98,90.0,90.02,90.04,90.06,89.94,89.96000000000001,89.98,89.98,90.0,90.02,90.04,90.06,90.08,90.10000000000001,90.12,90.0,90.02,90.02,90.04,90.06,90.08,90.10000000000001,90.12,90.14,90.16,90.18,90.06,90.08,90.10000000000001,90.10000000000001,90.12,90.14,90.16,90.18,90.2,90.22,90.22,90.12,90.14,90.16,90.18,90.2,90.22,90.24,90.26,90.26,90.28,90.3,90.18,90.2,90.22,90.24,90.26,90.28,90.28,90.3,90.32000000000001,90.34,90.36,90.24,90.26,90.28,90.3,90.3,90.32000000000001,90.34,90.36,90.38,90.4,90.42,90.3,90.32000000000001,90.34,90.34,90.36,90.38,90.4,90.42,90.44,90.46000000000001,90.48,90.38,90.38,90.4,90.42,90.44,90.46000000000001,90.48,90.5,90.52,90.54,90.56
2021-08-08 06:00:00,266.04,266.06,266.08,266.08,266.16,266.18,266.2,266.2,266.22,266.24,266.26,265.98,265.98,266.0,266.08,266.1,266.12,266.14,266.16,266.18,266.2,266.22,265.9,265.92,266.0,266.02,266.04,266.06,266.08,266.1,266.12,266.12,266.14,265.84000000000003,265.92,265.94,265.96,265.98,266.0,266.02,266.02,266.04,266.06,266.08,265.84000000000003,265.86,265.88,265.9,265.92,265.94,265.94,265.96,265.98,266.0,266.02,265.8,265.82,265.84000000000003,265.86,265.86,265.88,265.9,265.92,265.92,265.94,265.96,265.74,265.76,265.76,265.78000000000003,265.8,265.82,265.84000000000003,265.86,265.88,265.9,265.92,265.66,265.68,265.7,265.72,265.74,265.76,265.78000000000003,265.8,265.82,265.84000000000003,265.84000000000003,265.6,265.62,265.64,265.66,265.68,265.7,265.72,265.74,265.74,265.76,265.78000000000003,265.54,265.56,265.58,265.6,265.62,265.64,265.66,265.66,265.68,265.7,265.72,265.48,265.5,265.52,265.54,265.56,265.56,265.58,265.6,265.62,265.64,265.66
2021-05-29 04:00:00,266.38,266.38,266.7,266.72,266.76,266.78000000000003,266.8,266.82,266.84000000000003,266.88,266.9,266.04,266.38,266.4,266.42,266.46,266.48,266.5,266.54,266.56,266.56,266.58,266.04,266.08,266.1,266.14,266.16,266.18,266.22,266.22,266.24,266.26,266.3,265.74,265.78000000000003,265.8,265.84000000000003,265.86,265.86,265.9,265.92,265.94,265.98,266.0,265.44,265.48,265.5,265.54,265.54,265.56,265.6,265.62,265.66,265.68,265.72,265.14,265.18,265.18,265.2,265.24,265.28000000000003,265.3,265.34000000000003,265.36,265.4,265.44,264.82,264.84000000000003,264.88,264.92,264.94,264.98,265.02,265.04,265.08,265.12,265.12,264.5,264.54,264.58,264.62,264.66,264.68,264.72,264.76,264.76,264.8,264.82,264.2,264.24,264.28000000000003,264.32,264.36,264.4,264.4,264.44,264.46,264.5,264.54,263.92,263.96,263.98,264.02,264.06,264.06,264.1,264.14,264.18,264.22,264.26,263.62,263.66,263.7,263.7,263.74,263.78000000000003,263.82,263.86,263.9,263.94,263.98
2021-02-24 03:00:00,160.62,160.70000000000002,160.78,160.86,160.94,161.02,161.02,161.08,161.16,161.24,161.32,160.66,160.74,160.8,160.88,160.88,160.96,161.04,161.12,161.20000000000002,161.26,161.34,160.70000000000002,160.76,160.84,160.84,160.92000000000002,161.0,161.08,161.16,161.22,161.3,161.38,160.72,160.72,160.8,160.88,160.96,161.04,161.1,161.18,161.26,161.34,161.42000000000002,160.68,160.76,160.84,160.92000000000002,160.98,161.06,161.14000000000001,161.22,161.3,161.3,161.38,160.70000000000002,160.78,160.86,160.94,161.02,161.08,161.16,161.16,161.24,161.32,161.4,160.74,160.82,160.9,160.98,161.04,161.04,161.12,161.20000000000002,161.28,161.36,161.44,160.78,160.86,160.92000000000002,161.0,161.0,161.08,161.16,161.24,161.32,161.38,161.46,160.82,160.88,160.88,160.96,161.04,161.12,161.20000000000002,161.26,161.34,161.42000000000002,161.5,160.76,160.84,160.92000000000002,161.0,161.06,161.14000000000001,161.22,161.3,161.38,161.46,161.46,160.8,160.88,160.96,161.02,161.1,161.18,161.26,161.34,161.34,161.4,161.48
2021-02-02 05:00:00,207.08,207.14000000000001,207.20000000000002,207.26,207.32,207.36,207.42000000000002,207.42000000000002,207.48000000000002,207.52,207.58,207.08,207.14000000000001,207.20000000000002,207.24,207.3,207.36,207.36,207.4,207.46,207.52,207.58,207.08,207.12,207.18,207.24,207.24,207.3,207.34,207.4,207.46,207.5,207.56,207.06,207.12,207.12,207.18,207.22,207.28,207.34,207.4,207.44,207.5,207.56,206.98000000000002,207.04,207.1,207.16,207.20000000000002,207.26,207.32,207.38,207.42000000000002,207.48000000000002,207.48000000000002,206.98000000000002,207.04,207.08,207.14000000000001,207.20000000000002,207.26,207.3,207.36,207.36,207.42000000000002,207.48000000000002,206.96,207.02,207.08,207.14000000000001,207.18,207.24,207.3,207.3,207.36,207.4,207.46,206.96,207.02,207.06,207.12,207.18,207.18,207.24,207.28,207.34,207.4,207.46,206.94,207.0,207.06,207.06,207.1,207.16,207.22,207.28,207.32,207.38,207.44,206.94,206.94,207.0,207.04,207.1,207.16,207.22,207.26,207.32,207.38,207.42000000000002,206.88,206.92000000000002,206.98000000000002,207.04,207.1,207.14000000000001,207.20000000000002,207.26,207.32,207.32,207.36
2021-09-08 05:00:00,236.54,236.6,236.72,236.78,236.82,236.88,236.94,237.0,237.06,237.12,237.12,236.48000000000002,236.6,236.66,236.72,236.78,236.84,236.88,236.94,236.94,237.0,237.06,236.48000000000002,236.54,236.6,236.66,236.72,236.78,236.78,236.82,236.88,236.94,237.0,236.44,236.48000000000002,236.54,236.6,236.66,236.66,236.72,236.78,236.84,236.88,236.94,236.38,236.44,236.5,236.5,236.54,236.6,236.66,236.72,236.78,236.84,236.9,236.32,236.32,236.38,236.44,236.5,236.56,236.6,236.66,236.72,236.78,236.84,236.20000000000002,236.26,236.32,236.38,236.44,236.5,236.54,236.6,236.66,236.66,236.72,236.14000000000001,236.20000000000002,236.26,236.32,236.38,236.44,236.5,236.5,236.56,236.6,236.66,236.1,236.16,236.20000000000002,236.26,236.32,236.38,236.38,236.44,236.5,236.56,236.62,236.04,236.1,236.16,236.22,236.22,236.28,236.32,236.38,236.44,236.5,236.56,235.98000000000002,236.04,236.04,236.1,236.16,236.22,236.28,236.32,236.38,236.44,236.5
2021-10-08 05:00:00,224.44,224.5,224.58,224.64000000000001,224.70000000000002,224.74,224.8,224.86,224.9,224.9,224.96,224.42000000000002,224.5,224.56,224.6,224.66,224.72,224.76,224.76,224.82,224.88,224.92000000000002,224.42000000000002,224.48000000000002,224.52,224.58,224.64000000000001,224.68,224.68,224.74,224.8,224.84,224.9,224.4,224.44,224.5,224.56,224.56,224.6,224.66,224.72,224.76,224.82,224.88,224.36,224.42000000000002,224.42000000000002,224.48000000000002,224.52,224.58,224.64000000000001,224.68,224.74,224.8,224.84,224.28,224.34,224.38,224.44,224.5,224.54,224.6,224.66,224.70000000000002,224.76,224.76,224.26,224.3,224.36,224.42000000000002,224.46,224.52,224.58,224.62,224.62,224.68,224.74,224.22,224.28,224.34,224.38,224.44,224.5,224.54,224.54,224.6,224.66,224.70000000000002,224.20000000000002,224.26,224.3,224.36,224.42000000000002,224.42000000000002,224.46,224.52,224.58,224.62,224.68,224.16,224.22,224.28,224.28,224.32,224.38,224.44,224.48000000000002,224.54,224.6,224.64000000000001,224.14000000000001,224.14000000000001,224.18,224.24,224.3,224.36,224.4,224.46,224.52,224.56,224.62
2021-02-26 02:00:00,138.32,138.38,138.42000000000002,138.48,138.54,138.54,138.6,138.64000000000001,138.70000000000002,138.76,138.82,138.36,138.42000000000002,138.46,138.46,138.52,138.58,138.64000000000001,138.68,138.74,138.8,138.86,138.4,138.46,138.46,138.5,138.56,138.62,138.68,138.74,138.78,138.84,138.9,138.38,138.44,138.5,138.56,138.6,138.66,138.72,138.78,138.82,138.88,138.88,138.44,138.48,138.54,138.6,138.66,138.70000000000002,138.76,138.82,138.82,138.88,138.92000000000002,138.46,138.52,138.58,138.64000000000001,138.68,138.74,138.74,138.8,138.86,138.9,138.96,138.5,138.56,138.62,138.68,138.68,138.72,138.78,138.84,138.9,138.94,139.0,138.56,138.6,138.66,138.66,138.72,138.78,138.82,138.88,138.94,139.0,139.04,138.6,138.6,138.64000000000001,138.70000000000002,138.76,138.82,138.86,138.92000000000002,138.98,139.04,139.1,138.58,138.64000000000001,138.68,138.74,138.8,138.86,138.9,138.96,139.02,139.02,139.08,138.62,138.68,138.72,138.78,138.84,138.9,138.96,138.96,139.0,139.06,139.12
2021-10-11 05:00:00,223.5,223.56,223.64000000000001,223.70000000000002,223.76,223.8,223.86,223.9,223.96,223.96,224.02,223.48000000000002,223.56,223.62,223.66,223.72,223.78,223.82,223.82,223.88,223.92000000000002,223.98000000000002,223.48000000000002,223.54,223.58,223.64000000000001,223.70000000000002,223.74,223.74,223.8,223.86,223.9,223.96,223.46,223.5,223.56,223.62,223.62,223.66,223.72,223.78,223.82,223.88,223.94,223.44,223.48000000000002,223.48000000000002,223.54,223.58,223.64000000000001,223.70000000000002,223.74,223.8,223.86,223.9,223.34,223.4,223.46,223.5,223.56,223.62,223.66,223.72,223.78,223.82,223.82,223.32,223.38,223.42000000000002,223.48000000000002,223.54,223.58,223.64000000000001,223.70000000000002,223.70000000000002,223.74,223.8,223.3,223.36,223.4,223.46,223.5,223.56,223.62,223.62,223.66,223.72,223.78,223.28,223.32,223.38,223.44,223.48000000000002,223.48000000000002,223.54,223.58,223.64000000000001,223.70000000000002,223.74,223.24,223.3,223.34,223.34,223.4,223.46,223.5,223.56,223.6,223.66,223.72,223.22,223.22,223.26,223.32,223.38,223.42000000000002,223.48000000000002,223.54,223.58,223.64000000000001,223.68
2021-09-28 06:00:00,242.98000000000002,243.0,243.0,243.04,243.1,243.14000000000001,243.18,243.20000000000002,243.24,243.28,243.3,242.9,242.94,242.98000000000002,243.04,243.08,243.12,243.14000000000001,243.18,243.22,243.24,243.24,242.88,242.92000000000002,242.98000000000002,243.0,243.04,243.08,243.12,243.14000000000001,243.14000000000001,243.18,243.22,242.84,242.92000000000002,242.94,242.98000000000002,243.02,243.04,243.08,243.08,243.12,243.14000000000001,243.18,242.84,242.88,242.92000000000002,242.96,242.98000000000002,242.98000000000002,243.02,243.06,243.08,243.12,243.16,242.82,242.86,242.88,242.88,242.92000000000002,242.96,242.98000000000002,243.02,243.06,243.1,243.12,242.78,242.78,242.82,242.86,242.88,242.92000000000002,242.96,243.0,243.02,243.06,243.1,242.72,242.76,242.8,242.82,242.86,242.9,242.92000000000002,242.96,243.0,243.0,243.02,242.70000000000002,242.72,242.76,242.8,242.84,242.86,242.9,242.94,242.94,242.96,243.0,242.66,242.70000000000002,242.74,242.76,242.8,242.84,242.84,242.88,242.9,242.94,242.98000000000002,242.64000000000001,242.66,242.70000000000002,242.74,242.74,242.76,242.8,242.84,242.88,242.9,242.94
2021-12-23 05:00:00,207.14000000000001,207.18,207.22,207.28,207.32,207.36,207.42000000000002,207.42000000000002,207.46,207.5,207.56,207.14000000000001,207.18,207.22,207.26,207.32,207.32,207.36,207.4,207.46,207.5,207.54,207.12,207.16,207.22,207.22,207.26,207.3,207.36,207.4,207.44,207.5,207.54,207.12,207.12,207.16,207.20000000000002,207.26,207.3,207.34,207.38,207.44,207.48000000000002,207.52,207.06,207.1,207.16,207.20000000000002,207.24,207.3,207.34,207.38,207.42000000000002,207.42000000000002,207.48000000000002,207.06,207.1,207.14000000000001,207.20000000000002,207.24,207.28,207.34,207.38,207.38,207.42000000000002,207.46,207.04,207.1,207.14000000000001,207.18,207.24,207.28,207.28,207.32,207.36,207.42000000000002,207.46,207.04,207.08,207.12,207.18,207.18,207.22,207.26,207.32,207.36,207.4,207.44,207.02,207.08,207.08,207.12,207.16,207.22,207.26,207.3,207.34,207.4,207.44,206.98000000000002,207.02,207.06,207.12,207.16,207.20000000000002,207.26,207.3,207.34,207.38,207.38,206.96,207.02,207.06,207.1,207.16,207.20000000000002,207.24,207.3,207.34,207.34,207.38
2021-07-23 05:00:00,267.14,267.14,267.14,267.28000000000003,267.3,267.32,267.34000000000003,267.36,267.38,267.4,267.42,267.0,267.02,267.14,267.16,267.18,267.2,267.22,267.24,267.26,267.28000000000003,267.28000000000003,266.88,267.02,267.04,267.06,267.08,267.1,267.12,267.14,267.14,267.16,267.18,266.88,266.9,266.92,266.94,266.96,266.98,266.98,267.0,267.02,267.04,267.06,266.78000000000003,266.8,266.82,266.84000000000003,266.86,266.86,266.88,266.88,266.9,266.92,266.94,266.66,266.68,266.7,266.7,266.72,266.74,266.76,266.78000000000003,266.8,266.82,266.84000000000003,266.54,266.54,266.56,266.58,266.6,266.62,266.64,266.66,266.68,266.7,266.72,266.42,266.44,266.46,266.48,266.5,266.52,266.54,266.56,266.58,266.58,266.6,266.3,266.32,266.34000000000003,266.36,266.38,266.4,266.42,266.42,266.44,266.46,266.48,266.18,266.22,266.24,266.26,266.28000000000003,266.3,266.3,266.32,266.34000000000003,266.36,266.38,266.08,266.1,266.12,266.14,266.14,266.16,266.18,266.2,266.22,266.24,266.26
2021-08-16 02:00:00,107.18,107.12,107.18,107.22,107.28,107.32000000000001,107.36,107.42,107.46000000000001,107.52,107.52,107.18,107.22,107.28,107.32000000000001,107.36,107.42,107.46000000000001,107.52,107.52,107.56,107.60000000000001,107.28,107.32000000000001,107.38,107.42,107.46000000000001,107.52,107.52,107.56,107.62,107.66,107.7,107.36,107.42,107.46000000000001,107.52,107.52,107.56,107.60000000000001,107.66,107.7,107.76,107.8,107.46000000000001,107.52,107.56,107.56,107.60000000000001,107.66,107.7,107.76,107.8,107.86,107.9,107.56,107.56,107.62,107.66,107.7,107.76,107.8,107.86,107.9,107.96000000000001,108.0,107.62,107.66,107.7,107.76,107.8,107.86,107.9,107.96000000000001,108.0,108.0,108.06,107.7,107.76,107.8,107.86,107.9,107.94,108.0,108.0,108.04,108.10000000000001,108.14,107.8,107.86,107.9,107.96000000000001,108.0,108.0,108.04,108.10000000000001,108.14,108.2,108.24000000000001,107.9,107.96000000000001,108.0,108.04,108.04,108.10000000000001,108.14,108.2,108.24000000000001,108.3,108.34,108.0,108.04,108.04,108.10000000000001,108.14,108.2,108.24000000000001,108.3,108.34,108.4,108.44
2021-04-01 05:00:00,232.78,232.84,232.96,233.02,233.08,233.14000000000001,233.20000000000002,233.26,233.32,233.38,233.38,232.72,232.84,232.9,232.96,233.02,233.08,233.16,233.22,233.22,233.28,233.34,232.72,232.78,232.84,232.9,232.96,233.04,233.04,233.1,233.16,233.22,233.28,232.66,232.72,232.8,232.86,232.92000000000002,232.92000000000002,232.98000000000002,233.04,233.1,233.16,233.22,232.62,232.68,232.74,232.74,232.8,232.86,232.92000000000002,233.0,233.06,233.12,233.18,232.56,232.56,232.62,232.68,232.76,232.82,232.88,232.94,233.0,233.06,233.12,232.44,232.5,232.56,232.62,232.70000000000002,232.76,232.82,232.88,232.94,232.94,233.0,232.38,232.46,232.52,232.58,232.64000000000001,232.70000000000002,232.76,232.76,232.82,232.88,232.96,232.34,232.4,232.46,232.52,232.58,232.66,232.66,232.72,232.78,232.84,232.9,232.28,232.34,232.42000000000002,232.48000000000002,232.48000000000002,232.54,232.6,232.66,232.72,232.78,232.86,232.22,232.3,232.3,232.36,232.42000000000002,232.48000000000002,232.54,232.6,232.66,232.74,232.8
2021-04-29 03:00:00,139.72,139.72,139.92000000000002,140.12,140.32,140.54,140.74,140.94,141.14000000000001,141.36,141.36,139.72,139.92000000000002,140.12,140.32,140.52,140.72,140.92000000000002,141.12,141.12,141.34,141.54,139.9,140.1,140.3,140.5,140.70000000000002,140.9,140.9,141.1,141.32,141.52,141.72,140.06,140.26,140.46,140.66,140.66,140.86,141.06,141.26,141.46,141.68,141.88,140.24,140.44,140.64000000000001,140.64000000000001,140.84,141.04,141.24,141.44,141.66,141.86,142.06,140.42000000000002,140.42000000000002,140.62,140.82,141.02,141.22,141.42000000000002,141.62,141.84,142.04,142.24,140.4,140.6,140.8,141.0,141.20000000000002,141.4,141.6,141.82,142.02,142.02,142.22,140.58,140.78,140.98,141.18,141.38,141.58,141.78,141.78,141.98,142.18,142.38,140.76,140.96,141.16,141.36,141.56,141.56,141.76,141.96,142.16,142.36,142.56,140.94,141.14000000000001,141.34,141.54,141.54,141.74,141.94,142.14000000000001,142.34,142.54,142.74,141.12,141.32,141.32,141.52,141.70000000000002,141.92000000000002,142.12,142.32,142.52,142.72,142.92000000000002
2021-03-11 05:00:00,219.44,219.5,219.6,219.66,219.72,219.78,219.86,219.92000000000002,219.98000000000002,220.04,220.04,219.4,219.5,219.56,219.64000000000001,219.70000000000002,219.76,219.82,219.9,219.9,219.96,220.02,219.4,219.46,219.54,219.6,219.66,219.72,219.72,219.8,219.86,219.92000000000002,219.98000000000002,219.38,219.44,219.5,219.56,219.64000000000001,219.64000000000001,219.70000000000002,219.76,219.82,219.9,219.96,219.34,219.4,219.48000000000002,219.48000000000002,219.54,219.6,219.66,219.74,219.8,219.86,219.92000000000002,219.32,219.32,219.38,219.44,219.5,219.58,219.64000000000001,219.70000000000002,219.76,219.84,219.9,219.20000000000002,219.28,219.34,219.4,219.48000000000002,219.54,219.6,219.66,219.74,219.74,219.8,219.18,219.24,219.32,219.38,219.44,219.5,219.58,219.58,219.64000000000001,219.70000000000002,219.76,219.16,219.22,219.28,219.34,219.42000000000002,219.48000000000002,219.48000000000002,219.54,219.6,219.68,219.74,219.12,219.18,219.26,219.32,219.32,219.38,219.44,219.52,219.58,219.64000000000001,219.70000000000002,219.08,219.16,219.16,219.22,219.28,219.36,219.42000000000002,219.48000000000002,219.54,219.62,219.68
2021-05-10 01:00:00,91.06,91.08,91.10000000000001,91.12,91.14,91.16,91.18,91.2,91.22,91.22,91.24,91.12,91.14,91.16,91.18,91.2,91.22,91.24,91.24,91.26,91.28,91.3,91.18,91.2,91.22,91.24,91.26,91.26,91.28,91.3,91.32000000000001,91.34,91.38,91.24,91.26,91.28,91.28,91.3,91.32000000000001,91.36,91.38,91.4,91.42,91.44,91.32000000000001,91.34,91.34,91.36,91.38,91.4,91.42,91.44,91.46000000000001,91.48,91.5,91.36,91.38,91.4,91.42,91.44,91.46000000000001,91.48,91.5,91.52,91.54,91.54,91.42,91.44,91.46000000000001,91.48,91.5,91.52,91.54,91.56,91.56,91.58,91.60000000000001,91.48,91.5,91.52,91.54,91.56,91.58,91.58,91.60000000000001,91.62,91.64,91.66,91.54,91.56,91.58,91.60000000000001,91.60000000000001,91.64,91.66,91.68,91.7,91.72,91.74,91.62,91.64,91.66,91.66,91.68,91.7,91.72,91.74,91.76,91.78,91.8,91.68,91.68,91.7,91.72,91.74,91.76,91.78,91.8,91.82000000000001,91.84,91.86
2021-08-29 01:00:00,103.74000000000001,103.76,103.8,103.82000000000001,103.86,103.9,103.92,103.92,103.96000000000001,103.98,104.02,103.8,103.82000000000001,103.86,103.88,103.92,103.92,103.94,103.98,104.0,104.04,104.08,103.84,103.88,103.9,103.9,103.94,103.96000000000001,104.0,104.04,104.06,104.10000000000001,104.12,103.9,103.94,103.94,103.96000000000001,104.0,104.02,104.06,104.08,104.12,104.16,104.18,103.92,103.96000000000001,103.98,104.02,104.06,104.08,104.12,104.14,104.18,104.2,104.2,103.98,104.02,104.04,104.08,104.10000000000001,104.14,104.18,104.2,104.2,104.24000000000001,104.26,104.04,104.06,104.10000000000001,104.14,104.16,104.2,104.2,104.22,104.26,104.28,104.32000000000001,104.10000000000001,104.12,104.16,104.18,104.18,104.22,104.26,104.28,104.32000000000001,104.34,104.38,104.14,104.18,104.22,104.22,104.24000000000001,104.28,104.3,104.34,104.38,104.4,104.44,104.2,104.2,104.24000000000001,104.26,104.3,104.34,104.36,104.4,104.42,104.46000000000001,104.5,104.22,104.26,104.3,104.32000000000001,104.36,104.38,104.42,104.44,104.48,104.48,104.52
2021-09-23 06:00:00,244.92000000000002,244.94,244.94,244.98000000000002,245.04,245.08,245.12,245.14000000000001,245.18,245.22,245.24,244.84,244.88,244.92000000000002,244.98000000000002,245.02,245.04,245.08,245.12,245.14000000000001,245.18,245.18,244.82,244.84,244.92000000000002,244.94,244.98000000000002,245.02,245.04,245.08,245.08,245.12,245.14000000000001,244.78,244.84,244.88,244.92000000000002,244.94,244.98000000000002,245.02,245.02,245.04,245.08,245.12,244.78,244.82,244.84,244.88,244.92000000000002,244.92000000000002,244.94,244.98000000000002,245.02,245.04,245.08,244.74,244.78,244.82,244.82,244.84,244.88,244.92000000000002,244.94,244.98000000000002,245.02,245.04,244.72,244.72,244.74,244.78,244.82,244.86,244.88,244.92000000000002,244.96,244.98000000000002,245.02,244.66,244.68,244.72,244.76,244.78,244.82,244.86,244.88,244.92000000000002,244.92000000000002,244.96,244.62,244.64000000000001,244.68,244.72,244.74,244.78,244.82,244.84,244.84,244.88,244.92000000000002,244.58,244.62,244.64000000000001,244.68,244.72,244.76,244.76,244.78,244.82,244.86,244.88,244.56,244.58,244.62,244.66,244.66,244.68,244.72,244.76,244.78,244.82,244.86
2021-04-07 05:00:00,237.26,237.32,237.44,237.5,237.56,237.62,237.66,237.72,237.78,237.84,237.84,237.18,237.32,237.38,237.44,237.5,237.56,237.6,237.66,237.66,237.72,237.78,237.18,237.24,237.3,237.36,237.42000000000002,237.48000000000002,237.48000000000002,237.54,237.6,237.66,237.72,237.12,237.18,237.24,237.3,237.36,237.36,237.42000000000002,237.48000000000002,237.54,237.6,237.66,237.08,237.14000000000001,237.18,237.18,237.24,237.3,237.36,237.42000000000002,237.48000000000002,237.54,237.6,237.02,237.02,237.08,237.14000000000001,237.20000000000002,237.26,237.3,237.36,237.42000000000002,237.48000000000002,237.54,236.88,236.94,237.0,237.06,237.12,237.18,237.24,237.3,237.36,237.36,237.42000000000002,236.82,236.88,236.94,237.0,237.06,237.12,237.18,237.18,237.24,237.3,237.36,236.76,236.82,236.88,236.94,237.0,237.06,237.06,237.12,237.18,237.24,237.3,236.70000000000002,236.76,236.82,236.88,236.88,236.94,237.0,237.06,237.12,237.18,237.24,236.64000000000001,236.70000000000002,236.70000000000002,236.76,236.82,236.88,236.94,237.0,237.06,237.12,237.18
2021-05-21 05:00:00,268.86,268.88,268.88,268.98,269.0,269.02,269.04,269.04,269.06,269.08,269.1,268.74,268.76,268.88,268.88,268.9,268.92,268.94,268.96,268.96,268.98,268.98,268.64,268.76,268.78000000000003,268.78000000000003,268.8,268.82,268.84000000000003,268.86,268.86,268.86,268.88,268.64,268.66,268.68,268.68,268.7,268.72,268.72,268.74,268.76,268.76,268.78000000000003,268.54,268.56,268.58,268.58,268.6,268.6,268.62,268.64,268.66,268.66,268.68,268.44,268.46,268.48,268.48,268.48,268.5,268.52,268.54,268.56,268.58,268.58,268.34000000000003,268.34000000000003,268.36,268.38,268.38,268.4,268.42,268.44,268.46,268.48,268.48,268.22,268.24,268.26,268.28000000000003,268.28000000000003,268.3,268.32,268.34000000000003,268.36,268.36,268.38,268.12,268.14,268.16,268.18,268.18,268.2,268.22,268.22,268.24,268.26,268.28000000000003,268.02,268.04,268.06,268.08,268.08,268.1,268.1,268.12,268.14,268.16,268.18,267.92,267.94,267.96,267.98,267.98,268.0,268.0,268.02,268.04,268.06,268.08
2021-11-19 03:00:00,174.78,174.84,174.9,174.96,174.96,175.02,175.08,175.14000000000001,175.20000000000002,175.28,175.34,174.78,174.84,174.92000000000002,174.92000000000002,174.98,175.04,175.1,175.16,175.22,175.28,175.34,174.8,174.8,174.86,174.92000000000002,174.98,175.06,175.12,175.18,175.24,175.3,175.36,174.76,174.82,174.88,174.94,175.0,175.06,175.14000000000001,175.20000000000002,175.26,175.26,175.32,174.76,174.82,174.88,174.94,175.02,175.08,175.14000000000001,175.14000000000001,175.20000000000002,175.26,175.32,174.78,174.84,174.9,174.96,175.02,175.02,175.08,175.16,175.22,175.28,175.34,174.8,174.86,174.92000000000002,174.98,174.98,175.04,175.1,175.16,175.24,175.3,175.36,174.8,174.88,174.88,174.94,175.0,175.06,175.12,175.18,175.24,175.3,175.38,174.76,174.82,174.88,174.94,175.0,175.06,175.14000000000001,175.20000000000002,175.26,175.32,175.32,174.78,174.84,174.9,174.96,175.02,175.08,175.14000000000001,175.20000000000002,175.20000000000002,175.28,175.34,174.78,174.86,174.92000000000002,174.98,175.04,175.1,175.1,175.16,175.22,175.28,175.36
2021-06-26 06:00:00,279.0,279.02,279.02,279.08,279.08,279.08,279.1,279.1,279.1,279.1,279.12,278.94,278.94,279.02,279.02,279.02,279.02,279.04,279.04,279.04,279.04,279.04,278.88,278.94,278.96,278.96,278.96,278.96,278.98,278.98,278.98,278.98,278.98,278.88,278.88,278.90000000000003,278.90000000000003,278.90000000000003,278.90000000000003,278.90000000000003,278.92,278.92,278.92,278.92,278.82,278.82,278.84000000000003,278.84000000000003,278.84000000000003,278.84000000000003,278.84000000000003,278.86,278.86,278.86,278.88,278.76,278.76,278.78000000000003,278.78000000000003,278.78000000000003,278.78000000000003,278.78000000000003,278.8,278.8,278.8,278.82,278.7,278.7,278.7,278.72,278.72,278.72,278.72,278.74,278.74,278.74,278.76,278.64,278.64,278.64,278.66,278.66,278.66,278.66,278.68,278.68,278.68,278.68,278.58,278.58,278.58,278.6,278.6,278.6,278.6,278.6,278.62,278.62,278.62,278.52,278.52,278.52,278.54,278.54,278.54,278.54,278.54,278.56,278.56,278.56,278.46,278.46,278.46,278.48,278.48,278.48,278.48,278.5,278.5,278.5,278.5
2021-04-28 03:00:00,140.64000000000001,140.66,140.84,141.04,141.24,141.44,141.64000000000001,141.84,142.04,142.26,142.26,140.64000000000001,140.82,141.02,141.22,141.42000000000002,141.62,141.82,142.02,142.02,142.22,142.44,140.82,141.0,141.20000000000002,141.4,141.6,141.8,141.8,142.0,142.20000000000002,142.4,142.62,140.96,141.16,141.36,141.56,141.56,141.76,141.94,142.16,142.36,142.56,142.76,141.14000000000001,141.34,141.54,141.54,141.72,141.92000000000002,142.12,142.32,142.52,142.74,142.94,141.32,141.32,141.52,141.70000000000002,141.9,142.1,142.3,142.5,142.70000000000002,142.9,143.12,141.3,141.48,141.68,141.88,142.08,142.28,142.48,142.68,142.88,142.88,143.08,141.46,141.66,141.84,142.04,142.24,142.44,142.64000000000001,142.64000000000001,142.84,143.04,143.24,141.62,141.82,142.02,142.22,142.42000000000002,142.42000000000002,142.62,142.82,143.02,143.22,143.42000000000002,141.8,142.0,142.20000000000002,142.38,142.38,142.58,142.78,142.98,143.18,143.38,143.58,141.98,142.16,142.16,142.36,142.56,142.76,142.96,143.16,143.36,143.56,143.76
2021-08-15 03:00:00,134.46,134.44,134.6,134.76,134.94,135.1,135.26,135.44,135.6,135.76,135.76,134.46,134.62,134.78,134.94,135.1,135.28,135.44,135.6,135.6,135.78,135.94,134.62,134.78,134.96,135.12,135.28,135.44,135.44,135.62,135.78,135.94,136.12,134.78,134.94,135.1,135.26,135.26,135.44,135.6,135.76,135.94,136.1,136.26,134.94,135.12,135.28,135.28,135.44,135.6,135.76,135.94,136.1,136.28,136.44,135.12,135.12,135.28,135.44,135.6,135.78,135.94,136.1,136.28,136.44,136.62,135.12,135.28,135.46,135.62,135.78,135.94,136.12,136.28,136.44,136.44,136.62,135.28,135.44,135.62,135.78,135.94,136.1,136.28,136.28,136.44,136.6,136.78,135.46,135.62,135.78,135.94,136.1,136.1,136.28,136.44,136.6,136.78,136.94,135.62,135.78,135.94,136.12,136.12,136.28,136.44,136.6,136.78,136.94,137.12,135.8,135.96,135.96,136.12,136.28,136.44,136.62,136.78,136.94,137.12,137.28
2021-09-05 03:00:00,155.32,155.46,155.6,155.74,155.88,156.02,156.16,156.3,156.3,156.44,156.6,155.4,155.54,155.68,155.82,155.96,156.1,156.1,156.24,156.38,156.52,156.68,155.46,155.6,155.74,155.88,155.88,156.02,156.16,156.3,156.44,156.58,156.74,155.54,155.68,155.82,155.82,155.96,156.1,156.24,156.38,156.52,156.66,156.82,155.62,155.62,155.76,155.9,156.04,156.18,156.32,156.46,156.6,156.74,156.9,155.56,155.70000000000002,155.84,155.98,156.12,156.26,156.4,156.54,156.68,156.68,156.82,155.62,155.76,155.9,156.04,156.18,156.32,156.48,156.48,156.62,156.76,156.9,155.70000000000002,155.84,155.98,156.12,156.26,156.26,156.4,156.56,156.70000000000002,156.84,156.98,155.78,155.92000000000002,156.06,156.20000000000002,156.20000000000002,156.34,156.48,156.64000000000001,156.78,156.92000000000002,157.06,155.86,156.0,156.0,156.14000000000001,156.28,156.42000000000002,156.56,156.72,156.86,157.0,157.14000000000001,155.8,155.92000000000002,156.06,156.20000000000002,156.34,156.48,156.62,156.76,156.92000000000002,157.06,157.06
2021-04-08 04:00:00,205.48000000000002,205.64000000000001,205.78,205.92000000000002,206.06,206.20000000000002,206.34,206.48000000000002,206.62,206.62,206.76,205.48000000000002,205.62,205.76,205.9,206.04,206.18,206.3,206.3,206.44,206.58,206.72,205.42000000000002,205.56,205.70000000000002,205.84,205.98000000000002,205.98000000000002,206.12,206.26,206.4,206.52,206.66,205.38,205.52,205.66,205.8,205.8,205.94,206.08,206.22,206.36,206.5,206.62,205.36,205.5,205.5,205.64000000000001,205.76,205.9,206.04,206.18,206.32,206.46,206.6,205.18,205.32,205.46,205.6,205.74,205.88,206.02,206.14000000000001,206.28,206.42000000000002,206.42000000000002,205.14000000000001,205.28,205.42000000000002,205.56,205.70000000000002,205.82,205.96,206.1,206.1,206.24,206.38,205.1,205.24,205.38,205.52,205.66,205.8,205.8,205.94,206.06,206.20000000000002,206.34,205.08,205.22,205.34,205.48000000000002,205.62,205.62,205.76,205.9,206.04,206.18,206.3,205.04,205.18,205.32,205.32,205.46,205.58,205.72,205.86,206.0,206.14000000000001,206.28,204.98000000000002,204.98000000000002,205.12,205.26,205.4,205.54,205.68,205.82,205.94,206.08,206.22
2021-09-18 05:00:00,231.88,231.94,232.04,232.1,232.16,232.22,232.28,232.32,232.38,232.44,232.44,231.84,231.94,232.0,232.06,232.12,232.18,232.22,232.28,232.28,232.34,232.4,231.84,231.9,231.96,232.0,232.06,232.12,232.12,232.18,232.24,232.3,232.34,231.8,231.86,231.9,231.96,232.02,232.02,232.08,232.14000000000001,232.20000000000002,232.24,232.3,231.76,231.8,231.86,231.86,231.92000000000002,231.98000000000002,232.04,232.1,232.16,232.20000000000002,232.26,231.70000000000002,231.70000000000002,231.76,231.82,231.88,231.94,232.0,232.06,232.1,232.16,232.22,231.6,231.66,231.72,231.78,231.82,231.88,231.94,232.0,232.06,232.06,232.12,231.56,231.62,231.68,231.72,231.78,231.84,231.9,231.9,231.96,232.02,232.08,231.52,231.58,231.62,231.68,231.74,231.8,231.8,231.86,231.92000000000002,231.98000000000002,232.02,231.48000000000002,231.52,231.58,231.64000000000001,231.64000000000001,231.70000000000002,231.76,231.82,231.88,231.92000000000002,231.98000000000002,231.42000000000002,231.48000000000002,231.48000000000002,231.54,231.6,231.66,231.72,231.76,231.82,231.88,231.94
2021-04-24 07:00:00,268.84000000000003,268.86,268.88,268.9,268.9,268.94,268.96,268.96,268.98,269.0,269.02,268.82,268.82,268.82,268.84000000000003,268.9,268.9,268.92,268.94,268.96,268.98,268.98,268.76,268.78000000000003,268.8,268.84000000000003,268.86,268.88,268.9,268.9,268.92,268.94,268.94,268.74,268.74,268.8,268.82,268.82,268.84000000000003,268.86,268.88,268.88,268.9,268.92,268.7,268.74,268.76,268.78000000000003,268.8,268.82,268.84000000000003,268.84000000000003,268.84000000000003,268.86,268.88,268.7,268.72,268.74,268.76,268.76,268.76,268.78000000000003,268.8,268.82,268.84000000000003,268.86,268.68,268.68,268.7,268.7,268.72,268.74,268.76,268.78000000000003,268.78000000000003,268.8,268.82,268.64,268.64,268.66,268.68,268.68,268.7,268.72,268.74,268.76,268.78000000000003,268.78000000000003,268.6,268.6,268.62,268.64,268.66,268.68,268.7,268.7,268.72,268.72,268.74,268.56,268.58,268.6,268.62,268.62,268.64,268.66,268.68,268.68,268.7,268.72,268.54,268.54,268.56,268.58,268.6,268.62,268.62,268.64,268.64,268.66,268.68
2021-06-08 03:00:00,84.14,83.78,83.76,83.76,83.74,83.74,83.72,83.7,83.7,83.68,83.68,84.14,84.14,84.12,84.12,84.10000000000001,84.10000000000001,84.08,84.08,84.08,84.06,84.06,84.5,84.48,84.48,84.48,84.46000000000001,84.46000000000001,84.46000000000001,84.46000000000001,84.44,84.44,84.44,84.84,84.84,84.84,84.84,84.84,84.84,84.82000000000001,84.82000000000001,84.82000000000001,84.82000000000001,84.82000000000001,85.2,85.2,85.2,85.2,85.2,85.2,85.2,85.2,85.2,85.2,85.18,85.56,85.56,85.56,85.56,85.56,85.56,85.56,85.56,85.56,85.56,85.56,85.92,85.92,85.92,85.92,85.94,85.94,85.94,85.94,85.94,85.94,85.94,86.28,86.28,86.28,86.3,86.3,86.3,86.3,86.3,86.32000000000001,86.32000000000001,86.32000000000001,86.64,86.64,86.66,86.66,86.66,86.66,86.68,86.68,86.7,86.7,86.7,87.0,87.0,87.02,87.02,87.02,87.04,87.04,87.06,87.06,87.08,87.08,87.36,87.38,87.38,87.38,87.4,87.4,87.42,87.44,87.44,87.46000000000001,87.48
2021-06-21 00:00:00,77.84,77.86,77.86,77.88,77.88,77.9,77.9,77.92,77.92,77.92,77.94,77.88,77.88,77.9,77.9,77.92,77.94,77.94,77.94,77.96000000000001,77.96000000000001,77.98,77.92,77.92,77.94,77.94,77.94,77.96000000000001,77.96000000000001,77.98,77.98,78.0,78.02,77.96000000000001,77.96000000000001,77.96000000000001,77.98,77.98,78.0,78.0,78.02,78.02,78.04,78.04,78.0,78.0,78.0,78.02,78.02,78.04,78.04,78.06,78.06,78.08,78.08,78.02,78.02,78.04,78.06,78.06,78.08,78.08,78.10000000000001,78.10000000000001,78.10000000000001,78.12,78.06,78.06,78.08,78.08,78.10000000000001,78.10000000000001,78.12,78.12,78.14,78.14,78.16,78.10000000000001,78.10000000000001,78.12,78.12,78.14,78.14,78.14,78.16,78.16,78.18,78.2,78.14,78.14,78.16,78.16,78.16,78.18,78.18,78.2,78.2,78.22,78.22,78.18,78.18,78.18,78.2,78.2,78.22,78.22,78.24,78.24,78.26,78.26,78.2,78.2,78.22,78.24,78.24,78.26,78.26,78.28,78.28,78.3,78.3
2021-04-24 06:00:00,261.96,261.98,262.02,262.02,262.08,262.1,262.12,262.16,262.18,262.2,262.22,261.92,261.92,261.94,262.02,262.04,262.06,262.08,262.1,262.12,262.14,262.16,261.84000000000003,261.86,261.94,261.96,261.98,262.0,262.02,262.06,262.08,262.08,262.1,261.8,261.86,261.88,261.9,261.94,261.96,261.98,261.98,262.0,262.02,262.04,261.8,261.82,261.84000000000003,261.86,261.88,261.9,261.9,261.92,261.96,261.98,262.0,261.74,261.76,261.78000000000003,261.82,261.82,261.84000000000003,261.86,261.88,261.9,261.92,261.94,261.7,261.72,261.72,261.74,261.76,261.78000000000003,261.8,261.84000000000003,261.86,261.88,261.9,261.62,261.64,261.66,261.68,261.7,261.74,261.76,261.78000000000003,261.8,261.82,261.82,261.56,261.58,261.62,261.64,261.66,261.68,261.7,261.72,261.72,261.76,261.78000000000003,261.52,261.54,261.56,261.58,261.62,261.64,261.66,261.66,261.68,261.7,261.72,261.46,261.5,261.52,261.54,261.56,261.56,261.58,261.6,261.64,261.66,261.68
2021-02-14 05:00:00,209.6,209.66,209.72,209.78,209.84,209.9,209.96,210.02,210.02,210.08,210.14000000000001,209.6,209.66,209.70000000000002,209.76,209.82,209.88,209.88,209.94,210.0,210.06,210.12,209.58,209.64000000000001,209.70000000000002,209.76,209.82,209.82,209.88,209.92000000000002,209.98000000000002,210.04,210.1,209.56,209.62,209.68,209.68,209.74,209.8,209.86,209.92000000000002,209.98000000000002,210.04,210.1,209.56,209.56,209.6,209.66,209.72,209.78,209.84,209.9,209.96,210.02,210.08,209.46,209.52,209.58,209.64000000000001,209.70000000000002,209.76,209.82,209.88,209.94,209.94,210.0,209.46,209.52,209.58,209.64000000000001,209.70000000000002,209.76,209.8,209.8,209.86,209.92000000000002,209.98000000000002,209.44,209.5,209.56,209.62,209.68,209.74,209.74,209.8,209.86,209.92000000000002,209.98000000000002,209.42000000000002,209.48000000000002,209.54,209.6,209.6,209.66,209.72,209.78,209.84,209.9,209.96,209.42000000000002,209.48000000000002,209.48000000000002,209.52,209.58,209.64000000000001,209.70000000000002,209.76,209.82,209.88,209.94,209.34,209.4,209.46,209.52,209.58,209.64000000000001,209.70000000000002,209.76,209.8,209.86,209.86
2021-02-11 05:00:00,208.86,208.92000000000002,208.98000000000002,209.04,209.1,209.16,209.22,209.28,209.28,209.34,209.38,208.86,208.92000000000002,208.96,209.02,209.08,209.14000000000001,209.14000000000001,209.20000000000002,209.26,209.32,209.38,208.84,208.9,208.96,209.02,209.08,209.08,209.12,209.18,209.24,209.3,209.36,208.82,208.88,208.94,208.94,209.0,209.06,209.12,209.18,209.24,209.28,209.34,208.82,208.82,208.88,208.94,208.98000000000002,209.04,209.1,209.16,209.22,209.28,209.34,208.74,208.8,208.86,208.92000000000002,208.96,209.02,209.08,209.14000000000001,209.20000000000002,209.20000000000002,209.26,208.72,208.78,208.84,208.9,208.96,209.02,209.08,209.08,209.12,209.18,209.24,208.72,208.78,208.82,208.88,208.94,209.0,209.0,209.06,209.12,209.18,209.24,208.70000000000002,208.76,208.82,208.88,208.88,208.94,208.98000000000002,209.04,209.1,209.16,209.22,208.68,208.74,208.74,208.8,208.86,208.92000000000002,208.98000000000002,209.02,209.08,209.14000000000001,209.20000000000002,208.62,208.68,208.72,208.78,208.84,208.9,208.96,209.02,209.08,209.14000000000001,209.14000000000001
2021-04-25 04:00:00,221.46,221.72,221.86,222.02,222.18,222.34,222.5,222.64000000000001,222.8,222.8,222.96,221.46,221.62,221.76,221.92000000000002,222.08,222.24,222.4,222.4,222.54,222.70000000000002,222.86,221.32,221.48000000000002,221.64000000000001,221.8,221.96,221.96,222.12,222.26,222.42000000000002,222.58,222.72,221.22,221.38,221.54,221.70000000000002,221.70000000000002,221.86,222.02,222.16,222.32,222.48000000000002,222.62,221.12,221.28,221.28,221.44,221.6,221.76,221.92000000000002,222.06,222.22,222.38,222.52,220.88,221.04,221.18,221.34,221.5,221.66,221.82,221.96,222.12,222.28,222.28,220.76,220.92000000000002,221.08,221.24,221.4,221.54,221.70000000000002,221.86,221.86,222.02,222.16,220.66,220.82,220.98000000000002,221.14000000000001,221.3,221.46,221.46,221.6,221.76,221.92000000000002,222.06,220.58,220.72,220.88,221.04,221.20000000000002,221.20000000000002,221.36,221.5,221.66,221.82,221.96,220.48000000000002,220.64000000000001,220.78,220.78,220.94,221.1,221.26,221.42000000000002,221.56,221.72,221.88,220.36,220.36,220.52,220.68,220.82,220.98000000000002,221.14000000000001,221.3,221.44,221.6,221.76
2021-02-28 05:00:00,214.26,214.34,214.42000000000002,214.48000000000002,214.54,214.6,214.66,214.72,214.72,214.78,214.84,214.26,214.32,214.38,214.44,214.52,214.58,214.58,214.64000000000001,214.70000000000002,214.76,214.82,214.24,214.3,214.36,214.42000000000002,214.48000000000002,214.48000000000002,214.56,214.62,214.68,214.74,214.8,214.22,214.28,214.34,214.34,214.4,214.46,214.54,214.6,214.66,214.72,214.78,214.20000000000002,214.20000000000002,214.26,214.32,214.38,214.44,214.52,214.58,214.64000000000001,214.70000000000002,214.76,214.1,214.16,214.22,214.3,214.36,214.42000000000002,214.48000000000002,214.54,214.6,214.6,214.66,214.08,214.14000000000001,214.20000000000002,214.28,214.34,214.4,214.46,214.46,214.52,214.58,214.64000000000001,214.06,214.12,214.18,214.26,214.32,214.38,214.38,214.44,214.5,214.56,214.62,214.04,214.1,214.16,214.24,214.24,214.3,214.36,214.42000000000002,214.48000000000002,214.54,214.6,214.02,214.08,214.08,214.14000000000001,214.20000000000002,214.26,214.34,214.4,214.46,214.52,214.58,213.94,214.0,214.06,214.12,214.18,214.24,214.32,214.38,214.44,214.5,214.5
2021-02-01 05:00:00,206.94,207.0,207.06,207.1,207.16,207.22,207.28,207.28,207.32,207.38,207.44,206.94,207.0,207.04,207.1,207.16,207.20000000000002,207.20000000000002,207.26,207.32,207.38,207.42000000000002,206.92000000000002,206.98000000000002,207.04,207.1,207.1,207.14000000000001,207.20000000000002,207.26,207.3,207.36,207.42000000000002,206.92000000000002,206.98000000000002,206.98000000000002,207.02,207.08,207.14000000000001,207.18,207.24,207.3,207.36,207.4,206.84,206.9,206.96,207.0,207.06,207.12,207.18,207.22,207.28,207.34,207.34,206.84,206.88,206.94,207.0,207.06,207.1,207.16,207.22,207.22,207.28,207.32,206.82,206.88,206.94,206.98000000000002,207.04,207.1,207.16,207.16,207.20000000000002,207.26,207.32,206.82,206.88,206.92000000000002,206.98000000000002,207.04,207.04,207.08,207.14000000000001,207.20000000000002,207.26,207.3,206.8,206.86,206.92000000000002,206.92000000000002,206.96,207.02,207.08,207.14000000000001,207.18,207.24,207.3,206.8,206.8,206.84,206.9,206.96,207.02,207.06,207.12,207.18,207.24,207.28,206.72,206.78,206.84,206.9,206.94,207.0,207.06,207.12,207.16,207.16,207.22
2021-08-07 08:00:00,277.24,277.26,277.28000000000003,277.28000000000003,277.3,277.3,277.34000000000003,277.34000000000003,277.36,277.38,277.38,277.22,277.24,277.26,277.26,277.26,277.3,277.32,277.32,277.34000000000003,277.36,277.36,277.2,277.2,277.22,277.24,277.26,277.28000000000003,277.3,277.3,277.32,277.34000000000003,277.34000000000003,277.18,277.18,277.2,277.24,277.24,277.26,277.28000000000003,277.28000000000003,277.3,277.3,277.32,277.16,277.16,277.2,277.22,277.22,277.24,277.26,277.26,277.26,277.28000000000003,277.3,277.14,277.16,277.18,277.2,277.2,277.22,277.22,277.24,277.24,277.26,277.28000000000003,277.14,277.14,277.16,277.18,277.18,277.18,277.2,277.22,277.22,277.24,277.26,277.12,277.12,277.12,277.14,277.16,277.16,277.18,277.2,277.2,277.22,277.24,277.08,277.1,277.1,277.12,277.14,277.14,277.16,277.18,277.18,277.2,277.2,277.06,277.08,277.08,277.1,277.12,277.12,277.14,277.16,277.16,277.16,277.18,277.04,277.06,277.06,277.08,277.1,277.1,277.12,277.12,277.14,277.16,277.16
2021-09-12 02:00:00,128.14000000000001,128.22,128.28,128.36,128.42000000000002,128.48,128.56,128.56,128.62,128.7,128.76,128.22,128.28,128.36,128.42000000000002,128.5,128.5,128.56,128.64000000000001,128.7,128.76,128.84,128.28,128.36,128.42000000000002,128.42000000000002,128.5,128.56,128.62,128.7,128.76,128.84,128.9,128.36,128.42000000000002,128.42000000000002,128.5,128.56,128.64000000000001,128.7,128.78,128.84,128.9,128.98,128.36,128.44,128.5,128.58,128.64000000000001,128.7,128.78,128.84,128.92000000000002,128.98,128.98,128.44,128.5,128.58,128.64000000000001,128.72,128.78,128.86,128.92000000000002,128.92000000000002,128.98,129.06,128.52,128.58,128.64000000000001,128.72,128.78,128.86,128.86,128.92000000000002,128.98,129.06,129.12,128.58,128.66,128.72,128.78,128.78,128.86,128.92000000000002,129.0,129.06,129.14000000000001,129.2,128.66,128.72,128.8,128.8,128.86,128.94,129.0,129.06,129.14000000000001,129.2,129.28,128.74,128.74,128.8,128.86,128.94,129.0,129.08,129.14000000000001,129.22,129.28,129.36,128.72,128.8,128.86,128.94,129.0,129.08,129.14000000000001,129.2,129.28,129.28,129.34
2021-07-19 04:00:00,255.88,255.88,256.34000000000003,256.44,256.54,256.64,256.74,256.82,256.92,257.02,257.1,255.4,255.88,255.98000000000002,256.08,256.18,256.28000000000003,256.36,256.46,256.56,256.56,256.66,255.4,255.5,255.6,255.70000000000002,255.8,255.9,256.0,256.0,256.1,256.2,256.3,255.0,255.1,255.22,255.32,255.42000000000002,255.42000000000002,255.52,255.64000000000001,255.74,255.84,255.94,254.62,254.74,254.84,254.96,254.96,255.06,255.16,255.28,255.38,255.48000000000002,255.58,254.26000000000002,254.38,254.38,254.48000000000002,254.6,254.70000000000002,254.82,254.92000000000002,255.02,255.12,255.22,253.78,253.9,254.0,254.12,254.24,254.34,254.46,254.56,254.68,254.78,254.78,253.4,253.52,253.64000000000001,253.76000000000002,253.86,253.98000000000002,254.1,254.20000000000002,254.20000000000002,254.32,254.42000000000002,253.04,253.16,253.28,253.4,253.52,253.62,253.62,253.74,253.86,253.96,254.08,252.68,252.8,252.92000000000002,253.04,253.16,253.16,253.28,253.38,253.5,253.62,253.72,252.32,252.44,252.56,252.56,252.68,252.8,252.92000000000002,253.04,253.16,253.28,253.38
2021-09-17 02:00:00,131.7,131.78,131.84,131.92000000000002,131.98,132.06,132.12,132.12,132.2,132.26,132.34,131.78,131.84,131.92000000000002,131.98,132.06,132.06,132.12,132.2,132.26,132.34,132.4,131.84,131.9,131.98,131.98,132.04,132.12,132.18,132.26,132.32,132.4,132.46,131.9,131.98,131.98,132.04,132.12,132.18,132.26,132.32,132.4,132.46,132.54,131.9,131.98,132.04,132.12,132.18,132.26,132.32,132.4,132.46,132.54,132.54,131.98,132.04,132.12,132.18,132.26,132.32,132.4,132.46,132.46,132.54,132.6,132.04,132.1,132.18,132.24,132.32,132.38,132.38,132.46,132.52,132.6,132.66,132.1,132.18,132.24,132.32,132.32,132.38,132.46,132.52,132.6,132.66,132.74,132.18,132.24,132.32,132.32,132.38,132.46,132.52,132.6,132.66,132.74,132.8,132.24,132.24,132.32,132.38,132.46,132.52,132.6,132.66,132.74,132.8,132.88,132.24,132.3,132.38,132.44,132.52,132.58,132.66,132.72,132.8,132.8,132.86
2021-04-25 01:00:00,98.2,98.22,98.26,98.28,98.3,98.34,98.36,98.38,98.42,98.42,98.44,98.26,98.28,98.32000000000001,98.34,98.36,98.4,98.42,98.42,98.44,98.48,98.5,98.32000000000001,98.34,98.38,98.4,98.42,98.42,98.46000000000001,98.48,98.5,98.54,98.56,98.38,98.4,98.42,98.42,98.46000000000001,98.48,98.52,98.54,98.56,98.60000000000001,98.62,98.44,98.46000000000001,98.46000000000001,98.5,98.52,98.54,98.58,98.60000000000001,98.62,98.66,98.68,98.48,98.5,98.52,98.56,98.58,98.60000000000001,98.64,98.66,98.68,98.72,98.72,98.54,98.56,98.58,98.62,98.64,98.66,98.7,98.72,98.72,98.76,98.78,98.60000000000001,98.62,98.64,98.68,98.7,98.72,98.72,98.76,98.78,98.82000000000001,98.84,98.66,98.68,98.7,98.74000000000001,98.74000000000001,98.76,98.78,98.82000000000001,98.84,98.88,98.9,98.72,98.74000000000001,98.76,98.76,98.8,98.82000000000001,98.86,98.88,98.9,98.94,98.96000000000001,98.78,98.78,98.8,98.82000000000001,98.86,98.88,98.92,98.94,98.96000000000001,99.0,99.02
2021-02-24 04:00:00,187.96,188.04,188.12,188.20000000000002,188.28,188.36,188.44,188.44,188.54,188.62,188.70000000000002,187.96,188.04,188.12,188.20000000000002,188.28,188.28,188.36,188.44,188.52,188.62,188.70000000000002,187.96,188.04,188.12,188.20000000000002,188.20000000000002,188.3,188.38,188.46,188.54,188.62,188.70000000000002,187.96,188.06,188.06,188.14000000000001,188.22,188.3,188.38,188.46,188.54,188.62,188.70000000000002,187.9,187.98,188.06,188.14000000000001,188.22,188.3,188.38,188.46,188.54,188.62,188.62,187.88,187.96,188.06,188.14000000000001,188.22,188.3,188.38,188.46,188.46,188.54,188.62,187.9,187.98,188.06,188.14000000000001,188.22,188.3,188.3,188.38,188.46,188.54,188.62,187.9,187.98,188.06,188.14000000000001,188.22,188.22,188.3,188.38,188.46,188.56,188.64000000000001,187.9,187.98,188.06,188.06,188.16,188.24,188.32,188.4,188.48,188.56,188.64000000000001,187.9,187.9,187.98,188.06,188.14000000000001,188.24,188.32,188.4,188.48,188.56,188.64000000000001,187.84,187.92000000000002,188.0,188.08,188.16,188.24,188.32,188.4,188.48,188.48,188.56
2021-06-16 01:00:00,80.82000000000001,80.82000000000001,80.82000000000001,80.84,80.84,80.86,80.86,80.88,80.88,80.88,80.9,80.88,80.88,80.9,80.9,80.9,80.92,80.92,80.92,80.94,80.94,80.96000000000001,80.94,80.94,80.96000000000001,80.96000000000001,80.98,80.98,80.98,80.98,81.0,81.0,81.02,81.0,81.0,81.02,81.02,81.02,81.04,81.04,81.04,81.06,81.06,81.08,81.06,81.06,81.06,81.08,81.08,81.10000000000001,81.10000000000001,81.12,81.12,81.14,81.14,81.10000000000001,81.12,81.12,81.14,81.14,81.16,81.16,81.18,81.18,81.2,81.2,81.16,81.18,81.18,81.2,81.2,81.22,81.22,81.24,81.24,81.24,81.26,81.22,81.24,81.24,81.26,81.26,81.28,81.28,81.28,81.3,81.3,81.32000000000001,81.28,81.3,81.3,81.32000000000001,81.32000000000001,81.32000000000001,81.34,81.34,81.36,81.36,81.38,81.36,81.36,81.38,81.38,81.38,81.4,81.4,81.42,81.42,81.44,81.44,81.42,81.42,81.42,81.44,81.44,81.46000000000001,81.46000000000001,81.48,81.48,81.5,81.5
2021-08-08 04:00:00,224.18,224.18,224.54,224.74,224.96,225.16,225.36,225.56,225.76,225.94,226.14000000000001,223.82,224.18,224.38,224.6,224.8,225.0,225.20000000000002,225.4,225.6,225.6,225.8,223.82,224.02,224.24,224.44,224.64000000000001,224.84,225.04,225.04,225.24,225.44,225.64000000000001,223.64000000000001,223.84,224.06,224.26,224.46,224.46,224.66,224.86,225.06,225.26,225.46,223.48000000000002,223.70000000000002,223.9,224.1,224.1,224.3,224.52,224.72,224.92000000000002,225.1,225.3,223.34,223.54,223.54,223.76,223.96,224.16,224.36,224.56,224.76,224.96,225.16,222.98000000000002,223.20000000000002,223.4,223.6,223.8,224.02,224.22,224.42000000000002,224.62,224.8,224.8,222.82,223.04,223.24,223.44,223.64000000000001,223.84,224.04,224.24,224.24,224.44,224.64000000000001,222.68,222.88,223.1,223.3,223.5,223.70000000000002,223.70000000000002,223.9,224.1,224.3,224.5,222.54,222.74,222.94,223.16,223.36,223.36,223.56,223.76,223.96,224.16,224.36,222.4,222.6,222.8,222.8,223.0,223.22,223.42000000000002,223.62,223.82,224.02,224.20000000000002
2021-09-29 01:00:00,121.52,121.58,121.62,121.66,121.7,121.74000000000001,121.74000000000001,121.78,121.82000000000001,121.86,121.9,121.58,121.62,121.66,121.7,121.7,121.74000000000001,121.78,121.82000000000001,121.88,121.92,121.96000000000001,121.62,121.66,121.66,121.7,121.74000000000001,121.78,121.82000000000001,121.88,121.92,121.96000000000001,122.0,121.66,121.66,121.7,121.74000000000001,121.8,121.84,121.88,121.92,121.96000000000001,122.0,122.04,121.66,121.72,121.76,121.8,121.84,121.88,121.92,121.96000000000001,122.0,122.0,122.06,121.72,121.76,121.8,121.84,121.88,121.92,121.98,121.98,122.02,122.06,122.10000000000001,121.76,121.8,121.84,121.88,121.92,121.92,121.96000000000001,122.02,122.06,122.10000000000001,122.14,121.8,121.84,121.88,121.88,121.94,121.98,122.02,122.06,122.10000000000001,122.14,122.18,121.84,121.9,121.9,121.94,121.98,122.02,122.06,122.10000000000001,122.14,122.2,122.24000000000001,121.86,121.9,121.94,121.98,122.02,122.06,122.10000000000001,122.16,122.2,122.24000000000001,122.24000000000001,121.9,121.94,121.98,122.02,122.06,122.12,122.16,122.2,122.2,122.24000000000001,122.28
2021-03-22 03:00:00,156.5,156.6,156.70000000000002,156.82,156.92000000000002,157.02,157.14000000000001,157.24,157.24,157.34,157.46,156.56,156.66,156.76,156.86,156.98,157.08,157.08,157.18,157.3,157.4,157.5,156.62,156.72,156.82,156.92000000000002,156.92000000000002,157.04,157.14000000000001,157.24,157.36,157.46,157.56,156.66,156.76,156.86,156.86,156.96,157.08,157.18,157.28,157.4,157.5,157.6,156.70000000000002,156.70000000000002,156.82,156.92000000000002,157.02,157.12,157.24,157.34,157.44,157.56,157.66,156.66,156.76,156.88,156.98,157.08,157.18,157.3,157.4,157.5,157.5,157.62,156.72,156.82,156.92000000000002,157.04,157.14000000000001,157.24,157.34,157.34,157.46,157.56,157.66,156.76,156.88,156.98,157.08,157.18,157.18,157.3,157.4,157.5,157.6,157.72,156.82,156.92000000000002,157.04,157.14000000000001,157.14000000000001,157.24,157.34,157.46,157.56,157.66,157.78,156.88,156.98,156.98,157.08,157.20000000000002,157.3,157.4,157.5,157.62,157.72,157.82,156.84,156.94,157.04,157.14000000000001,157.24,157.36,157.46,157.56,157.68,157.78,157.78
2021-10-08 04:00:00,201.5,201.58,201.66,201.74,201.82,201.92000000000002,202.0,202.0,202.08,202.16,202.24,201.48000000000002,201.56,201.64000000000001,201.72,201.82,201.82,201.9,201.98000000000002,202.06,202.14000000000001,202.22,201.48000000000002,201.56,201.64000000000001,201.72,201.72,201.8,201.88,201.96,202.04,202.12,202.20000000000002,201.46,201.54,201.54,201.62,201.70000000000002,201.78,201.88,201.96,202.04,202.12,202.20000000000002,201.36,201.46,201.54,201.62,201.70000000000002,201.78,201.86,201.94,202.02,202.1,202.1,201.34,201.42000000000002,201.52,201.6,201.68,201.76,201.84,201.92000000000002,201.92000000000002,202.0,202.08,201.34,201.42000000000002,201.5,201.58,201.66,201.74,201.74,201.82,201.9,201.98000000000002,202.06,201.32,201.4,201.48000000000002,201.58,201.66,201.66,201.74,201.82,201.9,201.98000000000002,202.06,201.32,201.4,201.48000000000002,201.48000000000002,201.56,201.64000000000001,201.72,201.8,201.88,201.96,202.04,201.3,201.3,201.38,201.46,201.54,201.62,201.70000000000002,201.78,201.86,201.94,202.02,201.20000000000002,201.28,201.36,201.46,201.54,201.62,201.70000000000002,201.78,201.86,201.86,201.94
2021-03-12 04:00:00,191.70000000000002,191.8,191.9,192.0,192.1,192.20000000000002,192.3,192.4,192.5,192.5,192.6,191.70000000000002,191.8,191.9,192.0,192.1,192.20000000000002,192.3,192.3,192.4,192.5,192.6,191.70000000000002,191.8,191.9,192.0,192.1,192.1,192.20000000000002,192.28,192.38,192.48000000000002,192.58,191.70000000000002,191.8,191.9,192.0,192.0,192.1,192.20000000000002,192.28,192.38,192.48000000000002,192.58,191.70000000000002,191.8,191.8,191.9,192.0,192.1,192.20000000000002,192.3,192.38,192.48000000000002,192.58,191.6,191.70000000000002,191.8,191.9,192.0,192.1,192.20000000000002,192.3,192.38,192.48000000000002,192.48000000000002,191.6,191.68,191.78,191.88,191.98000000000002,192.08,192.18,192.28,192.28,192.38,192.48000000000002,191.6,191.70000000000002,191.78,191.88,191.98000000000002,192.08,192.08,192.18,192.28,192.38,192.48000000000002,191.6,191.70000000000002,191.78,191.88,191.98000000000002,191.98000000000002,192.08,192.18,192.28,192.38,192.48000000000002,191.6,191.70000000000002,191.8,191.8,191.88,191.98000000000002,192.08,192.18,192.28,192.38,192.48000000000002,191.58,191.58,191.68,191.78,191.88,191.98000000000002,192.08,192.18,192.28,192.36,192.46
2021-04-19 02:00:00,114.08,114.14,114.2,114.24000000000001,114.3,114.36,114.42,114.48,114.48,114.54,114.60000000000001,114.18,114.22,114.28,114.34,114.4,114.46000000000001,114.46000000000001,114.52,114.58,114.64,114.7,114.26,114.32000000000001,114.38,114.44,114.44,114.5,114.54,114.60000000000001,114.66,114.72,114.78,114.36,114.42,114.46000000000001,114.46000000000001,114.52,114.58,114.64,114.7,114.76,114.82000000000001,114.88,114.44,114.44,114.5,114.56,114.62,114.68,114.74000000000001,114.8,114.86,114.92,114.98,114.48,114.54,114.60000000000001,114.66,114.72,114.78,114.84,114.9,114.96000000000001,114.96000000000001,115.02,114.58,114.64,114.7,114.76,114.82000000000001,114.88,114.92,114.92,114.98,115.04,115.10000000000001,114.68,114.74000000000001,114.78,114.84,114.9,114.9,114.96000000000001,115.02,115.08,115.14,115.2,114.76,114.82000000000001,114.88,114.94,114.94,115.0,115.06,115.12,115.18,115.24000000000001,115.3,114.86,114.92,114.92,114.98,115.04,115.10000000000001,115.16,115.22,115.28,115.34,115.4,114.9,114.94,115.0,115.06,115.12,115.18,115.24000000000001,115.3,115.36,115.42,115.42
2021-03-17 06:00:00,240.34,240.34,240.38,240.44,240.48000000000002,240.52,240.56,240.6,240.64000000000001,240.68,240.72,240.26,240.3,240.38,240.42000000000002,240.46,240.48000000000002,240.52,240.56,240.6,240.6,240.64000000000001,240.22,240.3,240.34,240.38,240.42000000000002,240.46,240.48000000000002,240.48000000000002,240.52,240.56,240.6,240.22,240.26,240.3,240.34,240.38,240.42000000000002,240.42000000000002,240.46,240.5,240.54,240.58,240.20000000000002,240.24,240.28,240.3,240.3,240.34,240.38,240.42000000000002,240.46,240.5,240.54,240.16,240.20000000000002,240.20000000000002,240.24,240.28,240.32,240.36,240.4,240.42000000000002,240.46,240.5,240.08,240.12,240.16,240.20000000000002,240.24,240.28,240.32,240.36,240.4,240.44,240.44,240.06,240.1,240.12,240.16,240.20000000000002,240.24,240.28,240.32,240.32,240.36,240.4,240.02,240.06,240.1,240.14000000000001,240.18,240.22,240.26,240.26,240.28,240.32,240.36,239.98000000000002,240.02,240.06,240.1,240.14000000000001,240.14000000000001,240.18,240.22,240.26,240.3,240.34,239.94,239.98000000000002,240.02,240.02,240.06,240.1,240.14000000000001,240.18,240.22,240.26,240.3
2021-04-25 02:00:00,109.96000000000001,109.9,109.96000000000001,110.02,110.06,110.12,110.18,110.22,110.28,110.34,110.34,109.96000000000001,110.0,110.06,110.12,110.16,110.22,110.28,110.34,110.34,110.38,110.44,110.06,110.12,110.16,110.22,110.28,110.32000000000001,110.32000000000001,110.38,110.44,110.5,110.54,110.16,110.2,110.26,110.32000000000001,110.32000000000001,110.36,110.42,110.48,110.54,110.58,110.64,110.26,110.3,110.36,110.36,110.42,110.48,110.52,110.58,110.64,110.7,110.74000000000001,110.36,110.36,110.42,110.46000000000001,110.52,110.58,110.64,110.68,110.74000000000001,110.8,110.86,110.4,110.46000000000001,110.52,110.56,110.62,110.68,110.74000000000001,110.78,110.84,110.84,110.9,110.5,110.56,110.62,110.66,110.72,110.78,110.84,110.84,110.88,110.94,111.0,110.60000000000001,110.66,110.72,110.78,110.82000000000001,110.82000000000001,110.88,110.94,111.0,111.04,111.10000000000001,110.7,110.76,110.82000000000001,110.88,110.88,110.92,110.98,111.04,111.10000000000001,111.16,111.2,110.82000000000001,110.86,110.86,110.92,110.98,111.04,111.08,111.14,111.2,111.26,111.32000000000001
2021-05-11 05:00:00,262.96,262.98,262.98,263.1,263.12,263.16,263.18,263.2,263.22,263.26,263.28000000000003,262.84000000000003,262.86,262.98,263.0,263.04,263.06,263.08,263.12,263.14,263.16,263.16,262.74,262.86,262.88,262.92,262.94,262.96,263.0,263.02,263.02,263.04,263.06,262.74,262.76,262.8,262.82,262.84000000000003,262.88,262.88,262.9,262.92,262.94,262.98,262.64,262.68,262.7,262.72,262.76,262.76,262.78000000000003,262.8,262.82,262.86,262.88,262.56,262.58,262.6,262.6,262.64,262.66,262.68,262.7,262.74,262.76,262.78000000000003,262.46,262.46,262.48,262.5,262.54,262.56,262.58,262.62,262.64,262.66,262.7,262.34000000000003,262.36,262.38,262.42,262.44,262.46,262.5,262.52,262.54,262.54,262.58,262.24,262.26,262.3,262.32,262.34000000000003,262.38,262.4,262.4,262.42,262.46,262.48,262.14,262.16,262.2,262.22,262.26,262.28000000000003,262.28000000000003,262.3,262.34000000000003,262.36,262.38,262.04,262.08,262.1,262.14,262.14,262.16,262.18,262.22,262.24,262.26,262.3
2021-03-06 05:00:00,216.9,217.0,217.06,217.12,217.18,217.26,217.32,217.38,217.38,217.44,217.5,216.9,216.96,217.02,217.1,217.16,217.22,217.22,217.28,217.34,217.42000000000002,217.48000000000002,216.88,216.94,217.0,217.06,217.14000000000001,217.14000000000001,217.20000000000002,217.26,217.32,217.38,217.46,216.84,216.92000000000002,216.98000000000002,216.98000000000002,217.04,217.1,217.18,217.24,217.3,217.36,217.42000000000002,216.82,216.82,216.88,216.96,217.02,217.08,217.14000000000001,217.22,217.28,217.34,217.4,216.72,216.8,216.86,216.92000000000002,216.98000000000002,217.04,217.12,217.18,217.24,217.24,217.3,216.70000000000002,216.76,216.84,216.9,216.96,217.02,217.08,217.08,217.16,217.22,217.28,216.68,216.74,216.8,216.88,216.94,217.0,217.0,217.06,217.12,217.20000000000002,217.26,216.66,216.72,216.78,216.84,216.84,216.92000000000002,216.98000000000002,217.04,217.1,217.16,217.24,216.62,216.68,216.68,216.76,216.82,216.88,216.94,217.0,217.08,217.14000000000001,217.20000000000002,216.54,216.6,216.66,216.72,216.8,216.86,216.92000000000002,216.98000000000002,217.04,217.12,217.12
2021-10-19 03:00:00,173.36,173.44,173.52,173.6,173.68,173.76,173.76,173.84,173.92000000000002,174.0,174.1,173.36,173.46,173.54,173.62,173.62,173.70000000000002,173.78,173.86,173.94,174.02,174.1,173.4,173.48,173.56,173.56,173.64000000000001,173.72,173.8,173.88,173.96,174.04,174.12,173.42000000000002,173.42000000000002,173.5,173.58,173.66,173.74,173.82,173.9,173.98,174.06,174.14000000000001,173.36,173.44,173.52,173.6,173.68,173.76,173.84,173.92000000000002,174.0,174.0,174.08,173.38,173.46,173.54,173.62,173.70000000000002,173.78,173.86,173.86,173.94,174.02,174.1,173.4,173.48,173.56,173.64000000000001,173.72,173.72,173.8,173.88,173.96,174.04,174.12,173.42000000000002,173.5,173.58,173.66,173.66,173.74,173.82,173.9,173.98,174.06,174.14000000000001,173.44,173.52,173.52,173.6,173.68,173.76,173.84,173.92000000000002,174.0,174.08,174.16,173.36,173.44,173.52,173.62,173.70000000000002,173.78,173.86,173.94,174.02,174.1,174.1,173.4,173.48,173.56,173.64000000000001,173.72,173.8,173.88,173.96,173.96,174.04,174.12
2021-02-25 02:00:00,138.62,138.68,138.74,138.8,138.84,138.84,138.9,138.96,139.02,139.06,139.12,138.66,138.72,138.78,138.78,138.84,138.88,138.94,139.0,139.06,139.1,139.16,138.70000000000002,138.76,138.76,138.82,138.88,138.92000000000002,138.98,139.04,139.1,139.14000000000001,139.20000000000002,138.70000000000002,138.76,138.8,138.86,138.92000000000002,138.96,139.02,139.08,139.14000000000001,139.20000000000002,139.20000000000002,138.74,138.8,138.84,138.9,138.96,139.02,139.06,139.12,139.12,139.18,139.24,138.78,138.82,138.88,138.94,139.0,139.04,139.04,139.1,139.16,139.22,139.26,138.82,138.86,138.92000000000002,138.98,138.98,139.04,139.08,139.14000000000001,139.20000000000002,139.26,139.3,138.86,138.92000000000002,138.96,138.96,139.02,139.08,139.14000000000001,139.18,139.24,139.3,139.36,138.9,138.9,138.96,139.0,139.06,139.12,139.18,139.22,139.28,139.34,139.4,138.88,138.94,139.0,139.04,139.1,139.16,139.22,139.26,139.32,139.32,139.38,138.92000000000002,138.98,139.04,139.08,139.14000000000001,139.20000000000002,139.26,139.26,139.3,139.36,139.42000000000002
2021-02-12 05:00:00,209.08,209.16,209.22,209.28,209.34,209.4,209.46,209.52,209.52,209.58,209.62,209.08,209.14000000000001,209.20000000000002,209.26,209.32,209.38,209.38,209.44,209.5,209.56,209.62,209.08,209.14000000000001,209.20000000000002,209.26,209.3,209.3,209.36,209.42000000000002,209.48000000000002,209.54,209.6,209.06,209.12,209.18,209.18,209.24,209.3,209.36,209.42000000000002,209.46,209.52,209.58,209.06,209.06,209.1,209.16,209.22,209.28,209.34,209.4,209.46,209.52,209.58,208.98000000000002,209.02,209.08,209.14000000000001,209.20000000000002,209.26,209.32,209.38,209.44,209.44,209.5,208.96,209.02,209.08,209.14000000000001,209.20000000000002,209.24,209.3,209.3,209.36,209.42000000000002,209.48000000000002,208.94,209.0,209.06,209.12,209.18,209.24,209.24,209.3,209.36,209.42000000000002,209.46,208.94,209.0,209.04,209.1,209.1,209.16,209.22,209.28,209.34,209.4,209.46,208.92000000000002,208.98000000000002,208.98000000000002,209.04,209.1,209.14000000000001,209.20000000000002,209.26,209.32,209.38,209.44,208.84,208.9,208.96,209.02,209.08,209.14000000000001,209.20000000000002,209.26,209.32,209.36,209.36
2021-08-29 03:00:00,149.5,149.64000000000001,149.8,149.96,150.1,150.26,150.42000000000002,150.58,150.58,150.72,150.88,149.6,149.76,149.9,150.06,150.22,150.36,150.36,150.52,150.68,150.84,150.98,149.68,149.84,149.98,150.14000000000001,150.14000000000001,150.3,150.44,150.6,150.76,150.92000000000002,151.06,149.8,149.94,150.1,150.1,150.24,150.4,150.56,150.70000000000002,150.86,151.02,151.18,149.9,149.9,150.04,150.20000000000002,150.36,150.5,150.66,150.82,150.96,151.12,151.28,149.84,150.0,150.16,150.3,150.46,150.6,150.76,150.92000000000002,151.08,151.08,151.22,149.94,150.1,150.24,150.4,150.54,150.70000000000002,150.86,150.86,151.0,151.16,151.32,150.04,150.20000000000002,150.34,150.5,150.66,150.66,150.8,150.96,151.12,151.26,151.42000000000002,150.16,150.3,150.46,150.6,150.6,150.76,150.9,151.06,151.22,151.36,151.52,150.26,150.4,150.4,150.56,150.70000000000002,150.86,151.02,151.16,151.32,151.48,151.62,150.18,150.34,150.48,150.64000000000001,150.78,150.94,151.1,151.24,151.4,151.56,151.56
2021-09-29 04:00:00,202.68,202.8,202.88,202.98000000000002,203.06,203.16,203.24,203.34,203.44,203.44,203.52,202.68,202.78,202.86,202.96,203.06,203.14000000000001,203.24,203.24,203.32,203.42000000000002,203.5,202.66,202.76,202.84,202.94,203.02,203.02,203.12,203.22,203.3,203.4,203.48000000000002,202.64000000000001,202.74,202.84,202.92000000000002,202.92000000000002,203.02,203.1,203.20000000000002,203.28,203.38,203.46,202.64000000000001,202.72,202.72,202.82,202.9,203.0,203.08,203.18,203.28,203.36,203.46,202.52,202.62,202.72,202.8,202.9,202.98000000000002,203.08,203.16,203.26,203.34,203.34,202.5,202.6,202.68,202.78,202.86,202.96,203.04,203.14000000000001,203.14000000000001,203.22,203.32,202.48000000000002,202.58,202.66,202.76,202.86,202.94,202.94,203.04,203.12,203.22,203.3,202.48000000000002,202.56,202.66,202.74,202.84,202.84,202.92000000000002,203.02,203.1,203.20000000000002,203.28,202.46,202.54,202.64000000000001,202.64000000000001,202.74,202.82,202.92000000000002,203.0,203.1,203.18,203.28,202.44,202.44,202.52,202.62,202.70000000000002,202.8,202.88,202.98000000000002,203.08,203.16,203.26
2021-10-08 02:00:00,144.12,144.18,144.24,144.32,144.38,144.38,144.46,144.52,144.58,144.66,144.72,144.16,144.22,144.3,144.3,144.36,144.42000000000002,144.5,144.56,144.64000000000001,144.70000000000002,144.76,144.20000000000002,144.28,144.28,144.34,144.4,144.48,144.54,144.62,144.68,144.74,144.82,144.18,144.26,144.32,144.38,144.46,144.52,144.6,144.66,144.72,144.8,144.8,144.24,144.3,144.36,144.44,144.5,144.58,144.64000000000001,144.70000000000002,144.70000000000002,144.78,144.84,144.28,144.34,144.4,144.48,144.54,144.62,144.62,144.68,144.74,144.82,144.88,144.32,144.38,144.46,144.52,144.52,144.6,144.66,144.72,144.8,144.86,144.94,144.36,144.44,144.5,144.5,144.58,144.64000000000001,144.70000000000002,144.78,144.84,144.92000000000002,144.98,144.42000000000002,144.42000000000002,144.48,144.56,144.62,144.68,144.76,144.82,144.9,144.96,145.02,144.4,144.46,144.52,144.6,144.66,144.72,144.8,144.86,144.94,144.94,145.0,144.44,144.5,144.58,144.64000000000001,144.70000000000002,144.78,144.84,144.84,144.92000000000002,144.98,145.06
2021-11-01 04:00:00,198.24,198.32,198.38,198.44,198.5,198.58,198.64000000000001,198.70000000000002,198.70000000000002,198.76,198.84,198.24,198.3,198.36,198.44,198.5,198.56,198.56,198.62,198.70000000000002,198.76,198.82,198.24,198.3,198.36,198.42000000000002,198.5,198.5,198.56,198.62,198.68,198.76,198.82,198.22,198.3,198.36,198.36,198.42000000000002,198.48000000000002,198.56,198.62,198.68,198.74,198.82,198.22,198.22,198.28,198.36,198.42000000000002,198.48000000000002,198.54,198.62,198.68,198.74,198.8,198.14000000000001,198.22,198.28,198.34,198.4,198.48000000000002,198.54,198.6,198.66,198.66,198.74,198.14000000000001,198.20000000000002,198.28,198.34,198.4,198.46,198.54,198.54,198.6,198.66,198.72,198.14000000000001,198.20000000000002,198.26,198.34,198.4,198.46,198.46,198.52,198.6,198.66,198.72,198.14000000000001,198.20000000000002,198.26,198.32,198.32,198.4,198.46,198.52,198.58,198.66,198.72,198.12,198.18,198.18,198.26,198.32,198.38,198.44,198.52,198.58,198.64000000000001,198.70000000000002,198.06,198.12,198.18,198.26,198.32,198.38,198.44,198.52,198.58,198.64000000000001,198.64000000000001
2021-06-12 01:00:00,81.2,81.2,81.2,81.22,81.22,81.24,81.24,81.26,81.26,81.26,81.28,81.26,81.26,81.28,81.28,81.3,81.3,81.3,81.3,81.32000000000001,81.32000000000001,81.34,81.32000000000001,81.32000000000001,81.34,81.34,81.36,81.36,81.36,81.38,81.38,81.4,81.4,81.38,81.38,81.4,81.4,81.4,81.42,81.42,81.44,81.44,81.46000000000001,81.46000000000001,81.44,81.44,81.44,81.46000000000001,81.46000000000001,81.48,81.48,81.5,81.5,81.52,81.52,81.48,81.5,81.5,81.52,81.52,81.54,81.54,81.56,81.56,81.58,81.58,81.54,81.56,81.56,81.58,81.60000000000001,81.60000000000001,81.62,81.62,81.62,81.64,81.64,81.62,81.62,81.64,81.64,81.66,81.66,81.66,81.68,81.68,81.7,81.7,81.68,81.68,81.7,81.7,81.7,81.72,81.72,81.74,81.74,81.76,81.76,81.74,81.74,81.76,81.76,81.76,81.78,81.78,81.8,81.8,81.82000000000001,81.82000000000001,81.8,81.8,81.8,81.82000000000001,81.82000000000001,81.84,81.86,81.86,81.88,81.88,81.9
2021-03-06 04:00:00,190.0,190.1,190.18,190.28,190.38,190.46,190.56,190.56,190.64000000000001,190.74,190.82,190.0,190.1,190.18,190.28,190.36,190.36,190.46,190.54,190.64000000000001,190.74,190.82,190.0,190.1,190.18,190.28,190.28,190.38,190.46,190.56,190.64000000000001,190.74,190.82,190.0,190.1,190.1,190.20000000000002,190.28,190.38,190.46,190.56,190.64000000000001,190.74,190.82,189.92000000000002,190.02,190.1,190.20000000000002,190.28,190.38,190.46,190.56,190.64000000000001,190.74,190.74,189.92000000000002,190.0,190.1,190.18,190.28,190.36,190.46,190.54,190.54,190.64000000000001,190.74,189.92000000000002,190.0,190.1,190.18,190.28,190.36,190.36,190.46,190.56,190.64000000000001,190.74,189.92000000000002,190.0,190.1,190.20000000000002,190.28,190.28,190.38,190.46,190.56,190.64000000000001,190.74,189.92000000000002,190.02,190.1,190.1,190.20000000000002,190.28,190.38,190.46,190.56,190.64000000000001,190.74,189.92000000000002,189.92000000000002,190.0,190.1,190.20000000000002,190.28,190.38,190.46,190.56,190.64000000000001,190.74,189.84,189.92000000000002,190.02,190.1,190.20000000000002,190.28,190.38,190.46,190.56,190.56,190.64000000000001
2021-06-25 00:00:00,77.86,77.88,77.88,77.9,77.9,77.92,77.92,77.94,77.94,77.94,77.96000000000001,77.9,77.92,77.92,77.94,77.94,77.96000000000001,77.96000000000001,77.96000000000001,77.98,77.98,78.0,77.94,77.94,77.96000000000001,77.98,77.98,77.98,78.0,78.0,78.02,78.02,78.04,77.98,77.98,77.98,78.0,78.0,78.02,78.02,78.04,78.04,78.06,78.08,78.02,78.02,78.02,78.04,78.04,78.06,78.06,78.08,78.08,78.10000000000001,78.10000000000001,78.04,78.06,78.06,78.08,78.08,78.10000000000001,78.10000000000001,78.12,78.12,78.12,78.14,78.08,78.08,78.10000000000001,78.12,78.12,78.14,78.14,78.14,78.16,78.16,78.18,78.12,78.12,78.14,78.14,78.16,78.16,78.16,78.18,78.2,78.2,78.22,78.16,78.16,78.18,78.18,78.18,78.2,78.2,78.22,78.22,78.24,78.26,78.2,78.2,78.2,78.22,78.22,78.24,78.24,78.26,78.26,78.28,78.28,78.22,78.22,78.24,78.26,78.26,78.28,78.28,78.3,78.3,78.32000000000001,78.32000000000001
2021-05-22 03:00:00,106.32000000000001,106.08,106.2,106.34,106.46000000000001,106.60000000000001,106.74000000000001,106.88,107.02,107.16,107.16,106.32000000000001,106.46000000000001,106.58,106.72,106.86,107.0,107.14,107.28,107.28,107.42,107.56,106.7,106.84,106.96000000000001,107.10000000000001,107.24000000000001,107.38,107.38,107.52,107.68,107.82000000000001,107.96000000000001,107.06,107.2,107.34,107.46000000000001,107.46000000000001,107.62,107.76,107.9,108.04,108.2,108.34,107.44,107.58,107.72,107.72,107.86,108.0,108.14,108.28,108.44,108.58,108.74000000000001,107.8,107.8,107.94,108.10000000000001,108.24000000000001,108.38,108.52,108.68,108.84,108.98,109.14,108.04,108.18,108.32000000000001,108.48,108.62,108.76,108.92,109.06,109.22,109.22,109.38,108.4,108.54,108.7,108.84,109.0,109.14,109.3,109.3,109.44,109.60000000000001,109.76,108.78,108.92,109.08,109.22,109.38,109.38,109.52,109.68,109.84,110.0,110.16,109.16,109.3,109.44,109.60000000000001,109.60000000000001,109.76,109.9,110.06,110.22,110.38,110.54,109.52,109.68,109.68,109.82000000000001,109.98,110.14,110.28,110.44,110.60000000000001,110.78,110.94
2021-04-06 07:00:00,260.72,260.74,260.74,260.76,260.8,260.82,260.84000000000003,260.88,260.9,260.92,260.94,260.66,260.68,260.7,260.76,260.78000000000003,260.8,260.82,260.84000000000003,260.86,260.88,260.88,260.64,260.66,260.7,260.72,260.76,260.78000000000003,260.8,260.82,260.82,260.84000000000003,260.86,260.62,260.66,260.68,260.7,260.72,260.74,260.76,260.76,260.78000000000003,260.8,260.82,260.62,260.64,260.66,260.68,260.7,260.7,260.72,260.74,260.76,260.78000000000003,260.8,260.58,260.6,260.62,260.62,260.64,260.66,260.68,260.72,260.74,260.76,260.78000000000003,260.56,260.56,260.58,260.6,260.62,260.64,260.66,260.68,260.7,260.72,260.74,260.5,260.52,260.54,260.56,260.58,260.62,260.64,260.66,260.68,260.68,260.7,260.48,260.5,260.52,260.54,260.56,260.58,260.6,260.62,260.62,260.64,260.66,260.44,260.48,260.5,260.52,260.54,260.56,260.56,260.58,260.6,260.62,260.64,260.42,260.44,260.46,260.48,260.48,260.5,260.52,260.54,260.56,260.6,260.62
2021-09-23 04:00:00,203.54,203.66,203.76,203.86,203.96,204.04,204.14000000000001,204.24,204.34,204.34,204.44,203.54,203.64000000000001,203.74,203.84,203.94,204.04,204.12,204.12,204.22,204.32,204.42000000000002,203.52,203.62,203.72,203.82,203.92000000000002,203.92000000000002,204.02,204.1,204.20000000000002,204.3,204.4,203.5,203.6,203.70000000000002,203.8,203.8,203.9,204.0,204.1,204.18,204.28,204.38,203.46,203.56,203.56,203.66,203.76,203.86,203.96,204.06,204.16,204.26,204.36,203.34,203.44,203.54,203.64000000000001,203.74,203.84,203.94,204.04,204.14000000000001,204.24,204.24,203.34,203.44,203.52,203.62,203.72,203.82,203.92000000000002,204.02,204.02,204.12,204.22,203.32,203.42000000000002,203.52,203.6,203.70000000000002,203.8,203.8,203.9,204.0,204.1,204.20000000000002,203.28,203.38,203.48000000000002,203.58,203.68,203.68,203.78,203.88,203.98000000000002,204.08,204.18,203.28,203.36,203.46,203.46,203.56,203.66,203.76,203.86,203.96,204.06,204.16,203.26,203.26,203.36,203.46,203.54,203.64000000000001,203.74,203.84,203.94,204.04,204.14000000000001
2021-09-24 02:00:00,136.32,136.4,136.46,136.54,136.6,136.68,136.74,136.74,136.82,136.88,136.96,136.38,136.46,136.52,136.6,136.66,136.66,136.74,136.8,136.88,136.94,137.02,136.44,136.5,136.58,136.58,136.64000000000001,136.72,136.78,136.86,136.92000000000002,137.0,137.08,136.5,136.58,136.58,136.64000000000001,136.70000000000002,136.78,136.86,136.92000000000002,137.0,137.06,137.14000000000001,136.5,136.56,136.64000000000001,136.70000000000002,136.78,136.84,136.92000000000002,136.98,137.06,137.12,137.12,136.56,136.62,136.70000000000002,136.76,136.84,136.9,136.98,137.04,137.04,137.12,137.18,136.6,136.68,136.74,136.82,136.88,136.96,136.96,137.02,137.1,137.16,137.24,136.66,136.74,136.8,136.88,136.88,136.94,137.02,137.08,137.16,137.22,137.3,136.72,136.8,136.86,136.86,136.94,137.0,137.08,137.14000000000001,137.22,137.28,137.36,136.78,136.78,136.86,136.92000000000002,137.0,137.06,137.14000000000001,137.20000000000002,137.28,137.36,137.42000000000002,136.78,136.84,136.92000000000002,136.98,137.06,137.12,137.20000000000002,137.26,137.34,137.34,137.4
2021-08-31 01:00:00,104.88,104.92,104.94,104.98,105.02,105.04,105.08,105.08,105.10000000000001,105.14,105.18,104.94,104.98,105.0,105.04,105.06,105.06,105.10000000000001,105.14,105.16,105.2,105.22,105.0,105.02,105.06,105.06,105.08,105.12,105.16,105.18,105.22,105.24000000000001,105.28,105.04,105.08,105.08,105.12,105.14,105.18,105.2,105.24000000000001,105.28,105.3,105.34,105.08,105.10000000000001,105.14,105.16,105.2,105.24000000000001,105.26,105.3,105.34,105.36,105.36,105.12,105.16,105.2,105.22,105.26,105.28,105.32000000000001,105.36,105.36,105.38,105.42,105.18,105.22,105.24000000000001,105.28,105.32000000000001,105.34,105.34,105.38,105.4,105.44,105.48,105.24000000000001,105.28,105.3,105.34,105.34,105.36,105.4,105.44,105.46000000000001,105.5,105.54,105.3,105.32000000000001,105.36,105.36,105.4,105.42,105.46000000000001,105.5,105.52,105.56,105.58,105.36,105.36,105.38,105.42,105.44,105.48,105.52,105.54,105.58,105.62,105.64,105.36,105.4,105.44,105.46000000000001,105.5,105.54,105.56,105.60000000000001,105.64,105.64,105.66
2021-09-08 06:00:00,251.28,251.28,251.32,251.4,251.42000000000002,251.46,251.48000000000002,251.52,251.54,251.58,251.6,251.22,251.24,251.32,251.36,251.38,251.42000000000002,251.44,251.48000000000002,251.5,251.5,251.54,251.18,251.24,251.28,251.3,251.34,251.36,251.4,251.4,251.44,251.46,251.5,251.18,251.20000000000002,251.24,251.26000000000002,251.3,251.32,251.32,251.36,251.4,251.42000000000002,251.46,251.14000000000001,251.16,251.20000000000002,251.22,251.22,251.26000000000002,251.28,251.32,251.36,251.38,251.42000000000002,251.1,251.12,251.12,251.16,251.18,251.22,251.24,251.28,251.32,251.34,251.38,251.02,251.04,251.08,251.12,251.14000000000001,251.18,251.20000000000002,251.24,251.26000000000002,251.3,251.3,250.98000000000002,251.0,251.04,251.08,251.1,251.14000000000001,251.16,251.20000000000002,251.20000000000002,251.22,251.26000000000002,250.94,250.96,251.0,251.04,251.06,251.1,251.12,251.12,251.16,251.18,251.22,250.9,250.92000000000002,250.96,251.0,251.02,251.02,251.06,251.08,251.12,251.14000000000001,251.18,250.86,250.88,250.92000000000002,250.92000000000002,250.94,250.98000000000002,251.02,251.04,251.08,251.1,251.14000000000001
2021-11-19 05:00:00,213.28,213.34,213.38,213.42000000000002,213.48000000000002,213.52,213.56,213.56,213.6,213.66,213.70000000000002,213.28,213.32,213.36,213.42000000000002,213.46,213.46,213.5,213.56,213.6,213.64000000000001,213.68,213.26,213.3,213.36,213.36,213.4,213.44,213.5,213.54,213.58,213.64000000000001,213.68,213.24,213.24,213.3,213.34,213.38,213.44,213.48000000000002,213.52,213.58,213.62,213.66,213.20000000000002,213.24,213.28,213.32,213.38,213.42000000000002,213.46,213.52,213.56,213.56,213.6,213.18,213.22,213.28,213.32,213.36,213.42000000000002,213.46,213.5,213.5,213.54,213.6,213.16,213.22,213.26,213.3,213.36,213.4,213.4,213.44,213.5,213.54,213.58,213.16,213.20000000000002,213.24,213.3,213.3,213.34,213.38,213.42000000000002,213.48000000000002,213.52,213.56,213.14000000000001,213.18,213.18,213.24,213.28,213.32,213.38,213.42000000000002,213.46,213.5,213.56,213.08,213.14000000000001,213.18,213.22,213.26,213.32,213.36,213.4,213.46,213.5,213.5,213.08,213.12,213.16,213.22,213.26,213.3,213.34,213.4,213.44,213.44,213.48000000000002
2021-02-25 05:00:00,213.08,213.16,213.24,213.3,213.36,213.42000000000002,213.48000000000002,213.54,213.54,213.6,213.66,213.08,213.14000000000001,213.20000000000002,213.28,213.34,213.4,213.4,213.46,213.52,213.58,213.64000000000001,213.06,213.12,213.18,213.26,213.32,213.32,213.38,213.44,213.5,213.56,213.62,213.04,213.1,213.18,213.18,213.24,213.3,213.36,213.42000000000002,213.48000000000002,213.54,213.6,213.02,213.02,213.08,213.16,213.22,213.28,213.34,213.4,213.46,213.52,213.58,212.94,213.0,213.06,213.12,213.18,213.24,213.3,213.38,213.44,213.44,213.5,212.92000000000002,212.98000000000002,213.04,213.1,213.16,213.22,213.3,213.3,213.36,213.42000000000002,213.48000000000002,212.9,212.96,213.02,213.08,213.14000000000001,213.22,213.22,213.28,213.34,213.4,213.46,212.88,212.94,213.0,213.06,213.06,213.12,213.20000000000002,213.26,213.32,213.38,213.44,212.86,212.92000000000002,212.92000000000002,212.98000000000002,213.04,213.1,213.16,213.24,213.3,213.36,213.42000000000002,212.78,212.84,212.9,212.96,213.02,213.08,213.16,213.22,213.28,213.34,213.34
2021-09-23 01:00:00,118.24000000000001,118.28,118.32000000000001,118.36,118.4,118.44,118.44,118.48,118.52,118.56,118.62,118.3,118.34,118.38,118.42,118.42,118.46000000000001,118.5,118.54,118.58,118.62,118.66,118.34,118.38,118.38,118.42,118.46000000000001,118.5,118.54,118.58,118.62,118.66,118.7,118.38,118.38,118.44,118.48,118.52,118.56,118.60000000000001,118.64,118.68,118.72,118.76,118.4,118.44,118.48,118.52,118.56,118.60000000000001,118.64,118.68,118.72,118.72,118.76,118.44,118.48,118.52,118.56,118.60000000000001,118.64,118.68,118.68,118.72,118.78,118.82000000000001,118.5,118.54,118.58,118.62,118.66,118.66,118.7,118.74000000000001,118.78,118.82000000000001,118.86,118.54,118.58,118.62,118.62,118.66,118.7,118.74000000000001,118.78,118.82000000000001,118.86,118.92,118.58,118.62,118.62,118.66,118.7,118.74000000000001,118.8,118.84,118.88,118.92,118.96000000000001,118.60000000000001,118.64,118.68,118.72,118.76,118.8,118.84,118.88,118.92,118.96000000000001,118.96000000000001,118.64,118.68,118.72,118.76,118.8,118.84,118.9,118.94,118.94,118.98,119.02
2021-11-13 05:00:00,214.66,214.70000000000002,214.76,214.82,214.86,214.9,214.96,215.0,215.0,215.04,215.1,214.64000000000001,214.70000000000002,214.76,214.8,214.84,214.9,214.94,214.94,214.98000000000002,215.04,215.08,214.64000000000001,214.70000000000002,214.74,214.78,214.84,214.84,214.88,214.92000000000002,214.98000000000002,215.02,215.06,214.64000000000001,214.68,214.72,214.72,214.78,214.82,214.86,214.92000000000002,214.96,215.0,215.06,214.62,214.62,214.66,214.72,214.76,214.8,214.86,214.9,214.94,215.0,215.04,214.56,214.6,214.66,214.70000000000002,214.74,214.8,214.84,214.88,214.94,214.94,214.98000000000002,214.54,214.6,214.64000000000001,214.68,214.74,214.78,214.82,214.88,214.88,214.92000000000002,214.96,214.54,214.58,214.62,214.68,214.72,214.76,214.76,214.82,214.86,214.9,214.96,214.52,214.56,214.6,214.66,214.66,214.70000000000002,214.74,214.8,214.84,214.88,214.94,214.5,214.54,214.54,214.6,214.64000000000001,214.68,214.74,214.78,214.82,214.88,214.92000000000002,214.44,214.48000000000002,214.54,214.58,214.62,214.68,214.72,214.76,214.82,214.86,214.86
2021-04-30 01:00:00,95.74000000000001,95.76,95.8,95.82000000000001,95.84,95.86,95.88,95.92,95.94,95.94,95.96000000000001,95.8,95.82000000000001,95.86,95.88,95.9,95.92,95.96000000000001,95.96000000000001,95.98,96.0,96.02,95.86,95.9,95.92,95.94,95.96000000000001,95.96000000000001,96.0,96.02,96.04,96.06,96.10000000000001,95.92,95.94,95.98,95.98,96.0,96.02,96.04,96.08,96.10000000000001,96.12,96.16,95.98,96.02,96.02,96.04,96.06,96.08,96.12,96.14,96.16,96.18,96.22,96.02,96.04,96.08,96.10000000000001,96.12,96.16,96.18,96.2,96.22,96.26,96.26,96.08,96.12,96.14,96.16,96.18,96.22,96.24000000000001,96.26,96.26,96.28,96.32000000000001,96.14,96.18,96.2,96.22,96.24000000000001,96.28,96.28,96.3,96.32000000000001,96.36,96.38,96.22,96.24000000000001,96.26,96.28,96.28,96.32000000000001,96.34,96.36,96.38,96.42,96.44,96.28,96.3,96.32000000000001,96.32000000000001,96.34,96.38,96.4,96.42,96.46000000000001,96.48,96.5,96.34,96.34,96.36,96.38,96.42,96.44,96.46000000000001,96.48,96.52,96.54,96.56
2021-04-21 03:00:00,145.96,146.14000000000001,146.32,146.48,146.66,146.84,147.02,147.20000000000002,147.20000000000002,147.38,147.56,146.1,146.28,146.44,146.62,146.8,146.98,146.98,147.16,147.34,147.52,147.70000000000002,146.20000000000002,146.38,146.56,146.74,146.74,146.92000000000002,147.08,147.26,147.44,147.62,147.8,146.34,146.52,146.70000000000002,146.70000000000002,146.86,147.04,147.22,147.4,147.58,147.76,147.94,146.48,146.48,146.66,146.82,147.0,147.18,147.36,147.54,147.72,147.9,148.08,146.44,146.62,146.78,146.96,147.14000000000001,147.32,147.5,147.68,147.84,147.84,148.02,146.56,146.74,146.9,147.08,147.26,147.44,147.62,147.62,147.8,147.96,148.14000000000001,146.70000000000002,146.86,147.04,147.22,147.4,147.4,147.56,147.74,147.92000000000002,148.1,148.28,146.82,147.0,147.18,147.34,147.34,147.52,147.70000000000002,147.88,148.06,148.24,148.42000000000002,146.96,147.14000000000001,147.14000000000001,147.3,147.48,147.66,147.84,148.02,148.18,148.36,148.54,146.9,147.06,147.24,147.42000000000002,147.58,147.76,147.94,148.12,148.3,148.48,148.48
2021-02-18 05:00:00,210.72,210.8,210.86,210.92000000000002,210.98000000000002,211.04,211.1,211.16,211.16,211.22,211.28,210.72,210.78,210.84,210.9,210.96,211.02,211.02,211.08,211.14000000000001,211.20000000000002,211.26,210.70000000000002,210.76,210.82,210.88,210.94,210.94,211.0,211.06,211.12,211.18,211.24,210.68,210.74,210.8,210.8,210.86,210.92000000000002,210.98000000000002,211.04,211.1,211.16,211.22,210.68,210.68,210.74,210.8,210.86,210.92000000000002,210.96,211.02,211.08,211.14000000000001,211.20000000000002,210.58,210.64000000000001,210.70000000000002,210.76,210.82,210.88,210.94,211.0,211.06,211.06,211.12,210.58,210.64000000000001,210.70000000000002,210.76,210.82,210.88,210.94,210.94,211.0,211.06,211.12,210.56,210.62,210.68,210.74,210.8,210.86,210.86,210.92000000000002,210.98000000000002,211.04,211.1,210.54,210.6,210.66,210.72,210.72,210.78,210.84,210.9,210.96,211.02,211.08,210.52,210.58,210.58,210.64000000000001,210.70000000000002,210.76,210.82,210.88,210.94,211.0,211.06,210.44,210.5,210.56,210.62,210.68,210.74,210.8,210.86,210.92000000000002,210.98000000000002,210.98000000000002
2021-07-03 05:00:00,275.88,275.88,275.88,276.0,276.0,276.0,276.0,276.0,276.02,276.02,276.02,275.78000000000003,275.78000000000003,275.88,275.88,275.90000000000003,275.90000000000003,275.90000000000003,275.90000000000003,275.90000000000003,275.90000000000003,275.90000000000003,275.66,275.78000000000003,275.78000000000003,275.78000000000003,275.78000000000003,275.78000000000003,275.78000000000003,275.78000000000003,275.78000000000003,275.78000000000003,275.78000000000003,275.66,275.66,275.66,275.66,275.66,275.66,275.66,275.68,275.68,275.68,275.68,275.54,275.54,275.54,275.56,275.56,275.56,275.56,275.56,275.56,275.56,275.56,275.42,275.44,275.44,275.44,275.44,275.44,275.44,275.44,275.44,275.46,275.46,275.32,275.32,275.32,275.32,275.32,275.32,275.34000000000003,275.34000000000003,275.34000000000003,275.34000000000003,275.34000000000003,275.2,275.2,275.2,275.2,275.22,275.22,275.22,275.22,275.22,275.22,275.22,275.08,275.08,275.1,275.1,275.1,275.1,275.1,275.1,275.1,275.12,275.12,274.96,274.98,274.98,274.98,274.98,274.98,274.98,275.0,275.0,275.0,275.0,274.86,274.86,274.86,274.86,274.86,274.88,274.88,274.88,274.88,274.88,274.90000000000003
2021-05-21 02:00:00,92.04,91.96000000000001,91.98,92.0,92.02,92.06,92.08,92.10000000000001,92.12,92.14,92.14,92.04,92.08,92.10000000000001,92.12,92.14,92.16,92.2,92.22,92.22,92.24,92.26,92.16,92.18,92.22,92.24,92.26,92.28,92.28,92.32000000000001,92.34,92.36,92.38,92.28,92.3,92.32000000000001,92.36,92.36,92.38,92.4,92.42,92.46000000000001,92.48,92.5,92.4,92.42,92.44,92.44,92.48,92.5,92.52,92.54,92.58,92.60000000000001,92.62,92.52,92.52,92.54,92.56,92.58,92.62,92.64,92.66,92.7,92.72,92.74,92.60000000000001,92.62,92.66,92.68,92.7,92.74,92.76,92.78,92.82000000000001,92.82000000000001,92.84,92.72,92.74,92.78,92.8,92.82000000000001,92.84,92.88,92.88,92.9,92.92,92.96000000000001,92.84,92.86,92.88,92.92,92.94,92.94,92.96000000000001,93.0,93.02,93.04,93.08,92.96000000000001,92.98,93.0,93.04,93.04,93.06,93.08,93.12,93.14,93.16,93.2,93.08,93.10000000000001,93.10000000000001,93.12,93.16,93.18,93.2,93.24,93.26,93.28,93.32000000000001
2021-06-21 06:00:00,279.2,279.22,279.22,279.28000000000003,279.28000000000003,279.28000000000003,279.3,279.3,279.3,279.3,279.32,279.14,279.14,279.22,279.22,279.22,279.22,279.24,279.24,279.24,279.26,279.26,279.08,279.14,279.16,279.16,279.16,279.18,279.18,279.18,279.18,279.18,279.2,279.08,279.08,279.1,279.1,279.1,279.12,279.12,279.12,279.12,279.12,279.14,279.02,279.04,279.04,279.04,279.04,279.04,279.06,279.06,279.06,279.06,279.08,278.96,278.98,278.98,278.98,278.98,278.98,279.0,279.0,279.0,279.02,279.02,278.90000000000003,278.90000000000003,278.92,278.92,278.92,278.92,278.94,278.94,278.94,278.96,278.96,278.84000000000003,278.84000000000003,278.86,278.86,278.86,278.86,278.88,278.88,278.88,278.88,278.90000000000003,278.78000000000003,278.78000000000003,278.8,278.8,278.8,278.8,278.82,278.82,278.82,278.82,278.84000000000003,278.72,278.72,278.74,278.74,278.74,278.76,278.76,278.76,278.76,278.76,278.78000000000003,278.66,278.66,278.68,278.68,278.68,278.68,278.7,278.7,278.7,278.72,278.72
2021-03-08 05:00:00,217.9,217.96,218.06,218.12,218.18,218.24,218.32,218.38,218.44,218.5,218.5,217.86,217.96,218.02,218.1,218.16,218.22,218.28,218.36,218.36,218.42000000000002,218.48000000000002,217.86,217.94,218.0,218.06,218.12,218.20000000000002,218.20000000000002,218.26,218.32,218.38,218.44,217.84,217.9,217.98000000000002,218.04,218.1,218.1,218.16,218.22,218.3,218.36,218.42000000000002,217.82,217.88,217.94,217.94,218.0,218.08,218.14000000000001,218.20000000000002,218.26,218.34,218.4,217.78,217.78,217.86,217.92000000000002,217.98000000000002,218.04,218.12,218.18,218.24,218.3,218.36,217.68,217.76,217.82,217.88,217.94,218.02,218.08,218.14000000000001,218.20000000000002,218.20000000000002,218.26,217.66,217.72,217.8,217.86,217.92000000000002,217.98000000000002,218.04,218.04,218.12,218.18,218.24,217.64000000000001,217.70000000000002,217.76,217.82,217.9,217.96,217.96,218.02,218.08,218.16,218.22,217.6,217.68,217.74,217.8,217.8,217.86,217.94,218.0,218.06,218.12,218.20000000000002,217.58,217.64000000000001,217.64000000000001,217.70000000000002,217.78,217.84,217.9,217.96,218.04,218.1,218.16
2021-05-10 02:00:00,99.2,99.14,99.18,99.2,99.24000000000001,99.28,99.32000000000001,99.36,99.4,99.44,99.44,99.2,99.24000000000001,99.28,99.32000000000001,99.36,99.4,99.44,99.48,99.48,99.52,99.56,99.32000000000001,99.36,99.4,99.44,99.48,99.52,99.52,99.56,99.60000000000001,99.64,99.68,99.44,99.48,99.52,99.54,99.54,99.58,99.62,99.66,99.7,99.74000000000001,99.78,99.54,99.58,99.62,99.62,99.66,99.7,99.74000000000001,99.78,99.82000000000001,99.86,99.9,99.66,99.66,99.7,99.74000000000001,99.78,99.82000000000001,99.86,99.9,99.94,99.98,100.02,99.74000000000001,99.78,99.82000000000001,99.86,99.9,99.94,99.98,100.02,100.06,100.06,100.10000000000001,99.86,99.9,99.94,99.98,100.02,100.04,100.08,100.08,100.12,100.18,100.22,99.96000000000001,100.0,100.04,100.08,100.12,100.12,100.16,100.2,100.24000000000001,100.28,100.32000000000001,100.08,100.12,100.16,100.2,100.2,100.24000000000001,100.28,100.32000000000001,100.36,100.4,100.44,100.2,100.24000000000001,100.24000000000001,100.28,100.32000000000001,100.36,100.4,100.44,100.48,100.52,100.56
2021-02-25 04:00:00,188.12,188.20000000000002,188.28,188.38,188.46,188.54,188.62,188.62,188.70000000000002,188.78,188.86,188.12,188.20000000000002,188.28,188.36,188.46,188.46,188.54,188.62,188.70000000000002,188.78,188.86,188.12,188.22,188.3,188.38,188.38,188.46,188.54,188.62,188.70000000000002,188.78,188.86,188.14000000000001,188.22,188.22,188.3,188.38,188.46,188.54,188.62,188.70000000000002,188.8,188.88,188.06,188.14000000000001,188.22,188.3,188.38,188.46,188.56,188.64000000000001,188.72,188.8,188.8,188.06,188.14000000000001,188.22,188.3,188.38,188.46,188.54,188.62,188.62,188.70000000000002,188.8,188.06,188.14000000000001,188.22,188.3,188.38,188.46,188.46,188.54,188.64000000000001,188.72,188.8,188.06,188.14000000000001,188.22,188.3,188.4,188.4,188.48,188.56,188.64000000000001,188.72,188.8,188.06,188.16,188.24,188.24,188.32,188.4,188.48,188.56,188.64000000000001,188.72,188.8,188.06,188.06,188.14000000000001,188.24,188.32,188.4,188.48,188.56,188.64000000000001,188.72,188.8,188.0,188.08,188.16,188.24,188.32,188.4,188.48,188.56,188.64000000000001,188.64000000000001,188.72
2021-07-22 01:00:00,85.76,85.78,85.8,85.8,85.82000000000001,85.84,85.86,85.86,85.88,85.88,85.9,85.82000000000001,85.84,85.86,85.86,85.88,85.9,85.92,85.92,85.92,85.94,85.96000000000001,85.88,85.9,85.92,85.92,85.94,85.94,85.96000000000001,85.98,85.98,86.0,86.02,85.94,85.96000000000001,85.96000000000001,85.96000000000001,85.98,86.0,86.02,86.02,86.04,86.06,86.08,86.0,86.02,86.02,86.02,86.04,86.06,86.08,86.08,86.10000000000001,86.12,86.14,86.04,86.06,86.08,86.08,86.10000000000001,86.12,86.14,86.14,86.16,86.18,86.18,86.10000000000001,86.12,86.14,86.14,86.16,86.18,86.2,86.2,86.2,86.22,86.24,86.16,86.18,86.18,86.2,86.22,86.24,86.24,86.26,86.26,86.28,86.3,86.22,86.24,86.24,86.26,86.26,86.28,86.3,86.32000000000001,86.32000000000001,86.34,86.36,86.28,86.3,86.3,86.3,86.32000000000001,86.34,86.36,86.38,86.38,86.4,86.42,86.34,86.34,86.36,86.36,86.38,86.4,86.42,86.44,86.44,86.46000000000001,86.48
2021-06-07 01:00:00,81.94,81.94,81.96000000000001,81.96000000000001,81.98,81.98,82.0,82.0,82.02,82.02,82.02,82.0,82.0,82.02,82.02,82.04,82.06,82.06,82.06,82.08,82.08,82.10000000000001,82.06,82.08,82.08,82.10000000000001,82.10000000000001,82.10000000000001,82.12,82.12,82.14,82.14,82.16,82.12,82.14,82.14,82.14,82.16,82.16,82.18,82.18,82.2,82.2,82.22,82.18,82.2,82.2,82.2,82.22,82.22,82.24,82.24,82.26,82.28,82.28,82.24,82.24,82.26,82.26,82.28,82.3,82.3,82.32000000000001,82.32000000000001,82.34,82.34,82.3,82.3,82.32000000000001,82.34,82.34,82.36,82.36,82.38,82.38,82.38,82.4,82.36,82.38,82.38,82.4,82.4,82.42,82.42,82.42,82.44,82.44,82.46000000000001,82.42,82.44,82.44,82.46000000000001,82.46000000000001,82.46000000000001,82.48,82.5,82.5,82.52,82.52,82.48,82.5,82.5,82.5,82.52,82.54,82.54,82.56,82.56,82.58,82.58,82.54,82.54,82.56,82.58,82.58,82.60000000000001,82.60000000000001,82.62,82.62,82.64,82.66
2021-08-08 03:00:00,125.4,125.34,125.5,125.64,125.8,125.96000000000001,126.12,126.28,126.44,126.60000000000001,126.60000000000001,125.4,125.56,125.7,125.86,126.02,126.18,126.34,126.5,126.5,126.66,126.82000000000001,125.60000000000001,125.76,125.92,126.08,126.22,126.38000000000001,126.38000000000001,126.54,126.7,126.86,127.02,125.8,125.96000000000001,126.10000000000001,126.26,126.26,126.42,126.58,126.74000000000001,126.9,127.06,127.22,126.0,126.16,126.32000000000001,126.32000000000001,126.48,126.64,126.78,126.94,127.10000000000001,127.28,127.44,126.22,126.22,126.38000000000001,126.52,126.68,126.84,127.0,127.16,127.32000000000001,127.48,127.64,126.28,126.42,126.58,126.74000000000001,126.9,127.06,127.22,127.38000000000001,127.54,127.54,127.7,126.46000000000001,126.62,126.78,126.94,127.10000000000001,127.26,127.42,127.42,127.58,127.74000000000001,127.9,126.68,126.84,126.98,127.14,127.3,127.3,127.46000000000001,127.62,127.78,127.94,128.1,126.88000000000001,127.04,127.2,127.36,127.36,127.52,127.66,127.84,128.0,128.16,128.32,127.08,127.24000000000001,127.24000000000001,127.4,127.56,127.72,127.88000000000001,128.04,128.2,128.36,128.52
2021-02-04 05:00:00,207.46,207.52,207.58,207.62,207.68,207.74,207.74,207.8,207.84,207.9,207.96,207.46,207.5,207.56,207.62,207.68,207.68,207.72,207.78,207.84,207.9,207.96,207.44,207.5,207.56,207.56,207.6,207.66,207.72,207.78,207.82,207.88,207.94,207.44,207.44,207.48000000000002,207.54,207.6,207.66,207.70000000000002,207.76,207.82,207.88,207.92000000000002,207.36,207.42000000000002,207.46,207.52,207.58,207.64000000000001,207.68,207.74,207.8,207.8,207.86,207.34,207.4,207.46,207.52,207.56,207.62,207.68,207.68,207.74,207.8,207.84,207.34,207.4,207.44,207.5,207.56,207.62,207.62,207.66,207.72,207.78,207.84,207.32,207.38,207.44,207.5,207.5,207.54,207.6,207.66,207.72,207.76,207.82,207.32,207.36,207.36,207.42000000000002,207.48000000000002,207.54,207.58,207.64000000000001,207.70000000000002,207.76,207.82,207.24,207.3,207.36,207.42000000000002,207.46,207.52,207.58,207.64000000000001,207.70000000000002,207.74,207.74,207.24,207.3,207.34,207.4,207.46,207.52,207.56,207.62,207.62,207.68,207.74
2021-02-23 03:00:00,160.78,160.84,160.92000000000002,161.0,161.08,161.16,161.16,161.22,161.3,161.38,161.46,160.8,160.88,160.96,161.02,161.02,161.1,161.18,161.26,161.34,161.4,161.48,160.84,160.92000000000002,160.98,160.98,161.06,161.14000000000001,161.22,161.28,161.36,161.44,161.52,160.86,160.86,160.94,161.02,161.1,161.18,161.24,161.32,161.4,161.48,161.56,160.82,160.9,160.98,161.06,161.12,161.20000000000002,161.28,161.36,161.44,161.44,161.5,160.86,160.92000000000002,161.0,161.08,161.16,161.22,161.3,161.3,161.38,161.46,161.54,160.88,160.96,161.04,161.12,161.18,161.18,161.26,161.34,161.42000000000002,161.5,161.56,160.92000000000002,161.0,161.06,161.14000000000001,161.14000000000001,161.22,161.3,161.38,161.44,161.52,161.6,160.96,161.02,161.02,161.1,161.18,161.26,161.34,161.4,161.48,161.56,161.64000000000001,160.9,160.98,161.06,161.14000000000001,161.20000000000002,161.28,161.36,161.44,161.5,161.58,161.58,160.94,161.02,161.1,161.16,161.24,161.32,161.4,161.46,161.46,161.54,161.62
2021-04-08 06:00:00,252.9,252.9,252.94,253.02,253.04,253.08,253.1,253.14000000000001,253.16,253.20000000000002,253.22,252.84,252.86,252.94,252.96,253.0,253.04,253.06,253.1,253.12,253.12,253.16,252.78,252.86,252.9,252.92000000000002,252.96,252.98000000000002,253.02,253.02,253.04,253.08,253.1,252.78,252.82,252.84,252.88,252.92000000000002,252.94,252.94,252.98000000000002,253.0,253.04,253.06,252.74,252.78,252.8,252.84,252.84,252.86,252.9,252.92000000000002,252.96,252.98000000000002,253.02,252.70000000000002,252.74,252.74,252.76000000000002,252.8,252.82,252.86,252.88,252.92000000000002,252.94,252.98000000000002,252.62,252.66,252.68,252.72,252.74,252.78,252.8,252.84,252.86,252.9,252.9,252.58,252.6,252.64000000000001,252.68,252.70000000000002,252.74,252.76000000000002,252.8,252.8,252.82,252.86,252.54,252.56,252.6,252.62,252.66,252.68,252.72,252.72,252.76000000000002,252.78,252.82,252.5,252.52,252.56,252.58,252.62,252.62,252.64000000000001,252.68,252.70000000000002,252.74,252.76000000000002,252.44,252.48000000000002,252.5,252.5,252.54,252.56,252.6,252.64000000000001,252.66,252.70000000000002,252.72
2021-04-22 02:00:00,112.04,112.10000000000001,112.16,112.22,112.26,112.32000000000001,112.38,112.44,112.44,112.5,112.56,112.14,112.2,112.26,112.3,112.36,112.42,112.42,112.48,112.54,112.60000000000001,112.66,112.24000000000001,112.28,112.34,112.4,112.4,112.46000000000001,112.52,112.58,112.62,112.68,112.74000000000001,112.34,112.38,112.44,112.44,112.5,112.56,112.62,112.68,112.72,112.78,112.84,112.44,112.44,112.48,112.54,112.60000000000001,112.66,112.72,112.78,112.82000000000001,112.88,112.94,112.48,112.54,112.58,112.64,112.7,112.76,112.82000000000001,112.88,112.92,112.92,112.98,112.56,112.62,112.68,112.74000000000001,112.8,112.86,112.92,112.92,112.96000000000001,113.02,113.08,112.66,112.72,112.78,112.84,112.9,112.9,112.96000000000001,113.02,113.06,113.12,113.18,112.76,112.82000000000001,112.88,112.94,112.94,113.0,113.06,113.12,113.16,113.22,113.28,112.86,112.92,112.92,112.98,113.04,113.10000000000001,113.16,113.22,113.26,113.32000000000001,113.38,112.9,112.96000000000001,113.02,113.08,113.12,113.18,113.24000000000001,113.3,113.36,113.42,113.42
2021-08-27 05:00:00,243.28,243.32,243.46,243.5,243.56,243.62,243.68,243.72,243.78,243.84,243.84,243.20000000000002,243.32,243.38,243.44,243.5,243.54,243.6,243.66,243.66,243.70000000000002,243.76,243.20000000000002,243.26,243.3,243.36,243.42000000000002,243.48000000000002,243.48000000000002,243.52,243.58,243.64000000000001,243.68,243.12,243.18,243.24,243.3,243.34,243.34,243.4,243.46,243.5,243.56,243.62,243.06,243.12,243.16,243.16,243.22,243.28,243.34,243.38,243.44,243.5,243.54,242.98000000000002,242.98000000000002,243.04,243.1,243.16,243.20000000000002,243.26,243.32,243.38,243.42000000000002,243.48000000000002,242.86,242.9,242.96,243.02,243.08,243.12,243.18,243.24,243.3,243.3,243.34,242.78,242.84,242.9,242.94,243.0,243.06,243.12,243.12,243.16,243.22,243.28,242.72,242.76,242.82,242.88,242.94,242.98000000000002,242.98000000000002,243.04,243.1,243.16,243.20000000000002,242.64000000000001,242.70000000000002,242.76,242.82,242.82,242.86,242.92000000000002,242.98000000000002,243.04,243.08,243.14000000000001,242.56,242.62,242.62,242.68,242.74,242.8,242.84,242.9,242.96,243.02,243.06
2021-04-24 05:00:00,250.66,250.70000000000002,250.70000000000002,250.82,250.88,250.92000000000002,250.96,251.0,251.06,251.1,251.14000000000001,250.54,250.58,250.70000000000002,250.74,250.8,250.84,250.88,250.92000000000002,250.98000000000002,251.02,251.02,250.46,250.58,250.62,250.66,250.72,250.76000000000002,250.8,250.84,250.84,250.9,250.94,250.46,250.5,250.54,250.58,250.64000000000001,250.68,250.68,250.72,250.76000000000002,250.8,250.86,250.38,250.42000000000002,250.46,250.5,250.56,250.56,250.6,250.64000000000001,250.68,250.74,250.78,250.3,250.34,250.38,250.38,250.42000000000002,250.48000000000002,250.52,250.56,250.6,250.66,250.70000000000002,250.22,250.22,250.26000000000002,250.3,250.34,250.4,250.44,250.48000000000002,250.52,250.58,250.62,250.08,250.12,250.18,250.22,250.26000000000002,250.3,250.36,250.4,250.44,250.44,250.48000000000002,250.0,250.04,250.1,250.14000000000001,250.18,250.22,250.28,250.28,250.32,250.36,250.42000000000002,249.92000000000002,249.96,250.02,250.06,250.1,250.16,250.16,250.20000000000002,250.24,250.28,250.34,249.84,249.88,249.94,249.98000000000002,249.98000000000002,250.02,250.08,250.12,250.16,250.20000000000002,250.26000000000002
2021-04-07 01:00:00,107.12,107.16,107.2,107.22,107.26,107.3,107.3,107.32000000000001,107.36,107.4,107.42,107.18,107.22,107.24000000000001,107.28,107.28,107.32000000000001,107.34,107.38,107.42,107.44,107.48,107.22,107.26,107.26,107.3,107.32000000000001,107.36,107.4,107.42,107.46000000000001,107.5,107.52,107.28,107.28,107.32000000000001,107.34,107.38,107.42,107.44,107.48,107.52,107.56,107.58,107.3,107.34,107.36,107.4,107.44,107.46000000000001,107.5,107.54,107.58,107.58,107.60000000000001,107.36,107.38,107.42,107.46000000000001,107.5,107.52,107.56,107.56,107.60000000000001,107.62,107.66,107.4,107.44,107.48,107.5,107.54,107.54,107.58,107.60000000000001,107.64,107.68,107.72,107.46000000000001,107.5,107.52,107.52,107.56,107.60000000000001,107.62,107.66,107.7,107.74000000000001,107.76,107.52,107.54,107.54,107.58,107.62,107.66,107.68,107.72,107.76,107.78,107.82000000000001,107.54,107.56,107.60000000000001,107.64,107.68,107.7,107.74000000000001,107.78,107.8,107.84,107.84,107.58,107.62,107.66,107.68,107.72,107.76,107.78,107.82000000000001,107.82000000000001,107.86,107.9
2021-09-20 06:00:00,246.16,246.16,246.20000000000002,246.26000000000002,246.28,246.32,246.36,246.38,246.42000000000002,246.46,246.48000000000002,246.08,246.12,246.20000000000002,246.22,246.26000000000002,246.28,246.32,246.36,246.38,246.38,246.42000000000002,246.06,246.12,246.16,246.18,246.22,246.26000000000002,246.28,246.28,246.32,246.36,246.38,246.06,246.08,246.12,246.16,246.18,246.22,246.22,246.26000000000002,246.28,246.32,246.36,246.02,246.06,246.08,246.12,246.12,246.16,246.18,246.22,246.26000000000002,246.28,246.32,245.98000000000002,246.02,246.02,246.06,246.08,246.12,246.16,246.18,246.22,246.26000000000002,246.28,245.92000000000002,245.94,245.98000000000002,246.02,246.04,246.08,246.12,246.14000000000001,246.18,246.22,246.22,245.88,245.92000000000002,245.94,245.98000000000002,246.02,246.04,246.08,246.12,246.12,246.14000000000001,246.18,245.84,245.88,245.92000000000002,245.94,245.98000000000002,246.02,246.04,246.04,246.08,246.12,246.14000000000001,245.82,245.84,245.88,245.92000000000002,245.94,245.94,245.98000000000002,246.02,246.04,246.08,246.12,245.78,245.82,245.84,245.84,245.88,245.92000000000002,245.94,245.98000000000002,246.02,246.04,246.08
2021-07-22 09:00:00,285.78000000000003,285.8,285.82,285.82,285.84000000000003,285.86,285.86,285.88,285.88,285.90000000000003,285.92,285.78000000000003,285.8,285.8,285.82,285.84000000000003,285.84000000000003,285.86,285.86,285.88,285.90000000000003,285.90000000000003,285.76,285.78000000000003,285.8,285.8,285.82,285.82,285.84000000000003,285.86,285.88,285.88,285.90000000000003,285.76,285.78000000000003,285.78000000000003,285.78000000000003,285.8,285.82,285.84000000000003,285.84000000000003,285.86,285.88,285.88,285.74,285.74,285.76,285.78000000000003,285.78000000000003,285.82,285.82,285.84000000000003,285.86,285.86,285.88,285.72,285.74,285.76,285.76,285.78000000000003,285.8,285.82,285.84000000000003,285.84000000000003,285.86,285.86,285.72,285.74,285.74,285.76,285.78000000000003,285.8,285.8,285.82,285.82,285.84000000000003,285.84000000000003,285.7,285.72,285.74,285.76,285.78000000000003,285.78000000000003,285.78000000000003,285.8,285.82,285.82,285.84000000000003,285.7,285.72,285.74,285.74,285.74,285.76,285.78000000000003,285.78000000000003,285.8,285.82,285.84000000000003,285.7,285.72,285.72,285.72,285.74,285.76,285.76,285.78000000000003,285.8,285.8,285.82,285.68,285.7,285.7,285.72,285.74,285.74,285.76,285.78000000000003,285.78000000000003,285.8,285.82
2021-03-08 03:00:00,158.84,158.92000000000002,159.0,159.1,159.18,159.26,159.36,159.44,159.44,159.54,159.62,158.88,158.96,159.04,159.14000000000001,159.22,159.32,159.32,159.4,159.48,159.58,159.66,158.92000000000002,159.0,159.08,159.18,159.18,159.26,159.34,159.44,159.52,159.62,159.70000000000002,158.96,159.04,159.12,159.12,159.22,159.3,159.4,159.48,159.56,159.66,159.74,159.0,159.0,159.08,159.18,159.26,159.34,159.44,159.52,159.6,159.70000000000002,159.78,158.96,159.04,159.12,159.22,159.3,159.38,159.48,159.56,159.66,159.66,159.74,158.98,159.06,159.16,159.24,159.34,159.42000000000002,159.5,159.5,159.6,159.68,159.76,159.02,159.12,159.20000000000002,159.28,159.38,159.38,159.46,159.54,159.64000000000001,159.72,159.82,159.06,159.16,159.24,159.32,159.32,159.42000000000002,159.5,159.6,159.68,159.76,159.86,159.12,159.20000000000002,159.20000000000002,159.28,159.38,159.46,159.54,159.64000000000001,159.72,159.8,159.9,159.06,159.14000000000001,159.24,159.32,159.4,159.5,159.58,159.66,159.76,159.84,159.84
2021-04-21 05:00:00,248.20000000000002,248.24,248.36,248.42000000000002,248.46,248.5,248.56,248.6,248.66,248.70000000000002,248.70000000000002,248.12,248.24,248.28,248.34,248.38,248.44,248.48000000000002,248.52,248.52,248.58,248.62,248.12,248.16,248.20000000000002,248.26000000000002,248.3,248.36,248.36,248.4,248.44,248.5,248.54,248.04,248.08,248.14000000000001,248.18,248.22,248.22,248.28,248.32,248.38,248.42000000000002,248.46,247.96,248.0,248.06,248.06,248.1,248.16,248.20000000000002,248.24,248.3,248.34,248.4,247.88,247.88,247.94,247.98000000000002,248.02,248.08,248.12,248.18,248.22,248.26000000000002,248.32,247.76000000000002,247.8,247.84,247.9,247.94,248.0,248.04,248.1,248.14000000000001,248.14000000000001,248.18,247.68,247.72,247.78,247.82,247.88,247.92000000000002,247.96,247.96,248.02,248.06,248.12,247.6,247.64000000000001,247.70000000000002,247.74,247.8,247.84,247.84,247.9,247.94,247.98000000000002,248.04,247.52,247.58,247.62,247.68,247.68,247.72,247.76000000000002,247.82,247.86,247.92000000000002,247.96,247.44,247.5,247.5,247.54,247.6,247.64000000000001,247.68,247.74,247.78,247.84,247.88
2021-10-31 04:00:00,198.38,198.46,198.52,198.58,198.66,198.72,198.78,198.84,198.84,198.92000000000002,198.98000000000002,198.38,198.44,198.52,198.58,198.64000000000001,198.70000000000002,198.70000000000002,198.78,198.84,198.9,198.98000000000002,198.38,198.44,198.5,198.58,198.64000000000001,198.64000000000001,198.70000000000002,198.76,198.84,198.9,198.96,198.38,198.44,198.5,198.5,198.56,198.64000000000001,198.70000000000002,198.76,198.84,198.9,198.96,198.36,198.36,198.44,198.5,198.56,198.62,198.70000000000002,198.76,198.82,198.9,198.96,198.28,198.36,198.42000000000002,198.48000000000002,198.54,198.62,198.68,198.74,198.82,198.82,198.88,198.28,198.34,198.42000000000002,198.48000000000002,198.54,198.62,198.68,198.68,198.74,198.8,198.88,198.28,198.34,198.4,198.48000000000002,198.54,198.6,198.6,198.68,198.74,198.8,198.86,198.28,198.34,198.4,198.48000000000002,198.48000000000002,198.54,198.6,198.66,198.74,198.8,198.86,198.26,198.34,198.34,198.4,198.46,198.52,198.6,198.66,198.72,198.78,198.86,198.20000000000002,198.26,198.32,198.4,198.46,198.52,198.58,198.66,198.72,198.78,198.78
2021-05-13 03:00:00,121.72,121.60000000000001,121.8,122.0,122.2,122.42,122.62,122.82000000000001,123.04,123.24000000000001,123.24000000000001,121.72,121.92,122.12,122.32000000000001,122.52,122.74000000000001,122.94,123.14,123.14,123.36,123.58,122.04,122.24000000000001,122.44,122.64,122.84,123.04,123.04,123.26,123.46000000000001,123.68,123.9,122.32000000000001,122.52,122.72,122.92,122.92,123.12,123.34,123.54,123.76,123.96000000000001,124.18,122.64,122.84,123.04,123.04,123.24000000000001,123.44,123.66,123.86,124.08,124.28,124.5,122.94,122.94,123.14,123.34,123.54,123.76,123.96000000000001,124.18,124.4,124.60000000000001,124.82000000000001,123.04,123.24000000000001,123.44,123.66,123.86,124.06,124.28,124.5,124.7,124.7,124.92,123.34,123.54,123.74000000000001,123.94,124.16,124.36,124.58,124.58,124.78,125.0,125.22,123.64,123.84,124.04,124.26,124.46000000000001,124.46000000000001,124.68,124.88000000000001,125.10000000000001,125.32000000000001,125.54,123.94,124.14,124.36,124.56,124.56,124.78,124.98,125.2,125.42,125.62,125.84,124.24000000000001,124.46000000000001,124.46000000000001,124.66,124.86,125.08,125.3,125.5,125.72,125.94,126.16
2021-06-08 06:00:00,278.32,278.34000000000003,278.34000000000003,278.40000000000003,278.40000000000003,278.40000000000003,278.42,278.42,278.42,278.44,278.44,278.26,278.26,278.34000000000003,278.34000000000003,278.34000000000003,278.36,278.36,278.36,278.38,278.38,278.38,278.2,278.26,278.28000000000003,278.28000000000003,278.28000000000003,278.3,278.3,278.3,278.3,278.32,278.32,278.2,278.22,278.22,278.22,278.24,278.24,278.24,278.24,278.26,278.26,278.26,278.14,278.16,278.16,278.16,278.18,278.18,278.18,278.18,278.2,278.2,278.2,278.08,278.1,278.1,278.1,278.1,278.12,278.12,278.12,278.14,278.14,278.16,278.04,278.04,278.04,278.04,278.06,278.06,278.06,278.08,278.08,278.08,278.1,277.96,277.98,277.98,277.98,278.0,278.0,278.0,278.02,278.02,278.02,278.02,277.90000000000003,277.92,277.92,277.92,277.94,277.94,277.94,277.94,277.96,277.96,277.98,277.84000000000003,277.86,277.86,277.88,277.88,277.88,277.88,277.90000000000003,277.90000000000003,277.90000000000003,277.92,277.8,277.8,277.8,277.82,277.82,277.82,277.82,277.84000000000003,277.84000000000003,277.84000000000003,277.86
2021-04-30 00:00:00,89.38,89.4,89.42,89.42,89.44,89.46000000000001,89.48,89.5,89.5,89.52,89.54,89.42,89.44,89.44,89.46000000000001,89.48,89.5,89.5,89.52,89.54,89.56,89.58,89.46000000000001,89.48,89.48,89.5,89.5,89.52,89.54,89.56,89.58,89.60000000000001,89.62,89.48,89.5,89.5,89.52,89.54,89.56,89.58,89.60000000000001,89.62,89.64,89.66,89.52,89.52,89.54,89.56,89.58,89.60000000000001,89.62,89.64,89.66,89.68,89.7,89.54,89.56,89.58,89.60000000000001,89.62,89.64,89.66,89.68,89.7,89.7,89.72,89.58,89.60000000000001,89.62,89.64,89.66,89.68,89.7,89.7,89.72,89.74,89.76,89.62,89.64,89.66,89.68,89.7,89.7,89.72,89.74,89.76,89.78,89.78,89.66,89.68,89.7,89.7,89.72,89.74,89.76,89.78,89.8,89.82000000000001,89.82000000000001,89.7,89.72,89.72,89.74,89.76,89.78,89.8,89.82000000000001,89.84,89.86,89.86,89.72,89.74,89.76,89.78,89.8,89.82000000000001,89.84,89.86,89.88,89.88,89.88
2021-04-19 05:00:00,246.62,246.68,246.8,246.84,246.9,246.94,247.0,247.04,247.1,247.14000000000001,247.14000000000001,246.54,246.68,246.72,246.78,246.82,246.88,246.92000000000002,246.98000000000002,246.98000000000002,247.02,247.06,246.54,246.6,246.64000000000001,246.70000000000002,246.74,246.8,246.8,246.84,246.9,246.94,247.0,246.46,246.52,246.56,246.62,246.66,246.66,246.72,246.76000000000002,246.82,246.86,246.92000000000002,246.4,246.44,246.5,246.5,246.54,246.6,246.64000000000001,246.70000000000002,246.74,246.8,246.84,246.32,246.32,246.38,246.42000000000002,246.48000000000002,246.52,246.58,246.62,246.68,246.72,246.78,246.18,246.24,246.3,246.34,246.4,246.44,246.5,246.54,246.6,246.6,246.64000000000001,246.12,246.16,246.22,246.26000000000002,246.32,246.36,246.42000000000002,246.42000000000002,246.46,246.52,246.56,246.04,246.1,246.14000000000001,246.20000000000002,246.24,246.3,246.3,246.34,246.4,246.44,246.5,245.96,246.02,246.06,246.12,246.12,246.18,246.22,246.28,246.32,246.38,246.42000000000002,245.9,245.94,245.94,246.0,246.04,246.1,246.14000000000001,246.20000000000002,246.24,246.3,246.34
2021-09-18 00:00:00,105.16,105.18,105.22,105.24000000000001,105.26,105.26,105.3,105.32000000000001,105.34,105.38,105.4,105.2,105.22,105.26,105.26,105.28,105.3,105.32000000000001,105.36,105.38,105.4,105.44,105.22,105.22,105.26,105.28,105.3,105.34,105.36,105.38,105.42,105.44,105.46000000000001,105.24000000000001,105.26,105.28,105.32000000000001,105.34,105.36,105.4,105.42,105.44,105.48,105.48,105.28,105.3,105.32000000000001,105.36,105.38,105.4,105.42,105.46000000000001,105.46000000000001,105.48,105.5,105.3,105.34,105.36,105.38,105.42,105.44,105.44,105.46000000000001,105.5,105.52,105.54,105.34,105.36,105.4,105.42,105.42,105.44,105.48,105.5,105.52,105.54,105.58,105.38,105.4,105.4,105.42,105.46000000000001,105.48,105.5,105.54,105.56,105.58,105.62,105.4,105.4,105.44,105.46000000000001,105.48,105.52,105.54,105.56,105.60000000000001,105.62,105.64,105.42,105.44,105.46000000000001,105.5,105.52,105.54,105.58,105.60000000000001,105.62,105.62,105.66,105.44,105.48,105.5,105.52,105.56,105.58,105.60000000000001,105.60000000000001,105.64,105.66,105.68
2021-10-05 01:00:00,124.68,124.72,124.76,124.8,124.8,124.84,124.9,124.94,124.98,125.02,125.06,124.72,124.76,124.76,124.8,124.84,124.88000000000001,124.94,124.98,125.02,125.06,125.10000000000001,124.76,124.76,124.8,124.84,124.88000000000001,124.94,124.98,125.02,125.06,125.10000000000001,125.16,124.76,124.8,124.84,124.9,124.94,124.98,125.02,125.06,125.10000000000001,125.10000000000001,125.16,124.8,124.84,124.9,124.94,124.98,125.02,125.06,125.06,125.10000000000001,125.16,125.2,124.84,124.88000000000001,124.92,124.98,125.02,125.02,125.06,125.10000000000001,125.14,125.2,125.24000000000001,124.88000000000001,124.94,124.98,124.98,125.02,125.06,125.10000000000001,125.14,125.2,125.24000000000001,125.28,124.94,124.98,124.98,125.02,125.06,125.10000000000001,125.14,125.2,125.24000000000001,125.28,125.32000000000001,124.94,124.98,125.02,125.06,125.10000000000001,125.14,125.2,125.24000000000001,125.28,125.32000000000001,125.32000000000001,124.98,125.02,125.06,125.10000000000001,125.14,125.18,125.24000000000001,125.28,125.28,125.32000000000001,125.36,125.02,125.06,125.10000000000001,125.14,125.2,125.24000000000001,125.24000000000001,125.28,125.32000000000001,125.36,125.42
2021-10-12 01:00:00,128.02,128.06,128.1,128.14000000000001,128.14000000000001,128.18,128.22,128.28,128.32,128.36,128.4,128.04,128.1,128.1,128.14000000000001,128.18,128.22,128.26,128.32,128.36,128.4,128.44,128.08,128.08,128.14000000000001,128.18,128.22,128.26,128.3,128.36,128.4,128.44,128.48,128.08,128.14000000000001,128.18,128.22,128.26,128.3,128.36,128.4,128.44,128.44,128.48,128.12,128.18,128.22,128.26,128.3,128.34,128.4,128.4,128.44,128.48,128.52,128.16,128.2,128.24,128.3,128.34,128.34,128.38,128.42000000000002,128.48,128.52,128.56,128.2,128.24,128.3,128.3,128.34,128.38,128.42000000000002,128.46,128.52,128.56,128.6,128.24,128.28,128.28,128.34,128.38,128.42000000000002,128.46,128.5,128.56,128.6,128.64000000000001,128.24,128.28,128.32,128.38,128.42000000000002,128.46,128.5,128.56,128.6,128.64000000000001,128.64000000000001,128.28,128.32,128.36,128.42000000000002,128.46,128.5,128.54,128.58,128.58,128.64000000000001,128.68,128.32,128.36,128.4,128.46,128.5,128.54,128.54,128.58,128.62,128.68,128.72
2021-04-14 04:00:00,210.34,210.54,210.68,210.82,210.98000000000002,211.12,211.28,211.42000000000002,211.56,211.56,211.72,210.34,210.48000000000002,210.62,210.78,210.92000000000002,211.08,211.22,211.22,211.36,211.52,211.66,210.26,210.4,210.56,210.70000000000002,210.84,210.84,211.0,211.14000000000001,211.3,211.44,211.58,210.20000000000002,210.36,210.5,210.66,210.66,210.8,210.94,211.1,211.24,211.38,211.52,210.16,210.3,210.3,210.46,210.6,210.74,210.9,211.04,211.18,211.32,211.48000000000002,209.96,210.1,210.26,210.4,210.54,210.70000000000002,210.84,210.98000000000002,211.14000000000001,211.28,211.28,209.9,210.04,210.20000000000002,210.34,210.48000000000002,210.64000000000001,210.78,210.92000000000002,210.92000000000002,211.06,211.22,209.84,210.0,210.14000000000001,210.28,210.44,210.58,210.58,210.72,210.88,211.02,211.16,209.8,209.94,210.08,210.24,210.38,210.38,210.52,210.68,210.82,210.96,211.12,209.74,209.9,210.04,210.04,210.18,210.34,210.48000000000002,210.62,210.76,210.92000000000002,211.06,209.68,209.68,209.82,209.96,210.12,210.26,210.4,210.56,210.70000000000002,210.84,210.98000000000002
2021-06-21 01:00:00,80.60000000000001,80.62,80.62,80.64,80.64,80.66,80.66,80.68,80.68,80.68,80.7,80.68,80.68,80.68,80.7,80.7,80.72,80.72,80.72,80.74,80.74,80.76,80.74,80.74,80.74,80.76,80.76,80.76,80.78,80.78,80.8,80.8,80.82000000000001,80.8,80.8,80.8,80.8,80.82000000000001,80.82000000000001,80.84,80.84,80.86,80.86,80.88,80.86,80.86,80.86,80.86,80.88,80.88,80.9,80.9,80.92,80.92,80.94,80.9,80.92,80.92,80.94,80.94,80.94,80.96000000000001,80.96000000000001,80.98,80.98,80.98,80.96000000000001,80.98,80.98,81.0,81.0,81.02,81.02,81.04,81.04,81.04,81.04,81.02,81.04,81.04,81.06,81.06,81.08,81.08,81.08,81.10000000000001,81.10000000000001,81.12,81.08,81.10000000000001,81.10000000000001,81.12,81.12,81.12,81.14,81.14,81.16,81.16,81.18,81.14,81.16,81.16,81.16,81.18,81.18,81.2,81.2,81.22,81.22,81.24,81.2,81.2,81.22,81.22,81.24,81.24,81.26,81.26,81.28,81.28,81.3
2021-04-01 03:00:00,154.28,154.4,154.52,154.64000000000001,154.76,154.9,155.02,155.14000000000001,155.14000000000001,155.26,155.4,154.34,154.48,154.6,154.72,154.84,154.96,154.96,155.1,155.22,155.34,155.46,154.4,154.52,154.64000000000001,154.78,154.78,154.9,155.02,155.14000000000001,155.26,155.4,155.52,154.48,154.6,154.72,154.72,154.84,154.96,155.1,155.22,155.34,155.46,155.6,154.54,154.54,154.68,154.8,154.92000000000002,155.04,155.16,155.28,155.42000000000002,155.54,155.66,154.5,154.62,154.74,154.86,154.98,155.12,155.24,155.36,155.48,155.48,155.6,154.56,154.68,154.8,154.92000000000002,155.06,155.18,155.3,155.3,155.42000000000002,155.54,155.68,154.64000000000001,154.76,154.88,155.0,155.12,155.12,155.24,155.38,155.5,155.62,155.74,154.70000000000002,154.82,154.94,155.08,155.08,155.20000000000002,155.32,155.44,155.56,155.68,155.82,154.78,154.9,154.9,155.02,155.14000000000001,155.26,155.38,155.52,155.64000000000001,155.76,155.88,154.70000000000002,154.84,154.96,155.08,155.20000000000002,155.32,155.44,155.56,155.68,155.82,155.82
2021-08-08 05:00:00,256.3,256.34000000000003,256.34000000000003,256.48,256.52,256.56,256.58,256.62,256.66,256.7,256.74,256.16,256.2,256.34000000000003,256.38,256.42,256.46,256.5,256.54,256.56,256.6,256.6,256.06,256.2,256.24,256.28000000000003,256.32,256.36,256.4,256.44,256.44,256.48,256.52,256.06,256.1,256.14,256.18,256.22,256.26,256.26,256.3,256.34000000000003,256.36,256.4,255.96,256.0,256.04,256.08,256.12,256.12,256.16,256.2,256.24,256.28000000000003,256.32,255.86,255.9,255.94,255.94,255.98000000000002,256.02,256.06,256.1,256.14,256.18,256.22,255.76000000000002,255.76000000000002,255.8,255.84,255.88,255.92000000000002,255.96,256.0,256.04,256.08,256.12,255.62,255.66,255.70000000000002,255.74,255.78,255.82,255.86,255.9,255.94,255.94,255.98000000000002,255.52,255.56,255.6,255.64000000000001,255.68,255.72,255.76000000000002,255.76000000000002,255.8,255.84,255.88,255.42000000000002,255.46,255.5,255.56,255.6,255.64000000000001,255.64000000000001,255.68,255.72,255.76000000000002,255.8,255.34,255.38,255.42000000000002,255.46,255.46,255.5,255.54,255.58,255.62,255.66,255.70000000000002
2021-09-23 05:00:00,229.82,229.88,229.98000000000002,230.04,230.08,230.14000000000001,230.20000000000002,230.26,230.32,230.38,230.38,229.78,229.88,229.94,230.0,230.06,230.1,230.16,230.22,230.22,230.28,230.34,229.78,229.84,229.9,229.96,230.02,230.06,230.06,230.12,230.18,230.24,230.3,229.74,229.8,229.86,229.92000000000002,229.98000000000002,229.98000000000002,230.04,230.08,230.14000000000001,230.20000000000002,230.26,229.70000000000002,229.76,229.82,229.82,229.88,229.94,229.98000000000002,230.04,230.1,230.16,230.22,229.66,229.66,229.72,229.78,229.84,229.9,229.94,230.0,230.06,230.12,230.18,229.58,229.62,229.68,229.74,229.8,229.86,229.92000000000002,229.96,230.02,230.02,230.08,229.54,229.6,229.64000000000001,229.70000000000002,229.76,229.82,229.88,229.88,229.92000000000002,229.98000000000002,230.04,229.48000000000002,229.54,229.6,229.66,229.72,229.78,229.78,229.82,229.88,229.94,230.0,229.44,229.5,229.56,229.62,229.62,229.68,229.74,229.78,229.84,229.9,229.96,229.42000000000002,229.46,229.46,229.52,229.58,229.64000000000001,229.70000000000002,229.76,229.8,229.86,229.92000000000002
2021-10-20 02:00:00,149.04,149.1,149.18,149.24,149.3,149.3,149.36,149.42000000000002,149.5,149.56,149.62,149.08,149.14000000000001,149.20000000000002,149.20000000000002,149.28,149.34,149.4,149.46,149.52,149.6,149.66,149.12,149.18,149.18,149.24,149.32,149.38,149.44,149.5,149.56,149.64000000000001,149.70000000000002,149.1,149.16,149.22,149.28,149.34,149.42000000000002,149.48,149.54,149.6,149.68,149.68,149.14000000000001,149.20000000000002,149.26,149.32,149.38,149.46,149.52,149.58,149.58,149.64000000000001,149.72,149.16,149.22,149.3,149.36,149.42000000000002,149.48,149.48,149.54,149.62,149.68,149.74,149.20000000000002,149.26,149.34,149.4,149.4,149.46,149.52,149.58,149.66,149.72,149.78,149.24,149.3,149.36,149.36,149.44,149.5,149.56,149.62,149.70000000000002,149.76,149.82,149.28,149.28,149.34,149.4,149.48,149.54,149.6,149.66,149.74,149.8,149.86,149.26,149.32,149.38,149.44,149.5,149.58,149.64000000000001,149.70000000000002,149.76,149.76,149.82,149.3,149.36,149.42000000000002,149.48,149.54,149.62,149.68,149.68,149.74,149.8,149.86
2021-05-29 01:00:00,84.02,84.02,84.04,84.06,84.06,84.08,84.10000000000001,84.10000000000001,84.12,84.12,84.12,84.08,84.10000000000001,84.10000000000001,84.12,84.12,84.14,84.16,84.16,84.16,84.18,84.2,84.14,84.16,84.16,84.18,84.2,84.2,84.2,84.22,84.24,84.24,84.26,84.2,84.22,84.22,84.22,84.24,84.26,84.26,84.28,84.3,84.3,84.32000000000001,84.26,84.28,84.28,84.3,84.3,84.32000000000001,84.34,84.34,84.36,84.38,84.38,84.32000000000001,84.34,84.34,84.36,84.38,84.38,84.4,84.4,84.42,84.44,84.44,84.38,84.4,84.4,84.42,84.44,84.44,84.46000000000001,84.48,84.48,84.48,84.5,84.44,84.46000000000001,84.48,84.48,84.5,84.52,84.52,84.52,84.54,84.56,84.56,84.5,84.52,84.54,84.54,84.54,84.56,84.58,84.58,84.60000000000001,84.62,84.62,84.58,84.58,84.60000000000001,84.60000000000001,84.62,84.62,84.64,84.66,84.66,84.68,84.7,84.64,84.64,84.64,84.66,84.68,84.7,84.7,84.72,84.74,84.74,84.76
2021-03-11 06:00:00,237.18,237.18,237.22,237.3,237.34,237.38,237.42000000000002,237.46,237.5,237.52,237.56,237.1,237.14000000000001,237.22,237.26,237.3,237.34,237.38,237.42000000000002,237.46,237.46,237.5,237.08,237.14000000000001,237.18,237.22,237.26,237.3,237.34,237.34,237.38,237.42000000000002,237.46,237.08,237.12,237.16,237.20000000000002,237.24,237.28,237.28,237.32,237.36,237.4,237.44,237.04,237.08,237.12,237.16,237.16,237.20000000000002,237.24,237.28,237.32,237.36,237.4,237.02,237.06,237.06,237.1,237.14000000000001,237.18,237.22,237.26,237.3,237.34,237.38,236.94,236.98000000000002,237.02,237.06,237.1,237.14000000000001,237.18,237.22,237.26,237.3,237.3,236.92000000000002,236.96,237.0,237.04,237.08,237.12,237.16,237.20000000000002,237.20000000000002,237.24,237.28,236.88,236.92000000000002,236.96,237.0,237.04,237.08,237.12,237.12,237.16,237.20000000000002,237.24,236.86,236.9,236.94,236.98000000000002,237.02,237.02,237.06,237.1,237.14000000000001,237.18,237.22,236.82,236.86,236.9,236.9,236.94,236.98000000000002,237.02,237.06,237.1,237.14000000000001,237.18
2021-02-23 02:00:00,139.24,139.3,139.34,139.4,139.46,139.46,139.52,139.56,139.62,139.68,139.72,139.28,139.34,139.38,139.38,139.44,139.5,139.54,139.6,139.66,139.72,139.76,139.32,139.38,139.38,139.42000000000002,139.48,139.54,139.58,139.64000000000001,139.70000000000002,139.76,139.8,139.3,139.36,139.42000000000002,139.46,139.52,139.58,139.64000000000001,139.68,139.74,139.8,139.8,139.34,139.4,139.46,139.5,139.56,139.62,139.68,139.72,139.72,139.78,139.84,139.38,139.44,139.48,139.54,139.6,139.66,139.66,139.70000000000002,139.76,139.82,139.86,139.42000000000002,139.48,139.52,139.58,139.58,139.64000000000001,139.70000000000002,139.74,139.8,139.86,139.92000000000002,139.46,139.52,139.56,139.56,139.62,139.68,139.74,139.78,139.84,139.9,139.96,139.5,139.5,139.56,139.62,139.66,139.72,139.78,139.82,139.88,139.94,140.0,139.48,139.54,139.6,139.64000000000001,139.70000000000002,139.76,139.82,139.86,139.92000000000002,139.92000000000002,139.98,139.52,139.58,139.64000000000001,139.68,139.74,139.8,139.86,139.86,139.9,139.96,140.02
2021-10-04 03:00:00,169.94,170.04,170.14000000000001,170.24,170.34,170.42000000000002,170.52,170.62,170.62,170.72,170.82,169.98,170.08,170.16,170.26,170.36,170.46,170.46,170.56,170.66,170.74,170.84,170.0,170.1,170.20000000000002,170.28,170.28,170.38,170.48,170.58,170.68,170.78,170.88,170.04,170.12,170.22,170.22,170.32,170.42000000000002,170.52,170.62,170.70000000000002,170.8,170.9,170.06,170.06,170.16,170.26,170.36,170.44,170.54,170.64000000000001,170.74,170.84,170.94,170.0,170.1,170.20000000000002,170.28,170.38,170.48,170.58,170.68,170.76,170.76,170.86,170.02,170.12,170.20000000000002,170.3,170.4,170.5,170.6,170.6,170.68,170.78,170.88,170.04,170.14000000000001,170.24,170.34,170.44,170.44,170.52,170.62,170.72,170.82,170.92000000000002,170.08,170.18,170.28,170.36,170.36,170.46,170.56,170.66,170.76,170.84,170.94,170.12,170.20000000000002,170.20000000000002,170.3,170.4,170.5,170.6,170.68,170.78,170.88,170.98,170.04,170.14000000000001,170.24,170.32,170.42000000000002,170.52,170.62,170.70000000000002,170.8,170.9,170.9
2021-04-01 02:00:00,124.78,124.84,124.9,124.98,125.04,125.10000000000001,125.16,125.16,125.22,125.28,125.34,124.86,124.92,124.98,125.04,125.10000000000001,125.10000000000001,125.16,125.24000000000001,125.3,125.36,125.42,124.92,124.98,125.04,125.04,125.10000000000001,125.18,125.24000000000001,125.3,125.36,125.42,125.48,125.0,125.06,125.06,125.12,125.18,125.24000000000001,125.3,125.38000000000001,125.44,125.5,125.56,125.0,125.06,125.14,125.2,125.26,125.32000000000001,125.38000000000001,125.44,125.5,125.58,125.58,125.08,125.14,125.2,125.26,125.32000000000001,125.4,125.46000000000001,125.52,125.52,125.58,125.64,125.14,125.22,125.28,125.34,125.4,125.46000000000001,125.46000000000001,125.52,125.58,125.64,125.72,125.22,125.28,125.34,125.4,125.4,125.48,125.54,125.60000000000001,125.66,125.72,125.78,125.3,125.36,125.42,125.42,125.48,125.54,125.60000000000001,125.68,125.74000000000001,125.8,125.86,125.36,125.36,125.42,125.5,125.56,125.62,125.68,125.74000000000001,125.8,125.88000000000001,125.94,125.36,125.44,125.5,125.56,125.62,125.68,125.74000000000001,125.8,125.88000000000001,125.88000000000001,125.94
2021-04-25 07:00:00,269.26,269.28000000000003,269.28000000000003,269.3,269.3,269.36,269.36,269.38,269.4,269.42,269.44,269.22,269.24,269.24,269.26,269.3,269.32,269.34000000000003,269.36,269.38,269.38,269.4,269.18,269.2,269.22,269.26,269.28000000000003,269.3,269.3,269.32,269.34000000000003,269.36,269.36,269.14,269.16,269.22,269.22,269.24,269.26,269.28000000000003,269.3,269.3,269.3,269.32,269.12,269.16,269.18,269.2,269.22,269.22,269.24,269.24,269.26,269.28000000000003,269.3,269.12,269.14,269.14,269.16,269.18,269.18,269.2,269.22,269.24,269.24,269.26,269.08,269.1,269.12,269.12,269.14,269.16,269.16,269.18,269.2,269.22,269.24,269.06,269.06,269.06,269.08,269.1,269.12,269.14,269.16,269.16,269.18,269.2,269.0,269.02,269.04,269.06,269.08,269.08,269.1,269.12,269.14,269.14,269.16,268.98,269.0,269.0,269.02,269.04,269.06,269.08,269.1,269.1,269.1,269.12,268.94,268.96,268.98,269.0,269.02,269.02,269.02,269.04,269.06,269.08,269.1
2021-05-21 06:00:00,273.96,273.98,273.98,273.98,274.06,274.06,274.08,274.08,274.1,274.1,274.12,273.90000000000003,273.90000000000003,273.92,273.98,274.0,274.0,274.02,274.02,274.04,274.06,274.06,273.84000000000003,273.86,273.92,273.92,273.94,273.96,273.96,273.98,273.98,273.98,274.0,273.78000000000003,273.86,273.86,273.88,273.88,273.90000000000003,273.90000000000003,273.90000000000003,273.92,273.92,273.94,273.78000000000003,273.8,273.8,273.82,273.82,273.84000000000003,273.84000000000003,273.86,273.86,273.88,273.88,273.72,273.74,273.76,273.76,273.76,273.78000000000003,273.78000000000003,273.8,273.8,273.82,273.84000000000003,273.68,273.68,273.68,273.7,273.7,273.72,273.74,273.74,273.76,273.76,273.78000000000003,273.6,273.62,273.62,273.64,273.66,273.66,273.68,273.68,273.7,273.7,273.7,273.54,273.56,273.58,273.58,273.6,273.6,273.62,273.64,273.64,273.64,273.66,273.5,273.5,273.52,273.52,273.54,273.56,273.56,273.56,273.58,273.58,273.6,273.44,273.44,273.46,273.48,273.48,273.48,273.5,273.5,273.52,273.54,273.54
2021-08-24 05:00:00,245.16,245.20000000000002,245.34,245.38,245.44,245.5,245.54,245.6,245.64000000000001,245.70000000000002,245.70000000000002,245.08,245.20000000000002,245.26,245.32,245.36,245.42000000000002,245.48000000000002,245.52,245.52,245.58,245.62,245.08,245.12,245.18,245.24,245.28,245.34,245.34,245.4,245.44,245.5,245.54,245.0,245.06,245.1,245.16,245.22,245.22,245.26,245.32,245.36,245.42000000000002,245.48000000000002,244.92000000000002,244.98000000000002,245.04,245.04,245.08,245.14000000000001,245.18,245.24,245.3,245.34,245.4,244.84,244.84,244.9,244.96,245.0,245.06,245.12,245.16,245.22,245.28,245.32,244.72,244.76,244.82,244.88,244.92000000000002,244.98000000000002,245.04,245.08,245.14000000000001,245.14000000000001,245.20000000000002,244.64000000000001,244.70000000000002,244.74,244.8,244.86,244.9,244.96,244.96,245.02,245.06,245.12,244.56,244.62,244.68,244.72,244.78,244.84,244.84,244.88,244.94,245.0,245.04,244.48000000000002,244.54,244.6,244.66,244.66,244.70000000000002,244.76,244.82,244.86,244.92000000000002,244.98000000000002,244.42000000000002,244.46,244.46,244.52,244.58,244.62,244.68,244.74,244.78,244.84,244.9
2021-02-04 04:00:00,186.3,186.36,186.44,186.5,186.58,186.58,186.64000000000001,186.70000000000002,186.78,186.84,186.9,186.3,186.38,186.44,186.5,186.5,186.58,186.64000000000001,186.72,186.78,186.84,186.92000000000002,186.32,186.38,186.38,186.44,186.52,186.58,186.66,186.72,186.78,186.86,186.92000000000002,186.26,186.32,186.38,186.46,186.52,186.6,186.66,186.72,186.8,186.86,186.86,186.24,186.32,186.38,186.46,186.52,186.58,186.66,186.72,186.72,186.78,186.86,186.26,186.32,186.4,186.46,186.52,186.6,186.6,186.66,186.72,186.8,186.86,186.26,186.34,186.4,186.46,186.54,186.54,186.6,186.66,186.74,186.8,186.88,186.28,186.34,186.4,186.4,186.48,186.54,186.6,186.68,186.74,186.8,186.88,186.28,186.28,186.34,186.4,186.48,186.54,186.6,186.68,186.74,186.82,186.88,186.22,186.28,186.34,186.42000000000002,186.48,186.54,186.62,186.68,186.76,186.76,186.82,186.22,186.28,186.36,186.42000000000002,186.48,186.56,186.62,186.62,186.68,186.76,186.82
2021-09-01 06:00:00,254.5,254.5,254.52,254.6,254.62,254.66,254.68,254.72,254.74,254.78,254.8,254.42000000000002,254.44,254.52,254.56,254.58,254.62,254.64000000000001,254.68,254.70000000000002,254.70000000000002,254.72,254.38,254.44,254.48000000000002,254.5,254.54,254.56,254.6,254.6,254.62,254.66,254.68,254.38,254.4,254.44,254.46,254.5,254.52,254.52,254.56,254.58,254.6,254.64000000000001,254.34,254.36,254.4,254.42000000000002,254.42000000000002,254.44,254.48000000000002,254.5,254.54,254.56,254.6,254.28,254.32,254.32,254.34,254.38,254.4,254.44,254.46,254.5,254.52,254.56,254.20000000000002,254.24,254.26000000000002,254.3,254.32,254.36,254.38,254.42000000000002,254.44,254.48000000000002,254.48000000000002,254.16,254.20000000000002,254.22,254.26000000000002,254.28,254.32,254.34,254.38,254.38,254.4,254.42000000000002,254.12,254.16,254.18,254.20000000000002,254.24,254.26000000000002,254.3,254.3,254.32,254.36,254.38,254.08,254.1,254.14000000000001,254.16,254.20000000000002,254.20000000000002,254.22,254.26000000000002,254.28,254.32,254.34,254.04,254.06,254.08,254.08,254.12,254.14000000000001,254.18,254.20000000000002,254.24,254.26000000000002,254.3
2021-03-17 03:00:00,157.38,157.48,157.58,157.68,157.78,157.88,157.98,158.08,158.08,158.18,158.28,157.44,157.54,157.64000000000001,157.74,157.84,157.92000000000002,157.92000000000002,158.02,158.12,158.22,158.32,157.48,157.58,157.68,157.78,157.78,157.88,157.98,158.08,158.18,158.26,158.36,157.54,157.64000000000001,157.72,157.72,157.82,157.92000000000002,158.02,158.12,158.22,158.32,158.42000000000002,157.58,157.58,157.68,157.78,157.88,157.98,158.08,158.18,158.28,158.38,158.46,157.54,157.64000000000001,157.74,157.84,157.92000000000002,158.02,158.12,158.22,158.32,158.32,158.42000000000002,157.58,157.68,157.76,157.86,157.96,158.06,158.16,158.16,158.26,158.36,158.46,157.62,157.72,157.82,157.92000000000002,158.02,158.02,158.12,158.22,158.32,158.4,158.5,157.68,157.78,157.88,157.96,157.96,158.06,158.16,158.26,158.36,158.46,158.56,157.72,157.82,157.82,157.92000000000002,158.02,158.12,158.22,158.32,158.42000000000002,158.52,158.6,157.68,157.78,157.86,157.96,158.06,158.16,158.26,158.36,158.46,158.56,158.56
2021-04-14 03:00:00,149.76,149.92000000000002,150.06,150.22,150.38,150.54,150.70000000000002,150.86,150.86,151.02,151.16,149.86,150.02,150.18,150.34,150.48,150.64000000000001,150.64000000000001,150.8,150.96,151.12,151.28,149.96,150.1,150.26,150.42000000000002,150.42000000000002,150.58,150.72,150.88,151.04,151.20000000000002,151.36,150.06,150.22,150.36,150.36,150.52,150.68,150.84,150.98,151.14000000000001,151.3,151.46,150.16,150.16,150.32,150.48,150.62,150.78,150.94,151.1,151.26,151.4,151.56,150.12,150.26,150.42000000000002,150.58,150.74,150.88,151.04,151.20000000000002,151.36,151.36,151.52,150.20000000000002,150.36,150.52,150.68,150.82,150.98,151.14000000000001,151.14000000000001,151.3,151.44,151.6,150.32,150.46,150.62,150.78,150.94,150.94,151.08,151.24,151.4,151.56,151.72,150.42000000000002,150.58,150.72,150.88,150.88,151.04,151.18,151.34,151.5,151.66,151.82,150.52,150.68,150.68,150.84,150.98,151.14000000000001,151.3,151.44,151.6,151.76,151.92000000000002,150.46,150.6,150.76,150.92000000000002,151.06,151.22,151.38,151.52,151.68,151.84,151.84
2021-08-18 06:00:00,261.26,261.28000000000003,261.3,261.3,261.38,261.4,261.42,261.44,261.48,261.5,261.52,261.2,261.2,261.22,261.3,261.32,261.34000000000003,261.38,261.4,261.42,261.44,261.46,261.12,261.14,261.22,261.26,261.28000000000003,261.3,261.32,261.34000000000003,261.36,261.36,261.4,261.08,261.14,261.18,261.2,261.22,261.24,261.26,261.26,261.3,261.32,261.34000000000003,261.08,261.1,261.12,261.14,261.16,261.2,261.2,261.22,261.24,261.26,261.28000000000003,261.02,261.04,261.06,261.1,261.1,261.12,261.14,261.16,261.18,261.22,261.24,260.96,261.0,261.0,261.02,261.04,261.06,261.1,261.12,261.14,261.16,261.18,260.9,260.92,260.94,260.96,260.98,261.02,261.04,261.06,261.08,261.1,261.1,260.84000000000003,260.86,260.88,260.92,260.94,260.96,260.98,261.0,261.0,261.04,261.06,260.78000000000003,260.82,260.84000000000003,260.86,260.88,260.9,260.94,260.94,260.96,260.98,261.0,260.74,260.76,260.78000000000003,260.8,260.84000000000003,260.84000000000003,260.86,260.88,260.9,260.92,260.96
2021-04-29 00:00:00,89.76,89.76,89.78,89.8,89.82000000000001,89.84,89.86,89.88,89.88,89.9,89.92,89.8,89.8,89.82000000000001,89.84,89.86,89.88,89.88,89.9,89.92,89.94,89.96000000000001,89.82000000000001,89.84,89.86,89.88,89.88,89.9,89.92,89.94,89.96000000000001,89.98,90.0,89.86,89.88,89.88,89.9,89.92,89.94,89.96000000000001,89.98,90.0,90.02,90.02,89.9,89.9,89.92,89.94,89.96000000000001,89.98,90.0,90.02,90.04,90.04,90.06,89.92,89.94,89.96000000000001,89.98,90.0,90.02,90.04,90.06,90.08,90.08,90.08,89.96000000000001,89.98,90.0,90.02,90.04,90.06,90.08,90.08,90.10000000000001,90.10000000000001,90.12,90.0,90.02,90.04,90.06,90.08,90.08,90.10000000000001,90.12,90.12,90.14,90.16,90.04,90.06,90.08,90.08,90.10000000000001,90.12,90.14,90.16,90.16,90.18,90.2,90.08,90.10000000000001,90.10000000000001,90.12,90.14,90.16,90.18,90.18,90.2,90.22,90.24,90.10000000000001,90.12,90.14,90.16,90.18,90.2,90.22,90.22,90.24,90.26,90.26
2021-03-08 04:00:00,190.52,190.62,190.72,190.8,190.9,191.0,191.08,191.18,191.28,191.28,191.38,190.52,190.62,190.72,190.82,190.9,191.0,191.1,191.1,191.18,191.28,191.38,190.52,190.62,190.72,190.8,190.9,190.9,191.0,191.08,191.18,191.28,191.36,190.52,190.62,190.72,190.8,190.8,190.9,191.0,191.08,191.18,191.28,191.36,190.54,190.62,190.62,190.72,190.82,190.9,191.0,191.1,191.18,191.28,191.38,190.44,190.54,190.62,190.72,190.82,190.9,191.0,191.1,191.18,191.28,191.28,190.42000000000002,190.52,190.62,190.70000000000002,190.8,190.9,190.98,191.08,191.08,191.18,191.26,190.44,190.52,190.62,190.72,190.8,190.9,190.9,191.0,191.08,191.18,191.28,190.44,190.52,190.62,190.72,190.8,190.8,190.9,191.0,191.08,191.18,191.28,190.44,190.54,190.62,190.62,190.72,190.82,190.9,191.0,191.08,191.18,191.28,190.44,190.44,190.52,190.62,190.72,190.8,190.9,191.0,191.08,191.18,191.28
2021-05-15 03:00:00,118.42,118.28,118.46000000000001,118.66,118.84,119.04,119.24000000000001,119.44,119.64,119.84,119.84,118.42,118.60000000000001,118.8,119.0,119.18,119.38,119.58,119.78,119.78,119.98,120.18,118.76,118.94,119.14,119.32000000000001,119.52,119.72,119.72,119.92,120.12,120.32000000000001,120.52,119.06,119.24000000000001,119.44,119.64,119.64,119.82000000000001,120.02,120.22,120.42,120.64,120.84,119.38,119.58,119.76,119.76,119.96000000000001,120.16,120.36,120.56,120.76,120.98,121.18,119.72,119.72,119.9,120.10000000000001,120.3,120.5,120.7,120.9,121.10000000000001,121.32000000000001,121.52,119.84,120.04,120.24000000000001,120.42,120.62,120.82000000000001,121.02,121.24000000000001,121.44,121.44,121.64,120.16,120.34,120.54,120.74000000000001,120.94,121.14,121.34,121.34,121.56,121.76,121.96000000000001,120.48,120.68,120.88,121.06,121.28,121.28,121.48,121.68,121.88,122.10000000000001,122.3,120.8,121.0,121.2,121.4,121.4,121.60000000000001,121.8,122.0,122.22,122.42,122.64,121.12,121.32000000000001,121.32000000000001,121.52,121.72,121.92,122.12,122.34,122.54,122.76,122.96000000000001
2021-02-26 06:00:00,231.0,231.04,231.08,231.16,231.20000000000002,231.24,231.28,231.32,231.36,231.4,231.4,230.98000000000002,231.02,231.08,231.12,231.16,231.20000000000002,231.24,231.28,231.28,231.32,231.36,230.96,231.02,231.06,231.1,231.14000000000001,231.18,231.22,231.22,231.26,231.3,231.34,230.96,231.0,231.04,231.08,231.12,231.12,231.16,231.20000000000002,231.24,231.28,231.32,230.92000000000002,230.96,231.02,231.02,231.06,231.1,231.14000000000001,231.18,231.22,231.26,231.3,230.9,230.9,230.94,230.98000000000002,231.02,231.06,231.1,231.14000000000001,231.18,231.24,231.28,230.84,230.88,230.92000000000002,230.96,231.0,231.04,231.08,231.12,231.16,231.16,231.20000000000002,230.82,230.86,230.9,230.94,230.98000000000002,231.02,231.06,231.1,231.1,231.14000000000001,231.18,230.78,230.84,230.88,230.92000000000002,230.96,231.0,231.0,231.04,231.08,231.12,231.16,230.76,230.8,230.84,230.88,230.88,230.92000000000002,230.96,231.0,231.04,231.1,231.14000000000001,230.74,230.78,230.78,230.82,230.86,230.9,230.94,230.98000000000002,231.02,231.06,231.1
2021-03-28 04:00:00,198.46,198.6,198.72,198.84,198.96,199.08,199.20000000000002,199.32,199.44,199.44,199.56,198.46,198.58,198.70000000000002,198.82,198.94,199.06,199.18,199.18,199.3,199.42000000000002,199.54,198.42000000000002,198.56,198.68,198.8,198.92000000000002,198.92000000000002,199.04,199.16,199.28,199.4,199.52,198.42000000000002,198.54,198.66,198.78,198.78,198.9,199.02,199.14000000000001,199.26,199.38,199.5,198.4,198.52,198.52,198.64000000000001,198.76,198.88,199.0,199.12,199.24,199.36,199.48000000000002,198.26,198.4,198.52,198.64000000000001,198.76,198.88,199.0,199.12,199.24,199.36,199.36,198.24,198.36,198.48000000000002,198.6,198.72,198.84,198.98000000000002,199.1,199.1,199.20000000000002,199.32,198.24,198.36,198.48000000000002,198.6,198.72,198.84,198.84,198.96,199.08,199.20000000000002,199.32,198.22,198.34,198.46,198.58,198.70000000000002,198.70000000000002,198.82,198.94,199.06,199.18,199.3,198.22,198.34,198.46,198.46,198.58,198.70000000000002,198.82,198.92000000000002,199.04,199.16,199.28,198.18,198.18,198.3,198.42000000000002,198.54,198.66,198.78,198.9,199.02,199.14000000000001,199.26
2021-03-22 05:00:00,225.9,225.96,226.06,226.14000000000001,226.20000000000002,226.26,226.32,226.4,226.46,226.52,226.52,225.84,225.96,226.02,226.1,226.16,226.22,226.28,226.36,226.36,226.42000000000002,226.48000000000002,225.84,225.92000000000002,225.98000000000002,226.04,226.1,226.18,226.18,226.24,226.3,226.36,226.44,225.8,225.88,225.94,226.0,226.06,226.06,226.14000000000001,226.20000000000002,226.26,226.32,226.4,225.76,225.84,225.9,225.9,225.96,226.02,226.1,226.16,226.22,226.28,226.36,225.72,225.72,225.8,225.86,225.92000000000002,225.98000000000002,226.06,226.12,226.18,226.24,226.32,225.62,225.68,225.74,225.82,225.88,225.94,226.0,226.08,226.14000000000001,226.14000000000001,226.20000000000002,225.58,225.64000000000001,225.70000000000002,225.78,225.84,225.9,225.96,225.96,226.04,226.1,226.16,225.54,225.6,225.66,225.74,225.8,225.86,225.86,225.92000000000002,226.0,226.06,226.12,225.5,225.56,225.62,225.70000000000002,225.70000000000002,225.76,225.82,225.9,225.96,226.02,226.08,225.44,225.52,225.52,225.58,225.64000000000001,225.72,225.78,225.84,225.9,225.98000000000002,226.04
2021-03-10 02:00:00,134.24,134.3,134.36,134.42000000000002,134.48,134.54,134.6,134.6,134.66,134.72,134.78,134.3,134.36,134.42000000000002,134.48,134.52,134.52,134.58,134.64000000000001,134.7,134.76,134.82,134.34,134.4,134.46,134.46,134.52,134.58,134.64000000000001,134.7,134.76,134.82,134.86,134.4,134.46,134.46,134.52,134.56,134.62,134.68,134.74,134.8,134.86,134.92000000000002,134.38,134.44,134.5,134.56,134.62,134.68,134.74,134.8,134.86,134.92000000000002,134.92000000000002,134.44,134.5,134.56,134.62,134.68,134.74,134.78,134.84,134.84,134.9,134.96,134.48,134.54,134.6,134.66,134.72,134.78,134.78,134.84,134.9,134.96,135.0,134.54,134.6,134.66,134.7,134.7,134.76,134.82,134.88,134.94,135.0,135.06,134.58,134.64000000000001,134.7,134.7,134.76,134.82,134.88,134.94,135.0,135.06,135.12,134.64000000000001,134.64000000000001,134.7,134.76,134.82,134.86,134.92000000000002,134.98,135.04,135.1,135.16,134.62,134.68,134.74,134.8,134.86,134.92000000000002,134.98,135.04,135.1,135.1,135.16
2021-03-08 02:00:00,135.02,135.06,135.12,135.18,135.24,135.24,135.3,135.36,135.42000000000002,135.48,135.54,135.06,135.12,135.18,135.18,135.22,135.28,135.34,135.4,135.46,135.52,135.58,135.1,135.16,135.16,135.22,135.28,135.34,135.4,135.46,135.52,135.56,135.62,135.1,135.16,135.22,135.28,135.32,135.38,135.44,135.5,135.56,135.62,135.62,135.14000000000001,135.2,135.26,135.32,135.38,135.44,135.5,135.56,135.56,135.62,135.66,135.18,135.24,135.3,135.36,135.42000000000002,135.48,135.48,135.54,135.6,135.66,135.72,135.24,135.3,135.36,135.42000000000002,135.42000000000002,135.46,135.52,135.58,135.64000000000001,135.7,135.76,135.28,135.34,135.4,135.4,135.46,135.52,135.58,135.64000000000001,135.7,135.76,135.82,135.34,135.34,135.4,135.46,135.52,135.56,135.62,135.68,135.74,135.8,135.86,135.32,135.38,135.44,135.5,135.56,135.62,135.68,135.74,135.78,135.78,135.84,135.38,135.44,135.5,135.54,135.6,135.66,135.72,135.72,135.78,135.84,135.9
2021-04-19 06:00:00,259.24,259.26,259.28000000000003,259.28000000000003,259.36,259.38,259.42,259.44,259.46,259.48,259.52,259.2,259.2,259.22,259.28000000000003,259.32,259.34000000000003,259.36,259.38,259.42,259.44,259.46,259.12,259.14,259.22,259.24,259.26,259.3,259.32,259.34000000000003,259.36,259.36,259.4,259.06,259.14,259.16,259.2,259.22,259.24,259.26,259.26,259.3,259.32,259.34000000000003,259.06,259.1,259.12,259.14,259.16,259.2,259.2,259.22,259.24,259.26,259.3,259.02,259.04,259.06,259.1,259.1,259.12,259.14,259.18,259.2,259.22,259.24,258.98,259.0,259.0,259.02,259.04,259.08,259.1,259.12,259.14,259.18,259.2,258.9,258.92,258.94,258.98,259.0,259.02,259.04,259.08,259.1,259.12,259.12,258.84000000000003,258.88,258.9,258.92,258.94,258.98,259.0,259.02,259.02,259.06,259.08,258.8,258.82,258.84000000000003,258.88,258.9,258.92,258.96,258.96,258.98,259.0,259.02,258.76,258.78000000000003,258.8,258.82,258.86,258.86,258.88,258.9,258.94,258.96,258.98
2021-11-19 04:00:00,195.48000000000002,195.54,195.58,195.64000000000001,195.70000000000002,195.76,195.76,195.82,195.88,195.94,196.0,195.48000000000002,195.52,195.58,195.64000000000001,195.70000000000002,195.70000000000002,195.76,195.82,195.88,195.94,196.0,195.46,195.52,195.58,195.58,195.64000000000001,195.70000000000002,195.76,195.82,195.88,195.94,196.0,195.46,195.46,195.52,195.58,195.64000000000001,195.70000000000002,195.76,195.82,195.88,195.94,196.0,195.4,195.46,195.52,195.58,195.64000000000001,195.70000000000002,195.76,195.82,195.86,195.86,195.92000000000002,195.4,195.46,195.52,195.58,195.64000000000001,195.70000000000002,195.76,195.76,195.8,195.86,195.92000000000002,195.4,195.46,195.52,195.58,195.64000000000001,195.70000000000002,195.70000000000002,195.74,195.8,195.86,195.92000000000002,195.4,195.46,195.52,195.58,195.58,195.64000000000001,195.70000000000002,195.74,195.8,195.86,195.92000000000002,195.4,195.46,195.46,195.5,195.56,195.62,195.68,195.74,195.8,195.86,195.92000000000002,195.34,195.4,195.46,195.5,195.56,195.62,195.68,195.74,195.8,195.86,195.86,195.34,195.4,195.46,195.5,195.56,195.62,195.68,195.74,195.74,195.8,195.86
2021-04-04 02:00:00,123.22,123.28,123.34,123.4,123.46000000000001,123.52,123.58,123.58,123.64,123.7,123.78,123.28,123.34,123.42,123.48,123.54,123.54,123.60000000000001,123.66,123.72,123.78,123.86,123.36,123.42,123.48,123.48,123.54,123.60000000000001,123.66,123.72,123.8,123.86,123.92,123.44,123.5,123.5,123.56,123.62,123.68,123.74000000000001,123.8,123.86,123.94,124.0,123.44,123.5,123.58,123.64,123.7,123.76,123.82000000000001,123.88000000000001,123.94,124.02,124.02,123.52,123.58,123.64,123.7,123.78,123.84,123.9,123.96000000000001,123.96000000000001,124.02,124.08,123.60000000000001,123.66,123.72,123.78,123.84,123.9,123.9,123.98,124.04,124.10000000000001,124.16,123.68,123.74000000000001,123.8,123.86,123.86,123.92,123.98,124.04,124.12,124.18,124.24000000000001,123.74000000000001,123.82000000000001,123.88000000000001,123.88000000000001,123.94,124.0,124.06,124.12,124.18,124.26,124.32000000000001,123.82000000000001,123.82000000000001,123.88000000000001,123.94,124.02,124.08,124.14,124.2,124.26,124.32000000000001,124.4,123.82000000000001,123.9,123.96000000000001,124.02,124.08,124.14,124.2,124.26,124.34,124.34,124.4
2021-03-07 04:00:00,190.26,190.36,190.44,190.54,190.64000000000001,190.72,190.82,190.82,190.92000000000002,191.0,191.1,190.26,190.36,190.44,190.54,190.62,190.62,190.72,190.82,190.9,191.0,191.1,190.26,190.36,190.44,190.54,190.54,190.64000000000001,190.72,190.82,190.9,191.0,191.1,190.26,190.36,190.36,190.44,190.54,190.64000000000001,190.72,190.82,190.92000000000002,191.0,191.1,190.18,190.26,190.36,190.46,190.54,190.64000000000001,190.72,190.82,190.92000000000002,191.0,191.0,190.16,190.26,190.34,190.44,190.54,190.62,190.72,190.82,190.82,190.9,191.0,190.16,190.26,190.36,190.44,190.54,190.62,190.62,190.72,190.82,190.9,191.0,190.18,190.26,190.36,190.44,190.54,190.54,190.64000000000001,190.72,190.82,190.9,191.0,190.18,190.26,190.36,190.36,190.46,190.54,190.64000000000001,190.72,190.82,190.92000000000002,191.0,190.18,190.18,190.26,190.36,190.44,190.54,190.64000000000001,190.72,190.82,190.9,191.0,190.08,190.18,190.26,190.36,190.46,190.54,190.64000000000001,190.72,190.82,190.82,190.9
2021-03-07 03:00:00,159.02,159.12,159.20000000000002,159.28,159.38,159.46,159.46,159.54,159.64000000000001,159.72,159.8,159.06,159.14000000000001,159.24,159.32,159.32,159.4,159.5,159.58,159.66,159.76,159.84,159.1,159.18,159.28,159.28,159.36,159.44,159.54,159.62,159.70000000000002,159.8,159.88,159.14000000000001,159.14000000000001,159.24,159.32,159.4,159.48,159.58,159.66,159.74,159.84,159.92000000000002,159.1,159.18,159.28,159.36,159.44,159.54,159.62,159.70000000000002,159.8,159.8,159.88,159.14000000000001,159.22,159.3,159.38,159.48,159.56,159.64000000000001,159.64000000000001,159.74,159.82,159.9,159.18,159.26,159.34,159.42000000000002,159.52,159.52,159.6,159.68,159.78,159.86,159.94,159.22,159.3,159.38,159.48,159.48,159.56,159.64000000000001,159.72,159.82,159.9,159.98,159.26,159.34,159.34,159.42000000000002,159.52,159.6,159.68,159.78,159.86,159.94,160.04,159.20000000000002,159.3,159.38,159.46,159.54,159.64000000000001,159.72,159.8,159.9,159.98,159.98,159.24,159.34,159.42000000000002,159.5,159.58,159.68,159.76,159.84,159.84,159.94,160.02
2021-04-04 05:00:00,234.98000000000002,235.04,235.16,235.22,235.28,235.34,235.42000000000002,235.48000000000002,235.54,235.6,235.6,234.92000000000002,235.04,235.12,235.18,235.24,235.3,235.36,235.42000000000002,235.42000000000002,235.48000000000002,235.54,234.92000000000002,234.98000000000002,235.04,235.12,235.18,235.24,235.24,235.3,235.36,235.42000000000002,235.48000000000002,234.88,234.94,235.0,235.06,235.12,235.12,235.18,235.24,235.3,235.36,235.42000000000002,234.82,234.88,234.94,234.94,235.0,235.06,235.12,235.18,235.24,235.3,235.36,234.76,234.76,234.82,234.88,234.94,235.0,235.06,235.12,235.18,235.26,235.32,234.64000000000001,234.70000000000002,234.76,234.82,234.88,234.94,235.0,235.06,235.12,235.12,235.18,234.58,234.64000000000001,234.70000000000002,234.76,234.82,234.88,234.94,234.94,235.0,235.08,235.14000000000001,234.52,234.58,234.64000000000001,234.70000000000002,234.78,234.84,234.84,234.9,234.96,235.02,235.08,234.46,234.54,234.6,234.66,234.66,234.72,234.78,234.84,234.9,234.96,235.02,234.4,234.48000000000002,234.48000000000002,234.54,234.6,234.66,234.72,234.78,234.84,234.9,234.96
2021-03-14 05:00:00,221.06,221.14000000000001,221.24,221.3,221.36,221.42000000000002,221.5,221.56,221.62,221.68,221.68,221.04,221.14000000000001,221.20000000000002,221.26,221.32,221.4,221.46,221.52,221.52,221.58,221.66,221.04,221.1,221.16,221.22,221.3,221.36,221.36,221.42000000000002,221.48000000000002,221.56,221.62,221.0,221.06,221.12,221.20000000000002,221.26,221.26,221.32,221.4,221.46,221.52,221.58,220.96,221.04,221.1,221.1,221.16,221.22,221.3,221.36,221.42000000000002,221.48000000000002,221.56,220.94,220.94,221.0,221.06,221.14000000000001,221.20000000000002,221.26,221.32,221.4,221.46,221.52,220.82,220.9,220.96,221.02,221.1,221.16,221.22,221.28,221.36,221.36,221.42000000000002,220.8,220.86,220.92000000000002,221.0,221.06,221.12,221.18,221.18,221.26,221.32,221.38,220.76,220.84,220.9,220.96,221.02,221.1,221.1,221.16,221.22,221.28,221.36,220.74,220.8,220.86,220.94,220.94,221.0,221.06,221.12,221.20000000000002,221.26,221.32,220.70000000000002,220.76,220.76,220.82,220.9,220.96,221.02,221.1,221.16,221.22,221.28
2021-02-23 01:00:00,124.60000000000001,124.64,124.68,124.68,124.72,124.76,124.78,124.82000000000001,124.86,124.9,124.94,124.64,124.64,124.68,124.72,124.74000000000001,124.78,124.82000000000001,124.86,124.9,124.94,124.96000000000001,124.64,124.68,124.7,124.74000000000001,124.78,124.82000000000001,124.86,124.9,124.92,124.96000000000001,124.96000000000001,124.66,124.7,124.74000000000001,124.78,124.82000000000001,124.86,124.88000000000001,124.92,124.92,124.96000000000001,125.0,124.7,124.74000000000001,124.78,124.82000000000001,124.84,124.88000000000001,124.88000000000001,124.92,124.96000000000001,125.0,125.04,124.74000000000001,124.76,124.8,124.84,124.84,124.88000000000001,124.92,124.96000000000001,125.0,125.02,125.06,124.76,124.8,124.8,124.84,124.88000000000001,124.92,124.96000000000001,124.98,125.02,125.06,125.10000000000001,124.8,124.8,124.84,124.88000000000001,124.92,124.94,124.98,125.02,125.06,125.10000000000001,125.14,124.8,124.84,124.88000000000001,124.9,124.94,124.98,125.02,125.06,125.10000000000001,125.10000000000001,125.14,124.82000000000001,124.86,124.9,124.94,124.98,125.02,125.06,125.06,125.08,125.12,125.16,124.86,124.9,124.94,124.98,125.02,125.02,125.04,125.08,125.12,125.16,125.2
2021-08-07 05:00:00,257.02,257.06,257.06,257.18,257.22,257.26,257.3,257.34000000000003,257.38,257.4,257.44,256.88,256.92,257.06,257.08,257.12,257.16,257.2,257.24,257.28000000000003,257.32,257.32,256.78000000000003,256.92,256.96,256.98,257.02,257.06,257.1,257.14,257.14,257.18,257.22,256.78000000000003,256.8,256.84000000000003,256.88,256.92,256.96,256.96,257.0,257.04,257.08,257.12,256.68,256.7,256.74,256.78000000000003,256.82,256.82,256.86,256.9,256.94,256.98,257.02,256.58,256.62,256.64,256.64,256.68,256.72,256.76,256.8,256.84000000000003,256.88,256.92,256.48,256.48,256.52,256.56,256.6,256.62,256.66,256.7,256.74,256.78000000000003,256.82,256.34000000000003,256.38,256.42,256.46,256.48,256.52,256.56,256.6,256.64,256.64,256.68,256.24,256.28000000000003,256.32,256.36,256.4,256.44,256.46,256.46,256.5,256.54,256.58,256.14,256.18,256.22,256.26,256.3,256.34000000000003,256.34000000000003,256.38,256.42,256.44,256.48,256.04,256.08,256.12,256.16,256.16,256.2,256.24,256.28000000000003,256.32,256.36,256.4
2021-06-23 08:00:00,285.32,285.32,285.34000000000003,285.34000000000003,285.36,285.36,285.38,285.40000000000003,285.40000000000003,285.42,285.42,285.3,285.3,285.32,285.32,285.32,285.36,285.36,285.38,285.38,285.40000000000003,285.40000000000003,285.28000000000003,285.28000000000003,285.28000000000003,285.3,285.32,285.34000000000003,285.34000000000003,285.36,285.36,285.38,285.38,285.24,285.26,285.26,285.3,285.3,285.32,285.32,285.34000000000003,285.34000000000003,285.36,285.36,285.22,285.24,285.26,285.28000000000003,285.28000000000003,285.3,285.3,285.32,285.32,285.32,285.34000000000003,285.2,285.24,285.24,285.26,285.26,285.28000000000003,285.28000000000003,285.28000000000003,285.3,285.3,285.32,285.2,285.22,285.22,285.24,285.24,285.24,285.26,285.26,285.28000000000003,285.28000000000003,285.3,285.18,285.2,285.2,285.2,285.22,285.22,285.24,285.24,285.26,285.26,285.28000000000003,285.16,285.16,285.16,285.18,285.2,285.2,285.22,285.22,285.24,285.24,285.26,285.12,285.14,285.14,285.16,285.18,285.18,285.2,285.2,285.22,285.22,285.22,285.1,285.12,285.12,285.14,285.16,285.16,285.18,285.18,285.18,285.2,285.2
2021-03-07 06:00:00,235.12,235.16,235.24,235.28,235.32,235.36,235.4,235.44,235.48000000000002,235.48000000000002,235.52,235.1,235.16,235.20000000000002,235.24,235.28,235.32,235.36,235.36,235.4,235.44,235.48000000000002,235.1,235.14000000000001,235.18,235.22,235.26,235.3,235.3,235.34,235.38,235.42000000000002,235.46,235.06,235.1,235.14000000000001,235.18,235.18,235.22,235.26,235.3,235.34,235.38,235.42000000000002,235.04,235.08,235.08,235.12,235.16,235.20000000000002,235.24,235.28,235.32,235.36,235.4,234.96,235.0,235.04,235.08,235.12,235.16,235.20000000000002,235.24,235.28,235.32,235.32,234.94,234.98000000000002,235.02,235.06,235.1,235.14000000000001,235.18,235.22,235.22,235.26,235.3,234.92000000000002,234.96,235.0,235.04,235.08,235.12,235.16,235.16,235.20000000000002,235.24,235.28,234.88,234.92000000000002,234.96,235.0,235.04,235.04,235.08,235.12,235.16,235.20000000000002,235.24,234.84,234.88,234.94,234.94,234.98000000000002,235.02,235.06,235.1,235.14000000000001,235.18,235.22,234.82,234.82,234.86,234.9,234.94,234.98000000000002,235.02,235.06,235.1,235.14000000000001,235.18
2021-03-17 05:00:00,222.8,222.86,222.96,223.02,223.1,223.16,223.22,223.28,223.36,223.42000000000002,223.42000000000002,222.76,222.86,222.92000000000002,223.0,223.06,223.12,223.18,223.26,223.26,223.32,223.38,222.76,222.82,222.88,222.96,223.02,223.08,223.08,223.14000000000001,223.22,223.28,223.34,222.72,222.78,222.86,222.92000000000002,222.98000000000002,222.98000000000002,223.04,223.12,223.18,223.24,223.32,222.68,222.76,222.82,222.82,222.88,222.94,223.02,223.08,223.14000000000001,223.22,223.28,222.66,222.66,222.72,222.78,222.84,222.92000000000002,222.98000000000002,223.04,223.12,223.18,223.24,222.54,222.6,222.68,222.74,222.8,222.88,222.94,223.0,223.06,223.06,223.14000000000001,222.5,222.58,222.64000000000001,222.70000000000002,222.78,222.84,222.9,222.9,222.96,223.04,223.1,222.48000000000002,222.54,222.6,222.68,222.74,222.8,222.8,222.86,222.94,223.0,223.06,222.44,222.5,222.58,222.64000000000001,222.64000000000001,222.70000000000002,222.76,222.84,222.9,222.96,223.02,222.4,222.46,222.46,222.54,222.6,222.66,222.72,222.8,222.86,222.92000000000002,223.0
2021-10-12 04:00:00,200.9,200.98000000000002,201.06,201.14000000000001,201.22,201.3,201.38,201.46,201.46,201.54,201.62,200.9,200.98000000000002,201.06,201.14000000000001,201.20000000000002,201.28,201.28,201.36,201.44,201.52,201.6,200.88,200.96,201.04,201.12,201.20000000000002,201.20000000000002,201.28,201.36,201.44,201.52,201.58,200.88,200.96,201.04,201.04,201.12,201.18,201.26,201.34,201.42000000000002,201.5,201.58,200.86,200.86,200.94,201.02,201.1,201.18,201.26,201.34,201.42000000000002,201.5,201.56,200.76,200.84,200.92000000000002,201.0,201.08,201.16,201.24,201.32,201.4,201.4,201.46,200.76,200.84,200.92000000000002,201.0,201.08,201.14000000000001,201.22,201.22,201.3,201.38,201.46,200.74,200.82,200.9,200.98000000000002,201.06,201.14000000000001,201.14000000000001,201.22,201.3,201.38,201.46,200.74,200.82,200.9,200.98000000000002,200.98000000000002,201.06,201.14000000000001,201.20000000000002,201.28,201.36,201.44,200.72,200.8,200.8,200.88,200.96,201.04,201.12,201.20000000000002,201.28,201.34,201.42000000000002,200.64000000000001,200.72,200.8,200.88,200.96,201.02,201.1,201.18,201.26,201.34,201.34
2021-05-18 02:00:00,93.86,93.78,93.8,93.84,93.86,93.88,93.92,93.94,93.98,94.0,94.0,93.86,93.9,93.92,93.94,93.98,94.0,94.04,94.06,94.06,94.10000000000001,94.12,93.98,94.02,94.04,94.06,94.10000000000001,94.12,94.12,94.16,94.18,94.22,94.24,94.10000000000001,94.12,94.16,94.18,94.18,94.22,94.24,94.26,94.3,94.32000000000001,94.36,94.22,94.24,94.28,94.28,94.3,94.32000000000001,94.36,94.38,94.42,94.44,94.48,94.32000000000001,94.32000000000001,94.36,94.38,94.42,94.44,94.48,94.5,94.54,94.56,94.60000000000001,94.42,94.44,94.48,94.5,94.54,94.56,94.60000000000001,94.62,94.66,94.66,94.68,94.54,94.56,94.60000000000001,94.62,94.66,94.68,94.72,94.72,94.74,94.78,94.8,94.66,94.68,94.72,94.74,94.78,94.78,94.8,94.84,94.86,94.9,94.92,94.76,94.8,94.82000000000001,94.86,94.86,94.88,94.92,94.96000000000001,94.98,95.02,95.04,94.88,94.92,94.92,94.94,94.98,95.0,95.04,95.06,95.10000000000001,95.14,95.16
2021-10-07 01:00:00,125.66,125.7,125.74000000000001,125.8,125.8,125.84,125.88000000000001,125.92,125.96000000000001,126.0,126.06,125.7,125.74000000000001,125.74000000000001,125.78,125.84,125.88000000000001,125.92,125.96000000000001,126.0,126.06,126.10000000000001,125.74000000000001,125.74000000000001,125.78,125.84,125.88000000000001,125.92,125.96000000000001,126.0,126.04,126.10000000000001,126.14,125.74000000000001,125.78,125.84,125.88000000000001,125.92,125.96000000000001,126.0,126.04,126.10000000000001,126.10000000000001,126.14,125.78,125.84,125.88000000000001,125.92,125.96000000000001,126.0,126.04,126.04,126.10000000000001,126.14,126.18,125.82000000000001,125.86,125.92,125.96000000000001,126.0,126.0,126.04,126.08,126.14,126.18,126.22,125.86,125.92,125.96000000000001,125.96000000000001,126.0,126.04,126.08,126.12,126.18,126.22,126.26,125.92,125.96000000000001,125.96000000000001,126.0,126.04,126.08,126.12,126.18,126.22,126.26,126.3,125.92,125.96000000000001,126.0,126.04,126.08,126.12,126.18,126.22,126.26,126.3,126.3,125.94,126.0,126.04,126.08,126.12,126.16,126.22,126.26,126.26,126.3,126.34,126.0,126.04,126.08,126.12,126.16,126.22,126.22,126.26,126.3,126.34,126.38000000000001
2021-11-23 05:00:00,212.4,212.46,212.5,212.54,212.6,212.64000000000001,212.68,212.68,212.72,212.78,212.82,212.4,212.44,212.48000000000002,212.54,212.58,212.58,212.62,212.68,212.72,212.76,212.8,212.38,212.44,212.48000000000002,212.48000000000002,212.52,212.58,212.62,212.66,212.70000000000002,212.76,212.8,212.38,212.38,212.42000000000002,212.46,212.52,212.56,212.6,212.64000000000001,212.70000000000002,212.74,212.78,212.32,212.36,212.4,212.46,212.5,212.54,212.6,212.64000000000001,212.68,212.68,212.72,212.3,212.36,212.4,212.44,212.48000000000002,212.54,212.58,212.62,212.62,212.68,212.72,212.3,212.34,212.38,212.44,212.48000000000002,212.52,212.52,212.58,212.62,212.66,212.70000000000002,212.28,212.32,212.38,212.42000000000002,212.42000000000002,212.46,212.5,212.56,212.6,212.64000000000001,212.70000000000002,212.26,212.32,212.32,212.36,212.4,212.46,212.5,212.54,212.58,212.64000000000001,212.68,212.22,212.26,212.3,212.36,212.4,212.44,212.48000000000002,212.54,212.58,212.62,212.62,212.20000000000002,212.24,212.3,212.34,212.38,212.44,212.48000000000002,212.52,212.56,212.56,212.62
2021-06-14 02:00:00,83.06,82.96000000000001,82.96000000000001,82.98,82.98,82.98,83.0,83.0,83.0,83.02,83.02,83.06,83.06,83.08,83.08,83.08,83.10000000000001,83.10000000000001,83.12,83.12,83.12,83.12,83.18,83.18,83.18,83.2,83.2,83.2,83.2,83.22,83.22,83.22,83.24,83.28,83.28,83.3,83.3,83.3,83.32000000000001,83.32000000000001,83.32000000000001,83.34,83.34,83.34,83.4,83.4,83.4,83.4,83.42,83.42,83.42,83.44,83.44,83.46000000000001,83.46000000000001,83.5,83.5,83.5,83.52,83.52,83.54,83.54,83.54,83.56,83.56,83.58,83.60000000000001,83.62,83.62,83.62,83.64,83.64,83.66,83.66,83.68,83.68,83.68,83.72,83.72,83.74,83.74,83.74,83.76,83.76,83.76,83.78,83.78,83.8,83.82000000000001,83.84,83.84,83.86,83.86,83.86,83.86,83.88,83.88,83.9,83.9,83.94,83.94,83.96000000000001,83.96000000000001,83.96000000000001,83.98,83.98,84.0,84.0,84.0,84.02,84.04,84.06,84.06,84.06,84.08,84.08,84.10000000000001,84.10000000000001,84.12,84.12,84.14
2021-01-11 05:00:00,205.74,205.8,205.84,205.9,205.94,206.0,206.0,206.04,206.08,206.14000000000001,206.18,205.74,205.78,205.84,205.88,205.88,205.94,205.98000000000002,206.04,206.08,206.14000000000001,206.18,205.74,205.78,205.78,205.84,205.88,205.92000000000002,205.98000000000002,206.02,206.08,206.12,206.18,205.66,205.72,205.76,205.82,205.86,205.92000000000002,205.96,206.02,206.06,206.12,206.12,205.66,205.72,205.76,205.8,205.86,205.9,205.96,206.0,206.0,206.06,206.1,205.66,205.70000000000002,205.76,205.8,205.86,205.9,205.96,205.96,206.0,206.04,206.1,205.64000000000001,205.70000000000002,205.74,205.8,205.84,205.84,205.9,205.94,206.0,206.04,206.1,205.64000000000001,205.68,205.74,205.74,205.78,205.84,205.88,205.94,205.98000000000002,206.04,206.08,205.64000000000001,205.64000000000001,205.68,205.74,205.78,205.82,205.88,205.92000000000002,205.98000000000002,206.02,206.08,205.58,205.62,205.68,205.72,205.78,205.82,205.88,205.92000000000002,205.96,205.96,206.02,205.56,205.62,205.66,205.72,205.76,205.82,205.86,205.92000000000002,205.92000000000002,205.96,206.02
2021-09-12 00:00:00,102.28,102.3,102.32000000000001,102.36,102.38,102.38,102.4,102.42,102.44,102.48,102.5,102.32000000000001,102.34,102.36,102.36,102.38,102.42,102.44,102.46000000000001,102.48,102.5,102.54,102.34,102.34,102.36,102.4,102.42,102.44,102.46000000000001,102.5,102.52,102.54,102.56,102.36,102.38,102.4,102.42,102.46000000000001,102.48,102.5,102.52,102.56,102.58,102.58,102.38,102.42,102.44,102.46000000000001,102.48,102.52,102.54,102.56,102.56,102.58,102.62,102.42,102.44,102.48,102.5,102.52,102.54,102.54,102.58,102.60000000000001,102.62,102.64,102.46000000000001,102.48,102.5,102.54,102.54,102.56,102.58,102.60000000000001,102.64,102.66,102.68,102.5,102.52,102.52,102.54,102.56,102.60000000000001,102.62,102.64,102.66,102.7,102.72,102.52,102.52,102.56,102.58,102.60000000000001,102.62,102.66,102.68,102.7,102.72,102.76,102.54,102.56,102.58,102.62,102.64,102.66,102.68,102.72,102.74000000000001,102.74000000000001,102.76,102.56,102.60000000000001,102.62,102.64,102.68,102.7,102.72,102.72,102.74000000000001,102.78,102.8
2021-02-11 06:00:00,225.58,225.62,225.68,225.72,225.76,225.8,225.84,225.88,225.88,225.94,225.98000000000002,225.56,225.62,225.66,225.70000000000002,225.74,225.8,225.84,225.84,225.88,225.92000000000002,225.96,225.56,225.6,225.66,225.70000000000002,225.74,225.74,225.78,225.82,225.86,225.9,225.94,225.56,225.6,225.64000000000001,225.64000000000001,225.68,225.72,225.76,225.8,225.84,225.88,225.92000000000002,225.52,225.52,225.58,225.62,225.66,225.70000000000002,225.74,225.78,225.82,225.86,225.9,225.48000000000002,225.52,225.56,225.6,225.64000000000001,225.68,225.72,225.76,225.8,225.8,225.84,225.46,225.5,225.54,225.58,225.62,225.66,225.70000000000002,225.74,225.74,225.78,225.82,225.44,225.48000000000002,225.52,225.56,225.6,225.64000000000001,225.64000000000001,225.68,225.72,225.76,225.8,225.42000000000002,225.46,225.5,225.54,225.54,225.58,225.62,225.66,225.70000000000002,225.74,225.78,225.4,225.44,225.44,225.48000000000002,225.52,225.56,225.6,225.64000000000001,225.68,225.72,225.76,225.34,225.38,225.42000000000002,225.46,225.5,225.54,225.58,225.62,225.66,225.70000000000002,225.70000000000002
2021-04-18 04:00:00,214.04,214.26,214.4,214.56,214.72,214.86,215.02,215.16,215.32,215.32,215.46,214.04,214.18,214.34,214.5,214.64000000000001,214.8,214.94,214.94,215.1,215.24,215.4,213.94,214.1,214.24,214.4,214.56,214.56,214.70000000000002,214.86,215.0,215.16,215.3,213.88,214.02,214.18,214.34,214.34,214.48000000000002,214.64000000000001,214.78,214.94,215.1,215.24,213.8,213.96,213.96,214.12,214.26,214.42000000000002,214.58,214.72,214.88,215.02,215.18,213.6,213.74,213.9,214.04,214.20000000000002,214.36,214.5,214.66,214.8,214.96,214.96,213.52,213.66,213.82,213.98000000000002,214.12,214.28,214.42000000000002,214.58,214.58,214.72,214.88,213.44,213.6,213.76,213.9,214.06,214.22,214.22,214.36,214.52,214.66,214.82,213.38,213.54,213.70000000000002,213.84,214.0,214.0,214.14000000000001,214.3,214.44,214.6,214.74,213.32,213.48000000000002,213.62,213.62,213.78,213.92000000000002,214.08,214.24,214.38,214.52,214.68,213.24,213.24,213.38,213.54,213.70000000000002,213.84,214.0,214.14000000000001,214.3,214.44,214.6
2021-02-26 04:00:00,188.3,188.38,188.46,188.54,188.62,188.72,188.8,188.8,188.88,188.96,189.04,188.3,188.38,188.46,188.54,188.62,188.62,188.72,188.8,188.88,188.96,189.04,188.3,188.38,188.46,188.54,188.54,188.64000000000001,188.72,188.8,188.88,188.96,189.04,188.3,188.38,188.38,188.48,188.56,188.64000000000001,188.72,188.8,188.88,188.98,189.06,188.22,188.32,188.4,188.48,188.56,188.64000000000001,188.72,188.82,188.9,188.98,188.98,188.22,188.3,188.38,188.48,188.56,188.64000000000001,188.72,188.8,188.8,188.88,188.96,188.22,188.3,188.4,188.48,188.56,188.64000000000001,188.64000000000001,188.72,188.8,188.9,188.98,188.24,188.32,188.4,188.48,188.56,188.56,188.64000000000001,188.74,188.82,188.9,188.98,188.24,188.32,188.4,188.4,188.48,188.56,188.66,188.74,188.82,188.9,188.98,188.24,188.24,188.32,188.4,188.48,188.56,188.66,188.74,188.82,188.9,188.98,188.16,188.24,188.32,188.4,188.5,188.58,188.66,188.74,188.82,188.82,188.9
2021-09-08 04:00:00,206.4,206.54,206.68,206.8,206.92000000000002,207.04,207.18,207.3,207.42000000000002,207.42000000000002,207.54,206.4,206.52,206.64000000000001,206.76,206.9,207.02,207.14000000000001,207.14000000000001,207.26,207.38,207.5,206.34,206.46,206.6,206.72,206.84,206.84,206.96,207.08,207.22,207.34,207.46,206.3,206.44,206.56,206.68,206.68,206.8,206.94,207.06,207.18,207.3,207.42000000000002,206.28,206.4,206.4,206.52,206.66,206.78,206.9,207.02,207.14000000000001,207.26,207.4,206.12,206.24,206.38,206.5,206.62,206.74,206.86,206.98000000000002,207.12,207.24,207.24,206.08,206.20000000000002,206.32,206.46,206.58,206.70000000000002,206.82,206.94,206.94,207.08,207.20000000000002,206.06,206.18,206.3,206.42000000000002,206.54,206.66,206.66,206.8,206.92000000000002,207.04,207.16,206.02,206.14000000000001,206.26,206.4,206.52,206.52,206.64000000000001,206.76,206.88,207.0,207.12,205.98000000000002,206.12,206.24,206.24,206.36,206.48000000000002,206.6,206.72,206.86,206.98000000000002,207.1,205.94,205.94,206.06,206.18,206.32,206.44,206.56,206.68,206.8,206.92000000000002,207.04
2021-10-20 03:00:00,173.5,173.58,173.66,173.74,173.82,173.9,173.9,173.98,174.08,174.16,174.24,173.52,173.6,173.68,173.76,173.76,173.84,173.92000000000002,174.0,174.08,174.16,174.24,173.54,173.62,173.70000000000002,173.70000000000002,173.78,173.86,173.94,174.02,174.1,174.18,174.26,173.56,173.56,173.64000000000001,173.72,173.8,173.88,173.96,174.04,174.12,174.20000000000002,174.28,173.5,173.58,173.66,173.74,173.82,173.9,173.98,174.06,174.16,174.16,174.24,173.52,173.6,173.68,173.76,173.84,173.92000000000002,174.0,174.0,174.08,174.16,174.24,173.54,173.62,173.70000000000002,173.78,173.86,173.86,173.94,174.02,174.1,174.18,174.26,173.56,173.64000000000001,173.72,173.8,173.8,173.88,173.96,174.04,174.12,174.20000000000002,174.28,173.58,173.66,173.66,173.74,173.82,173.9,173.98,174.06,174.14000000000001,174.22,174.3,173.52,173.6,173.68,173.76,173.84,173.92000000000002,174.0,174.08,174.16,174.24,174.24,173.54,173.62,173.70000000000002,173.78,173.86,173.94,174.02,174.1,174.1,174.18,174.26
2021-05-28 01:00:00,84.3,84.32000000000001,84.32000000000001,84.34,84.36,84.36,84.38,84.4,84.4,84.4,84.42,84.36,84.38,84.4,84.4,84.42,84.44,84.44,84.44,84.46000000000001,84.46000000000001,84.48,84.42,84.44,84.46000000000001,84.46000000000001,84.48,84.48,84.5,84.5,84.52,84.54,84.54,84.5,84.5,84.52,84.52,84.54,84.54,84.56,84.56,84.58,84.60000000000001,84.60000000000001,84.56,84.56,84.56,84.58,84.60000000000001,84.60000000000001,84.62,84.64,84.64,84.66,84.68,84.60000000000001,84.62,84.64,84.64,84.66,84.68,84.68,84.7,84.72,84.72,84.72,84.66,84.68,84.7,84.7,84.72,84.74,84.74,84.76,84.76,84.78,84.78,84.74,84.74,84.76,84.78,84.78,84.8,84.8,84.82000000000001,84.82000000000001,84.84,84.86,84.8,84.8,84.82000000000001,84.84,84.84,84.84,84.86,84.88,84.9,84.9,84.92,84.86,84.88,84.88,84.88,84.9,84.92,84.92,84.94,84.96000000000001,84.96000000000001,84.98,84.92,84.92,84.94,84.96000000000001,84.96000000000001,84.98,85.0,85.0,85.02,85.04,85.04
2021-03-01 06:00:00,232.3,232.34,232.38,232.44,232.5,232.54,232.58,232.62,232.66,232.70000000000002,232.70000000000002,232.28,232.32,232.38,232.42000000000002,232.46,232.5,232.54,232.58,232.58,232.62,232.66,232.24,232.32,232.36,232.4,232.44,232.48000000000002,232.52,232.52,232.56,232.6,232.64000000000001,232.24,232.28,232.32,232.36,232.4,232.4,232.46,232.5,232.54,232.58,232.62,232.22,232.26,232.3,232.3,232.34,232.38,232.42000000000002,232.46,232.5,232.54,232.58,232.20000000000002,232.20000000000002,232.24,232.28,232.32,232.36,232.4,232.44,232.48000000000002,232.52,232.56,232.12,232.16,232.20000000000002,232.24,232.3,232.34,232.38,232.42000000000002,232.46,232.46,232.5,232.1,232.14000000000001,232.18,232.22,232.26,232.3,232.34,232.38,232.38,232.42000000000002,232.48000000000002,232.08,232.12,232.16,232.20000000000002,232.24,232.28,232.28,232.32,232.36,232.4,232.44,232.04,232.08,232.12,232.16,232.16,232.20000000000002,232.26,232.3,232.34,232.38,232.42000000000002,232.02,232.06,232.06,232.1,232.14000000000001,232.18,232.22,232.26,232.3,232.34,232.4
2021-04-04 01:00:00,108.54,108.58,108.60000000000001,108.64,108.68,108.7,108.7,108.74000000000001,108.78,108.82000000000001,108.84,108.60000000000001,108.62,108.66,108.7,108.7,108.72,108.76,108.8,108.82000000000001,108.86,108.9,108.64,108.68,108.68,108.7,108.74000000000001,108.78,108.8,108.84,108.88,108.92,108.94,108.7,108.7,108.72,108.76,108.8,108.82000000000001,108.86,108.9,108.94,108.96000000000001,109.0,108.7,108.74000000000001,108.78,108.82000000000001,108.84,108.88,108.92,108.94,108.98,108.98,109.02,108.76,108.8,108.82000000000001,108.86,108.9,108.94,108.96000000000001,108.96000000000001,109.0,109.04,109.08,108.82000000000001,108.84,108.88,108.92,108.94,108.94,108.98,109.02,109.06,109.08,109.12,108.86,108.9,108.94,108.94,108.96000000000001,109.0,109.04,109.08,109.10000000000001,109.14,109.18,108.92,108.96000000000001,108.96000000000001,108.98,109.02,109.06,109.08,109.12,109.16,109.2,109.22,108.94,108.96000000000001,109.0,109.04,109.08,109.10000000000001,109.14,109.18,109.22,109.24000000000001,109.24000000000001,108.98,109.02,109.06,109.08,109.12,109.16,109.18,109.22,109.22,109.26,109.3
2021-07-23 02:00:00,91.36,91.26,91.3,91.32000000000001,91.34,91.36,91.38,91.4,91.42,91.44,91.44,91.36,91.38,91.4,91.42,91.44,91.46000000000001,91.48,91.5,91.5,91.54,91.56,91.46000000000001,91.48,91.5,91.52,91.54,91.56,91.56,91.60000000000001,91.62,91.64,91.66,91.56,91.58,91.60000000000001,91.62,91.62,91.64,91.68,91.7,91.72,91.74,91.76,91.66,91.68,91.7,91.7,91.72,91.76,91.78,91.8,91.82000000000001,91.84,91.88,91.76,91.76,91.78,91.82000000000001,91.84,91.86,91.88,91.9,91.92,91.96000000000001,91.98,91.84,91.86,91.9,91.92,91.94,91.96000000000001,91.98,92.02,92.04,92.04,92.06,91.94,91.98,92.0,92.02,92.04,92.06,92.10000000000001,92.10000000000001,92.12,92.14,92.16,92.06,92.08,92.10000000000001,92.12,92.14,92.14,92.18,92.2,92.22,92.24,92.28,92.16,92.18,92.2,92.22,92.22,92.26,92.28,92.3,92.32000000000001,92.36,92.38,92.26,92.28,92.28,92.32000000000001,92.34,92.36,92.38,92.4,92.44,92.46000000000001,92.48
2021-04-04 04:00:00,202.66,202.82,202.96,203.08,203.22,203.36,203.48000000000002,203.62,203.74,203.74,203.88,202.66,202.8,202.92000000000002,203.06,203.20000000000002,203.32,203.46,203.46,203.58,203.72,203.86,202.62,202.74,202.88,203.02,203.14000000000001,203.14000000000001,203.28,203.42000000000002,203.54,203.68,203.8,202.6,202.72,202.86,202.98000000000002,202.98000000000002,203.12,203.26,203.38,203.52,203.64000000000001,203.78,202.56,202.70000000000002,202.70000000000002,202.84,202.96,203.1,203.22,203.36,203.48000000000002,203.62,203.76,202.42000000000002,202.54,202.68,202.8,202.94,203.06,203.20000000000002,203.34,203.46,203.6,203.6,202.38,202.5,202.64000000000001,202.78,202.9,203.04,203.16,203.3,203.3,203.42000000000002,203.56,202.36,202.48000000000002,202.62,202.74,202.88,203.0,203.0,203.14000000000001,203.28,203.4,203.54,202.32,202.46,202.6,202.72,202.86,202.86,202.98000000000002,203.12,203.24,203.38,203.5,202.3,202.44,202.56,202.56,202.70000000000002,202.82,202.96,203.1,203.22,203.36,203.48000000000002,202.26,202.26,202.4,202.52,202.66,202.78,202.92000000000002,203.04,203.18,203.3,203.44
2021-09-28 02:00:00,138.74,138.82,138.88,138.96,139.02,139.1,139.16,139.16,139.24,139.3,139.38,138.8,138.88,138.94,139.02,139.08,139.08,139.16,139.22,139.3,139.36,139.44,138.86,138.92000000000002,139.0,139.0,139.06,139.14000000000001,139.20000000000002,139.28,139.34,139.42000000000002,139.48,138.92000000000002,138.98,138.98,139.06,139.12,139.20000000000002,139.26,139.34,139.4,139.48,139.54,138.9,138.98,139.04,139.12,139.18,139.26,139.32,139.4,139.46,139.54,139.54,138.96,139.02,139.1,139.16,139.24,139.3,139.38,139.44,139.44,139.52,139.58,139.0,139.08,139.14000000000001,139.22,139.28,139.36,139.36,139.42000000000002,139.5,139.56,139.64000000000001,139.06,139.14000000000001,139.20000000000002,139.28,139.28,139.34,139.42000000000002,139.48,139.56,139.62,139.70000000000002,139.12,139.20000000000002,139.26,139.26,139.34,139.4,139.48,139.54,139.62,139.68,139.76,139.18,139.18,139.24,139.32,139.38,139.46,139.52,139.6,139.66,139.74,139.8,139.16,139.24,139.3,139.36,139.44,139.5,139.58,139.66,139.72,139.72,139.8
2021-07-17 06:00:00,274.90000000000003,274.90000000000003,274.90000000000003,274.98,274.98,275.0,275.0,275.0,275.02,275.02,275.04,274.82,274.84000000000003,274.90000000000003,274.92,274.92,274.92,274.94,274.94,274.96,274.96,274.96,274.76,274.84000000000003,274.84000000000003,274.86,274.86,274.86,274.88,274.88,274.88,274.90000000000003,274.90000000000003,274.76,274.76,274.78000000000003,274.78000000000003,274.8,274.8,274.8,274.82,274.82,274.84000000000003,274.84000000000003,274.7,274.7,274.72,274.72,274.74,274.74,274.74,274.76,274.76,274.78000000000003,274.78000000000003,274.64,274.64,274.66,274.66,274.66,274.68,274.68,274.7,274.7,274.72,274.72,274.58,274.58,274.58,274.6,274.6,274.62,274.62,274.64,274.64,274.66,274.66,274.5,274.52,274.52,274.54,274.54,274.56,274.56,274.58,274.58,274.58,274.6,274.44,274.46,274.46,274.48,274.48,274.5,274.5,274.5,274.52,274.52,274.54,274.38,274.40000000000003,274.40000000000003,274.42,274.42,274.44,274.44,274.44,274.46,274.46,274.48,274.32,274.34000000000003,274.34000000000003,274.36,274.36,274.36,274.38,274.38,274.40000000000003,274.40000000000003,274.42
2021-08-31 05:00:00,240.88,240.94,241.06,241.12,241.18,241.24,241.28,241.34,241.4,241.46,241.46,240.82,240.94,241.0,241.06,241.12,241.16,241.22,241.28,241.28,241.34,241.38,240.82,240.88,240.94,240.98000000000002,241.04,241.1,241.1,241.16,241.20000000000002,241.26,241.32,240.76,240.8,240.86,240.92000000000002,240.98000000000002,240.98000000000002,241.04,241.08,241.14000000000001,241.20000000000002,241.26,240.68,240.74,240.8,240.8,240.86,240.92000000000002,240.96,241.02,241.08,241.14000000000001,241.20000000000002,240.62,240.62,240.68,240.74,240.8,240.84,240.9,240.96,241.02,241.08,241.12,240.5,240.56,240.6,240.66,240.72,240.78,240.84,240.88,240.94,240.94,241.0,240.44,240.48000000000002,240.54,240.6,240.66,240.72,240.76,240.76,240.82,240.88,240.94,240.36,240.42000000000002,240.48000000000002,240.54,240.6,240.64000000000001,240.64000000000001,240.70000000000002,240.76,240.82,240.88,240.3,240.36,240.42000000000002,240.48000000000002,240.48000000000002,240.52,240.58,240.64000000000001,240.70000000000002,240.76,240.82,240.24,240.3,240.3,240.34,240.4,240.46,240.52,240.58,240.64000000000001,240.68,240.74
2021-06-26 08:00:00,285.18,285.2,285.22,285.22,285.24,285.24,285.26,285.28000000000003,285.28000000000003,285.3,285.3,285.16,285.18,285.18,285.2,285.2,285.24,285.24,285.26,285.26,285.28000000000003,285.28000000000003,285.14,285.16,285.16,285.16,285.2,285.22,285.22,285.24,285.24,285.26,285.26,285.12,285.12,285.14,285.16,285.18,285.2,285.2,285.22,285.22,285.24,285.24,285.1,285.1,285.14,285.14,285.16,285.16,285.18,285.18,285.18,285.2,285.22,285.08,285.1,285.12,285.12,285.14,285.14,285.16,285.16,285.16,285.18,285.2,285.08,285.08,285.1,285.1,285.12,285.12,285.12,285.14,285.14,285.16,285.18,285.06,285.06,285.08,285.08,285.08,285.1,285.1,285.12,285.12,285.14,285.16,285.04,285.04,285.04,285.06,285.06,285.08,285.08,285.1,285.1,285.12,285.12,285.0,285.02,285.02,285.04,285.04,285.06,285.06,285.08,285.08,285.08,285.1,284.98,285.0,285.0,285.02,285.02,285.04,285.04,285.06,285.06,285.06,285.08
2021-03-10 03:00:00,158.52,158.62,158.70000000000002,158.8,158.88,158.98,159.06,159.16,159.16,159.24,159.34,158.56,158.66,158.74,158.84,158.92000000000002,159.02,159.02,159.1,159.20000000000002,159.28,159.38,158.6,158.70000000000002,158.78,158.88,158.88,158.96,159.06,159.14000000000001,159.24,159.32,159.42000000000002,158.66,158.74,158.84,158.84,158.92000000000002,159.0,159.1,159.18,159.28,159.36,159.46,158.70000000000002,158.70000000000002,158.78,158.88,158.96,159.06,159.14000000000001,159.24,159.32,159.42000000000002,159.5,158.66,158.74,158.82,158.92000000000002,159.0,159.1,159.18,159.28,159.36,159.36,159.46,158.68,158.78,158.86,158.96,159.04,159.12,159.22,159.22,159.3,159.4,159.48,158.72,158.82,158.9,159.0,159.08,159.08,159.18,159.26,159.36,159.44,159.54,158.78,158.86,158.94,159.04,159.04,159.12,159.22,159.3,159.4,159.48,159.58,158.82,158.9,158.9,159.0,159.08,159.18,159.26,159.36,159.44,159.54,159.62,158.76,158.86,158.94,159.04,159.12,159.20000000000002,159.3,159.38,159.48,159.56,159.56
2021-10-12 03:00:00,172.04,172.14000000000001,172.22,172.3,172.4,172.48,172.48,172.58,172.66,172.74,172.84,172.06,172.16,172.24,172.32,172.32,172.42000000000002,172.5,172.6,172.68,172.76,172.86,172.1,172.18,172.26,172.26,172.36,172.44,172.52,172.62,172.70000000000002,172.8,172.88,172.12,172.12,172.20000000000002,172.3,172.38,172.46,172.56,172.64000000000001,172.72,172.82,172.9,172.06,172.14000000000001,172.22,172.32,172.4,172.5,172.58,172.66,172.76,172.76,172.84,172.06,172.16,172.24,172.34,172.42000000000002,172.5,172.6,172.6,172.68,172.76,172.86,172.1,172.18,172.26,172.36,172.44,172.44,172.54,172.62,172.70000000000002,172.8,172.88,172.12,172.20000000000002,172.3,172.38,172.38,172.46,172.56,172.64000000000001,172.74,172.82,172.9,172.14000000000001,172.24,172.24,172.32,172.4,172.5,172.58,172.66,172.76,172.84,172.94,172.08,172.16,172.26,172.34,172.42000000000002,172.52,172.6,172.68,172.78,172.86,172.86,172.1,172.20000000000002,172.28,172.36,172.46,172.54,172.62,172.72,172.72,172.8,172.88
2021-10-24 03:00:00,174.04,174.12,174.18,174.26,174.34,174.42000000000002,174.42000000000002,174.5,174.58,174.66,174.74,174.04,174.12,174.20000000000002,174.28,174.28,174.36,174.44,174.52,174.58,174.66,174.74,174.06,174.14000000000001,174.22,174.22,174.3,174.38,174.46,174.54,174.6,174.68,174.76,174.1,174.1,174.16,174.24,174.32,174.4,174.48,174.56,174.62,174.70000000000002,174.78,174.04,174.12,174.18,174.26,174.34,174.42000000000002,174.5,174.58,174.64000000000001,174.64000000000001,174.72,174.04,174.12,174.20000000000002,174.28,174.36,174.42000000000002,174.5,174.5,174.58,174.66,174.74,174.06,174.14000000000001,174.22,174.3,174.38,174.38,174.44,174.52,174.6,174.68,174.76,174.08,174.16,174.24,174.32,174.32,174.4,174.46,174.54,174.62,174.70000000000002,174.78,174.1,174.18,174.18,174.26,174.34,174.42000000000002,174.48,174.56,174.64000000000001,174.72,174.8,174.04,174.12,174.20000000000002,174.28,174.34,174.42000000000002,174.5,174.58,174.66,174.74,174.74,174.06,174.14000000000001,174.22,174.3,174.36,174.44,174.52,174.6,174.6,174.68,174.76
2021-03-01 05:00:00,214.68,214.76,214.82,214.88,214.96,215.02,215.08,215.14000000000001,215.14000000000001,215.20000000000002,215.26,214.68,214.74,214.8,214.86,214.92000000000002,214.98000000000002,214.98000000000002,215.06,215.12,215.18,215.24,214.66,214.72,214.78,214.84,214.9,214.9,214.96,215.02,215.1,215.16,215.22,214.62,214.70000000000002,214.76,214.76,214.82,214.88,214.94,215.0,215.08,215.14000000000001,215.20000000000002,214.6,214.6,214.68,214.74,214.8,214.86,214.92000000000002,214.98000000000002,215.04,215.12,215.18,214.52,214.58,214.64000000000001,214.70000000000002,214.76,214.82,214.9,214.96,215.02,215.02,215.08,214.5,214.56,214.62,214.68,214.74,214.8,214.88,214.88,214.94,215.0,215.06,214.48000000000002,214.54,214.6,214.66,214.72,214.78,214.78,214.86,214.92000000000002,214.98000000000002,215.04,214.46,214.52,214.58,214.64000000000001,214.64000000000001,214.70000000000002,214.76,214.82,214.9,214.96,215.02,214.42000000000002,214.48000000000002,214.48000000000002,214.56,214.62,214.68,214.74,214.8,214.86,214.92000000000002,215.0,214.34,214.4,214.46,214.54,214.6,214.66,214.72,214.78,214.84,214.9,214.9
2021-09-01 03:00:00,152.12,152.26,152.42000000000002,152.56,152.72,152.86,153.02,153.16,153.16,153.32,153.46,152.22,152.36,152.52,152.66,152.8,152.96,152.96,153.1,153.26,153.4,153.56,152.28,152.44,152.58,152.74,152.74,152.88,153.04,153.18,153.32,153.48,153.62,152.38,152.54,152.68,152.68,152.82,152.98,153.12,153.28,153.42000000000002,153.58,153.72,152.48,152.48,152.62,152.78,152.92000000000002,153.06,153.22,153.36,153.52,153.66,153.82,152.42000000000002,152.58,152.72,152.86,153.02,153.16,153.32,153.46,153.6,153.6,153.76,152.5,152.66,152.8,152.94,153.1,153.24,153.4,153.4,153.54,153.70000000000002,153.84,152.6,152.74,152.9,153.04,153.18,153.18,153.34,153.48,153.64000000000001,153.78,153.94,152.70000000000002,152.84,152.98,153.14000000000001,153.14000000000001,153.28,153.42000000000002,153.58,153.72,153.88,154.02,152.78,152.94,152.94,153.08,153.22,153.38,153.52,153.66,153.82,153.96,154.12,152.72,152.86,153.0,153.16,153.3,153.44,153.6,153.74,153.88,154.04,154.04
2021-08-20 02:00:00,110.26,110.22,110.26,110.32000000000001,110.38,110.42,110.48,110.52,110.58,110.64,110.64,110.26,110.32000000000001,110.36,110.42,110.46000000000001,110.52,110.58,110.62,110.62,110.68,110.72,110.36,110.4,110.46000000000001,110.52,110.56,110.62,110.62,110.66,110.72,110.78,110.82000000000001,110.44,110.5,110.54,110.60000000000001,110.60000000000001,110.66,110.7,110.76,110.82000000000001,110.86,110.92,110.54,110.60000000000001,110.64,110.64,110.7,110.74000000000001,110.8,110.86,110.9,110.96000000000001,111.02,110.64,110.64,110.68,110.74000000000001,110.8,110.84,110.9,110.96000000000001,111.0,111.06,111.12,110.68,110.74000000000001,110.78,110.84,110.88,110.94,111.0,111.04,111.10000000000001,111.10000000000001,111.16,110.78,110.82000000000001,110.88,110.92,110.98,111.04,111.08,111.08,111.14,111.2,111.24000000000001,110.86,110.92,110.98,111.02,111.08,111.08,111.12,111.18,111.24000000000001,111.28,111.34,110.96000000000001,111.02,111.06,111.12,111.12,111.18,111.22,111.28,111.34,111.38,111.44,111.06,111.10000000000001,111.10000000000001,111.16,111.22,111.26,111.32000000000001,111.38,111.42,111.48,111.54
2021-10-29 05:00:00,218.44,218.48000000000002,218.56,218.62,218.66,218.70000000000002,218.76,218.8,218.86,218.86,218.9,218.42000000000002,218.48000000000002,218.54,218.58,218.64000000000001,218.68,218.74,218.74,218.78,218.84,218.88,218.42000000000002,218.48000000000002,218.52,218.56,218.62,218.66,218.66,218.72,218.76,218.82,218.86,218.4,218.46,218.5,218.56,218.56,218.6,218.64000000000001,218.70000000000002,218.74,218.8,218.84,218.38,218.44,218.44,218.48000000000002,218.54,218.58,218.64000000000001,218.68,218.72,218.78,218.82,218.32,218.36,218.42000000000002,218.46,218.52,218.56,218.62,218.66,218.70000000000002,218.76,218.76,218.3,218.34,218.4,218.44,218.5,218.54,218.6,218.64000000000001,218.64000000000001,218.70000000000002,218.74,218.28,218.34,218.38,218.44,218.48000000000002,218.52,218.58,218.58,218.62,218.68,218.72,218.26,218.32,218.36,218.42000000000002,218.46,218.46,218.52,218.56,218.6,218.66,218.70000000000002,218.24,218.3,218.34,218.34,218.38,218.44,218.48000000000002,218.54,218.58,218.64000000000001,218.68,218.22,218.22,218.28,218.32,218.38,218.42000000000002,218.48000000000002,218.52,218.56,218.62,218.66
2021-06-23 02:00:00,82.58,82.48,82.48,82.5,82.5,82.5,82.52,82.52,82.52,82.52,82.52,82.58,82.58,82.60000000000001,82.60000000000001,82.60000000000001,82.62,82.62,82.62,82.62,82.64,82.64,82.68,82.7,82.7,82.7,82.72,82.72,82.72,82.72,82.74,82.74,82.74,82.8,82.8,82.8,82.82000000000001,82.82000000000001,82.82000000000001,82.82000000000001,82.84,82.84,82.84,82.86,82.9,82.9,82.92,82.92,82.92,82.94,82.94,82.94,82.96000000000001,82.96000000000001,82.96000000000001,83.0,83.0,83.02,83.02,83.04,83.04,83.04,83.06,83.06,83.06,83.08,83.10000000000001,83.12,83.12,83.14,83.14,83.14,83.16,83.16,83.18,83.18,83.18,83.22,83.22,83.24,83.24,83.24,83.26,83.26,83.26,83.28,83.28,83.28,83.32000000000001,83.34,83.34,83.34,83.36,83.36,83.36,83.38,83.38,83.4,83.4,83.44,83.44,83.44,83.46000000000001,83.46000000000001,83.46000000000001,83.48,83.48,83.5,83.5,83.5,83.54,83.56,83.56,83.56,83.56,83.58,83.58,83.60000000000001,83.60000000000001,83.62,83.62
2021-05-14 03:00:00,120.08,119.96000000000001,120.16,120.34,120.54,120.74000000000001,120.94,121.14,121.36,121.56,121.56,120.08,120.28,120.48,120.68,120.88,121.08,121.28,121.48,121.48,121.68,121.9,120.42,120.60000000000001,120.8,121.0,121.2,121.4,121.4,121.60000000000001,121.82000000000001,122.02,122.24000000000001,120.7,120.9,121.10000000000001,121.3,121.3,121.5,121.7,121.9,122.12,122.32000000000001,122.54,121.02,121.22,121.42,121.42,121.62,121.82000000000001,122.02,122.24000000000001,122.44,122.66,122.86,121.34,121.34,121.54,121.74000000000001,121.94,122.14,122.36,122.56,122.76,122.98,123.2,121.46000000000001,121.66,121.86,122.06,122.26,122.46000000000001,122.68,122.88,123.10000000000001,123.10000000000001,123.3,121.76,121.96000000000001,122.16,122.36,122.56,122.78,122.98,122.98,123.2,123.4,123.62,122.08,122.28,122.48,122.68,122.88,122.88,123.10000000000001,123.3,123.52,123.72,123.94,122.4,122.60000000000001,122.8,123.0,123.0,123.2,123.42,123.62,123.84,124.04,124.26,122.7,122.9,122.9,123.10000000000001,123.32000000000001,123.52,123.72,123.94,124.16,124.36,124.58
2021-06-27 00:00:00,77.94,77.94,77.96000000000001,77.96000000000001,77.98,77.98,78.0,78.0,78.0,78.02,78.02,77.96000000000001,77.98,77.98,78.0,78.0,78.02,78.02,78.04,78.04,78.06,78.06,78.0,78.02,78.02,78.04,78.04,78.04,78.06,78.06,78.08,78.08,78.10000000000001,78.04,78.06,78.06,78.06,78.08,78.08,78.10000000000001,78.10000000000001,78.12,78.12,78.14,78.08,78.08,78.08,78.10000000000001,78.12,78.12,78.14,78.14,78.16,78.16,78.18,78.10000000000001,78.12,78.12,78.14,78.14,78.16,78.18,78.18,78.2,78.2,78.2,78.14,78.16,78.16,78.18,78.18,78.2,78.2,78.2,78.22,78.24,78.24,78.18,78.2,78.2,78.22,78.22,78.22,78.24,78.24,78.26,78.26,78.28,78.22,78.22,78.24,78.24,78.26,78.26,78.28,78.28,78.3,78.3,78.32000000000001,78.26,78.26,78.26,78.28,78.28,78.3,78.32000000000001,78.32000000000001,78.34,78.34,78.36,78.28,78.3,78.3,78.32000000000001,78.32000000000001,78.34,78.34,78.36,78.38,78.38,78.38
2021-09-24 06:00:00,244.52,244.56,244.56,244.58,244.66,244.68,244.72,244.76,244.78,244.82,244.86,244.46,244.48000000000002,244.52,244.58,244.62,244.66,244.68,244.72,244.76,244.78,244.78,244.42000000000002,244.46,244.52,244.56,244.58,244.62,244.66,244.68,244.68,244.72,244.76,244.38,244.46,244.48000000000002,244.52,244.56,244.58,244.62,244.62,244.66,244.68,244.72,244.38,244.42000000000002,244.46,244.5,244.52,244.52,244.56,244.6,244.62,244.66,244.70000000000002,244.36,244.4,244.42000000000002,244.42000000000002,244.46,244.5,244.52,244.56,244.6,244.62,244.66,244.32,244.32,244.36,244.4,244.42000000000002,244.46,244.5,244.52,244.56,244.6,244.62,244.26,244.3,244.32,244.36,244.4,244.42000000000002,244.46,244.5,244.52,244.52,244.56,244.22,244.26,244.3,244.32,244.36,244.4,244.44,244.46,244.46,244.5,244.54,244.20000000000002,244.22,244.26,244.3,244.34,244.36,244.36,244.4,244.44,244.46,244.5,244.16,244.20000000000002,244.22,244.26,244.26,244.3,244.32,244.36,244.4,244.44,244.46
2021-08-31 02:00:00,118.92,118.98,119.04,119.10000000000001,119.16,119.22,119.3,119.36,119.36,119.42,119.48,119.0,119.08,119.14,119.2,119.26,119.32000000000001,119.32000000000001,119.38,119.44,119.5,119.56,119.08,119.14,119.22,119.28,119.28,119.34,119.4,119.46000000000001,119.52,119.58,119.64,119.18,119.24000000000001,119.3,119.3,119.36,119.42,119.48,119.54,119.60000000000001,119.66,119.74000000000001,119.26,119.26,119.32000000000001,119.38,119.44,119.5,119.56,119.64,119.7,119.76,119.82000000000001,119.28,119.34,119.4,119.48,119.54,119.60000000000001,119.66,119.72,119.78,119.78,119.84,119.36,119.42,119.5,119.56,119.62,119.68,119.74000000000001,119.74000000000001,119.8,119.86,119.92,119.46000000000001,119.52,119.58,119.64,119.7,119.7,119.76,119.82000000000001,119.88,119.96000000000001,120.02,119.54,119.60000000000001,119.66,119.72,119.72,119.78,119.86,119.92,119.98,120.04,120.10000000000001,119.62,119.68,119.68,119.76,119.82000000000001,119.88,119.94,120.0,120.06,120.12,120.2,119.64,119.7,119.76,119.82000000000001,119.9,119.96000000000001,120.02,120.08,120.14,120.2,120.2
2021-02-16 05:00:00,210.14000000000001,210.22,210.28,210.34,210.4,210.44,210.5,210.56,210.56,210.62,210.68,210.14000000000001,210.20000000000002,210.26,210.32,210.38,210.44,210.44,210.48000000000002,210.54,210.6,210.66,210.12,210.18,210.24,210.3,210.36,210.36,210.42000000000002,210.48000000000002,210.54,210.6,210.66,210.1,210.16,210.22,210.22,210.28,210.34,210.4,210.46,210.52,210.58,210.64000000000001,210.1,210.1,210.14000000000001,210.20000000000002,210.26,210.32,210.38,210.44,210.5,210.56,210.62,210.0,210.06,210.12,210.18,210.24,210.3,210.36,210.42000000000002,210.48000000000002,210.48000000000002,210.54,210.0,210.06,210.12,210.18,210.24,210.3,210.34,210.34,210.4,210.46,210.52,209.98000000000002,210.04,210.1,210.16,210.22,210.28,210.28,210.34,210.4,210.46,210.52,209.96,210.02,210.08,210.14000000000001,210.14000000000001,210.20000000000002,210.26,210.32,210.38,210.44,210.5,209.94,210.0,210.0,210.06,210.12,210.18,210.24,210.3,210.36,210.42000000000002,210.48000000000002,209.88,209.94,210.0,210.06,210.12,210.18,210.22,210.28,210.34,210.4,210.4
2021-10-11 03:00:00,171.82,171.92000000000002,172.0,172.08,172.18,172.26,172.26,172.36,172.44,172.54,172.62,171.84,171.94,172.02,172.1,172.1,172.20000000000002,172.28,172.38,172.46,172.56,172.64000000000001,171.86,171.96,172.04,172.04,172.14000000000001,172.22,172.32,172.4,172.48,172.58,172.66,171.9,171.9,171.98,172.08,172.16,172.24,172.34,172.42000000000002,172.52,172.6,172.70000000000002,171.84,171.92000000000002,172.0,172.1,172.18,172.28,172.36,172.46,172.54,172.54,172.62,171.84,171.94,172.02,172.12,172.20000000000002,172.28,172.38,172.38,172.46,172.56,172.64000000000001,171.88,171.96,172.04,172.14000000000001,172.22,172.22,172.32,172.4,172.5,172.58,172.66,171.9,171.98,172.08,172.16,172.16,172.26,172.34,172.42000000000002,172.52,172.6,172.70000000000002,171.92000000000002,172.02,172.02,172.1,172.20000000000002,172.28,172.36,172.46,172.54,172.64000000000001,172.72,171.86,171.94,172.04,172.12,172.20000000000002,172.3,172.38,172.48,172.56,172.66,172.66,171.88,171.98,172.06,172.14000000000001,172.24,172.32,172.42000000000002,172.5,172.5,172.58,172.68
2021-04-18 01:00:00,101.68,101.7,101.74000000000001,101.76,101.8,101.82000000000001,101.86,101.88,101.92,101.92,101.94,101.74000000000001,101.76,101.8,101.82000000000001,101.84,101.88,101.9,101.9,101.94,101.96000000000001,102.0,101.78,101.82000000000001,101.84,101.88,101.9,101.9,101.94,101.96000000000001,102.0,102.02,102.06,101.84,101.88,101.9,101.9,101.94,101.96000000000001,102.0,102.02,102.06,102.08,102.12,101.9,101.94,101.94,101.96000000000001,102.0,102.02,102.06,102.08,102.12,102.14,102.18,101.94,101.96000000000001,102.0,102.02,102.06,102.08,102.12,102.14,102.18,102.2,102.2,101.98,102.02,102.04,102.08,102.10000000000001,102.14,102.18,102.2,102.2,102.24000000000001,102.26,102.04,102.08,102.10000000000001,102.14,102.16,102.2,102.2,102.22,102.26,102.28,102.32000000000001,102.10000000000001,102.14,102.16,102.2,102.2,102.22,102.26,102.28,102.32000000000001,102.34,102.38,102.16,102.2,102.22,102.22,102.26,102.28,102.32000000000001,102.34,102.38,102.4,102.44,102.22,102.22,102.26,102.28,102.32000000000001,102.34,102.38,102.4,102.44,102.46000000000001,102.5
2021-03-12 05:00:00,219.96,220.04,220.12,220.20000000000002,220.26,220.32,220.38,220.46,220.52,220.58,220.58,219.94,220.04,220.1,220.16,220.22,220.3,220.36,220.42000000000002,220.42000000000002,220.48000000000002,220.56,219.94,220.0,220.06,220.12,220.20000000000002,220.26,220.26,220.32,220.38,220.46,220.52,219.9,219.96,220.04,220.1,220.16,220.16,220.22,220.3,220.36,220.42000000000002,220.48000000000002,219.88,219.94,220.0,220.0,220.06,220.14000000000001,220.20000000000002,220.26,220.32,220.4,220.46,219.84,219.84,219.9,219.98000000000002,220.04,220.1,220.16,220.24,220.3,220.36,220.42000000000002,219.74,219.8,219.86,219.94,220.0,220.06,220.14000000000001,220.20000000000002,220.26,220.26,220.32,219.70000000000002,219.78,219.84,219.9,219.98000000000002,220.04,220.1,220.1,220.16,220.24,220.3,219.68,219.74,219.8,219.88,219.94,220.0,220.0,220.08,220.14000000000001,220.20000000000002,220.26,219.64000000000001,219.72,219.78,219.84,219.84,219.92000000000002,219.98000000000002,220.04,220.1,220.18,220.24,219.62,219.68,219.68,219.74,219.82,219.88,219.94,220.0,220.08,220.14000000000001,220.20000000000002
2021-06-22 06:00:00,279.2,279.2,279.2,279.26,279.26,279.28000000000003,279.28000000000003,279.28000000000003,279.28000000000003,279.3,279.3,279.12,279.14,279.2,279.2,279.2,279.22,279.22,279.22,279.22,279.24,279.24,279.06,279.14,279.14,279.14,279.14,279.16,279.16,279.16,279.16,279.18,279.18,279.06,279.08,279.08,279.08,279.08,279.1,279.1,279.1,279.1,279.12,279.12,279.0,279.02,279.02,279.02,279.04,279.04,279.04,279.04,279.04,279.06,279.06,278.94,278.96,278.96,278.96,278.96,278.98,278.98,278.98,278.98,279.0,279.0,278.88,278.88,278.90000000000003,278.90000000000003,278.90000000000003,278.92,278.92,278.92,278.92,278.94,278.94,278.82,278.82,278.84000000000003,278.84000000000003,278.84000000000003,278.86,278.86,278.86,278.86,278.86,278.88,278.76,278.76,278.78000000000003,278.78000000000003,278.78000000000003,278.8,278.8,278.8,278.8,278.82,278.82,278.7,278.7,278.72,278.72,278.72,278.74,278.74,278.74,278.74,278.76,278.76,278.64,278.64,278.66,278.66,278.66,278.66,278.68,278.68,278.68,278.7,278.7
2021-02-12 06:00:00,225.88,225.92000000000002,225.98000000000002,226.02,226.06,226.1,226.16,226.20000000000002,226.20000000000002,226.24,226.28,225.86,225.92000000000002,225.96,226.0,226.06,226.1,226.14000000000001,226.14000000000001,226.18,226.22,226.26,225.86,225.9,225.96,226.0,226.04,226.04,226.08,226.12,226.16,226.20000000000002,226.24,225.86,225.9,225.94,225.94,225.98000000000002,226.02,226.06,226.1,226.14000000000001,226.18,226.22,225.82,225.82,225.86,225.92000000000002,225.96,226.0,226.04,226.08,226.12,226.16,226.20000000000002,225.76,225.82,225.86,225.9,225.94,225.98000000000002,226.02,226.06,226.1,226.1,226.14000000000001,225.76,225.8,225.84,225.88,225.92000000000002,225.96,226.0,226.04,226.04,226.08,226.12,225.74,225.78,225.82,225.86,225.9,225.94,225.94,225.98000000000002,226.02,226.06,226.1,225.70000000000002,225.76,225.8,225.84,225.84,225.88,225.92000000000002,225.96,226.0,226.04,226.08,225.70000000000002,225.74,225.74,225.78,225.82,225.86,225.9,225.94,225.98000000000002,226.02,226.06,225.64000000000001,225.68,225.72,225.76,225.8,225.84,225.88,225.92000000000002,225.96,226.0,226.0
2021-09-08 03:00:00,157.48,157.62,157.76,157.88,158.02,158.16,158.3,158.44,158.44,158.58,158.72,157.56,157.68,157.82,157.96,158.1,158.24,158.24,158.38,158.5,158.64000000000001,158.78,157.6,157.74,157.88,158.02,158.02,158.16,158.28,158.42000000000002,158.56,158.70000000000002,158.84,157.68,157.82,157.96,157.96,158.08,158.22,158.36,158.5,158.64000000000001,158.78,158.9,157.76,157.76,157.88,158.02,158.16,158.3,158.44,158.56,158.70000000000002,158.84,158.98,157.70000000000002,157.82,157.96,158.1,158.24,158.36,158.5,158.64000000000001,158.78,158.78,158.92000000000002,157.76,157.88,158.02,158.16,158.3,158.42000000000002,158.56,158.56,158.70000000000002,158.84,158.98,157.82,157.96,158.1,158.24,158.36,158.36,158.5,158.64000000000001,158.78,158.92000000000002,159.04,157.9,158.04,158.16,158.3,158.3,158.44,158.58,158.70000000000002,158.84,158.98,159.12,157.98,158.1,158.1,158.24,158.38,158.5,158.64000000000001,158.78,158.92000000000002,159.06,159.18,157.88,158.02,158.16,158.3,158.42000000000002,158.56,158.70000000000002,158.84,158.96,159.1,159.1
2021-04-09 06:00:00,253.48000000000002,253.48000000000002,253.52,253.6,253.62,253.66,253.68,253.72,253.74,253.78,253.8,253.42000000000002,253.44,253.52,253.54,253.58,253.6,253.64000000000001,253.66,253.70000000000002,253.70000000000002,253.72,253.36,253.44,253.48000000000002,253.5,253.54,253.56,253.6,253.6,253.62,253.66,253.68,253.36,253.4,253.42000000000002,253.46,253.48000000000002,253.52,253.52,253.54,253.58,253.6,253.64000000000001,253.32,253.36,253.38,253.42000000000002,253.42000000000002,253.44,253.48000000000002,253.5,253.54,253.56,253.6,253.28,253.32,253.32,253.34,253.38,253.4,253.44,253.46,253.5,253.52,253.56,253.20000000000002,253.24,253.26000000000002,253.3,253.32,253.36,253.38,253.42000000000002,253.44,253.48000000000002,253.48000000000002,253.16,253.18,253.22,253.24,253.28,253.3,253.34,253.38,253.38,253.4,253.44,253.12,253.14000000000001,253.18,253.20000000000002,253.24,253.26000000000002,253.3,253.3,253.32,253.36,253.38,253.08,253.1,253.14000000000001,253.16,253.20000000000002,253.20000000000002,253.22,253.26000000000002,253.28,253.32,253.34,253.02,253.06,253.08,253.08,253.12,253.14000000000001,253.18,253.20000000000002,253.24,253.26000000000002,253.3
2021-03-27 07:00:00,255.92000000000002,255.94,255.96,255.96,255.98000000000002,256.04,256.06,256.08,256.1,256.12,256.16,255.88,255.88,255.92000000000002,255.94,255.98000000000002,256.02,256.04,256.06,256.08,256.1,256.12,255.84,255.86,255.88,255.94,255.96,255.98000000000002,256.0,256.04,256.06,256.06,256.08,255.82,255.84,255.88,255.92000000000002,255.94,255.96,255.98000000000002,256.0,256.0,256.02,256.06,255.78,255.84,255.86,255.88,255.9,255.94,255.94,255.96,255.98000000000002,256.0,256.02,255.78,255.82,255.84,255.86,255.86,255.88,255.9,255.94,255.96,255.98000000000002,256.0,255.76000000000002,255.78,255.78,255.8,255.84,255.86,255.88,255.9,255.92000000000002,255.94,255.98000000000002,255.72,255.74,255.76000000000002,255.78,255.8,255.82,255.86,255.88,255.9,255.92000000000002,255.92000000000002,255.68,255.70000000000002,255.74,255.76000000000002,255.78,255.8,255.82,255.86,255.88,255.88,255.9,255.66,255.68,255.70000000000002,255.74,255.76000000000002,255.78,255.8,255.8,255.82,255.86,255.88,255.64000000000001,255.66,255.68,255.70000000000002,255.72,255.72,255.76000000000002,255.78,255.8,255.82,255.84
2021-06-26 07:00:00,281.8,281.8,281.82,281.82,281.86,281.86,281.88,281.88,281.88,281.90000000000003,281.90000000000003,281.76,281.76,281.76,281.82,281.82,281.82,281.84000000000003,281.84000000000003,281.86,281.86,281.86,281.72,281.72,281.76,281.78000000000003,281.78000000000003,281.8,281.8,281.8,281.82,281.82,281.82,281.68,281.72,281.74,281.74,281.74,281.76,281.76,281.76,281.78000000000003,281.78000000000003,281.78000000000003,281.68,281.68,281.7,281.7,281.72,281.72,281.72,281.72,281.74,281.74,281.76,281.64,281.66,281.66,281.66,281.66,281.68,281.68,281.7,281.7,281.72,281.72,281.6,281.62,281.62,281.62,281.64,281.64,281.66,281.66,281.66,281.68,281.68,281.56,281.58,281.58,281.58,281.6,281.6,281.62,281.62,281.64,281.64,281.64,281.52,281.54,281.54,281.56,281.56,281.56,281.58,281.58,281.58,281.6,281.6,281.5,281.5,281.5,281.52,281.52,281.54,281.54,281.54,281.56,281.56,281.56,281.46,281.46,281.48,281.48,281.5,281.5,281.5,281.5,281.52,281.52,281.54
2021-04-18 05:00:00,245.84,245.88,246.0,246.06,246.12,246.16,246.22,246.26000000000002,246.32,246.36,246.36,245.76,245.88,245.94,245.98000000000002,246.04,246.08,246.14000000000001,246.18,246.18,246.24,246.28,245.76,245.8,245.86,245.9,245.96,246.02,246.02,246.06,246.12,246.16,246.22,245.68,245.74,245.78,245.84,245.88,245.88,245.94,245.98000000000002,246.04,246.1,246.14000000000001,245.62,245.66,245.72,245.72,245.76,245.82,245.86,245.92000000000002,245.96,246.02,246.06,245.54,245.54,245.58,245.64000000000001,245.70000000000002,245.74,245.8,245.84,245.9,245.94,246.0,245.4,245.46,245.5,245.56,245.62,245.66,245.72,245.76,245.82,245.82,245.86,245.34,245.38,245.44,245.48000000000002,245.54,245.6,245.64000000000001,245.64000000000001,245.70000000000002,245.74,245.8,245.26,245.32,245.36,245.42000000000002,245.46,245.52,245.52,245.58,245.62,245.68,245.72,245.18,245.24,245.3,245.34,245.34,245.4,245.44,245.5,245.56,245.6,245.66,245.12,245.16,245.16,245.22,245.26,245.32,245.38,245.42000000000002,245.48000000000002,245.52,245.58
2021-03-13 04:00:00,192.02,192.12,192.22,192.32,192.42000000000002,192.52,192.62,192.72,192.82,192.82,192.92000000000002,192.02,192.12,192.22,192.32,192.42000000000002,192.52,192.62,192.62,192.72,192.82,192.92000000000002,192.02,192.12,192.22,192.32,192.42000000000002,192.42000000000002,192.52,192.62,192.72,192.82,192.92000000000002,192.02,192.12,192.22,192.32,192.32,192.42000000000002,192.52,192.62,192.72,192.82,192.92000000000002,192.02,192.12,192.12,192.22,192.32,192.42000000000002,192.52,192.62,192.72,192.82,192.92000000000002,191.92000000000002,192.02,192.12,192.22,192.32,192.42000000000002,192.52,192.62,192.72,192.82,192.82,191.9,192.0,192.1,192.20000000000002,192.3,192.4,192.5,192.6,192.6,192.70000000000002,192.8,191.92000000000002,192.0,192.1,192.20000000000002,192.3,192.4,192.4,192.5,192.6,192.70000000000002,192.8,191.92000000000002,192.02,192.1,192.20000000000002,192.3,192.3,192.4,192.5,192.6,192.70000000000002,192.8,191.92000000000002,192.02,192.1,192.1,192.20000000000002,192.3,192.4,192.5,192.6,192.70000000000002,192.8,191.9,191.9,192.0,192.1,192.20000000000002,192.3,192.4,192.5,192.6,192.70000000000002,192.8
2021-05-13 06:00:00,271.0,271.02,271.02,271.02,271.1,271.1,271.12,271.14,271.14,271.16,271.18,270.94,270.94,270.96,271.02,271.04,271.06,271.06,271.08,271.1,271.1,271.12,270.88,270.88,270.96,270.98,270.98,271.0,271.02,271.02,271.04,271.04,271.06,270.82,270.88,270.9,270.92,270.94,270.94,270.96,270.96,270.98,270.98,271.0,270.82,270.84000000000003,270.84000000000003,270.86,270.88,270.9,270.9,270.9,270.92,270.94,270.94,270.76,270.78000000000003,270.8,270.8,270.8,270.82,270.84000000000003,270.86,270.86,270.88,270.9,270.72,270.72,270.72,270.74,270.76,270.76,270.78000000000003,270.8,270.82,270.82,270.84000000000003,270.64,270.66,270.66,270.68,270.7,270.72,270.72,270.74,270.76,270.78000000000003,270.78000000000003,270.58,270.6,270.62,270.64,270.64,270.66,270.68,270.68,270.68,270.7,270.72,270.54,270.54,270.56,270.58,270.6,270.6,270.62,270.62,270.64,270.66,270.66,270.48,270.5,270.5,270.52,270.54,270.54,270.56,270.56,270.58,270.6,270.62
2021-07-19 06:00:00,274.24,274.26,274.26,274.32,274.34000000000003,274.34000000000003,274.36,274.36,274.38,274.38,274.40000000000003,274.18,274.18,274.26,274.26,274.28000000000003,274.28000000000003,274.3,274.3,274.32,274.32,274.32,274.12,274.18,274.2,274.2,274.22,274.22,274.24,274.24,274.24,274.26,274.26,274.12,274.12,274.14,274.14,274.16,274.16,274.16,274.18,274.18,274.2,274.2,274.06,274.06,274.08,274.08,274.1,274.1,274.1,274.12,274.12,274.14,274.14,274.0,274.0,274.02,274.02,274.02,274.04,274.04,274.06,274.06,274.08,274.08,273.94,273.94,273.94,273.96,273.96,273.98,273.98,274.0,274.0,274.02,274.02,273.86,273.86,273.88,273.90000000000003,273.90000000000003,273.92,273.92,273.94,273.94,273.94,273.96,273.8,273.8,273.82,273.84000000000003,273.84000000000003,273.86,273.86,273.86,273.88,273.88,273.90000000000003,273.74,273.74,273.76,273.78000000000003,273.78000000000003,273.8,273.8,273.8,273.82,273.82,273.84000000000003,273.68,273.68,273.7,273.7,273.7,273.72,273.74,273.74,273.76,273.76,273.78000000000003
2021-05-11 04:00:00,242.64000000000001,242.64000000000001,242.98000000000002,243.1,243.22,243.36,243.48000000000002,243.6,243.72,243.84,243.96,242.32,242.64000000000001,242.78,242.9,243.02,243.14000000000001,243.28,243.4,243.52,243.52,243.64000000000001,242.32,242.44,242.56,242.70000000000002,242.82,242.94,243.06,243.06,243.20000000000002,243.32,243.44,242.1,242.22,242.34,242.48000000000002,242.6,242.6,242.72,242.84,242.98000000000002,243.1,243.22,241.88,242.02,242.14000000000001,242.28,242.28,242.4,242.52,242.66,242.78,242.9,243.02,241.68,241.82,241.82,241.94,242.08,242.20000000000002,242.32,242.46,242.58,242.70000000000002,242.82,241.36,241.48000000000002,241.62,241.74,241.88,242.0,242.12,242.26,242.38,242.5,242.5,241.14000000000001,241.28,241.4,241.54,241.66,241.8,241.92000000000002,242.04,242.04,242.18,242.3,240.94,241.08,241.20000000000002,241.34,241.46,241.6,241.6,241.72,241.86,241.98000000000002,242.1,240.74,240.88,241.02,241.14000000000001,241.28,241.28,241.4,241.54,241.66,241.78,241.92000000000002,240.56,240.68,240.82,240.82,240.94,241.08,241.20000000000002,241.34,241.46,241.6,241.72
2021-07-03 04:00:00,276.94,276.94,277.28000000000003,277.24,277.2,277.16,277.12,277.08,277.04,277.0,276.96,276.58,276.94,276.90000000000003,276.86,276.82,276.78000000000003,276.74,276.7,276.66,276.66,276.62,276.58,276.54,276.5,276.46,276.42,276.40000000000003,276.36,276.36,276.32,276.28000000000003,276.24,276.2,276.16,276.12,276.08,276.04,276.04,276.02,275.98,275.94,275.92,275.88,275.8,275.76,275.72,275.7,275.7,275.66,275.64,275.6,275.56,275.54,275.5,275.40000000000003,275.38,275.38,275.34000000000003,275.3,275.28000000000003,275.26,275.22,275.2,275.16,275.14,275.04,275.0,274.98,274.96,274.92,274.90000000000003,274.86,274.84000000000003,274.82,274.8,274.8,274.64,274.62,274.58,274.56,274.54,274.52,274.48,274.46,274.46,274.44,274.42,274.24,274.22,274.2,274.18,274.16,274.14,274.14,274.1,274.08,274.06,274.04,273.86,273.82,273.8,273.78000000000003,273.76,273.76,273.74,273.72,273.7,273.7,273.68,273.46,273.44,273.42,273.42,273.40000000000003,273.38,273.36,273.34000000000003,273.34000000000003,273.32,273.3
2021-07-24 03:00:00,104.94,104.76,104.84,104.94,105.04,105.14,105.22,105.32000000000001,105.42,105.52,105.52,104.94,105.02,105.12,105.22,105.32000000000001,105.42,105.52,105.62,105.62,105.72,105.82000000000001,105.2,105.3,105.4,105.5,105.60000000000001,105.7,105.7,105.8,105.9,106.0,106.10000000000001,105.48,105.56,105.66,105.76,105.76,105.86,105.96000000000001,106.06,106.16,106.26,106.38,105.74000000000001,105.84,105.94,105.94,106.04,106.14,106.24000000000001,106.34,106.46000000000001,106.56,106.66,106.02,106.02,106.12,106.22,106.32000000000001,106.42,106.52,106.64,106.74000000000001,106.84,106.94,106.2,106.3,106.4,106.5,106.60000000000001,106.7,106.8,106.92,107.02,107.02,107.12,106.46000000000001,106.56,106.66,106.76,106.88,106.98,107.08,107.08,107.18,107.3,107.4,106.74000000000001,106.84,106.94,107.04,107.16,107.16,107.26,107.36,107.48,107.58,107.68,107.02,107.12,107.22,107.32000000000001,107.32000000000001,107.42,107.54,107.64,107.76,107.86,107.98,107.28,107.38,107.38,107.5,107.60000000000001,107.7,107.82000000000001,107.92,108.04,108.14,108.26
2021-04-15 01:00:00,103.22,103.24000000000001,103.28,103.3,103.34,103.36,103.4,103.4,103.42,103.46000000000001,103.5,103.28,103.3,103.34,103.36,103.4,103.4,103.42,103.46000000000001,103.48,103.52,103.54,103.32000000000001,103.36,103.38,103.38,103.42,103.44,103.48,103.5,103.54,103.58,103.60000000000001,103.38,103.42,103.42,103.44,103.48,103.5,103.54,103.56,103.60000000000001,103.64,103.66,103.4,103.44,103.46000000000001,103.5,103.54,103.56,103.60000000000001,103.62,103.66,103.68,103.68,103.46000000000001,103.5,103.52,103.56,103.58,103.62,103.66,103.68,103.68,103.72,103.74000000000001,103.52,103.56,103.58,103.62,103.64,103.68,103.68,103.7,103.74000000000001,103.78,103.8,103.58,103.60000000000001,103.64,103.68,103.68,103.7,103.74000000000001,103.76,103.8,103.82000000000001,103.86,103.64,103.66,103.7,103.7,103.72,103.76,103.8,103.82000000000001,103.86,103.88,103.92,103.7,103.7,103.72,103.76,103.78,103.82000000000001,103.84,103.88,103.92,103.94,103.98,103.72,103.74000000000001,103.78,103.8,103.84,103.88,103.9,103.94,103.96000000000001,103.96000000000001,104.0
2021-04-20 02:00:00,113.4,113.46000000000001,113.52,113.58,113.64,113.7,113.74000000000001,113.8,113.8,113.86,113.92,113.5,113.56,113.62,113.68,113.74000000000001,113.78,113.78,113.84,113.9,113.96000000000001,114.02,113.60000000000001,113.64,113.7,113.76,113.76,113.82000000000001,113.88,113.94,114.0,114.06,114.12,113.68,113.74000000000001,113.8,113.8,113.86,113.92,113.98,114.04,114.10000000000001,114.16,114.22,113.78,113.78,113.84,113.9,113.96000000000001,114.02,114.08,114.14,114.2,114.24000000000001,114.3,113.82000000000001,113.88,113.94,114.0,114.06,114.12,114.18,114.22,114.28,114.28,114.34,113.92,113.98,114.04,114.08,114.14,114.2,114.26,114.26,114.32000000000001,114.38,114.44,114.02,114.06,114.12,114.18,114.24000000000001,114.24000000000001,114.3,114.36,114.42,114.48,114.54,114.10000000000001,114.16,114.22,114.28,114.28,114.34,114.4,114.46000000000001,114.52,114.58,114.64,114.2,114.26,114.26,114.32000000000001,114.38,114.44,114.5,114.56,114.62,114.68,114.74000000000001,114.24000000000001,114.3,114.36,114.4,114.46000000000001,114.52,114.58,114.64,114.7,114.76,114.76
2021-10-21 04:00:00,199.74,199.82,199.9,199.96,200.04,200.12,200.18,200.26,200.26,200.32,200.4,199.74,199.82,199.88,199.96,200.02,200.1,200.1,200.18,200.24,200.32,200.38,199.74,199.8,199.88,199.96,200.02,200.02,200.1,200.16,200.24,200.3,200.38,199.72,199.8,199.88,199.88,199.94,200.02,200.08,200.16,200.22,200.3,200.38,199.72,199.72,199.8,199.86,199.94,200.0,200.08,200.16,200.22,200.3,200.36,199.64000000000001,199.70000000000002,199.78,199.84,199.92000000000002,200.0,200.06,200.14000000000001,200.20000000000002,200.20000000000002,200.28,199.62,199.70000000000002,199.76,199.84,199.92000000000002,199.98000000000002,200.06,200.06,200.12,200.20000000000002,200.26,199.62,199.70000000000002,199.76,199.84,199.9,199.98000000000002,199.98000000000002,200.04,200.12,200.20000000000002,200.26,199.62,199.68,199.76,199.82,199.82,199.9,199.98000000000002,200.04,200.12,200.18,200.26,199.6,199.68,199.68,199.74,199.82,199.88,199.96,200.02,200.1,200.18,200.24,199.52,199.6,199.66,199.74,199.8,199.88,199.96,200.02,200.1,200.16,200.16
2021-09-06 00:00:00,99.42,99.44,99.46000000000001,99.48,99.5,99.5,99.52,99.56,99.58,99.60000000000001,99.62,99.44,99.48,99.5,99.5,99.52,99.54,99.56,99.58,99.62,99.64,99.66,99.48,99.48,99.5,99.52,99.54,99.58,99.60000000000001,99.62,99.64,99.66,99.68,99.5,99.52,99.54,99.56,99.58,99.60000000000001,99.64,99.66,99.68,99.7,99.7,99.52,99.56,99.58,99.60000000000001,99.62,99.64,99.66,99.7,99.7,99.72,99.74000000000001,99.56,99.58,99.60000000000001,99.64,99.66,99.68,99.68,99.7,99.72,99.76,99.78,99.60000000000001,99.62,99.64,99.66,99.66,99.7,99.72,99.74000000000001,99.76,99.78,99.8,99.64,99.66,99.66,99.68,99.7,99.72,99.76,99.78,99.8,99.82000000000001,99.84,99.66,99.66,99.7,99.72,99.74000000000001,99.76,99.78,99.82000000000001,99.84,99.86,99.88,99.68,99.7,99.72,99.76,99.78,99.8,99.82000000000001,99.84,99.88,99.88,99.9,99.72,99.74000000000001,99.76,99.78,99.8,99.84,99.86,99.86,99.88,99.9,99.92
2021-02-08 03:00:00,163.02,163.1,163.16,163.22,163.3,163.36,163.36,163.42000000000002,163.5,163.56,163.62,163.04,163.12,163.18,163.24,163.24,163.32,163.38,163.44,163.52,163.58,163.64000000000001,163.08,163.14000000000001,163.20000000000002,163.20000000000002,163.28,163.34,163.4,163.48,163.54,163.6,163.68,163.1,163.1,163.18,163.24,163.3,163.36,163.44,163.5,163.56,163.64000000000001,163.70000000000002,163.06,163.14000000000001,163.20000000000002,163.26,163.32,163.4,163.46,163.52,163.6,163.6,163.66,163.08,163.14000000000001,163.22,163.28,163.34,163.42000000000002,163.48,163.48,163.54,163.62,163.68,163.1,163.18,163.24,163.3,163.38,163.38,163.44,163.5,163.58,163.64000000000001,163.70000000000002,163.14000000000001,163.20000000000002,163.26,163.34,163.34,163.4,163.46,163.54,163.6,163.66,163.74,163.16,163.22,163.22,163.3,163.36,163.42000000000002,163.5,163.56,163.62,163.70000000000002,163.76,163.12,163.18,163.26,163.32,163.38,163.46,163.52,163.58,163.64000000000001,163.72,163.72,163.14000000000001,163.22,163.28,163.34,163.42000000000002,163.48,163.54,163.6,163.6,163.68,163.74
2021-03-18 08:00:00,259.26,259.28000000000003,259.3,259.32,259.34000000000003,259.36,259.36,259.38,259.42,259.42,259.44,259.24,259.26,259.28000000000003,259.3,259.3,259.32,259.34000000000003,259.38,259.4,259.42,259.44,259.24,259.26,259.26,259.28000000000003,259.3,259.3,259.34000000000003,259.36,259.38,259.4,259.42,259.2,259.22,259.24,259.26,259.28000000000003,259.3,259.32,259.34000000000003,259.36,259.38,259.4,259.18,259.2,259.22,259.24,259.28000000000003,259.3,259.32,259.34000000000003,259.36,259.36,259.38,259.18,259.2,259.22,259.24,259.26,259.28000000000003,259.3,259.3,259.32,259.34000000000003,259.36,259.16,259.2,259.22,259.22,259.24,259.24,259.26,259.28000000000003,259.3,259.32,259.34000000000003,259.16,259.18,259.2,259.2,259.22,259.24,259.26,259.28000000000003,259.3,259.32,259.34000000000003,259.14,259.14,259.16,259.18,259.2,259.22,259.24,259.26,259.28000000000003,259.3,259.32,259.12,259.14,259.16,259.18,259.2,259.22,259.24,259.26,259.28000000000003,259.28000000000003,259.28000000000003,259.1,259.12,259.14,259.16,259.18,259.2,259.22,259.24,259.24,259.26,259.28000000000003
2021-07-24 05:00:00,266.52,266.54,266.54,266.68,266.7,266.72,266.74,266.76,266.78000000000003,266.78000000000003,266.8,266.38,266.4,266.54,266.56,266.58,266.6,266.62,266.64,266.66,266.68,266.68,266.28000000000003,266.4,266.42,266.44,266.46,266.48,266.52,266.54,266.54,266.56,266.58,266.28000000000003,266.3,266.32,266.34000000000003,266.36,266.38,266.38,266.4,266.42,266.44,266.46,266.16,266.18,266.2,266.22,266.24,266.24,266.26,266.28000000000003,266.3,266.32,266.34000000000003,266.04,266.08,266.1,266.1,266.12,266.14,266.16,266.18,266.2,266.22,266.24,265.94,265.94,265.96,265.98,266.0,266.02,266.04,266.06,266.08,266.1,266.14,265.8,265.82,265.84000000000003,265.86,265.9,265.92,265.94,265.96,265.98,265.98,266.0,265.7,265.72,265.74,265.76,265.78000000000003,265.8,265.82,265.82,265.84000000000003,265.86,265.88,265.58,265.6,265.62,265.64,265.66,265.7,265.7,265.72,265.74,265.76,265.78000000000003,265.46,265.5,265.52,265.54,265.54,265.56,265.58,265.6,265.62,265.64,265.68
2021-03-02 05:00:00,215.1,215.18,215.24,215.32,215.38,215.44,215.5,215.56,215.56,215.62,215.70000000000002,215.1,215.16,215.22,215.28,215.34,215.42000000000002,215.42000000000002,215.48000000000002,215.54,215.6,215.66,215.08,215.14000000000001,215.20000000000002,215.26,215.32,215.32,215.4,215.46,215.52,215.58,215.64000000000001,215.06,215.12,215.18,215.18,215.24,215.3,215.36,215.44,215.5,215.56,215.62,215.02,215.02,215.1,215.16,215.22,215.28,215.34,215.4,215.48000000000002,215.54,215.6,214.94,215.0,215.06,215.12,215.18,215.26,215.32,215.38,215.44,215.44,215.5,214.92000000000002,214.98000000000002,215.04,215.1,215.16,215.24,215.3,215.3,215.36,215.42000000000002,215.48000000000002,214.9,214.96,215.02,215.08,215.14000000000001,215.20000000000002,215.20000000000002,215.28,215.34,215.4,215.46,214.86,214.94,215.0,215.06,215.06,215.12,215.18,215.26,215.32,215.38,215.44,214.84,214.9,214.9,214.98000000000002,215.04,215.1,215.16,215.22,215.28,215.34,215.42000000000002,214.76,214.82,214.88,214.94,215.02,215.08,215.14000000000001,215.20000000000002,215.26,215.32,215.32
2021-03-14 07:00:00,249.76000000000002,249.8,249.82,249.82,249.84,249.9,249.92000000000002,249.94,249.96,250.0,250.02,249.74,249.74,249.76000000000002,249.8,249.84,249.86,249.9,249.92000000000002,249.94,249.98000000000002,250.0,249.68,249.72,249.74,249.8,249.82,249.84,249.86,249.9,249.92000000000002,249.92000000000002,249.94,249.66,249.70000000000002,249.74,249.76000000000002,249.8,249.82,249.84,249.88,249.88,249.9,249.92000000000002,249.64000000000001,249.70000000000002,249.72,249.74,249.78,249.8,249.8,249.82,249.84,249.88,249.9,249.64000000000001,249.68,249.70000000000002,249.72,249.72,249.74,249.78,249.8,249.82,249.86,249.88,249.62,249.64000000000001,249.64000000000001,249.68,249.70000000000002,249.72,249.76000000000002,249.78,249.8,249.82,249.86,249.58,249.6,249.62,249.64000000000001,249.68,249.70000000000002,249.72,249.76000000000002,249.78,249.8,249.8,249.54,249.58,249.6,249.62,249.66,249.68,249.70000000000002,249.74,249.76000000000002,249.76000000000002,249.78,249.52,249.56,249.58,249.6,249.64000000000001,249.66,249.68,249.68,249.72,249.74,249.76000000000002,249.5,249.52,249.56,249.58,249.6,249.6,249.64000000000001,249.66,249.68,249.72,249.74
2021-09-06 02:00:00,123.66,123.72,123.78,123.84,123.92,123.98,124.04,124.04,124.10000000000001,124.18,124.24000000000001,123.74000000000001,123.8,123.86,123.92,124.0,124.0,124.06,124.12,124.2,124.26,124.32000000000001,123.8,123.86,123.94,123.94,124.0,124.06,124.14,124.2,124.26,124.32000000000001,124.4,123.88000000000001,123.94,123.94,124.02,124.08,124.14,124.22,124.28,124.34,124.42,124.48,123.9,123.96000000000001,124.02,124.10000000000001,124.16,124.22,124.3,124.36,124.42,124.5,124.5,123.98,124.04,124.12,124.18,124.24000000000001,124.3,124.38000000000001,124.44,124.44,124.5,124.58,124.06,124.12,124.18,124.26,124.32000000000001,124.38000000000001,124.38000000000001,124.46000000000001,124.52,124.58,124.66,124.14,124.2,124.26,124.34,124.34,124.4,124.46000000000001,124.54,124.60000000000001,124.66,124.74000000000001,124.22,124.28,124.34,124.34,124.42,124.48,124.54,124.62,124.68,124.74000000000001,124.82000000000001,124.3,124.3,124.36,124.42,124.5,124.56,124.62,124.7,124.76,124.82000000000001,124.9,124.3,124.36,124.44,124.5,124.56,124.64,124.7,124.76,124.84,124.84,124.9
2021-08-19 06:00:00,260.78000000000003,260.8,260.82,260.82,260.9,260.92,260.94,260.96,260.98,261.02,261.04,260.72,260.72,260.74,260.82,260.84000000000003,260.86,260.9,260.92,260.94,260.96,260.98,260.64,260.66,260.74,260.76,260.8,260.82,260.84000000000003,260.86,260.88,260.88,260.92,260.58,260.66,260.68,260.72,260.74,260.76,260.78000000000003,260.78000000000003,260.82,260.84000000000003,260.86,260.58,260.62,260.64,260.66,260.68,260.72,260.72,260.74,260.76,260.78000000000003,260.8,260.54,260.56,260.58,260.62,260.62,260.64,260.66,260.68,260.7,260.74,260.76,260.48,260.52,260.52,260.54,260.56,260.58,260.6,260.64,260.66,260.68,260.7,260.4,260.44,260.46,260.48,260.5,260.54,260.56,260.58,260.6,260.62,260.62,260.36,260.38,260.4,260.44,260.46,260.48,260.5,260.52,260.52,260.56,260.58,260.3,260.32,260.36,260.38,260.4,260.42,260.46,260.46,260.48,260.5,260.52,260.26,260.28000000000003,260.3,260.32,260.36,260.36,260.38,260.4,260.42,260.46,260.48
2021-02-12 03:00:00,162.4,162.48,162.54,162.62,162.68,162.76,162.76,162.82,162.88,162.96,163.02,162.44,162.5,162.56,162.64000000000001,162.64000000000001,162.70000000000002,162.78,162.84,162.92000000000002,162.98,163.06,162.46,162.52,162.6,162.6,162.66,162.74,162.8,162.88,162.94,163.02,163.08,162.48,162.48,162.56,162.62,162.70000000000002,162.76,162.84,162.9,162.96,163.04,163.1,162.46,162.52,162.58,162.66,162.72,162.8,162.86,162.92000000000002,163.0,163.0,163.06,162.46,162.54,162.6,162.68,162.74,162.82,162.88,162.88,162.94,163.02,163.08,162.5,162.56,162.64000000000001,162.70000000000002,162.78,162.78,162.84,162.9,162.98,163.04,163.12,162.52,162.6,162.66,162.74,162.74,162.8,162.86,162.94,163.0,163.08,163.14000000000001,162.56,162.62,162.62,162.70000000000002,162.76,162.82,162.9,162.96,163.04,163.1,163.18,162.52,162.58,162.64000000000001,162.72,162.78,162.86,162.92000000000002,162.98,163.06,163.12,163.12,162.54,162.6,162.68,162.74,162.82,162.88,162.94,163.02,163.02,163.08,163.16
2021-05-16 06:00:00,272.18,272.18,272.2,272.2,272.26,272.28000000000003,272.3,272.3,272.32,272.34000000000003,272.34000000000003,272.12,272.12,272.14,272.2,272.22,272.22,272.24,272.26,272.26,272.28000000000003,272.3,272.06,272.06,272.14,272.14,272.16,272.18,272.18,272.2,272.22,272.22,272.22,272.0,272.06,272.08,272.1,272.1,272.12,272.14,272.14,272.14,272.16,272.18,272.0,272.02,272.02,272.04,272.06,272.06,272.06,272.08,272.1,272.1,272.12,271.94,271.96,271.96,271.98,271.98,272.0,272.0,272.02,272.04,272.04,272.06,271.88,271.9,271.9,271.92,271.92,271.94,271.96,271.96,271.98,272.0,272.0,271.82,271.84000000000003,271.84000000000003,271.86,271.88,271.88,271.9,271.92,271.92,271.94,271.94,271.76,271.78000000000003,271.8,271.8,271.82,271.84000000000003,271.84000000000003,271.86,271.86,271.88,271.88,271.7,271.72,271.74,271.76,271.76,271.78000000000003,271.8,271.8,271.8,271.82,271.84000000000003,271.66,271.66,271.68,271.7,271.7,271.7,271.72,271.74,271.76,271.76,271.78000000000003
2021-06-23 04:00:00,280.8,280.8,281.1,281.04,280.98,280.92,280.86,280.8,280.74,280.68,280.64,280.5,280.8,280.74,280.68,280.62,280.56,280.52,280.46,280.40000000000003,280.40000000000003,280.34000000000003,280.5,280.44,280.38,280.32,280.28000000000003,280.22,280.16,280.16,280.1,280.06,280.0,280.14,280.08,280.04,279.98,279.92,279.92,279.86,279.82,279.76,279.72,279.66,279.78000000000003,279.72,279.68,279.62,279.62,279.56,279.52,279.46,279.42,279.36,279.32,279.42,279.36,279.36,279.32,279.26,279.22,279.16,279.12,279.06,279.02,278.96,279.1,279.06,279.0,278.96,278.90000000000003,278.86,278.8,278.76,278.72,278.66,278.66,278.74,278.68,278.64,278.6,278.54,278.5,278.46,278.42,278.42,278.36,278.32,278.38,278.32,278.28000000000003,278.24,278.18,278.14,278.14,278.1,278.06,278.02,277.98,278.0,277.96,277.92,277.88,277.84000000000003,277.84000000000003,277.78000000000003,277.74,277.7,277.66,277.62,277.64,277.6,277.56,277.56,277.52,277.48,277.44,277.40000000000003,277.36,277.32,277.28000000000003
2021-02-02 04:00:00,186.28,186.34,186.42000000000002,186.48,186.54,186.54,186.62,186.68,186.74,186.82,186.88,186.28,186.36,186.42000000000002,186.48,186.48,186.56,186.62,186.68,186.76,186.82,186.88,186.3,186.36,186.36,186.42000000000002,186.5,186.56,186.62,186.70000000000002,186.76,186.82,186.9,186.24,186.3,186.36,186.44,186.5,186.56,186.64000000000001,186.70000000000002,186.76,186.84,186.84,186.24,186.3,186.36,186.44,186.5,186.56,186.64000000000001,186.70000000000002,186.70000000000002,186.76,186.82,186.24,186.3,186.38,186.44,186.5,186.58,186.58,186.64000000000001,186.70000000000002,186.76,186.84,186.24,186.32,186.38,186.44,186.52,186.52,186.58,186.64000000000001,186.70000000000002,186.78,186.84,186.26,186.32,186.38,186.38,186.46,186.52,186.58,186.64000000000001,186.72,186.78,186.84,186.26,186.26,186.32,186.38,186.46,186.52,186.58,186.66,186.72,186.78,186.86,186.20000000000002,186.26,186.32,186.4,186.46,186.52,186.6,186.66,186.72,186.72,186.8,186.20000000000002,186.26,186.34,186.4,186.46,186.54,186.6,186.6,186.66,186.74,186.8
2021-04-09 01:00:00,106.16,106.2,106.24000000000001,106.26,106.3,106.34,106.34,106.36,106.4,106.44,106.46000000000001,106.22,106.26,106.28,106.32000000000001,106.32000000000001,106.36,106.38,106.42,106.46000000000001,106.48,106.52,106.28,106.3,106.3,106.34,106.38,106.4,106.44,106.48,106.5,106.54,106.58,106.32000000000001,106.32000000000001,106.36,106.4,106.42,106.46000000000001,106.5,106.52,106.56,106.60000000000001,106.62,106.34,106.38,106.42,106.44,106.48,106.52,106.54,106.58,106.62,106.62,106.64,106.4,106.44,106.48,106.5,106.54,106.56,106.60000000000001,106.60000000000001,106.64,106.66,106.7,106.46000000000001,106.48,106.52,106.56,106.58,106.58,106.62,106.66,106.68,106.72,106.76,106.52,106.54,106.58,106.58,106.62,106.64,106.68,106.72,106.74000000000001,106.78,106.82000000000001,106.56,106.60000000000001,106.60000000000001,106.64,106.66,106.7,106.74000000000001,106.76,106.8,106.84,106.86,106.58,106.62,106.66,106.68,106.72,106.76,106.78,106.82000000000001,106.86,106.88,106.88,106.64,106.68,106.7,106.74000000000001,106.78,106.8,106.84,106.88,106.88,106.9,106.94
2021-03-27 05:00:00,229.22,229.3,229.4,229.46,229.54,229.6,229.66,229.72,229.78,229.86,229.86,229.18,229.3,229.36,229.42000000000002,229.48000000000002,229.54,229.62,229.68,229.68,229.74,229.8,229.18,229.24,229.3,229.36,229.42000000000002,229.5,229.5,229.56,229.62,229.68,229.74,229.12,229.20000000000002,229.26,229.32,229.38,229.38,229.44,229.52,229.58,229.64000000000001,229.70000000000002,229.08,229.14000000000001,229.20000000000002,229.20000000000002,229.28,229.34,229.4,229.46,229.54,229.6,229.66,229.04,229.04,229.1,229.16,229.22,229.3,229.36,229.42000000000002,229.48000000000002,229.54,229.62,228.92000000000002,228.98000000000002,229.04,229.12,229.18,229.24,229.3,229.38,229.44,229.44,229.5,228.88,228.94,229.0,229.06,229.14000000000001,229.20000000000002,229.26,229.26,229.32,229.38,229.46,228.82,228.9,228.96,229.02,229.08,229.16,229.16,229.22,229.28,229.34,229.4,228.78,228.84,228.92000000000002,228.98000000000002,228.98000000000002,229.04,229.1,229.18,229.24,229.3,229.36,228.72,228.8,228.8,228.86,228.92000000000002,228.98000000000002,229.06,229.12,229.18,229.24,229.3
2021-04-13 03:00:00,150.20000000000002,150.36,150.52,150.66,150.82,150.98,151.12,151.28,151.28,151.44,151.58,150.32,150.46,150.62,150.76,150.92000000000002,151.08,151.08,151.22,151.38,151.54,151.70000000000002,150.4,150.54,150.70000000000002,150.84,150.84,151.0,151.16,151.3,151.46,151.62,151.78,150.5,150.64000000000001,150.8,150.8,150.96,151.1,151.26,151.42000000000002,151.56,151.72,151.88,150.6,150.6,150.74,150.9,151.06,151.20000000000002,151.36,151.52,151.66,151.82,151.98,150.54,150.70000000000002,150.86,151.0,151.16,151.3,151.46,151.62,151.76,151.76,151.92000000000002,150.64000000000001,150.8,150.94,151.1,151.24,151.4,151.56,151.56,151.70000000000002,151.86,152.02,150.74,150.9,151.04,151.20000000000002,151.34,151.34,151.5,151.66,151.8,151.96,152.12,150.84,151.0,151.14000000000001,151.3,151.3,151.44,151.6,151.76,151.9,152.06,152.22,150.94,151.1,151.1,151.24,151.4,151.54,151.70000000000002,151.86,152.0,152.16,152.32,150.88,151.02,151.18,151.32,151.48,151.62,151.78,151.94,152.08,152.24,152.24
2021-12-09 05:00:00,209.24,209.3,209.34,209.38,209.42000000000002,209.48000000000002,209.52,209.52,209.56,209.62,209.66,209.24,209.28,209.34,209.38,209.42000000000002,209.42000000000002,209.46,209.52,209.56,209.6,209.64000000000001,209.24,209.28,209.32,209.32,209.36,209.42000000000002,209.46,209.5,209.54,209.6,209.64000000000001,209.22,209.22,209.26,209.32,209.36,209.4,209.44,209.5,209.54,209.58,209.62,209.16,209.22,209.26,209.3,209.34,209.4,209.44,209.48000000000002,209.52,209.52,209.58,209.16,209.20000000000002,209.26,209.3,209.34,209.38,209.44,209.48000000000002,209.48000000000002,209.52,209.56,209.16,209.20000000000002,209.24,209.28,209.34,209.38,209.38,209.42000000000002,209.46,209.52,209.56,209.14000000000001,209.18,209.22,209.28,209.28,209.32,209.36,209.4,209.46,209.5,209.54,209.12,209.18,209.18,209.22,209.26,209.32,209.36,209.4,209.44,209.5,209.54,209.08,209.12,209.16,209.22,209.26,209.3,209.34,209.4,209.44,209.48000000000002,209.48000000000002,209.06,209.12,209.16,209.20000000000002,209.26,209.3,209.34,209.38,209.44,209.44,209.48000000000002
2021-03-24 05:00:00,227.20000000000002,227.26,227.38,227.44,227.5,227.56,227.64000000000001,227.70000000000002,227.76,227.82,227.82,227.14000000000001,227.26,227.34,227.4,227.46,227.52,227.6,227.66,227.66,227.72,227.78,227.14000000000001,227.22,227.28,227.34,227.4,227.48000000000002,227.48000000000002,227.54,227.6,227.66,227.74,227.1,227.18,227.24,227.3,227.36,227.36,227.44,227.5,227.56,227.62,227.68,227.06,227.12,227.20000000000002,227.20000000000002,227.26,227.32,227.38,227.46,227.52,227.58,227.64000000000001,227.02,227.02,227.08,227.16,227.22,227.28,227.34,227.42000000000002,227.48000000000002,227.54,227.6,226.92000000000002,226.98000000000002,227.04,227.1,227.18,227.24,227.3,227.36,227.44,227.44,227.5,226.86,226.94,227.0,227.06,227.12,227.20000000000002,227.26,227.26,227.32,227.38,227.46,226.82,226.9,226.96,227.02,227.08,227.16,227.16,227.22,227.28,227.34,227.42000000000002,226.78,226.86,226.92000000000002,226.98000000000002,226.98000000000002,227.04,227.12,227.18,227.24,227.3,227.38,226.74,226.8,226.8,226.86,226.92000000000002,227.0,227.06,227.12,227.18,227.26,227.32
2021-05-06 02:00:00,102.06,101.98,102.02,102.06,102.12,102.16,102.2,102.24000000000001,102.28,102.32000000000001,102.32000000000001,102.06,102.10000000000001,102.14,102.18,102.22,102.26,102.32000000000001,102.36,102.36,102.4,102.44,102.16,102.22,102.26,102.3,102.34,102.38,102.38,102.42,102.48,102.52,102.56,102.28,102.32000000000001,102.36,102.4,102.4,102.44,102.5,102.54,102.58,102.62,102.66,102.38,102.42,102.48,102.48,102.52,102.56,102.60000000000001,102.64,102.7,102.74000000000001,102.78,102.5,102.5,102.54,102.58,102.64,102.68,102.72,102.76,102.8,102.86,102.9,102.56,102.62,102.66,102.7,102.74000000000001,102.78,102.84,102.88,102.92,102.92,102.96000000000001,102.68,102.72,102.76,102.8,102.86,102.9,102.94,102.94,102.98,103.04,103.08,102.8,102.84,102.88,102.92,102.96000000000001,102.96000000000001,103.02,103.06,103.10000000000001,103.14,103.2,102.9,102.94,103.0,103.04,103.04,103.08,103.12,103.18,103.22,103.26,103.3,103.02,103.06,103.06,103.10000000000001,103.14,103.2,103.24000000000001,103.28,103.34,103.38,103.42
2021-09-18 06:00:00,246.98000000000002,246.98000000000002,247.02,247.08,247.12,247.14000000000001,247.18,247.20000000000002,247.24,247.28,247.3,246.9,246.94,247.02,247.04,247.08,247.1,247.14000000000001,247.18,247.20000000000002,247.20000000000002,247.24,246.88,246.94,246.98000000000002,247.0,247.04,247.08,247.1,247.1,247.14000000000001,247.16,247.20000000000002,246.88,246.9,246.94,246.98000000000002,247.0,247.04,247.04,247.06,247.1,247.14000000000001,247.16,246.84,246.88,246.9,246.94,246.94,246.96,247.0,247.04,247.06,247.1,247.14000000000001,246.8,246.84,246.84,246.86,246.9,246.94,246.96,247.0,247.04,247.06,247.1,246.74,246.76000000000002,246.8,246.84,246.86,246.9,246.92000000000002,246.96,247.0,247.02,247.02,246.70000000000002,246.72,246.76000000000002,246.8,246.82,246.86,246.9,246.92000000000002,246.92000000000002,246.96,247.0,246.66,246.70000000000002,246.72,246.76000000000002,246.8,246.82,246.86,246.86,246.9,246.92000000000002,246.96,246.62,246.66,246.70000000000002,246.72,246.76000000000002,246.76000000000002,246.8,246.82,246.86,246.9,246.92000000000002,246.6,246.62,246.66,246.66,246.70000000000002,246.72,246.76000000000002,246.8,246.82,246.86,246.88
2021-07-19 02:00:00,89.36,89.28,89.3,89.32000000000001,89.34,89.36,89.38,89.4,89.4,89.42,89.42,89.36,89.38,89.4,89.42,89.44,89.46000000000001,89.48,89.5,89.5,89.52,89.54,89.46000000000001,89.48,89.5,89.52,89.54,89.56,89.56,89.58,89.60000000000001,89.62,89.64,89.56,89.58,89.60000000000001,89.62,89.62,89.64,89.66,89.68,89.7,89.72,89.74,89.68,89.7,89.72,89.72,89.74,89.76,89.78,89.8,89.82000000000001,89.84,89.86,89.78,89.78,89.8,89.82000000000001,89.84,89.86,89.88,89.9,89.92,89.94,89.96000000000001,89.86,89.88,89.9,89.92,89.94,89.96000000000001,89.98,90.0,90.02,90.02,90.04,89.96000000000001,89.98,90.0,90.02,90.04,90.06,90.08,90.08,90.10000000000001,90.12,90.14,90.06,90.08,90.12,90.14,90.16,90.16,90.18,90.2,90.22,90.24,90.26,90.18,90.2,90.22,90.24,90.24,90.26,90.28,90.3,90.32000000000001,90.34,90.36,90.28,90.3,90.3,90.32000000000001,90.34,90.36,90.38,90.4,90.42,90.44,90.48
2021-10-19 02:00:00,148.70000000000002,148.76,148.82,148.88,148.94,148.94,149.02,149.08,149.14000000000001,149.20000000000002,149.28,148.72,148.8,148.86,148.86,148.92000000000002,148.98,149.04,149.12,149.18,149.24,149.3,148.76,148.84,148.84,148.9,148.96,149.02,149.08,149.16,149.22,149.28,149.34,148.74,148.8,148.88,148.94,149.0,149.06,149.12,149.20000000000002,149.26,149.32,149.32,148.78,148.84,148.92000000000002,148.98,149.04,149.1,149.18,149.24,149.24,149.3,149.36,148.82,148.88,148.94,149.0,149.08,149.14000000000001,149.14000000000001,149.20000000000002,149.26,149.34,149.4,148.86,148.92000000000002,148.98,149.04,149.04,149.12,149.18,149.24,149.3,149.38,149.44,148.9,148.96,149.02,149.02,149.08,149.16,149.22,149.28,149.34,149.42000000000002,149.48,148.94,148.94,149.0,149.06,149.12,149.20000000000002,149.26,149.32,149.38,149.46,149.52,148.9,148.96,149.04,149.1,149.16,149.22,149.3,149.36,149.42000000000002,149.42000000000002,149.48,148.94,149.0,149.08,149.14000000000001,149.20000000000002,149.26,149.34,149.34,149.4,149.46,149.52
2021-06-07 03:00:00,84.92,84.56,84.56,84.56,84.54,84.54,84.54,84.52,84.52,84.5,84.5,84.92,84.92,84.92,84.92,84.9,84.9,84.9,84.9,84.9,84.9,84.88,85.28,85.28,85.28,85.28,85.28,85.28,85.28,85.28,85.28,85.26,85.26,85.64,85.64,85.64,85.64,85.64,85.64,85.64,85.64,85.64,85.64,85.64,86.0,86.0,86.0,86.0,86.02,86.02,86.02,86.02,86.02,86.02,86.04,86.36,86.36,86.36,86.38,86.38,86.38,86.4,86.4,86.4,86.4,86.42,86.72,86.72,86.74,86.74,86.76,86.76,86.76,86.78,86.78,86.78,86.8,87.08,87.10000000000001,87.10000000000001,87.12,87.12,87.14,87.14,87.14,87.16,87.16,87.18,87.44,87.46000000000001,87.46000000000001,87.48,87.5,87.5,87.5,87.52,87.54,87.54,87.56,87.8,87.82000000000001,87.84,87.86,87.86,87.86,87.88,87.9,87.92,87.94,87.94,88.18,88.18,88.18,88.2,88.22,88.24,88.26,88.28,88.3,88.32000000000001,88.34
2021-05-02 07:00:00,272.04,272.04,272.06,272.08,272.08,272.12,272.14,272.16,272.16,272.18,272.2,272.0,272.02,272.02,272.02,272.08,272.1,272.1,272.12,272.14,272.14,272.16,271.96,271.96,271.98,272.02,272.04,272.06,272.08,272.08,272.1,272.12,272.12,271.92,271.94,271.98,272.0,272.02,272.02,272.04,272.06,272.06,272.08,272.08,271.9,271.94,271.96,271.96,271.98,272.0,272.02,272.02,272.02,272.04,272.06,271.9,271.9,271.92,271.94,271.94,271.94,271.96,271.98,272.0,272.0,272.02,271.86,271.88,271.88,271.88,271.9,271.92,271.94,271.94,271.96,271.98,272.0,271.82,271.82,271.84000000000003,271.86,271.88,271.88,271.9,271.92,271.94,271.94,271.96,271.78000000000003,271.8,271.8,271.82,271.84000000000003,271.86,271.86,271.88,271.9,271.9,271.92,271.74,271.76,271.78000000000003,271.8,271.8,271.82,271.84000000000003,271.86,271.86,271.86,271.88,271.72,271.74,271.74,271.76,271.78000000000003,271.8,271.8,271.8,271.82,271.84000000000003,271.86
2021-07-20 00:00:00,81.18,81.2,81.22,81.22,81.24,81.24,81.26,81.28,81.28,81.28,81.3,81.22,81.24,81.24,81.26,81.28,81.28,81.28,81.3,81.32000000000001,81.32000000000001,81.34,81.26,81.28,81.28,81.3,81.3,81.3,81.32000000000001,81.34,81.34,81.36,81.38,81.3,81.3,81.3,81.32000000000001,81.34,81.34,81.36,81.38,81.38,81.4,81.4,81.34,81.34,81.34,81.36,81.36,81.38,81.4,81.4,81.42,81.44,81.44,81.36,81.36,81.38,81.4,81.4,81.42,81.44,81.44,81.46000000000001,81.46000000000001,81.48,81.4,81.4,81.42,81.44,81.44,81.46000000000001,81.46000000000001,81.46000000000001,81.48,81.5,81.5,81.42,81.44,81.46000000000001,81.46000000000001,81.48,81.48,81.5,81.5,81.52,81.54,81.54,81.46000000000001,81.48,81.5,81.5,81.5,81.52,81.52,81.54,81.56,81.56,81.58,81.5,81.52,81.52,81.52,81.54,81.56,81.56,81.58,81.60000000000001,81.60000000000001,81.62,81.52,81.54,81.56,81.56,81.58,81.60000000000001,81.60000000000001,81.62,81.64,81.64,81.64
2021-03-23 03:00:00,156.3,156.4,156.52,156.62,156.74,156.84,156.94,157.06,157.06,157.16,157.28,156.36,156.46,156.58,156.68,156.78,156.9,156.9,157.0,157.12,157.22,157.32,156.4,156.52,156.62,156.72,156.72,156.84,156.94,157.04,157.16,157.26,157.38,156.46,156.56,156.68,156.68,156.78,156.88,157.0,157.1,157.22,157.32,157.42000000000002,156.52,156.52,156.62,156.74,156.84,156.94,157.06,157.16,157.28,157.38,157.48,156.48,156.58,156.68,156.8,156.9,157.0,157.12,157.22,157.32,157.32,157.44,156.52,156.62,156.74,156.84,156.94,157.06,157.16,157.16,157.26,157.38,157.48,156.58,156.68,156.8,156.9,157.0,157.0,157.12,157.22,157.32,157.44,157.54,156.64000000000001,156.74,156.86,156.96,156.96,157.06,157.18,157.28,157.38,157.5,157.6,156.70000000000002,156.8,156.8,156.9,157.02,157.12,157.22,157.34,157.44,157.54,157.66,156.64000000000001,156.74,156.84,156.94,157.06,157.16,157.26,157.38,157.48,157.6,157.6
2021-09-01 07:00:00,262.88,262.9,262.9,262.92,262.96,262.98,263.0,263.02,263.04,263.06,263.08,262.82,262.84000000000003,262.86,262.92,262.94,262.96,262.98,263.0,263.02,263.04,263.04,262.8,262.82,262.86,262.88,262.9,262.92,262.94,262.96,262.96,262.98,263.0,262.76,262.82,262.84000000000003,262.86,262.88,262.9,262.92,262.92,262.94,262.96,262.98,262.76,262.78000000000003,262.8,262.82,262.84000000000003,262.84000000000003,262.86,262.88,262.9,262.92,262.94,262.74,262.76,262.78000000000003,262.78000000000003,262.8,262.82,262.84000000000003,262.86,262.88,262.9,262.92,262.7,262.7,262.72,262.74,262.76,262.8,262.82,262.84000000000003,262.86,262.88,262.9,262.66,262.68,262.7,262.72,262.74,262.76,262.78000000000003,262.8,262.82,262.82,262.84000000000003,262.64,262.66,262.68,262.7,262.72,262.74,262.76,262.78000000000003,262.78000000000003,262.8,262.82,262.6,262.62,262.64,262.66,262.68,262.7,262.7,262.72,262.74,262.76,262.78000000000003,262.58,262.6,262.62,262.64,262.64,262.66,262.68,262.7,262.72,262.74,262.76
2021-04-20 04:00:00,216.02,216.26,216.42000000000002,216.58,216.72,216.88,217.04,217.18,217.34,217.34,217.48000000000002,216.02,216.18,216.34,216.5,216.64000000000001,216.8,216.96,216.96,217.1,217.26,217.42000000000002,215.92000000000002,216.08,216.24,216.4,216.54,216.54,216.70000000000002,216.86,217.0,217.16,217.32,215.86,216.0,216.16,216.32,216.32,216.48000000000002,216.62,216.78,216.94,217.08,217.24,215.78,215.94,215.94,216.08,216.24,216.4,216.56,216.70000000000002,216.86,217.0,217.16,215.56,215.70000000000002,215.86,216.02,216.16,216.32,216.48000000000002,216.62,216.78,216.94,216.94,215.46,215.62,215.78,215.92000000000002,216.08,216.24,216.38,216.54,216.54,216.70000000000002,216.84,215.4,215.54,215.70000000000002,215.86,216.0,216.16,216.16,216.32,216.46,216.62,216.78,215.32,215.48000000000002,215.62,215.78,215.94,215.94,216.08,216.24,216.4,216.54,216.70000000000002,215.24,215.4,215.56,215.56,215.72,215.86,216.02,216.16,216.32,216.48000000000002,216.62,215.16,215.16,215.3,215.46,215.62,215.76,215.92000000000002,216.08,216.22,216.38,216.52
2021-04-13 02:00:00,117.94,118.0,118.06,118.12,118.18,118.24000000000001,118.3,118.36,118.36,118.42,118.48,118.02,118.08,118.14,118.2,118.26,118.32000000000001,118.32000000000001,118.4,118.46000000000001,118.52,118.58,118.10000000000001,118.16,118.22,118.28,118.28,118.34,118.4,118.48,118.54,118.60000000000001,118.66,118.2,118.26,118.32000000000001,118.32000000000001,118.38,118.44,118.5,118.56,118.62,118.68,118.74000000000001,118.28,118.28,118.34,118.4,118.46000000000001,118.52,118.58,118.64,118.72,118.78,118.84,118.3,118.38,118.44,118.5,118.56,118.62,118.68,118.74000000000001,118.8,118.8,118.86,118.4,118.46000000000001,118.52,118.58,118.64,118.7,118.76,118.76,118.82000000000001,118.88,118.94,118.48,118.54,118.60000000000001,118.66,118.72,118.72,118.78,118.84,118.9,118.98,119.04,118.56,118.62,118.68,118.76,118.76,118.82000000000001,118.88,118.94,119.0,119.06,119.12,118.66,118.72,118.72,118.78,118.84,118.9,118.96000000000001,119.02,119.08,119.14,119.22,118.68,118.74000000000001,118.8,118.86,118.92,118.98,119.04,119.10000000000001,119.16,119.22,119.22
2021-04-05 04:00:00,203.34,203.5,203.64000000000001,203.76,203.9,204.04,204.16,204.3,204.44,204.44,204.56,203.34,203.46,203.6,203.74,203.88,204.0,204.14000000000001,204.14000000000001,204.28,204.4,204.54,203.28,203.42000000000002,203.56,203.70000000000002,203.82,203.82,203.96,204.1,204.22,204.36,204.5,203.26,203.4,203.52,203.66,203.66,203.8,203.92000000000002,204.06,204.20000000000002,204.32,204.46,203.24,203.36,203.36,203.5,203.64000000000001,203.76,203.9,204.04,204.16,204.3,204.44,203.08,203.20000000000002,203.34,203.48000000000002,203.6,203.74,203.88,204.0,204.14000000000001,204.28,204.28,203.04,203.18,203.3,203.44,203.58,203.70000000000002,203.84,203.96,203.96,204.1,204.24,203.02,203.14000000000001,203.28,203.42000000000002,203.54,203.68,203.68,203.8,203.94,204.08,204.20000000000002,202.98000000000002,203.12,203.26,203.38,203.52,203.52,203.66,203.78,203.92000000000002,204.04,204.18,202.96,203.1,203.22,203.22,203.36,203.5,203.62,203.76,203.88,204.02,204.16,202.92000000000002,202.92000000000002,203.04,203.18,203.32,203.44,203.58,203.70000000000002,203.84,203.98000000000002,204.1
2021-10-05 02:00:00,142.58,142.66,142.72,142.78,142.86,142.92000000000002,143.0,143.0,143.06,143.14000000000001,143.20000000000002,142.64000000000001,142.70000000000002,142.78,142.84,142.9,142.9,142.98,143.04,143.12,143.18,143.26,142.68,142.74,142.82,142.82,142.88,142.96,143.02,143.1,143.16,143.24,143.3,142.74,142.8,142.8,142.86,142.94,143.0,143.08,143.14000000000001,143.22,143.28,143.36,142.72,142.78,142.86,142.92000000000002,142.98,143.06,143.12,143.20000000000002,143.26,143.34,143.34,142.76,142.84,142.9,142.96,143.04,143.1,143.18,143.24,143.24,143.32,143.38,142.8,142.88,142.94,143.02,143.08,143.14000000000001,143.14000000000001,143.22,143.28,143.36,143.42000000000002,142.86,142.92000000000002,143.0,143.06,143.06,143.14000000000001,143.20000000000002,143.26,143.34,143.4,143.48,142.9,142.98,143.04,143.04,143.12,143.18,143.24,143.32,143.38,143.46,143.52,142.96,142.96,143.02,143.1,143.16,143.24,143.3,143.36,143.44,143.5,143.58,142.94,143.0,143.08,143.14000000000001,143.20000000000002,143.28,143.34,143.42000000000002,143.48,143.48,143.56
2021-02-23 06:00:00,229.78,229.82,229.86,229.92000000000002,229.96,230.0,230.04,230.08,230.14000000000001,230.18,230.18,229.76,229.8,229.86,229.9,229.94,229.98000000000002,230.02,230.06,230.06,230.1,230.14000000000001,229.72,229.8,229.84,229.88,229.92000000000002,229.96,230.0,230.0,230.04,230.08,230.12,229.72,229.76,229.82,229.86,229.9,229.9,229.94,229.98000000000002,230.02,230.06,230.1,229.70000000000002,229.74,229.78,229.78,229.82,229.88,229.92000000000002,229.96,230.0,230.04,230.08,229.68,229.68,229.72,229.76,229.8,229.84,229.88,229.92000000000002,229.96,230.0,230.06,229.62,229.66,229.70000000000002,229.74,229.78,229.82,229.86,229.9,229.94,229.94,229.98000000000002,229.6,229.64000000000001,229.68,229.72,229.76,229.8,229.84,229.88,229.88,229.92000000000002,229.96,229.58,229.62,229.66,229.70000000000002,229.74,229.78,229.78,229.82,229.86,229.9,229.94,229.54,229.58,229.62,229.66,229.66,229.70000000000002,229.76,229.8,229.84,229.88,229.92000000000002,229.52,229.56,229.56,229.6,229.64000000000001,229.68,229.72,229.76,229.82,229.86,229.9
2021-09-05 04:00:00,207.18,207.34,207.48000000000002,207.6,207.74,207.86,208.0,208.12,208.26,208.26,208.38,207.18,207.3,207.44,207.56,207.70000000000002,207.82,207.96,207.96,208.08,208.22,208.34,207.12,207.24,207.38,207.52,207.64000000000001,207.64000000000001,207.78,207.9,208.04,208.16,208.3,207.08,207.22,207.34,207.48000000000002,207.48000000000002,207.6,207.74,207.86,208.0,208.12,208.26,207.04,207.18,207.18,207.3,207.44,207.56,207.70000000000002,207.82,207.96,208.08,208.22,206.88,207.0,207.14000000000001,207.28,207.4,207.54,207.66,207.8,207.92000000000002,208.06,208.06,206.84,206.96,207.1,207.22,207.36,207.48000000000002,207.62,207.74,207.74,207.88,208.0,206.8,206.92000000000002,207.06,207.20000000000002,207.32,207.46,207.46,207.58,207.70000000000002,207.84,207.96,206.76,206.9,207.02,207.16,207.28,207.28,207.42000000000002,207.54,207.68,207.8,207.94,206.72,206.86,207.0,207.0,207.12,207.24,207.38,207.5,207.64000000000001,207.76,207.9,206.68,206.68,206.8,206.94,207.06,207.20000000000002,207.32,207.46,207.58,207.72,207.84
2021-08-30 03:00:00,150.4,150.54,150.70000000000002,150.84,151.0,151.16,151.3,151.46,151.46,151.62,151.76,150.5,150.64000000000001,150.8,150.94,151.1,151.26,151.26,151.4,151.56,151.72,151.86,150.58,150.72,150.88,151.02,151.02,151.18,151.34,151.48,151.64000000000001,151.8,151.94,150.68,150.82,150.98,150.98,151.12,151.28,151.44,151.58,151.74,151.9,152.04,150.78,150.78,150.92000000000002,151.08,151.24,151.38,151.54,151.68,151.84,152.0,152.14000000000001,150.72,150.88,151.02,151.18,151.34,151.48,151.64000000000001,151.78,151.94,151.94,152.1,150.82,150.96,151.12,151.26,151.42000000000002,151.58,151.72,151.72,151.88,152.02,152.18,150.92000000000002,151.06,151.22,151.36,151.52,151.52,151.68,151.82,151.98,152.12,152.28,151.02,151.16,151.32,151.46,151.46,151.62,151.78,151.92000000000002,152.08,152.22,152.38,151.12,151.26,151.26,151.42000000000002,151.56,151.72,151.88,152.02,152.18,152.32,152.48,151.04,151.20000000000002,151.34,151.5,151.64000000000001,151.8,151.94,152.1,152.26,152.4,152.4
2021-06-02 03:00:00,89.92,89.56,89.58,89.62,89.64,89.66,89.7,89.72,89.74,89.78,89.78,89.92,89.94,89.96000000000001,90.0,90.02,90.06,90.08,90.12,90.12,90.14,90.18,90.28,90.32000000000001,90.34,90.38,90.42,90.44,90.44,90.48,90.5,90.54,90.58,90.66,90.7,90.72,90.76,90.76,90.8,90.82000000000001,90.86,90.9,90.94,90.98,91.04,91.08,91.10000000000001,91.10000000000001,91.14,91.18,91.22,91.26,91.3,91.34,91.38,91.42,91.42,91.46000000000001,91.5,91.54,91.58,91.62,91.66,91.7,91.74,91.78,91.76,91.8,91.84,91.88,91.92,91.96000000000001,92.0,92.04,92.10000000000001,92.10000000000001,92.14,92.14,92.18,92.22,92.26,92.3,92.36,92.4,92.4,92.44,92.48,92.54,92.52,92.56,92.60000000000001,92.64,92.7,92.7,92.74,92.8,92.84,92.88,92.94,92.9,92.94,92.98,93.04,93.04,93.08,93.14,93.18,93.24,93.3,93.34,93.28,93.32000000000001,93.32000000000001,93.38,93.42,93.48,93.54,93.58,93.64,93.7,93.74
2021-12-22 05:00:00,207.26,207.3,207.36,207.4,207.44,207.5,207.54,207.54,207.58,207.64000000000001,207.68,207.26,207.3,207.34,207.4,207.44,207.44,207.48000000000002,207.54,207.58,207.62,207.66,207.24,207.3,207.34,207.34,207.38,207.44,207.48000000000002,207.52,207.58,207.62,207.66,207.24,207.24,207.28,207.34,207.38,207.42000000000002,207.46,207.52,207.56,207.6,207.66,207.18,207.24,207.28,207.32,207.36,207.42000000000002,207.46,207.5,207.56,207.56,207.6,207.18,207.22,207.28,207.32,207.36,207.4,207.46,207.5,207.5,207.54,207.6,207.18,207.22,207.26,207.3,207.36,207.4,207.4,207.44,207.5,207.54,207.58,207.16,207.20000000000002,207.26,207.3,207.3,207.34,207.38,207.44,207.48000000000002,207.52,207.58,207.16,207.20000000000002,207.20000000000002,207.24,207.28,207.34,207.38,207.42000000000002,207.48000000000002,207.52,207.56,207.1,207.14000000000001,207.20000000000002,207.24,207.28,207.32,207.38,207.42000000000002,207.46,207.52,207.52,207.1,207.14000000000001,207.18,207.24,207.28,207.32,207.36,207.42000000000002,207.46,207.46,207.5
2021-07-03 06:00:00,278.2,278.22,278.22,278.28000000000003,278.28000000000003,278.3,278.3,278.3,278.32,278.32,278.32,278.14,278.14,278.22,278.22,278.22,278.24,278.24,278.24,278.26,278.26,278.26,278.08,278.14,278.16,278.16,278.16,278.18,278.18,278.18,278.18,278.2,278.2,278.08,278.08,278.1,278.1,278.1,278.12,278.12,278.12,278.12,278.14,278.14,278.02,278.02,278.04,278.04,278.04,278.04,278.06,278.06,278.06,278.08,278.08,277.96,277.96,277.98,277.98,277.98,277.98,278.0,278.0,278.0,278.02,278.02,277.90000000000003,277.90000000000003,277.90000000000003,277.92,277.92,277.92,277.94,277.94,277.94,277.96,277.96,277.84000000000003,277.84000000000003,277.84000000000003,277.86,277.86,277.86,277.88,277.88,277.88,277.88,277.90000000000003,277.76,277.78000000000003,277.78000000000003,277.8,277.8,277.8,277.82,277.82,277.82,277.82,277.84000000000003,277.7,277.72,277.72,277.72,277.74,277.74,277.74,277.76,277.76,277.76,277.78000000000003,277.64,277.66,277.66,277.66,277.66,277.68,277.68,277.7,277.7,277.7,277.72
2021-08-23 00:00:00,92.98,93.0,93.02,93.04,93.06,93.08,93.10000000000001,93.10000000000001,93.12,93.14,93.16,93.02,93.04,93.06,93.08,93.10000000000001,93.10000000000001,93.12,93.14,93.16,93.18,93.2,93.04,93.06,93.08,93.08,93.10000000000001,93.12,93.14,93.16,93.18,93.2,93.22,93.08,93.08,93.10000000000001,93.12,93.14,93.16,93.18,93.2,93.22,93.24,93.26,93.10000000000001,93.12,93.14,93.16,93.18,93.2,93.22,93.24,93.26,93.28,93.28,93.14,93.16,93.18,93.2,93.22,93.24,93.26,93.28,93.28,93.3,93.32000000000001,93.18,93.2,93.22,93.24,93.26,93.28,93.28,93.3,93.32000000000001,93.34,93.36,93.2,93.22,93.24,93.26,93.26,93.28,93.3,93.32000000000001,93.34,93.36,93.38,93.24,93.26,93.26,93.28,93.3,93.32000000000001,93.34,93.36,93.38,93.4,93.42,93.28,93.28,93.3,93.32000000000001,93.34,93.36,93.38,93.4,93.42,93.44,93.46000000000001,93.3,93.32000000000001,93.34,93.36,93.38,93.4,93.42,93.44,93.46000000000001,93.46000000000001,93.48
2021-06-08 02:00:00,84.28,84.16,84.18,84.18,84.2,84.2,84.22,84.22,84.24,84.24,84.24,84.28,84.28,84.3,84.3,84.3,84.32000000000001,84.32000000000001,84.34,84.34,84.34,84.36,84.38,84.4,84.4,84.42,84.42,84.44,84.44,84.44,84.46000000000001,84.46000000000001,84.48,84.5,84.5,84.52,84.52,84.52,84.54,84.54,84.56,84.56,84.58,84.58,84.60000000000001,84.62,84.62,84.62,84.64,84.64,84.66,84.66,84.68,84.68,84.7,84.72,84.72,84.74,84.74,84.76,84.76,84.78,84.78,84.8,84.8,84.82000000000001,84.82000000000001,84.84,84.84,84.86,84.86,84.88,84.88,84.9,84.9,84.9,84.92,84.94,84.94,84.96000000000001,84.96000000000001,84.98,84.98,85.0,85.0,85.02,85.02,85.04,85.04,85.06,85.06,85.08,85.10000000000001,85.10000000000001,85.10000000000001,85.12,85.12,85.14,85.14,85.16,85.18,85.18,85.2,85.2,85.2,85.22,85.22,85.24,85.26,85.26,85.28,85.28,85.28,85.3,85.3,85.32000000000001,85.34,85.34,85.36,85.36,85.38
2021-07-19 05:00:00,269.44,269.46,269.46,269.58,269.6,269.6,269.62,269.64,269.64,269.66,269.68,269.3,269.32,269.46,269.46,269.48,269.5,269.5,269.52,269.54,269.56,269.56,269.2,269.32,269.34000000000003,269.36,269.36,269.38,269.4,269.42,269.42,269.42,269.44,269.2,269.2,269.22,269.24,269.26,269.26,269.26,269.28000000000003,269.3,269.32,269.32,269.08,269.1,269.1,269.12,269.14,269.14,269.16,269.16,269.18,269.2,269.22,268.96,268.98,269.0,269.0,269.02,269.02,269.04,269.06,269.08,269.08,269.1,268.86,268.86,268.86,268.88,268.9,268.92,268.92,268.94,268.96,268.98,269.0,268.72,268.74,268.76,268.76,268.78000000000003,268.8,268.82,268.84000000000003,268.84000000000003,268.84000000000003,268.86,268.6,268.62,268.64,268.66,268.68,268.68,268.7,268.7,268.72,268.74,268.76,268.5,268.5,268.52,268.54,268.56,268.58,268.58,268.6,268.6,268.62,268.64,268.38,268.4,268.42,268.42,268.42,268.44,268.46,268.48,268.5,268.52,268.52
2021-05-17 02:00:00,94.5,94.42,94.44,94.46000000000001,94.5,94.52,94.56,94.58,94.62,94.64,94.64,94.5,94.52,94.56,94.58,94.62,94.64,94.68,94.7,94.7,94.74,94.76,94.62,94.64,94.68,94.7,94.74,94.76,94.76,94.8,94.82000000000001,94.86,94.88,94.72,94.76,94.78,94.82000000000001,94.82000000000001,94.84,94.88,94.9,94.94,94.96000000000001,95.0,94.84,94.88,94.9,94.9,94.94,94.96000000000001,95.0,95.02,95.06,95.08,95.12,94.96000000000001,94.96000000000001,95.0,95.02,95.06,95.08,95.12,95.14,95.18,95.2,95.24,95.04,95.08,95.10000000000001,95.14,95.18,95.2,95.24,95.26,95.3,95.3,95.32000000000001,95.16,95.2,95.22,95.26,95.28,95.32000000000001,95.34,95.34,95.38,95.42,95.44,95.28,95.32000000000001,95.34,95.38,95.4,95.4,95.44,95.46000000000001,95.5,95.54,95.56,95.4,95.42,95.46000000000001,95.5,95.5,95.52,95.56,95.58,95.62,95.66,95.68,95.52,95.54,95.54,95.58,95.62,95.64,95.68,95.7,95.74000000000001,95.78,95.8
2021-08-31 06:00:00,254.96,254.96,255.0,255.06,255.1,255.12,255.16,255.18,255.20000000000002,255.24,255.26000000000002,254.88,254.92000000000002,255.0,255.02,255.06,255.08,255.1,255.14000000000001,255.16,255.16,255.20000000000002,254.84,254.92000000000002,254.94,254.98000000000002,255.0,255.04,255.06,255.06,255.1,255.12,255.14000000000001,254.84,254.88,254.9,254.94,254.96,254.98000000000002,254.98000000000002,255.02,255.04,255.08,255.1,254.8,254.82,254.86,254.88,254.88,254.92000000000002,254.94,254.98000000000002,255.0,255.04,255.06,254.76000000000002,254.78,254.78,254.82,254.84,254.88,254.9,254.92000000000002,254.96,254.98000000000002,255.02,254.68,254.70000000000002,254.74,254.76000000000002,254.8,254.82,254.86,254.88,254.9,254.94,254.94,254.64000000000001,254.66,254.68,254.72,254.74,254.78,254.8,254.84,254.84,254.86,254.9,254.58,254.62,254.64000000000001,254.68,254.70000000000002,254.74,254.76000000000002,254.76000000000002,254.8,254.82,254.84,254.54,254.58,254.6,254.62,254.66,254.66,254.68,254.72,254.74,254.78,254.8,254.5,254.52,254.56,254.56,254.58,254.62,254.64000000000001,254.68,254.70000000000002,254.72,254.76000000000002
2021-05-10 03:00:00,126.38000000000001,126.3,126.52,126.72,126.94,127.16,127.36,127.58,127.8,128.02,128.02,126.38000000000001,126.60000000000001,126.8,127.02,127.22,127.44,127.66,127.88000000000001,127.88000000000001,128.1,128.32,126.68,126.88000000000001,127.08,127.3,127.52,127.72,127.72,127.94,128.16,128.38,128.6,126.92,127.14,127.34,127.56,127.56,127.76,127.98,128.2,128.42000000000002,128.64000000000001,128.86,127.2,127.42,127.62,127.62,127.84,128.06,128.26,128.48,128.7,128.92000000000002,129.14000000000001,127.48,127.48,127.7,127.9,128.12,128.34,128.54,128.76,128.98,129.2,129.44,127.56,127.76,127.98,128.18,128.4,128.62,128.84,129.06,129.28,129.28,129.5,127.82000000000001,128.02,128.24,128.44,128.66,128.88,129.1,129.1,129.32,129.54,129.76,128.1,128.3,128.52,128.72,128.94,128.94,129.16,129.38,129.6,129.82,130.04,128.36,128.58,128.78,129.0,129.0,129.22,129.44,129.66,129.88,130.1,130.32,128.64000000000001,128.86,128.86,129.06,129.28,129.5,129.72,129.94,130.16,130.38,130.6
2021-10-07 03:00:00,170.82,170.92000000000002,171.02,171.1,171.20000000000002,171.3,171.3,171.38,171.48,171.58,171.66,170.86,170.94,171.04,171.14000000000001,171.14000000000001,171.22,171.32,171.42000000000002,171.5,171.6,171.70000000000002,170.88,170.98,171.06,171.06,171.16,171.26,171.34,171.44,171.54,171.62,171.72,170.92000000000002,170.92000000000002,171.0,171.1,171.18,171.28,171.38,171.46,171.56,171.66,171.74,170.84,170.94,171.04,171.12,171.22,171.32,171.4,171.5,171.58,171.58,171.68,170.86,170.96,171.04,171.14000000000001,171.24,171.32,171.42000000000002,171.42000000000002,171.52,171.6,171.70000000000002,170.9,170.98,171.08,171.16,171.26,171.26,171.36,171.44,171.54,171.64000000000001,171.72,170.92000000000002,171.02,171.1,171.20000000000002,171.20000000000002,171.3,171.38,171.48,171.56,171.66,171.76,170.96,171.04,171.04,171.14000000000001,171.22,171.32,171.42000000000002,171.5,171.6,171.70000000000002,171.78,170.88,170.98,171.06,171.16,171.24,171.34,171.44,171.52,171.62,171.72,171.72,170.9,171.0,171.1,171.18,171.28,171.38,171.46,171.56,171.56,171.64000000000001,171.74
2021-03-17 04:00:00,193.44,193.54,193.66,193.76,193.86,193.96,194.08,194.18,194.28,194.28,194.38,193.44,193.54,193.64000000000001,193.76,193.86,193.96,194.06,194.06,194.18,194.28,194.38,193.42000000000002,193.54,193.64000000000001,193.74,193.84,193.84,193.96,194.06,194.16,194.26,194.38,193.42000000000002,193.54,193.64000000000001,193.74,193.74,193.84,193.94,194.06,194.16,194.26,194.36,193.42000000000002,193.52,193.52,193.64000000000001,193.74,193.84,193.94,194.06,194.16,194.26,194.36,193.32,193.42000000000002,193.52,193.64000000000001,193.74,193.84,193.94,194.04,194.16,194.26,194.26,193.3,193.4,193.5,193.62,193.72,193.82,193.92000000000002,194.04,194.04,194.14000000000001,194.24,193.3,193.4,193.5,193.62,193.72,193.82,193.82,193.92000000000002,194.02,194.14000000000001,194.24,193.3,193.4,193.5,193.6,193.72,193.72,193.82,193.92000000000002,194.02,194.12,194.24,193.3,193.4,193.5,193.5,193.6,193.72,193.82,193.92000000000002,194.02,194.12,194.24,193.28,193.28,193.38,193.5,193.6,193.70000000000002,193.8,193.9,194.02,194.12,194.22
2021-05-06 01:00:00,92.88,92.9,92.92,92.94,92.96000000000001,93.0,93.02,93.04,93.06,93.06,93.08,92.94,92.96000000000001,92.98,93.02,93.04,93.06,93.08,93.08,93.10000000000001,93.12,93.14,93.0,93.04,93.06,93.08,93.10000000000001,93.10000000000001,93.12,93.14,93.16,93.18,93.2,93.06,93.10000000000001,93.12,93.12,93.14,93.16,93.18,93.2,93.22,93.24,93.26,93.14,93.16,93.16,93.18,93.2,93.22,93.24,93.26,93.28,93.32000000000001,93.34,93.18,93.2,93.22,93.24,93.26,93.28,93.3,93.34,93.36,93.38,93.38,93.24,93.26,93.28,93.3,93.32000000000001,93.34,93.38,93.4,93.4,93.42,93.44,93.3,93.32000000000001,93.34,93.36,93.38,93.42,93.42,93.44,93.46000000000001,93.48,93.5,93.36,93.38,93.4,93.44,93.44,93.46000000000001,93.48,93.5,93.52,93.54,93.56,93.42,93.44,93.48,93.48,93.5,93.52,93.54,93.56,93.58,93.60000000000001,93.64,93.5,93.5,93.52,93.54,93.56,93.58,93.60000000000001,93.62,93.66,93.68,93.7
2021-10-17 02:00:00,147.96,148.02,148.08,148.16,148.22,148.22,148.28,148.34,148.42000000000002,148.48,148.54,148.0,148.06,148.12,148.12,148.18,148.26,148.32,148.38,148.44,148.52,148.58,148.04,148.1,148.1,148.16,148.22,148.3,148.36,148.42000000000002,148.5,148.56,148.62,148.02,148.08,148.14000000000001,148.20000000000002,148.28,148.34,148.4,148.46,148.54,148.6,148.6,148.06,148.12,148.18,148.24,148.32,148.38,148.44,148.5,148.5,148.58,148.64000000000001,148.08,148.14000000000001,148.22,148.28,148.34,148.4,148.4,148.48,148.54,148.6,148.68,148.12,148.20000000000002,148.26,148.32,148.32,148.38,148.46,148.52,148.58,148.64000000000001,148.72,148.16,148.24,148.3,148.3,148.36,148.42000000000002,148.5,148.56,148.62,148.68,148.76,148.20000000000002,148.20000000000002,148.28,148.34,148.4,148.46,148.54,148.6,148.66,148.74,148.8,148.18,148.24,148.3,148.38,148.44,148.5,148.58,148.64000000000001,148.70000000000002,148.70000000000002,148.76,148.22,148.28,148.36,148.42000000000002,148.48,148.54,148.62,148.62,148.68,148.74,148.8
2021-09-18 03:00:00,163.5,163.62,163.74,163.86,163.98,164.1,164.22,164.34,164.34,164.46,164.58,163.56,163.68,163.8,163.92000000000002,164.02,164.14000000000001,164.14000000000001,164.26,164.38,164.5,164.62,163.58,163.70000000000002,163.82,163.94,163.94,164.06,164.18,164.3,164.42000000000002,164.54,164.66,163.64000000000001,163.76,163.88,163.88,164.0,164.12,164.24,164.36,164.48,164.6,164.72,163.70000000000002,163.70000000000002,163.8,163.92000000000002,164.04,164.16,164.28,164.4,164.52,164.64000000000001,164.76,163.62,163.74,163.86,163.98,164.1,164.22,164.34,164.46,164.58,164.58,164.70000000000002,163.66,163.78,163.9,164.02,164.14000000000001,164.26,164.38,164.38,164.5,164.62,164.74,163.72,163.84,163.96,164.08,164.18,164.18,164.3,164.42000000000002,164.54,164.66,164.78,163.76,163.88,164.0,164.12,164.12,164.24,164.36,164.48,164.6,164.72,164.84,163.82,163.94,163.94,164.06,164.18,164.3,164.4,164.52,164.64000000000001,164.76,164.88,163.74,163.86,163.98,164.08,164.20000000000002,164.32,164.44,164.56,164.68,164.8,164.8
2021-04-20 06:00:00,259.8,259.82,259.84000000000003,259.84000000000003,259.92,259.94,259.96,259.98,260.02,260.04,260.06,259.74,259.74,259.76,259.84000000000003,259.86,259.9,259.92,259.94,259.96,259.98,260.02,259.66,259.7,259.76,259.8,259.82,259.84000000000003,259.86,259.9,259.92,259.92,259.94,259.62,259.7,259.72,259.74,259.76,259.8,259.82,259.82,259.84000000000003,259.86,259.9,259.62,259.64,259.68,259.7,259.72,259.74,259.74,259.76,259.8,259.82,259.84000000000003,259.58,259.6,259.62,259.64,259.64,259.68,259.7,259.72,259.74,259.78000000000003,259.8,259.52,259.54,259.54,259.58,259.6,259.62,259.64,259.68,259.7,259.72,259.74,259.44,259.48,259.5,259.52,259.54,259.58,259.6,259.62,259.64,259.68,259.68,259.4,259.42,259.44,259.48,259.5,259.52,259.54,259.58,259.58,259.6,259.62,259.36,259.38,259.4,259.42,259.46,259.48,259.5,259.5,259.52,259.56,259.58,259.3,259.32,259.36,259.38,259.4,259.4,259.42,259.46,259.48,259.5,259.52
2021-06-25 06:00:00,279.08,279.08,279.08,279.14,279.14,279.16,279.16,279.16,279.16,279.18,279.18,279.0,279.02,279.08,279.08,279.08,279.1,279.1,279.1,279.1,279.12,279.12,278.94,279.02,279.02,279.02,279.02,279.04,279.04,279.04,279.04,279.04,279.06,278.94,278.96,278.96,278.96,278.96,278.98,278.98,278.98,278.98,278.98,279.0,278.88,278.90000000000003,278.90000000000003,278.90000000000003,278.90000000000003,278.90000000000003,278.92,278.92,278.92,278.94,278.94,278.82,278.84000000000003,278.84000000000003,278.84000000000003,278.84000000000003,278.84000000000003,278.86,278.86,278.86,278.88,278.88,278.76,278.76,278.78000000000003,278.78000000000003,278.78000000000003,278.78000000000003,278.8,278.8,278.8,278.82,278.82,278.7,278.7,278.72,278.72,278.72,278.72,278.74,278.74,278.74,278.74,278.76,278.64,278.64,278.66,278.66,278.66,278.66,278.68,278.68,278.68,278.68,278.7,278.58,278.58,278.6,278.6,278.6,278.6,278.6,278.62,278.62,278.62,278.64,278.52,278.52,278.54,278.54,278.54,278.54,278.54,278.56,278.56,278.56,278.58
2021-04-08 00:00:00,98.08,98.12,98.14,98.16,98.18,98.18,98.2,98.22,98.24000000000001,98.26,98.3,98.12,98.14,98.16,98.16,98.2,98.22,98.24000000000001,98.26,98.28,98.3,98.32000000000001,98.16,98.16,98.18,98.2,98.22,98.24000000000001,98.26,98.3,98.32000000000001,98.34,98.36,98.16,98.2,98.22,98.24000000000001,98.26,98.28,98.3,98.32000000000001,98.36,98.38,98.38,98.2,98.22,98.24000000000001,98.28,98.3,98.32000000000001,98.34,98.36,98.36,98.38,98.4,98.24000000000001,98.26,98.28,98.3,98.34,98.36,98.36,98.38,98.4,98.42,98.44,98.28,98.3,98.32000000000001,98.34,98.34,98.36,98.38,98.4,98.44,98.46000000000001,98.48,98.3,98.34,98.34,98.36,98.38,98.4,98.42,98.44,98.46000000000001,98.5,98.52,98.34,98.34,98.36,98.38,98.42,98.44,98.46000000000001,98.48,98.5,98.52,98.54,98.36,98.38,98.4,98.42,98.44,98.48,98.5,98.52,98.54,98.54,98.56,98.38,98.42,98.44,98.46000000000001,98.48,98.5,98.52,98.52,98.54,98.58,98.60000000000001
2021-06-23 03:00:00,80.02,79.68,79.64,79.62,79.58,79.56,79.52,79.48,79.46000000000001,79.42,79.42,80.02,79.98,79.96000000000001,79.92,79.9,79.86,79.84,79.8,79.8,79.78,79.74,80.32000000000001,80.3,80.28,80.24,80.22,80.18,80.18,80.16,80.12,80.10000000000001,80.06,80.64,80.62,80.60000000000001,80.56,80.56,80.54,80.52,80.48,80.46000000000001,80.44,80.4,80.96000000000001,80.92,80.9,80.9,80.88,80.86,80.84,80.8,80.78,80.76,80.72,81.26,81.26,81.24,81.22,81.2,81.18,81.16,81.14,81.10000000000001,81.08,81.06,81.60000000000001,81.58,81.56,81.54,81.52,81.5,81.48,81.46000000000001,81.44,81.44,81.42,81.92,81.9,81.88,81.86,81.84,81.82000000000001,81.8,81.8,81.78,81.76,81.74,82.24,82.22,82.2,82.18,82.16,82.16,82.14,82.14,82.12,82.10000000000001,82.08,82.54,82.54,82.52,82.5,82.5,82.48,82.48,82.46000000000001,82.44,82.42,82.4,82.86,82.86,82.86,82.84,82.82000000000001,82.82000000000001,82.8,82.78,82.78,82.76,82.74
2021-04-07 04:00:00,204.74,204.92000000000002,205.04,205.18,205.32,205.46,205.6,205.74,205.88,205.88,206.0,204.74,204.88,205.02,205.16,205.3,205.42000000000002,205.56,205.56,205.70000000000002,205.84,205.98000000000002,204.68,204.82,204.96,205.1,205.24,205.24,205.38,205.52,205.64000000000001,205.78,205.92000000000002,204.66,204.8,204.94,205.06,205.06,205.20000000000002,205.34,205.48000000000002,205.62,205.76,205.88,204.62,204.76,204.76,204.9,205.04,205.18,205.32,205.44,205.58,205.72,205.86,204.46,204.6,204.74,204.86,205.0,205.14000000000001,205.28,205.42000000000002,205.54,205.68,205.68,204.42000000000002,204.56,204.70000000000002,204.82,204.96,205.1,205.24,205.38,205.38,205.5,205.64000000000001,204.38,204.52,204.66,204.8,204.94,205.06,205.06,205.20000000000002,205.34,205.48000000000002,205.62,204.36,204.5,204.64000000000001,204.76,204.9,204.9,205.04,205.18,205.3,205.44,205.58,204.32,204.46,204.6,204.6,204.74,204.88,205.0,205.14000000000001,205.28,205.42000000000002,205.54,204.28,204.28,204.42000000000002,204.54,204.68,204.82,204.96,205.1,205.22,205.36,205.5
2021-04-18 07:00:00,266.26,266.28000000000003,266.3,266.32,266.32,266.36,266.38,266.4,266.42,266.44,266.44,266.22,266.24,266.24,266.26,266.32,266.32,266.34000000000003,266.36,266.38,266.4,266.42,266.18,266.2,266.22,266.26,266.28000000000003,266.3,266.32,266.34000000000003,266.36,266.38,266.38,266.14,266.16,266.22,266.24,266.26,266.26,266.28000000000003,266.3,266.3,266.32,266.34000000000003,266.12,266.16,266.18,266.2,266.22,266.24,266.26,266.26,266.28000000000003,266.3,266.32,266.12,266.14,266.16,266.18,266.2,266.2,266.22,266.22,266.24,266.26,266.28000000000003,266.1,266.1,266.12,266.12,266.14,266.16,266.18,266.2,266.22,266.24,266.26,266.06,266.06,266.08,266.1,266.12,266.14,266.14,266.16,266.18,266.2,266.22,266.02,266.02,266.04,266.06,266.08,266.1,266.12,266.14,266.16,266.16,266.18,265.98,266.0,266.02,266.04,266.06,266.08,266.1,266.1,266.1,266.12,266.14,265.96,265.96,265.98,266.0,266.02,266.04,266.04,266.06,266.08,266.1,266.12
2021-04-06 02:00:00,122.12,122.18,122.24000000000001,122.3,122.36,122.42,122.48,122.48,122.56,122.62,122.68,122.2,122.26,122.32000000000001,122.38,122.44,122.44,122.5,122.56,122.64,122.7,122.76,122.26,122.32000000000001,122.38,122.38,122.46000000000001,122.52,122.58,122.64,122.7,122.76,122.82000000000001,122.34,122.4,122.4,122.46000000000001,122.54,122.60000000000001,122.66,122.72,122.78,122.84,122.9,122.36,122.42,122.48,122.54,122.62,122.68,122.74000000000001,122.8,122.86,122.92,122.92,122.44,122.5,122.56,122.62,122.68,122.76,122.82000000000001,122.88,122.88,122.94,123.0,122.52,122.58,122.64,122.7,122.76,122.82000000000001,122.82000000000001,122.9,122.96000000000001,123.02,123.08,122.60000000000001,122.66,122.72,122.78,122.78,122.84,122.9,122.98,123.04,123.10000000000001,123.16,122.68,122.74000000000001,122.8,122.8,122.86,122.92,122.98,123.04,123.12,123.18,123.24000000000001,122.76,122.76,122.82000000000001,122.88,122.94,123.0,123.06,123.12,123.2,123.26,123.32000000000001,122.76,122.82000000000001,122.88,122.94,123.02,123.08,123.14,123.2,123.26,123.26,123.32000000000001
2021-01-31 06:00:00,222.8,222.84,222.88,222.94,222.98000000000002,223.02,223.06,223.1,223.14000000000001,223.14000000000001,223.18,222.8,222.84,222.88,222.92000000000002,222.96,223.0,223.04,223.08,223.08,223.12,223.16,222.78,222.84,222.88,222.92000000000002,222.96,223.0,223.0,223.04,223.08,223.12,223.16,222.78,222.82,222.86,222.9,222.9,222.94,222.98000000000002,223.02,223.06,223.1,223.14000000000001,222.76,222.8,222.8,222.84,222.88,222.92000000000002,222.96,223.0,223.04,223.08,223.12,222.70000000000002,222.74,222.78,222.82,222.86,222.9,222.94,222.98000000000002,223.02,223.06,223.06,222.70000000000002,222.74,222.78,222.82,222.86,222.9,222.94,222.98000000000002,223.02,223.02,223.06,222.68,222.72,222.76,222.8,222.84,222.88,222.92000000000002,222.92000000000002,222.96,223.0,223.04,222.66,222.70000000000002,222.74,222.78,222.82,222.82,222.86,222.9,222.94,222.98000000000002,223.02,222.64000000000001,222.68,222.72,222.72,222.76,222.8,222.84,222.88,222.92000000000002,222.96,223.0,222.62,222.62,222.66,222.70000000000002,222.74,222.78,222.82,222.86,222.9,222.94,222.98000000000002
2021-05-20 06:00:00,273.62,273.64,273.64,273.64,273.72,273.72,273.74,273.74,273.76,273.76,273.78000000000003,273.56,273.56,273.58,273.64,273.66,273.66,273.68,273.7,273.7,273.72,273.72,273.5,273.52,273.58,273.6,273.6,273.62,273.62,273.64,273.64,273.64,273.66,273.44,273.52,273.52,273.54,273.54,273.56,273.58,273.58,273.58,273.6,273.6,273.44,273.46,273.46,273.48,273.5,273.5,273.5,273.52,273.52,273.54,273.56,273.38,273.40000000000003,273.42,273.42,273.42,273.44,273.44,273.46,273.48,273.48,273.5,273.34000000000003,273.34000000000003,273.34000000000003,273.36,273.38,273.38,273.40000000000003,273.40000000000003,273.42,273.44,273.44,273.26,273.28000000000003,273.28000000000003,273.3,273.32,273.32,273.34000000000003,273.34000000000003,273.36,273.38,273.38,273.22,273.22,273.24,273.24,273.26,273.28000000000003,273.28000000000003,273.3,273.3,273.3,273.32,273.16,273.16,273.18,273.2,273.2,273.22,273.22,273.22,273.24,273.26,273.26,273.1,273.12,273.12,273.14,273.14,273.14,273.16,273.18,273.18,273.2,273.22
2021-04-03 03:00:00,153.74,153.86,153.98,154.12,154.24,154.38,154.5,154.62,154.62,154.76,154.88,153.8,153.94,154.06,154.20000000000002,154.32,154.44,154.44,154.58,154.70000000000002,154.84,154.96,153.86,154.0,154.12,154.24,154.24,154.38,154.5,154.64000000000001,154.76,154.9,155.02,153.94,154.06,154.20000000000002,154.20000000000002,154.32,154.46,154.58,154.70000000000002,154.84,154.96,155.1,154.02,154.02,154.14000000000001,154.28,154.4,154.52,154.66,154.78,154.92000000000002,155.04,155.18,153.96,154.1,154.22,154.34,154.48,154.6,154.74,154.86,154.98,154.98,155.12,154.04,154.16,154.28,154.42000000000002,154.54,154.68,154.8,154.8,154.92000000000002,155.06,155.18,154.12,154.24,154.36,154.5,154.62,154.62,154.74,154.88,155.0,155.14000000000001,155.26,154.18,154.32,154.44,154.56,154.56,154.70000000000002,154.82,154.94,155.08,155.20000000000002,155.34,154.26,154.38,154.38,154.52,154.64000000000001,154.76,154.9,155.02,155.16,155.28,155.4,154.20000000000002,154.32,154.44,154.58,154.70000000000002,154.82,154.96,155.08,155.20000000000002,155.34,155.34
2021-05-21 03:00:00,108.04,107.82000000000001,107.96000000000001,108.10000000000001,108.24000000000001,108.38,108.54,108.68,108.84,109.0,109.0,108.04,108.18,108.34,108.48,108.62,108.78,108.92,109.08,109.08,109.22,109.38,108.42,108.56,108.7,108.86,109.0,109.16,109.16,109.3,109.46000000000001,109.62,109.78,108.78,108.92,109.06,109.22,109.22,109.36,109.52,109.68,109.84,109.98,110.14,109.14,109.3,109.44,109.44,109.60000000000001,109.74000000000001,109.9,110.06,110.22,110.38,110.54,109.52,109.52,109.66,109.82000000000001,109.98,110.12,110.28,110.44,110.60000000000001,110.76,110.94,109.74000000000001,109.88,110.04,110.2,110.34,110.5,110.66,110.82000000000001,111.0,111.0,111.16,110.10000000000001,110.24000000000001,110.4,110.56,110.72,110.88,111.04,111.04,111.2,111.36,111.54,110.46000000000001,110.62,110.78,110.92,111.08,111.08,111.26,111.42,111.58,111.74000000000001,111.92,110.82000000000001,110.98,111.14,111.3,111.3,111.46000000000001,111.62,111.8,111.96000000000001,112.14,112.3,111.2,111.36,111.36,111.52,111.68,111.84,112.0,112.18,112.34,112.52,112.68
2021-04-20 07:00:00,267.14,267.16,267.16,267.18,267.18,267.24,267.26,267.26,267.28000000000003,267.3,267.32,267.1,267.12,267.12,267.14,267.18,267.2,267.22,267.24,267.26,267.28000000000003,267.3,267.06,267.08,267.1,267.14,267.16,267.18,267.2,267.2,267.22,267.24,267.24,267.02,267.04,267.1,267.1,267.12,267.14,267.16,267.18,267.18,267.2,267.22,267.0,267.04,267.06,267.08,267.1,267.12,267.14,267.14,267.14,267.16,267.18,267.0,267.02,267.04,267.04,267.06,267.06,267.08,267.1,267.12,267.14,267.16,266.96,266.98,267.0,267.0,267.02,267.04,267.06,267.08,267.1,267.1,267.12,266.94,266.94,266.96,266.96,266.98,267.0,267.02,267.04,267.06,267.08,267.1,266.88,266.9,266.92,266.94,266.96,266.98,267.0,267.02,267.02,267.02,267.04,266.86,266.88,266.9,266.9,266.92,266.94,266.96,266.98,266.98,267.0,267.02,266.82,266.84000000000003,266.86,266.88,266.9,266.92,266.92,266.94,266.96,266.96,266.98
2021-09-29 03:00:00,168.28,168.4,168.5,168.6,168.70000000000002,168.8,168.9,169.0,169.0,169.12,169.22,168.32,168.42000000000002,168.52,168.64000000000001,168.74,168.84,168.84,168.94,169.04,169.14000000000001,169.26,168.36,168.46,168.56,168.66,168.66,168.76,168.86,168.96,169.08,169.18,169.28,168.38,168.5,168.6,168.6,168.70000000000002,168.8,168.9,169.0,169.1,169.22,169.32,168.42000000000002,168.42000000000002,168.52,168.64000000000001,168.74,168.84,168.94,169.04,169.14000000000001,169.24,169.36,168.36,168.46,168.56,168.66,168.76,168.88,168.98,169.08,169.18,169.18,169.28,168.38,168.48,168.58,168.68,168.8,168.9,169.0,169.0,169.1,169.20000000000002,169.3,168.42000000000002,168.52,168.62,168.72,168.82,168.82,168.92000000000002,169.04,169.14000000000001,169.24,169.34,168.46,168.56,168.66,168.76,168.76,168.86,168.96,169.06,169.16,169.28,169.38,168.48,168.6,168.6,168.70000000000002,168.8,168.9,169.0,169.1,169.20000000000002,169.3,169.4,168.42000000000002,168.52,168.62,168.72,168.82,168.92000000000002,169.02,169.14000000000001,169.24,169.34,169.34
2021-10-11 04:00:00,201.12,201.20000000000002,201.28,201.36,201.44,201.52,201.6,201.6,201.68,201.74,201.82,201.1,201.18,201.26,201.34,201.42000000000002,201.42000000000002,201.5,201.58,201.66,201.74,201.82,201.1,201.18,201.24,201.32,201.32,201.4,201.48000000000002,201.56,201.64000000000001,201.72,201.8,201.08,201.16,201.16,201.24,201.32,201.4,201.48000000000002,201.56,201.64000000000001,201.72,201.8,201.0,201.08,201.16,201.22,201.3,201.38,201.46,201.54,201.62,201.70000000000002,201.70000000000002,200.98000000000002,201.06,201.12,201.20000000000002,201.28,201.36,201.44,201.52,201.52,201.6,201.68,200.96,201.04,201.12,201.20000000000002,201.28,201.36,201.36,201.44,201.52,201.6,201.66,200.96,201.04,201.1,201.18,201.26,201.26,201.34,201.42000000000002,201.5,201.58,201.66,200.94,201.02,201.1,201.1,201.18,201.26,201.34,201.42000000000002,201.5,201.58,201.66,200.92000000000002,200.92000000000002,201.0,201.08,201.16,201.24,201.32,201.4,201.48000000000002,201.56,201.64000000000001,200.84,200.92000000000002,201.0,201.08,201.16,201.24,201.32,201.38,201.46,201.46,201.54
2021-08-20 04:00:00,213.78,214.04,214.22,214.38,214.56,214.74,214.9,215.08,215.26,215.26,215.42000000000002,213.78,213.96,214.14000000000001,214.32,214.48000000000002,214.66,214.82,214.82,215.0,215.18,215.34,213.68,213.86,214.04,214.20000000000002,214.38,214.38,214.56,214.72,214.9,215.06,215.24,213.6,213.78,213.96,214.12,214.12,214.3,214.48000000000002,214.64000000000001,214.82,214.98000000000002,215.16,213.54,213.70000000000002,213.70000000000002,213.88,214.06,214.22,214.4,214.56,214.74,214.92000000000002,215.08,213.28,213.46,213.62,213.8,213.98000000000002,214.14000000000001,214.32,214.5,214.66,214.84,214.84,213.20000000000002,213.36,213.54,213.72,213.88,214.06,214.24,214.4,214.4,214.58,214.74,213.12,213.3,213.46,213.64000000000001,213.82,213.98000000000002,213.98000000000002,214.16,214.32,214.5,214.66,213.04,213.22,213.4,213.56,213.74,213.74,213.9,214.08,214.26,214.42000000000002,214.6,212.98000000000002,213.14000000000001,213.32,213.32,213.5,213.66,213.84,214.0,214.18,214.34,214.52,212.88,212.88,213.04,213.22,213.4,213.56,213.74,213.9,214.08,214.24,214.42000000000002
2021-09-29 02:00:00,139.32,139.4,139.46,139.54,139.6,139.68,139.74,139.74,139.82,139.88,139.96,139.38,139.46,139.52,139.6,139.66,139.66,139.74,139.8,139.88,139.94,140.02,139.44,139.5,139.58,139.58,139.64000000000001,139.72,139.78,139.86,139.92000000000002,140.0,140.06,139.5,139.56,139.56,139.64000000000001,139.70000000000002,139.78,139.84,139.92000000000002,139.98,140.06,140.12,139.48,139.54,139.62,139.68,139.76,139.82,139.9,139.96,140.04,140.1,140.1,139.54,139.6,139.68,139.74,139.82,139.88,139.96,140.02,140.02,140.1,140.16,139.58,139.66,139.72,139.8,139.86,139.92000000000002,139.92000000000002,140.0,140.06,140.14000000000001,140.22,139.64000000000001,139.70000000000002,139.78,139.84,139.84,139.92000000000002,139.98,140.06,140.12,140.20000000000002,140.26,139.70000000000002,139.76,139.84,139.84,139.9,139.98,140.04,140.12,140.18,140.26,140.32,139.76,139.76,139.82,139.88,139.96,140.02,140.1,140.16,140.24,140.3,140.38,139.74,139.8,139.88,139.94,140.02,140.08,140.16,140.22,140.3,140.3,140.36
2021-08-20 03:00:00,140.34,140.5,140.68,140.84,141.0,141.16,141.32,141.5,141.5,141.66,141.82,140.5,140.66,140.82,140.98,141.14000000000001,141.3,141.3,141.48,141.64000000000001,141.8,141.98,140.62,140.78,140.94,141.1,141.1,141.26,141.44,141.6,141.76,141.92000000000002,142.1,140.76,140.92000000000002,141.08,141.08,141.24,141.42000000000002,141.58,141.74,141.9,142.08,142.24,140.9,140.9,141.06,141.24,141.4,141.56,141.72,141.88,142.06,142.22,142.38,140.88,141.06,141.22,141.38,141.54,141.70000000000002,141.86,142.04,142.20000000000002,142.20000000000002,142.36,141.02,141.18,141.34,141.5,141.68,141.84,142.0,142.0,142.16,142.32,142.5,141.16,141.32,141.48,141.66,141.82,141.82,141.98,142.14000000000001,142.3,142.48,142.64000000000001,141.3,141.46,141.64000000000001,141.8,141.8,141.96,142.12,142.28,142.46,142.62,142.78,141.46,141.62,141.62,141.78,141.94,142.1,142.26,142.42000000000002,142.6,142.76,142.92000000000002,141.4,141.56,141.74,141.9,142.06,142.22,142.38,142.54,142.72,142.88,142.88
2021-05-12 23:00:00,80.38,80.4,80.4,80.42,80.44,80.44,80.46000000000001,80.46000000000001,80.48,80.5,80.5,80.4,80.42,80.44,80.44,80.46000000000001,80.46000000000001,80.48,80.48,80.5,80.52,80.54,80.42,80.44,80.46000000000001,80.46000000000001,80.48,80.48,80.5,80.52,80.52,80.54,80.56,80.46000000000001,80.46000000000001,80.46000000000001,80.48,80.5,80.5,80.52,80.54,80.54,80.56,80.58,80.46000000000001,80.48,80.48,80.5,80.52,80.54,80.54,80.56,80.58,80.58,80.58,80.48,80.5,80.52,80.52,80.54,80.56,80.58,80.58,80.58,80.60000000000001,80.62,80.52,80.52,80.54,80.56,80.56,80.58,80.58,80.60000000000001,80.62,80.62,80.64,80.54,80.54,80.56,80.58,80.58,80.60000000000001,80.60000000000001,80.62,80.64,80.64,80.66,80.56,80.58,80.58,80.58,80.60000000000001,80.62,80.64,80.64,80.66,80.68,80.68,80.58,80.58,80.60000000000001,80.62,80.62,80.64,80.66,80.66,80.68,80.7,80.72,80.60000000000001,80.60000000000001,80.62,80.64,80.66,80.66,80.68,80.7,80.7,80.7,80.72
2021-04-25 03:00:00,143.14000000000001,143.32,143.52,143.70000000000002,143.9,144.08,144.28,144.46,144.46,144.66,144.86,143.3,143.48,143.68,143.86,144.06,144.24,144.24,144.44,144.62,144.82,145.02,143.42000000000002,143.62,143.8,144.0,144.0,144.18,144.38,144.56,144.76,144.94,145.14000000000001,143.58,143.78,143.96,143.96,144.16,144.34,144.54,144.72,144.92000000000002,145.1,145.3,143.74,143.74,143.94,144.12,144.3,144.5,144.68,144.88,145.06,145.26,145.46,143.72,143.9,144.08,144.28,144.46,144.66,144.84,145.04,145.22,145.22,145.42000000000002,143.86,144.04,144.22,144.42000000000002,144.6,144.8,144.98,144.98,145.18,145.36,145.56,144.02,144.20000000000002,144.38,144.58,144.76,144.76,144.94,145.14000000000001,145.32,145.52,145.72,144.16,144.36,144.54,144.72,144.72,144.92000000000002,145.1,145.3,145.48,145.68,145.86,144.32,144.5,144.5,144.70000000000002,144.88,145.06,145.26,145.44,145.64000000000001,145.82,146.02,144.26,144.44,144.64000000000001,144.82,145.0,145.20000000000002,145.38,145.56,145.76,145.96,145.96
2021-06-23 01:00:00,80.62,80.62,80.64,80.64,80.66,80.66,80.66,80.68,80.68,80.68,80.7,80.68,80.68,80.7,80.7,80.72,80.72,80.72,80.72,80.74,80.74,80.76,80.74,80.74,80.76,80.76,80.78,80.78,80.78,80.8,80.8,80.8,80.82000000000001,80.8,80.8,80.82000000000001,80.82000000000001,80.82000000000001,80.84,80.84,80.86,80.86,80.86,80.88,80.86,80.86,80.86,80.88,80.88,80.9,80.9,80.92,80.92,80.94,80.94,80.9,80.92,80.92,80.94,80.94,80.96000000000001,80.96000000000001,80.98,80.98,81.0,81.0,80.96000000000001,80.98,80.98,81.0,81.0,81.02,81.02,81.04,81.04,81.04,81.06,81.02,81.04,81.04,81.06,81.06,81.08,81.08,81.08,81.10000000000001,81.10000000000001,81.12,81.08,81.10000000000001,81.10000000000001,81.12,81.12,81.12,81.14,81.14,81.16,81.16,81.18,81.14,81.16,81.16,81.16,81.18,81.18,81.2,81.2,81.22,81.22,81.24,81.2,81.2,81.22,81.22,81.24,81.24,81.26,81.26,81.28,81.28,81.3
2021-09-01 02:00:00,119.7,119.76,119.84,119.9,119.96000000000001,120.02,120.08,120.14,120.14,120.2,120.26,119.8,119.86,119.92,119.98,120.04,120.10000000000001,120.10000000000001,120.16,120.22,120.3,120.36,119.88,119.94,120.0,120.06,120.06,120.12,120.18,120.24000000000001,120.3,120.38,120.44,119.96000000000001,120.02,120.08,120.08,120.14,120.2,120.26,120.34,120.4,120.46000000000001,120.52,120.04,120.04,120.10000000000001,120.16,120.22,120.3,120.36,120.42,120.48,120.54,120.60000000000001,120.06,120.12,120.18,120.26,120.32000000000001,120.38,120.44,120.5,120.56,120.56,120.64,120.14,120.2,120.28,120.34,120.4,120.46000000000001,120.52,120.52,120.58,120.64,120.72,120.24000000000001,120.3,120.36,120.42,120.48,120.48,120.54,120.60000000000001,120.68,120.74000000000001,120.8,120.32000000000001,120.38,120.44,120.5,120.5,120.56,120.64,120.7,120.76,120.82000000000001,120.88,120.4,120.46000000000001,120.46000000000001,120.52,120.60000000000001,120.66,120.72,120.78,120.84,120.9,120.98,120.42,120.48,120.54,120.60000000000001,120.66,120.74000000000001,120.8,120.86,120.92,120.98,120.98
2021-05-21 00:00:00,82.44,82.46000000000001,82.46000000000001,82.48,82.5,82.5,82.52,82.52,82.52,82.54,82.56,82.48,82.5,82.5,82.52,82.52,82.54,82.54,82.56,82.56,82.58,82.60000000000001,82.52,82.52,82.54,82.56,82.56,82.56,82.58,82.60000000000001,82.60000000000001,82.62,82.64,82.56,82.56,82.56,82.58,82.60000000000001,82.60000000000001,82.62,82.64,82.64,82.66,82.68,82.60000000000001,82.60000000000001,82.60000000000001,82.62,82.64,82.64,82.66,82.68,82.68,82.7,82.72,82.62,82.64,82.64,82.66,82.68,82.68,82.7,82.72,82.72,82.72,82.74,82.66,82.68,82.68,82.7,82.72,82.72,82.74,82.74,82.76,82.76,82.78,82.7,82.72,82.72,82.74,82.76,82.76,82.76,82.78,82.8,82.8,82.82000000000001,82.74,82.76,82.76,82.76,82.78,82.8,82.8,82.82000000000001,82.84,82.84,82.86,82.78,82.8,82.8,82.8,82.82000000000001,82.84,82.84,82.86,82.88,82.88,82.9,82.8,82.82000000000001,82.84,82.84,82.86,82.88,82.88,82.9,82.92,82.92,82.92
2021-02-01 06:00:00,223.02,223.06,223.1,223.14000000000001,223.18,223.22,223.26,223.3,223.34,223.34,223.38,223.0,223.04,223.1,223.14000000000001,223.18,223.22,223.26,223.3,223.3,223.34,223.38,222.98000000000002,223.04,223.08,223.12,223.16,223.20000000000002,223.20000000000002,223.24,223.28,223.32,223.36,222.98000000000002,223.02,223.06,223.1,223.1,223.14000000000001,223.18,223.22,223.26,223.3,223.34,222.96,223.0,223.0,223.04,223.08,223.12,223.16,223.20000000000002,223.24,223.28,223.32,222.92000000000002,222.96,223.0,223.04,223.08,223.12,223.16,223.20000000000002,223.24,223.28,223.28,222.9,222.94,222.98000000000002,223.02,223.06,223.1,223.14000000000001,223.18,223.22,223.22,223.26,222.88,222.92000000000002,222.96,223.0,223.04,223.08,223.12,223.12,223.16,223.20000000000002,223.24,222.86,222.9,222.94,222.98000000000002,223.02,223.02,223.06,223.1,223.14000000000001,223.18,223.22,222.84,222.88,222.92000000000002,222.92000000000002,222.96,223.0,223.04,223.08,223.12,223.16,223.20000000000002,222.84,222.84,222.88,222.92000000000002,222.96,223.0,223.04,223.08,223.12,223.16,223.20000000000002
2021-05-13 02:00:00,97.14,97.06,97.08,97.12,97.16,97.2,97.22,97.26,97.3,97.34,97.34,97.14,97.18,97.2,97.24000000000001,97.28,97.3,97.34,97.38,97.38,97.42,97.44,97.26,97.28,97.32000000000001,97.36,97.4,97.42,97.42,97.46000000000001,97.5,97.54,97.56,97.36,97.4,97.44,97.46000000000001,97.46000000000001,97.5,97.54,97.58,97.60000000000001,97.64,97.68,97.48,97.52,97.56,97.56,97.58,97.62,97.66,97.7,97.72,97.76,97.8,97.60000000000001,97.60000000000001,97.64,97.66,97.7,97.74000000000001,97.78,97.8,97.84,97.88,97.92,97.68,97.72,97.74000000000001,97.78,97.82000000000001,97.86,97.9,97.92,97.96000000000001,97.96000000000001,98.0,97.8,97.82000000000001,97.86,97.9,97.94,97.98,98.0,98.0,98.04,98.08,98.12,97.9,97.94,97.98,98.02,98.06,98.06,98.08,98.12,98.16,98.2,98.24000000000001,98.02,98.06,98.10000000000001,98.14,98.14,98.16,98.2,98.24000000000001,98.28,98.32000000000001,98.36,98.14,98.18,98.18,98.22,98.24000000000001,98.28,98.32000000000001,98.36,98.4,98.44,98.48
2021-10-08 01:00:00,126.14,126.18,126.24000000000001,126.28,126.28,126.32000000000001,126.36,126.4,126.46000000000001,126.5,126.54,126.18,126.22,126.22,126.28,126.32000000000001,126.36,126.4,126.44,126.48,126.54,126.58,126.22,126.22,126.28,126.32000000000001,126.36,126.4,126.44,126.48,126.54,126.58,126.62,126.22,126.26,126.32000000000001,126.36,126.4,126.44,126.48,126.54,126.58,126.58,126.62,126.26,126.32000000000001,126.36,126.4,126.44,126.48,126.54,126.54,126.58,126.62,126.66,126.3,126.34,126.4,126.44,126.48,126.48,126.52,126.56,126.62,126.66,126.7,126.34,126.4,126.44,126.44,126.48,126.52,126.56,126.62,126.66,126.7,126.74000000000001,126.4,126.44,126.44,126.48,126.52,126.56,126.60000000000001,126.66,126.7,126.74000000000001,126.78,126.38000000000001,126.44,126.48,126.52,126.56,126.60000000000001,126.66,126.7,126.74000000000001,126.78,126.78,126.42,126.48,126.52,126.56,126.60000000000001,126.64,126.7,126.74000000000001,126.74000000000001,126.78,126.82000000000001,126.48,126.52,126.56,126.60000000000001,126.64,126.7,126.7,126.74000000000001,126.78,126.82000000000001,126.86
2021-09-05 05:00:00,238.1,238.16,238.28,238.34,238.4,238.44,238.5,238.56,238.62,238.68,238.68,238.04,238.16,238.22,238.28,238.34,238.4,238.44,238.5,238.5,238.56,238.62,238.04,238.1,238.16,238.22,238.28,238.32,238.32,238.38,238.44,238.5,238.56,237.98000000000002,238.04,238.1,238.16,238.22,238.22,238.28,238.32,238.38,238.44,238.5,237.92000000000002,237.98000000000002,238.04,238.04,238.1,238.16,238.22,238.28,238.32,238.38,238.44,237.86,237.86,237.92000000000002,237.98000000000002,238.04,238.1,238.16,238.22,238.26,238.32,238.38,237.74,237.8,237.86,237.92000000000002,237.98000000000002,238.04,238.08,238.14000000000001,238.20000000000002,238.20000000000002,238.26,237.68,237.74,237.8,237.86,237.92000000000002,237.98000000000002,238.04,238.04,238.08,238.14000000000001,238.20000000000002,237.64000000000001,237.68,237.74,237.8,237.86,237.92000000000002,237.92000000000002,237.98000000000002,238.04,238.08,238.14000000000001,237.58,237.64000000000001,237.68,237.74,237.74,237.8,237.86,237.92000000000002,237.98000000000002,238.04,238.08,237.52,237.56,237.56,237.62,237.68,237.74,237.8,237.86,237.92000000000002,237.98000000000002,238.02
2021-09-01 08:00:00,269.14,269.16,269.18,269.18,269.2,269.22,269.24,269.24,269.26,269.28000000000003,269.3,269.12,269.14,269.16,269.18,269.18,269.18,269.2,269.24,269.26,269.26,269.28000000000003,269.1,269.12,269.14,269.14,269.16,269.18,269.2,269.22,269.24,269.26,269.28000000000003,269.08,269.08,269.1,269.12,269.14,269.18,269.18,269.2,269.22,269.24,269.26,269.06,269.08,269.1,269.1,269.14,269.16,269.18,269.18,269.2,269.22,269.22,269.04,269.06,269.08,269.1,269.12,269.14,269.16,269.18,269.18,269.2,269.2,269.02,269.04,269.08,269.1,269.1,269.12,269.12,269.14,269.16,269.18,269.2,269.02,269.04,269.06,269.08,269.08,269.1,269.1,269.12,269.14,269.16,269.18,269.0,269.02,269.02,269.04,269.06,269.08,269.1,269.12,269.12,269.14,269.16,268.98,269.0,269.02,269.02,269.04,269.06,269.08,269.1,269.12,269.12,269.14,268.96,268.98,269.0,269.02,269.02,269.04,269.06,269.08,269.1,269.1,269.12
2021-04-06 04:00:00,204.02,204.20000000000002,204.34,204.46,204.6,204.74,204.88,205.0,205.14000000000001,205.14000000000001,205.28,204.02,204.16,204.3,204.44,204.58,204.70000000000002,204.84,204.84,204.98000000000002,205.12,205.24,203.98000000000002,204.12,204.26,204.38,204.52,204.52,204.66,204.8,204.92000000000002,205.06,205.20000000000002,203.94,204.08,204.22,204.36,204.36,204.5,204.62,204.76,204.9,205.04,205.16,203.92000000000002,204.06,204.06,204.20000000000002,204.32,204.46,204.6,204.74,204.86,205.0,205.14000000000001,203.76,203.9,204.02,204.16,204.3,204.44,204.56,204.70000000000002,204.84,204.96,204.96,203.72,203.86,203.98000000000002,204.12,204.26,204.4,204.52,204.66,204.66,204.8,204.92000000000002,203.68,203.82,203.96,204.1,204.22,204.36,204.36,204.5,204.64000000000001,204.76,204.9,203.66,203.8,203.94,204.06,204.20000000000002,204.20000000000002,204.34,204.46,204.6,204.74,204.86,203.64000000000001,203.76,203.9,203.9,204.04,204.18,204.3,204.44,204.58,204.70000000000002,204.84,203.58,203.58,203.72,203.86,203.98000000000002,204.12,204.26,204.4,204.52,204.66,204.8
2021-09-05 06:00:00,252.64000000000001,252.64000000000001,252.68,252.74,252.78,252.8,252.84,252.86,252.9,252.92000000000002,252.96,252.58,252.6,252.68,252.70000000000002,252.74,252.76000000000002,252.8,252.82,252.86,252.86,252.88,252.52,252.6,252.64000000000001,252.66,252.70000000000002,252.72,252.76000000000002,252.76000000000002,252.78,252.82,252.84,252.52,252.56,252.6,252.62,252.66,252.68,252.68,252.72,252.74,252.78,252.8,252.48000000000002,252.52,252.54,252.58,252.58,252.6,252.64000000000001,252.66,252.70000000000002,252.72,252.76000000000002,252.44,252.48000000000002,252.48000000000002,252.5,252.54,252.56,252.6,252.62,252.66,252.68,252.72,252.36,252.4,252.42000000000002,252.46,252.5,252.52,252.56,252.58,252.62,252.64000000000001,252.64000000000001,252.32,252.36,252.38,252.42000000000002,252.44,252.48000000000002,252.5,252.54,252.54,252.58,252.6,252.28,252.32,252.34,252.38,252.4,252.44,252.46,252.46,252.5,252.52,252.56,252.24,252.28,252.3,252.34,252.36,252.36,252.4,252.42000000000002,252.46,252.48000000000002,252.52,252.20000000000002,252.22,252.26000000000002,252.26000000000002,252.3,252.32,252.36,252.38,252.42000000000002,252.44,252.48000000000002
2021-06-25 05:00:00,277.22,277.2,277.2,277.32,277.32,277.32,277.32,277.32,277.32,277.32,277.32,277.1,277.1,277.2,277.2,277.2,277.2,277.2,277.2,277.2,277.2,277.2,276.98,277.1,277.1,277.1,277.1,277.1,277.1,277.1,277.1,277.1,277.1,276.98,276.98,276.98,276.98,276.98,276.98,276.98,276.98,276.98,276.98,276.98,276.88,276.88,276.88,276.88,276.88,276.88,276.88,276.88,276.88,276.88,276.88,276.76,276.76,276.76,276.76,276.76,276.76,276.76,276.76,276.76,276.76,276.76,276.66,276.66,276.66,276.66,276.66,276.66,276.66,276.66,276.66,276.66,276.66,276.54,276.54,276.54,276.54,276.54,276.54,276.54,276.54,276.54,276.54,276.54,276.42,276.42,276.42,276.44,276.44,276.44,276.44,276.44,276.44,276.44,276.44,276.32,276.32,276.32,276.32,276.32,276.32,276.32,276.32,276.32,276.32,276.32,276.2,276.2,276.2,276.2,276.2,276.2,276.22,276.22,276.22,276.22,276.22
2021-06-14 03:00:00,80.84,80.48,80.46000000000001,80.44,80.4,80.38,80.34,80.3,80.28,80.24,80.24,80.84,80.82000000000001,80.8,80.76,80.74,80.72,80.68,80.66,80.66,80.62,80.60000000000001,81.18,81.16,81.12,81.10000000000001,81.08,81.06,81.06,81.02,81.0,80.98,80.94,81.52,81.5,81.48,81.44,81.44,81.42,81.4,81.38,81.36,81.32000000000001,81.3,81.86,81.84,81.8,81.8,81.78,81.76,81.74,81.72,81.7,81.68,81.66,82.18,82.18,82.16,82.14,82.12,82.12,82.10000000000001,82.06,82.04,82.02,82.0,82.54,82.52,82.5,82.5,82.48,82.46000000000001,82.44,82.42,82.4,82.4,82.38,82.88,82.86,82.84,82.84,82.82000000000001,82.8,82.78,82.78,82.78,82.76,82.74,83.22,83.2,83.2,83.18,83.16,83.16,83.16,83.14,83.12,83.12,83.10000000000001,83.56,83.54,83.54,83.52,83.52,83.52,83.5,83.5,83.48,83.46000000000001,83.46000000000001,83.9,83.88,83.88,83.88,83.88,83.86,83.86,83.84,83.84,83.82000000000001,83.82000000000001
2021-08-07 03:00:00,124.04,123.98,124.14,124.28,124.44,124.60000000000001,124.74000000000001,124.9,125.06,125.22,125.22,124.04,124.2,124.34,124.5,124.66,124.8,124.96000000000001,125.12,125.12,125.28,125.44,124.26,124.42,124.56,124.72,124.88000000000001,125.02,125.02,125.18,125.34,125.5,125.66,124.46000000000001,124.60000000000001,124.76,124.92,124.92,125.06,125.22,125.38000000000001,125.54,125.7,125.86,124.68,124.82000000000001,124.98,124.98,125.14,125.28,125.44,125.60000000000001,125.76,125.92,126.08,124.88000000000001,124.88000000000001,125.04,125.2,125.34,125.5,125.66,125.82000000000001,125.98,126.14,126.3,124.94,125.10000000000001,125.26,125.4,125.56,125.72,125.88000000000001,126.04,126.2,126.2,126.36,125.16,125.3,125.46000000000001,125.62,125.76,125.92,126.08,126.08,126.24000000000001,126.4,126.56,125.36,125.52,125.68,125.82000000000001,125.98,125.98,126.14,126.3,126.46000000000001,126.62,126.78,125.58,125.72,125.88000000000001,126.04,126.04,126.2,126.36,126.52,126.68,126.84,127.0,125.78,125.94,125.94,126.10000000000001,126.26,126.4,126.56,126.72,126.88000000000001,127.04,127.22
2021-08-18 02:00:00,108.72,108.66,108.72,108.76,108.82000000000001,108.86,108.92,108.96000000000001,109.02,109.06,109.06,108.72,108.76,108.82000000000001,108.86,108.92,108.96000000000001,109.02,109.06,109.06,109.12,109.16,108.8,108.86,108.9,108.96000000000001,109.0,109.06,109.06,109.10000000000001,109.16,109.2,109.26,108.9,108.94,109.0,109.04,109.04,109.10000000000001,109.14,109.2,109.24000000000001,109.3,109.36,109.0,109.04,109.10000000000001,109.10000000000001,109.14,109.2,109.24000000000001,109.3,109.34,109.4,109.44,109.10000000000001,109.10000000000001,109.14,109.2,109.24000000000001,109.3,109.34,109.4,109.44,109.5,109.54,109.14,109.18,109.24000000000001,109.28,109.34,109.38,109.44,109.5,109.54,109.54,109.60000000000001,109.24000000000001,109.28,109.34,109.38,109.44,109.48,109.54,109.54,109.58,109.64,109.68,109.32000000000001,109.38,109.42,109.48,109.52,109.52,109.58,109.64,109.68,109.74000000000001,109.78,109.42,109.48,109.52,109.58,109.58,109.62,109.68,109.72,109.78,109.84,109.88,109.52,109.58,109.58,109.62,109.68,109.72,109.78,109.82000000000001,109.88,109.94,109.98
2021-02-14 03:00:00,162.1,162.18,162.24,162.32,162.38,162.46,162.46,162.52,162.6,162.66,162.74,162.12,162.20000000000002,162.26,162.34,162.34,162.4,162.48,162.54,162.62,162.68,162.76,162.16,162.22,162.3,162.3,162.36,162.44,162.5,162.58,162.64000000000001,162.72,162.78,162.18,162.18,162.26,162.32,162.4,162.46,162.54,162.6,162.68,162.74,162.82,162.14000000000001,162.22,162.28,162.36,162.42000000000002,162.5,162.56,162.64000000000001,162.70000000000002,162.70000000000002,162.78,162.16,162.24,162.3,162.38,162.44,162.52,162.58,162.58,162.66,162.72,162.8,162.20000000000002,162.26,162.34,162.4,162.48,162.48,162.54,162.62,162.68,162.76,162.82,162.22,162.3,162.36,162.44,162.44,162.5,162.58,162.64000000000001,162.72,162.78,162.86,162.26,162.32,162.32,162.4,162.46,162.54,162.6,162.68,162.74,162.82,162.88,162.22,162.28,162.34,162.42000000000002,162.48,162.56,162.62,162.70000000000002,162.76,162.84,162.84,162.24,162.3,162.38,162.44,162.52,162.58,162.66,162.72,162.72,162.8,162.86
2021-09-04 03:00:00,154.54,154.68,154.84,154.98,155.12,155.26,155.4,155.56,155.56,155.70000000000002,155.84,154.64000000000001,154.78,154.92000000000002,155.06,155.20000000000002,155.34,155.34,155.5,155.64000000000001,155.78,155.92000000000002,154.70000000000002,154.84,154.98,155.12,155.12,155.26,155.4,155.56,155.70000000000002,155.84,155.98,154.78,154.92000000000002,155.06,155.06,155.20000000000002,155.34,155.5,155.64000000000001,155.78,155.92000000000002,156.08,154.86,154.86,155.0,155.14000000000001,155.3,155.44,155.58,155.72,155.86,156.0,156.16,154.8,154.94,155.08,155.24,155.38,155.52,155.66,155.8,155.94,155.94,156.1,154.88,155.02,155.16,155.3,155.44,155.58,155.74,155.74,155.88,156.02,156.16,154.96,155.1,155.24,155.38,155.54,155.54,155.68,155.82,155.96,156.1,156.24,155.04,155.18,155.32,155.48,155.48,155.62,155.76,155.9,156.04,156.18,156.32,155.12,155.28,155.28,155.42000000000002,155.56,155.70000000000002,155.84,155.98,156.12,156.26,156.42000000000002,155.06,155.20000000000002,155.34,155.48,155.62,155.76,155.9,156.04,156.18,156.32,156.32
2021-06-22 00:00:00,77.84,77.84,77.86,77.86,77.88,77.88,77.9,77.9,77.9,77.92,77.92,77.88,77.88,77.9,77.9,77.92,77.92,77.92,77.94,77.94,77.96000000000001,77.96000000000001,77.9,77.92,77.92,77.94,77.94,77.96000000000001,77.96000000000001,77.98,77.98,78.0,78.0,77.94,77.96000000000001,77.96000000000001,77.96000000000001,77.98,77.98,78.0,78.0,78.02,78.02,78.04,77.98,77.98,78.0,78.0,78.02,78.02,78.04,78.04,78.06,78.06,78.08,78.02,78.02,78.04,78.04,78.06,78.06,78.08,78.08,78.10000000000001,78.10000000000001,78.10000000000001,78.04,78.06,78.06,78.08,78.10000000000001,78.10000000000001,78.12,78.12,78.12,78.14,78.14,78.08,78.10000000000001,78.10000000000001,78.12,78.12,78.12,78.14,78.16,78.16,78.18,78.18,78.12,78.14,78.14,78.14,78.16,78.16,78.18,78.18,78.2,78.22,78.22,78.16,78.18,78.18,78.18,78.2,78.2,78.22,78.22,78.24,78.24,78.26,78.18,78.2,78.22,78.22,78.24,78.24,78.26,78.26,78.28,78.28,78.28
2021-01-24 05:00:00,206.08,206.14000000000001,206.20000000000002,206.24,206.3,206.36,206.4,206.4,206.46,206.5,206.56,206.08,206.14000000000001,206.18,206.24,206.3,206.34,206.34,206.4,206.44,206.5,206.56,206.08,206.12,206.18,206.24,206.24,206.28,206.34,206.38,206.44,206.5,206.54,206.06,206.12,206.12,206.18,206.22,206.28,206.32,206.38,206.44,206.48000000000002,206.54,206.0,206.06,206.1,206.16,206.20000000000002,206.26,206.32,206.36,206.42000000000002,206.46,206.46,205.98000000000002,206.04,206.1,206.14000000000001,206.20000000000002,206.26,206.3,206.36,206.36,206.4,206.46,205.98000000000002,206.04,206.08,206.14000000000001,206.20000000000002,206.24,206.3,206.3,206.34,206.4,206.46,205.98000000000002,206.02,206.08,206.14000000000001,206.18,206.18,206.24,206.28,206.34,206.4,206.44,205.96,206.02,206.06,206.06,206.12,206.18,206.22,206.28,206.32,206.38,206.44,205.96,205.96,206.0,206.06,206.12,206.16,206.22,206.26,206.32,206.38,206.42000000000002,205.9,205.94,206.0,206.06,206.1,206.16,206.20000000000002,206.26,206.32,206.32,206.36
2021-05-13 05:00:00,264.24,264.26,264.26,264.38,264.4,264.42,264.44,264.48,264.5,264.52,264.54,264.12,264.14,264.26,264.28000000000003,264.3,264.32,264.36,264.38,264.4,264.42,264.42,264.02,264.14,264.16,264.18,264.2,264.24,264.26,264.28000000000003,264.28000000000003,264.3,264.32,264.02,264.04,264.06,264.08,264.12,264.14,264.14,264.16,264.18,264.2,264.24,263.92,263.94,263.96,264.0,264.02,264.02,264.04,264.06,264.1,264.12,264.14,263.82,263.84000000000003,263.88,263.88,263.9,263.92,263.94,263.98,264.0,264.02,264.04,263.72,263.72,263.76,263.78000000000003,263.8,263.82,263.86,263.88,263.9,263.92,263.96,263.6,263.62,263.66,263.68,263.7,263.72,263.76,263.78000000000003,263.8,263.8,263.82,263.5,263.54,263.56,263.58,263.6,263.64,263.66,263.66,263.68,263.7,263.74,263.42,263.44,263.46,263.48,263.52,263.54,263.54,263.56,263.6,263.62,263.64,263.32,263.34000000000003,263.36,263.4,263.4,263.42,263.44,263.48,263.5,263.52,263.54
2021-04-14 01:00:00,103.7,103.74000000000001,103.76,103.8,103.82000000000001,103.86,103.9,103.9,103.92,103.96000000000001,103.98,103.76,103.8,103.82000000000001,103.86,103.88,103.88,103.92,103.94,103.98,104.02,104.04,103.82000000000001,103.84,103.88,103.88,103.9,103.94,103.98,104.0,104.04,104.06,104.10000000000001,103.88,103.9,103.9,103.94,103.96000000000001,104.0,104.02,104.06,104.10000000000001,104.12,104.16,103.9,103.92,103.96000000000001,104.0,104.02,104.06,104.08,104.12,104.14,104.18,104.18,103.96000000000001,103.98,104.02,104.04,104.08,104.12,104.14,104.18,104.18,104.2,104.24000000000001,104.0,104.04,104.08,104.10000000000001,104.14,104.16,104.16,104.2,104.24000000000001,104.26,104.3,104.06,104.10000000000001,104.12,104.16,104.16,104.2,104.22,104.26,104.28,104.32000000000001,104.36,104.12,104.16,104.18,104.18,104.22,104.24000000000001,104.28,104.32000000000001,104.34,104.38,104.4,104.18,104.18,104.22,104.24000000000001,104.28,104.3,104.34,104.38,104.4,104.44,104.46000000000001,104.2,104.24000000000001,104.26,104.3,104.32000000000001,104.36,104.4,104.42,104.46000000000001,104.46000000000001,104.48
2021-10-05 04:00:00,201.88,201.98000000000002,202.08,202.16,202.24,202.32,202.4,202.5,202.58,202.58,202.66,201.88,201.98000000000002,202.06,202.14000000000001,202.22,202.32,202.4,202.4,202.48000000000002,202.56,202.66,201.88,201.96,202.04,202.12,202.20000000000002,202.20000000000002,202.3,202.38,202.46,202.54,202.64000000000001,201.86,201.94,202.02,202.12,202.12,202.20000000000002,202.28,202.36,202.44,202.54,202.62,201.84,201.94,201.94,202.02,202.1,202.18,202.26,202.36,202.44,202.52,202.6,201.74,201.84,201.92000000000002,202.0,202.08,202.18,202.26,202.34,202.42000000000002,202.5,202.5,201.72,201.82,201.9,201.98000000000002,202.06,202.14000000000001,202.24,202.32,202.32,202.4,202.48000000000002,201.72,201.8,201.88,201.96,202.06,202.14000000000001,202.14000000000001,202.22,202.3,202.38,202.48000000000002,201.70000000000002,201.78,201.88,201.96,202.04,202.04,202.12,202.20000000000002,202.3,202.38,202.46,201.70000000000002,201.78,201.86,201.86,201.94,202.02,202.12,202.20000000000002,202.28,202.36,202.44,201.68,201.68,201.76,201.84,201.92000000000002,202.0,202.1,202.18,202.26,202.34,202.42000000000002
2021-02-23 05:00:00,212.36,212.44,212.5,212.56,212.62,212.68,212.74,212.8,212.8,212.86,212.94,212.36,212.42000000000002,212.48000000000002,212.54,212.6,212.66,212.66,212.72,212.78,212.84,212.9,212.34,212.4,212.46,212.52,212.58,212.58,212.64000000000001,212.70000000000002,212.76,212.82,212.88,212.32,212.38,212.44,212.44,212.5,212.56,212.62,212.68,212.74,212.82,212.88,212.3,212.3,212.36,212.42000000000002,212.48000000000002,212.54,212.6,212.66,212.74,212.8,212.86,212.22,212.28,212.34,212.4,212.46,212.52,212.58,212.64000000000001,212.70000000000002,212.70000000000002,212.76,212.20000000000002,212.26,212.32,212.38,212.44,212.5,212.56,212.56,212.62,212.68,212.74,212.18,212.24,212.3,212.36,212.42000000000002,212.48000000000002,212.48000000000002,212.54,212.6,212.66,212.74,212.16,212.22,212.28,212.34,212.34,212.4,212.46,212.52,212.6,212.66,212.72,212.14000000000001,212.20000000000002,212.20000000000002,212.26,212.32,212.38,212.44,212.5,212.56,212.62,212.70000000000002,212.06,212.12,212.18,212.24,212.3,212.36,212.42000000000002,212.48000000000002,212.56,212.62,212.62
2021-04-26 06:00:00,263.02,263.04,263.06,263.06,263.14,263.16,263.18,263.2,263.22,263.24,263.26,262.98,262.98,263.0,263.06,263.08,263.1,263.14,263.16,263.18,263.2,263.22,262.9,262.92,263.0,263.02,263.04,263.06,263.08,263.1,263.12,263.12,263.14,262.84000000000003,262.92,262.94,262.96,262.98,263.0,263.04,263.04,263.06,263.08,263.1,262.84000000000003,262.88,262.9,262.92,262.94,262.96,262.96,262.98,263.0,263.02,263.04,262.8,262.82,262.84000000000003,262.86,262.86,262.88,262.9,262.94,262.96,262.98,263.0,262.74,262.78000000000003,262.78000000000003,262.8,262.82,262.84000000000003,262.86,262.88,262.9,262.92,262.94,262.68,262.7,262.72,262.74,262.76,262.78000000000003,262.8,262.82,262.86,262.88,262.88,262.62,262.64,262.66,262.68,262.72,262.74,262.76,262.78000000000003,262.78000000000003,262.8,262.82,262.58,262.6,262.62,262.64,262.66,262.68,262.7,262.7,262.72,262.76,262.78000000000003,262.52,262.54,262.56,262.58,262.62,262.62,262.64,262.66,262.68,262.7,262.72
2021-04-22 04:00:00,218.12,218.36,218.52,218.68,218.84,219.0,219.14000000000001,219.3,219.46,219.46,219.6,218.12,218.28,218.44,218.6,218.74,218.9,219.06,219.06,219.22,219.36,219.52,218.02,218.18,218.32,218.48000000000002,218.64000000000001,218.64000000000001,218.8,218.94,219.1,219.26,219.4,217.94,218.08,218.24,218.4,218.4,218.56,218.72,218.86,219.02,219.18,219.32,217.84,218.0,218.0,218.16,218.32,218.48000000000002,218.62,218.78,218.94,219.08,219.24,217.6,217.76,217.92000000000002,218.08,218.24,218.38,218.54,218.70000000000002,218.84,219.0,219.0,217.52,217.66,217.82,217.98000000000002,218.14000000000001,218.3,218.44,218.6,218.6,218.76,218.9,217.44,217.58,217.74,217.9,218.06,218.20000000000002,218.20000000000002,218.36,218.52,218.66,218.82,217.34,217.5,217.66,217.82,217.98000000000002,217.98000000000002,218.12,218.28,218.44,218.58,218.74,217.26,217.42000000000002,217.58,217.58,217.74,217.9,218.04,218.20000000000002,218.36,218.5,218.66,217.16,217.16,217.32,217.48000000000002,217.64000000000001,217.78,217.94,218.1,218.24,218.4,218.56
2021-05-29 02:00:00,87.86,87.76,87.78,87.8,87.82000000000001,87.84,87.84,87.86,87.88,87.9,87.9,87.86,87.88,87.9,87.92,87.94,87.94,87.96000000000001,87.98,87.98,88.0,88.02,87.98,88.0,88.02,88.04,88.04,88.06,88.06,88.08,88.10000000000001,88.12,88.14,88.10000000000001,88.12,88.14,88.14,88.14,88.16,88.18,88.2,88.22,88.24,88.24,88.22,88.22,88.24,88.24,88.26,88.28,88.3,88.32000000000001,88.34,88.36,88.36,88.32000000000001,88.32000000000001,88.34,88.36,88.38,88.4,88.42,88.44,88.46000000000001,88.46000000000001,88.48,88.42,88.44,88.46000000000001,88.48,88.5,88.52,88.54,88.56,88.56,88.56,88.58,88.54,88.56,88.58,88.60000000000001,88.62,88.64,88.64,88.64,88.66,88.68,88.7,88.66,88.68,88.7,88.72,88.74,88.74,88.74,88.76,88.78,88.8,88.82000000000001,88.78,88.8,88.82000000000001,88.82000000000001,88.82000000000001,88.84,88.86,88.88,88.9,88.92,88.94,88.9,88.9,88.9,88.92,88.94,88.96000000000001,88.98,89.0,89.02,89.04,89.06
2021-05-29 05:00:00,272.6,272.6,272.6,272.72,272.72,272.72,272.74,272.74,272.76,272.76,272.78000000000003,272.48,272.48,272.6,272.6,272.62,272.62,272.64,272.64,272.66,272.66,272.66,272.38,272.48,272.5,272.5,272.52,272.52,272.54,272.54,272.54,272.56,272.56,272.38,272.38,272.4,272.4,272.42,272.42,272.42,272.44,272.44,272.44,272.46,272.28000000000003,272.28000000000003,272.3,272.3,272.3,272.3,272.32,272.32,272.34000000000003,272.34000000000003,272.36,272.16,272.18,272.18,272.18,272.2,272.2,272.22,272.22,272.24,272.24,272.26,272.06,272.06,272.08,272.08,272.1,272.1,272.12,272.12,272.14,272.14,272.16,271.94,271.96,271.98,271.98,272.0,272.0,272.02,272.02,272.04,272.04,272.04,271.84000000000003,271.86,271.86,271.88,271.88,271.9,271.9,271.9,271.92,271.92,271.94,271.74,271.76,271.76,271.78000000000003,271.78000000000003,271.8,271.8,271.8,271.82,271.82,271.84000000000003,271.64,271.66,271.66,271.68,271.68,271.68,271.7,271.7,271.72,271.72,271.74
2021-06-27 06:00:00,278.92,278.94,278.94,279.0,279.0,279.0,279.02,279.02,279.02,279.04,279.04,278.86,278.86,278.94,278.94,278.94,278.94,278.96,278.96,278.96,278.98,278.98,278.8,278.86,278.88,278.88,278.88,278.90000000000003,278.90000000000003,278.90000000000003,278.90000000000003,278.90000000000003,278.92,278.8,278.8,278.82,278.82,278.82,278.84000000000003,278.84000000000003,278.84000000000003,278.84000000000003,278.84000000000003,278.86,278.74,278.74,278.76,278.76,278.76,278.76,278.78000000000003,278.78000000000003,278.78000000000003,278.78000000000003,278.8,278.68,278.68,278.7,278.7,278.7,278.7,278.72,278.72,278.72,278.72,278.74,278.62,278.62,278.62,278.64,278.64,278.64,278.66,278.66,278.66,278.66,278.68,278.56,278.56,278.56,278.58,278.58,278.58,278.6,278.6,278.6,278.6,278.6,278.5,278.5,278.5,278.52,278.52,278.52,278.54,278.54,278.54,278.54,278.54,278.44,278.44,278.44,278.46,278.46,278.46,278.46,278.48,278.48,278.48,278.5,278.38,278.38,278.38,278.40000000000003,278.40000000000003,278.40000000000003,278.40000000000003,278.42,278.42,278.42,278.44
2021-12-21 05:00:00,207.38,207.44,207.48000000000002,207.52,207.58,207.62,207.66,207.66,207.72,207.76,207.8,207.38,207.44,207.48000000000002,207.52,207.56,207.56,207.62,207.66,207.70000000000002,207.76,207.8,207.38,207.42000000000002,207.46,207.46,207.52,207.56,207.6,207.66,207.70000000000002,207.74,207.8,207.36,207.36,207.42000000000002,207.46,207.5,207.56,207.6,207.64000000000001,207.68,207.74,207.78,207.32,207.36,207.4,207.46,207.5,207.54,207.6,207.64000000000001,207.68,207.68,207.72,207.3,207.36,207.4,207.44,207.5,207.54,207.58,207.62,207.62,207.68,207.72,207.3,207.34,207.4,207.44,207.48000000000002,207.54,207.54,207.58,207.62,207.66,207.72,207.28,207.34,207.38,207.42000000000002,207.42000000000002,207.48000000000002,207.52,207.56,207.6,207.66,207.70000000000002,207.28,207.32,207.32,207.38,207.42000000000002,207.46,207.52,207.56,207.6,207.64000000000001,207.70000000000002,207.22,207.28,207.32,207.36,207.42000000000002,207.46,207.5,207.54,207.6,207.64000000000001,207.64000000000001,207.22,207.26,207.32,207.36,207.4,207.46,207.5,207.54,207.58,207.58,207.64000000000001
2021-03-02 04:00:00,189.08,189.16,189.24,189.34,189.42000000000002,189.52,189.6,189.6,189.68,189.78,189.86,189.08,189.16,189.24,189.34,189.42000000000002,189.42000000000002,189.5,189.6,189.68,189.78,189.86,189.08,189.16,189.26,189.34,189.34,189.42000000000002,189.52,189.6,189.68,189.78,189.86,189.08,189.16,189.16,189.26,189.34,189.44,189.52,189.6,189.70000000000002,189.78,189.86,189.0,189.08,189.18,189.26,189.34,189.44,189.52,189.6,189.70000000000002,189.78,189.78,189.0,189.08,189.16,189.26,189.34,189.42000000000002,189.52,189.6,189.6,189.68,189.78,189.0,189.08,189.18,189.26,189.34,189.44,189.44,189.52,189.6,189.70000000000002,189.78,189.0,189.08,189.18,189.26,189.34,189.34,189.44,189.52,189.6,189.70000000000002,189.78,189.0,189.1,189.18,189.18,189.26,189.36,189.44,189.52,189.62,189.70000000000002,189.78,189.0,189.0,189.1,189.18,189.26,189.36,189.44,189.52,189.62,189.70000000000002,189.78,188.92000000000002,189.02,189.1,189.18,189.26,189.36,189.44,189.52,189.62,189.62,189.70000000000002
2021-02-24 02:00:00,138.94,138.98,139.04,139.1,139.16,139.16,139.20000000000002,139.26,139.32,139.38,139.42000000000002,138.98,139.02,139.08,139.08,139.14000000000001,139.20000000000002,139.24,139.3,139.36,139.4,139.46,139.02,139.06,139.06,139.12,139.18,139.24,139.28,139.34,139.4,139.46,139.5,139.0,139.06,139.12,139.16,139.22,139.28,139.32,139.38,139.44,139.5,139.5,139.04,139.1,139.16,139.20000000000002,139.26,139.32,139.38,139.42000000000002,139.42000000000002,139.48,139.54,139.08,139.14000000000001,139.18,139.24,139.3,139.34,139.34,139.4,139.46,139.52,139.56,139.12,139.18,139.22,139.28,139.28,139.34,139.4,139.44,139.5,139.56,139.62,139.16,139.22,139.26,139.26,139.32,139.38,139.44,139.48,139.54,139.6,139.66,139.20000000000002,139.20000000000002,139.26,139.32,139.36,139.42000000000002,139.48,139.52,139.58,139.64000000000001,139.70000000000002,139.18,139.24,139.3,139.34,139.4,139.46,139.52,139.56,139.62,139.62,139.68,139.22,139.28,139.34,139.4,139.44,139.5,139.56,139.56,139.6,139.66,139.72
2021-03-08 01:00:00,119.98,120.02,120.06,120.06,120.10000000000001,120.14,120.18,120.2,120.24000000000001,120.28,120.32000000000001,120.02,120.02,120.06,120.10000000000001,120.14,120.18,120.2,120.24000000000001,120.28,120.32000000000001,120.36,120.02,120.06,120.10000000000001,120.14,120.18,120.22,120.24000000000001,120.28,120.32000000000001,120.36,120.36,120.06,120.10000000000001,120.14,120.18,120.22,120.26,120.28,120.32000000000001,120.32000000000001,120.36,120.4,120.10000000000001,120.14,120.18,120.22,120.26,120.3,120.3,120.32000000000001,120.36,120.4,120.44,120.14,120.18,120.22,120.26,120.26,120.28,120.32000000000001,120.36,120.4,120.44,120.48,120.18,120.22,120.22,120.26,120.3,120.32000000000001,120.36,120.4,120.44,120.48,120.52,120.22,120.22,120.26,120.3,120.34,120.36,120.4,120.44,120.48,120.52,120.56,120.22,120.26,120.3,120.34,120.38,120.4,120.44,120.48,120.52,120.52,120.56,120.26,120.3,120.34,120.36,120.4,120.44,120.48,120.48,120.52,120.56,120.60000000000001,120.3,120.34,120.38,120.4,120.44,120.44,120.48,120.52,120.56,120.60000000000001,120.64
2021-09-17 03:00:00,162.98,163.1,163.22,163.34,163.46,163.58,163.70000000000002,163.82,163.82,163.94,164.06,163.04,163.16,163.28,163.4,163.52,163.64000000000001,163.64000000000001,163.76,163.88,164.0,164.12,163.06,163.18,163.3,163.42000000000002,163.42000000000002,163.54,163.66,163.8,163.92000000000002,164.04,164.16,163.12,163.24,163.36,163.36,163.48,163.6,163.72,163.84,163.96,164.08,164.20000000000002,163.18,163.18,163.3,163.42000000000002,163.54,163.66,163.78,163.9,164.02,164.14000000000001,164.26,163.1,163.22,163.34,163.46,163.58,163.70000000000002,163.82,163.94,164.06,164.06,164.18,163.14000000000001,163.26,163.38,163.5,163.62,163.74,163.86,163.86,164.0,164.12,164.24,163.20000000000002,163.32,163.44,163.56,163.68,163.68,163.8,163.92000000000002,164.04,164.16,164.28,163.26,163.38,163.5,163.62,163.62,163.74,163.86,163.98,164.1,164.22,164.34,163.3,163.42000000000002,163.42000000000002,163.54,163.66,163.78,163.9,164.02,164.14000000000001,164.26,164.38,163.22,163.34,163.46,163.58,163.70000000000002,163.82,163.94,164.06,164.18,164.3,164.3
2021-09-18 04:00:00,204.36,204.48000000000002,204.6,204.70000000000002,204.8,204.92000000000002,205.02,205.12,205.22,205.22,205.34,204.36,204.46,204.58,204.68,204.78,204.88,205.0,205.0,205.1,205.20000000000002,205.32,204.32,204.42000000000002,204.54,204.64000000000001,204.74,204.74,204.86,204.96,205.06,205.16,205.28,204.3,204.4,204.52,204.62,204.62,204.72,204.82,204.94,205.04,205.14000000000001,205.26,204.28,204.38,204.38,204.48000000000002,204.6,204.70000000000002,204.8,204.92000000000002,205.02,205.12,205.22,204.14000000000001,204.26,204.36,204.46,204.58,204.68,204.78,204.88,205.0,205.1,205.1,204.12,204.22,204.34,204.44,204.54,204.64000000000001,204.76,204.86,204.86,204.96,205.08,204.1,204.20000000000002,204.32,204.42000000000002,204.52,204.62,204.62,204.74,204.84,204.94,205.04,204.08,204.18,204.28,204.4,204.5,204.5,204.6,204.72,204.82,204.92000000000002,205.02,204.06,204.16,204.26,204.26,204.38,204.48000000000002,204.58,204.68,204.8,204.9,205.0,204.02,204.02,204.12,204.24,204.34,204.44,204.54,204.66,204.76,204.86,204.96
2021-03-13 05:00:00,220.52,220.58,220.68,220.74,220.8,220.88,220.94,221.0,221.06,221.14000000000001,221.14000000000001,220.48000000000002,220.58,220.64000000000001,220.70000000000002,220.78,220.84,220.9,220.96,220.96,221.04,221.1,220.48000000000002,220.54,220.6,220.68,220.74,220.8,220.8,220.86,220.94,221.0,221.06,220.44,220.52,220.58,220.64000000000001,220.70000000000002,220.70000000000002,220.78,220.84,220.9,220.96,221.04,220.42000000000002,220.48000000000002,220.54,220.54,220.62,220.68,220.74,220.8,220.88,220.94,221.0,220.38,220.38,220.44,220.52,220.58,220.64000000000001,220.72,220.78,220.84,220.9,220.98000000000002,220.28,220.34,220.4,220.48000000000002,220.54,220.6,220.68,220.74,220.8,220.8,220.86,220.24,220.32,220.38,220.44,220.5,220.58,220.64000000000001,220.64000000000001,220.70000000000002,220.78,220.84,220.22,220.28,220.34,220.42000000000002,220.48000000000002,220.54,220.54,220.6,220.68,220.74,220.8,220.18,220.26,220.32,220.38,220.38,220.44,220.52,220.58,220.64000000000001,220.70000000000002,220.78,220.16,220.22,220.22,220.28,220.34,220.42000000000002,220.48000000000002,220.54,220.6,220.68,220.74
2021-02-22 06:00:00,229.38,229.42000000000002,229.46,229.54,229.58,229.62,229.66,229.70000000000002,229.74,229.78,229.78,229.36,229.4,229.46,229.5,229.54,229.58,229.62,229.66,229.66,229.70000000000002,229.76,229.34,229.4,229.44,229.48000000000002,229.52,229.56,229.6,229.6,229.64000000000001,229.68,229.72,229.34,229.38,229.42000000000002,229.46,229.5,229.5,229.54,229.58,229.62,229.66,229.70000000000002,229.32,229.36,229.4,229.4,229.44,229.48000000000002,229.52,229.56,229.6,229.64000000000001,229.68,229.28,229.28,229.32,229.38,229.42000000000002,229.46,229.5,229.54,229.58,229.62,229.66,229.22,229.26,229.3,229.34,229.4,229.44,229.48000000000002,229.52,229.56,229.56,229.6,229.20000000000002,229.24,229.28,229.32,229.36,229.4,229.46,229.5,229.5,229.54,229.58,229.18,229.22,229.26,229.3,229.34,229.38,229.38,229.42000000000002,229.48000000000002,229.52,229.56,229.16,229.20000000000002,229.24,229.28,229.28,229.32,229.36,229.4,229.44,229.48000000000002,229.52,229.14000000000001,229.18,229.18,229.22,229.26,229.3,229.34,229.38,229.42000000000002,229.46,229.5
2021-04-06 01:00:00,107.60000000000001,107.64,107.66,107.7,107.74000000000001,107.76,107.76,107.8,107.84,107.86,107.9,107.66,107.68,107.72,107.76,107.76,107.78,107.82000000000001,107.86,107.88,107.92,107.96000000000001,107.7,107.74000000000001,107.74000000000001,107.76,107.8,107.84,107.86,107.9,107.94,107.98,108.0,107.76,107.76,107.78,107.82000000000001,107.86,107.88,107.92,107.96000000000001,108.0,108.02,108.06,107.78,107.8,107.84,107.88,107.9,107.94,107.98,108.02,108.04,108.04,108.08,107.82000000000001,107.86,107.9,107.92,107.96000000000001,108.0,108.04,108.04,108.06,108.10000000000001,108.14,107.88,107.92,107.94,107.98,108.02,108.02,108.04,108.08,108.12,108.16,108.18,107.94,107.96000000000001,108.0,108.0,108.04,108.06,108.10000000000001,108.14,108.18,108.2,108.24000000000001,107.98,108.02,108.02,108.06,108.08,108.12,108.16,108.18,108.22,108.26,108.3,108.0,108.04,108.08,108.10000000000001,108.14,108.18,108.2,108.24000000000001,108.28,108.32000000000001,108.32000000000001,108.06,108.08,108.12,108.16,108.18,108.22,108.26,108.3,108.3,108.32000000000001,108.36
2021-03-06 02:00:00,135.7,135.76,135.82,135.88,135.94,135.94,136.0,136.04,136.1,136.16,136.22,135.74,135.8,135.86,135.86,135.92000000000002,135.98,136.04,136.1,136.16,136.2,136.26,135.8,135.86,135.86,135.92000000000002,135.96,136.02,136.08,136.14000000000001,136.2,136.26,136.32,135.78,135.84,135.9,135.96,136.02,136.08,136.14000000000001,136.18,136.24,136.3,136.3,135.84,135.9,135.96,136.0,136.06,136.12,136.18,136.24,136.24,136.3,136.36,135.88,135.94,136.0,136.04,136.1,136.16,136.16,136.22,136.28,136.34,136.4,135.92000000000002,135.98,136.04,136.1,136.1,136.16,136.22,136.26,136.32,136.38,136.44,135.98,136.04,136.08,136.08,136.14000000000001,136.2,136.26,136.32,136.38,136.44,136.5,136.02,136.02,136.08,136.14000000000001,136.2,136.26,136.3,136.36,136.42000000000002,136.48,136.54,136.0,136.06,136.12,136.18,136.24,136.3,136.36,136.42000000000002,136.46,136.46,136.52,136.06,136.12,136.18,136.22,136.28,136.34,136.4,136.4,136.46,136.52,136.58
2021-03-19 06:00:00,241.42000000000002,241.42000000000002,241.46,241.54,241.58,241.62,241.66,241.68,241.72,241.76,241.8,241.36,241.4,241.46,241.5,241.54,241.58,241.62,241.66,241.70000000000002,241.70000000000002,241.74,241.32,241.4,241.44,241.48000000000002,241.5,241.54,241.58,241.58,241.62,241.66,241.70000000000002,241.32,241.36,241.4,241.44,241.48000000000002,241.5,241.5,241.54,241.58,241.62,241.66,241.28,241.32,241.36,241.4,241.4,241.44,241.48000000000002,241.52,241.56,241.58,241.62,241.26,241.3,241.3,241.32,241.36,241.4,241.44,241.48000000000002,241.52,241.56,241.6,241.18,241.22,241.26,241.3,241.34,241.38,241.4,241.44,241.48000000000002,241.52,241.52,241.14000000000001,241.18,241.22,241.26,241.3,241.34,241.36,241.4,241.4,241.44,241.48000000000002,241.1,241.14000000000001,241.18,241.22,241.26,241.3,241.34,241.34,241.38,241.42000000000002,241.44,241.08,241.12,241.14000000000001,241.18,241.22,241.22,241.26,241.3,241.34,241.38,241.42000000000002,241.04,241.08,241.12,241.12,241.16,241.20000000000002,241.24,241.26,241.3,241.34,241.38
2021-04-22 03:00:00,145.3,145.48,145.66,145.84,146.02,146.20000000000002,146.38,146.56,146.56,146.76,146.94,145.44,145.62,145.8,145.98,146.16,146.34,146.34,146.52,146.70000000000002,146.9,147.08,145.56,145.74,145.92000000000002,146.1,146.1,146.28,146.46,146.64000000000001,146.82,147.0,147.20000000000002,145.70000000000002,145.88,146.06,146.06,146.24,146.42000000000002,146.6,146.78,146.96,147.14000000000001,147.34,145.84,145.84,146.02,146.20000000000002,146.38,146.56,146.74,146.92000000000002,147.1,147.28,147.46,145.8,145.98,146.16,146.34,146.52,146.70000000000002,146.88,147.06,147.24,147.24,147.42000000000002,145.94,146.1,146.28,146.46,146.64000000000001,146.82,147.0,147.0,147.18,147.36,147.54,146.08,146.24,146.42000000000002,146.6,146.78,146.78,146.96,147.14000000000001,147.32,147.5,147.68,146.20000000000002,146.38,146.56,146.74,146.74,146.92000000000002,147.1,147.28,147.46,147.64000000000001,147.82,146.34,146.52,146.52,146.70000000000002,146.88,147.06,147.24,147.42000000000002,147.6,147.78,147.96,146.28,146.46,146.64000000000001,146.82,146.98,147.16,147.34,147.52,147.70000000000002,147.88,147.88
2021-02-16 04:00:00,186.94,187.02,187.1,187.18,187.24,187.32,187.4,187.4,187.48,187.54,187.62,186.94,187.02,187.1,187.18,187.24,187.24,187.32,187.4,187.48,187.54,187.62,186.96,187.02,187.1,187.18,187.18,187.26,187.32,187.4,187.48,187.56,187.62,186.96,187.04,187.04,187.1,187.18,187.26,187.34,187.4,187.48,187.56,187.64000000000001,186.9,186.96,187.04,187.12,187.20000000000002,187.26,187.34,187.42000000000002,187.5,187.56,187.56,186.88,186.96,187.04,187.12,187.18,187.26,187.34,187.42000000000002,187.42000000000002,187.48,187.56,186.9,186.96,187.04,187.12,187.20000000000002,187.26,187.26,187.34,187.42000000000002,187.5,187.56,186.9,186.98,187.04,187.12,187.20000000000002,187.20000000000002,187.28,187.34,187.42000000000002,187.5,187.58,186.9,186.98,187.06,187.06,187.14000000000001,187.20000000000002,187.28,187.36,187.44,187.5,187.58,186.9,186.9,186.98,187.06,187.14000000000001,187.20000000000002,187.28,187.36,187.44,187.5,187.58,186.84,186.92000000000002,186.98,187.06,187.14000000000001,187.22,187.28,187.36,187.44,187.44,187.52
2021-05-06 00:00:00,87.18,87.2,87.22,87.24,87.26,87.26,87.28,87.3,87.3,87.32000000000001,87.34,87.22,87.24,87.26,87.28,87.3,87.3,87.3,87.32000000000001,87.34,87.36,87.38,87.26,87.28,87.3,87.32000000000001,87.32000000000001,87.32000000000001,87.34,87.36,87.38,87.4,87.42,87.3,87.32000000000001,87.32000000000001,87.34,87.36,87.36,87.38,87.4,87.42,87.44,87.46000000000001,87.34,87.34,87.36,87.38,87.4,87.4,87.42,87.44,87.46000000000001,87.48,87.5,87.36,87.38,87.4,87.42,87.42,87.44,87.46000000000001,87.48,87.5,87.5,87.52,87.4,87.42,87.44,87.46000000000001,87.46000000000001,87.48,87.5,87.5,87.52,87.54,87.56,87.44,87.46000000000001,87.48,87.5,87.5,87.5,87.52,87.54,87.56,87.58,87.60000000000001,87.48,87.5,87.52,87.52,87.54,87.54,87.56,87.58,87.60000000000001,87.62,87.64,87.52,87.54,87.54,87.56,87.58,87.58,87.60000000000001,87.62,87.64,87.66,87.68,87.54,87.56,87.58,87.60000000000001,87.62,87.62,87.64,87.66,87.68,87.7,87.7
2021-09-20 07:00:00,255.62,255.64000000000001,255.66,255.66,255.70000000000002,255.74,255.76000000000002,255.78,255.8,255.82,255.84,255.6,255.6,255.62,255.64000000000001,255.70000000000002,255.72,255.74,255.76000000000002,255.78,255.8,255.82,255.56,255.58,255.6,255.64000000000001,255.66,255.70000000000002,255.72,255.74,255.76000000000002,255.76000000000002,255.78,255.54,255.56,255.6,255.62,255.64000000000001,255.66,255.70000000000002,255.72,255.72,255.74,255.76000000000002,255.52,255.56,255.58,255.6,255.62,255.64000000000001,255.64000000000001,255.66,255.70000000000002,255.72,255.74,255.52,255.54,255.56,255.58,255.58,255.6,255.62,255.64000000000001,255.68,255.70000000000002,255.72,255.48000000000002,255.5,255.5,255.54,255.56,255.58,255.6,255.62,255.64000000000001,255.66,255.70000000000002,255.44,255.46,255.48000000000002,255.5,255.54,255.56,255.58,255.6,255.62,255.64000000000001,255.64000000000001,255.42000000000002,255.44,255.46,255.48000000000002,255.5,255.54,255.56,255.58,255.6,255.6,255.62,255.4,255.42000000000002,255.44,255.46,255.48000000000002,255.52,255.54,255.54,255.56,255.58,255.6,255.38,255.4,255.42000000000002,255.44,255.46,255.46,255.48000000000002,255.52,255.54,255.56,255.58
2021-12-07 05:00:00,209.6,209.66,209.70000000000002,209.74,209.78,209.84,209.88,209.88,209.92000000000002,209.96,210.02,209.6,209.64000000000001,209.68,209.74,209.78,209.78,209.82,209.86,209.92000000000002,209.96,210.0,209.58,209.64000000000001,209.68,209.68,209.72,209.78,209.82,209.86,209.9,209.96,210.0,209.58,209.58,209.62,209.66,209.72,209.76,209.8,209.84,209.9,209.94,209.98000000000002,209.52,209.56,209.62,209.66,209.70000000000002,209.76,209.8,209.84,209.88,209.88,209.94,209.52,209.56,209.6,209.66,209.70000000000002,209.74,209.78,209.84,209.84,209.88,209.92000000000002,209.5,209.56,209.6,209.64000000000001,209.68,209.74,209.74,209.78,209.82,209.88,209.92000000000002,209.5,209.54,209.58,209.62,209.62,209.68,209.72,209.76,209.82,209.86,209.9,209.48000000000002,209.54,209.54,209.58,209.62,209.66,209.72,209.76,209.8,209.84,209.9,209.44,209.48000000000002,209.52,209.56,209.62,209.66,209.70000000000002,209.74,209.8,209.84,209.84,209.42000000000002,209.48000000000002,209.52,209.56,209.6,209.66,209.70000000000002,209.74,209.78,209.78,209.84
2021-05-16 23:00:00,79.34,79.36,79.38,79.38,79.4,79.42,79.42,79.42,79.44,79.46000000000001,79.46000000000001,79.36,79.38,79.4,79.4,79.42,79.42,79.44,79.44,79.46000000000001,79.48,79.5,79.4,79.4,79.42,79.42,79.44,79.44,79.46000000000001,79.48,79.48,79.5,79.52,79.42,79.42,79.42,79.44,79.46000000000001,79.48,79.48,79.5,79.52,79.52,79.54,79.42,79.44,79.46000000000001,79.46000000000001,79.48,79.5,79.5,79.52,79.54,79.54,79.54,79.46000000000001,79.46000000000001,79.48,79.5,79.5,79.52,79.54,79.54,79.54,79.56,79.58,79.48,79.48,79.5,79.52,79.54,79.54,79.54,79.56,79.58,79.58,79.60000000000001,79.5,79.52,79.52,79.54,79.54,79.56,79.56,79.58,79.60000000000001,79.60000000000001,79.62,79.52,79.54,79.54,79.56,79.56,79.58,79.60000000000001,79.60000000000001,79.62,79.64,79.64,79.54,79.54,79.56,79.58,79.60000000000001,79.60000000000001,79.62,79.64,79.64,79.66,79.68,79.56,79.58,79.58,79.60000000000001,79.62,79.62,79.64,79.66,79.68,79.68,79.68
2021-04-06 05:00:00,236.5,236.56,236.68,236.74,236.8,236.86,236.92000000000002,236.98000000000002,237.04,237.08,237.08,236.42000000000002,236.56,236.62,236.68,236.74,236.8,236.86,236.92000000000002,236.92000000000002,236.98000000000002,237.04,236.42000000000002,236.5,236.56,236.62,236.68,236.74,236.74,236.8,236.84,236.9,236.96,236.38,236.44,236.5,236.56,236.62,236.62,236.68,236.74,236.8,236.86,236.92000000000002,236.32,236.38,236.44,236.44,236.5,236.56,236.62,236.68,236.74,236.8,236.86,236.26,236.26,236.32,236.38,236.44,236.5,236.56,236.62,236.68,236.74,236.8,236.12,236.18,236.24,236.32,236.38,236.44,236.5,236.56,236.62,236.62,236.68,236.08,236.14000000000001,236.20000000000002,236.26,236.32,236.38,236.44,236.44,236.5,236.56,236.62,236.02,236.08,236.14000000000001,236.20000000000002,236.26,236.32,236.32,236.38,236.44,236.5,236.56,235.96,236.02,236.08,236.14000000000001,236.14000000000001,236.20000000000002,236.26,236.32,236.38,236.44,236.5,235.9,235.96,235.96,236.02,236.08,236.14000000000001,236.20000000000002,236.26,236.32,236.38,236.44
2021-08-08 07:00:00,272.0,272.02,272.04,272.04,272.04,272.1,272.1,272.12,272.14,272.16,272.16,271.96,271.98,271.98,272.0,272.04,272.06,272.08,272.08,272.1,272.12,272.14,271.92,271.94,271.94,272.0,272.02,272.02,272.04,272.06,272.06,272.08,272.08,271.88,271.9,271.94,271.96,271.98,272.0,272.0,272.02,272.02,272.04,272.04,271.84000000000003,271.9,271.92,271.92,271.94,271.96,271.98,271.98,271.98,272.0,272.02,271.84000000000003,271.86,271.88,271.9,271.9,271.9,271.92,271.94,271.96,271.96,271.98,271.82,271.84000000000003,271.84000000000003,271.84000000000003,271.86,271.88,271.88,271.9,271.92,271.94,271.94,271.78000000000003,271.78000000000003,271.8,271.8,271.82,271.84000000000003,271.86,271.86,271.88,271.9,271.92,271.74,271.74,271.76,271.78000000000003,271.78000000000003,271.8,271.82,271.84000000000003,271.84000000000003,271.84000000000003,271.86,271.7,271.72,271.72,271.74,271.76,271.78000000000003,271.78000000000003,271.8,271.8,271.82,271.84000000000003,271.66,271.68,271.7,271.7,271.72,271.74,271.74,271.76,271.76,271.78000000000003,271.8
2021-04-03 04:00:00,202.0,202.16,202.3,202.42000000000002,202.56,202.68,202.82,202.94,203.08,203.08,203.20000000000002,202.0,202.14000000000001,202.26,202.4,202.54,202.66,202.8,202.8,202.92000000000002,203.06,203.18,201.96,202.1,202.22,202.36,202.48000000000002,202.48000000000002,202.62,202.74,202.88,203.0,203.14000000000001,201.94,202.08,202.20000000000002,202.34,202.34,202.46,202.6,202.72,202.86,202.98000000000002,203.12,201.92000000000002,202.04,202.04,202.18,202.32,202.44,202.58,202.70000000000002,202.82,202.96,203.08,201.76,201.9,202.02,202.16,202.28,202.42000000000002,202.54,202.68,202.8,202.94,202.94,201.74,201.86,202.0,202.12,202.26,202.38,202.52,202.64000000000001,202.64000000000001,202.78,202.9,201.72,201.84,201.98000000000002,202.1,202.24,202.36,202.36,202.5,202.62,202.74,202.88,201.70000000000002,201.82,201.94,202.08,202.20000000000002,202.20000000000002,202.34,202.46,202.6,202.72,202.86,201.66,201.8,201.92000000000002,201.92000000000002,202.06,202.18,202.32,202.44,202.58,202.70000000000002,202.84,201.62,201.62,201.76,201.88,202.02,202.14000000000001,202.28,202.4,202.54,202.66,202.78
2021-02-15 04:00:00,186.86,186.92000000000002,187.0,187.08,187.16,187.22,187.3,187.3,187.38,187.44,187.52,186.86,186.92000000000002,187.0,187.08,187.16,187.16,187.22,187.3,187.38,187.46,187.52,186.86,186.94,187.0,187.08,187.08,187.16,187.24,187.3,187.38,187.46,187.54,186.86,186.94,186.94,187.02,187.1,187.16,187.24,187.32,187.38,187.46,187.54,186.8,186.88,186.94,187.02,187.1,187.18,187.24,187.32,187.4,187.46,187.46,186.8,186.86,186.94,187.02,187.1,187.16,187.24,187.32,187.32,187.4,187.46,186.8,186.88,186.96,187.02,187.1,187.18,187.18,187.24,187.32,187.4,187.48,186.8,186.88,186.96,187.04,187.1,187.1,187.18,187.26,187.32,187.4,187.48,186.82,186.9,186.96,186.96,187.04,187.12,187.18,187.26,187.34,187.4,187.48,186.82,186.82,186.9,186.96,187.04,187.12,187.18,187.26,187.34,187.42000000000002,187.48,186.76,186.82,186.9,186.98,187.04,187.12,187.20000000000002,187.26,187.34,187.34,187.42000000000002
2021-05-15 23:00:00,79.60000000000001,79.60000000000001,79.62,79.64,79.66,79.66,79.68,79.68,79.7,79.7,79.72,79.62,79.64,79.64,79.66,79.68,79.68,79.68,79.7,79.72,79.72,79.74,79.64,79.66,79.68,79.68,79.68,79.7,79.72,79.72,79.74,79.76,79.76,79.66,79.66,79.68,79.7,79.7,79.72,79.74,79.74,79.76,79.78,79.8,79.68,79.7,79.7,79.72,79.74,79.74,79.76,79.78,79.78,79.8,79.8,79.7,79.72,79.74,79.74,79.76,79.78,79.78,79.8,79.8,79.82000000000001,79.82000000000001,79.72,79.74,79.76,79.76,79.78,79.8,79.8,79.82000000000001,79.82000000000001,79.84,79.86,79.76,79.76,79.78,79.8,79.8,79.8,79.82000000000001,79.84,79.84,79.86,79.88,79.78,79.78,79.78,79.8,79.82000000000001,79.84,79.84,79.86,79.88,79.88,79.9,79.8,79.8,79.82000000000001,79.82000000000001,79.84,79.86,79.88,79.88,79.9,79.92,79.92,79.82000000000001,79.82000000000001,79.84,79.86,79.86,79.88,79.9,79.9,79.92,79.92,79.94
2021-04-03 02:00:00,123.74000000000001,123.8,123.86,123.94,124.0,124.06,124.12,124.12,124.18,124.24000000000001,124.3,123.82000000000001,123.88000000000001,123.94,124.0,124.06,124.06,124.14,124.2,124.26,124.32000000000001,124.38000000000001,123.88000000000001,123.94,124.02,124.02,124.08,124.14,124.2,124.26,124.32000000000001,124.38000000000001,124.46000000000001,123.96000000000001,124.02,124.02,124.08,124.14,124.22,124.28,124.34,124.4,124.46000000000001,124.52,123.98,124.04,124.10000000000001,124.16,124.22,124.28,124.34,124.42,124.48,124.54,124.54,124.06,124.12,124.18,124.24000000000001,124.3,124.36,124.42,124.48,124.48,124.56,124.62,124.12,124.18,124.24000000000001,124.3,124.38000000000001,124.44,124.44,124.5,124.56,124.62,124.68,124.2,124.26,124.32000000000001,124.38000000000001,124.38000000000001,124.44,124.5,124.58,124.64,124.7,124.76,124.28,124.34,124.4,124.4,124.46000000000001,124.52,124.58,124.64,124.72,124.78,124.84,124.34,124.34,124.4,124.48,124.54,124.60000000000001,124.66,124.72,124.78,124.86,124.92,124.36,124.42,124.48,124.54,124.60000000000001,124.66,124.72,124.8,124.86,124.86,124.92
2021-10-07 05:00:00,224.76,224.82,224.92000000000002,224.96,225.02,225.08,225.12,225.18,225.24,225.24,225.28,224.74,224.82,224.88,224.92000000000002,224.98000000000002,225.04,225.08,225.08,225.14000000000001,225.20000000000002,225.24,224.74,224.8,224.84,224.9,224.96,225.0,225.0,225.06,225.12,225.16,225.22,224.72,224.76,224.82,224.88,224.88,224.92000000000002,224.98000000000002,225.04,225.08,225.14000000000001,225.20000000000002,224.68,224.74,224.74,224.8,224.84,224.9,224.96,225.0,225.06,225.12,225.16,224.6,224.66,224.70000000000002,224.76,224.82,224.86,224.92000000000002,224.98000000000002,225.02,225.08,225.08,224.56,224.62,224.68,224.74,224.78,224.84,224.9,224.94,224.94,225.0,225.06,224.54,224.6,224.64000000000001,224.70000000000002,224.76,224.8,224.86,224.86,224.92000000000002,224.98000000000002,225.02,224.52,224.56,224.62,224.68,224.72,224.72,224.78,224.84,224.88,224.94,225.0,224.48000000000002,224.54,224.58,224.58,224.64000000000001,224.70000000000002,224.74,224.8,224.86,224.9,224.96,224.46,224.46,224.5,224.56,224.62,224.66,224.72,224.78,224.82,224.88,224.94
2021-09-06 04:00:00,206.9,207.06,207.20000000000002,207.32,207.46,207.58,207.70000000000002,207.84,207.96,207.96,208.1,206.9,207.04,207.16,207.28,207.42000000000002,207.54,207.68,207.68,207.8,207.92000000000002,208.06,206.84,206.98000000000002,207.1,207.24,207.36,207.36,207.5,207.62,207.74,207.88,208.0,206.82,206.94,207.08,207.20000000000002,207.20000000000002,207.32,207.46,207.58,207.72,207.84,207.96,206.78,206.9,206.9,207.04,207.16,207.3,207.42000000000002,207.54,207.68,207.8,207.94,206.62,206.74,206.88,207.0,207.12,207.26,207.38,207.52,207.64000000000001,207.76,207.76,206.58,206.70000000000002,206.82,206.96,207.08,207.22,207.34,207.46,207.46,207.6,207.72,206.54,206.66,206.8,206.92000000000002,207.06,207.18,207.18,207.3,207.44,207.56,207.68,206.5,206.64000000000001,206.76,206.88,207.02,207.02,207.14000000000001,207.28,207.4,207.52,207.66,206.48000000000002,206.6,206.72,206.72,206.86,206.98000000000002,207.12,207.24,207.36,207.5,207.62,206.42000000000002,206.42000000000002,206.54,206.68,206.8,206.94,207.06,207.18,207.32,207.44,207.56
2021-09-08 02:00:00,125.18,125.24000000000001,125.3,125.38000000000001,125.44,125.5,125.58,125.58,125.64,125.7,125.78,125.26,125.32000000000001,125.38000000000001,125.44,125.52,125.52,125.58,125.66,125.72,125.78,125.86,125.32000000000001,125.38000000000001,125.46000000000001,125.46000000000001,125.52,125.58,125.66,125.72,125.78,125.86,125.92,125.4,125.46000000000001,125.46000000000001,125.54,125.60000000000001,125.66,125.74000000000001,125.8,125.86,125.94,126.0,125.42,125.48,125.54,125.62,125.68,125.74000000000001,125.82000000000001,125.88000000000001,125.94,126.02,126.02,125.5,125.56,125.62,125.68,125.76,125.82000000000001,125.9,125.96000000000001,125.96000000000001,126.02,126.10000000000001,125.56,125.62,125.7,125.76,125.82000000000001,125.9,125.9,125.96000000000001,126.04,126.10000000000001,126.16,125.64,125.7,125.78,125.84,125.84,125.9,125.98,126.04,126.12,126.18,126.24000000000001,125.72,125.78,125.86,125.86,125.92,125.98,126.06,126.12,126.18,126.26,126.32000000000001,125.8,125.8,125.86,125.94,126.0,126.06,126.14,126.2,126.26,126.34,126.4,125.8,125.86,125.94,126.0,126.06,126.14,126.2,126.28,126.34,126.34,126.4
2021-06-13 04:00:00,278.6,278.6,278.90000000000003,278.86,278.8,278.76,278.72,278.68,278.64,278.6,278.56,278.3,278.6,278.56,278.52,278.48,278.44,278.40000000000003,278.36,278.32,278.32,278.28000000000003,278.3,278.26,278.22,278.18,278.14,278.1,278.06,278.06,278.02,278.0,277.96,277.98,277.94,277.90000000000003,277.86,277.82,277.82,277.78000000000003,277.74,277.7,277.66,277.64,277.64,277.6,277.56,277.52,277.52,277.48,277.44,277.42,277.38,277.34000000000003,277.32,277.3,277.26,277.26,277.22,277.18,277.16,277.12,277.08,277.06,277.02,276.98,276.98,276.96,276.92,276.88,276.86,276.82,276.8,276.76,276.72,276.7,276.7,276.64,276.62,276.58,276.56,276.52,276.5,276.46,276.44,276.44,276.40000000000003,276.38,276.3,276.28000000000003,276.24,276.22,276.18,276.16,276.16,276.14,276.1,276.08,276.04,275.96,275.94,275.90000000000003,275.88,275.86,275.86,275.82,275.8,275.78000000000003,275.76,275.72,275.62,275.6,275.58,275.58,275.54,275.52,275.5,275.48,275.44,275.42,275.40000000000003
2021-05-25 01:00:00,85.22,85.24,85.26,85.26,85.28,85.3,85.3,85.32000000000001,85.34,85.34,85.34,85.28,85.3,85.32000000000001,85.32000000000001,85.34,85.36,85.38,85.38,85.38,85.4,85.42,85.36,85.36,85.38,85.4,85.4,85.4,85.42,85.44,85.44,85.46000000000001,85.48,85.42,85.42,85.44,85.44,85.46000000000001,85.48,85.48,85.5,85.52,85.52,85.54,85.48,85.5,85.5,85.5,85.52,85.54,85.54,85.56,85.58,85.60000000000001,85.60000000000001,85.52,85.54,85.56,85.58,85.58,85.60000000000001,85.62,85.62,85.64,85.66,85.66,85.60000000000001,85.60000000000001,85.62,85.64,85.64,85.66,85.68,85.7,85.7,85.7,85.72,85.66,85.66,85.68,85.7,85.72,85.72,85.72,85.74,85.76,85.78,85.78,85.72,85.74,85.74,85.76,85.76,85.78,85.8,85.8,85.82000000000001,85.84,85.86,85.78,85.8,85.82000000000001,85.82000000000001,85.82000000000001,85.84,85.86,85.88,85.88,85.9,85.92,85.84,85.84,85.86,85.88,85.9,85.9,85.92,85.94,85.96000000000001,85.96000000000001,85.98
2021-05-15 05:00:00,265.46,265.48,265.48,265.6,265.62,265.64,265.66,265.68,265.72,265.74,265.76,265.34000000000003,265.36,265.48,265.5,265.52,265.56,265.58,265.6,265.62,265.64,265.64,265.24,265.36,265.4,265.42,265.44,265.46,265.48,265.5,265.5,265.52,265.54,265.24,265.26,265.3,265.32,265.34000000000003,265.36,265.36,265.38,265.4,265.42,265.44,265.16,265.18,265.2,265.22,265.24,265.24,265.26,265.28000000000003,265.3,265.32,265.34000000000003,265.06,265.08,265.1,265.1,265.12,265.14,265.16,265.18,265.22,265.24,265.26,264.96,264.96,264.98,265.0,265.02,265.04,265.06,265.1,265.12,265.14,265.16,264.84000000000003,264.86,264.88,264.9,264.92,264.94,264.98,265.0,265.02,265.02,265.04,264.74,264.76,264.78000000000003,264.8,264.82,264.86,264.88,264.88,264.9,264.92,264.94,264.64,264.66,264.68,264.72,264.74,264.76,264.76,264.78000000000003,264.8,264.82,264.84000000000003,264.54,264.56,264.6,264.62,264.62,264.64,264.66,264.68,264.7,264.74,264.76
2021-06-10 01:00:00,81.46000000000001,81.46000000000001,81.48,81.48,81.5,81.5,81.52,81.52,81.54,81.54,81.54,81.52,81.52,81.54,81.54,81.56,81.56,81.58,81.58,81.58,81.60000000000001,81.60000000000001,81.58,81.58,81.60000000000001,81.60000000000001,81.62,81.62,81.62,81.64,81.64,81.66,81.66,81.64,81.64,81.66,81.66,81.66,81.68,81.68,81.7,81.7,81.72,81.72,81.7,81.7,81.7,81.72,81.72,81.74,81.76,81.76,81.78,81.78,81.8,81.76,81.76,81.78,81.78,81.8,81.8,81.82000000000001,81.82000000000001,81.84,81.84,81.84,81.82000000000001,81.82000000000001,81.84,81.84,81.86,81.86,81.88,81.88,81.88,81.9,81.9,81.88,81.88,81.9,81.9,81.92,81.92,81.92,81.94,81.94,81.96000000000001,81.96000000000001,81.94,81.94,81.96000000000001,81.96000000000001,81.96000000000001,81.98,82.0,82.0,82.02,82.02,82.04,82.0,82.02,82.02,82.02,82.04,82.04,82.06,82.06,82.08,82.08,82.10000000000001,82.06,82.06,82.08,82.08,82.10000000000001,82.10000000000001,82.12,82.12,82.14,82.14,82.16
2021-06-21 23:00:00,74.42,74.44,74.46000000000001,74.46000000000001,74.48,74.48,74.5,74.52,74.52,74.52,74.54,74.46000000000001,74.46000000000001,74.48,74.48,74.5,74.52,74.52,74.52,74.54,74.54,74.56,74.48,74.48,74.5,74.52,74.52,74.52,74.54,74.54,74.56,74.56,74.58,74.5,74.52,74.52,74.52,74.54,74.54,74.56,74.58,74.58,74.60000000000001,74.60000000000001,74.52,74.52,74.54,74.54,74.56,74.56,74.58,74.60000000000001,74.60000000000001,74.62,74.62,74.54,74.54,74.56,74.56,74.58,74.60000000000001,74.60000000000001,74.62,74.62,74.64,74.64,74.56,74.56,74.58,74.60000000000001,74.60000000000001,74.62,74.62,74.64,74.64,74.66,74.66,74.58,74.60000000000001,74.60000000000001,74.62,74.62,74.64,74.64,74.66,74.66,74.68,74.68,74.60000000000001,74.62,74.62,74.64,74.64,74.66,74.66,74.68,74.68,74.7,74.72,74.62,74.64,74.64,74.66,74.66,74.68,74.68,74.7,74.72,74.72,74.74,74.66,74.66,74.66,74.68,74.68,74.7,74.72,74.72,74.74,74.74,74.76
2021-02-09 05:00:00,208.4,208.46,208.52,208.58,208.64000000000001,208.70000000000002,208.70000000000002,208.76,208.8,208.86,208.92000000000002,208.4,208.46,208.52,208.56,208.62,208.62,208.68,208.74,208.8,208.86,208.92000000000002,208.38,208.44,208.5,208.5,208.56,208.62,208.68,208.72,208.78,208.84,208.9,208.38,208.38,208.44,208.48000000000002,208.54,208.6,208.66,208.72,208.78,208.82,208.88,208.3,208.36,208.42000000000002,208.46,208.52,208.58,208.64000000000001,208.70000000000002,208.76,208.76,208.8,208.28,208.34,208.4,208.46,208.52,208.58,208.62,208.62,208.68,208.74,208.8,208.28,208.34,208.38,208.44,208.5,208.56,208.56,208.62,208.68,208.72,208.78,208.26,208.32,208.38,208.44,208.44,208.48000000000002,208.54,208.6,208.66,208.72,208.78,208.24,208.3,208.3,208.36,208.42000000000002,208.48000000000002,208.54,208.58,208.64000000000001,208.70000000000002,208.76,208.18,208.24,208.3,208.34,208.4,208.46,208.52,208.58,208.64000000000001,208.70000000000002,208.70000000000002,208.16,208.22,208.28,208.34,208.4,208.46,208.5,208.56,208.56,208.62,208.68
2021-05-13 00:00:00,84.82000000000001,84.84,84.84,84.86,84.88,84.9,84.9,84.92,84.92,84.94,84.94,84.86,84.88,84.88,84.9,84.92,84.94,84.94,84.94,84.96000000000001,84.98,85.0,84.9,84.92,84.92,84.94,84.94,84.96000000000001,84.98,84.98,85.0,85.02,85.04,84.94,84.94,84.94,84.96000000000001,84.98,85.0,85.0,85.02,85.04,85.06,85.06,84.98,84.98,84.98,85.0,85.02,85.04,85.04,85.06,85.08,85.10000000000001,85.10000000000001,85.0,85.02,85.02,85.04,85.06,85.08,85.08,85.10000000000001,85.12,85.12,85.14,85.04,85.06,85.06,85.08,85.10000000000001,85.12,85.12,85.12,85.14,85.16,85.18,85.08,85.10000000000001,85.10000000000001,85.12,85.14,85.14,85.16,85.16,85.18,85.2,85.22,85.12,85.14,85.14,85.14,85.16,85.18,85.2,85.2,85.22,85.24,85.26,85.16,85.18,85.18,85.18,85.2,85.22,85.24,85.24,85.26,85.28,85.3,85.18,85.2,85.22,85.22,85.24,85.26,85.28,85.28,85.3,85.32000000000001,85.32000000000001
2021-08-18 05:00:00,249.26000000000002,249.3,249.3,249.44,249.48000000000002,249.54,249.58,249.62,249.68,249.72,249.78,249.12,249.18,249.3,249.36,249.4,249.44,249.5,249.54,249.6,249.64000000000001,249.64000000000001,249.04,249.18,249.22,249.26000000000002,249.32,249.36,249.42000000000002,249.46,249.46,249.52,249.56,249.04,249.08,249.14000000000001,249.18,249.22,249.28,249.28,249.32,249.38,249.42000000000002,249.48000000000002,248.94,249.0,249.04,249.1,249.14000000000001,249.14000000000001,249.20000000000002,249.24,249.3,249.34,249.4,248.86,248.92000000000002,248.96,248.96,249.02,249.06,249.12,249.16,249.22,249.26000000000002,249.3,248.78,248.78,248.84,248.88,248.94,248.98000000000002,249.04,249.08,249.12,249.18,249.22,248.64000000000001,248.70000000000002,248.74,248.8,248.84,248.9,248.94,248.98000000000002,249.04,249.04,249.08,248.56,248.6,248.66,248.70000000000002,248.76000000000002,248.8,248.86,248.86,248.9,248.96,249.0,248.48000000000002,248.52,248.58,248.62,248.68,248.72,248.72,248.78,248.82,248.88,248.92000000000002,248.4,248.44,248.5,248.54,248.54,248.6,248.64000000000001,248.70000000000002,248.74,248.8,248.84
2021-03-06 06:00:00,234.64000000000001,234.68,234.76,234.8,234.84,234.88,234.92000000000002,234.96,235.0,235.0,235.04,234.62,234.68,234.72,234.76,234.8,234.84,234.88,234.88,234.92000000000002,234.96,235.0,234.62,234.66,234.70000000000002,234.74,234.78,234.82,234.82,234.86,234.9,234.94,234.98000000000002,234.58,234.62,234.66,234.70000000000002,234.70000000000002,234.74,234.78,234.82,234.86,234.9,234.94,234.56,234.6,234.6,234.64000000000001,234.68,234.72,234.76,234.8,234.84,234.88,234.92000000000002,234.48000000000002,234.52,234.56,234.6,234.64000000000001,234.68,234.72,234.76,234.82,234.86,234.86,234.46,234.5,234.54,234.58,234.62,234.66,234.70000000000002,234.74,234.74,234.78,234.82,234.44,234.48000000000002,234.52,234.56,234.6,234.64000000000001,234.68,234.68,234.72,234.76,234.8,234.4,234.44,234.48000000000002,234.52,234.56,234.56,234.6,234.64000000000001,234.68,234.72,234.76,234.38,234.42000000000002,234.46,234.46,234.5,234.54,234.58,234.62,234.66,234.70000000000002,234.74,234.34,234.34,234.38,234.42000000000002,234.46,234.5,234.54,234.58,234.62,234.66,234.72
2021-05-22 01:00:00,86.24,86.26,86.26,86.28,86.3,86.32000000000001,86.32000000000001,86.34,86.36,86.36,86.38,86.3,86.32000000000001,86.34,86.34,86.36,86.38,86.4,86.4,86.4,86.42,86.44,86.36,86.38,86.4,86.4,86.42,86.42,86.44,86.46000000000001,86.48,86.48,86.5,86.42,86.44,86.46000000000001,86.46000000000001,86.48,86.48,86.5,86.52,86.54,86.54,86.56,86.5,86.5,86.5,86.52,86.54,86.56,86.56,86.58,86.60000000000001,86.62,86.62,86.54,86.56,86.58,86.58,86.60000000000001,86.62,86.64,86.64,86.66,86.68,86.68,86.60000000000001,86.62,86.64,86.66,86.66,86.68,86.7,86.72,86.72,86.72,86.74,86.66,86.68,86.7,86.72,86.72,86.74,86.74,86.76,86.78,86.8,86.8,86.74,86.74,86.76,86.78,86.78,86.8,86.8,86.82000000000001,86.84,86.86,86.88,86.8,86.82000000000001,86.82000000000001,86.82000000000001,86.84,86.86,86.88,86.9,86.9,86.92,86.94,86.86,86.86,86.88,86.9,86.9,86.92,86.94,86.96000000000001,86.98,86.98,87.0
2021-10-23 03:00:00,173.92000000000002,174.0,174.08,174.14000000000001,174.22,174.3,174.3,174.38,174.46,174.54,174.62,173.94,174.0,174.08,174.16,174.16,174.24,174.32,174.4,174.48,174.56,174.64000000000001,173.96,174.02,174.1,174.1,174.18,174.26,174.34,174.42000000000002,174.5,174.58,174.66,173.98,173.98,174.04,174.12,174.20000000000002,174.28,174.36,174.44,174.52,174.6,174.68,173.92000000000002,174.0,174.06,174.14000000000001,174.22,174.3,174.38,174.46,174.54,174.54,174.62,173.92000000000002,174.0,174.08,174.16,174.24,174.32,174.38,174.38,174.46,174.54,174.62,173.94,174.02,174.1,174.18,174.26,174.26,174.34,174.42000000000002,174.48,174.56,174.64000000000001,173.96,174.04,174.12,174.20000000000002,174.20000000000002,174.28,174.36,174.44,174.5,174.58,174.66,173.98,174.06,174.06,174.14000000000001,174.22,174.3,174.38,174.46,174.52,174.6,174.68,173.92000000000002,174.0,174.08,174.16,174.24,174.32,174.38,174.46,174.54,174.62,174.62,173.94,174.02,174.1,174.18,174.26,174.34,174.4,174.48,174.48,174.56,174.64000000000001
2021-05-17 01:00:00,88.10000000000001,88.12,88.14,88.16,88.18,88.2,88.22,88.22,88.24,88.24,88.26,88.18,88.2,88.2,88.22,88.24,88.26,88.28,88.28,88.3,88.3,88.32000000000001,88.24,88.26,88.28,88.28,88.3,88.3,88.32000000000001,88.34,88.36,88.38,88.4,88.3,88.32000000000001,88.34,88.34,88.36,88.36,88.38,88.4,88.42,88.44,88.46000000000001,88.36,88.38,88.38,88.4,88.42,88.44,88.44,88.46000000000001,88.48,88.5,88.52,88.42,88.42,88.44,88.46000000000001,88.48,88.5,88.52,88.54,88.54,88.56,88.56,88.48,88.5,88.5,88.52,88.54,88.56,88.58,88.60000000000001,88.60000000000001,88.62,88.64,88.54,88.56,88.58,88.60000000000001,88.60000000000001,88.62,88.62,88.64,88.66,88.68,88.7,88.60000000000001,88.62,88.64,88.66,88.66,88.68,88.7,88.7,88.72,88.74,88.76,88.66,88.68,88.7,88.7,88.72,88.74,88.76,88.78,88.8,88.8,88.82000000000001,88.74,88.74,88.74,88.76,88.78,88.8,88.82000000000001,88.84,88.86,88.88,88.9
2021-10-04 01:00:00,124.18,124.22,124.26,124.3,124.3,124.34,124.38000000000001,124.44,124.48,124.52,124.56,124.22,124.26,124.26,124.3,124.34,124.38000000000001,124.42,124.48,124.52,124.56,124.60000000000001,124.26,124.26,124.3,124.34,124.38000000000001,124.44,124.48,124.52,124.56,124.60000000000001,124.64,124.26,124.3,124.34,124.38000000000001,124.44,124.48,124.52,124.56,124.60000000000001,124.60000000000001,124.66,124.3,124.34,124.4,124.44,124.48,124.52,124.56,124.56,124.60000000000001,124.66,124.7,124.34,124.38000000000001,124.42,124.48,124.52,124.52,124.56,124.60000000000001,124.64,124.68,124.74000000000001,124.38000000000001,124.44,124.48,124.48,124.52,124.56,124.60000000000001,124.64,124.7,124.74000000000001,124.78,124.44,124.48,124.48,124.52,124.56,124.60000000000001,124.64,124.7,124.74000000000001,124.78,124.82000000000001,124.44,124.48,124.52,124.56,124.60000000000001,124.64,124.7,124.74000000000001,124.78,124.82000000000001,124.82000000000001,124.48,124.52,124.56,124.60000000000001,124.64,124.7,124.74000000000001,124.78,124.78,124.82000000000001,124.86,124.52,124.56,124.60000000000001,124.64,124.7,124.74000000000001,124.74000000000001,124.78,124.82000000000001,124.86,124.92
2021-12-25 05:00:00,206.9,206.94,207.0,207.04,207.08,207.14000000000001,207.18,207.18,207.22,207.28,207.32,206.9,206.94,206.98000000000002,207.04,207.08,207.08,207.12,207.18,207.22,207.26,207.32,206.88,206.94,206.98000000000002,206.98000000000002,207.02,207.08,207.12,207.16,207.22,207.26,207.3,206.88,206.88,206.92000000000002,206.96,207.02,207.06,207.1,207.16,207.20000000000002,207.24,207.3,206.82,206.86,206.92000000000002,206.96,207.0,207.06,207.1,207.14000000000001,207.20000000000002,207.20000000000002,207.24,206.82,206.86,206.9,206.96,207.0,207.04,207.1,207.14000000000001,207.14000000000001,207.18,207.24,206.8,206.86,206.9,206.94,207.0,207.04,207.04,207.08,207.14000000000001,207.18,207.22,206.8,206.84,206.88,206.94,206.94,206.98000000000002,207.02,207.08,207.12,207.16,207.22,206.8,206.84,206.84,206.88,206.92000000000002,206.98000000000002,207.02,207.06,207.12,207.16,207.20000000000002,206.74,206.78,206.82,206.88,206.92000000000002,206.96,207.02,207.06,207.1,207.16,207.16,206.74,206.78,206.82,206.86,206.92000000000002,206.96,207.0,207.06,207.1,207.1,207.14000000000001
2021-04-04 03:00:00,153.44,153.58,153.70000000000002,153.84,153.96,154.1,154.22,154.36,154.36,154.48,154.62,153.52,153.66,153.78,153.92000000000002,154.04,154.18,154.18,154.3,154.44,154.56,154.70000000000002,153.58,153.72,153.84,153.98,153.98,154.1,154.24,154.36,154.5,154.62,154.76,153.66,153.78,153.92000000000002,153.92000000000002,154.04,154.18,154.3,154.44,154.58,154.70000000000002,154.84,153.74,153.74,153.86,154.0,154.12,154.26,154.38,154.52,154.64000000000001,154.78,154.92000000000002,153.68,153.82,153.94,154.08,154.20000000000002,154.34,154.46,154.6,154.72,154.72,154.86,153.76,153.88,154.02,154.14000000000001,154.28,154.4,154.54,154.54,154.66,154.8,154.92000000000002,153.84,153.96,154.1,154.22,154.36,154.36,154.48,154.62,154.74,154.88,155.0,153.92000000000002,154.04,154.18,154.3,154.3,154.42000000000002,154.56,154.68,154.82,154.94,155.08,154.0,154.12,154.12,154.24,154.38,154.5,154.64000000000001,154.76,154.9,155.02,155.16,153.92000000000002,154.04,154.18,154.3,154.44,154.56,154.70000000000002,154.82,154.96,155.08,155.08
2021-07-04 03:00:00,84.56,84.26,84.24,84.24,84.24,84.24,84.24,84.22,84.22,84.22,84.22,84.56,84.56,84.54,84.54,84.54,84.54,84.54,84.54,84.54,84.54,84.54,84.86,84.86,84.86,84.84,84.84,84.84,84.84,84.84,84.84,84.84,84.84,85.16,85.16,85.16,85.16,85.16,85.16,85.16,85.16,85.16,85.16,85.16,85.46000000000001,85.46000000000001,85.46000000000001,85.46000000000001,85.46000000000001,85.46000000000001,85.46000000000001,85.46000000000001,85.48,85.48,85.48,85.76,85.76,85.76,85.76,85.76,85.78,85.78,85.78,85.78,85.78,85.8,86.04,86.06,86.06,86.06,86.08,86.08,86.08,86.10000000000001,86.10000000000001,86.10000000000001,86.10000000000001,86.36,86.36,86.36,86.38,86.38,86.38,86.4,86.4,86.4,86.42,86.42,86.66,86.66,86.68,86.68,86.7,86.7,86.7,86.7,86.72,86.72,86.74,86.96000000000001,86.96000000000001,86.98,86.98,86.98,87.0,87.02,87.02,87.04,87.04,87.06,87.26,87.28,87.28,87.28,87.3,87.32000000000001,87.32000000000001,87.34,87.36,87.36,87.38
2021-05-18 03:00:00,113.28,113.08,113.26,113.42,113.60000000000001,113.76,113.94,114.12,114.3,114.48,114.48,113.28,113.44,113.62,113.78,113.96000000000001,114.14,114.3,114.48,114.48,114.66,114.86,113.62,113.8,113.96000000000001,114.14,114.32000000000001,114.5,114.5,114.68,114.86,115.04,115.22,113.96000000000001,114.14,114.3,114.48,114.48,114.66,114.84,115.02,115.2,115.38,115.56,114.32000000000001,114.48,114.66,114.66,114.84,115.02,115.2,115.38,115.56,115.74000000000001,115.94,114.66,114.66,114.84,115.02,115.2,115.38,115.56,115.74000000000001,115.92,116.12,116.3,114.84,115.02,115.2,115.38,115.56,115.74000000000001,115.92,116.10000000000001,116.3,116.3,116.48,115.18,115.36,115.54,115.72,115.9,116.08,116.26,116.26,116.46000000000001,116.64,116.84,115.52,115.7,115.88,116.06,116.24000000000001,116.24000000000001,116.44,116.62,116.82000000000001,117.0,117.2,115.88,116.06,116.24000000000001,116.42,116.42,116.60000000000001,116.78,116.98,117.16,117.36,117.56,116.22,116.4,116.4,116.58,116.76,116.96000000000001,117.14,117.34,117.52,117.72,117.92
2021-04-15 03:00:00,149.3,149.44,149.6,149.76,149.92000000000002,150.08,150.24,150.4,150.4,150.56,150.72,149.4,149.56,149.72,149.88,150.04,150.20000000000002,150.20000000000002,150.36,150.52,150.68,150.84,149.48,149.64000000000001,149.8,149.96,149.96,150.12,150.28,150.44,150.6,150.76,150.92000000000002,149.6,149.76,149.92000000000002,149.92000000000002,150.08,150.24,150.38,150.54,150.70000000000002,150.86,151.04,149.70000000000002,149.70000000000002,149.86,150.02,150.18,150.34,150.5,150.66,150.82,150.98,151.14000000000001,149.66,149.82,149.98,150.14000000000001,150.28,150.44,150.6,150.76,150.92000000000002,150.92000000000002,151.08,149.76,149.92000000000002,150.08,150.22,150.38,150.54,150.70000000000002,150.70000000000002,150.86,151.02,151.18,149.86,150.02,150.18,150.34,150.5,150.5,150.66,150.82,150.98,151.12,151.28,149.98,150.14000000000001,150.28,150.44,150.44,150.6,150.76,150.92000000000002,151.08,151.24,151.4,150.08,150.24,150.24,150.4,150.56,150.70000000000002,150.86,151.02,151.18,151.34,151.5,150.02,150.16,150.32,150.48,150.64000000000001,150.8,150.96,151.1,151.26,151.42000000000002,151.42000000000002
2021-06-13 02:00:00,83.22,83.10000000000001,83.12,83.12,83.14,83.14,83.14,83.16,83.16,83.16,83.16,83.22,83.22,83.22,83.24,83.24,83.24,83.26,83.26,83.26,83.28,83.28,83.32000000000001,83.34,83.34,83.34,83.36,83.36,83.36,83.36,83.38,83.38,83.4,83.44,83.44,83.44,83.46000000000001,83.46000000000001,83.46000000000001,83.48,83.48,83.48,83.5,83.5,83.54,83.56,83.56,83.56,83.56,83.58,83.58,83.60000000000001,83.60000000000001,83.60000000000001,83.62,83.66,83.66,83.66,83.68,83.68,83.68,83.7,83.7,83.72,83.72,83.74,83.76,83.76,83.78,83.78,83.8,83.8,83.8,83.82000000000001,83.82000000000001,83.82000000000001,83.84,83.86,83.88,83.88,83.9,83.9,83.92,83.92,83.92,83.92,83.94,83.94,83.98,83.98,84.0,84.0,84.02,84.02,84.02,84.04,84.04,84.06,84.06,84.08,84.10000000000001,84.10000000000001,84.12,84.12,84.12,84.14,84.14,84.16,84.16,84.18,84.2,84.22,84.22,84.22,84.24,84.24,84.24,84.26,84.26,84.28,84.28
2021-01-23 05:00:00,206.02,206.08,206.12,206.18,206.22,206.28,206.34,206.34,206.38,206.44,206.48000000000002,206.02,206.06,206.12,206.16,206.22,206.28,206.28,206.32,206.38,206.42000000000002,206.48000000000002,206.0,206.06,206.1,206.16,206.16,206.22,206.26,206.32,206.36,206.42000000000002,206.48000000000002,206.0,206.04,206.04,206.1,206.16,206.20000000000002,206.26,206.3,206.36,206.42000000000002,206.46,205.92000000000002,205.98000000000002,206.04,206.08,206.14000000000001,206.18,206.24,206.3,206.34,206.4,206.4,205.92000000000002,205.98000000000002,206.02,206.08,206.12,206.18,206.24,206.28,206.28,206.34,206.38,205.92000000000002,205.96,206.02,206.06,206.12,206.18,206.22,206.22,206.28,206.32,206.38,205.9,205.96,206.0,206.06,206.12,206.12,206.16,206.22,206.26,206.32,206.38,205.9,205.94,206.0,206.0,206.04,206.1,206.16,206.20000000000002,206.26,206.3,206.36,205.88,205.88,205.94,205.98000000000002,206.04,206.1,206.14000000000001,206.20000000000002,206.24,206.3,206.36,205.82,205.88,205.92000000000002,205.98000000000002,206.04,206.08,206.14000000000001,206.18,206.24,206.24,206.3
2021-03-11 03:00:00,158.36,158.46,158.56,158.64000000000001,158.74,158.82,158.92000000000002,159.0,159.0,159.1,159.18,158.42000000000002,158.5,158.6,158.68,158.78,158.86,158.86,158.96,159.06,159.14000000000001,159.24,158.46,158.54,158.64000000000001,158.72,158.72,158.82,158.9,159.0,159.08,159.18,159.28,158.5,158.58,158.68,158.68,158.78,158.86,158.96,159.04,159.14000000000001,159.22,159.32,158.54,158.54,158.64000000000001,158.72,158.82,158.9,159.0,159.08,159.18,159.28,159.36,158.5,158.58,158.68,158.76,158.86,158.96,159.04,159.14000000000001,159.22,159.22,159.32,158.54,158.62,158.72,158.8,158.9,158.98,159.08,159.08,159.16,159.26,159.34,158.58,158.66,158.76,158.84,158.94,158.94,159.02,159.12,159.20000000000002,159.3,159.4,158.62,158.72,158.8,158.9,158.9,158.98,159.08,159.16,159.26,159.34,159.44,158.66,158.76,158.76,158.84,158.94,159.02,159.12,159.20000000000002,159.3,159.4,159.48,158.62,158.70000000000002,158.8,158.88,158.98,159.06,159.16,159.24,159.34,159.42000000000002,159.42000000000002
2021-10-24 05:00:00,219.76,219.82,219.9,219.94,220.0,220.04,220.1,220.14000000000001,220.20000000000002,220.20000000000002,220.24,219.74,219.82,219.86,219.92000000000002,219.96,220.02,220.06,220.06,220.12,220.16,220.22,219.74,219.8,219.84,219.9,219.94,220.0,220.0,220.04,220.1,220.14000000000001,220.20000000000002,219.74,219.78,219.84,219.88,219.88,219.94,219.98000000000002,220.02,220.08,220.12,220.18,219.72,219.76,219.76,219.82,219.86,219.92000000000002,219.96,220.02,220.06,220.12,220.16,219.64000000000001,219.68,219.74,219.78,219.84,219.88,219.94,219.98000000000002,220.04,220.08,220.08,219.62,219.66,219.72,219.76,219.82,219.86,219.92000000000002,219.96,219.96,220.02,220.06,219.6,219.66,219.70000000000002,219.76,219.8,219.84,219.9,219.9,219.94,220.0,220.04,219.58,219.64000000000001,219.68,219.74,219.78,219.78,219.84,219.88,219.94,219.98000000000002,220.04,219.56,219.6,219.66,219.66,219.70000000000002,219.76,219.8,219.86,219.9,219.96,220.0,219.54,219.54,219.58,219.64000000000001,219.68,219.74,219.78,219.84,219.88,219.94,219.98000000000002
2021-08-07 02:00:00,100.60000000000001,100.52,100.56,100.60000000000001,100.64,100.68,100.72,100.76,100.8,100.84,100.84,100.60000000000001,100.64,100.66,100.7,100.74000000000001,100.78,100.82000000000001,100.86,100.86,100.9,100.94,100.7,100.74000000000001,100.78,100.8,100.84,100.88,100.88,100.92,100.96000000000001,101.0,101.04,100.8,100.82000000000001,100.86,100.9,100.9,100.94,100.98,101.02,101.06,101.10000000000001,101.14,100.9,100.94,100.96000000000001,100.96000000000001,101.0,101.04,101.08,101.12,101.16,101.2,101.24000000000001,101.0,101.0,101.04,101.08,101.10000000000001,101.14,101.18,101.22,101.26,101.3,101.34,101.06,101.10000000000001,101.14,101.18,101.22,101.26,101.3,101.32000000000001,101.36,101.36,101.4,101.16,101.2,101.24000000000001,101.28,101.32000000000001,101.36,101.4,101.4,101.42,101.46000000000001,101.5,101.26,101.3,101.34,101.38,101.42,101.42,101.46000000000001,101.5,101.54,101.58,101.62,101.36,101.4,101.44,101.48,101.48,101.52,101.56,101.60000000000001,101.64,101.68,101.72,101.46000000000001,101.5,101.5,101.54,101.58,101.62,101.66,101.7,101.74000000000001,101.78,101.82000000000001
2021-04-08 01:00:00,106.64,106.68,106.72,106.74000000000001,106.78,106.82000000000001,106.82000000000001,106.84,106.88,106.92,106.94,106.7,106.74000000000001,106.76,106.8,106.8,106.84,106.86,106.9,106.94,106.96000000000001,107.0,106.76,106.78,106.78,106.82000000000001,106.86,106.88,106.92,106.96000000000001,106.98,107.02,107.06,106.8,106.8,106.84,106.88,106.9,106.94,106.98,107.0,107.04,107.08,107.10000000000001,106.82000000000001,106.86,106.9,106.92,106.96000000000001,107.0,107.02,107.06,107.10000000000001,107.10000000000001,107.12,106.88,106.92,106.94,106.98,107.02,107.04,107.08,107.08,107.12,107.14,107.18,106.94,106.96000000000001,107.0,107.04,107.06,107.06,107.10000000000001,107.14,107.16,107.2,107.24000000000001,106.98,107.02,107.06,107.06,107.08,107.12,107.16,107.18,107.22,107.26,107.3,107.04,107.08,107.08,107.10000000000001,107.14,107.18,107.22,107.24000000000001,107.28,107.32000000000001,107.34,107.06,107.10000000000001,107.14,107.16,107.2,107.24000000000001,107.26,107.3,107.34,107.36,107.36,107.12,107.14,107.18,107.22,107.24000000000001,107.28,107.32000000000001,107.34,107.34,107.38,107.42
2021-10-31 05:00:00,217.9,217.96,218.02,218.06,218.12,218.16,218.22,218.22,218.26,218.3,218.36,217.9,217.96,218.0,218.04,218.1,218.14000000000001,218.14000000000001,218.20000000000002,218.24,218.3,218.34,217.88,217.94,217.98000000000002,218.04,218.04,218.08,218.14000000000001,218.18,218.22,218.28,218.32,217.88,217.92000000000002,217.92000000000002,217.96,218.02,218.06,218.12,218.16,218.22,218.26,218.3,217.8,217.86,217.9,217.94,218.0,218.04,218.1,218.14000000000001,218.20000000000002,218.24,218.24,217.78,217.84,217.88,217.94,217.98000000000002,218.02,218.08,218.12,218.12,218.18,218.22,217.76,217.82,217.86,217.92000000000002,217.96,218.02,218.06,218.06,218.1,218.16,218.20000000000002,217.76,217.8,217.84,217.9,217.94,217.94,218.0,218.04,218.1,218.14000000000001,218.18,217.72,217.78,217.82,217.82,217.88,217.92000000000002,217.98000000000002,218.02,218.06,218.12,218.16,217.72,217.72,217.76,217.82,217.86,217.9,217.96,218.0,218.06,218.1,218.16,217.64000000000001,217.70000000000002,217.74,217.8,217.84,217.9,217.94,217.98000000000002,218.04,218.04,218.08
2021-04-25 00:00:00,91.28,91.3,91.32000000000001,91.34,91.36,91.38,91.4,91.42,91.42,91.44,91.46000000000001,91.32000000000001,91.34,91.36,91.38,91.4,91.42,91.42,91.44,91.46000000000001,91.48,91.5,91.36,91.38,91.4,91.42,91.42,91.44,91.46000000000001,91.48,91.5,91.5,91.52,91.4,91.42,91.42,91.44,91.46000000000001,91.46000000000001,91.48,91.5,91.52,91.54,91.56,91.44,91.44,91.46000000000001,91.46000000000001,91.48,91.5,91.52,91.54,91.56,91.58,91.60000000000001,91.46000000000001,91.48,91.48,91.5,91.52,91.54,91.56,91.58,91.60000000000001,91.60000000000001,91.62,91.48,91.5,91.52,91.54,91.56,91.58,91.60000000000001,91.60000000000001,91.62,91.64,91.66,91.52,91.54,91.56,91.58,91.60000000000001,91.60000000000001,91.62,91.64,91.66,91.68,91.7,91.56,91.58,91.60000000000001,91.60000000000001,91.62,91.64,91.66,91.68,91.7,91.72,91.74,91.60000000000001,91.62,91.62,91.64,91.66,91.68,91.7,91.72,91.74,91.76,91.78,91.62,91.64,91.66,91.68,91.7,91.72,91.74,91.76,91.78,91.8,91.8
2021-06-22 05:00:00,277.38,277.38,277.38,277.48,277.48,277.48,277.48,277.48,277.48,277.48,277.48,277.26,277.26,277.38,277.38,277.38,277.38,277.38,277.36,277.36,277.36,277.36,277.16,277.26,277.26,277.26,277.26,277.26,277.26,277.26,277.26,277.26,277.26,277.16,277.16,277.16,277.16,277.16,277.16,277.16,277.16,277.16,277.16,277.16,277.04,277.04,277.04,277.04,277.04,277.04,277.04,277.04,277.04,277.04,277.04,276.94,276.94,276.94,276.94,276.94,276.94,276.94,276.94,276.94,276.94,276.94,276.82,276.82,276.82,276.82,276.82,276.82,276.82,276.82,276.82,276.82,276.82,276.7,276.7,276.7,276.7,276.72,276.72,276.72,276.72,276.72,276.72,276.72,276.6,276.6,276.6,276.6,276.6,276.6,276.6,276.6,276.6,276.6,276.6,276.48,276.48,276.48,276.48,276.48,276.5,276.5,276.5,276.5,276.5,276.5,276.38,276.38,276.38,276.38,276.38,276.38,276.38,276.38,276.38,276.38,276.38
2021-10-11 02:00:00,145.5,145.56,145.62,145.70000000000002,145.76,145.76,145.82,145.9,145.96,146.02,146.1,145.54,145.6,145.66,145.66,145.74,145.8,145.86,145.94,146.0,146.08,146.14000000000001,145.58,145.64000000000001,145.64000000000001,145.72,145.78,145.84,145.92000000000002,145.98,146.04,146.12,146.18,145.56,145.62,145.70000000000002,145.76,145.82,145.9,145.96,146.02,146.1,146.16,146.16,145.6,145.66,145.74,145.8,145.88,145.94,146.0,146.08,146.08,146.14000000000001,146.20000000000002,145.64000000000001,145.70000000000002,145.78,145.84,145.9,145.98,145.98,146.04,146.1,146.18,146.24,145.68,145.76,145.82,145.88,145.88,145.96,146.02,146.08,146.16,146.22,146.28,145.74,145.8,145.86,145.86,145.94,146.0,146.06,146.14000000000001,146.20000000000002,146.26,146.34,145.78,145.78,145.84,145.9,145.98,146.04,146.12,146.18,146.24,146.32,146.38,145.76,145.82,145.88,145.96,146.02,146.08,146.16,146.22,146.28,146.28,146.36,145.8,145.86,145.92000000000002,146.0,146.06,146.14000000000001,146.20000000000002,146.20000000000002,146.26,146.34,146.4
2021-02-12 04:00:00,186.62,186.70000000000002,186.76,186.84,186.92000000000002,186.98,187.06,187.06,187.12,187.20000000000002,187.28,186.62,186.70000000000002,186.76,186.84,186.92000000000002,186.92000000000002,186.98,187.06,187.12,187.20000000000002,187.28,186.62,186.70000000000002,186.78,186.84,186.84,186.92000000000002,187.0,187.06,187.14000000000001,187.20000000000002,187.28,186.64000000000001,186.70000000000002,186.70000000000002,186.78,186.86,186.92000000000002,187.0,187.08,187.14000000000001,187.22,187.28,186.58,186.64000000000001,186.72,186.78,186.86,186.94,187.0,187.08,187.14000000000001,187.22,187.22,186.56,186.64000000000001,186.72,186.78,186.86,186.92000000000002,187.0,187.08,187.08,187.14000000000001,187.22,186.58,186.64000000000001,186.72,186.8,186.86,186.94,186.94,187.0,187.08,187.16,187.22,186.58,186.66,186.72,186.8,186.86,186.86,186.94,187.02,187.08,187.16,187.24,186.58,186.66,186.74,186.74,186.8,186.88,186.94,187.02,187.1,187.16,187.24,186.58,186.58,186.66,186.74,186.8,186.88,186.94,187.02,187.1,187.16,187.24,186.52,186.6,186.66,186.74,186.82,186.88,186.96,187.02,187.1,187.1,187.18
2021-10-24 04:00:00,199.34,199.42000000000002,199.5,199.56,199.64000000000001,199.70000000000002,199.78,199.84,199.84,199.92000000000002,199.98000000000002,199.34,199.42000000000002,199.48000000000002,199.56,199.62,199.70000000000002,199.70000000000002,199.76,199.84,199.9,199.98000000000002,199.34,199.4,199.48000000000002,199.54,199.62,199.62,199.68,199.76,199.82,199.9,199.96,199.34,199.4,199.48000000000002,199.48000000000002,199.54,199.62,199.68,199.76,199.82,199.88,199.96,199.32,199.32,199.4,199.46,199.54,199.6,199.68,199.74,199.82,199.88,199.96,199.24,199.32,199.38,199.46,199.52,199.58,199.66,199.72,199.8,199.8,199.86,199.24,199.3,199.38,199.44,199.52,199.58,199.66,199.66,199.72,199.8,199.86,199.24,199.3,199.36,199.44,199.5,199.58,199.58,199.64000000000001,199.72,199.78,199.86,199.22,199.3,199.36,199.44,199.44,199.5,199.58,199.64000000000001,199.70000000000002,199.78,199.84,199.22,199.28,199.28,199.36,199.42000000000002,199.5,199.56,199.62,199.70000000000002,199.76,199.84,199.14000000000001,199.20000000000002,199.28,199.34,199.42000000000002,199.48000000000002,199.56,199.62,199.70000000000002,199.76,199.76
2021-05-21 04:00:00,256.54,256.54,256.88,256.96,257.02,257.1,257.16,257.24,257.3,257.38,257.44,256.2,256.54,256.62,256.68,256.76,256.84000000000003,256.9,256.98,257.04,257.04,257.12,256.2,256.28000000000003,256.34000000000003,256.42,256.5,256.58,256.64,256.64,256.72,256.78000000000003,256.86,255.92000000000002,256.0,256.08,256.14,256.22,256.22,256.3,256.38,256.44,256.52,256.6,255.66,255.74,255.82,255.88,255.88,255.96,256.04,256.12,256.2,256.26,256.34000000000003,255.38,255.46,255.46,255.54,255.62,255.70000000000002,255.78,255.86,255.94,256.02,256.08,255.04,255.12,255.20000000000002,255.28,255.36,255.44,255.52,255.6,255.68,255.76000000000002,255.76000000000002,254.78,254.86,254.94,255.02,255.1,255.18,255.26000000000002,255.34,255.34,255.42000000000002,255.5,254.52,254.6,254.68,254.76000000000002,254.84,254.92000000000002,254.92000000000002,255.0,255.08,255.16,255.24,254.26000000000002,254.34,254.42000000000002,254.5,254.58,254.58,254.68,254.76000000000002,254.84,254.92000000000002,255.0,254.0,254.08,254.16,254.16,254.26000000000002,254.34,254.42000000000002,254.5,254.58,254.66,254.74
2021-05-05 01:00:00,93.34,93.38,93.4,93.42,93.44,93.46000000000001,93.48,93.5,93.52,93.52,93.56,93.42,93.44,93.46000000000001,93.48,93.5,93.52,93.54,93.54,93.56,93.60000000000001,93.62,93.48,93.5,93.52,93.54,93.56,93.56,93.58,93.62,93.64,93.66,93.68,93.54,93.56,93.58,93.58,93.60000000000001,93.62,93.64,93.68,93.7,93.72,93.74,93.60000000000001,93.62,93.62,93.64,93.66,93.68,93.72,93.74,93.76,93.78,93.8,93.64,93.66,93.68,93.7,93.74,93.76,93.78,93.8,93.82000000000001,93.84,93.84,93.7,93.72,93.74,93.78,93.8,93.82000000000001,93.84,93.86,93.86,93.88,93.9,93.76,93.78,93.82000000000001,93.84,93.86,93.88,93.88,93.9,93.92,93.94,93.98,93.82000000000001,93.86,93.88,93.9,93.9,93.92,93.94,93.96000000000001,94.0,94.02,94.04,93.9,93.92,93.94,93.94,93.96000000000001,93.98,94.0,94.04,94.06,94.08,94.10000000000001,93.96000000000001,93.96000000000001,93.98,94.0,94.02,94.04,94.08,94.10000000000001,94.12,94.14,94.16
2021-03-13 06:00:00,238.22,238.22,238.26,238.32,238.36,238.4,238.44,238.48000000000002,238.52,238.56,238.6,238.14000000000001,238.18,238.26,238.3,238.34,238.38,238.4,238.44,238.48000000000002,238.48000000000002,238.52,238.1,238.18,238.22,238.26,238.3,238.34,238.38,238.38,238.42000000000002,238.46,238.5,238.1,238.14000000000001,238.18,238.22,238.26,238.3,238.3,238.34,238.38,238.42000000000002,238.46,238.08,238.12,238.16,238.20000000000002,238.20000000000002,238.24,238.28,238.32,238.36,238.38,238.42000000000002,238.04,238.08,238.08,238.12,238.16,238.20000000000002,238.24,238.28,238.32,238.36,238.4,237.98000000000002,238.02,238.06,238.08,238.12,238.16,238.20000000000002,238.24,238.28,238.32,238.32,237.94,237.98000000000002,238.02,238.06,238.1,238.14000000000001,238.18,238.22,238.22,238.26,238.3,237.9,237.94,237.98000000000002,238.02,238.06,238.1,238.14000000000001,238.14000000000001,238.18,238.22,238.26,237.88,237.92000000000002,237.96,238.0,238.04,238.04,238.08,238.12,238.16,238.20000000000002,238.24,237.84,237.88,237.92000000000002,237.92000000000002,237.96,238.0,238.04,238.08,238.12,238.16,238.20000000000002
2021-04-07 00:00:00,98.48,98.52,98.54,98.56,98.58,98.58,98.60000000000001,98.62,98.64,98.68,98.7,98.52,98.54,98.56,98.56,98.60000000000001,98.62,98.64,98.66,98.68,98.7,98.72,98.56,98.56,98.58,98.60000000000001,98.62,98.64,98.66,98.7,98.72,98.74000000000001,98.76,98.56,98.60000000000001,98.62,98.64,98.66,98.68,98.7,98.72,98.76,98.78,98.78,98.60000000000001,98.62,98.64,98.68,98.7,98.72,98.74000000000001,98.76,98.76,98.78,98.8,98.64,98.66,98.68,98.7,98.72,98.76,98.76,98.78,98.8,98.82000000000001,98.84,98.68,98.7,98.72,98.74000000000001,98.74000000000001,98.76,98.78,98.8,98.84,98.86,98.88,98.7,98.72,98.72,98.76,98.78,98.8,98.82000000000001,98.84,98.86,98.9,98.92,98.74000000000001,98.74000000000001,98.76,98.78,98.82000000000001,98.84,98.86,98.88,98.9,98.92,98.94,98.76,98.78,98.8,98.82000000000001,98.84,98.86,98.9,98.92,98.94,98.94,98.96000000000001,98.78,98.8,98.84,98.86,98.88,98.9,98.92,98.92,98.94,98.98,99.0
2021-05-26 03:00:00,99.68,99.38,99.46000000000001,99.56,99.64,99.74000000000001,99.84,99.94,100.04,100.14,100.14,99.68,99.76,99.86,99.96000000000001,100.04,100.14,100.24000000000001,100.34,100.34,100.44,100.54,100.06,100.16,100.24000000000001,100.34,100.44,100.54,100.54,100.64,100.74000000000001,100.84,100.96000000000001,100.44,100.52,100.62,100.72,100.72,100.82000000000001,100.92,101.04,101.14,101.24000000000001,101.36,100.82000000000001,100.92,101.02,101.02,101.12,101.22,101.32000000000001,101.44,101.54,101.66,101.76,101.2,101.2,101.3,101.42,101.52,101.62,101.72,101.84,101.94,102.06,102.18,101.5,101.60000000000001,101.7,101.8,101.92,102.02,102.12,102.24000000000001,102.36,102.36,102.46000000000001,101.86,101.98,102.08,102.18,102.3,102.4,102.52,102.52,102.64,102.76,102.86,102.26,102.36,102.48,102.58,102.7,102.7,102.8,102.92,103.04,103.16,103.28,102.64,102.74000000000001,102.86,102.98,102.98,103.08,103.2,103.32000000000001,103.44,103.56,103.68,103.02,103.14,103.14,103.24000000000001,103.36,103.48,103.60000000000001,103.72,103.84,103.96000000000001,104.10000000000001
